customer_id,first_name,last_name,country,customer_segment,total_bookings,total_failed_payments,total_retries,total_anomalies,problematic_journeys,severity_score,frequency_score,persistence_score,customer_risk_score,customer_risk_level,behavior_profile,risk_segment,segment_reason
C000002,Angel,Hart,Other,Standard,3,1,1,0,0,30.0,5.42,0.0,13.63,LOW,LOYAL_LOW_FRICTION_CUSTOMER,LOYAL_STABLE_CUSTOMER,Multiple bookings | Low journey friction | Minimal problematic journeys
C000003,Joshua,Stone,United Kingdom,Premium,2,0,0,0,0,0.0,0.0,0.0,0.0,LOW,NORMAL_CUSTOMER,STABLE_CUSTOMER,Low overall risk | Low severity | Low frequency
C000004,Jeffrey,Welch,Pakistan,Standard,1,0,0,0,0,0.0,0.0,0.0,0.0,LOW,NORMAL_CUSTOMER,STABLE_CUSTOMER,Low overall risk | Low severity | Low frequency
C000005,Jill,Vasquez,Saudi Arabia,Standard,2,0,0,0,0,0.0,0.0,0.0,0.0,LOW,NORMAL_CUSTOMER,STABLE_CUSTOMER,Low overall risk | Low severity | Low frequency
C000006,Erica,White,Saudi Arabia,Standard,1,0,0,0,0,0.0,0.0,0.0,0.0,LOW,NORMAL_CUSTOMER,STABLE_CUSTOMER,Low overall risk | Low severity | Low frequency
C000007,Patricia,Lynch,Saudi Arabia,Standard,1,1,1,0,0,30.0,16.25,0.0,16.88,LOW,NORMAL_CUSTOMER,FREQUENT_FRICTION,Frequency score 16.25 | Repeated problematic activity
C000008,Christopher,Erickson,Other,Standard,2,0,0,0,0,0.0,0.0,0.0,0.0,LOW,NORMAL_CUSTOMER,STABLE_CUSTOMER,Low overall risk | Low severity | Low frequency
C000010,Anthony,Smith,United Kingdom,Standard,3,0,0,0,0,0.0,0.0,0.0,0.0,LOW,LOYAL_LOW_FRICTION_CUSTOMER,LOYAL_STABLE_CUSTOMER,Multiple bookings | Low journey friction | Minimal problematic journeys
C000011,Jeffery,Johnson,Saudi Arabia,Standard,1,0,0,0,0,0.0,0.0,0.0,0.0,LOW,NORMAL_CUSTOMER,STABLE_CUSTOMER,Low overall risk | Low severity | Low frequency
C000012,William,Garrett,Other,Standard,2,2,2,3,1,100.0,20.0,30.0,55.0,HIGH,FRICTION_PRONE_CUSTOMER,RECENT_HIGH_SEVERITY,High severity score 100.00 | Limited evidence of repeated behavior
C000013,Anthony,Wilson,United States,Premium,1,2,2,3,1,100.0,40.0,30.0,61.0,HIGH,FRICTION_PRONE_CUSTOMER,RECENT_HIGH_SEVERITY,High severity score 100.00 | Limited evidence of repeated behavior
C000014,James,Charles,Saudi Arabia,Premium,1,1,1,0,0,30.0,16.25,0.0,16.88,LOW,NORMAL_CUSTOMER,FREQUENT_FRICTION,Frequency score 16.25 | Repeated problematic activity
C000016,Amy,Duarte,Saudi Arabia,Premium,1,0,0,0,0,0.0,0.0,0.0,0.0,LOW,NORMAL_CUSTOMER,STABLE_CUSTOMER,Low overall risk | Low severity | Low frequency
C000017,Jeffrey,Gutierrez,United Arab Emirates,Standard,3,0,0,0,0,0.0,0.0,0.0,0.0,LOW,LOYAL_LOW_FRICTION_CUSTOMER,LOYAL_STABLE_CUSTOMER,Multiple bookings | Low journey friction | Minimal problematic journeys
C000019,Lisa,Castro,United Arab Emirates,Premium,7,4,4,6,4,65.0,11.43,82.86,54.29,HIGH,FRICTION_PRONE_CUSTOMER,PERSISTENT_RISK,Repeated problematic journeys | Persistence score 82.86
C000021,Linda,Smith,Pakistan,VIP,2,0,0,1,1,40.0,1.25,30.0,25.38,MEDIUM,NORMAL_CUSTOMER,DEVELOPING_FRICTION,Emerging risk indicators | Early persistence signal
C000022,Helen,Harris,Saudi Arabia,Standard,3,0,0,0,0,0.0,0.0,0.0,0.0,LOW,LOYAL_LOW_FRICTION_CUSTOMER,LOYAL_STABLE_CUSTOMER,Multiple bookings | Low journey friction | Minimal problematic journeys
C000023,Matthew,Campbell,Saudi Arabia,Standard,1,0,0,1,1,40.0,2.5,30.0,25.75,MEDIUM,NORMAL_CUSTOMER,DEVELOPING_FRICTION,Emerging risk indicators | Early persistence signal
C000025,Susan,Parker,United Arab Emirates,Premium,2,0,0,0,0,0.0,0.0,0.0,0.0,LOW,NORMAL_CUSTOMER,STABLE_CUSTOMER,Low overall risk | Low severity | Low frequency
C000026,Matthew,Hunter,United States,Standard,1,0,0,0,0,0.0,0.0,0.0,0.0,LOW,NORMAL_CUSTOMER,STABLE_CUSTOMER,Low overall risk | Low severity | Low frequency
C000027,Christopher,Nguyen,Saudi Arabia,Standard,1,0,0,0,0,0.0,0.0,0.0,0.0,LOW,NORMAL_CUSTOMER,STABLE_CUSTOMER,Low overall risk | Low severity | Low frequency
C000028,Colin,Smith,Pakistan,Premium,2,2,2,0,0,30.0,16.25,0.0,16.88,LOW,NORMAL_CUSTOMER,FREQUENT_FRICTION,Frequency score 16.25 | Repeated problematic activity
C000029,Melanie,Jennings,Pakistan,Standard,3,0,0,2,2,40.0,1.67,65.67,36.2,MEDIUM,NORMAL_CUSTOMER,PERSISTENT_RISK,Repeated problematic journeys | Persistence score 65.67
C000031,Lindsay,Ramsey,Pakistan,Premium,1,1,1,0,0,30.0,16.25,0.0,16.88,LOW,NORMAL_CUSTOMER,FREQUENT_FRICTION,Frequency score 16.25 | Repeated problematic activity
C000033,Amanda,Johnson,Saudi Arabia,Standard,1,0,0,0,0,0.0,0.0,0.0,0.0,LOW,NORMAL_CUSTOMER,STABLE_CUSTOMER,Low overall risk | Low severity | Low frequency
C000035,Nicholas,Rivera,Other,Standard,2,2,2,3,2,65.0,20.0,79.0,55.7,HIGH,FRICTION_PRONE_CUSTOMER,PERSISTENT_RISK,Repeated problematic journeys | Persistence score 79.00
C000036,Andrea,Morgan,United States,Premium,1,0,0,0,0,0.0,0.0,0.0,0.0,LOW,NORMAL_CUSTOMER,STABLE_CUSTOMER,Low overall risk | Low severity | Low frequency
C000037,Maria,Chambers,United Arab Emirates,VIP,1,0,0,0,0,0.0,0.0,0.0,0.0,LOW,NORMAL_CUSTOMER,STABLE_CUSTOMER,Low overall risk | Low severity | Low frequency
C000039,Michelle,Robles,United Kingdom,Standard,3,0,0,1,1,45.0,0.83,30.0,27.25,MEDIUM,LOYAL_LOW_FRICTION_CUSTOMER,DEVELOPING_FRICTION,Emerging risk indicators | Early persistence signal
C000041,Janet,Olson,Saudi Arabia,Standard,2,0,0,1,1,40.0,1.25,30.0,25.38,MEDIUM,NORMAL_CUSTOMER,DEVELOPING_FRICTION,Emerging risk indicators | Early persistence signal
C000043,Jeremy,Mcclain,Saudi Arabia,Standard,2,0,0,1,1,40.0,1.25,30.0,25.38,MEDIUM,NORMAL_CUSTOMER,DEVELOPING_FRICTION,Emerging risk indicators | Early persistence signal
C000044,Keith,Herrera,Other,Standard,1,0,0,1,1,45.0,2.5,30.0,27.75,MEDIUM,NORMAL_CUSTOMER,DEVELOPING_FRICTION,Emerging risk indicators | Early persistence signal
C000045,Christopher,Rogers,Saudi Arabia,Premium,3,0,0,0,0,0.0,0.0,0.0,0.0,LOW,LOYAL_LOW_FRICTION_CUSTOMER,LOYAL_STABLE_CUSTOMER,Multiple bookings | Low journey friction | Minimal problematic journeys
C000047,Craig,Gutierrez,United Arab Emirates,Premium,1,0,0,0,0,0.0,0.0,0.0,0.0,LOW,NORMAL_CUSTOMER,STABLE_CUSTOMER,Low overall risk | Low severity | Low frequency
C000049,Cynthia,Conley,Pakistan,Standard,2,2,2,1,1,75.0,17.5,30.0,44.25,MEDIUM,NORMAL_CUSTOMER,RECENT_HIGH_SEVERITY,High severity score 75.00 | Limited evidence of repeated behavior
C000050,Michael,Evans,Saudi Arabia,Standard,1,1,1,0,0,30.0,16.25,0.0,16.88,LOW,NORMAL_CUSTOMER,FREQUENT_FRICTION,Frequency score 16.25 | Repeated problematic activity
C000052,Jason,Stewart,United States,Standard,1,0,0,0,0,0.0,0.0,0.0,0.0,LOW,NORMAL_CUSTOMER,STABLE_CUSTOMER,Low overall risk | Low severity | Low frequency
C000053,Joseph,Herrera,Other,Premium,2,1,1,2,2,70.0,10.62,79.0,54.89,HIGH,FRICTION_PRONE_CUSTOMER,PERSISTENT_RISK,Repeated problematic journeys | Persistence score 79.00
C000054,Sharon,Clark,Other,Standard,2,1,1,0,0,30.0,8.12,0.0,14.44,LOW,NORMAL_CUSTOMER,STABLE_CUSTOMER,Low overall risk | Low severity | Low frequency
C000055,Deborah,Jennings,Pakistan,Standard,1,1,1,0,0,30.0,16.25,0.0,16.88,LOW,NORMAL_CUSTOMER,FREQUENT_FRICTION,Frequency score 16.25 | Repeated problematic activity
C000056,Chelsea,Marsh,Other,Standard,1,0,0,1,1,40.0,2.5,30.0,25.75,MEDIUM,NORMAL_CUSTOMER,DEVELOPING_FRICTION,Emerging risk indicators | Early persistence signal
C000058,Jessica,Gomez,Saudi Arabia,Standard,1,0,0,0,0,0.0,0.0,0.0,0.0,LOW,NORMAL_CUSTOMER,STABLE_CUSTOMER,Low overall risk | Low severity | Low frequency
C000059,Frank,Montes,Saudi Arabia,Standard,1,0,0,0,0,0.0,0.0,0.0,0.0,LOW,NORMAL_CUSTOMER,STABLE_CUSTOMER,Low overall risk | Low severity | Low frequency
C000061,Veronica,Johnson,United Arab Emirates,Premium,4,3,3,3,2,65.0,14.06,59.0,47.92,MEDIUM,NORMAL_CUSTOMER,PERSISTENT_RISK,Repeated problematic journeys | Persistence score 59.00
C000063,Angela,Sims,United States,Standard,1,0,0,1,1,40.0,2.5,30.0,25.75,MEDIUM,NORMAL_CUSTOMER,DEVELOPING_FRICTION,Emerging risk indicators | Early persistence signal
C000065,Megan,Duncan,Saudi Arabia,Standard,2,3,3,2,1,65.0,26.88,30.0,43.06,MEDIUM,NORMAL_CUSTOMER,FREQUENT_FRICTION,Frequency score 26.88 | Repeated problematic activity
C000066,Kimberly,Price,Pakistan,Standard,1,1,1,0,0,30.0,16.25,0.0,16.88,LOW,NORMAL_CUSTOMER,FREQUENT_FRICTION,Frequency score 16.25 | Repeated problematic activity
C000067,Jeremy,Larson,Saudi Arabia,Standard,4,3,3,5,3,100.0,15.31,81.0,68.89,HIGH,FRICTION_PRONE_CUSTOMER,PERSISTENT_RISK,Repeated problematic journeys | Persistence score 81.00
C000068,Antonio,Hancock,United States,Standard,3,1,1,0,0,30.0,5.42,0.0,13.63,LOW,LOYAL_LOW_FRICTION_CUSTOMER,LOYAL_STABLE_CUSTOMER,Multiple bookings | Low journey friction | Minimal problematic journeys
C000070,Joseph,Thornton,Other,Standard,1,2,2,2,1,65.0,37.5,30.0,46.25,MEDIUM,NORMAL_CUSTOMER,FREQUENT_FRICTION,Frequency score 37.50 | Repeated problematic activity
C000072,Sherri,Johnson,Saudi Arabia,Standard,3,3,3,3,2,75.0,18.75,65.67,55.33,HIGH,FRICTION_PRONE_CUSTOMER,PERSISTENT_RISK,Repeated problematic journeys | Persistence score 65.67
C000073,Nancy,Gutierrez,Saudi Arabia,Standard,4,1,1,2,2,75.0,5.31,59.0,49.29,HIGH,FRICTION_PRONE_CUSTOMER,PERSISTENT_RISK,Repeated problematic journeys | Persistence score 59.00
C000075,Diana,Young,United Kingdom,Standard,4,2,2,2,1,65.0,9.38,28.0,37.21,MEDIUM,LOYAL_LOW_FRICTION_CUSTOMER,DEVELOPING_FRICTION,Emerging risk indicators | Increasing problem frequency | Early persistence signal
C000076,Randall,Hayes,United Kingdom,Standard,2,2,2,2,1,65.0,18.75,30.0,40.62,MEDIUM,NORMAL_CUSTOMER,FREQUENT_FRICTION,Frequency score 18.75 | Repeated problematic activity
C000078,Stephen,Robinson,Saudi Arabia,Standard,2,0,0,0,0,0.0,0.0,0.0,0.0,LOW,NORMAL_CUSTOMER,STABLE_CUSTOMER,Low overall risk | Low severity | Low frequency
C000079,Joseph,Turner,United Arab Emirates,Standard,2,0,0,0,0,0.0,0.0,0.0,0.0,LOW,NORMAL_CUSTOMER,STABLE_CUSTOMER,Low overall risk | Low severity | Low frequency
C000082,Jose,Strickland,Pakistan,Premium,1,0,0,0,0,0.0,0.0,0.0,0.0,LOW,NORMAL_CUSTOMER,STABLE_CUSTOMER,Low overall risk | Low severity | Low frequency
C000083,Brenda,Gentry,United Arab Emirates,Premium,2,0,0,0,0,0.0,0.0,0.0,0.0,LOW,NORMAL_CUSTOMER,STABLE_CUSTOMER,Low overall risk | Low severity | Low frequency
C000084,Rachael,Wallace,Saudi Arabia,VIP,1,0,0,0,0,0.0,0.0,0.0,0.0,LOW,NORMAL_CUSTOMER,STABLE_CUSTOMER,Low overall risk | Low severity | Low frequency
C000085,Reginald,Johnson,United Arab Emirates,Premium,1,0,0,0,0,0.0,0.0,0.0,0.0,LOW,NORMAL_CUSTOMER,STABLE_CUSTOMER,Low overall risk | Low severity | Low frequency
C000086,Jeffrey,Webb,United Arab Emirates,Premium,1,0,0,0,0,0.0,0.0,0.0,0.0,LOW,NORMAL_CUSTOMER,STABLE_CUSTOMER,Low overall risk | Low severity | Low frequency
C000087,Whitney,Porter,United Kingdom,Standard,2,1,1,0,0,35.0,8.12,0.0,16.44,LOW,NORMAL_CUSTOMER,STABLE_CUSTOMER,Low overall risk | Low severity | Low frequency
C000088,William,Lee,Pakistan,Standard,1,2,2,2,1,60.0,37.5,30.0,44.25,MEDIUM,NORMAL_CUSTOMER,FREQUENT_FRICTION,Frequency score 37.50 | Repeated problematic activity
C000090,Brandon,Oconnor,United Arab Emirates,Standard,4,0,0,0,0,0.0,0.0,0.0,0.0,LOW,LOYAL_LOW_FRICTION_CUSTOMER,LOYAL_STABLE_CUSTOMER,Multiple bookings | Low journey friction | Minimal problematic journeys
C000091,Daniel,Mills,Saudi Arabia,Standard,1,0,0,0,0,0.0,0.0,0.0,0.0,LOW,NORMAL_CUSTOMER,STABLE_CUSTOMER,Low overall risk | Low severity | Low frequency
C000092,Courtney,Rowe,United Kingdom,VIP,1,0,0,0,0,0.0,0.0,0.0,0.0,LOW,NORMAL_CUSTOMER,STABLE_CUSTOMER,Low overall risk | Low severity | Low frequency
C000095,Bryan,Short,United States,Standard,2,2,2,2,1,65.0,18.75,30.0,40.62,MEDIUM,NORMAL_CUSTOMER,FREQUENT_FRICTION,Frequency score 18.75 | Repeated problematic activity
C000098,Allison,Anderson,United Arab Emirates,Standard,1,0,0,0,0,0.0,0.0,0.0,0.0,LOW,NORMAL_CUSTOMER,STABLE_CUSTOMER,Low overall risk | Low severity | Low frequency
C000099,Tasha,Hardy,Saudi Arabia,Standard,3,1,1,0,0,30.0,5.42,0.0,13.63,LOW,LOYAL_LOW_FRICTION_CUSTOMER,LOYAL_STABLE_CUSTOMER,Multiple bookings | Low journey friction | Minimal problematic journeys
C000101,Alexander,Reeves,Saudi Arabia,Standard,1,0,0,0,0,0.0,0.0,0.0,0.0,LOW,NORMAL_CUSTOMER,STABLE_CUSTOMER,Low overall risk | Low severity | Low frequency
C000105,Joseph,Mcdaniel,Other,Standard,1,0,0,0,0,0.0,0.0,0.0,0.0,LOW,NORMAL_CUSTOMER,STABLE_CUSTOMER,Low overall risk | Low severity | Low frequency
C000106,Danielle,Wheeler,Saudi Arabia,Standard,3,0,0,0,0,0.0,0.0,0.0,0.0,LOW,LOYAL_LOW_FRICTION_CUSTOMER,LOYAL_STABLE_CUSTOMER,Multiple bookings | Low journey friction | Minimal problematic journeys
C000110,Stephanie,Meyer,Saudi Arabia,Standard,2,0,0,1,1,40.0,1.25,30.0,25.38,MEDIUM,NORMAL_CUSTOMER,DEVELOPING_FRICTION,Emerging risk indicators | Early persistence signal
C000111,Nancy,Hopkins,Saudi Arabia,Premium,1,2,2,2,1,60.0,37.5,30.0,44.25,MEDIUM,NORMAL_CUSTOMER,FREQUENT_FRICTION,Frequency score 37.50 | Repeated problematic activity
C000113,Vincent,Lane,Other,Standard,1,1,1,0,0,35.0,16.25,0.0,18.88,LOW,NORMAL_CUSTOMER,FREQUENT_FRICTION,Frequency score 16.25 | Repeated problematic activity
C000114,Guy,Collins,United States,Standard,1,0,0,0,0,0.0,0.0,0.0,0.0,LOW,NORMAL_CUSTOMER,STABLE_CUSTOMER,Low overall risk | Low severity | Low frequency
C000115,Rita,Mcclain,Pakistan,Standard,2,3,3,2,1,65.0,26.88,30.0,43.06,MEDIUM,NORMAL_CUSTOMER,FREQUENT_FRICTION,Frequency score 26.88 | Repeated problematic activity
C000116,Monica,Flores,Other,Standard,4,3,3,3,2,65.0,14.06,59.0,47.92,MEDIUM,NORMAL_CUSTOMER,PERSISTENT_RISK,Repeated problematic journeys | Persistence score 59.00
C000117,Kenneth,Lee,United States,Premium,2,0,0,1,1,45.0,1.25,30.0,27.38,MEDIUM,NORMAL_CUSTOMER,DEVELOPING_FRICTION,Emerging risk indicators | Early persistence signal
C000118,Danielle,Hill,Saudi Arabia,Premium,1,0,0,0,0,0.0,0.0,0.0,0.0,LOW,NORMAL_CUSTOMER,STABLE_CUSTOMER,Low overall risk | Low severity | Low frequency
C000119,Chelsea,Flores,Other,Standard,1,0,0,0,0,0.0,0.0,0.0,0.0,LOW,NORMAL_CUSTOMER,STABLE_CUSTOMER,Low overall risk | Low severity | Low frequency
C000120,Eric,Alexander,Pakistan,Premium,1,0,0,0,0,0.0,0.0,0.0,0.0,LOW,NORMAL_CUSTOMER,STABLE_CUSTOMER,Low overall risk | Low severity | Low frequency
C000121,Kathryn,Wilson,United States,Standard,2,1,1,0,0,30.0,8.12,0.0,14.44,LOW,NORMAL_CUSTOMER,STABLE_CUSTOMER,Low overall risk | Low severity | Low frequency
C000122,Amber,Hernandez,Other,Standard,1,0,0,1,1,40.0,2.5,30.0,25.75,MEDIUM,NORMAL_CUSTOMER,DEVELOPING_FRICTION,Emerging risk indicators | Early persistence signal
C000123,Kimberly,Hill,United Arab Emirates,Standard,2,0,0,0,0,0.0,0.0,0.0,0.0,LOW,NORMAL_CUSTOMER,STABLE_CUSTOMER,Low overall risk | Low severity | Low frequency
C000124,Alyssa,Smith,Saudi Arabia,Standard,1,0,0,0,0,0.0,0.0,0.0,0.0,LOW,NORMAL_CUSTOMER,STABLE_CUSTOMER,Low overall risk | Low severity | Low frequency
C000125,Aaron,Dean,Saudi Arabia,Standard,2,0,0,1,1,40.0,1.25,30.0,25.38,MEDIUM,NORMAL_CUSTOMER,DEVELOPING_FRICTION,Emerging risk indicators | Early persistence signal
C000126,Mario,Palmer,United Arab Emirates,Standard,2,1,1,0,0,30.0,8.12,0.0,14.44,LOW,NORMAL_CUSTOMER,STABLE_CUSTOMER,Low overall risk | Low severity | Low frequency
C000127,Andrew,Clark,United States,Standard,2,1,1,1,1,40.0,9.38,30.0,27.81,MEDIUM,NORMAL_CUSTOMER,DEVELOPING_FRICTION,Emerging risk indicators | Increasing problem frequency | Early persistence signal
C000128,Sarah,Bell,Other,Standard,2,4,4,4,2,65.0,37.5,79.0,60.95,HIGH,FRICTION_PRONE_CUSTOMER,PERSISTENT_RISK,Repeated problematic journeys | Persistence score 79.00
C000129,Natasha,Flores,Saudi Arabia,Standard,4,0,0,0,0,0.0,0.0,0.0,0.0,LOW,LOYAL_LOW_FRICTION_CUSTOMER,LOYAL_STABLE_CUSTOMER,Multiple bookings | Low journey friction | Minimal problematic journeys
C000130,Marie,Thomas,Pakistan,Standard,3,0,0,1,1,40.0,0.83,30.0,25.25,MEDIUM,LOYAL_LOW_FRICTION_CUSTOMER,DEVELOPING_FRICTION,Emerging risk indicators | Early persistence signal
C000131,Kyle,Bush,United Arab Emirates,Standard,2,2,2,3,1,100.0,20.0,30.0,55.0,HIGH,FRICTION_PRONE_CUSTOMER,RECENT_HIGH_SEVERITY,High severity score 100.00 | Limited evidence of repeated behavior
C000133,Natalie,Sanchez,Saudi Arabia,Standard,1,1,1,1,1,70.0,18.75,30.0,42.62,MEDIUM,NORMAL_CUSTOMER,FREQUENT_FRICTION,Frequency score 18.75 | Repeated problematic activity
C000134,Stacey,Jones,United Arab Emirates,Premium,2,1,1,0,0,30.0,8.12,0.0,14.44,LOW,NORMAL_CUSTOMER,STABLE_CUSTOMER,Low overall risk | Low severity | Low frequency
C000135,Christopher,Austin,Other,Standard,1,2,2,3,1,100.0,40.0,30.0,61.0,HIGH,FRICTION_PRONE_CUSTOMER,RECENT_HIGH_SEVERITY,High severity score 100.00 | Limited evidence of repeated behavior
C000137,Chad,Wallace,Pakistan,Standard,3,0,0,0,0,0.0,0.0,0.0,0.0,LOW,LOYAL_LOW_FRICTION_CUSTOMER,LOYAL_STABLE_CUSTOMER,Multiple bookings | Low journey friction | Minimal problematic journeys
C000138,Kathleen,Anderson,United Kingdom,Standard,2,0,0,1,1,40.0,1.25,30.0,25.38,MEDIUM,NORMAL_CUSTOMER,DEVELOPING_FRICTION,Emerging risk indicators | Early persistence signal
C000139,Katie,Ruiz,United Arab Emirates,Premium,2,1,1,0,0,35.0,8.12,0.0,16.44,LOW,NORMAL_CUSTOMER,STABLE_CUSTOMER,Low overall risk | Low severity | Low frequency
C000140,David,Lowe,Other,Standard,1,0,0,0,0,0.0,0.0,0.0,0.0,LOW,NORMAL_CUSTOMER,STABLE_CUSTOMER,Low overall risk | Low severity | Low frequency
C000141,Thomas,Rodriguez,Other,Standard,2,0,0,2,2,40.0,2.5,79.0,40.45,MEDIUM,NORMAL_CUSTOMER,PERSISTENT_RISK,Repeated problematic journeys | Persistence score 79.00
C000142,Andrea,Brown,Saudi Arabia,Standard,2,2,2,0,0,30.0,16.25,0.0,16.88,LOW,NORMAL_CUSTOMER,FREQUENT_FRICTION,Frequency score 16.25 | Repeated problematic activity
C000143,Joseph,Simmons,United Arab Emirates,Standard,3,0,0,0,0,0.0,0.0,0.0,0.0,LOW,LOYAL_LOW_FRICTION_CUSTOMER,LOYAL_STABLE_CUSTOMER,Multiple bookings | Low journey friction | Minimal problematic journeys
C000144,Monique,White,United Arab Emirates,Standard,3,2,2,1,1,45.0,11.67,30.0,30.5,MEDIUM,NORMAL_CUSTOMER,DEVELOPING_FRICTION,Emerging risk indicators | Increasing problem frequency | Early persistence signal
C000146,Jason,Watkins,Saudi Arabia,Premium,3,0,0,0,0,0.0,0.0,0.0,0.0,LOW,LOYAL_LOW_FRICTION_CUSTOMER,LOYAL_STABLE_CUSTOMER,Multiple bookings | Low journey friction | Minimal problematic journeys
C000147,Amber,Huff,Pakistan,Standard,2,1,1,1,1,70.0,9.38,30.0,39.81,MEDIUM,NORMAL_CUSTOMER,DEVELOPING_FRICTION,Emerging risk indicators | Increasing problem frequency | Early persistence signal
C000148,Jessica,Lyons,Pakistan,Standard,2,1,1,1,1,45.0,9.38,30.0,29.81,MEDIUM,NORMAL_CUSTOMER,DEVELOPING_FRICTION,Emerging risk indicators | Increasing problem frequency | Early persistence signal
C000149,James,Jensen,Saudi Arabia,Premium,3,3,3,3,2,65.0,18.75,65.67,51.33,HIGH,FRICTION_PRONE_CUSTOMER,PERSISTENT_RISK,Repeated problematic journeys | Persistence score 65.67
C000151,Wanda,Roth,Other,Standard,1,0,0,0,0,0.0,0.0,0.0,0.0,LOW,NORMAL_CUSTOMER,STABLE_CUSTOMER,Low overall risk | Low severity | Low frequency
C000152,Debra,Marquez,Saudi Arabia,Standard,3,3,3,2,1,65.0,17.92,30.0,40.38,MEDIUM,NORMAL_CUSTOMER,FREQUENT_FRICTION,Frequency score 17.92 | Repeated problematic activity
C000153,Samuel,Lambert,Saudi Arabia,Standard,1,0,0,0,0,0.0,0.0,0.0,0.0,LOW,NORMAL_CUSTOMER,STABLE_CUSTOMER,Low overall risk | Low severity | Low frequency
C000154,Zachary,Ferguson,United Arab Emirates,Standard,4,1,1,0,0,35.0,4.06,0.0,15.22,LOW,LOYAL_LOW_FRICTION_CUSTOMER,LOYAL_STABLE_CUSTOMER,Multiple bookings | Low journey friction | Minimal problematic journeys
C000155,David,Beltran,Other,Standard,3,0,0,1,1,40.0,0.83,30.0,25.25,MEDIUM,LOYAL_LOW_FRICTION_CUSTOMER,DEVELOPING_FRICTION,Emerging risk indicators | Early persistence signal
C000156,Jeffrey,Campos,Saudi Arabia,Standard,3,0,0,2,2,45.0,1.67,65.67,38.2,MEDIUM,NORMAL_CUSTOMER,PERSISTENT_RISK,Repeated problematic journeys | Persistence score 65.67
C000157,Matthew,Owens,United Kingdom,VIP,1,1,1,1,1,75.0,18.75,30.0,44.62,MEDIUM,NORMAL_CUSTOMER,RECENT_HIGH_SEVERITY,High severity score 75.00 | Limited evidence of repeated behavior
C000159,Jerry,Hess,Saudi Arabia,Standard,2,2,2,0,0,35.0,16.25,0.0,18.88,LOW,NORMAL_CUSTOMER,FREQUENT_FRICTION,Frequency score 16.25 | Repeated problematic activity
C000160,Jeffrey,Gillespie,United Kingdom,Premium,1,0,0,0,0,0.0,0.0,0.0,0.0,LOW,NORMAL_CUSTOMER,STABLE_CUSTOMER,Low overall risk | Low severity | Low frequency
C000161,Chad,Mcdonald,United Arab Emirates,Standard,2,1,1,1,1,40.0,9.38,30.0,27.81,MEDIUM,NORMAL_CUSTOMER,DEVELOPING_FRICTION,Emerging risk indicators | Increasing problem frequency | Early persistence signal
C000162,Crystal,Bryant,Pakistan,Standard,4,0,0,1,1,45.0,0.62,28.0,26.59,MEDIUM,LOYAL_LOW_FRICTION_CUSTOMER,DEVELOPING_FRICTION,Emerging risk indicators | Early persistence signal
C000163,Jeremy,Cohen,Pakistan,Standard,2,0,0,0,0,0.0,0.0,0.0,0.0,LOW,NORMAL_CUSTOMER,STABLE_CUSTOMER,Low overall risk | Low severity | Low frequency
C000164,Rebecca,Mckinney,Pakistan,Standard,1,2,2,3,1,100.0,40.0,30.0,61.0,HIGH,FRICTION_PRONE_CUSTOMER,RECENT_HIGH_SEVERITY,High severity score 100.00 | Limited evidence of repeated behavior
C000165,Michele,Marshall,Saudi Arabia,Premium,2,3,3,2,1,65.0,26.88,30.0,43.06,MEDIUM,NORMAL_CUSTOMER,FREQUENT_FRICTION,Frequency score 26.88 | Repeated problematic activity
C000166,Chad,Hall,United States,Standard,3,0,0,2,2,45.0,1.67,65.67,38.2,MEDIUM,NORMAL_CUSTOMER,PERSISTENT_RISK,Repeated problematic journeys | Persistence score 65.67
C000167,John,Walker,United Arab Emirates,Standard,1,0,0,0,0,0.0,0.0,0.0,0.0,LOW,NORMAL_CUSTOMER,STABLE_CUSTOMER,Low overall risk | Low severity | Low frequency
C000171,Selena,Myers,United Kingdom,Premium,2,0,0,1,1,40.0,1.25,30.0,25.38,MEDIUM,NORMAL_CUSTOMER,DEVELOPING_FRICTION,Emerging risk indicators | Early persistence signal
C000172,Ashley,Lyons,Saudi Arabia,VIP,3,0,0,1,1,40.0,0.83,30.0,25.25,MEDIUM,LOYAL_LOW_FRICTION_CUSTOMER,DEVELOPING_FRICTION,Emerging risk indicators | Early persistence signal
C000173,Thomas,Ortega,Pakistan,Standard,1,0,0,0,0,0.0,0.0,0.0,0.0,LOW,NORMAL_CUSTOMER,STABLE_CUSTOMER,Low overall risk | Low severity | Low frequency
C000174,Kristen,Mccormick,Saudi Arabia,Standard,1,0,0,0,0,0.0,0.0,0.0,0.0,LOW,NORMAL_CUSTOMER,STABLE_CUSTOMER,Low overall risk | Low severity | Low frequency
C000175,Lindsey,Khan,Pakistan,Standard,1,0,0,0,0,0.0,0.0,0.0,0.0,LOW,NORMAL_CUSTOMER,STABLE_CUSTOMER,Low overall risk | Low severity | Low frequency
C000176,James,Chavez,Saudi Arabia,Premium,2,0,0,0,0,0.0,0.0,0.0,0.0,LOW,NORMAL_CUSTOMER,STABLE_CUSTOMER,Low overall risk | Low severity | Low frequency
C000177,Collin,Johnson,United Kingdom,Standard,1,0,0,0,0,0.0,0.0,0.0,0.0,LOW,NORMAL_CUSTOMER,STABLE_CUSTOMER,Low overall risk | Low severity | Low frequency
C000179,Rodney,Bell,Other,Premium,2,1,1,1,1,70.0,9.38,30.0,39.81,MEDIUM,NORMAL_CUSTOMER,DEVELOPING_FRICTION,Emerging risk indicators | Increasing problem frequency | Early persistence signal
C000180,Stuart,Murray,Saudi Arabia,Standard,1,0,0,0,0,0.0,0.0,0.0,0.0,LOW,NORMAL_CUSTOMER,STABLE_CUSTOMER,Low overall risk | Low severity | Low frequency
C000183,Tracey,Munoz,Other,Standard,2,0,0,1,1,40.0,1.25,30.0,25.38,MEDIUM,NORMAL_CUSTOMER,DEVELOPING_FRICTION,Emerging risk indicators | Early persistence signal
C000184,Corey,Anderson,Other,Standard,1,0,0,0,0,0.0,0.0,0.0,0.0,LOW,NORMAL_CUSTOMER,STABLE_CUSTOMER,Low overall risk | Low severity | Low frequency
C000185,Richard,Garcia,Saudi Arabia,Standard,1,2,2,3,1,100.0,40.0,30.0,61.0,HIGH,FRICTION_PRONE_CUSTOMER,RECENT_HIGH_SEVERITY,High severity score 100.00 | Limited evidence of repeated behavior
C000187,Michelle,Robles,United States,Standard,4,0,0,0,0,0.0,0.0,0.0,0.0,LOW,LOYAL_LOW_FRICTION_CUSTOMER,LOYAL_STABLE_CUSTOMER,Multiple bookings | Low journey friction | Minimal problematic journeys
C000188,John,Nguyen,Pakistan,Premium,1,1,1,0,0,35.0,16.25,0.0,18.88,LOW,NORMAL_CUSTOMER,FREQUENT_FRICTION,Frequency score 16.25 | Repeated problematic activity
C000190,Shane,Sparks,Saudi Arabia,Premium,2,0,0,0,0,0.0,0.0,0.0,0.0,LOW,NORMAL_CUSTOMER,STABLE_CUSTOMER,Low overall risk | Low severity | Low frequency
C000191,Robert,Patel,Saudi Arabia,Standard,2,1,1,1,1,40.0,9.38,30.0,27.81,MEDIUM,NORMAL_CUSTOMER,DEVELOPING_FRICTION,Emerging risk indicators | Increasing problem frequency | Early persistence signal
C000192,Joshua,Morales,Other,Standard,4,2,2,0,0,35.0,8.12,0.0,16.44,LOW,LOYAL_LOW_FRICTION_CUSTOMER,LOYAL_STABLE_CUSTOMER,Multiple bookings | Low journey friction | Minimal problematic journeys
C000193,John,Gutierrez,Other,Standard,2,0,0,0,0,0.0,0.0,0.0,0.0,LOW,NORMAL_CUSTOMER,STABLE_CUSTOMER,Low overall risk | Low severity | Low frequency
C000194,Sandra,Oliver,Pakistan,Standard,3,0,0,0,0,0.0,0.0,0.0,0.0,LOW,LOYAL_LOW_FRICTION_CUSTOMER,LOYAL_STABLE_CUSTOMER,Multiple bookings | Low journey friction | Minimal problematic journeys
C000195,Scott,Kelley,United Arab Emirates,Standard,3,2,2,3,2,65.0,13.33,65.67,49.7,HIGH,FRICTION_PRONE_CUSTOMER,PERSISTENT_RISK,Repeated problematic journeys | Persistence score 65.67
C000196,Michelle,Dickson,United Arab Emirates,Standard,1,0,0,1,1,40.0,2.5,30.0,25.75,MEDIUM,NORMAL_CUSTOMER,DEVELOPING_FRICTION,Emerging risk indicators | Early persistence signal
C000197,Andrea,Reyes,United Kingdom,Standard,1,0,0,0,0,0.0,0.0,0.0,0.0,LOW,NORMAL_CUSTOMER,STABLE_CUSTOMER,Low overall risk | Low severity | Low frequency
C000198,Brent,Peterson,Other,Standard,3,0,0,1,1,45.0,0.83,30.0,27.25,MEDIUM,LOYAL_LOW_FRICTION_CUSTOMER,DEVELOPING_FRICTION,Emerging risk indicators | Early persistence signal
C000199,Yvette,Cervantes,Other,VIP,1,0,0,1,1,40.0,2.5,30.0,25.75,MEDIUM,NORMAL_CUSTOMER,DEVELOPING_FRICTION,Emerging risk indicators | Early persistence signal
C000200,Mary,Garza,United States,Standard,1,0,0,1,1,45.0,2.5,30.0,27.75,MEDIUM,NORMAL_CUSTOMER,DEVELOPING_FRICTION,Emerging risk indicators | Early persistence signal
C000201,Tanya,Mueller,Pakistan,Standard,2,0,0,1,1,40.0,1.25,30.0,25.38,MEDIUM,NORMAL_CUSTOMER,DEVELOPING_FRICTION,Emerging risk indicators | Early persistence signal
C000202,Sara,Graham,Saudi Arabia,Standard,3,3,3,3,2,65.0,18.75,65.67,51.33,HIGH,FRICTION_PRONE_CUSTOMER,PERSISTENT_RISK,Repeated problematic journeys | Persistence score 65.67
C000203,Melinda,Cobb,Saudi Arabia,Standard,1,0,0,0,0,0.0,0.0,0.0,0.0,LOW,NORMAL_CUSTOMER,STABLE_CUSTOMER,Low overall risk | Low severity | Low frequency
C000204,Gabriel,Stephens,Other,Premium,2,1,1,0,0,35.0,8.12,0.0,16.44,LOW,NORMAL_CUSTOMER,STABLE_CUSTOMER,Low overall risk | Low severity | Low frequency
C000205,Todd,Young,Pakistan,Standard,2,0,0,1,1,45.0,1.25,30.0,27.38,MEDIUM,NORMAL_CUSTOMER,DEVELOPING_FRICTION,Emerging risk indicators | Early persistence signal
C000206,Jason,Bates,Saudi Arabia,Standard,2,0,0,0,0,0.0,0.0,0.0,0.0,LOW,NORMAL_CUSTOMER,STABLE_CUSTOMER,Low overall risk | Low severity | Low frequency
C000207,Richard,Miller,Saudi Arabia,Standard,2,0,0,2,2,45.0,2.5,79.0,42.45,MEDIUM,NORMAL_CUSTOMER,PERSISTENT_RISK,Repeated problematic journeys | Persistence score 79.00
C000208,Brian,Galvan,United Kingdom,Premium,4,1,1,0,0,30.0,4.06,0.0,13.22,LOW,LOYAL_LOW_FRICTION_CUSTOMER,LOYAL_STABLE_CUSTOMER,Multiple bookings | Low journey friction | Minimal problematic journeys
C000209,Nicholas,Andrews,Saudi Arabia,Standard,1,0,0,0,0,0.0,0.0,0.0,0.0,LOW,NORMAL_CUSTOMER,STABLE_CUSTOMER,Low overall risk | Low severity | Low frequency
C000210,Tricia,Tucker,Saudi Arabia,Standard,2,0,0,0,0,0.0,0.0,0.0,0.0,LOW,NORMAL_CUSTOMER,STABLE_CUSTOMER,Low overall risk | Low severity | Low frequency
C000212,Kristen,Ford,United Kingdom,Standard,1,0,0,0,0,0.0,0.0,0.0,0.0,LOW,NORMAL_CUSTOMER,STABLE_CUSTOMER,Low overall risk | Low severity | Low frequency
C000213,Spencer,Peters,United Kingdom,Standard,1,1,1,0,0,35.0,16.25,0.0,18.88,LOW,NORMAL_CUSTOMER,FREQUENT_FRICTION,Frequency score 16.25 | Repeated problematic activity
C000214,Rodney,Short,Saudi Arabia,Premium,2,0,0,0,0,0.0,0.0,0.0,0.0,LOW,NORMAL_CUSTOMER,STABLE_CUSTOMER,Low overall risk | Low severity | Low frequency
C000216,Wendy,Blanchard,Saudi Arabia,Standard,3,0,0,1,1,40.0,0.83,30.0,25.25,MEDIUM,LOYAL_LOW_FRICTION_CUSTOMER,DEVELOPING_FRICTION,Emerging risk indicators | Early persistence signal
C000220,Kenneth,Wise,United States,Standard,3,1,1,0,0,30.0,5.42,0.0,13.63,LOW,LOYAL_LOW_FRICTION_CUSTOMER,LOYAL_STABLE_CUSTOMER,Multiple bookings | Low journey friction | Minimal problematic journeys
C000221,Tanya,Gray,United Kingdom,Standard,2,0,0,0,0,0.0,0.0,0.0,0.0,LOW,NORMAL_CUSTOMER,STABLE_CUSTOMER,Low overall risk | Low severity | Low frequency
C000223,Amy,Keller,Saudi Arabia,Standard,1,0,0,0,0,0.0,0.0,0.0,0.0,LOW,NORMAL_CUSTOMER,STABLE_CUSTOMER,Low overall risk | Low severity | Low frequency
C000224,Julie,Davis,United Arab Emirates,Premium,4,0,0,0,0,0.0,0.0,0.0,0.0,LOW,LOYAL_LOW_FRICTION_CUSTOMER,LOYAL_STABLE_CUSTOMER,Multiple bookings | Low journey friction | Minimal problematic journeys
C000225,Brian,Montoya,Saudi Arabia,Standard,3,0,0,1,1,45.0,0.83,30.0,27.25,MEDIUM,LOYAL_LOW_FRICTION_CUSTOMER,DEVELOPING_FRICTION,Emerging risk indicators | Early persistence signal
C000226,Breanna,Clay,Saudi Arabia,Standard,5,1,1,1,1,70.0,3.75,26.0,36.92,MEDIUM,LOYAL_LOW_FRICTION_CUSTOMER,DEVELOPING_FRICTION,Emerging risk indicators | Early persistence signal
C000227,Wesley,Berger,Other,Standard,5,0,0,1,1,40.0,0.5,26.0,23.95,LOW,LOYAL_LOW_FRICTION_CUSTOMER,DEVELOPING_FRICTION,Emerging risk indicators | Early persistence signal
C000229,Eric,Smith,Other,Standard,2,0,0,0,0,0.0,0.0,0.0,0.0,LOW,NORMAL_CUSTOMER,STABLE_CUSTOMER,Low overall risk | Low severity | Low frequency
C000230,Susan,Thomas,Pakistan,Premium,1,0,0,0,0,0.0,0.0,0.0,0.0,LOW,NORMAL_CUSTOMER,STABLE_CUSTOMER,Low overall risk | Low severity | Low frequency
C000232,Jacob,Schmidt,Pakistan,Standard,1,0,0,0,0,0.0,0.0,0.0,0.0,LOW,NORMAL_CUSTOMER,STABLE_CUSTOMER,Low overall risk | Low severity | Low frequency
C000233,Brooke,Price,Pakistan,Standard,3,0,0,2,2,40.0,1.67,65.67,36.2,MEDIUM,NORMAL_CUSTOMER,PERSISTENT_RISK,Repeated problematic journeys | Persistence score 65.67
C000234,Emma,Lane,United Arab Emirates,Premium,1,0,0,0,0,0.0,0.0,0.0,0.0,LOW,NORMAL_CUSTOMER,STABLE_CUSTOMER,Low overall risk | Low severity | Low frequency
C000235,Joe,Gonzalez,Saudi Arabia,Standard,2,1,1,1,1,80.0,9.38,30.0,43.81,MEDIUM,NORMAL_CUSTOMER,RECENT_HIGH_SEVERITY,High severity score 80.00 | Limited evidence of repeated behavior
C000236,David,Maldonado,United Kingdom,Standard,4,0,0,2,2,45.0,1.25,59.0,36.08,MEDIUM,NORMAL_CUSTOMER,PERSISTENT_RISK,Repeated problematic journeys | Persistence score 59.00
C000237,Pamela,Stewart,Saudi Arabia,Standard,3,0,0,2,2,45.0,1.67,65.67,38.2,MEDIUM,NORMAL_CUSTOMER,PERSISTENT_RISK,Repeated problematic journeys | Persistence score 65.67
C000238,John,Hudson,Saudi Arabia,Premium,3,2,2,4,3,65.0,14.17,91.0,57.55,HIGH,FRICTION_PRONE_CUSTOMER,PERSISTENT_RISK,Repeated problematic journeys | Persistence score 91.00
C000239,Brooke,Gentry,Pakistan,Standard,2,1,1,0,0,30.0,8.12,0.0,14.44,LOW,NORMAL_CUSTOMER,STABLE_CUSTOMER,Low overall risk | Low severity | Low frequency
C000241,Robert,Harding,Other,Standard,2,0,0,2,2,45.0,2.5,79.0,42.45,MEDIUM,NORMAL_CUSTOMER,PERSISTENT_RISK,Repeated problematic journeys | Persistence score 79.00
C000242,Brandy,Graham,Other,Standard,5,0,0,2,2,40.0,1.0,55.0,32.8,MEDIUM,NORMAL_CUSTOMER,PERSISTENT_RISK,Repeated problematic journeys | Persistence score 55.00
C000243,Alexandra,Haas,Other,Standard,3,0,0,0,0,0.0,0.0,0.0,0.0,LOW,LOYAL_LOW_FRICTION_CUSTOMER,LOYAL_STABLE_CUSTOMER,Multiple bookings | Low journey friction | Minimal problematic journeys
C000244,Sarah,Cooper,United Arab Emirates,Standard,2,1,1,1,1,70.0,9.38,30.0,39.81,MEDIUM,NORMAL_CUSTOMER,DEVELOPING_FRICTION,Emerging risk indicators | Increasing problem frequency | Early persistence signal
C000245,James,Davis,Saudi Arabia,Premium,3,0,0,2,2,45.0,1.67,65.67,38.2,MEDIUM,NORMAL_CUSTOMER,PERSISTENT_RISK,Repeated problematic journeys | Persistence score 65.67
C000247,John,Downs,United Arab Emirates,Premium,2,1,1,2,2,75.0,10.62,79.0,56.89,HIGH,FRICTION_PRONE_CUSTOMER,PERSISTENT_RISK,Repeated problematic journeys | Persistence score 79.00
C000250,Kevin,Phillips,Other,Standard,3,2,2,0,0,35.0,10.83,0.0,17.25,LOW,LOYAL_LOW_FRICTION_CUSTOMER,LOYAL_STABLE_CUSTOMER,Multiple bookings | Low journey friction | Minimal problematic journeys
C000251,Leslie,Wood,Saudi Arabia,Standard,4,1,1,0,0,30.0,4.06,0.0,13.22,LOW,LOYAL_LOW_FRICTION_CUSTOMER,LOYAL_STABLE_CUSTOMER,Multiple bookings | Low journey friction | Minimal problematic journeys
C000254,Stephen,Warner,United Arab Emirates,VIP,4,0,0,2,2,40.0,1.25,59.0,34.08,MEDIUM,NORMAL_CUSTOMER,PERSISTENT_RISK,Repeated problematic journeys | Persistence score 59.00
C000255,Yolanda,Hoover,Saudi Arabia,Standard,2,1,1,1,1,70.0,9.38,30.0,39.81,MEDIUM,NORMAL_CUSTOMER,DEVELOPING_FRICTION,Emerging risk indicators | Increasing problem frequency | Early persistence signal
C000256,Wendy,Howard,Pakistan,VIP,2,0,0,0,0,0.0,0.0,0.0,0.0,LOW,NORMAL_CUSTOMER,STABLE_CUSTOMER,Low overall risk | Low severity | Low frequency
C000257,Charles,Callahan,Other,Standard,2,2,2,2,1,65.0,18.75,30.0,40.62,MEDIUM,NORMAL_CUSTOMER,FREQUENT_FRICTION,Frequency score 18.75 | Repeated problematic activity
C000258,Jason,Glenn,United Kingdom,Standard,1,2,2,3,1,100.0,40.0,30.0,61.0,HIGH,FRICTION_PRONE_CUSTOMER,RECENT_HIGH_SEVERITY,High severity score 100.00 | Limited evidence of repeated behavior
C000259,Joseph,Young,Pakistan,Premium,2,0,0,0,0,0.0,0.0,0.0,0.0,LOW,NORMAL_CUSTOMER,STABLE_CUSTOMER,Low overall risk | Low severity | Low frequency
C000261,Nicole,Long,Pakistan,Standard,1,0,0,0,0,0.0,0.0,0.0,0.0,LOW,NORMAL_CUSTOMER,STABLE_CUSTOMER,Low overall risk | Low severity | Low frequency
C000262,Natasha,Flores,Other,Premium,2,2,2,2,1,65.0,18.75,30.0,40.62,MEDIUM,NORMAL_CUSTOMER,FREQUENT_FRICTION,Frequency score 18.75 | Repeated problematic activity
C000263,Mike,Reyes,Saudi Arabia,Premium,2,0,0,0,0,0.0,0.0,0.0,0.0,LOW,NORMAL_CUSTOMER,STABLE_CUSTOMER,Low overall risk | Low severity | Low frequency
C000265,Martha,Gardner,Other,Standard,4,0,0,2,2,45.0,1.25,59.0,36.08,MEDIUM,NORMAL_CUSTOMER,PERSISTENT_RISK,Repeated problematic journeys | Persistence score 59.00
C000267,Cheryl,Wells,United Kingdom,Standard,2,0,0,1,1,40.0,1.25,30.0,25.38,MEDIUM,NORMAL_CUSTOMER,DEVELOPING_FRICTION,Emerging risk indicators | Early persistence signal
C000269,Destiny,Cruz,United Arab Emirates,Standard,1,0,0,0,0,0.0,0.0,0.0,0.0,LOW,NORMAL_CUSTOMER,STABLE_CUSTOMER,Low overall risk | Low severity | Low frequency
C000270,Alan,Middleton,Saudi Arabia,Standard,4,2,2,4,3,65.0,10.62,81.0,53.49,HIGH,FRICTION_PRONE_CUSTOMER,PERSISTENT_RISK,Repeated problematic journeys | Persistence score 81.00
C000271,Lisa,Larsen,United States,Standard,3,1,1,2,2,75.0,7.08,65.67,51.82,HIGH,FRICTION_PRONE_CUSTOMER,PERSISTENT_RISK,Repeated problematic journeys | Persistence score 65.67
C000272,Kevin,Moore,United States,Standard,3,0,0,1,1,40.0,0.83,30.0,25.25,MEDIUM,LOYAL_LOW_FRICTION_CUSTOMER,DEVELOPING_FRICTION,Emerging risk indicators | Early persistence signal
C000273,Elizabeth,Bright,Other,Standard,2,2,2,2,1,65.0,18.75,30.0,40.62,MEDIUM,NORMAL_CUSTOMER,FREQUENT_FRICTION,Frequency score 18.75 | Repeated problematic activity
C000274,Sheila,Santiago,Other,Standard,3,0,0,0,0,0.0,0.0,0.0,0.0,LOW,LOYAL_LOW_FRICTION_CUSTOMER,LOYAL_STABLE_CUSTOMER,Multiple bookings | Low journey friction | Minimal problematic journeys
C000276,Darrell,Jones,Pakistan,Standard,2,2,2,0,0,35.0,16.25,0.0,18.88,LOW,NORMAL_CUSTOMER,FREQUENT_FRICTION,Frequency score 16.25 | Repeated problematic activity
C000277,Daniel,Smith,United States,VIP,2,0,0,0,0,0.0,0.0,0.0,0.0,LOW,NORMAL_CUSTOMER,STABLE_CUSTOMER,Low overall risk | Low severity | Low frequency
C000278,Angela,Griffith,Pakistan,Standard,5,2,2,2,2,40.0,7.5,55.0,34.75,MEDIUM,NORMAL_CUSTOMER,PERSISTENT_RISK,Repeated problematic journeys | Persistence score 55.00
C000279,Joseph,Tucker,United Kingdom,Standard,1,0,0,0,0,0.0,0.0,0.0,0.0,LOW,NORMAL_CUSTOMER,STABLE_CUSTOMER,Low overall risk | Low severity | Low frequency
C000280,Cassandra,Kim,United States,Standard,1,0,0,1,1,45.0,2.5,30.0,27.75,MEDIUM,NORMAL_CUSTOMER,DEVELOPING_FRICTION,Emerging risk indicators | Early persistence signal
C000281,Jennifer,Branch,Other,Standard,2,0,0,0,0,0.0,0.0,0.0,0.0,LOW,NORMAL_CUSTOMER,STABLE_CUSTOMER,Low overall risk | Low severity | Low frequency
C000282,James,Miller,United Arab Emirates,Standard,1,0,0,0,0,0.0,0.0,0.0,0.0,LOW,NORMAL_CUSTOMER,STABLE_CUSTOMER,Low overall risk | Low severity | Low frequency
C000283,Cynthia,May,United Arab Emirates,Premium,3,1,1,0,0,35.0,5.42,0.0,15.63,LOW,LOYAL_LOW_FRICTION_CUSTOMER,LOYAL_STABLE_CUSTOMER,Multiple bookings | Low journey friction | Minimal problematic journeys
C000284,Joseph,Perry,Saudi Arabia,Standard,3,0,0,0,0,0.0,0.0,0.0,0.0,LOW,LOYAL_LOW_FRICTION_CUSTOMER,LOYAL_STABLE_CUSTOMER,Multiple bookings | Low journey friction | Minimal problematic journeys
C000285,Tracy,Bryant,Pakistan,VIP,2,1,1,1,1,75.0,9.38,30.0,41.81,MEDIUM,NORMAL_CUSTOMER,RECENT_HIGH_SEVERITY,High severity score 75.00 | Limited evidence of repeated behavior
C000286,Rebecca,Mccormick,Saudi Arabia,Standard,3,1,1,1,1,45.0,6.25,30.0,28.88,MEDIUM,LOYAL_LOW_FRICTION_CUSTOMER,DEVELOPING_FRICTION,Emerging risk indicators | Increasing problem frequency | Early persistence signal
C000288,Christopher,Simmons,Pakistan,Premium,2,1,1,1,1,45.0,9.38,30.0,29.81,MEDIUM,NORMAL_CUSTOMER,DEVELOPING_FRICTION,Emerging risk indicators | Increasing problem frequency | Early persistence signal
C000290,Joshua,Hicks,Pakistan,Standard,1,0,0,0,0,0.0,0.0,0.0,0.0,LOW,NORMAL_CUSTOMER,STABLE_CUSTOMER,Low overall risk | Low severity | Low frequency
C000295,Joyce,Jacobs,Saudi Arabia,Standard,4,0,0,1,1,40.0,0.62,28.0,24.59,MEDIUM,LOYAL_LOW_FRICTION_CUSTOMER,DEVELOPING_FRICTION,Emerging risk indicators | Early persistence signal
C000297,Ronald,Bradford,United States,VIP,2,2,2,2,1,65.0,18.75,30.0,40.62,MEDIUM,NORMAL_CUSTOMER,FREQUENT_FRICTION,Frequency score 18.75 | Repeated problematic activity
C000298,Alec,Young,Saudi Arabia,Standard,1,1,1,0,0,35.0,16.25,0.0,18.88,LOW,NORMAL_CUSTOMER,FREQUENT_FRICTION,Frequency score 16.25 | Repeated problematic activity
C000299,Charles,Shaw,Pakistan,Premium,3,0,0,0,0,0.0,0.0,0.0,0.0,LOW,LOYAL_LOW_FRICTION_CUSTOMER,LOYAL_STABLE_CUSTOMER,Multiple bookings | Low journey friction | Minimal problematic journeys
C000300,Nicole,Jenkins,Saudi Arabia,Standard,1,0,0,1,1,45.0,2.5,30.0,27.75,MEDIUM,NORMAL_CUSTOMER,DEVELOPING_FRICTION,Emerging risk indicators | Early persistence signal
C000301,Rebecca,Payne,Saudi Arabia,Standard,1,1,1,0,0,30.0,16.25,0.0,16.88,LOW,NORMAL_CUSTOMER,FREQUENT_FRICTION,Frequency score 16.25 | Repeated problematic activity
C000302,Amy,Richardson,Pakistan,Standard,2,3,3,2,1,65.0,26.88,30.0,43.06,MEDIUM,NORMAL_CUSTOMER,FREQUENT_FRICTION,Frequency score 26.88 | Repeated problematic activity
C000303,Mary,Good,Pakistan,Premium,2,1,1,0,0,30.0,8.12,0.0,14.44,LOW,NORMAL_CUSTOMER,STABLE_CUSTOMER,Low overall risk | Low severity | Low frequency
C000306,David,Wilson,Other,Standard,3,0,0,0,0,0.0,0.0,0.0,0.0,LOW,LOYAL_LOW_FRICTION_CUSTOMER,LOYAL_STABLE_CUSTOMER,Multiple bookings | Low journey friction | Minimal problematic journeys
C000307,Kyle,Olson,Pakistan,Standard,2,0,0,0,0,0.0,0.0,0.0,0.0,LOW,NORMAL_CUSTOMER,STABLE_CUSTOMER,Low overall risk | Low severity | Low frequency
C000308,Rachel,Vaughn,United Arab Emirates,Standard,2,2,2,0,0,35.0,16.25,0.0,18.88,LOW,NORMAL_CUSTOMER,FREQUENT_FRICTION,Frequency score 16.25 | Repeated problematic activity
C000309,Laura,Thomas,United States,Premium,1,0,0,0,0,0.0,0.0,0.0,0.0,LOW,NORMAL_CUSTOMER,STABLE_CUSTOMER,Low overall risk | Low severity | Low frequency
C000310,Michelle,Simon,Saudi Arabia,Standard,2,1,1,1,1,40.0,9.38,30.0,27.81,MEDIUM,NORMAL_CUSTOMER,DEVELOPING_FRICTION,Emerging risk indicators | Increasing problem frequency | Early persistence signal
C000311,Rachel,Terrell,United Arab Emirates,Standard,2,0,0,1,1,40.0,1.25,30.0,25.38,MEDIUM,NORMAL_CUSTOMER,DEVELOPING_FRICTION,Emerging risk indicators | Early persistence signal
C000312,Jason,Terrell,Saudi Arabia,Premium,1,0,0,0,0,0.0,0.0,0.0,0.0,LOW,NORMAL_CUSTOMER,STABLE_CUSTOMER,Low overall risk | Low severity | Low frequency
C000313,John,Maxwell,Saudi Arabia,Premium,2,0,0,1,1,40.0,1.25,30.0,25.38,MEDIUM,NORMAL_CUSTOMER,DEVELOPING_FRICTION,Emerging risk indicators | Early persistence signal
C000314,Curtis,Marshall,Other,Standard,2,0,0,0,0,0.0,0.0,0.0,0.0,LOW,NORMAL_CUSTOMER,STABLE_CUSTOMER,Low overall risk | Low severity | Low frequency
C000315,Kimberly,Miller,United States,Standard,2,0,0,0,0,0.0,0.0,0.0,0.0,LOW,NORMAL_CUSTOMER,STABLE_CUSTOMER,Low overall risk | Low severity | Low frequency
C000317,Richard,Davis,United Arab Emirates,Premium,1,0,0,0,0,0.0,0.0,0.0,0.0,LOW,NORMAL_CUSTOMER,STABLE_CUSTOMER,Low overall risk | Low severity | Low frequency
C000318,Christine,Kennedy,Saudi Arabia,Standard,2,0,0,0,0,0.0,0.0,0.0,0.0,LOW,NORMAL_CUSTOMER,STABLE_CUSTOMER,Low overall risk | Low severity | Low frequency
C000320,Sarah,Horne,Saudi Arabia,Standard,1,0,0,0,0,0.0,0.0,0.0,0.0,LOW,NORMAL_CUSTOMER,STABLE_CUSTOMER,Low overall risk | Low severity | Low frequency
C000321,Michelle,Miller,Pakistan,Standard,3,0,0,1,1,40.0,0.83,30.0,25.25,MEDIUM,LOYAL_LOW_FRICTION_CUSTOMER,DEVELOPING_FRICTION,Emerging risk indicators | Early persistence signal
C000323,Lisa,Yates,United Kingdom,Standard,1,0,0,0,0,0.0,0.0,0.0,0.0,LOW,NORMAL_CUSTOMER,STABLE_CUSTOMER,Low overall risk | Low severity | Low frequency
C000325,Angel,Brown,Other,Premium,2,1,1,0,0,30.0,8.12,0.0,14.44,LOW,NORMAL_CUSTOMER,STABLE_CUSTOMER,Low overall risk | Low severity | Low frequency
C000326,Jill,Cooper,United Kingdom,Standard,1,0,0,1,1,40.0,2.5,30.0,25.75,MEDIUM,NORMAL_CUSTOMER,DEVELOPING_FRICTION,Emerging risk indicators | Early persistence signal
C000327,Martin,Osborne,Pakistan,Standard,1,1,1,0,0,30.0,16.25,0.0,16.88,LOW,NORMAL_CUSTOMER,FREQUENT_FRICTION,Frequency score 16.25 | Repeated problematic activity
C000328,Sarah,Harrison,Pakistan,VIP,2,2,2,3,2,65.0,20.0,79.0,55.7,HIGH,FRICTION_PRONE_CUSTOMER,PERSISTENT_RISK,Repeated problematic journeys | Persistence score 79.00
C000329,Leah,Hunt,United Arab Emirates,Standard,2,0,0,0,0,0.0,0.0,0.0,0.0,LOW,NORMAL_CUSTOMER,STABLE_CUSTOMER,Low overall risk | Low severity | Low frequency
C000330,Michelle,Harrison,Saudi Arabia,Standard,2,1,1,2,2,80.0,10.62,79.0,58.89,HIGH,FRICTION_PRONE_CUSTOMER,PERSISTENT_RISK,Repeated problematic journeys | Persistence score 79.00
C000332,Joseph,Fisher,United States,Standard,2,0,0,1,1,40.0,1.25,30.0,25.38,MEDIUM,NORMAL_CUSTOMER,DEVELOPING_FRICTION,Emerging risk indicators | Early persistence signal
C000333,Kristin,Yu,Saudi Arabia,Premium,1,0,0,1,1,45.0,2.5,30.0,27.75,MEDIUM,NORMAL_CUSTOMER,DEVELOPING_FRICTION,Emerging risk indicators | Early persistence signal
C000335,Monica,Roberts,Saudi Arabia,Standard,1,0,0,1,1,45.0,2.5,30.0,27.75,MEDIUM,NORMAL_CUSTOMER,DEVELOPING_FRICTION,Emerging risk indicators | Early persistence signal
C000336,Michele,Johnson,Saudi Arabia,Premium,1,0,0,0,0,0.0,0.0,0.0,0.0,LOW,NORMAL_CUSTOMER,STABLE_CUSTOMER,Low overall risk | Low severity | Low frequency
C000337,Jeffrey,Livingston,Other,Standard,1,0,0,0,0,0.0,0.0,0.0,0.0,LOW,NORMAL_CUSTOMER,STABLE_CUSTOMER,Low overall risk | Low severity | Low frequency
C000338,Lisa,Curry,United Kingdom,Premium,2,0,0,0,0,0.0,0.0,0.0,0.0,LOW,NORMAL_CUSTOMER,STABLE_CUSTOMER,Low overall risk | Low severity | Low frequency
C000339,Steven,Acosta,United Arab Emirates,Standard,1,0,0,1,1,40.0,2.5,30.0,25.75,MEDIUM,NORMAL_CUSTOMER,DEVELOPING_FRICTION,Emerging risk indicators | Early persistence signal
C000340,Kevin,Elliott,Saudi Arabia,Standard,1,0,0,0,0,0.0,0.0,0.0,0.0,LOW,NORMAL_CUSTOMER,STABLE_CUSTOMER,Low overall risk | Low severity | Low frequency
C000341,Laura,Brown,United Arab Emirates,Premium,5,3,3,3,2,65.0,11.25,55.0,45.88,MEDIUM,NORMAL_CUSTOMER,PERSISTENT_RISK,Repeated problematic journeys | Persistence score 55.00
C000342,Jeremy,Kennedy,United Arab Emirates,Standard,4,1,1,3,3,75.0,5.94,81.0,56.08,HIGH,FRICTION_PRONE_CUSTOMER,PERSISTENT_RISK,Repeated problematic journeys | Persistence score 81.00
C000343,Andrew,Jackson,Saudi Arabia,Standard,3,0,0,0,0,0.0,0.0,0.0,0.0,LOW,LOYAL_LOW_FRICTION_CUSTOMER,LOYAL_STABLE_CUSTOMER,Multiple bookings | Low journey friction | Minimal problematic journeys
C000344,James,Williams,United Arab Emirates,Standard,3,1,1,0,0,35.0,5.42,0.0,15.63,LOW,LOYAL_LOW_FRICTION_CUSTOMER,LOYAL_STABLE_CUSTOMER,Multiple bookings | Low journey friction | Minimal problematic journeys
C000345,Mark,Mooney,United Arab Emirates,Standard,2,0,0,1,1,40.0,1.25,30.0,25.38,MEDIUM,NORMAL_CUSTOMER,DEVELOPING_FRICTION,Emerging risk indicators | Early persistence signal
C000346,Michelle,Lamb,Pakistan,Premium,1,2,2,2,1,65.0,37.5,30.0,46.25,MEDIUM,NORMAL_CUSTOMER,FREQUENT_FRICTION,Frequency score 37.50 | Repeated problematic activity
C000348,Joshua,Mitchell,Saudi Arabia,Standard,1,0,0,0,0,0.0,0.0,0.0,0.0,LOW,NORMAL_CUSTOMER,STABLE_CUSTOMER,Low overall risk | Low severity | Low frequency
C000349,Darlene,Miller,United Arab Emirates,Standard,2,0,0,1,1,40.0,1.25,30.0,25.38,MEDIUM,NORMAL_CUSTOMER,DEVELOPING_FRICTION,Emerging risk indicators | Early persistence signal
C000351,Tina,York,Pakistan,Standard,1,0,0,0,0,0.0,0.0,0.0,0.0,LOW,NORMAL_CUSTOMER,STABLE_CUSTOMER,Low overall risk | Low severity | Low frequency
C000352,Amanda,Ramirez,Other,Premium,1,0,0,0,0,0.0,0.0,0.0,0.0,LOW,NORMAL_CUSTOMER,STABLE_CUSTOMER,Low overall risk | Low severity | Low frequency
C000353,Sheila,Anderson,United Kingdom,Standard,1,1,1,0,0,35.0,16.25,0.0,18.88,LOW,NORMAL_CUSTOMER,FREQUENT_FRICTION,Frequency score 16.25 | Repeated problematic activity
C000355,Tara,Hodge,Saudi Arabia,Premium,1,0,0,1,1,40.0,2.5,30.0,25.75,MEDIUM,NORMAL_CUSTOMER,DEVELOPING_FRICTION,Emerging risk indicators | Early persistence signal
C000356,Gregory,Smith,Pakistan,Standard,3,3,3,4,2,100.0,19.58,65.67,65.58,HIGH,FRICTION_PRONE_CUSTOMER,PERSISTENT_RISK,Repeated problematic journeys | Persistence score 65.67
C000357,Sydney,Rodriguez,Saudi Arabia,Standard,2,0,0,0,0,0.0,0.0,0.0,0.0,LOW,NORMAL_CUSTOMER,STABLE_CUSTOMER,Low overall risk | Low severity | Low frequency
C000358,Joseph,Thompson,Pakistan,Standard,2,0,0,1,1,40.0,1.25,30.0,25.38,MEDIUM,NORMAL_CUSTOMER,DEVELOPING_FRICTION,Emerging risk indicators | Early persistence signal
C000359,Daniel,Vargas,Other,Premium,1,0,0,0,0,0.0,0.0,0.0,0.0,LOW,NORMAL_CUSTOMER,STABLE_CUSTOMER,Low overall risk | Low severity | Low frequency
C000360,Ryan,Hernandez,Pakistan,Standard,3,0,0,1,1,40.0,0.83,30.0,25.25,MEDIUM,LOYAL_LOW_FRICTION_CUSTOMER,DEVELOPING_FRICTION,Emerging risk indicators | Early persistence signal
C000362,Lee,Morton,Pakistan,VIP,2,2,2,2,1,65.0,18.75,30.0,40.62,MEDIUM,NORMAL_CUSTOMER,FREQUENT_FRICTION,Frequency score 18.75 | Repeated problematic activity
C000363,Catherine,Green,United Arab Emirates,Premium,2,0,0,1,1,40.0,1.25,30.0,25.38,MEDIUM,NORMAL_CUSTOMER,DEVELOPING_FRICTION,Emerging risk indicators | Early persistence signal
C000364,William,Haynes,Pakistan,Premium,2,0,0,1,1,40.0,1.25,30.0,25.38,MEDIUM,NORMAL_CUSTOMER,DEVELOPING_FRICTION,Emerging risk indicators | Early persistence signal
C000365,Paul,Washington,Other,Standard,4,1,1,0,0,30.0,4.06,0.0,13.22,LOW,LOYAL_LOW_FRICTION_CUSTOMER,LOYAL_STABLE_CUSTOMER,Multiple bookings | Low journey friction | Minimal problematic journeys
C000366,Barbara,Lloyd,United Arab Emirates,Standard,3,0,0,2,2,40.0,1.67,65.67,36.2,MEDIUM,NORMAL_CUSTOMER,PERSISTENT_RISK,Repeated problematic journeys | Persistence score 65.67
C000367,Jonathan,Atkins,Other,Standard,2,0,0,0,0,0.0,0.0,0.0,0.0,LOW,NORMAL_CUSTOMER,STABLE_CUSTOMER,Low overall risk | Low severity | Low frequency
C000369,Aaron,Miller,Saudi Arabia,Standard,3,1,1,1,1,75.0,6.25,30.0,40.88,MEDIUM,LOYAL_LOW_FRICTION_CUSTOMER,RECENT_HIGH_SEVERITY,High severity score 75.00 | Limited evidence of repeated behavior
C000370,Sara,Thomas,Saudi Arabia,Standard,2,0,0,0,0,0.0,0.0,0.0,0.0,LOW,NORMAL_CUSTOMER,STABLE_CUSTOMER,Low overall risk | Low severity | Low frequency
C000371,Amanda,Peck,Saudi Arabia,Standard,2,3,3,3,1,100.0,28.12,30.0,57.44,HIGH,FRICTION_PRONE_CUSTOMER,RECENT_HIGH_SEVERITY,High severity score 100.00 | Limited evidence of repeated behavior
C000372,Jennifer,Moore,Saudi Arabia,Standard,3,0,0,1,1,40.0,0.83,30.0,25.25,MEDIUM,LOYAL_LOW_FRICTION_CUSTOMER,DEVELOPING_FRICTION,Emerging risk indicators | Early persistence signal
C000373,Judy,Crawford,Saudi Arabia,Premium,2,0,0,1,1,40.0,1.25,30.0,25.38,MEDIUM,NORMAL_CUSTOMER,DEVELOPING_FRICTION,Emerging risk indicators | Early persistence signal
C000375,Michael,Townsend,Saudi Arabia,Standard,4,4,4,2,1,60.0,17.5,28.0,37.65,MEDIUM,NORMAL_CUSTOMER,FREQUENT_FRICTION,Frequency score 17.50 | Repeated problematic activity
C000376,Chad,Young,United Arab Emirates,Standard,3,2,2,2,1,65.0,12.5,30.0,38.75,MEDIUM,LOYAL_LOW_FRICTION_CUSTOMER,DEVELOPING_FRICTION,Emerging risk indicators | Increasing problem frequency | Early persistence signal
C000378,Mark,Walsh,Saudi Arabia,Standard,2,0,0,2,2,40.0,2.5,79.0,40.45,MEDIUM,NORMAL_CUSTOMER,PERSISTENT_RISK,Repeated problematic journeys | Persistence score 79.00
C000379,Lee,Clark,United States,Standard,2,1,1,0,0,35.0,8.12,0.0,16.44,LOW,NORMAL_CUSTOMER,STABLE_CUSTOMER,Low overall risk | Low severity | Low frequency
C000380,Melanie,Navarro,Saudi Arabia,Premium,1,0,0,1,1,45.0,2.5,30.0,27.75,MEDIUM,NORMAL_CUSTOMER,DEVELOPING_FRICTION,Emerging risk indicators | Early persistence signal
C000381,Jennifer,Reed,Saudi Arabia,Premium,1,0,0,0,0,0.0,0.0,0.0,0.0,LOW,NORMAL_CUSTOMER,STABLE_CUSTOMER,Low overall risk | Low severity | Low frequency
C000383,Kyle,Campos,Pakistan,Premium,2,0,0,0,0,0.0,0.0,0.0,0.0,LOW,NORMAL_CUSTOMER,STABLE_CUSTOMER,Low overall risk | Low severity | Low frequency
C000384,Ricky,Wilson,Other,Standard,3,0,0,0,0,0.0,0.0,0.0,0.0,LOW,LOYAL_LOW_FRICTION_CUSTOMER,LOYAL_STABLE_CUSTOMER,Multiple bookings | Low journey friction | Minimal problematic journeys
C000385,Richard,Jackson,United Kingdom,Premium,1,0,0,0,0,0.0,0.0,0.0,0.0,LOW,NORMAL_CUSTOMER,STABLE_CUSTOMER,Low overall risk | Low severity | Low frequency
C000386,Kenneth,Ross,United States,Standard,1,0,0,1,1,40.0,2.5,30.0,25.75,MEDIUM,NORMAL_CUSTOMER,DEVELOPING_FRICTION,Emerging risk indicators | Early persistence signal
C000387,David,Turner,Saudi Arabia,Standard,3,0,0,1,1,45.0,0.83,30.0,27.25,MEDIUM,LOYAL_LOW_FRICTION_CUSTOMER,DEVELOPING_FRICTION,Emerging risk indicators | Early persistence signal
C000388,Robert,Reese,Saudi Arabia,Premium,1,0,0,1,1,40.0,2.5,30.0,25.75,MEDIUM,NORMAL_CUSTOMER,DEVELOPING_FRICTION,Emerging risk indicators | Early persistence signal
C000389,Shelby,Goodwin,United States,Standard,1,0,0,1,1,40.0,2.5,30.0,25.75,MEDIUM,NORMAL_CUSTOMER,DEVELOPING_FRICTION,Emerging risk indicators | Early persistence signal
C000390,Erica,Patel,United States,Standard,1,0,0,0,0,0.0,0.0,0.0,0.0,LOW,NORMAL_CUSTOMER,STABLE_CUSTOMER,Low overall risk | Low severity | Low frequency
C000391,Raven,James,Other,Premium,2,0,0,2,2,45.0,2.5,79.0,42.45,MEDIUM,NORMAL_CUSTOMER,PERSISTENT_RISK,Repeated problematic journeys | Persistence score 79.00
C000392,Christina,Thornton,United Arab Emirates,Premium,2,2,2,1,1,80.0,17.5,30.0,46.25,MEDIUM,NORMAL_CUSTOMER,RECENT_HIGH_SEVERITY,High severity score 80.00 | Limited evidence of repeated behavior
C000393,Kevin,Wells,United Arab Emirates,Standard,4,3,3,1,1,75.0,12.81,28.0,42.24,MEDIUM,NORMAL_CUSTOMER,RECENT_HIGH_SEVERITY,High severity score 75.00 | Limited evidence of repeated behavior
C000394,Amy,Thomas,United States,Standard,1,0,0,1,1,40.0,2.5,30.0,25.75,MEDIUM,NORMAL_CUSTOMER,DEVELOPING_FRICTION,Emerging risk indicators | Early persistence signal
C000395,Aaron,Berg,United Arab Emirates,Premium,1,1,1,0,0,35.0,16.25,0.0,18.88,LOW,NORMAL_CUSTOMER,FREQUENT_FRICTION,Frequency score 16.25 | Repeated problematic activity
C000396,Justin,Smith,Other,VIP,3,2,2,3,2,65.0,13.33,65.67,49.7,HIGH,FRICTION_PRONE_CUSTOMER,PERSISTENT_RISK,Repeated problematic journeys | Persistence score 65.67
C000397,Russell,Ho,Other,Standard,1,0,0,1,1,45.0,2.5,30.0,27.75,MEDIUM,NORMAL_CUSTOMER,DEVELOPING_FRICTION,Emerging risk indicators | Early persistence signal
C000398,Bethany,Cole,United Arab Emirates,Premium,1,0,0,0,0,0.0,0.0,0.0,0.0,LOW,NORMAL_CUSTOMER,STABLE_CUSTOMER,Low overall risk | Low severity | Low frequency
C000399,Diana,Gregory,United States,Premium,1,0,0,0,0,0.0,0.0,0.0,0.0,LOW,NORMAL_CUSTOMER,STABLE_CUSTOMER,Low overall risk | Low severity | Low frequency
C000400,Steven,Nixon,United States,Standard,1,0,0,0,0,0.0,0.0,0.0,0.0,LOW,NORMAL_CUSTOMER,STABLE_CUSTOMER,Low overall risk | Low severity | Low frequency
C000401,Scott,Vega,Saudi Arabia,Premium,2,0,0,0,0,0.0,0.0,0.0,0.0,LOW,NORMAL_CUSTOMER,STABLE_CUSTOMER,Low overall risk | Low severity | Low frequency
C000402,Jason,Williams,Other,Standard,1,0,0,0,0,0.0,0.0,0.0,0.0,LOW,NORMAL_CUSTOMER,STABLE_CUSTOMER,Low overall risk | Low severity | Low frequency
C000403,Thomas,Hardin,Pakistan,Standard,1,1,1,0,0,35.0,16.25,0.0,18.88,LOW,NORMAL_CUSTOMER,FREQUENT_FRICTION,Frequency score 16.25 | Repeated problematic activity
C000404,Rachel,Walsh,United States,Standard,2,3,3,3,2,75.0,28.12,79.0,62.14,HIGH,FRICTION_PRONE_CUSTOMER,PERSISTENT_RISK,Repeated problematic journeys | Persistence score 79.00
C000405,Laura,Blanchard,United Arab Emirates,Standard,3,1,1,2,2,80.0,7.08,65.67,53.82,HIGH,FRICTION_PRONE_CUSTOMER,PERSISTENT_RISK,Repeated problematic journeys | Persistence score 65.67
C000406,Gene,Reynolds,Other,Premium,3,2,2,3,2,65.0,13.33,65.67,49.7,HIGH,FRICTION_PRONE_CUSTOMER,PERSISTENT_RISK,Repeated problematic journeys | Persistence score 65.67
C000407,Christopher,Hull,United Arab Emirates,Standard,4,0,0,1,1,45.0,0.62,28.0,26.59,MEDIUM,LOYAL_LOW_FRICTION_CUSTOMER,DEVELOPING_FRICTION,Emerging risk indicators | Early persistence signal
C000408,Zachary,Garrison,Saudi Arabia,Premium,1,0,0,0,0,0.0,0.0,0.0,0.0,LOW,NORMAL_CUSTOMER,STABLE_CUSTOMER,Low overall risk | Low severity | Low frequency
C000410,Matthew,Adams,Saudi Arabia,Premium,1,1,1,1,1,75.0,18.75,30.0,44.62,MEDIUM,NORMAL_CUSTOMER,RECENT_HIGH_SEVERITY,High severity score 75.00 | Limited evidence of repeated behavior
C000413,Emily,Myers,Other,Standard,1,1,1,0,0,35.0,16.25,0.0,18.88,LOW,NORMAL_CUSTOMER,FREQUENT_FRICTION,Frequency score 16.25 | Repeated problematic activity
C000414,Jeffrey,Mejia,Pakistan,Premium,2,0,0,2,2,45.0,2.5,79.0,42.45,MEDIUM,NORMAL_CUSTOMER,PERSISTENT_RISK,Repeated problematic journeys | Persistence score 79.00
C000418,Thomas,Lee,United Arab Emirates,Premium,3,3,3,3,2,65.0,18.75,65.67,51.33,HIGH,FRICTION_PRONE_CUSTOMER,PERSISTENT_RISK,Repeated problematic journeys | Persistence score 65.67
C000419,Melissa,Rogers,United Kingdom,Standard,1,0,0,1,1,40.0,2.5,30.0,25.75,MEDIUM,NORMAL_CUSTOMER,DEVELOPING_FRICTION,Emerging risk indicators | Early persistence signal
C000420,Charles,Vaughn,United States,Standard,4,0,0,2,2,45.0,1.25,59.0,36.08,MEDIUM,NORMAL_CUSTOMER,PERSISTENT_RISK,Repeated problematic journeys | Persistence score 59.00
C000422,Crystal,Kelley,United States,Standard,3,1,1,2,2,45.0,7.08,65.67,39.83,MEDIUM,NORMAL_CUSTOMER,PERSISTENT_RISK,Repeated problematic journeys | Persistence score 65.67
C000423,James,Chambers,Saudi Arabia,Premium,1,0,0,0,0,0.0,0.0,0.0,0.0,LOW,NORMAL_CUSTOMER,STABLE_CUSTOMER,Low overall risk | Low severity | Low frequency
C000424,Heather,Decker,United Arab Emirates,Standard,2,0,0,0,0,0.0,0.0,0.0,0.0,LOW,NORMAL_CUSTOMER,STABLE_CUSTOMER,Low overall risk | Low severity | Low frequency
C000425,Troy,Smith,Saudi Arabia,Premium,2,0,0,0,0,0.0,0.0,0.0,0.0,LOW,NORMAL_CUSTOMER,STABLE_CUSTOMER,Low overall risk | Low severity | Low frequency
C000426,John,Davis,Pakistan,Premium,1,0,0,1,1,40.0,2.5,30.0,25.75,MEDIUM,NORMAL_CUSTOMER,DEVELOPING_FRICTION,Emerging risk indicators | Early persistence signal
C000428,Adam,Griffin,Other,Standard,1,0,0,0,0,0.0,0.0,0.0,0.0,LOW,NORMAL_CUSTOMER,STABLE_CUSTOMER,Low overall risk | Low severity | Low frequency
C000431,Daniel,Lee,Saudi Arabia,Standard,1,2,2,3,1,100.0,40.0,30.0,61.0,HIGH,FRICTION_PRONE_CUSTOMER,RECENT_HIGH_SEVERITY,High severity score 100.00 | Limited evidence of repeated behavior
C000432,Ronald,Johnson,United States,Standard,2,0,0,1,1,40.0,1.25,30.0,25.38,MEDIUM,NORMAL_CUSTOMER,DEVELOPING_FRICTION,Emerging risk indicators | Early persistence signal
C000433,Gregory,Davis,Pakistan,Standard,2,0,0,0,0,0.0,0.0,0.0,0.0,LOW,NORMAL_CUSTOMER,STABLE_CUSTOMER,Low overall risk | Low severity | Low frequency
C000434,Susan,Mays,Saudi Arabia,Standard,1,0,0,0,0,0.0,0.0,0.0,0.0,LOW,NORMAL_CUSTOMER,STABLE_CUSTOMER,Low overall risk | Low severity | Low frequency
C000436,Brent,Houston,United Kingdom,Standard,1,0,0,0,0,0.0,0.0,0.0,0.0,LOW,NORMAL_CUSTOMER,STABLE_CUSTOMER,Low overall risk | Low severity | Low frequency
C000437,John,Sampson,Saudi Arabia,Standard,1,0,0,0,0,0.0,0.0,0.0,0.0,LOW,NORMAL_CUSTOMER,STABLE_CUSTOMER,Low overall risk | Low severity | Low frequency
C000438,Melinda,Little,United States,Premium,2,0,0,0,0,0.0,0.0,0.0,0.0,LOW,NORMAL_CUSTOMER,STABLE_CUSTOMER,Low overall risk | Low severity | Low frequency
C000441,Elizabeth,Gates,Saudi Arabia,Premium,1,0,0,0,0,0.0,0.0,0.0,0.0,LOW,NORMAL_CUSTOMER,STABLE_CUSTOMER,Low overall risk | Low severity | Low frequency
C000442,Vanessa,Anderson,Other,Premium,4,0,0,3,3,45.0,1.88,81.0,42.86,MEDIUM,NORMAL_CUSTOMER,PERSISTENT_RISK,Repeated problematic journeys | Persistence score 81.00
C000443,Caitlin,Douglas,United Arab Emirates,Standard,2,0,0,0,0,0.0,0.0,0.0,0.0,LOW,NORMAL_CUSTOMER,STABLE_CUSTOMER,Low overall risk | Low severity | Low frequency
C000444,Stephanie,Yoder,United Arab Emirates,VIP,1,0,0,0,0,0.0,0.0,0.0,0.0,LOW,NORMAL_CUSTOMER,STABLE_CUSTOMER,Low overall risk | Low severity | Low frequency
C000445,Patricia,Knight,United States,Premium,3,0,0,1,1,45.0,0.83,30.0,27.25,MEDIUM,LOYAL_LOW_FRICTION_CUSTOMER,DEVELOPING_FRICTION,Emerging risk indicators | Early persistence signal
C000446,Cheyenne,Coffey,Other,Standard,1,2,2,2,1,65.0,37.5,30.0,46.25,MEDIUM,NORMAL_CUSTOMER,FREQUENT_FRICTION,Frequency score 37.50 | Repeated problematic activity
C000447,Jennifer,Kemp,Other,Standard,3,1,1,1,1,45.0,6.25,30.0,28.88,MEDIUM,LOYAL_LOW_FRICTION_CUSTOMER,DEVELOPING_FRICTION,Emerging risk indicators | Increasing problem frequency | Early persistence signal
C000449,Maria,King,United Arab Emirates,Standard,2,0,0,1,1,40.0,1.25,30.0,25.38,MEDIUM,NORMAL_CUSTOMER,DEVELOPING_FRICTION,Emerging risk indicators | Early persistence signal
C000452,Julia,Fowler,Pakistan,Standard,2,0,0,0,0,0.0,0.0,0.0,0.0,LOW,NORMAL_CUSTOMER,STABLE_CUSTOMER,Low overall risk | Low severity | Low frequency
C000453,Thomas,Livingston,United Arab Emirates,Standard,2,1,1,0,0,30.0,8.12,0.0,14.44,LOW,NORMAL_CUSTOMER,STABLE_CUSTOMER,Low overall risk | Low severity | Low frequency
C000454,Jonathon,Hill,Other,Standard,1,0,0,0,0,0.0,0.0,0.0,0.0,LOW,NORMAL_CUSTOMER,STABLE_CUSTOMER,Low overall risk | Low severity | Low frequency
C000455,John,Simmons,Saudi Arabia,Standard,3,2,2,3,1,100.0,13.33,30.0,53.0,HIGH,FRICTION_PRONE_CUSTOMER,RECENT_HIGH_SEVERITY,High severity score 100.00 | Limited evidence of repeated behavior
C000456,Dana,Berger,United Arab Emirates,Standard,1,0,0,0,0,0.0,0.0,0.0,0.0,LOW,NORMAL_CUSTOMER,STABLE_CUSTOMER,Low overall risk | Low severity | Low frequency
C000457,Katie,Carrillo,Saudi Arabia,Standard,2,0,0,1,1,40.0,1.25,30.0,25.38,MEDIUM,NORMAL_CUSTOMER,DEVELOPING_FRICTION,Emerging risk indicators | Early persistence signal
C000459,Courtney,Martin,Saudi Arabia,Standard,1,0,0,0,0,0.0,0.0,0.0,0.0,LOW,NORMAL_CUSTOMER,STABLE_CUSTOMER,Low overall risk | Low severity | Low frequency
C000460,Joshua,Jones,Saudi Arabia,Premium,1,0,0,0,0,0.0,0.0,0.0,0.0,LOW,NORMAL_CUSTOMER,STABLE_CUSTOMER,Low overall risk | Low severity | Low frequency
C000461,Chris,Waters,Saudi Arabia,Premium,3,1,1,3,3,70.0,7.92,91.0,57.68,HIGH,FRICTION_PRONE_CUSTOMER,PERSISTENT_RISK,Repeated problematic journeys | Persistence score 91.00
C000463,Joseph,Cook,United Kingdom,Premium,1,0,0,0,0,0.0,0.0,0.0,0.0,LOW,NORMAL_CUSTOMER,STABLE_CUSTOMER,Low overall risk | Low severity | Low frequency
C000464,Luis,Brown,Pakistan,Premium,1,0,0,0,0,0.0,0.0,0.0,0.0,LOW,NORMAL_CUSTOMER,STABLE_CUSTOMER,Low overall risk | Low severity | Low frequency
C000465,Amber,Sosa,Other,Premium,3,2,2,4,3,60.0,14.17,91.0,55.55,HIGH,FRICTION_PRONE_CUSTOMER,PERSISTENT_RISK,Repeated problematic journeys | Persistence score 91.00
C000467,Jesse,Alexander,Saudi Arabia,Standard,1,2,2,2,1,65.0,37.5,30.0,46.25,MEDIUM,NORMAL_CUSTOMER,FREQUENT_FRICTION,Frequency score 37.50 | Repeated problematic activity
C000468,Heather,Vasquez,Other,Premium,1,1,1,0,0,30.0,16.25,0.0,16.88,LOW,NORMAL_CUSTOMER,FREQUENT_FRICTION,Frequency score 16.25 | Repeated problematic activity
C000471,Rick,White,Saudi Arabia,Standard,4,1,1,1,1,40.0,4.69,28.0,25.81,MEDIUM,LOYAL_LOW_FRICTION_CUSTOMER,DEVELOPING_FRICTION,Emerging risk indicators | Early persistence signal
C000472,Amy,Vasquez,Other,VIP,1,0,0,0,0,0.0,0.0,0.0,0.0,LOW,NORMAL_CUSTOMER,STABLE_CUSTOMER,Low overall risk | Low severity | Low frequency
C000475,Robert,Robinson,Pakistan,Standard,2,0,0,1,1,40.0,1.25,30.0,25.38,MEDIUM,NORMAL_CUSTOMER,DEVELOPING_FRICTION,Emerging risk indicators | Early persistence signal
C000476,Rebecca,Schneider,Other,Premium,3,0,0,2,2,45.0,1.67,65.67,38.2,MEDIUM,NORMAL_CUSTOMER,PERSISTENT_RISK,Repeated problematic journeys | Persistence score 65.67
C000478,Heather,Baldwin,Pakistan,Standard,2,0,0,0,0,0.0,0.0,0.0,0.0,LOW,NORMAL_CUSTOMER,STABLE_CUSTOMER,Low overall risk | Low severity | Low frequency
C000479,Melissa,Garcia,Other,Standard,1,0,0,0,0,0.0,0.0,0.0,0.0,LOW,NORMAL_CUSTOMER,STABLE_CUSTOMER,Low overall risk | Low severity | Low frequency
C000480,Kathy,Jones,Pakistan,Standard,2,0,0,0,0,0.0,0.0,0.0,0.0,LOW,NORMAL_CUSTOMER,STABLE_CUSTOMER,Low overall risk | Low severity | Low frequency
C000482,Adam,King,United Kingdom,Standard,1,0,0,0,0,0.0,0.0,0.0,0.0,LOW,NORMAL_CUSTOMER,STABLE_CUSTOMER,Low overall risk | Low severity | Low frequency
C000483,Michael,Griffin,United Arab Emirates,Standard,1,1,1,0,0,35.0,16.25,0.0,18.88,LOW,NORMAL_CUSTOMER,FREQUENT_FRICTION,Frequency score 16.25 | Repeated problematic activity
C000485,Melissa,Hernandez,Pakistan,Premium,2,2,2,3,1,100.0,20.0,30.0,55.0,HIGH,FRICTION_PRONE_CUSTOMER,RECENT_HIGH_SEVERITY,High severity score 100.00 | Limited evidence of repeated behavior
C000486,Stephanie,Bowman,Other,Standard,1,2,2,2,1,65.0,37.5,30.0,46.25,MEDIUM,NORMAL_CUSTOMER,FREQUENT_FRICTION,Frequency score 37.50 | Repeated problematic activity
C000489,Amy,Adams,Other,Standard,4,0,0,2,2,45.0,1.25,59.0,36.08,MEDIUM,NORMAL_CUSTOMER,PERSISTENT_RISK,Repeated problematic journeys | Persistence score 59.00
C000490,Carrie,Graves,Other,Standard,3,2,2,2,1,65.0,12.5,30.0,38.75,MEDIUM,LOYAL_LOW_FRICTION_CUSTOMER,DEVELOPING_FRICTION,Emerging risk indicators | Increasing problem frequency | Early persistence signal
C000491,Jeffrey,Conway,United Arab Emirates,Standard,3,1,1,1,1,40.0,6.25,30.0,26.88,MEDIUM,LOYAL_LOW_FRICTION_CUSTOMER,DEVELOPING_FRICTION,Emerging risk indicators | Increasing problem frequency | Early persistence signal
C000492,Jeffrey,Andrews,Pakistan,Premium,1,2,2,2,1,65.0,37.5,30.0,46.25,MEDIUM,NORMAL_CUSTOMER,FREQUENT_FRICTION,Frequency score 37.50 | Repeated problematic activity
C000493,Ryan,Robertson,Saudi Arabia,Standard,5,2,2,3,2,65.0,8.0,55.0,44.9,MEDIUM,NORMAL_CUSTOMER,PERSISTENT_RISK,Repeated problematic journeys | Persistence score 55.00
C000494,Anthony,Case,Saudi Arabia,Standard,1,0,0,1,1,40.0,2.5,30.0,25.75,MEDIUM,NORMAL_CUSTOMER,DEVELOPING_FRICTION,Emerging risk indicators | Early persistence signal
C000495,Matthew,Henry,United Arab Emirates,Standard,1,0,0,1,1,45.0,2.5,30.0,27.75,MEDIUM,NORMAL_CUSTOMER,DEVELOPING_FRICTION,Emerging risk indicators | Early persistence signal
C000496,Erin,Graham,United Arab Emirates,Standard,2,0,0,2,2,45.0,2.5,79.0,42.45,MEDIUM,NORMAL_CUSTOMER,PERSISTENT_RISK,Repeated problematic journeys | Persistence score 79.00
C000498,Frederick,Norman,Saudi Arabia,Standard,1,1,1,0,0,30.0,16.25,0.0,16.88,LOW,NORMAL_CUSTOMER,FREQUENT_FRICTION,Frequency score 16.25 | Repeated problematic activity
C000499,Tanner,Floyd,Other,Standard,3,0,0,2,2,45.0,1.67,65.67,38.2,MEDIUM,NORMAL_CUSTOMER,PERSISTENT_RISK,Repeated problematic journeys | Persistence score 65.67
C000500,David,Fernandez,Other,Standard,2,2,2,4,2,100.0,21.25,79.0,70.08,HIGH,FRICTION_PRONE_CUSTOMER,PERSISTENT_RISK,Repeated problematic journeys | Persistence score 79.00
C000502,Anthony,Finley,Pakistan,Standard,2,0,0,0,0,0.0,0.0,0.0,0.0,LOW,NORMAL_CUSTOMER,STABLE_CUSTOMER,Low overall risk | Low severity | Low frequency
C000503,Phillip,Meyers,United Arab Emirates,Standard,1,0,0,0,0,0.0,0.0,0.0,0.0,LOW,NORMAL_CUSTOMER,STABLE_CUSTOMER,Low overall risk | Low severity | Low frequency
C000504,Anne,Olson,United States,Standard,1,0,0,0,0,0.0,0.0,0.0,0.0,LOW,NORMAL_CUSTOMER,STABLE_CUSTOMER,Low overall risk | Low severity | Low frequency
C000505,Anthony,Bradley,United Kingdom,Standard,2,1,1,1,1,70.0,9.38,30.0,39.81,MEDIUM,NORMAL_CUSTOMER,DEVELOPING_FRICTION,Emerging risk indicators | Increasing problem frequency | Early persistence signal
C000506,Dawn,Donovan,Saudi Arabia,Standard,2,1,1,0,0,30.0,8.12,0.0,14.44,LOW,NORMAL_CUSTOMER,STABLE_CUSTOMER,Low overall risk | Low severity | Low frequency
C000507,Derek,Howard,Other,Standard,1,0,0,1,1,45.0,2.5,30.0,27.75,MEDIUM,NORMAL_CUSTOMER,DEVELOPING_FRICTION,Emerging risk indicators | Early persistence signal
C000508,Steven,Maldonado,United States,Standard,2,1,1,0,0,35.0,8.12,0.0,16.44,LOW,NORMAL_CUSTOMER,STABLE_CUSTOMER,Low overall risk | Low severity | Low frequency
C000509,Brent,Morales,Other,Standard,2,0,0,0,0,0.0,0.0,0.0,0.0,LOW,NORMAL_CUSTOMER,STABLE_CUSTOMER,Low overall risk | Low severity | Low frequency
C000510,Nicholas,Chen,United Kingdom,Standard,1,0,0,0,0,0.0,0.0,0.0,0.0,LOW,NORMAL_CUSTOMER,STABLE_CUSTOMER,Low overall risk | Low severity | Low frequency
C000511,Jason,Benjamin,Pakistan,Standard,2,1,1,0,0,30.0,8.12,0.0,14.44,LOW,NORMAL_CUSTOMER,STABLE_CUSTOMER,Low overall risk | Low severity | Low frequency
C000513,Kathleen,Nichols,Other,Standard,2,0,0,0,0,0.0,0.0,0.0,0.0,LOW,NORMAL_CUSTOMER,STABLE_CUSTOMER,Low overall risk | Low severity | Low frequency
C000514,Nicholas,Woodward,Other,Premium,1,0,0,0,0,0.0,0.0,0.0,0.0,LOW,NORMAL_CUSTOMER,STABLE_CUSTOMER,Low overall risk | Low severity | Low frequency
C000515,Karen,Miller,Saudi Arabia,Premium,4,0,0,0,0,0.0,0.0,0.0,0.0,LOW,LOYAL_LOW_FRICTION_CUSTOMER,LOYAL_STABLE_CUSTOMER,Multiple bookings | Low journey friction | Minimal problematic journeys
C000516,Marie,Stevens,Saudi Arabia,Standard,3,2,2,4,2,100.0,14.17,65.67,63.95,HIGH,FRICTION_PRONE_CUSTOMER,PERSISTENT_RISK,Repeated problematic journeys | Persistence score 65.67
C000517,Johnny,Miranda,United Arab Emirates,Premium,2,0,0,2,2,45.0,2.5,79.0,42.45,MEDIUM,NORMAL_CUSTOMER,PERSISTENT_RISK,Repeated problematic journeys | Persistence score 79.00
C000518,Christopher,Holland,United States,Standard,1,0,0,1,1,40.0,2.5,30.0,25.75,MEDIUM,NORMAL_CUSTOMER,DEVELOPING_FRICTION,Emerging risk indicators | Early persistence signal
C000520,Amber,Williams,Saudi Arabia,VIP,3,1,1,1,1,40.0,6.25,30.0,26.88,MEDIUM,LOYAL_LOW_FRICTION_CUSTOMER,DEVELOPING_FRICTION,Emerging risk indicators | Increasing problem frequency | Early persistence signal
C000521,Zoe,Cruz,Pakistan,Premium,3,0,0,1,1,45.0,0.83,30.0,27.25,MEDIUM,LOYAL_LOW_FRICTION_CUSTOMER,DEVELOPING_FRICTION,Emerging risk indicators | Early persistence signal
C000522,Michael,Lee,United Arab Emirates,VIP,2,0,0,0,0,0.0,0.0,0.0,0.0,LOW,NORMAL_CUSTOMER,STABLE_CUSTOMER,Low overall risk | Low severity | Low frequency
C000523,Debra,Dominguez,Other,Standard,3,0,0,2,2,40.0,1.67,65.67,36.2,MEDIUM,NORMAL_CUSTOMER,PERSISTENT_RISK,Repeated problematic journeys | Persistence score 65.67
C000524,Kimberly,Mosley,United States,Standard,2,0,0,0,0,0.0,0.0,0.0,0.0,LOW,NORMAL_CUSTOMER,STABLE_CUSTOMER,Low overall risk | Low severity | Low frequency
C000525,Denise,Mccoy,United States,Standard,2,0,0,0,0,0.0,0.0,0.0,0.0,LOW,NORMAL_CUSTOMER,STABLE_CUSTOMER,Low overall risk | Low severity | Low frequency
C000526,Karen,Howard,United Arab Emirates,Standard,2,0,0,0,0,0.0,0.0,0.0,0.0,LOW,NORMAL_CUSTOMER,STABLE_CUSTOMER,Low overall risk | Low severity | Low frequency
C000527,Stefanie,Miller,United Arab Emirates,Standard,3,1,1,1,1,75.0,6.25,30.0,40.88,MEDIUM,LOYAL_LOW_FRICTION_CUSTOMER,RECENT_HIGH_SEVERITY,High severity score 75.00 | Limited evidence of repeated behavior
C000528,James,Chen,Saudi Arabia,Premium,2,0,0,0,0,0.0,0.0,0.0,0.0,LOW,NORMAL_CUSTOMER,STABLE_CUSTOMER,Low overall risk | Low severity | Low frequency
C000529,Andrew,Moss,Saudi Arabia,Standard,1,0,0,0,0,0.0,0.0,0.0,0.0,LOW,NORMAL_CUSTOMER,STABLE_CUSTOMER,Low overall risk | Low severity | Low frequency
C000530,Elijah,Taylor,Other,Standard,3,2,2,0,0,30.0,10.83,0.0,15.25,LOW,LOYAL_LOW_FRICTION_CUSTOMER,LOYAL_STABLE_CUSTOMER,Multiple bookings | Low journey friction | Minimal problematic journeys
C000532,Elizabeth,Cortez,Other,Standard,1,0,0,0,0,0.0,0.0,0.0,0.0,LOW,NORMAL_CUSTOMER,STABLE_CUSTOMER,Low overall risk | Low severity | Low frequency
C000535,Holly,Brown,United States,Standard,2,0,0,1,1,40.0,1.25,30.0,25.38,MEDIUM,NORMAL_CUSTOMER,DEVELOPING_FRICTION,Emerging risk indicators | Early persistence signal
C000537,Gary,Parker,United States,Premium,3,0,0,2,2,45.0,1.67,65.67,38.2,MEDIUM,NORMAL_CUSTOMER,PERSISTENT_RISK,Repeated problematic journeys | Persistence score 65.67
C000538,Catherine,Ferguson,Saudi Arabia,VIP,1,1,1,0,0,35.0,16.25,0.0,18.88,LOW,NORMAL_CUSTOMER,FREQUENT_FRICTION,Frequency score 16.25 | Repeated problematic activity
C000540,Danny,Cole,Saudi Arabia,Premium,2,0,0,0,0,0.0,0.0,0.0,0.0,LOW,NORMAL_CUSTOMER,STABLE_CUSTOMER,Low overall risk | Low severity | Low frequency
C000541,Lori,Forbes,Other,Standard,1,0,0,1,1,45.0,2.5,30.0,27.75,MEDIUM,NORMAL_CUSTOMER,DEVELOPING_FRICTION,Emerging risk indicators | Early persistence signal
C000542,Tami,Johnson,Pakistan,Premium,4,1,1,2,2,45.0,5.31,59.0,37.29,MEDIUM,NORMAL_CUSTOMER,PERSISTENT_RISK,Repeated problematic journeys | Persistence score 59.00
C000543,Daniel,Brown,Saudi Arabia,Standard,1,0,0,0,0,0.0,0.0,0.0,0.0,LOW,NORMAL_CUSTOMER,STABLE_CUSTOMER,Low overall risk | Low severity | Low frequency
C000545,Larry,Williams,Pakistan,Standard,1,0,0,0,0,0.0,0.0,0.0,0.0,LOW,NORMAL_CUSTOMER,STABLE_CUSTOMER,Low overall risk | Low severity | Low frequency
C000546,Erica,Wilson,United Arab Emirates,Standard,7,3,3,0,0,35.0,6.96,0.0,16.09,LOW,LOYAL_LOW_FRICTION_CUSTOMER,LOYAL_STABLE_CUSTOMER,Multiple bookings | Low journey friction | Minimal problematic journeys
C000547,Susan,Roman,Saudi Arabia,Standard,3,0,0,1,1,40.0,0.83,30.0,25.25,MEDIUM,LOYAL_LOW_FRICTION_CUSTOMER,DEVELOPING_FRICTION,Emerging risk indicators | Early persistence signal
C000548,Randy,Contreras,United Kingdom,Standard,1,0,0,0,0,0.0,0.0,0.0,0.0,LOW,NORMAL_CUSTOMER,STABLE_CUSTOMER,Low overall risk | Low severity | Low frequency
C000549,Jennifer,Ellis,Pakistan,Standard,2,0,0,2,2,40.0,2.5,79.0,40.45,MEDIUM,NORMAL_CUSTOMER,PERSISTENT_RISK,Repeated problematic journeys | Persistence score 79.00
C000551,Hannah,Sawyer,Pakistan,Premium,1,0,0,0,0,0.0,0.0,0.0,0.0,LOW,NORMAL_CUSTOMER,STABLE_CUSTOMER,Low overall risk | Low severity | Low frequency
C000552,Courtney,Hernandez,Other,Standard,1,1,1,0,0,30.0,16.25,0.0,16.88,LOW,NORMAL_CUSTOMER,FREQUENT_FRICTION,Frequency score 16.25 | Repeated problematic activity
C000553,Curtis,Riley,Pakistan,Standard,1,2,2,2,1,65.0,37.5,30.0,46.25,MEDIUM,NORMAL_CUSTOMER,FREQUENT_FRICTION,Frequency score 37.50 | Repeated problematic activity
C000554,Kendra,Buckley,Pakistan,Premium,1,0,0,0,0,0.0,0.0,0.0,0.0,LOW,NORMAL_CUSTOMER,STABLE_CUSTOMER,Low overall risk | Low severity | Low frequency
C000556,Caroline,Thomas,United Arab Emirates,Standard,3,2,2,3,2,65.0,13.33,65.67,49.7,HIGH,FRICTION_PRONE_CUSTOMER,PERSISTENT_RISK,Repeated problematic journeys | Persistence score 65.67
C000557,David,Valdez,Saudi Arabia,Standard,3,1,1,1,1,40.0,6.25,30.0,26.88,MEDIUM,LOYAL_LOW_FRICTION_CUSTOMER,DEVELOPING_FRICTION,Emerging risk indicators | Increasing problem frequency | Early persistence signal
C000558,Tonya,Ruiz,Saudi Arabia,Standard,1,0,0,1,1,45.0,2.5,30.0,27.75,MEDIUM,NORMAL_CUSTOMER,DEVELOPING_FRICTION,Emerging risk indicators | Early persistence signal
C000559,Kimberly,Hardin,United States,VIP,1,0,0,0,0,0.0,0.0,0.0,0.0,LOW,NORMAL_CUSTOMER,STABLE_CUSTOMER,Low overall risk | Low severity | Low frequency
C000560,Michael,Williams,Pakistan,Premium,2,0,0,0,0,0.0,0.0,0.0,0.0,LOW,NORMAL_CUSTOMER,STABLE_CUSTOMER,Low overall risk | Low severity | Low frequency
C000561,Ross,Haynes,United Kingdom,Premium,2,3,3,3,1,100.0,28.12,30.0,57.44,HIGH,FRICTION_PRONE_CUSTOMER,RECENT_HIGH_SEVERITY,High severity score 100.00 | Limited evidence of repeated behavior
C000562,Mitchell,Anderson,Saudi Arabia,Standard,1,1,1,1,1,75.0,18.75,30.0,44.62,MEDIUM,NORMAL_CUSTOMER,RECENT_HIGH_SEVERITY,High severity score 75.00 | Limited evidence of repeated behavior
C000563,William,Jackson,Saudi Arabia,Standard,2,2,2,3,1,100.0,20.0,30.0,55.0,HIGH,FRICTION_PRONE_CUSTOMER,RECENT_HIGH_SEVERITY,High severity score 100.00 | Limited evidence of repeated behavior
C000564,Matthew,Williams,Saudi Arabia,Standard,1,0,0,1,1,45.0,2.5,30.0,27.75,MEDIUM,NORMAL_CUSTOMER,DEVELOPING_FRICTION,Emerging risk indicators | Early persistence signal
C000565,Melissa,Parker,United Arab Emirates,Standard,2,0,0,0,0,0.0,0.0,0.0,0.0,LOW,NORMAL_CUSTOMER,STABLE_CUSTOMER,Low overall risk | Low severity | Low frequency
C000567,Daniel,Bryant,United Arab Emirates,Standard,2,0,0,1,1,40.0,1.25,30.0,25.38,MEDIUM,NORMAL_CUSTOMER,DEVELOPING_FRICTION,Emerging risk indicators | Early persistence signal
C000570,Maria,Meyers,United Arab Emirates,Standard,2,0,0,0,0,0.0,0.0,0.0,0.0,LOW,NORMAL_CUSTOMER,STABLE_CUSTOMER,Low overall risk | Low severity | Low frequency
C000571,Jasmine,Rodriguez,Pakistan,Premium,1,0,0,0,0,0.0,0.0,0.0,0.0,LOW,NORMAL_CUSTOMER,STABLE_CUSTOMER,Low overall risk | Low severity | Low frequency
C000572,Ryan,Crawford,United States,Standard,3,0,0,1,1,40.0,0.83,30.0,25.25,MEDIUM,LOYAL_LOW_FRICTION_CUSTOMER,DEVELOPING_FRICTION,Emerging risk indicators | Early persistence signal
C000573,Jessica,Lloyd,United Arab Emirates,Premium,3,2,2,3,2,65.0,13.33,65.67,49.7,HIGH,FRICTION_PRONE_CUSTOMER,PERSISTENT_RISK,Repeated problematic journeys | Persistence score 65.67
C000575,Joseph,Brock,Other,Standard,5,1,1,2,2,45.0,4.25,55.0,35.78,MEDIUM,NORMAL_CUSTOMER,PERSISTENT_RISK,Repeated problematic journeys | Persistence score 55.00
C000576,Lindsey,Simmons,Other,Standard,2,3,3,2,1,65.0,26.88,30.0,43.06,MEDIUM,NORMAL_CUSTOMER,FREQUENT_FRICTION,Frequency score 26.88 | Repeated problematic activity
C000579,Ryan,Gregory,United Arab Emirates,Standard,1,0,0,1,1,40.0,2.5,30.0,25.75,MEDIUM,NORMAL_CUSTOMER,DEVELOPING_FRICTION,Emerging risk indicators | Early persistence signal
C000580,Jessica,Nguyen,Saudi Arabia,Premium,1,0,0,1,1,45.0,2.5,30.0,27.75,MEDIUM,NORMAL_CUSTOMER,DEVELOPING_FRICTION,Emerging risk indicators | Early persistence signal
C000581,Joseph,Daugherty,United Arab Emirates,VIP,3,2,2,3,2,65.0,13.33,65.67,49.7,HIGH,FRICTION_PRONE_CUSTOMER,PERSISTENT_RISK,Repeated problematic journeys | Persistence score 65.67
C000582,Melissa,Johnston,Other,Standard,2,2,2,2,1,60.0,18.75,30.0,38.62,MEDIUM,NORMAL_CUSTOMER,FREQUENT_FRICTION,Frequency score 18.75 | Repeated problematic activity
C000584,Christopher,Copeland,United Arab Emirates,Standard,2,0,0,0,0,0.0,0.0,0.0,0.0,LOW,NORMAL_CUSTOMER,STABLE_CUSTOMER,Low overall risk | Low severity | Low frequency
C000585,Nicole,Mcguire,Pakistan,Premium,1,1,1,0,0,35.0,16.25,0.0,18.88,LOW,NORMAL_CUSTOMER,FREQUENT_FRICTION,Frequency score 16.25 | Repeated problematic activity
C000586,John,Duran,Saudi Arabia,Standard,2,2,2,2,1,65.0,18.75,30.0,40.62,MEDIUM,NORMAL_CUSTOMER,FREQUENT_FRICTION,Frequency score 18.75 | Repeated problematic activity
C000588,Cheryl,Rogers,Saudi Arabia,Standard,2,0,0,1,1,40.0,1.25,30.0,25.38,MEDIUM,NORMAL_CUSTOMER,DEVELOPING_FRICTION,Emerging risk indicators | Early persistence signal
C000589,Nicholas,Martinez,Saudi Arabia,Premium,2,1,1,1,1,70.0,9.38,30.0,39.81,MEDIUM,NORMAL_CUSTOMER,DEVELOPING_FRICTION,Emerging risk indicators | Increasing problem frequency | Early persistence signal
C000590,Anthony,Thomas,Saudi Arabia,Standard,1,0,0,0,0,0.0,0.0,0.0,0.0,LOW,NORMAL_CUSTOMER,STABLE_CUSTOMER,Low overall risk | Low severity | Low frequency
C000591,Melissa,Perry,Saudi Arabia,Standard,1,0,0,0,0,0.0,0.0,0.0,0.0,LOW,NORMAL_CUSTOMER,STABLE_CUSTOMER,Low overall risk | Low severity | Low frequency
C000592,Hunter,Horton,Pakistan,Premium,1,0,0,0,0,0.0,0.0,0.0,0.0,LOW,NORMAL_CUSTOMER,STABLE_CUSTOMER,Low overall risk | Low severity | Low frequency
C000594,Lauren,Gonzales,United Arab Emirates,Standard,4,1,1,2,2,45.0,5.31,59.0,37.29,MEDIUM,NORMAL_CUSTOMER,PERSISTENT_RISK,Repeated problematic journeys | Persistence score 59.00
C000596,Nicole,Williams,United Arab Emirates,Standard,5,0,0,1,1,40.0,0.5,26.0,23.95,LOW,LOYAL_LOW_FRICTION_CUSTOMER,DEVELOPING_FRICTION,Emerging risk indicators | Early persistence signal
C000597,Jacqueline,Garcia,United Kingdom,Standard,3,2,2,3,2,65.0,13.33,65.67,49.7,HIGH,FRICTION_PRONE_CUSTOMER,PERSISTENT_RISK,Repeated problematic journeys | Persistence score 65.67
C000598,Joshua,Boone,Saudi Arabia,Standard,3,1,1,1,1,80.0,6.25,30.0,42.88,MEDIUM,LOYAL_LOW_FRICTION_CUSTOMER,RECENT_HIGH_SEVERITY,High severity score 80.00 | Limited evidence of repeated behavior
C000599,Alejandro,Salazar,Saudi Arabia,Standard,1,0,0,1,1,40.0,2.5,30.0,25.75,MEDIUM,NORMAL_CUSTOMER,DEVELOPING_FRICTION,Emerging risk indicators | Early persistence signal
C000600,Stacy,Strickland,Saudi Arabia,Standard,1,0,0,1,1,45.0,2.5,30.0,27.75,MEDIUM,NORMAL_CUSTOMER,DEVELOPING_FRICTION,Emerging risk indicators | Early persistence signal
C000601,Christopher,Smith,Saudi Arabia,Standard,5,0,0,2,2,40.0,1.0,55.0,32.8,MEDIUM,NORMAL_CUSTOMER,PERSISTENT_RISK,Repeated problematic journeys | Persistence score 55.00
C000602,Jennifer,Tucker,Saudi Arabia,Standard,1,0,0,1,1,45.0,2.5,30.0,27.75,MEDIUM,NORMAL_CUSTOMER,DEVELOPING_FRICTION,Emerging risk indicators | Early persistence signal
C000603,Tracy,Smith,Saudi Arabia,Premium,1,0,0,0,0,0.0,0.0,0.0,0.0,LOW,NORMAL_CUSTOMER,STABLE_CUSTOMER,Low overall risk | Low severity | Low frequency
C000604,Katherine,White,Saudi Arabia,Premium,2,1,1,1,1,45.0,9.38,30.0,29.81,MEDIUM,NORMAL_CUSTOMER,DEVELOPING_FRICTION,Emerging risk indicators | Increasing problem frequency | Early persistence signal
C000605,Hannah,Davis,Saudi Arabia,Standard,1,1,1,0,0,35.0,16.25,0.0,18.88,LOW,NORMAL_CUSTOMER,FREQUENT_FRICTION,Frequency score 16.25 | Repeated problematic activity
C000607,Travis,Eaton,Saudi Arabia,Standard,1,0,0,0,0,0.0,0.0,0.0,0.0,LOW,NORMAL_CUSTOMER,STABLE_CUSTOMER,Low overall risk | Low severity | Low frequency
C000608,Laura,Butler,United Arab Emirates,Premium,2,0,0,0,0,0.0,0.0,0.0,0.0,LOW,NORMAL_CUSTOMER,STABLE_CUSTOMER,Low overall risk | Low severity | Low frequency
C000609,Christopher,Aguirre,Pakistan,Standard,2,1,1,0,0,30.0,8.12,0.0,14.44,LOW,NORMAL_CUSTOMER,STABLE_CUSTOMER,Low overall risk | Low severity | Low frequency
C000610,Jeffrey,Barton,United Kingdom,Standard,3,3,3,4,2,65.0,19.58,65.67,51.58,HIGH,FRICTION_PRONE_CUSTOMER,PERSISTENT_RISK,Repeated problematic journeys | Persistence score 65.67
C000611,Heather,Schwartz,Saudi Arabia,Standard,4,1,1,0,0,35.0,4.06,0.0,15.22,LOW,LOYAL_LOW_FRICTION_CUSTOMER,LOYAL_STABLE_CUSTOMER,Multiple bookings | Low journey friction | Minimal problematic journeys
C000613,Bonnie,Bowman,Pakistan,Standard,3,0,0,2,2,45.0,1.67,65.67,38.2,MEDIUM,NORMAL_CUSTOMER,PERSISTENT_RISK,Repeated problematic journeys | Persistence score 65.67
C000615,Alyssa,Jenkins,Other,Standard,3,0,0,0,0,0.0,0.0,0.0,0.0,LOW,LOYAL_LOW_FRICTION_CUSTOMER,LOYAL_STABLE_CUSTOMER,Multiple bookings | Low journey friction | Minimal problematic journeys
C000616,Ronald,Hurley,Other,Standard,5,0,0,0,0,0.0,0.0,0.0,0.0,LOW,LOYAL_LOW_FRICTION_CUSTOMER,LOYAL_STABLE_CUSTOMER,Multiple bookings | Low journey friction | Minimal problematic journeys
C000617,Julie,Bishop,Saudi Arabia,Standard,3,0,0,1,1,40.0,0.83,30.0,25.25,MEDIUM,LOYAL_LOW_FRICTION_CUSTOMER,DEVELOPING_FRICTION,Emerging risk indicators | Early persistence signal
C000618,Mark,Johnson,Saudi Arabia,Premium,1,0,0,0,0,0.0,0.0,0.0,0.0,LOW,NORMAL_CUSTOMER,STABLE_CUSTOMER,Low overall risk | Low severity | Low frequency
C000619,Jacqueline,White,United States,Standard,1,0,0,1,1,40.0,2.5,30.0,25.75,MEDIUM,NORMAL_CUSTOMER,DEVELOPING_FRICTION,Emerging risk indicators | Early persistence signal
C000620,Joseph,Porter,United Kingdom,Standard,3,0,0,1,1,40.0,0.83,30.0,25.25,MEDIUM,LOYAL_LOW_FRICTION_CUSTOMER,DEVELOPING_FRICTION,Emerging risk indicators | Early persistence signal
C000623,James,Patton,United Arab Emirates,Standard,1,0,0,0,0,0.0,0.0,0.0,0.0,LOW,NORMAL_CUSTOMER,STABLE_CUSTOMER,Low overall risk | Low severity | Low frequency
C000624,David,Bailey,United Arab Emirates,Standard,1,1,1,0,0,30.0,16.25,0.0,16.88,LOW,NORMAL_CUSTOMER,FREQUENT_FRICTION,Frequency score 16.25 | Repeated problematic activity
C000626,Kathleen,Young,United Arab Emirates,VIP,1,1,1,0,0,30.0,16.25,0.0,16.88,LOW,NORMAL_CUSTOMER,FREQUENT_FRICTION,Frequency score 16.25 | Repeated problematic activity
C000627,Jacob,Wilson,United Arab Emirates,Standard,1,2,2,3,1,100.0,40.0,30.0,61.0,HIGH,FRICTION_PRONE_CUSTOMER,RECENT_HIGH_SEVERITY,High severity score 100.00 | Limited evidence of repeated behavior
C000628,Javier,Moreno,United Kingdom,VIP,1,0,0,1,1,45.0,2.5,30.0,27.75,MEDIUM,NORMAL_CUSTOMER,DEVELOPING_FRICTION,Emerging risk indicators | Early persistence signal
C000629,Todd,Davis,Saudi Arabia,Standard,2,2,2,0,0,30.0,16.25,0.0,16.88,LOW,NORMAL_CUSTOMER,FREQUENT_FRICTION,Frequency score 16.25 | Repeated problematic activity
C000630,Jenny,Cox,Saudi Arabia,Standard,1,0,0,1,1,40.0,2.5,30.0,25.75,MEDIUM,NORMAL_CUSTOMER,DEVELOPING_FRICTION,Emerging risk indicators | Early persistence signal
C000631,Tiffany,Juarez,United Kingdom,Standard,2,1,1,1,1,40.0,9.38,30.0,27.81,MEDIUM,NORMAL_CUSTOMER,DEVELOPING_FRICTION,Emerging risk indicators | Increasing problem frequency | Early persistence signal
C000632,Alicia,Fernandez,Other,Standard,1,0,0,0,0,0.0,0.0,0.0,0.0,LOW,NORMAL_CUSTOMER,STABLE_CUSTOMER,Low overall risk | Low severity | Low frequency
C000633,Justin,Robinson,Pakistan,Standard,1,0,0,0,0,0.0,0.0,0.0,0.0,LOW,NORMAL_CUSTOMER,STABLE_CUSTOMER,Low overall risk | Low severity | Low frequency
C000635,James,Hopkins,Saudi Arabia,Premium,2,1,1,1,1,40.0,9.38,30.0,27.81,MEDIUM,NORMAL_CUSTOMER,DEVELOPING_FRICTION,Emerging risk indicators | Increasing problem frequency | Early persistence signal
C000636,Jeremy,Hill,United Arab Emirates,Premium,1,0,0,0,0,0.0,0.0,0.0,0.0,LOW,NORMAL_CUSTOMER,STABLE_CUSTOMER,Low overall risk | Low severity | Low frequency
C000637,Harry,Lee,Pakistan,Standard,2,1,1,0,0,30.0,8.12,0.0,14.44,LOW,NORMAL_CUSTOMER,STABLE_CUSTOMER,Low overall risk | Low severity | Low frequency
C000639,Amanda,Jennings,Saudi Arabia,Standard,1,0,0,0,0,0.0,0.0,0.0,0.0,LOW,NORMAL_CUSTOMER,STABLE_CUSTOMER,Low overall risk | Low severity | Low frequency
C000640,Joshua,Schmitt,United Arab Emirates,Standard,2,2,2,2,1,65.0,18.75,30.0,40.62,MEDIUM,NORMAL_CUSTOMER,FREQUENT_FRICTION,Frequency score 18.75 | Repeated problematic activity
C000641,Terri,Wells,Saudi Arabia,Standard,1,1,1,0,0,30.0,16.25,0.0,16.88,LOW,NORMAL_CUSTOMER,FREQUENT_FRICTION,Frequency score 16.25 | Repeated problematic activity
C000642,Angela,Thompson,United Arab Emirates,Standard,1,0,0,0,0,0.0,0.0,0.0,0.0,LOW,NORMAL_CUSTOMER,STABLE_CUSTOMER,Low overall risk | Low severity | Low frequency
C000643,Heidi,Santiago,Saudi Arabia,Standard,1,1,1,0,0,35.0,16.25,0.0,18.88,LOW,NORMAL_CUSTOMER,FREQUENT_FRICTION,Frequency score 16.25 | Repeated problematic activity
C000644,David,Williams,United Arab Emirates,Standard,2,0,0,1,1,40.0,1.25,30.0,25.38,MEDIUM,NORMAL_CUSTOMER,DEVELOPING_FRICTION,Emerging risk indicators | Early persistence signal
C000645,Miranda,Newman,Saudi Arabia,Premium,1,2,2,2,1,60.0,37.5,30.0,44.25,MEDIUM,NORMAL_CUSTOMER,FREQUENT_FRICTION,Frequency score 37.50 | Repeated problematic activity
C000646,Travis,Mitchell,Other,Premium,4,1,1,2,2,70.0,5.31,59.0,47.29,MEDIUM,NORMAL_CUSTOMER,PERSISTENT_RISK,Repeated problematic journeys | Persistence score 59.00
C000647,Monique,Hamilton,Pakistan,Standard,2,0,0,0,0,0.0,0.0,0.0,0.0,LOW,NORMAL_CUSTOMER,STABLE_CUSTOMER,Low overall risk | Low severity | Low frequency
C000649,Taylor,Trujillo,United States,Standard,1,0,0,1,1,40.0,2.5,30.0,25.75,MEDIUM,NORMAL_CUSTOMER,DEVELOPING_FRICTION,Emerging risk indicators | Early persistence signal
C000650,Scott,Chang,United Arab Emirates,Standard,3,3,3,0,0,30.0,16.25,0.0,16.88,LOW,NORMAL_CUSTOMER,FREQUENT_FRICTION,Frequency score 16.25 | Repeated problematic activity
C000651,Jack,Williams,Saudi Arabia,Standard,1,0,0,0,0,0.0,0.0,0.0,0.0,LOW,NORMAL_CUSTOMER,STABLE_CUSTOMER,Low overall risk | Low severity | Low frequency
C000652,Brett,Yang,Pakistan,Standard,1,2,2,2,1,65.0,37.5,30.0,46.25,MEDIUM,NORMAL_CUSTOMER,FREQUENT_FRICTION,Frequency score 37.50 | Repeated problematic activity
C000653,Shelley,Buckley,Pakistan,Standard,1,0,0,1,1,40.0,2.5,30.0,25.75,MEDIUM,NORMAL_CUSTOMER,DEVELOPING_FRICTION,Emerging risk indicators | Early persistence signal
C000655,Lynn,Floyd,United Arab Emirates,Standard,2,0,0,1,1,40.0,1.25,30.0,25.38,MEDIUM,NORMAL_CUSTOMER,DEVELOPING_FRICTION,Emerging risk indicators | Early persistence signal
C000657,Charles,Wilson,Saudi Arabia,Standard,2,1,1,1,1,80.0,9.38,30.0,43.81,MEDIUM,NORMAL_CUSTOMER,RECENT_HIGH_SEVERITY,High severity score 80.00 | Limited evidence of repeated behavior
C000658,Crystal,Jacobson,United Arab Emirates,VIP,1,0,0,0,0,0.0,0.0,0.0,0.0,LOW,NORMAL_CUSTOMER,STABLE_CUSTOMER,Low overall risk | Low severity | Low frequency
C000659,Brian,Griffith,Pakistan,Premium,2,0,0,0,0,0.0,0.0,0.0,0.0,LOW,NORMAL_CUSTOMER,STABLE_CUSTOMER,Low overall risk | Low severity | Low frequency
C000660,Edward,Watkins,Pakistan,Standard,4,2,2,2,1,60.0,9.38,28.0,35.21,MEDIUM,LOYAL_LOW_FRICTION_CUSTOMER,DEVELOPING_FRICTION,Emerging risk indicators | Increasing problem frequency | Early persistence signal
C000661,Anna,Nguyen,United Arab Emirates,Standard,2,1,1,1,1,45.0,9.38,30.0,29.81,MEDIUM,NORMAL_CUSTOMER,DEVELOPING_FRICTION,Emerging risk indicators | Increasing problem frequency | Early persistence signal
C000662,Kevin,Gonzalez,Other,Premium,5,2,2,2,1,65.0,7.5,26.0,36.05,MEDIUM,LOYAL_LOW_FRICTION_CUSTOMER,DEVELOPING_FRICTION,Emerging risk indicators | Increasing problem frequency | Early persistence signal
C000663,Victoria,Rhodes,Pakistan,Standard,1,0,0,0,0,0.0,0.0,0.0,0.0,LOW,NORMAL_CUSTOMER,STABLE_CUSTOMER,Low overall risk | Low severity | Low frequency
C000664,David,Nguyen,Saudi Arabia,Premium,2,0,0,0,0,0.0,0.0,0.0,0.0,LOW,NORMAL_CUSTOMER,STABLE_CUSTOMER,Low overall risk | Low severity | Low frequency
C000665,Kathy,Maxwell,Saudi Arabia,Standard,1,0,0,0,0,0.0,0.0,0.0,0.0,LOW,NORMAL_CUSTOMER,STABLE_CUSTOMER,Low overall risk | Low severity | Low frequency
C000666,Catherine,Nguyen,Saudi Arabia,Premium,1,0,0,1,1,45.0,2.5,30.0,27.75,MEDIUM,NORMAL_CUSTOMER,DEVELOPING_FRICTION,Emerging risk indicators | Early persistence signal
C000667,Krystal,Garcia,Saudi Arabia,Premium,3,0,0,0,0,0.0,0.0,0.0,0.0,LOW,LOYAL_LOW_FRICTION_CUSTOMER,LOYAL_STABLE_CUSTOMER,Multiple bookings | Low journey friction | Minimal problematic journeys
C000668,Jeremiah,Rojas,Saudi Arabia,Standard,3,0,0,0,0,0.0,0.0,0.0,0.0,LOW,LOYAL_LOW_FRICTION_CUSTOMER,LOYAL_STABLE_CUSTOMER,Multiple bookings | Low journey friction | Minimal problematic journeys
C000670,Shannon,Bennett,Saudi Arabia,Standard,2,0,0,1,1,45.0,1.25,30.0,27.38,MEDIUM,NORMAL_CUSTOMER,DEVELOPING_FRICTION,Emerging risk indicators | Early persistence signal
C000671,Scott,Walker,Saudi Arabia,Standard,1,0,0,0,0,0.0,0.0,0.0,0.0,LOW,NORMAL_CUSTOMER,STABLE_CUSTOMER,Low overall risk | Low severity | Low frequency
C000672,Michelle,Ruiz,Other,Standard,3,2,2,3,1,100.0,13.33,30.0,53.0,HIGH,FRICTION_PRONE_CUSTOMER,RECENT_HIGH_SEVERITY,High severity score 100.00 | Limited evidence of repeated behavior
C000673,Veronica,Washington,Saudi Arabia,Standard,2,2,2,0,0,30.0,16.25,0.0,16.88,LOW,NORMAL_CUSTOMER,FREQUENT_FRICTION,Frequency score 16.25 | Repeated problematic activity
C000674,Kevin,Zamora,Pakistan,Standard,1,0,0,0,0,0.0,0.0,0.0,0.0,LOW,NORMAL_CUSTOMER,STABLE_CUSTOMER,Low overall risk | Low severity | Low frequency
C000675,Christine,Thomas,United Arab Emirates,Standard,1,0,0,0,0,0.0,0.0,0.0,0.0,LOW,NORMAL_CUSTOMER,STABLE_CUSTOMER,Low overall risk | Low severity | Low frequency
C000676,Chelsea,Reilly,Other,Premium,2,2,2,0,0,35.0,16.25,0.0,18.88,LOW,NORMAL_CUSTOMER,FREQUENT_FRICTION,Frequency score 16.25 | Repeated problematic activity
C000678,Stacey,Hughes,United Arab Emirates,Standard,2,0,0,0,0,0.0,0.0,0.0,0.0,LOW,NORMAL_CUSTOMER,STABLE_CUSTOMER,Low overall risk | Low severity | Low frequency
C000679,Jared,Taylor,Other,Standard,1,1,1,0,0,35.0,16.25,0.0,18.88,LOW,NORMAL_CUSTOMER,FREQUENT_FRICTION,Frequency score 16.25 | Repeated problematic activity
C000680,Jason,Cortez,Other,Standard,1,0,0,0,0,0.0,0.0,0.0,0.0,LOW,NORMAL_CUSTOMER,STABLE_CUSTOMER,Low overall risk | Low severity | Low frequency
C000681,Donna,Chen,United States,Standard,2,0,0,1,1,40.0,1.25,30.0,25.38,MEDIUM,NORMAL_CUSTOMER,DEVELOPING_FRICTION,Emerging risk indicators | Early persistence signal
C000682,Eric,Cantrell,Saudi Arabia,VIP,2,4,4,4,2,65.0,37.5,79.0,60.95,HIGH,FRICTION_PRONE_CUSTOMER,PERSISTENT_RISK,Repeated problematic journeys | Persistence score 79.00
C000683,Glenn,Harris,Saudi Arabia,Standard,1,1,1,1,1,70.0,18.75,30.0,42.62,MEDIUM,NORMAL_CUSTOMER,FREQUENT_FRICTION,Frequency score 18.75 | Repeated problematic activity
C000685,Aaron,Schwartz,Other,Standard,1,0,0,0,0,0.0,0.0,0.0,0.0,LOW,NORMAL_CUSTOMER,STABLE_CUSTOMER,Low overall risk | Low severity | Low frequency
C000686,Shannon,Brown,Pakistan,Standard,2,1,1,0,0,30.0,8.12,0.0,14.44,LOW,NORMAL_CUSTOMER,STABLE_CUSTOMER,Low overall risk | Low severity | Low frequency
C000687,Brittney,Taylor,Pakistan,Premium,2,0,0,0,0,0.0,0.0,0.0,0.0,LOW,NORMAL_CUSTOMER,STABLE_CUSTOMER,Low overall risk | Low severity | Low frequency
C000688,Kelly,York,Saudi Arabia,Standard,5,1,1,0,0,30.0,3.25,0.0,12.98,LOW,LOYAL_LOW_FRICTION_CUSTOMER,LOYAL_STABLE_CUSTOMER,Multiple bookings | Low journey friction | Minimal problematic journeys
C000689,Jesse,Ellis,United States,Standard,3,1,1,2,2,75.0,7.08,65.67,51.82,HIGH,FRICTION_PRONE_CUSTOMER,PERSISTENT_RISK,Repeated problematic journeys | Persistence score 65.67
C000690,Jasmine,Jackson,Saudi Arabia,Standard,4,1,1,3,3,45.0,5.94,81.0,44.08,MEDIUM,NORMAL_CUSTOMER,PERSISTENT_RISK,Repeated problematic journeys | Persistence score 81.00
C000691,Jacqueline,Cooper,United Arab Emirates,VIP,1,1,1,0,0,35.0,16.25,0.0,18.88,LOW,NORMAL_CUSTOMER,FREQUENT_FRICTION,Frequency score 16.25 | Repeated problematic activity
C000692,Shawn,Tanner,United Arab Emirates,Standard,1,0,0,0,0,0.0,0.0,0.0,0.0,LOW,NORMAL_CUSTOMER,STABLE_CUSTOMER,Low overall risk | Low severity | Low frequency
C000693,Grace,Munoz,Pakistan,Premium,3,1,1,1,1,40.0,6.25,30.0,26.88,MEDIUM,LOYAL_LOW_FRICTION_CUSTOMER,DEVELOPING_FRICTION,Emerging risk indicators | Increasing problem frequency | Early persistence signal
C000694,Sandra,Clarke,Saudi Arabia,Standard,1,0,0,1,1,40.0,2.5,30.0,25.75,MEDIUM,NORMAL_CUSTOMER,DEVELOPING_FRICTION,Emerging risk indicators | Early persistence signal
C000696,Colleen,Carr,Pakistan,Standard,1,2,2,2,1,65.0,37.5,30.0,46.25,MEDIUM,NORMAL_CUSTOMER,FREQUENT_FRICTION,Frequency score 37.50 | Repeated problematic activity
C000698,Sarah,Cordova,Pakistan,Standard,1,0,0,0,0,0.0,0.0,0.0,0.0,LOW,NORMAL_CUSTOMER,STABLE_CUSTOMER,Low overall risk | Low severity | Low frequency
C000699,Ronald,Wyatt,Saudi Arabia,Standard,4,1,1,0,0,35.0,4.06,0.0,15.22,LOW,LOYAL_LOW_FRICTION_CUSTOMER,LOYAL_STABLE_CUSTOMER,Multiple bookings | Low journey friction | Minimal problematic journeys
C000700,Amy,Miller,United Arab Emirates,Standard,3,0,0,0,0,0.0,0.0,0.0,0.0,LOW,LOYAL_LOW_FRICTION_CUSTOMER,LOYAL_STABLE_CUSTOMER,Multiple bookings | Low journey friction | Minimal problematic journeys
C000702,Rebekah,Burns,Saudi Arabia,Standard,2,1,1,0,0,30.0,8.12,0.0,14.44,LOW,NORMAL_CUSTOMER,STABLE_CUSTOMER,Low overall risk | Low severity | Low frequency
C000703,Margaret,Forbes,United Arab Emirates,Standard,2,0,0,2,2,40.0,2.5,79.0,40.45,MEDIUM,NORMAL_CUSTOMER,PERSISTENT_RISK,Repeated problematic journeys | Persistence score 79.00
C000704,Charles,Vargas,Saudi Arabia,Standard,5,0,0,1,1,45.0,0.5,26.0,25.95,MEDIUM,LOYAL_LOW_FRICTION_CUSTOMER,DEVELOPING_FRICTION,Emerging risk indicators | Early persistence signal
C000705,Gabriel,Hood,Saudi Arabia,Standard,1,0,0,0,0,0.0,0.0,0.0,0.0,LOW,NORMAL_CUSTOMER,STABLE_CUSTOMER,Low overall risk | Low severity | Low frequency
C000707,Kaitlyn,Blair,United Arab Emirates,Standard,1,0,0,0,0,0.0,0.0,0.0,0.0,LOW,NORMAL_CUSTOMER,STABLE_CUSTOMER,Low overall risk | Low severity | Low frequency
C000708,Ashley,Fitzgerald,United States,Standard,1,0,0,1,1,40.0,2.5,30.0,25.75,MEDIUM,NORMAL_CUSTOMER,DEVELOPING_FRICTION,Emerging risk indicators | Early persistence signal
C000710,David,Murphy,United Kingdom,Standard,4,3,3,4,2,100.0,14.69,59.0,62.11,HIGH,FRICTION_PRONE_CUSTOMER,PERSISTENT_RISK,Repeated problematic journeys | Persistence score 59.00
C000712,Holly,Snow,Pakistan,Standard,1,0,0,1,1,45.0,2.5,30.0,27.75,MEDIUM,NORMAL_CUSTOMER,DEVELOPING_FRICTION,Emerging risk indicators | Early persistence signal
C000714,Vincent,Hernandez,United Arab Emirates,Premium,3,1,1,1,1,40.0,6.25,30.0,26.88,MEDIUM,LOYAL_LOW_FRICTION_CUSTOMER,DEVELOPING_FRICTION,Emerging risk indicators | Increasing problem frequency | Early persistence signal
C000715,Troy,Berry,United Arab Emirates,Standard,2,0,0,0,0,0.0,0.0,0.0,0.0,LOW,NORMAL_CUSTOMER,STABLE_CUSTOMER,Low overall risk | Low severity | Low frequency
C000716,Christopher,Smith,Other,Standard,1,0,0,0,0,0.0,0.0,0.0,0.0,LOW,NORMAL_CUSTOMER,STABLE_CUSTOMER,Low overall risk | Low severity | Low frequency
C000717,Bill,Baird,United States,Standard,1,2,2,2,1,65.0,37.5,30.0,46.25,MEDIUM,NORMAL_CUSTOMER,FREQUENT_FRICTION,Frequency score 37.50 | Repeated problematic activity
C000718,Ryan,Williams,Other,Premium,3,1,1,0,0,30.0,5.42,0.0,13.63,LOW,LOYAL_LOW_FRICTION_CUSTOMER,LOYAL_STABLE_CUSTOMER,Multiple bookings | Low journey friction | Minimal problematic journeys
C000720,John,Mack,United Kingdom,Premium,4,1,1,2,2,40.0,5.31,59.0,35.29,MEDIUM,NORMAL_CUSTOMER,PERSISTENT_RISK,Repeated problematic journeys | Persistence score 59.00
C000721,Christopher,Johnson,Other,Standard,1,1,1,0,0,35.0,16.25,0.0,18.88,LOW,NORMAL_CUSTOMER,FREQUENT_FRICTION,Frequency score 16.25 | Repeated problematic activity
C000722,Suzanne,Schmidt,Saudi Arabia,Standard,1,0,0,1,1,40.0,2.5,30.0,25.75,MEDIUM,NORMAL_CUSTOMER,DEVELOPING_FRICTION,Emerging risk indicators | Early persistence signal
C000723,Mary,Mendoza,Saudi Arabia,Standard,2,1,1,1,1,75.0,9.38,30.0,41.81,MEDIUM,NORMAL_CUSTOMER,RECENT_HIGH_SEVERITY,High severity score 75.00 | Limited evidence of repeated behavior
C000724,Barbara,Yates,United Kingdom,Standard,3,0,0,1,1,40.0,0.83,30.0,25.25,MEDIUM,LOYAL_LOW_FRICTION_CUSTOMER,DEVELOPING_FRICTION,Emerging risk indicators | Early persistence signal
C000726,Yvonne,Chavez,United States,Standard,1,2,2,3,1,100.0,40.0,30.0,61.0,HIGH,FRICTION_PRONE_CUSTOMER,RECENT_HIGH_SEVERITY,High severity score 100.00 | Limited evidence of repeated behavior
C000727,Emily,Allen,Saudi Arabia,Standard,3,0,0,0,0,0.0,0.0,0.0,0.0,LOW,LOYAL_LOW_FRICTION_CUSTOMER,LOYAL_STABLE_CUSTOMER,Multiple bookings | Low journey friction | Minimal problematic journeys
C000728,Joseph,Hansen,United States,Premium,3,1,1,1,1,40.0,6.25,30.0,26.88,MEDIUM,LOYAL_LOW_FRICTION_CUSTOMER,DEVELOPING_FRICTION,Emerging risk indicators | Increasing problem frequency | Early persistence signal
C000729,Billy,Smith,Saudi Arabia,Premium,3,0,0,0,0,0.0,0.0,0.0,0.0,LOW,LOYAL_LOW_FRICTION_CUSTOMER,LOYAL_STABLE_CUSTOMER,Multiple bookings | Low journey friction | Minimal problematic journeys
C000730,Katelyn,Dennis,Saudi Arabia,Standard,2,2,2,3,2,65.0,20.0,79.0,55.7,HIGH,FRICTION_PRONE_CUSTOMER,PERSISTENT_RISK,Repeated problematic journeys | Persistence score 79.00
C000732,Denise,Anderson,United States,Standard,3,3,3,4,2,95.0,19.58,65.67,63.58,HIGH,FRICTION_PRONE_CUSTOMER,PERSISTENT_RISK,Repeated problematic journeys | Persistence score 65.67
C000733,Sabrina,Phillips,United Kingdom,Standard,2,0,0,1,1,45.0,1.25,30.0,27.38,MEDIUM,NORMAL_CUSTOMER,DEVELOPING_FRICTION,Emerging risk indicators | Early persistence signal
C000735,Brenda,Davis,United Arab Emirates,Standard,2,0,0,0,0,0.0,0.0,0.0,0.0,LOW,NORMAL_CUSTOMER,STABLE_CUSTOMER,Low overall risk | Low severity | Low frequency
C000736,Cynthia,Castillo,Other,VIP,1,0,0,0,0,0.0,0.0,0.0,0.0,LOW,NORMAL_CUSTOMER,STABLE_CUSTOMER,Low overall risk | Low severity | Low frequency
C000738,Christopher,Warner,United States,Standard,2,0,0,0,0,0.0,0.0,0.0,0.0,LOW,NORMAL_CUSTOMER,STABLE_CUSTOMER,Low overall risk | Low severity | Low frequency
C000739,Michael,Hodge,United Arab Emirates,Standard,1,1,1,0,0,30.0,16.25,0.0,16.88,LOW,NORMAL_CUSTOMER,FREQUENT_FRICTION,Frequency score 16.25 | Repeated problematic activity
C000740,Mathew,Burgess,United Arab Emirates,Standard,2,0,0,1,1,45.0,1.25,30.0,27.38,MEDIUM,NORMAL_CUSTOMER,DEVELOPING_FRICTION,Emerging risk indicators | Early persistence signal
C000741,Elizabeth,Johnson,United Arab Emirates,Standard,1,0,0,0,0,0.0,0.0,0.0,0.0,LOW,NORMAL_CUSTOMER,STABLE_CUSTOMER,Low overall risk | Low severity | Low frequency
C000742,Mia,Gibson,United Arab Emirates,Premium,1,1,1,1,1,70.0,18.75,30.0,42.62,MEDIUM,NORMAL_CUSTOMER,FREQUENT_FRICTION,Frequency score 18.75 | Repeated problematic activity
C000744,Heather,Sawyer,Pakistan,Standard,1,0,0,0,0,0.0,0.0,0.0,0.0,LOW,NORMAL_CUSTOMER,STABLE_CUSTOMER,Low overall risk | Low severity | Low frequency
C000747,Lisa,Wood,United Arab Emirates,Standard,2,0,0,1,1,45.0,1.25,30.0,27.38,MEDIUM,NORMAL_CUSTOMER,DEVELOPING_FRICTION,Emerging risk indicators | Early persistence signal
C000749,Shawn,Schultz,Other,Premium,1,0,0,0,0,0.0,0.0,0.0,0.0,LOW,NORMAL_CUSTOMER,STABLE_CUSTOMER,Low overall risk | Low severity | Low frequency
C000750,Leonard,Dalton,Pakistan,Standard,1,0,0,0,0,0.0,0.0,0.0,0.0,LOW,NORMAL_CUSTOMER,STABLE_CUSTOMER,Low overall risk | Low severity | Low frequency
C000751,Marcus,Jones,Saudi Arabia,Standard,1,1,1,0,0,35.0,16.25,0.0,18.88,LOW,NORMAL_CUSTOMER,FREQUENT_FRICTION,Frequency score 16.25 | Repeated problematic activity
C000752,Tara,Barry,Other,Premium,1,0,0,1,1,40.0,2.5,30.0,25.75,MEDIUM,NORMAL_CUSTOMER,DEVELOPING_FRICTION,Emerging risk indicators | Early persistence signal
C000753,Richard,Cook,Pakistan,Standard,1,0,0,1,1,40.0,2.5,30.0,25.75,MEDIUM,NORMAL_CUSTOMER,DEVELOPING_FRICTION,Emerging risk indicators | Early persistence signal
C000754,Xavier,Johnson,United Arab Emirates,Standard,2,1,1,1,1,80.0,9.38,30.0,43.81,MEDIUM,NORMAL_CUSTOMER,RECENT_HIGH_SEVERITY,High severity score 80.00 | Limited evidence of repeated behavior
C000755,Vanessa,Simmons,Saudi Arabia,Standard,3,2,2,3,2,65.0,13.33,65.67,49.7,HIGH,FRICTION_PRONE_CUSTOMER,PERSISTENT_RISK,Repeated problematic journeys | Persistence score 65.67
C000756,Diane,Nelson,United States,Standard,2,0,0,1,1,40.0,1.25,30.0,25.38,MEDIUM,NORMAL_CUSTOMER,DEVELOPING_FRICTION,Emerging risk indicators | Early persistence signal
C000758,Robert,Daniels,Pakistan,Standard,3,0,0,2,2,45.0,1.67,65.67,38.2,MEDIUM,NORMAL_CUSTOMER,PERSISTENT_RISK,Repeated problematic journeys | Persistence score 65.67
C000760,Michael,French,United States,Standard,1,0,0,0,0,0.0,0.0,0.0,0.0,LOW,NORMAL_CUSTOMER,STABLE_CUSTOMER,Low overall risk | Low severity | Low frequency
C000761,Katherine,Miller,Saudi Arabia,Standard,1,2,2,3,1,100.0,40.0,30.0,61.0,HIGH,FRICTION_PRONE_CUSTOMER,RECENT_HIGH_SEVERITY,High severity score 100.00 | Limited evidence of repeated behavior
C000763,Kathleen,Fitzgerald,Saudi Arabia,Premium,2,3,3,2,1,65.0,26.88,30.0,43.06,MEDIUM,NORMAL_CUSTOMER,FREQUENT_FRICTION,Frequency score 26.88 | Repeated problematic activity
C000767,Samuel,Barron,United States,Premium,2,0,0,1,1,40.0,1.25,30.0,25.38,MEDIUM,NORMAL_CUSTOMER,DEVELOPING_FRICTION,Emerging risk indicators | Early persistence signal
C000768,Helen,Rodriguez,Other,Premium,3,0,0,0,0,0.0,0.0,0.0,0.0,LOW,LOYAL_LOW_FRICTION_CUSTOMER,LOYAL_STABLE_CUSTOMER,Multiple bookings | Low journey friction | Minimal problematic journeys
C000769,David,Diaz,United Arab Emirates,Standard,2,0,0,1,1,40.0,1.25,30.0,25.38,MEDIUM,NORMAL_CUSTOMER,DEVELOPING_FRICTION,Emerging risk indicators | Early persistence signal
C000770,Teresa,Harvey,United States,Standard,5,1,1,1,1,45.0,3.75,26.0,26.92,MEDIUM,LOYAL_LOW_FRICTION_CUSTOMER,DEVELOPING_FRICTION,Emerging risk indicators | Early persistence signal
C000771,Chelsea,Diaz,Saudi Arabia,Standard,2,0,0,0,0,0.0,0.0,0.0,0.0,LOW,NORMAL_CUSTOMER,STABLE_CUSTOMER,Low overall risk | Low severity | Low frequency
C000772,John,Thompson,United States,Standard,2,1,1,1,1,45.0,9.38,30.0,29.81,MEDIUM,NORMAL_CUSTOMER,DEVELOPING_FRICTION,Emerging risk indicators | Increasing problem frequency | Early persistence signal
C000773,Eric,Hansen,Saudi Arabia,Premium,1,0,0,1,1,40.0,2.5,30.0,25.75,MEDIUM,NORMAL_CUSTOMER,DEVELOPING_FRICTION,Emerging risk indicators | Early persistence signal
C000774,Andrea,Jones,United Arab Emirates,Standard,1,2,2,3,1,100.0,40.0,30.0,61.0,HIGH,FRICTION_PRONE_CUSTOMER,RECENT_HIGH_SEVERITY,High severity score 100.00 | Limited evidence of repeated behavior
C000775,Andrea,Fletcher,United States,Standard,1,2,2,2,1,65.0,37.5,30.0,46.25,MEDIUM,NORMAL_CUSTOMER,FREQUENT_FRICTION,Frequency score 37.50 | Repeated problematic activity
C000776,Christopher,Harris,Saudi Arabia,Standard,4,1,1,0,0,30.0,4.06,0.0,13.22,LOW,LOYAL_LOW_FRICTION_CUSTOMER,LOYAL_STABLE_CUSTOMER,Multiple bookings | Low journey friction | Minimal problematic journeys
C000777,Victoria,Zavala,Saudi Arabia,Standard,1,0,0,1,1,40.0,2.5,30.0,25.75,MEDIUM,NORMAL_CUSTOMER,DEVELOPING_FRICTION,Emerging risk indicators | Early persistence signal
C000779,Steven,Wilson,United Kingdom,Standard,3,2,2,2,1,65.0,12.5,30.0,38.75,MEDIUM,LOYAL_LOW_FRICTION_CUSTOMER,DEVELOPING_FRICTION,Emerging risk indicators | Increasing problem frequency | Early persistence signal
C000780,David,Mendoza,Pakistan,Standard,2,1,1,0,0,35.0,8.12,0.0,16.44,LOW,NORMAL_CUSTOMER,STABLE_CUSTOMER,Low overall risk | Low severity | Low frequency
C000781,Marilyn,Crosby,United Kingdom,Standard,1,0,0,1,1,45.0,2.5,30.0,27.75,MEDIUM,NORMAL_CUSTOMER,DEVELOPING_FRICTION,Emerging risk indicators | Early persistence signal
C000782,Tyrone,Carpenter,Pakistan,Standard,1,0,0,0,0,0.0,0.0,0.0,0.0,LOW,NORMAL_CUSTOMER,STABLE_CUSTOMER,Low overall risk | Low severity | Low frequency
C000784,William,Clark,United Arab Emirates,VIP,2,0,0,0,0,0.0,0.0,0.0,0.0,LOW,NORMAL_CUSTOMER,STABLE_CUSTOMER,Low overall risk | Low severity | Low frequency
C000785,Joshua,Mcgee,Saudi Arabia,Standard,2,0,0,1,1,40.0,1.25,30.0,25.38,MEDIUM,NORMAL_CUSTOMER,DEVELOPING_FRICTION,Emerging risk indicators | Early persistence signal
C000786,Mary,Perez,Other,Premium,1,0,0,0,0,0.0,0.0,0.0,0.0,LOW,NORMAL_CUSTOMER,STABLE_CUSTOMER,Low overall risk | Low severity | Low frequency
C000787,Tina,Gomez,Pakistan,Standard,1,0,0,0,0,0.0,0.0,0.0,0.0,LOW,NORMAL_CUSTOMER,STABLE_CUSTOMER,Low overall risk | Low severity | Low frequency
C000788,John,Adams,United Arab Emirates,Standard,2,0,0,0,0,0.0,0.0,0.0,0.0,LOW,NORMAL_CUSTOMER,STABLE_CUSTOMER,Low overall risk | Low severity | Low frequency
C000789,Andrea,Frazier,United Arab Emirates,VIP,1,0,0,0,0,0.0,0.0,0.0,0.0,LOW,NORMAL_CUSTOMER,STABLE_CUSTOMER,Low overall risk | Low severity | Low frequency
C000791,Sandra,Brown,Saudi Arabia,Standard,2,2,2,4,2,100.0,21.25,79.0,70.08,HIGH,FRICTION_PRONE_CUSTOMER,PERSISTENT_RISK,Repeated problematic journeys | Persistence score 79.00
C000792,William,Reed,Pakistan,VIP,1,0,0,0,0,0.0,0.0,0.0,0.0,LOW,NORMAL_CUSTOMER,STABLE_CUSTOMER,Low overall risk | Low severity | Low frequency
C000793,Natasha,Tucker,Pakistan,Premium,3,1,1,0,0,30.0,5.42,0.0,13.63,LOW,LOYAL_LOW_FRICTION_CUSTOMER,LOYAL_STABLE_CUSTOMER,Multiple bookings | Low journey friction | Minimal problematic journeys
C000794,Michelle,Rose,Pakistan,Standard,1,2,2,2,1,65.0,37.5,30.0,46.25,MEDIUM,NORMAL_CUSTOMER,FREQUENT_FRICTION,Frequency score 37.50 | Repeated problematic activity
C000796,Kristy,Mckinney,Other,Standard,1,0,0,0,0,0.0,0.0,0.0,0.0,LOW,NORMAL_CUSTOMER,STABLE_CUSTOMER,Low overall risk | Low severity | Low frequency
C000797,Robert,Gregory,Other,Standard,2,0,0,2,2,40.0,2.5,79.0,40.45,MEDIUM,NORMAL_CUSTOMER,PERSISTENT_RISK,Repeated problematic journeys | Persistence score 79.00
C000798,Sarah,Patel,Pakistan,Standard,4,0,0,0,0,0.0,0.0,0.0,0.0,LOW,LOYAL_LOW_FRICTION_CUSTOMER,LOYAL_STABLE_CUSTOMER,Multiple bookings | Low journey friction | Minimal problematic journeys
C000799,William,Carter,United Kingdom,Standard,1,0,0,1,1,40.0,2.5,30.0,25.75,MEDIUM,NORMAL_CUSTOMER,DEVELOPING_FRICTION,Emerging risk indicators | Early persistence signal
C000801,Justin,Marsh,United Kingdom,Standard,1,2,2,2,1,65.0,37.5,30.0,46.25,MEDIUM,NORMAL_CUSTOMER,FREQUENT_FRICTION,Frequency score 37.50 | Repeated problematic activity
C000803,Brenda,Lamb,Pakistan,Standard,1,0,0,0,0,0.0,0.0,0.0,0.0,LOW,NORMAL_CUSTOMER,STABLE_CUSTOMER,Low overall risk | Low severity | Low frequency
C000804,Yolanda,Everett,Pakistan,Standard,2,1,1,0,0,30.0,8.12,0.0,14.44,LOW,NORMAL_CUSTOMER,STABLE_CUSTOMER,Low overall risk | Low severity | Low frequency
C000805,Tracy,Jones,United Arab Emirates,Standard,5,1,1,0,0,30.0,3.25,0.0,12.98,LOW,LOYAL_LOW_FRICTION_CUSTOMER,LOYAL_STABLE_CUSTOMER,Multiple bookings | Low journey friction | Minimal problematic journeys
C000806,Edgar,Mcclain,United Kingdom,VIP,1,0,0,0,0,0.0,0.0,0.0,0.0,LOW,NORMAL_CUSTOMER,STABLE_CUSTOMER,Low overall risk | Low severity | Low frequency
C000807,Amanda,Ellis,Other,Standard,2,0,0,0,0,0.0,0.0,0.0,0.0,LOW,NORMAL_CUSTOMER,STABLE_CUSTOMER,Low overall risk | Low severity | Low frequency
C000808,Michael,Miller,Other,Standard,1,0,0,0,0,0.0,0.0,0.0,0.0,LOW,NORMAL_CUSTOMER,STABLE_CUSTOMER,Low overall risk | Low severity | Low frequency
C000809,Andrea,Hurst,United Arab Emirates,Standard,2,0,0,0,0,0.0,0.0,0.0,0.0,LOW,NORMAL_CUSTOMER,STABLE_CUSTOMER,Low overall risk | Low severity | Low frequency
C000810,Amy,Roberts,Saudi Arabia,Premium,1,1,1,0,0,30.0,16.25,0.0,16.88,LOW,NORMAL_CUSTOMER,FREQUENT_FRICTION,Frequency score 16.25 | Repeated problematic activity
C000811,Stanley,Frye,Other,Standard,1,0,0,1,1,45.0,2.5,30.0,27.75,MEDIUM,NORMAL_CUSTOMER,DEVELOPING_FRICTION,Emerging risk indicators | Early persistence signal
C000814,Heidi,Terry,Other,Standard,3,2,2,1,1,70.0,11.67,30.0,40.5,MEDIUM,NORMAL_CUSTOMER,DEVELOPING_FRICTION,Emerging risk indicators | Increasing problem frequency | Early persistence signal
C000815,Ashley,Crawford,Other,Standard,1,2,2,2,1,65.0,37.5,30.0,46.25,MEDIUM,NORMAL_CUSTOMER,FREQUENT_FRICTION,Frequency score 37.50 | Repeated problematic activity
C000816,Jesus,Golden,Pakistan,Standard,2,0,0,0,0,0.0,0.0,0.0,0.0,LOW,NORMAL_CUSTOMER,STABLE_CUSTOMER,Low overall risk | Low severity | Low frequency
C000817,Kimberly,Meyer,Pakistan,Premium,3,0,0,0,0,0.0,0.0,0.0,0.0,LOW,LOYAL_LOW_FRICTION_CUSTOMER,LOYAL_STABLE_CUSTOMER,Multiple bookings | Low journey friction | Minimal problematic journeys
C000818,Bradley,Burton,United Arab Emirates,Standard,2,0,0,0,0,0.0,0.0,0.0,0.0,LOW,NORMAL_CUSTOMER,STABLE_CUSTOMER,Low overall risk | Low severity | Low frequency
C000819,Julie,Carter,Saudi Arabia,Premium,2,0,0,0,0,0.0,0.0,0.0,0.0,LOW,NORMAL_CUSTOMER,STABLE_CUSTOMER,Low overall risk | Low severity | Low frequency
C000820,Janet,Montes,United Arab Emirates,Premium,2,0,0,1,1,40.0,1.25,30.0,25.38,MEDIUM,NORMAL_CUSTOMER,DEVELOPING_FRICTION,Emerging risk indicators | Early persistence signal
C000821,Lisa,Weaver,United States,Premium,1,0,0,0,0,0.0,0.0,0.0,0.0,LOW,NORMAL_CUSTOMER,STABLE_CUSTOMER,Low overall risk | Low severity | Low frequency
C000822,Paul,Anderson,Saudi Arabia,VIP,2,1,1,0,0,30.0,8.12,0.0,14.44,LOW,NORMAL_CUSTOMER,STABLE_CUSTOMER,Low overall risk | Low severity | Low frequency
C000823,Elizabeth,Reed,United Arab Emirates,Premium,2,1,1,1,1,40.0,9.38,30.0,27.81,MEDIUM,NORMAL_CUSTOMER,DEVELOPING_FRICTION,Emerging risk indicators | Increasing problem frequency | Early persistence signal
C000824,Lori,Wallace,United Arab Emirates,Standard,2,1,1,1,1,40.0,9.38,30.0,27.81,MEDIUM,NORMAL_CUSTOMER,DEVELOPING_FRICTION,Emerging risk indicators | Increasing problem frequency | Early persistence signal
C000825,Tina,Newman,Pakistan,Standard,2,0,0,0,0,0.0,0.0,0.0,0.0,LOW,NORMAL_CUSTOMER,STABLE_CUSTOMER,Low overall risk | Low severity | Low frequency
C000826,Tyler,Carter,Other,Standard,4,0,0,2,2,45.0,1.25,59.0,36.08,MEDIUM,NORMAL_CUSTOMER,PERSISTENT_RISK,Repeated problematic journeys | Persistence score 59.00
C000827,Benjamin,Brown,United Arab Emirates,Premium,3,1,1,0,0,30.0,5.42,0.0,13.63,LOW,LOYAL_LOW_FRICTION_CUSTOMER,LOYAL_STABLE_CUSTOMER,Multiple bookings | Low journey friction | Minimal problematic journeys
C000828,Wayne,Wiggins,United Arab Emirates,Standard,2,0,0,1,1,45.0,1.25,30.0,27.38,MEDIUM,NORMAL_CUSTOMER,DEVELOPING_FRICTION,Emerging risk indicators | Early persistence signal
C000830,Molly,Meza,United Arab Emirates,Standard,1,0,0,0,0,0.0,0.0,0.0,0.0,LOW,NORMAL_CUSTOMER,STABLE_CUSTOMER,Low overall risk | Low severity | Low frequency
C000831,Morgan,Newman,Saudi Arabia,Premium,2,1,1,1,1,45.0,9.38,30.0,29.81,MEDIUM,NORMAL_CUSTOMER,DEVELOPING_FRICTION,Emerging risk indicators | Increasing problem frequency | Early persistence signal
C000832,Scott,Jenkins,United Arab Emirates,Premium,1,0,0,0,0,0.0,0.0,0.0,0.0,LOW,NORMAL_CUSTOMER,STABLE_CUSTOMER,Low overall risk | Low severity | Low frequency
C000833,Alicia,Cooper,Saudi Arabia,Standard,1,0,0,0,0,0.0,0.0,0.0,0.0,LOW,NORMAL_CUSTOMER,STABLE_CUSTOMER,Low overall risk | Low severity | Low frequency
C000835,Jennifer,Nguyen,United Arab Emirates,Standard,2,1,1,1,1,40.0,9.38,30.0,27.81,MEDIUM,NORMAL_CUSTOMER,DEVELOPING_FRICTION,Emerging risk indicators | Increasing problem frequency | Early persistence signal
C000836,Robert,Watkins,United Arab Emirates,Standard,1,0,0,0,0,0.0,0.0,0.0,0.0,LOW,NORMAL_CUSTOMER,STABLE_CUSTOMER,Low overall risk | Low severity | Low frequency
C000837,Diana,Terry,Other,Standard,1,0,0,0,0,0.0,0.0,0.0,0.0,LOW,NORMAL_CUSTOMER,STABLE_CUSTOMER,Low overall risk | Low severity | Low frequency
C000838,Eric,Wilkinson,United Arab Emirates,Standard,1,0,0,0,0,0.0,0.0,0.0,0.0,LOW,NORMAL_CUSTOMER,STABLE_CUSTOMER,Low overall risk | Low severity | Low frequency
C000839,Terrance,Wallace,Pakistan,VIP,2,0,0,1,1,45.0,1.25,30.0,27.38,MEDIUM,NORMAL_CUSTOMER,DEVELOPING_FRICTION,Emerging risk indicators | Early persistence signal
C000840,Tanya,Torres,Pakistan,Standard,1,0,0,0,0,0.0,0.0,0.0,0.0,LOW,NORMAL_CUSTOMER,STABLE_CUSTOMER,Low overall risk | Low severity | Low frequency
C000841,Matthew,Anderson,Saudi Arabia,Standard,2,0,0,1,1,45.0,1.25,30.0,27.38,MEDIUM,NORMAL_CUSTOMER,DEVELOPING_FRICTION,Emerging risk indicators | Early persistence signal
C000842,Heather,Clarke,United Kingdom,Premium,1,0,0,1,1,45.0,2.5,30.0,27.75,MEDIUM,NORMAL_CUSTOMER,DEVELOPING_FRICTION,Emerging risk indicators | Early persistence signal
C000843,Debra,Jackson,Saudi Arabia,Standard,1,0,0,0,0,0.0,0.0,0.0,0.0,LOW,NORMAL_CUSTOMER,STABLE_CUSTOMER,Low overall risk | Low severity | Low frequency
C000844,Melissa,Green,Other,Standard,2,3,3,2,1,65.0,26.88,30.0,43.06,MEDIUM,NORMAL_CUSTOMER,FREQUENT_FRICTION,Frequency score 26.88 | Repeated problematic activity
C000845,Melissa,Washington,Saudi Arabia,Standard,2,0,0,1,1,45.0,1.25,30.0,27.38,MEDIUM,NORMAL_CUSTOMER,DEVELOPING_FRICTION,Emerging risk indicators | Early persistence signal
C000846,Michele,Arellano,United Arab Emirates,Premium,3,0,0,1,1,45.0,0.83,30.0,27.25,MEDIUM,LOYAL_LOW_FRICTION_CUSTOMER,DEVELOPING_FRICTION,Emerging risk indicators | Early persistence signal
C000847,Norman,Carrillo,Saudi Arabia,Standard,1,0,0,0,0,0.0,0.0,0.0,0.0,LOW,NORMAL_CUSTOMER,STABLE_CUSTOMER,Low overall risk | Low severity | Low frequency
C000848,Levi,Williams,Other,Standard,1,0,0,0,0,0.0,0.0,0.0,0.0,LOW,NORMAL_CUSTOMER,STABLE_CUSTOMER,Low overall risk | Low severity | Low frequency
C000849,Jennifer,Gomez,Pakistan,VIP,2,0,0,0,0,0.0,0.0,0.0,0.0,LOW,NORMAL_CUSTOMER,STABLE_CUSTOMER,Low overall risk | Low severity | Low frequency
C000850,Katherine,Bryant,Pakistan,Premium,2,0,0,0,0,0.0,0.0,0.0,0.0,LOW,NORMAL_CUSTOMER,STABLE_CUSTOMER,Low overall risk | Low severity | Low frequency
C000851,Monique,Jackson,Saudi Arabia,Standard,1,2,2,3,1,65.0,40.0,30.0,47.0,MEDIUM,NORMAL_CUSTOMER,FREQUENT_FRICTION,Frequency score 40.00 | Repeated problematic activity
C000852,Barry,Glass,United Kingdom,Premium,2,1,1,0,0,30.0,8.12,0.0,14.44,LOW,NORMAL_CUSTOMER,STABLE_CUSTOMER,Low overall risk | Low severity | Low frequency
C000854,Crystal,Mitchell,Other,VIP,2,0,0,0,0,0.0,0.0,0.0,0.0,LOW,NORMAL_CUSTOMER,STABLE_CUSTOMER,Low overall risk | Low severity | Low frequency
C000855,Samantha,Mcpherson,Saudi Arabia,VIP,2,1,1,0,0,30.0,8.12,0.0,14.44,LOW,NORMAL_CUSTOMER,STABLE_CUSTOMER,Low overall risk | Low severity | Low frequency
C000856,Wendy,Franco,Saudi Arabia,Standard,2,2,2,1,1,70.0,17.5,30.0,42.25,MEDIUM,NORMAL_CUSTOMER,FREQUENT_FRICTION,Frequency score 17.50 | Repeated problematic activity
C000858,Ryan,Estrada,United Arab Emirates,Standard,2,2,2,0,0,35.0,16.25,0.0,18.88,LOW,NORMAL_CUSTOMER,FREQUENT_FRICTION,Frequency score 16.25 | Repeated problematic activity
C000859,Corey,Hernandez,Pakistan,Standard,1,0,0,0,0,0.0,0.0,0.0,0.0,LOW,NORMAL_CUSTOMER,STABLE_CUSTOMER,Low overall risk | Low severity | Low frequency
C000860,Cynthia,Young,Saudi Arabia,Premium,1,0,0,0,0,0.0,0.0,0.0,0.0,LOW,NORMAL_CUSTOMER,STABLE_CUSTOMER,Low overall risk | Low severity | Low frequency
C000861,Monique,Williams,United States,Premium,1,0,0,0,0,0.0,0.0,0.0,0.0,LOW,NORMAL_CUSTOMER,STABLE_CUSTOMER,Low overall risk | Low severity | Low frequency
C000862,Scott,Stewart,United Arab Emirates,Standard,3,0,0,0,0,0.0,0.0,0.0,0.0,LOW,LOYAL_LOW_FRICTION_CUSTOMER,LOYAL_STABLE_CUSTOMER,Multiple bookings | Low journey friction | Minimal problematic journeys
C000864,Rebecca,Green,United Arab Emirates,Standard,1,0,0,0,0,0.0,0.0,0.0,0.0,LOW,NORMAL_CUSTOMER,STABLE_CUSTOMER,Low overall risk | Low severity | Low frequency
C000865,Brandon,Lopez,United Arab Emirates,Standard,1,0,0,0,0,0.0,0.0,0.0,0.0,LOW,NORMAL_CUSTOMER,STABLE_CUSTOMER,Low overall risk | Low severity | Low frequency
C000866,Laura,Hart,Pakistan,Premium,3,0,0,1,1,40.0,0.83,30.0,25.25,MEDIUM,LOYAL_LOW_FRICTION_CUSTOMER,DEVELOPING_FRICTION,Emerging risk indicators | Early persistence signal
C000868,Nicholas,Stewart,Saudi Arabia,Standard,2,1,1,1,1,70.0,9.38,30.0,39.81,MEDIUM,NORMAL_CUSTOMER,DEVELOPING_FRICTION,Emerging risk indicators | Increasing problem frequency | Early persistence signal
C000870,Amanda,Watson,Other,Standard,2,2,2,1,1,80.0,17.5,30.0,46.25,MEDIUM,NORMAL_CUSTOMER,RECENT_HIGH_SEVERITY,High severity score 80.00 | Limited evidence of repeated behavior
C000871,Ashlee,Fernandez,United Arab Emirates,VIP,5,1,1,1,1,40.0,3.75,26.0,24.92,MEDIUM,LOYAL_LOW_FRICTION_CUSTOMER,DEVELOPING_FRICTION,Emerging risk indicators | Early persistence signal
C000872,Laura,Martin,Saudi Arabia,Standard,2,1,1,0,0,30.0,8.12,0.0,14.44,LOW,NORMAL_CUSTOMER,STABLE_CUSTOMER,Low overall risk | Low severity | Low frequency
C000873,George,Turner,Pakistan,Premium,1,0,0,0,0,0.0,0.0,0.0,0.0,LOW,NORMAL_CUSTOMER,STABLE_CUSTOMER,Low overall risk | Low severity | Low frequency
C000874,Christian,Knapp,United Arab Emirates,Standard,3,1,1,1,1,45.0,6.25,30.0,28.88,MEDIUM,LOYAL_LOW_FRICTION_CUSTOMER,DEVELOPING_FRICTION,Emerging risk indicators | Increasing problem frequency | Early persistence signal
C000875,Monica,Sullivan,Saudi Arabia,Standard,1,0,0,0,0,0.0,0.0,0.0,0.0,LOW,NORMAL_CUSTOMER,STABLE_CUSTOMER,Low overall risk | Low severity | Low frequency
C000876,Christine,Porter,Saudi Arabia,Standard,2,1,1,1,1,75.0,9.38,30.0,41.81,MEDIUM,NORMAL_CUSTOMER,RECENT_HIGH_SEVERITY,High severity score 75.00 | Limited evidence of repeated behavior
C000877,John,Thomas,United Kingdom,Premium,2,0,0,2,2,40.0,2.5,79.0,40.45,MEDIUM,NORMAL_CUSTOMER,PERSISTENT_RISK,Repeated problematic journeys | Persistence score 79.00
C000878,Roberta,Ellis,United Kingdom,Standard,1,0,0,0,0,0.0,0.0,0.0,0.0,LOW,NORMAL_CUSTOMER,STABLE_CUSTOMER,Low overall risk | Low severity | Low frequency
C000879,Douglas,Flores,Saudi Arabia,Standard,1,0,0,1,1,40.0,2.5,30.0,25.75,MEDIUM,NORMAL_CUSTOMER,DEVELOPING_FRICTION,Emerging risk indicators | Early persistence signal
C000881,Jonathan,Rodgers,Saudi Arabia,Standard,1,1,1,1,1,70.0,18.75,30.0,42.62,MEDIUM,NORMAL_CUSTOMER,FREQUENT_FRICTION,Frequency score 18.75 | Repeated problematic activity
C000883,Albert,Rivera,Saudi Arabia,Standard,6,1,1,1,1,75.0,3.12,24.67,38.34,MEDIUM,LOYAL_LOW_FRICTION_CUSTOMER,RECENT_HIGH_SEVERITY,High severity score 75.00 | Limited evidence of repeated behavior
C000885,Rachel,Wells,United States,Standard,2,0,0,0,0,0.0,0.0,0.0,0.0,LOW,NORMAL_CUSTOMER,STABLE_CUSTOMER,Low overall risk | Low severity | Low frequency
C000886,Erica,Roberts,Saudi Arabia,Standard,3,2,2,1,1,70.0,11.67,30.0,40.5,MEDIUM,NORMAL_CUSTOMER,DEVELOPING_FRICTION,Emerging risk indicators | Increasing problem frequency | Early persistence signal
C000887,Eric,Raymond,United Kingdom,Standard,5,3,3,4,2,100.0,11.75,55.0,60.02,HIGH,FRICTION_PRONE_CUSTOMER,PERSISTENT_RISK,Repeated problematic journeys | Persistence score 55.00
C000888,Scott,Hooper,Saudi Arabia,VIP,2,1,1,0,0,30.0,8.12,0.0,14.44,LOW,NORMAL_CUSTOMER,STABLE_CUSTOMER,Low overall risk | Low severity | Low frequency
C000889,Michael,Berry,Saudi Arabia,Standard,5,1,1,0,0,30.0,3.25,0.0,12.98,LOW,LOYAL_LOW_FRICTION_CUSTOMER,LOYAL_STABLE_CUSTOMER,Multiple bookings | Low journey friction | Minimal problematic journeys
C000890,Briana,Thomas,Saudi Arabia,Premium,2,0,0,0,0,0.0,0.0,0.0,0.0,LOW,NORMAL_CUSTOMER,STABLE_CUSTOMER,Low overall risk | Low severity | Low frequency
C000891,Danielle,Cunningham,United Kingdom,Standard,2,0,0,0,0,0.0,0.0,0.0,0.0,LOW,NORMAL_CUSTOMER,STABLE_CUSTOMER,Low overall risk | Low severity | Low frequency
C000892,Roger,Meadows,Other,Premium,2,2,2,0,0,35.0,16.25,0.0,18.88,LOW,NORMAL_CUSTOMER,FREQUENT_FRICTION,Frequency score 16.25 | Repeated problematic activity
C000893,John,Ramos,United States,Standard,1,2,2,3,1,100.0,40.0,30.0,61.0,HIGH,FRICTION_PRONE_CUSTOMER,RECENT_HIGH_SEVERITY,High severity score 100.00 | Limited evidence of repeated behavior
C000894,Megan,Norris,United Arab Emirates,Standard,1,1,1,1,1,80.0,18.75,30.0,46.62,MEDIUM,NORMAL_CUSTOMER,RECENT_HIGH_SEVERITY,High severity score 80.00 | Limited evidence of repeated behavior
C000895,James,Dennis,United Kingdom,Premium,3,0,0,1,1,45.0,0.83,30.0,27.25,MEDIUM,LOYAL_LOW_FRICTION_CUSTOMER,DEVELOPING_FRICTION,Emerging risk indicators | Early persistence signal
C000896,Paul,Mccullough,Saudi Arabia,Premium,2,1,1,1,1,75.0,9.38,30.0,41.81,MEDIUM,NORMAL_CUSTOMER,RECENT_HIGH_SEVERITY,High severity score 75.00 | Limited evidence of repeated behavior
C000897,Timothy,Taylor,Saudi Arabia,Premium,2,0,0,1,1,40.0,1.25,30.0,25.38,MEDIUM,NORMAL_CUSTOMER,DEVELOPING_FRICTION,Emerging risk indicators | Early persistence signal
C000898,John,Pierce,Other,Premium,3,4,4,5,2,100.0,25.83,65.67,67.45,HIGH,FRICTION_PRONE_CUSTOMER,PERSISTENT_RISK,Repeated problematic journeys | Persistence score 65.67
C000900,Bailey,Morales,Saudi Arabia,Standard,2,0,0,2,2,40.0,2.5,79.0,40.45,MEDIUM,NORMAL_CUSTOMER,PERSISTENT_RISK,Repeated problematic journeys | Persistence score 79.00
C000901,Victoria,Randall,Saudi Arabia,Standard,1,0,0,0,0,0.0,0.0,0.0,0.0,LOW,NORMAL_CUSTOMER,STABLE_CUSTOMER,Low overall risk | Low severity | Low frequency
C000902,Kenneth,Griffin,Saudi Arabia,Premium,3,1,1,1,1,80.0,6.25,30.0,42.88,MEDIUM,LOYAL_LOW_FRICTION_CUSTOMER,RECENT_HIGH_SEVERITY,High severity score 80.00 | Limited evidence of repeated behavior
C000903,Tiffany,Davis,Saudi Arabia,Standard,2,0,0,1,1,45.0,1.25,30.0,27.38,MEDIUM,NORMAL_CUSTOMER,DEVELOPING_FRICTION,Emerging risk indicators | Early persistence signal
C000904,Dominique,Brown,Pakistan,Premium,3,0,0,1,1,45.0,0.83,30.0,27.25,MEDIUM,LOYAL_LOW_FRICTION_CUSTOMER,DEVELOPING_FRICTION,Emerging risk indicators | Early persistence signal
C000905,Joshua,Davidson,United Arab Emirates,Standard,2,1,1,0,0,35.0,8.12,0.0,16.44,LOW,NORMAL_CUSTOMER,STABLE_CUSTOMER,Low overall risk | Low severity | Low frequency
C000906,Ashlee,Silva,Other,Standard,1,0,0,1,1,45.0,2.5,30.0,27.75,MEDIUM,NORMAL_CUSTOMER,DEVELOPING_FRICTION,Emerging risk indicators | Early persistence signal
C000907,Gina,Walker,United States,Standard,1,0,0,1,1,40.0,2.5,30.0,25.75,MEDIUM,NORMAL_CUSTOMER,DEVELOPING_FRICTION,Emerging risk indicators | Early persistence signal
C000908,Julie,Walls,United Arab Emirates,Standard,1,0,0,0,0,0.0,0.0,0.0,0.0,LOW,NORMAL_CUSTOMER,STABLE_CUSTOMER,Low overall risk | Low severity | Low frequency
C000910,Catherine,Johnson,United Arab Emirates,Standard,2,1,1,1,1,80.0,9.38,30.0,43.81,MEDIUM,NORMAL_CUSTOMER,RECENT_HIGH_SEVERITY,High severity score 80.00 | Limited evidence of repeated behavior
C000911,Tyler,Ryan,Pakistan,Premium,2,2,2,2,1,60.0,18.75,30.0,38.62,MEDIUM,NORMAL_CUSTOMER,FREQUENT_FRICTION,Frequency score 18.75 | Repeated problematic activity
C000912,Rebecca,Griffin,Saudi Arabia,Premium,1,0,0,0,0,0.0,0.0,0.0,0.0,LOW,NORMAL_CUSTOMER,STABLE_CUSTOMER,Low overall risk | Low severity | Low frequency
C000913,Justin,Powers,Pakistan,Standard,3,1,1,0,0,35.0,5.42,0.0,15.63,LOW,LOYAL_LOW_FRICTION_CUSTOMER,LOYAL_STABLE_CUSTOMER,Multiple bookings | Low journey friction | Minimal problematic journeys
C000914,Lauren,Miller,United Arab Emirates,Premium,3,2,2,2,1,65.0,12.5,30.0,38.75,MEDIUM,LOYAL_LOW_FRICTION_CUSTOMER,DEVELOPING_FRICTION,Emerging risk indicators | Increasing problem frequency | Early persistence signal
C000915,Catherine,Hunt,Pakistan,Standard,1,0,0,0,0,0.0,0.0,0.0,0.0,LOW,NORMAL_CUSTOMER,STABLE_CUSTOMER,Low overall risk | Low severity | Low frequency
C000916,Michael,Lee,United Arab Emirates,Standard,3,1,1,0,0,30.0,5.42,0.0,13.63,LOW,LOYAL_LOW_FRICTION_CUSTOMER,LOYAL_STABLE_CUSTOMER,Multiple bookings | Low journey friction | Minimal problematic journeys
C000917,Dana,Stewart,Saudi Arabia,Standard,1,2,2,2,1,65.0,37.5,30.0,46.25,MEDIUM,NORMAL_CUSTOMER,FREQUENT_FRICTION,Frequency score 37.50 | Repeated problematic activity
C000918,Christine,Jacobs,Other,Standard,3,0,0,0,0,0.0,0.0,0.0,0.0,LOW,LOYAL_LOW_FRICTION_CUSTOMER,LOYAL_STABLE_CUSTOMER,Multiple bookings | Low journey friction | Minimal problematic journeys
C000919,Erica,Harding,United States,Standard,5,0,0,1,1,45.0,0.5,26.0,25.95,MEDIUM,LOYAL_LOW_FRICTION_CUSTOMER,DEVELOPING_FRICTION,Emerging risk indicators | Early persistence signal
C000920,Jennifer,Kerr,Saudi Arabia,Premium,5,2,2,2,2,75.0,7.5,55.0,48.75,MEDIUM,NORMAL_CUSTOMER,PERSISTENT_RISK,Repeated problematic journeys | Persistence score 55.00
C000921,Donna,Ward,Other,Standard,6,5,5,6,4,70.0,16.04,86.67,58.81,HIGH,FRICTION_PRONE_CUSTOMER,PERSISTENT_RISK,Repeated problematic journeys | Persistence score 86.67
C000923,Courtney,Nash,Other,Standard,5,0,0,1,1,40.0,0.5,26.0,23.95,LOW,LOYAL_LOW_FRICTION_CUSTOMER,DEVELOPING_FRICTION,Emerging risk indicators | Early persistence signal
C000924,Rebecca,Wood,United States,Standard,2,0,0,1,1,40.0,1.25,30.0,25.38,MEDIUM,NORMAL_CUSTOMER,DEVELOPING_FRICTION,Emerging risk indicators | Early persistence signal
C000925,Debbie,Watson,United Arab Emirates,Premium,5,0,0,2,2,40.0,1.0,55.0,32.8,MEDIUM,NORMAL_CUSTOMER,PERSISTENT_RISK,Repeated problematic journeys | Persistence score 55.00
C000926,Kyle,Mitchell,Saudi Arabia,Premium,1,0,0,0,0,0.0,0.0,0.0,0.0,LOW,NORMAL_CUSTOMER,STABLE_CUSTOMER,Low overall risk | Low severity | Low frequency
C000927,Scott,Bell,Saudi Arabia,Standard,3,3,3,2,1,60.0,17.92,30.0,38.38,MEDIUM,NORMAL_CUSTOMER,FREQUENT_FRICTION,Frequency score 17.92 | Repeated problematic activity
C000929,Jessica,Sawyer,Pakistan,Standard,3,0,0,1,1,40.0,0.83,30.0,25.25,MEDIUM,LOYAL_LOW_FRICTION_CUSTOMER,DEVELOPING_FRICTION,Emerging risk indicators | Early persistence signal
C000930,Christopher,Miller,Saudi Arabia,Standard,3,0,0,0,0,0.0,0.0,0.0,0.0,LOW,LOYAL_LOW_FRICTION_CUSTOMER,LOYAL_STABLE_CUSTOMER,Multiple bookings | Low journey friction | Minimal problematic journeys
C000931,Kenneth,Luna,Saudi Arabia,Standard,1,1,1,0,0,30.0,16.25,0.0,16.88,LOW,NORMAL_CUSTOMER,FREQUENT_FRICTION,Frequency score 16.25 | Repeated problematic activity
C000932,Julie,Wallace,United States,Standard,1,2,2,2,1,60.0,37.5,30.0,44.25,MEDIUM,NORMAL_CUSTOMER,FREQUENT_FRICTION,Frequency score 37.50 | Repeated problematic activity
C000934,David,Lara,Pakistan,Standard,2,0,0,0,0,0.0,0.0,0.0,0.0,LOW,NORMAL_CUSTOMER,STABLE_CUSTOMER,Low overall risk | Low severity | Low frequency
C000935,Amber,Roberts,Saudi Arabia,Standard,2,0,0,0,0,0.0,0.0,0.0,0.0,LOW,NORMAL_CUSTOMER,STABLE_CUSTOMER,Low overall risk | Low severity | Low frequency
C000936,Teresa,Shaffer,Saudi Arabia,Standard,5,0,0,2,2,40.0,1.0,55.0,32.8,MEDIUM,NORMAL_CUSTOMER,PERSISTENT_RISK,Repeated problematic journeys | Persistence score 55.00
C000937,Alyssa,Waller,Saudi Arabia,Standard,1,1,1,0,0,30.0,16.25,0.0,16.88,LOW,NORMAL_CUSTOMER,FREQUENT_FRICTION,Frequency score 16.25 | Repeated problematic activity
C000939,Maria,Mosley,Saudi Arabia,Standard,4,0,0,0,0,0.0,0.0,0.0,0.0,LOW,LOYAL_LOW_FRICTION_CUSTOMER,LOYAL_STABLE_CUSTOMER,Multiple bookings | Low journey friction | Minimal problematic journeys
C000940,Jonathan,Taylor,Pakistan,Premium,3,0,0,0,0,0.0,0.0,0.0,0.0,LOW,LOYAL_LOW_FRICTION_CUSTOMER,LOYAL_STABLE_CUSTOMER,Multiple bookings | Low journey friction | Minimal problematic journeys
C000941,Makayla,Matthews,Saudi Arabia,Premium,1,0,0,0,0,0.0,0.0,0.0,0.0,LOW,NORMAL_CUSTOMER,STABLE_CUSTOMER,Low overall risk | Low severity | Low frequency
C000942,Timothy,Miller,Pakistan,Standard,3,2,2,1,1,70.0,11.67,30.0,40.5,MEDIUM,NORMAL_CUSTOMER,DEVELOPING_FRICTION,Emerging risk indicators | Increasing problem frequency | Early persistence signal
C000943,Lindsay,Clark,United Kingdom,Premium,2,2,2,3,1,100.0,20.0,30.0,55.0,HIGH,FRICTION_PRONE_CUSTOMER,RECENT_HIGH_SEVERITY,High severity score 100.00 | Limited evidence of repeated behavior
C000944,Julie,Wells,United States,Standard,6,3,3,3,2,65.0,9.38,52.33,44.51,MEDIUM,NORMAL_CUSTOMER,PERSISTENT_RISK,Repeated problematic journeys | Persistence score 52.33
C000945,Matthew,Dillon,Saudi Arabia,Standard,1,0,0,0,0,0.0,0.0,0.0,0.0,LOW,NORMAL_CUSTOMER,STABLE_CUSTOMER,Low overall risk | Low severity | Low frequency
C000946,Darius,Hatfield,Saudi Arabia,Standard,2,0,0,0,0,0.0,0.0,0.0,0.0,LOW,NORMAL_CUSTOMER,STABLE_CUSTOMER,Low overall risk | Low severity | Low frequency
C000947,Sydney,Jones,Saudi Arabia,Standard,3,0,0,0,0,0.0,0.0,0.0,0.0,LOW,LOYAL_LOW_FRICTION_CUSTOMER,LOYAL_STABLE_CUSTOMER,Multiple bookings | Low journey friction | Minimal problematic journeys
C000948,Donald,Choi,Other,Premium,3,0,0,0,0,0.0,0.0,0.0,0.0,LOW,LOYAL_LOW_FRICTION_CUSTOMER,LOYAL_STABLE_CUSTOMER,Multiple bookings | Low journey friction | Minimal problematic journeys
C000949,Tammy,Avila,Other,Standard,1,0,0,1,1,45.0,2.5,30.0,27.75,MEDIUM,NORMAL_CUSTOMER,DEVELOPING_FRICTION,Emerging risk indicators | Early persistence signal
C000950,Michelle,Davis,Pakistan,Premium,2,0,0,0,0,0.0,0.0,0.0,0.0,LOW,NORMAL_CUSTOMER,STABLE_CUSTOMER,Low overall risk | Low severity | Low frequency
C000951,Jennifer,Ortiz,Pakistan,Standard,2,1,1,0,0,30.0,8.12,0.0,14.44,LOW,NORMAL_CUSTOMER,STABLE_CUSTOMER,Low overall risk | Low severity | Low frequency
C000952,Tina,Rocha,United Kingdom,Standard,1,1,1,1,1,70.0,18.75,30.0,42.62,MEDIUM,NORMAL_CUSTOMER,FREQUENT_FRICTION,Frequency score 18.75 | Repeated problematic activity
C000954,Linda,Peters,Other,Standard,3,3,3,4,2,100.0,19.58,65.67,65.58,HIGH,FRICTION_PRONE_CUSTOMER,PERSISTENT_RISK,Repeated problematic journeys | Persistence score 65.67
C000955,Michael,Page,United Arab Emirates,Standard,6,1,1,0,0,30.0,2.71,0.0,12.81,LOW,LOYAL_LOW_FRICTION_CUSTOMER,LOYAL_STABLE_CUSTOMER,Multiple bookings | Low journey friction | Minimal problematic journeys
C000956,Krystal,Fischer,United Arab Emirates,Standard,1,0,0,0,0,0.0,0.0,0.0,0.0,LOW,NORMAL_CUSTOMER,STABLE_CUSTOMER,Low overall risk | Low severity | Low frequency
C000957,Alexander,Taylor,Pakistan,Standard,4,2,2,0,0,35.0,8.12,0.0,16.44,LOW,LOYAL_LOW_FRICTION_CUSTOMER,LOYAL_STABLE_CUSTOMER,Multiple bookings | Low journey friction | Minimal problematic journeys
C000960,Emily,Spencer,United Kingdom,Standard,2,0,0,0,0,0.0,0.0,0.0,0.0,LOW,NORMAL_CUSTOMER,STABLE_CUSTOMER,Low overall risk | Low severity | Low frequency
C000962,Brenda,Mckenzie,Pakistan,Standard,2,1,1,1,1,70.0,9.38,30.0,39.81,MEDIUM,NORMAL_CUSTOMER,DEVELOPING_FRICTION,Emerging risk indicators | Increasing problem frequency | Early persistence signal
C000963,Lynn,Davenport,Saudi Arabia,Standard,2,0,0,1,1,45.0,1.25,30.0,27.38,MEDIUM,NORMAL_CUSTOMER,DEVELOPING_FRICTION,Emerging risk indicators | Early persistence signal
C000964,Shelby,Torres,United Arab Emirates,Standard,3,0,0,1,1,40.0,0.83,30.0,25.25,MEDIUM,LOYAL_LOW_FRICTION_CUSTOMER,DEVELOPING_FRICTION,Emerging risk indicators | Early persistence signal
C000965,Daniel,Hansen,Saudi Arabia,Standard,1,0,0,1,1,40.0,2.5,30.0,25.75,MEDIUM,NORMAL_CUSTOMER,DEVELOPING_FRICTION,Emerging risk indicators | Early persistence signal
C000967,Angel,Johnson,United Kingdom,Standard,3,4,4,3,1,100.0,24.17,30.0,56.25,HIGH,FRICTION_PRONE_CUSTOMER,RECENT_HIGH_SEVERITY,High severity score 100.00 | Limited evidence of repeated behavior
C000969,Anna,Baker,Pakistan,Standard,3,0,0,1,1,40.0,0.83,30.0,25.25,MEDIUM,LOYAL_LOW_FRICTION_CUSTOMER,DEVELOPING_FRICTION,Emerging risk indicators | Early persistence signal
C000970,Rose,Blanchard,United Arab Emirates,Standard,3,0,0,0,0,0.0,0.0,0.0,0.0,LOW,LOYAL_LOW_FRICTION_CUSTOMER,LOYAL_STABLE_CUSTOMER,Multiple bookings | Low journey friction | Minimal problematic journeys
C000972,Bryan,Kennedy,Other,Standard,1,0,0,1,1,40.0,2.5,30.0,25.75,MEDIUM,NORMAL_CUSTOMER,DEVELOPING_FRICTION,Emerging risk indicators | Early persistence signal
C000973,Madison,Valdez,United Kingdom,Premium,3,1,1,2,2,75.0,7.08,65.67,51.82,HIGH,FRICTION_PRONE_CUSTOMER,PERSISTENT_RISK,Repeated problematic journeys | Persistence score 65.67
C000974,Regina,Stafford,Saudi Arabia,Standard,1,0,0,0,0,0.0,0.0,0.0,0.0,LOW,NORMAL_CUSTOMER,STABLE_CUSTOMER,Low overall risk | Low severity | Low frequency
C000975,Kevin,Butler,Saudi Arabia,Standard,5,0,0,1,1,40.0,0.5,26.0,23.95,LOW,LOYAL_LOW_FRICTION_CUSTOMER,DEVELOPING_FRICTION,Emerging risk indicators | Early persistence signal
C000976,Ricky,Vasquez,Saudi Arabia,Standard,3,1,1,1,1,40.0,6.25,30.0,26.88,MEDIUM,LOYAL_LOW_FRICTION_CUSTOMER,DEVELOPING_FRICTION,Emerging risk indicators | Increasing problem frequency | Early persistence signal
C000977,Donald,Watts,Pakistan,Standard,3,1,1,2,2,70.0,7.08,65.67,49.82,HIGH,FRICTION_PRONE_CUSTOMER,PERSISTENT_RISK,Repeated problematic journeys | Persistence score 65.67
C000978,Sophia,Sanchez,Saudi Arabia,Standard,1,0,0,0,0,0.0,0.0,0.0,0.0,LOW,NORMAL_CUSTOMER,STABLE_CUSTOMER,Low overall risk | Low severity | Low frequency
C000979,Kevin,Wilson,United Arab Emirates,Standard,1,0,0,0,0,0.0,0.0,0.0,0.0,LOW,NORMAL_CUSTOMER,STABLE_CUSTOMER,Low overall risk | Low severity | Low frequency
C000980,Travis,Ramirez,Pakistan,Standard,2,1,1,0,0,30.0,8.12,0.0,14.44,LOW,NORMAL_CUSTOMER,STABLE_CUSTOMER,Low overall risk | Low severity | Low frequency
C000981,Colton,Gamble,United Arab Emirates,Standard,2,0,0,1,1,45.0,1.25,30.0,27.38,MEDIUM,NORMAL_CUSTOMER,DEVELOPING_FRICTION,Emerging risk indicators | Early persistence signal
C000983,Derek,Reese,Saudi Arabia,Standard,1,1,1,0,0,30.0,16.25,0.0,16.88,LOW,NORMAL_CUSTOMER,FREQUENT_FRICTION,Frequency score 16.25 | Repeated problematic activity
C000984,Shawn,Perkins,Saudi Arabia,Standard,3,0,0,1,1,40.0,0.83,30.0,25.25,MEDIUM,LOYAL_LOW_FRICTION_CUSTOMER,DEVELOPING_FRICTION,Emerging risk indicators | Early persistence signal
C000985,Ellen,Cunningham,United Kingdom,Premium,2,0,0,0,0,0.0,0.0,0.0,0.0,LOW,NORMAL_CUSTOMER,STABLE_CUSTOMER,Low overall risk | Low severity | Low frequency
C000986,Julia,Oneill,United Arab Emirates,Standard,2,1,1,1,1,75.0,9.38,30.0,41.81,MEDIUM,NORMAL_CUSTOMER,RECENT_HIGH_SEVERITY,High severity score 75.00 | Limited evidence of repeated behavior
C000987,Sonya,Burton,United Kingdom,Premium,1,0,0,0,0,0.0,0.0,0.0,0.0,LOW,NORMAL_CUSTOMER,STABLE_CUSTOMER,Low overall risk | Low severity | Low frequency
C000988,Robert,Alvarez,United Arab Emirates,Standard,5,0,0,2,2,45.0,1.0,55.0,34.8,MEDIUM,NORMAL_CUSTOMER,PERSISTENT_RISK,Repeated problematic journeys | Persistence score 55.00
C000989,Julia,Benson,Saudi Arabia,Premium,2,0,0,1,1,40.0,1.25,30.0,25.38,MEDIUM,NORMAL_CUSTOMER,DEVELOPING_FRICTION,Emerging risk indicators | Early persistence signal
C000990,Eric,Wilson,United States,Standard,3,0,0,1,1,40.0,0.83,30.0,25.25,MEDIUM,LOYAL_LOW_FRICTION_CUSTOMER,DEVELOPING_FRICTION,Emerging risk indicators | Early persistence signal
C000991,Robert,Hunt,United States,Standard,3,0,0,1,1,40.0,0.83,30.0,25.25,MEDIUM,LOYAL_LOW_FRICTION_CUSTOMER,DEVELOPING_FRICTION,Emerging risk indicators | Early persistence signal
C000992,Corey,Johnston,United Kingdom,Standard,2,1,1,1,1,75.0,9.38,30.0,41.81,MEDIUM,NORMAL_CUSTOMER,RECENT_HIGH_SEVERITY,High severity score 75.00 | Limited evidence of repeated behavior
C000993,Tracy,Bruce,Saudi Arabia,Standard,4,1,1,1,1,40.0,4.69,28.0,25.81,MEDIUM,LOYAL_LOW_FRICTION_CUSTOMER,DEVELOPING_FRICTION,Emerging risk indicators | Early persistence signal
C000995,Stephanie,Brown,United Arab Emirates,Standard,1,0,0,0,0,0.0,0.0,0.0,0.0,LOW,NORMAL_CUSTOMER,STABLE_CUSTOMER,Low overall risk | Low severity | Low frequency
C000996,Antonio,Flores,Saudi Arabia,Standard,1,1,1,0,0,30.0,16.25,0.0,16.88,LOW,NORMAL_CUSTOMER,FREQUENT_FRICTION,Frequency score 16.25 | Repeated problematic activity
C000997,Mitchell,Johns,Other,Standard,1,0,0,1,1,45.0,2.5,30.0,27.75,MEDIUM,NORMAL_CUSTOMER,DEVELOPING_FRICTION,Emerging risk indicators | Early persistence signal
C000998,Scott,Taylor,Saudi Arabia,Standard,1,1,1,0,0,30.0,16.25,0.0,16.88,LOW,NORMAL_CUSTOMER,FREQUENT_FRICTION,Frequency score 16.25 | Repeated problematic activity
C000999,Stephanie,Martin,Other,Standard,3,1,1,1,1,40.0,6.25,30.0,26.88,MEDIUM,LOYAL_LOW_FRICTION_CUSTOMER,DEVELOPING_FRICTION,Emerging risk indicators | Increasing problem frequency | Early persistence signal
C001000,Melissa,Nelson,United Arab Emirates,Standard,1,0,0,0,0,0.0,0.0,0.0,0.0,LOW,NORMAL_CUSTOMER,STABLE_CUSTOMER,Low overall risk | Low severity | Low frequency
C001001,Cory,Barnes,Saudi Arabia,Standard,1,0,0,0,0,0.0,0.0,0.0,0.0,LOW,NORMAL_CUSTOMER,STABLE_CUSTOMER,Low overall risk | Low severity | Low frequency
C001002,Gina,Barr,Pakistan,Standard,2,0,0,0,0,0.0,0.0,0.0,0.0,LOW,NORMAL_CUSTOMER,STABLE_CUSTOMER,Low overall risk | Low severity | Low frequency
C001004,Tiffany,Roberts,United Kingdom,Standard,1,0,0,0,0,0.0,0.0,0.0,0.0,LOW,NORMAL_CUSTOMER,STABLE_CUSTOMER,Low overall risk | Low severity | Low frequency
C001005,Michael,Moreno,United States,Standard,3,0,0,1,1,45.0,0.83,30.0,27.25,MEDIUM,LOYAL_LOW_FRICTION_CUSTOMER,DEVELOPING_FRICTION,Emerging risk indicators | Early persistence signal
C001006,Raymond,Mayer,United Kingdom,Premium,1,1,1,0,0,30.0,16.25,0.0,16.88,LOW,NORMAL_CUSTOMER,FREQUENT_FRICTION,Frequency score 16.25 | Repeated problematic activity
C001007,James,Palmer,United Kingdom,Standard,1,0,0,1,1,40.0,2.5,30.0,25.75,MEDIUM,NORMAL_CUSTOMER,DEVELOPING_FRICTION,Emerging risk indicators | Early persistence signal
C001008,David,Miranda,United States,Premium,2,2,2,3,2,65.0,20.0,79.0,55.7,HIGH,FRICTION_PRONE_CUSTOMER,PERSISTENT_RISK,Repeated problematic journeys | Persistence score 79.00
C001009,Melanie,White,Saudi Arabia,Standard,3,1,1,0,0,35.0,5.42,0.0,15.63,LOW,LOYAL_LOW_FRICTION_CUSTOMER,LOYAL_STABLE_CUSTOMER,Multiple bookings | Low journey friction | Minimal problematic journeys
C001010,Shawn,Davis,United Arab Emirates,Premium,1,1,1,0,0,30.0,16.25,0.0,16.88,LOW,NORMAL_CUSTOMER,FREQUENT_FRICTION,Frequency score 16.25 | Repeated problematic activity
C001012,Darlene,Stephens,Other,Standard,2,0,0,0,0,0.0,0.0,0.0,0.0,LOW,NORMAL_CUSTOMER,STABLE_CUSTOMER,Low overall risk | Low severity | Low frequency
C001013,Carla,Brennan,Other,Standard,3,1,1,0,0,30.0,5.42,0.0,13.63,LOW,LOYAL_LOW_FRICTION_CUSTOMER,LOYAL_STABLE_CUSTOMER,Multiple bookings | Low journey friction | Minimal problematic journeys
C001014,Andrew,Serrano,Saudi Arabia,Standard,3,1,1,0,0,30.0,5.42,0.0,13.63,LOW,LOYAL_LOW_FRICTION_CUSTOMER,LOYAL_STABLE_CUSTOMER,Multiple bookings | Low journey friction | Minimal problematic journeys
C001015,Kristin,Cohen,United Kingdom,Standard,4,4,4,6,2,100.0,20.0,59.0,63.7,HIGH,FRICTION_PRONE_CUSTOMER,PERSISTENT_RISK,Repeated problematic journeys | Persistence score 59.00
C001016,John,Turner,Other,VIP,4,1,1,2,2,75.0,5.31,59.0,49.29,HIGH,FRICTION_PRONE_CUSTOMER,PERSISTENT_RISK,Repeated problematic journeys | Persistence score 59.00
C001017,David,Jennings,Saudi Arabia,VIP,7,0,0,2,2,45.0,0.71,50.43,33.34,MEDIUM,NORMAL_CUSTOMER,PERSISTENT_RISK,Repeated problematic journeys | Persistence score 50.43
C001018,Anne,Barker,Pakistan,Premium,1,0,0,0,0,0.0,0.0,0.0,0.0,LOW,NORMAL_CUSTOMER,STABLE_CUSTOMER,Low overall risk | Low severity | Low frequency
C001020,Kathy,Carpenter,Saudi Arabia,Premium,2,0,0,1,1,40.0,1.25,30.0,25.38,MEDIUM,NORMAL_CUSTOMER,DEVELOPING_FRICTION,Emerging risk indicators | Early persistence signal
C001022,Jason,Smith,Saudi Arabia,Standard,1,0,0,0,0,0.0,0.0,0.0,0.0,LOW,NORMAL_CUSTOMER,STABLE_CUSTOMER,Low overall risk | Low severity | Low frequency
C001024,Mark,Watson,Other,Standard,2,0,0,1,1,45.0,1.25,30.0,27.38,MEDIUM,NORMAL_CUSTOMER,DEVELOPING_FRICTION,Emerging risk indicators | Early persistence signal
C001025,Dylan,Washington,Other,Standard,1,0,0,0,0,0.0,0.0,0.0,0.0,LOW,NORMAL_CUSTOMER,STABLE_CUSTOMER,Low overall risk | Low severity | Low frequency
C001026,Rachel,Peterson,United Arab Emirates,Standard,1,0,0,0,0,0.0,0.0,0.0,0.0,LOW,NORMAL_CUSTOMER,STABLE_CUSTOMER,Low overall risk | Low severity | Low frequency
C001027,Aaron,Bartlett,Other,Standard,1,1,1,0,0,30.0,16.25,0.0,16.88,LOW,NORMAL_CUSTOMER,FREQUENT_FRICTION,Frequency score 16.25 | Repeated problematic activity
C001028,Michele,Garcia,United States,Standard,1,2,2,2,1,65.0,37.5,30.0,46.25,MEDIUM,NORMAL_CUSTOMER,FREQUENT_FRICTION,Frequency score 37.50 | Repeated problematic activity
C001029,Duane,Moore,United Arab Emirates,Premium,2,0,0,1,1,45.0,1.25,30.0,27.38,MEDIUM,NORMAL_CUSTOMER,DEVELOPING_FRICTION,Emerging risk indicators | Early persistence signal
C001030,David,Walker,United States,Standard,3,2,2,2,1,65.0,12.5,30.0,38.75,MEDIUM,LOYAL_LOW_FRICTION_CUSTOMER,DEVELOPING_FRICTION,Emerging risk indicators | Increasing problem frequency | Early persistence signal
C001031,John,Lopez,Saudi Arabia,Standard,3,2,2,2,2,80.0,12.5,65.67,55.45,HIGH,FRICTION_PRONE_CUSTOMER,PERSISTENT_RISK,Repeated problematic journeys | Persistence score 65.67
C001032,Greg,Prince,Pakistan,Premium,1,1,1,1,1,75.0,18.75,30.0,44.62,MEDIUM,NORMAL_CUSTOMER,RECENT_HIGH_SEVERITY,High severity score 75.00 | Limited evidence of repeated behavior
C001033,Donna,Austin,Saudi Arabia,Standard,2,0,0,0,0,0.0,0.0,0.0,0.0,LOW,NORMAL_CUSTOMER,STABLE_CUSTOMER,Low overall risk | Low severity | Low frequency
C001034,Anthony,Guerra,Saudi Arabia,Standard,2,0,0,1,1,45.0,1.25,30.0,27.38,MEDIUM,NORMAL_CUSTOMER,DEVELOPING_FRICTION,Emerging risk indicators | Early persistence signal
C001036,Kristy,Patel,United Kingdom,Standard,2,0,0,0,0,0.0,0.0,0.0,0.0,LOW,NORMAL_CUSTOMER,STABLE_CUSTOMER,Low overall risk | Low severity | Low frequency
C001037,John,Arnold,United Arab Emirates,Premium,2,0,0,1,1,45.0,1.25,30.0,27.38,MEDIUM,NORMAL_CUSTOMER,DEVELOPING_FRICTION,Emerging risk indicators | Early persistence signal
C001038,Mario,Avila,United Kingdom,Standard,2,1,1,2,2,75.0,10.62,79.0,56.89,HIGH,FRICTION_PRONE_CUSTOMER,PERSISTENT_RISK,Repeated problematic journeys | Persistence score 79.00
C001039,Grant,Wilson,Saudi Arabia,Standard,1,0,0,1,1,45.0,2.5,30.0,27.75,MEDIUM,NORMAL_CUSTOMER,DEVELOPING_FRICTION,Emerging risk indicators | Early persistence signal
C001041,Judy,Jones,Pakistan,Premium,3,3,3,3,2,65.0,18.75,65.67,51.33,HIGH,FRICTION_PRONE_CUSTOMER,PERSISTENT_RISK,Repeated problematic journeys | Persistence score 65.67
C001044,Thomas,Mendoza,Pakistan,Standard,2,1,1,1,1,75.0,9.38,30.0,41.81,MEDIUM,NORMAL_CUSTOMER,RECENT_HIGH_SEVERITY,High severity score 75.00 | Limited evidence of repeated behavior
C001045,Kimberly,Collins,Other,Premium,1,0,0,0,0,0.0,0.0,0.0,0.0,LOW,NORMAL_CUSTOMER,STABLE_CUSTOMER,Low overall risk | Low severity | Low frequency
C001046,William,Cox,Pakistan,Premium,2,2,2,2,1,65.0,18.75,30.0,40.62,MEDIUM,NORMAL_CUSTOMER,FREQUENT_FRICTION,Frequency score 18.75 | Repeated problematic activity
C001049,Sonia,Harper,Other,Premium,2,0,0,1,1,45.0,1.25,30.0,27.38,MEDIUM,NORMAL_CUSTOMER,DEVELOPING_FRICTION,Emerging risk indicators | Early persistence signal
C001050,Bradley,Gallagher,Saudi Arabia,Standard,2,2,2,2,1,65.0,18.75,30.0,40.62,MEDIUM,NORMAL_CUSTOMER,FREQUENT_FRICTION,Frequency score 18.75 | Repeated problematic activity
C001051,Krista,Peterson,Other,Premium,2,2,2,2,1,65.0,18.75,30.0,40.62,MEDIUM,NORMAL_CUSTOMER,FREQUENT_FRICTION,Frequency score 18.75 | Repeated problematic activity
C001052,Michelle,Mckinney,Pakistan,Standard,1,0,0,1,1,45.0,2.5,30.0,27.75,MEDIUM,NORMAL_CUSTOMER,DEVELOPING_FRICTION,Emerging risk indicators | Early persistence signal
C001053,Adrienne,Johnson,Other,Standard,2,0,0,0,0,0.0,0.0,0.0,0.0,LOW,NORMAL_CUSTOMER,STABLE_CUSTOMER,Low overall risk | Low severity | Low frequency
C001055,Tamara,Walker,Other,Standard,2,0,0,1,1,40.0,1.25,30.0,25.38,MEDIUM,NORMAL_CUSTOMER,DEVELOPING_FRICTION,Emerging risk indicators | Early persistence signal
C001056,Bruce,Vincent,United Arab Emirates,Standard,1,0,0,1,1,45.0,2.5,30.0,27.75,MEDIUM,NORMAL_CUSTOMER,DEVELOPING_FRICTION,Emerging risk indicators | Early persistence signal
C001059,Gina,Martinez,United Arab Emirates,Premium,3,0,0,1,1,45.0,0.83,30.0,27.25,MEDIUM,LOYAL_LOW_FRICTION_CUSTOMER,DEVELOPING_FRICTION,Emerging risk indicators | Early persistence signal
C001060,Tracy,Anderson,Pakistan,Standard,1,0,0,0,0,0.0,0.0,0.0,0.0,LOW,NORMAL_CUSTOMER,STABLE_CUSTOMER,Low overall risk | Low severity | Low frequency
C001061,Renee,Miller,Other,Standard,1,0,0,0,0,0.0,0.0,0.0,0.0,LOW,NORMAL_CUSTOMER,STABLE_CUSTOMER,Low overall risk | Low severity | Low frequency
C001063,Christopher,Bowers,United States,Standard,2,3,3,3,1,100.0,28.12,30.0,57.44,HIGH,FRICTION_PRONE_CUSTOMER,RECENT_HIGH_SEVERITY,High severity score 100.00 | Limited evidence of repeated behavior
C001064,Charlene,Jones,United Arab Emirates,Standard,1,0,0,0,0,0.0,0.0,0.0,0.0,LOW,NORMAL_CUSTOMER,STABLE_CUSTOMER,Low overall risk | Low severity | Low frequency
C001065,Cameron,Hampton,United Arab Emirates,Standard,3,2,2,2,1,65.0,12.5,30.0,38.75,MEDIUM,LOYAL_LOW_FRICTION_CUSTOMER,DEVELOPING_FRICTION,Emerging risk indicators | Increasing problem frequency | Early persistence signal
C001066,Joshua,Todd,United Kingdom,Standard,3,2,2,2,1,65.0,12.5,30.0,38.75,MEDIUM,LOYAL_LOW_FRICTION_CUSTOMER,DEVELOPING_FRICTION,Emerging risk indicators | Increasing problem frequency | Early persistence signal
C001067,Cynthia,Williams,Saudi Arabia,Standard,1,0,0,1,1,40.0,2.5,30.0,25.75,MEDIUM,NORMAL_CUSTOMER,DEVELOPING_FRICTION,Emerging risk indicators | Early persistence signal
C001068,Amy,Rodriguez,Saudi Arabia,Standard,4,1,1,1,1,40.0,4.69,28.0,25.81,MEDIUM,LOYAL_LOW_FRICTION_CUSTOMER,DEVELOPING_FRICTION,Emerging risk indicators | Early persistence signal
C001070,Virginia,Palmer,Saudi Arabia,Standard,2,3,3,3,1,100.0,28.12,30.0,57.44,HIGH,FRICTION_PRONE_CUSTOMER,RECENT_HIGH_SEVERITY,High severity score 100.00 | Limited evidence of repeated behavior
C001071,Alyssa,Brown,Saudi Arabia,Standard,3,0,0,1,1,45.0,0.83,30.0,27.25,MEDIUM,LOYAL_LOW_FRICTION_CUSTOMER,DEVELOPING_FRICTION,Emerging risk indicators | Early persistence signal
C001073,Catherine,King,Saudi Arabia,Standard,2,1,1,0,0,30.0,8.12,0.0,14.44,LOW,NORMAL_CUSTOMER,STABLE_CUSTOMER,Low overall risk | Low severity | Low frequency
C001074,Cory,Jones,Saudi Arabia,Standard,3,2,2,3,1,100.0,13.33,30.0,53.0,HIGH,FRICTION_PRONE_CUSTOMER,RECENT_HIGH_SEVERITY,High severity score 100.00 | Limited evidence of repeated behavior
C001075,Jacqueline,Contreras,Other,Premium,2,0,0,1,1,45.0,1.25,30.0,27.38,MEDIUM,NORMAL_CUSTOMER,DEVELOPING_FRICTION,Emerging risk indicators | Early persistence signal
C001076,Melissa,Webster,United Arab Emirates,Standard,2,0,0,2,2,45.0,2.5,79.0,42.45,MEDIUM,NORMAL_CUSTOMER,PERSISTENT_RISK,Repeated problematic journeys | Persistence score 79.00
C001077,Debra,Patton,United Arab Emirates,Premium,1,0,0,1,1,40.0,2.5,30.0,25.75,MEDIUM,NORMAL_CUSTOMER,DEVELOPING_FRICTION,Emerging risk indicators | Early persistence signal
C001078,Kayla,Mora,United Kingdom,Standard,3,1,1,1,1,45.0,6.25,30.0,28.88,MEDIUM,LOYAL_LOW_FRICTION_CUSTOMER,DEVELOPING_FRICTION,Emerging risk indicators | Increasing problem frequency | Early persistence signal
C001080,Jason,Santana,Other,Standard,2,0,0,1,1,40.0,1.25,30.0,25.38,MEDIUM,NORMAL_CUSTOMER,DEVELOPING_FRICTION,Emerging risk indicators | Early persistence signal
C001081,Shannon,Lopez,United States,Standard,1,0,0,0,0,0.0,0.0,0.0,0.0,LOW,NORMAL_CUSTOMER,STABLE_CUSTOMER,Low overall risk | Low severity | Low frequency
C001082,Jeremy,Bell,Saudi Arabia,Standard,3,2,2,5,3,100.0,15.0,91.0,71.8,HIGH,FRICTION_PRONE_CUSTOMER,PERSISTENT_RISK,Repeated problematic journeys | Persistence score 91.00
C001083,Matthew,Davis,United Arab Emirates,VIP,2,1,1,1,1,75.0,9.38,30.0,41.81,MEDIUM,NORMAL_CUSTOMER,RECENT_HIGH_SEVERITY,High severity score 75.00 | Limited evidence of repeated behavior
C001084,Shawn,Singleton,Other,Premium,2,0,0,0,0,0.0,0.0,0.0,0.0,LOW,NORMAL_CUSTOMER,STABLE_CUSTOMER,Low overall risk | Low severity | Low frequency
C001086,Cody,Rush,United Arab Emirates,VIP,2,0,0,0,0,0.0,0.0,0.0,0.0,LOW,NORMAL_CUSTOMER,STABLE_CUSTOMER,Low overall risk | Low severity | Low frequency
C001087,Ronald,Bailey,Pakistan,Standard,1,0,0,0,0,0.0,0.0,0.0,0.0,LOW,NORMAL_CUSTOMER,STABLE_CUSTOMER,Low overall risk | Low severity | Low frequency
C001089,Nicholas,Mason,Other,Standard,2,0,0,0,0,0.0,0.0,0.0,0.0,LOW,NORMAL_CUSTOMER,STABLE_CUSTOMER,Low overall risk | Low severity | Low frequency
C001090,Elijah,Chandler,Saudi Arabia,Premium,3,0,0,2,2,45.0,1.67,65.67,38.2,MEDIUM,NORMAL_CUSTOMER,PERSISTENT_RISK,Repeated problematic journeys | Persistence score 65.67
C001092,Carlos,Hudson,Pakistan,Standard,2,1,1,1,1,45.0,9.38,30.0,29.81,MEDIUM,NORMAL_CUSTOMER,DEVELOPING_FRICTION,Emerging risk indicators | Increasing problem frequency | Early persistence signal
C001093,Marie,Garcia,Pakistan,Premium,1,1,1,1,1,80.0,18.75,30.0,46.62,MEDIUM,NORMAL_CUSTOMER,RECENT_HIGH_SEVERITY,High severity score 80.00 | Limited evidence of repeated behavior
C001094,Christopher,Lane,Pakistan,Standard,3,0,0,0,0,0.0,0.0,0.0,0.0,LOW,LOYAL_LOW_FRICTION_CUSTOMER,LOYAL_STABLE_CUSTOMER,Multiple bookings | Low journey friction | Minimal problematic journeys
C001095,Colin,Smith,Saudi Arabia,Standard,2,0,0,0,0,0.0,0.0,0.0,0.0,LOW,NORMAL_CUSTOMER,STABLE_CUSTOMER,Low overall risk | Low severity | Low frequency
C001096,Joanne,Robinson,Saudi Arabia,Standard,1,0,0,1,1,40.0,2.5,30.0,25.75,MEDIUM,NORMAL_CUSTOMER,DEVELOPING_FRICTION,Emerging risk indicators | Early persistence signal
C001097,Lisa,Lee,Saudi Arabia,Premium,3,0,0,1,1,40.0,0.83,30.0,25.25,MEDIUM,LOYAL_LOW_FRICTION_CUSTOMER,DEVELOPING_FRICTION,Emerging risk indicators | Early persistence signal
C001099,Brenda,Winters,United States,Standard,7,1,1,0,0,30.0,2.32,0.0,12.7,LOW,LOYAL_LOW_FRICTION_CUSTOMER,LOYAL_STABLE_CUSTOMER,Multiple bookings | Low journey friction | Minimal problematic journeys
C001100,Anna,Medina,United Arab Emirates,Standard,2,0,0,0,0,0.0,0.0,0.0,0.0,LOW,NORMAL_CUSTOMER,STABLE_CUSTOMER,Low overall risk | Low severity | Low frequency
C001101,Mark,Beltran,Saudi Arabia,Standard,1,0,0,1,1,40.0,2.5,30.0,25.75,MEDIUM,NORMAL_CUSTOMER,DEVELOPING_FRICTION,Emerging risk indicators | Early persistence signal
C001102,David,Garcia,Other,Standard,1,0,0,1,1,40.0,2.5,30.0,25.75,MEDIUM,NORMAL_CUSTOMER,DEVELOPING_FRICTION,Emerging risk indicators | Early persistence signal
C001103,Michael,Lewis,Other,Standard,2,2,2,0,0,30.0,16.25,0.0,16.88,LOW,NORMAL_CUSTOMER,FREQUENT_FRICTION,Frequency score 16.25 | Repeated problematic activity
C001105,Karen,Zimmerman,Other,Standard,3,3,3,3,2,65.0,18.75,65.67,51.33,HIGH,FRICTION_PRONE_CUSTOMER,PERSISTENT_RISK,Repeated problematic journeys | Persistence score 65.67
C001106,Miranda,Richardson,Saudi Arabia,Standard,2,0,0,2,2,40.0,2.5,79.0,40.45,MEDIUM,NORMAL_CUSTOMER,PERSISTENT_RISK,Repeated problematic journeys | Persistence score 79.00
C001107,Jennifer,Lawrence,United Arab Emirates,Premium,2,1,1,1,1,75.0,9.38,30.0,41.81,MEDIUM,NORMAL_CUSTOMER,RECENT_HIGH_SEVERITY,High severity score 75.00 | Limited evidence of repeated behavior
C001108,Tanya,Gonzales,United States,Standard,1,0,0,0,0,0.0,0.0,0.0,0.0,LOW,NORMAL_CUSTOMER,STABLE_CUSTOMER,Low overall risk | Low severity | Low frequency
C001109,Caroline,Rosario,United Kingdom,Premium,1,0,0,0,0,0.0,0.0,0.0,0.0,LOW,NORMAL_CUSTOMER,STABLE_CUSTOMER,Low overall risk | Low severity | Low frequency
C001110,Michael,White,Saudi Arabia,Standard,2,1,1,1,1,70.0,9.38,30.0,39.81,MEDIUM,NORMAL_CUSTOMER,DEVELOPING_FRICTION,Emerging risk indicators | Increasing problem frequency | Early persistence signal
C001111,Becky,Kelly,United States,Standard,1,0,0,1,1,45.0,2.5,30.0,27.75,MEDIUM,NORMAL_CUSTOMER,DEVELOPING_FRICTION,Emerging risk indicators | Early persistence signal
C001115,Daniel,Rodriguez,Pakistan,Standard,1,0,0,0,0,0.0,0.0,0.0,0.0,LOW,NORMAL_CUSTOMER,STABLE_CUSTOMER,Low overall risk | Low severity | Low frequency
C001116,Megan,Rollins,Pakistan,Standard,1,0,0,0,0,0.0,0.0,0.0,0.0,LOW,NORMAL_CUSTOMER,STABLE_CUSTOMER,Low overall risk | Low severity | Low frequency
C001117,Michael,Martinez,Saudi Arabia,Standard,2,0,0,0,0,0.0,0.0,0.0,0.0,LOW,NORMAL_CUSTOMER,STABLE_CUSTOMER,Low overall risk | Low severity | Low frequency
C001118,Kathryn,Rodriguez,Other,Standard,2,0,0,2,2,45.0,2.5,79.0,42.45,MEDIUM,NORMAL_CUSTOMER,PERSISTENT_RISK,Repeated problematic journeys | Persistence score 79.00
C001119,Audrey,Taylor,Saudi Arabia,Standard,1,0,0,0,0,0.0,0.0,0.0,0.0,LOW,NORMAL_CUSTOMER,STABLE_CUSTOMER,Low overall risk | Low severity | Low frequency
C001120,Lindsay,Farmer,Saudi Arabia,Standard,1,2,2,2,1,65.0,37.5,30.0,46.25,MEDIUM,NORMAL_CUSTOMER,FREQUENT_FRICTION,Frequency score 37.50 | Repeated problematic activity
C001121,Megan,Bush,Other,Standard,2,2,2,3,1,100.0,20.0,30.0,55.0,HIGH,FRICTION_PRONE_CUSTOMER,RECENT_HIGH_SEVERITY,High severity score 100.00 | Limited evidence of repeated behavior
C001123,Loretta,Williams,Other,Premium,2,0,0,0,0,0.0,0.0,0.0,0.0,LOW,NORMAL_CUSTOMER,STABLE_CUSTOMER,Low overall risk | Low severity | Low frequency
C001125,Dawn,Wilson,United Kingdom,Standard,4,1,1,2,2,40.0,5.31,59.0,35.29,MEDIUM,NORMAL_CUSTOMER,PERSISTENT_RISK,Repeated problematic journeys | Persistence score 59.00
C001126,Anthony,Campbell,Pakistan,Standard,3,1,1,1,1,45.0,6.25,30.0,28.88,MEDIUM,LOYAL_LOW_FRICTION_CUSTOMER,DEVELOPING_FRICTION,Emerging risk indicators | Increasing problem frequency | Early persistence signal
C001127,Sarah,Burke,Saudi Arabia,Standard,1,1,1,0,0,30.0,16.25,0.0,16.88,LOW,NORMAL_CUSTOMER,FREQUENT_FRICTION,Frequency score 16.25 | Repeated problematic activity
C001128,Maria,Collins,United Arab Emirates,Premium,1,0,0,0,0,0.0,0.0,0.0,0.0,LOW,NORMAL_CUSTOMER,STABLE_CUSTOMER,Low overall risk | Low severity | Low frequency
C001129,Joseph,Cherry,United Arab Emirates,Standard,1,0,0,0,0,0.0,0.0,0.0,0.0,LOW,NORMAL_CUSTOMER,STABLE_CUSTOMER,Low overall risk | Low severity | Low frequency
C001130,Henry,Wallace,Saudi Arabia,Standard,3,0,0,1,1,40.0,0.83,30.0,25.25,MEDIUM,LOYAL_LOW_FRICTION_CUSTOMER,DEVELOPING_FRICTION,Emerging risk indicators | Early persistence signal
C001131,Jacqueline,Spencer,United Kingdom,Standard,2,0,0,0,0,0.0,0.0,0.0,0.0,LOW,NORMAL_CUSTOMER,STABLE_CUSTOMER,Low overall risk | Low severity | Low frequency
C001132,Kyle,Roberts,United Arab Emirates,Premium,3,0,0,0,0,0.0,0.0,0.0,0.0,LOW,LOYAL_LOW_FRICTION_CUSTOMER,LOYAL_STABLE_CUSTOMER,Multiple bookings | Low journey friction | Minimal problematic journeys
C001133,Matthew,Wyatt,Saudi Arabia,Standard,5,1,1,2,2,40.0,4.25,55.0,33.78,MEDIUM,NORMAL_CUSTOMER,PERSISTENT_RISK,Repeated problematic journeys | Persistence score 55.00
C001134,Adam,Lopez,Saudi Arabia,Standard,2,0,0,0,0,0.0,0.0,0.0,0.0,LOW,NORMAL_CUSTOMER,STABLE_CUSTOMER,Low overall risk | Low severity | Low frequency
C001135,Molly,Jones,United Kingdom,Standard,3,0,0,0,0,0.0,0.0,0.0,0.0,LOW,LOYAL_LOW_FRICTION_CUSTOMER,LOYAL_STABLE_CUSTOMER,Multiple bookings | Low journey friction | Minimal problematic journeys
C001136,Ashley,Randall,Saudi Arabia,Standard,3,2,2,1,1,70.0,11.67,30.0,40.5,MEDIUM,NORMAL_CUSTOMER,DEVELOPING_FRICTION,Emerging risk indicators | Increasing problem frequency | Early persistence signal
C001137,Richard,Alvarez,Other,Standard,3,2,2,3,1,100.0,13.33,30.0,53.0,HIGH,FRICTION_PRONE_CUSTOMER,RECENT_HIGH_SEVERITY,High severity score 100.00 | Limited evidence of repeated behavior
C001138,Donald,Shelton,United Arab Emirates,Standard,1,0,0,1,1,45.0,2.5,30.0,27.75,MEDIUM,NORMAL_CUSTOMER,DEVELOPING_FRICTION,Emerging risk indicators | Early persistence signal
C001139,Cynthia,White,United Arab Emirates,Premium,2,2,2,0,0,30.0,16.25,0.0,16.88,LOW,NORMAL_CUSTOMER,FREQUENT_FRICTION,Frequency score 16.25 | Repeated problematic activity
C001140,Anthony,Lutz,Pakistan,Premium,1,0,0,0,0,0.0,0.0,0.0,0.0,LOW,NORMAL_CUSTOMER,STABLE_CUSTOMER,Low overall risk | Low severity | Low frequency
C001141,Julie,Vasquez,United States,Standard,2,0,0,0,0,0.0,0.0,0.0,0.0,LOW,NORMAL_CUSTOMER,STABLE_CUSTOMER,Low overall risk | Low severity | Low frequency
C001142,Jason,Garcia,United Arab Emirates,Standard,4,1,1,1,1,75.0,4.69,28.0,39.81,MEDIUM,LOYAL_LOW_FRICTION_CUSTOMER,RECENT_HIGH_SEVERITY,High severity score 75.00 | Limited evidence of repeated behavior
C001144,Matthew,Barrett,Pakistan,Standard,2,0,0,0,0,0.0,0.0,0.0,0.0,LOW,NORMAL_CUSTOMER,STABLE_CUSTOMER,Low overall risk | Low severity | Low frequency
C001145,Mitchell,Miller,Saudi Arabia,Standard,1,0,0,0,0,0.0,0.0,0.0,0.0,LOW,NORMAL_CUSTOMER,STABLE_CUSTOMER,Low overall risk | Low severity | Low frequency
C001146,Jennifer,Thomas,Other,Standard,1,0,0,0,0,0.0,0.0,0.0,0.0,LOW,NORMAL_CUSTOMER,STABLE_CUSTOMER,Low overall risk | Low severity | Low frequency
C001148,Ashley,Garza,United Kingdom,Standard,1,0,0,0,0,0.0,0.0,0.0,0.0,LOW,NORMAL_CUSTOMER,STABLE_CUSTOMER,Low overall risk | Low severity | Low frequency
C001149,Christopher,Garcia,Other,Standard,1,1,1,1,1,70.0,18.75,30.0,42.62,MEDIUM,NORMAL_CUSTOMER,FREQUENT_FRICTION,Frequency score 18.75 | Repeated problematic activity
C001151,Eric,Levine,United Kingdom,Standard,2,1,1,0,0,35.0,8.12,0.0,16.44,LOW,NORMAL_CUSTOMER,STABLE_CUSTOMER,Low overall risk | Low severity | Low frequency
C001152,Christine,Brown,United States,Premium,2,1,1,1,1,75.0,9.38,30.0,41.81,MEDIUM,NORMAL_CUSTOMER,RECENT_HIGH_SEVERITY,High severity score 75.00 | Limited evidence of repeated behavior
C001153,Emily,Hester,United Kingdom,Standard,2,0,0,0,0,0.0,0.0,0.0,0.0,LOW,NORMAL_CUSTOMER,STABLE_CUSTOMER,Low overall risk | Low severity | Low frequency
C001155,Ebony,Larson,Pakistan,Standard,2,1,1,1,1,40.0,9.38,30.0,27.81,MEDIUM,NORMAL_CUSTOMER,DEVELOPING_FRICTION,Emerging risk indicators | Increasing problem frequency | Early persistence signal
C001156,Todd,Ewing,United States,Premium,1,0,0,0,0,0.0,0.0,0.0,0.0,LOW,NORMAL_CUSTOMER,STABLE_CUSTOMER,Low overall risk | Low severity | Low frequency
C001157,Scott,Martinez,Saudi Arabia,Standard,1,1,1,0,0,30.0,16.25,0.0,16.88,LOW,NORMAL_CUSTOMER,FREQUENT_FRICTION,Frequency score 16.25 | Repeated problematic activity
C001159,Kari,Hardy,Other,Standard,2,0,0,0,0,0.0,0.0,0.0,0.0,LOW,NORMAL_CUSTOMER,STABLE_CUSTOMER,Low overall risk | Low severity | Low frequency
C001160,Daniel,Ramirez,Saudi Arabia,Standard,3,0,0,0,0,0.0,0.0,0.0,0.0,LOW,LOYAL_LOW_FRICTION_CUSTOMER,LOYAL_STABLE_CUSTOMER,Multiple bookings | Low journey friction | Minimal problematic journeys
C001161,Russell,Reeves,United States,Standard,1,0,0,0,0,0.0,0.0,0.0,0.0,LOW,NORMAL_CUSTOMER,STABLE_CUSTOMER,Low overall risk | Low severity | Low frequency
C001162,Justin,Perkins,Saudi Arabia,Standard,1,0,0,0,0,0.0,0.0,0.0,0.0,LOW,NORMAL_CUSTOMER,STABLE_CUSTOMER,Low overall risk | Low severity | Low frequency
C001163,Erika,Nelson,United Arab Emirates,Standard,1,1,1,0,0,30.0,16.25,0.0,16.88,LOW,NORMAL_CUSTOMER,FREQUENT_FRICTION,Frequency score 16.25 | Repeated problematic activity
C001164,Tommy,Clarke,United Kingdom,Standard,1,0,0,0,0,0.0,0.0,0.0,0.0,LOW,NORMAL_CUSTOMER,STABLE_CUSTOMER,Low overall risk | Low severity | Low frequency
C001165,Elizabeth,Schneider,Saudi Arabia,Standard,4,1,1,1,1,40.0,4.69,28.0,25.81,MEDIUM,LOYAL_LOW_FRICTION_CUSTOMER,DEVELOPING_FRICTION,Emerging risk indicators | Early persistence signal
C001166,Brandon,Ross,United States,Standard,1,2,2,2,1,65.0,37.5,30.0,46.25,MEDIUM,NORMAL_CUSTOMER,FREQUENT_FRICTION,Frequency score 37.50 | Repeated problematic activity
C001167,Randall,Alvarez,United States,Standard,1,0,0,1,1,45.0,2.5,30.0,27.75,MEDIUM,NORMAL_CUSTOMER,DEVELOPING_FRICTION,Emerging risk indicators | Early persistence signal
C001168,Carol,Morrison,Pakistan,Standard,3,0,0,1,1,40.0,0.83,30.0,25.25,MEDIUM,LOYAL_LOW_FRICTION_CUSTOMER,DEVELOPING_FRICTION,Emerging risk indicators | Early persistence signal
C001169,Adrian,Sullivan,Saudi Arabia,Standard,1,1,1,0,0,35.0,16.25,0.0,18.88,LOW,NORMAL_CUSTOMER,FREQUENT_FRICTION,Frequency score 16.25 | Repeated problematic activity
C001170,Kevin,Washington,Saudi Arabia,Premium,2,1,1,0,0,30.0,8.12,0.0,14.44,LOW,NORMAL_CUSTOMER,STABLE_CUSTOMER,Low overall risk | Low severity | Low frequency
C001171,Jason,Ramirez,Pakistan,VIP,1,0,0,0,0,0.0,0.0,0.0,0.0,LOW,NORMAL_CUSTOMER,STABLE_CUSTOMER,Low overall risk | Low severity | Low frequency
C001172,Derrick,Tate,Other,Premium,1,2,2,2,1,65.0,37.5,30.0,46.25,MEDIUM,NORMAL_CUSTOMER,FREQUENT_FRICTION,Frequency score 37.50 | Repeated problematic activity
C001173,Jonathan,Rodriguez,Pakistan,Premium,1,1,1,0,0,30.0,16.25,0.0,16.88,LOW,NORMAL_CUSTOMER,FREQUENT_FRICTION,Frequency score 16.25 | Repeated problematic activity
C001174,Mark,King,Saudi Arabia,Standard,2,0,0,0,0,0.0,0.0,0.0,0.0,LOW,NORMAL_CUSTOMER,STABLE_CUSTOMER,Low overall risk | Low severity | Low frequency
C001175,Adrian,Crawford,Pakistan,VIP,2,2,2,2,1,65.0,18.75,30.0,40.62,MEDIUM,NORMAL_CUSTOMER,FREQUENT_FRICTION,Frequency score 18.75 | Repeated problematic activity
C001177,Gregory,Taylor,United States,Standard,2,0,0,0,0,0.0,0.0,0.0,0.0,LOW,NORMAL_CUSTOMER,STABLE_CUSTOMER,Low overall risk | Low severity | Low frequency
C001178,Omar,Garcia,Saudi Arabia,Premium,4,1,1,2,2,80.0,5.31,59.0,51.29,HIGH,FRICTION_PRONE_CUSTOMER,PERSISTENT_RISK,Repeated problematic journeys | Persistence score 59.00
C001179,Jane,Brown,United States,Standard,1,0,0,0,0,0.0,0.0,0.0,0.0,LOW,NORMAL_CUSTOMER,STABLE_CUSTOMER,Low overall risk | Low severity | Low frequency
C001180,Vincent,Jones,Pakistan,Standard,1,2,2,2,1,65.0,37.5,30.0,46.25,MEDIUM,NORMAL_CUSTOMER,FREQUENT_FRICTION,Frequency score 37.50 | Repeated problematic activity
C001182,Linda,Stanton,United Arab Emirates,Standard,2,0,0,1,1,45.0,1.25,30.0,27.38,MEDIUM,NORMAL_CUSTOMER,DEVELOPING_FRICTION,Emerging risk indicators | Early persistence signal
C001183,Charles,Reyes,Pakistan,Standard,2,0,0,0,0,0.0,0.0,0.0,0.0,LOW,NORMAL_CUSTOMER,STABLE_CUSTOMER,Low overall risk | Low severity | Low frequency
C001185,Bobby,Hernandez,Saudi Arabia,Standard,4,3,3,3,1,100.0,14.06,28.0,52.62,HIGH,FRICTION_PRONE_CUSTOMER,RECENT_HIGH_SEVERITY,High severity score 100.00 | Limited evidence of repeated behavior
C001186,Andrew,Howell,Other,Standard,1,0,0,0,0,0.0,0.0,0.0,0.0,LOW,NORMAL_CUSTOMER,STABLE_CUSTOMER,Low overall risk | Low severity | Low frequency
C001187,Samantha,Davis,United Kingdom,Standard,1,2,2,3,1,100.0,40.0,30.0,61.0,HIGH,FRICTION_PRONE_CUSTOMER,RECENT_HIGH_SEVERITY,High severity score 100.00 | Limited evidence of repeated behavior
C001188,Michelle,Jones,Saudi Arabia,Standard,2,0,0,0,0,0.0,0.0,0.0,0.0,LOW,NORMAL_CUSTOMER,STABLE_CUSTOMER,Low overall risk | Low severity | Low frequency
C001190,Ashley,Saunders,United Kingdom,Standard,2,0,0,0,0,0.0,0.0,0.0,0.0,LOW,NORMAL_CUSTOMER,STABLE_CUSTOMER,Low overall risk | Low severity | Low frequency
C001191,Jenna,Sparks,Saudi Arabia,Premium,1,0,0,0,0,0.0,0.0,0.0,0.0,LOW,NORMAL_CUSTOMER,STABLE_CUSTOMER,Low overall risk | Low severity | Low frequency
C001192,Robert,Harris,Pakistan,Standard,4,3,3,0,0,35.0,12.19,0.0,17.66,LOW,LOYAL_LOW_FRICTION_CUSTOMER,LOYAL_STABLE_CUSTOMER,Multiple bookings | Low journey friction | Minimal problematic journeys
C001193,Darius,Bates,United Arab Emirates,Standard,1,0,0,0,0,0.0,0.0,0.0,0.0,LOW,NORMAL_CUSTOMER,STABLE_CUSTOMER,Low overall risk | Low severity | Low frequency
C001197,Christine,Heath,Other,Standard,3,2,2,1,1,70.0,11.67,30.0,40.5,MEDIUM,NORMAL_CUSTOMER,DEVELOPING_FRICTION,Emerging risk indicators | Increasing problem frequency | Early persistence signal
C001199,Samantha,Cisneros,United Kingdom,Standard,1,1,1,0,0,35.0,16.25,0.0,18.88,LOW,NORMAL_CUSTOMER,FREQUENT_FRICTION,Frequency score 16.25 | Repeated problematic activity
C001201,Megan,Jordan,United States,VIP,1,0,0,1,1,40.0,2.5,30.0,25.75,MEDIUM,NORMAL_CUSTOMER,DEVELOPING_FRICTION,Emerging risk indicators | Early persistence signal
C001203,Brianna,Reyes,Saudi Arabia,Premium,1,0,0,0,0,0.0,0.0,0.0,0.0,LOW,NORMAL_CUSTOMER,STABLE_CUSTOMER,Low overall risk | Low severity | Low frequency
C001204,Alexandria,Edwards,United Arab Emirates,Premium,1,0,0,0,0,0.0,0.0,0.0,0.0,LOW,NORMAL_CUSTOMER,STABLE_CUSTOMER,Low overall risk | Low severity | Low frequency
C001205,Randy,Bennett,United Arab Emirates,Standard,1,0,0,0,0,0.0,0.0,0.0,0.0,LOW,NORMAL_CUSTOMER,STABLE_CUSTOMER,Low overall risk | Low severity | Low frequency
C001206,Kyle,Stevens,United States,Premium,3,1,1,0,0,30.0,5.42,0.0,13.63,LOW,LOYAL_LOW_FRICTION_CUSTOMER,LOYAL_STABLE_CUSTOMER,Multiple bookings | Low journey friction | Minimal problematic journeys
C001207,Matthew,Johnson,United Kingdom,VIP,1,0,0,1,1,45.0,2.5,30.0,27.75,MEDIUM,NORMAL_CUSTOMER,DEVELOPING_FRICTION,Emerging risk indicators | Early persistence signal
C001208,Mason,Hawkins,United Arab Emirates,Standard,2,0,0,1,1,45.0,1.25,30.0,27.38,MEDIUM,NORMAL_CUSTOMER,DEVELOPING_FRICTION,Emerging risk indicators | Early persistence signal
C001209,Gary,Dalton,Saudi Arabia,Standard,1,1,1,0,0,35.0,16.25,0.0,18.88,LOW,NORMAL_CUSTOMER,FREQUENT_FRICTION,Frequency score 16.25 | Repeated problematic activity
C001210,William,Turner,Other,Standard,2,0,0,0,0,0.0,0.0,0.0,0.0,LOW,NORMAL_CUSTOMER,STABLE_CUSTOMER,Low overall risk | Low severity | Low frequency
C001212,William,Henry,United Arab Emirates,Standard,2,2,2,2,1,65.0,18.75,30.0,40.62,MEDIUM,NORMAL_CUSTOMER,FREQUENT_FRICTION,Frequency score 18.75 | Repeated problematic activity
C001213,Rebecca,Taylor,Saudi Arabia,Premium,1,1,1,0,0,35.0,16.25,0.0,18.88,LOW,NORMAL_CUSTOMER,FREQUENT_FRICTION,Frequency score 16.25 | Repeated problematic activity
C001214,Michael,Baldwin,United States,Premium,1,1,1,0,0,30.0,16.25,0.0,16.88,LOW,NORMAL_CUSTOMER,FREQUENT_FRICTION,Frequency score 16.25 | Repeated problematic activity
C001215,Jessica,Freeman,United Kingdom,Standard,2,0,0,0,0,0.0,0.0,0.0,0.0,LOW,NORMAL_CUSTOMER,STABLE_CUSTOMER,Low overall risk | Low severity | Low frequency
C001216,Lori,Rodriguez,Saudi Arabia,Standard,1,0,0,0,0,0.0,0.0,0.0,0.0,LOW,NORMAL_CUSTOMER,STABLE_CUSTOMER,Low overall risk | Low severity | Low frequency
C001217,Lisa,Leonard,Saudi Arabia,Premium,4,1,1,1,1,45.0,4.69,28.0,27.81,MEDIUM,LOYAL_LOW_FRICTION_CUSTOMER,DEVELOPING_FRICTION,Emerging risk indicators | Early persistence signal
C001218,Joel,Keller,United Kingdom,Standard,1,0,0,0,0,0.0,0.0,0.0,0.0,LOW,NORMAL_CUSTOMER,STABLE_CUSTOMER,Low overall risk | Low severity | Low frequency
C001219,Dwayne,Jennings,United Kingdom,Standard,3,4,4,4,2,65.0,25.0,65.67,53.2,HIGH,FRICTION_PRONE_CUSTOMER,PERSISTENT_RISK,Repeated problematic journeys | Persistence score 65.67
C001221,Carrie,Alvarez,Other,Standard,1,2,2,3,1,100.0,40.0,30.0,61.0,HIGH,FRICTION_PRONE_CUSTOMER,RECENT_HIGH_SEVERITY,High severity score 100.00 | Limited evidence of repeated behavior
C001222,Kathleen,Dickerson,Saudi Arabia,Standard,2,0,0,1,1,40.0,1.25,30.0,25.38,MEDIUM,NORMAL_CUSTOMER,DEVELOPING_FRICTION,Emerging risk indicators | Early persistence signal
C001223,Diana,Hunter,United Arab Emirates,Standard,1,0,0,1,1,40.0,2.5,30.0,25.75,MEDIUM,NORMAL_CUSTOMER,DEVELOPING_FRICTION,Emerging risk indicators | Early persistence signal
C001224,Gregory,Myers,Other,Standard,1,0,0,0,0,0.0,0.0,0.0,0.0,LOW,NORMAL_CUSTOMER,STABLE_CUSTOMER,Low overall risk | Low severity | Low frequency
C001226,Troy,Arellano,Pakistan,Standard,1,0,0,0,0,0.0,0.0,0.0,0.0,LOW,NORMAL_CUSTOMER,STABLE_CUSTOMER,Low overall risk | Low severity | Low frequency
C001228,Kathleen,Gomez,Saudi Arabia,Premium,1,0,0,0,0,0.0,0.0,0.0,0.0,LOW,NORMAL_CUSTOMER,STABLE_CUSTOMER,Low overall risk | Low severity | Low frequency
C001229,Shane,Levine,Other,Standard,2,0,0,1,1,40.0,1.25,30.0,25.38,MEDIUM,NORMAL_CUSTOMER,DEVELOPING_FRICTION,Emerging risk indicators | Early persistence signal
C001230,Sandra,Flores,United Arab Emirates,Standard,2,0,0,0,0,0.0,0.0,0.0,0.0,LOW,NORMAL_CUSTOMER,STABLE_CUSTOMER,Low overall risk | Low severity | Low frequency
C001231,Anne,Johnson,Other,Standard,3,0,0,2,2,45.0,1.67,65.67,38.2,MEDIUM,NORMAL_CUSTOMER,PERSISTENT_RISK,Repeated problematic journeys | Persistence score 65.67
C001232,Cynthia,Williams,Saudi Arabia,Standard,2,0,0,1,1,40.0,1.25,30.0,25.38,MEDIUM,NORMAL_CUSTOMER,DEVELOPING_FRICTION,Emerging risk indicators | Early persistence signal
C001233,Claudia,Hood,Saudi Arabia,VIP,2,0,0,1,1,40.0,1.25,30.0,25.38,MEDIUM,NORMAL_CUSTOMER,DEVELOPING_FRICTION,Emerging risk indicators | Early persistence signal
C001235,Courtney,Harmon,United Kingdom,Standard,1,0,0,0,0,0.0,0.0,0.0,0.0,LOW,NORMAL_CUSTOMER,STABLE_CUSTOMER,Low overall risk | Low severity | Low frequency
C001236,Edward,Johnson,United Arab Emirates,Premium,2,0,0,0,0,0.0,0.0,0.0,0.0,LOW,NORMAL_CUSTOMER,STABLE_CUSTOMER,Low overall risk | Low severity | Low frequency
C001237,Carlos,Vance,Other,Standard,2,0,0,2,2,40.0,2.5,79.0,40.45,MEDIUM,NORMAL_CUSTOMER,PERSISTENT_RISK,Repeated problematic journeys | Persistence score 79.00
C001238,Scott,Peterson,United Arab Emirates,Standard,1,0,0,1,1,45.0,2.5,30.0,27.75,MEDIUM,NORMAL_CUSTOMER,DEVELOPING_FRICTION,Emerging risk indicators | Early persistence signal
C001239,Kevin,Davis,Other,Standard,2,0,0,0,0,0.0,0.0,0.0,0.0,LOW,NORMAL_CUSTOMER,STABLE_CUSTOMER,Low overall risk | Low severity | Low frequency
C001240,Joshua,Reed,Saudi Arabia,Premium,1,0,0,1,1,40.0,2.5,30.0,25.75,MEDIUM,NORMAL_CUSTOMER,DEVELOPING_FRICTION,Emerging risk indicators | Early persistence signal
C001241,Brian,Howard,Other,Standard,1,0,0,0,0,0.0,0.0,0.0,0.0,LOW,NORMAL_CUSTOMER,STABLE_CUSTOMER,Low overall risk | Low severity | Low frequency
C001242,William,Bell,United States,Premium,3,1,1,2,2,80.0,7.08,65.67,53.82,HIGH,FRICTION_PRONE_CUSTOMER,PERSISTENT_RISK,Repeated problematic journeys | Persistence score 65.67
C001243,Lance,Stanley,United States,Standard,1,0,0,0,0,0.0,0.0,0.0,0.0,LOW,NORMAL_CUSTOMER,STABLE_CUSTOMER,Low overall risk | Low severity | Low frequency
C001244,Shannon,Wright,United States,Standard,6,1,1,2,2,45.0,3.54,52.33,34.76,MEDIUM,NORMAL_CUSTOMER,PERSISTENT_RISK,Repeated problematic journeys | Persistence score 52.33
C001245,Brian,Wong,United States,VIP,2,1,1,0,0,35.0,8.12,0.0,16.44,LOW,NORMAL_CUSTOMER,STABLE_CUSTOMER,Low overall risk | Low severity | Low frequency
C001246,Marie,Watkins,Pakistan,Standard,1,0,0,0,0,0.0,0.0,0.0,0.0,LOW,NORMAL_CUSTOMER,STABLE_CUSTOMER,Low overall risk | Low severity | Low frequency
C001247,Chase,Lozano,Saudi Arabia,Premium,1,0,0,1,1,45.0,2.5,30.0,27.75,MEDIUM,NORMAL_CUSTOMER,DEVELOPING_FRICTION,Emerging risk indicators | Early persistence signal
C001248,Michelle,Jones,Saudi Arabia,Premium,1,0,0,0,0,0.0,0.0,0.0,0.0,LOW,NORMAL_CUSTOMER,STABLE_CUSTOMER,Low overall risk | Low severity | Low frequency
C001249,Melissa,Torres,Other,Premium,2,0,0,0,0,0.0,0.0,0.0,0.0,LOW,NORMAL_CUSTOMER,STABLE_CUSTOMER,Low overall risk | Low severity | Low frequency
C001250,Christina,Morgan,Pakistan,Standard,1,0,0,0,0,0.0,0.0,0.0,0.0,LOW,NORMAL_CUSTOMER,STABLE_CUSTOMER,Low overall risk | Low severity | Low frequency
C001251,William,Smith,United States,Standard,2,0,0,0,0,0.0,0.0,0.0,0.0,LOW,NORMAL_CUSTOMER,STABLE_CUSTOMER,Low overall risk | Low severity | Low frequency
C001252,Steven,Nguyen,United Arab Emirates,Premium,1,1,1,0,0,30.0,16.25,0.0,16.88,LOW,NORMAL_CUSTOMER,FREQUENT_FRICTION,Frequency score 16.25 | Repeated problematic activity
C001253,Angela,Murray,Saudi Arabia,Standard,5,3,3,2,1,65.0,10.75,26.0,37.02,MEDIUM,LOYAL_LOW_FRICTION_CUSTOMER,DEVELOPING_FRICTION,Emerging risk indicators | Increasing problem frequency | Early persistence signal
C001255,Paula,Bradley,United Kingdom,Standard,1,0,0,0,0,0.0,0.0,0.0,0.0,LOW,NORMAL_CUSTOMER,STABLE_CUSTOMER,Low overall risk | Low severity | Low frequency
C001256,Shannon,Valenzuela,United Arab Emirates,Standard,1,0,0,0,0,0.0,0.0,0.0,0.0,LOW,NORMAL_CUSTOMER,STABLE_CUSTOMER,Low overall risk | Low severity | Low frequency
C001257,Lisa,Adams,Saudi Arabia,Standard,3,1,1,0,0,35.0,5.42,0.0,15.63,LOW,LOYAL_LOW_FRICTION_CUSTOMER,LOYAL_STABLE_CUSTOMER,Multiple bookings | Low journey friction | Minimal problematic journeys
C001258,Denise,Dominguez,United Arab Emirates,Standard,2,2,2,3,2,65.0,20.0,79.0,55.7,HIGH,FRICTION_PRONE_CUSTOMER,PERSISTENT_RISK,Repeated problematic journeys | Persistence score 79.00
C001259,Marc,Chapman,Saudi Arabia,Standard,1,0,0,0,0,0.0,0.0,0.0,0.0,LOW,NORMAL_CUSTOMER,STABLE_CUSTOMER,Low overall risk | Low severity | Low frequency
C001260,Thomas,Odom,Pakistan,Standard,1,0,0,0,0,0.0,0.0,0.0,0.0,LOW,NORMAL_CUSTOMER,STABLE_CUSTOMER,Low overall risk | Low severity | Low frequency
C001261,Edward,Gray,Saudi Arabia,Standard,2,0,0,1,1,45.0,1.25,30.0,27.38,MEDIUM,NORMAL_CUSTOMER,DEVELOPING_FRICTION,Emerging risk indicators | Early persistence signal
C001263,Dale,Armstrong,United Arab Emirates,Premium,3,2,2,4,2,100.0,14.17,65.67,63.95,HIGH,FRICTION_PRONE_CUSTOMER,PERSISTENT_RISK,Repeated problematic journeys | Persistence score 65.67
C001264,Rachel,Stokes,United Arab Emirates,Standard,1,0,0,1,1,45.0,2.5,30.0,27.75,MEDIUM,NORMAL_CUSTOMER,DEVELOPING_FRICTION,Emerging risk indicators | Early persistence signal
C001265,Matthew,Garcia,Saudi Arabia,Standard,2,2,2,2,1,65.0,18.75,30.0,40.62,MEDIUM,NORMAL_CUSTOMER,FREQUENT_FRICTION,Frequency score 18.75 | Repeated problematic activity
C001266,Jennifer,Leonard,Saudi Arabia,Standard,1,0,0,0,0,0.0,0.0,0.0,0.0,LOW,NORMAL_CUSTOMER,STABLE_CUSTOMER,Low overall risk | Low severity | Low frequency
C001267,William,Rogers,United Arab Emirates,Standard,1,0,0,0,0,0.0,0.0,0.0,0.0,LOW,NORMAL_CUSTOMER,STABLE_CUSTOMER,Low overall risk | Low severity | Low frequency
C001268,Gerald,Shaw,United Arab Emirates,Premium,1,0,0,0,0,0.0,0.0,0.0,0.0,LOW,NORMAL_CUSTOMER,STABLE_CUSTOMER,Low overall risk | Low severity | Low frequency
C001269,John,Hubbard,Pakistan,Premium,2,0,0,0,0,0.0,0.0,0.0,0.0,LOW,NORMAL_CUSTOMER,STABLE_CUSTOMER,Low overall risk | Low severity | Low frequency
C001270,Samuel,Morgan,Saudi Arabia,Premium,5,1,1,1,1,70.0,3.75,26.0,36.92,MEDIUM,LOYAL_LOW_FRICTION_CUSTOMER,DEVELOPING_FRICTION,Emerging risk indicators | Early persistence signal
C001271,Scott,Mendez,United Kingdom,Standard,1,0,0,0,0,0.0,0.0,0.0,0.0,LOW,NORMAL_CUSTOMER,STABLE_CUSTOMER,Low overall risk | Low severity | Low frequency
C001272,Alexandra,Cox,Other,Standard,1,0,0,1,1,40.0,2.5,30.0,25.75,MEDIUM,NORMAL_CUSTOMER,DEVELOPING_FRICTION,Emerging risk indicators | Early persistence signal
C001274,Nathan,Crawford,Saudi Arabia,Standard,3,2,2,2,1,65.0,12.5,30.0,38.75,MEDIUM,LOYAL_LOW_FRICTION_CUSTOMER,DEVELOPING_FRICTION,Emerging risk indicators | Increasing problem frequency | Early persistence signal
C001275,Justin,Boone,United Arab Emirates,Standard,1,1,1,1,1,80.0,18.75,30.0,46.62,MEDIUM,NORMAL_CUSTOMER,RECENT_HIGH_SEVERITY,High severity score 80.00 | Limited evidence of repeated behavior
C001276,Riley,Cobb,Saudi Arabia,Standard,2,0,0,1,1,40.0,1.25,30.0,25.38,MEDIUM,NORMAL_CUSTOMER,DEVELOPING_FRICTION,Emerging risk indicators | Early persistence signal
C001277,Matthew,Pittman,Saudi Arabia,Standard,1,2,2,2,1,65.0,37.5,30.0,46.25,MEDIUM,NORMAL_CUSTOMER,FREQUENT_FRICTION,Frequency score 37.50 | Repeated problematic activity
C001279,Kristina,Mitchell,Saudi Arabia,Standard,1,0,0,0,0,0.0,0.0,0.0,0.0,LOW,NORMAL_CUSTOMER,STABLE_CUSTOMER,Low overall risk | Low severity | Low frequency
C001280,Deborah,Williams,United Arab Emirates,Standard,3,2,2,3,2,65.0,13.33,65.67,49.7,HIGH,FRICTION_PRONE_CUSTOMER,PERSISTENT_RISK,Repeated problematic journeys | Persistence score 65.67
C001281,Cameron,Davies,Pakistan,VIP,2,1,1,0,0,30.0,8.12,0.0,14.44,LOW,NORMAL_CUSTOMER,STABLE_CUSTOMER,Low overall risk | Low severity | Low frequency
C001283,Erika,Perez,Pakistan,Standard,1,0,0,0,0,0.0,0.0,0.0,0.0,LOW,NORMAL_CUSTOMER,STABLE_CUSTOMER,Low overall risk | Low severity | Low frequency
C001284,Justin,Newton,Saudi Arabia,Standard,5,2,2,2,1,65.0,7.5,26.0,36.05,MEDIUM,LOYAL_LOW_FRICTION_CUSTOMER,DEVELOPING_FRICTION,Emerging risk indicators | Increasing problem frequency | Early persistence signal
C001285,Jennifer,Davis,United Arab Emirates,Premium,1,0,0,1,1,45.0,2.5,30.0,27.75,MEDIUM,NORMAL_CUSTOMER,DEVELOPING_FRICTION,Emerging risk indicators | Early persistence signal
C001286,Diane,Richard,Pakistan,Standard,1,1,1,0,0,30.0,16.25,0.0,16.88,LOW,NORMAL_CUSTOMER,FREQUENT_FRICTION,Frequency score 16.25 | Repeated problematic activity
C001287,Rebecca,Davis,Saudi Arabia,Premium,1,2,2,2,1,60.0,37.5,30.0,44.25,MEDIUM,NORMAL_CUSTOMER,FREQUENT_FRICTION,Frequency score 37.50 | Repeated problematic activity
C001288,Morgan,Rogers,United Arab Emirates,Standard,1,0,0,0,0,0.0,0.0,0.0,0.0,LOW,NORMAL_CUSTOMER,STABLE_CUSTOMER,Low overall risk | Low severity | Low frequency
C001289,Mathew,Jones,Saudi Arabia,Premium,2,3,3,2,1,65.0,26.88,30.0,43.06,MEDIUM,NORMAL_CUSTOMER,FREQUENT_FRICTION,Frequency score 26.88 | Repeated problematic activity
C001290,Brandi,Solis,Saudi Arabia,Standard,1,0,0,0,0,0.0,0.0,0.0,0.0,LOW,NORMAL_CUSTOMER,STABLE_CUSTOMER,Low overall risk | Low severity | Low frequency
C001291,Donald,Alvarez,United Arab Emirates,Standard,1,0,0,0,0,0.0,0.0,0.0,0.0,LOW,NORMAL_CUSTOMER,STABLE_CUSTOMER,Low overall risk | Low severity | Low frequency
C001292,Michael,Clark,Saudi Arabia,Standard,1,0,0,0,0,0.0,0.0,0.0,0.0,LOW,NORMAL_CUSTOMER,STABLE_CUSTOMER,Low overall risk | Low severity | Low frequency
C001293,Tammy,Flynn,Pakistan,Standard,2,1,1,2,2,75.0,10.62,79.0,56.89,HIGH,FRICTION_PRONE_CUSTOMER,PERSISTENT_RISK,Repeated problematic journeys | Persistence score 79.00
C001294,Holly,Pearson,United Kingdom,Premium,2,2,2,2,1,65.0,18.75,30.0,40.62,MEDIUM,NORMAL_CUSTOMER,FREQUENT_FRICTION,Frequency score 18.75 | Repeated problematic activity
C001295,Philip,Turner,United States,Standard,2,0,0,0,0,0.0,0.0,0.0,0.0,LOW,NORMAL_CUSTOMER,STABLE_CUSTOMER,Low overall risk | Low severity | Low frequency
C001296,Brooke,Brock,Saudi Arabia,Standard,1,0,0,1,1,45.0,2.5,30.0,27.75,MEDIUM,NORMAL_CUSTOMER,DEVELOPING_FRICTION,Emerging risk indicators | Early persistence signal
C001297,Sharon,Reynolds,Saudi Arabia,VIP,3,0,0,1,1,45.0,0.83,30.0,27.25,MEDIUM,LOYAL_LOW_FRICTION_CUSTOMER,DEVELOPING_FRICTION,Emerging risk indicators | Early persistence signal
C001299,Nicholas,Gonzalez,Pakistan,VIP,1,0,0,0,0,0.0,0.0,0.0,0.0,LOW,NORMAL_CUSTOMER,STABLE_CUSTOMER,Low overall risk | Low severity | Low frequency
C001300,Latasha,Morales,United Kingdom,Standard,3,2,2,2,1,65.0,12.5,30.0,38.75,MEDIUM,LOYAL_LOW_FRICTION_CUSTOMER,DEVELOPING_FRICTION,Emerging risk indicators | Increasing problem frequency | Early persistence signal
C001301,Lisa,Weber,Saudi Arabia,Premium,2,0,0,1,1,40.0,1.25,30.0,25.38,MEDIUM,NORMAL_CUSTOMER,DEVELOPING_FRICTION,Emerging risk indicators | Early persistence signal
C001302,Elizabeth,Chavez,Other,Standard,6,3,3,3,2,65.0,9.38,52.33,44.51,MEDIUM,NORMAL_CUSTOMER,PERSISTENT_RISK,Repeated problematic journeys | Persistence score 52.33
C001303,Maria,Hines,Saudi Arabia,Standard,1,0,0,0,0,0.0,0.0,0.0,0.0,LOW,NORMAL_CUSTOMER,STABLE_CUSTOMER,Low overall risk | Low severity | Low frequency
C001304,Joanne,White,Pakistan,Standard,1,2,2,2,1,65.0,37.5,30.0,46.25,MEDIUM,NORMAL_CUSTOMER,FREQUENT_FRICTION,Frequency score 37.50 | Repeated problematic activity
C001305,Gina,Smith,United Kingdom,Standard,4,0,0,0,0,0.0,0.0,0.0,0.0,LOW,LOYAL_LOW_FRICTION_CUSTOMER,LOYAL_STABLE_CUSTOMER,Multiple bookings | Low journey friction | Minimal problematic journeys
C001306,Alicia,Warner,Other,Standard,2,0,0,1,1,40.0,1.25,30.0,25.38,MEDIUM,NORMAL_CUSTOMER,DEVELOPING_FRICTION,Emerging risk indicators | Early persistence signal
C001307,Debbie,Huffman,United Kingdom,Standard,2,2,2,2,1,65.0,18.75,30.0,40.62,MEDIUM,NORMAL_CUSTOMER,FREQUENT_FRICTION,Frequency score 18.75 | Repeated problematic activity
C001308,Rodney,Ray,United States,VIP,4,3,3,3,2,65.0,14.06,59.0,47.92,MEDIUM,NORMAL_CUSTOMER,PERSISTENT_RISK,Repeated problematic journeys | Persistence score 59.00
C001309,Michael,Lewis,United Arab Emirates,VIP,2,0,0,0,0,0.0,0.0,0.0,0.0,LOW,NORMAL_CUSTOMER,STABLE_CUSTOMER,Low overall risk | Low severity | Low frequency
C001310,Michael,Hayden,United States,VIP,1,0,0,0,0,0.0,0.0,0.0,0.0,LOW,NORMAL_CUSTOMER,STABLE_CUSTOMER,Low overall risk | Low severity | Low frequency
C001312,Jason,Mcdonald,Other,Premium,5,0,0,3,3,40.0,1.5,75.0,38.95,MEDIUM,NORMAL_CUSTOMER,PERSISTENT_RISK,Repeated problematic journeys | Persistence score 75.00
C001313,Stacey,Giles,Pakistan,VIP,3,0,0,1,1,45.0,0.83,30.0,27.25,MEDIUM,LOYAL_LOW_FRICTION_CUSTOMER,DEVELOPING_FRICTION,Emerging risk indicators | Early persistence signal
C001314,Tom,Patel,United States,Premium,2,4,4,4,2,65.0,37.5,79.0,60.95,HIGH,FRICTION_PRONE_CUSTOMER,PERSISTENT_RISK,Repeated problematic journeys | Persistence score 79.00
C001315,Jeremy,Mendez,United Arab Emirates,Standard,2,1,1,0,0,35.0,8.12,0.0,16.44,LOW,NORMAL_CUSTOMER,STABLE_CUSTOMER,Low overall risk | Low severity | Low frequency
C001317,Chris,Hamilton,Pakistan,Premium,5,2,2,0,0,35.0,6.5,0.0,15.95,LOW,LOYAL_LOW_FRICTION_CUSTOMER,LOYAL_STABLE_CUSTOMER,Multiple bookings | Low journey friction | Minimal problematic journeys
C001318,Megan,Knight,United Kingdom,Premium,1,0,0,0,0,0.0,0.0,0.0,0.0,LOW,NORMAL_CUSTOMER,STABLE_CUSTOMER,Low overall risk | Low severity | Low frequency
C001319,Craig,Sims,Saudi Arabia,Standard,1,0,0,1,1,40.0,2.5,30.0,25.75,MEDIUM,NORMAL_CUSTOMER,DEVELOPING_FRICTION,Emerging risk indicators | Early persistence signal
C001320,Kelli,Boyd,Saudi Arabia,Standard,1,0,0,1,1,45.0,2.5,30.0,27.75,MEDIUM,NORMAL_CUSTOMER,DEVELOPING_FRICTION,Emerging risk indicators | Early persistence signal
C001322,Nicole,Hernandez,Saudi Arabia,VIP,1,0,0,1,1,40.0,2.5,30.0,25.75,MEDIUM,NORMAL_CUSTOMER,DEVELOPING_FRICTION,Emerging risk indicators | Early persistence signal
C001323,Benjamin,Hernandez,Other,Standard,1,0,0,0,0,0.0,0.0,0.0,0.0,LOW,NORMAL_CUSTOMER,STABLE_CUSTOMER,Low overall risk | Low severity | Low frequency
C001325,Katie,Evans,Other,Standard,2,0,0,0,0,0.0,0.0,0.0,0.0,LOW,NORMAL_CUSTOMER,STABLE_CUSTOMER,Low overall risk | Low severity | Low frequency
C001326,David,Graham,United Arab Emirates,Standard,4,1,1,0,0,35.0,4.06,0.0,15.22,LOW,LOYAL_LOW_FRICTION_CUSTOMER,LOYAL_STABLE_CUSTOMER,Multiple bookings | Low journey friction | Minimal problematic journeys
C001327,Nicholas,Flores,Saudi Arabia,Standard,2,1,1,0,0,30.0,8.12,0.0,14.44,LOW,NORMAL_CUSTOMER,STABLE_CUSTOMER,Low overall risk | Low severity | Low frequency
C001328,Francis,Greer,United States,Standard,2,1,1,0,0,30.0,8.12,0.0,14.44,LOW,NORMAL_CUSTOMER,STABLE_CUSTOMER,Low overall risk | Low severity | Low frequency
C001330,Kellie,Harris,United Arab Emirates,Standard,2,0,0,0,0,0.0,0.0,0.0,0.0,LOW,NORMAL_CUSTOMER,STABLE_CUSTOMER,Low overall risk | Low severity | Low frequency
C001332,Gabriel,Colon,United Kingdom,Premium,2,0,0,0,0,0.0,0.0,0.0,0.0,LOW,NORMAL_CUSTOMER,STABLE_CUSTOMER,Low overall risk | Low severity | Low frequency
C001333,Samuel,Lucas,Saudi Arabia,Standard,2,0,0,1,1,40.0,1.25,30.0,25.38,MEDIUM,NORMAL_CUSTOMER,DEVELOPING_FRICTION,Emerging risk indicators | Early persistence signal
C001334,Robert,Scott,Other,Standard,1,0,0,0,0,0.0,0.0,0.0,0.0,LOW,NORMAL_CUSTOMER,STABLE_CUSTOMER,Low overall risk | Low severity | Low frequency
C001335,Erica,Burke,Other,Standard,1,0,0,0,0,0.0,0.0,0.0,0.0,LOW,NORMAL_CUSTOMER,STABLE_CUSTOMER,Low overall risk | Low severity | Low frequency
C001336,John,Sullivan,United Kingdom,Standard,1,0,0,0,0,0.0,0.0,0.0,0.0,LOW,NORMAL_CUSTOMER,STABLE_CUSTOMER,Low overall risk | Low severity | Low frequency
C001337,Sean,Wilson,Saudi Arabia,Premium,1,0,0,0,0,0.0,0.0,0.0,0.0,LOW,NORMAL_CUSTOMER,STABLE_CUSTOMER,Low overall risk | Low severity | Low frequency
C001338,Justin,Lee,United Kingdom,Premium,1,0,0,0,0,0.0,0.0,0.0,0.0,LOW,NORMAL_CUSTOMER,STABLE_CUSTOMER,Low overall risk | Low severity | Low frequency
C001339,Kaitlyn,Sanchez,Saudi Arabia,Standard,1,1,1,1,1,70.0,18.75,30.0,42.62,MEDIUM,NORMAL_CUSTOMER,FREQUENT_FRICTION,Frequency score 18.75 | Repeated problematic activity
C001341,Amanda,Marshall,Saudi Arabia,Standard,1,1,1,0,0,35.0,16.25,0.0,18.88,LOW,NORMAL_CUSTOMER,FREQUENT_FRICTION,Frequency score 16.25 | Repeated problematic activity
C001342,Kyle,Castro,United Arab Emirates,Premium,4,2,2,1,1,45.0,8.75,28.0,29.02,MEDIUM,LOYAL_LOW_FRICTION_CUSTOMER,DEVELOPING_FRICTION,Emerging risk indicators | Increasing problem frequency | Early persistence signal
C001343,Lindsey,Graham,Other,Premium,2,0,0,0,0,0.0,0.0,0.0,0.0,LOW,NORMAL_CUSTOMER,STABLE_CUSTOMER,Low overall risk | Low severity | Low frequency
C001344,Taylor,Lucas,United Kingdom,Standard,1,0,0,1,1,40.0,2.5,30.0,25.75,MEDIUM,NORMAL_CUSTOMER,DEVELOPING_FRICTION,Emerging risk indicators | Early persistence signal
C001345,Mary,Johnson,United Kingdom,Standard,1,0,0,0,0,0.0,0.0,0.0,0.0,LOW,NORMAL_CUSTOMER,STABLE_CUSTOMER,Low overall risk | Low severity | Low frequency
C001348,Tracey,Green,United Arab Emirates,Standard,1,0,0,0,0,0.0,0.0,0.0,0.0,LOW,NORMAL_CUSTOMER,STABLE_CUSTOMER,Low overall risk | Low severity | Low frequency
C001349,Steven,Lara,Other,Premium,3,0,0,0,0,0.0,0.0,0.0,0.0,LOW,LOYAL_LOW_FRICTION_CUSTOMER,LOYAL_STABLE_CUSTOMER,Multiple bookings | Low journey friction | Minimal problematic journeys
C001353,Tammy,Stuart,United Arab Emirates,Standard,1,1,1,1,1,75.0,18.75,30.0,44.62,MEDIUM,NORMAL_CUSTOMER,RECENT_HIGH_SEVERITY,High severity score 75.00 | Limited evidence of repeated behavior
C001354,Lisa,Tucker,United Kingdom,Standard,3,0,0,1,1,40.0,0.83,30.0,25.25,MEDIUM,LOYAL_LOW_FRICTION_CUSTOMER,DEVELOPING_FRICTION,Emerging risk indicators | Early persistence signal
C001355,Laurie,Smith,United Arab Emirates,Standard,1,1,1,0,0,35.0,16.25,0.0,18.88,LOW,NORMAL_CUSTOMER,FREQUENT_FRICTION,Frequency score 16.25 | Repeated problematic activity
C001356,Devon,Heath,Other,Standard,1,1,1,0,0,30.0,16.25,0.0,16.88,LOW,NORMAL_CUSTOMER,FREQUENT_FRICTION,Frequency score 16.25 | Repeated problematic activity
C001357,John,Miller,Other,Standard,4,1,1,0,0,35.0,4.06,0.0,15.22,LOW,LOYAL_LOW_FRICTION_CUSTOMER,LOYAL_STABLE_CUSTOMER,Multiple bookings | Low journey friction | Minimal problematic journeys
C001358,Danielle,Guzman,United Arab Emirates,Standard,6,0,0,2,2,45.0,0.83,52.33,33.95,MEDIUM,NORMAL_CUSTOMER,PERSISTENT_RISK,Repeated problematic journeys | Persistence score 52.33
C001359,Morgan,Camacho,Saudi Arabia,Standard,3,1,1,2,2,75.0,7.08,65.67,51.82,HIGH,FRICTION_PRONE_CUSTOMER,PERSISTENT_RISK,Repeated problematic journeys | Persistence score 65.67
C001360,Angela,Lester,Pakistan,Premium,1,0,0,1,1,45.0,2.5,30.0,27.75,MEDIUM,NORMAL_CUSTOMER,DEVELOPING_FRICTION,Emerging risk indicators | Early persistence signal
C001362,Meghan,Cox,Saudi Arabia,Standard,1,0,0,0,0,0.0,0.0,0.0,0.0,LOW,NORMAL_CUSTOMER,STABLE_CUSTOMER,Low overall risk | Low severity | Low frequency
C001363,Melissa,Sandoval,Pakistan,VIP,1,0,0,0,0,0.0,0.0,0.0,0.0,LOW,NORMAL_CUSTOMER,STABLE_CUSTOMER,Low overall risk | Low severity | Low frequency
C001364,Justin,Davis,Pakistan,Standard,4,1,1,2,2,75.0,5.31,59.0,49.29,HIGH,FRICTION_PRONE_CUSTOMER,PERSISTENT_RISK,Repeated problematic journeys | Persistence score 59.00
C001365,Kathryn,Hahn,United Kingdom,Standard,3,2,2,1,1,45.0,11.67,30.0,30.5,MEDIUM,NORMAL_CUSTOMER,DEVELOPING_FRICTION,Emerging risk indicators | Increasing problem frequency | Early persistence signal
C001366,Joshua,Ramsey,Saudi Arabia,Standard,3,1,1,1,1,75.0,6.25,30.0,40.88,MEDIUM,LOYAL_LOW_FRICTION_CUSTOMER,RECENT_HIGH_SEVERITY,High severity score 75.00 | Limited evidence of repeated behavior
C001367,Rebecca,Taylor,United Kingdom,Premium,1,0,0,0,0,0.0,0.0,0.0,0.0,LOW,NORMAL_CUSTOMER,STABLE_CUSTOMER,Low overall risk | Low severity | Low frequency
C001368,Dylan,Rodriguez,Other,Premium,2,0,0,0,0,0.0,0.0,0.0,0.0,LOW,NORMAL_CUSTOMER,STABLE_CUSTOMER,Low overall risk | Low severity | Low frequency
C001369,Samuel,Navarro,Saudi Arabia,Standard,1,0,0,0,0,0.0,0.0,0.0,0.0,LOW,NORMAL_CUSTOMER,STABLE_CUSTOMER,Low overall risk | Low severity | Low frequency
C001370,Stacey,Fitzpatrick,Saudi Arabia,Standard,2,0,0,1,1,45.0,1.25,30.0,27.38,MEDIUM,NORMAL_CUSTOMER,DEVELOPING_FRICTION,Emerging risk indicators | Early persistence signal
C001371,Jeffrey,Boyd,Other,Standard,1,1,1,0,0,35.0,16.25,0.0,18.88,LOW,NORMAL_CUSTOMER,FREQUENT_FRICTION,Frequency score 16.25 | Repeated problematic activity
C001372,Shannon,Calderon,Saudi Arabia,VIP,1,0,0,0,0,0.0,0.0,0.0,0.0,LOW,NORMAL_CUSTOMER,STABLE_CUSTOMER,Low overall risk | Low severity | Low frequency
C001376,Wayne,Wilkerson,Other,Standard,1,0,0,0,0,0.0,0.0,0.0,0.0,LOW,NORMAL_CUSTOMER,STABLE_CUSTOMER,Low overall risk | Low severity | Low frequency
C001377,Joe,Young,United Arab Emirates,VIP,1,0,0,0,0,0.0,0.0,0.0,0.0,LOW,NORMAL_CUSTOMER,STABLE_CUSTOMER,Low overall risk | Low severity | Low frequency
C001378,Virginia,Martinez,Pakistan,Premium,3,3,3,3,2,70.0,18.75,65.67,53.33,HIGH,FRICTION_PRONE_CUSTOMER,PERSISTENT_RISK,Repeated problematic journeys | Persistence score 65.67
C001379,Nicholas,Roman,United Arab Emirates,Standard,3,0,0,0,0,0.0,0.0,0.0,0.0,LOW,LOYAL_LOW_FRICTION_CUSTOMER,LOYAL_STABLE_CUSTOMER,Multiple bookings | Low journey friction | Minimal problematic journeys
C001381,Sarah,Silva,Saudi Arabia,Standard,2,0,0,0,0,0.0,0.0,0.0,0.0,LOW,NORMAL_CUSTOMER,STABLE_CUSTOMER,Low overall risk | Low severity | Low frequency
C001382,Mary,Price,United Arab Emirates,Standard,3,2,2,0,0,30.0,10.83,0.0,15.25,LOW,LOYAL_LOW_FRICTION_CUSTOMER,LOYAL_STABLE_CUSTOMER,Multiple bookings | Low journey friction | Minimal problematic journeys
C001383,Debra,Goodman,Other,Standard,1,0,0,1,1,45.0,2.5,30.0,27.75,MEDIUM,NORMAL_CUSTOMER,DEVELOPING_FRICTION,Emerging risk indicators | Early persistence signal
C001385,Devin,Henderson,United Kingdom,Standard,2,0,0,0,0,0.0,0.0,0.0,0.0,LOW,NORMAL_CUSTOMER,STABLE_CUSTOMER,Low overall risk | Low severity | Low frequency
C001387,Maria,Thompson,United States,Standard,2,1,1,0,0,30.0,8.12,0.0,14.44,LOW,NORMAL_CUSTOMER,STABLE_CUSTOMER,Low overall risk | Low severity | Low frequency
C001388,Heather,Booker,Saudi Arabia,Standard,4,3,3,3,2,75.0,14.06,59.0,51.92,HIGH,FRICTION_PRONE_CUSTOMER,PERSISTENT_RISK,Repeated problematic journeys | Persistence score 59.00
C001389,Dominic,Gonzales,Other,Standard,3,2,2,3,2,65.0,13.33,65.67,49.7,HIGH,FRICTION_PRONE_CUSTOMER,PERSISTENT_RISK,Repeated problematic journeys | Persistence score 65.67
C001390,Janice,King,United Arab Emirates,Premium,2,2,2,3,1,95.0,20.0,30.0,53.0,HIGH,FRICTION_PRONE_CUSTOMER,RECENT_HIGH_SEVERITY,High severity score 95.00 | Limited evidence of repeated behavior
C001391,Shane,Lawrence,Saudi Arabia,Standard,4,2,2,0,0,35.0,8.12,0.0,16.44,LOW,LOYAL_LOW_FRICTION_CUSTOMER,LOYAL_STABLE_CUSTOMER,Multiple bookings | Low journey friction | Minimal problematic journeys
C001392,Adam,Henry,Saudi Arabia,Standard,3,2,2,3,1,100.0,13.33,30.0,53.0,HIGH,FRICTION_PRONE_CUSTOMER,RECENT_HIGH_SEVERITY,High severity score 100.00 | Limited evidence of repeated behavior
C001393,Christian,Brooks,Saudi Arabia,Standard,1,0,0,0,0,0.0,0.0,0.0,0.0,LOW,NORMAL_CUSTOMER,STABLE_CUSTOMER,Low overall risk | Low severity | Low frequency
C001395,Mary,Stewart,United Arab Emirates,Standard,2,0,0,1,1,40.0,1.25,30.0,25.38,MEDIUM,NORMAL_CUSTOMER,DEVELOPING_FRICTION,Emerging risk indicators | Early persistence signal
C001396,Ana,Coleman,United States,Standard,1,0,0,0,0,0.0,0.0,0.0,0.0,LOW,NORMAL_CUSTOMER,STABLE_CUSTOMER,Low overall risk | Low severity | Low frequency
C001397,Jessica,Vega,United Arab Emirates,Standard,1,0,0,1,1,45.0,2.5,30.0,27.75,MEDIUM,NORMAL_CUSTOMER,DEVELOPING_FRICTION,Emerging risk indicators | Early persistence signal
C001398,Allison,Richmond,Saudi Arabia,Premium,3,0,0,0,0,0.0,0.0,0.0,0.0,LOW,LOYAL_LOW_FRICTION_CUSTOMER,LOYAL_STABLE_CUSTOMER,Multiple bookings | Low journey friction | Minimal problematic journeys
C001399,Daniel,Suarez,Pakistan,VIP,1,1,1,0,0,30.0,16.25,0.0,16.88,LOW,NORMAL_CUSTOMER,FREQUENT_FRICTION,Frequency score 16.25 | Repeated problematic activity
C001400,Keith,Giles,United Kingdom,Standard,1,0,0,0,0,0.0,0.0,0.0,0.0,LOW,NORMAL_CUSTOMER,STABLE_CUSTOMER,Low overall risk | Low severity | Low frequency
C001401,Kevin,Cox,Saudi Arabia,Standard,1,0,0,1,1,45.0,2.5,30.0,27.75,MEDIUM,NORMAL_CUSTOMER,DEVELOPING_FRICTION,Emerging risk indicators | Early persistence signal
C001402,Brandon,Baldwin,Saudi Arabia,Standard,1,0,0,0,0,0.0,0.0,0.0,0.0,LOW,NORMAL_CUSTOMER,STABLE_CUSTOMER,Low overall risk | Low severity | Low frequency
C001404,Laura,Smith,United Kingdom,Standard,1,2,2,3,1,100.0,40.0,30.0,61.0,HIGH,FRICTION_PRONE_CUSTOMER,RECENT_HIGH_SEVERITY,High severity score 100.00 | Limited evidence of repeated behavior
C001405,Stephen,Rasmussen,United Kingdom,Standard,2,1,1,0,0,35.0,8.12,0.0,16.44,LOW,NORMAL_CUSTOMER,STABLE_CUSTOMER,Low overall risk | Low severity | Low frequency
C001408,Candice,Bates,United States,Standard,2,0,0,0,0,0.0,0.0,0.0,0.0,LOW,NORMAL_CUSTOMER,STABLE_CUSTOMER,Low overall risk | Low severity | Low frequency
C001409,Allen,Everett,Pakistan,Standard,1,0,0,0,0,0.0,0.0,0.0,0.0,LOW,NORMAL_CUSTOMER,STABLE_CUSTOMER,Low overall risk | Low severity | Low frequency
C001410,Zachary,Vazquez,Other,Premium,3,0,0,2,2,40.0,1.67,65.67,36.2,MEDIUM,NORMAL_CUSTOMER,PERSISTENT_RISK,Repeated problematic journeys | Persistence score 65.67
C001411,John,Mccormick,Saudi Arabia,Standard,3,0,0,0,0,0.0,0.0,0.0,0.0,LOW,LOYAL_LOW_FRICTION_CUSTOMER,LOYAL_STABLE_CUSTOMER,Multiple bookings | Low journey friction | Minimal problematic journeys
C001412,Douglas,Allen,Saudi Arabia,Standard,2,0,0,0,0,0.0,0.0,0.0,0.0,LOW,NORMAL_CUSTOMER,STABLE_CUSTOMER,Low overall risk | Low severity | Low frequency
C001413,Ruben,Tran,Saudi Arabia,Standard,3,0,0,1,1,45.0,0.83,30.0,27.25,MEDIUM,LOYAL_LOW_FRICTION_CUSTOMER,DEVELOPING_FRICTION,Emerging risk indicators | Early persistence signal
C001416,Robert,Cox,Other,Standard,2,0,0,1,1,45.0,1.25,30.0,27.38,MEDIUM,NORMAL_CUSTOMER,DEVELOPING_FRICTION,Emerging risk indicators | Early persistence signal
C001417,Elizabeth,Burnett,Saudi Arabia,Standard,2,1,1,1,1,40.0,9.38,30.0,27.81,MEDIUM,NORMAL_CUSTOMER,DEVELOPING_FRICTION,Emerging risk indicators | Increasing problem frequency | Early persistence signal
C001418,Christopher,Martinez,Saudi Arabia,Standard,3,1,1,2,2,70.0,7.08,65.67,49.82,HIGH,FRICTION_PRONE_CUSTOMER,PERSISTENT_RISK,Repeated problematic journeys | Persistence score 65.67
C001419,Theresa,Camacho,United Arab Emirates,VIP,1,1,1,0,0,30.0,16.25,0.0,16.88,LOW,NORMAL_CUSTOMER,FREQUENT_FRICTION,Frequency score 16.25 | Repeated problematic activity
C001421,Alicia,Price,United Arab Emirates,Standard,1,0,0,0,0,0.0,0.0,0.0,0.0,LOW,NORMAL_CUSTOMER,STABLE_CUSTOMER,Low overall risk | Low severity | Low frequency
C001423,Vanessa,Long,Saudi Arabia,Standard,3,0,0,2,2,45.0,1.67,65.67,38.2,MEDIUM,NORMAL_CUSTOMER,PERSISTENT_RISK,Repeated problematic journeys | Persistence score 65.67
C001424,Angela,Spence,Saudi Arabia,Standard,1,0,0,1,1,45.0,2.5,30.0,27.75,MEDIUM,NORMAL_CUSTOMER,DEVELOPING_FRICTION,Emerging risk indicators | Early persistence signal
C001425,Peter,Scott,Other,Standard,1,0,0,0,0,0.0,0.0,0.0,0.0,LOW,NORMAL_CUSTOMER,STABLE_CUSTOMER,Low overall risk | Low severity | Low frequency
C001426,Theodore,Davis,Other,Standard,1,0,0,0,0,0.0,0.0,0.0,0.0,LOW,NORMAL_CUSTOMER,STABLE_CUSTOMER,Low overall risk | Low severity | Low frequency
C001429,Jon,Clark,Pakistan,VIP,2,1,1,0,0,35.0,8.12,0.0,16.44,LOW,NORMAL_CUSTOMER,STABLE_CUSTOMER,Low overall risk | Low severity | Low frequency
C001430,Allen,Zamora,Other,Standard,1,0,0,0,0,0.0,0.0,0.0,0.0,LOW,NORMAL_CUSTOMER,STABLE_CUSTOMER,Low overall risk | Low severity | Low frequency
C001432,Michael,Welch,Pakistan,Standard,2,0,0,1,1,40.0,1.25,30.0,25.38,MEDIUM,NORMAL_CUSTOMER,DEVELOPING_FRICTION,Emerging risk indicators | Early persistence signal
C001436,Jill,Johnson,Saudi Arabia,Standard,2,0,0,1,1,45.0,1.25,30.0,27.38,MEDIUM,NORMAL_CUSTOMER,DEVELOPING_FRICTION,Emerging risk indicators | Early persistence signal
C001437,Marvin,Delacruz,United Arab Emirates,Standard,2,0,0,1,1,40.0,1.25,30.0,25.38,MEDIUM,NORMAL_CUSTOMER,DEVELOPING_FRICTION,Emerging risk indicators | Early persistence signal
C001439,Amy,Shepard,Saudi Arabia,Premium,1,0,0,1,1,45.0,2.5,30.0,27.75,MEDIUM,NORMAL_CUSTOMER,DEVELOPING_FRICTION,Emerging risk indicators | Early persistence signal
C001440,Lisa,Ruiz,United Kingdom,Standard,3,1,1,1,1,75.0,6.25,30.0,40.88,MEDIUM,LOYAL_LOW_FRICTION_CUSTOMER,RECENT_HIGH_SEVERITY,High severity score 75.00 | Limited evidence of repeated behavior
C001441,Gregory,Gutierrez,Other,Premium,1,1,1,1,1,75.0,18.75,30.0,44.62,MEDIUM,NORMAL_CUSTOMER,RECENT_HIGH_SEVERITY,High severity score 75.00 | Limited evidence of repeated behavior
C001442,Kimberly,Randall,Saudi Arabia,Standard,2,1,1,0,0,30.0,8.12,0.0,14.44,LOW,NORMAL_CUSTOMER,STABLE_CUSTOMER,Low overall risk | Low severity | Low frequency
C001443,Steven,Love,United Kingdom,Premium,2,2,2,3,1,100.0,20.0,30.0,55.0,HIGH,FRICTION_PRONE_CUSTOMER,RECENT_HIGH_SEVERITY,High severity score 100.00 | Limited evidence of repeated behavior
C001444,Heather,Mcdowell,United Arab Emirates,Standard,1,0,0,0,0,0.0,0.0,0.0,0.0,LOW,NORMAL_CUSTOMER,STABLE_CUSTOMER,Low overall risk | Low severity | Low frequency
C001446,Lisa,Holloway,Saudi Arabia,Premium,3,0,0,1,1,40.0,0.83,30.0,25.25,MEDIUM,LOYAL_LOW_FRICTION_CUSTOMER,DEVELOPING_FRICTION,Emerging risk indicators | Early persistence signal
C001448,Kimberly,Hunter,United States,Premium,4,0,0,0,0,0.0,0.0,0.0,0.0,LOW,LOYAL_LOW_FRICTION_CUSTOMER,LOYAL_STABLE_CUSTOMER,Multiple bookings | Low journey friction | Minimal problematic journeys
C001449,Stephen,Bell,Other,Standard,1,0,0,0,0,0.0,0.0,0.0,0.0,LOW,NORMAL_CUSTOMER,STABLE_CUSTOMER,Low overall risk | Low severity | Low frequency
C001450,Kelly,Guzman,United Kingdom,Standard,6,1,1,1,1,40.0,3.12,24.67,24.34,MEDIUM,LOYAL_LOW_FRICTION_CUSTOMER,LOYAL_STABLE_CUSTOMER,Multiple bookings | Low journey friction | Minimal problematic journeys
C001451,Bradley,Li,United Arab Emirates,Standard,1,0,0,0,0,0.0,0.0,0.0,0.0,LOW,NORMAL_CUSTOMER,STABLE_CUSTOMER,Low overall risk | Low severity | Low frequency
C001452,James,Rojas,Pakistan,Premium,2,0,0,2,2,40.0,2.5,79.0,40.45,MEDIUM,NORMAL_CUSTOMER,PERSISTENT_RISK,Repeated problematic journeys | Persistence score 79.00
C001453,Bobby,Chavez,Other,Standard,1,1,1,0,0,35.0,16.25,0.0,18.88,LOW,NORMAL_CUSTOMER,FREQUENT_FRICTION,Frequency score 16.25 | Repeated problematic activity
C001454,Sarah,Johnson,Pakistan,Standard,1,0,0,0,0,0.0,0.0,0.0,0.0,LOW,NORMAL_CUSTOMER,STABLE_CUSTOMER,Low overall risk | Low severity | Low frequency
C001456,Veronica,May,Other,Premium,1,0,0,1,1,40.0,2.5,30.0,25.75,MEDIUM,NORMAL_CUSTOMER,DEVELOPING_FRICTION,Emerging risk indicators | Early persistence signal
C001457,Amy,Mccoy,United Kingdom,Premium,1,0,0,0,0,0.0,0.0,0.0,0.0,LOW,NORMAL_CUSTOMER,STABLE_CUSTOMER,Low overall risk | Low severity | Low frequency
C001458,Jon,Gibbs,United Kingdom,Standard,1,0,0,0,0,0.0,0.0,0.0,0.0,LOW,NORMAL_CUSTOMER,STABLE_CUSTOMER,Low overall risk | Low severity | Low frequency
C001459,Karen,Taylor,Saudi Arabia,Premium,1,0,0,0,0,0.0,0.0,0.0,0.0,LOW,NORMAL_CUSTOMER,STABLE_CUSTOMER,Low overall risk | Low severity | Low frequency
C001460,James,Morales,United Kingdom,Premium,1,0,0,1,1,45.0,2.5,30.0,27.75,MEDIUM,NORMAL_CUSTOMER,DEVELOPING_FRICTION,Emerging risk indicators | Early persistence signal
C001461,Michael,Fuller,United Arab Emirates,Premium,4,0,0,0,0,0.0,0.0,0.0,0.0,LOW,LOYAL_LOW_FRICTION_CUSTOMER,LOYAL_STABLE_CUSTOMER,Multiple bookings | Low journey friction | Minimal problematic journeys
C001462,Kimberly,Edwards,United Kingdom,Standard,2,1,1,0,0,30.0,8.12,0.0,14.44,LOW,NORMAL_CUSTOMER,STABLE_CUSTOMER,Low overall risk | Low severity | Low frequency
C001463,Michelle,Miller,Saudi Arabia,Standard,5,2,2,4,3,65.0,8.5,75.0,51.05,HIGH,FRICTION_PRONE_CUSTOMER,PERSISTENT_RISK,Repeated problematic journeys | Persistence score 75.00
C001464,Martin,Moore,United Kingdom,Standard,2,0,0,0,0,0.0,0.0,0.0,0.0,LOW,NORMAL_CUSTOMER,STABLE_CUSTOMER,Low overall risk | Low severity | Low frequency
C001465,David,Black,Other,Standard,1,1,1,1,1,75.0,18.75,30.0,44.62,MEDIUM,NORMAL_CUSTOMER,RECENT_HIGH_SEVERITY,High severity score 75.00 | Limited evidence of repeated behavior
C001466,Micheal,Booker,Saudi Arabia,Standard,1,0,0,1,1,40.0,2.5,30.0,25.75,MEDIUM,NORMAL_CUSTOMER,DEVELOPING_FRICTION,Emerging risk indicators | Early persistence signal
C001467,Pamela,Rivas,Other,Standard,3,0,0,1,1,40.0,0.83,30.0,25.25,MEDIUM,LOYAL_LOW_FRICTION_CUSTOMER,DEVELOPING_FRICTION,Emerging risk indicators | Early persistence signal
C001468,Julia,Hines,United Arab Emirates,Standard,1,0,0,0,0,0.0,0.0,0.0,0.0,LOW,NORMAL_CUSTOMER,STABLE_CUSTOMER,Low overall risk | Low severity | Low frequency
C001469,Patricia,Bradford,Other,Standard,1,0,0,1,1,45.0,2.5,30.0,27.75,MEDIUM,NORMAL_CUSTOMER,DEVELOPING_FRICTION,Emerging risk indicators | Early persistence signal
C001470,Paul,Jennings,United States,Standard,2,0,0,0,0,0.0,0.0,0.0,0.0,LOW,NORMAL_CUSTOMER,STABLE_CUSTOMER,Low overall risk | Low severity | Low frequency
C001471,Terri,Sparks,Pakistan,Standard,1,0,0,1,1,45.0,2.5,30.0,27.75,MEDIUM,NORMAL_CUSTOMER,DEVELOPING_FRICTION,Emerging risk indicators | Early persistence signal
C001472,Tyler,Flores,United Kingdom,Premium,2,0,0,0,0,0.0,0.0,0.0,0.0,LOW,NORMAL_CUSTOMER,STABLE_CUSTOMER,Low overall risk | Low severity | Low frequency
C001474,Sandra,Moss,United Arab Emirates,Standard,3,2,2,2,1,65.0,12.5,30.0,38.75,MEDIUM,LOYAL_LOW_FRICTION_CUSTOMER,DEVELOPING_FRICTION,Emerging risk indicators | Increasing problem frequency | Early persistence signal
C001475,April,Green,United Arab Emirates,Standard,2,0,0,1,1,40.0,1.25,30.0,25.38,MEDIUM,NORMAL_CUSTOMER,DEVELOPING_FRICTION,Emerging risk indicators | Early persistence signal
C001476,Laurie,Mcdaniel,United Kingdom,Standard,2,0,0,1,1,40.0,1.25,30.0,25.38,MEDIUM,NORMAL_CUSTOMER,DEVELOPING_FRICTION,Emerging risk indicators | Early persistence signal
C001477,Jessica,Serrano,United States,Premium,1,0,0,0,0,0.0,0.0,0.0,0.0,LOW,NORMAL_CUSTOMER,STABLE_CUSTOMER,Low overall risk | Low severity | Low frequency
C001478,Christian,Marsh,United States,Standard,1,0,0,0,0,0.0,0.0,0.0,0.0,LOW,NORMAL_CUSTOMER,STABLE_CUSTOMER,Low overall risk | Low severity | Low frequency
C001479,Carrie,Gonzalez,United States,Standard,3,0,0,0,0,0.0,0.0,0.0,0.0,LOW,LOYAL_LOW_FRICTION_CUSTOMER,LOYAL_STABLE_CUSTOMER,Multiple bookings | Low journey friction | Minimal problematic journeys
C001481,Amy,White,United States,Premium,1,0,0,0,0,0.0,0.0,0.0,0.0,LOW,NORMAL_CUSTOMER,STABLE_CUSTOMER,Low overall risk | Low severity | Low frequency
C001482,Manuel,Walter,Saudi Arabia,Standard,3,3,3,2,1,65.0,17.92,30.0,40.38,MEDIUM,NORMAL_CUSTOMER,FREQUENT_FRICTION,Frequency score 17.92 | Repeated problematic activity
C001485,Kirk,Walker,United Arab Emirates,Standard,1,2,2,3,1,100.0,40.0,30.0,61.0,HIGH,FRICTION_PRONE_CUSTOMER,RECENT_HIGH_SEVERITY,High severity score 100.00 | Limited evidence of repeated behavior
C001486,Carrie,Vaughan,United Arab Emirates,Standard,2,0,0,0,0,0.0,0.0,0.0,0.0,LOW,NORMAL_CUSTOMER,STABLE_CUSTOMER,Low overall risk | Low severity | Low frequency
C001487,Ronald,Leblanc,United Arab Emirates,Standard,1,0,0,0,0,0.0,0.0,0.0,0.0,LOW,NORMAL_CUSTOMER,STABLE_CUSTOMER,Low overall risk | Low severity | Low frequency
C001488,Hannah,Holland,United Kingdom,Standard,1,0,0,0,0,0.0,0.0,0.0,0.0,LOW,NORMAL_CUSTOMER,STABLE_CUSTOMER,Low overall risk | Low severity | Low frequency
C001491,Molly,Mccann,Saudi Arabia,Standard,1,2,2,2,1,65.0,37.5,30.0,46.25,MEDIUM,NORMAL_CUSTOMER,FREQUENT_FRICTION,Frequency score 37.50 | Repeated problematic activity
C001493,Whitney,Haynes,Saudi Arabia,Standard,1,0,0,0,0,0.0,0.0,0.0,0.0,LOW,NORMAL_CUSTOMER,STABLE_CUSTOMER,Low overall risk | Low severity | Low frequency
C001494,Joshua,Jackson,Saudi Arabia,Standard,2,1,1,1,1,70.0,9.38,30.0,39.81,MEDIUM,NORMAL_CUSTOMER,DEVELOPING_FRICTION,Emerging risk indicators | Increasing problem frequency | Early persistence signal
C001495,Tina,Morales,Pakistan,Premium,1,1,1,0,0,30.0,16.25,0.0,16.88,LOW,NORMAL_CUSTOMER,FREQUENT_FRICTION,Frequency score 16.25 | Repeated problematic activity
C001496,Stacy,Patterson,United Kingdom,Standard,2,0,0,1,1,45.0,1.25,30.0,27.38,MEDIUM,NORMAL_CUSTOMER,DEVELOPING_FRICTION,Emerging risk indicators | Early persistence signal
C001498,Dana,Davis,United Arab Emirates,Standard,2,0,0,0,0,0.0,0.0,0.0,0.0,LOW,NORMAL_CUSTOMER,STABLE_CUSTOMER,Low overall risk | Low severity | Low frequency
C001500,Laurie,Valentine,Other,Standard,1,0,0,0,0,0.0,0.0,0.0,0.0,LOW,NORMAL_CUSTOMER,STABLE_CUSTOMER,Low overall risk | Low severity | Low frequency
C001501,Erin,Wilson,Pakistan,Standard,4,2,2,1,1,40.0,8.75,28.0,27.02,MEDIUM,LOYAL_LOW_FRICTION_CUSTOMER,DEVELOPING_FRICTION,Emerging risk indicators | Increasing problem frequency | Early persistence signal
C001503,Douglas,Graham,Saudi Arabia,Premium,3,0,0,2,2,45.0,1.67,65.67,38.2,MEDIUM,NORMAL_CUSTOMER,PERSISTENT_RISK,Repeated problematic journeys | Persistence score 65.67
C001504,Cathy,Mora,United Arab Emirates,Standard,1,0,0,1,1,45.0,2.5,30.0,27.75,MEDIUM,NORMAL_CUSTOMER,DEVELOPING_FRICTION,Emerging risk indicators | Early persistence signal
C001505,Kimberly,Chavez,United Arab Emirates,Standard,2,2,2,2,1,65.0,18.75,30.0,40.62,MEDIUM,NORMAL_CUSTOMER,FREQUENT_FRICTION,Frequency score 18.75 | Repeated problematic activity
C001506,Austin,Nunez,United Arab Emirates,Premium,4,2,2,5,3,100.0,11.25,81.0,67.68,HIGH,FRICTION_PRONE_CUSTOMER,PERSISTENT_RISK,Repeated problematic journeys | Persistence score 81.00
C001508,Kimberly,Reeves,Pakistan,Premium,2,1,1,0,0,35.0,8.12,0.0,16.44,LOW,NORMAL_CUSTOMER,STABLE_CUSTOMER,Low overall risk | Low severity | Low frequency
C001509,Michael,Lee,Pakistan,Standard,1,1,1,0,0,30.0,16.25,0.0,16.88,LOW,NORMAL_CUSTOMER,FREQUENT_FRICTION,Frequency score 16.25 | Repeated problematic activity
C001511,Ashley,Casey,United States,Standard,2,0,0,0,0,0.0,0.0,0.0,0.0,LOW,NORMAL_CUSTOMER,STABLE_CUSTOMER,Low overall risk | Low severity | Low frequency
C001515,Nathan,Gates,Saudi Arabia,Standard,2,1,1,0,0,30.0,8.12,0.0,14.44,LOW,NORMAL_CUSTOMER,STABLE_CUSTOMER,Low overall risk | Low severity | Low frequency
C001516,Kathryn,Greene,Saudi Arabia,Standard,1,0,0,0,0,0.0,0.0,0.0,0.0,LOW,NORMAL_CUSTOMER,STABLE_CUSTOMER,Low overall risk | Low severity | Low frequency
C001517,Audrey,Carney,Pakistan,Standard,1,0,0,0,0,0.0,0.0,0.0,0.0,LOW,NORMAL_CUSTOMER,STABLE_CUSTOMER,Low overall risk | Low severity | Low frequency
C001518,Alyssa,Campbell,Other,Premium,4,1,1,3,3,40.0,5.94,81.0,42.08,MEDIUM,NORMAL_CUSTOMER,PERSISTENT_RISK,Repeated problematic journeys | Persistence score 81.00
C001519,Raymond,Byrd,Saudi Arabia,Standard,2,2,2,2,1,65.0,18.75,30.0,40.62,MEDIUM,NORMAL_CUSTOMER,FREQUENT_FRICTION,Frequency score 18.75 | Repeated problematic activity
C001520,Debra,Barnes,Other,Standard,1,0,0,0,0,0.0,0.0,0.0,0.0,LOW,NORMAL_CUSTOMER,STABLE_CUSTOMER,Low overall risk | Low severity | Low frequency
C001521,John,Ortiz,Saudi Arabia,VIP,1,0,0,1,1,40.0,2.5,30.0,25.75,MEDIUM,NORMAL_CUSTOMER,DEVELOPING_FRICTION,Emerging risk indicators | Early persistence signal
C001522,Daniel,Thomas,Other,Premium,3,1,1,0,0,35.0,5.42,0.0,15.63,LOW,LOYAL_LOW_FRICTION_CUSTOMER,LOYAL_STABLE_CUSTOMER,Multiple bookings | Low journey friction | Minimal problematic journeys
C001523,Jill,Roberts,United Arab Emirates,Standard,2,1,1,2,2,70.0,10.62,79.0,54.89,HIGH,FRICTION_PRONE_CUSTOMER,PERSISTENT_RISK,Repeated problematic journeys | Persistence score 79.00
C001524,Victor,Green,Saudi Arabia,Standard,1,1,1,0,0,30.0,16.25,0.0,16.88,LOW,NORMAL_CUSTOMER,FREQUENT_FRICTION,Frequency score 16.25 | Repeated problematic activity
C001525,Paul,Williamson,United Arab Emirates,VIP,4,2,2,1,1,45.0,8.75,28.0,29.02,MEDIUM,LOYAL_LOW_FRICTION_CUSTOMER,DEVELOPING_FRICTION,Emerging risk indicators | Increasing problem frequency | Early persistence signal
C001526,Anna,Solomon,Saudi Arabia,Standard,1,0,0,0,0,0.0,0.0,0.0,0.0,LOW,NORMAL_CUSTOMER,STABLE_CUSTOMER,Low overall risk | Low severity | Low frequency
C001527,Jose,Wood,Saudi Arabia,Standard,3,0,0,0,0,0.0,0.0,0.0,0.0,LOW,LOYAL_LOW_FRICTION_CUSTOMER,LOYAL_STABLE_CUSTOMER,Multiple bookings | Low journey friction | Minimal problematic journeys
C001528,Jorge,Sutton,United Arab Emirates,Standard,2,1,1,0,0,30.0,8.12,0.0,14.44,LOW,NORMAL_CUSTOMER,STABLE_CUSTOMER,Low overall risk | Low severity | Low frequency
C001529,Sean,Ellis,United States,Premium,1,2,2,2,1,65.0,37.5,30.0,46.25,MEDIUM,NORMAL_CUSTOMER,FREQUENT_FRICTION,Frequency score 37.50 | Repeated problematic activity
C001530,Wendy,Smith,Pakistan,Standard,2,2,2,2,1,60.0,18.75,30.0,38.62,MEDIUM,NORMAL_CUSTOMER,FREQUENT_FRICTION,Frequency score 18.75 | Repeated problematic activity
C001532,Sabrina,Morris,Pakistan,Standard,4,0,0,0,0,0.0,0.0,0.0,0.0,LOW,LOYAL_LOW_FRICTION_CUSTOMER,LOYAL_STABLE_CUSTOMER,Multiple bookings | Low journey friction | Minimal problematic journeys
C001533,Travis,Steele,United Kingdom,Premium,1,2,2,2,1,65.0,37.5,30.0,46.25,MEDIUM,NORMAL_CUSTOMER,FREQUENT_FRICTION,Frequency score 37.50 | Repeated problematic activity
C001535,Melissa,Reeves,United Arab Emirates,Premium,1,0,0,0,0,0.0,0.0,0.0,0.0,LOW,NORMAL_CUSTOMER,STABLE_CUSTOMER,Low overall risk | Low severity | Low frequency
C001536,Shannon,Erickson,Saudi Arabia,Standard,1,2,2,3,1,100.0,40.0,30.0,61.0,HIGH,FRICTION_PRONE_CUSTOMER,RECENT_HIGH_SEVERITY,High severity score 100.00 | Limited evidence of repeated behavior
C001538,Sean,Scott,United Kingdom,Premium,4,2,2,0,0,35.0,8.12,0.0,16.44,LOW,LOYAL_LOW_FRICTION_CUSTOMER,LOYAL_STABLE_CUSTOMER,Multiple bookings | Low journey friction | Minimal problematic journeys
C001539,Christopher,Davis,Saudi Arabia,Premium,2,1,1,1,1,80.0,9.38,30.0,43.81,MEDIUM,NORMAL_CUSTOMER,RECENT_HIGH_SEVERITY,High severity score 80.00 | Limited evidence of repeated behavior
C001540,Evelyn,Brown,Pakistan,VIP,1,0,0,0,0,0.0,0.0,0.0,0.0,LOW,NORMAL_CUSTOMER,STABLE_CUSTOMER,Low overall risk | Low severity | Low frequency
C001541,Megan,Cook,United Kingdom,Standard,3,2,2,1,1,70.0,11.67,30.0,40.5,MEDIUM,NORMAL_CUSTOMER,DEVELOPING_FRICTION,Emerging risk indicators | Increasing problem frequency | Early persistence signal
C001542,Luis,Young,Saudi Arabia,Standard,2,0,0,1,1,40.0,1.25,30.0,25.38,MEDIUM,NORMAL_CUSTOMER,DEVELOPING_FRICTION,Emerging risk indicators | Early persistence signal
C001543,Michael,Odonnell,Pakistan,Premium,1,0,0,0,0,0.0,0.0,0.0,0.0,LOW,NORMAL_CUSTOMER,STABLE_CUSTOMER,Low overall risk | Low severity | Low frequency
C001544,Calvin,Barajas,Saudi Arabia,Premium,1,0,0,0,0,0.0,0.0,0.0,0.0,LOW,NORMAL_CUSTOMER,STABLE_CUSTOMER,Low overall risk | Low severity | Low frequency
C001545,Amber,Crosby,Other,Standard,1,0,0,0,0,0.0,0.0,0.0,0.0,LOW,NORMAL_CUSTOMER,STABLE_CUSTOMER,Low overall risk | Low severity | Low frequency
C001546,Patricia,Coffey,United Arab Emirates,Standard,2,2,2,0,0,30.0,16.25,0.0,16.88,LOW,NORMAL_CUSTOMER,FREQUENT_FRICTION,Frequency score 16.25 | Repeated problematic activity
C001547,Melissa,George,United States,Standard,3,0,0,0,0,0.0,0.0,0.0,0.0,LOW,LOYAL_LOW_FRICTION_CUSTOMER,LOYAL_STABLE_CUSTOMER,Multiple bookings | Low journey friction | Minimal problematic journeys
C001548,Jennifer,Goodman,Pakistan,Standard,2,0,0,1,1,40.0,1.25,30.0,25.38,MEDIUM,NORMAL_CUSTOMER,DEVELOPING_FRICTION,Emerging risk indicators | Early persistence signal
C001549,Sara,Williams,Saudi Arabia,Standard,2,0,0,0,0,0.0,0.0,0.0,0.0,LOW,NORMAL_CUSTOMER,STABLE_CUSTOMER,Low overall risk | Low severity | Low frequency
C001550,Dana,King,Pakistan,Premium,2,0,0,0,0,0.0,0.0,0.0,0.0,LOW,NORMAL_CUSTOMER,STABLE_CUSTOMER,Low overall risk | Low severity | Low frequency
C001551,Laura,Harvey,Other,Standard,1,0,0,0,0,0.0,0.0,0.0,0.0,LOW,NORMAL_CUSTOMER,STABLE_CUSTOMER,Low overall risk | Low severity | Low frequency
C001552,William,Turner,Pakistan,Standard,3,0,0,1,1,40.0,0.83,30.0,25.25,MEDIUM,LOYAL_LOW_FRICTION_CUSTOMER,DEVELOPING_FRICTION,Emerging risk indicators | Early persistence signal
C001553,David,Foster,United States,Standard,3,2,2,3,2,65.0,13.33,65.67,49.7,HIGH,FRICTION_PRONE_CUSTOMER,PERSISTENT_RISK,Repeated problematic journeys | Persistence score 65.67
C001554,James,Wood,Other,Standard,1,1,1,0,0,30.0,16.25,0.0,16.88,LOW,NORMAL_CUSTOMER,FREQUENT_FRICTION,Frequency score 16.25 | Repeated problematic activity
C001555,Dominic,Donaldson,Saudi Arabia,Standard,1,0,0,1,1,40.0,2.5,30.0,25.75,MEDIUM,NORMAL_CUSTOMER,DEVELOPING_FRICTION,Emerging risk indicators | Early persistence signal
C001556,Kristy,Hansen,Saudi Arabia,Standard,2,0,0,0,0,0.0,0.0,0.0,0.0,LOW,NORMAL_CUSTOMER,STABLE_CUSTOMER,Low overall risk | Low severity | Low frequency
C001557,Anthony,Carpenter,Pakistan,Standard,2,1,1,0,0,35.0,8.12,0.0,16.44,LOW,NORMAL_CUSTOMER,STABLE_CUSTOMER,Low overall risk | Low severity | Low frequency
C001558,Angela,Green,United Arab Emirates,Standard,1,0,0,1,1,45.0,2.5,30.0,27.75,MEDIUM,NORMAL_CUSTOMER,DEVELOPING_FRICTION,Emerging risk indicators | Early persistence signal
C001560,Linda,Conrad,Other,Standard,1,1,1,1,1,70.0,18.75,30.0,42.62,MEDIUM,NORMAL_CUSTOMER,FREQUENT_FRICTION,Frequency score 18.75 | Repeated problematic activity
C001561,Andrea,Humphrey,United Arab Emirates,Standard,5,4,4,3,2,75.0,14.5,55.0,50.85,HIGH,FRICTION_PRONE_CUSTOMER,PERSISTENT_RISK,Repeated problematic journeys | Persistence score 55.00
C001562,Cheryl,Anderson,Saudi Arabia,Standard,1,0,0,1,1,45.0,2.5,30.0,27.75,MEDIUM,NORMAL_CUSTOMER,DEVELOPING_FRICTION,Emerging risk indicators | Early persistence signal
C001564,Kyle,Moreno,Saudi Arabia,Standard,1,1,1,0,0,35.0,16.25,0.0,18.88,LOW,NORMAL_CUSTOMER,FREQUENT_FRICTION,Frequency score 16.25 | Repeated problematic activity
C001565,Yvonne,Thomas,United States,Premium,3,4,4,2,1,65.0,23.33,30.0,42.0,MEDIUM,NORMAL_CUSTOMER,FREQUENT_FRICTION,Frequency score 23.33 | Repeated problematic activity
C001566,Jennifer,Wilson,United Arab Emirates,Standard,1,0,0,0,0,0.0,0.0,0.0,0.0,LOW,NORMAL_CUSTOMER,STABLE_CUSTOMER,Low overall risk | Low severity | Low frequency
C001568,Kayla,Anderson,Saudi Arabia,Standard,5,2,2,2,1,60.0,7.5,26.0,34.05,MEDIUM,LOYAL_LOW_FRICTION_CUSTOMER,DEVELOPING_FRICTION,Emerging risk indicators | Increasing problem frequency | Early persistence signal
C001569,Madeline,Savage,Pakistan,Standard,2,1,1,0,0,30.0,8.12,0.0,14.44,LOW,NORMAL_CUSTOMER,STABLE_CUSTOMER,Low overall risk | Low severity | Low frequency
C001570,Charles,Davenport,United Arab Emirates,Standard,1,0,0,0,0,0.0,0.0,0.0,0.0,LOW,NORMAL_CUSTOMER,STABLE_CUSTOMER,Low overall risk | Low severity | Low frequency
C001571,Teresa,Adkins,Pakistan,Standard,2,0,0,0,0,0.0,0.0,0.0,0.0,LOW,NORMAL_CUSTOMER,STABLE_CUSTOMER,Low overall risk | Low severity | Low frequency
C001572,Dawn,Howe,Saudi Arabia,Standard,2,0,0,0,0,0.0,0.0,0.0,0.0,LOW,NORMAL_CUSTOMER,STABLE_CUSTOMER,Low overall risk | Low severity | Low frequency
C001573,Shannon,Campbell,United Kingdom,Standard,1,0,0,0,0,0.0,0.0,0.0,0.0,LOW,NORMAL_CUSTOMER,STABLE_CUSTOMER,Low overall risk | Low severity | Low frequency
C001574,Erin,Mcdowell,Other,Premium,6,5,5,6,4,80.0,16.04,86.67,62.81,HIGH,FRICTION_PRONE_CUSTOMER,PERSISTENT_RISK,Repeated problematic journeys | Persistence score 86.67
C001575,Melvin,Austin,Saudi Arabia,Standard,4,1,1,0,0,35.0,4.06,0.0,15.22,LOW,LOYAL_LOW_FRICTION_CUSTOMER,LOYAL_STABLE_CUSTOMER,Multiple bookings | Low journey friction | Minimal problematic journeys
C001577,Kimberly,Baker,Saudi Arabia,Standard,1,1,1,1,1,70.0,18.75,30.0,42.62,MEDIUM,NORMAL_CUSTOMER,FREQUENT_FRICTION,Frequency score 18.75 | Repeated problematic activity
C001578,Danielle,Edwards,Pakistan,Premium,3,0,0,0,0,0.0,0.0,0.0,0.0,LOW,LOYAL_LOW_FRICTION_CUSTOMER,LOYAL_STABLE_CUSTOMER,Multiple bookings | Low journey friction | Minimal problematic journeys
C001580,Tammy,Stewart,Pakistan,Standard,1,0,0,1,1,40.0,2.5,30.0,25.75,MEDIUM,NORMAL_CUSTOMER,DEVELOPING_FRICTION,Emerging risk indicators | Early persistence signal
C001581,Ryan,Vang,Saudi Arabia,Standard,1,0,0,0,0,0.0,0.0,0.0,0.0,LOW,NORMAL_CUSTOMER,STABLE_CUSTOMER,Low overall risk | Low severity | Low frequency
C001582,Renee,Gallagher,United Arab Emirates,Standard,2,2,2,2,1,65.0,18.75,30.0,40.62,MEDIUM,NORMAL_CUSTOMER,FREQUENT_FRICTION,Frequency score 18.75 | Repeated problematic activity
C001583,Brian,Hernandez,Pakistan,Premium,2,0,0,1,1,45.0,1.25,30.0,27.38,MEDIUM,NORMAL_CUSTOMER,DEVELOPING_FRICTION,Emerging risk indicators | Early persistence signal
C001584,David,Farrell,United Arab Emirates,Premium,1,0,0,0,0,0.0,0.0,0.0,0.0,LOW,NORMAL_CUSTOMER,STABLE_CUSTOMER,Low overall risk | Low severity | Low frequency
C001585,Eric,Sandoval,Other,Standard,1,0,0,0,0,0.0,0.0,0.0,0.0,LOW,NORMAL_CUSTOMER,STABLE_CUSTOMER,Low overall risk | Low severity | Low frequency
C001586,Fred,Yates,Saudi Arabia,Standard,3,0,0,2,2,40.0,1.67,65.67,36.2,MEDIUM,NORMAL_CUSTOMER,PERSISTENT_RISK,Repeated problematic journeys | Persistence score 65.67
C001588,Jenna,Hernandez,United Arab Emirates,Standard,2,1,1,0,0,35.0,8.12,0.0,16.44,LOW,NORMAL_CUSTOMER,STABLE_CUSTOMER,Low overall risk | Low severity | Low frequency
C001589,Michael,Hall,United Arab Emirates,Standard,1,0,0,0,0,0.0,0.0,0.0,0.0,LOW,NORMAL_CUSTOMER,STABLE_CUSTOMER,Low overall risk | Low severity | Low frequency
C001590,Shelley,Johnson,United Kingdom,Standard,1,1,1,0,0,30.0,16.25,0.0,16.88,LOW,NORMAL_CUSTOMER,FREQUENT_FRICTION,Frequency score 16.25 | Repeated problematic activity
C001591,Patty,Green,United Kingdom,Standard,2,0,0,1,1,45.0,1.25,30.0,27.38,MEDIUM,NORMAL_CUSTOMER,DEVELOPING_FRICTION,Emerging risk indicators | Early persistence signal
C001592,Meghan,Mccarthy,Other,Premium,3,2,2,3,2,65.0,13.33,65.67,49.7,HIGH,FRICTION_PRONE_CUSTOMER,PERSISTENT_RISK,Repeated problematic journeys | Persistence score 65.67
C001593,John,Graham,Saudi Arabia,Standard,1,1,1,1,1,75.0,18.75,30.0,44.62,MEDIUM,NORMAL_CUSTOMER,RECENT_HIGH_SEVERITY,High severity score 75.00 | Limited evidence of repeated behavior
C001595,Andrea,Ho,United Kingdom,Premium,1,0,0,0,0,0.0,0.0,0.0,0.0,LOW,NORMAL_CUSTOMER,STABLE_CUSTOMER,Low overall risk | Low severity | Low frequency
C001597,Kevin,Kelly,Saudi Arabia,Standard,2,0,0,1,1,40.0,1.25,30.0,25.38,MEDIUM,NORMAL_CUSTOMER,DEVELOPING_FRICTION,Emerging risk indicators | Early persistence signal
C001598,Amanda,Fletcher,Saudi Arabia,Premium,1,1,1,1,1,70.0,18.75,30.0,42.62,MEDIUM,NORMAL_CUSTOMER,FREQUENT_FRICTION,Frequency score 18.75 | Repeated problematic activity
C001601,Shelly,Singleton,Saudi Arabia,Standard,1,1,1,0,0,35.0,16.25,0.0,18.88,LOW,NORMAL_CUSTOMER,FREQUENT_FRICTION,Frequency score 16.25 | Repeated problematic activity
C001602,Eric,Camacho,United Arab Emirates,Standard,4,2,2,4,3,60.0,10.62,81.0,51.49,HIGH,FRICTION_PRONE_CUSTOMER,PERSISTENT_RISK,Repeated problematic journeys | Persistence score 81.00
C001603,Donna,Martinez,Saudi Arabia,VIP,1,0,0,0,0,0.0,0.0,0.0,0.0,LOW,NORMAL_CUSTOMER,STABLE_CUSTOMER,Low overall risk | Low severity | Low frequency
C001604,Jennifer,Davis,United Arab Emirates,Premium,2,0,0,0,0,0.0,0.0,0.0,0.0,LOW,NORMAL_CUSTOMER,STABLE_CUSTOMER,Low overall risk | Low severity | Low frequency
C001605,Cassie,Oneill,Saudi Arabia,Premium,1,0,0,0,0,0.0,0.0,0.0,0.0,LOW,NORMAL_CUSTOMER,STABLE_CUSTOMER,Low overall risk | Low severity | Low frequency
C001606,Megan,White,Pakistan,Premium,4,2,2,0,0,35.0,8.12,0.0,16.44,LOW,LOYAL_LOW_FRICTION_CUSTOMER,LOYAL_STABLE_CUSTOMER,Multiple bookings | Low journey friction | Minimal problematic journeys
C001608,Marcia,Hicks,United States,Standard,4,0,0,1,1,40.0,0.62,28.0,24.59,MEDIUM,LOYAL_LOW_FRICTION_CUSTOMER,DEVELOPING_FRICTION,Emerging risk indicators | Early persistence signal
C001610,Brandon,Macdonald,Pakistan,Standard,1,0,0,1,1,40.0,2.5,30.0,25.75,MEDIUM,NORMAL_CUSTOMER,DEVELOPING_FRICTION,Emerging risk indicators | Early persistence signal
C001611,Darlene,Willis,Other,Standard,2,0,0,0,0,0.0,0.0,0.0,0.0,LOW,NORMAL_CUSTOMER,STABLE_CUSTOMER,Low overall risk | Low severity | Low frequency
C001612,Barbara,Silva,United Kingdom,Premium,1,2,2,2,1,65.0,37.5,30.0,46.25,MEDIUM,NORMAL_CUSTOMER,FREQUENT_FRICTION,Frequency score 37.50 | Repeated problematic activity
C001614,Katie,Fox,United Arab Emirates,Standard,1,0,0,0,0,0.0,0.0,0.0,0.0,LOW,NORMAL_CUSTOMER,STABLE_CUSTOMER,Low overall risk | Low severity | Low frequency
C001616,Danielle,Butler,United Kingdom,Standard,1,0,0,0,0,0.0,0.0,0.0,0.0,LOW,NORMAL_CUSTOMER,STABLE_CUSTOMER,Low overall risk | Low severity | Low frequency
C001619,Keith,Rhodes,Pakistan,Standard,1,0,0,0,0,0.0,0.0,0.0,0.0,LOW,NORMAL_CUSTOMER,STABLE_CUSTOMER,Low overall risk | Low severity | Low frequency
C001620,Sue,Clay,United Kingdom,Premium,2,0,0,0,0,0.0,0.0,0.0,0.0,LOW,NORMAL_CUSTOMER,STABLE_CUSTOMER,Low overall risk | Low severity | Low frequency
C001621,Timothy,Johnson,United Arab Emirates,Premium,2,1,1,1,1,75.0,9.38,30.0,41.81,MEDIUM,NORMAL_CUSTOMER,RECENT_HIGH_SEVERITY,High severity score 75.00 | Limited evidence of repeated behavior
C001622,Linda,Maldonado,Saudi Arabia,Premium,1,0,0,0,0,0.0,0.0,0.0,0.0,LOW,NORMAL_CUSTOMER,STABLE_CUSTOMER,Low overall risk | Low severity | Low frequency
C001623,Gail,Becker,Pakistan,Standard,1,1,1,1,1,75.0,18.75,30.0,44.62,MEDIUM,NORMAL_CUSTOMER,RECENT_HIGH_SEVERITY,High severity score 75.00 | Limited evidence of repeated behavior
C001625,Charles,Garza,Saudi Arabia,Standard,1,1,1,0,0,35.0,16.25,0.0,18.88,LOW,NORMAL_CUSTOMER,FREQUENT_FRICTION,Frequency score 16.25 | Repeated problematic activity
C001626,Brian,Bean,United Kingdom,Premium,5,1,1,3,3,75.0,4.75,75.0,53.92,HIGH,FRICTION_PRONE_CUSTOMER,PERSISTENT_RISK,Repeated problematic journeys | Persistence score 75.00
C001628,Todd,Hernandez,Pakistan,Standard,2,1,1,0,0,30.0,8.12,0.0,14.44,LOW,NORMAL_CUSTOMER,STABLE_CUSTOMER,Low overall risk | Low severity | Low frequency
C001629,James,Miller,Saudi Arabia,Premium,1,1,1,0,0,30.0,16.25,0.0,16.88,LOW,NORMAL_CUSTOMER,FREQUENT_FRICTION,Frequency score 16.25 | Repeated problematic activity
C001630,Catherine,Rivas,United Arab Emirates,Standard,4,1,1,2,2,45.0,5.31,59.0,37.29,MEDIUM,NORMAL_CUSTOMER,PERSISTENT_RISK,Repeated problematic journeys | Persistence score 59.00
C001631,Larry,Keller,United States,Standard,2,0,0,0,0,0.0,0.0,0.0,0.0,LOW,NORMAL_CUSTOMER,STABLE_CUSTOMER,Low overall risk | Low severity | Low frequency
C001632,Jennifer,Gibson,United Arab Emirates,Premium,1,0,0,1,1,40.0,2.5,30.0,25.75,MEDIUM,NORMAL_CUSTOMER,DEVELOPING_FRICTION,Emerging risk indicators | Early persistence signal
C001633,Jessica,Moses,United Kingdom,Premium,1,1,1,1,1,70.0,18.75,30.0,42.62,MEDIUM,NORMAL_CUSTOMER,FREQUENT_FRICTION,Frequency score 18.75 | Repeated problematic activity
C001634,Michelle,Wheeler,United States,Standard,3,0,0,0,0,0.0,0.0,0.0,0.0,LOW,LOYAL_LOW_FRICTION_CUSTOMER,LOYAL_STABLE_CUSTOMER,Multiple bookings | Low journey friction | Minimal problematic journeys
C001636,David,Booker,Saudi Arabia,Standard,3,1,1,0,0,35.0,5.42,0.0,15.63,LOW,LOYAL_LOW_FRICTION_CUSTOMER,LOYAL_STABLE_CUSTOMER,Multiple bookings | Low journey friction | Minimal problematic journeys
C001637,Mitchell,Douglas,United Arab Emirates,Standard,5,0,0,0,0,0.0,0.0,0.0,0.0,LOW,LOYAL_LOW_FRICTION_CUSTOMER,LOYAL_STABLE_CUSTOMER,Multiple bookings | Low journey friction | Minimal problematic journeys
C001638,Anna,Tapia,Saudi Arabia,Premium,3,4,4,5,2,100.0,25.83,65.67,67.45,HIGH,FRICTION_PRONE_CUSTOMER,PERSISTENT_RISK,Repeated problematic journeys | Persistence score 65.67
C001639,Luis,Nguyen,Other,Standard,2,0,0,0,0,0.0,0.0,0.0,0.0,LOW,NORMAL_CUSTOMER,STABLE_CUSTOMER,Low overall risk | Low severity | Low frequency
C001640,Steven,Dennis,Other,Standard,2,1,1,1,1,40.0,9.38,30.0,27.81,MEDIUM,NORMAL_CUSTOMER,DEVELOPING_FRICTION,Emerging risk indicators | Increasing problem frequency | Early persistence signal
C001641,Joseph,Navarro,Pakistan,Standard,2,0,0,2,2,40.0,2.5,79.0,40.45,MEDIUM,NORMAL_CUSTOMER,PERSISTENT_RISK,Repeated problematic journeys | Persistence score 79.00
C001642,John,Bernard,United States,VIP,2,2,2,0,0,35.0,16.25,0.0,18.88,LOW,NORMAL_CUSTOMER,FREQUENT_FRICTION,Frequency score 16.25 | Repeated problematic activity
C001645,Patrick,Williams,Saudi Arabia,Standard,3,0,0,0,0,0.0,0.0,0.0,0.0,LOW,LOYAL_LOW_FRICTION_CUSTOMER,LOYAL_STABLE_CUSTOMER,Multiple bookings | Low journey friction | Minimal problematic journeys
C001646,Christina,Schneider,United States,Premium,3,0,0,1,1,40.0,0.83,30.0,25.25,MEDIUM,LOYAL_LOW_FRICTION_CUSTOMER,DEVELOPING_FRICTION,Emerging risk indicators | Early persistence signal
C001647,John,Morris,Saudi Arabia,Standard,2,1,1,0,0,30.0,8.12,0.0,14.44,LOW,NORMAL_CUSTOMER,STABLE_CUSTOMER,Low overall risk | Low severity | Low frequency
C001648,Michelle,Brown,United States,Standard,2,0,0,0,0,0.0,0.0,0.0,0.0,LOW,NORMAL_CUSTOMER,STABLE_CUSTOMER,Low overall risk | Low severity | Low frequency
C001649,Erik,Jones,United States,VIP,1,0,0,0,0,0.0,0.0,0.0,0.0,LOW,NORMAL_CUSTOMER,STABLE_CUSTOMER,Low overall risk | Low severity | Low frequency
C001650,Mark,Crane,United Kingdom,Standard,1,2,2,2,1,65.0,37.5,30.0,46.25,MEDIUM,NORMAL_CUSTOMER,FREQUENT_FRICTION,Frequency score 37.50 | Repeated problematic activity
C001652,Larry,Ross,United Arab Emirates,Standard,1,0,0,0,0,0.0,0.0,0.0,0.0,LOW,NORMAL_CUSTOMER,STABLE_CUSTOMER,Low overall risk | Low severity | Low frequency
C001653,Kathryn,Thompson,Saudi Arabia,Standard,1,0,0,1,1,40.0,2.5,30.0,25.75,MEDIUM,NORMAL_CUSTOMER,DEVELOPING_FRICTION,Emerging risk indicators | Early persistence signal
C001654,Tyrone,Hanna,United Arab Emirates,Standard,1,2,2,2,1,60.0,37.5,30.0,44.25,MEDIUM,NORMAL_CUSTOMER,FREQUENT_FRICTION,Frequency score 37.50 | Repeated problematic activity
C001655,Xavier,Glenn,Saudi Arabia,Premium,1,0,0,0,0,0.0,0.0,0.0,0.0,LOW,NORMAL_CUSTOMER,STABLE_CUSTOMER,Low overall risk | Low severity | Low frequency
C001656,Victor,Davis,Other,Standard,1,0,0,0,0,0.0,0.0,0.0,0.0,LOW,NORMAL_CUSTOMER,STABLE_CUSTOMER,Low overall risk | Low severity | Low frequency
C001657,Kyle,Phelps,Pakistan,Standard,1,2,2,3,1,100.0,40.0,30.0,61.0,HIGH,FRICTION_PRONE_CUSTOMER,RECENT_HIGH_SEVERITY,High severity score 100.00 | Limited evidence of repeated behavior
C001658,Andrew,Martin,United Arab Emirates,Premium,1,0,0,1,1,40.0,2.5,30.0,25.75,MEDIUM,NORMAL_CUSTOMER,DEVELOPING_FRICTION,Emerging risk indicators | Early persistence signal
C001659,Sierra,Chan,United Arab Emirates,VIP,2,1,1,0,0,35.0,8.12,0.0,16.44,LOW,NORMAL_CUSTOMER,STABLE_CUSTOMER,Low overall risk | Low severity | Low frequency
C001661,Tammy,Goodwin,Pakistan,Standard,1,2,2,3,1,65.0,40.0,30.0,47.0,MEDIUM,NORMAL_CUSTOMER,FREQUENT_FRICTION,Frequency score 40.00 | Repeated problematic activity
C001662,Jason,Valdez,Pakistan,Standard,1,0,0,1,1,40.0,2.5,30.0,25.75,MEDIUM,NORMAL_CUSTOMER,DEVELOPING_FRICTION,Emerging risk indicators | Early persistence signal
C001664,Brent,Henry,United Arab Emirates,Standard,1,1,1,0,0,35.0,16.25,0.0,18.88,LOW,NORMAL_CUSTOMER,FREQUENT_FRICTION,Frequency score 16.25 | Repeated problematic activity
C001665,Troy,Reynolds,Other,Standard,2,2,2,3,1,100.0,20.0,30.0,55.0,HIGH,FRICTION_PRONE_CUSTOMER,RECENT_HIGH_SEVERITY,High severity score 100.00 | Limited evidence of repeated behavior
C001667,Destiny,Collins,Saudi Arabia,Standard,2,1,1,1,1,75.0,9.38,30.0,41.81,MEDIUM,NORMAL_CUSTOMER,RECENT_HIGH_SEVERITY,High severity score 75.00 | Limited evidence of repeated behavior
C001668,Thomas,Cohen,Other,Standard,2,0,0,0,0,0.0,0.0,0.0,0.0,LOW,NORMAL_CUSTOMER,STABLE_CUSTOMER,Low overall risk | Low severity | Low frequency
C001669,Amanda,Anderson,Saudi Arabia,Standard,2,1,1,0,0,35.0,8.12,0.0,16.44,LOW,NORMAL_CUSTOMER,STABLE_CUSTOMER,Low overall risk | Low severity | Low frequency
C001673,Jessica,Burns,Other,Standard,1,0,0,1,1,40.0,2.5,30.0,25.75,MEDIUM,NORMAL_CUSTOMER,DEVELOPING_FRICTION,Emerging risk indicators | Early persistence signal
C001674,Kathryn,Mcclure,United States,Standard,5,1,1,0,0,30.0,3.25,0.0,12.98,LOW,LOYAL_LOW_FRICTION_CUSTOMER,LOYAL_STABLE_CUSTOMER,Multiple bookings | Low journey friction | Minimal problematic journeys
C001675,Michael,Alvarez,United States,Premium,3,0,0,0,0,0.0,0.0,0.0,0.0,LOW,LOYAL_LOW_FRICTION_CUSTOMER,LOYAL_STABLE_CUSTOMER,Multiple bookings | Low journey friction | Minimal problematic journeys
C001676,Richard,Hart,United Arab Emirates,Standard,2,0,0,0,0,0.0,0.0,0.0,0.0,LOW,NORMAL_CUSTOMER,STABLE_CUSTOMER,Low overall risk | Low severity | Low frequency
C001677,Ashley,Henderson,Saudi Arabia,Standard,1,0,0,0,0,0.0,0.0,0.0,0.0,LOW,NORMAL_CUSTOMER,STABLE_CUSTOMER,Low overall risk | Low severity | Low frequency
C001678,James,Avila,United Arab Emirates,Standard,1,0,0,0,0,0.0,0.0,0.0,0.0,LOW,NORMAL_CUSTOMER,STABLE_CUSTOMER,Low overall risk | Low severity | Low frequency
C001679,Angela,Shepherd,Saudi Arabia,Standard,3,2,2,1,1,45.0,11.67,30.0,30.5,MEDIUM,NORMAL_CUSTOMER,DEVELOPING_FRICTION,Emerging risk indicators | Increasing problem frequency | Early persistence signal
C001680,Charles,Austin,United Kingdom,Premium,2,0,0,0,0,0.0,0.0,0.0,0.0,LOW,NORMAL_CUSTOMER,STABLE_CUSTOMER,Low overall risk | Low severity | Low frequency
C001681,William,Hamilton,United Arab Emirates,Standard,2,1,1,0,0,35.0,8.12,0.0,16.44,LOW,NORMAL_CUSTOMER,STABLE_CUSTOMER,Low overall risk | Low severity | Low frequency
C001682,Kathy,Simmons,Other,Standard,3,0,0,0,0,0.0,0.0,0.0,0.0,LOW,LOYAL_LOW_FRICTION_CUSTOMER,LOYAL_STABLE_CUSTOMER,Multiple bookings | Low journey friction | Minimal problematic journeys
C001683,Joshua,Williams,Pakistan,Standard,3,0,0,1,1,40.0,0.83,30.0,25.25,MEDIUM,LOYAL_LOW_FRICTION_CUSTOMER,DEVELOPING_FRICTION,Emerging risk indicators | Early persistence signal
C001686,David,Walker,Other,Standard,1,0,0,0,0,0.0,0.0,0.0,0.0,LOW,NORMAL_CUSTOMER,STABLE_CUSTOMER,Low overall risk | Low severity | Low frequency
C001687,Theresa,Parks,Other,Standard,2,0,0,1,1,40.0,1.25,30.0,25.38,MEDIUM,NORMAL_CUSTOMER,DEVELOPING_FRICTION,Emerging risk indicators | Early persistence signal
C001688,Phillip,Moore,United Arab Emirates,VIP,4,1,1,0,0,35.0,4.06,0.0,15.22,LOW,LOYAL_LOW_FRICTION_CUSTOMER,LOYAL_STABLE_CUSTOMER,Multiple bookings | Low journey friction | Minimal problematic journeys
C001690,Matthew,Soto,United States,Standard,2,2,2,2,1,65.0,18.75,30.0,40.62,MEDIUM,NORMAL_CUSTOMER,FREQUENT_FRICTION,Frequency score 18.75 | Repeated problematic activity
C001691,Sheila,Warren,Saudi Arabia,Standard,2,0,0,1,1,45.0,1.25,30.0,27.38,MEDIUM,NORMAL_CUSTOMER,DEVELOPING_FRICTION,Emerging risk indicators | Early persistence signal
C001693,James,Kim,United Arab Emirates,Standard,1,0,0,0,0,0.0,0.0,0.0,0.0,LOW,NORMAL_CUSTOMER,STABLE_CUSTOMER,Low overall risk | Low severity | Low frequency
C001694,William,Solomon,Saudi Arabia,Standard,3,0,0,1,1,40.0,0.83,30.0,25.25,MEDIUM,LOYAL_LOW_FRICTION_CUSTOMER,DEVELOPING_FRICTION,Emerging risk indicators | Early persistence signal
C001695,Vincent,Woods,United Arab Emirates,Standard,1,0,0,0,0,0.0,0.0,0.0,0.0,LOW,NORMAL_CUSTOMER,STABLE_CUSTOMER,Low overall risk | Low severity | Low frequency
C001696,Brandon,Hernandez,Saudi Arabia,Premium,1,0,0,0,0,0.0,0.0,0.0,0.0,LOW,NORMAL_CUSTOMER,STABLE_CUSTOMER,Low overall risk | Low severity | Low frequency
C001697,Derrick,Anderson,Saudi Arabia,Standard,2,0,0,0,0,0.0,0.0,0.0,0.0,LOW,NORMAL_CUSTOMER,STABLE_CUSTOMER,Low overall risk | Low severity | Low frequency
C001698,Mason,Leach,Saudi Arabia,Premium,1,0,0,0,0,0.0,0.0,0.0,0.0,LOW,NORMAL_CUSTOMER,STABLE_CUSTOMER,Low overall risk | Low severity | Low frequency
C001699,Thomas,Skinner,Other,Standard,2,0,0,0,0,0.0,0.0,0.0,0.0,LOW,NORMAL_CUSTOMER,STABLE_CUSTOMER,Low overall risk | Low severity | Low frequency
C001701,Catherine,Phillips,Other,Standard,1,0,0,0,0,0.0,0.0,0.0,0.0,LOW,NORMAL_CUSTOMER,STABLE_CUSTOMER,Low overall risk | Low severity | Low frequency
C001703,Mark,Jones,United Arab Emirates,Standard,1,0,0,0,0,0.0,0.0,0.0,0.0,LOW,NORMAL_CUSTOMER,STABLE_CUSTOMER,Low overall risk | Low severity | Low frequency
C001705,Francisco,Rodriguez,United Arab Emirates,Premium,2,1,1,1,1,40.0,9.38,30.0,27.81,MEDIUM,NORMAL_CUSTOMER,DEVELOPING_FRICTION,Emerging risk indicators | Increasing problem frequency | Early persistence signal
C001706,Vicki,Coleman,Saudi Arabia,Standard,1,0,0,0,0,0.0,0.0,0.0,0.0,LOW,NORMAL_CUSTOMER,STABLE_CUSTOMER,Low overall risk | Low severity | Low frequency
C001707,Jodi,Davis,Pakistan,Standard,2,1,1,0,0,30.0,8.12,0.0,14.44,LOW,NORMAL_CUSTOMER,STABLE_CUSTOMER,Low overall risk | Low severity | Low frequency
C001708,Kevin,Guerrero,Saudi Arabia,Standard,1,0,0,0,0,0.0,0.0,0.0,0.0,LOW,NORMAL_CUSTOMER,STABLE_CUSTOMER,Low overall risk | Low severity | Low frequency
C001709,Matthew,Carroll,Pakistan,Premium,4,1,1,2,2,40.0,5.31,59.0,35.29,MEDIUM,NORMAL_CUSTOMER,PERSISTENT_RISK,Repeated problematic journeys | Persistence score 59.00
C001710,Maria,King,United Kingdom,Standard,1,1,1,0,0,35.0,16.25,0.0,18.88,LOW,NORMAL_CUSTOMER,FREQUENT_FRICTION,Frequency score 16.25 | Repeated problematic activity
C001712,Jeanne,Miller,Saudi Arabia,Standard,4,2,2,3,2,65.0,10.0,59.0,46.7,MEDIUM,NORMAL_CUSTOMER,PERSISTENT_RISK,Repeated problematic journeys | Persistence score 59.00
C001713,Kevin,Gordon,United States,Standard,1,0,0,0,0,0.0,0.0,0.0,0.0,LOW,NORMAL_CUSTOMER,STABLE_CUSTOMER,Low overall risk | Low severity | Low frequency
C001714,Lisa,Wilson,United Arab Emirates,Premium,1,0,0,1,1,40.0,2.5,30.0,25.75,MEDIUM,NORMAL_CUSTOMER,DEVELOPING_FRICTION,Emerging risk indicators | Early persistence signal
C001715,Micheal,Stanley,Saudi Arabia,Standard,1,0,0,0,0,0.0,0.0,0.0,0.0,LOW,NORMAL_CUSTOMER,STABLE_CUSTOMER,Low overall risk | Low severity | Low frequency
C001716,Emily,White,Other,Standard,2,2,2,2,1,65.0,18.75,30.0,40.62,MEDIUM,NORMAL_CUSTOMER,FREQUENT_FRICTION,Frequency score 18.75 | Repeated problematic activity
C001717,Tina,White,Saudi Arabia,Standard,5,4,4,5,3,65.0,15.5,75.0,53.15,HIGH,FRICTION_PRONE_CUSTOMER,PERSISTENT_RISK,Repeated problematic journeys | Persistence score 75.00
C001718,Brandy,Long,United Kingdom,Standard,3,1,1,0,0,35.0,5.42,0.0,15.63,LOW,LOYAL_LOW_FRICTION_CUSTOMER,LOYAL_STABLE_CUSTOMER,Multiple bookings | Low journey friction | Minimal problematic journeys
C001720,Jessica,Mcdowell,Saudi Arabia,Standard,3,3,3,2,1,60.0,17.92,30.0,38.38,MEDIUM,NORMAL_CUSTOMER,FREQUENT_FRICTION,Frequency score 17.92 | Repeated problematic activity
C001722,Anthony,Matthews,Saudi Arabia,Standard,1,0,0,1,1,45.0,2.5,30.0,27.75,MEDIUM,NORMAL_CUSTOMER,DEVELOPING_FRICTION,Emerging risk indicators | Early persistence signal
C001723,Thomas,Gibson,United Arab Emirates,Standard,1,0,0,0,0,0.0,0.0,0.0,0.0,LOW,NORMAL_CUSTOMER,STABLE_CUSTOMER,Low overall risk | Low severity | Low frequency
C001724,Tammy,Santiago,Saudi Arabia,Standard,2,0,0,0,0,0.0,0.0,0.0,0.0,LOW,NORMAL_CUSTOMER,STABLE_CUSTOMER,Low overall risk | Low severity | Low frequency
C001725,Krista,Hanson,United Kingdom,Standard,6,4,4,3,1,100.0,12.08,24.67,51.03,HIGH,FRICTION_PRONE_CUSTOMER,RECENT_HIGH_SEVERITY,High severity score 100.00 | Limited evidence of repeated behavior
C001726,Kimberly,Baker,Saudi Arabia,Premium,2,0,0,0,0,0.0,0.0,0.0,0.0,LOW,NORMAL_CUSTOMER,STABLE_CUSTOMER,Low overall risk | Low severity | Low frequency
C001727,Becky,Levy,Pakistan,Premium,2,1,1,0,0,30.0,8.12,0.0,14.44,LOW,NORMAL_CUSTOMER,STABLE_CUSTOMER,Low overall risk | Low severity | Low frequency
C001728,Jennifer,Savage,Other,Standard,1,0,0,0,0,0.0,0.0,0.0,0.0,LOW,NORMAL_CUSTOMER,STABLE_CUSTOMER,Low overall risk | Low severity | Low frequency
C001734,Dylan,Rodriguez,United Arab Emirates,Standard,3,1,1,1,1,40.0,6.25,30.0,26.88,MEDIUM,LOYAL_LOW_FRICTION_CUSTOMER,DEVELOPING_FRICTION,Emerging risk indicators | Increasing problem frequency | Early persistence signal
C001735,Erin,Ferguson,Saudi Arabia,Standard,1,0,0,0,0,0.0,0.0,0.0,0.0,LOW,NORMAL_CUSTOMER,STABLE_CUSTOMER,Low overall risk | Low severity | Low frequency
C001736,Anthony,Smith,Other,Standard,2,1,1,0,0,35.0,8.12,0.0,16.44,LOW,NORMAL_CUSTOMER,STABLE_CUSTOMER,Low overall risk | Low severity | Low frequency
C001737,Stacy,Wilson,United Arab Emirates,Premium,3,2,2,4,2,100.0,14.17,65.67,63.95,HIGH,FRICTION_PRONE_CUSTOMER,PERSISTENT_RISK,Repeated problematic journeys | Persistence score 65.67
C001738,Daniel,Jackson,Saudi Arabia,Standard,1,1,1,0,0,30.0,16.25,0.0,16.88,LOW,NORMAL_CUSTOMER,FREQUENT_FRICTION,Frequency score 16.25 | Repeated problematic activity
C001739,Andrew,Woods,United Arab Emirates,Premium,2,0,0,0,0,0.0,0.0,0.0,0.0,LOW,NORMAL_CUSTOMER,STABLE_CUSTOMER,Low overall risk | Low severity | Low frequency
C001743,Robert,Guzman,United States,Standard,2,0,0,0,0,0.0,0.0,0.0,0.0,LOW,NORMAL_CUSTOMER,STABLE_CUSTOMER,Low overall risk | Low severity | Low frequency
C001749,Devin,Vaughn,United States,Standard,1,0,0,0,0,0.0,0.0,0.0,0.0,LOW,NORMAL_CUSTOMER,STABLE_CUSTOMER,Low overall risk | Low severity | Low frequency
C001750,Jared,Foster,Saudi Arabia,VIP,3,0,0,1,1,40.0,0.83,30.0,25.25,MEDIUM,LOYAL_LOW_FRICTION_CUSTOMER,DEVELOPING_FRICTION,Emerging risk indicators | Early persistence signal
C001751,Mark,Turner,Pakistan,Standard,2,1,1,0,0,30.0,8.12,0.0,14.44,LOW,NORMAL_CUSTOMER,STABLE_CUSTOMER,Low overall risk | Low severity | Low frequency
C001752,Eileen,Martinez,Saudi Arabia,Standard,4,0,0,2,2,40.0,1.25,59.0,34.08,MEDIUM,NORMAL_CUSTOMER,PERSISTENT_RISK,Repeated problematic journeys | Persistence score 59.00
C001753,Alicia,Smith,Saudi Arabia,Premium,2,1,1,0,0,30.0,8.12,0.0,14.44,LOW,NORMAL_CUSTOMER,STABLE_CUSTOMER,Low overall risk | Low severity | Low frequency
C001754,Lee,Rodriguez,Saudi Arabia,Standard,3,0,0,1,1,40.0,0.83,30.0,25.25,MEDIUM,LOYAL_LOW_FRICTION_CUSTOMER,DEVELOPING_FRICTION,Emerging risk indicators | Early persistence signal
C001755,Glen,Smith,Other,Standard,1,0,0,0,0,0.0,0.0,0.0,0.0,LOW,NORMAL_CUSTOMER,STABLE_CUSTOMER,Low overall risk | Low severity | Low frequency
C001756,Rhonda,Waller,United States,Standard,2,2,2,3,2,65.0,20.0,79.0,55.7,HIGH,FRICTION_PRONE_CUSTOMER,PERSISTENT_RISK,Repeated problematic journeys | Persistence score 79.00
C001757,Matthew,Trevino,Other,Standard,1,1,1,0,0,30.0,16.25,0.0,16.88,LOW,NORMAL_CUSTOMER,FREQUENT_FRICTION,Frequency score 16.25 | Repeated problematic activity
C001758,Michael,Clark,United Arab Emirates,VIP,4,2,2,1,1,40.0,8.75,28.0,27.02,MEDIUM,LOYAL_LOW_FRICTION_CUSTOMER,DEVELOPING_FRICTION,Emerging risk indicators | Increasing problem frequency | Early persistence signal
C001760,Jennifer,Santos,Pakistan,Standard,4,2,2,4,3,65.0,10.62,81.0,53.49,HIGH,FRICTION_PRONE_CUSTOMER,PERSISTENT_RISK,Repeated problematic journeys | Persistence score 81.00
C001761,Dawn,Graham,United Arab Emirates,Standard,1,0,0,0,0,0.0,0.0,0.0,0.0,LOW,NORMAL_CUSTOMER,STABLE_CUSTOMER,Low overall risk | Low severity | Low frequency
C001762,Heather,Garrett,United States,Standard,2,2,2,1,1,75.0,17.5,30.0,44.25,MEDIUM,NORMAL_CUSTOMER,RECENT_HIGH_SEVERITY,High severity score 75.00 | Limited evidence of repeated behavior
C001763,Chelsea,Tyler,Saudi Arabia,Standard,2,0,0,0,0,0.0,0.0,0.0,0.0,LOW,NORMAL_CUSTOMER,STABLE_CUSTOMER,Low overall risk | Low severity | Low frequency
C001764,James,Lee,United Arab Emirates,Standard,1,1,1,1,1,75.0,18.75,30.0,44.62,MEDIUM,NORMAL_CUSTOMER,RECENT_HIGH_SEVERITY,High severity score 75.00 | Limited evidence of repeated behavior
C001765,John,Turner,Saudi Arabia,Premium,3,4,4,6,2,100.0,26.67,65.67,67.7,HIGH,FRICTION_PRONE_CUSTOMER,PERSISTENT_RISK,Repeated problematic journeys | Persistence score 65.67
C001766,Angela,Ford,United Arab Emirates,Standard,1,1,1,0,0,35.0,16.25,0.0,18.88,LOW,NORMAL_CUSTOMER,FREQUENT_FRICTION,Frequency score 16.25 | Repeated problematic activity
C001767,Jeffrey,Wells,United Kingdom,Standard,1,0,0,0,0,0.0,0.0,0.0,0.0,LOW,NORMAL_CUSTOMER,STABLE_CUSTOMER,Low overall risk | Low severity | Low frequency
C001768,Teresa,Johnson,United Arab Emirates,Standard,3,1,1,2,2,40.0,7.08,65.67,37.83,MEDIUM,NORMAL_CUSTOMER,PERSISTENT_RISK,Repeated problematic journeys | Persistence score 65.67
C001770,Keith,Hernandez,United Arab Emirates,Standard,1,0,0,0,0,0.0,0.0,0.0,0.0,LOW,NORMAL_CUSTOMER,STABLE_CUSTOMER,Low overall risk | Low severity | Low frequency
C001771,Jared,Park,United Arab Emirates,Standard,1,0,0,0,0,0.0,0.0,0.0,0.0,LOW,NORMAL_CUSTOMER,STABLE_CUSTOMER,Low overall risk | Low severity | Low frequency
C001772,Janet,Maynard,United States,Standard,2,0,0,0,0,0.0,0.0,0.0,0.0,LOW,NORMAL_CUSTOMER,STABLE_CUSTOMER,Low overall risk | Low severity | Low frequency
C001773,Logan,Ruiz,Other,Standard,2,0,0,0,0,0.0,0.0,0.0,0.0,LOW,NORMAL_CUSTOMER,STABLE_CUSTOMER,Low overall risk | Low severity | Low frequency
C001774,Michael,Heath,Other,Standard,2,0,0,1,1,40.0,1.25,30.0,25.38,MEDIUM,NORMAL_CUSTOMER,DEVELOPING_FRICTION,Emerging risk indicators | Early persistence signal
C001775,Sarah,Richards,United States,Standard,1,0,0,0,0,0.0,0.0,0.0,0.0,LOW,NORMAL_CUSTOMER,STABLE_CUSTOMER,Low overall risk | Low severity | Low frequency
C001777,Joshua,Hudson,United Kingdom,Premium,3,0,0,1,1,40.0,0.83,30.0,25.25,MEDIUM,LOYAL_LOW_FRICTION_CUSTOMER,DEVELOPING_FRICTION,Emerging risk indicators | Early persistence signal
C001778,David,Bass,United Arab Emirates,Standard,3,0,0,1,1,40.0,0.83,30.0,25.25,MEDIUM,LOYAL_LOW_FRICTION_CUSTOMER,DEVELOPING_FRICTION,Emerging risk indicators | Early persistence signal
C001779,Erica,Williams,Saudi Arabia,Premium,1,0,0,0,0,0.0,0.0,0.0,0.0,LOW,NORMAL_CUSTOMER,STABLE_CUSTOMER,Low overall risk | Low severity | Low frequency
C001780,Noah,Smith,United States,Standard,3,4,4,3,2,70.0,24.17,65.67,54.95,HIGH,FRICTION_PRONE_CUSTOMER,PERSISTENT_RISK,Repeated problematic journeys | Persistence score 65.67
C001782,Loretta,Marquez,Other,Standard,3,0,0,0,0,0.0,0.0,0.0,0.0,LOW,LOYAL_LOW_FRICTION_CUSTOMER,LOYAL_STABLE_CUSTOMER,Multiple bookings | Low journey friction | Minimal problematic journeys
C001783,Stephanie,Petty,United Arab Emirates,Standard,2,2,2,3,1,100.0,20.0,30.0,55.0,HIGH,FRICTION_PRONE_CUSTOMER,RECENT_HIGH_SEVERITY,High severity score 100.00 | Limited evidence of repeated behavior
C001785,Kelly,Mclaughlin,United Kingdom,Standard,1,0,0,1,1,40.0,2.5,30.0,25.75,MEDIUM,NORMAL_CUSTOMER,DEVELOPING_FRICTION,Emerging risk indicators | Early persistence signal
C001786,Keith,Larson,Other,Standard,1,0,0,1,1,40.0,2.5,30.0,25.75,MEDIUM,NORMAL_CUSTOMER,DEVELOPING_FRICTION,Emerging risk indicators | Early persistence signal
C001788,Michael,Roberts,Pakistan,Standard,2,1,1,2,2,75.0,10.62,79.0,56.89,HIGH,FRICTION_PRONE_CUSTOMER,PERSISTENT_RISK,Repeated problematic journeys | Persistence score 79.00
C001789,Scott,Freeman,Saudi Arabia,Standard,2,2,2,3,1,95.0,20.0,30.0,53.0,HIGH,FRICTION_PRONE_CUSTOMER,RECENT_HIGH_SEVERITY,High severity score 95.00 | Limited evidence of repeated behavior
C001790,Jonathan,Tucker,Pakistan,Standard,2,0,0,1,1,45.0,1.25,30.0,27.38,MEDIUM,NORMAL_CUSTOMER,DEVELOPING_FRICTION,Emerging risk indicators | Early persistence signal
C001791,Timothy,Garza,Saudi Arabia,Standard,1,2,2,3,1,100.0,40.0,30.0,61.0,HIGH,FRICTION_PRONE_CUSTOMER,RECENT_HIGH_SEVERITY,High severity score 100.00 | Limited evidence of repeated behavior
C001793,Amanda,Gregory,Pakistan,Premium,3,2,2,2,1,65.0,12.5,30.0,38.75,MEDIUM,LOYAL_LOW_FRICTION_CUSTOMER,DEVELOPING_FRICTION,Emerging risk indicators | Increasing problem frequency | Early persistence signal
C001795,Heather,Freeman,Saudi Arabia,Premium,2,0,0,0,0,0.0,0.0,0.0,0.0,LOW,NORMAL_CUSTOMER,STABLE_CUSTOMER,Low overall risk | Low severity | Low frequency
C001797,Christina,Rice,United Kingdom,Premium,1,0,0,0,0,0.0,0.0,0.0,0.0,LOW,NORMAL_CUSTOMER,STABLE_CUSTOMER,Low overall risk | Low severity | Low frequency
C001798,Brenda,Henderson,Saudi Arabia,Standard,2,1,1,0,0,35.0,8.12,0.0,16.44,LOW,NORMAL_CUSTOMER,STABLE_CUSTOMER,Low overall risk | Low severity | Low frequency
C001799,John,Stewart,Saudi Arabia,Premium,2,2,2,2,1,65.0,18.75,30.0,40.62,MEDIUM,NORMAL_CUSTOMER,FREQUENT_FRICTION,Frequency score 18.75 | Repeated problematic activity
C001800,Elizabeth,Brown,Saudi Arabia,Standard,2,0,0,0,0,0.0,0.0,0.0,0.0,LOW,NORMAL_CUSTOMER,STABLE_CUSTOMER,Low overall risk | Low severity | Low frequency
C001801,Amanda,Orozco,Other,Premium,1,2,2,2,1,65.0,37.5,30.0,46.25,MEDIUM,NORMAL_CUSTOMER,FREQUENT_FRICTION,Frequency score 37.50 | Repeated problematic activity
C001802,Dana,Butler,United Kingdom,Standard,1,0,0,0,0,0.0,0.0,0.0,0.0,LOW,NORMAL_CUSTOMER,STABLE_CUSTOMER,Low overall risk | Low severity | Low frequency
C001803,Brian,Kennedy,United Arab Emirates,Standard,2,0,0,1,1,45.0,1.25,30.0,27.38,MEDIUM,NORMAL_CUSTOMER,DEVELOPING_FRICTION,Emerging risk indicators | Early persistence signal
C001805,Jennifer,Mcmillan,United Arab Emirates,Standard,2,0,0,2,2,45.0,2.5,79.0,42.45,MEDIUM,NORMAL_CUSTOMER,PERSISTENT_RISK,Repeated problematic journeys | Persistence score 79.00
C001807,Kelli,Terry,United Kingdom,Standard,2,2,2,3,1,100.0,20.0,30.0,55.0,HIGH,FRICTION_PRONE_CUSTOMER,RECENT_HIGH_SEVERITY,High severity score 100.00 | Limited evidence of repeated behavior
C001809,Andrea,Roberts,Saudi Arabia,Standard,1,0,0,0,0,0.0,0.0,0.0,0.0,LOW,NORMAL_CUSTOMER,STABLE_CUSTOMER,Low overall risk | Low severity | Low frequency
C001810,Sarah,Lee,Saudi Arabia,Standard,2,1,1,0,0,35.0,8.12,0.0,16.44,LOW,NORMAL_CUSTOMER,STABLE_CUSTOMER,Low overall risk | Low severity | Low frequency
C001811,Richard,Cooper,United Kingdom,Standard,4,0,0,2,2,45.0,1.25,59.0,36.08,MEDIUM,NORMAL_CUSTOMER,PERSISTENT_RISK,Repeated problematic journeys | Persistence score 59.00
C001812,Savannah,Hall,United States,Premium,1,0,0,0,0,0.0,0.0,0.0,0.0,LOW,NORMAL_CUSTOMER,STABLE_CUSTOMER,Low overall risk | Low severity | Low frequency
C001813,Natalie,Robinson,Saudi Arabia,Premium,3,2,2,2,1,65.0,12.5,30.0,38.75,MEDIUM,LOYAL_LOW_FRICTION_CUSTOMER,DEVELOPING_FRICTION,Emerging risk indicators | Increasing problem frequency | Early persistence signal
C001814,Thomas,Stout,Saudi Arabia,Standard,3,0,0,0,0,0.0,0.0,0.0,0.0,LOW,LOYAL_LOW_FRICTION_CUSTOMER,LOYAL_STABLE_CUSTOMER,Multiple bookings | Low journey friction | Minimal problematic journeys
C001815,James,Morgan,Saudi Arabia,Standard,3,0,0,0,0,0.0,0.0,0.0,0.0,LOW,LOYAL_LOW_FRICTION_CUSTOMER,LOYAL_STABLE_CUSTOMER,Multiple bookings | Low journey friction | Minimal problematic journeys
C001816,Tamara,Guzman,Other,Standard,1,0,0,0,0,0.0,0.0,0.0,0.0,LOW,NORMAL_CUSTOMER,STABLE_CUSTOMER,Low overall risk | Low severity | Low frequency
C001817,Manuel,Kirby,Saudi Arabia,Premium,1,0,0,0,0,0.0,0.0,0.0,0.0,LOW,NORMAL_CUSTOMER,STABLE_CUSTOMER,Low overall risk | Low severity | Low frequency
C001818,Debbie,Sandoval,United States,Standard,1,0,0,0,0,0.0,0.0,0.0,0.0,LOW,NORMAL_CUSTOMER,STABLE_CUSTOMER,Low overall risk | Low severity | Low frequency
C001819,Rebecca,Anderson,Pakistan,Standard,1,0,0,1,1,40.0,2.5,30.0,25.75,MEDIUM,NORMAL_CUSTOMER,DEVELOPING_FRICTION,Emerging risk indicators | Early persistence signal
C001820,Christopher,Carter,United Arab Emirates,Standard,3,0,0,1,1,45.0,0.83,30.0,27.25,MEDIUM,LOYAL_LOW_FRICTION_CUSTOMER,DEVELOPING_FRICTION,Emerging risk indicators | Early persistence signal
C001821,Audrey,Dawson,Saudi Arabia,Premium,2,0,0,0,0,0.0,0.0,0.0,0.0,LOW,NORMAL_CUSTOMER,STABLE_CUSTOMER,Low overall risk | Low severity | Low frequency
C001822,Amanda,Moyer,Saudi Arabia,Standard,1,1,1,0,0,30.0,16.25,0.0,16.88,LOW,NORMAL_CUSTOMER,FREQUENT_FRICTION,Frequency score 16.25 | Repeated problematic activity
C001823,Jennifer,Whitaker,Pakistan,Standard,1,1,1,0,0,30.0,16.25,0.0,16.88,LOW,NORMAL_CUSTOMER,FREQUENT_FRICTION,Frequency score 16.25 | Repeated problematic activity
C001824,Sharon,Nunez,United States,Standard,6,2,2,2,2,45.0,6.25,52.33,35.57,MEDIUM,NORMAL_CUSTOMER,PERSISTENT_RISK,Repeated problematic journeys | Persistence score 52.33
C001825,Robin,Navarro,Pakistan,Standard,3,0,0,1,1,40.0,0.83,30.0,25.25,MEDIUM,LOYAL_LOW_FRICTION_CUSTOMER,DEVELOPING_FRICTION,Emerging risk indicators | Early persistence signal
C001827,Nicole,Marsh,Saudi Arabia,Standard,1,2,2,2,1,60.0,37.5,30.0,44.25,MEDIUM,NORMAL_CUSTOMER,FREQUENT_FRICTION,Frequency score 37.50 | Repeated problematic activity
C001828,Gregory,Richard,Other,VIP,3,1,1,2,2,70.0,7.08,65.67,49.82,HIGH,FRICTION_PRONE_CUSTOMER,PERSISTENT_RISK,Repeated problematic journeys | Persistence score 65.67
C001829,Samantha,Howell,United States,Standard,4,0,0,1,1,40.0,0.62,28.0,24.59,MEDIUM,LOYAL_LOW_FRICTION_CUSTOMER,DEVELOPING_FRICTION,Emerging risk indicators | Early persistence signal
C001830,Wendy,Campbell,Saudi Arabia,VIP,1,2,2,2,1,65.0,37.5,30.0,46.25,MEDIUM,NORMAL_CUSTOMER,FREQUENT_FRICTION,Frequency score 37.50 | Repeated problematic activity
C001831,Randy,Curry,Other,Standard,1,0,0,0,0,0.0,0.0,0.0,0.0,LOW,NORMAL_CUSTOMER,STABLE_CUSTOMER,Low overall risk | Low severity | Low frequency
C001832,Tyler,Estrada,Pakistan,Standard,2,2,2,3,1,100.0,20.0,30.0,55.0,HIGH,FRICTION_PRONE_CUSTOMER,RECENT_HIGH_SEVERITY,High severity score 100.00 | Limited evidence of repeated behavior
C001833,Sharon,Anderson,Pakistan,Premium,1,0,0,0,0,0.0,0.0,0.0,0.0,LOW,NORMAL_CUSTOMER,STABLE_CUSTOMER,Low overall risk | Low severity | Low frequency
C001835,Sara,Obrien,United States,Standard,1,1,1,0,0,30.0,16.25,0.0,16.88,LOW,NORMAL_CUSTOMER,FREQUENT_FRICTION,Frequency score 16.25 | Repeated problematic activity
C001837,Albert,Perry,Saudi Arabia,Standard,2,0,0,0,0,0.0,0.0,0.0,0.0,LOW,NORMAL_CUSTOMER,STABLE_CUSTOMER,Low overall risk | Low severity | Low frequency
C001838,Ashley,Chaney,United Arab Emirates,Standard,1,0,0,0,0,0.0,0.0,0.0,0.0,LOW,NORMAL_CUSTOMER,STABLE_CUSTOMER,Low overall risk | Low severity | Low frequency
C001839,Daniel,Torres,Other,Premium,2,2,2,0,0,30.0,16.25,0.0,16.88,LOW,NORMAL_CUSTOMER,FREQUENT_FRICTION,Frequency score 16.25 | Repeated problematic activity
C001841,Justin,Williams,United Arab Emirates,Standard,1,0,0,0,0,0.0,0.0,0.0,0.0,LOW,NORMAL_CUSTOMER,STABLE_CUSTOMER,Low overall risk | Low severity | Low frequency
C001842,Veronica,Smith,United Arab Emirates,Premium,2,0,0,0,0,0.0,0.0,0.0,0.0,LOW,NORMAL_CUSTOMER,STABLE_CUSTOMER,Low overall risk | Low severity | Low frequency
C001843,Amy,Ibarra,United Arab Emirates,Standard,1,0,0,0,0,0.0,0.0,0.0,0.0,LOW,NORMAL_CUSTOMER,STABLE_CUSTOMER,Low overall risk | Low severity | Low frequency
C001844,Troy,Kelly,Pakistan,Standard,1,0,0,0,0,0.0,0.0,0.0,0.0,LOW,NORMAL_CUSTOMER,STABLE_CUSTOMER,Low overall risk | Low severity | Low frequency
C001846,Melissa,Clayton,Saudi Arabia,Standard,2,1,1,1,1,45.0,9.38,30.0,29.81,MEDIUM,NORMAL_CUSTOMER,DEVELOPING_FRICTION,Emerging risk indicators | Increasing problem frequency | Early persistence signal
C001847,Taylor,Kline,Saudi Arabia,Premium,1,0,0,0,0,0.0,0.0,0.0,0.0,LOW,NORMAL_CUSTOMER,STABLE_CUSTOMER,Low overall risk | Low severity | Low frequency
C001848,James,Johnson,Saudi Arabia,Premium,3,1,1,0,0,30.0,5.42,0.0,13.63,LOW,LOYAL_LOW_FRICTION_CUSTOMER,LOYAL_STABLE_CUSTOMER,Multiple bookings | Low journey friction | Minimal problematic journeys
C001849,Daniel,Brown,Other,Standard,3,2,2,1,1,45.0,11.67,30.0,30.5,MEDIUM,NORMAL_CUSTOMER,DEVELOPING_FRICTION,Emerging risk indicators | Increasing problem frequency | Early persistence signal
C001850,Francisco,Jordan,Pakistan,Standard,2,0,0,0,0,0.0,0.0,0.0,0.0,LOW,NORMAL_CUSTOMER,STABLE_CUSTOMER,Low overall risk | Low severity | Low frequency
C001851,Stephen,Williamson,Saudi Arabia,Standard,2,1,1,0,0,30.0,8.12,0.0,14.44,LOW,NORMAL_CUSTOMER,STABLE_CUSTOMER,Low overall risk | Low severity | Low frequency
C001853,Jacob,Walker,Other,Premium,1,0,0,0,0,0.0,0.0,0.0,0.0,LOW,NORMAL_CUSTOMER,STABLE_CUSTOMER,Low overall risk | Low severity | Low frequency
C001854,Jill,Scott,United States,Standard,2,0,0,1,1,45.0,1.25,30.0,27.38,MEDIUM,NORMAL_CUSTOMER,DEVELOPING_FRICTION,Emerging risk indicators | Early persistence signal
C001855,Krystal,Peterson,Other,Standard,3,0,0,1,1,45.0,0.83,30.0,27.25,MEDIUM,LOYAL_LOW_FRICTION_CUSTOMER,DEVELOPING_FRICTION,Emerging risk indicators | Early persistence signal
C001856,Ashley,Kelly,Saudi Arabia,Standard,4,1,1,1,1,40.0,4.69,28.0,25.81,MEDIUM,LOYAL_LOW_FRICTION_CUSTOMER,DEVELOPING_FRICTION,Emerging risk indicators | Early persistence signal
C001857,Katherine,Williams,United States,Premium,2,1,1,1,1,75.0,9.38,30.0,41.81,MEDIUM,NORMAL_CUSTOMER,RECENT_HIGH_SEVERITY,High severity score 75.00 | Limited evidence of repeated behavior
C001858,Gregory,Rich,United Arab Emirates,Standard,3,0,0,1,1,45.0,0.83,30.0,27.25,MEDIUM,LOYAL_LOW_FRICTION_CUSTOMER,DEVELOPING_FRICTION,Emerging risk indicators | Early persistence signal
C001859,Melissa,Adams,United States,Premium,1,0,0,0,0,0.0,0.0,0.0,0.0,LOW,NORMAL_CUSTOMER,STABLE_CUSTOMER,Low overall risk | Low severity | Low frequency
C001860,Penny,Hernandez,United Kingdom,Standard,1,0,0,0,0,0.0,0.0,0.0,0.0,LOW,NORMAL_CUSTOMER,STABLE_CUSTOMER,Low overall risk | Low severity | Low frequency
C001861,Margaret,Vaughn,United States,Premium,1,0,0,0,0,0.0,0.0,0.0,0.0,LOW,NORMAL_CUSTOMER,STABLE_CUSTOMER,Low overall risk | Low severity | Low frequency
C001862,Zachary,Robertson,United Kingdom,Standard,2,0,0,0,0,0.0,0.0,0.0,0.0,LOW,NORMAL_CUSTOMER,STABLE_CUSTOMER,Low overall risk | Low severity | Low frequency
C001864,Elizabeth,Mccarthy,Pakistan,Premium,3,0,0,0,0,0.0,0.0,0.0,0.0,LOW,LOYAL_LOW_FRICTION_CUSTOMER,LOYAL_STABLE_CUSTOMER,Multiple bookings | Low journey friction | Minimal problematic journeys
C001866,Donald,Kim,Other,Standard,2,0,0,0,0,0.0,0.0,0.0,0.0,LOW,NORMAL_CUSTOMER,STABLE_CUSTOMER,Low overall risk | Low severity | Low frequency
C001867,Marcus,Bryant,Saudi Arabia,Premium,1,0,0,1,1,40.0,2.5,30.0,25.75,MEDIUM,NORMAL_CUSTOMER,DEVELOPING_FRICTION,Emerging risk indicators | Early persistence signal
C001868,John,Skinner,Saudi Arabia,Standard,1,1,1,1,1,70.0,18.75,30.0,42.62,MEDIUM,NORMAL_CUSTOMER,FREQUENT_FRICTION,Frequency score 18.75 | Repeated problematic activity
C001869,Jose,Rodriguez,Saudi Arabia,Standard,3,0,0,1,1,40.0,0.83,30.0,25.25,MEDIUM,LOYAL_LOW_FRICTION_CUSTOMER,DEVELOPING_FRICTION,Emerging risk indicators | Early persistence signal
C001870,Joe,Rodriguez,United Kingdom,Standard,3,2,2,2,1,65.0,12.5,30.0,38.75,MEDIUM,LOYAL_LOW_FRICTION_CUSTOMER,DEVELOPING_FRICTION,Emerging risk indicators | Increasing problem frequency | Early persistence signal
C001872,Stephanie,Casey,Saudi Arabia,Standard,1,0,0,0,0,0.0,0.0,0.0,0.0,LOW,NORMAL_CUSTOMER,STABLE_CUSTOMER,Low overall risk | Low severity | Low frequency
C001873,Kevin,Meza,Pakistan,Standard,3,0,0,1,1,40.0,0.83,30.0,25.25,MEDIUM,LOYAL_LOW_FRICTION_CUSTOMER,DEVELOPING_FRICTION,Emerging risk indicators | Early persistence signal
C001874,Jennifer,Colon,United States,Standard,3,0,0,0,0,0.0,0.0,0.0,0.0,LOW,LOYAL_LOW_FRICTION_CUSTOMER,LOYAL_STABLE_CUSTOMER,Multiple bookings | Low journey friction | Minimal problematic journeys
C001875,Alexander,Williams,United Kingdom,Standard,2,0,0,0,0,0.0,0.0,0.0,0.0,LOW,NORMAL_CUSTOMER,STABLE_CUSTOMER,Low overall risk | Low severity | Low frequency
C001876,Desiree,Garcia,Pakistan,Premium,3,0,0,0,0,0.0,0.0,0.0,0.0,LOW,LOYAL_LOW_FRICTION_CUSTOMER,LOYAL_STABLE_CUSTOMER,Multiple bookings | Low journey friction | Minimal problematic journeys
C001877,Heather,Soto,Pakistan,Standard,2,3,3,2,1,65.0,26.88,30.0,43.06,MEDIUM,NORMAL_CUSTOMER,FREQUENT_FRICTION,Frequency score 26.88 | Repeated problematic activity
C001879,David,Bartlett,Saudi Arabia,Standard,2,0,0,0,0,0.0,0.0,0.0,0.0,LOW,NORMAL_CUSTOMER,STABLE_CUSTOMER,Low overall risk | Low severity | Low frequency
C001880,Kurt,Moore,Pakistan,Standard,1,0,0,0,0,0.0,0.0,0.0,0.0,LOW,NORMAL_CUSTOMER,STABLE_CUSTOMER,Low overall risk | Low severity | Low frequency
C001882,Wayne,Alexander,Other,Standard,4,1,1,2,2,80.0,5.31,59.0,51.29,HIGH,FRICTION_PRONE_CUSTOMER,PERSISTENT_RISK,Repeated problematic journeys | Persistence score 59.00
C001883,Paula,Hunter,Pakistan,Standard,1,1,1,0,0,30.0,16.25,0.0,16.88,LOW,NORMAL_CUSTOMER,FREQUENT_FRICTION,Frequency score 16.25 | Repeated problematic activity
C001885,Larry,Garcia,Saudi Arabia,Premium,3,1,1,2,2,80.0,7.08,65.67,53.82,HIGH,FRICTION_PRONE_CUSTOMER,PERSISTENT_RISK,Repeated problematic journeys | Persistence score 65.67
C001886,David,Holland,United Arab Emirates,Standard,1,0,0,0,0,0.0,0.0,0.0,0.0,LOW,NORMAL_CUSTOMER,STABLE_CUSTOMER,Low overall risk | Low severity | Low frequency
C001888,Kenneth,Taylor,Saudi Arabia,Premium,3,1,1,0,0,30.0,5.42,0.0,13.63,LOW,LOYAL_LOW_FRICTION_CUSTOMER,LOYAL_STABLE_CUSTOMER,Multiple bookings | Low journey friction | Minimal problematic journeys
C001889,Christina,Allison,United Kingdom,Premium,1,1,1,0,0,35.0,16.25,0.0,18.88,LOW,NORMAL_CUSTOMER,FREQUENT_FRICTION,Frequency score 16.25 | Repeated problematic activity
C001890,Jeffrey,Gonzales,Other,Premium,1,0,0,1,1,45.0,2.5,30.0,27.75,MEDIUM,NORMAL_CUSTOMER,DEVELOPING_FRICTION,Emerging risk indicators | Early persistence signal
C001891,Dennis,Perry,Saudi Arabia,Standard,1,0,0,0,0,0.0,0.0,0.0,0.0,LOW,NORMAL_CUSTOMER,STABLE_CUSTOMER,Low overall risk | Low severity | Low frequency
C001893,Julie,Sanchez,United States,Standard,1,0,0,1,1,45.0,2.5,30.0,27.75,MEDIUM,NORMAL_CUSTOMER,DEVELOPING_FRICTION,Emerging risk indicators | Early persistence signal
C001894,Catherine,Lamb,Saudi Arabia,Standard,4,1,1,2,2,75.0,5.31,59.0,49.29,HIGH,FRICTION_PRONE_CUSTOMER,PERSISTENT_RISK,Repeated problematic journeys | Persistence score 59.00
C001895,Robert,Peterson,Pakistan,Standard,2,1,1,0,0,30.0,8.12,0.0,14.44,LOW,NORMAL_CUSTOMER,STABLE_CUSTOMER,Low overall risk | Low severity | Low frequency
C001896,Andrea,Wagner,United Kingdom,Standard,3,1,1,0,0,35.0,5.42,0.0,15.63,LOW,LOYAL_LOW_FRICTION_CUSTOMER,LOYAL_STABLE_CUSTOMER,Multiple bookings | Low journey friction | Minimal problematic journeys
C001897,Thomas,Miller,Pakistan,Premium,1,0,0,0,0,0.0,0.0,0.0,0.0,LOW,NORMAL_CUSTOMER,STABLE_CUSTOMER,Low overall risk | Low severity | Low frequency
C001899,Elizabeth,Fischer,United Arab Emirates,Premium,1,0,0,0,0,0.0,0.0,0.0,0.0,LOW,NORMAL_CUSTOMER,STABLE_CUSTOMER,Low overall risk | Low severity | Low frequency
C001900,Jeffery,Ward,United States,Premium,2,1,1,0,0,30.0,8.12,0.0,14.44,LOW,NORMAL_CUSTOMER,STABLE_CUSTOMER,Low overall risk | Low severity | Low frequency
C001901,John,Ortega,Pakistan,Standard,2,0,0,0,0,0.0,0.0,0.0,0.0,LOW,NORMAL_CUSTOMER,STABLE_CUSTOMER,Low overall risk | Low severity | Low frequency
C001902,Karen,Hernandez,Saudi Arabia,Premium,1,1,1,1,1,75.0,18.75,30.0,44.62,MEDIUM,NORMAL_CUSTOMER,RECENT_HIGH_SEVERITY,High severity score 75.00 | Limited evidence of repeated behavior
C001903,Morgan,Molina,United States,Standard,2,2,2,2,1,65.0,18.75,30.0,40.62,MEDIUM,NORMAL_CUSTOMER,FREQUENT_FRICTION,Frequency score 18.75 | Repeated problematic activity
C001904,Christopher,Fisher,Saudi Arabia,Standard,2,0,0,1,1,40.0,1.25,30.0,25.38,MEDIUM,NORMAL_CUSTOMER,DEVELOPING_FRICTION,Emerging risk indicators | Early persistence signal
C001905,Sean,Perez,United Kingdom,Premium,1,0,0,1,1,45.0,2.5,30.0,27.75,MEDIUM,NORMAL_CUSTOMER,DEVELOPING_FRICTION,Emerging risk indicators | Early persistence signal
C001907,Christian,Gutierrez,Other,Standard,3,2,2,3,1,100.0,13.33,30.0,53.0,HIGH,FRICTION_PRONE_CUSTOMER,RECENT_HIGH_SEVERITY,High severity score 100.00 | Limited evidence of repeated behavior
C001908,Anne,Ortiz,United Arab Emirates,Standard,5,0,0,1,1,45.0,0.5,26.0,25.95,MEDIUM,LOYAL_LOW_FRICTION_CUSTOMER,DEVELOPING_FRICTION,Emerging risk indicators | Early persistence signal
C001909,Bryan,Ellis,United Arab Emirates,Premium,2,0,0,0,0,0.0,0.0,0.0,0.0,LOW,NORMAL_CUSTOMER,STABLE_CUSTOMER,Low overall risk | Low severity | Low frequency
C001910,Amy,Phelps,Saudi Arabia,Standard,3,2,2,3,3,80.0,13.33,91.0,63.3,HIGH,FRICTION_PRONE_CUSTOMER,PERSISTENT_RISK,Repeated problematic journeys | Persistence score 91.00
C001911,William,Norton,United Arab Emirates,Standard,2,0,0,0,0,0.0,0.0,0.0,0.0,LOW,NORMAL_CUSTOMER,STABLE_CUSTOMER,Low overall risk | Low severity | Low frequency
C001912,Ashley,Cox,Other,Standard,1,0,0,1,1,40.0,2.5,30.0,25.75,MEDIUM,NORMAL_CUSTOMER,DEVELOPING_FRICTION,Emerging risk indicators | Early persistence signal
C001913,Edward,Johnson,Other,Premium,1,0,0,0,0,0.0,0.0,0.0,0.0,LOW,NORMAL_CUSTOMER,STABLE_CUSTOMER,Low overall risk | Low severity | Low frequency
C001914,Mark,Thomas,United Arab Emirates,Standard,3,3,3,4,2,100.0,19.58,65.67,65.58,HIGH,FRICTION_PRONE_CUSTOMER,PERSISTENT_RISK,Repeated problematic journeys | Persistence score 65.67
C001915,Abigail,Smith,United Arab Emirates,Standard,3,4,4,2,1,65.0,23.33,30.0,42.0,MEDIUM,NORMAL_CUSTOMER,FREQUENT_FRICTION,Frequency score 23.33 | Repeated problematic activity
C001917,Jamie,Acevedo,Other,Standard,1,1,1,1,1,80.0,18.75,30.0,46.62,MEDIUM,NORMAL_CUSTOMER,RECENT_HIGH_SEVERITY,High severity score 80.00 | Limited evidence of repeated behavior
C001918,Brandy,Miller,Pakistan,Standard,3,1,1,1,1,45.0,6.25,30.0,28.88,MEDIUM,LOYAL_LOW_FRICTION_CUSTOMER,DEVELOPING_FRICTION,Emerging risk indicators | Increasing problem frequency | Early persistence signal
C001919,Christopher,Edwards,United Arab Emirates,Standard,1,0,0,0,0,0.0,0.0,0.0,0.0,LOW,NORMAL_CUSTOMER,STABLE_CUSTOMER,Low overall risk | Low severity | Low frequency
C001920,William,Holden,United Arab Emirates,Standard,1,0,0,0,0,0.0,0.0,0.0,0.0,LOW,NORMAL_CUSTOMER,STABLE_CUSTOMER,Low overall risk | Low severity | Low frequency
C001921,Lindsey,Martin,United Kingdom,Standard,3,3,3,4,3,75.0,19.58,91.0,63.17,HIGH,FRICTION_PRONE_CUSTOMER,PERSISTENT_RISK,Repeated problematic journeys | Persistence score 91.00
C001923,William,Malone,Pakistan,Standard,1,1,1,1,1,70.0,18.75,30.0,42.62,MEDIUM,NORMAL_CUSTOMER,FREQUENT_FRICTION,Frequency score 18.75 | Repeated problematic activity
C001925,Brian,May,United States,Standard,2,0,0,2,2,45.0,2.5,79.0,42.45,MEDIUM,NORMAL_CUSTOMER,PERSISTENT_RISK,Repeated problematic journeys | Persistence score 79.00
C001926,Steven,Orr,Saudi Arabia,Standard,3,0,0,0,0,0.0,0.0,0.0,0.0,LOW,LOYAL_LOW_FRICTION_CUSTOMER,LOYAL_STABLE_CUSTOMER,Multiple bookings | Low journey friction | Minimal problematic journeys
C001927,Lindsay,Brown,Pakistan,Standard,1,0,0,0,0,0.0,0.0,0.0,0.0,LOW,NORMAL_CUSTOMER,STABLE_CUSTOMER,Low overall risk | Low severity | Low frequency
C001928,Jennifer,Welch,United Arab Emirates,Standard,2,1,1,1,1,40.0,9.38,30.0,27.81,MEDIUM,NORMAL_CUSTOMER,DEVELOPING_FRICTION,Emerging risk indicators | Increasing problem frequency | Early persistence signal
C001929,Randy,Reeves,Pakistan,Standard,1,0,0,0,0,0.0,0.0,0.0,0.0,LOW,NORMAL_CUSTOMER,STABLE_CUSTOMER,Low overall risk | Low severity | Low frequency
C001930,Lisa,Guerrero,Saudi Arabia,Standard,2,0,0,1,1,45.0,1.25,30.0,27.38,MEDIUM,NORMAL_CUSTOMER,DEVELOPING_FRICTION,Emerging risk indicators | Early persistence signal
C001931,Julie,Meyer,Pakistan,Standard,2,2,2,3,1,100.0,20.0,30.0,55.0,HIGH,FRICTION_PRONE_CUSTOMER,RECENT_HIGH_SEVERITY,High severity score 100.00 | Limited evidence of repeated behavior
C001932,Beth,Phillips,Pakistan,VIP,4,1,1,2,2,45.0,5.31,59.0,37.29,MEDIUM,NORMAL_CUSTOMER,PERSISTENT_RISK,Repeated problematic journeys | Persistence score 59.00
C001933,Brandon,Morales,Pakistan,Standard,4,0,0,0,0,0.0,0.0,0.0,0.0,LOW,LOYAL_LOW_FRICTION_CUSTOMER,LOYAL_STABLE_CUSTOMER,Multiple bookings | Low journey friction | Minimal problematic journeys
C001934,Melvin,Becker,Pakistan,Premium,1,0,0,0,0,0.0,0.0,0.0,0.0,LOW,NORMAL_CUSTOMER,STABLE_CUSTOMER,Low overall risk | Low severity | Low frequency
C001937,Sarah,Newton,Saudi Arabia,Premium,3,1,1,0,0,30.0,5.42,0.0,13.63,LOW,LOYAL_LOW_FRICTION_CUSTOMER,LOYAL_STABLE_CUSTOMER,Multiple bookings | Low journey friction | Minimal problematic journeys
C001939,Sarah,Smith,United Arab Emirates,Standard,2,1,1,1,1,45.0,9.38,30.0,29.81,MEDIUM,NORMAL_CUSTOMER,DEVELOPING_FRICTION,Emerging risk indicators | Increasing problem frequency | Early persistence signal
C001940,Anthony,Ramirez,Saudi Arabia,VIP,4,4,4,5,2,100.0,19.38,59.0,63.51,HIGH,FRICTION_PRONE_CUSTOMER,PERSISTENT_RISK,Repeated problematic journeys | Persistence score 59.00
C001941,Robert,Rose,Saudi Arabia,Standard,1,0,0,0,0,0.0,0.0,0.0,0.0,LOW,NORMAL_CUSTOMER,STABLE_CUSTOMER,Low overall risk | Low severity | Low frequency
C001943,Katie,Graves,United States,Standard,1,0,0,0,0,0.0,0.0,0.0,0.0,LOW,NORMAL_CUSTOMER,STABLE_CUSTOMER,Low overall risk | Low severity | Low frequency
C001944,Tiffany,Griffin,United Kingdom,Premium,2,2,2,2,1,60.0,18.75,30.0,38.62,MEDIUM,NORMAL_CUSTOMER,FREQUENT_FRICTION,Frequency score 18.75 | Repeated problematic activity
C001945,Debbie,Harris,United States,Premium,2,3,3,3,2,70.0,28.12,79.0,60.14,HIGH,FRICTION_PRONE_CUSTOMER,PERSISTENT_RISK,Repeated problematic journeys | Persistence score 79.00
C001947,Victoria,Kramer,United Arab Emirates,Standard,3,3,3,2,1,60.0,17.92,30.0,38.38,MEDIUM,NORMAL_CUSTOMER,FREQUENT_FRICTION,Frequency score 17.92 | Repeated problematic activity
C001948,Patrick,Pearson,Saudi Arabia,Premium,2,0,0,0,0,0.0,0.0,0.0,0.0,LOW,NORMAL_CUSTOMER,STABLE_CUSTOMER,Low overall risk | Low severity | Low frequency
C001949,Molly,Terry,United Arab Emirates,Standard,2,1,1,0,0,35.0,8.12,0.0,16.44,LOW,NORMAL_CUSTOMER,STABLE_CUSTOMER,Low overall risk | Low severity | Low frequency
C001950,Rebecca,Barron,United Arab Emirates,Standard,1,0,0,1,1,45.0,2.5,30.0,27.75,MEDIUM,NORMAL_CUSTOMER,DEVELOPING_FRICTION,Emerging risk indicators | Early persistence signal
C001951,Nicholas,Harrington,Saudi Arabia,Standard,2,0,0,1,1,40.0,1.25,30.0,25.38,MEDIUM,NORMAL_CUSTOMER,DEVELOPING_FRICTION,Emerging risk indicators | Early persistence signal
C001952,Felicia,Sullivan,Saudi Arabia,Standard,2,2,2,2,1,65.0,18.75,30.0,40.62,MEDIUM,NORMAL_CUSTOMER,FREQUENT_FRICTION,Frequency score 18.75 | Repeated problematic activity
C001954,Amber,Turner,United Kingdom,Premium,1,0,0,0,0,0.0,0.0,0.0,0.0,LOW,NORMAL_CUSTOMER,STABLE_CUSTOMER,Low overall risk | Low severity | Low frequency
C001956,Michael,Cook,Other,Standard,3,0,0,0,0,0.0,0.0,0.0,0.0,LOW,LOYAL_LOW_FRICTION_CUSTOMER,LOYAL_STABLE_CUSTOMER,Multiple bookings | Low journey friction | Minimal problematic journeys
C001957,Gregory,Hardy,Pakistan,Standard,2,0,0,0,0,0.0,0.0,0.0,0.0,LOW,NORMAL_CUSTOMER,STABLE_CUSTOMER,Low overall risk | Low severity | Low frequency
C001959,Allison,Martinez,Pakistan,Standard,3,0,0,2,2,40.0,1.67,65.67,36.2,MEDIUM,NORMAL_CUSTOMER,PERSISTENT_RISK,Repeated problematic journeys | Persistence score 65.67
C001960,Jessica,Braun,United States,Standard,3,1,1,0,0,30.0,5.42,0.0,13.63,LOW,LOYAL_LOW_FRICTION_CUSTOMER,LOYAL_STABLE_CUSTOMER,Multiple bookings | Low journey friction | Minimal problematic journeys
C001961,Jeffrey,Campbell,Saudi Arabia,Standard,4,2,2,3,2,65.0,10.0,59.0,46.7,MEDIUM,NORMAL_CUSTOMER,PERSISTENT_RISK,Repeated problematic journeys | Persistence score 59.00
C001962,Adam,Davis,United Arab Emirates,Standard,2,0,0,2,2,40.0,2.5,79.0,40.45,MEDIUM,NORMAL_CUSTOMER,PERSISTENT_RISK,Repeated problematic journeys | Persistence score 79.00
C001964,Kenneth,Boyd,United Arab Emirates,Standard,1,1,1,0,0,30.0,16.25,0.0,16.88,LOW,NORMAL_CUSTOMER,FREQUENT_FRICTION,Frequency score 16.25 | Repeated problematic activity
C001967,Amanda,Johnson,Saudi Arabia,Standard,1,0,0,0,0,0.0,0.0,0.0,0.0,LOW,NORMAL_CUSTOMER,STABLE_CUSTOMER,Low overall risk | Low severity | Low frequency
C001968,Madeline,Hogan,United Arab Emirates,Premium,1,0,0,1,1,45.0,2.5,30.0,27.75,MEDIUM,NORMAL_CUSTOMER,DEVELOPING_FRICTION,Emerging risk indicators | Early persistence signal
C001969,John,Vargas,United Arab Emirates,Premium,3,0,0,0,0,0.0,0.0,0.0,0.0,LOW,LOYAL_LOW_FRICTION_CUSTOMER,LOYAL_STABLE_CUSTOMER,Multiple bookings | Low journey friction | Minimal problematic journeys
C001970,Michael,Allen,Saudi Arabia,Standard,4,2,2,1,1,70.0,8.75,28.0,39.02,MEDIUM,LOYAL_LOW_FRICTION_CUSTOMER,DEVELOPING_FRICTION,Emerging risk indicators | Increasing problem frequency | Early persistence signal
C001971,Joshua,Schroeder,Saudi Arabia,Standard,2,1,1,0,0,30.0,8.12,0.0,14.44,LOW,NORMAL_CUSTOMER,STABLE_CUSTOMER,Low overall risk | Low severity | Low frequency
C001973,Jessica,Benitez,Saudi Arabia,Standard,1,0,0,0,0,0.0,0.0,0.0,0.0,LOW,NORMAL_CUSTOMER,STABLE_CUSTOMER,Low overall risk | Low severity | Low frequency
C001974,Daniel,Rodriguez,Pakistan,Standard,3,0,0,1,1,40.0,0.83,30.0,25.25,MEDIUM,LOYAL_LOW_FRICTION_CUSTOMER,DEVELOPING_FRICTION,Emerging risk indicators | Early persistence signal
C001975,Lisa,Brown,Saudi Arabia,VIP,1,2,2,2,1,65.0,37.5,30.0,46.25,MEDIUM,NORMAL_CUSTOMER,FREQUENT_FRICTION,Frequency score 37.50 | Repeated problematic activity
C001976,Robert,Watson,Other,Standard,2,0,0,0,0,0.0,0.0,0.0,0.0,LOW,NORMAL_CUSTOMER,STABLE_CUSTOMER,Low overall risk | Low severity | Low frequency
C001977,Katie,Sims,Saudi Arabia,Standard,1,0,0,0,0,0.0,0.0,0.0,0.0,LOW,NORMAL_CUSTOMER,STABLE_CUSTOMER,Low overall risk | Low severity | Low frequency
C001978,Nicole,Gomez,United Arab Emirates,Standard,3,0,0,1,1,40.0,0.83,30.0,25.25,MEDIUM,LOYAL_LOW_FRICTION_CUSTOMER,DEVELOPING_FRICTION,Emerging risk indicators | Early persistence signal
C001980,Jamie,Curtis,United States,Standard,2,2,2,2,1,65.0,18.75,30.0,40.62,MEDIUM,NORMAL_CUSTOMER,FREQUENT_FRICTION,Frequency score 18.75 | Repeated problematic activity
C001981,Craig,Martinez,Saudi Arabia,Standard,1,0,0,0,0,0.0,0.0,0.0,0.0,LOW,NORMAL_CUSTOMER,STABLE_CUSTOMER,Low overall risk | Low severity | Low frequency
C001982,Arthur,Evans,United States,Standard,2,0,0,1,1,40.0,1.25,30.0,25.38,MEDIUM,NORMAL_CUSTOMER,DEVELOPING_FRICTION,Emerging risk indicators | Early persistence signal
C001983,Carla,Doyle,United Arab Emirates,Standard,3,1,1,2,2,45.0,7.08,65.67,39.83,MEDIUM,NORMAL_CUSTOMER,PERSISTENT_RISK,Repeated problematic journeys | Persistence score 65.67
C001985,Brandon,Bird,Saudi Arabia,Standard,1,0,0,0,0,0.0,0.0,0.0,0.0,LOW,NORMAL_CUSTOMER,STABLE_CUSTOMER,Low overall risk | Low severity | Low frequency
C001986,Joy,Trujillo,Saudi Arabia,Standard,4,0,0,0,0,0.0,0.0,0.0,0.0,LOW,LOYAL_LOW_FRICTION_CUSTOMER,LOYAL_STABLE_CUSTOMER,Multiple bookings | Low journey friction | Minimal problematic journeys
C001987,Richard,Zhang,United Kingdom,Standard,5,0,0,2,2,45.0,1.0,55.0,34.8,MEDIUM,NORMAL_CUSTOMER,PERSISTENT_RISK,Repeated problematic journeys | Persistence score 55.00
C001988,Jimmy,Cunningham,United Arab Emirates,Standard,2,0,0,1,1,40.0,1.25,30.0,25.38,MEDIUM,NORMAL_CUSTOMER,DEVELOPING_FRICTION,Emerging risk indicators | Early persistence signal
C001989,Jeff,Kline,United Arab Emirates,Standard,2,2,2,2,1,60.0,18.75,30.0,38.62,MEDIUM,NORMAL_CUSTOMER,FREQUENT_FRICTION,Frequency score 18.75 | Repeated problematic activity
C001990,Michelle,Burton,United Kingdom,Standard,1,0,0,1,1,45.0,2.5,30.0,27.75,MEDIUM,NORMAL_CUSTOMER,DEVELOPING_FRICTION,Emerging risk indicators | Early persistence signal
C001991,Brian,Ferguson,United States,Standard,2,2,2,2,1,65.0,18.75,30.0,40.62,MEDIUM,NORMAL_CUSTOMER,FREQUENT_FRICTION,Frequency score 18.75 | Repeated problematic activity
C001992,William,Larson,Saudi Arabia,Standard,3,0,0,1,1,40.0,0.83,30.0,25.25,MEDIUM,LOYAL_LOW_FRICTION_CUSTOMER,DEVELOPING_FRICTION,Emerging risk indicators | Early persistence signal
C001993,Keith,Bell,Pakistan,Standard,1,0,0,0,0,0.0,0.0,0.0,0.0,LOW,NORMAL_CUSTOMER,STABLE_CUSTOMER,Low overall risk | Low severity | Low frequency
C001994,Lisa,Mitchell,Saudi Arabia,Standard,3,0,0,1,1,40.0,0.83,30.0,25.25,MEDIUM,LOYAL_LOW_FRICTION_CUSTOMER,DEVELOPING_FRICTION,Emerging risk indicators | Early persistence signal
C001995,Jessica,Glover,United States,Standard,2,0,0,0,0,0.0,0.0,0.0,0.0,LOW,NORMAL_CUSTOMER,STABLE_CUSTOMER,Low overall risk | Low severity | Low frequency
C001996,Luis,Espinoza,United Kingdom,Standard,1,0,0,0,0,0.0,0.0,0.0,0.0,LOW,NORMAL_CUSTOMER,STABLE_CUSTOMER,Low overall risk | Low severity | Low frequency
C001997,Carla,Chambers,Other,Standard,6,0,0,3,3,45.0,1.25,71.0,39.67,MEDIUM,NORMAL_CUSTOMER,PERSISTENT_RISK,Repeated problematic journeys | Persistence score 71.00
C001998,Emily,Klein,Saudi Arabia,Standard,3,0,0,0,0,0.0,0.0,0.0,0.0,LOW,LOYAL_LOW_FRICTION_CUSTOMER,LOYAL_STABLE_CUSTOMER,Multiple bookings | Low journey friction | Minimal problematic journeys
C001999,Malik,Stone,Saudi Arabia,Standard,3,1,1,0,0,30.0,5.42,0.0,13.63,LOW,LOYAL_LOW_FRICTION_CUSTOMER,LOYAL_STABLE_CUSTOMER,Multiple bookings | Low journey friction | Minimal problematic journeys
C002000,Kevin,Wright,Saudi Arabia,Standard,1,1,1,0,0,30.0,16.25,0.0,16.88,LOW,NORMAL_CUSTOMER,FREQUENT_FRICTION,Frequency score 16.25 | Repeated problematic activity
C002001,Douglas,Murphy,Saudi Arabia,VIP,2,1,1,1,1,40.0,9.38,30.0,27.81,MEDIUM,NORMAL_CUSTOMER,DEVELOPING_FRICTION,Emerging risk indicators | Increasing problem frequency | Early persistence signal
C002002,Donna,Aguilar,Saudi Arabia,Standard,2,1,1,1,1,70.0,9.38,30.0,39.81,MEDIUM,NORMAL_CUSTOMER,DEVELOPING_FRICTION,Emerging risk indicators | Increasing problem frequency | Early persistence signal
C002004,Kevin,Ward,Saudi Arabia,Standard,4,2,2,2,1,65.0,9.38,28.0,37.21,MEDIUM,LOYAL_LOW_FRICTION_CUSTOMER,DEVELOPING_FRICTION,Emerging risk indicators | Increasing problem frequency | Early persistence signal
C002005,Bruce,Garcia,Saudi Arabia,Standard,1,1,1,1,1,75.0,18.75,30.0,44.62,MEDIUM,NORMAL_CUSTOMER,RECENT_HIGH_SEVERITY,High severity score 75.00 | Limited evidence of repeated behavior
C002006,Stacy,Dawson,United States,Standard,2,0,0,1,1,45.0,1.25,30.0,27.38,MEDIUM,NORMAL_CUSTOMER,DEVELOPING_FRICTION,Emerging risk indicators | Early persistence signal
C002007,Nichole,Poole,United Arab Emirates,Standard,1,0,0,0,0,0.0,0.0,0.0,0.0,LOW,NORMAL_CUSTOMER,STABLE_CUSTOMER,Low overall risk | Low severity | Low frequency
C002008,Rhonda,Miller,United States,Standard,2,0,0,0,0,0.0,0.0,0.0,0.0,LOW,NORMAL_CUSTOMER,STABLE_CUSTOMER,Low overall risk | Low severity | Low frequency
C002009,Connie,Brown,Saudi Arabia,Standard,1,1,1,1,1,70.0,18.75,30.0,42.62,MEDIUM,NORMAL_CUSTOMER,FREQUENT_FRICTION,Frequency score 18.75 | Repeated problematic activity
C002010,Ronald,Beasley,United Arab Emirates,VIP,1,1,1,1,1,75.0,18.75,30.0,44.62,MEDIUM,NORMAL_CUSTOMER,RECENT_HIGH_SEVERITY,High severity score 75.00 | Limited evidence of repeated behavior
C002011,Tyler,Alvarez,Saudi Arabia,Standard,2,1,1,1,1,70.0,9.38,30.0,39.81,MEDIUM,NORMAL_CUSTOMER,DEVELOPING_FRICTION,Emerging risk indicators | Increasing problem frequency | Early persistence signal
C002012,Teresa,Griffin,Saudi Arabia,Standard,4,4,4,3,1,95.0,18.12,28.0,51.84,HIGH,FRICTION_PRONE_CUSTOMER,RECENT_HIGH_SEVERITY,High severity score 95.00 | Limited evidence of repeated behavior
C002013,Shelly,Wood,Other,Premium,1,0,0,0,0,0.0,0.0,0.0,0.0,LOW,NORMAL_CUSTOMER,STABLE_CUSTOMER,Low overall risk | Low severity | Low frequency
C002014,Emily,Fox,Saudi Arabia,Premium,2,1,1,0,0,30.0,8.12,0.0,14.44,LOW,NORMAL_CUSTOMER,STABLE_CUSTOMER,Low overall risk | Low severity | Low frequency
C002015,Kristi,Chapman,Pakistan,Standard,3,1,1,0,0,30.0,5.42,0.0,13.63,LOW,LOYAL_LOW_FRICTION_CUSTOMER,LOYAL_STABLE_CUSTOMER,Multiple bookings | Low journey friction | Minimal problematic journeys
C002016,Lucas,Stone,United Arab Emirates,Standard,1,1,1,1,1,70.0,18.75,30.0,42.62,MEDIUM,NORMAL_CUSTOMER,FREQUENT_FRICTION,Frequency score 18.75 | Repeated problematic activity
C002017,Robert,Foster,United Arab Emirates,Standard,1,0,0,1,1,40.0,2.5,30.0,25.75,MEDIUM,NORMAL_CUSTOMER,DEVELOPING_FRICTION,Emerging risk indicators | Early persistence signal
C002018,Edward,Baker,Other,Standard,3,5,5,5,2,100.0,31.25,65.67,69.08,HIGH,FRICTION_PRONE_CUSTOMER,PERSISTENT_RISK,Repeated problematic journeys | Persistence score 65.67
C002020,Karen,Henderson,United Kingdom,Standard,1,0,0,0,0,0.0,0.0,0.0,0.0,LOW,NORMAL_CUSTOMER,STABLE_CUSTOMER,Low overall risk | Low severity | Low frequency
C002022,Melissa,Galvan,Pakistan,Premium,1,0,0,1,1,45.0,2.5,30.0,27.75,MEDIUM,NORMAL_CUSTOMER,DEVELOPING_FRICTION,Emerging risk indicators | Early persistence signal
C002023,Kevin,Burns,Other,Premium,1,0,0,0,0,0.0,0.0,0.0,0.0,LOW,NORMAL_CUSTOMER,STABLE_CUSTOMER,Low overall risk | Low severity | Low frequency
C002024,Jasmine,Mcpherson,Saudi Arabia,Standard,1,0,0,0,0,0.0,0.0,0.0,0.0,LOW,NORMAL_CUSTOMER,STABLE_CUSTOMER,Low overall risk | Low severity | Low frequency
C002025,Linda,Colon,United Arab Emirates,Standard,2,0,0,1,1,40.0,1.25,30.0,25.38,MEDIUM,NORMAL_CUSTOMER,DEVELOPING_FRICTION,Emerging risk indicators | Early persistence signal
C002027,Anna,Martinez,United Kingdom,Standard,2,2,2,3,1,100.0,20.0,30.0,55.0,HIGH,FRICTION_PRONE_CUSTOMER,RECENT_HIGH_SEVERITY,High severity score 100.00 | Limited evidence of repeated behavior
C002028,Tammy,Dawson,Other,Standard,1,1,1,1,1,80.0,18.75,30.0,46.62,MEDIUM,NORMAL_CUSTOMER,RECENT_HIGH_SEVERITY,High severity score 80.00 | Limited evidence of repeated behavior
C002029,Angela,Anderson,Saudi Arabia,Premium,1,0,0,0,0,0.0,0.0,0.0,0.0,LOW,NORMAL_CUSTOMER,STABLE_CUSTOMER,Low overall risk | Low severity | Low frequency
C002031,John,Boyer,Saudi Arabia,Standard,1,0,0,0,0,0.0,0.0,0.0,0.0,LOW,NORMAL_CUSTOMER,STABLE_CUSTOMER,Low overall risk | Low severity | Low frequency
C002032,James,Wilson,Pakistan,Standard,1,0,0,0,0,0.0,0.0,0.0,0.0,LOW,NORMAL_CUSTOMER,STABLE_CUSTOMER,Low overall risk | Low severity | Low frequency
C002033,Deborah,Lewis,United Arab Emirates,VIP,4,3,3,2,2,75.0,13.44,59.0,51.73,HIGH,FRICTION_PRONE_CUSTOMER,PERSISTENT_RISK,Repeated problematic journeys | Persistence score 59.00
C002034,Sandra,Kennedy,Other,Premium,3,0,0,0,0,0.0,0.0,0.0,0.0,LOW,LOYAL_LOW_FRICTION_CUSTOMER,LOYAL_STABLE_CUSTOMER,Multiple bookings | Low journey friction | Minimal problematic journeys
C002036,Christopher,Raymond,United Arab Emirates,Standard,2,0,0,0,0,0.0,0.0,0.0,0.0,LOW,NORMAL_CUSTOMER,STABLE_CUSTOMER,Low overall risk | Low severity | Low frequency
C002038,James,Crane,Saudi Arabia,Standard,2,0,0,1,1,45.0,1.25,30.0,27.38,MEDIUM,NORMAL_CUSTOMER,DEVELOPING_FRICTION,Emerging risk indicators | Early persistence signal
C002039,Joseph,Guzman,Saudi Arabia,Standard,4,2,2,2,1,65.0,9.38,28.0,37.21,MEDIUM,LOYAL_LOW_FRICTION_CUSTOMER,DEVELOPING_FRICTION,Emerging risk indicators | Increasing problem frequency | Early persistence signal
C002040,Emily,Ortiz,Saudi Arabia,Premium,1,0,0,0,0,0.0,0.0,0.0,0.0,LOW,NORMAL_CUSTOMER,STABLE_CUSTOMER,Low overall risk | Low severity | Low frequency
C002041,Carrie,Martinez,Other,Standard,4,1,1,0,0,30.0,4.06,0.0,13.22,LOW,LOYAL_LOW_FRICTION_CUSTOMER,LOYAL_STABLE_CUSTOMER,Multiple bookings | Low journey friction | Minimal problematic journeys
C002042,Morgan,Armstrong,Pakistan,Standard,4,0,0,1,1,45.0,0.62,28.0,26.59,MEDIUM,LOYAL_LOW_FRICTION_CUSTOMER,DEVELOPING_FRICTION,Emerging risk indicators | Early persistence signal
C002043,Jacob,Williams,Pakistan,Standard,3,0,0,1,1,40.0,0.83,30.0,25.25,MEDIUM,LOYAL_LOW_FRICTION_CUSTOMER,DEVELOPING_FRICTION,Emerging risk indicators | Early persistence signal
C002044,Kathleen,Hernandez,Saudi Arabia,Standard,2,0,0,0,0,0.0,0.0,0.0,0.0,LOW,NORMAL_CUSTOMER,STABLE_CUSTOMER,Low overall risk | Low severity | Low frequency
C002045,Jennifer,Watson,Other,Standard,4,0,0,1,1,40.0,0.62,28.0,24.59,MEDIUM,LOYAL_LOW_FRICTION_CUSTOMER,DEVELOPING_FRICTION,Emerging risk indicators | Early persistence signal
C002046,Angelica,Ritter,United Kingdom,Standard,1,2,2,2,1,65.0,37.5,30.0,46.25,MEDIUM,NORMAL_CUSTOMER,FREQUENT_FRICTION,Frequency score 37.50 | Repeated problematic activity
C002047,Timothy,Turner,Saudi Arabia,Standard,2,1,1,0,0,35.0,8.12,0.0,16.44,LOW,NORMAL_CUSTOMER,STABLE_CUSTOMER,Low overall risk | Low severity | Low frequency
C002048,Molly,Tucker,United Kingdom,Standard,1,0,0,0,0,0.0,0.0,0.0,0.0,LOW,NORMAL_CUSTOMER,STABLE_CUSTOMER,Low overall risk | Low severity | Low frequency
C002049,Mason,Moody,Pakistan,Premium,3,2,2,3,1,100.0,13.33,30.0,53.0,HIGH,FRICTION_PRONE_CUSTOMER,RECENT_HIGH_SEVERITY,High severity score 100.00 | Limited evidence of repeated behavior
C002050,Susan,Thomas,Saudi Arabia,Standard,1,0,0,1,1,45.0,2.5,30.0,27.75,MEDIUM,NORMAL_CUSTOMER,DEVELOPING_FRICTION,Emerging risk indicators | Early persistence signal
C002051,Alexis,Lawrence,United Arab Emirates,Standard,1,0,0,0,0,0.0,0.0,0.0,0.0,LOW,NORMAL_CUSTOMER,STABLE_CUSTOMER,Low overall risk | Low severity | Low frequency
C002052,Sharon,Williams,United Arab Emirates,Standard,3,0,0,0,0,0.0,0.0,0.0,0.0,LOW,LOYAL_LOW_FRICTION_CUSTOMER,LOYAL_STABLE_CUSTOMER,Multiple bookings | Low journey friction | Minimal problematic journeys
C002053,Suzanne,Shannon,Saudi Arabia,Standard,2,2,2,1,1,70.0,17.5,30.0,42.25,MEDIUM,NORMAL_CUSTOMER,FREQUENT_FRICTION,Frequency score 17.50 | Repeated problematic activity
C002054,David,Small,Other,Premium,2,2,2,2,1,65.0,18.75,30.0,40.62,MEDIUM,NORMAL_CUSTOMER,FREQUENT_FRICTION,Frequency score 18.75 | Repeated problematic activity
C002055,Yvonne,Lewis,United States,Standard,1,2,2,3,1,100.0,40.0,30.0,61.0,HIGH,FRICTION_PRONE_CUSTOMER,RECENT_HIGH_SEVERITY,High severity score 100.00 | Limited evidence of repeated behavior
C002056,Timothy,Fuentes,United Kingdom,Standard,1,1,1,1,1,70.0,18.75,30.0,42.62,MEDIUM,NORMAL_CUSTOMER,FREQUENT_FRICTION,Frequency score 18.75 | Repeated problematic activity
C002057,John,Burns,United Arab Emirates,VIP,3,2,2,1,1,75.0,11.67,30.0,42.5,MEDIUM,NORMAL_CUSTOMER,RECENT_HIGH_SEVERITY,High severity score 75.00 | Limited evidence of repeated behavior
C002059,James,Bailey,United Kingdom,Standard,1,0,0,0,0,0.0,0.0,0.0,0.0,LOW,NORMAL_CUSTOMER,STABLE_CUSTOMER,Low overall risk | Low severity | Low frequency
C002060,Rose,Harrell,Pakistan,Standard,1,0,0,1,1,40.0,2.5,30.0,25.75,MEDIUM,NORMAL_CUSTOMER,DEVELOPING_FRICTION,Emerging risk indicators | Early persistence signal
C002061,Andrea,Butler,Saudi Arabia,Standard,2,0,0,1,1,45.0,1.25,30.0,27.38,MEDIUM,NORMAL_CUSTOMER,DEVELOPING_FRICTION,Emerging risk indicators | Early persistence signal
C002062,Kimberly,Berry,Pakistan,Premium,2,0,0,0,0,0.0,0.0,0.0,0.0,LOW,NORMAL_CUSTOMER,STABLE_CUSTOMER,Low overall risk | Low severity | Low frequency
C002063,Oscar,Knight,United States,Standard,2,1,1,0,0,30.0,8.12,0.0,14.44,LOW,NORMAL_CUSTOMER,STABLE_CUSTOMER,Low overall risk | Low severity | Low frequency
C002064,Amanda,Mccullough,United Arab Emirates,Standard,3,3,3,3,2,60.0,18.75,65.67,49.33,HIGH,FRICTION_PRONE_CUSTOMER,PERSISTENT_RISK,Repeated problematic journeys | Persistence score 65.67
C002065,Michael,Harrington,Saudi Arabia,Standard,3,0,0,2,2,40.0,1.67,65.67,36.2,MEDIUM,NORMAL_CUSTOMER,PERSISTENT_RISK,Repeated problematic journeys | Persistence score 65.67
C002066,Jose,Alvarez,United States,Standard,2,2,2,4,2,100.0,21.25,79.0,70.08,HIGH,FRICTION_PRONE_CUSTOMER,PERSISTENT_RISK,Repeated problematic journeys | Persistence score 79.00
C002067,William,Cortez,Saudi Arabia,Premium,2,0,0,1,1,45.0,1.25,30.0,27.38,MEDIUM,NORMAL_CUSTOMER,DEVELOPING_FRICTION,Emerging risk indicators | Early persistence signal
C002069,Corey,Gill,Saudi Arabia,Standard,4,5,5,4,2,65.0,22.81,59.0,50.54,HIGH,FRICTION_PRONE_CUSTOMER,PERSISTENT_RISK,Repeated problematic journeys | Persistence score 59.00
C002071,Terrance,Murray,United States,Standard,2,0,0,0,0,0.0,0.0,0.0,0.0,LOW,NORMAL_CUSTOMER,STABLE_CUSTOMER,Low overall risk | Low severity | Low frequency
C002072,Mary,Cole,Pakistan,Premium,1,0,0,0,0,0.0,0.0,0.0,0.0,LOW,NORMAL_CUSTOMER,STABLE_CUSTOMER,Low overall risk | Low severity | Low frequency
C002073,Robin,Cole,Saudi Arabia,Premium,1,0,0,0,0,0.0,0.0,0.0,0.0,LOW,NORMAL_CUSTOMER,STABLE_CUSTOMER,Low overall risk | Low severity | Low frequency
C002074,Nathan,Cline,Other,VIP,3,0,0,1,1,40.0,0.83,30.0,25.25,MEDIUM,LOYAL_LOW_FRICTION_CUSTOMER,DEVELOPING_FRICTION,Emerging risk indicators | Early persistence signal
C002075,Robert,Nguyen,Other,VIP,2,1,1,0,0,35.0,8.12,0.0,16.44,LOW,NORMAL_CUSTOMER,STABLE_CUSTOMER,Low overall risk | Low severity | Low frequency
C002076,Anna,Marsh,Other,Standard,1,0,0,0,0,0.0,0.0,0.0,0.0,LOW,NORMAL_CUSTOMER,STABLE_CUSTOMER,Low overall risk | Low severity | Low frequency
C002077,Jeffrey,Beck,Saudi Arabia,Premium,3,0,0,0,0,0.0,0.0,0.0,0.0,LOW,LOYAL_LOW_FRICTION_CUSTOMER,LOYAL_STABLE_CUSTOMER,Multiple bookings | Low journey friction | Minimal problematic journeys
C002078,Dustin,Ortiz,United Arab Emirates,Standard,1,0,0,1,1,40.0,2.5,30.0,25.75,MEDIUM,NORMAL_CUSTOMER,DEVELOPING_FRICTION,Emerging risk indicators | Early persistence signal
C002079,Jose,Hall,Other,Standard,2,1,1,0,0,30.0,8.12,0.0,14.44,LOW,NORMAL_CUSTOMER,STABLE_CUSTOMER,Low overall risk | Low severity | Low frequency
C002080,Sarah,Foster,United States,Standard,4,0,0,0,0,0.0,0.0,0.0,0.0,LOW,LOYAL_LOW_FRICTION_CUSTOMER,LOYAL_STABLE_CUSTOMER,Multiple bookings | Low journey friction | Minimal problematic journeys
C002081,Beth,Weaver,Saudi Arabia,Standard,1,1,1,0,0,30.0,16.25,0.0,16.88,LOW,NORMAL_CUSTOMER,FREQUENT_FRICTION,Frequency score 16.25 | Repeated problematic activity
C002082,Robert,Rubio,Saudi Arabia,Premium,3,0,0,2,2,45.0,1.67,65.67,38.2,MEDIUM,NORMAL_CUSTOMER,PERSISTENT_RISK,Repeated problematic journeys | Persistence score 65.67
C002083,Elijah,Wu,United Arab Emirates,Standard,1,0,0,0,0,0.0,0.0,0.0,0.0,LOW,NORMAL_CUSTOMER,STABLE_CUSTOMER,Low overall risk | Low severity | Low frequency
C002084,Mark,Fitzgerald,Other,Premium,1,1,1,0,0,30.0,16.25,0.0,16.88,LOW,NORMAL_CUSTOMER,FREQUENT_FRICTION,Frequency score 16.25 | Repeated problematic activity
C002085,Noah,Brewer,Pakistan,Standard,2,1,1,0,0,30.0,8.12,0.0,14.44,LOW,NORMAL_CUSTOMER,STABLE_CUSTOMER,Low overall risk | Low severity | Low frequency
C002086,Martha,Cline,United Arab Emirates,Standard,1,0,0,0,0,0.0,0.0,0.0,0.0,LOW,NORMAL_CUSTOMER,STABLE_CUSTOMER,Low overall risk | Low severity | Low frequency
C002087,Victor,Mann,Saudi Arabia,Standard,2,2,2,3,2,65.0,20.0,79.0,55.7,HIGH,FRICTION_PRONE_CUSTOMER,PERSISTENT_RISK,Repeated problematic journeys | Persistence score 79.00
C002090,Jonathan,Zimmerman,United Arab Emirates,Standard,1,0,0,1,1,45.0,2.5,30.0,27.75,MEDIUM,NORMAL_CUSTOMER,DEVELOPING_FRICTION,Emerging risk indicators | Early persistence signal
C002091,Lorraine,Hoffman,United States,Premium,1,0,0,1,1,40.0,2.5,30.0,25.75,MEDIUM,NORMAL_CUSTOMER,DEVELOPING_FRICTION,Emerging risk indicators | Early persistence signal
C002092,Tammy,Martinez,Other,Standard,1,0,0,0,0,0.0,0.0,0.0,0.0,LOW,NORMAL_CUSTOMER,STABLE_CUSTOMER,Low overall risk | Low severity | Low frequency
C002093,Darlene,Hansen,Saudi Arabia,Standard,2,0,0,1,1,40.0,1.25,30.0,25.38,MEDIUM,NORMAL_CUSTOMER,DEVELOPING_FRICTION,Emerging risk indicators | Early persistence signal
C002094,Tracy,Lee,Pakistan,Premium,1,0,0,0,0,0.0,0.0,0.0,0.0,LOW,NORMAL_CUSTOMER,STABLE_CUSTOMER,Low overall risk | Low severity | Low frequency
C002096,Laura,Ray,United States,Standard,1,0,0,1,1,40.0,2.5,30.0,25.75,MEDIUM,NORMAL_CUSTOMER,DEVELOPING_FRICTION,Emerging risk indicators | Early persistence signal
C002097,Gary,Brown,Pakistan,Standard,4,0,0,0,0,0.0,0.0,0.0,0.0,LOW,LOYAL_LOW_FRICTION_CUSTOMER,LOYAL_STABLE_CUSTOMER,Multiple bookings | Low journey friction | Minimal problematic journeys
C002098,Jennifer,Hudson,Pakistan,Standard,1,0,0,0,0,0.0,0.0,0.0,0.0,LOW,NORMAL_CUSTOMER,STABLE_CUSTOMER,Low overall risk | Low severity | Low frequency
C002100,Sabrina,Alvarez,United Arab Emirates,Standard,1,1,1,1,1,70.0,18.75,30.0,42.62,MEDIUM,NORMAL_CUSTOMER,FREQUENT_FRICTION,Frequency score 18.75 | Repeated problematic activity
C002101,Amber,Prince,Other,Standard,4,0,0,3,3,40.0,1.88,81.0,40.86,MEDIUM,NORMAL_CUSTOMER,PERSISTENT_RISK,Repeated problematic journeys | Persistence score 81.00
C002102,Darlene,Martinez,Pakistan,Standard,2,1,1,0,0,35.0,8.12,0.0,16.44,LOW,NORMAL_CUSTOMER,STABLE_CUSTOMER,Low overall risk | Low severity | Low frequency
C002103,Brian,Mayer,Saudi Arabia,Standard,1,1,1,0,0,30.0,16.25,0.0,16.88,LOW,NORMAL_CUSTOMER,FREQUENT_FRICTION,Frequency score 16.25 | Repeated problematic activity
C002104,Arthur,White,United Kingdom,Standard,2,1,1,0,0,30.0,8.12,0.0,14.44,LOW,NORMAL_CUSTOMER,STABLE_CUSTOMER,Low overall risk | Low severity | Low frequency
C002105,Melanie,Smith,United States,VIP,2,1,1,0,0,30.0,8.12,0.0,14.44,LOW,NORMAL_CUSTOMER,STABLE_CUSTOMER,Low overall risk | Low severity | Low frequency
C002106,Sierra,Buchanan,United Arab Emirates,Standard,5,0,0,1,1,40.0,0.5,26.0,23.95,LOW,LOYAL_LOW_FRICTION_CUSTOMER,DEVELOPING_FRICTION,Emerging risk indicators | Early persistence signal
C002107,Elizabeth,Sanchez,Other,Standard,2,0,0,0,0,0.0,0.0,0.0,0.0,LOW,NORMAL_CUSTOMER,STABLE_CUSTOMER,Low overall risk | Low severity | Low frequency
C002109,Robert,Clay,Saudi Arabia,Premium,1,0,0,1,1,40.0,2.5,30.0,25.75,MEDIUM,NORMAL_CUSTOMER,DEVELOPING_FRICTION,Emerging risk indicators | Early persistence signal
C002110,Megan,Wallace,Other,Premium,1,0,0,1,1,45.0,2.5,30.0,27.75,MEDIUM,NORMAL_CUSTOMER,DEVELOPING_FRICTION,Emerging risk indicators | Early persistence signal
C002112,Jasmine,Lawson,Saudi Arabia,Standard,1,1,1,0,0,35.0,16.25,0.0,18.88,LOW,NORMAL_CUSTOMER,FREQUENT_FRICTION,Frequency score 16.25 | Repeated problematic activity
C002113,Albert,Morales,Saudi Arabia,Standard,1,2,2,2,1,65.0,37.5,30.0,46.25,MEDIUM,NORMAL_CUSTOMER,FREQUENT_FRICTION,Frequency score 37.50 | Repeated problematic activity
C002114,William,Williams,Other,Standard,3,0,0,2,2,40.0,1.67,65.67,36.2,MEDIUM,NORMAL_CUSTOMER,PERSISTENT_RISK,Repeated problematic journeys | Persistence score 65.67
C002115,Nathaniel,Atkins,United Kingdom,Standard,1,1,1,0,0,30.0,16.25,0.0,16.88,LOW,NORMAL_CUSTOMER,FREQUENT_FRICTION,Frequency score 16.25 | Repeated problematic activity
C002116,Christine,Johnson,Saudi Arabia,Standard,1,0,0,0,0,0.0,0.0,0.0,0.0,LOW,NORMAL_CUSTOMER,STABLE_CUSTOMER,Low overall risk | Low severity | Low frequency
C002117,Elizabeth,Kim,United Arab Emirates,Standard,2,0,0,0,0,0.0,0.0,0.0,0.0,LOW,NORMAL_CUSTOMER,STABLE_CUSTOMER,Low overall risk | Low severity | Low frequency
C002118,Christina,Perry,Pakistan,Premium,1,1,1,1,1,70.0,18.75,30.0,42.62,MEDIUM,NORMAL_CUSTOMER,FREQUENT_FRICTION,Frequency score 18.75 | Repeated problematic activity
C002119,Timothy,Heath,Saudi Arabia,Standard,2,0,0,2,2,45.0,2.5,79.0,42.45,MEDIUM,NORMAL_CUSTOMER,PERSISTENT_RISK,Repeated problematic journeys | Persistence score 79.00
C002121,Adam,Scott,United States,Standard,4,1,1,1,1,45.0,4.69,28.0,27.81,MEDIUM,LOYAL_LOW_FRICTION_CUSTOMER,DEVELOPING_FRICTION,Emerging risk indicators | Early persistence signal
C002122,Andrea,Wilson,Pakistan,Standard,2,0,0,1,1,40.0,1.25,30.0,25.38,MEDIUM,NORMAL_CUSTOMER,DEVELOPING_FRICTION,Emerging risk indicators | Early persistence signal
C002123,Alexander,Garcia,Other,Premium,2,2,2,3,2,65.0,20.0,79.0,55.7,HIGH,FRICTION_PRONE_CUSTOMER,PERSISTENT_RISK,Repeated problematic journeys | Persistence score 79.00
C002124,Alyssa,Jackson,United Arab Emirates,VIP,1,2,2,3,1,100.0,40.0,30.0,61.0,HIGH,FRICTION_PRONE_CUSTOMER,RECENT_HIGH_SEVERITY,High severity score 100.00 | Limited evidence of repeated behavior
C002126,Tiffany,Scott,United Kingdom,Standard,2,0,0,2,2,45.0,2.5,79.0,42.45,MEDIUM,NORMAL_CUSTOMER,PERSISTENT_RISK,Repeated problematic journeys | Persistence score 79.00
C002127,Andre,Davis,Pakistan,Premium,1,0,0,0,0,0.0,0.0,0.0,0.0,LOW,NORMAL_CUSTOMER,STABLE_CUSTOMER,Low overall risk | Low severity | Low frequency
C002129,Emily,Russell,Other,Premium,1,0,0,1,1,45.0,2.5,30.0,27.75,MEDIUM,NORMAL_CUSTOMER,DEVELOPING_FRICTION,Emerging risk indicators | Early persistence signal
C002130,Linda,Jackson,United Arab Emirates,Standard,2,1,1,0,0,30.0,8.12,0.0,14.44,LOW,NORMAL_CUSTOMER,STABLE_CUSTOMER,Low overall risk | Low severity | Low frequency
C002131,Renee,Mendez,Saudi Arabia,Standard,2,0,0,1,1,45.0,1.25,30.0,27.38,MEDIUM,NORMAL_CUSTOMER,DEVELOPING_FRICTION,Emerging risk indicators | Early persistence signal
C002132,Daniel,Nguyen,Saudi Arabia,VIP,1,0,0,0,0,0.0,0.0,0.0,0.0,LOW,NORMAL_CUSTOMER,STABLE_CUSTOMER,Low overall risk | Low severity | Low frequency
C002133,Cole,Johnson,Pakistan,Standard,2,2,2,3,2,65.0,20.0,79.0,55.7,HIGH,FRICTION_PRONE_CUSTOMER,PERSISTENT_RISK,Repeated problematic journeys | Persistence score 79.00
C002135,James,Price,United Kingdom,Standard,2,0,0,0,0,0.0,0.0,0.0,0.0,LOW,NORMAL_CUSTOMER,STABLE_CUSTOMER,Low overall risk | Low severity | Low frequency
C002136,Alisha,Flores,Other,Premium,2,1,1,1,1,75.0,9.38,30.0,41.81,MEDIUM,NORMAL_CUSTOMER,RECENT_HIGH_SEVERITY,High severity score 75.00 | Limited evidence of repeated behavior
C002137,Lisa,Gutierrez,Saudi Arabia,VIP,1,0,0,0,0,0.0,0.0,0.0,0.0,LOW,NORMAL_CUSTOMER,STABLE_CUSTOMER,Low overall risk | Low severity | Low frequency
C002138,Joseph,Nguyen,United Kingdom,Standard,1,0,0,0,0,0.0,0.0,0.0,0.0,LOW,NORMAL_CUSTOMER,STABLE_CUSTOMER,Low overall risk | Low severity | Low frequency
C002140,Nathan,Carey,Other,Standard,2,0,0,0,0,0.0,0.0,0.0,0.0,LOW,NORMAL_CUSTOMER,STABLE_CUSTOMER,Low overall risk | Low severity | Low frequency
C002141,Richard,Martinez,United States,Premium,1,1,1,0,0,35.0,16.25,0.0,18.88,LOW,NORMAL_CUSTOMER,FREQUENT_FRICTION,Frequency score 16.25 | Repeated problematic activity
C002142,Annette,Harris,Pakistan,Standard,1,0,0,1,1,40.0,2.5,30.0,25.75,MEDIUM,NORMAL_CUSTOMER,DEVELOPING_FRICTION,Emerging risk indicators | Early persistence signal
C002144,Jeremiah,Willis,United Arab Emirates,Standard,3,1,1,1,1,40.0,6.25,30.0,26.88,MEDIUM,LOYAL_LOW_FRICTION_CUSTOMER,DEVELOPING_FRICTION,Emerging risk indicators | Increasing problem frequency | Early persistence signal
C002147,Desiree,Cruz,United Arab Emirates,Standard,1,0,0,0,0,0.0,0.0,0.0,0.0,LOW,NORMAL_CUSTOMER,STABLE_CUSTOMER,Low overall risk | Low severity | Low frequency
C002148,Michele,Wilson,United Arab Emirates,Premium,3,1,1,1,1,70.0,6.25,30.0,38.88,MEDIUM,LOYAL_LOW_FRICTION_CUSTOMER,DEVELOPING_FRICTION,Emerging risk indicators | Increasing problem frequency | Early persistence signal
C002149,Katherine,Brown,United Arab Emirates,Standard,4,2,2,3,2,65.0,10.0,59.0,46.7,MEDIUM,NORMAL_CUSTOMER,PERSISTENT_RISK,Repeated problematic journeys | Persistence score 59.00
C002150,Clayton,Marshall,United States,Standard,1,0,0,0,0,0.0,0.0,0.0,0.0,LOW,NORMAL_CUSTOMER,STABLE_CUSTOMER,Low overall risk | Low severity | Low frequency
C002151,Nicholas,Russell,United Arab Emirates,Standard,1,0,0,0,0,0.0,0.0,0.0,0.0,LOW,NORMAL_CUSTOMER,STABLE_CUSTOMER,Low overall risk | Low severity | Low frequency
C002152,Angela,Washington,Saudi Arabia,Standard,3,2,2,2,2,75.0,12.5,65.67,53.45,HIGH,FRICTION_PRONE_CUSTOMER,PERSISTENT_RISK,Repeated problematic journeys | Persistence score 65.67
C002153,Brian,Russell,United Kingdom,Premium,1,0,0,0,0,0.0,0.0,0.0,0.0,LOW,NORMAL_CUSTOMER,STABLE_CUSTOMER,Low overall risk | Low severity | Low frequency
C002154,Albert,Hall,United States,Standard,4,1,1,1,1,40.0,4.69,28.0,25.81,MEDIUM,LOYAL_LOW_FRICTION_CUSTOMER,DEVELOPING_FRICTION,Emerging risk indicators | Early persistence signal
C002156,Vincent,Adams,Saudi Arabia,Standard,2,3,3,2,1,65.0,26.88,30.0,43.06,MEDIUM,NORMAL_CUSTOMER,FREQUENT_FRICTION,Frequency score 26.88 | Repeated problematic activity
C002157,Ryan,Richmond,Saudi Arabia,Premium,7,2,2,0,0,30.0,4.64,0.0,13.39,LOW,LOYAL_LOW_FRICTION_CUSTOMER,LOYAL_STABLE_CUSTOMER,Multiple bookings | Low journey friction | Minimal problematic journeys
C002159,Ariel,Sanchez,United Arab Emirates,Standard,5,2,2,1,1,75.0,7.0,26.0,39.9,MEDIUM,LOYAL_LOW_FRICTION_CUSTOMER,RECENT_HIGH_SEVERITY,High severity score 75.00 | Limited evidence of repeated behavior
C002160,Michaela,Peters,United Kingdom,Standard,3,2,2,3,2,65.0,13.33,65.67,49.7,HIGH,FRICTION_PRONE_CUSTOMER,PERSISTENT_RISK,Repeated problematic journeys | Persistence score 65.67
C002161,Cody,Glover,United Kingdom,Standard,2,1,1,0,0,30.0,8.12,0.0,14.44,LOW,NORMAL_CUSTOMER,STABLE_CUSTOMER,Low overall risk | Low severity | Low frequency
C002162,Allison,Torres,Pakistan,Premium,3,1,1,1,1,70.0,6.25,30.0,38.88,MEDIUM,LOYAL_LOW_FRICTION_CUSTOMER,DEVELOPING_FRICTION,Emerging risk indicators | Increasing problem frequency | Early persistence signal
C002163,Brad,Russell,United Arab Emirates,Standard,1,0,0,0,0,0.0,0.0,0.0,0.0,LOW,NORMAL_CUSTOMER,STABLE_CUSTOMER,Low overall risk | Low severity | Low frequency
C002164,Jason,Miller,United States,VIP,2,0,0,1,1,45.0,1.25,30.0,27.38,MEDIUM,NORMAL_CUSTOMER,DEVELOPING_FRICTION,Emerging risk indicators | Early persistence signal
C002165,Miranda,Fields,United Arab Emirates,Premium,1,1,1,1,1,75.0,18.75,30.0,44.62,MEDIUM,NORMAL_CUSTOMER,RECENT_HIGH_SEVERITY,High severity score 75.00 | Limited evidence of repeated behavior
C002166,Paige,Harris,Other,Premium,2,1,1,0,0,30.0,8.12,0.0,14.44,LOW,NORMAL_CUSTOMER,STABLE_CUSTOMER,Low overall risk | Low severity | Low frequency
C002167,Thomas,Faulkner,Pakistan,Standard,2,2,2,0,0,30.0,16.25,0.0,16.88,LOW,NORMAL_CUSTOMER,FREQUENT_FRICTION,Frequency score 16.25 | Repeated problematic activity
C002170,Sara,Casey,United Arab Emirates,Standard,4,1,1,1,1,45.0,4.69,28.0,27.81,MEDIUM,LOYAL_LOW_FRICTION_CUSTOMER,DEVELOPING_FRICTION,Emerging risk indicators | Early persistence signal
C002171,Rachel,Medina,United Kingdom,Standard,2,0,0,0,0,0.0,0.0,0.0,0.0,LOW,NORMAL_CUSTOMER,STABLE_CUSTOMER,Low overall risk | Low severity | Low frequency
C002172,Anna,Henderson,Saudi Arabia,Standard,1,1,1,1,1,75.0,18.75,30.0,44.62,MEDIUM,NORMAL_CUSTOMER,RECENT_HIGH_SEVERITY,High severity score 75.00 | Limited evidence of repeated behavior
C002173,Antonio,Buck,Saudi Arabia,Standard,3,1,1,0,0,30.0,5.42,0.0,13.63,LOW,LOYAL_LOW_FRICTION_CUSTOMER,LOYAL_STABLE_CUSTOMER,Multiple bookings | Low journey friction | Minimal problematic journeys
C002174,Sarah,Hayes,Other,Standard,1,0,0,0,0,0.0,0.0,0.0,0.0,LOW,NORMAL_CUSTOMER,STABLE_CUSTOMER,Low overall risk | Low severity | Low frequency
C002175,Leonard,Smith,Saudi Arabia,Standard,1,0,0,0,0,0.0,0.0,0.0,0.0,LOW,NORMAL_CUSTOMER,STABLE_CUSTOMER,Low overall risk | Low severity | Low frequency
C002176,Suzanne,Marshall,United States,Standard,2,1,1,1,1,45.0,9.38,30.0,29.81,MEDIUM,NORMAL_CUSTOMER,DEVELOPING_FRICTION,Emerging risk indicators | Increasing problem frequency | Early persistence signal
C002177,Brenda,Calderon,Saudi Arabia,Standard,2,0,0,1,1,40.0,1.25,30.0,25.38,MEDIUM,NORMAL_CUSTOMER,DEVELOPING_FRICTION,Emerging risk indicators | Early persistence signal
C002179,Jennifer,Stanton,United Kingdom,Standard,1,1,1,0,0,30.0,16.25,0.0,16.88,LOW,NORMAL_CUSTOMER,FREQUENT_FRICTION,Frequency score 16.25 | Repeated problematic activity
C002180,Raymond,Smith,Pakistan,Standard,2,1,1,1,1,75.0,9.38,30.0,41.81,MEDIUM,NORMAL_CUSTOMER,RECENT_HIGH_SEVERITY,High severity score 75.00 | Limited evidence of repeated behavior
C002181,Chase,Mahoney,United Arab Emirates,Premium,2,1,1,1,1,75.0,9.38,30.0,41.81,MEDIUM,NORMAL_CUSTOMER,RECENT_HIGH_SEVERITY,High severity score 75.00 | Limited evidence of repeated behavior
C002182,Francisco,Olson,Saudi Arabia,Premium,3,1,1,1,1,40.0,6.25,30.0,26.88,MEDIUM,LOYAL_LOW_FRICTION_CUSTOMER,DEVELOPING_FRICTION,Emerging risk indicators | Increasing problem frequency | Early persistence signal
C002183,John,Harper,Saudi Arabia,Premium,1,0,0,0,0,0.0,0.0,0.0,0.0,LOW,NORMAL_CUSTOMER,STABLE_CUSTOMER,Low overall risk | Low severity | Low frequency
C002186,Peggy,Bell,Other,Standard,1,0,0,0,0,0.0,0.0,0.0,0.0,LOW,NORMAL_CUSTOMER,STABLE_CUSTOMER,Low overall risk | Low severity | Low frequency
C002187,Martin,Chen,Other,Standard,2,0,0,1,1,40.0,1.25,30.0,25.38,MEDIUM,NORMAL_CUSTOMER,DEVELOPING_FRICTION,Emerging risk indicators | Early persistence signal
C002188,Karla,Richards,United States,Standard,2,0,0,0,0,0.0,0.0,0.0,0.0,LOW,NORMAL_CUSTOMER,STABLE_CUSTOMER,Low overall risk | Low severity | Low frequency
C002189,Donald,Dixon,United States,Standard,2,0,0,0,0,0.0,0.0,0.0,0.0,LOW,NORMAL_CUSTOMER,STABLE_CUSTOMER,Low overall risk | Low severity | Low frequency
C002191,Jennifer,Stevenson,Saudi Arabia,Premium,3,0,0,1,1,45.0,0.83,30.0,27.25,MEDIUM,LOYAL_LOW_FRICTION_CUSTOMER,DEVELOPING_FRICTION,Emerging risk indicators | Early persistence signal
C002193,Terri,Turner,United Kingdom,Standard,1,0,0,0,0,0.0,0.0,0.0,0.0,LOW,NORMAL_CUSTOMER,STABLE_CUSTOMER,Low overall risk | Low severity | Low frequency
C002194,Brian,Foster,Pakistan,VIP,1,0,0,0,0,0.0,0.0,0.0,0.0,LOW,NORMAL_CUSTOMER,STABLE_CUSTOMER,Low overall risk | Low severity | Low frequency
C002195,Samuel,Martinez,Saudi Arabia,Premium,2,0,0,0,0,0.0,0.0,0.0,0.0,LOW,NORMAL_CUSTOMER,STABLE_CUSTOMER,Low overall risk | Low severity | Low frequency
C002196,Mary,Taylor,United Arab Emirates,Standard,1,0,0,1,1,40.0,2.5,30.0,25.75,MEDIUM,NORMAL_CUSTOMER,DEVELOPING_FRICTION,Emerging risk indicators | Early persistence signal
C002197,Matthew,Hawkins,United Arab Emirates,Premium,2,0,0,0,0,0.0,0.0,0.0,0.0,LOW,NORMAL_CUSTOMER,STABLE_CUSTOMER,Low overall risk | Low severity | Low frequency
C002198,Kayla,Ramirez,Other,Standard,1,1,1,0,0,35.0,16.25,0.0,18.88,LOW,NORMAL_CUSTOMER,FREQUENT_FRICTION,Frequency score 16.25 | Repeated problematic activity
C002199,Stephanie,Reynolds,Pakistan,Premium,2,1,1,0,0,35.0,8.12,0.0,16.44,LOW,NORMAL_CUSTOMER,STABLE_CUSTOMER,Low overall risk | Low severity | Low frequency
C002201,Kim,Bernard,Other,Standard,1,2,2,2,1,65.0,37.5,30.0,46.25,MEDIUM,NORMAL_CUSTOMER,FREQUENT_FRICTION,Frequency score 37.50 | Repeated problematic activity
C002203,Joshua,Fleming,United Arab Emirates,Standard,2,0,0,0,0,0.0,0.0,0.0,0.0,LOW,NORMAL_CUSTOMER,STABLE_CUSTOMER,Low overall risk | Low severity | Low frequency
C002204,Victoria,Cooper,Saudi Arabia,Standard,2,1,1,1,1,75.0,9.38,30.0,41.81,MEDIUM,NORMAL_CUSTOMER,RECENT_HIGH_SEVERITY,High severity score 75.00 | Limited evidence of repeated behavior
C002205,Tracy,Green,United Kingdom,Standard,3,1,1,0,0,35.0,5.42,0.0,15.63,LOW,LOYAL_LOW_FRICTION_CUSTOMER,LOYAL_STABLE_CUSTOMER,Multiple bookings | Low journey friction | Minimal problematic journeys
C002206,Michael,Mullins,Other,Standard,2,1,1,0,0,30.0,8.12,0.0,14.44,LOW,NORMAL_CUSTOMER,STABLE_CUSTOMER,Low overall risk | Low severity | Low frequency
C002207,Shelley,Chavez,Saudi Arabia,VIP,1,0,0,1,1,45.0,2.5,30.0,27.75,MEDIUM,NORMAL_CUSTOMER,DEVELOPING_FRICTION,Emerging risk indicators | Early persistence signal
C002208,Ryan,Sanchez,Other,Standard,1,0,0,0,0,0.0,0.0,0.0,0.0,LOW,NORMAL_CUSTOMER,STABLE_CUSTOMER,Low overall risk | Low severity | Low frequency
C002209,Erin,Bird,Saudi Arabia,Standard,2,1,1,0,0,30.0,8.12,0.0,14.44,LOW,NORMAL_CUSTOMER,STABLE_CUSTOMER,Low overall risk | Low severity | Low frequency
C002210,Donna,Peterson,Other,Standard,2,0,0,1,1,40.0,1.25,30.0,25.38,MEDIUM,NORMAL_CUSTOMER,DEVELOPING_FRICTION,Emerging risk indicators | Early persistence signal
C002212,Christine,Greene,United States,Standard,2,0,0,1,1,40.0,1.25,30.0,25.38,MEDIUM,NORMAL_CUSTOMER,DEVELOPING_FRICTION,Emerging risk indicators | Early persistence signal
C002213,Lauren,Smith,Saudi Arabia,Standard,2,1,1,1,1,40.0,9.38,30.0,27.81,MEDIUM,NORMAL_CUSTOMER,DEVELOPING_FRICTION,Emerging risk indicators | Increasing problem frequency | Early persistence signal
C002214,Jennifer,Holt,Other,VIP,1,0,0,0,0,0.0,0.0,0.0,0.0,LOW,NORMAL_CUSTOMER,STABLE_CUSTOMER,Low overall risk | Low severity | Low frequency
C002215,Christopher,Lucas,United Kingdom,Standard,1,0,0,0,0,0.0,0.0,0.0,0.0,LOW,NORMAL_CUSTOMER,STABLE_CUSTOMER,Low overall risk | Low severity | Low frequency
C002217,Jennifer,Alvarez,United States,Standard,1,0,0,0,0,0.0,0.0,0.0,0.0,LOW,NORMAL_CUSTOMER,STABLE_CUSTOMER,Low overall risk | Low severity | Low frequency
C002218,Cynthia,Valenzuela,Saudi Arabia,Standard,3,0,0,1,1,40.0,0.83,30.0,25.25,MEDIUM,LOYAL_LOW_FRICTION_CUSTOMER,DEVELOPING_FRICTION,Emerging risk indicators | Early persistence signal
C002219,Jodi,Chambers,Other,Standard,1,0,0,1,1,45.0,2.5,30.0,27.75,MEDIUM,NORMAL_CUSTOMER,DEVELOPING_FRICTION,Emerging risk indicators | Early persistence signal
C002220,Levi,Gutierrez,Saudi Arabia,Premium,1,0,0,1,1,40.0,2.5,30.0,25.75,MEDIUM,NORMAL_CUSTOMER,DEVELOPING_FRICTION,Emerging risk indicators | Early persistence signal
C002221,Daniel,Woodard,United Kingdom,VIP,3,0,0,1,1,40.0,0.83,30.0,25.25,MEDIUM,LOYAL_LOW_FRICTION_CUSTOMER,DEVELOPING_FRICTION,Emerging risk indicators | Early persistence signal
C002223,Kyle,Farmer,Saudi Arabia,Standard,1,2,2,2,1,65.0,37.5,30.0,46.25,MEDIUM,NORMAL_CUSTOMER,FREQUENT_FRICTION,Frequency score 37.50 | Repeated problematic activity
C002224,Michael,Medina,Saudi Arabia,VIP,1,2,2,2,1,65.0,37.5,30.0,46.25,MEDIUM,NORMAL_CUSTOMER,FREQUENT_FRICTION,Frequency score 37.50 | Repeated problematic activity
C002225,Joseph,Cobb,Saudi Arabia,Standard,2,0,0,0,0,0.0,0.0,0.0,0.0,LOW,NORMAL_CUSTOMER,STABLE_CUSTOMER,Low overall risk | Low severity | Low frequency
C002226,David,Banks,United Arab Emirates,Standard,1,0,0,1,1,40.0,2.5,30.0,25.75,MEDIUM,NORMAL_CUSTOMER,DEVELOPING_FRICTION,Emerging risk indicators | Early persistence signal
C002227,Jacob,Jones,United Arab Emirates,Premium,2,0,0,0,0,0.0,0.0,0.0,0.0,LOW,NORMAL_CUSTOMER,STABLE_CUSTOMER,Low overall risk | Low severity | Low frequency
C002229,Angela,Collier,Saudi Arabia,Standard,1,0,0,0,0,0.0,0.0,0.0,0.0,LOW,NORMAL_CUSTOMER,STABLE_CUSTOMER,Low overall risk | Low severity | Low frequency
C002230,Ricky,Powers,Saudi Arabia,Standard,1,0,0,1,1,40.0,2.5,30.0,25.75,MEDIUM,NORMAL_CUSTOMER,DEVELOPING_FRICTION,Emerging risk indicators | Early persistence signal
C002231,Anthony,Chambers,United Kingdom,Standard,3,1,1,2,2,45.0,7.08,65.67,39.83,MEDIUM,NORMAL_CUSTOMER,PERSISTENT_RISK,Repeated problematic journeys | Persistence score 65.67
C002234,Carly,Carey,Other,Standard,1,1,1,0,0,35.0,16.25,0.0,18.88,LOW,NORMAL_CUSTOMER,FREQUENT_FRICTION,Frequency score 16.25 | Repeated problematic activity
C002235,Mark,Howard,United Kingdom,Standard,2,0,0,2,2,45.0,2.5,79.0,42.45,MEDIUM,NORMAL_CUSTOMER,PERSISTENT_RISK,Repeated problematic journeys | Persistence score 79.00
C002236,Paul,Thompson,Pakistan,Standard,2,0,0,0,0,0.0,0.0,0.0,0.0,LOW,NORMAL_CUSTOMER,STABLE_CUSTOMER,Low overall risk | Low severity | Low frequency
C002238,Paul,Terry,Saudi Arabia,Standard,2,2,2,2,1,65.0,18.75,30.0,40.62,MEDIUM,NORMAL_CUSTOMER,FREQUENT_FRICTION,Frequency score 18.75 | Repeated problematic activity
C002239,Christopher,Smith,Saudi Arabia,Premium,1,2,2,2,1,65.0,37.5,30.0,46.25,MEDIUM,NORMAL_CUSTOMER,FREQUENT_FRICTION,Frequency score 37.50 | Repeated problematic activity
C002241,Rebecca,Mayer,United States,Standard,2,0,0,0,0,0.0,0.0,0.0,0.0,LOW,NORMAL_CUSTOMER,STABLE_CUSTOMER,Low overall risk | Low severity | Low frequency
C002242,Tiffany,Wallace,Saudi Arabia,Standard,3,5,5,5,3,70.0,31.25,91.0,64.68,HIGH,FRICTION_PRONE_CUSTOMER,PERSISTENT_RISK,Repeated problematic journeys | Persistence score 91.00
C002243,Ashley,Walker,Pakistan,Premium,3,1,1,0,0,30.0,5.42,0.0,13.63,LOW,LOYAL_LOW_FRICTION_CUSTOMER,LOYAL_STABLE_CUSTOMER,Multiple bookings | Low journey friction | Minimal problematic journeys
C002244,Gavin,Smith,Other,Standard,3,3,3,2,1,65.0,17.92,30.0,40.38,MEDIUM,NORMAL_CUSTOMER,FREQUENT_FRICTION,Frequency score 17.92 | Repeated problematic activity
C002245,Oscar,Campbell,Other,Standard,2,0,0,0,0,0.0,0.0,0.0,0.0,LOW,NORMAL_CUSTOMER,STABLE_CUSTOMER,Low overall risk | Low severity | Low frequency
C002247,Kevin,Howard,Saudi Arabia,Standard,1,0,0,1,1,40.0,2.5,30.0,25.75,MEDIUM,NORMAL_CUSTOMER,DEVELOPING_FRICTION,Emerging risk indicators | Early persistence signal
C002248,Trevor,Davis,United States,Premium,1,0,0,0,0,0.0,0.0,0.0,0.0,LOW,NORMAL_CUSTOMER,STABLE_CUSTOMER,Low overall risk | Low severity | Low frequency
C002249,Bryan,Austin,Pakistan,Standard,1,0,0,1,1,40.0,2.5,30.0,25.75,MEDIUM,NORMAL_CUSTOMER,DEVELOPING_FRICTION,Emerging risk indicators | Early persistence signal
C002251,Robert,Robbins,Saudi Arabia,Premium,1,1,1,0,0,35.0,16.25,0.0,18.88,LOW,NORMAL_CUSTOMER,FREQUENT_FRICTION,Frequency score 16.25 | Repeated problematic activity
C002252,Todd,Young,Other,VIP,2,0,0,0,0,0.0,0.0,0.0,0.0,LOW,NORMAL_CUSTOMER,STABLE_CUSTOMER,Low overall risk | Low severity | Low frequency
C002254,Johnathan,Cox,United States,Standard,3,0,0,2,2,45.0,1.67,65.67,38.2,MEDIUM,NORMAL_CUSTOMER,PERSISTENT_RISK,Repeated problematic journeys | Persistence score 65.67
C002256,Colleen,Conway,Pakistan,Standard,2,0,0,1,1,40.0,1.25,30.0,25.38,MEDIUM,NORMAL_CUSTOMER,DEVELOPING_FRICTION,Emerging risk indicators | Early persistence signal
C002257,Brittney,Mann,Pakistan,Premium,2,0,0,2,2,45.0,2.5,79.0,42.45,MEDIUM,NORMAL_CUSTOMER,PERSISTENT_RISK,Repeated problematic journeys | Persistence score 79.00
C002258,James,Clark,United Arab Emirates,Premium,2,0,0,1,1,45.0,1.25,30.0,27.38,MEDIUM,NORMAL_CUSTOMER,DEVELOPING_FRICTION,Emerging risk indicators | Early persistence signal
C002259,Daniel,Gonzalez,United Arab Emirates,Standard,4,0,0,2,2,40.0,1.25,59.0,34.08,MEDIUM,NORMAL_CUSTOMER,PERSISTENT_RISK,Repeated problematic journeys | Persistence score 59.00
C002260,Kevin,Nicholson,United Arab Emirates,Standard,3,2,2,4,3,65.0,14.17,91.0,57.55,HIGH,FRICTION_PRONE_CUSTOMER,PERSISTENT_RISK,Repeated problematic journeys | Persistence score 91.00
C002262,Martin,Kane,Pakistan,Standard,4,4,4,6,4,65.0,20.0,100.0,62.0,HIGH,FRICTION_PRONE_CUSTOMER,PERSISTENT_RISK,Repeated problematic journeys | Persistence score 100.00
C002263,Christine,Carroll,Other,Premium,3,0,0,1,1,40.0,0.83,30.0,25.25,MEDIUM,LOYAL_LOW_FRICTION_CUSTOMER,DEVELOPING_FRICTION,Emerging risk indicators | Early persistence signal
C002264,Linda,Snyder,United Arab Emirates,Standard,2,0,0,0,0,0.0,0.0,0.0,0.0,LOW,NORMAL_CUSTOMER,STABLE_CUSTOMER,Low overall risk | Low severity | Low frequency
C002266,Matthew,Keller,Pakistan,Standard,4,0,0,0,0,0.0,0.0,0.0,0.0,LOW,LOYAL_LOW_FRICTION_CUSTOMER,LOYAL_STABLE_CUSTOMER,Multiple bookings | Low journey friction | Minimal problematic journeys
C002267,Lisa,Knight,Pakistan,VIP,1,0,0,0,0,0.0,0.0,0.0,0.0,LOW,NORMAL_CUSTOMER,STABLE_CUSTOMER,Low overall risk | Low severity | Low frequency
C002268,Michele,Fleming,United Kingdom,Standard,1,0,0,0,0,0.0,0.0,0.0,0.0,LOW,NORMAL_CUSTOMER,STABLE_CUSTOMER,Low overall risk | Low severity | Low frequency
C002269,Terri,Cunningham,Saudi Arabia,Premium,1,0,0,1,1,45.0,2.5,30.0,27.75,MEDIUM,NORMAL_CUSTOMER,DEVELOPING_FRICTION,Emerging risk indicators | Early persistence signal
C002270,Derek,Jones,Pakistan,Premium,2,0,0,1,1,40.0,1.25,30.0,25.38,MEDIUM,NORMAL_CUSTOMER,DEVELOPING_FRICTION,Emerging risk indicators | Early persistence signal
C002271,Malik,Anderson,Saudi Arabia,Standard,1,0,0,1,1,40.0,2.5,30.0,25.75,MEDIUM,NORMAL_CUSTOMER,DEVELOPING_FRICTION,Emerging risk indicators | Early persistence signal
C002273,James,Green,United Arab Emirates,Standard,1,0,0,0,0,0.0,0.0,0.0,0.0,LOW,NORMAL_CUSTOMER,STABLE_CUSTOMER,Low overall risk | Low severity | Low frequency
C002274,Leon,Hudson,United Kingdom,Standard,2,0,0,1,1,40.0,1.25,30.0,25.38,MEDIUM,NORMAL_CUSTOMER,DEVELOPING_FRICTION,Emerging risk indicators | Early persistence signal
C002275,Tamara,Perez,Other,Premium,1,0,0,1,1,40.0,2.5,30.0,25.75,MEDIUM,NORMAL_CUSTOMER,DEVELOPING_FRICTION,Emerging risk indicators | Early persistence signal
C002276,Tanya,Mills,Pakistan,Standard,1,0,0,1,1,40.0,2.5,30.0,25.75,MEDIUM,NORMAL_CUSTOMER,DEVELOPING_FRICTION,Emerging risk indicators | Early persistence signal
C002277,Kelly,Casey,United Kingdom,Standard,2,0,0,0,0,0.0,0.0,0.0,0.0,LOW,NORMAL_CUSTOMER,STABLE_CUSTOMER,Low overall risk | Low severity | Low frequency
C002278,Heather,Lee,Pakistan,Standard,2,1,1,0,0,35.0,8.12,0.0,16.44,LOW,NORMAL_CUSTOMER,STABLE_CUSTOMER,Low overall risk | Low severity | Low frequency
C002279,Travis,Gregory,Pakistan,Standard,2,0,0,1,1,40.0,1.25,30.0,25.38,MEDIUM,NORMAL_CUSTOMER,DEVELOPING_FRICTION,Emerging risk indicators | Early persistence signal
C002280,Barbara,Braun,Saudi Arabia,Standard,2,2,2,0,0,35.0,16.25,0.0,18.88,LOW,NORMAL_CUSTOMER,FREQUENT_FRICTION,Frequency score 16.25 | Repeated problematic activity
C002281,John,Steele,Saudi Arabia,Standard,2,1,1,1,1,75.0,9.38,30.0,41.81,MEDIUM,NORMAL_CUSTOMER,RECENT_HIGH_SEVERITY,High severity score 75.00 | Limited evidence of repeated behavior
C002282,Nicholas,Patel,United Arab Emirates,Standard,2,0,0,0,0,0.0,0.0,0.0,0.0,LOW,NORMAL_CUSTOMER,STABLE_CUSTOMER,Low overall risk | Low severity | Low frequency
C002283,Lisa,King,United Arab Emirates,Standard,1,0,0,1,1,45.0,2.5,30.0,27.75,MEDIUM,NORMAL_CUSTOMER,DEVELOPING_FRICTION,Emerging risk indicators | Early persistence signal
C002284,Phillip,Castro,Saudi Arabia,Standard,2,1,1,1,1,75.0,9.38,30.0,41.81,MEDIUM,NORMAL_CUSTOMER,RECENT_HIGH_SEVERITY,High severity score 75.00 | Limited evidence of repeated behavior
C002285,Daniel,Gibson,Saudi Arabia,Standard,1,0,0,1,1,45.0,2.5,30.0,27.75,MEDIUM,NORMAL_CUSTOMER,DEVELOPING_FRICTION,Emerging risk indicators | Early persistence signal
C002286,Anne,Pace,Saudi Arabia,Standard,1,0,0,0,0,0.0,0.0,0.0,0.0,LOW,NORMAL_CUSTOMER,STABLE_CUSTOMER,Low overall risk | Low severity | Low frequency
C002287,Brittany,Davidson,Other,Premium,1,0,0,0,0,0.0,0.0,0.0,0.0,LOW,NORMAL_CUSTOMER,STABLE_CUSTOMER,Low overall risk | Low severity | Low frequency
C002290,Andrea,Mcmillan,Saudi Arabia,Standard,2,0,0,0,0,0.0,0.0,0.0,0.0,LOW,NORMAL_CUSTOMER,STABLE_CUSTOMER,Low overall risk | Low severity | Low frequency
C002291,Stephanie,Reynolds,Pakistan,Standard,1,0,0,0,0,0.0,0.0,0.0,0.0,LOW,NORMAL_CUSTOMER,STABLE_CUSTOMER,Low overall risk | Low severity | Low frequency
C002292,Steven,Carney,Saudi Arabia,Standard,1,0,0,0,0,0.0,0.0,0.0,0.0,LOW,NORMAL_CUSTOMER,STABLE_CUSTOMER,Low overall risk | Low severity | Low frequency
C002293,Jeanette,Hill,Saudi Arabia,VIP,1,0,0,0,0,0.0,0.0,0.0,0.0,LOW,NORMAL_CUSTOMER,STABLE_CUSTOMER,Low overall risk | Low severity | Low frequency
C002294,Samuel,Frazier,Pakistan,Standard,2,1,1,0,0,30.0,8.12,0.0,14.44,LOW,NORMAL_CUSTOMER,STABLE_CUSTOMER,Low overall risk | Low severity | Low frequency
C002295,Kelly,Owens,Saudi Arabia,Standard,5,0,0,2,2,45.0,1.0,55.0,34.8,MEDIUM,NORMAL_CUSTOMER,PERSISTENT_RISK,Repeated problematic journeys | Persistence score 55.00
C002296,Heather,Ward,Saudi Arabia,Standard,2,0,0,1,1,40.0,1.25,30.0,25.38,MEDIUM,NORMAL_CUSTOMER,DEVELOPING_FRICTION,Emerging risk indicators | Early persistence signal
C002297,Lori,Blake,Saudi Arabia,Standard,2,1,1,0,0,30.0,8.12,0.0,14.44,LOW,NORMAL_CUSTOMER,STABLE_CUSTOMER,Low overall risk | Low severity | Low frequency
C002298,Laura,Stephenson,Saudi Arabia,Standard,1,0,0,0,0,0.0,0.0,0.0,0.0,LOW,NORMAL_CUSTOMER,STABLE_CUSTOMER,Low overall risk | Low severity | Low frequency
C002299,Robert,Walker,Saudi Arabia,Standard,1,0,0,0,0,0.0,0.0,0.0,0.0,LOW,NORMAL_CUSTOMER,STABLE_CUSTOMER,Low overall risk | Low severity | Low frequency
C002300,Victor,Ramirez,United Arab Emirates,VIP,1,0,0,0,0,0.0,0.0,0.0,0.0,LOW,NORMAL_CUSTOMER,STABLE_CUSTOMER,Low overall risk | Low severity | Low frequency
C002301,Cynthia,Fisher,United States,Standard,3,0,0,1,1,45.0,0.83,30.0,27.25,MEDIUM,LOYAL_LOW_FRICTION_CUSTOMER,DEVELOPING_FRICTION,Emerging risk indicators | Early persistence signal
C002303,Donna,Smith,Pakistan,Premium,1,0,0,0,0,0.0,0.0,0.0,0.0,LOW,NORMAL_CUSTOMER,STABLE_CUSTOMER,Low overall risk | Low severity | Low frequency
C002306,Charles,Armstrong,United Arab Emirates,Standard,1,0,0,1,1,40.0,2.5,30.0,25.75,MEDIUM,NORMAL_CUSTOMER,DEVELOPING_FRICTION,Emerging risk indicators | Early persistence signal
C002307,Vicki,Johnson,Saudi Arabia,Standard,1,1,1,0,0,30.0,16.25,0.0,16.88,LOW,NORMAL_CUSTOMER,FREQUENT_FRICTION,Frequency score 16.25 | Repeated problematic activity
C002308,Timothy,Mclaughlin,Pakistan,Premium,2,0,0,1,1,45.0,1.25,30.0,27.38,MEDIUM,NORMAL_CUSTOMER,DEVELOPING_FRICTION,Emerging risk indicators | Early persistence signal
C002309,Richard,Spence,Saudi Arabia,Standard,1,1,1,0,0,30.0,16.25,0.0,16.88,LOW,NORMAL_CUSTOMER,FREQUENT_FRICTION,Frequency score 16.25 | Repeated problematic activity
C002310,William,Coleman,United Arab Emirates,Standard,1,0,0,0,0,0.0,0.0,0.0,0.0,LOW,NORMAL_CUSTOMER,STABLE_CUSTOMER,Low overall risk | Low severity | Low frequency
C002312,Heather,Wright,Other,Standard,2,1,1,0,0,35.0,8.12,0.0,16.44,LOW,NORMAL_CUSTOMER,STABLE_CUSTOMER,Low overall risk | Low severity | Low frequency
C002314,Krystal,Collins,United Kingdom,VIP,1,0,0,0,0,0.0,0.0,0.0,0.0,LOW,NORMAL_CUSTOMER,STABLE_CUSTOMER,Low overall risk | Low severity | Low frequency
C002315,Michael,Garrett,Other,Premium,1,0,0,1,1,40.0,2.5,30.0,25.75,MEDIUM,NORMAL_CUSTOMER,DEVELOPING_FRICTION,Emerging risk indicators | Early persistence signal
C002316,Paula,Davis,Saudi Arabia,Standard,1,0,0,0,0,0.0,0.0,0.0,0.0,LOW,NORMAL_CUSTOMER,STABLE_CUSTOMER,Low overall risk | Low severity | Low frequency
C002321,Diane,Cook,Other,Standard,2,0,0,1,1,45.0,1.25,30.0,27.38,MEDIUM,NORMAL_CUSTOMER,DEVELOPING_FRICTION,Emerging risk indicators | Early persistence signal
C002322,Michael,Wright,United Kingdom,Premium,2,0,0,0,0,0.0,0.0,0.0,0.0,LOW,NORMAL_CUSTOMER,STABLE_CUSTOMER,Low overall risk | Low severity | Low frequency
C002323,Deborah,Rodriguez,Pakistan,Standard,2,0,0,1,1,40.0,1.25,30.0,25.38,MEDIUM,NORMAL_CUSTOMER,DEVELOPING_FRICTION,Emerging risk indicators | Early persistence signal
C002324,Bradley,Allen,United Arab Emirates,Standard,1,2,2,2,1,65.0,37.5,30.0,46.25,MEDIUM,NORMAL_CUSTOMER,FREQUENT_FRICTION,Frequency score 37.50 | Repeated problematic activity
C002325,Tonya,Peterson,United States,Standard,4,2,2,1,1,75.0,8.75,28.0,41.02,MEDIUM,LOYAL_LOW_FRICTION_CUSTOMER,RECENT_HIGH_SEVERITY,High severity score 75.00 | Limited evidence of repeated behavior
C002326,Erica,Brown,Other,Standard,1,0,0,0,0,0.0,0.0,0.0,0.0,LOW,NORMAL_CUSTOMER,STABLE_CUSTOMER,Low overall risk | Low severity | Low frequency
C002327,Reginald,Cook,United States,Premium,2,0,0,0,0,0.0,0.0,0.0,0.0,LOW,NORMAL_CUSTOMER,STABLE_CUSTOMER,Low overall risk | Low severity | Low frequency
C002328,Karen,Bauer,Saudi Arabia,Standard,3,1,1,1,1,40.0,6.25,30.0,26.88,MEDIUM,LOYAL_LOW_FRICTION_CUSTOMER,DEVELOPING_FRICTION,Emerging risk indicators | Increasing problem frequency | Early persistence signal
C002330,Russell,Parsons,Saudi Arabia,Standard,2,1,1,0,0,30.0,8.12,0.0,14.44,LOW,NORMAL_CUSTOMER,STABLE_CUSTOMER,Low overall risk | Low severity | Low frequency
C002331,Alex,Harvey,Saudi Arabia,Standard,4,2,2,6,4,100.0,11.88,100.0,73.56,HIGH,FRICTION_PRONE_CUSTOMER,PERSISTENT_RISK,Repeated problematic journeys | Persistence score 100.00
C002332,Jonathan,Duran,Saudi Arabia,Standard,2,1,1,0,0,30.0,8.12,0.0,14.44,LOW,NORMAL_CUSTOMER,STABLE_CUSTOMER,Low overall risk | Low severity | Low frequency
C002333,William,Garrett,Pakistan,Premium,2,0,0,1,1,40.0,1.25,30.0,25.38,MEDIUM,NORMAL_CUSTOMER,DEVELOPING_FRICTION,Emerging risk indicators | Early persistence signal
C002335,Beverly,Miller,Saudi Arabia,Standard,3,1,1,1,1,40.0,6.25,30.0,26.88,MEDIUM,LOYAL_LOW_FRICTION_CUSTOMER,DEVELOPING_FRICTION,Emerging risk indicators | Increasing problem frequency | Early persistence signal
C002336,Barbara,Brown,United Arab Emirates,Standard,1,0,0,0,0,0.0,0.0,0.0,0.0,LOW,NORMAL_CUSTOMER,STABLE_CUSTOMER,Low overall risk | Low severity | Low frequency
C002337,Sean,Johnson,United Arab Emirates,Standard,2,0,0,1,1,40.0,1.25,30.0,25.38,MEDIUM,NORMAL_CUSTOMER,DEVELOPING_FRICTION,Emerging risk indicators | Early persistence signal
C002339,Kelsey,Abbott,Saudi Arabia,Standard,1,0,0,0,0,0.0,0.0,0.0,0.0,LOW,NORMAL_CUSTOMER,STABLE_CUSTOMER,Low overall risk | Low severity | Low frequency
C002340,Brianna,Brown,United Arab Emirates,Standard,3,0,0,1,1,40.0,0.83,30.0,25.25,MEDIUM,LOYAL_LOW_FRICTION_CUSTOMER,DEVELOPING_FRICTION,Emerging risk indicators | Early persistence signal
C002341,Vincent,Anderson,United States,Standard,1,0,0,0,0,0.0,0.0,0.0,0.0,LOW,NORMAL_CUSTOMER,STABLE_CUSTOMER,Low overall risk | Low severity | Low frequency
C002342,Michael,Ellison,Saudi Arabia,Standard,2,0,0,0,0,0.0,0.0,0.0,0.0,LOW,NORMAL_CUSTOMER,STABLE_CUSTOMER,Low overall risk | Low severity | Low frequency
C002343,Angel,Ramos,Saudi Arabia,Premium,1,0,0,1,1,45.0,2.5,30.0,27.75,MEDIUM,NORMAL_CUSTOMER,DEVELOPING_FRICTION,Emerging risk indicators | Early persistence signal
C002344,Dan,Turner,United Arab Emirates,Premium,2,0,0,1,1,40.0,1.25,30.0,25.38,MEDIUM,NORMAL_CUSTOMER,DEVELOPING_FRICTION,Emerging risk indicators | Early persistence signal
C002346,Suzanne,Jones,United Kingdom,Standard,1,1,1,0,0,30.0,16.25,0.0,16.88,LOW,NORMAL_CUSTOMER,FREQUENT_FRICTION,Frequency score 16.25 | Repeated problematic activity
C002347,Darren,Byrd,United Kingdom,Premium,1,0,0,0,0,0.0,0.0,0.0,0.0,LOW,NORMAL_CUSTOMER,STABLE_CUSTOMER,Low overall risk | Low severity | Low frequency
C002348,Shelia,Hansen,United Arab Emirates,Standard,1,0,0,0,0,0.0,0.0,0.0,0.0,LOW,NORMAL_CUSTOMER,STABLE_CUSTOMER,Low overall risk | Low severity | Low frequency
C002350,Larry,James,Saudi Arabia,Standard,5,2,2,2,2,75.0,7.5,55.0,48.75,MEDIUM,NORMAL_CUSTOMER,PERSISTENT_RISK,Repeated problematic journeys | Persistence score 55.00
C002351,Stanley,Davis,Pakistan,Standard,2,0,0,0,0,0.0,0.0,0.0,0.0,LOW,NORMAL_CUSTOMER,STABLE_CUSTOMER,Low overall risk | Low severity | Low frequency
C002353,Timothy,Hall,Pakistan,Standard,4,0,0,3,3,40.0,1.88,81.0,40.86,MEDIUM,NORMAL_CUSTOMER,PERSISTENT_RISK,Repeated problematic journeys | Persistence score 81.00
C002354,Thomas,Greene,Other,Standard,1,0,0,1,1,45.0,2.5,30.0,27.75,MEDIUM,NORMAL_CUSTOMER,DEVELOPING_FRICTION,Emerging risk indicators | Early persistence signal
C002355,Samuel,Keller,United Kingdom,Premium,1,1,1,0,0,30.0,16.25,0.0,16.88,LOW,NORMAL_CUSTOMER,FREQUENT_FRICTION,Frequency score 16.25 | Repeated problematic activity
C002356,Heather,Smith,Saudi Arabia,Premium,2,1,1,0,0,30.0,8.12,0.0,14.44,LOW,NORMAL_CUSTOMER,STABLE_CUSTOMER,Low overall risk | Low severity | Low frequency
C002357,Luis,Reyes,Other,Standard,1,1,1,0,0,30.0,16.25,0.0,16.88,LOW,NORMAL_CUSTOMER,FREQUENT_FRICTION,Frequency score 16.25 | Repeated problematic activity
C002359,Lisa,Hobbs,Pakistan,Standard,1,0,0,0,0,0.0,0.0,0.0,0.0,LOW,NORMAL_CUSTOMER,STABLE_CUSTOMER,Low overall risk | Low severity | Low frequency
C002360,Darin,Harvey,Saudi Arabia,Premium,2,0,0,0,0,0.0,0.0,0.0,0.0,LOW,NORMAL_CUSTOMER,STABLE_CUSTOMER,Low overall risk | Low severity | Low frequency
C002361,Melinda,Morgan,Saudi Arabia,VIP,1,1,1,1,1,80.0,18.75,30.0,46.62,MEDIUM,NORMAL_CUSTOMER,RECENT_HIGH_SEVERITY,High severity score 80.00 | Limited evidence of repeated behavior
C002362,Deborah,Pace,United Arab Emirates,Premium,2,0,0,0,0,0.0,0.0,0.0,0.0,LOW,NORMAL_CUSTOMER,STABLE_CUSTOMER,Low overall risk | Low severity | Low frequency
C002363,Erica,Logan,Saudi Arabia,Premium,2,0,0,1,1,45.0,1.25,30.0,27.38,MEDIUM,NORMAL_CUSTOMER,DEVELOPING_FRICTION,Emerging risk indicators | Early persistence signal
C002364,Frank,Gibson,United Arab Emirates,Standard,2,0,0,0,0,0.0,0.0,0.0,0.0,LOW,NORMAL_CUSTOMER,STABLE_CUSTOMER,Low overall risk | Low severity | Low frequency
C002365,Tonya,Murphy,Pakistan,Premium,1,0,0,0,0,0.0,0.0,0.0,0.0,LOW,NORMAL_CUSTOMER,STABLE_CUSTOMER,Low overall risk | Low severity | Low frequency
C002366,John,Lee,Saudi Arabia,Premium,2,0,0,1,1,40.0,1.25,30.0,25.38,MEDIUM,NORMAL_CUSTOMER,DEVELOPING_FRICTION,Emerging risk indicators | Early persistence signal
C002367,Greg,Garcia,Saudi Arabia,Premium,1,0,0,0,0,0.0,0.0,0.0,0.0,LOW,NORMAL_CUSTOMER,STABLE_CUSTOMER,Low overall risk | Low severity | Low frequency
C002368,Ethan,Larson,Pakistan,Standard,2,0,0,0,0,0.0,0.0,0.0,0.0,LOW,NORMAL_CUSTOMER,STABLE_CUSTOMER,Low overall risk | Low severity | Low frequency
C002369,Anita,Jones,United Arab Emirates,Premium,3,1,1,0,0,30.0,5.42,0.0,13.63,LOW,LOYAL_LOW_FRICTION_CUSTOMER,LOYAL_STABLE_CUSTOMER,Multiple bookings | Low journey friction | Minimal problematic journeys
C002370,Susan,Clarke,United Kingdom,Standard,2,0,0,0,0,0.0,0.0,0.0,0.0,LOW,NORMAL_CUSTOMER,STABLE_CUSTOMER,Low overall risk | Low severity | Low frequency
C002371,Jesse,Lee,United Kingdom,Standard,2,2,2,4,2,65.0,21.25,79.0,56.08,HIGH,FRICTION_PRONE_CUSTOMER,PERSISTENT_RISK,Repeated problematic journeys | Persistence score 79.00
C002372,Richard,Berry,United States,Standard,3,0,0,0,0,0.0,0.0,0.0,0.0,LOW,LOYAL_LOW_FRICTION_CUSTOMER,LOYAL_STABLE_CUSTOMER,Multiple bookings | Low journey friction | Minimal problematic journeys
C002374,Danielle,Scott,United Arab Emirates,Standard,1,0,0,1,1,45.0,2.5,30.0,27.75,MEDIUM,NORMAL_CUSTOMER,DEVELOPING_FRICTION,Emerging risk indicators | Early persistence signal
C002375,Ryan,Fisher,United Kingdom,Premium,2,1,1,1,1,40.0,9.38,30.0,27.81,MEDIUM,NORMAL_CUSTOMER,DEVELOPING_FRICTION,Emerging risk indicators | Increasing problem frequency | Early persistence signal
C002377,Christina,Wallace,United Arab Emirates,Standard,4,2,2,2,1,65.0,9.38,28.0,37.21,MEDIUM,LOYAL_LOW_FRICTION_CUSTOMER,DEVELOPING_FRICTION,Emerging risk indicators | Increasing problem frequency | Early persistence signal
C002379,Brittany,Robles,United Arab Emirates,Premium,3,3,3,3,1,100.0,18.75,30.0,54.62,HIGH,FRICTION_PRONE_CUSTOMER,RECENT_HIGH_SEVERITY,High severity score 100.00 | Limited evidence of repeated behavior
C002380,Paul,Brown,United States,Standard,2,1,1,1,1,40.0,9.38,30.0,27.81,MEDIUM,NORMAL_CUSTOMER,DEVELOPING_FRICTION,Emerging risk indicators | Increasing problem frequency | Early persistence signal
C002381,Janet,Collins,United States,Standard,1,0,0,0,0,0.0,0.0,0.0,0.0,LOW,NORMAL_CUSTOMER,STABLE_CUSTOMER,Low overall risk | Low severity | Low frequency
C002382,Jamie,Graham,Other,Standard,4,0,0,1,1,40.0,0.62,28.0,24.59,MEDIUM,LOYAL_LOW_FRICTION_CUSTOMER,DEVELOPING_FRICTION,Emerging risk indicators | Early persistence signal
C002383,Karen,Moyer,Other,Standard,3,0,0,2,2,40.0,1.67,65.67,36.2,MEDIUM,NORMAL_CUSTOMER,PERSISTENT_RISK,Repeated problematic journeys | Persistence score 65.67
C002384,Lindsey,Webster,United Arab Emirates,Premium,1,0,0,0,0,0.0,0.0,0.0,0.0,LOW,NORMAL_CUSTOMER,STABLE_CUSTOMER,Low overall risk | Low severity | Low frequency
C002385,Bryan,Collins,United Arab Emirates,Premium,3,1,1,2,2,70.0,7.08,65.67,49.82,HIGH,FRICTION_PRONE_CUSTOMER,PERSISTENT_RISK,Repeated problematic journeys | Persistence score 65.67
C002386,Cristian,Mcclure,Pakistan,Premium,2,0,0,0,0,0.0,0.0,0.0,0.0,LOW,NORMAL_CUSTOMER,STABLE_CUSTOMER,Low overall risk | Low severity | Low frequency
C002387,Monica,Rowe,United Arab Emirates,Standard,3,0,0,1,1,45.0,0.83,30.0,27.25,MEDIUM,LOYAL_LOW_FRICTION_CUSTOMER,DEVELOPING_FRICTION,Emerging risk indicators | Early persistence signal
C002388,Jacob,Hernandez,Pakistan,Standard,2,0,0,0,0,0.0,0.0,0.0,0.0,LOW,NORMAL_CUSTOMER,STABLE_CUSTOMER,Low overall risk | Low severity | Low frequency
C002391,Jose,Wood,United Arab Emirates,Standard,2,0,0,1,1,40.0,1.25,30.0,25.38,MEDIUM,NORMAL_CUSTOMER,DEVELOPING_FRICTION,Emerging risk indicators | Early persistence signal
C002392,Michelle,Smith,Saudi Arabia,Standard,1,0,0,0,0,0.0,0.0,0.0,0.0,LOW,NORMAL_CUSTOMER,STABLE_CUSTOMER,Low overall risk | Low severity | Low frequency
C002394,Danielle,Gregory,Saudi Arabia,VIP,1,0,0,1,1,40.0,2.5,30.0,25.75,MEDIUM,NORMAL_CUSTOMER,DEVELOPING_FRICTION,Emerging risk indicators | Early persistence signal
C002395,Candice,Brown,Other,Premium,2,1,1,1,1,75.0,9.38,30.0,41.81,MEDIUM,NORMAL_CUSTOMER,RECENT_HIGH_SEVERITY,High severity score 75.00 | Limited evidence of repeated behavior
C002396,Cheryl,Hunter,United Arab Emirates,Standard,2,1,1,0,0,30.0,8.12,0.0,14.44,LOW,NORMAL_CUSTOMER,STABLE_CUSTOMER,Low overall risk | Low severity | Low frequency
C002397,Brenda,Conley,Saudi Arabia,Standard,1,2,2,2,1,60.0,37.5,30.0,44.25,MEDIUM,NORMAL_CUSTOMER,FREQUENT_FRICTION,Frequency score 37.50 | Repeated problematic activity
C002398,Michael,Trevino,Saudi Arabia,VIP,3,0,0,1,1,45.0,0.83,30.0,27.25,MEDIUM,LOYAL_LOW_FRICTION_CUSTOMER,DEVELOPING_FRICTION,Emerging risk indicators | Early persistence signal
C002399,Megan,Henderson,Pakistan,Standard,1,0,0,0,0,0.0,0.0,0.0,0.0,LOW,NORMAL_CUSTOMER,STABLE_CUSTOMER,Low overall risk | Low severity | Low frequency
C002400,Christina,Gonzalez,Pakistan,Premium,1,0,0,0,0,0.0,0.0,0.0,0.0,LOW,NORMAL_CUSTOMER,STABLE_CUSTOMER,Low overall risk | Low severity | Low frequency
C002401,Lisa,Gonzalez,United Arab Emirates,Standard,1,0,0,0,0,0.0,0.0,0.0,0.0,LOW,NORMAL_CUSTOMER,STABLE_CUSTOMER,Low overall risk | Low severity | Low frequency
C002402,Janice,Kerr,Saudi Arabia,Premium,2,2,2,0,0,35.0,16.25,0.0,18.88,LOW,NORMAL_CUSTOMER,FREQUENT_FRICTION,Frequency score 16.25 | Repeated problematic activity
C002403,Kenneth,Glover,United Arab Emirates,Premium,1,0,0,1,1,45.0,2.5,30.0,27.75,MEDIUM,NORMAL_CUSTOMER,DEVELOPING_FRICTION,Emerging risk indicators | Early persistence signal
C002404,Christina,Peterson,United Arab Emirates,Standard,2,0,0,1,1,40.0,1.25,30.0,25.38,MEDIUM,NORMAL_CUSTOMER,DEVELOPING_FRICTION,Emerging risk indicators | Early persistence signal
C002409,Isaac,Rivera,Other,Standard,2,1,1,0,0,30.0,8.12,0.0,14.44,LOW,NORMAL_CUSTOMER,STABLE_CUSTOMER,Low overall risk | Low severity | Low frequency
C002410,Heather,Lane,United Arab Emirates,Standard,2,0,0,1,1,45.0,1.25,30.0,27.38,MEDIUM,NORMAL_CUSTOMER,DEVELOPING_FRICTION,Emerging risk indicators | Early persistence signal
C002411,William,Mccarty,United Kingdom,Premium,3,1,1,1,1,45.0,6.25,30.0,28.88,MEDIUM,LOYAL_LOW_FRICTION_CUSTOMER,DEVELOPING_FRICTION,Emerging risk indicators | Increasing problem frequency | Early persistence signal
C002412,Robert,Jensen,Saudi Arabia,Premium,2,1,1,0,0,30.0,8.12,0.0,14.44,LOW,NORMAL_CUSTOMER,STABLE_CUSTOMER,Low overall risk | Low severity | Low frequency
C002414,Patrick,Martin,Saudi Arabia,Standard,1,0,0,0,0,0.0,0.0,0.0,0.0,LOW,NORMAL_CUSTOMER,STABLE_CUSTOMER,Low overall risk | Low severity | Low frequency
C002415,Jacob,Gibson,Pakistan,Standard,2,0,0,0,0,0.0,0.0,0.0,0.0,LOW,NORMAL_CUSTOMER,STABLE_CUSTOMER,Low overall risk | Low severity | Low frequency
C002416,Cynthia,Mccormick,Other,Standard,4,1,1,0,0,30.0,4.06,0.0,13.22,LOW,LOYAL_LOW_FRICTION_CUSTOMER,LOYAL_STABLE_CUSTOMER,Multiple bookings | Low journey friction | Minimal problematic journeys
C002417,Heather,Williams,United Arab Emirates,Standard,1,0,0,1,1,45.0,2.5,30.0,27.75,MEDIUM,NORMAL_CUSTOMER,DEVELOPING_FRICTION,Emerging risk indicators | Early persistence signal
C002419,Zoe,Smith,Saudi Arabia,VIP,2,1,1,0,0,35.0,8.12,0.0,16.44,LOW,NORMAL_CUSTOMER,STABLE_CUSTOMER,Low overall risk | Low severity | Low frequency
C002420,Angela,Walker,United Arab Emirates,Standard,2,0,0,2,2,45.0,2.5,79.0,42.45,MEDIUM,NORMAL_CUSTOMER,PERSISTENT_RISK,Repeated problematic journeys | Persistence score 79.00
C002422,Donald,Hanson,Saudi Arabia,Standard,2,0,0,1,1,40.0,1.25,30.0,25.38,MEDIUM,NORMAL_CUSTOMER,DEVELOPING_FRICTION,Emerging risk indicators | Early persistence signal
C002423,Leonard,Allen,United States,Standard,1,0,0,1,1,45.0,2.5,30.0,27.75,MEDIUM,NORMAL_CUSTOMER,DEVELOPING_FRICTION,Emerging risk indicators | Early persistence signal
C002424,Shannon,Navarro,United Arab Emirates,Standard,1,0,0,0,0,0.0,0.0,0.0,0.0,LOW,NORMAL_CUSTOMER,STABLE_CUSTOMER,Low overall risk | Low severity | Low frequency
C002425,Brian,Cisneros,Saudi Arabia,Standard,2,0,0,1,1,40.0,1.25,30.0,25.38,MEDIUM,NORMAL_CUSTOMER,DEVELOPING_FRICTION,Emerging risk indicators | Early persistence signal
C002426,Michael,Rivera,Other,Standard,1,0,0,1,1,40.0,2.5,30.0,25.75,MEDIUM,NORMAL_CUSTOMER,DEVELOPING_FRICTION,Emerging risk indicators | Early persistence signal
C002427,Albert,Singh,Saudi Arabia,Premium,3,2,2,3,3,75.0,13.33,91.0,61.3,HIGH,FRICTION_PRONE_CUSTOMER,PERSISTENT_RISK,Repeated problematic journeys | Persistence score 91.00
C002428,Derrick,Harris,Other,Standard,2,0,0,0,0,0.0,0.0,0.0,0.0,LOW,NORMAL_CUSTOMER,STABLE_CUSTOMER,Low overall risk | Low severity | Low frequency
C002429,Lisa,Lopez,United Arab Emirates,Standard,3,0,0,1,1,45.0,0.83,30.0,27.25,MEDIUM,LOYAL_LOW_FRICTION_CUSTOMER,DEVELOPING_FRICTION,Emerging risk indicators | Early persistence signal
C002430,Tamara,Fritz,Other,Premium,2,0,0,0,0,0.0,0.0,0.0,0.0,LOW,NORMAL_CUSTOMER,STABLE_CUSTOMER,Low overall risk | Low severity | Low frequency
C002431,William,Cox,Pakistan,Standard,3,0,0,2,2,45.0,1.67,65.67,38.2,MEDIUM,NORMAL_CUSTOMER,PERSISTENT_RISK,Repeated problematic journeys | Persistence score 65.67
C002432,Troy,Jones,United States,Standard,2,1,1,0,0,30.0,8.12,0.0,14.44,LOW,NORMAL_CUSTOMER,STABLE_CUSTOMER,Low overall risk | Low severity | Low frequency
C002433,Gail,Johnson,Other,Standard,1,0,0,1,1,40.0,2.5,30.0,25.75,MEDIUM,NORMAL_CUSTOMER,DEVELOPING_FRICTION,Emerging risk indicators | Early persistence signal
C002434,Robert,Wilson,Saudi Arabia,Premium,3,2,2,2,1,65.0,12.5,30.0,38.75,MEDIUM,LOYAL_LOW_FRICTION_CUSTOMER,DEVELOPING_FRICTION,Emerging risk indicators | Increasing problem frequency | Early persistence signal
C002435,Mary,Roberts,Other,Premium,3,2,2,3,2,60.0,13.33,65.67,47.7,MEDIUM,NORMAL_CUSTOMER,PERSISTENT_RISK,Repeated problematic journeys | Persistence score 65.67
C002436,Tracy,Lee,United Arab Emirates,Standard,2,0,0,0,0,0.0,0.0,0.0,0.0,LOW,NORMAL_CUSTOMER,STABLE_CUSTOMER,Low overall risk | Low severity | Low frequency
C002437,Christopher,Willis,United Arab Emirates,Standard,1,0,0,0,0,0.0,0.0,0.0,0.0,LOW,NORMAL_CUSTOMER,STABLE_CUSTOMER,Low overall risk | Low severity | Low frequency
C002438,Anthony,Cannon,United Arab Emirates,Premium,1,2,2,2,1,60.0,37.5,30.0,44.25,MEDIUM,NORMAL_CUSTOMER,FREQUENT_FRICTION,Frequency score 37.50 | Repeated problematic activity
C002439,Kathleen,Williams,Pakistan,Premium,1,0,0,0,0,0.0,0.0,0.0,0.0,LOW,NORMAL_CUSTOMER,STABLE_CUSTOMER,Low overall risk | Low severity | Low frequency
C002441,Joshua,Gonzalez,Pakistan,Premium,2,0,0,1,1,40.0,1.25,30.0,25.38,MEDIUM,NORMAL_CUSTOMER,DEVELOPING_FRICTION,Emerging risk indicators | Early persistence signal
C002442,Amanda,Thompson,Pakistan,Standard,1,1,1,1,1,75.0,18.75,30.0,44.62,MEDIUM,NORMAL_CUSTOMER,RECENT_HIGH_SEVERITY,High severity score 75.00 | Limited evidence of repeated behavior
C002443,Gary,Mcclure,United States,Standard,1,2,2,2,1,65.0,37.5,30.0,46.25,MEDIUM,NORMAL_CUSTOMER,FREQUENT_FRICTION,Frequency score 37.50 | Repeated problematic activity
C002444,Stephen,Higgins,United States,Standard,3,0,0,0,0,0.0,0.0,0.0,0.0,LOW,LOYAL_LOW_FRICTION_CUSTOMER,LOYAL_STABLE_CUSTOMER,Multiple bookings | Low journey friction | Minimal problematic journeys
C002445,Julia,Morgan,United Arab Emirates,Standard,2,0,0,0,0,0.0,0.0,0.0,0.0,LOW,NORMAL_CUSTOMER,STABLE_CUSTOMER,Low overall risk | Low severity | Low frequency
C002446,Katie,Spencer,United Arab Emirates,Standard,2,0,0,0,0,0.0,0.0,0.0,0.0,LOW,NORMAL_CUSTOMER,STABLE_CUSTOMER,Low overall risk | Low severity | Low frequency
C002447,Andrea,White,Saudi Arabia,Premium,1,0,0,0,0,0.0,0.0,0.0,0.0,LOW,NORMAL_CUSTOMER,STABLE_CUSTOMER,Low overall risk | Low severity | Low frequency
C002449,Danny,Cameron,Saudi Arabia,Standard,4,0,0,0,0,0.0,0.0,0.0,0.0,LOW,LOYAL_LOW_FRICTION_CUSTOMER,LOYAL_STABLE_CUSTOMER,Multiple bookings | Low journey friction | Minimal problematic journeys
C002450,Kimberly,Lozano,United Arab Emirates,Standard,2,1,1,1,1,45.0,9.38,30.0,29.81,MEDIUM,NORMAL_CUSTOMER,DEVELOPING_FRICTION,Emerging risk indicators | Increasing problem frequency | Early persistence signal
C002451,Madeline,Smith,Saudi Arabia,Premium,1,1,1,0,0,30.0,16.25,0.0,16.88,LOW,NORMAL_CUSTOMER,FREQUENT_FRICTION,Frequency score 16.25 | Repeated problematic activity
C002452,Michael,Byrd,Other,Premium,3,2,2,3,1,100.0,13.33,30.0,53.0,HIGH,FRICTION_PRONE_CUSTOMER,RECENT_HIGH_SEVERITY,High severity score 100.00 | Limited evidence of repeated behavior
C002453,Lynn,Gray,Pakistan,Standard,1,0,0,1,1,45.0,2.5,30.0,27.75,MEDIUM,NORMAL_CUSTOMER,DEVELOPING_FRICTION,Emerging risk indicators | Early persistence signal
C002455,Jennifer,Rodriguez,Pakistan,Standard,3,1,1,0,0,30.0,5.42,0.0,13.63,LOW,LOYAL_LOW_FRICTION_CUSTOMER,LOYAL_STABLE_CUSTOMER,Multiple bookings | Low journey friction | Minimal problematic journeys
C002456,Amy,Boyle,Saudi Arabia,Standard,1,2,2,3,1,100.0,40.0,30.0,61.0,HIGH,FRICTION_PRONE_CUSTOMER,RECENT_HIGH_SEVERITY,High severity score 100.00 | Limited evidence of repeated behavior
C002460,Karen,Guerrero,United Arab Emirates,Standard,1,2,2,2,1,65.0,37.5,30.0,46.25,MEDIUM,NORMAL_CUSTOMER,FREQUENT_FRICTION,Frequency score 37.50 | Repeated problematic activity
C002461,Kenneth,Pugh,Other,Standard,3,1,1,0,0,35.0,5.42,0.0,15.63,LOW,LOYAL_LOW_FRICTION_CUSTOMER,LOYAL_STABLE_CUSTOMER,Multiple bookings | Low journey friction | Minimal problematic journeys
C002462,Yvonne,Rowland,Other,Standard,4,0,0,0,0,0.0,0.0,0.0,0.0,LOW,LOYAL_LOW_FRICTION_CUSTOMER,LOYAL_STABLE_CUSTOMER,Multiple bookings | Low journey friction | Minimal problematic journeys
C002463,Shannon,Cuevas,Pakistan,Standard,3,2,2,0,0,35.0,10.83,0.0,17.25,LOW,LOYAL_LOW_FRICTION_CUSTOMER,LOYAL_STABLE_CUSTOMER,Multiple bookings | Low journey friction | Minimal problematic journeys
C002464,Michael,Keith,Pakistan,Standard,3,0,0,1,1,40.0,0.83,30.0,25.25,MEDIUM,LOYAL_LOW_FRICTION_CUSTOMER,DEVELOPING_FRICTION,Emerging risk indicators | Early persistence signal
C002467,Victoria,Thomas,United Arab Emirates,Standard,5,3,3,3,1,100.0,11.25,26.0,51.18,HIGH,FRICTION_PRONE_CUSTOMER,RECENT_HIGH_SEVERITY,High severity score 100.00 | Limited evidence of repeated behavior
C002468,Kimberly,Glass,Saudi Arabia,Standard,2,0,0,0,0,0.0,0.0,0.0,0.0,LOW,NORMAL_CUSTOMER,STABLE_CUSTOMER,Low overall risk | Low severity | Low frequency
C002469,Joel,Norton,United Arab Emirates,Standard,3,0,0,1,1,40.0,0.83,30.0,25.25,MEDIUM,LOYAL_LOW_FRICTION_CUSTOMER,DEVELOPING_FRICTION,Emerging risk indicators | Early persistence signal
C002470,Lisa,Lee,Pakistan,VIP,3,0,0,0,0,0.0,0.0,0.0,0.0,LOW,LOYAL_LOW_FRICTION_CUSTOMER,LOYAL_STABLE_CUSTOMER,Multiple bookings | Low journey friction | Minimal problematic journeys
C002473,Jennifer,Greene,Other,Standard,4,3,3,3,1,95.0,14.06,28.0,50.62,HIGH,FRICTION_PRONE_CUSTOMER,RECENT_HIGH_SEVERITY,High severity score 95.00 | Limited evidence of repeated behavior
C002475,Gabriel,Sanchez,Pakistan,Premium,1,0,0,1,1,40.0,2.5,30.0,25.75,MEDIUM,NORMAL_CUSTOMER,DEVELOPING_FRICTION,Emerging risk indicators | Early persistence signal
C002476,Donald,Williams,Other,Standard,3,0,0,1,1,40.0,0.83,30.0,25.25,MEDIUM,LOYAL_LOW_FRICTION_CUSTOMER,DEVELOPING_FRICTION,Emerging risk indicators | Early persistence signal
C002477,Jamie,Jensen,Saudi Arabia,Standard,3,1,1,0,0,30.0,5.42,0.0,13.63,LOW,LOYAL_LOW_FRICTION_CUSTOMER,LOYAL_STABLE_CUSTOMER,Multiple bookings | Low journey friction | Minimal problematic journeys
C002478,Jamie,Lopez,United States,Standard,1,1,1,0,0,30.0,16.25,0.0,16.88,LOW,NORMAL_CUSTOMER,FREQUENT_FRICTION,Frequency score 16.25 | Repeated problematic activity
C002480,Michael,Clarke,United States,Standard,2,0,0,1,1,40.0,1.25,30.0,25.38,MEDIUM,NORMAL_CUSTOMER,DEVELOPING_FRICTION,Emerging risk indicators | Early persistence signal
C002481,Juan,Murphy,Saudi Arabia,Standard,2,1,1,1,1,40.0,9.38,30.0,27.81,MEDIUM,NORMAL_CUSTOMER,DEVELOPING_FRICTION,Emerging risk indicators | Increasing problem frequency | Early persistence signal
C002482,Amber,Brown,Other,Standard,1,0,0,0,0,0.0,0.0,0.0,0.0,LOW,NORMAL_CUSTOMER,STABLE_CUSTOMER,Low overall risk | Low severity | Low frequency
C002483,Mario,Flynn,Other,Standard,3,2,2,1,1,45.0,11.67,30.0,30.5,MEDIUM,NORMAL_CUSTOMER,DEVELOPING_FRICTION,Emerging risk indicators | Increasing problem frequency | Early persistence signal
C002486,Joseph,Schmitt,Other,Standard,1,0,0,0,0,0.0,0.0,0.0,0.0,LOW,NORMAL_CUSTOMER,STABLE_CUSTOMER,Low overall risk | Low severity | Low frequency
C002487,Michele,Blackwell,United Arab Emirates,Standard,2,1,1,0,0,30.0,8.12,0.0,14.44,LOW,NORMAL_CUSTOMER,STABLE_CUSTOMER,Low overall risk | Low severity | Low frequency
C002489,Erin,Miller,Pakistan,Standard,2,0,0,1,1,40.0,1.25,30.0,25.38,MEDIUM,NORMAL_CUSTOMER,DEVELOPING_FRICTION,Emerging risk indicators | Early persistence signal
C002490,Cody,Ruiz,United Arab Emirates,Standard,3,0,0,0,0,0.0,0.0,0.0,0.0,LOW,LOYAL_LOW_FRICTION_CUSTOMER,LOYAL_STABLE_CUSTOMER,Multiple bookings | Low journey friction | Minimal problematic journeys
C002491,Sydney,Alvarado,Saudi Arabia,VIP,2,1,1,0,0,30.0,8.12,0.0,14.44,LOW,NORMAL_CUSTOMER,STABLE_CUSTOMER,Low overall risk | Low severity | Low frequency
C002492,Kristi,Brown,Saudi Arabia,Premium,2,0,0,1,1,45.0,1.25,30.0,27.38,MEDIUM,NORMAL_CUSTOMER,DEVELOPING_FRICTION,Emerging risk indicators | Early persistence signal
C002494,Victoria,Potter,United Arab Emirates,Premium,2,2,2,1,1,70.0,17.5,30.0,42.25,MEDIUM,NORMAL_CUSTOMER,FREQUENT_FRICTION,Frequency score 17.50 | Repeated problematic activity
C002495,Michelle,Newman,Pakistan,Premium,4,0,0,0,0,0.0,0.0,0.0,0.0,LOW,LOYAL_LOW_FRICTION_CUSTOMER,LOYAL_STABLE_CUSTOMER,Multiple bookings | Low journey friction | Minimal problematic journeys
C002497,Michelle,Jimenez,Pakistan,Standard,2,0,0,0,0,0.0,0.0,0.0,0.0,LOW,NORMAL_CUSTOMER,STABLE_CUSTOMER,Low overall risk | Low severity | Low frequency
C002498,John,Marshall,Other,Standard,1,1,1,0,0,35.0,16.25,0.0,18.88,LOW,NORMAL_CUSTOMER,FREQUENT_FRICTION,Frequency score 16.25 | Repeated problematic activity
C002500,Maria,Brooks,United Arab Emirates,Standard,1,0,0,0,0,0.0,0.0,0.0,0.0,LOW,NORMAL_CUSTOMER,STABLE_CUSTOMER,Low overall risk | Low severity | Low frequency
C002501,Kathleen,Neal,United States,Standard,3,0,0,1,1,45.0,0.83,30.0,27.25,MEDIUM,LOYAL_LOW_FRICTION_CUSTOMER,DEVELOPING_FRICTION,Emerging risk indicators | Early persistence signal
C002502,Erica,Baldwin,United States,Standard,4,3,3,2,2,80.0,13.44,59.0,53.73,HIGH,FRICTION_PRONE_CUSTOMER,PERSISTENT_RISK,Repeated problematic journeys | Persistence score 59.00
C002503,Tracy,Simpson,Pakistan,Premium,2,4,4,4,2,65.0,37.5,79.0,60.95,HIGH,FRICTION_PRONE_CUSTOMER,PERSISTENT_RISK,Repeated problematic journeys | Persistence score 79.00
C002504,Barbara,Adams,Other,Standard,1,1,1,0,0,30.0,16.25,0.0,16.88,LOW,NORMAL_CUSTOMER,FREQUENT_FRICTION,Frequency score 16.25 | Repeated problematic activity
C002505,Joseph,Morales,Saudi Arabia,Premium,4,1,1,1,1,45.0,4.69,28.0,27.81,MEDIUM,LOYAL_LOW_FRICTION_CUSTOMER,DEVELOPING_FRICTION,Emerging risk indicators | Early persistence signal
C002506,Robert,Morse,Saudi Arabia,Premium,2,1,1,1,1,45.0,9.38,30.0,29.81,MEDIUM,NORMAL_CUSTOMER,DEVELOPING_FRICTION,Emerging risk indicators | Increasing problem frequency | Early persistence signal
C002507,Shannon,Silva,Other,Standard,3,0,0,1,1,40.0,0.83,30.0,25.25,MEDIUM,LOYAL_LOW_FRICTION_CUSTOMER,DEVELOPING_FRICTION,Emerging risk indicators | Early persistence signal
C002508,Cynthia,Johnson,United Arab Emirates,Standard,2,3,3,2,1,65.0,26.88,30.0,43.06,MEDIUM,NORMAL_CUSTOMER,FREQUENT_FRICTION,Frequency score 26.88 | Repeated problematic activity
C002509,Nicole,Robinson,United States,Standard,2,0,0,0,0,0.0,0.0,0.0,0.0,LOW,NORMAL_CUSTOMER,STABLE_CUSTOMER,Low overall risk | Low severity | Low frequency
C002510,Christopher,Harris,Other,Premium,2,0,0,0,0,0.0,0.0,0.0,0.0,LOW,NORMAL_CUSTOMER,STABLE_CUSTOMER,Low overall risk | Low severity | Low frequency
C002511,Zachary,Roy,Saudi Arabia,Premium,2,1,1,0,0,30.0,8.12,0.0,14.44,LOW,NORMAL_CUSTOMER,STABLE_CUSTOMER,Low overall risk | Low severity | Low frequency
C002512,Joshua,Foster,Other,Premium,3,1,1,0,0,30.0,5.42,0.0,13.63,LOW,LOYAL_LOW_FRICTION_CUSTOMER,LOYAL_STABLE_CUSTOMER,Multiple bookings | Low journey friction | Minimal problematic journeys
C002513,Sharon,Torres,United Arab Emirates,Standard,3,0,0,0,0,0.0,0.0,0.0,0.0,LOW,LOYAL_LOW_FRICTION_CUSTOMER,LOYAL_STABLE_CUSTOMER,Multiple bookings | Low journey friction | Minimal problematic journeys
C002514,Miguel,Oneal,Pakistan,Standard,2,1,1,0,0,35.0,8.12,0.0,16.44,LOW,NORMAL_CUSTOMER,STABLE_CUSTOMER,Low overall risk | Low severity | Low frequency
C002515,Stephanie,Duncan,Pakistan,Standard,1,0,0,0,0,0.0,0.0,0.0,0.0,LOW,NORMAL_CUSTOMER,STABLE_CUSTOMER,Low overall risk | Low severity | Low frequency
C002516,Mark,Walls,Other,Standard,1,1,1,0,0,30.0,16.25,0.0,16.88,LOW,NORMAL_CUSTOMER,FREQUENT_FRICTION,Frequency score 16.25 | Repeated problematic activity
C002519,Jessica,Taylor,United Kingdom,Standard,1,0,0,1,1,40.0,2.5,30.0,25.75,MEDIUM,NORMAL_CUSTOMER,DEVELOPING_FRICTION,Emerging risk indicators | Early persistence signal
C002521,Stephen,Wallace,United Kingdom,Standard,1,2,2,2,1,65.0,37.5,30.0,46.25,MEDIUM,NORMAL_CUSTOMER,FREQUENT_FRICTION,Frequency score 37.50 | Repeated problematic activity
C002522,Elizabeth,Bell,Saudi Arabia,Standard,2,0,0,0,0,0.0,0.0,0.0,0.0,LOW,NORMAL_CUSTOMER,STABLE_CUSTOMER,Low overall risk | Low severity | Low frequency
C002524,Bryan,Marshall,United Arab Emirates,Premium,1,0,0,0,0,0.0,0.0,0.0,0.0,LOW,NORMAL_CUSTOMER,STABLE_CUSTOMER,Low overall risk | Low severity | Low frequency
C002525,Amanda,Oliver,United States,Standard,3,3,3,4,3,70.0,19.58,91.0,61.17,HIGH,FRICTION_PRONE_CUSTOMER,PERSISTENT_RISK,Repeated problematic journeys | Persistence score 91.00
C002526,Jeffery,Simmons,Saudi Arabia,Standard,2,2,2,4,2,100.0,21.25,79.0,70.08,HIGH,FRICTION_PRONE_CUSTOMER,PERSISTENT_RISK,Repeated problematic journeys | Persistence score 79.00
C002527,Russell,Mcdonald,Saudi Arabia,Standard,1,1,1,0,0,30.0,16.25,0.0,16.88,LOW,NORMAL_CUSTOMER,FREQUENT_FRICTION,Frequency score 16.25 | Repeated problematic activity
C002528,Jason,Ortiz,Other,Premium,2,1,1,1,1,40.0,9.38,30.0,27.81,MEDIUM,NORMAL_CUSTOMER,DEVELOPING_FRICTION,Emerging risk indicators | Increasing problem frequency | Early persistence signal
C002529,Joseph,Ballard,Saudi Arabia,Standard,2,0,0,1,1,45.0,1.25,30.0,27.38,MEDIUM,NORMAL_CUSTOMER,DEVELOPING_FRICTION,Emerging risk indicators | Early persistence signal
C002530,Maria,Stewart,Other,Premium,2,1,1,0,0,35.0,8.12,0.0,16.44,LOW,NORMAL_CUSTOMER,STABLE_CUSTOMER,Low overall risk | Low severity | Low frequency
C002531,Matthew,Reyes,United Kingdom,Standard,1,0,0,0,0,0.0,0.0,0.0,0.0,LOW,NORMAL_CUSTOMER,STABLE_CUSTOMER,Low overall risk | Low severity | Low frequency
C002533,Ashlee,Hall,Saudi Arabia,Standard,2,0,0,0,0,0.0,0.0,0.0,0.0,LOW,NORMAL_CUSTOMER,STABLE_CUSTOMER,Low overall risk | Low severity | Low frequency
C002534,Todd,Brewer,Saudi Arabia,Standard,1,1,1,0,0,30.0,16.25,0.0,16.88,LOW,NORMAL_CUSTOMER,FREQUENT_FRICTION,Frequency score 16.25 | Repeated problematic activity
C002536,Felicia,Miller,United States,Standard,2,0,0,0,0,0.0,0.0,0.0,0.0,LOW,NORMAL_CUSTOMER,STABLE_CUSTOMER,Low overall risk | Low severity | Low frequency
C002537,Brandon,Kirby,United Kingdom,Standard,1,1,1,1,1,75.0,18.75,30.0,44.62,MEDIUM,NORMAL_CUSTOMER,RECENT_HIGH_SEVERITY,High severity score 75.00 | Limited evidence of repeated behavior
C002538,Cory,Hunt,Saudi Arabia,Standard,2,0,0,0,0,0.0,0.0,0.0,0.0,LOW,NORMAL_CUSTOMER,STABLE_CUSTOMER,Low overall risk | Low severity | Low frequency
C002539,Kristen,Schneider,United States,Premium,1,0,0,0,0,0.0,0.0,0.0,0.0,LOW,NORMAL_CUSTOMER,STABLE_CUSTOMER,Low overall risk | Low severity | Low frequency
C002540,Steve,Hartman,United States,Premium,2,0,0,0,0,0.0,0.0,0.0,0.0,LOW,NORMAL_CUSTOMER,STABLE_CUSTOMER,Low overall risk | Low severity | Low frequency
C002542,Mia,Garcia,United States,Standard,3,0,0,0,0,0.0,0.0,0.0,0.0,LOW,LOYAL_LOW_FRICTION_CUSTOMER,LOYAL_STABLE_CUSTOMER,Multiple bookings | Low journey friction | Minimal problematic journeys
C002543,Scott,Jones,United States,Premium,1,2,2,2,1,65.0,37.5,30.0,46.25,MEDIUM,NORMAL_CUSTOMER,FREQUENT_FRICTION,Frequency score 37.50 | Repeated problematic activity
C002545,Susan,Gonzalez,Saudi Arabia,Standard,2,0,0,1,1,45.0,1.25,30.0,27.38,MEDIUM,NORMAL_CUSTOMER,DEVELOPING_FRICTION,Emerging risk indicators | Early persistence signal
C002546,James,Gonzalez,United Arab Emirates,Standard,2,0,0,0,0,0.0,0.0,0.0,0.0,LOW,NORMAL_CUSTOMER,STABLE_CUSTOMER,Low overall risk | Low severity | Low frequency
C002547,Haley,Murphy,Saudi Arabia,Premium,3,0,0,1,1,40.0,0.83,30.0,25.25,MEDIUM,LOYAL_LOW_FRICTION_CUSTOMER,DEVELOPING_FRICTION,Emerging risk indicators | Early persistence signal
C002548,David,Turner,United Arab Emirates,Standard,3,2,2,2,1,60.0,12.5,30.0,36.75,MEDIUM,LOYAL_LOW_FRICTION_CUSTOMER,DEVELOPING_FRICTION,Emerging risk indicators | Increasing problem frequency | Early persistence signal
C002549,Debra,Ochoa,United Arab Emirates,Standard,1,0,0,0,0,0.0,0.0,0.0,0.0,LOW,NORMAL_CUSTOMER,STABLE_CUSTOMER,Low overall risk | Low severity | Low frequency
C002550,Erik,Sutton,Saudi Arabia,Premium,1,0,0,0,0,0.0,0.0,0.0,0.0,LOW,NORMAL_CUSTOMER,STABLE_CUSTOMER,Low overall risk | Low severity | Low frequency
C002551,Sarah,Hill,United Arab Emirates,Standard,1,0,0,0,0,0.0,0.0,0.0,0.0,LOW,NORMAL_CUSTOMER,STABLE_CUSTOMER,Low overall risk | Low severity | Low frequency
C002552,Joshua,Thornton,Saudi Arabia,Premium,3,0,0,0,0,0.0,0.0,0.0,0.0,LOW,LOYAL_LOW_FRICTION_CUSTOMER,LOYAL_STABLE_CUSTOMER,Multiple bookings | Low journey friction | Minimal problematic journeys
C002553,Diamond,Bolton,United States,Standard,3,0,0,2,2,40.0,1.67,65.67,36.2,MEDIUM,NORMAL_CUSTOMER,PERSISTENT_RISK,Repeated problematic journeys | Persistence score 65.67
C002554,John,Murillo,Other,Premium,3,1,1,1,1,75.0,6.25,30.0,40.88,MEDIUM,LOYAL_LOW_FRICTION_CUSTOMER,RECENT_HIGH_SEVERITY,High severity score 75.00 | Limited evidence of repeated behavior
C002556,Rebecca,Singh,Other,Premium,4,5,5,6,3,100.0,24.06,81.0,71.52,HIGH,FRICTION_PRONE_CUSTOMER,PERSISTENT_RISK,Repeated problematic journeys | Persistence score 81.00
C002557,Gabriel,Gaines,Pakistan,Standard,4,1,1,1,1,45.0,4.69,28.0,27.81,MEDIUM,LOYAL_LOW_FRICTION_CUSTOMER,DEVELOPING_FRICTION,Emerging risk indicators | Early persistence signal
C002558,Randy,Smith,Saudi Arabia,Standard,2,2,2,2,1,65.0,18.75,30.0,40.62,MEDIUM,NORMAL_CUSTOMER,FREQUENT_FRICTION,Frequency score 18.75 | Repeated problematic activity
C002559,Kevin,Evans,Saudi Arabia,Standard,4,0,0,2,2,45.0,1.25,59.0,36.08,MEDIUM,NORMAL_CUSTOMER,PERSISTENT_RISK,Repeated problematic journeys | Persistence score 59.00
C002560,Holly,Short,Pakistan,Premium,1,0,0,0,0,0.0,0.0,0.0,0.0,LOW,NORMAL_CUSTOMER,STABLE_CUSTOMER,Low overall risk | Low severity | Low frequency
C002561,Jim,Logan,United States,Standard,2,0,0,0,0,0.0,0.0,0.0,0.0,LOW,NORMAL_CUSTOMER,STABLE_CUSTOMER,Low overall risk | Low severity | Low frequency
C002562,Diana,Powell,United Kingdom,Standard,1,1,1,0,0,35.0,16.25,0.0,18.88,LOW,NORMAL_CUSTOMER,FREQUENT_FRICTION,Frequency score 16.25 | Repeated problematic activity
C002563,Jane,Sullivan,Saudi Arabia,Standard,2,0,0,0,0,0.0,0.0,0.0,0.0,LOW,NORMAL_CUSTOMER,STABLE_CUSTOMER,Low overall risk | Low severity | Low frequency
C002564,Aaron,Carpenter,Saudi Arabia,Standard,2,0,0,1,1,40.0,1.25,30.0,25.38,MEDIUM,NORMAL_CUSTOMER,DEVELOPING_FRICTION,Emerging risk indicators | Early persistence signal
C002565,Thomas,Rios,United Arab Emirates,Standard,1,0,0,1,1,40.0,2.5,30.0,25.75,MEDIUM,NORMAL_CUSTOMER,DEVELOPING_FRICTION,Emerging risk indicators | Early persistence signal
C002566,David,Kennedy,Saudi Arabia,VIP,3,0,0,1,1,40.0,0.83,30.0,25.25,MEDIUM,LOYAL_LOW_FRICTION_CUSTOMER,DEVELOPING_FRICTION,Emerging risk indicators | Early persistence signal
C002567,Jeremy,Hunt,Saudi Arabia,Standard,3,1,1,1,1,75.0,6.25,30.0,40.88,MEDIUM,LOYAL_LOW_FRICTION_CUSTOMER,RECENT_HIGH_SEVERITY,High severity score 75.00 | Limited evidence of repeated behavior
C002568,Erin,Juarez,Saudi Arabia,Standard,4,4,4,2,1,65.0,17.5,28.0,39.65,MEDIUM,NORMAL_CUSTOMER,FREQUENT_FRICTION,Frequency score 17.50 | Repeated problematic activity
C002569,Albert,Hernandez,United States,VIP,3,0,0,1,1,40.0,0.83,30.0,25.25,MEDIUM,LOYAL_LOW_FRICTION_CUSTOMER,DEVELOPING_FRICTION,Emerging risk indicators | Early persistence signal
C002570,Heather,Sanders,Other,Standard,1,0,0,0,0,0.0,0.0,0.0,0.0,LOW,NORMAL_CUSTOMER,STABLE_CUSTOMER,Low overall risk | Low severity | Low frequency
C002571,Lisa,Perez,United Arab Emirates,Standard,2,0,0,1,1,45.0,1.25,30.0,27.38,MEDIUM,NORMAL_CUSTOMER,DEVELOPING_FRICTION,Emerging risk indicators | Early persistence signal
C002572,Vanessa,Curry,Other,Standard,1,0,0,0,0,0.0,0.0,0.0,0.0,LOW,NORMAL_CUSTOMER,STABLE_CUSTOMER,Low overall risk | Low severity | Low frequency
C002573,Robert,Wells,United Arab Emirates,Standard,1,1,1,1,1,70.0,18.75,30.0,42.62,MEDIUM,NORMAL_CUSTOMER,FREQUENT_FRICTION,Frequency score 18.75 | Repeated problematic activity
C002574,David,Black,United Arab Emirates,Standard,1,0,0,1,1,40.0,2.5,30.0,25.75,MEDIUM,NORMAL_CUSTOMER,DEVELOPING_FRICTION,Emerging risk indicators | Early persistence signal
C002576,Patrick,Todd,Pakistan,Premium,3,2,2,4,2,100.0,14.17,65.67,63.95,HIGH,FRICTION_PRONE_CUSTOMER,PERSISTENT_RISK,Repeated problematic journeys | Persistence score 65.67
C002579,Lawrence,Conner,United Arab Emirates,Premium,1,0,0,1,1,40.0,2.5,30.0,25.75,MEDIUM,NORMAL_CUSTOMER,DEVELOPING_FRICTION,Emerging risk indicators | Early persistence signal
C002580,Nicole,Edwards,Pakistan,Standard,2,0,0,1,1,40.0,1.25,30.0,25.38,MEDIUM,NORMAL_CUSTOMER,DEVELOPING_FRICTION,Emerging risk indicators | Early persistence signal
C002581,Derrick,Lopez,Saudi Arabia,Premium,1,0,0,0,0,0.0,0.0,0.0,0.0,LOW,NORMAL_CUSTOMER,STABLE_CUSTOMER,Low overall risk | Low severity | Low frequency
C002582,Kiara,Carrillo,Other,Standard,5,1,1,3,3,75.0,4.75,75.0,53.92,HIGH,FRICTION_PRONE_CUSTOMER,PERSISTENT_RISK,Repeated problematic journeys | Persistence score 75.00
C002584,Dean,Clark,United Arab Emirates,Standard,4,0,0,1,1,45.0,0.62,28.0,26.59,MEDIUM,LOYAL_LOW_FRICTION_CUSTOMER,DEVELOPING_FRICTION,Emerging risk indicators | Early persistence signal
C002585,Victoria,Cole,Pakistan,Standard,3,2,2,3,1,100.0,13.33,30.0,53.0,HIGH,FRICTION_PRONE_CUSTOMER,RECENT_HIGH_SEVERITY,High severity score 100.00 | Limited evidence of repeated behavior
C002588,Alan,Ray,United Kingdom,Standard,2,1,1,0,0,35.0,8.12,0.0,16.44,LOW,NORMAL_CUSTOMER,STABLE_CUSTOMER,Low overall risk | Low severity | Low frequency
C002591,Jennifer,Smith,United States,Standard,2,0,0,0,0,0.0,0.0,0.0,0.0,LOW,NORMAL_CUSTOMER,STABLE_CUSTOMER,Low overall risk | Low severity | Low frequency
C002592,Courtney,Cochran,United States,Standard,3,0,0,1,1,40.0,0.83,30.0,25.25,MEDIUM,LOYAL_LOW_FRICTION_CUSTOMER,DEVELOPING_FRICTION,Emerging risk indicators | Early persistence signal
C002594,Robert,Morgan,Pakistan,Standard,5,1,1,3,3,70.0,4.75,75.0,51.92,HIGH,FRICTION_PRONE_CUSTOMER,PERSISTENT_RISK,Repeated problematic journeys | Persistence score 75.00
C002595,Glenda,Barnes,Saudi Arabia,Standard,2,0,0,1,1,40.0,1.25,30.0,25.38,MEDIUM,NORMAL_CUSTOMER,DEVELOPING_FRICTION,Emerging risk indicators | Early persistence signal
C002596,Michelle,Jennings,United States,Standard,1,1,1,1,1,75.0,18.75,30.0,44.62,MEDIUM,NORMAL_CUSTOMER,RECENT_HIGH_SEVERITY,High severity score 75.00 | Limited evidence of repeated behavior
C002597,Christopher,Powell,Saudi Arabia,Standard,1,0,0,0,0,0.0,0.0,0.0,0.0,LOW,NORMAL_CUSTOMER,STABLE_CUSTOMER,Low overall risk | Low severity | Low frequency
C002598,Craig,Osborne,United Arab Emirates,Standard,5,4,4,5,3,100.0,15.5,75.0,67.15,HIGH,FRICTION_PRONE_CUSTOMER,PERSISTENT_RISK,Repeated problematic journeys | Persistence score 75.00
C002599,Karen,Medina,Saudi Arabia,VIP,1,0,0,1,1,40.0,2.5,30.0,25.75,MEDIUM,NORMAL_CUSTOMER,DEVELOPING_FRICTION,Emerging risk indicators | Early persistence signal
C002600,Brittany,Nguyen,Saudi Arabia,Standard,1,0,0,0,0,0.0,0.0,0.0,0.0,LOW,NORMAL_CUSTOMER,STABLE_CUSTOMER,Low overall risk | Low severity | Low frequency
C002601,Patrick,Johnson,Pakistan,Standard,2,0,0,1,1,40.0,1.25,30.0,25.38,MEDIUM,NORMAL_CUSTOMER,DEVELOPING_FRICTION,Emerging risk indicators | Early persistence signal
C002602,Sylvia,Floyd,Saudi Arabia,Premium,3,0,0,0,0,0.0,0.0,0.0,0.0,LOW,LOYAL_LOW_FRICTION_CUSTOMER,LOYAL_STABLE_CUSTOMER,Multiple bookings | Low journey friction | Minimal problematic journeys
C002603,Leonard,Weeks,United Kingdom,Premium,1,0,0,0,0,0.0,0.0,0.0,0.0,LOW,NORMAL_CUSTOMER,STABLE_CUSTOMER,Low overall risk | Low severity | Low frequency
C002604,Donald,Hernandez,United Arab Emirates,Premium,2,0,0,0,0,0.0,0.0,0.0,0.0,LOW,NORMAL_CUSTOMER,STABLE_CUSTOMER,Low overall risk | Low severity | Low frequency
C002605,Joshua,Cisneros,Saudi Arabia,Standard,2,0,0,2,2,40.0,2.5,79.0,40.45,MEDIUM,NORMAL_CUSTOMER,PERSISTENT_RISK,Repeated problematic journeys | Persistence score 79.00
C002606,Christopher,Rivera,Pakistan,Standard,1,1,1,0,0,35.0,16.25,0.0,18.88,LOW,NORMAL_CUSTOMER,FREQUENT_FRICTION,Frequency score 16.25 | Repeated problematic activity
C002607,Angela,Soto,Saudi Arabia,Premium,3,1,1,0,0,30.0,5.42,0.0,13.63,LOW,LOYAL_LOW_FRICTION_CUSTOMER,LOYAL_STABLE_CUSTOMER,Multiple bookings | Low journey friction | Minimal problematic journeys
C002608,Carol,Morrison,Saudi Arabia,Premium,3,0,0,2,2,45.0,1.67,65.67,38.2,MEDIUM,NORMAL_CUSTOMER,PERSISTENT_RISK,Repeated problematic journeys | Persistence score 65.67
C002609,Cathy,Franklin,United Kingdom,Standard,1,1,1,1,1,75.0,18.75,30.0,44.62,MEDIUM,NORMAL_CUSTOMER,RECENT_HIGH_SEVERITY,High severity score 75.00 | Limited evidence of repeated behavior
C002611,Hannah,Baird,United States,VIP,2,0,0,0,0,0.0,0.0,0.0,0.0,LOW,NORMAL_CUSTOMER,STABLE_CUSTOMER,Low overall risk | Low severity | Low frequency
C002613,Dominique,Myers,Saudi Arabia,Standard,1,0,0,0,0,0.0,0.0,0.0,0.0,LOW,NORMAL_CUSTOMER,STABLE_CUSTOMER,Low overall risk | Low severity | Low frequency
C002614,Kevin,Ferguson,United Kingdom,Standard,2,1,1,1,1,75.0,9.38,30.0,41.81,MEDIUM,NORMAL_CUSTOMER,RECENT_HIGH_SEVERITY,High severity score 75.00 | Limited evidence of repeated behavior
C002617,Julie,Hudson,United Arab Emirates,Standard,2,0,0,1,1,40.0,1.25,30.0,25.38,MEDIUM,NORMAL_CUSTOMER,DEVELOPING_FRICTION,Emerging risk indicators | Early persistence signal
C002618,Kenneth,Hayes,Saudi Arabia,VIP,1,0,0,0,0,0.0,0.0,0.0,0.0,LOW,NORMAL_CUSTOMER,STABLE_CUSTOMER,Low overall risk | Low severity | Low frequency
C002619,Brian,Kline,United States,Standard,2,0,0,0,0,0.0,0.0,0.0,0.0,LOW,NORMAL_CUSTOMER,STABLE_CUSTOMER,Low overall risk | Low severity | Low frequency
C002622,Troy,Tran,Other,Standard,3,0,0,0,0,0.0,0.0,0.0,0.0,LOW,LOYAL_LOW_FRICTION_CUSTOMER,LOYAL_STABLE_CUSTOMER,Multiple bookings | Low journey friction | Minimal problematic journeys
C002623,Daniel,Johnson,United Arab Emirates,Standard,1,2,2,2,1,60.0,37.5,30.0,44.25,MEDIUM,NORMAL_CUSTOMER,FREQUENT_FRICTION,Frequency score 37.50 | Repeated problematic activity
C002624,Victor,Barker,Other,Standard,1,0,0,0,0,0.0,0.0,0.0,0.0,LOW,NORMAL_CUSTOMER,STABLE_CUSTOMER,Low overall risk | Low severity | Low frequency
C002625,Brittney,Burns,United Arab Emirates,Standard,3,2,2,4,3,65.0,14.17,91.0,57.55,HIGH,FRICTION_PRONE_CUSTOMER,PERSISTENT_RISK,Repeated problematic journeys | Persistence score 91.00
C002626,Allison,Lopez,Other,Standard,2,2,2,2,1,60.0,18.75,30.0,38.62,MEDIUM,NORMAL_CUSTOMER,FREQUENT_FRICTION,Frequency score 18.75 | Repeated problematic activity
C002627,Tiffany,Jones,Saudi Arabia,Standard,1,0,0,0,0,0.0,0.0,0.0,0.0,LOW,NORMAL_CUSTOMER,STABLE_CUSTOMER,Low overall risk | Low severity | Low frequency
C002631,Michelle,Keller,Pakistan,Standard,2,2,2,2,1,65.0,18.75,30.0,40.62,MEDIUM,NORMAL_CUSTOMER,FREQUENT_FRICTION,Frequency score 18.75 | Repeated problematic activity
C002632,Ashley,Jones,United Kingdom,Standard,1,0,0,1,1,45.0,2.5,30.0,27.75,MEDIUM,NORMAL_CUSTOMER,DEVELOPING_FRICTION,Emerging risk indicators | Early persistence signal
C002633,Michael,Brown,Saudi Arabia,Standard,2,1,1,0,0,35.0,8.12,0.0,16.44,LOW,NORMAL_CUSTOMER,STABLE_CUSTOMER,Low overall risk | Low severity | Low frequency
C002634,Felicia,Stone,Saudi Arabia,Standard,1,1,1,0,0,35.0,16.25,0.0,18.88,LOW,NORMAL_CUSTOMER,FREQUENT_FRICTION,Frequency score 16.25 | Repeated problematic activity
C002635,Kathryn,Jackson,United Kingdom,Premium,1,0,0,1,1,45.0,2.5,30.0,27.75,MEDIUM,NORMAL_CUSTOMER,DEVELOPING_FRICTION,Emerging risk indicators | Early persistence signal
C002636,Stephanie,Heath,United Kingdom,Standard,2,2,2,2,1,60.0,18.75,30.0,38.62,MEDIUM,NORMAL_CUSTOMER,FREQUENT_FRICTION,Frequency score 18.75 | Repeated problematic activity
C002637,Kaylee,Jenkins,Other,Standard,2,1,1,1,1,40.0,9.38,30.0,27.81,MEDIUM,NORMAL_CUSTOMER,DEVELOPING_FRICTION,Emerging risk indicators | Increasing problem frequency | Early persistence signal
C002638,Alvin,Moore,United States,Standard,2,0,0,0,0,0.0,0.0,0.0,0.0,LOW,NORMAL_CUSTOMER,STABLE_CUSTOMER,Low overall risk | Low severity | Low frequency
C002640,Jose,Herrera,United Kingdom,Premium,2,1,1,0,0,30.0,8.12,0.0,14.44,LOW,NORMAL_CUSTOMER,STABLE_CUSTOMER,Low overall risk | Low severity | Low frequency
C002641,Bill,Mendoza,Saudi Arabia,Premium,2,1,1,1,1,40.0,9.38,30.0,27.81,MEDIUM,NORMAL_CUSTOMER,DEVELOPING_FRICTION,Emerging risk indicators | Increasing problem frequency | Early persistence signal
C002642,Bruce,Jones,Saudi Arabia,Standard,2,0,0,1,1,40.0,1.25,30.0,25.38,MEDIUM,NORMAL_CUSTOMER,DEVELOPING_FRICTION,Emerging risk indicators | Early persistence signal
C002643,Kristina,Friedman,United States,Standard,2,1,1,0,0,30.0,8.12,0.0,14.44,LOW,NORMAL_CUSTOMER,STABLE_CUSTOMER,Low overall risk | Low severity | Low frequency
C002644,William,Glenn,Pakistan,VIP,1,0,0,1,1,45.0,2.5,30.0,27.75,MEDIUM,NORMAL_CUSTOMER,DEVELOPING_FRICTION,Emerging risk indicators | Early persistence signal
C002645,Courtney,Anderson,Saudi Arabia,Premium,1,0,0,0,0,0.0,0.0,0.0,0.0,LOW,NORMAL_CUSTOMER,STABLE_CUSTOMER,Low overall risk | Low severity | Low frequency
C002646,Walter,Harris,United Arab Emirates,VIP,4,2,2,0,0,30.0,8.12,0.0,14.44,LOW,LOYAL_LOW_FRICTION_CUSTOMER,LOYAL_STABLE_CUSTOMER,Multiple bookings | Low journey friction | Minimal problematic journeys
C002647,Robert,Reynolds,Other,Standard,1,0,0,1,1,40.0,2.5,30.0,25.75,MEDIUM,NORMAL_CUSTOMER,DEVELOPING_FRICTION,Emerging risk indicators | Early persistence signal
C002648,Jacqueline,Mckinney,Pakistan,Standard,1,0,0,0,0,0.0,0.0,0.0,0.0,LOW,NORMAL_CUSTOMER,STABLE_CUSTOMER,Low overall risk | Low severity | Low frequency
C002650,Amanda,Munoz,United Arab Emirates,Standard,2,3,3,3,2,70.0,28.12,79.0,60.14,HIGH,FRICTION_PRONE_CUSTOMER,PERSISTENT_RISK,Repeated problematic journeys | Persistence score 79.00
C002651,Christina,Crosby,Saudi Arabia,Premium,1,0,0,1,1,40.0,2.5,30.0,25.75,MEDIUM,NORMAL_CUSTOMER,DEVELOPING_FRICTION,Emerging risk indicators | Early persistence signal
C002653,Kyle,Shaw,United Arab Emirates,Standard,1,0,0,0,0,0.0,0.0,0.0,0.0,LOW,NORMAL_CUSTOMER,STABLE_CUSTOMER,Low overall risk | Low severity | Low frequency
C002654,William,Cohen,Saudi Arabia,Standard,1,1,1,0,0,30.0,16.25,0.0,16.88,LOW,NORMAL_CUSTOMER,FREQUENT_FRICTION,Frequency score 16.25 | Repeated problematic activity
C002655,James,Hill,United States,Premium,3,3,3,3,2,65.0,18.75,65.67,51.33,HIGH,FRICTION_PRONE_CUSTOMER,PERSISTENT_RISK,Repeated problematic journeys | Persistence score 65.67
C002656,Lindsey,Smith,United Arab Emirates,Standard,1,0,0,0,0,0.0,0.0,0.0,0.0,LOW,NORMAL_CUSTOMER,STABLE_CUSTOMER,Low overall risk | Low severity | Low frequency
C002657,Amanda,Thomas,United States,Standard,1,1,1,0,0,35.0,16.25,0.0,18.88,LOW,NORMAL_CUSTOMER,FREQUENT_FRICTION,Frequency score 16.25 | Repeated problematic activity
C002658,Peter,Brown,Other,Standard,6,0,0,3,3,45.0,1.25,71.0,39.67,MEDIUM,NORMAL_CUSTOMER,PERSISTENT_RISK,Repeated problematic journeys | Persistence score 71.00
C002659,Cynthia,Ross,Saudi Arabia,Standard,3,3,3,3,2,60.0,18.75,65.67,49.33,HIGH,FRICTION_PRONE_CUSTOMER,PERSISTENT_RISK,Repeated problematic journeys | Persistence score 65.67
C002660,Mary,Aguirre,United Kingdom,Standard,3,2,2,4,3,65.0,14.17,91.0,57.55,HIGH,FRICTION_PRONE_CUSTOMER,PERSISTENT_RISK,Repeated problematic journeys | Persistence score 91.00
C002661,Erin,Fox,United Arab Emirates,Standard,5,0,0,1,1,45.0,0.5,26.0,25.95,MEDIUM,LOYAL_LOW_FRICTION_CUSTOMER,DEVELOPING_FRICTION,Emerging risk indicators | Early persistence signal
C002662,Carl,Kent,Other,Premium,2,0,0,0,0,0.0,0.0,0.0,0.0,LOW,NORMAL_CUSTOMER,STABLE_CUSTOMER,Low overall risk | Low severity | Low frequency
C002663,Holly,Suarez,Saudi Arabia,Standard,1,1,1,0,0,35.0,16.25,0.0,18.88,LOW,NORMAL_CUSTOMER,FREQUENT_FRICTION,Frequency score 16.25 | Repeated problematic activity
C002664,Jessica,Stevens,United Kingdom,Standard,1,1,1,0,0,30.0,16.25,0.0,16.88,LOW,NORMAL_CUSTOMER,FREQUENT_FRICTION,Frequency score 16.25 | Repeated problematic activity
C002666,Brian,Mclaughlin,Saudi Arabia,VIP,4,2,2,0,0,35.0,8.12,0.0,16.44,LOW,LOYAL_LOW_FRICTION_CUSTOMER,LOYAL_STABLE_CUSTOMER,Multiple bookings | Low journey friction | Minimal problematic journeys
C002667,Christopher,Roberts,Saudi Arabia,Standard,1,0,0,0,0,0.0,0.0,0.0,0.0,LOW,NORMAL_CUSTOMER,STABLE_CUSTOMER,Low overall risk | Low severity | Low frequency
C002668,Ryan,Ibarra,United Kingdom,Standard,2,1,1,0,0,30.0,8.12,0.0,14.44,LOW,NORMAL_CUSTOMER,STABLE_CUSTOMER,Low overall risk | Low severity | Low frequency
C002669,Shawn,Bryant,United Kingdom,Standard,5,2,2,2,1,65.0,7.5,26.0,36.05,MEDIUM,LOYAL_LOW_FRICTION_CUSTOMER,DEVELOPING_FRICTION,Emerging risk indicators | Increasing problem frequency | Early persistence signal
C002670,Chelsea,Graves,United Arab Emirates,Standard,2,0,0,0,0,0.0,0.0,0.0,0.0,LOW,NORMAL_CUSTOMER,STABLE_CUSTOMER,Low overall risk | Low severity | Low frequency
C002671,Kyle,Dawson,Pakistan,VIP,1,0,0,0,0,0.0,0.0,0.0,0.0,LOW,NORMAL_CUSTOMER,STABLE_CUSTOMER,Low overall risk | Low severity | Low frequency
C002672,Judith,Evans,United Arab Emirates,Premium,2,2,2,1,1,75.0,17.5,30.0,44.25,MEDIUM,NORMAL_CUSTOMER,RECENT_HIGH_SEVERITY,High severity score 75.00 | Limited evidence of repeated behavior
C002673,Joy,Austin,United Kingdom,Standard,2,1,1,2,2,80.0,10.62,79.0,58.89,HIGH,FRICTION_PRONE_CUSTOMER,PERSISTENT_RISK,Repeated problematic journeys | Persistence score 79.00
C002675,Jean,Thompson,Other,Standard,1,1,1,1,1,80.0,18.75,30.0,46.62,MEDIUM,NORMAL_CUSTOMER,RECENT_HIGH_SEVERITY,High severity score 80.00 | Limited evidence of repeated behavior
C002676,Jacqueline,Wright,Saudi Arabia,Standard,3,0,0,1,1,45.0,0.83,30.0,27.25,MEDIUM,LOYAL_LOW_FRICTION_CUSTOMER,DEVELOPING_FRICTION,Emerging risk indicators | Early persistence signal
C002678,Stephanie,Quinn,Saudi Arabia,Standard,1,0,0,0,0,0.0,0.0,0.0,0.0,LOW,NORMAL_CUSTOMER,STABLE_CUSTOMER,Low overall risk | Low severity | Low frequency
C002680,Krista,Bartlett,Pakistan,Standard,3,0,0,0,0,0.0,0.0,0.0,0.0,LOW,LOYAL_LOW_FRICTION_CUSTOMER,LOYAL_STABLE_CUSTOMER,Multiple bookings | Low journey friction | Minimal problematic journeys
C002682,Gary,Carroll,United States,Standard,4,0,0,1,1,40.0,0.62,28.0,24.59,MEDIUM,LOYAL_LOW_FRICTION_CUSTOMER,DEVELOPING_FRICTION,Emerging risk indicators | Early persistence signal
C002683,David,Long,Saudi Arabia,Standard,3,1,1,0,0,30.0,5.42,0.0,13.63,LOW,LOYAL_LOW_FRICTION_CUSTOMER,LOYAL_STABLE_CUSTOMER,Multiple bookings | Low journey friction | Minimal problematic journeys
C002684,Kimberly,Bautista,United Arab Emirates,Premium,1,0,0,0,0,0.0,0.0,0.0,0.0,LOW,NORMAL_CUSTOMER,STABLE_CUSTOMER,Low overall risk | Low severity | Low frequency
C002687,Kelsey,Hill,Saudi Arabia,Standard,6,1,1,1,1,40.0,3.12,24.67,24.34,MEDIUM,LOYAL_LOW_FRICTION_CUSTOMER,LOYAL_STABLE_CUSTOMER,Multiple bookings | Low journey friction | Minimal problematic journeys
C002688,Anthony,Fuller,United Arab Emirates,Standard,1,0,0,0,0,0.0,0.0,0.0,0.0,LOW,NORMAL_CUSTOMER,STABLE_CUSTOMER,Low overall risk | Low severity | Low frequency
C002690,Joseph,Hendricks,United Arab Emirates,Standard,1,0,0,0,0,0.0,0.0,0.0,0.0,LOW,NORMAL_CUSTOMER,STABLE_CUSTOMER,Low overall risk | Low severity | Low frequency
C002691,Caleb,Wolfe,Pakistan,Standard,2,0,0,0,0,0.0,0.0,0.0,0.0,LOW,NORMAL_CUSTOMER,STABLE_CUSTOMER,Low overall risk | Low severity | Low frequency
C002694,Chris,Snyder,United Arab Emirates,Standard,2,1,1,1,1,40.0,9.38,30.0,27.81,MEDIUM,NORMAL_CUSTOMER,DEVELOPING_FRICTION,Emerging risk indicators | Increasing problem frequency | Early persistence signal
C002695,Spencer,Riddle,Other,Premium,3,2,2,1,1,40.0,11.67,30.0,28.5,MEDIUM,NORMAL_CUSTOMER,DEVELOPING_FRICTION,Emerging risk indicators | Increasing problem frequency | Early persistence signal
C002696,Michael,Tran,Pakistan,Standard,1,0,0,1,1,40.0,2.5,30.0,25.75,MEDIUM,NORMAL_CUSTOMER,DEVELOPING_FRICTION,Emerging risk indicators | Early persistence signal
C002697,Victor,Carney,United Kingdom,Standard,2,0,0,0,0,0.0,0.0,0.0,0.0,LOW,NORMAL_CUSTOMER,STABLE_CUSTOMER,Low overall risk | Low severity | Low frequency
C002698,Ashley,Jones,United Arab Emirates,Standard,1,0,0,0,0,0.0,0.0,0.0,0.0,LOW,NORMAL_CUSTOMER,STABLE_CUSTOMER,Low overall risk | Low severity | Low frequency
C002700,Jonathan,Miranda,United States,Standard,1,0,0,0,0,0.0,0.0,0.0,0.0,LOW,NORMAL_CUSTOMER,STABLE_CUSTOMER,Low overall risk | Low severity | Low frequency
C002701,Dakota,Nguyen,Pakistan,Standard,2,1,1,0,0,35.0,8.12,0.0,16.44,LOW,NORMAL_CUSTOMER,STABLE_CUSTOMER,Low overall risk | Low severity | Low frequency
C002702,Audrey,Hayes,Other,Premium,1,0,0,0,0,0.0,0.0,0.0,0.0,LOW,NORMAL_CUSTOMER,STABLE_CUSTOMER,Low overall risk | Low severity | Low frequency
C002703,Jennifer,King,Saudi Arabia,Standard,2,0,0,1,1,40.0,1.25,30.0,25.38,MEDIUM,NORMAL_CUSTOMER,DEVELOPING_FRICTION,Emerging risk indicators | Early persistence signal
C002704,Jeremy,Hunter,Saudi Arabia,Standard,1,0,0,0,0,0.0,0.0,0.0,0.0,LOW,NORMAL_CUSTOMER,STABLE_CUSTOMER,Low overall risk | Low severity | Low frequency
C002705,William,Murray,United States,Standard,1,0,0,1,1,45.0,2.5,30.0,27.75,MEDIUM,NORMAL_CUSTOMER,DEVELOPING_FRICTION,Emerging risk indicators | Early persistence signal
C002706,Bradley,Jones,United States,Standard,2,0,0,0,0,0.0,0.0,0.0,0.0,LOW,NORMAL_CUSTOMER,STABLE_CUSTOMER,Low overall risk | Low severity | Low frequency
C002707,Michelle,Neal,Saudi Arabia,Standard,1,0,0,0,0,0.0,0.0,0.0,0.0,LOW,NORMAL_CUSTOMER,STABLE_CUSTOMER,Low overall risk | Low severity | Low frequency
C002708,John,Brady,Saudi Arabia,VIP,1,1,1,0,0,35.0,16.25,0.0,18.88,LOW,NORMAL_CUSTOMER,FREQUENT_FRICTION,Frequency score 16.25 | Repeated problematic activity
C002709,Thomas,James,Saudi Arabia,Standard,7,4,4,3,2,75.0,10.36,50.43,48.24,MEDIUM,NORMAL_CUSTOMER,PERSISTENT_RISK,Repeated problematic journeys | Persistence score 50.43
C002710,Patrick,Reese,Saudi Arabia,Premium,1,0,0,0,0,0.0,0.0,0.0,0.0,LOW,NORMAL_CUSTOMER,STABLE_CUSTOMER,Low overall risk | Low severity | Low frequency
C002711,Edward,Foley,United States,Standard,2,0,0,0,0,0.0,0.0,0.0,0.0,LOW,NORMAL_CUSTOMER,STABLE_CUSTOMER,Low overall risk | Low severity | Low frequency
C002712,Sarah,Sanders,Pakistan,Premium,3,0,0,0,0,0.0,0.0,0.0,0.0,LOW,LOYAL_LOW_FRICTION_CUSTOMER,LOYAL_STABLE_CUSTOMER,Multiple bookings | Low journey friction | Minimal problematic journeys
C002713,Meredith,Smith,United Arab Emirates,Premium,1,1,1,0,0,35.0,16.25,0.0,18.88,LOW,NORMAL_CUSTOMER,FREQUENT_FRICTION,Frequency score 16.25 | Repeated problematic activity
C002714,Angela,Wilson,United Arab Emirates,Premium,3,0,0,0,0,0.0,0.0,0.0,0.0,LOW,LOYAL_LOW_FRICTION_CUSTOMER,LOYAL_STABLE_CUSTOMER,Multiple bookings | Low journey friction | Minimal problematic journeys
C002715,Robin,Stark,Saudi Arabia,Premium,1,0,0,0,0,0.0,0.0,0.0,0.0,LOW,NORMAL_CUSTOMER,STABLE_CUSTOMER,Low overall risk | Low severity | Low frequency
C002717,Robert,Goodman,Pakistan,Standard,1,0,0,0,0,0.0,0.0,0.0,0.0,LOW,NORMAL_CUSTOMER,STABLE_CUSTOMER,Low overall risk | Low severity | Low frequency
C002718,Marc,Washington,Other,Standard,1,0,0,1,1,45.0,2.5,30.0,27.75,MEDIUM,NORMAL_CUSTOMER,DEVELOPING_FRICTION,Emerging risk indicators | Early persistence signal
C002719,Robert,Jones,United States,Standard,1,0,0,0,0,0.0,0.0,0.0,0.0,LOW,NORMAL_CUSTOMER,STABLE_CUSTOMER,Low overall risk | Low severity | Low frequency
C002720,Jennifer,Kelley,Saudi Arabia,Premium,2,1,1,1,1,40.0,9.38,30.0,27.81,MEDIUM,NORMAL_CUSTOMER,DEVELOPING_FRICTION,Emerging risk indicators | Increasing problem frequency | Early persistence signal
C002721,Joseph,Allen,Other,Standard,2,0,0,0,0,0.0,0.0,0.0,0.0,LOW,NORMAL_CUSTOMER,STABLE_CUSTOMER,Low overall risk | Low severity | Low frequency
C002722,Christian,Dodson,United States,Standard,3,0,0,0,0,0.0,0.0,0.0,0.0,LOW,LOYAL_LOW_FRICTION_CUSTOMER,LOYAL_STABLE_CUSTOMER,Multiple bookings | Low journey friction | Minimal problematic journeys
C002723,Nathan,Taylor,United States,Standard,3,0,0,0,0,0.0,0.0,0.0,0.0,LOW,LOYAL_LOW_FRICTION_CUSTOMER,LOYAL_STABLE_CUSTOMER,Multiple bookings | Low journey friction | Minimal problematic journeys
C002724,Wayne,Hoover,United Arab Emirates,Premium,1,0,0,0,0,0.0,0.0,0.0,0.0,LOW,NORMAL_CUSTOMER,STABLE_CUSTOMER,Low overall risk | Low severity | Low frequency
C002725,Rachel,Skinner,United Arab Emirates,Premium,2,0,0,0,0,0.0,0.0,0.0,0.0,LOW,NORMAL_CUSTOMER,STABLE_CUSTOMER,Low overall risk | Low severity | Low frequency
C002726,Harry,Jackson,United Arab Emirates,Standard,3,2,2,4,2,100.0,14.17,65.67,63.95,HIGH,FRICTION_PRONE_CUSTOMER,PERSISTENT_RISK,Repeated problematic journeys | Persistence score 65.67
C002727,Linda,Smith,Saudi Arabia,Standard,1,0,0,0,0,0.0,0.0,0.0,0.0,LOW,NORMAL_CUSTOMER,STABLE_CUSTOMER,Low overall risk | Low severity | Low frequency
C002728,Tina,Garcia,Saudi Arabia,Standard,1,0,0,0,0,0.0,0.0,0.0,0.0,LOW,NORMAL_CUSTOMER,STABLE_CUSTOMER,Low overall risk | Low severity | Low frequency
C002729,Stephanie,Phillips,Saudi Arabia,Standard,2,0,0,1,1,40.0,1.25,30.0,25.38,MEDIUM,NORMAL_CUSTOMER,DEVELOPING_FRICTION,Emerging risk indicators | Early persistence signal
C002730,Casey,Nichols,United Arab Emirates,Standard,2,0,0,0,0,0.0,0.0,0.0,0.0,LOW,NORMAL_CUSTOMER,STABLE_CUSTOMER,Low overall risk | Low severity | Low frequency
C002731,Steven,Myers,United Kingdom,Standard,2,1,1,0,0,35.0,8.12,0.0,16.44,LOW,NORMAL_CUSTOMER,STABLE_CUSTOMER,Low overall risk | Low severity | Low frequency
C002732,Justin,Jones,United Arab Emirates,Standard,2,0,0,0,0,0.0,0.0,0.0,0.0,LOW,NORMAL_CUSTOMER,STABLE_CUSTOMER,Low overall risk | Low severity | Low frequency
C002734,Mark,Byrd,Other,Standard,1,0,0,0,0,0.0,0.0,0.0,0.0,LOW,NORMAL_CUSTOMER,STABLE_CUSTOMER,Low overall risk | Low severity | Low frequency
C002735,Angela,Hernandez,Other,Premium,2,1,1,0,0,35.0,8.12,0.0,16.44,LOW,NORMAL_CUSTOMER,STABLE_CUSTOMER,Low overall risk | Low severity | Low frequency
C002736,Alan,Howard,United States,Premium,4,1,1,1,1,75.0,4.69,28.0,39.81,MEDIUM,LOYAL_LOW_FRICTION_CUSTOMER,RECENT_HIGH_SEVERITY,High severity score 75.00 | Limited evidence of repeated behavior
C002737,James,Robinson,Other,Standard,1,0,0,1,1,45.0,2.5,30.0,27.75,MEDIUM,NORMAL_CUSTOMER,DEVELOPING_FRICTION,Emerging risk indicators | Early persistence signal
C002738,Anne,Johnson,Pakistan,Premium,2,0,0,1,1,45.0,1.25,30.0,27.38,MEDIUM,NORMAL_CUSTOMER,DEVELOPING_FRICTION,Emerging risk indicators | Early persistence signal
C002739,Kevin,Leonard,Other,Standard,4,0,0,2,2,40.0,1.25,59.0,34.08,MEDIUM,NORMAL_CUSTOMER,PERSISTENT_RISK,Repeated problematic journeys | Persistence score 59.00
C002740,Cindy,Robinson,Saudi Arabia,Standard,4,0,0,0,0,0.0,0.0,0.0,0.0,LOW,LOYAL_LOW_FRICTION_CUSTOMER,LOYAL_STABLE_CUSTOMER,Multiple bookings | Low journey friction | Minimal problematic journeys
C002741,Steven,Horton,United Arab Emirates,Standard,2,1,1,1,1,70.0,9.38,30.0,39.81,MEDIUM,NORMAL_CUSTOMER,DEVELOPING_FRICTION,Emerging risk indicators | Increasing problem frequency | Early persistence signal
C002742,Brittany,Copeland,Saudi Arabia,Premium,1,0,0,1,1,40.0,2.5,30.0,25.75,MEDIUM,NORMAL_CUSTOMER,DEVELOPING_FRICTION,Emerging risk indicators | Early persistence signal
C002744,Kendra,Davidson,Saudi Arabia,Standard,2,1,1,0,0,30.0,8.12,0.0,14.44,LOW,NORMAL_CUSTOMER,STABLE_CUSTOMER,Low overall risk | Low severity | Low frequency
C002745,James,Moran,Pakistan,Standard,2,0,0,1,1,45.0,1.25,30.0,27.38,MEDIUM,NORMAL_CUSTOMER,DEVELOPING_FRICTION,Emerging risk indicators | Early persistence signal
C002746,Rachel,Prince,United States,Premium,4,2,2,2,2,40.0,9.38,59.0,36.51,MEDIUM,NORMAL_CUSTOMER,PERSISTENT_RISK,Repeated problematic journeys | Persistence score 59.00
C002747,Kathleen,Myers,Pakistan,Premium,1,1,1,0,0,35.0,16.25,0.0,18.88,LOW,NORMAL_CUSTOMER,FREQUENT_FRICTION,Frequency score 16.25 | Repeated problematic activity
C002748,John,Parker,Saudi Arabia,Standard,3,0,0,1,1,45.0,0.83,30.0,27.25,MEDIUM,LOYAL_LOW_FRICTION_CUSTOMER,DEVELOPING_FRICTION,Emerging risk indicators | Early persistence signal
C002749,Adam,Williams,United States,Premium,1,1,1,0,0,35.0,16.25,0.0,18.88,LOW,NORMAL_CUSTOMER,FREQUENT_FRICTION,Frequency score 16.25 | Repeated problematic activity
C002750,Robert,Smith,Pakistan,Standard,2,0,0,0,0,0.0,0.0,0.0,0.0,LOW,NORMAL_CUSTOMER,STABLE_CUSTOMER,Low overall risk | Low severity | Low frequency
C002751,Jesse,Barton,United Arab Emirates,VIP,1,0,0,1,1,45.0,2.5,30.0,27.75,MEDIUM,NORMAL_CUSTOMER,DEVELOPING_FRICTION,Emerging risk indicators | Early persistence signal
C002753,Mary,Mcfarland,Saudi Arabia,Standard,2,0,0,0,0,0.0,0.0,0.0,0.0,LOW,NORMAL_CUSTOMER,STABLE_CUSTOMER,Low overall risk | Low severity | Low frequency
C002757,Diane,Fisher,United Arab Emirates,Premium,2,1,1,0,0,35.0,8.12,0.0,16.44,LOW,NORMAL_CUSTOMER,STABLE_CUSTOMER,Low overall risk | Low severity | Low frequency
C002758,Melinda,Hays,Other,Standard,3,0,0,0,0,0.0,0.0,0.0,0.0,LOW,LOYAL_LOW_FRICTION_CUSTOMER,LOYAL_STABLE_CUSTOMER,Multiple bookings | Low journey friction | Minimal problematic journeys
C002759,Jessica,Rogers,United Kingdom,Standard,1,0,0,0,0,0.0,0.0,0.0,0.0,LOW,NORMAL_CUSTOMER,STABLE_CUSTOMER,Low overall risk | Low severity | Low frequency
C002762,John,Walker,Saudi Arabia,Premium,4,4,4,4,2,65.0,18.75,59.0,49.32,HIGH,FRICTION_PRONE_CUSTOMER,PERSISTENT_RISK,Repeated problematic journeys | Persistence score 59.00
C002763,Travis,Khan,Pakistan,Standard,1,0,0,0,0,0.0,0.0,0.0,0.0,LOW,NORMAL_CUSTOMER,STABLE_CUSTOMER,Low overall risk | Low severity | Low frequency
C002764,Brian,Robles,United Arab Emirates,Standard,3,0,0,3,3,45.0,2.5,91.0,46.05,MEDIUM,NORMAL_CUSTOMER,PERSISTENT_RISK,Repeated problematic journeys | Persistence score 91.00
C002765,Wendy,Rivas,Saudi Arabia,Standard,2,1,1,0,0,30.0,8.12,0.0,14.44,LOW,NORMAL_CUSTOMER,STABLE_CUSTOMER,Low overall risk | Low severity | Low frequency
C002766,Jennifer,Jackson,Other,Standard,3,1,1,3,3,75.0,7.92,91.0,59.68,HIGH,FRICTION_PRONE_CUSTOMER,PERSISTENT_RISK,Repeated problematic journeys | Persistence score 91.00
C002767,Christopher,Jackson,Pakistan,Standard,1,0,0,0,0,0.0,0.0,0.0,0.0,LOW,NORMAL_CUSTOMER,STABLE_CUSTOMER,Low overall risk | Low severity | Low frequency
C002768,Samantha,Perry,Saudi Arabia,Standard,1,0,0,1,1,40.0,2.5,30.0,25.75,MEDIUM,NORMAL_CUSTOMER,DEVELOPING_FRICTION,Emerging risk indicators | Early persistence signal
C002769,Phyllis,Rodriguez,Pakistan,Standard,2,0,0,0,0,0.0,0.0,0.0,0.0,LOW,NORMAL_CUSTOMER,STABLE_CUSTOMER,Low overall risk | Low severity | Low frequency
C002770,April,Murphy,United Kingdom,Standard,1,0,0,0,0,0.0,0.0,0.0,0.0,LOW,NORMAL_CUSTOMER,STABLE_CUSTOMER,Low overall risk | Low severity | Low frequency
C002771,Jaclyn,Hart,Saudi Arabia,Standard,1,0,0,0,0,0.0,0.0,0.0,0.0,LOW,NORMAL_CUSTOMER,STABLE_CUSTOMER,Low overall risk | Low severity | Low frequency
C002773,Terri,Clark,United States,Standard,3,0,0,1,1,45.0,0.83,30.0,27.25,MEDIUM,LOYAL_LOW_FRICTION_CUSTOMER,DEVELOPING_FRICTION,Emerging risk indicators | Early persistence signal
C002774,Christopher,Weaver,United Arab Emirates,Standard,5,4,4,5,4,75.0,15.5,92.0,62.25,HIGH,FRICTION_PRONE_CUSTOMER,PERSISTENT_RISK,Repeated problematic journeys | Persistence score 92.00
C002775,Cody,Mcmillan,Pakistan,Standard,5,2,2,2,2,75.0,7.5,55.0,48.75,MEDIUM,NORMAL_CUSTOMER,PERSISTENT_RISK,Repeated problematic journeys | Persistence score 55.00
C002776,Dennis,Martinez,United Arab Emirates,Standard,3,1,1,2,2,75.0,7.08,65.67,51.82,HIGH,FRICTION_PRONE_CUSTOMER,PERSISTENT_RISK,Repeated problematic journeys | Persistence score 65.67
C002777,Lori,Lewis,Saudi Arabia,Standard,1,0,0,0,0,0.0,0.0,0.0,0.0,LOW,NORMAL_CUSTOMER,STABLE_CUSTOMER,Low overall risk | Low severity | Low frequency
C002778,Charles,Kelly,Saudi Arabia,Standard,1,0,0,0,0,0.0,0.0,0.0,0.0,LOW,NORMAL_CUSTOMER,STABLE_CUSTOMER,Low overall risk | Low severity | Low frequency
C002779,Ashley,Thompson,United Arab Emirates,Standard,2,0,0,1,1,40.0,1.25,30.0,25.38,MEDIUM,NORMAL_CUSTOMER,DEVELOPING_FRICTION,Emerging risk indicators | Early persistence signal
C002780,Ryan,Morales,Saudi Arabia,Premium,5,3,3,2,1,65.0,10.75,26.0,37.02,MEDIUM,LOYAL_LOW_FRICTION_CUSTOMER,DEVELOPING_FRICTION,Emerging risk indicators | Increasing problem frequency | Early persistence signal
C002781,Tamara,Stewart,Saudi Arabia,Standard,4,8,8,8,4,65.0,37.5,100.0,67.25,HIGH,FRICTION_PRONE_CUSTOMER,PERSISTENT_RISK,Repeated problematic journeys | Persistence score 100.00
C002782,Joel,Price,United States,Standard,1,0,0,0,0,0.0,0.0,0.0,0.0,LOW,NORMAL_CUSTOMER,STABLE_CUSTOMER,Low overall risk | Low severity | Low frequency
C002783,Jose,Ellis,Other,Standard,2,0,0,0,0,0.0,0.0,0.0,0.0,LOW,NORMAL_CUSTOMER,STABLE_CUSTOMER,Low overall risk | Low severity | Low frequency
C002784,Leslie,Jones,United States,Standard,2,0,0,0,0,0.0,0.0,0.0,0.0,LOW,NORMAL_CUSTOMER,STABLE_CUSTOMER,Low overall risk | Low severity | Low frequency
C002785,Lauren,Briggs,Other,Premium,2,1,1,0,0,35.0,8.12,0.0,16.44,LOW,NORMAL_CUSTOMER,STABLE_CUSTOMER,Low overall risk | Low severity | Low frequency
C002786,Jaclyn,Santos,Saudi Arabia,Premium,3,1,1,1,1,40.0,6.25,30.0,26.88,MEDIUM,LOYAL_LOW_FRICTION_CUSTOMER,DEVELOPING_FRICTION,Emerging risk indicators | Increasing problem frequency | Early persistence signal
C002787,Jill,Wood,Other,Standard,3,0,0,1,1,45.0,0.83,30.0,27.25,MEDIUM,LOYAL_LOW_FRICTION_CUSTOMER,DEVELOPING_FRICTION,Emerging risk indicators | Early persistence signal
C002788,Louis,Jones,Saudi Arabia,Standard,1,0,0,0,0,0.0,0.0,0.0,0.0,LOW,NORMAL_CUSTOMER,STABLE_CUSTOMER,Low overall risk | Low severity | Low frequency
C002789,Joseph,Robinson,Other,Premium,1,0,0,1,1,45.0,2.5,30.0,27.75,MEDIUM,NORMAL_CUSTOMER,DEVELOPING_FRICTION,Emerging risk indicators | Early persistence signal
C002790,Charles,Turner,Other,Standard,1,0,0,0,0,0.0,0.0,0.0,0.0,LOW,NORMAL_CUSTOMER,STABLE_CUSTOMER,Low overall risk | Low severity | Low frequency
C002791,James,George,United Kingdom,Standard,2,0,0,0,0,0.0,0.0,0.0,0.0,LOW,NORMAL_CUSTOMER,STABLE_CUSTOMER,Low overall risk | Low severity | Low frequency
C002792,Kimberly,Bird,Other,Standard,1,1,1,1,1,70.0,18.75,30.0,42.62,MEDIUM,NORMAL_CUSTOMER,FREQUENT_FRICTION,Frequency score 18.75 | Repeated problematic activity
C002793,Brenda,Garcia,Pakistan,Standard,1,1,1,0,0,30.0,16.25,0.0,16.88,LOW,NORMAL_CUSTOMER,FREQUENT_FRICTION,Frequency score 16.25 | Repeated problematic activity
C002794,Eric,Herrera,Saudi Arabia,Premium,3,3,3,3,2,65.0,18.75,65.67,51.33,HIGH,FRICTION_PRONE_CUSTOMER,PERSISTENT_RISK,Repeated problematic journeys | Persistence score 65.67
C002795,Frank,Mooney,United Arab Emirates,Standard,1,0,0,0,0,0.0,0.0,0.0,0.0,LOW,NORMAL_CUSTOMER,STABLE_CUSTOMER,Low overall risk | Low severity | Low frequency
C002796,Steven,Jefferson,Pakistan,Standard,2,0,0,0,0,0.0,0.0,0.0,0.0,LOW,NORMAL_CUSTOMER,STABLE_CUSTOMER,Low overall risk | Low severity | Low frequency
C002797,Richard,Jackson,Saudi Arabia,Standard,1,1,1,1,1,70.0,18.75,30.0,42.62,MEDIUM,NORMAL_CUSTOMER,FREQUENT_FRICTION,Frequency score 18.75 | Repeated problematic activity
C002798,Amanda,Haley,Pakistan,Premium,1,0,0,0,0,0.0,0.0,0.0,0.0,LOW,NORMAL_CUSTOMER,STABLE_CUSTOMER,Low overall risk | Low severity | Low frequency
C002799,Tami,Greene,Other,Standard,2,0,0,0,0,0.0,0.0,0.0,0.0,LOW,NORMAL_CUSTOMER,STABLE_CUSTOMER,Low overall risk | Low severity | Low frequency
C002800,Jared,Jarvis,Saudi Arabia,Premium,2,0,0,1,1,40.0,1.25,30.0,25.38,MEDIUM,NORMAL_CUSTOMER,DEVELOPING_FRICTION,Emerging risk indicators | Early persistence signal
C002801,Kyle,Horton,United States,Standard,4,4,4,4,2,100.0,18.75,59.0,63.32,HIGH,FRICTION_PRONE_CUSTOMER,PERSISTENT_RISK,Repeated problematic journeys | Persistence score 59.00
C002802,Joseph,Gregory,Other,Premium,1,0,0,0,0,0.0,0.0,0.0,0.0,LOW,NORMAL_CUSTOMER,STABLE_CUSTOMER,Low overall risk | Low severity | Low frequency
C002804,Eric,Benson,Other,Standard,3,1,1,0,0,30.0,5.42,0.0,13.63,LOW,LOYAL_LOW_FRICTION_CUSTOMER,LOYAL_STABLE_CUSTOMER,Multiple bookings | Low journey friction | Minimal problematic journeys
C002805,Gina,Rivera,Pakistan,Standard,1,2,2,3,1,100.0,40.0,30.0,61.0,HIGH,FRICTION_PRONE_CUSTOMER,RECENT_HIGH_SEVERITY,High severity score 100.00 | Limited evidence of repeated behavior
C002806,Margaret,Reid,Other,Premium,1,1,1,1,1,75.0,18.75,30.0,44.62,MEDIUM,NORMAL_CUSTOMER,RECENT_HIGH_SEVERITY,High severity score 75.00 | Limited evidence of repeated behavior
C002807,Heidi,Henson,United States,Standard,4,1,1,1,1,40.0,4.69,28.0,25.81,MEDIUM,LOYAL_LOW_FRICTION_CUSTOMER,DEVELOPING_FRICTION,Emerging risk indicators | Early persistence signal
C002809,Mary,York,United Arab Emirates,Standard,3,0,0,0,0,0.0,0.0,0.0,0.0,LOW,LOYAL_LOW_FRICTION_CUSTOMER,LOYAL_STABLE_CUSTOMER,Multiple bookings | Low journey friction | Minimal problematic journeys
C002810,Mark,Olson,United Kingdom,Standard,2,0,0,0,0,0.0,0.0,0.0,0.0,LOW,NORMAL_CUSTOMER,STABLE_CUSTOMER,Low overall risk | Low severity | Low frequency
C002811,Christopher,Rogers,Saudi Arabia,Premium,5,0,0,0,0,0.0,0.0,0.0,0.0,LOW,LOYAL_LOW_FRICTION_CUSTOMER,LOYAL_STABLE_CUSTOMER,Multiple bookings | Low journey friction | Minimal problematic journeys
C002812,John,Franklin,Pakistan,Standard,2,1,1,0,0,30.0,8.12,0.0,14.44,LOW,NORMAL_CUSTOMER,STABLE_CUSTOMER,Low overall risk | Low severity | Low frequency
C002813,Michael,Richards,United Kingdom,Premium,1,0,0,0,0,0.0,0.0,0.0,0.0,LOW,NORMAL_CUSTOMER,STABLE_CUSTOMER,Low overall risk | Low severity | Low frequency
C002814,William,Reyes,Saudi Arabia,Standard,1,0,0,1,1,40.0,2.5,30.0,25.75,MEDIUM,NORMAL_CUSTOMER,DEVELOPING_FRICTION,Emerging risk indicators | Early persistence signal
C002815,Erica,Davidson,Pakistan,VIP,1,0,0,0,0,0.0,0.0,0.0,0.0,LOW,NORMAL_CUSTOMER,STABLE_CUSTOMER,Low overall risk | Low severity | Low frequency
C002816,Jorge,Hall,United States,Standard,1,0,0,0,0,0.0,0.0,0.0,0.0,LOW,NORMAL_CUSTOMER,STABLE_CUSTOMER,Low overall risk | Low severity | Low frequency
C002817,Vicki,Matthews,United Arab Emirates,Standard,1,0,0,0,0,0.0,0.0,0.0,0.0,LOW,NORMAL_CUSTOMER,STABLE_CUSTOMER,Low overall risk | Low severity | Low frequency
C002818,Anthony,Mcneil,Saudi Arabia,Standard,4,0,0,1,1,45.0,0.62,28.0,26.59,MEDIUM,LOYAL_LOW_FRICTION_CUSTOMER,DEVELOPING_FRICTION,Emerging risk indicators | Early persistence signal
C002820,Shannon,Jensen,United Arab Emirates,Standard,1,0,0,0,0,0.0,0.0,0.0,0.0,LOW,NORMAL_CUSTOMER,STABLE_CUSTOMER,Low overall risk | Low severity | Low frequency
C002822,John,Parker,Saudi Arabia,Premium,1,0,0,1,1,40.0,2.5,30.0,25.75,MEDIUM,NORMAL_CUSTOMER,DEVELOPING_FRICTION,Emerging risk indicators | Early persistence signal
C002823,Steven,Rojas,Pakistan,Premium,2,1,1,1,1,40.0,9.38,30.0,27.81,MEDIUM,NORMAL_CUSTOMER,DEVELOPING_FRICTION,Emerging risk indicators | Increasing problem frequency | Early persistence signal
C002824,Linda,Todd,Saudi Arabia,Premium,2,1,1,0,0,30.0,8.12,0.0,14.44,LOW,NORMAL_CUSTOMER,STABLE_CUSTOMER,Low overall risk | Low severity | Low frequency
C002825,Donald,Harvey,United Arab Emirates,Standard,3,2,2,2,1,65.0,12.5,30.0,38.75,MEDIUM,LOYAL_LOW_FRICTION_CUSTOMER,DEVELOPING_FRICTION,Emerging risk indicators | Increasing problem frequency | Early persistence signal
C002826,Alexander,Brown,United States,Standard,2,2,2,3,1,100.0,20.0,30.0,55.0,HIGH,FRICTION_PRONE_CUSTOMER,RECENT_HIGH_SEVERITY,High severity score 100.00 | Limited evidence of repeated behavior
C002828,Toni,Phillips,Saudi Arabia,Standard,1,0,0,0,0,0.0,0.0,0.0,0.0,LOW,NORMAL_CUSTOMER,STABLE_CUSTOMER,Low overall risk | Low severity | Low frequency
C002829,David,Hernandez,United Arab Emirates,Standard,3,0,0,1,1,40.0,0.83,30.0,25.25,MEDIUM,LOYAL_LOW_FRICTION_CUSTOMER,DEVELOPING_FRICTION,Emerging risk indicators | Early persistence signal
C002830,Madison,Harris,Saudi Arabia,Standard,1,0,0,0,0,0.0,0.0,0.0,0.0,LOW,NORMAL_CUSTOMER,STABLE_CUSTOMER,Low overall risk | Low severity | Low frequency
C002831,Nathan,Johnson,United Arab Emirates,VIP,2,0,0,0,0,0.0,0.0,0.0,0.0,LOW,NORMAL_CUSTOMER,STABLE_CUSTOMER,Low overall risk | Low severity | Low frequency
C002832,Crystal,Mclean,United Kingdom,Standard,4,2,2,0,0,35.0,8.12,0.0,16.44,LOW,LOYAL_LOW_FRICTION_CUSTOMER,LOYAL_STABLE_CUSTOMER,Multiple bookings | Low journey friction | Minimal problematic journeys
C002833,Deanna,George,Saudi Arabia,Premium,3,0,0,1,1,40.0,0.83,30.0,25.25,MEDIUM,LOYAL_LOW_FRICTION_CUSTOMER,DEVELOPING_FRICTION,Emerging risk indicators | Early persistence signal
C002834,Brandi,Bautista,Saudi Arabia,Standard,1,0,0,0,0,0.0,0.0,0.0,0.0,LOW,NORMAL_CUSTOMER,STABLE_CUSTOMER,Low overall risk | Low severity | Low frequency
C002835,Jonathan,Stevenson,United Arab Emirates,Premium,1,2,2,2,1,65.0,37.5,30.0,46.25,MEDIUM,NORMAL_CUSTOMER,FREQUENT_FRICTION,Frequency score 37.50 | Repeated problematic activity
C002836,Lisa,Murphy,Other,Standard,2,1,1,0,0,30.0,8.12,0.0,14.44,LOW,NORMAL_CUSTOMER,STABLE_CUSTOMER,Low overall risk | Low severity | Low frequency
C002838,Caleb,Schneider,Saudi Arabia,Standard,3,1,1,0,0,35.0,5.42,0.0,15.63,LOW,LOYAL_LOW_FRICTION_CUSTOMER,LOYAL_STABLE_CUSTOMER,Multiple bookings | Low journey friction | Minimal problematic journeys
C002839,Rachel,Hodges,United States,Premium,4,1,1,2,2,40.0,5.31,59.0,35.29,MEDIUM,NORMAL_CUSTOMER,PERSISTENT_RISK,Repeated problematic journeys | Persistence score 59.00
C002840,Scott,Meyer,United Arab Emirates,Standard,2,0,0,0,0,0.0,0.0,0.0,0.0,LOW,NORMAL_CUSTOMER,STABLE_CUSTOMER,Low overall risk | Low severity | Low frequency
C002842,Rebecca,Wong,United States,Standard,3,1,1,0,0,30.0,5.42,0.0,13.63,LOW,LOYAL_LOW_FRICTION_CUSTOMER,LOYAL_STABLE_CUSTOMER,Multiple bookings | Low journey friction | Minimal problematic journeys
C002843,Maria,Roberts,Other,Standard,2,0,0,0,0,0.0,0.0,0.0,0.0,LOW,NORMAL_CUSTOMER,STABLE_CUSTOMER,Low overall risk | Low severity | Low frequency
C002844,Martin,Johnson,Other,Standard,2,0,0,1,1,40.0,1.25,30.0,25.38,MEDIUM,NORMAL_CUSTOMER,DEVELOPING_FRICTION,Emerging risk indicators | Early persistence signal
C002845,Brad,Bradford,Pakistan,Standard,2,0,0,0,0,0.0,0.0,0.0,0.0,LOW,NORMAL_CUSTOMER,STABLE_CUSTOMER,Low overall risk | Low severity | Low frequency
C002846,Steven,Rivera,United Arab Emirates,Premium,1,0,0,0,0,0.0,0.0,0.0,0.0,LOW,NORMAL_CUSTOMER,STABLE_CUSTOMER,Low overall risk | Low severity | Low frequency
C002849,Lorraine,Knox,Pakistan,VIP,1,2,2,2,1,65.0,37.5,30.0,46.25,MEDIUM,NORMAL_CUSTOMER,FREQUENT_FRICTION,Frequency score 37.50 | Repeated problematic activity
C002850,Randall,Ortega,United Arab Emirates,Standard,4,1,1,0,0,30.0,4.06,0.0,13.22,LOW,LOYAL_LOW_FRICTION_CUSTOMER,LOYAL_STABLE_CUSTOMER,Multiple bookings | Low journey friction | Minimal problematic journeys
C002851,Anthony,Wright,United Kingdom,Standard,4,3,3,2,2,75.0,13.44,59.0,51.73,HIGH,FRICTION_PRONE_CUSTOMER,PERSISTENT_RISK,Repeated problematic journeys | Persistence score 59.00
C002852,Felicia,Mcdaniel,Saudi Arabia,Standard,1,0,0,0,0,0.0,0.0,0.0,0.0,LOW,NORMAL_CUSTOMER,STABLE_CUSTOMER,Low overall risk | Low severity | Low frequency
C002853,Gerald,Ball,Saudi Arabia,VIP,1,0,0,1,1,40.0,2.5,30.0,25.75,MEDIUM,NORMAL_CUSTOMER,DEVELOPING_FRICTION,Emerging risk indicators | Early persistence signal
C002854,Jason,Franklin,Other,Standard,3,0,0,0,0,0.0,0.0,0.0,0.0,LOW,LOYAL_LOW_FRICTION_CUSTOMER,LOYAL_STABLE_CUSTOMER,Multiple bookings | Low journey friction | Minimal problematic journeys
C002855,Jacob,James,Saudi Arabia,Standard,3,1,1,1,1,45.0,6.25,30.0,28.88,MEDIUM,LOYAL_LOW_FRICTION_CUSTOMER,DEVELOPING_FRICTION,Emerging risk indicators | Increasing problem frequency | Early persistence signal
C002857,Nicole,Ramos,Saudi Arabia,Standard,1,0,0,0,0,0.0,0.0,0.0,0.0,LOW,NORMAL_CUSTOMER,STABLE_CUSTOMER,Low overall risk | Low severity | Low frequency
C002858,Austin,Smith,Saudi Arabia,Standard,4,2,2,0,0,30.0,8.12,0.0,14.44,LOW,LOYAL_LOW_FRICTION_CUSTOMER,LOYAL_STABLE_CUSTOMER,Multiple bookings | Low journey friction | Minimal problematic journeys
C002861,Kenneth,Lee,Other,Standard,2,1,1,0,0,35.0,8.12,0.0,16.44,LOW,NORMAL_CUSTOMER,STABLE_CUSTOMER,Low overall risk | Low severity | Low frequency
C002862,Robert,Walters,Saudi Arabia,Standard,1,0,0,0,0,0.0,0.0,0.0,0.0,LOW,NORMAL_CUSTOMER,STABLE_CUSTOMER,Low overall risk | Low severity | Low frequency
C002863,Andrea,Thomas,Other,Premium,1,0,0,0,0,0.0,0.0,0.0,0.0,LOW,NORMAL_CUSTOMER,STABLE_CUSTOMER,Low overall risk | Low severity | Low frequency
C002864,Bruce,Harris,Pakistan,Standard,2,0,0,0,0,0.0,0.0,0.0,0.0,LOW,NORMAL_CUSTOMER,STABLE_CUSTOMER,Low overall risk | Low severity | Low frequency
C002867,James,Guerra,Pakistan,Standard,3,1,1,0,0,30.0,5.42,0.0,13.63,LOW,LOYAL_LOW_FRICTION_CUSTOMER,LOYAL_STABLE_CUSTOMER,Multiple bookings | Low journey friction | Minimal problematic journeys
C002868,Nicole,Frederick,United States,Standard,1,0,0,0,0,0.0,0.0,0.0,0.0,LOW,NORMAL_CUSTOMER,STABLE_CUSTOMER,Low overall risk | Low severity | Low frequency
C002869,Alicia,Young,Saudi Arabia,Standard,1,2,2,2,1,65.0,37.5,30.0,46.25,MEDIUM,NORMAL_CUSTOMER,FREQUENT_FRICTION,Frequency score 37.50 | Repeated problematic activity
C002870,Crystal,Miller,United Arab Emirates,Standard,4,0,0,2,2,45.0,1.25,59.0,36.08,MEDIUM,NORMAL_CUSTOMER,PERSISTENT_RISK,Repeated problematic journeys | Persistence score 59.00
C002871,Leah,Hardy,Other,Standard,1,0,0,0,0,0.0,0.0,0.0,0.0,LOW,NORMAL_CUSTOMER,STABLE_CUSTOMER,Low overall risk | Low severity | Low frequency
C002872,Laura,Collins,Other,Standard,2,0,0,1,1,40.0,1.25,30.0,25.38,MEDIUM,NORMAL_CUSTOMER,DEVELOPING_FRICTION,Emerging risk indicators | Early persistence signal
C002873,Veronica,Griffith,Other,Standard,2,0,0,0,0,0.0,0.0,0.0,0.0,LOW,NORMAL_CUSTOMER,STABLE_CUSTOMER,Low overall risk | Low severity | Low frequency
C002874,Kimberly,Sanchez,United Arab Emirates,Standard,1,1,1,0,0,30.0,16.25,0.0,16.88,LOW,NORMAL_CUSTOMER,FREQUENT_FRICTION,Frequency score 16.25 | Repeated problematic activity
C002876,Amy,Wright,United Arab Emirates,Standard,2,0,0,0,0,0.0,0.0,0.0,0.0,LOW,NORMAL_CUSTOMER,STABLE_CUSTOMER,Low overall risk | Low severity | Low frequency
C002878,Roberta,West,Saudi Arabia,Standard,1,0,0,0,0,0.0,0.0,0.0,0.0,LOW,NORMAL_CUSTOMER,STABLE_CUSTOMER,Low overall risk | Low severity | Low frequency
C002879,Wayne,Reid,Pakistan,Standard,2,3,3,3,2,70.0,28.12,79.0,60.14,HIGH,FRICTION_PRONE_CUSTOMER,PERSISTENT_RISK,Repeated problematic journeys | Persistence score 79.00
C002881,Hector,Harrington,United Arab Emirates,Standard,1,0,0,0,0,0.0,0.0,0.0,0.0,LOW,NORMAL_CUSTOMER,STABLE_CUSTOMER,Low overall risk | Low severity | Low frequency
C002882,Luis,Miller,Other,Standard,2,1,1,1,1,40.0,9.38,30.0,27.81,MEDIUM,NORMAL_CUSTOMER,DEVELOPING_FRICTION,Emerging risk indicators | Increasing problem frequency | Early persistence signal
C002884,Paula,Sanders,Saudi Arabia,Premium,2,0,0,0,0,0.0,0.0,0.0,0.0,LOW,NORMAL_CUSTOMER,STABLE_CUSTOMER,Low overall risk | Low severity | Low frequency
C002886,Brian,Alexander,Other,Premium,1,0,0,1,1,40.0,2.5,30.0,25.75,MEDIUM,NORMAL_CUSTOMER,DEVELOPING_FRICTION,Emerging risk indicators | Early persistence signal
C002887,Victoria,Wagner,Pakistan,Premium,1,0,0,0,0,0.0,0.0,0.0,0.0,LOW,NORMAL_CUSTOMER,STABLE_CUSTOMER,Low overall risk | Low severity | Low frequency
C002888,Alyssa,Moss,United Arab Emirates,Standard,2,1,1,0,0,30.0,8.12,0.0,14.44,LOW,NORMAL_CUSTOMER,STABLE_CUSTOMER,Low overall risk | Low severity | Low frequency
C002889,Katie,Wolf,United States,Standard,2,0,0,1,1,40.0,1.25,30.0,25.38,MEDIUM,NORMAL_CUSTOMER,DEVELOPING_FRICTION,Emerging risk indicators | Early persistence signal
C002890,Yvonne,Weiss,United States,Standard,1,0,0,0,0,0.0,0.0,0.0,0.0,LOW,NORMAL_CUSTOMER,STABLE_CUSTOMER,Low overall risk | Low severity | Low frequency
C002891,Terri,Leon,United Arab Emirates,Standard,1,1,1,0,0,30.0,16.25,0.0,16.88,LOW,NORMAL_CUSTOMER,FREQUENT_FRICTION,Frequency score 16.25 | Repeated problematic activity
C002892,Craig,Smith,United Kingdom,Standard,3,2,2,1,1,80.0,11.67,30.0,44.5,MEDIUM,NORMAL_CUSTOMER,RECENT_HIGH_SEVERITY,High severity score 80.00 | Limited evidence of repeated behavior
C002893,Diane,James,United States,Premium,4,3,3,3,2,65.0,14.06,59.0,47.92,MEDIUM,NORMAL_CUSTOMER,PERSISTENT_RISK,Repeated problematic journeys | Persistence score 59.00
C002894,Joseph,Dickerson,United Kingdom,Standard,1,0,0,0,0,0.0,0.0,0.0,0.0,LOW,NORMAL_CUSTOMER,STABLE_CUSTOMER,Low overall risk | Low severity | Low frequency
C002896,Samantha,Dorsey,Other,Premium,4,1,1,0,0,30.0,4.06,0.0,13.22,LOW,LOYAL_LOW_FRICTION_CUSTOMER,LOYAL_STABLE_CUSTOMER,Multiple bookings | Low journey friction | Minimal problematic journeys
C002897,Brian,Larson,Pakistan,Standard,5,1,1,1,1,70.0,3.75,26.0,36.92,MEDIUM,LOYAL_LOW_FRICTION_CUSTOMER,DEVELOPING_FRICTION,Emerging risk indicators | Early persistence signal
C002898,Wendy,Hernandez,Saudi Arabia,VIP,3,1,1,0,0,35.0,5.42,0.0,15.63,LOW,LOYAL_LOW_FRICTION_CUSTOMER,LOYAL_STABLE_CUSTOMER,Multiple bookings | Low journey friction | Minimal problematic journeys
C002899,Jeffrey,Barber,United Arab Emirates,Standard,1,0,0,0,0,0.0,0.0,0.0,0.0,LOW,NORMAL_CUSTOMER,STABLE_CUSTOMER,Low overall risk | Low severity | Low frequency
C002902,Michael,Chavez,United States,Premium,3,0,0,0,0,0.0,0.0,0.0,0.0,LOW,LOYAL_LOW_FRICTION_CUSTOMER,LOYAL_STABLE_CUSTOMER,Multiple bookings | Low journey friction | Minimal problematic journeys
C002903,Mary,Brooks,Saudi Arabia,Standard,2,0,0,0,0,0.0,0.0,0.0,0.0,LOW,NORMAL_CUSTOMER,STABLE_CUSTOMER,Low overall risk | Low severity | Low frequency
C002904,Megan,Obrien,United Arab Emirates,Premium,1,0,0,0,0,0.0,0.0,0.0,0.0,LOW,NORMAL_CUSTOMER,STABLE_CUSTOMER,Low overall risk | Low severity | Low frequency
C002905,Gregory,Jones,Pakistan,Standard,2,0,0,1,1,45.0,1.25,30.0,27.38,MEDIUM,NORMAL_CUSTOMER,DEVELOPING_FRICTION,Emerging risk indicators | Early persistence signal
C002906,Brittany,Taylor,Saudi Arabia,Premium,1,0,0,0,0,0.0,0.0,0.0,0.0,LOW,NORMAL_CUSTOMER,STABLE_CUSTOMER,Low overall risk | Low severity | Low frequency
C002908,Heidi,Moore,Saudi Arabia,Premium,1,1,1,0,0,30.0,16.25,0.0,16.88,LOW,NORMAL_CUSTOMER,FREQUENT_FRICTION,Frequency score 16.25 | Repeated problematic activity
C002909,Robin,Lopez,United Arab Emirates,Standard,2,1,1,0,0,30.0,8.12,0.0,14.44,LOW,NORMAL_CUSTOMER,STABLE_CUSTOMER,Low overall risk | Low severity | Low frequency
C002910,Anthony,Smith,United Arab Emirates,Standard,1,2,2,2,1,65.0,37.5,30.0,46.25,MEDIUM,NORMAL_CUSTOMER,FREQUENT_FRICTION,Frequency score 37.50 | Repeated problematic activity
C002912,Stacey,Swanson,Saudi Arabia,Standard,2,0,0,0,0,0.0,0.0,0.0,0.0,LOW,NORMAL_CUSTOMER,STABLE_CUSTOMER,Low overall risk | Low severity | Low frequency
C002913,Anne,Henry,United Kingdom,Standard,2,0,0,0,0,0.0,0.0,0.0,0.0,LOW,NORMAL_CUSTOMER,STABLE_CUSTOMER,Low overall risk | Low severity | Low frequency
C002915,Jacob,Bentley,Saudi Arabia,Standard,3,1,1,0,0,30.0,5.42,0.0,13.63,LOW,LOYAL_LOW_FRICTION_CUSTOMER,LOYAL_STABLE_CUSTOMER,Multiple bookings | Low journey friction | Minimal problematic journeys
C002916,Vanessa,Waller,United Kingdom,Premium,2,2,2,3,2,65.0,20.0,79.0,55.7,HIGH,FRICTION_PRONE_CUSTOMER,PERSISTENT_RISK,Repeated problematic journeys | Persistence score 79.00
C002917,Nicole,Brooks,United Kingdom,Standard,1,0,0,1,1,45.0,2.5,30.0,27.75,MEDIUM,NORMAL_CUSTOMER,DEVELOPING_FRICTION,Emerging risk indicators | Early persistence signal
C002918,Travis,Burns,United States,Standard,1,0,0,0,0,0.0,0.0,0.0,0.0,LOW,NORMAL_CUSTOMER,STABLE_CUSTOMER,Low overall risk | Low severity | Low frequency
C002919,Kyle,Davidson,United Arab Emirates,Standard,2,0,0,1,1,45.0,1.25,30.0,27.38,MEDIUM,NORMAL_CUSTOMER,DEVELOPING_FRICTION,Emerging risk indicators | Early persistence signal
C002920,Tracy,Chapman,United Arab Emirates,Premium,3,2,2,3,1,100.0,13.33,30.0,53.0,HIGH,FRICTION_PRONE_CUSTOMER,RECENT_HIGH_SEVERITY,High severity score 100.00 | Limited evidence of repeated behavior
C002921,Christopher,Ortiz,United Arab Emirates,Standard,2,0,0,1,1,45.0,1.25,30.0,27.38,MEDIUM,NORMAL_CUSTOMER,DEVELOPING_FRICTION,Emerging risk indicators | Early persistence signal
C002922,Jesse,Williams,United Kingdom,Premium,1,2,2,2,1,65.0,37.5,30.0,46.25,MEDIUM,NORMAL_CUSTOMER,FREQUENT_FRICTION,Frequency score 37.50 | Repeated problematic activity
C002924,Alisha,Cruz,Saudi Arabia,Premium,4,2,2,1,1,75.0,8.75,28.0,41.02,MEDIUM,LOYAL_LOW_FRICTION_CUSTOMER,RECENT_HIGH_SEVERITY,High severity score 75.00 | Limited evidence of repeated behavior
C002925,Aaron,Cunningham,United Arab Emirates,Standard,3,2,2,3,2,65.0,13.33,65.67,49.7,HIGH,FRICTION_PRONE_CUSTOMER,PERSISTENT_RISK,Repeated problematic journeys | Persistence score 65.67
C002926,Samantha,Lee,Other,Standard,2,1,1,0,0,30.0,8.12,0.0,14.44,LOW,NORMAL_CUSTOMER,STABLE_CUSTOMER,Low overall risk | Low severity | Low frequency
C002927,James,Graham,United States,Standard,1,0,0,0,0,0.0,0.0,0.0,0.0,LOW,NORMAL_CUSTOMER,STABLE_CUSTOMER,Low overall risk | Low severity | Low frequency
C002929,Jennifer,Gentry,United States,Standard,3,1,1,1,1,75.0,6.25,30.0,40.88,MEDIUM,LOYAL_LOW_FRICTION_CUSTOMER,RECENT_HIGH_SEVERITY,High severity score 75.00 | Limited evidence of repeated behavior
C002931,Megan,Hicks,Pakistan,Standard,2,0,0,0,0,0.0,0.0,0.0,0.0,LOW,NORMAL_CUSTOMER,STABLE_CUSTOMER,Low overall risk | Low severity | Low frequency
C002932,Marcus,Burns,United Kingdom,Premium,2,1,1,1,1,70.0,9.38,30.0,39.81,MEDIUM,NORMAL_CUSTOMER,DEVELOPING_FRICTION,Emerging risk indicators | Increasing problem frequency | Early persistence signal
C002934,Brenda,Horton,Pakistan,Standard,3,2,2,2,1,65.0,12.5,30.0,38.75,MEDIUM,LOYAL_LOW_FRICTION_CUSTOMER,DEVELOPING_FRICTION,Emerging risk indicators | Increasing problem frequency | Early persistence signal
C002935,Samantha,Curtis,United Kingdom,Standard,3,0,0,1,1,40.0,0.83,30.0,25.25,MEDIUM,LOYAL_LOW_FRICTION_CUSTOMER,DEVELOPING_FRICTION,Emerging risk indicators | Early persistence signal
C002936,Kim,House,Saudi Arabia,Premium,1,0,0,0,0,0.0,0.0,0.0,0.0,LOW,NORMAL_CUSTOMER,STABLE_CUSTOMER,Low overall risk | Low severity | Low frequency
C002937,Meghan,Fitzgerald,United States,VIP,3,3,3,3,1,100.0,18.75,30.0,54.62,HIGH,FRICTION_PRONE_CUSTOMER,RECENT_HIGH_SEVERITY,High severity score 100.00 | Limited evidence of repeated behavior
C002938,Michelle,Allen,Pakistan,Standard,1,0,0,0,0,0.0,0.0,0.0,0.0,LOW,NORMAL_CUSTOMER,STABLE_CUSTOMER,Low overall risk | Low severity | Low frequency
C002939,Susan,Johnson,Other,Premium,5,1,1,2,2,80.0,4.25,55.0,49.78,HIGH,FRICTION_PRONE_CUSTOMER,PERSISTENT_RISK,Repeated problematic journeys | Persistence score 55.00
C002940,Nathaniel,Li,Saudi Arabia,Standard,2,2,2,2,1,65.0,18.75,30.0,40.62,MEDIUM,NORMAL_CUSTOMER,FREQUENT_FRICTION,Frequency score 18.75 | Repeated problematic activity
C002941,Sheri,Mccoy,Saudi Arabia,Premium,2,2,2,0,0,35.0,16.25,0.0,18.88,LOW,NORMAL_CUSTOMER,FREQUENT_FRICTION,Frequency score 16.25 | Repeated problematic activity
C002942,Randall,Rhodes,Pakistan,Standard,3,1,1,0,0,35.0,5.42,0.0,15.63,LOW,LOYAL_LOW_FRICTION_CUSTOMER,LOYAL_STABLE_CUSTOMER,Multiple bookings | Low journey friction | Minimal problematic journeys
C002943,Craig,Terry,Saudi Arabia,Standard,3,0,0,1,1,45.0,0.83,30.0,27.25,MEDIUM,LOYAL_LOW_FRICTION_CUSTOMER,DEVELOPING_FRICTION,Emerging risk indicators | Early persistence signal
C002945,Derek,Green,United States,Standard,1,0,0,0,0,0.0,0.0,0.0,0.0,LOW,NORMAL_CUSTOMER,STABLE_CUSTOMER,Low overall risk | Low severity | Low frequency
C002946,Eric,Gibson,Saudi Arabia,Standard,1,0,0,0,0,0.0,0.0,0.0,0.0,LOW,NORMAL_CUSTOMER,STABLE_CUSTOMER,Low overall risk | Low severity | Low frequency
C002947,Stacy,Becker,Pakistan,Premium,4,0,0,2,2,45.0,1.25,59.0,36.08,MEDIUM,NORMAL_CUSTOMER,PERSISTENT_RISK,Repeated problematic journeys | Persistence score 59.00
C002948,Latoya,King,Pakistan,Standard,2,0,0,0,0,0.0,0.0,0.0,0.0,LOW,NORMAL_CUSTOMER,STABLE_CUSTOMER,Low overall risk | Low severity | Low frequency
C002950,Debra,Lynn,Other,Premium,3,1,1,1,1,75.0,6.25,30.0,40.88,MEDIUM,LOYAL_LOW_FRICTION_CUSTOMER,RECENT_HIGH_SEVERITY,High severity score 75.00 | Limited evidence of repeated behavior
C002951,Grant,Skinner,United States,Standard,4,1,1,0,0,35.0,4.06,0.0,15.22,LOW,LOYAL_LOW_FRICTION_CUSTOMER,LOYAL_STABLE_CUSTOMER,Multiple bookings | Low journey friction | Minimal problematic journeys
C002952,Tanya,Smith,United Kingdom,Standard,2,1,1,2,2,75.0,10.62,79.0,56.89,HIGH,FRICTION_PRONE_CUSTOMER,PERSISTENT_RISK,Repeated problematic journeys | Persistence score 79.00
C002954,Sarah,Newman,United Arab Emirates,Premium,3,0,0,1,1,40.0,0.83,30.0,25.25,MEDIUM,LOYAL_LOW_FRICTION_CUSTOMER,DEVELOPING_FRICTION,Emerging risk indicators | Early persistence signal
C002957,Brianna,Willis,United Kingdom,Standard,2,0,0,0,0,0.0,0.0,0.0,0.0,LOW,NORMAL_CUSTOMER,STABLE_CUSTOMER,Low overall risk | Low severity | Low frequency
C002959,Kurt,Stone,Saudi Arabia,Standard,3,1,1,1,1,40.0,6.25,30.0,26.88,MEDIUM,LOYAL_LOW_FRICTION_CUSTOMER,DEVELOPING_FRICTION,Emerging risk indicators | Increasing problem frequency | Early persistence signal
C002960,Haley,Lopez,United States,Standard,4,2,2,3,1,100.0,10.0,28.0,51.4,HIGH,FRICTION_PRONE_CUSTOMER,RECENT_HIGH_SEVERITY,High severity score 100.00 | Limited evidence of repeated behavior
C002962,Jessica,Gallegos,United Arab Emirates,Premium,2,0,0,0,0,0.0,0.0,0.0,0.0,LOW,NORMAL_CUSTOMER,STABLE_CUSTOMER,Low overall risk | Low severity | Low frequency
C002963,Stacy,King,United Arab Emirates,VIP,4,1,1,1,1,45.0,4.69,28.0,27.81,MEDIUM,LOYAL_LOW_FRICTION_CUSTOMER,DEVELOPING_FRICTION,Emerging risk indicators | Early persistence signal
C002965,Peter,Ponce,Other,Premium,6,0,0,0,0,0.0,0.0,0.0,0.0,LOW,LOYAL_LOW_FRICTION_CUSTOMER,LOYAL_STABLE_CUSTOMER,Multiple bookings | Low journey friction | Minimal problematic journeys
C002966,Virginia,Barrett,United Kingdom,Premium,2,0,0,0,0,0.0,0.0,0.0,0.0,LOW,NORMAL_CUSTOMER,STABLE_CUSTOMER,Low overall risk | Low severity | Low frequency
C002967,Tammy,Reyes,United Kingdom,Standard,1,1,1,0,0,35.0,16.25,0.0,18.88,LOW,NORMAL_CUSTOMER,FREQUENT_FRICTION,Frequency score 16.25 | Repeated problematic activity
C002968,Antonio,Parker,Pakistan,Standard,2,1,1,0,0,30.0,8.12,0.0,14.44,LOW,NORMAL_CUSTOMER,STABLE_CUSTOMER,Low overall risk | Low severity | Low frequency
C002970,Samantha,Walter,United Arab Emirates,Standard,2,0,0,1,1,45.0,1.25,30.0,27.38,MEDIUM,NORMAL_CUSTOMER,DEVELOPING_FRICTION,Emerging risk indicators | Early persistence signal
C002971,Tammy,Luna,United Arab Emirates,Standard,1,0,0,0,0,0.0,0.0,0.0,0.0,LOW,NORMAL_CUSTOMER,STABLE_CUSTOMER,Low overall risk | Low severity | Low frequency
C002972,Jeffrey,Davis,Saudi Arabia,Standard,5,3,3,4,2,100.0,11.75,55.0,60.02,HIGH,FRICTION_PRONE_CUSTOMER,PERSISTENT_RISK,Repeated problematic journeys | Persistence score 55.00
C002973,Ariana,Fields,United States,Premium,4,1,1,1,1,45.0,4.69,28.0,27.81,MEDIUM,LOYAL_LOW_FRICTION_CUSTOMER,DEVELOPING_FRICTION,Emerging risk indicators | Early persistence signal
C002975,Donald,Cooper,United Arab Emirates,Standard,1,0,0,0,0,0.0,0.0,0.0,0.0,LOW,NORMAL_CUSTOMER,STABLE_CUSTOMER,Low overall risk | Low severity | Low frequency
C002976,Julie,Thomas,Saudi Arabia,Standard,2,1,1,0,0,30.0,8.12,0.0,14.44,LOW,NORMAL_CUSTOMER,STABLE_CUSTOMER,Low overall risk | Low severity | Low frequency
C002977,John,Goodman,United States,Standard,3,0,0,1,1,45.0,0.83,30.0,27.25,MEDIUM,LOYAL_LOW_FRICTION_CUSTOMER,DEVELOPING_FRICTION,Emerging risk indicators | Early persistence signal
C002978,Toni,Conrad,Saudi Arabia,VIP,2,2,2,2,1,65.0,18.75,30.0,40.62,MEDIUM,NORMAL_CUSTOMER,FREQUENT_FRICTION,Frequency score 18.75 | Repeated problematic activity
C002979,Gary,Sanders,United Kingdom,Standard,2,0,0,0,0,0.0,0.0,0.0,0.0,LOW,NORMAL_CUSTOMER,STABLE_CUSTOMER,Low overall risk | Low severity | Low frequency
C002980,Nicole,Parker,Other,Standard,4,0,0,0,0,0.0,0.0,0.0,0.0,LOW,LOYAL_LOW_FRICTION_CUSTOMER,LOYAL_STABLE_CUSTOMER,Multiple bookings | Low journey friction | Minimal problematic journeys
C002981,Christopher,Benitez,United Arab Emirates,Premium,1,0,0,0,0,0.0,0.0,0.0,0.0,LOW,NORMAL_CUSTOMER,STABLE_CUSTOMER,Low overall risk | Low severity | Low frequency
C002982,Jenna,Velasquez,Saudi Arabia,Standard,1,0,0,0,0,0.0,0.0,0.0,0.0,LOW,NORMAL_CUSTOMER,STABLE_CUSTOMER,Low overall risk | Low severity | Low frequency
C002983,Danielle,Smith,United Kingdom,Premium,1,0,0,0,0,0.0,0.0,0.0,0.0,LOW,NORMAL_CUSTOMER,STABLE_CUSTOMER,Low overall risk | Low severity | Low frequency
C002984,Olivia,Jones,United States,Standard,3,2,2,4,2,100.0,14.17,65.67,63.95,HIGH,FRICTION_PRONE_CUSTOMER,PERSISTENT_RISK,Repeated problematic journeys | Persistence score 65.67
C002986,Joseph,Warren,Other,Premium,2,0,0,0,0,0.0,0.0,0.0,0.0,LOW,NORMAL_CUSTOMER,STABLE_CUSTOMER,Low overall risk | Low severity | Low frequency
C002988,Carlos,Quinn,Pakistan,Standard,1,1,1,0,0,30.0,16.25,0.0,16.88,LOW,NORMAL_CUSTOMER,FREQUENT_FRICTION,Frequency score 16.25 | Repeated problematic activity
C002989,Jonathan,Jackson,United Kingdom,Standard,1,2,2,2,1,60.0,37.5,30.0,44.25,MEDIUM,NORMAL_CUSTOMER,FREQUENT_FRICTION,Frequency score 37.50 | Repeated problematic activity
C002990,Daniel,Brooks,Other,Standard,4,0,0,1,1,45.0,0.62,28.0,26.59,MEDIUM,LOYAL_LOW_FRICTION_CUSTOMER,DEVELOPING_FRICTION,Emerging risk indicators | Early persistence signal
C002991,Aaron,Padilla,Saudi Arabia,Premium,5,0,0,3,3,40.0,1.5,75.0,38.95,MEDIUM,NORMAL_CUSTOMER,PERSISTENT_RISK,Repeated problematic journeys | Persistence score 75.00
C002994,Tanya,Fry,United Arab Emirates,Standard,3,2,2,3,2,65.0,13.33,65.67,49.7,HIGH,FRICTION_PRONE_CUSTOMER,PERSISTENT_RISK,Repeated problematic journeys | Persistence score 65.67
C002995,Nicole,Hayes,Saudi Arabia,Premium,4,2,2,2,1,65.0,9.38,28.0,37.21,MEDIUM,LOYAL_LOW_FRICTION_CUSTOMER,DEVELOPING_FRICTION,Emerging risk indicators | Increasing problem frequency | Early persistence signal
C002998,Amy,Brown,United Arab Emirates,Premium,1,0,0,1,1,40.0,2.5,30.0,25.75,MEDIUM,NORMAL_CUSTOMER,DEVELOPING_FRICTION,Emerging risk indicators | Early persistence signal
C002999,Craig,White,Saudi Arabia,Standard,1,0,0,0,0,0.0,0.0,0.0,0.0,LOW,NORMAL_CUSTOMER,STABLE_CUSTOMER,Low overall risk | Low severity | Low frequency
C003000,Timothy,Malone,Other,Standard,2,0,0,0,0,0.0,0.0,0.0,0.0,LOW,NORMAL_CUSTOMER,STABLE_CUSTOMER,Low overall risk | Low severity | Low frequency
C003002,Debra,Barrera,United States,Standard,1,0,0,1,1,40.0,2.5,30.0,25.75,MEDIUM,NORMAL_CUSTOMER,DEVELOPING_FRICTION,Emerging risk indicators | Early persistence signal
C003005,Charles,Weber,Pakistan,Standard,3,1,1,1,1,75.0,6.25,30.0,40.88,MEDIUM,LOYAL_LOW_FRICTION_CUSTOMER,RECENT_HIGH_SEVERITY,High severity score 75.00 | Limited evidence of repeated behavior
C003006,Megan,Oneill,United States,Standard,4,1,1,0,0,30.0,4.06,0.0,13.22,LOW,LOYAL_LOW_FRICTION_CUSTOMER,LOYAL_STABLE_CUSTOMER,Multiple bookings | Low journey friction | Minimal problematic journeys
C003008,Lucas,Carter,Saudi Arabia,Standard,1,0,0,0,0,0.0,0.0,0.0,0.0,LOW,NORMAL_CUSTOMER,STABLE_CUSTOMER,Low overall risk | Low severity | Low frequency
C003009,Stephanie,Gray,United Kingdom,Standard,1,1,1,0,0,35.0,16.25,0.0,18.88,LOW,NORMAL_CUSTOMER,FREQUENT_FRICTION,Frequency score 16.25 | Repeated problematic activity
C003010,Charles,Hill,Saudi Arabia,Standard,3,1,1,0,0,30.0,5.42,0.0,13.63,LOW,LOYAL_LOW_FRICTION_CUSTOMER,LOYAL_STABLE_CUSTOMER,Multiple bookings | Low journey friction | Minimal problematic journeys
C003011,George,Peterson,Pakistan,Standard,4,3,3,0,0,30.0,12.19,0.0,15.66,LOW,LOYAL_LOW_FRICTION_CUSTOMER,LOYAL_STABLE_CUSTOMER,Multiple bookings | Low journey friction | Minimal problematic journeys
C003013,Jessica,Woods,United Arab Emirates,Standard,1,0,0,0,0,0.0,0.0,0.0,0.0,LOW,NORMAL_CUSTOMER,STABLE_CUSTOMER,Low overall risk | Low severity | Low frequency
C003014,Amy,Chambers,United Arab Emirates,Standard,1,0,0,0,0,0.0,0.0,0.0,0.0,LOW,NORMAL_CUSTOMER,STABLE_CUSTOMER,Low overall risk | Low severity | Low frequency
C003016,Christopher,Brown,United Arab Emirates,Standard,1,0,0,0,0,0.0,0.0,0.0,0.0,LOW,NORMAL_CUSTOMER,STABLE_CUSTOMER,Low overall risk | Low severity | Low frequency
C003019,Timothy,Aguilar,Saudi Arabia,Premium,1,0,0,0,0,0.0,0.0,0.0,0.0,LOW,NORMAL_CUSTOMER,STABLE_CUSTOMER,Low overall risk | Low severity | Low frequency
C003020,Anthony,Huerta,United States,Standard,3,3,3,3,2,65.0,18.75,65.67,51.33,HIGH,FRICTION_PRONE_CUSTOMER,PERSISTENT_RISK,Repeated problematic journeys | Persistence score 65.67
C003021,Sherri,Davis,Saudi Arabia,Premium,3,2,2,2,2,70.0,12.5,65.67,51.45,HIGH,FRICTION_PRONE_CUSTOMER,PERSISTENT_RISK,Repeated problematic journeys | Persistence score 65.67
C003023,Pamela,Smith,United Kingdom,VIP,2,0,0,1,1,40.0,1.25,30.0,25.38,MEDIUM,NORMAL_CUSTOMER,DEVELOPING_FRICTION,Emerging risk indicators | Early persistence signal
C003029,Jennifer,Rogers,United Kingdom,Standard,2,0,0,0,0,0.0,0.0,0.0,0.0,LOW,NORMAL_CUSTOMER,STABLE_CUSTOMER,Low overall risk | Low severity | Low frequency
C003030,Jessica,Jordan,Pakistan,Premium,2,0,0,0,0,0.0,0.0,0.0,0.0,LOW,NORMAL_CUSTOMER,STABLE_CUSTOMER,Low overall risk | Low severity | Low frequency
C003031,Joseph,Wood,Saudi Arabia,Standard,2,3,3,4,2,100.0,29.38,79.0,72.51,HIGH,FRICTION_PRONE_CUSTOMER,PERSISTENT_RISK,Repeated problematic journeys | Persistence score 79.00
C003032,Juan,Wu,United Arab Emirates,Standard,1,1,1,0,0,30.0,16.25,0.0,16.88,LOW,NORMAL_CUSTOMER,FREQUENT_FRICTION,Frequency score 16.25 | Repeated problematic activity
C003033,John,Key,United States,Standard,1,0,0,0,0,0.0,0.0,0.0,0.0,LOW,NORMAL_CUSTOMER,STABLE_CUSTOMER,Low overall risk | Low severity | Low frequency
C003037,Eric,Gray,United Arab Emirates,Standard,2,0,0,2,2,45.0,2.5,79.0,42.45,MEDIUM,NORMAL_CUSTOMER,PERSISTENT_RISK,Repeated problematic journeys | Persistence score 79.00
C003038,Michael,Brown,Other,Standard,1,0,0,0,0,0.0,0.0,0.0,0.0,LOW,NORMAL_CUSTOMER,STABLE_CUSTOMER,Low overall risk | Low severity | Low frequency
C003040,Kelly,Rivera,Pakistan,Premium,1,0,0,1,1,40.0,2.5,30.0,25.75,MEDIUM,NORMAL_CUSTOMER,DEVELOPING_FRICTION,Emerging risk indicators | Early persistence signal
C003041,Ebony,Garcia,Saudi Arabia,Standard,2,0,0,0,0,0.0,0.0,0.0,0.0,LOW,NORMAL_CUSTOMER,STABLE_CUSTOMER,Low overall risk | Low severity | Low frequency
C003042,Caroline,Bryant,Other,Standard,1,0,0,0,0,0.0,0.0,0.0,0.0,LOW,NORMAL_CUSTOMER,STABLE_CUSTOMER,Low overall risk | Low severity | Low frequency
C003043,James,Hale,Saudi Arabia,Standard,2,0,0,0,0,0.0,0.0,0.0,0.0,LOW,NORMAL_CUSTOMER,STABLE_CUSTOMER,Low overall risk | Low severity | Low frequency
C003045,George,Barron,United Kingdom,Standard,1,0,0,1,1,45.0,2.5,30.0,27.75,MEDIUM,NORMAL_CUSTOMER,DEVELOPING_FRICTION,Emerging risk indicators | Early persistence signal
C003047,Christopher,Guzman,United Arab Emirates,Standard,3,1,1,0,0,35.0,5.42,0.0,15.63,LOW,LOYAL_LOW_FRICTION_CUSTOMER,LOYAL_STABLE_CUSTOMER,Multiple bookings | Low journey friction | Minimal problematic journeys
C003048,Megan,Melton,United Arab Emirates,Standard,1,1,1,0,0,30.0,16.25,0.0,16.88,LOW,NORMAL_CUSTOMER,FREQUENT_FRICTION,Frequency score 16.25 | Repeated problematic activity
C003049,Kyle,Ramirez,United Arab Emirates,Standard,2,0,0,0,0,0.0,0.0,0.0,0.0,LOW,NORMAL_CUSTOMER,STABLE_CUSTOMER,Low overall risk | Low severity | Low frequency
C003050,Raymond,Lyons,Saudi Arabia,Premium,2,0,0,0,0,0.0,0.0,0.0,0.0,LOW,NORMAL_CUSTOMER,STABLE_CUSTOMER,Low overall risk | Low severity | Low frequency
C003051,Tracy,Briggs,Saudi Arabia,Standard,1,0,0,0,0,0.0,0.0,0.0,0.0,LOW,NORMAL_CUSTOMER,STABLE_CUSTOMER,Low overall risk | Low severity | Low frequency
C003052,Donna,Richardson,United Arab Emirates,Standard,1,0,0,1,1,45.0,2.5,30.0,27.75,MEDIUM,NORMAL_CUSTOMER,DEVELOPING_FRICTION,Emerging risk indicators | Early persistence signal
C003053,Christopher,Montgomery,Saudi Arabia,Standard,3,1,1,0,0,35.0,5.42,0.0,15.63,LOW,LOYAL_LOW_FRICTION_CUSTOMER,LOYAL_STABLE_CUSTOMER,Multiple bookings | Low journey friction | Minimal problematic journeys
C003054,Amy,Hopkins,Saudi Arabia,Premium,1,0,0,1,1,40.0,2.5,30.0,25.75,MEDIUM,NORMAL_CUSTOMER,DEVELOPING_FRICTION,Emerging risk indicators | Early persistence signal
C003055,Jackson,Alvarez,United Kingdom,Standard,3,1,1,0,0,30.0,5.42,0.0,13.63,LOW,LOYAL_LOW_FRICTION_CUSTOMER,LOYAL_STABLE_CUSTOMER,Multiple bookings | Low journey friction | Minimal problematic journeys
C003056,Nicole,Gutierrez,Other,Standard,1,0,0,0,0,0.0,0.0,0.0,0.0,LOW,NORMAL_CUSTOMER,STABLE_CUSTOMER,Low overall risk | Low severity | Low frequency
C003057,Mike,Lopez,Pakistan,Standard,2,1,1,1,1,40.0,9.38,30.0,27.81,MEDIUM,NORMAL_CUSTOMER,DEVELOPING_FRICTION,Emerging risk indicators | Increasing problem frequency | Early persistence signal
C003058,Sean,Andersen,Saudi Arabia,Standard,2,2,2,2,2,70.0,18.75,79.0,57.32,HIGH,FRICTION_PRONE_CUSTOMER,PERSISTENT_RISK,Repeated problematic journeys | Persistence score 79.00
C003060,Steven,Hess,Other,Standard,1,2,2,2,1,60.0,37.5,30.0,44.25,MEDIUM,NORMAL_CUSTOMER,FREQUENT_FRICTION,Frequency score 37.50 | Repeated problematic activity
C003061,Jeremy,Smith,Saudi Arabia,Standard,1,0,0,0,0,0.0,0.0,0.0,0.0,LOW,NORMAL_CUSTOMER,STABLE_CUSTOMER,Low overall risk | Low severity | Low frequency
C003062,Joseph,Ward,Saudi Arabia,Standard,2,1,1,0,0,30.0,8.12,0.0,14.44,LOW,NORMAL_CUSTOMER,STABLE_CUSTOMER,Low overall risk | Low severity | Low frequency
C003063,Bryan,Williams,Pakistan,Standard,3,0,0,1,1,45.0,0.83,30.0,27.25,MEDIUM,LOYAL_LOW_FRICTION_CUSTOMER,DEVELOPING_FRICTION,Emerging risk indicators | Early persistence signal
C003065,Elizabeth,Nguyen,Pakistan,Premium,1,0,0,1,1,40.0,2.5,30.0,25.75,MEDIUM,NORMAL_CUSTOMER,DEVELOPING_FRICTION,Emerging risk indicators | Early persistence signal
C003067,Maurice,Lawson,Saudi Arabia,Standard,2,0,0,1,1,40.0,1.25,30.0,25.38,MEDIUM,NORMAL_CUSTOMER,DEVELOPING_FRICTION,Emerging risk indicators | Early persistence signal
C003068,Amber,Ross,Other,Standard,3,0,0,3,3,40.0,2.5,91.0,44.05,MEDIUM,NORMAL_CUSTOMER,PERSISTENT_RISK,Repeated problematic journeys | Persistence score 91.00
C003069,Tara,Salazar,Saudi Arabia,Premium,1,0,0,1,1,40.0,2.5,30.0,25.75,MEDIUM,NORMAL_CUSTOMER,DEVELOPING_FRICTION,Emerging risk indicators | Early persistence signal
C003070,Brittany,Miller,United Kingdom,Standard,2,0,0,1,1,45.0,1.25,30.0,27.38,MEDIUM,NORMAL_CUSTOMER,DEVELOPING_FRICTION,Emerging risk indicators | Early persistence signal
C003072,Mary,Huynh,Pakistan,Standard,1,0,0,0,0,0.0,0.0,0.0,0.0,LOW,NORMAL_CUSTOMER,STABLE_CUSTOMER,Low overall risk | Low severity | Low frequency
C003073,Loretta,Galvan,United Arab Emirates,Standard,6,4,4,8,6,65.0,14.17,100.0,60.25,HIGH,FRICTION_PRONE_CUSTOMER,PERSISTENT_RISK,Repeated problematic journeys | Persistence score 100.00
C003074,Robert,Hatfield,Saudi Arabia,Standard,2,0,0,1,1,40.0,1.25,30.0,25.38,MEDIUM,NORMAL_CUSTOMER,DEVELOPING_FRICTION,Emerging risk indicators | Early persistence signal
C003075,Amanda,Vincent,Pakistan,Standard,1,0,0,0,0,0.0,0.0,0.0,0.0,LOW,NORMAL_CUSTOMER,STABLE_CUSTOMER,Low overall risk | Low severity | Low frequency
C003076,Michelle,Stein,Other,Standard,3,0,0,0,0,0.0,0.0,0.0,0.0,LOW,LOYAL_LOW_FRICTION_CUSTOMER,LOYAL_STABLE_CUSTOMER,Multiple bookings | Low journey friction | Minimal problematic journeys
C003077,Thomas,Navarro,Other,Standard,1,0,0,0,0,0.0,0.0,0.0,0.0,LOW,NORMAL_CUSTOMER,STABLE_CUSTOMER,Low overall risk | Low severity | Low frequency
C003079,Thomas,Lee,Saudi Arabia,Standard,1,0,0,0,0,0.0,0.0,0.0,0.0,LOW,NORMAL_CUSTOMER,STABLE_CUSTOMER,Low overall risk | Low severity | Low frequency
C003080,Christian,Thomas,Other,Standard,1,0,0,1,1,45.0,2.5,30.0,27.75,MEDIUM,NORMAL_CUSTOMER,DEVELOPING_FRICTION,Emerging risk indicators | Early persistence signal
C003082,Jennifer,Armstrong,Other,Premium,4,0,0,1,1,40.0,0.62,28.0,24.59,MEDIUM,LOYAL_LOW_FRICTION_CUSTOMER,DEVELOPING_FRICTION,Emerging risk indicators | Early persistence signal
C003084,Rachel,Wagner,Pakistan,Premium,5,2,2,0,0,30.0,6.5,0.0,13.95,LOW,LOYAL_LOW_FRICTION_CUSTOMER,LOYAL_STABLE_CUSTOMER,Multiple bookings | Low journey friction | Minimal problematic journeys
C003085,Lauren,Anderson,United Kingdom,Standard,2,1,1,0,0,30.0,8.12,0.0,14.44,LOW,NORMAL_CUSTOMER,STABLE_CUSTOMER,Low overall risk | Low severity | Low frequency
C003086,Erica,Robles,United Kingdom,Standard,1,0,0,0,0,0.0,0.0,0.0,0.0,LOW,NORMAL_CUSTOMER,STABLE_CUSTOMER,Low overall risk | Low severity | Low frequency
C003087,Christine,Turner,United Arab Emirates,VIP,2,0,0,0,0,0.0,0.0,0.0,0.0,LOW,NORMAL_CUSTOMER,STABLE_CUSTOMER,Low overall risk | Low severity | Low frequency
C003088,David,Nunez,Saudi Arabia,Standard,2,1,1,1,1,40.0,9.38,30.0,27.81,MEDIUM,NORMAL_CUSTOMER,DEVELOPING_FRICTION,Emerging risk indicators | Increasing problem frequency | Early persistence signal
C003089,Katherine,Dunn,Pakistan,Standard,1,0,0,0,0,0.0,0.0,0.0,0.0,LOW,NORMAL_CUSTOMER,STABLE_CUSTOMER,Low overall risk | Low severity | Low frequency
C003090,Gerald,Baxter,Saudi Arabia,Standard,2,0,0,0,0,0.0,0.0,0.0,0.0,LOW,NORMAL_CUSTOMER,STABLE_CUSTOMER,Low overall risk | Low severity | Low frequency
C003092,Teresa,Griffin,Other,Premium,1,0,0,0,0,0.0,0.0,0.0,0.0,LOW,NORMAL_CUSTOMER,STABLE_CUSTOMER,Low overall risk | Low severity | Low frequency
C003093,Lindsey,Wilson,United Arab Emirates,Premium,2,1,1,1,1,75.0,9.38,30.0,41.81,MEDIUM,NORMAL_CUSTOMER,RECENT_HIGH_SEVERITY,High severity score 75.00 | Limited evidence of repeated behavior
C003094,David,Bates,United States,Standard,2,1,1,0,0,30.0,8.12,0.0,14.44,LOW,NORMAL_CUSTOMER,STABLE_CUSTOMER,Low overall risk | Low severity | Low frequency
C003096,Vanessa,Lewis,United Kingdom,Premium,1,2,2,2,1,65.0,37.5,30.0,46.25,MEDIUM,NORMAL_CUSTOMER,FREQUENT_FRICTION,Frequency score 37.50 | Repeated problematic activity
C003097,Ryan,Mullins,Other,Standard,3,0,0,0,0,0.0,0.0,0.0,0.0,LOW,LOYAL_LOW_FRICTION_CUSTOMER,LOYAL_STABLE_CUSTOMER,Multiple bookings | Low journey friction | Minimal problematic journeys
C003098,Wendy,Keller,Saudi Arabia,Standard,1,1,1,0,0,35.0,16.25,0.0,18.88,LOW,NORMAL_CUSTOMER,FREQUENT_FRICTION,Frequency score 16.25 | Repeated problematic activity
C003100,Mary,Graham,United Arab Emirates,Standard,2,2,2,2,1,60.0,18.75,30.0,38.62,MEDIUM,NORMAL_CUSTOMER,FREQUENT_FRICTION,Frequency score 18.75 | Repeated problematic activity
C003103,Robin,Hickman,Other,Standard,1,2,2,3,1,100.0,40.0,30.0,61.0,HIGH,FRICTION_PRONE_CUSTOMER,RECENT_HIGH_SEVERITY,High severity score 100.00 | Limited evidence of repeated behavior
C003104,Carl,Orr,United Arab Emirates,Standard,1,0,0,1,1,45.0,2.5,30.0,27.75,MEDIUM,NORMAL_CUSTOMER,DEVELOPING_FRICTION,Emerging risk indicators | Early persistence signal
C003105,Paul,Miranda,Saudi Arabia,Premium,4,3,3,0,0,35.0,12.19,0.0,17.66,LOW,LOYAL_LOW_FRICTION_CUSTOMER,LOYAL_STABLE_CUSTOMER,Multiple bookings | Low journey friction | Minimal problematic journeys
C003107,Mark,Scott,United Kingdom,Premium,1,0,0,0,0,0.0,0.0,0.0,0.0,LOW,NORMAL_CUSTOMER,STABLE_CUSTOMER,Low overall risk | Low severity | Low frequency
C003109,Stephen,Merritt,Pakistan,Standard,2,1,1,0,0,35.0,8.12,0.0,16.44,LOW,NORMAL_CUSTOMER,STABLE_CUSTOMER,Low overall risk | Low severity | Low frequency
C003110,Morgan,Martinez,Pakistan,Standard,2,0,0,1,1,40.0,1.25,30.0,25.38,MEDIUM,NORMAL_CUSTOMER,DEVELOPING_FRICTION,Emerging risk indicators | Early persistence signal
C003111,Kristin,Taylor,Pakistan,Standard,2,0,0,1,1,40.0,1.25,30.0,25.38,MEDIUM,NORMAL_CUSTOMER,DEVELOPING_FRICTION,Emerging risk indicators | Early persistence signal
C003112,Cindy,Nichols,Saudi Arabia,Premium,2,0,0,1,1,40.0,1.25,30.0,25.38,MEDIUM,NORMAL_CUSTOMER,DEVELOPING_FRICTION,Emerging risk indicators | Early persistence signal
C003113,Alexandra,Swanson,United Kingdom,Premium,1,1,1,0,0,35.0,16.25,0.0,18.88,LOW,NORMAL_CUSTOMER,FREQUENT_FRICTION,Frequency score 16.25 | Repeated problematic activity
C003114,Robert,Davis,Saudi Arabia,Standard,2,1,1,0,0,35.0,8.12,0.0,16.44,LOW,NORMAL_CUSTOMER,STABLE_CUSTOMER,Low overall risk | Low severity | Low frequency
C003115,Robert,Holt,Saudi Arabia,Standard,1,1,1,0,0,30.0,16.25,0.0,16.88,LOW,NORMAL_CUSTOMER,FREQUENT_FRICTION,Frequency score 16.25 | Repeated problematic activity
C003116,Eddie,Wiggins,Other,Standard,2,0,0,0,0,0.0,0.0,0.0,0.0,LOW,NORMAL_CUSTOMER,STABLE_CUSTOMER,Low overall risk | Low severity | Low frequency
C003117,Brianna,Huynh,United Kingdom,Premium,1,0,0,0,0,0.0,0.0,0.0,0.0,LOW,NORMAL_CUSTOMER,STABLE_CUSTOMER,Low overall risk | Low severity | Low frequency
C003118,Katherine,Miranda,Saudi Arabia,Standard,4,0,0,1,1,40.0,0.62,28.0,24.59,MEDIUM,LOYAL_LOW_FRICTION_CUSTOMER,DEVELOPING_FRICTION,Emerging risk indicators | Early persistence signal
C003119,Sheila,Burke,Saudi Arabia,Standard,1,1,1,0,0,35.0,16.25,0.0,18.88,LOW,NORMAL_CUSTOMER,FREQUENT_FRICTION,Frequency score 16.25 | Repeated problematic activity
C003120,Sara,Schneider,Saudi Arabia,Standard,1,0,0,1,1,40.0,2.5,30.0,25.75,MEDIUM,NORMAL_CUSTOMER,DEVELOPING_FRICTION,Emerging risk indicators | Early persistence signal
C003121,Anna,Bennett,Saudi Arabia,Standard,3,3,3,3,2,65.0,18.75,65.67,51.33,HIGH,FRICTION_PRONE_CUSTOMER,PERSISTENT_RISK,Repeated problematic journeys | Persistence score 65.67
C003122,Craig,Love,Saudi Arabia,Standard,1,0,0,0,0,0.0,0.0,0.0,0.0,LOW,NORMAL_CUSTOMER,STABLE_CUSTOMER,Low overall risk | Low severity | Low frequency
C003123,Justin,Fitzgerald,Saudi Arabia,Standard,2,0,0,0,0,0.0,0.0,0.0,0.0,LOW,NORMAL_CUSTOMER,STABLE_CUSTOMER,Low overall risk | Low severity | Low frequency
C003124,Amanda,James,United Arab Emirates,Standard,1,1,1,0,0,30.0,16.25,0.0,16.88,LOW,NORMAL_CUSTOMER,FREQUENT_FRICTION,Frequency score 16.25 | Repeated problematic activity
C003125,Maurice,May,United Kingdom,Standard,3,1,1,1,1,40.0,6.25,30.0,26.88,MEDIUM,LOYAL_LOW_FRICTION_CUSTOMER,DEVELOPING_FRICTION,Emerging risk indicators | Increasing problem frequency | Early persistence signal
C003126,Robert,Hoffman,Pakistan,Premium,1,0,0,0,0,0.0,0.0,0.0,0.0,LOW,NORMAL_CUSTOMER,STABLE_CUSTOMER,Low overall risk | Low severity | Low frequency
C003128,Todd,Stokes,Saudi Arabia,Standard,1,1,1,0,0,30.0,16.25,0.0,16.88,LOW,NORMAL_CUSTOMER,FREQUENT_FRICTION,Frequency score 16.25 | Repeated problematic activity
C003130,Benjamin,Wilson,United States,Standard,3,1,1,2,2,70.0,7.08,65.67,49.82,HIGH,FRICTION_PRONE_CUSTOMER,PERSISTENT_RISK,Repeated problematic journeys | Persistence score 65.67
C003135,Benjamin,Garner,Saudi Arabia,Standard,2,0,0,0,0,0.0,0.0,0.0,0.0,LOW,NORMAL_CUSTOMER,STABLE_CUSTOMER,Low overall risk | Low severity | Low frequency
C003136,Pamela,Wilson,Pakistan,Standard,1,0,0,1,1,45.0,2.5,30.0,27.75,MEDIUM,NORMAL_CUSTOMER,DEVELOPING_FRICTION,Emerging risk indicators | Early persistence signal
C003137,Martin,Richardson,United Kingdom,Standard,3,0,0,0,0,0.0,0.0,0.0,0.0,LOW,LOYAL_LOW_FRICTION_CUSTOMER,LOYAL_STABLE_CUSTOMER,Multiple bookings | Low journey friction | Minimal problematic journeys
C003138,John,Castaneda,United Kingdom,Premium,2,0,0,0,0,0.0,0.0,0.0,0.0,LOW,NORMAL_CUSTOMER,STABLE_CUSTOMER,Low overall risk | Low severity | Low frequency
C003139,Julie,Finley,Pakistan,Standard,2,1,1,0,0,35.0,8.12,0.0,16.44,LOW,NORMAL_CUSTOMER,STABLE_CUSTOMER,Low overall risk | Low severity | Low frequency
C003141,Penny,Smith,United Arab Emirates,VIP,5,2,2,4,3,60.0,8.5,75.0,49.05,HIGH,FRICTION_PRONE_CUSTOMER,PERSISTENT_RISK,Repeated problematic journeys | Persistence score 75.00
C003142,Andrew,Brown,Other,Standard,2,0,0,0,0,0.0,0.0,0.0,0.0,LOW,NORMAL_CUSTOMER,STABLE_CUSTOMER,Low overall risk | Low severity | Low frequency
C003143,Lisa,Nichols,Pakistan,Standard,2,0,0,0,0,0.0,0.0,0.0,0.0,LOW,NORMAL_CUSTOMER,STABLE_CUSTOMER,Low overall risk | Low severity | Low frequency
C003145,Juan,Whitney,Saudi Arabia,Standard,3,2,2,0,0,35.0,10.83,0.0,17.25,LOW,LOYAL_LOW_FRICTION_CUSTOMER,LOYAL_STABLE_CUSTOMER,Multiple bookings | Low journey friction | Minimal problematic journeys
C003146,Travis,Flores,United Arab Emirates,Standard,1,0,0,0,0,0.0,0.0,0.0,0.0,LOW,NORMAL_CUSTOMER,STABLE_CUSTOMER,Low overall risk | Low severity | Low frequency
C003147,Heather,Diaz,Other,Premium,1,0,0,0,0,0.0,0.0,0.0,0.0,LOW,NORMAL_CUSTOMER,STABLE_CUSTOMER,Low overall risk | Low severity | Low frequency
C003148,Corey,Shelton,United Kingdom,Premium,2,0,0,1,1,40.0,1.25,30.0,25.38,MEDIUM,NORMAL_CUSTOMER,DEVELOPING_FRICTION,Emerging risk indicators | Early persistence signal
C003150,Dennis,Meyer,United Arab Emirates,Standard,1,0,0,0,0,0.0,0.0,0.0,0.0,LOW,NORMAL_CUSTOMER,STABLE_CUSTOMER,Low overall risk | Low severity | Low frequency
C003151,Terri,Guzman,Pakistan,Premium,1,1,1,1,1,75.0,18.75,30.0,44.62,MEDIUM,NORMAL_CUSTOMER,RECENT_HIGH_SEVERITY,High severity score 75.00 | Limited evidence of repeated behavior
C003152,Scott,Walker,Saudi Arabia,Standard,1,2,2,2,1,65.0,37.5,30.0,46.25,MEDIUM,NORMAL_CUSTOMER,FREQUENT_FRICTION,Frequency score 37.50 | Repeated problematic activity
C003153,Margaret,Foster,United Kingdom,Standard,3,4,4,2,1,65.0,23.33,30.0,42.0,MEDIUM,NORMAL_CUSTOMER,FREQUENT_FRICTION,Frequency score 23.33 | Repeated problematic activity
C003154,Joseph,Medina,United Arab Emirates,Standard,1,0,0,1,1,40.0,2.5,30.0,25.75,MEDIUM,NORMAL_CUSTOMER,DEVELOPING_FRICTION,Emerging risk indicators | Early persistence signal
C003156,Debbie,Thomas,Pakistan,Premium,5,3,3,3,2,65.0,11.25,55.0,45.88,MEDIUM,NORMAL_CUSTOMER,PERSISTENT_RISK,Repeated problematic journeys | Persistence score 55.00
C003157,Jacob,Hahn,Other,Standard,3,2,2,3,1,100.0,13.33,30.0,53.0,HIGH,FRICTION_PRONE_CUSTOMER,RECENT_HIGH_SEVERITY,High severity score 100.00 | Limited evidence of repeated behavior
C003158,Jason,Hood,Saudi Arabia,Premium,4,0,0,0,0,0.0,0.0,0.0,0.0,LOW,LOYAL_LOW_FRICTION_CUSTOMER,LOYAL_STABLE_CUSTOMER,Multiple bookings | Low journey friction | Minimal problematic journeys
C003159,Madison,Porter,United States,Standard,3,3,3,3,2,65.0,18.75,65.67,51.33,HIGH,FRICTION_PRONE_CUSTOMER,PERSISTENT_RISK,Repeated problematic journeys | Persistence score 65.67
C003160,Joyce,Bryant,Saudi Arabia,Standard,2,0,0,0,0,0.0,0.0,0.0,0.0,LOW,NORMAL_CUSTOMER,STABLE_CUSTOMER,Low overall risk | Low severity | Low frequency
C003161,Katherine,Guzman,United Arab Emirates,Standard,1,0,0,0,0,0.0,0.0,0.0,0.0,LOW,NORMAL_CUSTOMER,STABLE_CUSTOMER,Low overall risk | Low severity | Low frequency
C003162,Michelle,Thomas,Saudi Arabia,Standard,3,0,0,0,0,0.0,0.0,0.0,0.0,LOW,LOYAL_LOW_FRICTION_CUSTOMER,LOYAL_STABLE_CUSTOMER,Multiple bookings | Low journey friction | Minimal problematic journeys
C003163,Lori,Ortega,United Arab Emirates,Premium,2,2,2,3,2,65.0,20.0,79.0,55.7,HIGH,FRICTION_PRONE_CUSTOMER,PERSISTENT_RISK,Repeated problematic journeys | Persistence score 79.00
C003164,Zachary,Solis,Pakistan,Standard,1,0,0,0,0,0.0,0.0,0.0,0.0,LOW,NORMAL_CUSTOMER,STABLE_CUSTOMER,Low overall risk | Low severity | Low frequency
C003165,Erik,Warner,Saudi Arabia,VIP,3,1,1,1,1,40.0,6.25,30.0,26.88,MEDIUM,LOYAL_LOW_FRICTION_CUSTOMER,DEVELOPING_FRICTION,Emerging risk indicators | Increasing problem frequency | Early persistence signal
C003166,Larry,George,United Arab Emirates,Standard,1,1,1,0,0,30.0,16.25,0.0,16.88,LOW,NORMAL_CUSTOMER,FREQUENT_FRICTION,Frequency score 16.25 | Repeated problematic activity
C003168,Derek,Mooney,Saudi Arabia,Standard,1,0,0,0,0,0.0,0.0,0.0,0.0,LOW,NORMAL_CUSTOMER,STABLE_CUSTOMER,Low overall risk | Low severity | Low frequency
C003169,Melissa,Martinez,United States,Premium,3,2,2,2,1,65.0,12.5,30.0,38.75,MEDIUM,LOYAL_LOW_FRICTION_CUSTOMER,DEVELOPING_FRICTION,Emerging risk indicators | Increasing problem frequency | Early persistence signal
C003171,Anthony,Mccarthy,United Kingdom,Standard,6,2,2,6,4,95.0,7.92,86.67,66.38,HIGH,FRICTION_PRONE_CUSTOMER,PERSISTENT_RISK,Repeated problematic journeys | Persistence score 86.67
C003172,James,Mendoza,Saudi Arabia,Standard,3,0,0,0,0,0.0,0.0,0.0,0.0,LOW,LOYAL_LOW_FRICTION_CUSTOMER,LOYAL_STABLE_CUSTOMER,Multiple bookings | Low journey friction | Minimal problematic journeys
C003173,Marissa,Poole,Saudi Arabia,Standard,1,0,0,0,0,0.0,0.0,0.0,0.0,LOW,NORMAL_CUSTOMER,STABLE_CUSTOMER,Low overall risk | Low severity | Low frequency
C003174,Mary,Simpson,Saudi Arabia,Standard,3,2,2,2,1,65.0,12.5,30.0,38.75,MEDIUM,LOYAL_LOW_FRICTION_CUSTOMER,DEVELOPING_FRICTION,Emerging risk indicators | Increasing problem frequency | Early persistence signal
C003175,John,Padilla,Saudi Arabia,Standard,4,3,3,2,1,65.0,13.44,28.0,38.43,MEDIUM,LOYAL_LOW_FRICTION_CUSTOMER,DEVELOPING_FRICTION,Emerging risk indicators | Increasing problem frequency | Early persistence signal
C003176,Stephen,Bennett,Saudi Arabia,Standard,4,0,0,2,2,45.0,1.25,59.0,36.08,MEDIUM,NORMAL_CUSTOMER,PERSISTENT_RISK,Repeated problematic journeys | Persistence score 59.00
C003177,Samantha,Zavala,United Kingdom,Standard,1,0,0,0,0,0.0,0.0,0.0,0.0,LOW,NORMAL_CUSTOMER,STABLE_CUSTOMER,Low overall risk | Low severity | Low frequency
C003178,Janet,Cook,Other,Standard,3,4,4,3,1,100.0,24.17,30.0,56.25,HIGH,FRICTION_PRONE_CUSTOMER,RECENT_HIGH_SEVERITY,High severity score 100.00 | Limited evidence of repeated behavior
C003179,Joshua,Carey,United States,Standard,2,0,0,0,0,0.0,0.0,0.0,0.0,LOW,NORMAL_CUSTOMER,STABLE_CUSTOMER,Low overall risk | Low severity | Low frequency
C003180,Madison,Clark,United Kingdom,Standard,3,0,0,0,0,0.0,0.0,0.0,0.0,LOW,LOYAL_LOW_FRICTION_CUSTOMER,LOYAL_STABLE_CUSTOMER,Multiple bookings | Low journey friction | Minimal problematic journeys
C003181,William,Oconnor,Saudi Arabia,Standard,4,2,2,0,0,35.0,8.12,0.0,16.44,LOW,LOYAL_LOW_FRICTION_CUSTOMER,LOYAL_STABLE_CUSTOMER,Multiple bookings | Low journey friction | Minimal problematic journeys
C003183,David,Graves,United Arab Emirates,Standard,1,0,0,0,0,0.0,0.0,0.0,0.0,LOW,NORMAL_CUSTOMER,STABLE_CUSTOMER,Low overall risk | Low severity | Low frequency
C003184,Anthony,Williams,Saudi Arabia,Standard,4,2,2,1,1,70.0,8.75,28.0,39.02,MEDIUM,LOYAL_LOW_FRICTION_CUSTOMER,DEVELOPING_FRICTION,Emerging risk indicators | Increasing problem frequency | Early persistence signal
C003186,Brooke,White,Pakistan,Standard,3,3,3,2,1,60.0,17.92,30.0,38.38,MEDIUM,NORMAL_CUSTOMER,FREQUENT_FRICTION,Frequency score 17.92 | Repeated problematic activity
C003187,Gregory,Freeman,United Arab Emirates,Standard,1,0,0,0,0,0.0,0.0,0.0,0.0,LOW,NORMAL_CUSTOMER,STABLE_CUSTOMER,Low overall risk | Low severity | Low frequency
C003189,Brenda,Joyce,United States,Premium,3,0,0,2,2,45.0,1.67,65.67,38.2,MEDIUM,NORMAL_CUSTOMER,PERSISTENT_RISK,Repeated problematic journeys | Persistence score 65.67
C003190,Michael,Hopkins,United States,Standard,3,1,1,0,0,30.0,5.42,0.0,13.63,LOW,LOYAL_LOW_FRICTION_CUSTOMER,LOYAL_STABLE_CUSTOMER,Multiple bookings | Low journey friction | Minimal problematic journeys
C003191,Frank,Allison,United Arab Emirates,Standard,4,0,0,0,0,0.0,0.0,0.0,0.0,LOW,LOYAL_LOW_FRICTION_CUSTOMER,LOYAL_STABLE_CUSTOMER,Multiple bookings | Low journey friction | Minimal problematic journeys
C003192,Patricia,Ritter,Other,Standard,5,2,2,2,2,45.0,7.5,55.0,36.75,MEDIUM,NORMAL_CUSTOMER,PERSISTENT_RISK,Repeated problematic journeys | Persistence score 55.00
C003193,Kaitlyn,Kelley,Other,Standard,3,1,1,2,2,75.0,7.08,65.67,51.82,HIGH,FRICTION_PRONE_CUSTOMER,PERSISTENT_RISK,Repeated problematic journeys | Persistence score 65.67
C003194,Haley,Rogers,United Arab Emirates,Standard,1,0,0,0,0,0.0,0.0,0.0,0.0,LOW,NORMAL_CUSTOMER,STABLE_CUSTOMER,Low overall risk | Low severity | Low frequency
C003196,Paul,Mooney,Pakistan,Standard,1,0,0,0,0,0.0,0.0,0.0,0.0,LOW,NORMAL_CUSTOMER,STABLE_CUSTOMER,Low overall risk | Low severity | Low frequency
C003197,Frank,Todd,Other,VIP,1,0,0,0,0,0.0,0.0,0.0,0.0,LOW,NORMAL_CUSTOMER,STABLE_CUSTOMER,Low overall risk | Low severity | Low frequency
C003198,Ashley,Myers,Other,Standard,4,0,0,3,3,40.0,1.88,81.0,40.86,MEDIUM,NORMAL_CUSTOMER,PERSISTENT_RISK,Repeated problematic journeys | Persistence score 81.00
C003199,Tammie,Rose,Saudi Arabia,Premium,2,0,0,1,1,40.0,1.25,30.0,25.38,MEDIUM,NORMAL_CUSTOMER,DEVELOPING_FRICTION,Emerging risk indicators | Early persistence signal
C003200,Mercedes,Campbell,United Arab Emirates,Premium,3,3,3,3,2,65.0,18.75,65.67,51.33,HIGH,FRICTION_PRONE_CUSTOMER,PERSISTENT_RISK,Repeated problematic journeys | Persistence score 65.67
C003201,Deborah,Horton,Pakistan,Standard,1,0,0,0,0,0.0,0.0,0.0,0.0,LOW,NORMAL_CUSTOMER,STABLE_CUSTOMER,Low overall risk | Low severity | Low frequency
C003202,Erica,Lee,Pakistan,Standard,5,0,0,1,1,45.0,0.5,26.0,25.95,MEDIUM,LOYAL_LOW_FRICTION_CUSTOMER,DEVELOPING_FRICTION,Emerging risk indicators | Early persistence signal
C003203,Joseph,Chase,Saudi Arabia,Standard,2,1,1,0,0,30.0,8.12,0.0,14.44,LOW,NORMAL_CUSTOMER,STABLE_CUSTOMER,Low overall risk | Low severity | Low frequency
C003204,Robert,Long,Other,Premium,3,0,0,2,2,45.0,1.67,65.67,38.2,MEDIUM,NORMAL_CUSTOMER,PERSISTENT_RISK,Repeated problematic journeys | Persistence score 65.67
C003206,Kimberly,Goodwin,United States,Standard,2,0,0,0,0,0.0,0.0,0.0,0.0,LOW,NORMAL_CUSTOMER,STABLE_CUSTOMER,Low overall risk | Low severity | Low frequency
C003210,Deborah,Mckinney,Pakistan,Standard,1,0,0,0,0,0.0,0.0,0.0,0.0,LOW,NORMAL_CUSTOMER,STABLE_CUSTOMER,Low overall risk | Low severity | Low frequency
C003212,Alan,Martin,United Kingdom,Standard,1,1,1,0,0,30.0,16.25,0.0,16.88,LOW,NORMAL_CUSTOMER,FREQUENT_FRICTION,Frequency score 16.25 | Repeated problematic activity
C003213,Johnny,Taylor,Saudi Arabia,Standard,4,1,1,0,0,30.0,4.06,0.0,13.22,LOW,LOYAL_LOW_FRICTION_CUSTOMER,LOYAL_STABLE_CUSTOMER,Multiple bookings | Low journey friction | Minimal problematic journeys
C003214,Linda,Dominguez,United Kingdom,Premium,1,0,0,0,0,0.0,0.0,0.0,0.0,LOW,NORMAL_CUSTOMER,STABLE_CUSTOMER,Low overall risk | Low severity | Low frequency
C003215,Kevin,Carter,Saudi Arabia,Premium,1,0,0,1,1,40.0,2.5,30.0,25.75,MEDIUM,NORMAL_CUSTOMER,DEVELOPING_FRICTION,Emerging risk indicators | Early persistence signal
C003216,Tammy,Thomas,Saudi Arabia,Standard,2,2,2,1,1,70.0,17.5,30.0,42.25,MEDIUM,NORMAL_CUSTOMER,FREQUENT_FRICTION,Frequency score 17.50 | Repeated problematic activity
C003217,Dawn,Robinson,Saudi Arabia,Standard,2,0,0,0,0,0.0,0.0,0.0,0.0,LOW,NORMAL_CUSTOMER,STABLE_CUSTOMER,Low overall risk | Low severity | Low frequency
C003218,Rodney,Goodman,Saudi Arabia,Premium,1,1,1,0,0,30.0,16.25,0.0,16.88,LOW,NORMAL_CUSTOMER,FREQUENT_FRICTION,Frequency score 16.25 | Repeated problematic activity
C003219,Nicholas,Moss,United Kingdom,Standard,3,2,2,4,3,65.0,14.17,91.0,57.55,HIGH,FRICTION_PRONE_CUSTOMER,PERSISTENT_RISK,Repeated problematic journeys | Persistence score 91.00
C003220,Michael,Smith,United Kingdom,Standard,2,0,0,0,0,0.0,0.0,0.0,0.0,LOW,NORMAL_CUSTOMER,STABLE_CUSTOMER,Low overall risk | Low severity | Low frequency
C003221,Johnathan,Barber,Pakistan,Standard,2,0,0,0,0,0.0,0.0,0.0,0.0,LOW,NORMAL_CUSTOMER,STABLE_CUSTOMER,Low overall risk | Low severity | Low frequency
C003222,Steven,Johnston,Saudi Arabia,Standard,1,2,2,2,1,65.0,37.5,30.0,46.25,MEDIUM,NORMAL_CUSTOMER,FREQUENT_FRICTION,Frequency score 37.50 | Repeated problematic activity
C003223,Erica,Gregory,Saudi Arabia,Standard,2,0,0,1,1,40.0,1.25,30.0,25.38,MEDIUM,NORMAL_CUSTOMER,DEVELOPING_FRICTION,Emerging risk indicators | Early persistence signal
C003224,Madison,Hinton,Saudi Arabia,VIP,1,1,1,0,0,30.0,16.25,0.0,16.88,LOW,NORMAL_CUSTOMER,FREQUENT_FRICTION,Frequency score 16.25 | Repeated problematic activity
C003225,Randy,Hernandez,Saudi Arabia,Standard,1,1,1,1,1,80.0,18.75,30.0,46.62,MEDIUM,NORMAL_CUSTOMER,RECENT_HIGH_SEVERITY,High severity score 80.00 | Limited evidence of repeated behavior
C003226,Curtis,Clements,Other,Standard,2,2,2,2,1,65.0,18.75,30.0,40.62,MEDIUM,NORMAL_CUSTOMER,FREQUENT_FRICTION,Frequency score 18.75 | Repeated problematic activity
C003227,William,Simmons,Saudi Arabia,Standard,1,0,0,1,1,45.0,2.5,30.0,27.75,MEDIUM,NORMAL_CUSTOMER,DEVELOPING_FRICTION,Emerging risk indicators | Early persistence signal
C003228,Eileen,Skinner,United Arab Emirates,Premium,1,0,0,1,1,40.0,2.5,30.0,25.75,MEDIUM,NORMAL_CUSTOMER,DEVELOPING_FRICTION,Emerging risk indicators | Early persistence signal
C003229,Megan,Howe,Saudi Arabia,Standard,3,0,0,2,2,40.0,1.67,65.67,36.2,MEDIUM,NORMAL_CUSTOMER,PERSISTENT_RISK,Repeated problematic journeys | Persistence score 65.67
C003230,Nicholas,Davis,Saudi Arabia,Standard,2,0,0,0,0,0.0,0.0,0.0,0.0,LOW,NORMAL_CUSTOMER,STABLE_CUSTOMER,Low overall risk | Low severity | Low frequency
C003231,Deborah,Mccann,Pakistan,Standard,2,0,0,0,0,0.0,0.0,0.0,0.0,LOW,NORMAL_CUSTOMER,STABLE_CUSTOMER,Low overall risk | Low severity | Low frequency
C003233,Kenneth,Williams,Saudi Arabia,Standard,3,1,1,1,1,75.0,6.25,30.0,40.88,MEDIUM,LOYAL_LOW_FRICTION_CUSTOMER,RECENT_HIGH_SEVERITY,High severity score 75.00 | Limited evidence of repeated behavior
C003234,Daniel,Baird,Saudi Arabia,Standard,1,0,0,0,0,0.0,0.0,0.0,0.0,LOW,NORMAL_CUSTOMER,STABLE_CUSTOMER,Low overall risk | Low severity | Low frequency
C003235,Caleb,Santos,United Arab Emirates,Standard,3,0,0,0,0,0.0,0.0,0.0,0.0,LOW,LOYAL_LOW_FRICTION_CUSTOMER,LOYAL_STABLE_CUSTOMER,Multiple bookings | Low journey friction | Minimal problematic journeys
C003236,Vanessa,Watkins,Saudi Arabia,Standard,1,2,2,2,1,65.0,37.5,30.0,46.25,MEDIUM,NORMAL_CUSTOMER,FREQUENT_FRICTION,Frequency score 37.50 | Repeated problematic activity
C003237,Danielle,Booker,Saudi Arabia,VIP,3,1,1,0,0,30.0,5.42,0.0,13.63,LOW,LOYAL_LOW_FRICTION_CUSTOMER,LOYAL_STABLE_CUSTOMER,Multiple bookings | Low journey friction | Minimal problematic journeys
C003238,Michelle,Sims,Other,Standard,3,2,2,4,2,100.0,14.17,65.67,63.95,HIGH,FRICTION_PRONE_CUSTOMER,PERSISTENT_RISK,Repeated problematic journeys | Persistence score 65.67
C003240,Jennifer,Johnson,Pakistan,Standard,2,1,1,1,1,45.0,9.38,30.0,29.81,MEDIUM,NORMAL_CUSTOMER,DEVELOPING_FRICTION,Emerging risk indicators | Increasing problem frequency | Early persistence signal
C003241,Patricia,Allen,United Arab Emirates,Standard,2,0,0,0,0,0.0,0.0,0.0,0.0,LOW,NORMAL_CUSTOMER,STABLE_CUSTOMER,Low overall risk | Low severity | Low frequency
C003242,Kent,Burns,United Arab Emirates,Standard,1,0,0,1,1,40.0,2.5,30.0,25.75,MEDIUM,NORMAL_CUSTOMER,DEVELOPING_FRICTION,Emerging risk indicators | Early persistence signal
C003243,Edward,Watts,Pakistan,Premium,3,2,2,5,3,100.0,15.0,91.0,71.8,HIGH,FRICTION_PRONE_CUSTOMER,PERSISTENT_RISK,Repeated problematic journeys | Persistence score 91.00
C003244,Kathy,Blevins,United Kingdom,Standard,4,1,1,0,0,30.0,4.06,0.0,13.22,LOW,LOYAL_LOW_FRICTION_CUSTOMER,LOYAL_STABLE_CUSTOMER,Multiple bookings | Low journey friction | Minimal problematic journeys
C003246,Linda,Bennett,Saudi Arabia,VIP,1,1,1,0,0,30.0,16.25,0.0,16.88,LOW,NORMAL_CUSTOMER,FREQUENT_FRICTION,Frequency score 16.25 | Repeated problematic activity
C003247,Leah,Holt,Pakistan,Standard,1,0,0,0,0,0.0,0.0,0.0,0.0,LOW,NORMAL_CUSTOMER,STABLE_CUSTOMER,Low overall risk | Low severity | Low frequency
C003248,Carol,Pope,United Arab Emirates,Standard,1,0,0,0,0,0.0,0.0,0.0,0.0,LOW,NORMAL_CUSTOMER,STABLE_CUSTOMER,Low overall risk | Low severity | Low frequency
C003249,Donna,Barrett,Other,Standard,1,0,0,0,0,0.0,0.0,0.0,0.0,LOW,NORMAL_CUSTOMER,STABLE_CUSTOMER,Low overall risk | Low severity | Low frequency
C003250,Erin,Strickland,Pakistan,Premium,2,0,0,1,1,40.0,1.25,30.0,25.38,MEDIUM,NORMAL_CUSTOMER,DEVELOPING_FRICTION,Emerging risk indicators | Early persistence signal
C003251,Jennifer,Hancock,Pakistan,Standard,2,1,1,0,0,35.0,8.12,0.0,16.44,LOW,NORMAL_CUSTOMER,STABLE_CUSTOMER,Low overall risk | Low severity | Low frequency
C003252,Diana,Santos,Saudi Arabia,Standard,1,1,1,0,0,35.0,16.25,0.0,18.88,LOW,NORMAL_CUSTOMER,FREQUENT_FRICTION,Frequency score 16.25 | Repeated problematic activity
C003253,Whitney,Hill,Pakistan,Standard,1,0,0,0,0,0.0,0.0,0.0,0.0,LOW,NORMAL_CUSTOMER,STABLE_CUSTOMER,Low overall risk | Low severity | Low frequency
C003254,Jordan,Delgado,Saudi Arabia,Standard,5,0,0,3,3,45.0,1.5,75.0,40.95,MEDIUM,NORMAL_CUSTOMER,PERSISTENT_RISK,Repeated problematic journeys | Persistence score 75.00
C003256,Paul,Wilson,Saudi Arabia,Standard,2,0,0,0,0,0.0,0.0,0.0,0.0,LOW,NORMAL_CUSTOMER,STABLE_CUSTOMER,Low overall risk | Low severity | Low frequency
C003257,Austin,Miller,United Kingdom,Standard,1,0,0,0,0,0.0,0.0,0.0,0.0,LOW,NORMAL_CUSTOMER,STABLE_CUSTOMER,Low overall risk | Low severity | Low frequency
C003258,Jean,Burns,Saudi Arabia,Standard,2,0,0,1,1,40.0,1.25,30.0,25.38,MEDIUM,NORMAL_CUSTOMER,DEVELOPING_FRICTION,Emerging risk indicators | Early persistence signal
C003259,Ashley,Barnett,United Arab Emirates,Premium,3,2,2,0,0,30.0,10.83,0.0,15.25,LOW,LOYAL_LOW_FRICTION_CUSTOMER,LOYAL_STABLE_CUSTOMER,Multiple bookings | Low journey friction | Minimal problematic journeys
C003260,James,Hicks,Other,Standard,4,1,1,1,1,45.0,4.69,28.0,27.81,MEDIUM,LOYAL_LOW_FRICTION_CUSTOMER,DEVELOPING_FRICTION,Emerging risk indicators | Early persistence signal
C003261,Jessica,Johnson,Saudi Arabia,Standard,1,0,0,0,0,0.0,0.0,0.0,0.0,LOW,NORMAL_CUSTOMER,STABLE_CUSTOMER,Low overall risk | Low severity | Low frequency
C003262,Jeffrey,Berry,Pakistan,Standard,2,1,1,1,1,80.0,9.38,30.0,43.81,MEDIUM,NORMAL_CUSTOMER,RECENT_HIGH_SEVERITY,High severity score 80.00 | Limited evidence of repeated behavior
C003263,Amanda,Armstrong,United Arab Emirates,Standard,3,0,0,0,0,0.0,0.0,0.0,0.0,LOW,LOYAL_LOW_FRICTION_CUSTOMER,LOYAL_STABLE_CUSTOMER,Multiple bookings | Low journey friction | Minimal problematic journeys
C003264,Kristen,Hill,Saudi Arabia,Standard,1,0,0,0,0,0.0,0.0,0.0,0.0,LOW,NORMAL_CUSTOMER,STABLE_CUSTOMER,Low overall risk | Low severity | Low frequency
C003265,Rebecca,Mcgee,United States,Standard,1,0,0,0,0,0.0,0.0,0.0,0.0,LOW,NORMAL_CUSTOMER,STABLE_CUSTOMER,Low overall risk | Low severity | Low frequency
C003267,William,White,United Arab Emirates,Standard,3,0,0,1,1,45.0,0.83,30.0,27.25,MEDIUM,LOYAL_LOW_FRICTION_CUSTOMER,DEVELOPING_FRICTION,Emerging risk indicators | Early persistence signal
C003268,Megan,Washington,Pakistan,Standard,4,2,2,0,0,30.0,8.12,0.0,14.44,LOW,LOYAL_LOW_FRICTION_CUSTOMER,LOYAL_STABLE_CUSTOMER,Multiple bookings | Low journey friction | Minimal problematic journeys
C003269,Mary,Newman,Pakistan,Standard,1,1,1,1,1,75.0,18.75,30.0,44.62,MEDIUM,NORMAL_CUSTOMER,RECENT_HIGH_SEVERITY,High severity score 75.00 | Limited evidence of repeated behavior
C003270,Nancy,Hamilton,United Kingdom,Standard,1,0,0,0,0,0.0,0.0,0.0,0.0,LOW,NORMAL_CUSTOMER,STABLE_CUSTOMER,Low overall risk | Low severity | Low frequency
C003271,Howard,Duncan,Saudi Arabia,Standard,2,2,2,0,0,30.0,16.25,0.0,16.88,LOW,NORMAL_CUSTOMER,FREQUENT_FRICTION,Frequency score 16.25 | Repeated problematic activity
C003272,Connor,Garcia,Saudi Arabia,Standard,2,0,0,0,0,0.0,0.0,0.0,0.0,LOW,NORMAL_CUSTOMER,STABLE_CUSTOMER,Low overall risk | Low severity | Low frequency
C003273,David,Brown,United Kingdom,Premium,1,0,0,1,1,40.0,2.5,30.0,25.75,MEDIUM,NORMAL_CUSTOMER,DEVELOPING_FRICTION,Emerging risk indicators | Early persistence signal
C003274,Jonathan,Stout,Pakistan,Premium,3,3,3,2,1,65.0,17.92,30.0,40.38,MEDIUM,NORMAL_CUSTOMER,FREQUENT_FRICTION,Frequency score 17.92 | Repeated problematic activity
C003276,Kathryn,Lopez,United States,Standard,2,0,0,0,0,0.0,0.0,0.0,0.0,LOW,NORMAL_CUSTOMER,STABLE_CUSTOMER,Low overall risk | Low severity | Low frequency
C003277,Isaac,Hess,United States,Standard,3,0,0,0,0,0.0,0.0,0.0,0.0,LOW,LOYAL_LOW_FRICTION_CUSTOMER,LOYAL_STABLE_CUSTOMER,Multiple bookings | Low journey friction | Minimal problematic journeys
C003278,Erin,Smith,United Arab Emirates,Standard,2,1,1,1,1,40.0,9.38,30.0,27.81,MEDIUM,NORMAL_CUSTOMER,DEVELOPING_FRICTION,Emerging risk indicators | Increasing problem frequency | Early persistence signal
C003279,Matthew,Hawkins,United Arab Emirates,VIP,3,0,0,1,1,40.0,0.83,30.0,25.25,MEDIUM,LOYAL_LOW_FRICTION_CUSTOMER,DEVELOPING_FRICTION,Emerging risk indicators | Early persistence signal
C003281,Michael,Burnett,United Arab Emirates,Standard,3,0,0,0,0,0.0,0.0,0.0,0.0,LOW,LOYAL_LOW_FRICTION_CUSTOMER,LOYAL_STABLE_CUSTOMER,Multiple bookings | Low journey friction | Minimal problematic journeys
C003282,Julie,Freeman,Saudi Arabia,Premium,3,0,0,0,0,0.0,0.0,0.0,0.0,LOW,LOYAL_LOW_FRICTION_CUSTOMER,LOYAL_STABLE_CUSTOMER,Multiple bookings | Low journey friction | Minimal problematic journeys
C003284,Kristin,Richards,Other,Standard,2,1,1,1,1,70.0,9.38,30.0,39.81,MEDIUM,NORMAL_CUSTOMER,DEVELOPING_FRICTION,Emerging risk indicators | Increasing problem frequency | Early persistence signal
C003285,Mark,Reeves,United Arab Emirates,Standard,1,0,0,0,0,0.0,0.0,0.0,0.0,LOW,NORMAL_CUSTOMER,STABLE_CUSTOMER,Low overall risk | Low severity | Low frequency
C003286,Jorge,Tyler,Saudi Arabia,Standard,2,1,1,0,0,30.0,8.12,0.0,14.44,LOW,NORMAL_CUSTOMER,STABLE_CUSTOMER,Low overall risk | Low severity | Low frequency
C003288,Melissa,Mullins,United States,Premium,3,0,0,1,1,45.0,0.83,30.0,27.25,MEDIUM,LOYAL_LOW_FRICTION_CUSTOMER,DEVELOPING_FRICTION,Emerging risk indicators | Early persistence signal
C003290,Michelle,Merritt,Saudi Arabia,Standard,1,2,2,3,1,100.0,40.0,30.0,61.0,HIGH,FRICTION_PRONE_CUSTOMER,RECENT_HIGH_SEVERITY,High severity score 100.00 | Limited evidence of repeated behavior
C003292,Sheryl,George,Other,Standard,4,1,1,0,0,35.0,4.06,0.0,15.22,LOW,LOYAL_LOW_FRICTION_CUSTOMER,LOYAL_STABLE_CUSTOMER,Multiple bookings | Low journey friction | Minimal problematic journeys
C003293,Charles,White,United Arab Emirates,Standard,3,2,2,3,1,100.0,13.33,30.0,53.0,HIGH,FRICTION_PRONE_CUSTOMER,RECENT_HIGH_SEVERITY,High severity score 100.00 | Limited evidence of repeated behavior
C003294,Pamela,Peters,Pakistan,Standard,3,0,0,2,2,40.0,1.67,65.67,36.2,MEDIUM,NORMAL_CUSTOMER,PERSISTENT_RISK,Repeated problematic journeys | Persistence score 65.67
C003295,Vincent,Mcbride,Other,Standard,5,0,0,1,1,40.0,0.5,26.0,23.95,LOW,LOYAL_LOW_FRICTION_CUSTOMER,DEVELOPING_FRICTION,Emerging risk indicators | Early persistence signal
C003297,Patrick,Anderson,Pakistan,Premium,1,2,2,2,1,60.0,37.5,30.0,44.25,MEDIUM,NORMAL_CUSTOMER,FREQUENT_FRICTION,Frequency score 37.50 | Repeated problematic activity
C003299,Brian,Martin,United Arab Emirates,Standard,1,2,2,2,1,65.0,37.5,30.0,46.25,MEDIUM,NORMAL_CUSTOMER,FREQUENT_FRICTION,Frequency score 37.50 | Repeated problematic activity
C003301,Derrick,York,United Arab Emirates,Premium,3,0,0,1,1,40.0,0.83,30.0,25.25,MEDIUM,LOYAL_LOW_FRICTION_CUSTOMER,DEVELOPING_FRICTION,Emerging risk indicators | Early persistence signal
C003302,James,Johnson,Other,Standard,2,0,0,0,0,0.0,0.0,0.0,0.0,LOW,NORMAL_CUSTOMER,STABLE_CUSTOMER,Low overall risk | Low severity | Low frequency
C003303,Robert,Whitney,Pakistan,Premium,3,3,3,3,2,60.0,18.75,65.67,49.33,HIGH,FRICTION_PRONE_CUSTOMER,PERSISTENT_RISK,Repeated problematic journeys | Persistence score 65.67
C003304,Ashley,Hunter,United Arab Emirates,Standard,1,0,0,0,0,0.0,0.0,0.0,0.0,LOW,NORMAL_CUSTOMER,STABLE_CUSTOMER,Low overall risk | Low severity | Low frequency
C003305,Rebecca,Cox,Saudi Arabia,Premium,2,2,2,2,1,65.0,18.75,30.0,40.62,MEDIUM,NORMAL_CUSTOMER,FREQUENT_FRICTION,Frequency score 18.75 | Repeated problematic activity
C003307,Leslie,Henderson,United Arab Emirates,Premium,3,0,0,1,1,40.0,0.83,30.0,25.25,MEDIUM,LOYAL_LOW_FRICTION_CUSTOMER,DEVELOPING_FRICTION,Emerging risk indicators | Early persistence signal
C003309,Kimberly,Smith,United Arab Emirates,Standard,3,0,0,1,1,40.0,0.83,30.0,25.25,MEDIUM,LOYAL_LOW_FRICTION_CUSTOMER,DEVELOPING_FRICTION,Emerging risk indicators | Early persistence signal
C003310,Tony,Turner,United Arab Emirates,Standard,3,0,0,1,1,40.0,0.83,30.0,25.25,MEDIUM,LOYAL_LOW_FRICTION_CUSTOMER,DEVELOPING_FRICTION,Emerging risk indicators | Early persistence signal
C003311,Crystal,Shah,United Kingdom,Standard,3,0,0,1,1,40.0,0.83,30.0,25.25,MEDIUM,LOYAL_LOW_FRICTION_CUSTOMER,DEVELOPING_FRICTION,Emerging risk indicators | Early persistence signal
C003312,Gregory,Stone,United Kingdom,Premium,1,0,0,0,0,0.0,0.0,0.0,0.0,LOW,NORMAL_CUSTOMER,STABLE_CUSTOMER,Low overall risk | Low severity | Low frequency
C003314,Adam,Hopkins,Saudi Arabia,Standard,1,1,1,1,1,70.0,18.75,30.0,42.62,MEDIUM,NORMAL_CUSTOMER,FREQUENT_FRICTION,Frequency score 18.75 | Repeated problematic activity
C003315,Joshua,Wallace,Saudi Arabia,Standard,1,2,2,3,1,100.0,40.0,30.0,61.0,HIGH,FRICTION_PRONE_CUSTOMER,RECENT_HIGH_SEVERITY,High severity score 100.00 | Limited evidence of repeated behavior
C003318,Kathy,Mills,Saudi Arabia,Standard,1,0,0,1,1,45.0,2.5,30.0,27.75,MEDIUM,NORMAL_CUSTOMER,DEVELOPING_FRICTION,Emerging risk indicators | Early persistence signal
C003319,Tracy,Andersen,United States,Premium,3,1,1,0,0,30.0,5.42,0.0,13.63,LOW,LOYAL_LOW_FRICTION_CUSTOMER,LOYAL_STABLE_CUSTOMER,Multiple bookings | Low journey friction | Minimal problematic journeys
C003320,Kathryn,Bell,United States,Standard,1,1,1,1,1,70.0,18.75,30.0,42.62,MEDIUM,NORMAL_CUSTOMER,FREQUENT_FRICTION,Frequency score 18.75 | Repeated problematic activity
C003321,Christopher,Medina,Pakistan,Standard,1,0,0,0,0,0.0,0.0,0.0,0.0,LOW,NORMAL_CUSTOMER,STABLE_CUSTOMER,Low overall risk | Low severity | Low frequency
C003322,Christina,Clark,Saudi Arabia,Standard,1,0,0,0,0,0.0,0.0,0.0,0.0,LOW,NORMAL_CUSTOMER,STABLE_CUSTOMER,Low overall risk | Low severity | Low frequency
C003323,Cynthia,Garcia,United States,Premium,1,0,0,0,0,0.0,0.0,0.0,0.0,LOW,NORMAL_CUSTOMER,STABLE_CUSTOMER,Low overall risk | Low severity | Low frequency
C003324,Richard,Weiss,Pakistan,Standard,1,0,0,0,0,0.0,0.0,0.0,0.0,LOW,NORMAL_CUSTOMER,STABLE_CUSTOMER,Low overall risk | Low severity | Low frequency
C003325,Tammy,Young,United States,Standard,3,0,0,1,1,40.0,0.83,30.0,25.25,MEDIUM,LOYAL_LOW_FRICTION_CUSTOMER,DEVELOPING_FRICTION,Emerging risk indicators | Early persistence signal
C003326,Patrick,Lopez,United States,Standard,1,0,0,0,0,0.0,0.0,0.0,0.0,LOW,NORMAL_CUSTOMER,STABLE_CUSTOMER,Low overall risk | Low severity | Low frequency
C003327,Benjamin,Evans,United States,Standard,2,0,0,0,0,0.0,0.0,0.0,0.0,LOW,NORMAL_CUSTOMER,STABLE_CUSTOMER,Low overall risk | Low severity | Low frequency
C003328,James,Wall,Pakistan,Standard,2,0,0,2,2,45.0,2.5,79.0,42.45,MEDIUM,NORMAL_CUSTOMER,PERSISTENT_RISK,Repeated problematic journeys | Persistence score 79.00
C003330,Alexis,Guzman,United Kingdom,Standard,2,1,1,1,1,40.0,9.38,30.0,27.81,MEDIUM,NORMAL_CUSTOMER,DEVELOPING_FRICTION,Emerging risk indicators | Increasing problem frequency | Early persistence signal
C003331,Marco,Robinson,Pakistan,Standard,1,0,0,0,0,0.0,0.0,0.0,0.0,LOW,NORMAL_CUSTOMER,STABLE_CUSTOMER,Low overall risk | Low severity | Low frequency
C003332,Martha,Howard,United Kingdom,Standard,2,0,0,1,1,40.0,1.25,30.0,25.38,MEDIUM,NORMAL_CUSTOMER,DEVELOPING_FRICTION,Emerging risk indicators | Early persistence signal
C003333,James,Anderson,Saudi Arabia,Standard,1,0,0,0,0,0.0,0.0,0.0,0.0,LOW,NORMAL_CUSTOMER,STABLE_CUSTOMER,Low overall risk | Low severity | Low frequency
C003334,Erica,Dean,Saudi Arabia,Standard,1,0,0,0,0,0.0,0.0,0.0,0.0,LOW,NORMAL_CUSTOMER,STABLE_CUSTOMER,Low overall risk | Low severity | Low frequency
C003336,John,Scott,United Kingdom,Standard,1,2,2,2,1,65.0,37.5,30.0,46.25,MEDIUM,NORMAL_CUSTOMER,FREQUENT_FRICTION,Frequency score 37.50 | Repeated problematic activity
C003337,Heather,James,Other,Standard,2,1,1,0,0,35.0,8.12,0.0,16.44,LOW,NORMAL_CUSTOMER,STABLE_CUSTOMER,Low overall risk | Low severity | Low frequency
C003338,Maxwell,Mckee,United States,Standard,1,0,0,0,0,0.0,0.0,0.0,0.0,LOW,NORMAL_CUSTOMER,STABLE_CUSTOMER,Low overall risk | Low severity | Low frequency
C003339,David,Ross,Pakistan,Premium,3,0,0,1,1,40.0,0.83,30.0,25.25,MEDIUM,LOYAL_LOW_FRICTION_CUSTOMER,DEVELOPING_FRICTION,Emerging risk indicators | Early persistence signal
C003340,Patrick,Miller,United Kingdom,Standard,3,1,1,0,0,30.0,5.42,0.0,13.63,LOW,LOYAL_LOW_FRICTION_CUSTOMER,LOYAL_STABLE_CUSTOMER,Multiple bookings | Low journey friction | Minimal problematic journeys
C003341,Brianna,King,Other,Standard,2,1,1,1,1,75.0,9.38,30.0,41.81,MEDIUM,NORMAL_CUSTOMER,RECENT_HIGH_SEVERITY,High severity score 75.00 | Limited evidence of repeated behavior
C003342,Gary,Coleman,Pakistan,Standard,1,0,0,0,0,0.0,0.0,0.0,0.0,LOW,NORMAL_CUSTOMER,STABLE_CUSTOMER,Low overall risk | Low severity | Low frequency
C003343,Madison,Neal,Pakistan,VIP,5,1,1,1,1,45.0,3.75,26.0,26.92,MEDIUM,LOYAL_LOW_FRICTION_CUSTOMER,DEVELOPING_FRICTION,Emerging risk indicators | Early persistence signal
C003344,Kenneth,Herrera,Saudi Arabia,Standard,2,2,2,2,1,65.0,18.75,30.0,40.62,MEDIUM,NORMAL_CUSTOMER,FREQUENT_FRICTION,Frequency score 18.75 | Repeated problematic activity
C003345,Kelly,Jones,United Arab Emirates,Standard,1,0,0,1,1,40.0,2.5,30.0,25.75,MEDIUM,NORMAL_CUSTOMER,DEVELOPING_FRICTION,Emerging risk indicators | Early persistence signal
C003346,Jessica,Oconnor,United Kingdom,Premium,2,2,2,3,1,100.0,20.0,30.0,55.0,HIGH,FRICTION_PRONE_CUSTOMER,RECENT_HIGH_SEVERITY,High severity score 100.00 | Limited evidence of repeated behavior
C003347,Caitlyn,Cowan,Saudi Arabia,Standard,2,1,1,0,0,30.0,8.12,0.0,14.44,LOW,NORMAL_CUSTOMER,STABLE_CUSTOMER,Low overall risk | Low severity | Low frequency
C003348,Matthew,Terry,Saudi Arabia,Standard,2,0,0,0,0,0.0,0.0,0.0,0.0,LOW,NORMAL_CUSTOMER,STABLE_CUSTOMER,Low overall risk | Low severity | Low frequency
C003349,Pamela,Lee,United Arab Emirates,Standard,2,0,0,0,0,0.0,0.0,0.0,0.0,LOW,NORMAL_CUSTOMER,STABLE_CUSTOMER,Low overall risk | Low severity | Low frequency
C003351,Matthew,Sandoval,Saudi Arabia,Standard,1,0,0,0,0,0.0,0.0,0.0,0.0,LOW,NORMAL_CUSTOMER,STABLE_CUSTOMER,Low overall risk | Low severity | Low frequency
C003352,Rachel,Hoover,United Arab Emirates,VIP,1,1,1,0,0,35.0,16.25,0.0,18.88,LOW,NORMAL_CUSTOMER,FREQUENT_FRICTION,Frequency score 16.25 | Repeated problematic activity
C003355,Stacy,Hernandez,Saudi Arabia,Standard,3,3,3,3,1,95.0,18.75,30.0,52.62,HIGH,FRICTION_PRONE_CUSTOMER,RECENT_HIGH_SEVERITY,High severity score 95.00 | Limited evidence of repeated behavior
C003357,Richard,Hamilton,United Kingdom,Standard,2,0,0,0,0,0.0,0.0,0.0,0.0,LOW,NORMAL_CUSTOMER,STABLE_CUSTOMER,Low overall risk | Low severity | Low frequency
C003358,Jeremy,Johnson,United Arab Emirates,Standard,2,0,0,1,1,40.0,1.25,30.0,25.38,MEDIUM,NORMAL_CUSTOMER,DEVELOPING_FRICTION,Emerging risk indicators | Early persistence signal
C003359,Jessica,Munoz,United States,Standard,1,0,0,0,0,0.0,0.0,0.0,0.0,LOW,NORMAL_CUSTOMER,STABLE_CUSTOMER,Low overall risk | Low severity | Low frequency
C003360,David,Jones,United Kingdom,Standard,4,1,1,0,0,30.0,4.06,0.0,13.22,LOW,LOYAL_LOW_FRICTION_CUSTOMER,LOYAL_STABLE_CUSTOMER,Multiple bookings | Low journey friction | Minimal problematic journeys
C003361,Jessica,Martinez,United States,Standard,1,0,0,1,1,40.0,2.5,30.0,25.75,MEDIUM,NORMAL_CUSTOMER,DEVELOPING_FRICTION,Emerging risk indicators | Early persistence signal
C003362,Brittany,Rodriguez,Saudi Arabia,Standard,2,1,1,1,1,45.0,9.38,30.0,29.81,MEDIUM,NORMAL_CUSTOMER,DEVELOPING_FRICTION,Emerging risk indicators | Increasing problem frequency | Early persistence signal
C003363,Gary,Kelley,United Kingdom,VIP,2,0,0,1,1,40.0,1.25,30.0,25.38,MEDIUM,NORMAL_CUSTOMER,DEVELOPING_FRICTION,Emerging risk indicators | Early persistence signal
C003364,Michael,Jones,Saudi Arabia,Standard,2,0,0,0,0,0.0,0.0,0.0,0.0,LOW,NORMAL_CUSTOMER,STABLE_CUSTOMER,Low overall risk | Low severity | Low frequency
C003365,Debra,Bowman,Other,Standard,3,0,0,1,1,45.0,0.83,30.0,27.25,MEDIUM,LOYAL_LOW_FRICTION_CUSTOMER,DEVELOPING_FRICTION,Emerging risk indicators | Early persistence signal
C003366,Benjamin,Cox,Pakistan,Standard,1,0,0,0,0,0.0,0.0,0.0,0.0,LOW,NORMAL_CUSTOMER,STABLE_CUSTOMER,Low overall risk | Low severity | Low frequency
C003367,Nancy,Cook,United Arab Emirates,Standard,1,0,0,0,0,0.0,0.0,0.0,0.0,LOW,NORMAL_CUSTOMER,STABLE_CUSTOMER,Low overall risk | Low severity | Low frequency
C003368,Jonathan,Nelson,Saudi Arabia,Standard,4,4,4,3,2,70.0,18.12,59.0,51.14,HIGH,FRICTION_PRONE_CUSTOMER,PERSISTENT_RISK,Repeated problematic journeys | Persistence score 59.00
C003369,Amanda,Melton,Saudi Arabia,Standard,3,1,1,0,0,30.0,5.42,0.0,13.63,LOW,LOYAL_LOW_FRICTION_CUSTOMER,LOYAL_STABLE_CUSTOMER,Multiple bookings | Low journey friction | Minimal problematic journeys
C003370,Brandon,Perez,United Kingdom,Standard,2,0,0,0,0,0.0,0.0,0.0,0.0,LOW,NORMAL_CUSTOMER,STABLE_CUSTOMER,Low overall risk | Low severity | Low frequency
C003371,Virginia,Smith,Saudi Arabia,Standard,1,0,0,0,0,0.0,0.0,0.0,0.0,LOW,NORMAL_CUSTOMER,STABLE_CUSTOMER,Low overall risk | Low severity | Low frequency
C003372,Ebony,Bennett,Pakistan,Premium,2,0,0,0,0,0.0,0.0,0.0,0.0,LOW,NORMAL_CUSTOMER,STABLE_CUSTOMER,Low overall risk | Low severity | Low frequency
C003373,Desiree,Novak,Saudi Arabia,Standard,1,0,0,0,0,0.0,0.0,0.0,0.0,LOW,NORMAL_CUSTOMER,STABLE_CUSTOMER,Low overall risk | Low severity | Low frequency
C003374,Andrew,Gray,United Kingdom,Standard,4,0,0,2,2,40.0,1.25,59.0,34.08,MEDIUM,NORMAL_CUSTOMER,PERSISTENT_RISK,Repeated problematic journeys | Persistence score 59.00
C003375,Hannah,Garcia,United States,Standard,4,1,1,2,2,45.0,5.31,59.0,37.29,MEDIUM,NORMAL_CUSTOMER,PERSISTENT_RISK,Repeated problematic journeys | Persistence score 59.00
C003377,Omar,Thompson,United States,Premium,2,1,1,0,0,30.0,8.12,0.0,14.44,LOW,NORMAL_CUSTOMER,STABLE_CUSTOMER,Low overall risk | Low severity | Low frequency
C003378,Amy,Chandler,Saudi Arabia,Standard,1,1,1,0,0,35.0,16.25,0.0,18.88,LOW,NORMAL_CUSTOMER,FREQUENT_FRICTION,Frequency score 16.25 | Repeated problematic activity
C003381,Heather,Burns,United Arab Emirates,Premium,2,0,0,0,0,0.0,0.0,0.0,0.0,LOW,NORMAL_CUSTOMER,STABLE_CUSTOMER,Low overall risk | Low severity | Low frequency
C003382,Crystal,Rice,United Arab Emirates,Standard,1,1,1,0,0,30.0,16.25,0.0,16.88,LOW,NORMAL_CUSTOMER,FREQUENT_FRICTION,Frequency score 16.25 | Repeated problematic activity
C003383,Kevin,Graves,Saudi Arabia,Premium,2,1,1,1,1,45.0,9.38,30.0,29.81,MEDIUM,NORMAL_CUSTOMER,DEVELOPING_FRICTION,Emerging risk indicators | Increasing problem frequency | Early persistence signal
C003384,Dorothy,Grimes,Saudi Arabia,Standard,1,1,1,0,0,30.0,16.25,0.0,16.88,LOW,NORMAL_CUSTOMER,FREQUENT_FRICTION,Frequency score 16.25 | Repeated problematic activity
C003385,Elaine,Arnold,Saudi Arabia,Premium,2,2,2,3,1,95.0,20.0,30.0,53.0,HIGH,FRICTION_PRONE_CUSTOMER,RECENT_HIGH_SEVERITY,High severity score 95.00 | Limited evidence of repeated behavior
C003386,Joseph,Lawson,Other,Premium,5,3,3,4,3,65.0,11.75,75.0,52.02,HIGH,FRICTION_PRONE_CUSTOMER,PERSISTENT_RISK,Repeated problematic journeys | Persistence score 75.00
C003387,Catherine,Mosley,Saudi Arabia,Standard,1,2,2,2,1,65.0,37.5,30.0,46.25,MEDIUM,NORMAL_CUSTOMER,FREQUENT_FRICTION,Frequency score 37.50 | Repeated problematic activity
C003388,Derrick,Jackson,Pakistan,Standard,1,0,0,0,0,0.0,0.0,0.0,0.0,LOW,NORMAL_CUSTOMER,STABLE_CUSTOMER,Low overall risk | Low severity | Low frequency
C003389,Maria,Potts,Saudi Arabia,Standard,3,1,1,1,1,70.0,6.25,30.0,38.88,MEDIUM,LOYAL_LOW_FRICTION_CUSTOMER,DEVELOPING_FRICTION,Emerging risk indicators | Increasing problem frequency | Early persistence signal
C003390,Daniel,Price,United Kingdom,Standard,3,3,3,3,1,100.0,18.75,30.0,54.62,HIGH,FRICTION_PRONE_CUSTOMER,RECENT_HIGH_SEVERITY,High severity score 100.00 | Limited evidence of repeated behavior
C003391,Jennifer,Reed,United Arab Emirates,Standard,2,0,0,2,2,45.0,2.5,79.0,42.45,MEDIUM,NORMAL_CUSTOMER,PERSISTENT_RISK,Repeated problematic journeys | Persistence score 79.00
C003392,David,Figueroa,Other,Standard,2,1,1,0,0,30.0,8.12,0.0,14.44,LOW,NORMAL_CUSTOMER,STABLE_CUSTOMER,Low overall risk | Low severity | Low frequency
C003393,Daniel,Faulkner,Other,Standard,1,0,0,1,1,40.0,2.5,30.0,25.75,MEDIUM,NORMAL_CUSTOMER,DEVELOPING_FRICTION,Emerging risk indicators | Early persistence signal
C003395,James,Wheeler,Other,Standard,2,0,0,1,1,40.0,1.25,30.0,25.38,MEDIUM,NORMAL_CUSTOMER,DEVELOPING_FRICTION,Emerging risk indicators | Early persistence signal
C003396,James,Atkinson,Other,Standard,2,0,0,1,1,40.0,1.25,30.0,25.38,MEDIUM,NORMAL_CUSTOMER,DEVELOPING_FRICTION,Emerging risk indicators | Early persistence signal
C003397,Jose,Woods,United States,Standard,1,0,0,1,1,40.0,2.5,30.0,25.75,MEDIUM,NORMAL_CUSTOMER,DEVELOPING_FRICTION,Emerging risk indicators | Early persistence signal
C003398,Alexandra,Anderson,United States,Premium,2,3,3,2,1,60.0,26.88,30.0,41.06,MEDIUM,NORMAL_CUSTOMER,FREQUENT_FRICTION,Frequency score 26.88 | Repeated problematic activity
C003399,James,Smith,Saudi Arabia,Premium,4,0,0,2,2,40.0,1.25,59.0,34.08,MEDIUM,NORMAL_CUSTOMER,PERSISTENT_RISK,Repeated problematic journeys | Persistence score 59.00
C003402,Benjamin,Martinez,Saudi Arabia,Standard,3,1,1,1,1,45.0,6.25,30.0,28.88,MEDIUM,LOYAL_LOW_FRICTION_CUSTOMER,DEVELOPING_FRICTION,Emerging risk indicators | Increasing problem frequency | Early persistence signal
C003403,Tyler,Gray,Other,Standard,2,0,0,1,1,45.0,1.25,30.0,27.38,MEDIUM,NORMAL_CUSTOMER,DEVELOPING_FRICTION,Emerging risk indicators | Early persistence signal
C003404,Jared,Moss,United Arab Emirates,Standard,2,2,2,2,1,65.0,18.75,30.0,40.62,MEDIUM,NORMAL_CUSTOMER,FREQUENT_FRICTION,Frequency score 18.75 | Repeated problematic activity
C003407,Aaron,Villegas,Other,Premium,4,3,3,3,2,60.0,14.06,59.0,45.92,MEDIUM,NORMAL_CUSTOMER,PERSISTENT_RISK,Repeated problematic journeys | Persistence score 59.00
C003408,Emily,Zimmerman,Other,Standard,3,1,1,1,1,40.0,6.25,30.0,26.88,MEDIUM,LOYAL_LOW_FRICTION_CUSTOMER,DEVELOPING_FRICTION,Emerging risk indicators | Increasing problem frequency | Early persistence signal
C003409,Rebecca,Wright,Saudi Arabia,Standard,2,0,0,0,0,0.0,0.0,0.0,0.0,LOW,NORMAL_CUSTOMER,STABLE_CUSTOMER,Low overall risk | Low severity | Low frequency
C003410,Mary,Franklin,Saudi Arabia,Premium,1,0,0,0,0,0.0,0.0,0.0,0.0,LOW,NORMAL_CUSTOMER,STABLE_CUSTOMER,Low overall risk | Low severity | Low frequency
C003411,Elizabeth,Mann,United Arab Emirates,Standard,1,0,0,0,0,0.0,0.0,0.0,0.0,LOW,NORMAL_CUSTOMER,STABLE_CUSTOMER,Low overall risk | Low severity | Low frequency
C003415,Jennifer,Shaw,United States,Standard,4,0,0,1,1,40.0,0.62,28.0,24.59,MEDIUM,LOYAL_LOW_FRICTION_CUSTOMER,DEVELOPING_FRICTION,Emerging risk indicators | Early persistence signal
C003416,Craig,Hill,Pakistan,Standard,2,0,0,0,0,0.0,0.0,0.0,0.0,LOW,NORMAL_CUSTOMER,STABLE_CUSTOMER,Low overall risk | Low severity | Low frequency
C003417,Jonathan,Patterson,United Arab Emirates,Standard,2,0,0,0,0,0.0,0.0,0.0,0.0,LOW,NORMAL_CUSTOMER,STABLE_CUSTOMER,Low overall risk | Low severity | Low frequency
C003418,Jerry,David,United Kingdom,Standard,2,2,2,3,1,100.0,20.0,30.0,55.0,HIGH,FRICTION_PRONE_CUSTOMER,RECENT_HIGH_SEVERITY,High severity score 100.00 | Limited evidence of repeated behavior
C003420,Kenneth,Cervantes,Saudi Arabia,Standard,2,0,0,1,1,40.0,1.25,30.0,25.38,MEDIUM,NORMAL_CUSTOMER,DEVELOPING_FRICTION,Emerging risk indicators | Early persistence signal
C003421,Steven,Torres,United States,Standard,2,1,1,1,1,75.0,9.38,30.0,41.81,MEDIUM,NORMAL_CUSTOMER,RECENT_HIGH_SEVERITY,High severity score 75.00 | Limited evidence of repeated behavior
C003422,Cory,Hodge,Pakistan,Standard,2,0,0,0,0,0.0,0.0,0.0,0.0,LOW,NORMAL_CUSTOMER,STABLE_CUSTOMER,Low overall risk | Low severity | Low frequency
C003424,Benjamin,Russell,Saudi Arabia,Standard,2,0,0,1,1,40.0,1.25,30.0,25.38,MEDIUM,NORMAL_CUSTOMER,DEVELOPING_FRICTION,Emerging risk indicators | Early persistence signal
C003426,Laurie,Davis,Pakistan,Standard,1,0,0,1,1,45.0,2.5,30.0,27.75,MEDIUM,NORMAL_CUSTOMER,DEVELOPING_FRICTION,Emerging risk indicators | Early persistence signal
C003427,Larry,Miller,Pakistan,Standard,7,3,3,4,2,100.0,8.39,50.43,57.65,HIGH,FRICTION_PRONE_CUSTOMER,PERSISTENT_RISK,Repeated problematic journeys | Persistence score 50.43
C003428,Joanna,Blair,Pakistan,Standard,2,1,1,0,0,30.0,8.12,0.0,14.44,LOW,NORMAL_CUSTOMER,STABLE_CUSTOMER,Low overall risk | Low severity | Low frequency
C003429,Cody,Duffy,Other,Standard,1,1,1,0,0,30.0,16.25,0.0,16.88,LOW,NORMAL_CUSTOMER,FREQUENT_FRICTION,Frequency score 16.25 | Repeated problematic activity
C003431,Brandon,Brown,Pakistan,Premium,3,0,0,2,2,40.0,1.67,65.67,36.2,MEDIUM,NORMAL_CUSTOMER,PERSISTENT_RISK,Repeated problematic journeys | Persistence score 65.67
C003432,Melissa,Paul,Other,Standard,2,1,1,0,0,30.0,8.12,0.0,14.44,LOW,NORMAL_CUSTOMER,STABLE_CUSTOMER,Low overall risk | Low severity | Low frequency
C003433,Elizabeth,Spencer,United States,Premium,3,0,0,1,1,40.0,0.83,30.0,25.25,MEDIUM,LOYAL_LOW_FRICTION_CUSTOMER,DEVELOPING_FRICTION,Emerging risk indicators | Early persistence signal
C003436,Samuel,Hayden,United Arab Emirates,Standard,3,1,1,2,2,40.0,7.08,65.67,37.83,MEDIUM,NORMAL_CUSTOMER,PERSISTENT_RISK,Repeated problematic journeys | Persistence score 65.67
C003437,Christy,Coleman,Saudi Arabia,Standard,1,1,1,1,1,80.0,18.75,30.0,46.62,MEDIUM,NORMAL_CUSTOMER,RECENT_HIGH_SEVERITY,High severity score 80.00 | Limited evidence of repeated behavior
C003439,Christopher,Cross,Other,Standard,3,3,3,3,1,100.0,18.75,30.0,54.62,HIGH,FRICTION_PRONE_CUSTOMER,RECENT_HIGH_SEVERITY,High severity score 100.00 | Limited evidence of repeated behavior
C003440,Lisa,Castillo,Other,Standard,1,0,0,0,0,0.0,0.0,0.0,0.0,LOW,NORMAL_CUSTOMER,STABLE_CUSTOMER,Low overall risk | Low severity | Low frequency
C003441,Ian,Robertson,United Arab Emirates,Standard,4,2,2,1,1,40.0,8.75,28.0,27.02,MEDIUM,LOYAL_LOW_FRICTION_CUSTOMER,DEVELOPING_FRICTION,Emerging risk indicators | Increasing problem frequency | Early persistence signal
C003443,Suzanne,Barron,Saudi Arabia,Premium,1,0,0,1,1,40.0,2.5,30.0,25.75,MEDIUM,NORMAL_CUSTOMER,DEVELOPING_FRICTION,Emerging risk indicators | Early persistence signal
C003444,Joseph,Wolfe,Other,Standard,1,0,0,0,0,0.0,0.0,0.0,0.0,LOW,NORMAL_CUSTOMER,STABLE_CUSTOMER,Low overall risk | Low severity | Low frequency
C003445,Paul,Sullivan,Other,Standard,2,0,0,0,0,0.0,0.0,0.0,0.0,LOW,NORMAL_CUSTOMER,STABLE_CUSTOMER,Low overall risk | Low severity | Low frequency
C003446,Melissa,Jensen,Pakistan,Premium,2,0,0,2,2,45.0,2.5,79.0,42.45,MEDIUM,NORMAL_CUSTOMER,PERSISTENT_RISK,Repeated problematic journeys | Persistence score 79.00
C003447,Lauren,Bartlett,United States,Standard,3,0,0,1,1,45.0,0.83,30.0,27.25,MEDIUM,LOYAL_LOW_FRICTION_CUSTOMER,DEVELOPING_FRICTION,Emerging risk indicators | Early persistence signal
C003448,Deborah,Reese,United Kingdom,Premium,1,0,0,1,1,40.0,2.5,30.0,25.75,MEDIUM,NORMAL_CUSTOMER,DEVELOPING_FRICTION,Emerging risk indicators | Early persistence signal
C003449,Laura,Klein,Pakistan,Standard,1,2,2,3,1,100.0,40.0,30.0,61.0,HIGH,FRICTION_PRONE_CUSTOMER,RECENT_HIGH_SEVERITY,High severity score 100.00 | Limited evidence of repeated behavior
C003450,Daniel,Park,Saudi Arabia,Standard,2,0,0,1,1,45.0,1.25,30.0,27.38,MEDIUM,NORMAL_CUSTOMER,DEVELOPING_FRICTION,Emerging risk indicators | Early persistence signal
C003451,Heather,Brady,United Arab Emirates,Standard,1,0,0,0,0,0.0,0.0,0.0,0.0,LOW,NORMAL_CUSTOMER,STABLE_CUSTOMER,Low overall risk | Low severity | Low frequency
C003452,Brian,Sanchez,United Kingdom,Standard,2,1,1,0,0,30.0,8.12,0.0,14.44,LOW,NORMAL_CUSTOMER,STABLE_CUSTOMER,Low overall risk | Low severity | Low frequency
C003453,Sherri,Stevenson,United Kingdom,Standard,1,1,1,0,0,30.0,16.25,0.0,16.88,LOW,NORMAL_CUSTOMER,FREQUENT_FRICTION,Frequency score 16.25 | Repeated problematic activity
C003454,Erik,Tapia,United Arab Emirates,Standard,3,2,2,0,0,30.0,10.83,0.0,15.25,LOW,LOYAL_LOW_FRICTION_CUSTOMER,LOYAL_STABLE_CUSTOMER,Multiple bookings | Low journey friction | Minimal problematic journeys
C003455,Robert,Morrow,Other,Standard,3,1,1,1,1,40.0,6.25,30.0,26.88,MEDIUM,LOYAL_LOW_FRICTION_CUSTOMER,DEVELOPING_FRICTION,Emerging risk indicators | Increasing problem frequency | Early persistence signal
C003457,Leah,Rice,Pakistan,Standard,2,0,0,0,0,0.0,0.0,0.0,0.0,LOW,NORMAL_CUSTOMER,STABLE_CUSTOMER,Low overall risk | Low severity | Low frequency
C003458,Erika,Lynch,United Kingdom,Standard,2,1,1,0,0,30.0,8.12,0.0,14.44,LOW,NORMAL_CUSTOMER,STABLE_CUSTOMER,Low overall risk | Low severity | Low frequency
C003460,Noah,Oconnell,Pakistan,Standard,1,0,0,0,0,0.0,0.0,0.0,0.0,LOW,NORMAL_CUSTOMER,STABLE_CUSTOMER,Low overall risk | Low severity | Low frequency
C003461,Michael,Craig,Saudi Arabia,Premium,3,0,0,2,2,45.0,1.67,65.67,38.2,MEDIUM,NORMAL_CUSTOMER,PERSISTENT_RISK,Repeated problematic journeys | Persistence score 65.67
C003462,Anthony,Macias,Saudi Arabia,Standard,2,1,1,2,2,70.0,10.62,79.0,54.89,HIGH,FRICTION_PRONE_CUSTOMER,PERSISTENT_RISK,Repeated problematic journeys | Persistence score 79.00
C003463,Gabrielle,Mills,Pakistan,Premium,3,0,0,1,1,40.0,0.83,30.0,25.25,MEDIUM,LOYAL_LOW_FRICTION_CUSTOMER,DEVELOPING_FRICTION,Emerging risk indicators | Early persistence signal
C003466,David,Franco,United Kingdom,Standard,1,1,1,0,0,30.0,16.25,0.0,16.88,LOW,NORMAL_CUSTOMER,FREQUENT_FRICTION,Frequency score 16.25 | Repeated problematic activity
C003467,Samantha,Palmer,United Arab Emirates,Standard,1,0,0,1,1,40.0,2.5,30.0,25.75,MEDIUM,NORMAL_CUSTOMER,DEVELOPING_FRICTION,Emerging risk indicators | Early persistence signal
C003469,Robert,Henderson,United States,Standard,1,1,1,0,0,35.0,16.25,0.0,18.88,LOW,NORMAL_CUSTOMER,FREQUENT_FRICTION,Frequency score 16.25 | Repeated problematic activity
C003472,Leon,Wilson,United States,Standard,4,1,1,0,0,35.0,4.06,0.0,15.22,LOW,LOYAL_LOW_FRICTION_CUSTOMER,LOYAL_STABLE_CUSTOMER,Multiple bookings | Low journey friction | Minimal problematic journeys
C003473,Janet,Sloan,Pakistan,Standard,4,0,0,1,1,40.0,0.62,28.0,24.59,MEDIUM,LOYAL_LOW_FRICTION_CUSTOMER,DEVELOPING_FRICTION,Emerging risk indicators | Early persistence signal
C003475,Katrina,Ryan,United States,VIP,2,0,0,0,0,0.0,0.0,0.0,0.0,LOW,NORMAL_CUSTOMER,STABLE_CUSTOMER,Low overall risk | Low severity | Low frequency
C003476,Barbara,Miranda,United States,Standard,1,0,0,0,0,0.0,0.0,0.0,0.0,LOW,NORMAL_CUSTOMER,STABLE_CUSTOMER,Low overall risk | Low severity | Low frequency
C003477,Annette,Wilson,Other,Standard,1,2,2,2,1,65.0,37.5,30.0,46.25,MEDIUM,NORMAL_CUSTOMER,FREQUENT_FRICTION,Frequency score 37.50 | Repeated problematic activity
C003478,Tiffany,Evans,Pakistan,Standard,1,1,1,0,0,30.0,16.25,0.0,16.88,LOW,NORMAL_CUSTOMER,FREQUENT_FRICTION,Frequency score 16.25 | Repeated problematic activity
C003479,Elizabeth,Carter,United Arab Emirates,Standard,1,0,0,0,0,0.0,0.0,0.0,0.0,LOW,NORMAL_CUSTOMER,STABLE_CUSTOMER,Low overall risk | Low severity | Low frequency
C003480,Matthew,Lewis,United Arab Emirates,Standard,2,1,1,0,0,30.0,8.12,0.0,14.44,LOW,NORMAL_CUSTOMER,STABLE_CUSTOMER,Low overall risk | Low severity | Low frequency
C003481,Alexandra,Rojas,Saudi Arabia,Standard,1,2,2,2,1,65.0,37.5,30.0,46.25,MEDIUM,NORMAL_CUSTOMER,FREQUENT_FRICTION,Frequency score 37.50 | Repeated problematic activity
C003482,Jackie,Carroll,Pakistan,Premium,1,0,0,0,0,0.0,0.0,0.0,0.0,LOW,NORMAL_CUSTOMER,STABLE_CUSTOMER,Low overall risk | Low severity | Low frequency
C003484,Dorothy,Torres,Other,Standard,4,0,0,2,2,45.0,1.25,59.0,36.08,MEDIUM,NORMAL_CUSTOMER,PERSISTENT_RISK,Repeated problematic journeys | Persistence score 59.00
C003485,John,Fitzpatrick,Pakistan,Standard,2,2,2,3,2,65.0,20.0,79.0,55.7,HIGH,FRICTION_PRONE_CUSTOMER,PERSISTENT_RISK,Repeated problematic journeys | Persistence score 79.00
C003486,Michael,Day,Pakistan,Standard,1,0,0,0,0,0.0,0.0,0.0,0.0,LOW,NORMAL_CUSTOMER,STABLE_CUSTOMER,Low overall risk | Low severity | Low frequency
C003487,Erica,Petersen,United Arab Emirates,Standard,3,0,0,2,2,40.0,1.67,65.67,36.2,MEDIUM,NORMAL_CUSTOMER,PERSISTENT_RISK,Repeated problematic journeys | Persistence score 65.67
C003489,Mary,Ford,Saudi Arabia,Standard,1,2,2,2,1,65.0,37.5,30.0,46.25,MEDIUM,NORMAL_CUSTOMER,FREQUENT_FRICTION,Frequency score 37.50 | Repeated problematic activity
C003490,Angela,Williamson,United Arab Emirates,Standard,2,0,0,0,0,0.0,0.0,0.0,0.0,LOW,NORMAL_CUSTOMER,STABLE_CUSTOMER,Low overall risk | Low severity | Low frequency
C003491,Vanessa,Freeman,Saudi Arabia,Standard,3,1,1,2,2,75.0,7.08,65.67,51.82,HIGH,FRICTION_PRONE_CUSTOMER,PERSISTENT_RISK,Repeated problematic journeys | Persistence score 65.67
C003492,Brian,Kelly,Pakistan,VIP,3,2,2,1,1,75.0,11.67,30.0,42.5,MEDIUM,NORMAL_CUSTOMER,RECENT_HIGH_SEVERITY,High severity score 75.00 | Limited evidence of repeated behavior
C003493,Dawn,Gilbert,Other,Standard,1,0,0,0,0,0.0,0.0,0.0,0.0,LOW,NORMAL_CUSTOMER,STABLE_CUSTOMER,Low overall risk | Low severity | Low frequency
C003494,Eric,Murphy,Other,Standard,1,0,0,1,1,40.0,2.5,30.0,25.75,MEDIUM,NORMAL_CUSTOMER,DEVELOPING_FRICTION,Emerging risk indicators | Early persistence signal
C003495,Melinda,Gomez,United Kingdom,Standard,2,0,0,0,0,0.0,0.0,0.0,0.0,LOW,NORMAL_CUSTOMER,STABLE_CUSTOMER,Low overall risk | Low severity | Low frequency
C003496,Melissa,Smith,Saudi Arabia,Standard,1,0,0,0,0,0.0,0.0,0.0,0.0,LOW,NORMAL_CUSTOMER,STABLE_CUSTOMER,Low overall risk | Low severity | Low frequency
C003497,Molly,Zamora,Other,Premium,2,0,0,0,0,0.0,0.0,0.0,0.0,LOW,NORMAL_CUSTOMER,STABLE_CUSTOMER,Low overall risk | Low severity | Low frequency
C003498,Charles,Lopez,Other,Premium,2,1,1,2,2,75.0,10.62,79.0,56.89,HIGH,FRICTION_PRONE_CUSTOMER,PERSISTENT_RISK,Repeated problematic journeys | Persistence score 79.00
C003499,Travis,Gomez,Saudi Arabia,Standard,3,1,1,3,3,75.0,7.92,91.0,59.68,HIGH,FRICTION_PRONE_CUSTOMER,PERSISTENT_RISK,Repeated problematic journeys | Persistence score 91.00
C003500,John,Garcia,United Kingdom,Standard,1,0,0,1,1,40.0,2.5,30.0,25.75,MEDIUM,NORMAL_CUSTOMER,DEVELOPING_FRICTION,Emerging risk indicators | Early persistence signal
C003501,Tara,Vasquez,Saudi Arabia,Standard,3,0,0,1,1,45.0,0.83,30.0,27.25,MEDIUM,LOYAL_LOW_FRICTION_CUSTOMER,DEVELOPING_FRICTION,Emerging risk indicators | Early persistence signal
C003503,Jeffrey,Robertson,Other,Standard,2,1,1,1,1,75.0,9.38,30.0,41.81,MEDIUM,NORMAL_CUSTOMER,RECENT_HIGH_SEVERITY,High severity score 75.00 | Limited evidence of repeated behavior
C003504,Dawn,Hernandez,Saudi Arabia,Premium,3,1,1,0,0,30.0,5.42,0.0,13.63,LOW,LOYAL_LOW_FRICTION_CUSTOMER,LOYAL_STABLE_CUSTOMER,Multiple bookings | Low journey friction | Minimal problematic journeys
C003505,Richard,Martinez,Other,Standard,2,2,2,0,0,35.0,16.25,0.0,18.88,LOW,NORMAL_CUSTOMER,FREQUENT_FRICTION,Frequency score 16.25 | Repeated problematic activity
C003506,Jimmy,Freeman,Pakistan,Standard,1,0,0,0,0,0.0,0.0,0.0,0.0,LOW,NORMAL_CUSTOMER,STABLE_CUSTOMER,Low overall risk | Low severity | Low frequency
C003507,Stephen,Moore,Other,Premium,2,0,0,0,0,0.0,0.0,0.0,0.0,LOW,NORMAL_CUSTOMER,STABLE_CUSTOMER,Low overall risk | Low severity | Low frequency
C003508,Laurie,Douglas,United Arab Emirates,VIP,1,0,0,0,0,0.0,0.0,0.0,0.0,LOW,NORMAL_CUSTOMER,STABLE_CUSTOMER,Low overall risk | Low severity | Low frequency
C003509,Shane,Perez,United States,Standard,1,0,0,0,0,0.0,0.0,0.0,0.0,LOW,NORMAL_CUSTOMER,STABLE_CUSTOMER,Low overall risk | Low severity | Low frequency
C003511,Sergio,Evans,United Arab Emirates,Premium,3,1,1,1,1,45.0,6.25,30.0,28.88,MEDIUM,LOYAL_LOW_FRICTION_CUSTOMER,DEVELOPING_FRICTION,Emerging risk indicators | Increasing problem frequency | Early persistence signal
C003512,David,Patterson,Saudi Arabia,Premium,3,3,3,2,1,65.0,17.92,30.0,40.38,MEDIUM,NORMAL_CUSTOMER,FREQUENT_FRICTION,Frequency score 17.92 | Repeated problematic activity
C003513,Tyler,White,Other,VIP,3,2,2,2,1,65.0,12.5,30.0,38.75,MEDIUM,LOYAL_LOW_FRICTION_CUSTOMER,DEVELOPING_FRICTION,Emerging risk indicators | Increasing problem frequency | Early persistence signal
C003514,Denise,Cain,United States,Standard,2,1,1,1,1,70.0,9.38,30.0,39.81,MEDIUM,NORMAL_CUSTOMER,DEVELOPING_FRICTION,Emerging risk indicators | Increasing problem frequency | Early persistence signal
C003515,Curtis,Rodriguez,Other,Standard,2,0,0,0,0,0.0,0.0,0.0,0.0,LOW,NORMAL_CUSTOMER,STABLE_CUSTOMER,Low overall risk | Low severity | Low frequency
C003516,Robert,Gonzales,Other,Premium,4,1,1,1,1,40.0,4.69,28.0,25.81,MEDIUM,LOYAL_LOW_FRICTION_CUSTOMER,DEVELOPING_FRICTION,Emerging risk indicators | Early persistence signal
C003517,Angela,Franco,Saudi Arabia,Standard,4,4,4,2,1,60.0,17.5,28.0,37.65,MEDIUM,NORMAL_CUSTOMER,FREQUENT_FRICTION,Frequency score 17.50 | Repeated problematic activity
C003518,Aaron,Martin,United Arab Emirates,Standard,1,0,0,0,0,0.0,0.0,0.0,0.0,LOW,NORMAL_CUSTOMER,STABLE_CUSTOMER,Low overall risk | Low severity | Low frequency
C003519,Christopher,Gomez,Saudi Arabia,Standard,1,1,1,0,0,35.0,16.25,0.0,18.88,LOW,NORMAL_CUSTOMER,FREQUENT_FRICTION,Frequency score 16.25 | Repeated problematic activity
C003522,Kevin,Harrell,United Arab Emirates,Standard,2,1,1,0,0,35.0,8.12,0.0,16.44,LOW,NORMAL_CUSTOMER,STABLE_CUSTOMER,Low overall risk | Low severity | Low frequency
C003523,William,Gonzalez,Saudi Arabia,Standard,1,2,2,3,1,100.0,40.0,30.0,61.0,HIGH,FRICTION_PRONE_CUSTOMER,RECENT_HIGH_SEVERITY,High severity score 100.00 | Limited evidence of repeated behavior
C003524,Jamie,Lopez,Saudi Arabia,Standard,1,0,0,0,0,0.0,0.0,0.0,0.0,LOW,NORMAL_CUSTOMER,STABLE_CUSTOMER,Low overall risk | Low severity | Low frequency
C003526,Stephanie,Foster,Saudi Arabia,Standard,1,0,0,0,0,0.0,0.0,0.0,0.0,LOW,NORMAL_CUSTOMER,STABLE_CUSTOMER,Low overall risk | Low severity | Low frequency
C003527,Michael,Manning,Other,Standard,1,1,1,0,0,30.0,16.25,0.0,16.88,LOW,NORMAL_CUSTOMER,FREQUENT_FRICTION,Frequency score 16.25 | Repeated problematic activity
C003531,Ann,Mendoza,Saudi Arabia,Standard,3,3,3,5,3,100.0,20.42,91.0,73.43,HIGH,FRICTION_PRONE_CUSTOMER,PERSISTENT_RISK,Repeated problematic journeys | Persistence score 91.00
C003532,Christine,Ortega,United States,VIP,2,2,2,2,1,65.0,18.75,30.0,40.62,MEDIUM,NORMAL_CUSTOMER,FREQUENT_FRICTION,Frequency score 18.75 | Repeated problematic activity
C003534,Diane,Fisher,Saudi Arabia,Standard,2,2,2,3,1,100.0,20.0,30.0,55.0,HIGH,FRICTION_PRONE_CUSTOMER,RECENT_HIGH_SEVERITY,High severity score 100.00 | Limited evidence of repeated behavior
C003535,Jennifer,Pierce,Saudi Arabia,Standard,1,0,0,0,0,0.0,0.0,0.0,0.0,LOW,NORMAL_CUSTOMER,STABLE_CUSTOMER,Low overall risk | Low severity | Low frequency
C003536,Daniel,Marsh,Saudi Arabia,Standard,1,0,0,0,0,0.0,0.0,0.0,0.0,LOW,NORMAL_CUSTOMER,STABLE_CUSTOMER,Low overall risk | Low severity | Low frequency
C003537,Katherine,Klein,Saudi Arabia,Standard,2,0,0,0,0,0.0,0.0,0.0,0.0,LOW,NORMAL_CUSTOMER,STABLE_CUSTOMER,Low overall risk | Low severity | Low frequency
C003538,Jeffrey,Nguyen,United Arab Emirates,Standard,1,0,0,0,0,0.0,0.0,0.0,0.0,LOW,NORMAL_CUSTOMER,STABLE_CUSTOMER,Low overall risk | Low severity | Low frequency
C003539,Matthew,Duran,United Kingdom,Premium,1,1,1,0,0,35.0,16.25,0.0,18.88,LOW,NORMAL_CUSTOMER,FREQUENT_FRICTION,Frequency score 16.25 | Repeated problematic activity
C003540,Maria,Macias,Saudi Arabia,Standard,2,0,0,0,0,0.0,0.0,0.0,0.0,LOW,NORMAL_CUSTOMER,STABLE_CUSTOMER,Low overall risk | Low severity | Low frequency
C003544,Jacqueline,Price,United Arab Emirates,Standard,1,0,0,0,0,0.0,0.0,0.0,0.0,LOW,NORMAL_CUSTOMER,STABLE_CUSTOMER,Low overall risk | Low severity | Low frequency
C003546,Frank,Rodriguez,Saudi Arabia,Standard,2,0,0,0,0,0.0,0.0,0.0,0.0,LOW,NORMAL_CUSTOMER,STABLE_CUSTOMER,Low overall risk | Low severity | Low frequency
C003547,Donald,Smith,Saudi Arabia,Premium,2,0,0,0,0,0.0,0.0,0.0,0.0,LOW,NORMAL_CUSTOMER,STABLE_CUSTOMER,Low overall risk | Low severity | Low frequency
C003548,Jennifer,Moore,United Arab Emirates,Standard,1,0,0,0,0,0.0,0.0,0.0,0.0,LOW,NORMAL_CUSTOMER,STABLE_CUSTOMER,Low overall risk | Low severity | Low frequency
C003549,Jennifer,Porter,United Arab Emirates,Standard,2,1,1,1,1,80.0,9.38,30.0,43.81,MEDIUM,NORMAL_CUSTOMER,RECENT_HIGH_SEVERITY,High severity score 80.00 | Limited evidence of repeated behavior
C003550,Daniel,Saunders,Pakistan,Standard,2,2,2,2,1,65.0,18.75,30.0,40.62,MEDIUM,NORMAL_CUSTOMER,FREQUENT_FRICTION,Frequency score 18.75 | Repeated problematic activity
C003552,Jacob,Gregory,Saudi Arabia,Standard,2,0,0,1,1,45.0,1.25,30.0,27.38,MEDIUM,NORMAL_CUSTOMER,DEVELOPING_FRICTION,Emerging risk indicators | Early persistence signal
C003553,Sarah,Peterson,Pakistan,Standard,2,0,0,0,0,0.0,0.0,0.0,0.0,LOW,NORMAL_CUSTOMER,STABLE_CUSTOMER,Low overall risk | Low severity | Low frequency
C003554,Philip,Bray,Pakistan,Premium,4,2,2,2,1,65.0,9.38,28.0,37.21,MEDIUM,LOYAL_LOW_FRICTION_CUSTOMER,DEVELOPING_FRICTION,Emerging risk indicators | Increasing problem frequency | Early persistence signal
C003555,Stephen,Mclaughlin,Saudi Arabia,Standard,2,1,1,1,1,40.0,9.38,30.0,27.81,MEDIUM,NORMAL_CUSTOMER,DEVELOPING_FRICTION,Emerging risk indicators | Increasing problem frequency | Early persistence signal
C003556,Kimberly,Hamilton,Pakistan,Premium,1,0,0,0,0,0.0,0.0,0.0,0.0,LOW,NORMAL_CUSTOMER,STABLE_CUSTOMER,Low overall risk | Low severity | Low frequency
C003557,Jennifer,Roberts,Saudi Arabia,Standard,3,1,1,1,1,40.0,6.25,30.0,26.88,MEDIUM,LOYAL_LOW_FRICTION_CUSTOMER,DEVELOPING_FRICTION,Emerging risk indicators | Increasing problem frequency | Early persistence signal
C003558,Daniel,Tucker,United Arab Emirates,Standard,3,3,3,2,1,65.0,17.92,30.0,40.38,MEDIUM,NORMAL_CUSTOMER,FREQUENT_FRICTION,Frequency score 17.92 | Repeated problematic activity
C003559,Robert,Hodges,Saudi Arabia,VIP,2,0,0,0,0,0.0,0.0,0.0,0.0,LOW,NORMAL_CUSTOMER,STABLE_CUSTOMER,Low overall risk | Low severity | Low frequency
C003560,Sara,Wright,United Arab Emirates,Standard,1,0,0,0,0,0.0,0.0,0.0,0.0,LOW,NORMAL_CUSTOMER,STABLE_CUSTOMER,Low overall risk | Low severity | Low frequency
C003561,Mary,Hernandez,United Arab Emirates,Standard,2,0,0,2,2,45.0,2.5,79.0,42.45,MEDIUM,NORMAL_CUSTOMER,PERSISTENT_RISK,Repeated problematic journeys | Persistence score 79.00
C003562,Brianna,Dixon,United States,Premium,3,0,0,0,0,0.0,0.0,0.0,0.0,LOW,LOYAL_LOW_FRICTION_CUSTOMER,LOYAL_STABLE_CUSTOMER,Multiple bookings | Low journey friction | Minimal problematic journeys
C003563,Kelsey,Wright,Saudi Arabia,Standard,2,2,2,3,1,95.0,20.0,30.0,53.0,HIGH,FRICTION_PRONE_CUSTOMER,RECENT_HIGH_SEVERITY,High severity score 95.00 | Limited evidence of repeated behavior
C003564,Shannon,Wang,United Arab Emirates,Standard,2,0,0,0,0,0.0,0.0,0.0,0.0,LOW,NORMAL_CUSTOMER,STABLE_CUSTOMER,Low overall risk | Low severity | Low frequency
C003565,Dominique,Lin,United Arab Emirates,Standard,1,0,0,0,0,0.0,0.0,0.0,0.0,LOW,NORMAL_CUSTOMER,STABLE_CUSTOMER,Low overall risk | Low severity | Low frequency
C003566,Stephanie,Gamble,United Kingdom,Standard,4,1,1,1,1,40.0,4.69,28.0,25.81,MEDIUM,LOYAL_LOW_FRICTION_CUSTOMER,DEVELOPING_FRICTION,Emerging risk indicators | Early persistence signal
C003567,Dennis,Wright,Pakistan,Standard,2,2,2,2,1,65.0,18.75,30.0,40.62,MEDIUM,NORMAL_CUSTOMER,FREQUENT_FRICTION,Frequency score 18.75 | Repeated problematic activity
C003568,Victor,Hoover,United Kingdom,Standard,2,2,2,3,2,65.0,20.0,79.0,55.7,HIGH,FRICTION_PRONE_CUSTOMER,PERSISTENT_RISK,Repeated problematic journeys | Persistence score 79.00
C003569,Alyssa,Gonzalez,United States,Standard,2,0,0,1,1,45.0,1.25,30.0,27.38,MEDIUM,NORMAL_CUSTOMER,DEVELOPING_FRICTION,Emerging risk indicators | Early persistence signal
C003570,Brandon,Mccarthy,Other,Premium,3,0,0,0,0,0.0,0.0,0.0,0.0,LOW,LOYAL_LOW_FRICTION_CUSTOMER,LOYAL_STABLE_CUSTOMER,Multiple bookings | Low journey friction | Minimal problematic journeys
C003572,Mary,Haynes,Pakistan,Standard,1,0,0,0,0,0.0,0.0,0.0,0.0,LOW,NORMAL_CUSTOMER,STABLE_CUSTOMER,Low overall risk | Low severity | Low frequency
C003573,Timothy,Shaw,United States,Standard,1,1,1,0,0,35.0,16.25,0.0,18.88,LOW,NORMAL_CUSTOMER,FREQUENT_FRICTION,Frequency score 16.25 | Repeated problematic activity
C003576,Gregory,Garza,United Arab Emirates,Premium,5,3,3,3,2,65.0,11.25,55.0,45.88,MEDIUM,NORMAL_CUSTOMER,PERSISTENT_RISK,Repeated problematic journeys | Persistence score 55.00
C003577,Beth,Walters,Saudi Arabia,Premium,2,1,1,1,1,80.0,9.38,30.0,43.81,MEDIUM,NORMAL_CUSTOMER,RECENT_HIGH_SEVERITY,High severity score 80.00 | Limited evidence of repeated behavior
C003578,Jessica,Perez,United Arab Emirates,Standard,3,0,0,1,1,45.0,0.83,30.0,27.25,MEDIUM,LOYAL_LOW_FRICTION_CUSTOMER,DEVELOPING_FRICTION,Emerging risk indicators | Early persistence signal
C003580,Paul,Johnson,United Arab Emirates,Standard,1,0,0,0,0,0.0,0.0,0.0,0.0,LOW,NORMAL_CUSTOMER,STABLE_CUSTOMER,Low overall risk | Low severity | Low frequency
C003581,Caroline,Mooney,United Arab Emirates,Standard,3,0,0,1,1,40.0,0.83,30.0,25.25,MEDIUM,LOYAL_LOW_FRICTION_CUSTOMER,DEVELOPING_FRICTION,Emerging risk indicators | Early persistence signal
C003582,Nicole,Hickman,United States,Standard,1,0,0,0,0,0.0,0.0,0.0,0.0,LOW,NORMAL_CUSTOMER,STABLE_CUSTOMER,Low overall risk | Low severity | Low frequency
C003583,William,Simmons,United Arab Emirates,Standard,2,0,0,1,1,40.0,1.25,30.0,25.38,MEDIUM,NORMAL_CUSTOMER,DEVELOPING_FRICTION,Emerging risk indicators | Early persistence signal
C003584,Patrick,Jensen,Other,Standard,1,0,0,0,0,0.0,0.0,0.0,0.0,LOW,NORMAL_CUSTOMER,STABLE_CUSTOMER,Low overall risk | Low severity | Low frequency
C003585,Tiffany,Davis,United Arab Emirates,Premium,1,2,2,2,1,65.0,37.5,30.0,46.25,MEDIUM,NORMAL_CUSTOMER,FREQUENT_FRICTION,Frequency score 37.50 | Repeated problematic activity
C003586,Ruth,Williams,United Arab Emirates,Standard,1,1,1,1,1,70.0,18.75,30.0,42.62,MEDIUM,NORMAL_CUSTOMER,FREQUENT_FRICTION,Frequency score 18.75 | Repeated problematic activity
C003587,Kathryn,Russell,United Arab Emirates,Standard,1,1,1,0,0,30.0,16.25,0.0,16.88,LOW,NORMAL_CUSTOMER,FREQUENT_FRICTION,Frequency score 16.25 | Repeated problematic activity
C003588,Joshua,Torres,United States,Standard,3,2,2,2,1,65.0,12.5,30.0,38.75,MEDIUM,LOYAL_LOW_FRICTION_CUSTOMER,DEVELOPING_FRICTION,Emerging risk indicators | Increasing problem frequency | Early persistence signal
C003589,Tamara,Schultz,Saudi Arabia,Standard,3,0,0,2,2,40.0,1.67,65.67,36.2,MEDIUM,NORMAL_CUSTOMER,PERSISTENT_RISK,Repeated problematic journeys | Persistence score 65.67
C003590,Tara,Hall,Saudi Arabia,Standard,1,0,0,0,0,0.0,0.0,0.0,0.0,LOW,NORMAL_CUSTOMER,STABLE_CUSTOMER,Low overall risk | Low severity | Low frequency
C003591,Shawn,Rogers,Other,Standard,1,1,1,1,1,70.0,18.75,30.0,42.62,MEDIUM,NORMAL_CUSTOMER,FREQUENT_FRICTION,Frequency score 18.75 | Repeated problematic activity
C003592,Dennis,Mendoza,Saudi Arabia,Standard,2,1,1,0,0,30.0,8.12,0.0,14.44,LOW,NORMAL_CUSTOMER,STABLE_CUSTOMER,Low overall risk | Low severity | Low frequency
C003594,Holly,Schneider,Pakistan,Standard,1,0,0,0,0,0.0,0.0,0.0,0.0,LOW,NORMAL_CUSTOMER,STABLE_CUSTOMER,Low overall risk | Low severity | Low frequency
C003595,Kaitlyn,Torres,United Arab Emirates,Standard,1,0,0,0,0,0.0,0.0,0.0,0.0,LOW,NORMAL_CUSTOMER,STABLE_CUSTOMER,Low overall risk | Low severity | Low frequency
C003596,Kent,Adams,Pakistan,Standard,1,1,1,1,1,70.0,18.75,30.0,42.62,MEDIUM,NORMAL_CUSTOMER,FREQUENT_FRICTION,Frequency score 18.75 | Repeated problematic activity
C003597,Jacqueline,Ramirez,Saudi Arabia,Standard,2,1,1,1,1,40.0,9.38,30.0,27.81,MEDIUM,NORMAL_CUSTOMER,DEVELOPING_FRICTION,Emerging risk indicators | Increasing problem frequency | Early persistence signal
C003598,Michelle,Bell,Pakistan,Standard,2,0,0,1,1,40.0,1.25,30.0,25.38,MEDIUM,NORMAL_CUSTOMER,DEVELOPING_FRICTION,Emerging risk indicators | Early persistence signal
C003599,Jennifer,Barnes,United Arab Emirates,Premium,3,0,0,1,1,45.0,0.83,30.0,27.25,MEDIUM,LOYAL_LOW_FRICTION_CUSTOMER,DEVELOPING_FRICTION,Emerging risk indicators | Early persistence signal
C003600,Selena,Flores,United Kingdom,Standard,1,0,0,0,0,0.0,0.0,0.0,0.0,LOW,NORMAL_CUSTOMER,STABLE_CUSTOMER,Low overall risk | Low severity | Low frequency
C003601,Cynthia,Williams,Saudi Arabia,Premium,1,0,0,0,0,0.0,0.0,0.0,0.0,LOW,NORMAL_CUSTOMER,STABLE_CUSTOMER,Low overall risk | Low severity | Low frequency
C003603,Claudia,Williams,Saudi Arabia,Premium,2,0,0,1,1,45.0,1.25,30.0,27.38,MEDIUM,NORMAL_CUSTOMER,DEVELOPING_FRICTION,Emerging risk indicators | Early persistence signal
C003604,Kelly,Garner,Saudi Arabia,Premium,3,1,1,0,0,30.0,5.42,0.0,13.63,LOW,LOYAL_LOW_FRICTION_CUSTOMER,LOYAL_STABLE_CUSTOMER,Multiple bookings | Low journey friction | Minimal problematic journeys
C003605,Michael,Lewis,Saudi Arabia,Premium,3,0,0,0,0,0.0,0.0,0.0,0.0,LOW,LOYAL_LOW_FRICTION_CUSTOMER,LOYAL_STABLE_CUSTOMER,Multiple bookings | Low journey friction | Minimal problematic journeys
C003606,Emily,Kennedy,Saudi Arabia,Standard,2,1,1,0,0,30.0,8.12,0.0,14.44,LOW,NORMAL_CUSTOMER,STABLE_CUSTOMER,Low overall risk | Low severity | Low frequency
C003607,Tina,Kerr,United States,Standard,2,1,1,0,0,30.0,8.12,0.0,14.44,LOW,NORMAL_CUSTOMER,STABLE_CUSTOMER,Low overall risk | Low severity | Low frequency
C003608,Debra,Garcia,Saudi Arabia,Standard,2,0,0,2,2,40.0,2.5,79.0,40.45,MEDIUM,NORMAL_CUSTOMER,PERSISTENT_RISK,Repeated problematic journeys | Persistence score 79.00
C003610,William,Vaughan,Other,Standard,3,2,2,1,1,75.0,11.67,30.0,42.5,MEDIUM,NORMAL_CUSTOMER,RECENT_HIGH_SEVERITY,High severity score 75.00 | Limited evidence of repeated behavior
C003611,Heather,Cox,Pakistan,Standard,3,1,1,0,0,30.0,5.42,0.0,13.63,LOW,LOYAL_LOW_FRICTION_CUSTOMER,LOYAL_STABLE_CUSTOMER,Multiple bookings | Low journey friction | Minimal problematic journeys
C003612,Marcus,Torres,Saudi Arabia,VIP,2,0,0,1,1,45.0,1.25,30.0,27.38,MEDIUM,NORMAL_CUSTOMER,DEVELOPING_FRICTION,Emerging risk indicators | Early persistence signal
C003613,Darrell,Davis,United Arab Emirates,Standard,1,0,0,0,0,0.0,0.0,0.0,0.0,LOW,NORMAL_CUSTOMER,STABLE_CUSTOMER,Low overall risk | Low severity | Low frequency
C003614,Michael,Smith,United States,Standard,1,1,1,0,0,35.0,16.25,0.0,18.88,LOW,NORMAL_CUSTOMER,FREQUENT_FRICTION,Frequency score 16.25 | Repeated problematic activity
C003619,Julie,Ward,United States,Standard,4,1,1,1,1,40.0,4.69,28.0,25.81,MEDIUM,LOYAL_LOW_FRICTION_CUSTOMER,DEVELOPING_FRICTION,Emerging risk indicators | Early persistence signal
C003620,Maureen,Maxwell,Saudi Arabia,Standard,2,0,0,0,0,0.0,0.0,0.0,0.0,LOW,NORMAL_CUSTOMER,STABLE_CUSTOMER,Low overall risk | Low severity | Low frequency
C003621,Justin,Rice,United Kingdom,Standard,1,2,2,3,1,100.0,40.0,30.0,61.0,HIGH,FRICTION_PRONE_CUSTOMER,RECENT_HIGH_SEVERITY,High severity score 100.00 | Limited evidence of repeated behavior
C003623,Lindsey,Santos,Saudi Arabia,Standard,4,1,1,1,1,40.0,4.69,28.0,25.81,MEDIUM,LOYAL_LOW_FRICTION_CUSTOMER,DEVELOPING_FRICTION,Emerging risk indicators | Early persistence signal
C003624,Alexandra,Clark,Other,Standard,2,4,4,4,2,65.0,37.5,79.0,60.95,HIGH,FRICTION_PRONE_CUSTOMER,PERSISTENT_RISK,Repeated problematic journeys | Persistence score 79.00
C003625,Anthony,Cruz,Saudi Arabia,Standard,1,0,0,0,0,0.0,0.0,0.0,0.0,LOW,NORMAL_CUSTOMER,STABLE_CUSTOMER,Low overall risk | Low severity | Low frequency
C003626,Dustin,Eaton,Saudi Arabia,Standard,1,0,0,1,1,40.0,2.5,30.0,25.75,MEDIUM,NORMAL_CUSTOMER,DEVELOPING_FRICTION,Emerging risk indicators | Early persistence signal
C003627,Ellen,Anderson,Saudi Arabia,Standard,2,0,0,0,0,0.0,0.0,0.0,0.0,LOW,NORMAL_CUSTOMER,STABLE_CUSTOMER,Low overall risk | Low severity | Low frequency
C003628,James,Newton,Other,Standard,3,0,0,1,1,45.0,0.83,30.0,27.25,MEDIUM,LOYAL_LOW_FRICTION_CUSTOMER,DEVELOPING_FRICTION,Emerging risk indicators | Early persistence signal
C003629,Karen,Martinez,United States,Standard,1,0,0,1,1,45.0,2.5,30.0,27.75,MEDIUM,NORMAL_CUSTOMER,DEVELOPING_FRICTION,Emerging risk indicators | Early persistence signal
C003630,Eugene,Willis,Pakistan,Premium,6,0,0,0,0,0.0,0.0,0.0,0.0,LOW,LOYAL_LOW_FRICTION_CUSTOMER,LOYAL_STABLE_CUSTOMER,Multiple bookings | Low journey friction | Minimal problematic journeys
C003631,Justin,Barr,United States,Standard,2,1,1,1,1,75.0,9.38,30.0,41.81,MEDIUM,NORMAL_CUSTOMER,RECENT_HIGH_SEVERITY,High severity score 75.00 | Limited evidence of repeated behavior
C003632,John,Pena,Saudi Arabia,Premium,1,0,0,0,0,0.0,0.0,0.0,0.0,LOW,NORMAL_CUSTOMER,STABLE_CUSTOMER,Low overall risk | Low severity | Low frequency
C003633,Mary,Lee,United Arab Emirates,Standard,2,0,0,0,0,0.0,0.0,0.0,0.0,LOW,NORMAL_CUSTOMER,STABLE_CUSTOMER,Low overall risk | Low severity | Low frequency
C003634,Hannah,Bush,United Arab Emirates,Standard,1,0,0,1,1,40.0,2.5,30.0,25.75,MEDIUM,NORMAL_CUSTOMER,DEVELOPING_FRICTION,Emerging risk indicators | Early persistence signal
C003635,Kenneth,Schaefer,Saudi Arabia,Premium,4,2,2,0,0,35.0,8.12,0.0,16.44,LOW,LOYAL_LOW_FRICTION_CUSTOMER,LOYAL_STABLE_CUSTOMER,Multiple bookings | Low journey friction | Minimal problematic journeys
C003636,Karen,Jones,United Arab Emirates,Premium,1,0,0,0,0,0.0,0.0,0.0,0.0,LOW,NORMAL_CUSTOMER,STABLE_CUSTOMER,Low overall risk | Low severity | Low frequency
C003637,Antonio,Payne,Other,Premium,3,1,1,0,0,30.0,5.42,0.0,13.63,LOW,LOYAL_LOW_FRICTION_CUSTOMER,LOYAL_STABLE_CUSTOMER,Multiple bookings | Low journey friction | Minimal problematic journeys
C003638,Lisa,Cooper,Saudi Arabia,Standard,3,1,1,2,2,45.0,7.08,65.67,39.83,MEDIUM,NORMAL_CUSTOMER,PERSISTENT_RISK,Repeated problematic journeys | Persistence score 65.67
C003639,Curtis,Swanson,Saudi Arabia,Standard,2,0,0,2,2,45.0,2.5,79.0,42.45,MEDIUM,NORMAL_CUSTOMER,PERSISTENT_RISK,Repeated problematic journeys | Persistence score 79.00
C003640,Miranda,Mayo,Saudi Arabia,Premium,2,1,1,1,1,40.0,9.38,30.0,27.81,MEDIUM,NORMAL_CUSTOMER,DEVELOPING_FRICTION,Emerging risk indicators | Increasing problem frequency | Early persistence signal
C003641,Jodi,Harris,Saudi Arabia,Standard,1,0,0,0,0,0.0,0.0,0.0,0.0,LOW,NORMAL_CUSTOMER,STABLE_CUSTOMER,Low overall risk | Low severity | Low frequency
C003642,Michelle,Le,Other,Premium,2,0,0,0,0,0.0,0.0,0.0,0.0,LOW,NORMAL_CUSTOMER,STABLE_CUSTOMER,Low overall risk | Low severity | Low frequency
C003643,Julia,Williams,United Arab Emirates,Standard,5,0,0,1,1,40.0,0.5,26.0,23.95,LOW,LOYAL_LOW_FRICTION_CUSTOMER,DEVELOPING_FRICTION,Emerging risk indicators | Early persistence signal
C003644,Anna,Lee,United Arab Emirates,Premium,2,2,2,3,2,65.0,20.0,79.0,55.7,HIGH,FRICTION_PRONE_CUSTOMER,PERSISTENT_RISK,Repeated problematic journeys | Persistence score 79.00
C003645,John,Pierce,United States,Premium,5,3,3,3,3,75.0,11.25,75.0,55.88,HIGH,FRICTION_PRONE_CUSTOMER,PERSISTENT_RISK,Repeated problematic journeys | Persistence score 75.00
C003646,Kristen,King,Saudi Arabia,Standard,5,4,4,7,3,100.0,16.5,75.0,67.45,HIGH,FRICTION_PRONE_CUSTOMER,PERSISTENT_RISK,Repeated problematic journeys | Persistence score 75.00
C003649,Elizabeth,Meadows,Pakistan,Standard,1,0,0,0,0,0.0,0.0,0.0,0.0,LOW,NORMAL_CUSTOMER,STABLE_CUSTOMER,Low overall risk | Low severity | Low frequency
C003651,Paul,Jacobson,United States,Standard,2,1,1,2,2,75.0,10.62,79.0,56.89,HIGH,FRICTION_PRONE_CUSTOMER,PERSISTENT_RISK,Repeated problematic journeys | Persistence score 79.00
C003653,Theresa,Love,United States,VIP,1,0,0,0,0,0.0,0.0,0.0,0.0,LOW,NORMAL_CUSTOMER,STABLE_CUSTOMER,Low overall risk | Low severity | Low frequency
C003654,Larry,Bartlett,Saudi Arabia,Standard,1,0,0,0,0,0.0,0.0,0.0,0.0,LOW,NORMAL_CUSTOMER,STABLE_CUSTOMER,Low overall risk | Low severity | Low frequency
C003655,Andrea,Jones,Saudi Arabia,Standard,2,0,0,0,0,0.0,0.0,0.0,0.0,LOW,NORMAL_CUSTOMER,STABLE_CUSTOMER,Low overall risk | Low severity | Low frequency
C003656,Alexander,Barnes,Saudi Arabia,Premium,2,0,0,0,0,0.0,0.0,0.0,0.0,LOW,NORMAL_CUSTOMER,STABLE_CUSTOMER,Low overall risk | Low severity | Low frequency
C003658,Christine,Gordon,Pakistan,Premium,3,1,1,1,1,45.0,6.25,30.0,28.88,MEDIUM,LOYAL_LOW_FRICTION_CUSTOMER,DEVELOPING_FRICTION,Emerging risk indicators | Increasing problem frequency | Early persistence signal
C003660,Molly,Greene,Other,Premium,2,2,2,2,1,65.0,18.75,30.0,40.62,MEDIUM,NORMAL_CUSTOMER,FREQUENT_FRICTION,Frequency score 18.75 | Repeated problematic activity
C003662,Rhonda,Anderson,Pakistan,Premium,1,2,2,2,1,65.0,37.5,30.0,46.25,MEDIUM,NORMAL_CUSTOMER,FREQUENT_FRICTION,Frequency score 37.50 | Repeated problematic activity
C003663,Janet,Williams,Saudi Arabia,Premium,1,1,1,1,1,75.0,18.75,30.0,44.62,MEDIUM,NORMAL_CUSTOMER,RECENT_HIGH_SEVERITY,High severity score 75.00 | Limited evidence of repeated behavior
C003664,Deborah,Knight,Saudi Arabia,Premium,2,0,0,1,1,40.0,1.25,30.0,25.38,MEDIUM,NORMAL_CUSTOMER,DEVELOPING_FRICTION,Emerging risk indicators | Early persistence signal
C003665,Kari,Bauer,Pakistan,Standard,1,0,0,0,0,0.0,0.0,0.0,0.0,LOW,NORMAL_CUSTOMER,STABLE_CUSTOMER,Low overall risk | Low severity | Low frequency
C003666,Amy,Benson,United Arab Emirates,Premium,2,1,1,1,1,45.0,9.38,30.0,29.81,MEDIUM,NORMAL_CUSTOMER,DEVELOPING_FRICTION,Emerging risk indicators | Increasing problem frequency | Early persistence signal
C003667,Carrie,Yang,United States,Standard,1,0,0,0,0,0.0,0.0,0.0,0.0,LOW,NORMAL_CUSTOMER,STABLE_CUSTOMER,Low overall risk | Low severity | Low frequency
C003668,Kimberly,Sanders,Saudi Arabia,Standard,2,1,1,2,2,70.0,10.62,79.0,54.89,HIGH,FRICTION_PRONE_CUSTOMER,PERSISTENT_RISK,Repeated problematic journeys | Persistence score 79.00
C003670,Kelly,Berg,United Arab Emirates,Standard,1,0,0,0,0,0.0,0.0,0.0,0.0,LOW,NORMAL_CUSTOMER,STABLE_CUSTOMER,Low overall risk | Low severity | Low frequency
C003671,Gregory,Mata,Saudi Arabia,Standard,3,2,2,2,2,70.0,12.5,65.67,51.45,HIGH,FRICTION_PRONE_CUSTOMER,PERSISTENT_RISK,Repeated problematic journeys | Persistence score 65.67
C003672,Felicia,Martin,Saudi Arabia,Premium,1,0,0,1,1,40.0,2.5,30.0,25.75,MEDIUM,NORMAL_CUSTOMER,DEVELOPING_FRICTION,Emerging risk indicators | Early persistence signal
C003673,Jacob,Christensen,United Kingdom,Premium,4,1,1,2,2,75.0,5.31,59.0,49.29,HIGH,FRICTION_PRONE_CUSTOMER,PERSISTENT_RISK,Repeated problematic journeys | Persistence score 59.00
C003674,Glenn,Cruz,Saudi Arabia,Premium,2,0,0,0,0,0.0,0.0,0.0,0.0,LOW,NORMAL_CUSTOMER,STABLE_CUSTOMER,Low overall risk | Low severity | Low frequency
C003675,Willie,Chan,Pakistan,Standard,2,0,0,1,1,40.0,1.25,30.0,25.38,MEDIUM,NORMAL_CUSTOMER,DEVELOPING_FRICTION,Emerging risk indicators | Early persistence signal
C003676,Nicholas,Morales,Saudi Arabia,Premium,5,5,5,4,2,65.0,18.25,55.0,47.98,MEDIUM,NORMAL_CUSTOMER,PERSISTENT_RISK,Repeated problematic journeys | Persistence score 55.00
C003677,Roy,Nelson,Saudi Arabia,Standard,3,0,0,1,1,45.0,0.83,30.0,27.25,MEDIUM,LOYAL_LOW_FRICTION_CUSTOMER,DEVELOPING_FRICTION,Emerging risk indicators | Early persistence signal
C003678,Angela,White,United Arab Emirates,Premium,3,2,2,4,3,65.0,14.17,91.0,57.55,HIGH,FRICTION_PRONE_CUSTOMER,PERSISTENT_RISK,Repeated problematic journeys | Persistence score 91.00
C003679,David,Moore,United States,Standard,1,0,0,0,0,0.0,0.0,0.0,0.0,LOW,NORMAL_CUSTOMER,STABLE_CUSTOMER,Low overall risk | Low severity | Low frequency
C003680,Brandy,Robinson,United Arab Emirates,Premium,1,0,0,1,1,40.0,2.5,30.0,25.75,MEDIUM,NORMAL_CUSTOMER,DEVELOPING_FRICTION,Emerging risk indicators | Early persistence signal
C003682,Mark,Suarez,Saudi Arabia,VIP,4,0,0,0,0,0.0,0.0,0.0,0.0,LOW,LOYAL_LOW_FRICTION_CUSTOMER,LOYAL_STABLE_CUSTOMER,Multiple bookings | Low journey friction | Minimal problematic journeys
C003683,Jenna,Gibbs,United States,Standard,2,0,0,1,1,40.0,1.25,30.0,25.38,MEDIUM,NORMAL_CUSTOMER,DEVELOPING_FRICTION,Emerging risk indicators | Early persistence signal
C003684,Eric,Gibson,Saudi Arabia,Standard,2,1,1,0,0,30.0,8.12,0.0,14.44,LOW,NORMAL_CUSTOMER,STABLE_CUSTOMER,Low overall risk | Low severity | Low frequency
C003687,Brent,Turner,Other,Standard,1,1,1,1,1,75.0,18.75,30.0,44.62,MEDIUM,NORMAL_CUSTOMER,RECENT_HIGH_SEVERITY,High severity score 75.00 | Limited evidence of repeated behavior
C003688,Sarah,Robinson,United Arab Emirates,Standard,2,0,0,0,0,0.0,0.0,0.0,0.0,LOW,NORMAL_CUSTOMER,STABLE_CUSTOMER,Low overall risk | Low severity | Low frequency
C003691,Tracy,Jackson,United States,Standard,3,1,1,1,1,70.0,6.25,30.0,38.88,MEDIUM,LOYAL_LOW_FRICTION_CUSTOMER,DEVELOPING_FRICTION,Emerging risk indicators | Increasing problem frequency | Early persistence signal
C003692,Ashley,Williams,Pakistan,Standard,1,0,0,0,0,0.0,0.0,0.0,0.0,LOW,NORMAL_CUSTOMER,STABLE_CUSTOMER,Low overall risk | Low severity | Low frequency
C003695,Louis,Hernandez,United Arab Emirates,Standard,1,0,0,0,0,0.0,0.0,0.0,0.0,LOW,NORMAL_CUSTOMER,STABLE_CUSTOMER,Low overall risk | Low severity | Low frequency
C003696,Jeffrey,Stephenson,Saudi Arabia,Premium,1,0,0,0,0,0.0,0.0,0.0,0.0,LOW,NORMAL_CUSTOMER,STABLE_CUSTOMER,Low overall risk | Low severity | Low frequency
C003697,Ivan,Ho,Other,Premium,3,2,2,4,3,65.0,14.17,91.0,57.55,HIGH,FRICTION_PRONE_CUSTOMER,PERSISTENT_RISK,Repeated problematic journeys | Persistence score 91.00
C003698,Carlos,Nelson,United Kingdom,Standard,4,0,0,0,0,0.0,0.0,0.0,0.0,LOW,LOYAL_LOW_FRICTION_CUSTOMER,LOYAL_STABLE_CUSTOMER,Multiple bookings | Low journey friction | Minimal problematic journeys
C003700,Robert,Day,Saudi Arabia,Premium,3,1,1,1,1,40.0,6.25,30.0,26.88,MEDIUM,LOYAL_LOW_FRICTION_CUSTOMER,DEVELOPING_FRICTION,Emerging risk indicators | Increasing problem frequency | Early persistence signal
C003701,Amanda,Wright,Pakistan,VIP,2,0,0,0,0,0.0,0.0,0.0,0.0,LOW,NORMAL_CUSTOMER,STABLE_CUSTOMER,Low overall risk | Low severity | Low frequency
C003702,Christopher,Colon,United Kingdom,Premium,3,0,0,1,1,40.0,0.83,30.0,25.25,MEDIUM,LOYAL_LOW_FRICTION_CUSTOMER,DEVELOPING_FRICTION,Emerging risk indicators | Early persistence signal
C003703,Jeffrey,Nichols,United Arab Emirates,Standard,2,2,2,2,1,65.0,18.75,30.0,40.62,MEDIUM,NORMAL_CUSTOMER,FREQUENT_FRICTION,Frequency score 18.75 | Repeated problematic activity
C003706,Michael,Jacobs,Other,Standard,1,0,0,0,0,0.0,0.0,0.0,0.0,LOW,NORMAL_CUSTOMER,STABLE_CUSTOMER,Low overall risk | Low severity | Low frequency
C003710,Wendy,Dunn,Other,Standard,2,1,1,0,0,30.0,8.12,0.0,14.44,LOW,NORMAL_CUSTOMER,STABLE_CUSTOMER,Low overall risk | Low severity | Low frequency
C003712,Tina,Ortiz,United Kingdom,Standard,1,0,0,0,0,0.0,0.0,0.0,0.0,LOW,NORMAL_CUSTOMER,STABLE_CUSTOMER,Low overall risk | Low severity | Low frequency
C003713,Alan,Carr,United Kingdom,Premium,1,0,0,0,0,0.0,0.0,0.0,0.0,LOW,NORMAL_CUSTOMER,STABLE_CUSTOMER,Low overall risk | Low severity | Low frequency
C003714,Elizabeth,Nguyen,Pakistan,Standard,3,4,4,6,3,100.0,26.67,91.0,75.3,CRITICAL,HIGH_RISK_CUSTOMER,CRITICAL_RECURRING_RISK,Very high severity | Persistent problematic behavior | 3 problematic journeys
C003715,Sean,Brown,Other,Standard,1,0,0,1,1,40.0,2.5,30.0,25.75,MEDIUM,NORMAL_CUSTOMER,DEVELOPING_FRICTION,Emerging risk indicators | Early persistence signal
C003716,Rebecca,Cabrera,United Arab Emirates,Standard,2,0,0,1,1,45.0,1.25,30.0,27.38,MEDIUM,NORMAL_CUSTOMER,DEVELOPING_FRICTION,Emerging risk indicators | Early persistence signal
C003717,Christina,Holloway,United Arab Emirates,Standard,3,4,4,4,2,65.0,25.0,65.67,53.2,HIGH,FRICTION_PRONE_CUSTOMER,PERSISTENT_RISK,Repeated problematic journeys | Persistence score 65.67
C003719,Susan,Sanford,United Arab Emirates,Standard,4,1,1,0,0,30.0,4.06,0.0,13.22,LOW,LOYAL_LOW_FRICTION_CUSTOMER,LOYAL_STABLE_CUSTOMER,Multiple bookings | Low journey friction | Minimal problematic journeys
C003720,Felicia,Thompson,Saudi Arabia,Standard,8,0,0,3,3,45.0,0.94,66.0,38.08,MEDIUM,NORMAL_CUSTOMER,PERSISTENT_RISK,Repeated problematic journeys | Persistence score 66.00
C003721,Manuel,Bonilla,United Arab Emirates,Premium,2,1,1,0,0,30.0,8.12,0.0,14.44,LOW,NORMAL_CUSTOMER,STABLE_CUSTOMER,Low overall risk | Low severity | Low frequency
C003723,Sierra,Irwin,Other,Standard,3,1,1,0,0,30.0,5.42,0.0,13.63,LOW,LOYAL_LOW_FRICTION_CUSTOMER,LOYAL_STABLE_CUSTOMER,Multiple bookings | Low journey friction | Minimal problematic journeys
C003724,Paul,Osborne,Saudi Arabia,Premium,2,0,0,0,0,0.0,0.0,0.0,0.0,LOW,NORMAL_CUSTOMER,STABLE_CUSTOMER,Low overall risk | Low severity | Low frequency
C003725,Amber,Deleon,United Arab Emirates,Standard,1,0,0,0,0,0.0,0.0,0.0,0.0,LOW,NORMAL_CUSTOMER,STABLE_CUSTOMER,Low overall risk | Low severity | Low frequency
C003726,Justin,Rodriguez,Other,Premium,1,2,2,3,1,100.0,40.0,30.0,61.0,HIGH,FRICTION_PRONE_CUSTOMER,RECENT_HIGH_SEVERITY,High severity score 100.00 | Limited evidence of repeated behavior
C003727,Rhonda,Reese,Saudi Arabia,Standard,4,0,0,2,2,45.0,1.25,59.0,36.08,MEDIUM,NORMAL_CUSTOMER,PERSISTENT_RISK,Repeated problematic journeys | Persistence score 59.00
C003728,Lynn,Reyes,Saudi Arabia,Standard,3,2,2,2,2,70.0,12.5,65.67,51.45,HIGH,FRICTION_PRONE_CUSTOMER,PERSISTENT_RISK,Repeated problematic journeys | Persistence score 65.67
C003730,Leah,Berg,Pakistan,VIP,2,1,1,1,1,80.0,9.38,30.0,43.81,MEDIUM,NORMAL_CUSTOMER,RECENT_HIGH_SEVERITY,High severity score 80.00 | Limited evidence of repeated behavior
C003731,Sean,Walters,Saudi Arabia,Standard,2,1,1,1,1,75.0,9.38,30.0,41.81,MEDIUM,NORMAL_CUSTOMER,RECENT_HIGH_SEVERITY,High severity score 75.00 | Limited evidence of repeated behavior
C003732,Bradley,Pierce,Other,Standard,3,3,3,2,1,65.0,17.92,30.0,40.38,MEDIUM,NORMAL_CUSTOMER,FREQUENT_FRICTION,Frequency score 17.92 | Repeated problematic activity
C003733,Rachel,Montoya,United Arab Emirates,Standard,2,2,2,3,1,100.0,20.0,30.0,55.0,HIGH,FRICTION_PRONE_CUSTOMER,RECENT_HIGH_SEVERITY,High severity score 100.00 | Limited evidence of repeated behavior
C003734,James,Walker,Pakistan,Standard,1,0,0,0,0,0.0,0.0,0.0,0.0,LOW,NORMAL_CUSTOMER,STABLE_CUSTOMER,Low overall risk | Low severity | Low frequency
C003735,Willie,Adams,Saudi Arabia,Premium,5,1,1,3,3,70.0,4.75,75.0,51.92,HIGH,FRICTION_PRONE_CUSTOMER,PERSISTENT_RISK,Repeated problematic journeys | Persistence score 75.00
C003736,Stacy,Perkins,United Arab Emirates,Standard,6,0,0,3,3,40.0,1.25,71.0,37.67,MEDIUM,NORMAL_CUSTOMER,PERSISTENT_RISK,Repeated problematic journeys | Persistence score 71.00
C003737,Gary,Morton,United Kingdom,Premium,2,0,0,0,0,0.0,0.0,0.0,0.0,LOW,NORMAL_CUSTOMER,STABLE_CUSTOMER,Low overall risk | Low severity | Low frequency
C003738,Stephanie,Mullins,United States,Standard,2,0,0,0,0,0.0,0.0,0.0,0.0,LOW,NORMAL_CUSTOMER,STABLE_CUSTOMER,Low overall risk | Low severity | Low frequency
C003739,Amanda,Moore,United States,Premium,2,1,1,0,0,35.0,8.12,0.0,16.44,LOW,NORMAL_CUSTOMER,STABLE_CUSTOMER,Low overall risk | Low severity | Low frequency
C003740,Adrian,Hall,Pakistan,Standard,1,0,0,0,0,0.0,0.0,0.0,0.0,LOW,NORMAL_CUSTOMER,STABLE_CUSTOMER,Low overall risk | Low severity | Low frequency
C003741,Cameron,Barber,Other,Premium,2,0,0,2,2,40.0,2.5,79.0,40.45,MEDIUM,NORMAL_CUSTOMER,PERSISTENT_RISK,Repeated problematic journeys | Persistence score 79.00
C003742,Ellen,Richardson,United States,Standard,2,0,0,0,0,0.0,0.0,0.0,0.0,LOW,NORMAL_CUSTOMER,STABLE_CUSTOMER,Low overall risk | Low severity | Low frequency
C003744,Michelle,Davis,Saudi Arabia,Standard,2,0,0,0,0,0.0,0.0,0.0,0.0,LOW,NORMAL_CUSTOMER,STABLE_CUSTOMER,Low overall risk | Low severity | Low frequency
C003745,Roger,White,Saudi Arabia,Standard,3,2,2,4,2,95.0,14.17,65.67,61.95,HIGH,FRICTION_PRONE_CUSTOMER,PERSISTENT_RISK,Repeated problematic journeys | Persistence score 65.67
C003747,Amanda,Huffman,United Kingdom,Standard,1,0,0,0,0,0.0,0.0,0.0,0.0,LOW,NORMAL_CUSTOMER,STABLE_CUSTOMER,Low overall risk | Low severity | Low frequency
C003748,Jacqueline,Lopez,United Arab Emirates,Premium,4,2,2,4,2,100.0,10.62,59.0,60.89,HIGH,FRICTION_PRONE_CUSTOMER,PERSISTENT_RISK,Repeated problematic journeys | Persistence score 59.00
C003749,Theresa,Henry,United Arab Emirates,Standard,5,3,3,2,1,65.0,10.75,26.0,37.02,MEDIUM,LOYAL_LOW_FRICTION_CUSTOMER,DEVELOPING_FRICTION,Emerging risk indicators | Increasing problem frequency | Early persistence signal
C003750,Kimberly,Blair,Other,Standard,1,0,0,1,1,40.0,2.5,30.0,25.75,MEDIUM,NORMAL_CUSTOMER,DEVELOPING_FRICTION,Emerging risk indicators | Early persistence signal
C003751,Deborah,Holland,Other,Premium,1,0,0,0,0,0.0,0.0,0.0,0.0,LOW,NORMAL_CUSTOMER,STABLE_CUSTOMER,Low overall risk | Low severity | Low frequency
C003752,Shelby,Smith,Other,Standard,1,1,1,0,0,30.0,16.25,0.0,16.88,LOW,NORMAL_CUSTOMER,FREQUENT_FRICTION,Frequency score 16.25 | Repeated problematic activity
C003753,Julie,Martin,United Arab Emirates,Standard,2,0,0,0,0,0.0,0.0,0.0,0.0,LOW,NORMAL_CUSTOMER,STABLE_CUSTOMER,Low overall risk | Low severity | Low frequency
C003755,Stephen,Long,Saudi Arabia,Standard,1,0,0,0,0,0.0,0.0,0.0,0.0,LOW,NORMAL_CUSTOMER,STABLE_CUSTOMER,Low overall risk | Low severity | Low frequency
C003757,Christopher,Jones,Saudi Arabia,Standard,2,0,0,0,0,0.0,0.0,0.0,0.0,LOW,NORMAL_CUSTOMER,STABLE_CUSTOMER,Low overall risk | Low severity | Low frequency
C003758,Brian,Jones,United Arab Emirates,Premium,3,0,0,1,1,45.0,0.83,30.0,27.25,MEDIUM,LOYAL_LOW_FRICTION_CUSTOMER,DEVELOPING_FRICTION,Emerging risk indicators | Early persistence signal
C003759,Laura,Sanchez,United Arab Emirates,VIP,3,0,0,1,1,45.0,0.83,30.0,27.25,MEDIUM,LOYAL_LOW_FRICTION_CUSTOMER,DEVELOPING_FRICTION,Emerging risk indicators | Early persistence signal
C003760,Angela,Stout,United States,VIP,2,1,1,0,0,30.0,8.12,0.0,14.44,LOW,NORMAL_CUSTOMER,STABLE_CUSTOMER,Low overall risk | Low severity | Low frequency
C003761,Bailey,Waller,Saudi Arabia,Standard,2,0,0,0,0,0.0,0.0,0.0,0.0,LOW,NORMAL_CUSTOMER,STABLE_CUSTOMER,Low overall risk | Low severity | Low frequency
C003762,Jeremy,Garcia,United Kingdom,Standard,1,2,2,2,1,65.0,37.5,30.0,46.25,MEDIUM,NORMAL_CUSTOMER,FREQUENT_FRICTION,Frequency score 37.50 | Repeated problematic activity
C003763,Jonathan,Rose,Pakistan,Standard,3,0,0,1,1,40.0,0.83,30.0,25.25,MEDIUM,LOYAL_LOW_FRICTION_CUSTOMER,DEVELOPING_FRICTION,Emerging risk indicators | Early persistence signal
C003764,Paul,Acosta,Saudi Arabia,Standard,1,1,1,0,0,35.0,16.25,0.0,18.88,LOW,NORMAL_CUSTOMER,FREQUENT_FRICTION,Frequency score 16.25 | Repeated problematic activity
C003765,Crystal,Morton,United Arab Emirates,Standard,5,4,4,3,2,70.0,14.5,55.0,48.85,MEDIUM,NORMAL_CUSTOMER,PERSISTENT_RISK,Repeated problematic journeys | Persistence score 55.00
C003766,Ryan,Morrison,Saudi Arabia,Standard,2,1,1,2,2,75.0,10.62,79.0,56.89,HIGH,FRICTION_PRONE_CUSTOMER,PERSISTENT_RISK,Repeated problematic journeys | Persistence score 79.00
C003767,Andre,Gray,Pakistan,Premium,2,0,0,1,1,45.0,1.25,30.0,27.38,MEDIUM,NORMAL_CUSTOMER,DEVELOPING_FRICTION,Emerging risk indicators | Early persistence signal
C003768,Emily,Smith,United Arab Emirates,Premium,1,0,0,1,1,45.0,2.5,30.0,27.75,MEDIUM,NORMAL_CUSTOMER,DEVELOPING_FRICTION,Emerging risk indicators | Early persistence signal
C003769,Amanda,Serrano,Saudi Arabia,Standard,1,0,0,1,1,40.0,2.5,30.0,25.75,MEDIUM,NORMAL_CUSTOMER,DEVELOPING_FRICTION,Emerging risk indicators | Early persistence signal
C003770,Darlene,Hines,Saudi Arabia,VIP,2,1,1,0,0,30.0,8.12,0.0,14.44,LOW,NORMAL_CUSTOMER,STABLE_CUSTOMER,Low overall risk | Low severity | Low frequency
C003771,Christine,Newman,Pakistan,VIP,3,1,1,0,0,35.0,5.42,0.0,15.63,LOW,LOYAL_LOW_FRICTION_CUSTOMER,LOYAL_STABLE_CUSTOMER,Multiple bookings | Low journey friction | Minimal problematic journeys
C003772,Katelyn,Williams,Other,Standard,1,0,0,0,0,0.0,0.0,0.0,0.0,LOW,NORMAL_CUSTOMER,STABLE_CUSTOMER,Low overall risk | Low severity | Low frequency
C003773,Brenda,Wright,United Arab Emirates,Standard,1,1,1,0,0,30.0,16.25,0.0,16.88,LOW,NORMAL_CUSTOMER,FREQUENT_FRICTION,Frequency score 16.25 | Repeated problematic activity
C003775,Charles,Thomas,United Kingdom,Standard,1,1,1,0,0,35.0,16.25,0.0,18.88,LOW,NORMAL_CUSTOMER,FREQUENT_FRICTION,Frequency score 16.25 | Repeated problematic activity
C003776,Sarah,Burton,Other,Standard,2,0,0,0,0,0.0,0.0,0.0,0.0,LOW,NORMAL_CUSTOMER,STABLE_CUSTOMER,Low overall risk | Low severity | Low frequency
C003777,Daniel,Smith,United States,Standard,1,0,0,0,0,0.0,0.0,0.0,0.0,LOW,NORMAL_CUSTOMER,STABLE_CUSTOMER,Low overall risk | Low severity | Low frequency
C003778,Kristin,Burch,Pakistan,Premium,1,2,2,2,1,65.0,37.5,30.0,46.25,MEDIUM,NORMAL_CUSTOMER,FREQUENT_FRICTION,Frequency score 37.50 | Repeated problematic activity
C003779,Kevin,Rosario,United Kingdom,Standard,3,1,1,0,0,35.0,5.42,0.0,15.63,LOW,LOYAL_LOW_FRICTION_CUSTOMER,LOYAL_STABLE_CUSTOMER,Multiple bookings | Low journey friction | Minimal problematic journeys
C003780,Christopher,Rodriguez,Other,Standard,2,1,1,2,2,75.0,10.62,79.0,56.89,HIGH,FRICTION_PRONE_CUSTOMER,PERSISTENT_RISK,Repeated problematic journeys | Persistence score 79.00
C003783,Randall,Zimmerman,Saudi Arabia,Standard,1,0,0,0,0,0.0,0.0,0.0,0.0,LOW,NORMAL_CUSTOMER,STABLE_CUSTOMER,Low overall risk | Low severity | Low frequency
C003784,Donna,Harris,United States,Standard,3,0,0,0,0,0.0,0.0,0.0,0.0,LOW,LOYAL_LOW_FRICTION_CUSTOMER,LOYAL_STABLE_CUSTOMER,Multiple bookings | Low journey friction | Minimal problematic journeys
C003787,Derek,Wallace,Pakistan,Premium,3,2,2,1,1,80.0,11.67,30.0,44.5,MEDIUM,NORMAL_CUSTOMER,RECENT_HIGH_SEVERITY,High severity score 80.00 | Limited evidence of repeated behavior
C003788,Peter,Martin,United Arab Emirates,Standard,1,1,1,1,1,70.0,18.75,30.0,42.62,MEDIUM,NORMAL_CUSTOMER,FREQUENT_FRICTION,Frequency score 18.75 | Repeated problematic activity
C003789,Lauren,Rivera,Saudi Arabia,Standard,2,0,0,1,1,45.0,1.25,30.0,27.38,MEDIUM,NORMAL_CUSTOMER,DEVELOPING_FRICTION,Emerging risk indicators | Early persistence signal
C003790,Amy,Moore,Other,Standard,3,4,4,6,2,100.0,26.67,65.67,67.7,HIGH,FRICTION_PRONE_CUSTOMER,PERSISTENT_RISK,Repeated problematic journeys | Persistence score 65.67
C003792,Douglas,Holt,Saudi Arabia,Premium,3,0,0,0,0,0.0,0.0,0.0,0.0,LOW,LOYAL_LOW_FRICTION_CUSTOMER,LOYAL_STABLE_CUSTOMER,Multiple bookings | Low journey friction | Minimal problematic journeys
C003793,Erica,Burton,Pakistan,Standard,3,1,1,1,1,75.0,6.25,30.0,40.88,MEDIUM,LOYAL_LOW_FRICTION_CUSTOMER,RECENT_HIGH_SEVERITY,High severity score 75.00 | Limited evidence of repeated behavior
C003794,Robin,Martinez,United Kingdom,Standard,4,2,2,5,3,95.0,11.25,81.0,65.68,HIGH,FRICTION_PRONE_CUSTOMER,PERSISTENT_RISK,Repeated problematic journeys | Persistence score 81.00
C003796,Jessica,Garcia,United Kingdom,Premium,1,0,0,1,1,40.0,2.5,30.0,25.75,MEDIUM,NORMAL_CUSTOMER,DEVELOPING_FRICTION,Emerging risk indicators | Early persistence signal
C003797,Nathan,Phillips,Pakistan,Standard,1,0,0,0,0,0.0,0.0,0.0,0.0,LOW,NORMAL_CUSTOMER,STABLE_CUSTOMER,Low overall risk | Low severity | Low frequency
C003798,Stacy,Hunt,Saudi Arabia,Standard,5,1,1,1,1,80.0,3.75,26.0,40.92,MEDIUM,LOYAL_LOW_FRICTION_CUSTOMER,RECENT_HIGH_SEVERITY,High severity score 80.00 | Limited evidence of repeated behavior
C003799,Angela,Copeland,Saudi Arabia,Standard,2,0,0,1,1,40.0,1.25,30.0,25.38,MEDIUM,NORMAL_CUSTOMER,DEVELOPING_FRICTION,Emerging risk indicators | Early persistence signal
C003800,Angela,Thomas,Pakistan,Standard,2,1,1,0,0,30.0,8.12,0.0,14.44,LOW,NORMAL_CUSTOMER,STABLE_CUSTOMER,Low overall risk | Low severity | Low frequency
C003801,David,Barr,Saudi Arabia,Premium,1,0,0,0,0,0.0,0.0,0.0,0.0,LOW,NORMAL_CUSTOMER,STABLE_CUSTOMER,Low overall risk | Low severity | Low frequency
C003802,Adam,Johnson,Other,Standard,1,0,0,1,1,45.0,2.5,30.0,27.75,MEDIUM,NORMAL_CUSTOMER,DEVELOPING_FRICTION,Emerging risk indicators | Early persistence signal
C003803,Candice,Simmons,United States,Standard,3,1,1,0,0,35.0,5.42,0.0,15.63,LOW,LOYAL_LOW_FRICTION_CUSTOMER,LOYAL_STABLE_CUSTOMER,Multiple bookings | Low journey friction | Minimal problematic journeys
C003804,Amanda,Hernandez,Other,Standard,3,2,2,3,2,65.0,13.33,65.67,49.7,HIGH,FRICTION_PRONE_CUSTOMER,PERSISTENT_RISK,Repeated problematic journeys | Persistence score 65.67
C003805,Stacey,Rios,Saudi Arabia,Standard,3,1,1,2,2,45.0,7.08,65.67,39.83,MEDIUM,NORMAL_CUSTOMER,PERSISTENT_RISK,Repeated problematic journeys | Persistence score 65.67
C003806,Kevin,Perez,Other,Standard,1,2,2,3,1,100.0,40.0,30.0,61.0,HIGH,FRICTION_PRONE_CUSTOMER,RECENT_HIGH_SEVERITY,High severity score 100.00 | Limited evidence of repeated behavior
C003807,Kaitlin,Koch,United Arab Emirates,Premium,3,0,0,1,1,45.0,0.83,30.0,27.25,MEDIUM,LOYAL_LOW_FRICTION_CUSTOMER,DEVELOPING_FRICTION,Emerging risk indicators | Early persistence signal
C003808,Rebecca,Cruz,United Arab Emirates,Standard,2,2,2,2,1,65.0,18.75,30.0,40.62,MEDIUM,NORMAL_CUSTOMER,FREQUENT_FRICTION,Frequency score 18.75 | Repeated problematic activity
C003809,Maurice,Henson,Saudi Arabia,Standard,2,0,0,0,0,0.0,0.0,0.0,0.0,LOW,NORMAL_CUSTOMER,STABLE_CUSTOMER,Low overall risk | Low severity | Low frequency
C003810,Robert,Carson,Saudi Arabia,Standard,2,0,0,0,0,0.0,0.0,0.0,0.0,LOW,NORMAL_CUSTOMER,STABLE_CUSTOMER,Low overall risk | Low severity | Low frequency
C003811,Debbie,Rodriguez,United Kingdom,Premium,2,0,0,1,1,45.0,1.25,30.0,27.38,MEDIUM,NORMAL_CUSTOMER,DEVELOPING_FRICTION,Emerging risk indicators | Early persistence signal
C003812,William,Jackson,United Arab Emirates,Standard,2,2,2,2,1,65.0,18.75,30.0,40.62,MEDIUM,NORMAL_CUSTOMER,FREQUENT_FRICTION,Frequency score 18.75 | Repeated problematic activity
C003813,Eugene,Rodriguez,Saudi Arabia,Premium,1,1,1,0,0,35.0,16.25,0.0,18.88,LOW,NORMAL_CUSTOMER,FREQUENT_FRICTION,Frequency score 16.25 | Repeated problematic activity
C003815,Mary,Sosa,Saudi Arabia,Premium,3,1,1,1,1,75.0,6.25,30.0,40.88,MEDIUM,LOYAL_LOW_FRICTION_CUSTOMER,RECENT_HIGH_SEVERITY,High severity score 75.00 | Limited evidence of repeated behavior
C003816,James,Howard,Pakistan,Standard,3,1,1,0,0,30.0,5.42,0.0,13.63,LOW,LOYAL_LOW_FRICTION_CUSTOMER,LOYAL_STABLE_CUSTOMER,Multiple bookings | Low journey friction | Minimal problematic journeys
C003817,Howard,Gilbert,United Arab Emirates,Standard,1,2,2,3,1,100.0,40.0,30.0,61.0,HIGH,FRICTION_PRONE_CUSTOMER,RECENT_HIGH_SEVERITY,High severity score 100.00 | Limited evidence of repeated behavior
C003819,Melissa,Mclean,United States,Premium,1,1,1,0,0,30.0,16.25,0.0,16.88,LOW,NORMAL_CUSTOMER,FREQUENT_FRICTION,Frequency score 16.25 | Repeated problematic activity
C003821,Sarah,Huang,United Arab Emirates,Premium,1,0,0,1,1,45.0,2.5,30.0,27.75,MEDIUM,NORMAL_CUSTOMER,DEVELOPING_FRICTION,Emerging risk indicators | Early persistence signal
C003822,Virginia,Munoz,United Arab Emirates,Premium,1,0,0,0,0,0.0,0.0,0.0,0.0,LOW,NORMAL_CUSTOMER,STABLE_CUSTOMER,Low overall risk | Low severity | Low frequency
C003823,Steven,Thompson,United States,Standard,1,0,0,0,0,0.0,0.0,0.0,0.0,LOW,NORMAL_CUSTOMER,STABLE_CUSTOMER,Low overall risk | Low severity | Low frequency
C003824,Andrea,Moreno,United Arab Emirates,Standard,4,3,3,4,3,70.0,14.69,81.0,56.71,HIGH,FRICTION_PRONE_CUSTOMER,PERSISTENT_RISK,Repeated problematic journeys | Persistence score 81.00
C003825,Kelly,Greene,Saudi Arabia,VIP,2,1,1,1,1,80.0,9.38,30.0,43.81,MEDIUM,NORMAL_CUSTOMER,RECENT_HIGH_SEVERITY,High severity score 80.00 | Limited evidence of repeated behavior
C003826,Carlos,Shelton,Saudi Arabia,Premium,2,0,0,0,0,0.0,0.0,0.0,0.0,LOW,NORMAL_CUSTOMER,STABLE_CUSTOMER,Low overall risk | Low severity | Low frequency
C003827,Corey,Hernandez,United Arab Emirates,Standard,1,0,0,0,0,0.0,0.0,0.0,0.0,LOW,NORMAL_CUSTOMER,STABLE_CUSTOMER,Low overall risk | Low severity | Low frequency
C003829,Tony,Turner,United States,Standard,3,0,0,2,2,45.0,1.67,65.67,38.2,MEDIUM,NORMAL_CUSTOMER,PERSISTENT_RISK,Repeated problematic journeys | Persistence score 65.67
C003830,Mark,Roth,Saudi Arabia,Standard,3,0,0,0,0,0.0,0.0,0.0,0.0,LOW,LOYAL_LOW_FRICTION_CUSTOMER,LOYAL_STABLE_CUSTOMER,Multiple bookings | Low journey friction | Minimal problematic journeys
C003831,David,Bailey,United Arab Emirates,Standard,2,0,0,0,0,0.0,0.0,0.0,0.0,LOW,NORMAL_CUSTOMER,STABLE_CUSTOMER,Low overall risk | Low severity | Low frequency
C003832,Diana,Garcia,United States,Standard,1,0,0,1,1,45.0,2.5,30.0,27.75,MEDIUM,NORMAL_CUSTOMER,DEVELOPING_FRICTION,Emerging risk indicators | Early persistence signal
C003833,Craig,Hendricks,United States,Standard,3,0,0,2,2,40.0,1.67,65.67,36.2,MEDIUM,NORMAL_CUSTOMER,PERSISTENT_RISK,Repeated problematic journeys | Persistence score 65.67
C003836,Louis,Cochran,United Arab Emirates,Premium,2,0,0,1,1,40.0,1.25,30.0,25.38,MEDIUM,NORMAL_CUSTOMER,DEVELOPING_FRICTION,Emerging risk indicators | Early persistence signal
C003837,Shannon,Dawson,Other,Premium,2,0,0,0,0,0.0,0.0,0.0,0.0,LOW,NORMAL_CUSTOMER,STABLE_CUSTOMER,Low overall risk | Low severity | Low frequency
C003840,Breanna,Fitzpatrick,United Kingdom,Standard,4,0,0,0,0,0.0,0.0,0.0,0.0,LOW,LOYAL_LOW_FRICTION_CUSTOMER,LOYAL_STABLE_CUSTOMER,Multiple bookings | Low journey friction | Minimal problematic journeys
C003841,Ariana,Hernandez,Pakistan,VIP,2,0,0,1,1,45.0,1.25,30.0,27.38,MEDIUM,NORMAL_CUSTOMER,DEVELOPING_FRICTION,Emerging risk indicators | Early persistence signal
C003842,Michael,Rios,Saudi Arabia,Standard,2,1,1,0,0,35.0,8.12,0.0,16.44,LOW,NORMAL_CUSTOMER,STABLE_CUSTOMER,Low overall risk | Low severity | Low frequency
C003844,Ronnie,Myers,United Arab Emirates,Standard,1,0,0,0,0,0.0,0.0,0.0,0.0,LOW,NORMAL_CUSTOMER,STABLE_CUSTOMER,Low overall risk | Low severity | Low frequency
C003846,John,Floyd,United Kingdom,Standard,3,1,1,1,1,40.0,6.25,30.0,26.88,MEDIUM,LOYAL_LOW_FRICTION_CUSTOMER,DEVELOPING_FRICTION,Emerging risk indicators | Increasing problem frequency | Early persistence signal
C003848,Jodi,Jones,Pakistan,Standard,2,0,0,1,1,45.0,1.25,30.0,27.38,MEDIUM,NORMAL_CUSTOMER,DEVELOPING_FRICTION,Emerging risk indicators | Early persistence signal
C003849,Ryan,Lane,United Kingdom,Standard,2,0,0,2,2,45.0,2.5,79.0,42.45,MEDIUM,NORMAL_CUSTOMER,PERSISTENT_RISK,Repeated problematic journeys | Persistence score 79.00
C003850,Mary,Moyer,Saudi Arabia,Premium,1,0,0,1,1,45.0,2.5,30.0,27.75,MEDIUM,NORMAL_CUSTOMER,DEVELOPING_FRICTION,Emerging risk indicators | Early persistence signal
C003851,Dennis,Ramirez,United Arab Emirates,Standard,3,0,0,0,0,0.0,0.0,0.0,0.0,LOW,LOYAL_LOW_FRICTION_CUSTOMER,LOYAL_STABLE_CUSTOMER,Multiple bookings | Low journey friction | Minimal problematic journeys
C003852,Jessica,Davis,Saudi Arabia,Standard,2,2,2,2,1,65.0,18.75,30.0,40.62,MEDIUM,NORMAL_CUSTOMER,FREQUENT_FRICTION,Frequency score 18.75 | Repeated problematic activity
C003854,Steven,White,Other,Standard,1,0,0,0,0,0.0,0.0,0.0,0.0,LOW,NORMAL_CUSTOMER,STABLE_CUSTOMER,Low overall risk | Low severity | Low frequency
C003855,Michael,Cruz,United Kingdom,Standard,8,3,3,4,3,75.0,7.34,66.0,52.0,HIGH,FRICTION_PRONE_CUSTOMER,PERSISTENT_RISK,Repeated problematic journeys | Persistence score 66.00
C003857,Andrea,Coleman,United Arab Emirates,VIP,3,2,2,2,2,75.0,12.5,65.67,53.45,HIGH,FRICTION_PRONE_CUSTOMER,PERSISTENT_RISK,Repeated problematic journeys | Persistence score 65.67
C003859,Catherine,Gutierrez,United Arab Emirates,Premium,1,0,0,0,0,0.0,0.0,0.0,0.0,LOW,NORMAL_CUSTOMER,STABLE_CUSTOMER,Low overall risk | Low severity | Low frequency
C003861,Michele,Cook,United States,Premium,1,0,0,0,0,0.0,0.0,0.0,0.0,LOW,NORMAL_CUSTOMER,STABLE_CUSTOMER,Low overall risk | Low severity | Low frequency
C003862,Donald,Pham,Pakistan,Standard,2,0,0,1,1,40.0,1.25,30.0,25.38,MEDIUM,NORMAL_CUSTOMER,DEVELOPING_FRICTION,Emerging risk indicators | Early persistence signal
C003863,Amanda,Valdez,United Arab Emirates,Standard,2,0,0,1,1,40.0,1.25,30.0,25.38,MEDIUM,NORMAL_CUSTOMER,DEVELOPING_FRICTION,Emerging risk indicators | Early persistence signal
C003864,Jose,Sanchez,Saudi Arabia,Standard,1,2,2,2,1,65.0,37.5,30.0,46.25,MEDIUM,NORMAL_CUSTOMER,FREQUENT_FRICTION,Frequency score 37.50 | Repeated problematic activity
C003865,Olivia,Barnes,Saudi Arabia,Premium,1,0,0,1,1,45.0,2.5,30.0,27.75,MEDIUM,NORMAL_CUSTOMER,DEVELOPING_FRICTION,Emerging risk indicators | Early persistence signal
C003866,Charles,Crawford,United Arab Emirates,Standard,3,0,0,1,1,40.0,0.83,30.0,25.25,MEDIUM,LOYAL_LOW_FRICTION_CUSTOMER,DEVELOPING_FRICTION,Emerging risk indicators | Early persistence signal
C003867,Charles,Ferguson,United Arab Emirates,VIP,2,0,0,1,1,40.0,1.25,30.0,25.38,MEDIUM,NORMAL_CUSTOMER,DEVELOPING_FRICTION,Emerging risk indicators | Early persistence signal
C003868,Andrew,Patel,United Kingdom,Standard,3,0,0,0,0,0.0,0.0,0.0,0.0,LOW,LOYAL_LOW_FRICTION_CUSTOMER,LOYAL_STABLE_CUSTOMER,Multiple bookings | Low journey friction | Minimal problematic journeys
C003869,William,Underwood,United Kingdom,Standard,3,1,1,1,1,40.0,6.25,30.0,26.88,MEDIUM,LOYAL_LOW_FRICTION_CUSTOMER,DEVELOPING_FRICTION,Emerging risk indicators | Increasing problem frequency | Early persistence signal
C003870,Anthony,Cruz,Saudi Arabia,Standard,1,0,0,1,1,40.0,2.5,30.0,25.75,MEDIUM,NORMAL_CUSTOMER,DEVELOPING_FRICTION,Emerging risk indicators | Early persistence signal
C003871,Bonnie,Carpenter,United Arab Emirates,Standard,2,0,0,1,1,45.0,1.25,30.0,27.38,MEDIUM,NORMAL_CUSTOMER,DEVELOPING_FRICTION,Emerging risk indicators | Early persistence signal
C003872,Richard,Fisher,Saudi Arabia,Premium,2,0,0,1,1,40.0,1.25,30.0,25.38,MEDIUM,NORMAL_CUSTOMER,DEVELOPING_FRICTION,Emerging risk indicators | Early persistence signal
C003874,Rebecca,Steele,United States,Standard,1,0,0,1,1,40.0,2.5,30.0,25.75,MEDIUM,NORMAL_CUSTOMER,DEVELOPING_FRICTION,Emerging risk indicators | Early persistence signal
C003875,Andrea,Goodman,Saudi Arabia,Standard,2,2,2,2,1,65.0,18.75,30.0,40.62,MEDIUM,NORMAL_CUSTOMER,FREQUENT_FRICTION,Frequency score 18.75 | Repeated problematic activity
C003876,Amy,Warner,United Arab Emirates,Standard,4,3,3,4,2,65.0,14.69,59.0,48.11,MEDIUM,NORMAL_CUSTOMER,PERSISTENT_RISK,Repeated problematic journeys | Persistence score 59.00
C003877,Yolanda,Young,Saudi Arabia,Standard,2,0,0,0,0,0.0,0.0,0.0,0.0,LOW,NORMAL_CUSTOMER,STABLE_CUSTOMER,Low overall risk | Low severity | Low frequency
C003878,Thomas,Smith,Other,Standard,1,0,0,0,0,0.0,0.0,0.0,0.0,LOW,NORMAL_CUSTOMER,STABLE_CUSTOMER,Low overall risk | Low severity | Low frequency
C003879,Kimberly,Mcknight,Pakistan,Standard,2,1,1,0,0,35.0,8.12,0.0,16.44,LOW,NORMAL_CUSTOMER,STABLE_CUSTOMER,Low overall risk | Low severity | Low frequency
C003880,Michael,Smith,Saudi Arabia,Standard,2,0,0,0,0,0.0,0.0,0.0,0.0,LOW,NORMAL_CUSTOMER,STABLE_CUSTOMER,Low overall risk | Low severity | Low frequency
C003881,Jeffrey,Grant,Pakistan,Standard,1,1,1,0,0,30.0,16.25,0.0,16.88,LOW,NORMAL_CUSTOMER,FREQUENT_FRICTION,Frequency score 16.25 | Repeated problematic activity
C003883,Jessica,Mccall,Other,Standard,1,0,0,0,0,0.0,0.0,0.0,0.0,LOW,NORMAL_CUSTOMER,STABLE_CUSTOMER,Low overall risk | Low severity | Low frequency
C003884,Kelly,Brown,Saudi Arabia,Premium,2,1,1,0,0,35.0,8.12,0.0,16.44,LOW,NORMAL_CUSTOMER,STABLE_CUSTOMER,Low overall risk | Low severity | Low frequency
C003885,Steven,Bailey,Other,Premium,1,0,0,1,1,40.0,2.5,30.0,25.75,MEDIUM,NORMAL_CUSTOMER,DEVELOPING_FRICTION,Emerging risk indicators | Early persistence signal
C003886,William,Allison,Other,Premium,1,0,0,0,0,0.0,0.0,0.0,0.0,LOW,NORMAL_CUSTOMER,STABLE_CUSTOMER,Low overall risk | Low severity | Low frequency
C003889,Elaine,Phillips,Pakistan,Standard,3,0,0,1,1,40.0,0.83,30.0,25.25,MEDIUM,LOYAL_LOW_FRICTION_CUSTOMER,DEVELOPING_FRICTION,Emerging risk indicators | Early persistence signal
C003891,Lindsay,Castaneda,United States,Standard,1,1,1,0,0,30.0,16.25,0.0,16.88,LOW,NORMAL_CUSTOMER,FREQUENT_FRICTION,Frequency score 16.25 | Repeated problematic activity
C003893,Gabriel,Durham,United Kingdom,Premium,1,0,0,1,1,40.0,2.5,30.0,25.75,MEDIUM,NORMAL_CUSTOMER,DEVELOPING_FRICTION,Emerging risk indicators | Early persistence signal
C003894,Willie,Sanchez,United Arab Emirates,Standard,3,1,1,2,2,70.0,7.08,65.67,49.82,HIGH,FRICTION_PRONE_CUSTOMER,PERSISTENT_RISK,Repeated problematic journeys | Persistence score 65.67
C003895,Sean,Carey,United Kingdom,Standard,1,0,0,0,0,0.0,0.0,0.0,0.0,LOW,NORMAL_CUSTOMER,STABLE_CUSTOMER,Low overall risk | Low severity | Low frequency
C003896,Harold,Brown,United States,Standard,2,0,0,1,1,40.0,1.25,30.0,25.38,MEDIUM,NORMAL_CUSTOMER,DEVELOPING_FRICTION,Emerging risk indicators | Early persistence signal
C003897,Stacy,Taylor,Saudi Arabia,Standard,2,0,0,1,1,45.0,1.25,30.0,27.38,MEDIUM,NORMAL_CUSTOMER,DEVELOPING_FRICTION,Emerging risk indicators | Early persistence signal
C003898,Donna,Hayden,United States,Standard,3,0,0,0,0,0.0,0.0,0.0,0.0,LOW,LOYAL_LOW_FRICTION_CUSTOMER,LOYAL_STABLE_CUSTOMER,Multiple bookings | Low journey friction | Minimal problematic journeys
C003900,Jill,Bennett,United States,Standard,3,1,1,0,0,30.0,5.42,0.0,13.63,LOW,LOYAL_LOW_FRICTION_CUSTOMER,LOYAL_STABLE_CUSTOMER,Multiple bookings | Low journey friction | Minimal problematic journeys
C003901,Timothy,Johnson,United Arab Emirates,Premium,1,0,0,1,1,40.0,2.5,30.0,25.75,MEDIUM,NORMAL_CUSTOMER,DEVELOPING_FRICTION,Emerging risk indicators | Early persistence signal
C003902,Michael,Hanna,United Arab Emirates,VIP,3,2,2,3,3,75.0,13.33,91.0,61.3,HIGH,FRICTION_PRONE_CUSTOMER,PERSISTENT_RISK,Repeated problematic journeys | Persistence score 91.00
C003903,Jeffery,Watson,Other,Standard,1,0,0,0,0,0.0,0.0,0.0,0.0,LOW,NORMAL_CUSTOMER,STABLE_CUSTOMER,Low overall risk | Low severity | Low frequency
C003904,Tony,Miles,Saudi Arabia,Standard,1,0,0,0,0,0.0,0.0,0.0,0.0,LOW,NORMAL_CUSTOMER,STABLE_CUSTOMER,Low overall risk | Low severity | Low frequency
C003905,Bryan,Bates,United States,Premium,3,1,1,0,0,30.0,5.42,0.0,13.63,LOW,LOYAL_LOW_FRICTION_CUSTOMER,LOYAL_STABLE_CUSTOMER,Multiple bookings | Low journey friction | Minimal problematic journeys
C003906,Mike,Jones,United Arab Emirates,Standard,1,0,0,0,0,0.0,0.0,0.0,0.0,LOW,NORMAL_CUSTOMER,STABLE_CUSTOMER,Low overall risk | Low severity | Low frequency
C003907,Brad,Monroe,Pakistan,Standard,6,3,3,3,1,65.0,9.38,24.67,36.22,MEDIUM,LOYAL_LOW_FRICTION_CUSTOMER,DEVELOPING_FRICTION,Emerging risk indicators | Increasing problem frequency
C003908,Jamie,Harrell,United Arab Emirates,Premium,2,1,1,0,0,30.0,8.12,0.0,14.44,LOW,NORMAL_CUSTOMER,STABLE_CUSTOMER,Low overall risk | Low severity | Low frequency
C003909,Rebecca,Johnson,Pakistan,Standard,2,3,3,2,1,65.0,26.88,30.0,43.06,MEDIUM,NORMAL_CUSTOMER,FREQUENT_FRICTION,Frequency score 26.88 | Repeated problematic activity
C003912,Shawn,Jones,Saudi Arabia,Standard,1,0,0,0,0,0.0,0.0,0.0,0.0,LOW,NORMAL_CUSTOMER,STABLE_CUSTOMER,Low overall risk | Low severity | Low frequency
C003914,Tina,Cervantes,Other,Standard,1,0,0,0,0,0.0,0.0,0.0,0.0,LOW,NORMAL_CUSTOMER,STABLE_CUSTOMER,Low overall risk | Low severity | Low frequency
C003916,Jane,White,United Arab Emirates,Standard,1,0,0,1,1,40.0,2.5,30.0,25.75,MEDIUM,NORMAL_CUSTOMER,DEVELOPING_FRICTION,Emerging risk indicators | Early persistence signal
C003917,Adrienne,Manning,United Kingdom,VIP,1,0,0,0,0,0.0,0.0,0.0,0.0,LOW,NORMAL_CUSTOMER,STABLE_CUSTOMER,Low overall risk | Low severity | Low frequency
C003918,Maria,Adkins,United Arab Emirates,Premium,2,0,0,1,1,45.0,1.25,30.0,27.38,MEDIUM,NORMAL_CUSTOMER,DEVELOPING_FRICTION,Emerging risk indicators | Early persistence signal
C003919,Mary,Hale,United Kingdom,Standard,1,0,0,1,1,45.0,2.5,30.0,27.75,MEDIUM,NORMAL_CUSTOMER,DEVELOPING_FRICTION,Emerging risk indicators | Early persistence signal
C003920,Jose,Evans,United States,Standard,1,0,0,0,0,0.0,0.0,0.0,0.0,LOW,NORMAL_CUSTOMER,STABLE_CUSTOMER,Low overall risk | Low severity | Low frequency
C003921,Amy,Jenkins,Other,Standard,3,0,0,1,1,45.0,0.83,30.0,27.25,MEDIUM,LOYAL_LOW_FRICTION_CUSTOMER,DEVELOPING_FRICTION,Emerging risk indicators | Early persistence signal
C003923,Desiree,Harrington,United States,Premium,1,1,1,0,0,35.0,16.25,0.0,18.88,LOW,NORMAL_CUSTOMER,FREQUENT_FRICTION,Frequency score 16.25 | Repeated problematic activity
C003924,Michael,Dominguez,Saudi Arabia,Standard,3,2,2,2,1,65.0,12.5,30.0,38.75,MEDIUM,LOYAL_LOW_FRICTION_CUSTOMER,DEVELOPING_FRICTION,Emerging risk indicators | Increasing problem frequency | Early persistence signal
C003925,Denise,Mitchell,Other,Standard,3,2,2,3,2,65.0,13.33,65.67,49.7,HIGH,FRICTION_PRONE_CUSTOMER,PERSISTENT_RISK,Repeated problematic journeys | Persistence score 65.67
C003926,Mary,Moore,Saudi Arabia,Standard,2,0,0,0,0,0.0,0.0,0.0,0.0,LOW,NORMAL_CUSTOMER,STABLE_CUSTOMER,Low overall risk | Low severity | Low frequency
C003927,Zachary,Ibarra,Pakistan,Premium,2,4,4,5,2,100.0,38.75,79.0,75.32,CRITICAL,HIGH_RISK_CUSTOMER,CRITICAL_RECURRING_RISK,Very high severity | Persistent problematic behavior | 2 problematic journeys
C003928,Nicholas,Johnson,United Kingdom,Premium,1,0,0,0,0,0.0,0.0,0.0,0.0,LOW,NORMAL_CUSTOMER,STABLE_CUSTOMER,Low overall risk | Low severity | Low frequency
C003929,Rebecca,Potter,United Kingdom,Standard,2,0,0,0,0,0.0,0.0,0.0,0.0,LOW,NORMAL_CUSTOMER,STABLE_CUSTOMER,Low overall risk | Low severity | Low frequency
C003930,Zachary,Gordon,Saudi Arabia,Standard,1,0,0,0,0,0.0,0.0,0.0,0.0,LOW,NORMAL_CUSTOMER,STABLE_CUSTOMER,Low overall risk | Low severity | Low frequency
C003931,Michael,Smith,Other,Standard,2,1,1,1,1,70.0,9.38,30.0,39.81,MEDIUM,NORMAL_CUSTOMER,DEVELOPING_FRICTION,Emerging risk indicators | Increasing problem frequency | Early persistence signal
C003933,Tommy,Frazier,Pakistan,Standard,3,1,1,0,0,35.0,5.42,0.0,15.63,LOW,LOYAL_LOW_FRICTION_CUSTOMER,LOYAL_STABLE_CUSTOMER,Multiple bookings | Low journey friction | Minimal problematic journeys
C003934,Timothy,Liu,Saudi Arabia,Premium,1,0,0,0,0,0.0,0.0,0.0,0.0,LOW,NORMAL_CUSTOMER,STABLE_CUSTOMER,Low overall risk | Low severity | Low frequency
C003935,Cassandra,Spencer,United Arab Emirates,Standard,1,1,1,0,0,30.0,16.25,0.0,16.88,LOW,NORMAL_CUSTOMER,FREQUENT_FRICTION,Frequency score 16.25 | Repeated problematic activity
C003936,Warren,Gallegos,Pakistan,Premium,4,0,0,0,0,0.0,0.0,0.0,0.0,LOW,LOYAL_LOW_FRICTION_CUSTOMER,LOYAL_STABLE_CUSTOMER,Multiple bookings | Low journey friction | Minimal problematic journeys
C003937,Don,Ellison,United Arab Emirates,VIP,1,1,1,0,0,35.0,16.25,0.0,18.88,LOW,NORMAL_CUSTOMER,FREQUENT_FRICTION,Frequency score 16.25 | Repeated problematic activity
C003938,Gabriel,Shaw,Saudi Arabia,Standard,1,2,2,3,1,100.0,40.0,30.0,61.0,HIGH,FRICTION_PRONE_CUSTOMER,RECENT_HIGH_SEVERITY,High severity score 100.00 | Limited evidence of repeated behavior
C003939,Chris,Fletcher,Saudi Arabia,Standard,1,2,2,4,1,100.0,42.5,30.0,61.75,HIGH,FRICTION_PRONE_CUSTOMER,RECENT_HIGH_SEVERITY,High severity score 100.00 | Limited evidence of repeated behavior
C003940,Dawn,Henderson,United Arab Emirates,Premium,1,0,0,0,0,0.0,0.0,0.0,0.0,LOW,NORMAL_CUSTOMER,STABLE_CUSTOMER,Low overall risk | Low severity | Low frequency
C003941,Jason,Moore,United States,Standard,2,0,0,0,0,0.0,0.0,0.0,0.0,LOW,NORMAL_CUSTOMER,STABLE_CUSTOMER,Low overall risk | Low severity | Low frequency
C003944,Jennifer,Spence,United Arab Emirates,Standard,2,0,0,0,0,0.0,0.0,0.0,0.0,LOW,NORMAL_CUSTOMER,STABLE_CUSTOMER,Low overall risk | Low severity | Low frequency
C003946,Jerry,Lewis,Saudi Arabia,Standard,1,0,0,0,0,0.0,0.0,0.0,0.0,LOW,NORMAL_CUSTOMER,STABLE_CUSTOMER,Low overall risk | Low severity | Low frequency
C003948,Jennifer,Robinson,Pakistan,Standard,1,1,1,0,0,30.0,16.25,0.0,16.88,LOW,NORMAL_CUSTOMER,FREQUENT_FRICTION,Frequency score 16.25 | Repeated problematic activity
C003950,Timothy,Reese,Saudi Arabia,Standard,1,0,0,0,0,0.0,0.0,0.0,0.0,LOW,NORMAL_CUSTOMER,STABLE_CUSTOMER,Low overall risk | Low severity | Low frequency
C003951,Jason,Hansen,Saudi Arabia,Standard,1,0,0,1,1,40.0,2.5,30.0,25.75,MEDIUM,NORMAL_CUSTOMER,DEVELOPING_FRICTION,Emerging risk indicators | Early persistence signal
C003952,Evan,Skinner,United States,Standard,2,0,0,1,1,40.0,1.25,30.0,25.38,MEDIUM,NORMAL_CUSTOMER,DEVELOPING_FRICTION,Emerging risk indicators | Early persistence signal
C003953,Martha,Velasquez,Other,Standard,3,0,0,2,2,45.0,1.67,65.67,38.2,MEDIUM,NORMAL_CUSTOMER,PERSISTENT_RISK,Repeated problematic journeys | Persistence score 65.67
C003954,Andrew,Mcdonald,Saudi Arabia,Premium,3,1,1,2,2,45.0,7.08,65.67,39.83,MEDIUM,NORMAL_CUSTOMER,PERSISTENT_RISK,Repeated problematic journeys | Persistence score 65.67
C003955,Bradley,Edwards,Saudi Arabia,Premium,1,0,0,0,0,0.0,0.0,0.0,0.0,LOW,NORMAL_CUSTOMER,STABLE_CUSTOMER,Low overall risk | Low severity | Low frequency
C003957,Evan,Wilcox,Other,Premium,1,1,1,0,0,30.0,16.25,0.0,16.88,LOW,NORMAL_CUSTOMER,FREQUENT_FRICTION,Frequency score 16.25 | Repeated problematic activity
C003958,Crystal,Martin,United Arab Emirates,Standard,3,1,1,1,1,40.0,6.25,30.0,26.88,MEDIUM,LOYAL_LOW_FRICTION_CUSTOMER,DEVELOPING_FRICTION,Emerging risk indicators | Increasing problem frequency | Early persistence signal
C003959,Benjamin,Pratt,Saudi Arabia,Standard,1,1,1,1,1,75.0,18.75,30.0,44.62,MEDIUM,NORMAL_CUSTOMER,RECENT_HIGH_SEVERITY,High severity score 75.00 | Limited evidence of repeated behavior
C003960,Ashley,Lucas,Saudi Arabia,Standard,5,1,1,0,0,30.0,3.25,0.0,12.98,LOW,LOYAL_LOW_FRICTION_CUSTOMER,LOYAL_STABLE_CUSTOMER,Multiple bookings | Low journey friction | Minimal problematic journeys
C003961,Brian,Lee,Pakistan,Premium,1,0,0,0,0,0.0,0.0,0.0,0.0,LOW,NORMAL_CUSTOMER,STABLE_CUSTOMER,Low overall risk | Low severity | Low frequency
C003962,Jonathan,Rodriguez,United Arab Emirates,Premium,2,0,0,0,0,0.0,0.0,0.0,0.0,LOW,NORMAL_CUSTOMER,STABLE_CUSTOMER,Low overall risk | Low severity | Low frequency
C003963,Hector,Miller,Saudi Arabia,Standard,2,2,2,2,1,65.0,18.75,30.0,40.62,MEDIUM,NORMAL_CUSTOMER,FREQUENT_FRICTION,Frequency score 18.75 | Repeated problematic activity
C003964,Susan,Morrison,Pakistan,Standard,1,0,0,0,0,0.0,0.0,0.0,0.0,LOW,NORMAL_CUSTOMER,STABLE_CUSTOMER,Low overall risk | Low severity | Low frequency
C003965,Carol,Bradford,Saudi Arabia,Standard,1,0,0,0,0,0.0,0.0,0.0,0.0,LOW,NORMAL_CUSTOMER,STABLE_CUSTOMER,Low overall risk | Low severity | Low frequency
C003966,Anne,Johnson,United States,Standard,2,1,1,1,1,40.0,9.38,30.0,27.81,MEDIUM,NORMAL_CUSTOMER,DEVELOPING_FRICTION,Emerging risk indicators | Increasing problem frequency | Early persistence signal
C003967,Andrew,Campbell,United Arab Emirates,Standard,2,0,0,1,1,45.0,1.25,30.0,27.38,MEDIUM,NORMAL_CUSTOMER,DEVELOPING_FRICTION,Emerging risk indicators | Early persistence signal
C003968,Jennifer,Weaver,Saudi Arabia,Premium,2,0,0,1,1,40.0,1.25,30.0,25.38,MEDIUM,NORMAL_CUSTOMER,DEVELOPING_FRICTION,Emerging risk indicators | Early persistence signal
C003969,Dorothy,Jones,Pakistan,Standard,2,0,0,1,1,45.0,1.25,30.0,27.38,MEDIUM,NORMAL_CUSTOMER,DEVELOPING_FRICTION,Emerging risk indicators | Early persistence signal
C003970,Justin,Harper,United Arab Emirates,Premium,4,4,4,5,3,100.0,19.38,81.0,70.11,HIGH,FRICTION_PRONE_CUSTOMER,PERSISTENT_RISK,Repeated problematic journeys | Persistence score 81.00
C003971,Christopher,Avila,Other,Standard,3,0,0,1,1,40.0,0.83,30.0,25.25,MEDIUM,LOYAL_LOW_FRICTION_CUSTOMER,DEVELOPING_FRICTION,Emerging risk indicators | Early persistence signal
C003973,Victoria,Arnold,Saudi Arabia,Premium,1,0,0,1,1,40.0,2.5,30.0,25.75,MEDIUM,NORMAL_CUSTOMER,DEVELOPING_FRICTION,Emerging risk indicators | Early persistence signal
C003975,George,Johnson,Saudi Arabia,Standard,1,1,1,0,0,35.0,16.25,0.0,18.88,LOW,NORMAL_CUSTOMER,FREQUENT_FRICTION,Frequency score 16.25 | Repeated problematic activity
C003976,Maria,Adams,Other,Premium,1,0,0,1,1,40.0,2.5,30.0,25.75,MEDIUM,NORMAL_CUSTOMER,DEVELOPING_FRICTION,Emerging risk indicators | Early persistence signal
C003977,Carolyn,Davila,United Arab Emirates,Premium,4,3,3,3,2,65.0,14.06,59.0,47.92,MEDIUM,NORMAL_CUSTOMER,PERSISTENT_RISK,Repeated problematic journeys | Persistence score 59.00
C003978,Laura,Cunningham,Pakistan,Standard,1,0,0,1,1,40.0,2.5,30.0,25.75,MEDIUM,NORMAL_CUSTOMER,DEVELOPING_FRICTION,Emerging risk indicators | Early persistence signal
C003979,Lori,Elliott,Saudi Arabia,Standard,1,0,0,0,0,0.0,0.0,0.0,0.0,LOW,NORMAL_CUSTOMER,STABLE_CUSTOMER,Low overall risk | Low severity | Low frequency
C003980,Hunter,Tyler,United Arab Emirates,Standard,1,0,0,0,0,0.0,0.0,0.0,0.0,LOW,NORMAL_CUSTOMER,STABLE_CUSTOMER,Low overall risk | Low severity | Low frequency
C003981,Donna,Williams,United States,Premium,1,1,1,1,1,75.0,18.75,30.0,44.62,MEDIUM,NORMAL_CUSTOMER,RECENT_HIGH_SEVERITY,High severity score 75.00 | Limited evidence of repeated behavior
C003982,Joseph,Edwards,United States,VIP,5,3,3,3,2,80.0,11.25,55.0,51.88,HIGH,FRICTION_PRONE_CUSTOMER,PERSISTENT_RISK,Repeated problematic journeys | Persistence score 55.00
C003983,Jennifer,Harding,Saudi Arabia,Standard,2,0,0,0,0,0.0,0.0,0.0,0.0,LOW,NORMAL_CUSTOMER,STABLE_CUSTOMER,Low overall risk | Low severity | Low frequency
C003984,Matthew,Smith,Saudi Arabia,Standard,3,1,1,2,2,70.0,7.08,65.67,49.82,HIGH,FRICTION_PRONE_CUSTOMER,PERSISTENT_RISK,Repeated problematic journeys | Persistence score 65.67
C003986,Brittany,Campbell,Other,Standard,4,1,1,1,1,45.0,4.69,28.0,27.81,MEDIUM,LOYAL_LOW_FRICTION_CUSTOMER,DEVELOPING_FRICTION,Emerging risk indicators | Early persistence signal
C003987,Jerry,Sanders,Saudi Arabia,Standard,4,1,1,0,0,35.0,4.06,0.0,15.22,LOW,LOYAL_LOW_FRICTION_CUSTOMER,LOYAL_STABLE_CUSTOMER,Multiple bookings | Low journey friction | Minimal problematic journeys
C003988,Paul,Lee,United Arab Emirates,Standard,1,0,0,0,0,0.0,0.0,0.0,0.0,LOW,NORMAL_CUSTOMER,STABLE_CUSTOMER,Low overall risk | Low severity | Low frequency
C003989,Daniel,Walton,United Arab Emirates,Standard,3,0,0,2,2,40.0,1.67,65.67,36.2,MEDIUM,NORMAL_CUSTOMER,PERSISTENT_RISK,Repeated problematic journeys | Persistence score 65.67
C003991,Michele,Dickson,Saudi Arabia,Standard,3,1,1,1,1,40.0,6.25,30.0,26.88,MEDIUM,LOYAL_LOW_FRICTION_CUSTOMER,DEVELOPING_FRICTION,Emerging risk indicators | Increasing problem frequency | Early persistence signal
C003992,William,Park,Saudi Arabia,Standard,1,0,0,0,0,0.0,0.0,0.0,0.0,LOW,NORMAL_CUSTOMER,STABLE_CUSTOMER,Low overall risk | Low severity | Low frequency
C003993,Robert,Davis,United States,Premium,2,0,0,0,0,0.0,0.0,0.0,0.0,LOW,NORMAL_CUSTOMER,STABLE_CUSTOMER,Low overall risk | Low severity | Low frequency
C003994,Edward,Russell,Saudi Arabia,Standard,3,1,1,0,0,35.0,5.42,0.0,15.63,LOW,LOYAL_LOW_FRICTION_CUSTOMER,LOYAL_STABLE_CUSTOMER,Multiple bookings | Low journey friction | Minimal problematic journeys
C003995,Cole,Figueroa,United Arab Emirates,Standard,1,0,0,0,0,0.0,0.0,0.0,0.0,LOW,NORMAL_CUSTOMER,STABLE_CUSTOMER,Low overall risk | Low severity | Low frequency
C003997,Christina,Aguirre,United Arab Emirates,Premium,2,0,0,1,1,45.0,1.25,30.0,27.38,MEDIUM,NORMAL_CUSTOMER,DEVELOPING_FRICTION,Emerging risk indicators | Early persistence signal
C003999,Kristen,Matthews,Pakistan,Standard,4,0,0,1,1,40.0,0.62,28.0,24.59,MEDIUM,LOYAL_LOW_FRICTION_CUSTOMER,DEVELOPING_FRICTION,Emerging risk indicators | Early persistence signal
C004000,Wesley,Reyes,Saudi Arabia,Standard,2,1,1,1,1,75.0,9.38,30.0,41.81,MEDIUM,NORMAL_CUSTOMER,RECENT_HIGH_SEVERITY,High severity score 75.00 | Limited evidence of repeated behavior
C004001,David,Willis,Pakistan,Standard,5,0,0,1,1,45.0,0.5,26.0,25.95,MEDIUM,LOYAL_LOW_FRICTION_CUSTOMER,DEVELOPING_FRICTION,Emerging risk indicators | Early persistence signal
C004002,Timothy,Christian,United States,Standard,1,0,0,0,0,0.0,0.0,0.0,0.0,LOW,NORMAL_CUSTOMER,STABLE_CUSTOMER,Low overall risk | Low severity | Low frequency
C004003,David,Roberts,United States,Standard,1,0,0,0,0,0.0,0.0,0.0,0.0,LOW,NORMAL_CUSTOMER,STABLE_CUSTOMER,Low overall risk | Low severity | Low frequency
C004006,Penny,Mcclure,Saudi Arabia,Standard,4,2,2,4,2,100.0,10.62,59.0,60.89,HIGH,FRICTION_PRONE_CUSTOMER,PERSISTENT_RISK,Repeated problematic journeys | Persistence score 59.00
C004007,Kimberly,Davis,United Arab Emirates,Standard,3,2,2,1,1,70.0,11.67,30.0,40.5,MEDIUM,NORMAL_CUSTOMER,DEVELOPING_FRICTION,Emerging risk indicators | Increasing problem frequency | Early persistence signal
C004008,Debra,Higgins,United Arab Emirates,Standard,1,1,1,1,1,75.0,18.75,30.0,44.62,MEDIUM,NORMAL_CUSTOMER,RECENT_HIGH_SEVERITY,High severity score 75.00 | Limited evidence of repeated behavior
C004009,Alexa,Wilkerson,United Kingdom,Standard,4,2,2,3,2,60.0,10.0,59.0,44.7,MEDIUM,NORMAL_CUSTOMER,PERSISTENT_RISK,Repeated problematic journeys | Persistence score 59.00
C004010,Mitchell,Aguirre,Saudi Arabia,Standard,4,2,2,0,0,30.0,8.12,0.0,14.44,LOW,LOYAL_LOW_FRICTION_CUSTOMER,LOYAL_STABLE_CUSTOMER,Multiple bookings | Low journey friction | Minimal problematic journeys
C004012,Alyssa,Mack,United Arab Emirates,Premium,1,0,0,0,0,0.0,0.0,0.0,0.0,LOW,NORMAL_CUSTOMER,STABLE_CUSTOMER,Low overall risk | Low severity | Low frequency
C004014,Leah,Stuart,Saudi Arabia,Standard,2,0,0,0,0,0.0,0.0,0.0,0.0,LOW,NORMAL_CUSTOMER,STABLE_CUSTOMER,Low overall risk | Low severity | Low frequency
C004015,Kristine,Black,Pakistan,Standard,2,1,1,0,0,30.0,8.12,0.0,14.44,LOW,NORMAL_CUSTOMER,STABLE_CUSTOMER,Low overall risk | Low severity | Low frequency
C004016,Patrick,Chandler,Saudi Arabia,Standard,1,1,1,0,0,35.0,16.25,0.0,18.88,LOW,NORMAL_CUSTOMER,FREQUENT_FRICTION,Frequency score 16.25 | Repeated problematic activity
C004017,Brianna,Curtis,Other,Standard,5,1,1,0,0,35.0,3.25,0.0,14.98,LOW,LOYAL_LOW_FRICTION_CUSTOMER,LOYAL_STABLE_CUSTOMER,Multiple bookings | Low journey friction | Minimal problematic journeys
C004018,Judith,Conrad,Other,Premium,1,0,0,0,0,0.0,0.0,0.0,0.0,LOW,NORMAL_CUSTOMER,STABLE_CUSTOMER,Low overall risk | Low severity | Low frequency
C004019,Kathleen,Peterson,Saudi Arabia,Premium,2,0,0,0,0,0.0,0.0,0.0,0.0,LOW,NORMAL_CUSTOMER,STABLE_CUSTOMER,Low overall risk | Low severity | Low frequency
C004020,Heather,Floyd,Saudi Arabia,Premium,1,0,0,0,0,0.0,0.0,0.0,0.0,LOW,NORMAL_CUSTOMER,STABLE_CUSTOMER,Low overall risk | Low severity | Low frequency
C004021,Connor,Morgan,United Arab Emirates,Premium,2,2,2,2,1,65.0,18.75,30.0,40.62,MEDIUM,NORMAL_CUSTOMER,FREQUENT_FRICTION,Frequency score 18.75 | Repeated problematic activity
C004022,Dennis,Ward,Saudi Arabia,VIP,1,0,0,0,0,0.0,0.0,0.0,0.0,LOW,NORMAL_CUSTOMER,STABLE_CUSTOMER,Low overall risk | Low severity | Low frequency
C004023,Thomas,Chase,United Kingdom,Standard,1,0,0,0,0,0.0,0.0,0.0,0.0,LOW,NORMAL_CUSTOMER,STABLE_CUSTOMER,Low overall risk | Low severity | Low frequency
C004024,Jesse,Jordan,United States,VIP,1,1,1,0,0,30.0,16.25,0.0,16.88,LOW,NORMAL_CUSTOMER,FREQUENT_FRICTION,Frequency score 16.25 | Repeated problematic activity
C004026,Justin,Schroeder,United States,Premium,3,0,0,1,1,40.0,0.83,30.0,25.25,MEDIUM,LOYAL_LOW_FRICTION_CUSTOMER,DEVELOPING_FRICTION,Emerging risk indicators | Early persistence signal
C004027,Nancy,Hughes,United Arab Emirates,Standard,2,0,0,1,1,45.0,1.25,30.0,27.38,MEDIUM,NORMAL_CUSTOMER,DEVELOPING_FRICTION,Emerging risk indicators | Early persistence signal
C004028,Ricky,Clark,Saudi Arabia,Standard,2,0,0,0,0,0.0,0.0,0.0,0.0,LOW,NORMAL_CUSTOMER,STABLE_CUSTOMER,Low overall risk | Low severity | Low frequency
C004030,Jenna,Jones,United Arab Emirates,Standard,1,0,0,0,0,0.0,0.0,0.0,0.0,LOW,NORMAL_CUSTOMER,STABLE_CUSTOMER,Low overall risk | Low severity | Low frequency
C004033,David,Jimenez,Saudi Arabia,Standard,1,2,2,2,1,65.0,37.5,30.0,46.25,MEDIUM,NORMAL_CUSTOMER,FREQUENT_FRICTION,Frequency score 37.50 | Repeated problematic activity
C004034,Adrian,Ballard,Other,Standard,5,1,1,2,2,45.0,4.25,55.0,35.78,MEDIUM,NORMAL_CUSTOMER,PERSISTENT_RISK,Repeated problematic journeys | Persistence score 55.00
C004035,Diamond,Thomas,Saudi Arabia,Standard,2,2,2,3,1,100.0,20.0,30.0,55.0,HIGH,FRICTION_PRONE_CUSTOMER,RECENT_HIGH_SEVERITY,High severity score 100.00 | Limited evidence of repeated behavior
C004037,Leslie,Payne,Other,Standard,2,2,2,2,1,65.0,18.75,30.0,40.62,MEDIUM,NORMAL_CUSTOMER,FREQUENT_FRICTION,Frequency score 18.75 | Repeated problematic activity
C004038,Michael,Novak,United States,Standard,2,0,0,1,1,40.0,1.25,30.0,25.38,MEDIUM,NORMAL_CUSTOMER,DEVELOPING_FRICTION,Emerging risk indicators | Early persistence signal
C004039,Eric,Harrington,United Kingdom,Standard,1,2,2,2,1,65.0,37.5,30.0,46.25,MEDIUM,NORMAL_CUSTOMER,FREQUENT_FRICTION,Frequency score 37.50 | Repeated problematic activity
C004040,Denise,Miller,Pakistan,Standard,2,0,0,0,0,0.0,0.0,0.0,0.0,LOW,NORMAL_CUSTOMER,STABLE_CUSTOMER,Low overall risk | Low severity | Low frequency
C004041,Jon,Davis,Other,Standard,1,0,0,0,0,0.0,0.0,0.0,0.0,LOW,NORMAL_CUSTOMER,STABLE_CUSTOMER,Low overall risk | Low severity | Low frequency
C004042,Melissa,Edwards,Saudi Arabia,VIP,1,0,0,0,0,0.0,0.0,0.0,0.0,LOW,NORMAL_CUSTOMER,STABLE_CUSTOMER,Low overall risk | Low severity | Low frequency
C004043,Rodney,Villa,United Arab Emirates,Standard,5,3,3,4,2,100.0,11.75,55.0,60.02,HIGH,FRICTION_PRONE_CUSTOMER,PERSISTENT_RISK,Repeated problematic journeys | Persistence score 55.00
C004045,Joshua,Ramirez,United Arab Emirates,Standard,3,1,1,2,2,40.0,7.08,65.67,37.83,MEDIUM,NORMAL_CUSTOMER,PERSISTENT_RISK,Repeated problematic journeys | Persistence score 65.67
C004046,Erin,Cox,United Arab Emirates,Standard,3,0,0,0,0,0.0,0.0,0.0,0.0,LOW,LOYAL_LOW_FRICTION_CUSTOMER,LOYAL_STABLE_CUSTOMER,Multiple bookings | Low journey friction | Minimal problematic journeys
C004050,Timothy,Scott,Saudi Arabia,Standard,1,0,0,1,1,45.0,2.5,30.0,27.75,MEDIUM,NORMAL_CUSTOMER,DEVELOPING_FRICTION,Emerging risk indicators | Early persistence signal
C004051,Mitchell,Kennedy,Other,Standard,1,0,0,0,0,0.0,0.0,0.0,0.0,LOW,NORMAL_CUSTOMER,STABLE_CUSTOMER,Low overall risk | Low severity | Low frequency
C004052,Angela,Scott,United Kingdom,Premium,1,1,1,0,0,35.0,16.25,0.0,18.88,LOW,NORMAL_CUSTOMER,FREQUENT_FRICTION,Frequency score 16.25 | Repeated problematic activity
C004053,Jon,Mcdowell,United States,Standard,2,0,0,0,0,0.0,0.0,0.0,0.0,LOW,NORMAL_CUSTOMER,STABLE_CUSTOMER,Low overall risk | Low severity | Low frequency
C004055,Maxwell,Taylor,United States,Standard,1,0,0,0,0,0.0,0.0,0.0,0.0,LOW,NORMAL_CUSTOMER,STABLE_CUSTOMER,Low overall risk | Low severity | Low frequency
C004056,Janice,Martinez,Saudi Arabia,Standard,1,0,0,0,0,0.0,0.0,0.0,0.0,LOW,NORMAL_CUSTOMER,STABLE_CUSTOMER,Low overall risk | Low severity | Low frequency
C004057,Jill,Carroll,United States,Standard,1,1,1,0,0,30.0,16.25,0.0,16.88,LOW,NORMAL_CUSTOMER,FREQUENT_FRICTION,Frequency score 16.25 | Repeated problematic activity
C004058,Melissa,Williams,Saudi Arabia,Standard,2,3,3,2,1,65.0,26.88,30.0,43.06,MEDIUM,NORMAL_CUSTOMER,FREQUENT_FRICTION,Frequency score 26.88 | Repeated problematic activity
C004060,Julie,Morales,Other,Standard,3,0,0,2,2,40.0,1.67,65.67,36.2,MEDIUM,NORMAL_CUSTOMER,PERSISTENT_RISK,Repeated problematic journeys | Persistence score 65.67
C004061,Sean,Vincent,Saudi Arabia,Standard,1,0,0,1,1,40.0,2.5,30.0,25.75,MEDIUM,NORMAL_CUSTOMER,DEVELOPING_FRICTION,Emerging risk indicators | Early persistence signal
C004062,Holly,Stark,Saudi Arabia,Standard,2,0,0,0,0,0.0,0.0,0.0,0.0,LOW,NORMAL_CUSTOMER,STABLE_CUSTOMER,Low overall risk | Low severity | Low frequency
C004063,Evan,Anderson,United States,Standard,2,0,0,1,1,40.0,1.25,30.0,25.38,MEDIUM,NORMAL_CUSTOMER,DEVELOPING_FRICTION,Emerging risk indicators | Early persistence signal
C004064,Jason,Richardson,Saudi Arabia,Standard,1,0,0,0,0,0.0,0.0,0.0,0.0,LOW,NORMAL_CUSTOMER,STABLE_CUSTOMER,Low overall risk | Low severity | Low frequency
C004065,Richard,Kirk,Other,Standard,1,0,0,0,0,0.0,0.0,0.0,0.0,LOW,NORMAL_CUSTOMER,STABLE_CUSTOMER,Low overall risk | Low severity | Low frequency
C004066,Matthew,Crane,Saudi Arabia,Standard,2,1,1,0,0,30.0,8.12,0.0,14.44,LOW,NORMAL_CUSTOMER,STABLE_CUSTOMER,Low overall risk | Low severity | Low frequency
C004067,Andrea,Brooks,Saudi Arabia,Premium,3,1,1,0,0,30.0,5.42,0.0,13.63,LOW,LOYAL_LOW_FRICTION_CUSTOMER,LOYAL_STABLE_CUSTOMER,Multiple bookings | Low journey friction | Minimal problematic journeys
C004068,Heidi,Fleming,Other,Premium,2,1,1,2,2,75.0,10.62,79.0,56.89,HIGH,FRICTION_PRONE_CUSTOMER,PERSISTENT_RISK,Repeated problematic journeys | Persistence score 79.00
C004069,Jasmine,Hunter,United Kingdom,Standard,2,3,3,3,2,70.0,28.12,79.0,60.14,HIGH,FRICTION_PRONE_CUSTOMER,PERSISTENT_RISK,Repeated problematic journeys | Persistence score 79.00
C004070,Eugene,Baker,United States,Premium,2,0,0,1,1,45.0,1.25,30.0,27.38,MEDIUM,NORMAL_CUSTOMER,DEVELOPING_FRICTION,Emerging risk indicators | Early persistence signal
C004071,Tamara,Hutchinson,United Arab Emirates,Standard,2,0,0,1,1,40.0,1.25,30.0,25.38,MEDIUM,NORMAL_CUSTOMER,DEVELOPING_FRICTION,Emerging risk indicators | Early persistence signal
C004072,Adam,Fleming,United Kingdom,Standard,2,1,1,1,1,45.0,9.38,30.0,29.81,MEDIUM,NORMAL_CUSTOMER,DEVELOPING_FRICTION,Emerging risk indicators | Increasing problem frequency | Early persistence signal
C004073,Christopher,Oliver,Pakistan,Standard,1,1,1,0,0,30.0,16.25,0.0,16.88,LOW,NORMAL_CUSTOMER,FREQUENT_FRICTION,Frequency score 16.25 | Repeated problematic activity
C004074,Dustin,Schneider,Pakistan,Standard,2,0,0,0,0,0.0,0.0,0.0,0.0,LOW,NORMAL_CUSTOMER,STABLE_CUSTOMER,Low overall risk | Low severity | Low frequency
C004077,Caleb,Nicholson,United Arab Emirates,Standard,2,2,2,2,1,65.0,18.75,30.0,40.62,MEDIUM,NORMAL_CUSTOMER,FREQUENT_FRICTION,Frequency score 18.75 | Repeated problematic activity
C004079,Christopher,Farrell,United States,Standard,3,0,0,1,1,45.0,0.83,30.0,27.25,MEDIUM,LOYAL_LOW_FRICTION_CUSTOMER,DEVELOPING_FRICTION,Emerging risk indicators | Early persistence signal
C004080,Benjamin,Roberts,Saudi Arabia,VIP,3,0,0,1,1,40.0,0.83,30.0,25.25,MEDIUM,LOYAL_LOW_FRICTION_CUSTOMER,DEVELOPING_FRICTION,Emerging risk indicators | Early persistence signal
C004081,Patrick,Moore,United Kingdom,Standard,1,0,0,0,0,0.0,0.0,0.0,0.0,LOW,NORMAL_CUSTOMER,STABLE_CUSTOMER,Low overall risk | Low severity | Low frequency
C004083,Christina,Jones,Pakistan,Standard,2,2,2,3,1,100.0,20.0,30.0,55.0,HIGH,FRICTION_PRONE_CUSTOMER,RECENT_HIGH_SEVERITY,High severity score 100.00 | Limited evidence of repeated behavior
C004084,Abigail,Price,United Kingdom,Standard,1,0,0,0,0,0.0,0.0,0.0,0.0,LOW,NORMAL_CUSTOMER,STABLE_CUSTOMER,Low overall risk | Low severity | Low frequency
C004086,Carla,Davis,Saudi Arabia,Standard,1,0,0,0,0,0.0,0.0,0.0,0.0,LOW,NORMAL_CUSTOMER,STABLE_CUSTOMER,Low overall risk | Low severity | Low frequency
C004087,Sonya,Owens,Saudi Arabia,Standard,5,3,3,3,2,65.0,11.25,55.0,45.88,MEDIUM,NORMAL_CUSTOMER,PERSISTENT_RISK,Repeated problematic journeys | Persistence score 55.00
C004088,Lori,Day,Pakistan,Standard,1,0,0,0,0,0.0,0.0,0.0,0.0,LOW,NORMAL_CUSTOMER,STABLE_CUSTOMER,Low overall risk | Low severity | Low frequency
C004089,Danielle,Mccullough,United States,Standard,1,0,0,0,0,0.0,0.0,0.0,0.0,LOW,NORMAL_CUSTOMER,STABLE_CUSTOMER,Low overall risk | Low severity | Low frequency
C004090,Scott,Marshall,Saudi Arabia,Standard,1,1,1,1,1,80.0,18.75,30.0,46.62,MEDIUM,NORMAL_CUSTOMER,RECENT_HIGH_SEVERITY,High severity score 80.00 | Limited evidence of repeated behavior
C004091,James,Miller,United Kingdom,VIP,3,3,3,3,2,80.0,18.75,65.67,57.33,HIGH,FRICTION_PRONE_CUSTOMER,PERSISTENT_RISK,Repeated problematic journeys | Persistence score 65.67
C004094,Justin,Nielsen,Other,Standard,1,0,0,0,0,0.0,0.0,0.0,0.0,LOW,NORMAL_CUSTOMER,STABLE_CUSTOMER,Low overall risk | Low severity | Low frequency
C004096,Carol,Gonzalez,United Arab Emirates,Standard,2,1,1,0,0,35.0,8.12,0.0,16.44,LOW,NORMAL_CUSTOMER,STABLE_CUSTOMER,Low overall risk | Low severity | Low frequency
C004097,Zachary,Murphy,Saudi Arabia,Standard,1,0,0,0,0,0.0,0.0,0.0,0.0,LOW,NORMAL_CUSTOMER,STABLE_CUSTOMER,Low overall risk | Low severity | Low frequency
C004098,Jesse,Stewart,Saudi Arabia,VIP,2,0,0,1,1,45.0,1.25,30.0,27.38,MEDIUM,NORMAL_CUSTOMER,DEVELOPING_FRICTION,Emerging risk indicators | Early persistence signal
C004102,Aaron,Alvarez,United Arab Emirates,Standard,1,0,0,0,0,0.0,0.0,0.0,0.0,LOW,NORMAL_CUSTOMER,STABLE_CUSTOMER,Low overall risk | Low severity | Low frequency
C004104,Wendy,Johnson,Saudi Arabia,Standard,1,0,0,0,0,0.0,0.0,0.0,0.0,LOW,NORMAL_CUSTOMER,STABLE_CUSTOMER,Low overall risk | Low severity | Low frequency
C004106,Michael,Harrison,United Kingdom,Standard,2,0,0,0,0,0.0,0.0,0.0,0.0,LOW,NORMAL_CUSTOMER,STABLE_CUSTOMER,Low overall risk | Low severity | Low frequency
C004107,Randall,Bowman,Other,Standard,2,1,1,0,0,30.0,8.12,0.0,14.44,LOW,NORMAL_CUSTOMER,STABLE_CUSTOMER,Low overall risk | Low severity | Low frequency
C004108,Brenda,Flores,Saudi Arabia,Standard,3,1,1,1,1,40.0,6.25,30.0,26.88,MEDIUM,LOYAL_LOW_FRICTION_CUSTOMER,DEVELOPING_FRICTION,Emerging risk indicators | Increasing problem frequency | Early persistence signal
C004109,April,Johnson,Other,Standard,2,0,0,1,1,40.0,1.25,30.0,25.38,MEDIUM,NORMAL_CUSTOMER,DEVELOPING_FRICTION,Emerging risk indicators | Early persistence signal
C004110,Jillian,Burke,Pakistan,Standard,2,0,0,0,0,0.0,0.0,0.0,0.0,LOW,NORMAL_CUSTOMER,STABLE_CUSTOMER,Low overall risk | Low severity | Low frequency
C004112,Christopher,Mayer,Pakistan,Standard,1,0,0,1,1,45.0,2.5,30.0,27.75,MEDIUM,NORMAL_CUSTOMER,DEVELOPING_FRICTION,Emerging risk indicators | Early persistence signal
C004114,Maria,Jordan,Saudi Arabia,Standard,1,1,1,0,0,35.0,16.25,0.0,18.88,LOW,NORMAL_CUSTOMER,FREQUENT_FRICTION,Frequency score 16.25 | Repeated problematic activity
C004115,Robyn,Kennedy,Pakistan,Premium,4,2,2,3,3,75.0,10.0,81.0,57.3,HIGH,FRICTION_PRONE_CUSTOMER,PERSISTENT_RISK,Repeated problematic journeys | Persistence score 81.00
C004116,Michael,Brown,United Arab Emirates,Standard,1,2,2,2,1,65.0,37.5,30.0,46.25,MEDIUM,NORMAL_CUSTOMER,FREQUENT_FRICTION,Frequency score 37.50 | Repeated problematic activity
C004117,Sylvia,Parrish,Other,VIP,1,1,1,0,0,35.0,16.25,0.0,18.88,LOW,NORMAL_CUSTOMER,FREQUENT_FRICTION,Frequency score 16.25 | Repeated problematic activity
C004118,Joshua,Cisneros,United Arab Emirates,VIP,4,1,1,0,0,35.0,4.06,0.0,15.22,LOW,LOYAL_LOW_FRICTION_CUSTOMER,LOYAL_STABLE_CUSTOMER,Multiple bookings | Low journey friction | Minimal problematic journeys
C004119,Catherine,Sutton,Saudi Arabia,Premium,1,1,1,0,0,30.0,16.25,0.0,16.88,LOW,NORMAL_CUSTOMER,FREQUENT_FRICTION,Frequency score 16.25 | Repeated problematic activity
C004121,Sarah,Reid,Saudi Arabia,Standard,4,5,5,5,3,75.0,23.44,81.0,61.33,HIGH,FRICTION_PRONE_CUSTOMER,PERSISTENT_RISK,Repeated problematic journeys | Persistence score 81.00
C004122,Bailey,Miller,Pakistan,Premium,1,0,0,0,0,0.0,0.0,0.0,0.0,LOW,NORMAL_CUSTOMER,STABLE_CUSTOMER,Low overall risk | Low severity | Low frequency
C004124,Richard,Sullivan,Other,Premium,1,1,1,0,0,35.0,16.25,0.0,18.88,LOW,NORMAL_CUSTOMER,FREQUENT_FRICTION,Frequency score 16.25 | Repeated problematic activity
C004125,Daniel,Evans,United States,Standard,3,0,0,1,1,40.0,0.83,30.0,25.25,MEDIUM,LOYAL_LOW_FRICTION_CUSTOMER,DEVELOPING_FRICTION,Emerging risk indicators | Early persistence signal
C004126,Charles,Joseph,United Kingdom,Standard,1,0,0,1,1,45.0,2.5,30.0,27.75,MEDIUM,NORMAL_CUSTOMER,DEVELOPING_FRICTION,Emerging risk indicators | Early persistence signal
C004127,Kelly,Savage,United Kingdom,Standard,2,1,1,1,1,70.0,9.38,30.0,39.81,MEDIUM,NORMAL_CUSTOMER,DEVELOPING_FRICTION,Emerging risk indicators | Increasing problem frequency | Early persistence signal
C004131,Nancy,Rivas,Saudi Arabia,Standard,2,2,2,0,0,30.0,16.25,0.0,16.88,LOW,NORMAL_CUSTOMER,FREQUENT_FRICTION,Frequency score 16.25 | Repeated problematic activity
C004132,Lisa,Davis,Saudi Arabia,Standard,4,0,0,3,3,45.0,1.88,81.0,42.86,MEDIUM,NORMAL_CUSTOMER,PERSISTENT_RISK,Repeated problematic journeys | Persistence score 81.00
C004133,Bailey,Valenzuela,United Kingdom,Standard,1,0,0,0,0,0.0,0.0,0.0,0.0,LOW,NORMAL_CUSTOMER,STABLE_CUSTOMER,Low overall risk | Low severity | Low frequency
C004134,Heather,Peterson,Pakistan,Standard,3,1,1,0,0,35.0,5.42,0.0,15.63,LOW,LOYAL_LOW_FRICTION_CUSTOMER,LOYAL_STABLE_CUSTOMER,Multiple bookings | Low journey friction | Minimal problematic journeys
C004135,Tammy,Mullins,Pakistan,Standard,3,0,0,2,2,45.0,1.67,65.67,38.2,MEDIUM,NORMAL_CUSTOMER,PERSISTENT_RISK,Repeated problematic journeys | Persistence score 65.67
C004136,Anna,Martin,Saudi Arabia,Standard,5,3,3,1,1,70.0,10.25,26.0,38.88,MEDIUM,LOYAL_LOW_FRICTION_CUSTOMER,DEVELOPING_FRICTION,Emerging risk indicators | Increasing problem frequency | Early persistence signal
C004137,Kayla,Bailey,United Kingdom,Standard,3,0,0,1,1,45.0,0.83,30.0,27.25,MEDIUM,LOYAL_LOW_FRICTION_CUSTOMER,DEVELOPING_FRICTION,Emerging risk indicators | Early persistence signal
C004138,Katherine,Barnes,United Arab Emirates,Premium,2,0,0,1,1,45.0,1.25,30.0,27.38,MEDIUM,NORMAL_CUSTOMER,DEVELOPING_FRICTION,Emerging risk indicators | Early persistence signal
C004139,Susan,Alvarez,United Kingdom,Premium,4,0,0,1,1,40.0,0.62,28.0,24.59,MEDIUM,LOYAL_LOW_FRICTION_CUSTOMER,DEVELOPING_FRICTION,Emerging risk indicators | Early persistence signal
C004141,Steven,Martin,United Arab Emirates,Premium,1,0,0,0,0,0.0,0.0,0.0,0.0,LOW,NORMAL_CUSTOMER,STABLE_CUSTOMER,Low overall risk | Low severity | Low frequency
C004142,Brenda,Horton,Saudi Arabia,Standard,2,1,1,0,0,30.0,8.12,0.0,14.44,LOW,NORMAL_CUSTOMER,STABLE_CUSTOMER,Low overall risk | Low severity | Low frequency
C004143,Anthony,Gomez,Saudi Arabia,Premium,2,2,2,2,1,65.0,18.75,30.0,40.62,MEDIUM,NORMAL_CUSTOMER,FREQUENT_FRICTION,Frequency score 18.75 | Repeated problematic activity
C004144,Darren,Schwartz,United States,VIP,2,0,0,0,0,0.0,0.0,0.0,0.0,LOW,NORMAL_CUSTOMER,STABLE_CUSTOMER,Low overall risk | Low severity | Low frequency
C004145,Carlos,Price,Other,Standard,2,0,0,0,0,0.0,0.0,0.0,0.0,LOW,NORMAL_CUSTOMER,STABLE_CUSTOMER,Low overall risk | Low severity | Low frequency
C004146,Cynthia,Smith,Pakistan,Standard,2,0,0,1,1,40.0,1.25,30.0,25.38,MEDIUM,NORMAL_CUSTOMER,DEVELOPING_FRICTION,Emerging risk indicators | Early persistence signal
C004147,Virginia,Logan,Saudi Arabia,Premium,4,2,2,3,2,65.0,10.0,59.0,46.7,MEDIUM,NORMAL_CUSTOMER,PERSISTENT_RISK,Repeated problematic journeys | Persistence score 59.00
C004151,Stephanie,Jensen,Saudi Arabia,Premium,3,0,0,1,1,45.0,0.83,30.0,27.25,MEDIUM,LOYAL_LOW_FRICTION_CUSTOMER,DEVELOPING_FRICTION,Emerging risk indicators | Early persistence signal
C004152,Zachary,Morris,Saudi Arabia,Premium,2,0,0,1,1,40.0,1.25,30.0,25.38,MEDIUM,NORMAL_CUSTOMER,DEVELOPING_FRICTION,Emerging risk indicators | Early persistence signal
C004153,Alec,Downs,United Kingdom,Standard,2,0,0,0,0,0.0,0.0,0.0,0.0,LOW,NORMAL_CUSTOMER,STABLE_CUSTOMER,Low overall risk | Low severity | Low frequency
C004154,Marilyn,Mcmillan,United Arab Emirates,Standard,2,0,0,0,0,0.0,0.0,0.0,0.0,LOW,NORMAL_CUSTOMER,STABLE_CUSTOMER,Low overall risk | Low severity | Low frequency
C004155,John,Newton,Saudi Arabia,Standard,1,0,0,0,0,0.0,0.0,0.0,0.0,LOW,NORMAL_CUSTOMER,STABLE_CUSTOMER,Low overall risk | Low severity | Low frequency
C004156,Christopher,Doyle,Saudi Arabia,Standard,3,0,0,2,2,45.0,1.67,65.67,38.2,MEDIUM,NORMAL_CUSTOMER,PERSISTENT_RISK,Repeated problematic journeys | Persistence score 65.67
C004157,Emily,Stewart,Pakistan,Premium,1,0,0,0,0,0.0,0.0,0.0,0.0,LOW,NORMAL_CUSTOMER,STABLE_CUSTOMER,Low overall risk | Low severity | Low frequency
C004158,Lori,Hernandez,Other,Standard,4,0,0,1,1,45.0,0.62,28.0,26.59,MEDIUM,LOYAL_LOW_FRICTION_CUSTOMER,DEVELOPING_FRICTION,Emerging risk indicators | Early persistence signal
C004159,Charles,Ellis,Other,Standard,2,1,1,1,1,45.0,9.38,30.0,29.81,MEDIUM,NORMAL_CUSTOMER,DEVELOPING_FRICTION,Emerging risk indicators | Increasing problem frequency | Early persistence signal
C004160,Sarah,Hernandez,Pakistan,Premium,2,3,3,2,1,65.0,26.88,30.0,43.06,MEDIUM,NORMAL_CUSTOMER,FREQUENT_FRICTION,Frequency score 26.88 | Repeated problematic activity
C004161,Thomas,Lin,Pakistan,Standard,2,1,1,1,1,80.0,9.38,30.0,43.81,MEDIUM,NORMAL_CUSTOMER,RECENT_HIGH_SEVERITY,High severity score 80.00 | Limited evidence of repeated behavior
C004162,Michael,Wilson,Saudi Arabia,Premium,1,0,0,0,0,0.0,0.0,0.0,0.0,LOW,NORMAL_CUSTOMER,STABLE_CUSTOMER,Low overall risk | Low severity | Low frequency
C004164,Joseph,Russell,United Arab Emirates,Premium,3,0,0,0,0,0.0,0.0,0.0,0.0,LOW,LOYAL_LOW_FRICTION_CUSTOMER,LOYAL_STABLE_CUSTOMER,Multiple bookings | Low journey friction | Minimal problematic journeys
C004165,Stacey,Meyer,Pakistan,VIP,5,2,2,4,3,65.0,8.5,75.0,51.05,HIGH,FRICTION_PRONE_CUSTOMER,PERSISTENT_RISK,Repeated problematic journeys | Persistence score 75.00
C004167,Renee,Hayes,Saudi Arabia,Premium,2,0,0,0,0,0.0,0.0,0.0,0.0,LOW,NORMAL_CUSTOMER,STABLE_CUSTOMER,Low overall risk | Low severity | Low frequency
C004168,Victor,Wall,Saudi Arabia,VIP,1,0,0,0,0,0.0,0.0,0.0,0.0,LOW,NORMAL_CUSTOMER,STABLE_CUSTOMER,Low overall risk | Low severity | Low frequency
C004169,James,Martinez,United Arab Emirates,VIP,1,0,0,0,0,0.0,0.0,0.0,0.0,LOW,NORMAL_CUSTOMER,STABLE_CUSTOMER,Low overall risk | Low severity | Low frequency
C004170,Jill,Cole,Saudi Arabia,Standard,1,0,0,0,0,0.0,0.0,0.0,0.0,LOW,NORMAL_CUSTOMER,STABLE_CUSTOMER,Low overall risk | Low severity | Low frequency
C004171,Monique,Montes,Saudi Arabia,Standard,1,0,0,0,0,0.0,0.0,0.0,0.0,LOW,NORMAL_CUSTOMER,STABLE_CUSTOMER,Low overall risk | Low severity | Low frequency
C004172,Jamie,Davis,Other,Standard,2,1,1,1,1,70.0,9.38,30.0,39.81,MEDIUM,NORMAL_CUSTOMER,DEVELOPING_FRICTION,Emerging risk indicators | Increasing problem frequency | Early persistence signal
C004173,James,Robinson,United Arab Emirates,Standard,2,2,2,2,1,60.0,18.75,30.0,38.62,MEDIUM,NORMAL_CUSTOMER,FREQUENT_FRICTION,Frequency score 18.75 | Repeated problematic activity
C004174,John,Werner,Pakistan,Standard,1,1,1,1,1,75.0,18.75,30.0,44.62,MEDIUM,NORMAL_CUSTOMER,RECENT_HIGH_SEVERITY,High severity score 75.00 | Limited evidence of repeated behavior
C004175,Christine,Fisher,Other,Standard,1,1,1,0,0,35.0,16.25,0.0,18.88,LOW,NORMAL_CUSTOMER,FREQUENT_FRICTION,Frequency score 16.25 | Repeated problematic activity
C004176,Eric,Payne,Other,Premium,2,0,0,1,1,40.0,1.25,30.0,25.38,MEDIUM,NORMAL_CUSTOMER,DEVELOPING_FRICTION,Emerging risk indicators | Early persistence signal
C004178,Samantha,Gray,United States,Premium,3,0,0,1,1,40.0,0.83,30.0,25.25,MEDIUM,LOYAL_LOW_FRICTION_CUSTOMER,DEVELOPING_FRICTION,Emerging risk indicators | Early persistence signal
C004179,Emma,Bailey,United Arab Emirates,Premium,4,0,0,1,1,45.0,0.62,28.0,26.59,MEDIUM,LOYAL_LOW_FRICTION_CUSTOMER,DEVELOPING_FRICTION,Emerging risk indicators | Early persistence signal
C004180,Elizabeth,Farley,United Arab Emirates,Standard,2,1,1,0,0,30.0,8.12,0.0,14.44,LOW,NORMAL_CUSTOMER,STABLE_CUSTOMER,Low overall risk | Low severity | Low frequency
C004181,Christina,Bonilla,United Arab Emirates,Standard,2,1,1,0,0,35.0,8.12,0.0,16.44,LOW,NORMAL_CUSTOMER,STABLE_CUSTOMER,Low overall risk | Low severity | Low frequency
C004182,Kathryn,Ray,United Kingdom,Premium,2,0,0,1,1,45.0,1.25,30.0,27.38,MEDIUM,NORMAL_CUSTOMER,DEVELOPING_FRICTION,Emerging risk indicators | Early persistence signal
C004183,Amber,Smith,United Kingdom,Standard,2,1,1,0,0,30.0,8.12,0.0,14.44,LOW,NORMAL_CUSTOMER,STABLE_CUSTOMER,Low overall risk | Low severity | Low frequency
C004184,Bobby,Cervantes,United Arab Emirates,Standard,1,0,0,0,0,0.0,0.0,0.0,0.0,LOW,NORMAL_CUSTOMER,STABLE_CUSTOMER,Low overall risk | Low severity | Low frequency
C004186,Christine,Mosley,Pakistan,Standard,3,2,2,4,3,65.0,14.17,91.0,57.55,HIGH,FRICTION_PRONE_CUSTOMER,PERSISTENT_RISK,Repeated problematic journeys | Persistence score 91.00
C004187,Travis,Shaw,Saudi Arabia,Premium,1,0,0,0,0,0.0,0.0,0.0,0.0,LOW,NORMAL_CUSTOMER,STABLE_CUSTOMER,Low overall risk | Low severity | Low frequency
C004188,Tricia,Parrish,Pakistan,Premium,2,1,1,0,0,35.0,8.12,0.0,16.44,LOW,NORMAL_CUSTOMER,STABLE_CUSTOMER,Low overall risk | Low severity | Low frequency
C004189,Penny,Lyons,United Kingdom,Standard,3,0,0,0,0,0.0,0.0,0.0,0.0,LOW,LOYAL_LOW_FRICTION_CUSTOMER,LOYAL_STABLE_CUSTOMER,Multiple bookings | Low journey friction | Minimal problematic journeys
C004192,Tracey,Jenkins,Other,Premium,1,0,0,0,0,0.0,0.0,0.0,0.0,LOW,NORMAL_CUSTOMER,STABLE_CUSTOMER,Low overall risk | Low severity | Low frequency
C004194,Juan,Daniels,United Kingdom,Standard,1,0,0,0,0,0.0,0.0,0.0,0.0,LOW,NORMAL_CUSTOMER,STABLE_CUSTOMER,Low overall risk | Low severity | Low frequency
C004196,Barbara,Hubbard,Saudi Arabia,Standard,2,0,0,0,0,0.0,0.0,0.0,0.0,LOW,NORMAL_CUSTOMER,STABLE_CUSTOMER,Low overall risk | Low severity | Low frequency
C004197,Brian,Wilson,Saudi Arabia,Standard,4,3,3,2,2,70.0,13.44,59.0,49.73,HIGH,FRICTION_PRONE_CUSTOMER,PERSISTENT_RISK,Repeated problematic journeys | Persistence score 59.00
C004198,Lauren,Thompson,Saudi Arabia,VIP,2,0,0,0,0,0.0,0.0,0.0,0.0,LOW,NORMAL_CUSTOMER,STABLE_CUSTOMER,Low overall risk | Low severity | Low frequency
C004199,Timothy,Patterson,United Arab Emirates,Standard,3,0,0,0,0,0.0,0.0,0.0,0.0,LOW,LOYAL_LOW_FRICTION_CUSTOMER,LOYAL_STABLE_CUSTOMER,Multiple bookings | Low journey friction | Minimal problematic journeys
C004200,Amber,Thompson,Pakistan,Standard,4,1,1,0,0,30.0,4.06,0.0,13.22,LOW,LOYAL_LOW_FRICTION_CUSTOMER,LOYAL_STABLE_CUSTOMER,Multiple bookings | Low journey friction | Minimal problematic journeys
C004201,Wayne,Larson,United States,Standard,6,4,4,7,4,100.0,13.75,86.67,70.13,HIGH,FRICTION_PRONE_CUSTOMER,PERSISTENT_RISK,Repeated problematic journeys | Persistence score 86.67
C004203,Gina,James,Saudi Arabia,Premium,1,0,0,0,0,0.0,0.0,0.0,0.0,LOW,NORMAL_CUSTOMER,STABLE_CUSTOMER,Low overall risk | Low severity | Low frequency
C004204,Gregory,Bruce,Other,Standard,1,0,0,0,0,0.0,0.0,0.0,0.0,LOW,NORMAL_CUSTOMER,STABLE_CUSTOMER,Low overall risk | Low severity | Low frequency
C004205,Tiffany,Barker,Saudi Arabia,Premium,1,0,0,0,0,0.0,0.0,0.0,0.0,LOW,NORMAL_CUSTOMER,STABLE_CUSTOMER,Low overall risk | Low severity | Low frequency
C004207,Steve,Campbell,Pakistan,Standard,3,2,2,2,1,65.0,12.5,30.0,38.75,MEDIUM,LOYAL_LOW_FRICTION_CUSTOMER,DEVELOPING_FRICTION,Emerging risk indicators | Increasing problem frequency | Early persistence signal
C004208,Hannah,Oliver,Pakistan,Standard,2,0,0,0,0,0.0,0.0,0.0,0.0,LOW,NORMAL_CUSTOMER,STABLE_CUSTOMER,Low overall risk | Low severity | Low frequency
C004209,Alexander,Buckley,Saudi Arabia,Standard,2,0,0,0,0,0.0,0.0,0.0,0.0,LOW,NORMAL_CUSTOMER,STABLE_CUSTOMER,Low overall risk | Low severity | Low frequency
C004211,Bianca,Cowan,Saudi Arabia,Standard,2,2,2,1,1,75.0,17.5,30.0,44.25,MEDIUM,NORMAL_CUSTOMER,RECENT_HIGH_SEVERITY,High severity score 75.00 | Limited evidence of repeated behavior
C004212,Mark,Shaffer,Pakistan,Premium,2,0,0,0,0,0.0,0.0,0.0,0.0,LOW,NORMAL_CUSTOMER,STABLE_CUSTOMER,Low overall risk | Low severity | Low frequency
C004213,Chloe,Garcia,Pakistan,VIP,3,0,0,0,0,0.0,0.0,0.0,0.0,LOW,LOYAL_LOW_FRICTION_CUSTOMER,LOYAL_STABLE_CUSTOMER,Multiple bookings | Low journey friction | Minimal problematic journeys
C004214,Jordan,Banks,Saudi Arabia,Standard,3,2,2,3,2,65.0,13.33,65.67,49.7,HIGH,FRICTION_PRONE_CUSTOMER,PERSISTENT_RISK,Repeated problematic journeys | Persistence score 65.67
C004215,Amy,Jensen,Pakistan,Standard,2,1,1,0,0,30.0,8.12,0.0,14.44,LOW,NORMAL_CUSTOMER,STABLE_CUSTOMER,Low overall risk | Low severity | Low frequency
C004219,Michael,Ho,United Kingdom,Standard,3,0,0,0,0,0.0,0.0,0.0,0.0,LOW,LOYAL_LOW_FRICTION_CUSTOMER,LOYAL_STABLE_CUSTOMER,Multiple bookings | Low journey friction | Minimal problematic journeys
C004220,Victor,Garcia,Saudi Arabia,Standard,2,0,0,1,1,40.0,1.25,30.0,25.38,MEDIUM,NORMAL_CUSTOMER,DEVELOPING_FRICTION,Emerging risk indicators | Early persistence signal
C004222,Jaclyn,Perkins,Pakistan,Standard,3,0,0,1,1,40.0,0.83,30.0,25.25,MEDIUM,LOYAL_LOW_FRICTION_CUSTOMER,DEVELOPING_FRICTION,Emerging risk indicators | Early persistence signal
C004223,Nathan,Johnson,Other,Standard,1,0,0,1,1,45.0,2.5,30.0,27.75,MEDIUM,NORMAL_CUSTOMER,DEVELOPING_FRICTION,Emerging risk indicators | Early persistence signal
C004224,Melissa,Roberts,United States,Standard,3,0,0,1,1,45.0,0.83,30.0,27.25,MEDIUM,LOYAL_LOW_FRICTION_CUSTOMER,DEVELOPING_FRICTION,Emerging risk indicators | Early persistence signal
C004225,Joshua,Fisher,Pakistan,Standard,1,2,2,2,1,65.0,37.5,30.0,46.25,MEDIUM,NORMAL_CUSTOMER,FREQUENT_FRICTION,Frequency score 37.50 | Repeated problematic activity
C004226,Hector,Walker,United Kingdom,Premium,5,2,2,4,3,65.0,8.5,75.0,51.05,HIGH,FRICTION_PRONE_CUSTOMER,PERSISTENT_RISK,Repeated problematic journeys | Persistence score 75.00
C004227,David,Gibson,United Arab Emirates,Standard,1,0,0,0,0,0.0,0.0,0.0,0.0,LOW,NORMAL_CUSTOMER,STABLE_CUSTOMER,Low overall risk | Low severity | Low frequency
C004228,Barbara,James,Pakistan,Standard,2,0,0,1,1,45.0,1.25,30.0,27.38,MEDIUM,NORMAL_CUSTOMER,DEVELOPING_FRICTION,Emerging risk indicators | Early persistence signal
C004229,Jeremy,Gonzalez,United Arab Emirates,Premium,2,0,0,1,1,40.0,1.25,30.0,25.38,MEDIUM,NORMAL_CUSTOMER,DEVELOPING_FRICTION,Emerging risk indicators | Early persistence signal
C004230,Cory,Harrison,Saudi Arabia,Standard,1,0,0,0,0,0.0,0.0,0.0,0.0,LOW,NORMAL_CUSTOMER,STABLE_CUSTOMER,Low overall risk | Low severity | Low frequency
C004231,Joseph,Martinez,United Kingdom,Standard,1,0,0,1,1,40.0,2.5,30.0,25.75,MEDIUM,NORMAL_CUSTOMER,DEVELOPING_FRICTION,Emerging risk indicators | Early persistence signal
C004232,Joe,Ponce,Pakistan,Premium,1,0,0,1,1,40.0,2.5,30.0,25.75,MEDIUM,NORMAL_CUSTOMER,DEVELOPING_FRICTION,Emerging risk indicators | Early persistence signal
C004233,Ryan,Sloan,United Arab Emirates,Premium,6,2,2,3,2,60.0,6.67,52.33,41.7,MEDIUM,NORMAL_CUSTOMER,PERSISTENT_RISK,Repeated problematic journeys | Persistence score 52.33
C004235,Dustin,Hoover,Saudi Arabia,Premium,4,1,1,0,0,35.0,4.06,0.0,15.22,LOW,LOYAL_LOW_FRICTION_CUSTOMER,LOYAL_STABLE_CUSTOMER,Multiple bookings | Low journey friction | Minimal problematic journeys
C004236,Susan,Padilla,United Arab Emirates,Premium,2,0,0,1,1,45.0,1.25,30.0,27.38,MEDIUM,NORMAL_CUSTOMER,DEVELOPING_FRICTION,Emerging risk indicators | Early persistence signal
C004237,Edward,Figueroa,Saudi Arabia,Standard,2,1,1,1,1,75.0,9.38,30.0,41.81,MEDIUM,NORMAL_CUSTOMER,RECENT_HIGH_SEVERITY,High severity score 75.00 | Limited evidence of repeated behavior
C004239,Gregory,Brooks,United Kingdom,Standard,1,2,2,3,1,100.0,40.0,30.0,61.0,HIGH,FRICTION_PRONE_CUSTOMER,RECENT_HIGH_SEVERITY,High severity score 100.00 | Limited evidence of repeated behavior
C004240,Victor,Walker,United Arab Emirates,VIP,2,0,0,1,1,40.0,1.25,30.0,25.38,MEDIUM,NORMAL_CUSTOMER,DEVELOPING_FRICTION,Emerging risk indicators | Early persistence signal
C004241,Wendy,Campbell,United Kingdom,VIP,1,0,0,0,0,0.0,0.0,0.0,0.0,LOW,NORMAL_CUSTOMER,STABLE_CUSTOMER,Low overall risk | Low severity | Low frequency
C004242,Melissa,Hobbs,United Arab Emirates,Standard,2,0,0,0,0,0.0,0.0,0.0,0.0,LOW,NORMAL_CUSTOMER,STABLE_CUSTOMER,Low overall risk | Low severity | Low frequency
C004243,Zachary,Baker,United States,Standard,1,0,0,0,0,0.0,0.0,0.0,0.0,LOW,NORMAL_CUSTOMER,STABLE_CUSTOMER,Low overall risk | Low severity | Low frequency
C004244,Jennifer,Roberson,United Arab Emirates,Standard,4,3,3,3,2,80.0,14.06,59.0,53.92,HIGH,FRICTION_PRONE_CUSTOMER,PERSISTENT_RISK,Repeated problematic journeys | Persistence score 59.00
C004245,Kristen,Pope,United Arab Emirates,Standard,2,2,2,3,2,65.0,20.0,79.0,55.7,HIGH,FRICTION_PRONE_CUSTOMER,PERSISTENT_RISK,Repeated problematic journeys | Persistence score 79.00
C004248,Ashley,Mccullough,Saudi Arabia,Standard,1,0,0,1,1,40.0,2.5,30.0,25.75,MEDIUM,NORMAL_CUSTOMER,DEVELOPING_FRICTION,Emerging risk indicators | Early persistence signal
C004249,Raymond,Perry,Pakistan,Standard,1,0,0,0,0,0.0,0.0,0.0,0.0,LOW,NORMAL_CUSTOMER,STABLE_CUSTOMER,Low overall risk | Low severity | Low frequency
C004250,Hannah,Smith,Other,Premium,2,1,1,1,1,70.0,9.38,30.0,39.81,MEDIUM,NORMAL_CUSTOMER,DEVELOPING_FRICTION,Emerging risk indicators | Increasing problem frequency | Early persistence signal
C004252,Lisa,Brooks,Saudi Arabia,Premium,1,0,0,0,0,0.0,0.0,0.0,0.0,LOW,NORMAL_CUSTOMER,STABLE_CUSTOMER,Low overall risk | Low severity | Low frequency
C004253,Thomas,Montoya,United Arab Emirates,Standard,1,0,0,0,0,0.0,0.0,0.0,0.0,LOW,NORMAL_CUSTOMER,STABLE_CUSTOMER,Low overall risk | Low severity | Low frequency
C004254,Crystal,Wilkins,Pakistan,Premium,1,1,1,0,0,30.0,16.25,0.0,16.88,LOW,NORMAL_CUSTOMER,FREQUENT_FRICTION,Frequency score 16.25 | Repeated problematic activity
C004255,Shannon,Greene,Saudi Arabia,Premium,1,0,0,1,1,45.0,2.5,30.0,27.75,MEDIUM,NORMAL_CUSTOMER,DEVELOPING_FRICTION,Emerging risk indicators | Early persistence signal
C004256,Matthew,Rogers,United Kingdom,Standard,2,1,1,1,1,45.0,9.38,30.0,29.81,MEDIUM,NORMAL_CUSTOMER,DEVELOPING_FRICTION,Emerging risk indicators | Increasing problem frequency | Early persistence signal
C004257,Michael,Haley,Other,Standard,1,1,1,0,0,30.0,16.25,0.0,16.88,LOW,NORMAL_CUSTOMER,FREQUENT_FRICTION,Frequency score 16.25 | Repeated problematic activity
C004258,Ann,Haney,United Arab Emirates,VIP,1,0,0,0,0,0.0,0.0,0.0,0.0,LOW,NORMAL_CUSTOMER,STABLE_CUSTOMER,Low overall risk | Low severity | Low frequency
C004259,Sarah,Allen,United Arab Emirates,Standard,3,0,0,0,0,0.0,0.0,0.0,0.0,LOW,LOYAL_LOW_FRICTION_CUSTOMER,LOYAL_STABLE_CUSTOMER,Multiple bookings | Low journey friction | Minimal problematic journeys
C004260,Jonathan,Beltran,United Arab Emirates,Standard,3,2,2,3,1,100.0,13.33,30.0,53.0,HIGH,FRICTION_PRONE_CUSTOMER,RECENT_HIGH_SEVERITY,High severity score 100.00 | Limited evidence of repeated behavior
C004261,Andrew,Lee,Saudi Arabia,Standard,2,0,0,0,0,0.0,0.0,0.0,0.0,LOW,NORMAL_CUSTOMER,STABLE_CUSTOMER,Low overall risk | Low severity | Low frequency
C004262,David,Newman,Other,Standard,3,0,0,0,0,0.0,0.0,0.0,0.0,LOW,LOYAL_LOW_FRICTION_CUSTOMER,LOYAL_STABLE_CUSTOMER,Multiple bookings | Low journey friction | Minimal problematic journeys
C004263,Michelle,Poole,United Arab Emirates,Standard,1,0,0,1,1,45.0,2.5,30.0,27.75,MEDIUM,NORMAL_CUSTOMER,DEVELOPING_FRICTION,Emerging risk indicators | Early persistence signal
C004264,Sylvia,Solis,United Arab Emirates,Standard,2,0,0,1,1,45.0,1.25,30.0,27.38,MEDIUM,NORMAL_CUSTOMER,DEVELOPING_FRICTION,Emerging risk indicators | Early persistence signal
C004265,James,Lane,United Kingdom,Standard,2,0,0,0,0,0.0,0.0,0.0,0.0,LOW,NORMAL_CUSTOMER,STABLE_CUSTOMER,Low overall risk | Low severity | Low frequency
C004266,Barbara,Anderson,United Arab Emirates,Standard,1,0,0,0,0,0.0,0.0,0.0,0.0,LOW,NORMAL_CUSTOMER,STABLE_CUSTOMER,Low overall risk | Low severity | Low frequency
C004267,Debra,Fields,Pakistan,Premium,4,1,1,1,1,45.0,4.69,28.0,27.81,MEDIUM,LOYAL_LOW_FRICTION_CUSTOMER,DEVELOPING_FRICTION,Emerging risk indicators | Early persistence signal
C004268,Greg,Madden,Saudi Arabia,VIP,1,0,0,1,1,40.0,2.5,30.0,25.75,MEDIUM,NORMAL_CUSTOMER,DEVELOPING_FRICTION,Emerging risk indicators | Early persistence signal
C004269,Kimberly,Thompson,United States,Standard,2,0,0,0,0,0.0,0.0,0.0,0.0,LOW,NORMAL_CUSTOMER,STABLE_CUSTOMER,Low overall risk | Low severity | Low frequency
C004271,Emily,Holmes,Pakistan,Standard,2,0,0,0,0,0.0,0.0,0.0,0.0,LOW,NORMAL_CUSTOMER,STABLE_CUSTOMER,Low overall risk | Low severity | Low frequency
C004272,Tony,Kim,Other,Standard,1,0,0,0,0,0.0,0.0,0.0,0.0,LOW,NORMAL_CUSTOMER,STABLE_CUSTOMER,Low overall risk | Low severity | Low frequency
C004273,Jill,Garcia,Saudi Arabia,VIP,3,2,2,3,2,60.0,13.33,65.67,47.7,MEDIUM,NORMAL_CUSTOMER,PERSISTENT_RISK,Repeated problematic journeys | Persistence score 65.67
C004274,Pamela,Owen,United Arab Emirates,Standard,1,0,0,0,0,0.0,0.0,0.0,0.0,LOW,NORMAL_CUSTOMER,STABLE_CUSTOMER,Low overall risk | Low severity | Low frequency
C004275,Patrick,Gordon,Pakistan,Standard,3,0,0,0,0,0.0,0.0,0.0,0.0,LOW,LOYAL_LOW_FRICTION_CUSTOMER,LOYAL_STABLE_CUSTOMER,Multiple bookings | Low journey friction | Minimal problematic journeys
C004276,Justin,Welch,Pakistan,Standard,2,0,0,2,2,45.0,2.5,79.0,42.45,MEDIUM,NORMAL_CUSTOMER,PERSISTENT_RISK,Repeated problematic journeys | Persistence score 79.00
C004277,Crystal,Mueller,United Arab Emirates,Standard,3,0,0,1,1,40.0,0.83,30.0,25.25,MEDIUM,LOYAL_LOW_FRICTION_CUSTOMER,DEVELOPING_FRICTION,Emerging risk indicators | Early persistence signal
C004278,Duane,Cameron,United Arab Emirates,Standard,4,0,0,1,1,40.0,0.62,28.0,24.59,MEDIUM,LOYAL_LOW_FRICTION_CUSTOMER,DEVELOPING_FRICTION,Emerging risk indicators | Early persistence signal
C004279,Gary,Burton,Saudi Arabia,Standard,4,1,1,0,0,35.0,4.06,0.0,15.22,LOW,LOYAL_LOW_FRICTION_CUSTOMER,LOYAL_STABLE_CUSTOMER,Multiple bookings | Low journey friction | Minimal problematic journeys
C004281,Matthew,Tran,Saudi Arabia,Standard,1,0,0,0,0,0.0,0.0,0.0,0.0,LOW,NORMAL_CUSTOMER,STABLE_CUSTOMER,Low overall risk | Low severity | Low frequency
C004282,Crystal,Fry,United Kingdom,Standard,1,0,0,0,0,0.0,0.0,0.0,0.0,LOW,NORMAL_CUSTOMER,STABLE_CUSTOMER,Low overall risk | Low severity | Low frequency
C004283,Ashley,Harris,Saudi Arabia,Standard,3,1,1,2,2,70.0,7.08,65.67,49.82,HIGH,FRICTION_PRONE_CUSTOMER,PERSISTENT_RISK,Repeated problematic journeys | Persistence score 65.67
C004284,Melinda,Davis,Saudi Arabia,Standard,2,1,1,0,0,30.0,8.12,0.0,14.44,LOW,NORMAL_CUSTOMER,STABLE_CUSTOMER,Low overall risk | Low severity | Low frequency
C004285,Charles,Kim,Pakistan,Standard,3,0,0,2,2,45.0,1.67,65.67,38.2,MEDIUM,NORMAL_CUSTOMER,PERSISTENT_RISK,Repeated problematic journeys | Persistence score 65.67
C004286,Fernando,Fuller,Pakistan,Standard,3,0,0,1,1,45.0,0.83,30.0,27.25,MEDIUM,LOYAL_LOW_FRICTION_CUSTOMER,DEVELOPING_FRICTION,Emerging risk indicators | Early persistence signal
C004287,Jeremy,Watkins,Other,Premium,3,1,1,0,0,35.0,5.42,0.0,15.63,LOW,LOYAL_LOW_FRICTION_CUSTOMER,LOYAL_STABLE_CUSTOMER,Multiple bookings | Low journey friction | Minimal problematic journeys
C004288,Logan,Johnson,Pakistan,Standard,3,1,1,0,0,30.0,5.42,0.0,13.63,LOW,LOYAL_LOW_FRICTION_CUSTOMER,LOYAL_STABLE_CUSTOMER,Multiple bookings | Low journey friction | Minimal problematic journeys
C004290,Joseph,Knapp,United States,Standard,2,0,0,0,0,0.0,0.0,0.0,0.0,LOW,NORMAL_CUSTOMER,STABLE_CUSTOMER,Low overall risk | Low severity | Low frequency
C004291,Deanna,Miller,Pakistan,Standard,2,0,0,1,1,40.0,1.25,30.0,25.38,MEDIUM,NORMAL_CUSTOMER,DEVELOPING_FRICTION,Emerging risk indicators | Early persistence signal
C004294,Michelle,Anderson,Other,Standard,4,1,1,1,1,40.0,4.69,28.0,25.81,MEDIUM,LOYAL_LOW_FRICTION_CUSTOMER,DEVELOPING_FRICTION,Emerging risk indicators | Early persistence signal
C004295,Michael,Chavez,United Arab Emirates,Standard,1,0,0,1,1,40.0,2.5,30.0,25.75,MEDIUM,NORMAL_CUSTOMER,DEVELOPING_FRICTION,Emerging risk indicators | Early persistence signal
C004297,Tammy,Howard,Saudi Arabia,Standard,1,2,2,2,1,65.0,37.5,30.0,46.25,MEDIUM,NORMAL_CUSTOMER,FREQUENT_FRICTION,Frequency score 37.50 | Repeated problematic activity
C004298,Robert,Allen,Saudi Arabia,Standard,1,0,0,0,0,0.0,0.0,0.0,0.0,LOW,NORMAL_CUSTOMER,STABLE_CUSTOMER,Low overall risk | Low severity | Low frequency
C004299,Ivan,Hurst,United Arab Emirates,Standard,2,1,1,0,0,30.0,8.12,0.0,14.44,LOW,NORMAL_CUSTOMER,STABLE_CUSTOMER,Low overall risk | Low severity | Low frequency
C004301,Jessica,Nichols,Saudi Arabia,Standard,1,0,0,0,0,0.0,0.0,0.0,0.0,LOW,NORMAL_CUSTOMER,STABLE_CUSTOMER,Low overall risk | Low severity | Low frequency
C004303,Shelby,Deleon,United States,Standard,1,2,2,3,1,65.0,40.0,30.0,47.0,MEDIUM,NORMAL_CUSTOMER,FREQUENT_FRICTION,Frequency score 40.00 | Repeated problematic activity
C004305,Christopher,Townsend,United States,Premium,1,0,0,0,0,0.0,0.0,0.0,0.0,LOW,NORMAL_CUSTOMER,STABLE_CUSTOMER,Low overall risk | Low severity | Low frequency
C004306,Garrett,Hopkins,Saudi Arabia,VIP,3,1,1,0,0,30.0,5.42,0.0,13.63,LOW,LOYAL_LOW_FRICTION_CUSTOMER,LOYAL_STABLE_CUSTOMER,Multiple bookings | Low journey friction | Minimal problematic journeys
C004307,Dakota,Hill,United Arab Emirates,Standard,1,0,0,0,0,0.0,0.0,0.0,0.0,LOW,NORMAL_CUSTOMER,STABLE_CUSTOMER,Low overall risk | Low severity | Low frequency
C004308,Caleb,Donovan,Pakistan,Standard,1,0,0,0,0,0.0,0.0,0.0,0.0,LOW,NORMAL_CUSTOMER,STABLE_CUSTOMER,Low overall risk | Low severity | Low frequency
C004309,Natasha,Burton,United States,Standard,2,0,0,1,1,40.0,1.25,30.0,25.38,MEDIUM,NORMAL_CUSTOMER,DEVELOPING_FRICTION,Emerging risk indicators | Early persistence signal
C004310,Amy,Little,United States,Standard,2,2,2,2,1,65.0,18.75,30.0,40.62,MEDIUM,NORMAL_CUSTOMER,FREQUENT_FRICTION,Frequency score 18.75 | Repeated problematic activity
C004311,Anthony,Riley,Saudi Arabia,Standard,2,3,3,2,1,65.0,26.88,30.0,43.06,MEDIUM,NORMAL_CUSTOMER,FREQUENT_FRICTION,Frequency score 26.88 | Repeated problematic activity
C004312,Randy,Garcia,Other,Premium,2,1,1,1,1,45.0,9.38,30.0,29.81,MEDIUM,NORMAL_CUSTOMER,DEVELOPING_FRICTION,Emerging risk indicators | Increasing problem frequency | Early persistence signal
C004313,Kathy,Stevens,Saudi Arabia,Standard,4,2,2,0,0,30.0,8.12,0.0,14.44,LOW,LOYAL_LOW_FRICTION_CUSTOMER,LOYAL_STABLE_CUSTOMER,Multiple bookings | Low journey friction | Minimal problematic journeys
C004315,Jose,Rodriguez,Other,Standard,2,0,0,0,0,0.0,0.0,0.0,0.0,LOW,NORMAL_CUSTOMER,STABLE_CUSTOMER,Low overall risk | Low severity | Low frequency
C004317,Diana,Kline,United Kingdom,Premium,2,0,0,1,1,40.0,1.25,30.0,25.38,MEDIUM,NORMAL_CUSTOMER,DEVELOPING_FRICTION,Emerging risk indicators | Early persistence signal
C004318,Nicole,Davis,Saudi Arabia,Premium,1,0,0,0,0,0.0,0.0,0.0,0.0,LOW,NORMAL_CUSTOMER,STABLE_CUSTOMER,Low overall risk | Low severity | Low frequency
C004319,Kyle,Snyder,United Arab Emirates,Premium,1,1,1,1,1,75.0,18.75,30.0,44.62,MEDIUM,NORMAL_CUSTOMER,RECENT_HIGH_SEVERITY,High severity score 75.00 | Limited evidence of repeated behavior
C004320,John,Ward,Pakistan,Premium,1,0,0,1,1,40.0,2.5,30.0,25.75,MEDIUM,NORMAL_CUSTOMER,DEVELOPING_FRICTION,Emerging risk indicators | Early persistence signal
C004321,Justin,Massey,Pakistan,Standard,1,1,1,0,0,30.0,16.25,0.0,16.88,LOW,NORMAL_CUSTOMER,FREQUENT_FRICTION,Frequency score 16.25 | Repeated problematic activity
C004322,Courtney,Myers,Other,Standard,3,3,3,2,1,60.0,17.92,30.0,38.38,MEDIUM,NORMAL_CUSTOMER,FREQUENT_FRICTION,Frequency score 17.92 | Repeated problematic activity
C004323,David,Henry,United Kingdom,Standard,1,0,0,0,0,0.0,0.0,0.0,0.0,LOW,NORMAL_CUSTOMER,STABLE_CUSTOMER,Low overall risk | Low severity | Low frequency
C004324,Mary,Johnson,United Arab Emirates,Standard,2,0,0,1,1,40.0,1.25,30.0,25.38,MEDIUM,NORMAL_CUSTOMER,DEVELOPING_FRICTION,Emerging risk indicators | Early persistence signal
C004325,Anthony,Jones,United States,VIP,2,0,0,0,0,0.0,0.0,0.0,0.0,LOW,NORMAL_CUSTOMER,STABLE_CUSTOMER,Low overall risk | Low severity | Low frequency
C004326,Elizabeth,Chung,Other,Premium,1,0,0,0,0,0.0,0.0,0.0,0.0,LOW,NORMAL_CUSTOMER,STABLE_CUSTOMER,Low overall risk | Low severity | Low frequency
C004327,Michelle,Jones,Saudi Arabia,Premium,3,0,0,1,1,40.0,0.83,30.0,25.25,MEDIUM,LOYAL_LOW_FRICTION_CUSTOMER,DEVELOPING_FRICTION,Emerging risk indicators | Early persistence signal
C004328,Mark,Mcdaniel,Other,Standard,2,0,0,1,1,45.0,1.25,30.0,27.38,MEDIUM,NORMAL_CUSTOMER,DEVELOPING_FRICTION,Emerging risk indicators | Early persistence signal
C004331,Amber,Odonnell,Saudi Arabia,Standard,3,0,0,1,1,45.0,0.83,30.0,27.25,MEDIUM,LOYAL_LOW_FRICTION_CUSTOMER,DEVELOPING_FRICTION,Emerging risk indicators | Early persistence signal
C004332,Joseph,Stokes,Saudi Arabia,Standard,1,0,0,0,0,0.0,0.0,0.0,0.0,LOW,NORMAL_CUSTOMER,STABLE_CUSTOMER,Low overall risk | Low severity | Low frequency
C004333,Sean,White,United Arab Emirates,Premium,1,0,0,1,1,45.0,2.5,30.0,27.75,MEDIUM,NORMAL_CUSTOMER,DEVELOPING_FRICTION,Emerging risk indicators | Early persistence signal
C004335,Heidi,White,United Arab Emirates,VIP,1,0,0,1,1,40.0,2.5,30.0,25.75,MEDIUM,NORMAL_CUSTOMER,DEVELOPING_FRICTION,Emerging risk indicators | Early persistence signal
C004336,Gregory,Bradley,Saudi Arabia,Standard,1,1,1,0,0,30.0,16.25,0.0,16.88,LOW,NORMAL_CUSTOMER,FREQUENT_FRICTION,Frequency score 16.25 | Repeated problematic activity
C004338,Crystal,Johnson,Other,Standard,1,1,1,0,0,30.0,16.25,0.0,16.88,LOW,NORMAL_CUSTOMER,FREQUENT_FRICTION,Frequency score 16.25 | Repeated problematic activity
C004341,Alexandra,Webb,United Arab Emirates,Standard,3,2,2,2,1,65.0,12.5,30.0,38.75,MEDIUM,LOYAL_LOW_FRICTION_CUSTOMER,DEVELOPING_FRICTION,Emerging risk indicators | Increasing problem frequency | Early persistence signal
C004342,Danielle,Mendez,Saudi Arabia,Premium,1,0,0,0,0,0.0,0.0,0.0,0.0,LOW,NORMAL_CUSTOMER,STABLE_CUSTOMER,Low overall risk | Low severity | Low frequency
C004344,Michael,Moore,United States,Standard,1,2,2,3,1,100.0,40.0,30.0,61.0,HIGH,FRICTION_PRONE_CUSTOMER,RECENT_HIGH_SEVERITY,High severity score 100.00 | Limited evidence of repeated behavior
C004345,Amber,Harmon,Pakistan,Standard,1,0,0,0,0,0.0,0.0,0.0,0.0,LOW,NORMAL_CUSTOMER,STABLE_CUSTOMER,Low overall risk | Low severity | Low frequency
C004346,Linda,House,United Arab Emirates,Standard,2,0,0,0,0,0.0,0.0,0.0,0.0,LOW,NORMAL_CUSTOMER,STABLE_CUSTOMER,Low overall risk | Low severity | Low frequency
C004347,Scott,Lee,United States,Premium,1,0,0,1,1,45.0,2.5,30.0,27.75,MEDIUM,NORMAL_CUSTOMER,DEVELOPING_FRICTION,Emerging risk indicators | Early persistence signal
C004349,Jordan,Johnson,United States,Standard,1,0,0,1,1,45.0,2.5,30.0,27.75,MEDIUM,NORMAL_CUSTOMER,DEVELOPING_FRICTION,Emerging risk indicators | Early persistence signal
C004350,Kevin,Hunt,Pakistan,Standard,2,0,0,0,0,0.0,0.0,0.0,0.0,LOW,NORMAL_CUSTOMER,STABLE_CUSTOMER,Low overall risk | Low severity | Low frequency
C004351,Aaron,Hernandez,United States,Standard,2,2,2,2,1,65.0,18.75,30.0,40.62,MEDIUM,NORMAL_CUSTOMER,FREQUENT_FRICTION,Frequency score 18.75 | Repeated problematic activity
C004352,Lisa,Camacho,Pakistan,Standard,2,0,0,0,0,0.0,0.0,0.0,0.0,LOW,NORMAL_CUSTOMER,STABLE_CUSTOMER,Low overall risk | Low severity | Low frequency
C004355,Taylor,Murphy,Pakistan,Standard,4,1,1,0,0,30.0,4.06,0.0,13.22,LOW,LOYAL_LOW_FRICTION_CUSTOMER,LOYAL_STABLE_CUSTOMER,Multiple bookings | Low journey friction | Minimal problematic journeys
C004356,Alan,Robinson,Pakistan,Standard,1,0,0,1,1,45.0,2.5,30.0,27.75,MEDIUM,NORMAL_CUSTOMER,DEVELOPING_FRICTION,Emerging risk indicators | Early persistence signal
C004357,Sandra,Luna,Saudi Arabia,Standard,1,0,0,0,0,0.0,0.0,0.0,0.0,LOW,NORMAL_CUSTOMER,STABLE_CUSTOMER,Low overall risk | Low severity | Low frequency
C004358,Stacey,Case,Pakistan,Standard,3,2,2,4,2,100.0,14.17,65.67,63.95,HIGH,FRICTION_PRONE_CUSTOMER,PERSISTENT_RISK,Repeated problematic journeys | Persistence score 65.67
C004359,Thomas,Adams,Pakistan,Standard,1,0,0,0,0,0.0,0.0,0.0,0.0,LOW,NORMAL_CUSTOMER,STABLE_CUSTOMER,Low overall risk | Low severity | Low frequency
C004361,Russell,Ashley,Saudi Arabia,Premium,1,0,0,0,0,0.0,0.0,0.0,0.0,LOW,NORMAL_CUSTOMER,STABLE_CUSTOMER,Low overall risk | Low severity | Low frequency
C004362,Kelly,Bailey,Pakistan,Standard,2,0,0,1,1,40.0,1.25,30.0,25.38,MEDIUM,NORMAL_CUSTOMER,DEVELOPING_FRICTION,Emerging risk indicators | Early persistence signal
C004363,Jerry,Arnold,United States,Standard,2,0,0,0,0,0.0,0.0,0.0,0.0,LOW,NORMAL_CUSTOMER,STABLE_CUSTOMER,Low overall risk | Low severity | Low frequency
C004364,Adrian,Phillips,Pakistan,Standard,2,0,0,0,0,0.0,0.0,0.0,0.0,LOW,NORMAL_CUSTOMER,STABLE_CUSTOMER,Low overall risk | Low severity | Low frequency
C004365,Nathaniel,Mcgee,Saudi Arabia,Standard,2,1,1,1,1,70.0,9.38,30.0,39.81,MEDIUM,NORMAL_CUSTOMER,DEVELOPING_FRICTION,Emerging risk indicators | Increasing problem frequency | Early persistence signal
C004366,Robert,Simpson,United Kingdom,Standard,1,1,1,1,1,70.0,18.75,30.0,42.62,MEDIUM,NORMAL_CUSTOMER,FREQUENT_FRICTION,Frequency score 18.75 | Repeated problematic activity
C004367,Ann,Hunt,Saudi Arabia,Standard,2,0,0,0,0,0.0,0.0,0.0,0.0,LOW,NORMAL_CUSTOMER,STABLE_CUSTOMER,Low overall risk | Low severity | Low frequency
C004369,Frank,Lee,Saudi Arabia,Premium,2,0,0,1,1,45.0,1.25,30.0,27.38,MEDIUM,NORMAL_CUSTOMER,DEVELOPING_FRICTION,Emerging risk indicators | Early persistence signal
C004370,Jillian,Thompson,Saudi Arabia,Standard,1,0,0,0,0,0.0,0.0,0.0,0.0,LOW,NORMAL_CUSTOMER,STABLE_CUSTOMER,Low overall risk | Low severity | Low frequency
C004371,Peter,Mcdaniel,Saudi Arabia,Standard,1,0,0,0,0,0.0,0.0,0.0,0.0,LOW,NORMAL_CUSTOMER,STABLE_CUSTOMER,Low overall risk | Low severity | Low frequency
C004372,Nicholas,Clay,United Arab Emirates,Standard,2,0,0,0,0,0.0,0.0,0.0,0.0,LOW,NORMAL_CUSTOMER,STABLE_CUSTOMER,Low overall risk | Low severity | Low frequency
C004373,Jose,Campbell,Saudi Arabia,Standard,2,2,2,2,1,60.0,18.75,30.0,38.62,MEDIUM,NORMAL_CUSTOMER,FREQUENT_FRICTION,Frequency score 18.75 | Repeated problematic activity
C004374,Robert,Long,United Arab Emirates,Standard,1,0,0,1,1,40.0,2.5,30.0,25.75,MEDIUM,NORMAL_CUSTOMER,DEVELOPING_FRICTION,Emerging risk indicators | Early persistence signal
C004377,Renee,Collins,United Arab Emirates,Standard,2,1,1,0,0,30.0,8.12,0.0,14.44,LOW,NORMAL_CUSTOMER,STABLE_CUSTOMER,Low overall risk | Low severity | Low frequency
C004378,Lindsey,Bauer,United States,Standard,1,0,0,0,0,0.0,0.0,0.0,0.0,LOW,NORMAL_CUSTOMER,STABLE_CUSTOMER,Low overall risk | Low severity | Low frequency
C004379,Gail,Mckay,Saudi Arabia,Standard,3,1,1,0,0,30.0,5.42,0.0,13.63,LOW,LOYAL_LOW_FRICTION_CUSTOMER,LOYAL_STABLE_CUSTOMER,Multiple bookings | Low journey friction | Minimal problematic journeys
C004380,Justin,Freeman,Pakistan,Standard,2,0,0,0,0,0.0,0.0,0.0,0.0,LOW,NORMAL_CUSTOMER,STABLE_CUSTOMER,Low overall risk | Low severity | Low frequency
C004381,Julia,Andrade,Saudi Arabia,Premium,2,1,1,0,0,35.0,8.12,0.0,16.44,LOW,NORMAL_CUSTOMER,STABLE_CUSTOMER,Low overall risk | Low severity | Low frequency
C004382,Lisa,Henderson,Saudi Arabia,Standard,1,1,1,0,0,30.0,16.25,0.0,16.88,LOW,NORMAL_CUSTOMER,FREQUENT_FRICTION,Frequency score 16.25 | Repeated problematic activity
C004384,Melissa,Cabrera,Pakistan,Standard,1,0,0,0,0,0.0,0.0,0.0,0.0,LOW,NORMAL_CUSTOMER,STABLE_CUSTOMER,Low overall risk | Low severity | Low frequency
C004385,Ian,Dean,Other,Standard,3,0,0,2,2,40.0,1.67,65.67,36.2,MEDIUM,NORMAL_CUSTOMER,PERSISTENT_RISK,Repeated problematic journeys | Persistence score 65.67
C004387,Dana,Patterson,Other,Standard,1,0,0,0,0,0.0,0.0,0.0,0.0,LOW,NORMAL_CUSTOMER,STABLE_CUSTOMER,Low overall risk | Low severity | Low frequency
C004389,Joseph,Brooks,Saudi Arabia,Premium,2,0,0,2,2,40.0,2.5,79.0,40.45,MEDIUM,NORMAL_CUSTOMER,PERSISTENT_RISK,Repeated problematic journeys | Persistence score 79.00
C004390,Cindy,Chen,Saudi Arabia,Standard,2,1,1,1,1,70.0,9.38,30.0,39.81,MEDIUM,NORMAL_CUSTOMER,DEVELOPING_FRICTION,Emerging risk indicators | Increasing problem frequency | Early persistence signal
C004391,Jacob,Brown,Saudi Arabia,Standard,2,0,0,0,0,0.0,0.0,0.0,0.0,LOW,NORMAL_CUSTOMER,STABLE_CUSTOMER,Low overall risk | Low severity | Low frequency
C004392,Andrew,Jackson,Pakistan,Premium,2,1,1,0,0,30.0,8.12,0.0,14.44,LOW,NORMAL_CUSTOMER,STABLE_CUSTOMER,Low overall risk | Low severity | Low frequency
C004397,Joseph,Serrano,Saudi Arabia,Standard,2,0,0,0,0,0.0,0.0,0.0,0.0,LOW,NORMAL_CUSTOMER,STABLE_CUSTOMER,Low overall risk | Low severity | Low frequency
C004400,Jesse,Bell,Saudi Arabia,Premium,2,0,0,0,0,0.0,0.0,0.0,0.0,LOW,NORMAL_CUSTOMER,STABLE_CUSTOMER,Low overall risk | Low severity | Low frequency
C004401,Edward,Johnson,Saudi Arabia,Standard,2,1,1,0,0,35.0,8.12,0.0,16.44,LOW,NORMAL_CUSTOMER,STABLE_CUSTOMER,Low overall risk | Low severity | Low frequency
C004403,Matthew,Morris,Saudi Arabia,Standard,4,3,3,2,1,60.0,13.44,28.0,36.43,MEDIUM,LOYAL_LOW_FRICTION_CUSTOMER,DEVELOPING_FRICTION,Emerging risk indicators | Increasing problem frequency | Early persistence signal
C004404,Larry,Gibbs,United Arab Emirates,Standard,1,0,0,0,0,0.0,0.0,0.0,0.0,LOW,NORMAL_CUSTOMER,STABLE_CUSTOMER,Low overall risk | Low severity | Low frequency
C004406,Whitney,Jones,United Kingdom,Standard,1,0,0,0,0,0.0,0.0,0.0,0.0,LOW,NORMAL_CUSTOMER,STABLE_CUSTOMER,Low overall risk | Low severity | Low frequency
C004407,Steven,Sandoval,Other,Premium,2,2,2,2,1,65.0,18.75,30.0,40.62,MEDIUM,NORMAL_CUSTOMER,FREQUENT_FRICTION,Frequency score 18.75 | Repeated problematic activity
C004409,Mark,Chan,United Arab Emirates,VIP,3,1,1,1,1,70.0,6.25,30.0,38.88,MEDIUM,LOYAL_LOW_FRICTION_CUSTOMER,DEVELOPING_FRICTION,Emerging risk indicators | Increasing problem frequency | Early persistence signal
C004410,Megan,Martinez,Pakistan,Standard,2,2,2,2,1,65.0,18.75,30.0,40.62,MEDIUM,NORMAL_CUSTOMER,FREQUENT_FRICTION,Frequency score 18.75 | Repeated problematic activity
C004411,Stephanie,Flores,Saudi Arabia,VIP,1,0,0,0,0,0.0,0.0,0.0,0.0,LOW,NORMAL_CUSTOMER,STABLE_CUSTOMER,Low overall risk | Low severity | Low frequency
C004414,Charles,Marshall,Pakistan,Premium,3,2,2,2,1,65.0,12.5,30.0,38.75,MEDIUM,LOYAL_LOW_FRICTION_CUSTOMER,DEVELOPING_FRICTION,Emerging risk indicators | Increasing problem frequency | Early persistence signal
C004416,James,Roach,United Arab Emirates,Premium,2,2,2,3,1,100.0,20.0,30.0,55.0,HIGH,FRICTION_PRONE_CUSTOMER,RECENT_HIGH_SEVERITY,High severity score 100.00 | Limited evidence of repeated behavior
C004417,Mckenzie,Hoffman,United Arab Emirates,Standard,1,1,1,1,1,75.0,18.75,30.0,44.62,MEDIUM,NORMAL_CUSTOMER,RECENT_HIGH_SEVERITY,High severity score 75.00 | Limited evidence of repeated behavior
C004419,Maria,Guzman,United Arab Emirates,Standard,1,0,0,0,0,0.0,0.0,0.0,0.0,LOW,NORMAL_CUSTOMER,STABLE_CUSTOMER,Low overall risk | Low severity | Low frequency
C004420,David,Rose,Saudi Arabia,Standard,2,0,0,1,1,40.0,1.25,30.0,25.38,MEDIUM,NORMAL_CUSTOMER,DEVELOPING_FRICTION,Emerging risk indicators | Early persistence signal
C004422,John,Ramirez,Other,Premium,2,2,2,2,1,65.0,18.75,30.0,40.62,MEDIUM,NORMAL_CUSTOMER,FREQUENT_FRICTION,Frequency score 18.75 | Repeated problematic activity
C004423,Kelsey,Franklin,Pakistan,Standard,2,1,1,0,0,30.0,8.12,0.0,14.44,LOW,NORMAL_CUSTOMER,STABLE_CUSTOMER,Low overall risk | Low severity | Low frequency
C004424,Scott,Ware,United Kingdom,Standard,2,0,0,1,1,40.0,1.25,30.0,25.38,MEDIUM,NORMAL_CUSTOMER,DEVELOPING_FRICTION,Emerging risk indicators | Early persistence signal
C004425,Joan,Heath,United Arab Emirates,Standard,1,0,0,1,1,40.0,2.5,30.0,25.75,MEDIUM,NORMAL_CUSTOMER,DEVELOPING_FRICTION,Emerging risk indicators | Early persistence signal
C004426,Arthur,Jones,United Arab Emirates,Standard,2,3,3,2,1,65.0,26.88,30.0,43.06,MEDIUM,NORMAL_CUSTOMER,FREQUENT_FRICTION,Frequency score 26.88 | Repeated problematic activity
C004427,Steven,Stafford,Saudi Arabia,Standard,3,1,1,1,1,75.0,6.25,30.0,40.88,MEDIUM,LOYAL_LOW_FRICTION_CUSTOMER,RECENT_HIGH_SEVERITY,High severity score 75.00 | Limited evidence of repeated behavior
C004428,Kelli,Fisher,Saudi Arabia,Standard,1,0,0,0,0,0.0,0.0,0.0,0.0,LOW,NORMAL_CUSTOMER,STABLE_CUSTOMER,Low overall risk | Low severity | Low frequency
C004429,Adriana,Avila,Saudi Arabia,Standard,1,0,0,0,0,0.0,0.0,0.0,0.0,LOW,NORMAL_CUSTOMER,STABLE_CUSTOMER,Low overall risk | Low severity | Low frequency
C004430,Tina,Stewart,United States,Standard,1,0,0,1,1,45.0,2.5,30.0,27.75,MEDIUM,NORMAL_CUSTOMER,DEVELOPING_FRICTION,Emerging risk indicators | Early persistence signal
C004431,Thomas,Flores,United Kingdom,Premium,1,0,0,0,0,0.0,0.0,0.0,0.0,LOW,NORMAL_CUSTOMER,STABLE_CUSTOMER,Low overall risk | Low severity | Low frequency
C004432,Erin,Gonzalez,Pakistan,Standard,3,0,0,0,0,0.0,0.0,0.0,0.0,LOW,LOYAL_LOW_FRICTION_CUSTOMER,LOYAL_STABLE_CUSTOMER,Multiple bookings | Low journey friction | Minimal problematic journeys
C004433,Larry,Lang,United Arab Emirates,Standard,1,1,1,0,0,30.0,16.25,0.0,16.88,LOW,NORMAL_CUSTOMER,FREQUENT_FRICTION,Frequency score 16.25 | Repeated problematic activity
C004434,Marcus,Jimenez,Other,Standard,5,2,2,1,1,45.0,7.0,26.0,27.9,MEDIUM,LOYAL_LOW_FRICTION_CUSTOMER,DEVELOPING_FRICTION,Emerging risk indicators | Increasing problem frequency | Early persistence signal
C004435,Crystal,Mooney,Saudi Arabia,Standard,2,0,0,1,1,45.0,1.25,30.0,27.38,MEDIUM,NORMAL_CUSTOMER,DEVELOPING_FRICTION,Emerging risk indicators | Early persistence signal
C004436,Bobby,Fisher,Saudi Arabia,Standard,2,0,0,0,0,0.0,0.0,0.0,0.0,LOW,NORMAL_CUSTOMER,STABLE_CUSTOMER,Low overall risk | Low severity | Low frequency
C004438,Abigail,Jackson,United States,Standard,2,2,2,2,1,65.0,18.75,30.0,40.62,MEDIUM,NORMAL_CUSTOMER,FREQUENT_FRICTION,Frequency score 18.75 | Repeated problematic activity
C004440,Danielle,Reyes,Saudi Arabia,Standard,1,1,1,0,0,35.0,16.25,0.0,18.88,LOW,NORMAL_CUSTOMER,FREQUENT_FRICTION,Frequency score 16.25 | Repeated problematic activity
C004441,James,Ray,Other,Premium,3,0,0,1,1,40.0,0.83,30.0,25.25,MEDIUM,LOYAL_LOW_FRICTION_CUSTOMER,DEVELOPING_FRICTION,Emerging risk indicators | Early persistence signal
C004444,Jeff,Chase,United Arab Emirates,Standard,2,0,0,0,0,0.0,0.0,0.0,0.0,LOW,NORMAL_CUSTOMER,STABLE_CUSTOMER,Low overall risk | Low severity | Low frequency
C004445,Daniel,Travis,United Arab Emirates,Standard,2,1,1,1,1,80.0,9.38,30.0,43.81,MEDIUM,NORMAL_CUSTOMER,RECENT_HIGH_SEVERITY,High severity score 80.00 | Limited evidence of repeated behavior
C004446,Cynthia,Buck,Other,Standard,1,0,0,0,0,0.0,0.0,0.0,0.0,LOW,NORMAL_CUSTOMER,STABLE_CUSTOMER,Low overall risk | Low severity | Low frequency
C004447,Mark,Mitchell,Saudi Arabia,Standard,2,1,1,0,0,30.0,8.12,0.0,14.44,LOW,NORMAL_CUSTOMER,STABLE_CUSTOMER,Low overall risk | Low severity | Low frequency
C004449,Joshua,Powell,United Arab Emirates,Standard,1,0,0,1,1,40.0,2.5,30.0,25.75,MEDIUM,NORMAL_CUSTOMER,DEVELOPING_FRICTION,Emerging risk indicators | Early persistence signal
C004450,David,Huang,United Kingdom,Premium,2,1,1,0,0,30.0,8.12,0.0,14.44,LOW,NORMAL_CUSTOMER,STABLE_CUSTOMER,Low overall risk | Low severity | Low frequency
C004452,Albert,Williams,Pakistan,Premium,2,0,0,0,0,0.0,0.0,0.0,0.0,LOW,NORMAL_CUSTOMER,STABLE_CUSTOMER,Low overall risk | Low severity | Low frequency
C004453,Bobby,Newman,United States,Standard,2,0,0,1,1,45.0,1.25,30.0,27.38,MEDIUM,NORMAL_CUSTOMER,DEVELOPING_FRICTION,Emerging risk indicators | Early persistence signal
C004454,Kristen,Jones,United States,Standard,1,1,1,1,1,75.0,18.75,30.0,44.62,MEDIUM,NORMAL_CUSTOMER,RECENT_HIGH_SEVERITY,High severity score 75.00 | Limited evidence of repeated behavior
C004456,Caitlyn,Lang,Saudi Arabia,Standard,3,0,0,0,0,0.0,0.0,0.0,0.0,LOW,LOYAL_LOW_FRICTION_CUSTOMER,LOYAL_STABLE_CUSTOMER,Multiple bookings | Low journey friction | Minimal problematic journeys
C004457,Nathan,Cummings,United Kingdom,Standard,1,0,0,0,0,0.0,0.0,0.0,0.0,LOW,NORMAL_CUSTOMER,STABLE_CUSTOMER,Low overall risk | Low severity | Low frequency
C004458,Christopher,Hill,Saudi Arabia,Standard,1,0,0,0,0,0.0,0.0,0.0,0.0,LOW,NORMAL_CUSTOMER,STABLE_CUSTOMER,Low overall risk | Low severity | Low frequency
C004459,Eric,Molina,United Arab Emirates,Standard,3,1,1,0,0,30.0,5.42,0.0,13.63,LOW,LOYAL_LOW_FRICTION_CUSTOMER,LOYAL_STABLE_CUSTOMER,Multiple bookings | Low journey friction | Minimal problematic journeys
C004460,Christopher,Ross,Pakistan,Standard,1,0,0,1,1,40.0,2.5,30.0,25.75,MEDIUM,NORMAL_CUSTOMER,DEVELOPING_FRICTION,Emerging risk indicators | Early persistence signal
C004461,Christine,Hawkins,United Arab Emirates,Premium,2,2,2,3,1,100.0,20.0,30.0,55.0,HIGH,FRICTION_PRONE_CUSTOMER,RECENT_HIGH_SEVERITY,High severity score 100.00 | Limited evidence of repeated behavior
C004462,Sarah,Edwards,Pakistan,Standard,1,1,1,0,0,30.0,16.25,0.0,16.88,LOW,NORMAL_CUSTOMER,FREQUENT_FRICTION,Frequency score 16.25 | Repeated problematic activity
C004463,Wendy,Salazar,Other,Standard,2,0,0,0,0,0.0,0.0,0.0,0.0,LOW,NORMAL_CUSTOMER,STABLE_CUSTOMER,Low overall risk | Low severity | Low frequency
C004466,Deanna,Gibson,United Arab Emirates,Standard,1,0,0,0,0,0.0,0.0,0.0,0.0,LOW,NORMAL_CUSTOMER,STABLE_CUSTOMER,Low overall risk | Low severity | Low frequency
C004467,Jacqueline,Allison,Saudi Arabia,Standard,2,0,0,1,1,40.0,1.25,30.0,25.38,MEDIUM,NORMAL_CUSTOMER,DEVELOPING_FRICTION,Emerging risk indicators | Early persistence signal
C004469,David,Martinez,Other,Standard,2,0,0,0,0,0.0,0.0,0.0,0.0,LOW,NORMAL_CUSTOMER,STABLE_CUSTOMER,Low overall risk | Low severity | Low frequency
C004470,Jesse,Brooks,Other,Standard,2,0,0,1,1,40.0,1.25,30.0,25.38,MEDIUM,NORMAL_CUSTOMER,DEVELOPING_FRICTION,Emerging risk indicators | Early persistence signal
C004471,Tina,Williamson,Other,Standard,2,2,2,3,1,100.0,20.0,30.0,55.0,HIGH,FRICTION_PRONE_CUSTOMER,RECENT_HIGH_SEVERITY,High severity score 100.00 | Limited evidence of repeated behavior
C004472,Kristina,Johnson,Other,Standard,2,0,0,1,1,40.0,1.25,30.0,25.38,MEDIUM,NORMAL_CUSTOMER,DEVELOPING_FRICTION,Emerging risk indicators | Early persistence signal
C004473,Katherine,Williams,Saudi Arabia,Standard,1,0,0,0,0,0.0,0.0,0.0,0.0,LOW,NORMAL_CUSTOMER,STABLE_CUSTOMER,Low overall risk | Low severity | Low frequency
C004474,Linda,Smith,United Arab Emirates,Standard,2,1,1,1,1,45.0,9.38,30.0,29.81,MEDIUM,NORMAL_CUSTOMER,DEVELOPING_FRICTION,Emerging risk indicators | Increasing problem frequency | Early persistence signal
C004475,Samuel,Garcia,United Kingdom,Standard,3,2,2,3,1,100.0,13.33,30.0,53.0,HIGH,FRICTION_PRONE_CUSTOMER,RECENT_HIGH_SEVERITY,High severity score 100.00 | Limited evidence of repeated behavior
C004477,Hannah,Watts,United Arab Emirates,Standard,3,1,1,1,1,40.0,6.25,30.0,26.88,MEDIUM,LOYAL_LOW_FRICTION_CUSTOMER,DEVELOPING_FRICTION,Emerging risk indicators | Increasing problem frequency | Early persistence signal
C004479,Dennis,Jackson,Pakistan,Standard,3,0,0,1,1,40.0,0.83,30.0,25.25,MEDIUM,LOYAL_LOW_FRICTION_CUSTOMER,DEVELOPING_FRICTION,Emerging risk indicators | Early persistence signal
C004480,Rachel,Lee,Pakistan,Standard,3,0,0,1,1,40.0,0.83,30.0,25.25,MEDIUM,LOYAL_LOW_FRICTION_CUSTOMER,DEVELOPING_FRICTION,Emerging risk indicators | Early persistence signal
C004482,Samuel,Wood,United Arab Emirates,Standard,2,2,2,1,1,80.0,17.5,30.0,46.25,MEDIUM,NORMAL_CUSTOMER,RECENT_HIGH_SEVERITY,High severity score 80.00 | Limited evidence of repeated behavior
C004483,Kenneth,Leach,Pakistan,Standard,3,0,0,0,0,0.0,0.0,0.0,0.0,LOW,LOYAL_LOW_FRICTION_CUSTOMER,LOYAL_STABLE_CUSTOMER,Multiple bookings | Low journey friction | Minimal problematic journeys
C004484,Heidi,Mayo,Pakistan,Premium,1,0,0,1,1,45.0,2.5,30.0,27.75,MEDIUM,NORMAL_CUSTOMER,DEVELOPING_FRICTION,Emerging risk indicators | Early persistence signal
C004485,James,Villa,Saudi Arabia,Standard,1,2,2,3,1,100.0,40.0,30.0,61.0,HIGH,FRICTION_PRONE_CUSTOMER,RECENT_HIGH_SEVERITY,High severity score 100.00 | Limited evidence of repeated behavior
C004486,Jacob,Parrish,United Kingdom,Standard,5,2,2,2,2,75.0,7.5,55.0,48.75,MEDIUM,NORMAL_CUSTOMER,PERSISTENT_RISK,Repeated problematic journeys | Persistence score 55.00
C004487,Michael,Green,Saudi Arabia,Premium,1,0,0,0,0,0.0,0.0,0.0,0.0,LOW,NORMAL_CUSTOMER,STABLE_CUSTOMER,Low overall risk | Low severity | Low frequency
C004488,Jessica,Glover,United Arab Emirates,Standard,3,3,3,2,1,65.0,17.92,30.0,40.38,MEDIUM,NORMAL_CUSTOMER,FREQUENT_FRICTION,Frequency score 17.92 | Repeated problematic activity
C004489,Joshua,Rodriguez,United States,Premium,1,0,0,0,0,0.0,0.0,0.0,0.0,LOW,NORMAL_CUSTOMER,STABLE_CUSTOMER,Low overall risk | Low severity | Low frequency
C004491,Robin,Jones,Saudi Arabia,Standard,2,0,0,0,0,0.0,0.0,0.0,0.0,LOW,NORMAL_CUSTOMER,STABLE_CUSTOMER,Low overall risk | Low severity | Low frequency
C004492,Angela,Murphy,United Kingdom,Standard,4,1,1,0,0,30.0,4.06,0.0,13.22,LOW,LOYAL_LOW_FRICTION_CUSTOMER,LOYAL_STABLE_CUSTOMER,Multiple bookings | Low journey friction | Minimal problematic journeys
C004493,Casey,Salazar,Pakistan,Standard,3,3,3,0,0,35.0,16.25,0.0,18.88,LOW,NORMAL_CUSTOMER,FREQUENT_FRICTION,Frequency score 16.25 | Repeated problematic activity
C004494,Eric,Burnett,United States,Premium,5,2,2,2,2,40.0,7.5,55.0,34.75,MEDIUM,NORMAL_CUSTOMER,PERSISTENT_RISK,Repeated problematic journeys | Persistence score 55.00
C004495,Kenneth,Nelson,United Kingdom,Premium,4,0,0,0,0,0.0,0.0,0.0,0.0,LOW,LOYAL_LOW_FRICTION_CUSTOMER,LOYAL_STABLE_CUSTOMER,Multiple bookings | Low journey friction | Minimal problematic journeys
C004496,Jose,Jackson,Pakistan,Standard,1,0,0,1,1,40.0,2.5,30.0,25.75,MEDIUM,NORMAL_CUSTOMER,DEVELOPING_FRICTION,Emerging risk indicators | Early persistence signal
C004497,Michael,Taylor,United Arab Emirates,Premium,2,0,0,0,0,0.0,0.0,0.0,0.0,LOW,NORMAL_CUSTOMER,STABLE_CUSTOMER,Low overall risk | Low severity | Low frequency
C004498,Aaron,Murray,Saudi Arabia,Standard,2,0,0,0,0,0.0,0.0,0.0,0.0,LOW,NORMAL_CUSTOMER,STABLE_CUSTOMER,Low overall risk | Low severity | Low frequency
C004499,Dana,Martinez,Saudi Arabia,Premium,2,0,0,0,0,0.0,0.0,0.0,0.0,LOW,NORMAL_CUSTOMER,STABLE_CUSTOMER,Low overall risk | Low severity | Low frequency
C004500,Nicholas,Atkins,United Arab Emirates,Premium,2,0,0,2,2,45.0,2.5,79.0,42.45,MEDIUM,NORMAL_CUSTOMER,PERSISTENT_RISK,Repeated problematic journeys | Persistence score 79.00
C004501,Jacob,Mullins,Pakistan,Standard,4,0,0,1,1,40.0,0.62,28.0,24.59,MEDIUM,LOYAL_LOW_FRICTION_CUSTOMER,DEVELOPING_FRICTION,Emerging risk indicators | Early persistence signal
C004502,Andrew,Barron,Pakistan,Standard,3,0,0,0,0,0.0,0.0,0.0,0.0,LOW,LOYAL_LOW_FRICTION_CUSTOMER,LOYAL_STABLE_CUSTOMER,Multiple bookings | Low journey friction | Minimal problematic journeys
C004504,Kimberly,Gutierrez,Saudi Arabia,Standard,1,0,0,0,0,0.0,0.0,0.0,0.0,LOW,NORMAL_CUSTOMER,STABLE_CUSTOMER,Low overall risk | Low severity | Low frequency
C004506,Jennifer,Martinez,Saudi Arabia,Standard,1,0,0,1,1,40.0,2.5,30.0,25.75,MEDIUM,NORMAL_CUSTOMER,DEVELOPING_FRICTION,Emerging risk indicators | Early persistence signal
C004507,Dominique,Rose,United Kingdom,Standard,1,2,2,3,1,100.0,40.0,30.0,61.0,HIGH,FRICTION_PRONE_CUSTOMER,RECENT_HIGH_SEVERITY,High severity score 100.00 | Limited evidence of repeated behavior
C004508,Amber,Lane,Saudi Arabia,Standard,2,1,1,1,1,80.0,9.38,30.0,43.81,MEDIUM,NORMAL_CUSTOMER,RECENT_HIGH_SEVERITY,High severity score 80.00 | Limited evidence of repeated behavior
C004509,Paul,Stanley,Pakistan,Standard,1,1,1,0,0,30.0,16.25,0.0,16.88,LOW,NORMAL_CUSTOMER,FREQUENT_FRICTION,Frequency score 16.25 | Repeated problematic activity
C004511,Tyler,Morris,Saudi Arabia,Standard,2,2,2,3,1,100.0,20.0,30.0,55.0,HIGH,FRICTION_PRONE_CUSTOMER,RECENT_HIGH_SEVERITY,High severity score 100.00 | Limited evidence of repeated behavior
C004512,Andrea,Simon,United Arab Emirates,Standard,1,1,1,0,0,35.0,16.25,0.0,18.88,LOW,NORMAL_CUSTOMER,FREQUENT_FRICTION,Frequency score 16.25 | Repeated problematic activity
C004513,Chloe,Perez,Saudi Arabia,Premium,1,0,0,0,0,0.0,0.0,0.0,0.0,LOW,NORMAL_CUSTOMER,STABLE_CUSTOMER,Low overall risk | Low severity | Low frequency
C004515,Danielle,Phillips,Pakistan,Premium,2,0,0,0,0,0.0,0.0,0.0,0.0,LOW,NORMAL_CUSTOMER,STABLE_CUSTOMER,Low overall risk | Low severity | Low frequency
C004516,Daniel,Miller,United Arab Emirates,Standard,1,1,1,0,0,30.0,16.25,0.0,16.88,LOW,NORMAL_CUSTOMER,FREQUENT_FRICTION,Frequency score 16.25 | Repeated problematic activity
C004517,Alexandra,Hansen,Pakistan,Standard,4,0,0,1,1,45.0,0.62,28.0,26.59,MEDIUM,LOYAL_LOW_FRICTION_CUSTOMER,DEVELOPING_FRICTION,Emerging risk indicators | Early persistence signal
C004518,Carl,Salas,Other,Premium,3,1,1,1,1,40.0,6.25,30.0,26.88,MEDIUM,LOYAL_LOW_FRICTION_CUSTOMER,DEVELOPING_FRICTION,Emerging risk indicators | Increasing problem frequency | Early persistence signal
C004519,Mary,Keller,Saudi Arabia,Standard,1,1,1,1,1,80.0,18.75,30.0,46.62,MEDIUM,NORMAL_CUSTOMER,RECENT_HIGH_SEVERITY,High severity score 80.00 | Limited evidence of repeated behavior
C004521,Morgan,Harris,Other,Standard,1,0,0,0,0,0.0,0.0,0.0,0.0,LOW,NORMAL_CUSTOMER,STABLE_CUSTOMER,Low overall risk | Low severity | Low frequency
C004522,James,Miller,Pakistan,Standard,1,1,1,0,0,30.0,16.25,0.0,16.88,LOW,NORMAL_CUSTOMER,FREQUENT_FRICTION,Frequency score 16.25 | Repeated problematic activity
C004523,Todd,Bonilla,Other,Premium,3,2,2,3,2,65.0,13.33,65.67,49.7,HIGH,FRICTION_PRONE_CUSTOMER,PERSISTENT_RISK,Repeated problematic journeys | Persistence score 65.67
C004524,Corey,Brown,Pakistan,Standard,1,0,0,0,0,0.0,0.0,0.0,0.0,LOW,NORMAL_CUSTOMER,STABLE_CUSTOMER,Low overall risk | Low severity | Low frequency
C004525,Ashley,Smith,United States,Standard,8,0,0,3,3,45.0,0.94,66.0,38.08,MEDIUM,NORMAL_CUSTOMER,PERSISTENT_RISK,Repeated problematic journeys | Persistence score 66.00
C004526,Mary,Robinson,United Arab Emirates,Standard,1,0,0,1,1,40.0,2.5,30.0,25.75,MEDIUM,NORMAL_CUSTOMER,DEVELOPING_FRICTION,Emerging risk indicators | Early persistence signal
C004527,Diane,Cardenas,United Kingdom,Premium,1,0,0,0,0,0.0,0.0,0.0,0.0,LOW,NORMAL_CUSTOMER,STABLE_CUSTOMER,Low overall risk | Low severity | Low frequency
C004528,Alicia,Lopez,Other,Premium,1,1,1,0,0,35.0,16.25,0.0,18.88,LOW,NORMAL_CUSTOMER,FREQUENT_FRICTION,Frequency score 16.25 | Repeated problematic activity
C004529,Jacqueline,Garcia,Pakistan,Standard,2,0,0,0,0,0.0,0.0,0.0,0.0,LOW,NORMAL_CUSTOMER,STABLE_CUSTOMER,Low overall risk | Low severity | Low frequency
C004530,Jonathan,Clark,Saudi Arabia,VIP,3,2,2,3,2,65.0,13.33,65.67,49.7,HIGH,FRICTION_PRONE_CUSTOMER,PERSISTENT_RISK,Repeated problematic journeys | Persistence score 65.67
C004531,Michael,Garza,Saudi Arabia,Premium,4,0,0,0,0,0.0,0.0,0.0,0.0,LOW,LOYAL_LOW_FRICTION_CUSTOMER,LOYAL_STABLE_CUSTOMER,Multiple bookings | Low journey friction | Minimal problematic journeys
C004532,Catherine,Rose,Saudi Arabia,Premium,1,0,0,0,0,0.0,0.0,0.0,0.0,LOW,NORMAL_CUSTOMER,STABLE_CUSTOMER,Low overall risk | Low severity | Low frequency
C004533,Chad,Garrison,Saudi Arabia,Standard,1,0,0,0,0,0.0,0.0,0.0,0.0,LOW,NORMAL_CUSTOMER,STABLE_CUSTOMER,Low overall risk | Low severity | Low frequency
C004534,Sarah,Hodges,United Arab Emirates,Standard,1,0,0,0,0,0.0,0.0,0.0,0.0,LOW,NORMAL_CUSTOMER,STABLE_CUSTOMER,Low overall risk | Low severity | Low frequency
C004535,Jason,Collins,Pakistan,Premium,3,1,1,1,1,40.0,6.25,30.0,26.88,MEDIUM,LOYAL_LOW_FRICTION_CUSTOMER,DEVELOPING_FRICTION,Emerging risk indicators | Increasing problem frequency | Early persistence signal
C004536,Travis,Gibson,Pakistan,Standard,1,0,0,0,0,0.0,0.0,0.0,0.0,LOW,NORMAL_CUSTOMER,STABLE_CUSTOMER,Low overall risk | Low severity | Low frequency
C004537,Pamela,Moore,United Arab Emirates,VIP,1,0,0,0,0,0.0,0.0,0.0,0.0,LOW,NORMAL_CUSTOMER,STABLE_CUSTOMER,Low overall risk | Low severity | Low frequency
C004538,Christopher,Wagner,Pakistan,Standard,1,0,0,1,1,45.0,2.5,30.0,27.75,MEDIUM,NORMAL_CUSTOMER,DEVELOPING_FRICTION,Emerging risk indicators | Early persistence signal
C004539,Laurie,Sloan,Saudi Arabia,Standard,3,1,1,2,2,70.0,7.08,65.67,49.82,HIGH,FRICTION_PRONE_CUSTOMER,PERSISTENT_RISK,Repeated problematic journeys | Persistence score 65.67
C004540,Bruce,Robinson,Saudi Arabia,Premium,1,1,1,0,0,30.0,16.25,0.0,16.88,LOW,NORMAL_CUSTOMER,FREQUENT_FRICTION,Frequency score 16.25 | Repeated problematic activity
C004541,Angela,Cox,Saudi Arabia,VIP,1,0,0,0,0,0.0,0.0,0.0,0.0,LOW,NORMAL_CUSTOMER,STABLE_CUSTOMER,Low overall risk | Low severity | Low frequency
C004542,Sharon,Hester,Pakistan,Standard,1,1,1,0,0,35.0,16.25,0.0,18.88,LOW,NORMAL_CUSTOMER,FREQUENT_FRICTION,Frequency score 16.25 | Repeated problematic activity
C004543,Robert,Parrish,Saudi Arabia,Standard,3,2,2,1,1,45.0,11.67,30.0,30.5,MEDIUM,NORMAL_CUSTOMER,DEVELOPING_FRICTION,Emerging risk indicators | Increasing problem frequency | Early persistence signal
C004544,Miguel,Palmer,Saudi Arabia,Premium,1,0,0,0,0,0.0,0.0,0.0,0.0,LOW,NORMAL_CUSTOMER,STABLE_CUSTOMER,Low overall risk | Low severity | Low frequency
C004545,Jeanette,Deleon,United Arab Emirates,Premium,1,0,0,0,0,0.0,0.0,0.0,0.0,LOW,NORMAL_CUSTOMER,STABLE_CUSTOMER,Low overall risk | Low severity | Low frequency
C004546,Madison,Lopez,United States,Standard,3,3,3,3,1,100.0,18.75,30.0,54.62,HIGH,FRICTION_PRONE_CUSTOMER,RECENT_HIGH_SEVERITY,High severity score 100.00 | Limited evidence of repeated behavior
C004547,Joseph,Ramirez,Saudi Arabia,Standard,2,2,2,0,0,30.0,16.25,0.0,16.88,LOW,NORMAL_CUSTOMER,FREQUENT_FRICTION,Frequency score 16.25 | Repeated problematic activity
C004548,Billy,Martin,Pakistan,Premium,1,1,1,1,1,80.0,18.75,30.0,46.62,MEDIUM,NORMAL_CUSTOMER,RECENT_HIGH_SEVERITY,High severity score 80.00 | Limited evidence of repeated behavior
C004549,Chad,Parker,United Kingdom,Standard,4,1,1,1,1,45.0,4.69,28.0,27.81,MEDIUM,LOYAL_LOW_FRICTION_CUSTOMER,DEVELOPING_FRICTION,Emerging risk indicators | Early persistence signal
C004550,Kevin,Kane,United States,VIP,1,0,0,0,0,0.0,0.0,0.0,0.0,LOW,NORMAL_CUSTOMER,STABLE_CUSTOMER,Low overall risk | Low severity | Low frequency
C004551,Shirley,Wong,Other,Standard,2,0,0,1,1,45.0,1.25,30.0,27.38,MEDIUM,NORMAL_CUSTOMER,DEVELOPING_FRICTION,Emerging risk indicators | Early persistence signal
C004552,Susan,Thomas,Saudi Arabia,Standard,4,3,3,3,2,65.0,14.06,59.0,47.92,MEDIUM,NORMAL_CUSTOMER,PERSISTENT_RISK,Repeated problematic journeys | Persistence score 59.00
C004553,Colton,Walter,Saudi Arabia,Standard,3,0,0,0,0,0.0,0.0,0.0,0.0,LOW,LOYAL_LOW_FRICTION_CUSTOMER,LOYAL_STABLE_CUSTOMER,Multiple bookings | Low journey friction | Minimal problematic journeys
C004555,Amanda,Allen,United Arab Emirates,Premium,1,0,0,0,0,0.0,0.0,0.0,0.0,LOW,NORMAL_CUSTOMER,STABLE_CUSTOMER,Low overall risk | Low severity | Low frequency
C004556,Jake,Shannon,Pakistan,VIP,5,3,3,4,2,100.0,11.75,55.0,60.02,HIGH,FRICTION_PRONE_CUSTOMER,PERSISTENT_RISK,Repeated problematic journeys | Persistence score 55.00
C004557,Alicia,Lopez,United Kingdom,Standard,1,1,1,0,0,30.0,16.25,0.0,16.88,LOW,NORMAL_CUSTOMER,FREQUENT_FRICTION,Frequency score 16.25 | Repeated problematic activity
C004558,John,Johnson,United Kingdom,Premium,1,0,0,0,0,0.0,0.0,0.0,0.0,LOW,NORMAL_CUSTOMER,STABLE_CUSTOMER,Low overall risk | Low severity | Low frequency
C004559,Colleen,Stanley,Other,Standard,2,2,2,2,1,65.0,18.75,30.0,40.62,MEDIUM,NORMAL_CUSTOMER,FREQUENT_FRICTION,Frequency score 18.75 | Repeated problematic activity
C004560,Harold,Chavez,Other,Premium,1,0,0,0,0,0.0,0.0,0.0,0.0,LOW,NORMAL_CUSTOMER,STABLE_CUSTOMER,Low overall risk | Low severity | Low frequency
C004564,Danielle,Reynolds,Saudi Arabia,Standard,3,1,1,1,1,70.0,6.25,30.0,38.88,MEDIUM,LOYAL_LOW_FRICTION_CUSTOMER,DEVELOPING_FRICTION,Emerging risk indicators | Increasing problem frequency | Early persistence signal
C004565,Michael,Hernandez,Saudi Arabia,VIP,1,0,0,1,1,40.0,2.5,30.0,25.75,MEDIUM,NORMAL_CUSTOMER,DEVELOPING_FRICTION,Emerging risk indicators | Early persistence signal
C004566,Stephen,Shaw,Other,Standard,3,2,2,4,3,65.0,14.17,91.0,57.55,HIGH,FRICTION_PRONE_CUSTOMER,PERSISTENT_RISK,Repeated problematic journeys | Persistence score 91.00
C004567,Elizabeth,Romero,Saudi Arabia,Standard,3,2,2,2,2,75.0,12.5,65.67,53.45,HIGH,FRICTION_PRONE_CUSTOMER,PERSISTENT_RISK,Repeated problematic journeys | Persistence score 65.67
C004568,Nicole,Brown,Saudi Arabia,Standard,3,1,1,0,0,30.0,5.42,0.0,13.63,LOW,LOYAL_LOW_FRICTION_CUSTOMER,LOYAL_STABLE_CUSTOMER,Multiple bookings | Low journey friction | Minimal problematic journeys
C004569,Garrett,Nelson,Saudi Arabia,Standard,1,1,1,1,1,70.0,18.75,30.0,42.62,MEDIUM,NORMAL_CUSTOMER,FREQUENT_FRICTION,Frequency score 18.75 | Repeated problematic activity
C004570,Henry,Davis,Other,Standard,3,1,1,0,0,30.0,5.42,0.0,13.63,LOW,LOYAL_LOW_FRICTION_CUSTOMER,LOYAL_STABLE_CUSTOMER,Multiple bookings | Low journey friction | Minimal problematic journeys
C004571,Richard,Wong,Pakistan,Standard,1,1,1,1,1,70.0,18.75,30.0,42.62,MEDIUM,NORMAL_CUSTOMER,FREQUENT_FRICTION,Frequency score 18.75 | Repeated problematic activity
C004572,Matthew,Dennis,United Kingdom,Standard,3,2,2,1,1,45.0,11.67,30.0,30.5,MEDIUM,NORMAL_CUSTOMER,DEVELOPING_FRICTION,Emerging risk indicators | Increasing problem frequency | Early persistence signal
C004573,Eric,Henderson,Saudi Arabia,VIP,2,1,1,0,0,35.0,8.12,0.0,16.44,LOW,NORMAL_CUSTOMER,STABLE_CUSTOMER,Low overall risk | Low severity | Low frequency
C004574,Yesenia,Carter,United States,Standard,2,0,0,0,0,0.0,0.0,0.0,0.0,LOW,NORMAL_CUSTOMER,STABLE_CUSTOMER,Low overall risk | Low severity | Low frequency
C004575,Scott,Powell,United States,Standard,1,1,1,0,0,30.0,16.25,0.0,16.88,LOW,NORMAL_CUSTOMER,FREQUENT_FRICTION,Frequency score 16.25 | Repeated problematic activity
C004576,Michael,Wheeler,United Arab Emirates,Premium,1,1,1,0,0,30.0,16.25,0.0,16.88,LOW,NORMAL_CUSTOMER,FREQUENT_FRICTION,Frequency score 16.25 | Repeated problematic activity
C004577,Leslie,Moreno,United Arab Emirates,Premium,4,0,0,1,1,45.0,0.62,28.0,26.59,MEDIUM,LOYAL_LOW_FRICTION_CUSTOMER,DEVELOPING_FRICTION,Emerging risk indicators | Early persistence signal
C004578,Victoria,Snyder,Saudi Arabia,Premium,1,1,1,0,0,30.0,16.25,0.0,16.88,LOW,NORMAL_CUSTOMER,FREQUENT_FRICTION,Frequency score 16.25 | Repeated problematic activity
C004579,Mark,Hamilton,Other,Standard,2,0,0,0,0,0.0,0.0,0.0,0.0,LOW,NORMAL_CUSTOMER,STABLE_CUSTOMER,Low overall risk | Low severity | Low frequency
C004580,Nathan,Maldonado,Pakistan,Standard,2,0,0,0,0,0.0,0.0,0.0,0.0,LOW,NORMAL_CUSTOMER,STABLE_CUSTOMER,Low overall risk | Low severity | Low frequency
C004581,Kathryn,Lucas,Other,VIP,1,0,0,0,0,0.0,0.0,0.0,0.0,LOW,NORMAL_CUSTOMER,STABLE_CUSTOMER,Low overall risk | Low severity | Low frequency
C004582,Ryan,Haley,United Arab Emirates,Standard,2,0,0,0,0,0.0,0.0,0.0,0.0,LOW,NORMAL_CUSTOMER,STABLE_CUSTOMER,Low overall risk | Low severity | Low frequency
C004583,Jessica,Robinson,United States,Standard,1,0,0,0,0,0.0,0.0,0.0,0.0,LOW,NORMAL_CUSTOMER,STABLE_CUSTOMER,Low overall risk | Low severity | Low frequency
C004584,Charlene,Brown,United States,Standard,3,2,2,3,1,100.0,13.33,30.0,53.0,HIGH,FRICTION_PRONE_CUSTOMER,RECENT_HIGH_SEVERITY,High severity score 100.00 | Limited evidence of repeated behavior
C004585,Anna,Johnson,United Kingdom,Standard,1,0,0,0,0,0.0,0.0,0.0,0.0,LOW,NORMAL_CUSTOMER,STABLE_CUSTOMER,Low overall risk | Low severity | Low frequency
C004586,Jason,Adams,Other,Premium,2,0,0,2,2,40.0,2.5,79.0,40.45,MEDIUM,NORMAL_CUSTOMER,PERSISTENT_RISK,Repeated problematic journeys | Persistence score 79.00
C004587,Katie,Jones,United Arab Emirates,Standard,2,3,3,3,1,100.0,28.12,30.0,57.44,HIGH,FRICTION_PRONE_CUSTOMER,RECENT_HIGH_SEVERITY,High severity score 100.00 | Limited evidence of repeated behavior
C004588,Sara,Garcia,Saudi Arabia,Premium,1,1,1,0,0,30.0,16.25,0.0,16.88,LOW,NORMAL_CUSTOMER,FREQUENT_FRICTION,Frequency score 16.25 | Repeated problematic activity
C004589,Jonathan,Perez,United Kingdom,Standard,1,0,0,1,1,40.0,2.5,30.0,25.75,MEDIUM,NORMAL_CUSTOMER,DEVELOPING_FRICTION,Emerging risk indicators | Early persistence signal
C004590,Suzanne,Oliver,United Kingdom,VIP,3,2,2,0,0,30.0,10.83,0.0,15.25,LOW,LOYAL_LOW_FRICTION_CUSTOMER,LOYAL_STABLE_CUSTOMER,Multiple bookings | Low journey friction | Minimal problematic journeys
C004591,Seth,Baldwin,Pakistan,Standard,3,0,0,0,0,0.0,0.0,0.0,0.0,LOW,LOYAL_LOW_FRICTION_CUSTOMER,LOYAL_STABLE_CUSTOMER,Multiple bookings | Low journey friction | Minimal problematic journeys
C004592,Randy,Myers,Saudi Arabia,Standard,2,1,1,0,0,35.0,8.12,0.0,16.44,LOW,NORMAL_CUSTOMER,STABLE_CUSTOMER,Low overall risk | Low severity | Low frequency
C004593,Jessica,Garcia,Pakistan,Standard,2,0,0,1,1,40.0,1.25,30.0,25.38,MEDIUM,NORMAL_CUSTOMER,DEVELOPING_FRICTION,Emerging risk indicators | Early persistence signal
C004594,Tonya,Gross,United Arab Emirates,Premium,1,0,0,0,0,0.0,0.0,0.0,0.0,LOW,NORMAL_CUSTOMER,STABLE_CUSTOMER,Low overall risk | Low severity | Low frequency
C004595,Caitlin,Suarez,United Arab Emirates,Premium,1,0,0,0,0,0.0,0.0,0.0,0.0,LOW,NORMAL_CUSTOMER,STABLE_CUSTOMER,Low overall risk | Low severity | Low frequency
C004596,Zachary,Adams,Pakistan,Standard,1,1,1,1,1,70.0,18.75,30.0,42.62,MEDIUM,NORMAL_CUSTOMER,FREQUENT_FRICTION,Frequency score 18.75 | Repeated problematic activity
C004597,Victoria,Harris,United Kingdom,Standard,1,2,2,2,1,65.0,37.5,30.0,46.25,MEDIUM,NORMAL_CUSTOMER,FREQUENT_FRICTION,Frequency score 37.50 | Repeated problematic activity
C004598,Kevin,Floyd,Saudi Arabia,Premium,1,0,0,0,0,0.0,0.0,0.0,0.0,LOW,NORMAL_CUSTOMER,STABLE_CUSTOMER,Low overall risk | Low severity | Low frequency
C004599,Kevin,Bailey,United Arab Emirates,Premium,4,2,2,2,1,65.0,9.38,28.0,37.21,MEDIUM,LOYAL_LOW_FRICTION_CUSTOMER,DEVELOPING_FRICTION,Emerging risk indicators | Increasing problem frequency | Early persistence signal
C004600,Jeffrey,Roberts,Saudi Arabia,Standard,1,0,0,0,0,0.0,0.0,0.0,0.0,LOW,NORMAL_CUSTOMER,STABLE_CUSTOMER,Low overall risk | Low severity | Low frequency
C004601,Melissa,Carlson,Saudi Arabia,Premium,1,0,0,1,1,40.0,2.5,30.0,25.75,MEDIUM,NORMAL_CUSTOMER,DEVELOPING_FRICTION,Emerging risk indicators | Early persistence signal
C004602,Andrew,Gross,United States,Standard,1,2,2,2,1,65.0,37.5,30.0,46.25,MEDIUM,NORMAL_CUSTOMER,FREQUENT_FRICTION,Frequency score 37.50 | Repeated problematic activity
C004604,Hannah,Gordon,United Arab Emirates,Standard,3,1,1,0,0,35.0,5.42,0.0,15.63,LOW,LOYAL_LOW_FRICTION_CUSTOMER,LOYAL_STABLE_CUSTOMER,Multiple bookings | Low journey friction | Minimal problematic journeys
C004606,Angela,Woods,Other,Standard,1,0,0,0,0,0.0,0.0,0.0,0.0,LOW,NORMAL_CUSTOMER,STABLE_CUSTOMER,Low overall risk | Low severity | Low frequency
C004608,Sara,Knox,Saudi Arabia,Premium,2,0,0,1,1,40.0,1.25,30.0,25.38,MEDIUM,NORMAL_CUSTOMER,DEVELOPING_FRICTION,Emerging risk indicators | Early persistence signal
C004611,Michael,Jones,United Arab Emirates,Premium,1,0,0,0,0,0.0,0.0,0.0,0.0,LOW,NORMAL_CUSTOMER,STABLE_CUSTOMER,Low overall risk | Low severity | Low frequency
C004612,Devon,Lopez,Saudi Arabia,VIP,4,1,1,1,1,45.0,4.69,28.0,27.81,MEDIUM,LOYAL_LOW_FRICTION_CUSTOMER,DEVELOPING_FRICTION,Emerging risk indicators | Early persistence signal
C004613,Michael,Yoder,United Arab Emirates,Standard,2,0,0,0,0,0.0,0.0,0.0,0.0,LOW,NORMAL_CUSTOMER,STABLE_CUSTOMER,Low overall risk | Low severity | Low frequency
C004614,Brandi,Thomas,Saudi Arabia,Standard,3,0,0,0,0,0.0,0.0,0.0,0.0,LOW,LOYAL_LOW_FRICTION_CUSTOMER,LOYAL_STABLE_CUSTOMER,Multiple bookings | Low journey friction | Minimal problematic journeys
C004616,Lisa,Wells,United Arab Emirates,Standard,2,2,2,2,1,65.0,18.75,30.0,40.62,MEDIUM,NORMAL_CUSTOMER,FREQUENT_FRICTION,Frequency score 18.75 | Repeated problematic activity
C004617,Christopher,Cook,United States,Standard,4,0,0,1,1,40.0,0.62,28.0,24.59,MEDIUM,LOYAL_LOW_FRICTION_CUSTOMER,DEVELOPING_FRICTION,Emerging risk indicators | Early persistence signal
C004620,Jessica,Jones,Other,Premium,2,2,2,3,2,65.0,20.0,79.0,55.7,HIGH,FRICTION_PRONE_CUSTOMER,PERSISTENT_RISK,Repeated problematic journeys | Persistence score 79.00
C004621,Jennifer,Shelton,Other,Standard,3,1,1,1,1,40.0,6.25,30.0,26.88,MEDIUM,LOYAL_LOW_FRICTION_CUSTOMER,DEVELOPING_FRICTION,Emerging risk indicators | Increasing problem frequency | Early persistence signal
C004622,Laura,Castaneda,United States,Standard,3,0,0,0,0,0.0,0.0,0.0,0.0,LOW,LOYAL_LOW_FRICTION_CUSTOMER,LOYAL_STABLE_CUSTOMER,Multiple bookings | Low journey friction | Minimal problematic journeys
C004624,Margaret,Montes,United Kingdom,Standard,1,0,0,0,0,0.0,0.0,0.0,0.0,LOW,NORMAL_CUSTOMER,STABLE_CUSTOMER,Low overall risk | Low severity | Low frequency
C004625,Hannah,Aguilar,Other,Standard,3,0,0,2,2,45.0,1.67,65.67,38.2,MEDIUM,NORMAL_CUSTOMER,PERSISTENT_RISK,Repeated problematic journeys | Persistence score 65.67
C004626,Barbara,Freeman,United Kingdom,Premium,1,0,0,0,0,0.0,0.0,0.0,0.0,LOW,NORMAL_CUSTOMER,STABLE_CUSTOMER,Low overall risk | Low severity | Low frequency
C004627,Rebecca,Wright,United Arab Emirates,Standard,1,0,0,1,1,45.0,2.5,30.0,27.75,MEDIUM,NORMAL_CUSTOMER,DEVELOPING_FRICTION,Emerging risk indicators | Early persistence signal
C004628,Caitlin,Rodriguez,Pakistan,Standard,3,3,3,2,1,65.0,17.92,30.0,40.38,MEDIUM,NORMAL_CUSTOMER,FREQUENT_FRICTION,Frequency score 17.92 | Repeated problematic activity
C004629,Kevin,Fuentes,Pakistan,Premium,2,1,1,2,2,80.0,10.62,79.0,58.89,HIGH,FRICTION_PRONE_CUSTOMER,PERSISTENT_RISK,Repeated problematic journeys | Persistence score 79.00
C004632,Christian,Conley,United Arab Emirates,VIP,2,0,0,0,0,0.0,0.0,0.0,0.0,LOW,NORMAL_CUSTOMER,STABLE_CUSTOMER,Low overall risk | Low severity | Low frequency
C004633,Brian,Fox,United States,Standard,1,2,2,2,1,65.0,37.5,30.0,46.25,MEDIUM,NORMAL_CUSTOMER,FREQUENT_FRICTION,Frequency score 37.50 | Repeated problematic activity
C004634,Kelli,Jackson,Other,Premium,2,0,0,0,0,0.0,0.0,0.0,0.0,LOW,NORMAL_CUSTOMER,STABLE_CUSTOMER,Low overall risk | Low severity | Low frequency
C004635,Michael,Thomas,Saudi Arabia,Premium,1,0,0,0,0,0.0,0.0,0.0,0.0,LOW,NORMAL_CUSTOMER,STABLE_CUSTOMER,Low overall risk | Low severity | Low frequency
C004637,Robert,Torres,United Arab Emirates,Premium,3,1,1,0,0,35.0,5.42,0.0,15.63,LOW,LOYAL_LOW_FRICTION_CUSTOMER,LOYAL_STABLE_CUSTOMER,Multiple bookings | Low journey friction | Minimal problematic journeys
C004638,Mindy,Fitzgerald,United Kingdom,Standard,3,4,4,5,3,65.0,25.83,91.0,61.05,HIGH,FRICTION_PRONE_CUSTOMER,PERSISTENT_RISK,Repeated problematic journeys | Persistence score 91.00
C004643,Alexander,Tucker,Other,Premium,2,0,0,0,0,0.0,0.0,0.0,0.0,LOW,NORMAL_CUSTOMER,STABLE_CUSTOMER,Low overall risk | Low severity | Low frequency
C004644,Kimberly,Diaz,Saudi Arabia,Standard,1,1,1,0,0,30.0,16.25,0.0,16.88,LOW,NORMAL_CUSTOMER,FREQUENT_FRICTION,Frequency score 16.25 | Repeated problematic activity
C004645,Patrick,Smith,United Kingdom,Premium,1,0,0,0,0,0.0,0.0,0.0,0.0,LOW,NORMAL_CUSTOMER,STABLE_CUSTOMER,Low overall risk | Low severity | Low frequency
C004646,Kevin,Gomez,United Kingdom,Standard,1,0,0,0,0,0.0,0.0,0.0,0.0,LOW,NORMAL_CUSTOMER,STABLE_CUSTOMER,Low overall risk | Low severity | Low frequency
C004647,Blake,Mckinney,United Kingdom,Standard,2,1,1,0,0,30.0,8.12,0.0,14.44,LOW,NORMAL_CUSTOMER,STABLE_CUSTOMER,Low overall risk | Low severity | Low frequency
C004648,Amber,Vance,Saudi Arabia,Standard,4,3,3,2,1,65.0,13.44,28.0,38.43,MEDIUM,LOYAL_LOW_FRICTION_CUSTOMER,DEVELOPING_FRICTION,Emerging risk indicators | Increasing problem frequency | Early persistence signal
C004649,Edward,Hampton,Other,Standard,2,0,0,0,0,0.0,0.0,0.0,0.0,LOW,NORMAL_CUSTOMER,STABLE_CUSTOMER,Low overall risk | Low severity | Low frequency
C004651,Jeffrey,Barrera,Saudi Arabia,Standard,1,0,0,1,1,40.0,2.5,30.0,25.75,MEDIUM,NORMAL_CUSTOMER,DEVELOPING_FRICTION,Emerging risk indicators | Early persistence signal
C004652,Brent,Larson,United Kingdom,Standard,3,1,1,1,1,75.0,6.25,30.0,40.88,MEDIUM,LOYAL_LOW_FRICTION_CUSTOMER,RECENT_HIGH_SEVERITY,High severity score 75.00 | Limited evidence of repeated behavior
C004653,Jessica,Rodriguez,United Arab Emirates,Premium,2,0,0,0,0,0.0,0.0,0.0,0.0,LOW,NORMAL_CUSTOMER,STABLE_CUSTOMER,Low overall risk | Low severity | Low frequency
C004654,Philip,Jennings,United States,Standard,1,0,0,0,0,0.0,0.0,0.0,0.0,LOW,NORMAL_CUSTOMER,STABLE_CUSTOMER,Low overall risk | Low severity | Low frequency
C004655,Sean,Chandler,United Arab Emirates,Premium,4,1,1,2,2,75.0,5.31,59.0,49.29,HIGH,FRICTION_PRONE_CUSTOMER,PERSISTENT_RISK,Repeated problematic journeys | Persistence score 59.00
C004656,Brooke,Smith,Saudi Arabia,Standard,2,0,0,0,0,0.0,0.0,0.0,0.0,LOW,NORMAL_CUSTOMER,STABLE_CUSTOMER,Low overall risk | Low severity | Low frequency
C004657,William,Irwin,United States,Standard,2,0,0,1,1,40.0,1.25,30.0,25.38,MEDIUM,NORMAL_CUSTOMER,DEVELOPING_FRICTION,Emerging risk indicators | Early persistence signal
C004658,Jeffrey,Chase,Pakistan,Standard,1,0,0,0,0,0.0,0.0,0.0,0.0,LOW,NORMAL_CUSTOMER,STABLE_CUSTOMER,Low overall risk | Low severity | Low frequency
C004659,Keith,Hopkins,Saudi Arabia,Standard,3,0,0,0,0,0.0,0.0,0.0,0.0,LOW,LOYAL_LOW_FRICTION_CUSTOMER,LOYAL_STABLE_CUSTOMER,Multiple bookings | Low journey friction | Minimal problematic journeys
C004660,Phillip,Thomas,United Kingdom,Standard,2,1,1,0,0,30.0,8.12,0.0,14.44,LOW,NORMAL_CUSTOMER,STABLE_CUSTOMER,Low overall risk | Low severity | Low frequency
C004661,David,Jimenez,Pakistan,Standard,1,0,0,0,0,0.0,0.0,0.0,0.0,LOW,NORMAL_CUSTOMER,STABLE_CUSTOMER,Low overall risk | Low severity | Low frequency
C004662,Christopher,Sanchez,Pakistan,Standard,2,0,0,1,1,40.0,1.25,30.0,25.38,MEDIUM,NORMAL_CUSTOMER,DEVELOPING_FRICTION,Emerging risk indicators | Early persistence signal
C004663,Ashley,Figueroa,United Arab Emirates,Standard,3,2,2,2,1,65.0,12.5,30.0,38.75,MEDIUM,LOYAL_LOW_FRICTION_CUSTOMER,DEVELOPING_FRICTION,Emerging risk indicators | Increasing problem frequency | Early persistence signal
C004664,Brandon,Mcpherson,United States,Standard,1,0,0,1,1,45.0,2.5,30.0,27.75,MEDIUM,NORMAL_CUSTOMER,DEVELOPING_FRICTION,Emerging risk indicators | Early persistence signal
C004665,Raymond,Howard,United States,VIP,2,0,0,0,0,0.0,0.0,0.0,0.0,LOW,NORMAL_CUSTOMER,STABLE_CUSTOMER,Low overall risk | Low severity | Low frequency
C004666,Christopher,Garner,United Kingdom,Standard,2,0,0,0,0,0.0,0.0,0.0,0.0,LOW,NORMAL_CUSTOMER,STABLE_CUSTOMER,Low overall risk | Low severity | Low frequency
C004667,Warren,Lee,Saudi Arabia,Premium,1,0,0,1,1,40.0,2.5,30.0,25.75,MEDIUM,NORMAL_CUSTOMER,DEVELOPING_FRICTION,Emerging risk indicators | Early persistence signal
C004669,David,Fowler,United Kingdom,Standard,1,0,0,0,0,0.0,0.0,0.0,0.0,LOW,NORMAL_CUSTOMER,STABLE_CUSTOMER,Low overall risk | Low severity | Low frequency
C004670,Dennis,Sheppard,United Kingdom,Standard,4,0,0,0,0,0.0,0.0,0.0,0.0,LOW,LOYAL_LOW_FRICTION_CUSTOMER,LOYAL_STABLE_CUSTOMER,Multiple bookings | Low journey friction | Minimal problematic journeys
C004671,Anita,Wiley,United Arab Emirates,Standard,3,2,2,3,2,65.0,13.33,65.67,49.7,HIGH,FRICTION_PRONE_CUSTOMER,PERSISTENT_RISK,Repeated problematic journeys | Persistence score 65.67
C004674,James,Cole,Saudi Arabia,Standard,2,0,0,0,0,0.0,0.0,0.0,0.0,LOW,NORMAL_CUSTOMER,STABLE_CUSTOMER,Low overall risk | Low severity | Low frequency
C004675,Christina,Mullen,United Arab Emirates,Standard,2,0,0,1,1,45.0,1.25,30.0,27.38,MEDIUM,NORMAL_CUSTOMER,DEVELOPING_FRICTION,Emerging risk indicators | Early persistence signal
C004676,Jill,Rose,Other,Standard,5,3,3,4,3,75.0,11.75,75.0,56.02,HIGH,FRICTION_PRONE_CUSTOMER,PERSISTENT_RISK,Repeated problematic journeys | Persistence score 75.00
C004677,John,Baker,Saudi Arabia,Premium,2,0,0,0,0,0.0,0.0,0.0,0.0,LOW,NORMAL_CUSTOMER,STABLE_CUSTOMER,Low overall risk | Low severity | Low frequency
C004678,Charles,Shelton,Other,Standard,3,4,4,4,2,65.0,25.0,65.67,53.2,HIGH,FRICTION_PRONE_CUSTOMER,PERSISTENT_RISK,Repeated problematic journeys | Persistence score 65.67
C004679,Kimberly,Barron,United Kingdom,Standard,1,0,0,1,1,40.0,2.5,30.0,25.75,MEDIUM,NORMAL_CUSTOMER,DEVELOPING_FRICTION,Emerging risk indicators | Early persistence signal
C004680,Marcus,Myers,Pakistan,Standard,1,0,0,0,0,0.0,0.0,0.0,0.0,LOW,NORMAL_CUSTOMER,STABLE_CUSTOMER,Low overall risk | Low severity | Low frequency
C004681,Sandra,Butler,Saudi Arabia,Standard,1,0,0,1,1,45.0,2.5,30.0,27.75,MEDIUM,NORMAL_CUSTOMER,DEVELOPING_FRICTION,Emerging risk indicators | Early persistence signal
C004682,Christopher,Mcknight,Saudi Arabia,Standard,2,1,1,0,0,30.0,8.12,0.0,14.44,LOW,NORMAL_CUSTOMER,STABLE_CUSTOMER,Low overall risk | Low severity | Low frequency
C004683,Emily,Parker,Other,Standard,1,0,0,0,0,0.0,0.0,0.0,0.0,LOW,NORMAL_CUSTOMER,STABLE_CUSTOMER,Low overall risk | Low severity | Low frequency
C004684,Rodney,Williams,Saudi Arabia,Standard,5,3,3,2,1,60.0,10.75,26.0,35.02,MEDIUM,LOYAL_LOW_FRICTION_CUSTOMER,DEVELOPING_FRICTION,Emerging risk indicators | Increasing problem frequency | Early persistence signal
C004687,Brittney,Salazar,Saudi Arabia,Standard,1,0,0,0,0,0.0,0.0,0.0,0.0,LOW,NORMAL_CUSTOMER,STABLE_CUSTOMER,Low overall risk | Low severity | Low frequency
C004688,Andrew,Hamilton,Saudi Arabia,Standard,1,0,0,0,0,0.0,0.0,0.0,0.0,LOW,NORMAL_CUSTOMER,STABLE_CUSTOMER,Low overall risk | Low severity | Low frequency
C004689,Kevin,Gibson,Pakistan,Standard,3,0,0,0,0,0.0,0.0,0.0,0.0,LOW,LOYAL_LOW_FRICTION_CUSTOMER,LOYAL_STABLE_CUSTOMER,Multiple bookings | Low journey friction | Minimal problematic journeys
C004690,Vanessa,Donaldson,Other,Premium,2,0,0,1,1,40.0,1.25,30.0,25.38,MEDIUM,NORMAL_CUSTOMER,DEVELOPING_FRICTION,Emerging risk indicators | Early persistence signal
C004691,Christina,Sparks,United Arab Emirates,Standard,1,0,0,0,0,0.0,0.0,0.0,0.0,LOW,NORMAL_CUSTOMER,STABLE_CUSTOMER,Low overall risk | Low severity | Low frequency
C004692,Veronica,Roberts,United Arab Emirates,Premium,1,0,0,0,0,0.0,0.0,0.0,0.0,LOW,NORMAL_CUSTOMER,STABLE_CUSTOMER,Low overall risk | Low severity | Low frequency
C004693,Scott,Montes,United Arab Emirates,Standard,1,1,1,0,0,30.0,16.25,0.0,16.88,LOW,NORMAL_CUSTOMER,FREQUENT_FRICTION,Frequency score 16.25 | Repeated problematic activity
C004695,Brady,Jennings,United Arab Emirates,Standard,2,1,1,2,2,75.0,10.62,79.0,56.89,HIGH,FRICTION_PRONE_CUSTOMER,PERSISTENT_RISK,Repeated problematic journeys | Persistence score 79.00
C004698,Nathaniel,Levy,Pakistan,Standard,2,0,0,0,0,0.0,0.0,0.0,0.0,LOW,NORMAL_CUSTOMER,STABLE_CUSTOMER,Low overall risk | Low severity | Low frequency
C004699,Katherine,Hanson,Saudi Arabia,Standard,1,0,0,0,0,0.0,0.0,0.0,0.0,LOW,NORMAL_CUSTOMER,STABLE_CUSTOMER,Low overall risk | Low severity | Low frequency
C004700,Melissa,Beck,Other,Premium,2,1,1,0,0,30.0,8.12,0.0,14.44,LOW,NORMAL_CUSTOMER,STABLE_CUSTOMER,Low overall risk | Low severity | Low frequency
C004701,Daniel,Torres,Saudi Arabia,Premium,1,0,0,0,0,0.0,0.0,0.0,0.0,LOW,NORMAL_CUSTOMER,STABLE_CUSTOMER,Low overall risk | Low severity | Low frequency
C004702,Brian,Roberts,Saudi Arabia,Standard,2,2,2,2,1,65.0,18.75,30.0,40.62,MEDIUM,NORMAL_CUSTOMER,FREQUENT_FRICTION,Frequency score 18.75 | Repeated problematic activity
C004703,Stacy,Marsh,United Kingdom,Standard,1,0,0,1,1,45.0,2.5,30.0,27.75,MEDIUM,NORMAL_CUSTOMER,DEVELOPING_FRICTION,Emerging risk indicators | Early persistence signal
C004704,Sara,Smith,Pakistan,Standard,3,1,1,0,0,35.0,5.42,0.0,15.63,LOW,LOYAL_LOW_FRICTION_CUSTOMER,LOYAL_STABLE_CUSTOMER,Multiple bookings | Low journey friction | Minimal problematic journeys
C004705,Misty,Williams,United Arab Emirates,Premium,1,0,0,0,0,0.0,0.0,0.0,0.0,LOW,NORMAL_CUSTOMER,STABLE_CUSTOMER,Low overall risk | Low severity | Low frequency
C004708,Heather,Brown,Saudi Arabia,Standard,1,0,0,0,0,0.0,0.0,0.0,0.0,LOW,NORMAL_CUSTOMER,STABLE_CUSTOMER,Low overall risk | Low severity | Low frequency
C004710,Shannon,Jordan,Pakistan,Premium,2,1,1,0,0,30.0,8.12,0.0,14.44,LOW,NORMAL_CUSTOMER,STABLE_CUSTOMER,Low overall risk | Low severity | Low frequency
C004711,Andrew,Keller,United Arab Emirates,Premium,1,2,2,2,1,65.0,37.5,30.0,46.25,MEDIUM,NORMAL_CUSTOMER,FREQUENT_FRICTION,Frequency score 37.50 | Repeated problematic activity
C004712,Jason,Smith,United Arab Emirates,Standard,3,1,1,2,2,70.0,7.08,65.67,49.82,HIGH,FRICTION_PRONE_CUSTOMER,PERSISTENT_RISK,Repeated problematic journeys | Persistence score 65.67
C004713,Amanda,King,Saudi Arabia,Standard,2,0,0,1,1,45.0,1.25,30.0,27.38,MEDIUM,NORMAL_CUSTOMER,DEVELOPING_FRICTION,Emerging risk indicators | Early persistence signal
C004714,James,Bell,United States,Standard,4,3,3,3,2,65.0,14.06,59.0,47.92,MEDIUM,NORMAL_CUSTOMER,PERSISTENT_RISK,Repeated problematic journeys | Persistence score 59.00
C004715,Alexandra,Campbell,Pakistan,Standard,1,0,0,0,0,0.0,0.0,0.0,0.0,LOW,NORMAL_CUSTOMER,STABLE_CUSTOMER,Low overall risk | Low severity | Low frequency
C004716,Jonathan,Trevino,United Arab Emirates,Standard,1,1,1,0,0,30.0,16.25,0.0,16.88,LOW,NORMAL_CUSTOMER,FREQUENT_FRICTION,Frequency score 16.25 | Repeated problematic activity
C004718,Jessica,Mack,Other,Premium,2,1,1,0,0,35.0,8.12,0.0,16.44,LOW,NORMAL_CUSTOMER,STABLE_CUSTOMER,Low overall risk | Low severity | Low frequency
C004719,Donald,Moore,United Arab Emirates,Premium,2,0,0,1,1,45.0,1.25,30.0,27.38,MEDIUM,NORMAL_CUSTOMER,DEVELOPING_FRICTION,Emerging risk indicators | Early persistence signal
C004720,Holly,Miller,Other,Standard,2,0,0,0,0,0.0,0.0,0.0,0.0,LOW,NORMAL_CUSTOMER,STABLE_CUSTOMER,Low overall risk | Low severity | Low frequency
C004721,Andrew,Nelson,United Arab Emirates,Standard,1,0,0,0,0,0.0,0.0,0.0,0.0,LOW,NORMAL_CUSTOMER,STABLE_CUSTOMER,Low overall risk | Low severity | Low frequency
C004722,Brandy,Ferrell,Saudi Arabia,Standard,1,0,0,0,0,0.0,0.0,0.0,0.0,LOW,NORMAL_CUSTOMER,STABLE_CUSTOMER,Low overall risk | Low severity | Low frequency
C004724,Bradley,Richards,United Arab Emirates,Premium,3,3,3,3,2,75.0,18.75,65.67,55.33,HIGH,FRICTION_PRONE_CUSTOMER,PERSISTENT_RISK,Repeated problematic journeys | Persistence score 65.67
C004725,George,Miller,Saudi Arabia,Standard,4,3,3,4,2,100.0,14.69,59.0,62.11,HIGH,FRICTION_PRONE_CUSTOMER,PERSISTENT_RISK,Repeated problematic journeys | Persistence score 59.00
C004726,Justin,Robinson,Saudi Arabia,Premium,3,2,2,2,2,70.0,12.5,65.67,51.45,HIGH,FRICTION_PRONE_CUSTOMER,PERSISTENT_RISK,Repeated problematic journeys | Persistence score 65.67
C004727,Kristina,Kennedy,Other,Premium,1,0,0,0,0,0.0,0.0,0.0,0.0,LOW,NORMAL_CUSTOMER,STABLE_CUSTOMER,Low overall risk | Low severity | Low frequency
C004728,Christine,Gomez,United States,Standard,2,1,1,0,0,30.0,8.12,0.0,14.44,LOW,NORMAL_CUSTOMER,STABLE_CUSTOMER,Low overall risk | Low severity | Low frequency
C004729,Brian,Cain,United Kingdom,Standard,2,2,2,3,1,65.0,20.0,30.0,41.0,MEDIUM,NORMAL_CUSTOMER,FREQUENT_FRICTION,Frequency score 20.00 | Repeated problematic activity
C004730,Diana,Walsh,Saudi Arabia,Standard,4,2,2,1,1,70.0,8.75,28.0,39.02,MEDIUM,LOYAL_LOW_FRICTION_CUSTOMER,DEVELOPING_FRICTION,Emerging risk indicators | Increasing problem frequency | Early persistence signal
C004733,Joseph,Garcia,United Kingdom,Standard,4,1,1,1,1,75.0,4.69,28.0,39.81,MEDIUM,LOYAL_LOW_FRICTION_CUSTOMER,RECENT_HIGH_SEVERITY,High severity score 75.00 | Limited evidence of repeated behavior
C004734,Melissa,Green,Other,Standard,2,2,2,3,1,100.0,20.0,30.0,55.0,HIGH,FRICTION_PRONE_CUSTOMER,RECENT_HIGH_SEVERITY,High severity score 100.00 | Limited evidence of repeated behavior
C004735,Donna,Turner,United Arab Emirates,Premium,2,2,2,3,2,65.0,20.0,79.0,55.7,HIGH,FRICTION_PRONE_CUSTOMER,PERSISTENT_RISK,Repeated problematic journeys | Persistence score 79.00
C004736,Michelle,Collins,Saudi Arabia,Standard,2,1,1,0,0,30.0,8.12,0.0,14.44,LOW,NORMAL_CUSTOMER,STABLE_CUSTOMER,Low overall risk | Low severity | Low frequency
C004737,Andrew,Elliott,Pakistan,Standard,3,0,0,2,2,45.0,1.67,65.67,38.2,MEDIUM,NORMAL_CUSTOMER,PERSISTENT_RISK,Repeated problematic journeys | Persistence score 65.67
C004738,Michelle,Shelton,United Arab Emirates,Standard,2,1,1,1,1,45.0,9.38,30.0,29.81,MEDIUM,NORMAL_CUSTOMER,DEVELOPING_FRICTION,Emerging risk indicators | Increasing problem frequency | Early persistence signal
C004740,Jerry,Lane,Pakistan,Standard,2,0,0,0,0,0.0,0.0,0.0,0.0,LOW,NORMAL_CUSTOMER,STABLE_CUSTOMER,Low overall risk | Low severity | Low frequency
C004742,Tiffany,Gonzalez,Saudi Arabia,Standard,1,0,0,0,0,0.0,0.0,0.0,0.0,LOW,NORMAL_CUSTOMER,STABLE_CUSTOMER,Low overall risk | Low severity | Low frequency
C004744,Leslie,Spencer,Other,Premium,1,1,1,0,0,30.0,16.25,0.0,16.88,LOW,NORMAL_CUSTOMER,FREQUENT_FRICTION,Frequency score 16.25 | Repeated problematic activity
C004745,Michelle,Turner,Saudi Arabia,Premium,4,0,0,1,1,40.0,0.62,28.0,24.59,MEDIUM,LOYAL_LOW_FRICTION_CUSTOMER,DEVELOPING_FRICTION,Emerging risk indicators | Early persistence signal
C004746,Amanda,Miller,Saudi Arabia,Standard,1,0,0,0,0,0.0,0.0,0.0,0.0,LOW,NORMAL_CUSTOMER,STABLE_CUSTOMER,Low overall risk | Low severity | Low frequency
C004747,Jacob,Knight,Saudi Arabia,Standard,1,0,0,0,0,0.0,0.0,0.0,0.0,LOW,NORMAL_CUSTOMER,STABLE_CUSTOMER,Low overall risk | Low severity | Low frequency
C004749,Stephen,Gardner,United Arab Emirates,Premium,2,0,0,0,0,0.0,0.0,0.0,0.0,LOW,NORMAL_CUSTOMER,STABLE_CUSTOMER,Low overall risk | Low severity | Low frequency
C004750,Sara,Bennett,United States,Standard,3,0,0,1,1,40.0,0.83,30.0,25.25,MEDIUM,LOYAL_LOW_FRICTION_CUSTOMER,DEVELOPING_FRICTION,Emerging risk indicators | Early persistence signal
C004751,Andrew,Liu,United Arab Emirates,Premium,1,2,2,2,1,60.0,37.5,30.0,44.25,MEDIUM,NORMAL_CUSTOMER,FREQUENT_FRICTION,Frequency score 37.50 | Repeated problematic activity
C004752,John,Kim,United Arab Emirates,Standard,1,0,0,0,0,0.0,0.0,0.0,0.0,LOW,NORMAL_CUSTOMER,STABLE_CUSTOMER,Low overall risk | Low severity | Low frequency
C004753,Alyssa,Taylor,United Kingdom,Premium,4,5,5,4,2,65.0,22.81,59.0,50.54,HIGH,FRICTION_PRONE_CUSTOMER,PERSISTENT_RISK,Repeated problematic journeys | Persistence score 59.00
C004754,Matthew,Ramos,Pakistan,Premium,3,2,2,0,0,35.0,10.83,0.0,17.25,LOW,LOYAL_LOW_FRICTION_CUSTOMER,LOYAL_STABLE_CUSTOMER,Multiple bookings | Low journey friction | Minimal problematic journeys
C004755,Phillip,Edwards,Other,Standard,2,0,0,0,0,0.0,0.0,0.0,0.0,LOW,NORMAL_CUSTOMER,STABLE_CUSTOMER,Low overall risk | Low severity | Low frequency
C004757,Michael,Marquez,Saudi Arabia,Standard,2,0,0,0,0,0.0,0.0,0.0,0.0,LOW,NORMAL_CUSTOMER,STABLE_CUSTOMER,Low overall risk | Low severity | Low frequency
C004758,Michael,Mcdonald,United States,VIP,5,1,1,1,1,75.0,3.75,26.0,38.92,MEDIUM,LOYAL_LOW_FRICTION_CUSTOMER,RECENT_HIGH_SEVERITY,High severity score 75.00 | Limited evidence of repeated behavior
C004759,Colleen,Patterson,United Arab Emirates,Premium,3,3,3,2,1,60.0,17.92,30.0,38.38,MEDIUM,NORMAL_CUSTOMER,FREQUENT_FRICTION,Frequency score 17.92 | Repeated problematic activity
C004760,Joel,Fisher,Other,VIP,1,0,0,0,0,0.0,0.0,0.0,0.0,LOW,NORMAL_CUSTOMER,STABLE_CUSTOMER,Low overall risk | Low severity | Low frequency
C004761,Tiffany,Jenkins,United Arab Emirates,Standard,3,0,0,2,2,45.0,1.67,65.67,38.2,MEDIUM,NORMAL_CUSTOMER,PERSISTENT_RISK,Repeated problematic journeys | Persistence score 65.67
C004762,Walter,Johnson,Other,Standard,1,0,0,0,0,0.0,0.0,0.0,0.0,LOW,NORMAL_CUSTOMER,STABLE_CUSTOMER,Low overall risk | Low severity | Low frequency
C004763,Lisa,Hansen,United States,Premium,1,1,1,0,0,30.0,16.25,0.0,16.88,LOW,NORMAL_CUSTOMER,FREQUENT_FRICTION,Frequency score 16.25 | Repeated problematic activity
C004764,Connie,Bernard,Saudi Arabia,Premium,4,1,1,2,2,75.0,5.31,59.0,49.29,HIGH,FRICTION_PRONE_CUSTOMER,PERSISTENT_RISK,Repeated problematic journeys | Persistence score 59.00
C004765,Natasha,Fisher,Pakistan,Standard,1,1,1,0,0,35.0,16.25,0.0,18.88,LOW,NORMAL_CUSTOMER,FREQUENT_FRICTION,Frequency score 16.25 | Repeated problematic activity
C004766,Pamela,Campos,Other,Standard,1,1,1,0,0,30.0,16.25,0.0,16.88,LOW,NORMAL_CUSTOMER,FREQUENT_FRICTION,Frequency score 16.25 | Repeated problematic activity
C004767,Lisa,Gilbert,Other,Standard,1,0,0,1,1,40.0,2.5,30.0,25.75,MEDIUM,NORMAL_CUSTOMER,DEVELOPING_FRICTION,Emerging risk indicators | Early persistence signal
C004769,Angela,Sanchez,United Kingdom,Premium,1,2,2,2,1,65.0,37.5,30.0,46.25,MEDIUM,NORMAL_CUSTOMER,FREQUENT_FRICTION,Frequency score 37.50 | Repeated problematic activity
C004770,Joshua,Hunt,United Arab Emirates,Standard,4,1,1,0,0,35.0,4.06,0.0,15.22,LOW,LOYAL_LOW_FRICTION_CUSTOMER,LOYAL_STABLE_CUSTOMER,Multiple bookings | Low journey friction | Minimal problematic journeys
C004771,Edward,Martinez,Saudi Arabia,Standard,2,1,1,0,0,30.0,8.12,0.0,14.44,LOW,NORMAL_CUSTOMER,STABLE_CUSTOMER,Low overall risk | Low severity | Low frequency
C004772,Penny,Daniels,United Arab Emirates,Standard,1,0,0,0,0,0.0,0.0,0.0,0.0,LOW,NORMAL_CUSTOMER,STABLE_CUSTOMER,Low overall risk | Low severity | Low frequency
C004774,Christopher,Carter,United States,Premium,1,0,0,0,0,0.0,0.0,0.0,0.0,LOW,NORMAL_CUSTOMER,STABLE_CUSTOMER,Low overall risk | Low severity | Low frequency
C004775,Patrick,Campos,United Arab Emirates,Standard,2,1,1,0,0,30.0,8.12,0.0,14.44,LOW,NORMAL_CUSTOMER,STABLE_CUSTOMER,Low overall risk | Low severity | Low frequency
C004776,Susan,Long,United States,Standard,2,2,2,2,1,60.0,18.75,30.0,38.62,MEDIUM,NORMAL_CUSTOMER,FREQUENT_FRICTION,Frequency score 18.75 | Repeated problematic activity
C004777,Cheyenne,Powell,Saudi Arabia,Premium,2,1,1,1,1,40.0,9.38,30.0,27.81,MEDIUM,NORMAL_CUSTOMER,DEVELOPING_FRICTION,Emerging risk indicators | Increasing problem frequency | Early persistence signal
C004778,Connie,Smith,United Arab Emirates,Standard,3,0,0,1,1,40.0,0.83,30.0,25.25,MEDIUM,LOYAL_LOW_FRICTION_CUSTOMER,DEVELOPING_FRICTION,Emerging risk indicators | Early persistence signal
C004779,Jeremy,Aguirre,Saudi Arabia,Standard,1,0,0,0,0,0.0,0.0,0.0,0.0,LOW,NORMAL_CUSTOMER,STABLE_CUSTOMER,Low overall risk | Low severity | Low frequency
C004780,John,Golden,Saudi Arabia,Premium,1,0,0,0,0,0.0,0.0,0.0,0.0,LOW,NORMAL_CUSTOMER,STABLE_CUSTOMER,Low overall risk | Low severity | Low frequency
C004781,Eric,Stevens,Saudi Arabia,Standard,8,2,2,2,2,40.0,4.69,49.0,32.11,MEDIUM,NORMAL_CUSTOMER,DEVELOPING_FRICTION,Emerging risk indicators | Early persistence signal
C004782,Tara,Brown,Saudi Arabia,Premium,1,2,2,2,1,60.0,37.5,30.0,44.25,MEDIUM,NORMAL_CUSTOMER,FREQUENT_FRICTION,Frequency score 37.50 | Repeated problematic activity
C004783,Renee,Brown,Pakistan,Standard,1,0,0,0,0,0.0,0.0,0.0,0.0,LOW,NORMAL_CUSTOMER,STABLE_CUSTOMER,Low overall risk | Low severity | Low frequency
C004784,Mark,Gallegos,Saudi Arabia,Premium,1,1,1,0,0,30.0,16.25,0.0,16.88,LOW,NORMAL_CUSTOMER,FREQUENT_FRICTION,Frequency score 16.25 | Repeated problematic activity
C004785,Amy,Santos,United Arab Emirates,Standard,2,2,2,3,2,65.0,20.0,79.0,55.7,HIGH,FRICTION_PRONE_CUSTOMER,PERSISTENT_RISK,Repeated problematic journeys | Persistence score 79.00
C004786,Jamie,Cook,United Arab Emirates,Standard,2,0,0,1,1,40.0,1.25,30.0,25.38,MEDIUM,NORMAL_CUSTOMER,DEVELOPING_FRICTION,Emerging risk indicators | Early persistence signal
C004788,Amber,Roberts,Other,VIP,1,0,0,0,0,0.0,0.0,0.0,0.0,LOW,NORMAL_CUSTOMER,STABLE_CUSTOMER,Low overall risk | Low severity | Low frequency
C004789,Lauren,Olson,United Arab Emirates,VIP,1,0,0,1,1,40.0,2.5,30.0,25.75,MEDIUM,NORMAL_CUSTOMER,DEVELOPING_FRICTION,Emerging risk indicators | Early persistence signal
C004791,Kyle,Brown,Saudi Arabia,Standard,4,1,1,2,2,70.0,5.31,59.0,47.29,MEDIUM,NORMAL_CUSTOMER,PERSISTENT_RISK,Repeated problematic journeys | Persistence score 59.00
C004793,Alexandria,Craig,Saudi Arabia,Standard,2,1,1,0,0,30.0,8.12,0.0,14.44,LOW,NORMAL_CUSTOMER,STABLE_CUSTOMER,Low overall risk | Low severity | Low frequency
C004796,Theresa,Harris,United Arab Emirates,Premium,4,0,0,1,1,45.0,0.62,28.0,26.59,MEDIUM,LOYAL_LOW_FRICTION_CUSTOMER,DEVELOPING_FRICTION,Emerging risk indicators | Early persistence signal
C004797,Dustin,Thomas,Saudi Arabia,Premium,2,2,2,0,0,35.0,16.25,0.0,18.88,LOW,NORMAL_CUSTOMER,FREQUENT_FRICTION,Frequency score 16.25 | Repeated problematic activity
C004798,Sarah,Yang,United States,Standard,3,2,2,2,1,65.0,12.5,30.0,38.75,MEDIUM,LOYAL_LOW_FRICTION_CUSTOMER,DEVELOPING_FRICTION,Emerging risk indicators | Increasing problem frequency | Early persistence signal
C004799,Sally,Simpson,Saudi Arabia,Premium,2,0,0,0,0,0.0,0.0,0.0,0.0,LOW,NORMAL_CUSTOMER,STABLE_CUSTOMER,Low overall risk | Low severity | Low frequency
C004800,Lonnie,Walker,Pakistan,Standard,3,3,3,2,1,65.0,17.92,30.0,40.38,MEDIUM,NORMAL_CUSTOMER,FREQUENT_FRICTION,Frequency score 17.92 | Repeated problematic activity
C004801,Angela,Lowe,Saudi Arabia,Standard,1,1,1,0,0,30.0,16.25,0.0,16.88,LOW,NORMAL_CUSTOMER,FREQUENT_FRICTION,Frequency score 16.25 | Repeated problematic activity
C004802,Stacy,Phelps,Saudi Arabia,Premium,1,1,1,0,0,35.0,16.25,0.0,18.88,LOW,NORMAL_CUSTOMER,FREQUENT_FRICTION,Frequency score 16.25 | Repeated problematic activity
C004803,David,Turner,Other,Standard,1,2,2,2,1,60.0,37.5,30.0,44.25,MEDIUM,NORMAL_CUSTOMER,FREQUENT_FRICTION,Frequency score 37.50 | Repeated problematic activity
C004804,Lonnie,Collins,Saudi Arabia,Standard,2,0,0,0,0,0.0,0.0,0.0,0.0,LOW,NORMAL_CUSTOMER,STABLE_CUSTOMER,Low overall risk | Low severity | Low frequency
C004805,Nichole,Hays,United States,Premium,3,3,3,3,1,95.0,18.75,30.0,52.62,HIGH,FRICTION_PRONE_CUSTOMER,RECENT_HIGH_SEVERITY,High severity score 95.00 | Limited evidence of repeated behavior
C004806,Jessica,Smith,Pakistan,Standard,3,0,0,0,0,0.0,0.0,0.0,0.0,LOW,LOYAL_LOW_FRICTION_CUSTOMER,LOYAL_STABLE_CUSTOMER,Multiple bookings | Low journey friction | Minimal problematic journeys
C004807,Kathy,Washington,Saudi Arabia,Standard,2,2,2,2,1,65.0,18.75,30.0,40.62,MEDIUM,NORMAL_CUSTOMER,FREQUENT_FRICTION,Frequency score 18.75 | Repeated problematic activity
C004808,Nicole,Watts,Other,Premium,1,1,1,0,0,30.0,16.25,0.0,16.88,LOW,NORMAL_CUSTOMER,FREQUENT_FRICTION,Frequency score 16.25 | Repeated problematic activity
C004809,Robert,Wilson,Saudi Arabia,Standard,1,0,0,0,0,0.0,0.0,0.0,0.0,LOW,NORMAL_CUSTOMER,STABLE_CUSTOMER,Low overall risk | Low severity | Low frequency
C004810,Robert,Smith,Other,VIP,2,0,0,0,0,0.0,0.0,0.0,0.0,LOW,NORMAL_CUSTOMER,STABLE_CUSTOMER,Low overall risk | Low severity | Low frequency
C004811,Scott,Munoz,Saudi Arabia,Standard,1,0,0,0,0,0.0,0.0,0.0,0.0,LOW,NORMAL_CUSTOMER,STABLE_CUSTOMER,Low overall risk | Low severity | Low frequency
C004812,Sarah,Martinez,Other,Standard,1,0,0,1,1,40.0,2.5,30.0,25.75,MEDIUM,NORMAL_CUSTOMER,DEVELOPING_FRICTION,Emerging risk indicators | Early persistence signal
C004813,Patricia,Davis,Saudi Arabia,Premium,1,0,0,0,0,0.0,0.0,0.0,0.0,LOW,NORMAL_CUSTOMER,STABLE_CUSTOMER,Low overall risk | Low severity | Low frequency
C004814,Sarah,Harris,Pakistan,Standard,1,1,1,0,0,30.0,16.25,0.0,16.88,LOW,NORMAL_CUSTOMER,FREQUENT_FRICTION,Frequency score 16.25 | Repeated problematic activity
C004815,Joshua,Wells,United States,Premium,1,0,0,1,1,45.0,2.5,30.0,27.75,MEDIUM,NORMAL_CUSTOMER,DEVELOPING_FRICTION,Emerging risk indicators | Early persistence signal
C004816,Kimberly,Wall,Other,Premium,4,0,0,0,0,0.0,0.0,0.0,0.0,LOW,LOYAL_LOW_FRICTION_CUSTOMER,LOYAL_STABLE_CUSTOMER,Multiple bookings | Low journey friction | Minimal problematic journeys
C004818,Jack,Brown,United States,Standard,1,0,0,0,0,0.0,0.0,0.0,0.0,LOW,NORMAL_CUSTOMER,STABLE_CUSTOMER,Low overall risk | Low severity | Low frequency
C004819,Kathryn,Martinez,Other,Standard,1,0,0,0,0,0.0,0.0,0.0,0.0,LOW,NORMAL_CUSTOMER,STABLE_CUSTOMER,Low overall risk | Low severity | Low frequency
C004821,Joseph,Mcgrath,Saudi Arabia,Standard,3,1,1,0,0,35.0,5.42,0.0,15.63,LOW,LOYAL_LOW_FRICTION_CUSTOMER,LOYAL_STABLE_CUSTOMER,Multiple bookings | Low journey friction | Minimal problematic journeys
C004822,Ashley,Wilkins,Saudi Arabia,Standard,2,2,2,3,1,100.0,20.0,30.0,55.0,HIGH,FRICTION_PRONE_CUSTOMER,RECENT_HIGH_SEVERITY,High severity score 100.00 | Limited evidence of repeated behavior
C004823,Jerry,Skinner,United Arab Emirates,Standard,1,0,0,1,1,45.0,2.5,30.0,27.75,MEDIUM,NORMAL_CUSTOMER,DEVELOPING_FRICTION,Emerging risk indicators | Early persistence signal
C004824,Jesse,Payne,United Arab Emirates,Standard,1,0,0,1,1,40.0,2.5,30.0,25.75,MEDIUM,NORMAL_CUSTOMER,DEVELOPING_FRICTION,Emerging risk indicators | Early persistence signal
C004825,Grace,Underwood,Pakistan,Standard,1,0,0,1,1,45.0,2.5,30.0,27.75,MEDIUM,NORMAL_CUSTOMER,DEVELOPING_FRICTION,Emerging risk indicators | Early persistence signal
C004826,Michael,Maldonado,Saudi Arabia,VIP,1,0,0,1,1,40.0,2.5,30.0,25.75,MEDIUM,NORMAL_CUSTOMER,DEVELOPING_FRICTION,Emerging risk indicators | Early persistence signal
C004827,Hailey,Villarreal,United Kingdom,Standard,2,1,1,0,0,30.0,8.12,0.0,14.44,LOW,NORMAL_CUSTOMER,STABLE_CUSTOMER,Low overall risk | Low severity | Low frequency
C004828,Thomas,Williamson,Saudi Arabia,Standard,1,0,0,0,0,0.0,0.0,0.0,0.0,LOW,NORMAL_CUSTOMER,STABLE_CUSTOMER,Low overall risk | Low severity | Low frequency
C004832,Nathaniel,Cardenas,United Kingdom,Standard,1,0,0,0,0,0.0,0.0,0.0,0.0,LOW,NORMAL_CUSTOMER,STABLE_CUSTOMER,Low overall risk | Low severity | Low frequency
C004834,Travis,Jackson,Saudi Arabia,Standard,2,0,0,1,1,40.0,1.25,30.0,25.38,MEDIUM,NORMAL_CUSTOMER,DEVELOPING_FRICTION,Emerging risk indicators | Early persistence signal
C004835,Devin,Harmon,Pakistan,Premium,1,0,0,1,1,45.0,2.5,30.0,27.75,MEDIUM,NORMAL_CUSTOMER,DEVELOPING_FRICTION,Emerging risk indicators | Early persistence signal
C004836,James,Payne,Saudi Arabia,Standard,2,0,0,0,0,0.0,0.0,0.0,0.0,LOW,NORMAL_CUSTOMER,STABLE_CUSTOMER,Low overall risk | Low severity | Low frequency
C004837,Antonio,Alvarez,United Arab Emirates,Standard,1,0,0,1,1,45.0,2.5,30.0,27.75,MEDIUM,NORMAL_CUSTOMER,DEVELOPING_FRICTION,Emerging risk indicators | Early persistence signal
C004838,Kathy,Roberts,United Arab Emirates,Standard,4,2,2,3,2,65.0,10.0,59.0,46.7,MEDIUM,NORMAL_CUSTOMER,PERSISTENT_RISK,Repeated problematic journeys | Persistence score 59.00
C004840,Joseph,Haley,Saudi Arabia,Standard,2,0,0,0,0,0.0,0.0,0.0,0.0,LOW,NORMAL_CUSTOMER,STABLE_CUSTOMER,Low overall risk | Low severity | Low frequency
C004841,Robert,Vasquez,Other,Premium,2,1,1,2,2,80.0,10.62,79.0,58.89,HIGH,FRICTION_PRONE_CUSTOMER,PERSISTENT_RISK,Repeated problematic journeys | Persistence score 79.00
C004842,Julia,Contreras,Other,Standard,3,0,0,1,1,45.0,0.83,30.0,27.25,MEDIUM,LOYAL_LOW_FRICTION_CUSTOMER,DEVELOPING_FRICTION,Emerging risk indicators | Early persistence signal
C004844,Katherine,Wolfe,Saudi Arabia,Standard,2,0,0,1,1,40.0,1.25,30.0,25.38,MEDIUM,NORMAL_CUSTOMER,DEVELOPING_FRICTION,Emerging risk indicators | Early persistence signal
C004845,Carl,Rodriguez,Saudi Arabia,Premium,1,1,1,1,1,75.0,18.75,30.0,44.62,MEDIUM,NORMAL_CUSTOMER,RECENT_HIGH_SEVERITY,High severity score 75.00 | Limited evidence of repeated behavior
C004846,Sara,Butler,United Arab Emirates,Premium,1,0,0,0,0,0.0,0.0,0.0,0.0,LOW,NORMAL_CUSTOMER,STABLE_CUSTOMER,Low overall risk | Low severity | Low frequency
C004847,Valerie,Coleman,Other,VIP,2,0,0,0,0,0.0,0.0,0.0,0.0,LOW,NORMAL_CUSTOMER,STABLE_CUSTOMER,Low overall risk | Low severity | Low frequency
C004848,Michelle,Johnson,Saudi Arabia,Premium,1,0,0,0,0,0.0,0.0,0.0,0.0,LOW,NORMAL_CUSTOMER,STABLE_CUSTOMER,Low overall risk | Low severity | Low frequency
C004849,Tracy,Bryant,United States,Standard,1,0,0,0,0,0.0,0.0,0.0,0.0,LOW,NORMAL_CUSTOMER,STABLE_CUSTOMER,Low overall risk | Low severity | Low frequency
C004850,Mark,Elliott,Saudi Arabia,Premium,3,2,2,1,1,40.0,11.67,30.0,28.5,MEDIUM,NORMAL_CUSTOMER,DEVELOPING_FRICTION,Emerging risk indicators | Increasing problem frequency | Early persistence signal
C004851,Stephen,Smith,Other,Standard,1,0,0,0,0,0.0,0.0,0.0,0.0,LOW,NORMAL_CUSTOMER,STABLE_CUSTOMER,Low overall risk | Low severity | Low frequency
C004853,Richard,Brewer,United States,Standard,1,0,0,0,0,0.0,0.0,0.0,0.0,LOW,NORMAL_CUSTOMER,STABLE_CUSTOMER,Low overall risk | Low severity | Low frequency
C004854,Bobby,Barry,United Arab Emirates,Premium,2,0,0,0,0,0.0,0.0,0.0,0.0,LOW,NORMAL_CUSTOMER,STABLE_CUSTOMER,Low overall risk | Low severity | Low frequency
C004855,Jill,Harvey,Pakistan,Standard,5,3,3,1,1,45.0,10.25,26.0,28.88,MEDIUM,LOYAL_LOW_FRICTION_CUSTOMER,DEVELOPING_FRICTION,Emerging risk indicators | Increasing problem frequency | Early persistence signal
C004856,Omar,Williams,Saudi Arabia,Standard,1,0,0,0,0,0.0,0.0,0.0,0.0,LOW,NORMAL_CUSTOMER,STABLE_CUSTOMER,Low overall risk | Low severity | Low frequency
C004857,Lawrence,Meadows,Saudi Arabia,Standard,2,1,1,0,0,30.0,8.12,0.0,14.44,LOW,NORMAL_CUSTOMER,STABLE_CUSTOMER,Low overall risk | Low severity | Low frequency
C004858,Cheryl,Estes,Other,Standard,1,1,1,0,0,35.0,16.25,0.0,18.88,LOW,NORMAL_CUSTOMER,FREQUENT_FRICTION,Frequency score 16.25 | Repeated problematic activity
C004859,Julia,Mcdonald,Other,Standard,3,0,0,1,1,40.0,0.83,30.0,25.25,MEDIUM,LOYAL_LOW_FRICTION_CUSTOMER,DEVELOPING_FRICTION,Emerging risk indicators | Early persistence signal
C004860,Brittney,Sharp,Other,Premium,3,2,2,4,2,100.0,14.17,65.67,63.95,HIGH,FRICTION_PRONE_CUSTOMER,PERSISTENT_RISK,Repeated problematic journeys | Persistence score 65.67
C004862,Nancy,Holden,United States,Standard,1,0,0,0,0,0.0,0.0,0.0,0.0,LOW,NORMAL_CUSTOMER,STABLE_CUSTOMER,Low overall risk | Low severity | Low frequency
C004865,Shannon,Gordon,United Arab Emirates,Premium,1,0,0,0,0,0.0,0.0,0.0,0.0,LOW,NORMAL_CUSTOMER,STABLE_CUSTOMER,Low overall risk | Low severity | Low frequency
C004866,Margaret,Bailey,Pakistan,Standard,3,0,0,0,0,0.0,0.0,0.0,0.0,LOW,LOYAL_LOW_FRICTION_CUSTOMER,LOYAL_STABLE_CUSTOMER,Multiple bookings | Low journey friction | Minimal problematic journeys
C004867,Bobby,Mccarthy,United Arab Emirates,Standard,2,0,0,0,0,0.0,0.0,0.0,0.0,LOW,NORMAL_CUSTOMER,STABLE_CUSTOMER,Low overall risk | Low severity | Low frequency
C004868,Wendy,Myers,Saudi Arabia,Standard,2,1,1,0,0,30.0,8.12,0.0,14.44,LOW,NORMAL_CUSTOMER,STABLE_CUSTOMER,Low overall risk | Low severity | Low frequency
C004869,April,Brown,Pakistan,Standard,2,1,1,0,0,30.0,8.12,0.0,14.44,LOW,NORMAL_CUSTOMER,STABLE_CUSTOMER,Low overall risk | Low severity | Low frequency
C004870,Randall,Rios,United States,Standard,3,3,3,5,3,95.0,20.42,91.0,71.43,HIGH,FRICTION_PRONE_CUSTOMER,PERSISTENT_RISK,Repeated problematic journeys | Persistence score 91.00
C004874,Crystal,Espinoza,Saudi Arabia,Standard,6,0,0,1,1,40.0,0.42,24.67,23.53,LOW,LOYAL_LOW_FRICTION_CUSTOMER,LOYAL_STABLE_CUSTOMER,Multiple bookings | Low journey friction | Minimal problematic journeys
C004875,Brandon,Buchanan,Saudi Arabia,Standard,1,0,0,1,1,45.0,2.5,30.0,27.75,MEDIUM,NORMAL_CUSTOMER,DEVELOPING_FRICTION,Emerging risk indicators | Early persistence signal
C004876,Kelly,Ramirez,Pakistan,Standard,5,3,3,1,1,75.0,10.25,26.0,40.88,MEDIUM,LOYAL_LOW_FRICTION_CUSTOMER,RECENT_HIGH_SEVERITY,High severity score 75.00 | Limited evidence of repeated behavior
C004877,Raymond,Farmer,Pakistan,Standard,3,0,0,1,1,40.0,0.83,30.0,25.25,MEDIUM,LOYAL_LOW_FRICTION_CUSTOMER,DEVELOPING_FRICTION,Emerging risk indicators | Early persistence signal
C004879,Maria,Long,United Arab Emirates,Premium,2,2,2,2,1,65.0,18.75,30.0,40.62,MEDIUM,NORMAL_CUSTOMER,FREQUENT_FRICTION,Frequency score 18.75 | Repeated problematic activity
C004880,Steven,Hendricks,United States,Standard,1,0,0,0,0,0.0,0.0,0.0,0.0,LOW,NORMAL_CUSTOMER,STABLE_CUSTOMER,Low overall risk | Low severity | Low frequency
C004881,Roberto,Brewer,Saudi Arabia,Premium,2,2,2,0,0,35.0,16.25,0.0,18.88,LOW,NORMAL_CUSTOMER,FREQUENT_FRICTION,Frequency score 16.25 | Repeated problematic activity
C004883,Brian,Ruiz,United States,Standard,2,1,1,1,1,40.0,9.38,30.0,27.81,MEDIUM,NORMAL_CUSTOMER,DEVELOPING_FRICTION,Emerging risk indicators | Increasing problem frequency | Early persistence signal
C004884,Zachary,Hopkins,Saudi Arabia,Standard,2,0,0,0,0,0.0,0.0,0.0,0.0,LOW,NORMAL_CUSTOMER,STABLE_CUSTOMER,Low overall risk | Low severity | Low frequency
C004885,Douglas,Johnston,Saudi Arabia,Standard,1,0,0,0,0,0.0,0.0,0.0,0.0,LOW,NORMAL_CUSTOMER,STABLE_CUSTOMER,Low overall risk | Low severity | Low frequency
C004887,Shannon,Rowe,United Arab Emirates,Premium,2,0,0,1,1,45.0,1.25,30.0,27.38,MEDIUM,NORMAL_CUSTOMER,DEVELOPING_FRICTION,Emerging risk indicators | Early persistence signal
C004888,Jennifer,Fox,United Kingdom,Premium,3,0,0,0,0,0.0,0.0,0.0,0.0,LOW,LOYAL_LOW_FRICTION_CUSTOMER,LOYAL_STABLE_CUSTOMER,Multiple bookings | Low journey friction | Minimal problematic journeys
C004889,Daniel,Anderson,Saudi Arabia,Standard,1,1,1,0,0,30.0,16.25,0.0,16.88,LOW,NORMAL_CUSTOMER,FREQUENT_FRICTION,Frequency score 16.25 | Repeated problematic activity
C004890,Kimberly,Nguyen,United Kingdom,Standard,2,0,0,1,1,45.0,1.25,30.0,27.38,MEDIUM,NORMAL_CUSTOMER,DEVELOPING_FRICTION,Emerging risk indicators | Early persistence signal
C004892,Heather,Bailey,Saudi Arabia,Standard,2,1,1,0,0,35.0,8.12,0.0,16.44,LOW,NORMAL_CUSTOMER,STABLE_CUSTOMER,Low overall risk | Low severity | Low frequency
C004893,Derek,Williamson,Pakistan,Premium,1,0,0,0,0,0.0,0.0,0.0,0.0,LOW,NORMAL_CUSTOMER,STABLE_CUSTOMER,Low overall risk | Low severity | Low frequency
C004894,Robert,Powell,Saudi Arabia,Standard,2,0,0,1,1,45.0,1.25,30.0,27.38,MEDIUM,NORMAL_CUSTOMER,DEVELOPING_FRICTION,Emerging risk indicators | Early persistence signal
C004896,Harold,Christian,Saudi Arabia,Standard,4,1,1,1,1,75.0,4.69,28.0,39.81,MEDIUM,LOYAL_LOW_FRICTION_CUSTOMER,RECENT_HIGH_SEVERITY,High severity score 75.00 | Limited evidence of repeated behavior
C004898,Jennifer,Davis,Saudi Arabia,Standard,3,0,0,1,1,45.0,0.83,30.0,27.25,MEDIUM,LOYAL_LOW_FRICTION_CUSTOMER,DEVELOPING_FRICTION,Emerging risk indicators | Early persistence signal
C004899,James,Rodriguez,Saudi Arabia,Standard,1,2,2,2,1,65.0,37.5,30.0,46.25,MEDIUM,NORMAL_CUSTOMER,FREQUENT_FRICTION,Frequency score 37.50 | Repeated problematic activity
C004900,Shawn,Villa,Other,Standard,1,2,2,3,1,65.0,40.0,30.0,47.0,MEDIUM,NORMAL_CUSTOMER,FREQUENT_FRICTION,Frequency score 40.00 | Repeated problematic activity
C004904,Laura,Stokes,United Arab Emirates,Standard,1,0,0,0,0,0.0,0.0,0.0,0.0,LOW,NORMAL_CUSTOMER,STABLE_CUSTOMER,Low overall risk | Low severity | Low frequency
C004905,Jennifer,Oconnor,Other,Standard,1,0,0,1,1,40.0,2.5,30.0,25.75,MEDIUM,NORMAL_CUSTOMER,DEVELOPING_FRICTION,Emerging risk indicators | Early persistence signal
C004906,David,Young,Saudi Arabia,Premium,1,0,0,0,0,0.0,0.0,0.0,0.0,LOW,NORMAL_CUSTOMER,STABLE_CUSTOMER,Low overall risk | Low severity | Low frequency
C004907,Danny,Yoder,Other,Premium,1,1,1,1,1,75.0,18.75,30.0,44.62,MEDIUM,NORMAL_CUSTOMER,RECENT_HIGH_SEVERITY,High severity score 75.00 | Limited evidence of repeated behavior
C004908,Shannon,Thompson,Saudi Arabia,Standard,1,0,0,0,0,0.0,0.0,0.0,0.0,LOW,NORMAL_CUSTOMER,STABLE_CUSTOMER,Low overall risk | Low severity | Low frequency
C004909,Michael,Stafford,United Kingdom,Standard,2,0,0,0,0,0.0,0.0,0.0,0.0,LOW,NORMAL_CUSTOMER,STABLE_CUSTOMER,Low overall risk | Low severity | Low frequency
C004910,Alexandria,Campos,Pakistan,Standard,1,0,0,0,0,0.0,0.0,0.0,0.0,LOW,NORMAL_CUSTOMER,STABLE_CUSTOMER,Low overall risk | Low severity | Low frequency
C004911,Patrick,Fisher,Other,Premium,2,0,0,0,0,0.0,0.0,0.0,0.0,LOW,NORMAL_CUSTOMER,STABLE_CUSTOMER,Low overall risk | Low severity | Low frequency
C004912,Kylie,Brown,Pakistan,Standard,4,0,0,0,0,0.0,0.0,0.0,0.0,LOW,LOYAL_LOW_FRICTION_CUSTOMER,LOYAL_STABLE_CUSTOMER,Multiple bookings | Low journey friction | Minimal problematic journeys
C004913,William,Salazar,Pakistan,Standard,2,3,3,2,1,65.0,26.88,30.0,43.06,MEDIUM,NORMAL_CUSTOMER,FREQUENT_FRICTION,Frequency score 26.88 | Repeated problematic activity
C004914,Stephanie,Wilson,Saudi Arabia,Standard,1,0,0,0,0,0.0,0.0,0.0,0.0,LOW,NORMAL_CUSTOMER,STABLE_CUSTOMER,Low overall risk | Low severity | Low frequency
C004916,Oscar,Jones,Other,Standard,4,0,0,1,1,40.0,0.62,28.0,24.59,MEDIUM,LOYAL_LOW_FRICTION_CUSTOMER,DEVELOPING_FRICTION,Emerging risk indicators | Early persistence signal
C004917,Kayla,Hines,United Arab Emirates,Standard,4,0,0,3,3,45.0,1.88,81.0,42.86,MEDIUM,NORMAL_CUSTOMER,PERSISTENT_RISK,Repeated problematic journeys | Persistence score 81.00
C004918,Rhonda,Obrien,United Arab Emirates,Standard,6,1,1,1,1,40.0,3.12,24.67,24.34,MEDIUM,LOYAL_LOW_FRICTION_CUSTOMER,LOYAL_STABLE_CUSTOMER,Multiple bookings | Low journey friction | Minimal problematic journeys
C004921,Edward,Morris,Other,Standard,6,0,0,0,0,0.0,0.0,0.0,0.0,LOW,LOYAL_LOW_FRICTION_CUSTOMER,LOYAL_STABLE_CUSTOMER,Multiple bookings | Low journey friction | Minimal problematic journeys
C004923,Harold,Gray,Pakistan,Standard,2,0,0,0,0,0.0,0.0,0.0,0.0,LOW,NORMAL_CUSTOMER,STABLE_CUSTOMER,Low overall risk | Low severity | Low frequency
C004925,Robert,Berry,Saudi Arabia,Premium,2,2,2,3,2,65.0,20.0,79.0,55.7,HIGH,FRICTION_PRONE_CUSTOMER,PERSISTENT_RISK,Repeated problematic journeys | Persistence score 79.00
C004926,Kyle,Gonzalez,Saudi Arabia,Standard,1,0,0,0,0,0.0,0.0,0.0,0.0,LOW,NORMAL_CUSTOMER,STABLE_CUSTOMER,Low overall risk | Low severity | Low frequency
C004927,Kayla,King,United Arab Emirates,Standard,2,1,1,0,0,30.0,8.12,0.0,14.44,LOW,NORMAL_CUSTOMER,STABLE_CUSTOMER,Low overall risk | Low severity | Low frequency
C004928,Sean,Kim,Saudi Arabia,Standard,1,0,0,0,0,0.0,0.0,0.0,0.0,LOW,NORMAL_CUSTOMER,STABLE_CUSTOMER,Low overall risk | Low severity | Low frequency
C004929,Courtney,Mitchell,United Kingdom,Premium,4,2,2,2,1,65.0,9.38,28.0,37.21,MEDIUM,LOYAL_LOW_FRICTION_CUSTOMER,DEVELOPING_FRICTION,Emerging risk indicators | Increasing problem frequency | Early persistence signal
C004930,David,Harris,Other,Standard,2,1,1,1,1,75.0,9.38,30.0,41.81,MEDIUM,NORMAL_CUSTOMER,RECENT_HIGH_SEVERITY,High severity score 75.00 | Limited evidence of repeated behavior
C004931,David,Martin,United Arab Emirates,Premium,4,0,0,1,1,40.0,0.62,28.0,24.59,MEDIUM,LOYAL_LOW_FRICTION_CUSTOMER,DEVELOPING_FRICTION,Emerging risk indicators | Early persistence signal
C004932,James,Cervantes,United Arab Emirates,Standard,2,1,1,0,0,30.0,8.12,0.0,14.44,LOW,NORMAL_CUSTOMER,STABLE_CUSTOMER,Low overall risk | Low severity | Low frequency
C004933,Cindy,Stokes,Other,Premium,1,0,0,0,0,0.0,0.0,0.0,0.0,LOW,NORMAL_CUSTOMER,STABLE_CUSTOMER,Low overall risk | Low severity | Low frequency
C004934,Johnny,Lee,United Arab Emirates,Standard,4,2,2,4,2,100.0,10.62,59.0,60.89,HIGH,FRICTION_PRONE_CUSTOMER,PERSISTENT_RISK,Repeated problematic journeys | Persistence score 59.00
C004935,Stephen,Perkins,United Arab Emirates,Standard,1,0,0,0,0,0.0,0.0,0.0,0.0,LOW,NORMAL_CUSTOMER,STABLE_CUSTOMER,Low overall risk | Low severity | Low frequency
C004936,Melissa,Soto,United Arab Emirates,Standard,3,1,1,0,0,30.0,5.42,0.0,13.63,LOW,LOYAL_LOW_FRICTION_CUSTOMER,LOYAL_STABLE_CUSTOMER,Multiple bookings | Low journey friction | Minimal problematic journeys
C004937,Amy,Barnett,Other,VIP,1,2,2,3,1,100.0,40.0,30.0,61.0,HIGH,FRICTION_PRONE_CUSTOMER,RECENT_HIGH_SEVERITY,High severity score 100.00 | Limited evidence of repeated behavior
C004938,Adam,Harris,Pakistan,Premium,1,0,0,0,0,0.0,0.0,0.0,0.0,LOW,NORMAL_CUSTOMER,STABLE_CUSTOMER,Low overall risk | Low severity | Low frequency
C004939,Nicole,Patrick,United States,Standard,3,1,1,1,1,80.0,6.25,30.0,42.88,MEDIUM,LOYAL_LOW_FRICTION_CUSTOMER,RECENT_HIGH_SEVERITY,High severity score 80.00 | Limited evidence of repeated behavior
C004940,John,Barry,United States,Standard,3,0,0,0,0,0.0,0.0,0.0,0.0,LOW,LOYAL_LOW_FRICTION_CUSTOMER,LOYAL_STABLE_CUSTOMER,Multiple bookings | Low journey friction | Minimal problematic journeys
C004941,Brianna,Ward,United Arab Emirates,Standard,2,1,1,0,0,35.0,8.12,0.0,16.44,LOW,NORMAL_CUSTOMER,STABLE_CUSTOMER,Low overall risk | Low severity | Low frequency
C004942,Thomas,Russell,United Arab Emirates,Standard,1,0,0,0,0,0.0,0.0,0.0,0.0,LOW,NORMAL_CUSTOMER,STABLE_CUSTOMER,Low overall risk | Low severity | Low frequency
C004943,Robert,Payne,United States,Standard,1,0,0,0,0,0.0,0.0,0.0,0.0,LOW,NORMAL_CUSTOMER,STABLE_CUSTOMER,Low overall risk | Low severity | Low frequency
C004944,Christopher,Jones,United Arab Emirates,Standard,4,1,1,1,1,75.0,4.69,28.0,39.81,MEDIUM,LOYAL_LOW_FRICTION_CUSTOMER,RECENT_HIGH_SEVERITY,High severity score 75.00 | Limited evidence of repeated behavior
C004945,Carol,Lopez,United States,Standard,2,1,1,0,0,30.0,8.12,0.0,14.44,LOW,NORMAL_CUSTOMER,STABLE_CUSTOMER,Low overall risk | Low severity | Low frequency
C004946,John,Blair,Other,Standard,1,0,0,0,0,0.0,0.0,0.0,0.0,LOW,NORMAL_CUSTOMER,STABLE_CUSTOMER,Low overall risk | Low severity | Low frequency
C004947,Amy,Bartlett,Pakistan,Premium,2,0,0,1,1,40.0,1.25,30.0,25.38,MEDIUM,NORMAL_CUSTOMER,DEVELOPING_FRICTION,Emerging risk indicators | Early persistence signal
C004948,Christine,May,United Kingdom,Standard,1,1,1,0,0,30.0,16.25,0.0,16.88,LOW,NORMAL_CUSTOMER,FREQUENT_FRICTION,Frequency score 16.25 | Repeated problematic activity
C004949,Angela,Crawford,United States,Standard,3,2,2,3,3,75.0,13.33,91.0,61.3,HIGH,FRICTION_PRONE_CUSTOMER,PERSISTENT_RISK,Repeated problematic journeys | Persistence score 91.00
C004952,Eddie,Wells,Saudi Arabia,Standard,2,0,0,0,0,0.0,0.0,0.0,0.0,LOW,NORMAL_CUSTOMER,STABLE_CUSTOMER,Low overall risk | Low severity | Low frequency
C004954,Benjamin,Montgomery,United Kingdom,Standard,1,0,0,0,0,0.0,0.0,0.0,0.0,LOW,NORMAL_CUSTOMER,STABLE_CUSTOMER,Low overall risk | Low severity | Low frequency
C004955,Melissa,Hansen,United Arab Emirates,Standard,2,0,0,1,1,40.0,1.25,30.0,25.38,MEDIUM,NORMAL_CUSTOMER,DEVELOPING_FRICTION,Emerging risk indicators | Early persistence signal
C004956,Elizabeth,Taylor,United Kingdom,Premium,1,0,0,0,0,0.0,0.0,0.0,0.0,LOW,NORMAL_CUSTOMER,STABLE_CUSTOMER,Low overall risk | Low severity | Low frequency
C004957,Mary,Jones,United Arab Emirates,Standard,1,0,0,1,1,45.0,2.5,30.0,27.75,MEDIUM,NORMAL_CUSTOMER,DEVELOPING_FRICTION,Emerging risk indicators | Early persistence signal
C004958,Kenneth,Patterson,Pakistan,Standard,2,0,0,1,1,45.0,1.25,30.0,27.38,MEDIUM,NORMAL_CUSTOMER,DEVELOPING_FRICTION,Emerging risk indicators | Early persistence signal
C004959,Samantha,Bennett,Saudi Arabia,Premium,3,2,2,2,2,70.0,12.5,65.67,51.45,HIGH,FRICTION_PRONE_CUSTOMER,PERSISTENT_RISK,Repeated problematic journeys | Persistence score 65.67
C004960,Brandon,Jones,United Kingdom,Standard,1,0,0,0,0,0.0,0.0,0.0,0.0,LOW,NORMAL_CUSTOMER,STABLE_CUSTOMER,Low overall risk | Low severity | Low frequency
C004962,Gregory,Patton,Saudi Arabia,Standard,1,0,0,0,0,0.0,0.0,0.0,0.0,LOW,NORMAL_CUSTOMER,STABLE_CUSTOMER,Low overall risk | Low severity | Low frequency
C004963,Emily,Evans,Saudi Arabia,Standard,1,0,0,0,0,0.0,0.0,0.0,0.0,LOW,NORMAL_CUSTOMER,STABLE_CUSTOMER,Low overall risk | Low severity | Low frequency
C004965,Heather,Hall,United Arab Emirates,Standard,4,2,2,2,1,65.0,9.38,28.0,37.21,MEDIUM,LOYAL_LOW_FRICTION_CUSTOMER,DEVELOPING_FRICTION,Emerging risk indicators | Increasing problem frequency | Early persistence signal
C004966,Brooke,Guzman,Saudi Arabia,Premium,1,1,1,0,0,30.0,16.25,0.0,16.88,LOW,NORMAL_CUSTOMER,FREQUENT_FRICTION,Frequency score 16.25 | Repeated problematic activity
C004967,Kristin,Rivera,Other,Standard,2,2,2,2,1,65.0,18.75,30.0,40.62,MEDIUM,NORMAL_CUSTOMER,FREQUENT_FRICTION,Frequency score 18.75 | Repeated problematic activity
C004968,Gregory,Walker,United Kingdom,Standard,2,1,1,1,1,40.0,9.38,30.0,27.81,MEDIUM,NORMAL_CUSTOMER,DEVELOPING_FRICTION,Emerging risk indicators | Increasing problem frequency | Early persistence signal
C004969,Stanley,Shepard,Other,Standard,2,1,1,1,1,45.0,9.38,30.0,29.81,MEDIUM,NORMAL_CUSTOMER,DEVELOPING_FRICTION,Emerging risk indicators | Increasing problem frequency | Early persistence signal
C004970,Beth,Nielsen,United Arab Emirates,Standard,5,1,1,0,0,30.0,3.25,0.0,12.98,LOW,LOYAL_LOW_FRICTION_CUSTOMER,LOYAL_STABLE_CUSTOMER,Multiple bookings | Low journey friction | Minimal problematic journeys
C004971,Sarah,King,United Arab Emirates,Standard,2,0,0,1,1,45.0,1.25,30.0,27.38,MEDIUM,NORMAL_CUSTOMER,DEVELOPING_FRICTION,Emerging risk indicators | Early persistence signal
C004972,Christopher,Warner,Other,Premium,2,0,0,0,0,0.0,0.0,0.0,0.0,LOW,NORMAL_CUSTOMER,STABLE_CUSTOMER,Low overall risk | Low severity | Low frequency
C004973,Kevin,Jones,Pakistan,Premium,1,0,0,1,1,45.0,2.5,30.0,27.75,MEDIUM,NORMAL_CUSTOMER,DEVELOPING_FRICTION,Emerging risk indicators | Early persistence signal
C004974,Miguel,Savage,United Kingdom,Standard,1,1,1,1,1,70.0,18.75,30.0,42.62,MEDIUM,NORMAL_CUSTOMER,FREQUENT_FRICTION,Frequency score 18.75 | Repeated problematic activity
C004976,Carlos,Jones,United Arab Emirates,Premium,1,0,0,0,0,0.0,0.0,0.0,0.0,LOW,NORMAL_CUSTOMER,STABLE_CUSTOMER,Low overall risk | Low severity | Low frequency
C004977,Ronald,Johnston,Saudi Arabia,Standard,7,3,3,5,4,65.0,8.75,82.86,53.48,HIGH,FRICTION_PRONE_CUSTOMER,PERSISTENT_RISK,Repeated problematic journeys | Persistence score 82.86
C004978,Andrea,Castaneda,Saudi Arabia,Standard,1,0,0,0,0,0.0,0.0,0.0,0.0,LOW,NORMAL_CUSTOMER,STABLE_CUSTOMER,Low overall risk | Low severity | Low frequency
C004979,Kelly,Frederick,Saudi Arabia,Standard,1,1,1,0,0,35.0,16.25,0.0,18.88,LOW,NORMAL_CUSTOMER,FREQUENT_FRICTION,Frequency score 16.25 | Repeated problematic activity
C004980,Dennis,Porter,Saudi Arabia,Premium,3,0,0,0,0,0.0,0.0,0.0,0.0,LOW,LOYAL_LOW_FRICTION_CUSTOMER,LOYAL_STABLE_CUSTOMER,Multiple bookings | Low journey friction | Minimal problematic journeys
C004981,Heather,Ross,Other,Standard,1,0,0,0,0,0.0,0.0,0.0,0.0,LOW,NORMAL_CUSTOMER,STABLE_CUSTOMER,Low overall risk | Low severity | Low frequency
C004987,Daniel,Baker,United Kingdom,Premium,2,1,1,0,0,30.0,8.12,0.0,14.44,LOW,NORMAL_CUSTOMER,STABLE_CUSTOMER,Low overall risk | Low severity | Low frequency
C004988,Jessica,Johnson,Pakistan,Standard,3,0,0,2,2,45.0,1.67,65.67,38.2,MEDIUM,NORMAL_CUSTOMER,PERSISTENT_RISK,Repeated problematic journeys | Persistence score 65.67
C004989,Cristina,Morgan,United Kingdom,Standard,2,2,2,3,2,60.0,20.0,79.0,53.7,HIGH,FRICTION_PRONE_CUSTOMER,PERSISTENT_RISK,Repeated problematic journeys | Persistence score 79.00
C004990,Vanessa,Green,United States,Standard,1,0,0,1,1,45.0,2.5,30.0,27.75,MEDIUM,NORMAL_CUSTOMER,DEVELOPING_FRICTION,Emerging risk indicators | Early persistence signal
C004991,Timothy,Cook,Other,Standard,2,0,0,1,1,40.0,1.25,30.0,25.38,MEDIUM,NORMAL_CUSTOMER,DEVELOPING_FRICTION,Emerging risk indicators | Early persistence signal
C004992,Haley,Hubbard,Pakistan,Standard,1,0,0,0,0,0.0,0.0,0.0,0.0,LOW,NORMAL_CUSTOMER,STABLE_CUSTOMER,Low overall risk | Low severity | Low frequency
C004993,Sarah,Taylor,United Arab Emirates,Standard,3,0,0,0,0,0.0,0.0,0.0,0.0,LOW,LOYAL_LOW_FRICTION_CUSTOMER,LOYAL_STABLE_CUSTOMER,Multiple bookings | Low journey friction | Minimal problematic journeys
C004995,Justin,Gross,Saudi Arabia,Premium,4,1,1,1,1,40.0,4.69,28.0,25.81,MEDIUM,LOYAL_LOW_FRICTION_CUSTOMER,DEVELOPING_FRICTION,Emerging risk indicators | Early persistence signal
C004996,Chelsea,Glass,Other,Standard,1,0,0,0,0,0.0,0.0,0.0,0.0,LOW,NORMAL_CUSTOMER,STABLE_CUSTOMER,Low overall risk | Low severity | Low frequency
C004997,Leslie,Alvarado,Saudi Arabia,Premium,1,2,2,2,1,65.0,37.5,30.0,46.25,MEDIUM,NORMAL_CUSTOMER,FREQUENT_FRICTION,Frequency score 37.50 | Repeated problematic activity
C004998,Alicia,Johns,United Arab Emirates,Standard,1,0,0,0,0,0.0,0.0,0.0,0.0,LOW,NORMAL_CUSTOMER,STABLE_CUSTOMER,Low overall risk | Low severity | Low frequency
C004999,Wanda,Young,United States,Standard,1,0,0,0,0,0.0,0.0,0.0,0.0,LOW,NORMAL_CUSTOMER,STABLE_CUSTOMER,Low overall risk | Low severity | Low frequency
