customer_id,first_name,last_name,country,customer_segment,total_bookings,total_booking_value,average_booking_value,total_payment_attempts,total_failed_payments,total_successful_payments,total_retries,total_events,average_journey_duration,maximum_journey_duration,average_friction_score,maximum_friction_score,total_anomalies,critical_journeys,high_risk_journeys,customer_payment_attempts,customer_successful_payments,customer_failed_payments,customer_payment_success_rate,customer_risk_score,customer_risk_level,behavior_profile
C000002,Angel,Hart,Other,Standard,3,7712.4,2570.8,4,1,3,1,24,68.59,90.67,10.0,30.0,0,0,0,4,3,1,0.75,8.0,LOW,LOYAL_LOW_FRICTION_CUSTOMER
C000003,Joshua,Stone,United Kingdom,Premium,2,5780.57,2890.28,2,0,2,0,14,73.86,93.42,0.0,0.0,0,0,0,2,2,0,1.0,0.0,LOW,NORMAL_CUSTOMER
C000004,Jeffrey,Welch,Pakistan,Standard,1,1842.96,1842.96,1,0,1,0,7,51.73,51.73,0.0,0.0,0,0,0,1,1,0,1.0,0.0,LOW,NORMAL_CUSTOMER
C000005,Jill,Vasquez,Saudi Arabia,Standard,2,3260.06,1630.03,2,0,2,0,14,60.8,77.65,0.0,0.0,0,0,0,2,2,0,1.0,0.0,LOW,NORMAL_CUSTOMER
C000006,Erica,White,Saudi Arabia,Standard,1,4497.45,4497.45,1,0,1,0,7,69.98,69.98,0.0,0.0,0,0,0,1,1,0,1.0,0.0,LOW,NORMAL_CUSTOMER
C000007,Patricia,Lynch,Saudi Arabia,Standard,1,3455.41,3455.41,2,1,1,1,10,93.07,93.07,30.0,30.0,0,0,0,2,1,1,0.5,8.0,LOW,NORMAL_CUSTOMER
C000008,Christopher,Erickson,Other,Standard,2,5822.62,2911.31,2,0,2,0,14,46.02,51.33,0.0,0.0,0,0,0,2,2,0,1.0,0.0,LOW,NORMAL_CUSTOMER
C000010,Anthony,Smith,United Kingdom,Standard,3,12121.17,4040.39,3,0,3,0,21,63.1,68.5,0.0,0.0,0,0,0,3,3,0,1.0,0.0,LOW,LOYAL_LOW_FRICTION_CUSTOMER
C000011,Jeffery,Johnson,Saudi Arabia,Standard,1,2406.1,2406.1,1,0,1,0,7,60.67,60.67,0.0,0.0,0,0,0,1,1,0,1.0,0.0,LOW,NORMAL_CUSTOMER
C000012,William,Garrett,Other,Standard,2,6927.23,3463.62,4,2,2,2,19,73.24,93.73,50.0,100.0,3,1,0,4,2,2,0.5,51.0,HIGH,FRICTION_PRONE_CUSTOMER
C000013,Anthony,Wilson,United States,Premium,1,1750.67,1750.67,3,2,1,2,12,107.13,107.13,100.0,100.0,3,1,0,3,1,2,0.33,51.0,HIGH,FRICTION_PRONE_CUSTOMER
C000014,James,Charles,Saudi Arabia,Premium,1,589.09,589.09,2,1,1,1,10,60.47,60.47,30.0,30.0,0,0,0,2,1,1,0.5,8.0,LOW,NORMAL_CUSTOMER
C000016,Amy,Duarte,Saudi Arabia,Premium,1,3101.8,3101.8,1,0,1,0,7,79.47,79.47,0.0,0.0,0,0,0,1,1,0,1.0,0.0,LOW,NORMAL_CUSTOMER
C000017,Jeffrey,Gutierrez,United Arab Emirates,Standard,3,7188.97,2396.32,3,0,3,0,21,65.21,75.62,0.0,0.0,0,0,0,3,3,0,1.0,0.0,LOW,LOYAL_LOW_FRICTION_CUSTOMER
C000019,Lisa,Castro,United Arab Emirates,Premium,7,19257.99,2751.14,11,4,7,4,59,79.38,109.93,30.71,65.0,6,0,2,11,7,4,0.64,82.0,CRITICAL,HIGH_RISK_CUSTOMER
C000021,Linda,Smith,Pakistan,VIP,2,2187.74,1093.87,2,0,2,0,13,78.15,88.95,20.0,40.0,1,0,0,2,2,0,1.0,5.0,LOW,NORMAL_CUSTOMER
C000022,Helen,Harris,Saudi Arabia,Standard,3,6247.24,2082.41,3,0,3,0,21,52.93,62.52,0.0,0.0,0,0,0,3,3,0,1.0,0.0,LOW,LOYAL_LOW_FRICTION_CUSTOMER
C000023,Matthew,Campbell,Saudi Arabia,Standard,1,1485.49,1485.49,1,0,1,0,6,73.55,73.55,40.0,40.0,1,0,0,1,1,0,1.0,5.0,LOW,NORMAL_CUSTOMER
C000025,Susan,Parker,United Arab Emirates,Premium,2,6066.56,3033.28,2,0,2,0,14,72.36,88.55,0.0,0.0,0,0,0,2,2,0,1.0,0.0,LOW,NORMAL_CUSTOMER
C000026,Matthew,Hunter,United States,Standard,1,2902.33,2902.33,1,0,1,0,7,97.17,97.17,0.0,0.0,0,0,0,1,1,0,1.0,0.0,LOW,NORMAL_CUSTOMER
C000027,Christopher,Nguyen,Saudi Arabia,Standard,1,2273.86,2273.86,1,0,1,0,7,61.25,61.25,0.0,0.0,0,0,0,1,1,0,1.0,0.0,LOW,NORMAL_CUSTOMER
C000028,Colin,Smith,Pakistan,Premium,2,6859.04,3429.52,4,2,2,2,20,73.76,81.23,30.0,30.0,0,0,0,4,2,2,0.5,16.0,LOW,FRICTION_PRONE_CUSTOMER
C000029,Melanie,Jennings,Pakistan,Standard,3,11903.06,3967.69,3,0,3,0,19,70.01,81.45,26.67,40.0,2,0,0,3,3,0,1.0,10.0,LOW,LOYAL_LOW_FRICTION_CUSTOMER
C000031,Lindsay,Ramsey,Pakistan,Premium,1,4021.81,4021.81,2,1,1,1,10,45.53,45.53,30.0,30.0,0,0,0,2,1,1,0.5,8.0,LOW,NORMAL_CUSTOMER
C000033,Amanda,Johnson,Saudi Arabia,Standard,1,1287.64,1287.64,1,0,1,0,7,95.2,95.2,0.0,0.0,0,0,0,1,1,0,1.0,0.0,LOW,NORMAL_CUSTOMER
C000035,Nicholas,Rivera,Other,Standard,2,3213.44,1606.72,4,2,2,2,19,50.92,52.1,55.0,65.0,3,0,1,4,2,2,0.5,41.0,MEDIUM,FRICTION_PRONE_CUSTOMER
C000036,Andrea,Morgan,United States,Premium,1,4185.64,4185.64,1,0,1,0,7,43.3,43.3,0.0,0.0,0,0,0,1,1,0,1.0,0.0,LOW,NORMAL_CUSTOMER
C000037,Maria,Chambers,United Arab Emirates,VIP,1,1355.17,1355.17,1,0,1,0,7,93.22,93.22,0.0,0.0,0,0,0,1,1,0,1.0,0.0,LOW,NORMAL_CUSTOMER
C000039,Michelle,Robles,United Kingdom,Standard,3,8115.3,2705.1,3,0,3,0,20,66.51,85.63,15.0,45.0,1,0,0,3,3,0,1.0,5.0,LOW,LOYAL_LOW_FRICTION_CUSTOMER
C000041,Janet,Olson,Saudi Arabia,Standard,2,4848.79,2424.4,2,0,2,0,13,77.74,77.92,20.0,40.0,1,0,0,2,2,0,1.0,5.0,LOW,NORMAL_CUSTOMER
C000043,Jeremy,Mcclain,Saudi Arabia,Standard,2,2654.19,1327.09,2,0,2,0,13,83.6,87.7,20.0,40.0,1,0,0,2,2,0,1.0,5.0,LOW,NORMAL_CUSTOMER
C000044,Keith,Herrera,Other,Standard,1,4920.14,4920.14,1,0,1,0,6,49.9,49.9,45.0,45.0,1,0,0,1,1,0,1.0,5.0,LOW,NORMAL_CUSTOMER
C000045,Christopher,Rogers,Saudi Arabia,Premium,3,4953.31,1651.1,3,0,3,0,21,67.9,98.93,0.0,0.0,0,0,0,3,3,0,1.0,0.0,LOW,LOYAL_LOW_FRICTION_CUSTOMER
C000047,Craig,Gutierrez,United Arab Emirates,Premium,1,4009.48,4009.48,1,0,1,0,7,66.3,66.3,0.0,0.0,0,0,0,1,1,0,1.0,0.0,LOW,NORMAL_CUSTOMER
C000049,Cynthia,Conley,Pakistan,Standard,2,5359.21,2679.6,4,2,2,2,19,61.43,89.68,55.0,75.0,1,0,1,4,2,2,0.5,31.0,MEDIUM,FRICTION_PRONE_CUSTOMER
C000050,Michael,Evans,Saudi Arabia,Standard,1,1035.62,1035.62,2,1,1,1,10,44.22,44.22,30.0,30.0,0,0,0,2,1,1,0.5,8.0,LOW,NORMAL_CUSTOMER
C000052,Jason,Stewart,United States,Standard,1,2532.53,2532.53,1,0,1,0,7,84.23,84.23,0.0,0.0,0,0,0,1,1,0,1.0,0.0,LOW,NORMAL_CUSTOMER
C000053,Joseph,Herrera,Other,Premium,2,5431.52,2715.76,3,1,2,1,15,52.77,55.62,55.0,70.0,2,0,1,3,2,1,0.67,28.0,MEDIUM,FRICTION_PRONE_CUSTOMER
C000054,Sharon,Clark,Other,Standard,2,3924.74,1962.37,3,1,2,1,17,36.44,37.38,15.0,30.0,0,0,0,3,2,1,0.67,8.0,LOW,NORMAL_CUSTOMER
C000055,Deborah,Jennings,Pakistan,Standard,1,3005.0,3005.0,2,1,1,1,10,73.52,73.52,30.0,30.0,0,0,0,2,1,1,0.5,8.0,LOW,NORMAL_CUSTOMER
C000056,Chelsea,Marsh,Other,Standard,1,4975.45,4975.45,1,0,1,0,6,54.45,54.45,40.0,40.0,1,0,0,1,1,0,1.0,5.0,LOW,NORMAL_CUSTOMER
C000058,Jessica,Gomez,Saudi Arabia,Standard,1,741.2,741.2,1,0,1,0,7,64.73,64.73,0.0,0.0,0,0,0,1,1,0,1.0,0.0,LOW,NORMAL_CUSTOMER
C000059,Frank,Montes,Saudi Arabia,Standard,1,1028.04,1028.04,1,0,1,0,7,100.9,100.9,0.0,0.0,0,0,0,1,1,0,1.0,0.0,LOW,NORMAL_CUSTOMER
C000061,Veronica,Johnson,United Arab Emirates,Premium,4,13033.24,3258.31,7,3,4,3,36,70.73,88.48,35.0,65.0,3,0,1,7,4,3,0.57,49.0,MEDIUM,FRICTION_PRONE_CUSTOMER
C000063,Angela,Sims,United States,Standard,1,2375.54,2375.54,1,0,1,0,6,90.7,90.7,40.0,40.0,1,0,0,1,1,0,1.0,5.0,LOW,NORMAL_CUSTOMER
C000065,Megan,Duncan,Saudi Arabia,Standard,2,5323.12,2661.56,5,3,2,3,23,73.3,75.18,50.0,65.0,2,0,1,5,2,3,0.4,44.0,MEDIUM,FRICTION_PRONE_CUSTOMER
C000066,Kimberly,Price,Pakistan,Standard,1,4813.96,4813.96,2,1,1,1,10,60.98,60.98,30.0,30.0,0,0,0,2,1,1,0.5,8.0,LOW,NORMAL_CUSTOMER
C000067,Jeremy,Larson,Saudi Arabia,Standard,4,8420.78,2105.2,7,3,4,3,34,62.39,81.52,55.0,100.0,5,1,1,7,4,3,0.57,79.0,CRITICAL,HIGH_RISK_CUSTOMER
C000068,Antonio,Hancock,United States,Standard,3,9919.12,3306.37,4,1,3,1,24,84.22,89.25,10.0,30.0,0,0,0,4,3,1,0.75,8.0,LOW,LOYAL_LOW_FRICTION_CUSTOMER
C000070,Joseph,Thornton,Other,Standard,1,4199.51,4199.51,3,2,1,2,13,77.12,77.12,65.0,65.0,2,0,1,3,1,2,0.33,36.0,MEDIUM,FRICTION_PRONE_CUSTOMER
C000072,Sherri,Johnson,Saudi Arabia,Standard,3,8351.73,2783.91,6,3,3,3,29,78.93,89.62,46.67,75.0,3,0,2,6,3,3,0.5,59.0,HIGH,FRICTION_PRONE_CUSTOMER
C000073,Nancy,Gutierrez,Saudi Arabia,Standard,4,8678.76,2169.69,5,1,4,1,29,62.62,82.95,28.75,75.0,2,0,1,5,4,1,0.8,28.0,MEDIUM,FRICTION_PRONE_CUSTOMER
C000075,Diana,Young,United Kingdom,Standard,4,7737.76,1934.44,6,2,4,2,34,59.34,87.52,16.25,65.0,2,0,1,6,4,2,0.67,36.0,MEDIUM,FRICTION_PRONE_CUSTOMER
C000076,Randall,Hayes,United Kingdom,Standard,2,6203.28,3101.64,4,2,2,2,20,99.48,109.18,32.5,65.0,2,0,1,4,2,2,0.5,36.0,MEDIUM,FRICTION_PRONE_CUSTOMER
C000078,Stephen,Robinson,Saudi Arabia,Standard,2,4388.19,2194.09,2,0,2,0,14,81.06,81.43,0.0,0.0,0,0,0,2,2,0,1.0,0.0,LOW,NORMAL_CUSTOMER
C000079,Joseph,Turner,United Arab Emirates,Standard,2,3500.91,1750.46,2,0,2,0,14,69.07,77.42,0.0,0.0,0,0,0,2,2,0,1.0,0.0,LOW,NORMAL_CUSTOMER
C000082,Jose,Strickland,Pakistan,Premium,1,2925.28,2925.28,1,0,1,0,7,78.23,78.23,0.0,0.0,0,0,0,1,1,0,1.0,0.0,LOW,NORMAL_CUSTOMER
C000083,Brenda,Gentry,United Arab Emirates,Premium,2,6669.94,3334.97,2,0,2,0,14,50.84,76.9,0.0,0.0,0,0,0,2,2,0,1.0,0.0,LOW,NORMAL_CUSTOMER
C000084,Rachael,Wallace,Saudi Arabia,VIP,1,4153.24,4153.24,1,0,1,0,7,49.52,49.52,0.0,0.0,0,0,0,1,1,0,1.0,0.0,LOW,NORMAL_CUSTOMER
C000085,Reginald,Johnson,United Arab Emirates,Premium,1,2171.27,2171.27,1,0,1,0,7,57.33,57.33,0.0,0.0,0,0,0,1,1,0,1.0,0.0,LOW,NORMAL_CUSTOMER
C000086,Jeffrey,Webb,United Arab Emirates,Premium,1,4809.67,4809.67,1,0,1,0,7,69.37,69.37,0.0,0.0,0,0,0,1,1,0,1.0,0.0,LOW,NORMAL_CUSTOMER
C000087,Whitney,Porter,United Kingdom,Standard,2,5301.37,2650.68,3,1,2,1,17,97.38,100.1,17.5,35.0,0,0,0,3,2,1,0.67,8.0,LOW,NORMAL_CUSTOMER
C000088,William,Lee,Pakistan,Standard,1,715.88,715.88,3,2,1,2,13,90.97,90.97,60.0,60.0,2,0,1,3,1,2,0.33,36.0,MEDIUM,FRICTION_PRONE_CUSTOMER
C000090,Brandon,Oconnor,United Arab Emirates,Standard,4,10761.5,2690.38,4,0,4,0,28,54.01,70.45,0.0,0.0,0,0,0,4,4,0,1.0,0.0,LOW,LOYAL_LOW_FRICTION_CUSTOMER
C000091,Daniel,Mills,Saudi Arabia,Standard,1,1342.12,1342.12,1,0,1,0,7,50.48,50.48,0.0,0.0,0,0,0,1,1,0,1.0,0.0,LOW,NORMAL_CUSTOMER
C000092,Courtney,Rowe,United Kingdom,VIP,1,552.89,552.89,1,0,1,0,7,30.23,30.23,0.0,0.0,0,0,0,1,1,0,1.0,0.0,LOW,NORMAL_CUSTOMER
C000095,Bryan,Short,United States,Standard,2,7167.53,3583.77,4,2,2,2,20,79.6,95.53,32.5,65.0,2,0,1,4,2,2,0.5,36.0,MEDIUM,FRICTION_PRONE_CUSTOMER
C000098,Allison,Anderson,United Arab Emirates,Standard,1,2817.88,2817.88,1,0,1,0,7,67.58,67.58,0.0,0.0,0,0,0,1,1,0,1.0,0.0,LOW,NORMAL_CUSTOMER
C000099,Tasha,Hardy,Saudi Arabia,Standard,3,5185.18,1728.39,4,1,3,1,24,70.73,90.15,10.0,30.0,0,0,0,4,3,1,0.75,8.0,LOW,LOYAL_LOW_FRICTION_CUSTOMER
C000101,Alexander,Reeves,Saudi Arabia,Standard,1,3306.38,3306.38,1,0,1,0,7,78.87,78.87,0.0,0.0,0,0,0,1,1,0,1.0,0.0,LOW,NORMAL_CUSTOMER
C000105,Joseph,Mcdaniel,Other,Standard,1,3872.77,3872.77,1,0,1,0,7,65.6,65.6,0.0,0.0,0,0,0,1,1,0,1.0,0.0,LOW,NORMAL_CUSTOMER
C000106,Danielle,Wheeler,Saudi Arabia,Standard,3,9051.36,3017.12,3,0,3,0,21,55.0,71.52,0.0,0.0,0,0,0,3,3,0,1.0,0.0,LOW,LOYAL_LOW_FRICTION_CUSTOMER
C000110,Stephanie,Meyer,Saudi Arabia,Standard,2,8469.37,4234.68,2,0,2,0,13,74.65,78.58,20.0,40.0,1,0,0,2,2,0,1.0,5.0,LOW,NORMAL_CUSTOMER
C000111,Nancy,Hopkins,Saudi Arabia,Premium,1,1198.43,1198.43,3,2,1,2,13,69.28,69.28,60.0,60.0,2,0,1,3,1,2,0.33,36.0,MEDIUM,FRICTION_PRONE_CUSTOMER
C000113,Vincent,Lane,Other,Standard,1,3974.09,3974.09,2,1,1,1,10,41.83,41.83,35.0,35.0,0,0,0,2,1,1,0.5,8.0,LOW,NORMAL_CUSTOMER
C000114,Guy,Collins,United States,Standard,1,3205.08,3205.08,1,0,1,0,7,81.4,81.4,0.0,0.0,0,0,0,1,1,0,1.0,0.0,LOW,NORMAL_CUSTOMER
C000115,Rita,Mcclain,Pakistan,Standard,2,2002.86,1001.43,5,3,2,3,23,88.32,109.48,50.0,65.0,2,0,1,5,2,3,0.4,44.0,MEDIUM,FRICTION_PRONE_CUSTOMER
C000116,Monica,Flores,Other,Standard,4,13661.22,3415.3,7,3,4,3,36,60.7,91.52,33.75,65.0,3,0,1,7,4,3,0.57,49.0,MEDIUM,FRICTION_PRONE_CUSTOMER
C000117,Kenneth,Lee,United States,Premium,2,9096.21,4548.1,2,0,2,0,13,53.74,56.65,22.5,45.0,1,0,0,2,2,0,1.0,5.0,LOW,NORMAL_CUSTOMER
C000118,Danielle,Hill,Saudi Arabia,Premium,1,1960.71,1960.71,1,0,1,0,7,75.95,75.95,0.0,0.0,0,0,0,1,1,0,1.0,0.0,LOW,NORMAL_CUSTOMER
C000119,Chelsea,Flores,Other,Standard,1,1975.99,1975.99,1,0,1,0,7,73.28,73.28,0.0,0.0,0,0,0,1,1,0,1.0,0.0,LOW,NORMAL_CUSTOMER
C000120,Eric,Alexander,Pakistan,Premium,1,1215.17,1215.17,1,0,1,0,7,51.72,51.72,0.0,0.0,0,0,0,1,1,0,1.0,0.0,LOW,NORMAL_CUSTOMER
C000121,Kathryn,Wilson,United States,Standard,2,5188.59,2594.3,3,1,2,1,17,86.21,88.7,15.0,30.0,0,0,0,3,2,1,0.67,8.0,LOW,NORMAL_CUSTOMER
C000122,Amber,Hernandez,Other,Standard,1,1000.36,1000.36,1,0,1,0,6,44.95,44.95,40.0,40.0,1,0,0,1,1,0,1.0,5.0,LOW,NORMAL_CUSTOMER
C000123,Kimberly,Hill,United Arab Emirates,Standard,2,6724.14,3362.07,2,0,2,0,14,68.7,77.18,0.0,0.0,0,0,0,2,2,0,1.0,0.0,LOW,NORMAL_CUSTOMER
C000124,Alyssa,Smith,Saudi Arabia,Standard,1,4389.49,4389.49,1,0,1,0,7,84.52,84.52,0.0,0.0,0,0,0,1,1,0,1.0,0.0,LOW,NORMAL_CUSTOMER
C000125,Aaron,Dean,Saudi Arabia,Standard,2,3277.29,1638.64,2,0,2,0,13,51.32,65.43,20.0,40.0,1,0,0,2,2,0,1.0,5.0,LOW,NORMAL_CUSTOMER
C000126,Mario,Palmer,United Arab Emirates,Standard,2,5793.15,2896.58,3,1,2,1,17,74.92,100.9,15.0,30.0,0,0,0,3,2,1,0.67,8.0,LOW,NORMAL_CUSTOMER
C000127,Andrew,Clark,United States,Standard,2,3784.95,1892.48,3,1,2,1,16,57.2,65.83,37.5,40.0,1,0,0,3,2,1,0.67,13.0,LOW,NORMAL_CUSTOMER
C000128,Sarah,Bell,Other,Standard,2,3218.27,1609.14,6,4,2,4,26,106.48,110.07,65.0,65.0,4,0,2,6,2,4,0.33,72.0,HIGH,FRICTION_PRONE_CUSTOMER
C000129,Natasha,Flores,Saudi Arabia,Standard,4,14637.69,3659.42,4,0,4,0,28,60.66,76.68,0.0,0.0,0,0,0,4,4,0,1.0,0.0,LOW,LOYAL_LOW_FRICTION_CUSTOMER
C000130,Marie,Thomas,Pakistan,Standard,3,6434.57,2144.86,3,0,3,0,20,57.64,67.33,13.33,40.0,1,0,0,3,3,0,1.0,5.0,LOW,LOYAL_LOW_FRICTION_CUSTOMER
C000131,Kyle,Bush,United Arab Emirates,Standard,2,3600.31,1800.16,4,2,2,2,19,91.72,98.15,50.0,100.0,3,1,0,4,2,2,0.5,51.0,HIGH,FRICTION_PRONE_CUSTOMER
C000133,Natalie,Sanchez,Saudi Arabia,Standard,1,1787.45,1787.45,2,1,1,1,9,56.35,56.35,70.0,70.0,1,0,1,2,1,1,0.5,23.0,LOW,FRICTION_PRONE_CUSTOMER
C000134,Stacey,Jones,United Arab Emirates,Premium,2,5263.18,2631.59,3,1,2,1,17,68.59,76.58,15.0,30.0,0,0,0,3,2,1,0.67,8.0,LOW,NORMAL_CUSTOMER
C000135,Christopher,Austin,Other,Standard,1,2583.08,2583.08,3,2,1,2,12,71.33,71.33,100.0,100.0,3,1,0,3,1,2,0.33,51.0,HIGH,FRICTION_PRONE_CUSTOMER
C000137,Chad,Wallace,Pakistan,Standard,3,10341.14,3447.05,3,0,3,0,21,43.56,45.78,0.0,0.0,0,0,0,3,3,0,1.0,0.0,LOW,LOYAL_LOW_FRICTION_CUSTOMER
C000138,Kathleen,Anderson,United Kingdom,Standard,2,7878.38,3939.19,2,0,2,0,13,55.89,56.58,20.0,40.0,1,0,0,2,2,0,1.0,5.0,LOW,NORMAL_CUSTOMER
C000139,Katie,Ruiz,United Arab Emirates,Premium,2,3050.14,1525.07,3,1,2,1,17,67.32,81.73,17.5,35.0,0,0,0,3,2,1,0.67,8.0,LOW,NORMAL_CUSTOMER
C000140,David,Lowe,Other,Standard,1,3223.48,3223.48,1,0,1,0,7,55.7,55.7,0.0,0.0,0,0,0,1,1,0,1.0,0.0,LOW,NORMAL_CUSTOMER
C000141,Thomas,Rodriguez,Other,Standard,2,4409.67,2204.84,2,0,2,0,12,66.66,75.35,40.0,40.0,2,0,0,2,2,0,1.0,10.0,LOW,NORMAL_CUSTOMER
C000142,Andrea,Brown,Saudi Arabia,Standard,2,4035.61,2017.8,4,2,2,2,20,67.22,86.75,30.0,30.0,0,0,0,4,2,2,0.5,16.0,LOW,FRICTION_PRONE_CUSTOMER
C000143,Joseph,Simmons,United Arab Emirates,Standard,3,11440.24,3813.41,3,0,3,0,21,64.05,70.3,0.0,0.0,0,0,0,3,3,0,1.0,0.0,LOW,LOYAL_LOW_FRICTION_CUSTOMER
C000144,Monique,White,United Arab Emirates,Standard,3,7060.15,2353.38,5,2,3,2,26,59.32,75.23,36.67,45.0,1,0,0,5,3,2,0.6,21.0,LOW,FRICTION_PRONE_CUSTOMER
C000146,Jason,Watkins,Saudi Arabia,Premium,3,10454.89,3484.96,3,0,3,0,21,71.96,83.22,0.0,0.0,0,0,0,3,3,0,1.0,0.0,LOW,LOYAL_LOW_FRICTION_CUSTOMER
C000147,Amber,Huff,Pakistan,Standard,2,7282.3,3641.15,3,1,2,1,16,60.28,68.65,35.0,70.0,1,0,1,3,2,1,0.67,23.0,LOW,FRICTION_PRONE_CUSTOMER
C000148,Jessica,Lyons,Pakistan,Standard,2,8844.59,4422.3,3,1,2,1,16,46.66,51.38,37.5,45.0,1,0,0,3,2,1,0.67,13.0,LOW,NORMAL_CUSTOMER
C000149,James,Jensen,Saudi Arabia,Premium,3,6067.91,2022.64,6,3,3,3,29,72.22,109.32,45.0,65.0,3,0,1,6,3,3,0.5,49.0,MEDIUM,FRICTION_PRONE_CUSTOMER
C000151,Wanda,Roth,Other,Standard,1,3678.85,3678.85,1,0,1,0,7,52.88,52.88,0.0,0.0,0,0,0,1,1,0,1.0,0.0,LOW,NORMAL_CUSTOMER
C000152,Debra,Marquez,Saudi Arabia,Standard,3,7375.33,2458.44,6,3,3,3,30,74.73,100.95,31.67,65.0,2,0,1,6,3,3,0.5,44.0,MEDIUM,FRICTION_PRONE_CUSTOMER
C000153,Samuel,Lambert,Saudi Arabia,Standard,1,1152.56,1152.56,1,0,1,0,7,95.95,95.95,0.0,0.0,0,0,0,1,1,0,1.0,0.0,LOW,NORMAL_CUSTOMER
C000154,Zachary,Ferguson,United Arab Emirates,Standard,4,14499.98,3625.0,5,1,4,1,31,42.88,54.33,8.75,35.0,0,0,0,5,4,1,0.8,8.0,LOW,LOYAL_LOW_FRICTION_CUSTOMER
C000155,David,Beltran,Other,Standard,3,9734.09,3244.7,3,0,3,0,20,63.34,79.78,13.33,40.0,1,0,0,3,3,0,1.0,5.0,LOW,LOYAL_LOW_FRICTION_CUSTOMER
C000156,Jeffrey,Campos,Saudi Arabia,Standard,3,7193.1,2397.7,3,0,3,0,19,73.61,88.72,30.0,45.0,2,0,0,3,3,0,1.0,10.0,LOW,NORMAL_CUSTOMER
C000157,Matthew,Owens,United Kingdom,VIP,1,4774.29,4774.29,2,1,1,1,9,73.25,73.25,75.0,75.0,1,0,1,2,1,1,0.5,23.0,LOW,FRICTION_PRONE_CUSTOMER
C000159,Jerry,Hess,Saudi Arabia,Standard,2,4576.05,2288.02,4,2,2,2,20,88.06,106.58,32.5,35.0,0,0,0,4,2,2,0.5,16.0,LOW,FRICTION_PRONE_CUSTOMER
C000160,Jeffrey,Gillespie,United Kingdom,Premium,1,2568.77,2568.77,1,0,1,0,7,96.28,96.28,0.0,0.0,0,0,0,1,1,0,1.0,0.0,LOW,NORMAL_CUSTOMER
C000161,Chad,Mcdonald,United Arab Emirates,Standard,2,7349.26,3674.63,3,1,2,1,16,80.96,90.65,35.0,40.0,1,0,0,3,2,1,0.67,13.0,LOW,NORMAL_CUSTOMER
C000162,Crystal,Bryant,Pakistan,Standard,4,15068.61,3767.15,4,0,4,0,27,70.89,77.5,11.25,45.0,1,0,0,4,4,0,1.0,5.0,LOW,LOYAL_LOW_FRICTION_CUSTOMER
C000163,Jeremy,Cohen,Pakistan,Standard,2,7488.33,3744.16,2,0,2,0,14,62.88,71.87,0.0,0.0,0,0,0,2,2,0,1.0,0.0,LOW,NORMAL_CUSTOMER
C000164,Rebecca,Mckinney,Pakistan,Standard,1,4912.84,4912.84,3,2,1,2,12,101.2,101.2,100.0,100.0,3,1,0,3,1,2,0.33,51.0,HIGH,FRICTION_PRONE_CUSTOMER
C000165,Michele,Marshall,Saudi Arabia,Premium,2,5173.74,2586.87,5,3,2,3,23,45.18,47.5,47.5,65.0,2,0,1,5,2,3,0.4,44.0,MEDIUM,FRICTION_PRONE_CUSTOMER
C000166,Chad,Hall,United States,Standard,3,5352.37,1784.12,3,0,3,0,19,84.88,93.48,28.33,45.0,2,0,0,3,3,0,1.0,10.0,LOW,LOYAL_LOW_FRICTION_CUSTOMER
C000167,John,Walker,United Arab Emirates,Standard,1,1583.2,1583.2,1,0,1,0,7,55.88,55.88,0.0,0.0,0,0,0,1,1,0,1.0,0.0,LOW,NORMAL_CUSTOMER
C000171,Selena,Myers,United Kingdom,Premium,2,6936.26,3468.13,2,0,2,0,13,73.32,89.33,20.0,40.0,1,0,0,2,2,0,1.0,5.0,LOW,NORMAL_CUSTOMER
C000172,Ashley,Lyons,Saudi Arabia,VIP,3,11551.03,3850.34,3,0,3,0,20,56.74,73.58,13.33,40.0,1,0,0,3,3,0,1.0,5.0,LOW,LOYAL_LOW_FRICTION_CUSTOMER
C000173,Thomas,Ortega,Pakistan,Standard,1,1193.9,1193.9,1,0,1,0,7,56.52,56.52,0.0,0.0,0,0,0,1,1,0,1.0,0.0,LOW,NORMAL_CUSTOMER
C000174,Kristen,Mccormick,Saudi Arabia,Standard,1,2475.51,2475.51,1,0,1,0,7,50.78,50.78,0.0,0.0,0,0,0,1,1,0,1.0,0.0,LOW,NORMAL_CUSTOMER
C000175,Lindsey,Khan,Pakistan,Standard,1,1732.86,1732.86,1,0,1,0,7,40.35,40.35,0.0,0.0,0,0,0,1,1,0,1.0,0.0,LOW,NORMAL_CUSTOMER
C000176,James,Chavez,Saudi Arabia,Premium,2,7623.12,3811.56,2,0,2,0,14,48.1,52.42,0.0,0.0,0,0,0,2,2,0,1.0,0.0,LOW,NORMAL_CUSTOMER
C000177,Collin,Johnson,United Kingdom,Standard,1,1545.34,1545.34,1,0,1,0,7,44.98,44.98,0.0,0.0,0,0,0,1,1,0,1.0,0.0,LOW,NORMAL_CUSTOMER
C000179,Rodney,Bell,Other,Premium,2,6386.3,3193.15,3,1,2,1,16,83.28,97.73,35.0,70.0,1,0,1,3,2,1,0.67,23.0,LOW,FRICTION_PRONE_CUSTOMER
C000180,Stuart,Murray,Saudi Arabia,Standard,1,1959.22,1959.22,1,0,1,0,7,99.78,99.78,0.0,0.0,0,0,0,1,1,0,1.0,0.0,LOW,NORMAL_CUSTOMER
C000183,Tracey,Munoz,Other,Standard,2,5043.02,2521.51,2,0,2,0,13,50.59,50.73,20.0,40.0,1,0,0,2,2,0,1.0,5.0,LOW,NORMAL_CUSTOMER
C000184,Corey,Anderson,Other,Standard,1,1849.84,1849.84,1,0,1,0,7,43.63,43.63,0.0,0.0,0,0,0,1,1,0,1.0,0.0,LOW,NORMAL_CUSTOMER
C000185,Richard,Garcia,Saudi Arabia,Standard,1,1445.47,1445.47,3,2,1,2,12,72.47,72.47,100.0,100.0,3,1,0,3,1,2,0.33,51.0,HIGH,FRICTION_PRONE_CUSTOMER
C000187,Michelle,Robles,United States,Standard,4,10807.23,2701.81,4,0,4,0,28,64.46,83.4,0.0,0.0,0,0,0,4,4,0,1.0,0.0,LOW,LOYAL_LOW_FRICTION_CUSTOMER
C000188,John,Nguyen,Pakistan,Premium,1,3231.89,3231.89,2,1,1,1,10,38.27,38.27,35.0,35.0,0,0,0,2,1,1,0.5,8.0,LOW,NORMAL_CUSTOMER
C000190,Shane,Sparks,Saudi Arabia,Premium,2,3511.14,1755.57,2,0,2,0,14,79.48,80.32,0.0,0.0,0,0,0,2,2,0,1.0,0.0,LOW,NORMAL_CUSTOMER
C000191,Robert,Patel,Saudi Arabia,Standard,2,5527.25,2763.62,3,1,2,1,16,65.96,85.37,37.5,40.0,1,0,0,3,2,1,0.67,13.0,LOW,NORMAL_CUSTOMER
C000192,Joshua,Morales,Other,Standard,4,7147.36,1786.84,6,2,4,2,34,53.49,65.7,16.25,35.0,0,0,0,6,4,2,0.67,16.0,LOW,FRICTION_PRONE_CUSTOMER
C000193,John,Gutierrez,Other,Standard,2,4713.51,2356.76,2,0,2,0,14,59.46,62.52,0.0,0.0,0,0,0,2,2,0,1.0,0.0,LOW,NORMAL_CUSTOMER
C000194,Sandra,Oliver,Pakistan,Standard,3,9341.57,3113.86,3,0,3,0,21,58.34,67.82,0.0,0.0,0,0,0,3,3,0,1.0,0.0,LOW,LOYAL_LOW_FRICTION_CUSTOMER
C000195,Scott,Kelley,United Arab Emirates,Standard,3,12308.81,4102.94,5,2,3,2,26,70.26,83.65,36.67,65.0,3,0,1,5,3,2,0.6,41.0,MEDIUM,FRICTION_PRONE_CUSTOMER
C000196,Michelle,Dickson,United Arab Emirates,Standard,1,600.65,600.65,1,0,1,0,6,77.55,77.55,40.0,40.0,1,0,0,1,1,0,1.0,5.0,LOW,NORMAL_CUSTOMER
C000197,Andrea,Reyes,United Kingdom,Standard,1,1607.91,1607.91,1,0,1,0,7,41.2,41.2,0.0,0.0,0,0,0,1,1,0,1.0,0.0,LOW,NORMAL_CUSTOMER
C000198,Brent,Peterson,Other,Standard,3,12264.48,4088.16,3,0,3,0,20,63.49,67.2,15.0,45.0,1,0,0,3,3,0,1.0,5.0,LOW,LOYAL_LOW_FRICTION_CUSTOMER
C000199,Yvette,Cervantes,Other,VIP,1,1625.6,1625.6,1,0,1,0,6,25.58,25.58,40.0,40.0,1,0,0,1,1,0,1.0,5.0,LOW,NORMAL_CUSTOMER
C000200,Mary,Garza,United States,Standard,1,591.04,591.04,1,0,1,0,6,84.4,84.4,45.0,45.0,1,0,0,1,1,0,1.0,5.0,LOW,NORMAL_CUSTOMER
C000201,Tanya,Mueller,Pakistan,Standard,2,6609.73,3304.86,2,0,2,0,13,58.39,79.3,20.0,40.0,1,0,0,2,2,0,1.0,5.0,LOW,NORMAL_CUSTOMER
C000202,Sara,Graham,Saudi Arabia,Standard,3,4336.67,1445.56,6,3,3,3,29,60.42,78.83,45.0,65.0,3,0,1,6,3,3,0.5,49.0,MEDIUM,FRICTION_PRONE_CUSTOMER
C000203,Melinda,Cobb,Saudi Arabia,Standard,1,2921.1,2921.1,1,0,1,0,7,91.87,91.87,0.0,0.0,0,0,0,1,1,0,1.0,0.0,LOW,NORMAL_CUSTOMER
C000204,Gabriel,Stephens,Other,Premium,2,6371.06,3185.53,3,1,2,1,17,64.64,69.77,17.5,35.0,0,0,0,3,2,1,0.67,8.0,LOW,NORMAL_CUSTOMER
C000205,Todd,Young,Pakistan,Standard,2,4785.83,2392.92,2,0,2,0,13,57.62,74.27,22.5,45.0,1,0,0,2,2,0,1.0,5.0,LOW,NORMAL_CUSTOMER
C000206,Jason,Bates,Saudi Arabia,Standard,2,5252.76,2626.38,2,0,2,0,14,64.48,68.28,0.0,0.0,0,0,0,2,2,0,1.0,0.0,LOW,NORMAL_CUSTOMER
C000207,Richard,Miller,Saudi Arabia,Standard,2,4373.52,2186.76,2,0,2,0,12,74.09,78.23,42.5,45.0,2,0,0,2,2,0,1.0,10.0,LOW,NORMAL_CUSTOMER
C000208,Brian,Galvan,United Kingdom,Premium,4,16527.76,4131.94,5,1,4,1,31,67.09,80.9,7.5,30.0,0,0,0,5,4,1,0.8,8.0,LOW,LOYAL_LOW_FRICTION_CUSTOMER
C000209,Nicholas,Andrews,Saudi Arabia,Standard,1,3159.13,3159.13,1,0,1,0,7,78.88,78.88,0.0,0.0,0,0,0,1,1,0,1.0,0.0,LOW,NORMAL_CUSTOMER
C000210,Tricia,Tucker,Saudi Arabia,Standard,2,2608.61,1304.3,2,0,2,0,14,54.41,77.47,0.0,0.0,0,0,0,2,2,0,1.0,0.0,LOW,NORMAL_CUSTOMER
C000212,Kristen,Ford,United Kingdom,Standard,1,3216.33,3216.33,1,0,1,0,7,84.83,84.83,0.0,0.0,0,0,0,1,1,0,1.0,0.0,LOW,NORMAL_CUSTOMER
C000213,Spencer,Peters,United Kingdom,Standard,1,4773.36,4773.36,2,1,1,1,10,102.6,102.6,35.0,35.0,0,0,0,2,1,1,0.5,8.0,LOW,NORMAL_CUSTOMER
C000214,Rodney,Short,Saudi Arabia,Premium,2,6034.37,3017.18,2,0,2,0,14,67.55,96.77,0.0,0.0,0,0,0,2,2,0,1.0,0.0,LOW,NORMAL_CUSTOMER
C000216,Wendy,Blanchard,Saudi Arabia,Standard,3,9863.71,3287.9,3,0,3,0,20,67.88,91.33,13.33,40.0,1,0,0,3,3,0,1.0,5.0,LOW,LOYAL_LOW_FRICTION_CUSTOMER
C000220,Kenneth,Wise,United States,Standard,3,7345.24,2448.41,4,1,3,1,24,68.04,103.35,10.0,30.0,0,0,0,4,3,1,0.75,8.0,LOW,LOYAL_LOW_FRICTION_CUSTOMER
C000221,Tanya,Gray,United Kingdom,Standard,2,5599.13,2799.56,2,0,2,0,14,44.67,47.67,0.0,0.0,0,0,0,2,2,0,1.0,0.0,LOW,NORMAL_CUSTOMER
C000223,Amy,Keller,Saudi Arabia,Standard,1,3391.58,3391.58,1,0,1,0,7,56.55,56.55,0.0,0.0,0,0,0,1,1,0,1.0,0.0,LOW,NORMAL_CUSTOMER
C000224,Julie,Davis,United Arab Emirates,Premium,4,17973.9,4493.48,4,0,4,0,28,76.68,93.17,0.0,0.0,0,0,0,4,4,0,1.0,0.0,LOW,LOYAL_LOW_FRICTION_CUSTOMER
C000225,Brian,Montoya,Saudi Arabia,Standard,3,3315.27,1105.09,3,0,3,0,20,77.35,83.38,15.0,45.0,1,0,0,3,3,0,1.0,5.0,LOW,LOYAL_LOW_FRICTION_CUSTOMER
C000226,Breanna,Clay,Saudi Arabia,Standard,5,13313.98,2662.8,6,1,5,1,37,57.93,90.98,14.0,70.0,1,0,1,6,5,1,0.83,23.0,LOW,FRICTION_PRONE_CUSTOMER
C000227,Wesley,Berger,Other,Standard,5,17905.28,3581.06,5,0,5,0,34,64.84,98.62,8.0,40.0,1,0,0,5,5,0,1.0,5.0,LOW,LOYAL_LOW_FRICTION_CUSTOMER
C000229,Eric,Smith,Other,Standard,2,5720.73,2860.36,2,0,2,0,14,56.12,69.98,0.0,0.0,0,0,0,2,2,0,1.0,0.0,LOW,NORMAL_CUSTOMER
C000230,Susan,Thomas,Pakistan,Premium,1,3861.66,3861.66,1,0,1,0,7,69.88,69.88,0.0,0.0,0,0,0,1,1,0,1.0,0.0,LOW,NORMAL_CUSTOMER
C000232,Jacob,Schmidt,Pakistan,Standard,1,2888.87,2888.87,1,0,1,0,7,82.52,82.52,0.0,0.0,0,0,0,1,1,0,1.0,0.0,LOW,NORMAL_CUSTOMER
C000233,Brooke,Price,Pakistan,Standard,3,7859.87,2619.96,3,0,3,0,19,57.1,71.23,26.67,40.0,2,0,0,3,3,0,1.0,10.0,LOW,LOYAL_LOW_FRICTION_CUSTOMER
C000234,Emma,Lane,United Arab Emirates,Premium,1,3994.62,3994.62,1,0,1,0,7,85.82,85.82,0.0,0.0,0,0,0,1,1,0,1.0,0.0,LOW,NORMAL_CUSTOMER
C000235,Joe,Gonzalez,Saudi Arabia,Standard,2,7603.7,3801.85,3,1,2,1,16,60.29,81.53,40.0,80.0,1,1,0,3,2,1,0.67,33.0,MEDIUM,NORMAL_CUSTOMER
C000236,David,Maldonado,United Kingdom,Standard,4,11780.86,2945.22,4,0,4,0,26,78.06,95.98,21.25,45.0,2,0,0,4,4,0,1.0,10.0,LOW,LOYAL_LOW_FRICTION_CUSTOMER
C000237,Pamela,Stewart,Saudi Arabia,Standard,3,11809.93,3936.64,3,0,3,0,19,63.22,81.57,28.33,45.0,2,0,0,3,3,0,1.0,10.0,LOW,LOYAL_LOW_FRICTION_CUSTOMER
C000238,John,Hudson,Saudi Arabia,Premium,3,8539.57,2846.52,5,2,3,2,25,74.24,79.78,50.0,65.0,4,0,1,5,3,2,0.6,46.0,MEDIUM,FRICTION_PRONE_CUSTOMER
C000239,Brooke,Gentry,Pakistan,Standard,2,8537.05,4268.52,3,1,2,1,17,61.47,73.32,15.0,30.0,0,0,0,3,2,1,0.67,8.0,LOW,NORMAL_CUSTOMER
C000241,Robert,Harding,Other,Standard,2,4002.88,2001.44,2,0,2,0,12,69.29,85.38,42.5,45.0,2,0,0,2,2,0,1.0,10.0,LOW,NORMAL_CUSTOMER
C000242,Brandy,Graham,Other,Standard,5,12249.11,2449.82,5,0,5,0,33,64.35,88.6,16.0,40.0,2,0,0,5,5,0,1.0,10.0,LOW,LOYAL_LOW_FRICTION_CUSTOMER
C000243,Alexandra,Haas,Other,Standard,3,7456.28,2485.43,3,0,3,0,21,79.86,88.3,0.0,0.0,0,0,0,3,3,0,1.0,0.0,LOW,LOYAL_LOW_FRICTION_CUSTOMER
C000244,Sarah,Cooper,United Arab Emirates,Standard,2,3410.09,1705.04,3,1,2,1,16,80.19,84.82,35.0,70.0,1,0,1,3,2,1,0.67,23.0,LOW,FRICTION_PRONE_CUSTOMER
C000245,James,Davis,Saudi Arabia,Premium,3,3497.73,1165.91,3,0,3,0,19,51.33,69.43,28.33,45.0,2,0,0,3,3,0,1.0,10.0,LOW,LOYAL_LOW_FRICTION_CUSTOMER
C000247,John,Downs,United Arab Emirates,Premium,2,4014.91,2007.46,3,1,2,1,15,79.56,86.85,57.5,75.0,2,0,1,3,2,1,0.67,28.0,MEDIUM,FRICTION_PRONE_CUSTOMER
C000250,Kevin,Phillips,Other,Standard,3,5419.38,1806.46,5,2,3,2,27,61.37,73.35,21.67,35.0,0,0,0,5,3,2,0.6,16.0,LOW,FRICTION_PRONE_CUSTOMER
C000251,Leslie,Wood,Saudi Arabia,Standard,4,9736.81,2434.2,5,1,4,1,31,59.49,92.9,7.5,30.0,0,0,0,5,4,1,0.8,8.0,LOW,LOYAL_LOW_FRICTION_CUSTOMER
C000254,Stephen,Warner,United Arab Emirates,VIP,4,13098.95,3274.74,4,0,4,0,26,81.28,90.58,20.0,40.0,2,0,0,4,4,0,1.0,10.0,LOW,LOYAL_LOW_FRICTION_CUSTOMER
C000255,Yolanda,Hoover,Saudi Arabia,Standard,2,2558.64,1279.32,3,1,2,1,16,68.83,70.93,35.0,70.0,1,0,1,3,2,1,0.67,23.0,LOW,FRICTION_PRONE_CUSTOMER
C000256,Wendy,Howard,Pakistan,VIP,2,6042.98,3021.49,2,0,2,0,14,62.48,64.4,0.0,0.0,0,0,0,2,2,0,1.0,0.0,LOW,NORMAL_CUSTOMER
C000257,Charles,Callahan,Other,Standard,2,5986.53,2993.26,4,2,2,2,20,67.14,81.95,32.5,65.0,2,0,1,4,2,2,0.5,36.0,MEDIUM,FRICTION_PRONE_CUSTOMER
C000258,Jason,Glenn,United Kingdom,Standard,1,1828.77,1828.77,3,2,1,2,12,109.88,109.88,100.0,100.0,3,1,0,3,1,2,0.33,51.0,HIGH,FRICTION_PRONE_CUSTOMER
C000259,Joseph,Young,Pakistan,Premium,2,7318.91,3659.46,2,0,2,0,14,55.7,62.57,0.0,0.0,0,0,0,2,2,0,1.0,0.0,LOW,NORMAL_CUSTOMER
C000261,Nicole,Long,Pakistan,Standard,1,1413.63,1413.63,1,0,1,0,7,56.95,56.95,0.0,0.0,0,0,0,1,1,0,1.0,0.0,LOW,NORMAL_CUSTOMER
C000262,Natasha,Flores,Other,Premium,2,3845.98,1922.99,4,2,2,2,20,61.65,63.32,32.5,65.0,2,0,1,4,2,2,0.5,36.0,MEDIUM,FRICTION_PRONE_CUSTOMER
C000263,Mike,Reyes,Saudi Arabia,Premium,2,3665.69,1832.84,2,0,2,0,14,70.54,90.83,0.0,0.0,0,0,0,2,2,0,1.0,0.0,LOW,NORMAL_CUSTOMER
C000265,Martha,Gardner,Other,Standard,4,13717.38,3429.34,4,0,4,0,26,64.68,73.6,21.25,45.0,2,0,0,4,4,0,1.0,10.0,LOW,LOYAL_LOW_FRICTION_CUSTOMER
C000267,Cheryl,Wells,United Kingdom,Standard,2,4516.78,2258.39,2,0,2,0,13,39.79,44.65,20.0,40.0,1,0,0,2,2,0,1.0,5.0,LOW,NORMAL_CUSTOMER
C000269,Destiny,Cruz,United Arab Emirates,Standard,1,2530.45,2530.45,1,0,1,0,7,37.68,37.68,0.0,0.0,0,0,0,1,1,0,1.0,0.0,LOW,NORMAL_CUSTOMER
C000270,Alan,Middleton,Saudi Arabia,Standard,4,8736.23,2184.06,6,2,4,2,32,49.9,79.38,38.75,65.0,4,0,1,6,4,2,0.67,46.0,MEDIUM,FRICTION_PRONE_CUSTOMER
C000271,Lisa,Larsen,United States,Standard,3,6385.76,2128.59,4,1,3,1,22,59.34,69.32,40.0,75.0,2,0,1,4,3,1,0.75,28.0,MEDIUM,FRICTION_PRONE_CUSTOMER
C000272,Kevin,Moore,United States,Standard,3,8246.17,2748.72,3,0,3,0,20,67.76,92.23,13.33,40.0,1,0,0,3,3,0,1.0,5.0,LOW,LOYAL_LOW_FRICTION_CUSTOMER
C000273,Elizabeth,Bright,Other,Standard,2,2880.92,1440.46,4,2,2,2,20,88.66,113.77,32.5,65.0,2,0,1,4,2,2,0.5,36.0,MEDIUM,FRICTION_PRONE_CUSTOMER
C000274,Sheila,Santiago,Other,Standard,3,6031.21,2010.4,3,0,3,0,21,57.34,67.95,0.0,0.0,0,0,0,3,3,0,1.0,0.0,LOW,LOYAL_LOW_FRICTION_CUSTOMER
C000276,Darrell,Jones,Pakistan,Standard,2,2623.33,1311.66,4,2,2,2,20,83.95,86.03,32.5,35.0,0,0,0,4,2,2,0.5,16.0,LOW,FRICTION_PRONE_CUSTOMER
C000277,Daniel,Smith,United States,VIP,2,8345.88,4172.94,2,0,2,0,14,80.87,87.57,0.0,0.0,0,0,0,2,2,0,1.0,0.0,LOW,NORMAL_CUSTOMER
C000278,Angela,Griffith,Pakistan,Standard,5,15769.57,3153.91,7,2,5,2,39,74.24,98.08,28.0,40.0,2,0,0,7,5,2,0.71,26.0,MEDIUM,FRICTION_PRONE_CUSTOMER
C000279,Joseph,Tucker,United Kingdom,Standard,1,1703.43,1703.43,1,0,1,0,7,80.62,80.62,0.0,0.0,0,0,0,1,1,0,1.0,0.0,LOW,NORMAL_CUSTOMER
C000280,Cassandra,Kim,United States,Standard,1,1041.79,1041.79,1,0,1,0,6,37.78,37.78,45.0,45.0,1,0,0,1,1,0,1.0,5.0,LOW,NORMAL_CUSTOMER
C000281,Jennifer,Branch,Other,Standard,2,5285.18,2642.59,2,0,2,0,14,64.69,64.73,0.0,0.0,0,0,0,2,2,0,1.0,0.0,LOW,NORMAL_CUSTOMER
C000282,James,Miller,United Arab Emirates,Standard,1,3418.54,3418.54,1,0,1,0,7,78.55,78.55,0.0,0.0,0,0,0,1,1,0,1.0,0.0,LOW,NORMAL_CUSTOMER
C000283,Cynthia,May,United Arab Emirates,Premium,3,8712.46,2904.15,4,1,3,1,24,58.71,62.7,11.67,35.0,0,0,0,4,3,1,0.75,8.0,LOW,LOYAL_LOW_FRICTION_CUSTOMER
C000284,Joseph,Perry,Saudi Arabia,Standard,3,4680.7,1560.23,3,0,3,0,21,68.29,93.75,0.0,0.0,0,0,0,3,3,0,1.0,0.0,LOW,LOYAL_LOW_FRICTION_CUSTOMER
C000285,Tracy,Bryant,Pakistan,VIP,2,4301.73,2150.86,3,1,2,1,16,102.22,102.92,37.5,75.0,1,0,1,3,2,1,0.67,23.0,LOW,FRICTION_PRONE_CUSTOMER
C000286,Rebecca,Mccormick,Saudi Arabia,Standard,3,11957.26,3985.75,4,1,3,1,23,50.21,65.33,25.0,45.0,1,0,0,4,3,1,0.75,13.0,LOW,LOYAL_LOW_FRICTION_CUSTOMER
C000288,Christopher,Simmons,Pakistan,Premium,2,8638.27,4319.14,3,1,2,1,16,55.56,66.38,37.5,45.0,1,0,0,3,2,1,0.67,13.0,LOW,NORMAL_CUSTOMER
C000290,Joshua,Hicks,Pakistan,Standard,1,2108.51,2108.51,1,0,1,0,7,37.92,37.92,0.0,0.0,0,0,0,1,1,0,1.0,0.0,LOW,NORMAL_CUSTOMER
C000295,Joyce,Jacobs,Saudi Arabia,Standard,4,7867.67,1966.92,4,0,4,0,27,70.79,75.93,10.0,40.0,1,0,0,4,4,0,1.0,5.0,LOW,LOYAL_LOW_FRICTION_CUSTOMER
C000297,Ronald,Bradford,United States,VIP,2,6885.72,3442.86,4,2,2,2,20,64.9,71.22,32.5,65.0,2,0,1,4,2,2,0.5,36.0,MEDIUM,FRICTION_PRONE_CUSTOMER
C000298,Alec,Young,Saudi Arabia,Standard,1,3298.28,3298.28,2,1,1,1,10,85.13,85.13,35.0,35.0,0,0,0,2,1,1,0.5,8.0,LOW,NORMAL_CUSTOMER
C000299,Charles,Shaw,Pakistan,Premium,3,5798.55,1932.85,3,0,3,0,21,61.53,79.58,0.0,0.0,0,0,0,3,3,0,1.0,0.0,LOW,LOYAL_LOW_FRICTION_CUSTOMER
C000300,Nicole,Jenkins,Saudi Arabia,Standard,1,2216.84,2216.84,1,0,1,0,6,77.75,77.75,45.0,45.0,1,0,0,1,1,0,1.0,5.0,LOW,NORMAL_CUSTOMER
C000301,Rebecca,Payne,Saudi Arabia,Standard,1,1164.55,1164.55,2,1,1,1,10,75.87,75.87,30.0,30.0,0,0,0,2,1,1,0.5,8.0,LOW,NORMAL_CUSTOMER
C000302,Amy,Richardson,Pakistan,Standard,2,4253.82,2126.91,5,3,2,3,23,54.48,54.48,47.5,65.0,2,0,1,5,2,3,0.4,44.0,MEDIUM,FRICTION_PRONE_CUSTOMER
C000303,Mary,Good,Pakistan,Premium,2,5779.32,2889.66,3,1,2,1,17,60.84,78.78,15.0,30.0,0,0,0,3,2,1,0.67,8.0,LOW,NORMAL_CUSTOMER
C000306,David,Wilson,Other,Standard,3,7649.7,2549.9,3,0,3,0,21,56.4,71.37,0.0,0.0,0,0,0,3,3,0,1.0,0.0,LOW,LOYAL_LOW_FRICTION_CUSTOMER
C000307,Kyle,Olson,Pakistan,Standard,2,6575.59,3287.8,2,0,2,0,14,70.99,89.45,0.0,0.0,0,0,0,2,2,0,1.0,0.0,LOW,NORMAL_CUSTOMER
C000308,Rachel,Vaughn,United Arab Emirates,Standard,2,2985.69,1492.84,4,2,2,2,20,72.3,93.15,32.5,35.0,0,0,0,4,2,2,0.5,16.0,LOW,FRICTION_PRONE_CUSTOMER
C000309,Laura,Thomas,United States,Premium,1,4768.37,4768.37,1,0,1,0,7,47.7,47.7,0.0,0.0,0,0,0,1,1,0,1.0,0.0,LOW,NORMAL_CUSTOMER
C000310,Michelle,Simon,Saudi Arabia,Standard,2,5290.92,2645.46,3,1,2,1,16,84.1,91.9,37.5,40.0,1,0,0,3,2,1,0.67,13.0,LOW,NORMAL_CUSTOMER
C000311,Rachel,Terrell,United Arab Emirates,Standard,2,4706.88,2353.44,2,0,2,0,13,57.9,72.45,20.0,40.0,1,0,0,2,2,0,1.0,5.0,LOW,NORMAL_CUSTOMER
C000312,Jason,Terrell,Saudi Arabia,Premium,1,2588.5,2588.5,1,0,1,0,7,90.88,90.88,0.0,0.0,0,0,0,1,1,0,1.0,0.0,LOW,NORMAL_CUSTOMER
C000313,John,Maxwell,Saudi Arabia,Premium,2,1793.15,896.58,2,0,2,0,13,71.25,71.63,20.0,40.0,1,0,0,2,2,0,1.0,5.0,LOW,NORMAL_CUSTOMER
C000314,Curtis,Marshall,Other,Standard,2,8593.41,4296.7,2,0,2,0,14,70.68,81.9,0.0,0.0,0,0,0,2,2,0,1.0,0.0,LOW,NORMAL_CUSTOMER
C000315,Kimberly,Miller,United States,Standard,2,6882.56,3441.28,2,0,2,0,14,67.9,103.3,0.0,0.0,0,0,0,2,2,0,1.0,0.0,LOW,NORMAL_CUSTOMER
C000317,Richard,Davis,United Arab Emirates,Premium,1,3745.49,3745.49,1,0,1,0,7,92.25,92.25,0.0,0.0,0,0,0,1,1,0,1.0,0.0,LOW,NORMAL_CUSTOMER
C000318,Christine,Kennedy,Saudi Arabia,Standard,2,3735.72,1867.86,2,0,2,0,14,54.68,55.47,0.0,0.0,0,0,0,2,2,0,1.0,0.0,LOW,NORMAL_CUSTOMER
C000320,Sarah,Horne,Saudi Arabia,Standard,1,3021.37,3021.37,1,0,1,0,7,37.33,37.33,0.0,0.0,0,0,0,1,1,0,1.0,0.0,LOW,NORMAL_CUSTOMER
C000321,Michelle,Miller,Pakistan,Standard,3,10461.17,3487.06,3,0,3,0,20,52.23,72.97,13.33,40.0,1,0,0,3,3,0,1.0,5.0,LOW,LOYAL_LOW_FRICTION_CUSTOMER
C000323,Lisa,Yates,United Kingdom,Standard,1,4402.45,4402.45,1,0,1,0,7,83.58,83.58,0.0,0.0,0,0,0,1,1,0,1.0,0.0,LOW,NORMAL_CUSTOMER
C000325,Angel,Brown,Other,Premium,2,6258.99,3129.5,3,1,2,1,17,78.76,80.15,15.0,30.0,0,0,0,3,2,1,0.67,8.0,LOW,NORMAL_CUSTOMER
C000326,Jill,Cooper,United Kingdom,Standard,1,573.83,573.83,1,0,1,0,6,47.43,47.43,40.0,40.0,1,0,0,1,1,0,1.0,5.0,LOW,NORMAL_CUSTOMER
C000327,Martin,Osborne,Pakistan,Standard,1,3820.25,3820.25,2,1,1,1,10,92.48,92.48,30.0,30.0,0,0,0,2,1,1,0.5,8.0,LOW,NORMAL_CUSTOMER
C000328,Sarah,Harrison,Pakistan,VIP,2,4534.17,2267.08,4,2,2,2,19,41.14,46.93,52.5,65.0,3,0,1,4,2,2,0.5,41.0,MEDIUM,FRICTION_PRONE_CUSTOMER
C000329,Leah,Hunt,United Arab Emirates,Standard,2,6558.37,3279.18,2,0,2,0,14,53.86,58.95,0.0,0.0,0,0,0,2,2,0,1.0,0.0,LOW,NORMAL_CUSTOMER
C000330,Michelle,Harrison,Saudi Arabia,Standard,2,6713.06,3356.53,3,1,2,1,15,74.94,109.13,62.5,80.0,2,1,0,3,2,1,0.67,38.0,MEDIUM,NORMAL_CUSTOMER
C000332,Joseph,Fisher,United States,Standard,2,5581.88,2790.94,2,0,2,0,13,58.34,69.87,20.0,40.0,1,0,0,2,2,0,1.0,5.0,LOW,NORMAL_CUSTOMER
C000333,Kristin,Yu,Saudi Arabia,Premium,1,1423.38,1423.38,1,0,1,0,6,48.65,48.65,45.0,45.0,1,0,0,1,1,0,1.0,5.0,LOW,NORMAL_CUSTOMER
C000335,Monica,Roberts,Saudi Arabia,Standard,1,2776.53,2776.53,1,0,1,0,6,66.52,66.52,45.0,45.0,1,0,0,1,1,0,1.0,5.0,LOW,NORMAL_CUSTOMER
C000336,Michele,Johnson,Saudi Arabia,Premium,1,1588.16,1588.16,1,0,1,0,7,81.37,81.37,0.0,0.0,0,0,0,1,1,0,1.0,0.0,LOW,NORMAL_CUSTOMER
C000337,Jeffrey,Livingston,Other,Standard,1,2164.43,2164.43,1,0,1,0,7,80.38,80.38,0.0,0.0,0,0,0,1,1,0,1.0,0.0,LOW,NORMAL_CUSTOMER
C000338,Lisa,Curry,United Kingdom,Premium,2,6156.16,3078.08,2,0,2,0,14,47.88,59.2,0.0,0.0,0,0,0,2,2,0,1.0,0.0,LOW,NORMAL_CUSTOMER
C000339,Steven,Acosta,United Arab Emirates,Standard,1,912.0,912.0,1,0,1,0,6,72.72,72.72,40.0,40.0,1,0,0,1,1,0,1.0,5.0,LOW,NORMAL_CUSTOMER
C000340,Kevin,Elliott,Saudi Arabia,Standard,1,1909.76,1909.76,1,0,1,0,7,44.93,44.93,0.0,0.0,0,0,0,1,1,0,1.0,0.0,LOW,NORMAL_CUSTOMER
C000341,Laura,Brown,United Arab Emirates,Premium,5,17146.11,3429.22,8,3,5,3,43,74.79,109.12,27.0,65.0,3,0,1,8,5,3,0.62,49.0,MEDIUM,FRICTION_PRONE_CUSTOMER
C000342,Jeremy,Kennedy,United Arab Emirates,Standard,4,15194.94,3798.73,5,1,4,1,28,59.62,97.72,38.75,75.0,3,0,1,5,4,1,0.8,33.0,MEDIUM,FRICTION_PRONE_CUSTOMER
C000343,Andrew,Jackson,Saudi Arabia,Standard,3,11053.49,3684.5,3,0,3,0,21,51.67,74.37,0.0,0.0,0,0,0,3,3,0,1.0,0.0,LOW,LOYAL_LOW_FRICTION_CUSTOMER
C000344,James,Williams,United Arab Emirates,Standard,3,8377.79,2792.6,4,1,3,1,24,58.14,70.57,11.67,35.0,0,0,0,4,3,1,0.75,8.0,LOW,LOYAL_LOW_FRICTION_CUSTOMER
C000345,Mark,Mooney,United Arab Emirates,Standard,2,6165.31,3082.66,2,0,2,0,13,62.65,77.38,20.0,40.0,1,0,0,2,2,0,1.0,5.0,LOW,NORMAL_CUSTOMER
C000346,Michelle,Lamb,Pakistan,Premium,1,4551.85,4551.85,3,2,1,2,13,110.87,110.87,65.0,65.0,2,0,1,3,1,2,0.33,36.0,MEDIUM,FRICTION_PRONE_CUSTOMER
C000348,Joshua,Mitchell,Saudi Arabia,Standard,1,4454.92,4454.92,1,0,1,0,7,63.57,63.57,0.0,0.0,0,0,0,1,1,0,1.0,0.0,LOW,NORMAL_CUSTOMER
C000349,Darlene,Miller,United Arab Emirates,Standard,2,3032.86,1516.43,2,0,2,0,13,49.04,68.75,20.0,40.0,1,0,0,2,2,0,1.0,5.0,LOW,NORMAL_CUSTOMER
C000351,Tina,York,Pakistan,Standard,1,1925.17,1925.17,1,0,1,0,7,86.48,86.48,0.0,0.0,0,0,0,1,1,0,1.0,0.0,LOW,NORMAL_CUSTOMER
C000352,Amanda,Ramirez,Other,Premium,1,1450.92,1450.92,1,0,1,0,7,52.38,52.38,0.0,0.0,0,0,0,1,1,0,1.0,0.0,LOW,NORMAL_CUSTOMER
C000353,Sheila,Anderson,United Kingdom,Standard,1,2851.32,2851.32,2,1,1,1,10,94.98,94.98,35.0,35.0,0,0,0,2,1,1,0.5,8.0,LOW,NORMAL_CUSTOMER
C000355,Tara,Hodge,Saudi Arabia,Premium,1,1152.23,1152.23,1,0,1,0,6,38.25,38.25,40.0,40.0,1,0,0,1,1,0,1.0,5.0,LOW,NORMAL_CUSTOMER
C000356,Gregory,Smith,Pakistan,Standard,3,11301.66,3767.22,6,3,3,3,28,64.55,107.42,56.67,100.0,4,1,1,6,3,3,0.5,74.0,HIGH,FRICTION_PRONE_CUSTOMER
C000357,Sydney,Rodriguez,Saudi Arabia,Standard,2,5317.96,2658.98,2,0,2,0,14,83.47,97.57,0.0,0.0,0,0,0,2,2,0,1.0,0.0,LOW,NORMAL_CUSTOMER
C000358,Joseph,Thompson,Pakistan,Standard,2,3604.12,1802.06,2,0,2,0,13,65.55,71.33,20.0,40.0,1,0,0,2,2,0,1.0,5.0,LOW,NORMAL_CUSTOMER
C000359,Daniel,Vargas,Other,Premium,1,952.39,952.39,1,0,1,0,7,68.23,68.23,0.0,0.0,0,0,0,1,1,0,1.0,0.0,LOW,NORMAL_CUSTOMER
C000360,Ryan,Hernandez,Pakistan,Standard,3,5676.95,1892.32,3,0,3,0,20,68.86,78.42,13.33,40.0,1,0,0,3,3,0,1.0,5.0,LOW,LOYAL_LOW_FRICTION_CUSTOMER
C000362,Lee,Morton,Pakistan,VIP,2,5454.87,2727.44,4,2,2,2,20,70.37,75.93,32.5,65.0,2,0,1,4,2,2,0.5,36.0,MEDIUM,FRICTION_PRONE_CUSTOMER
C000363,Catherine,Green,United Arab Emirates,Premium,2,5439.88,2719.94,2,0,2,0,13,69.7,82.23,20.0,40.0,1,0,0,2,2,0,1.0,5.0,LOW,NORMAL_CUSTOMER
C000364,William,Haynes,Pakistan,Premium,2,5632.02,2816.01,2,0,2,0,13,81.01,81.82,20.0,40.0,1,0,0,2,2,0,1.0,5.0,LOW,NORMAL_CUSTOMER
C000365,Paul,Washington,Other,Standard,4,13247.21,3311.8,5,1,4,1,31,61.63,101.83,7.5,30.0,0,0,0,5,4,1,0.8,8.0,LOW,LOYAL_LOW_FRICTION_CUSTOMER
C000366,Barbara,Lloyd,United Arab Emirates,Standard,3,7687.76,2562.59,3,0,3,0,19,81.09,103.52,26.67,40.0,2,0,0,3,3,0,1.0,10.0,LOW,LOYAL_LOW_FRICTION_CUSTOMER
C000367,Jonathan,Atkins,Other,Standard,2,7798.26,3899.13,2,0,2,0,14,86.72,101.55,0.0,0.0,0,0,0,2,2,0,1.0,0.0,LOW,NORMAL_CUSTOMER
C000369,Aaron,Miller,Saudi Arabia,Standard,3,5619.72,1873.24,4,1,3,1,23,82.85,97.48,25.0,75.0,1,0,1,4,3,1,0.75,23.0,LOW,FRICTION_PRONE_CUSTOMER
C000370,Sara,Thomas,Saudi Arabia,Standard,2,4646.1,2323.05,2,0,2,0,14,88.89,101.58,0.0,0.0,0,0,0,2,2,0,1.0,0.0,LOW,NORMAL_CUSTOMER
C000371,Amanda,Peck,Saudi Arabia,Standard,2,2735.08,1367.54,5,3,2,3,22,91.88,95.18,65.0,100.0,3,1,0,5,2,3,0.4,59.0,HIGH,FRICTION_PRONE_CUSTOMER
C000372,Jennifer,Moore,Saudi Arabia,Standard,3,8760.06,2920.02,3,0,3,0,20,66.11,75.87,13.33,40.0,1,0,0,3,3,0,1.0,5.0,LOW,LOYAL_LOW_FRICTION_CUSTOMER
C000373,Judy,Crawford,Saudi Arabia,Premium,2,4157.12,2078.56,2,0,2,0,13,51.82,63.2,20.0,40.0,1,0,0,2,2,0,1.0,5.0,LOW,NORMAL_CUSTOMER
C000375,Michael,Townsend,Saudi Arabia,Standard,4,13663.07,3415.77,8,4,4,4,40,83.24,100.45,32.5,60.0,2,0,1,8,4,4,0.5,52.0,HIGH,FRICTION_PRONE_CUSTOMER
C000376,Chad,Young,United Arab Emirates,Standard,3,6434.17,2144.72,5,2,3,2,27,75.29,111.8,21.67,65.0,2,0,1,5,3,2,0.6,36.0,MEDIUM,FRICTION_PRONE_CUSTOMER
C000378,Mark,Walsh,Saudi Arabia,Standard,2,3370.03,1685.02,2,0,2,0,12,67.15,91.73,40.0,40.0,2,0,0,2,2,0,1.0,10.0,LOW,NORMAL_CUSTOMER
C000379,Lee,Clark,United States,Standard,2,5736.51,2868.26,3,1,2,1,17,46.56,48.37,17.5,35.0,0,0,0,3,2,1,0.67,8.0,LOW,NORMAL_CUSTOMER
C000380,Melanie,Navarro,Saudi Arabia,Premium,1,4571.27,4571.27,1,0,1,0,6,68.58,68.58,45.0,45.0,1,0,0,1,1,0,1.0,5.0,LOW,NORMAL_CUSTOMER
C000381,Jennifer,Reed,Saudi Arabia,Premium,1,2204.62,2204.62,1,0,1,0,7,76.42,76.42,0.0,0.0,0,0,0,1,1,0,1.0,0.0,LOW,NORMAL_CUSTOMER
C000383,Kyle,Campos,Pakistan,Premium,2,5573.75,2786.88,2,0,2,0,14,58.57,73.42,0.0,0.0,0,0,0,2,2,0,1.0,0.0,LOW,NORMAL_CUSTOMER
C000384,Ricky,Wilson,Other,Standard,3,12128.68,4042.89,3,0,3,0,21,78.96,92.62,0.0,0.0,0,0,0,3,3,0,1.0,0.0,LOW,LOYAL_LOW_FRICTION_CUSTOMER
C000385,Richard,Jackson,United Kingdom,Premium,1,2329.55,2329.55,1,0,1,0,7,44.28,44.28,0.0,0.0,0,0,0,1,1,0,1.0,0.0,LOW,NORMAL_CUSTOMER
C000386,Kenneth,Ross,United States,Standard,1,1414.88,1414.88,1,0,1,0,6,74.52,74.52,40.0,40.0,1,0,0,1,1,0,1.0,5.0,LOW,NORMAL_CUSTOMER
C000387,David,Turner,Saudi Arabia,Standard,3,7020.54,2340.18,3,0,3,0,20,64.12,76.83,15.0,45.0,1,0,0,3,3,0,1.0,5.0,LOW,LOYAL_LOW_FRICTION_CUSTOMER
C000388,Robert,Reese,Saudi Arabia,Premium,1,1729.93,1729.93,1,0,1,0,6,95.5,95.5,40.0,40.0,1,0,0,1,1,0,1.0,5.0,LOW,NORMAL_CUSTOMER
C000389,Shelby,Goodwin,United States,Standard,1,4457.36,4457.36,1,0,1,0,6,49.93,49.93,40.0,40.0,1,0,0,1,1,0,1.0,5.0,LOW,NORMAL_CUSTOMER
C000390,Erica,Patel,United States,Standard,1,3140.22,3140.22,1,0,1,0,7,45.2,45.2,0.0,0.0,0,0,0,1,1,0,1.0,0.0,LOW,NORMAL_CUSTOMER
C000391,Raven,James,Other,Premium,2,1321.03,660.52,2,0,2,0,12,74.57,83.97,42.5,45.0,2,0,0,2,2,0,1.0,10.0,LOW,NORMAL_CUSTOMER
C000392,Christina,Thornton,United Arab Emirates,Premium,2,7068.66,3534.33,4,2,2,2,19,60.85,77.12,55.0,80.0,1,1,0,4,2,2,0.5,41.0,MEDIUM,FRICTION_PRONE_CUSTOMER
C000393,Kevin,Wells,United Arab Emirates,Standard,4,13335.35,3333.84,7,3,4,3,36,79.09,96.8,35.0,75.0,1,0,1,7,4,3,0.57,39.0,MEDIUM,FRICTION_PRONE_CUSTOMER
C000394,Amy,Thomas,United States,Standard,1,1584.37,1584.37,1,0,1,0,6,51.43,51.43,40.0,40.0,1,0,0,1,1,0,1.0,5.0,LOW,NORMAL_CUSTOMER
C000395,Aaron,Berg,United Arab Emirates,Premium,1,3407.32,3407.32,2,1,1,1,10,107.92,107.92,35.0,35.0,0,0,0,2,1,1,0.5,8.0,LOW,NORMAL_CUSTOMER
C000396,Justin,Smith,Other,VIP,3,7340.66,2446.89,5,2,3,2,26,74.34,92.78,35.0,65.0,3,0,1,5,3,2,0.6,41.0,MEDIUM,FRICTION_PRONE_CUSTOMER
C000397,Russell,Ho,Other,Standard,1,3271.44,3271.44,1,0,1,0,6,48.25,48.25,45.0,45.0,1,0,0,1,1,0,1.0,5.0,LOW,NORMAL_CUSTOMER
C000398,Bethany,Cole,United Arab Emirates,Premium,1,1333.07,1333.07,1,0,1,0,7,70.52,70.52,0.0,0.0,0,0,0,1,1,0,1.0,0.0,LOW,NORMAL_CUSTOMER
C000399,Diana,Gregory,United States,Premium,1,1337.41,1337.41,1,0,1,0,7,87.58,87.58,0.0,0.0,0,0,0,1,1,0,1.0,0.0,LOW,NORMAL_CUSTOMER
C000400,Steven,Nixon,United States,Standard,1,2777.64,2777.64,1,0,1,0,7,67.42,67.42,0.0,0.0,0,0,0,1,1,0,1.0,0.0,LOW,NORMAL_CUSTOMER
C000401,Scott,Vega,Saudi Arabia,Premium,2,4282.93,2141.46,2,0,2,0,14,42.54,50.48,0.0,0.0,0,0,0,2,2,0,1.0,0.0,LOW,NORMAL_CUSTOMER
C000402,Jason,Williams,Other,Standard,1,2039.27,2039.27,1,0,1,0,7,57.85,57.85,0.0,0.0,0,0,0,1,1,0,1.0,0.0,LOW,NORMAL_CUSTOMER
C000403,Thomas,Hardin,Pakistan,Standard,1,2509.62,2509.62,2,1,1,1,10,101.48,101.48,35.0,35.0,0,0,0,2,1,1,0.5,8.0,LOW,NORMAL_CUSTOMER
C000404,Rachel,Walsh,United States,Standard,2,3735.3,1867.65,5,3,2,3,22,73.73,101.53,67.5,75.0,3,0,2,5,2,3,0.4,59.0,HIGH,FRICTION_PRONE_CUSTOMER
C000405,Laura,Blanchard,United Arab Emirates,Standard,3,9850.53,3283.51,4,1,3,1,22,73.46,89.18,40.0,80.0,2,1,0,4,3,1,0.75,38.0,MEDIUM,NORMAL_CUSTOMER
C000406,Gene,Reynolds,Other,Premium,3,4103.19,1367.73,5,2,3,2,26,83.63,114.35,36.67,65.0,3,0,1,5,3,2,0.6,41.0,MEDIUM,FRICTION_PRONE_CUSTOMER
C000407,Christopher,Hull,United Arab Emirates,Standard,4,10342.36,2585.59,4,0,4,0,27,63.46,79.95,11.25,45.0,1,0,0,4,4,0,1.0,5.0,LOW,LOYAL_LOW_FRICTION_CUSTOMER
C000408,Zachary,Garrison,Saudi Arabia,Premium,1,4917.59,4917.59,1,0,1,0,7,74.72,74.72,0.0,0.0,0,0,0,1,1,0,1.0,0.0,LOW,NORMAL_CUSTOMER
C000410,Matthew,Adams,Saudi Arabia,Premium,1,2445.52,2445.52,2,1,1,1,9,75.98,75.98,75.0,75.0,1,0,1,2,1,1,0.5,23.0,LOW,FRICTION_PRONE_CUSTOMER
C000413,Emily,Myers,Other,Standard,1,4843.19,4843.19,2,1,1,1,10,47.47,47.47,35.0,35.0,0,0,0,2,1,1,0.5,8.0,LOW,NORMAL_CUSTOMER
C000414,Jeffrey,Mejia,Pakistan,Premium,2,8893.3,4446.65,2,0,2,0,12,45.0,49.48,42.5,45.0,2,0,0,2,2,0,1.0,10.0,LOW,NORMAL_CUSTOMER
C000418,Thomas,Lee,United Arab Emirates,Premium,3,4816.36,1605.45,6,3,3,3,29,63.57,78.0,45.0,65.0,3,0,1,6,3,3,0.5,49.0,MEDIUM,FRICTION_PRONE_CUSTOMER
C000419,Melissa,Rogers,United Kingdom,Standard,1,3437.86,3437.86,1,0,1,0,6,82.27,82.27,40.0,40.0,1,0,0,1,1,0,1.0,5.0,LOW,NORMAL_CUSTOMER
C000420,Charles,Vaughn,United States,Standard,4,11211.24,2802.81,4,0,4,0,26,52.95,72.52,21.25,45.0,2,0,0,4,4,0,1.0,10.0,LOW,LOYAL_LOW_FRICTION_CUSTOMER
C000422,Crystal,Kelley,United States,Standard,3,6375.19,2125.06,4,1,3,1,22,65.83,83.7,40.0,45.0,2,0,0,4,3,1,0.75,18.0,LOW,NORMAL_CUSTOMER
C000423,James,Chambers,Saudi Arabia,Premium,1,2534.06,2534.06,1,0,1,0,7,73.7,73.7,0.0,0.0,0,0,0,1,1,0,1.0,0.0,LOW,NORMAL_CUSTOMER
C000424,Heather,Decker,United Arab Emirates,Standard,2,6574.11,3287.06,2,0,2,0,14,62.56,92.22,0.0,0.0,0,0,0,2,2,0,1.0,0.0,LOW,NORMAL_CUSTOMER
C000425,Troy,Smith,Saudi Arabia,Premium,2,4532.54,2266.27,2,0,2,0,14,62.84,89.2,0.0,0.0,0,0,0,2,2,0,1.0,0.0,LOW,NORMAL_CUSTOMER
C000426,John,Davis,Pakistan,Premium,1,4176.24,4176.24,1,0,1,0,6,89.72,89.72,40.0,40.0,1,0,0,1,1,0,1.0,5.0,LOW,NORMAL_CUSTOMER
C000428,Adam,Griffin,Other,Standard,1,4799.58,4799.58,1,0,1,0,7,47.23,47.23,0.0,0.0,0,0,0,1,1,0,1.0,0.0,LOW,NORMAL_CUSTOMER
C000431,Daniel,Lee,Saudi Arabia,Standard,1,2138.05,2138.05,3,2,1,2,12,64.35,64.35,100.0,100.0,3,1,0,3,1,2,0.33,51.0,HIGH,FRICTION_PRONE_CUSTOMER
C000432,Ronald,Johnson,United States,Standard,2,4853.27,2426.64,2,0,2,0,13,59.56,80.25,20.0,40.0,1,0,0,2,2,0,1.0,5.0,LOW,NORMAL_CUSTOMER
C000433,Gregory,Davis,Pakistan,Standard,2,7012.09,3506.04,2,0,2,0,14,78.06,80.32,0.0,0.0,0,0,0,2,2,0,1.0,0.0,LOW,NORMAL_CUSTOMER
C000434,Susan,Mays,Saudi Arabia,Standard,1,3751.19,3751.19,1,0,1,0,7,26.43,26.43,0.0,0.0,0,0,0,1,1,0,1.0,0.0,LOW,NORMAL_CUSTOMER
C000436,Brent,Houston,United Kingdom,Standard,1,903.0,903.0,1,0,1,0,7,74.85,74.85,0.0,0.0,0,0,0,1,1,0,1.0,0.0,LOW,NORMAL_CUSTOMER
C000437,John,Sampson,Saudi Arabia,Standard,1,3944.32,3944.32,1,0,1,0,7,60.98,60.98,0.0,0.0,0,0,0,1,1,0,1.0,0.0,LOW,NORMAL_CUSTOMER
C000438,Melinda,Little,United States,Premium,2,9052.97,4526.48,2,0,2,0,14,92.79,101.95,0.0,0.0,0,0,0,2,2,0,1.0,0.0,LOW,NORMAL_CUSTOMER
C000441,Elizabeth,Gates,Saudi Arabia,Premium,1,1488.86,1488.86,1,0,1,0,7,46.7,46.7,0.0,0.0,0,0,0,1,1,0,1.0,0.0,LOW,NORMAL_CUSTOMER
C000442,Vanessa,Anderson,Other,Premium,4,11429.89,2857.47,4,0,4,0,25,47.64,65.47,32.5,45.0,3,0,0,4,4,0,1.0,15.0,LOW,NORMAL_CUSTOMER
C000443,Caitlin,Douglas,United Arab Emirates,Standard,2,6987.1,3493.55,2,0,2,0,14,88.5,96.17,0.0,0.0,0,0,0,2,2,0,1.0,0.0,LOW,NORMAL_CUSTOMER
C000444,Stephanie,Yoder,United Arab Emirates,VIP,1,1371.82,1371.82,1,0,1,0,7,35.95,35.95,0.0,0.0,0,0,0,1,1,0,1.0,0.0,LOW,NORMAL_CUSTOMER
C000445,Patricia,Knight,United States,Premium,3,8405.14,2801.71,3,0,3,0,20,67.49,85.43,15.0,45.0,1,0,0,3,3,0,1.0,5.0,LOW,LOYAL_LOW_FRICTION_CUSTOMER
C000446,Cheyenne,Coffey,Other,Standard,1,4882.57,4882.57,3,2,1,2,13,81.28,81.28,65.0,65.0,2,0,1,3,1,2,0.33,36.0,MEDIUM,FRICTION_PRONE_CUSTOMER
C000447,Jennifer,Kemp,Other,Standard,3,5086.71,1695.57,4,1,3,1,23,55.24,69.35,25.0,45.0,1,0,0,4,3,1,0.75,13.0,LOW,LOYAL_LOW_FRICTION_CUSTOMER
C000449,Maria,King,United Arab Emirates,Standard,2,7794.04,3897.02,2,0,2,0,13,47.75,48.32,20.0,40.0,1,0,0,2,2,0,1.0,5.0,LOW,NORMAL_CUSTOMER
C000452,Julia,Fowler,Pakistan,Standard,2,2295.21,1147.6,2,0,2,0,14,69.62,83.42,0.0,0.0,0,0,0,2,2,0,1.0,0.0,LOW,NORMAL_CUSTOMER
C000453,Thomas,Livingston,United Arab Emirates,Standard,2,6753.49,3376.74,3,1,2,1,17,69.82,83.72,15.0,30.0,0,0,0,3,2,1,0.67,8.0,LOW,NORMAL_CUSTOMER
C000454,Jonathon,Hill,Other,Standard,1,3663.57,3663.57,1,0,1,0,7,73.83,73.83,0.0,0.0,0,0,0,1,1,0,1.0,0.0,LOW,NORMAL_CUSTOMER
C000455,John,Simmons,Saudi Arabia,Standard,3,6845.41,2281.8,5,2,3,2,26,64.35,92.38,33.33,100.0,3,1,0,5,3,2,0.6,51.0,HIGH,FRICTION_PRONE_CUSTOMER
C000456,Dana,Berger,United Arab Emirates,Standard,1,4804.64,4804.64,1,0,1,0,7,87.8,87.8,0.0,0.0,0,0,0,1,1,0,1.0,0.0,LOW,NORMAL_CUSTOMER
C000457,Katie,Carrillo,Saudi Arabia,Standard,2,8972.51,4486.26,2,0,2,0,13,74.63,81.45,20.0,40.0,1,0,0,2,2,0,1.0,5.0,LOW,NORMAL_CUSTOMER
C000459,Courtney,Martin,Saudi Arabia,Standard,1,1870.65,1870.65,1,0,1,0,7,41.63,41.63,0.0,0.0,0,0,0,1,1,0,1.0,0.0,LOW,NORMAL_CUSTOMER
C000460,Joshua,Jones,Saudi Arabia,Premium,1,2240.52,2240.52,1,0,1,0,7,77.92,77.92,0.0,0.0,0,0,0,1,1,0,1.0,0.0,LOW,NORMAL_CUSTOMER
C000461,Chris,Waters,Saudi Arabia,Premium,3,8373.21,2791.07,4,1,3,1,21,70.41,93.25,50.0,70.0,3,0,1,4,3,1,0.75,33.0,MEDIUM,FRICTION_PRONE_CUSTOMER
C000463,Joseph,Cook,United Kingdom,Premium,1,4549.11,4549.11,1,0,1,0,7,42.43,42.43,0.0,0.0,0,0,0,1,1,0,1.0,0.0,LOW,NORMAL_CUSTOMER
C000464,Luis,Brown,Pakistan,Premium,1,1040.31,1040.31,1,0,1,0,7,43.8,43.8,0.0,0.0,0,0,0,1,1,0,1.0,0.0,LOW,NORMAL_CUSTOMER
C000465,Amber,Sosa,Other,Premium,3,10432.0,3477.33,5,2,3,2,25,59.29,69.87,50.0,60.0,4,0,1,5,3,2,0.6,46.0,MEDIUM,FRICTION_PRONE_CUSTOMER
C000467,Jesse,Alexander,Saudi Arabia,Standard,1,542.95,542.95,3,2,1,2,13,76.32,76.32,65.0,65.0,2,0,1,3,1,2,0.33,36.0,MEDIUM,FRICTION_PRONE_CUSTOMER
C000468,Heather,Vasquez,Other,Premium,1,2816.35,2816.35,2,1,1,1,10,89.78,89.78,30.0,30.0,0,0,0,2,1,1,0.5,8.0,LOW,NORMAL_CUSTOMER
C000471,Rick,White,Saudi Arabia,Standard,4,13365.91,3341.48,5,1,4,1,30,71.71,94.37,18.75,40.0,1,0,0,5,4,1,0.8,13.0,LOW,LOYAL_LOW_FRICTION_CUSTOMER
C000472,Amy,Vasquez,Other,VIP,1,972.8,972.8,1,0,1,0,7,90.9,90.9,0.0,0.0,0,0,0,1,1,0,1.0,0.0,LOW,NORMAL_CUSTOMER
C000475,Robert,Robinson,Pakistan,Standard,2,1752.41,876.2,2,0,2,0,13,72.76,92.2,20.0,40.0,1,0,0,2,2,0,1.0,5.0,LOW,NORMAL_CUSTOMER
C000476,Rebecca,Schneider,Other,Premium,3,6315.49,2105.16,3,0,3,0,19,75.49,85.42,28.33,45.0,2,0,0,3,3,0,1.0,10.0,LOW,LOYAL_LOW_FRICTION_CUSTOMER
C000478,Heather,Baldwin,Pakistan,Standard,2,4601.74,2300.87,2,0,2,0,14,72.35,89.45,0.0,0.0,0,0,0,2,2,0,1.0,0.0,LOW,NORMAL_CUSTOMER
C000479,Melissa,Garcia,Other,Standard,1,4035.97,4035.97,1,0,1,0,7,31.83,31.83,0.0,0.0,0,0,0,1,1,0,1.0,0.0,LOW,NORMAL_CUSTOMER
C000480,Kathy,Jones,Pakistan,Standard,2,4908.62,2454.31,2,0,2,0,14,77.92,85.5,0.0,0.0,0,0,0,2,2,0,1.0,0.0,LOW,NORMAL_CUSTOMER
C000482,Adam,King,United Kingdom,Standard,1,2194.34,2194.34,1,0,1,0,7,81.87,81.87,0.0,0.0,0,0,0,1,1,0,1.0,0.0,LOW,NORMAL_CUSTOMER
C000483,Michael,Griffin,United Arab Emirates,Standard,1,3977.4,3977.4,2,1,1,1,10,46.85,46.85,35.0,35.0,0,0,0,2,1,1,0.5,8.0,LOW,NORMAL_CUSTOMER
C000485,Melissa,Hernandez,Pakistan,Premium,2,7142.53,3571.27,4,2,2,2,19,86.16,100.65,50.0,100.0,3,1,0,4,2,2,0.5,51.0,HIGH,FRICTION_PRONE_CUSTOMER
C000486,Stephanie,Bowman,Other,Standard,1,2033.96,2033.96,3,2,1,2,13,77.95,77.95,65.0,65.0,2,0,1,3,1,2,0.33,36.0,MEDIUM,FRICTION_PRONE_CUSTOMER
C000489,Amy,Adams,Other,Standard,4,11139.42,2784.86,4,0,4,0,26,60.0,78.37,21.25,45.0,2,0,0,4,4,0,1.0,10.0,LOW,LOYAL_LOW_FRICTION_CUSTOMER
C000490,Carrie,Graves,Other,Standard,3,10124.76,3374.92,5,2,3,2,27,93.12,108.62,21.67,65.0,2,0,1,5,3,2,0.6,36.0,MEDIUM,FRICTION_PRONE_CUSTOMER
C000491,Jeffrey,Conway,United Arab Emirates,Standard,3,12755.46,4251.82,4,1,3,1,23,45.1,57.6,23.33,40.0,1,0,0,4,3,1,0.75,13.0,LOW,LOYAL_LOW_FRICTION_CUSTOMER
C000492,Jeffrey,Andrews,Pakistan,Premium,1,508.72,508.72,3,2,1,2,13,82.65,82.65,65.0,65.0,2,0,1,3,1,2,0.33,36.0,MEDIUM,FRICTION_PRONE_CUSTOMER
C000493,Ryan,Robertson,Saudi Arabia,Standard,5,20032.12,4006.42,7,2,5,2,40,75.96,87.92,21.0,65.0,3,0,1,7,5,2,0.71,41.0,MEDIUM,FRICTION_PRONE_CUSTOMER
C000494,Anthony,Case,Saudi Arabia,Standard,1,676.68,676.68,1,0,1,0,6,58.82,58.82,40.0,40.0,1,0,0,1,1,0,1.0,5.0,LOW,NORMAL_CUSTOMER
C000495,Matthew,Henry,United Arab Emirates,Standard,1,1601.35,1601.35,1,0,1,0,6,67.5,67.5,45.0,45.0,1,0,0,1,1,0,1.0,5.0,LOW,NORMAL_CUSTOMER
C000496,Erin,Graham,United Arab Emirates,Standard,2,4429.35,2214.68,2,0,2,0,12,68.27,75.57,42.5,45.0,2,0,0,2,2,0,1.0,10.0,LOW,NORMAL_CUSTOMER
C000498,Frederick,Norman,Saudi Arabia,Standard,1,1343.75,1343.75,2,1,1,1,10,64.63,64.63,30.0,30.0,0,0,0,2,1,1,0.5,8.0,LOW,NORMAL_CUSTOMER
C000499,Tanner,Floyd,Other,Standard,3,7194.33,2398.11,3,0,3,0,19,48.78,77.28,28.33,45.0,2,0,0,3,3,0,1.0,10.0,LOW,LOYAL_LOW_FRICTION_CUSTOMER
C000500,David,Fernandez,Other,Standard,2,5988.34,2994.17,4,2,2,2,18,50.62,51.27,72.5,100.0,4,1,0,4,2,2,0.5,56.0,HIGH,FRICTION_PRONE_CUSTOMER
C000502,Anthony,Finley,Pakistan,Standard,2,9403.38,4701.69,2,0,2,0,14,96.4,104.48,0.0,0.0,0,0,0,2,2,0,1.0,0.0,LOW,NORMAL_CUSTOMER
C000503,Phillip,Meyers,United Arab Emirates,Standard,1,4170.62,4170.62,1,0,1,0,7,98.18,98.18,0.0,0.0,0,0,0,1,1,0,1.0,0.0,LOW,NORMAL_CUSTOMER
C000504,Anne,Olson,United States,Standard,1,3243.39,3243.39,1,0,1,0,7,29.3,29.3,0.0,0.0,0,0,0,1,1,0,1.0,0.0,LOW,NORMAL_CUSTOMER
C000505,Anthony,Bradley,United Kingdom,Standard,2,7005.21,3502.6,3,1,2,1,16,66.71,68.6,35.0,70.0,1,0,1,3,2,1,0.67,23.0,LOW,FRICTION_PRONE_CUSTOMER
C000506,Dawn,Donovan,Saudi Arabia,Standard,2,6284.91,3142.46,3,1,2,1,17,69.21,91.7,15.0,30.0,0,0,0,3,2,1,0.67,8.0,LOW,NORMAL_CUSTOMER
C000507,Derek,Howard,Other,Standard,1,4053.04,4053.04,1,0,1,0,6,37.53,37.53,45.0,45.0,1,0,0,1,1,0,1.0,5.0,LOW,NORMAL_CUSTOMER
C000508,Steven,Maldonado,United States,Standard,2,5840.45,2920.23,3,1,2,1,17,49.98,62.42,17.5,35.0,0,0,0,3,2,1,0.67,8.0,LOW,NORMAL_CUSTOMER
C000509,Brent,Morales,Other,Standard,2,8605.02,4302.51,2,0,2,0,14,48.89,57.57,0.0,0.0,0,0,0,2,2,0,1.0,0.0,LOW,NORMAL_CUSTOMER
C000510,Nicholas,Chen,United Kingdom,Standard,1,3839.8,3839.8,1,0,1,0,7,93.93,93.93,0.0,0.0,0,0,0,1,1,0,1.0,0.0,LOW,NORMAL_CUSTOMER
C000511,Jason,Benjamin,Pakistan,Standard,2,6523.91,3261.96,3,1,2,1,17,94.72,108.23,15.0,30.0,0,0,0,3,2,1,0.67,8.0,LOW,NORMAL_CUSTOMER
C000513,Kathleen,Nichols,Other,Standard,2,7883.09,3941.54,2,0,2,0,14,53.47,74.63,0.0,0.0,0,0,0,2,2,0,1.0,0.0,LOW,NORMAL_CUSTOMER
C000514,Nicholas,Woodward,Other,Premium,1,771.94,771.94,1,0,1,0,7,46.82,46.82,0.0,0.0,0,0,0,1,1,0,1.0,0.0,LOW,NORMAL_CUSTOMER
C000515,Karen,Miller,Saudi Arabia,Premium,4,13420.61,3355.15,4,0,4,0,28,62.78,70.43,0.0,0.0,0,0,0,4,4,0,1.0,0.0,LOW,LOYAL_LOW_FRICTION_CUSTOMER
C000516,Marie,Stevens,Saudi Arabia,Standard,3,8481.51,2827.17,5,2,3,2,25,45.06,46.47,48.33,100.0,4,1,0,5,3,2,0.6,56.0,HIGH,FRICTION_PRONE_CUSTOMER
C000517,Johnny,Miranda,United Arab Emirates,Premium,2,6838.8,3419.4,2,0,2,0,12,46.39,46.98,45.0,45.0,2,0,0,2,2,0,1.0,10.0,LOW,NORMAL_CUSTOMER
C000518,Christopher,Holland,United States,Standard,1,628.12,628.12,1,0,1,0,6,92.58,92.58,40.0,40.0,1,0,0,1,1,0,1.0,5.0,LOW,NORMAL_CUSTOMER
C000520,Amber,Williams,Saudi Arabia,VIP,3,7399.3,2466.43,4,1,3,1,23,78.82,102.77,25.0,40.0,1,0,0,4,3,1,0.75,13.0,LOW,LOYAL_LOW_FRICTION_CUSTOMER
C000521,Zoe,Cruz,Pakistan,Premium,3,6842.7,2280.9,3,0,3,0,20,89.75,100.63,15.0,45.0,1,0,0,3,3,0,1.0,5.0,LOW,LOYAL_LOW_FRICTION_CUSTOMER
C000522,Michael,Lee,United Arab Emirates,VIP,2,5829.99,2915.0,2,0,2,0,14,39.48,42.42,0.0,0.0,0,0,0,2,2,0,1.0,0.0,LOW,NORMAL_CUSTOMER
C000523,Debra,Dominguez,Other,Standard,3,4860.36,1620.12,3,0,3,0,19,58.6,89.57,26.67,40.0,2,0,0,3,3,0,1.0,10.0,LOW,LOYAL_LOW_FRICTION_CUSTOMER
C000524,Kimberly,Mosley,United States,Standard,2,5964.63,2982.32,2,0,2,0,14,74.62,94.72,0.0,0.0,0,0,0,2,2,0,1.0,0.0,LOW,NORMAL_CUSTOMER
C000525,Denise,Mccoy,United States,Standard,2,4365.89,2182.95,2,0,2,0,14,97.96,101.42,0.0,0.0,0,0,0,2,2,0,1.0,0.0,LOW,NORMAL_CUSTOMER
C000526,Karen,Howard,United Arab Emirates,Standard,2,3911.24,1955.62,2,0,2,0,14,82.12,83.77,0.0,0.0,0,0,0,2,2,0,1.0,0.0,LOW,NORMAL_CUSTOMER
C000527,Stefanie,Miller,United Arab Emirates,Standard,3,9253.73,3084.58,4,1,3,1,23,82.42,107.82,25.0,75.0,1,0,1,4,3,1,0.75,23.0,LOW,FRICTION_PRONE_CUSTOMER
C000528,James,Chen,Saudi Arabia,Premium,2,3828.53,1914.26,2,0,2,0,14,62.16,65.78,0.0,0.0,0,0,0,2,2,0,1.0,0.0,LOW,NORMAL_CUSTOMER
C000529,Andrew,Moss,Saudi Arabia,Standard,1,3309.69,3309.69,1,0,1,0,7,48.92,48.92,0.0,0.0,0,0,0,1,1,0,1.0,0.0,LOW,NORMAL_CUSTOMER
C000530,Elijah,Taylor,Other,Standard,3,7726.1,2575.37,5,2,3,2,27,81.08,103.68,20.0,30.0,0,0,0,5,3,2,0.6,16.0,LOW,FRICTION_PRONE_CUSTOMER
C000532,Elizabeth,Cortez,Other,Standard,1,4008.16,4008.16,1,0,1,0,7,75.68,75.68,0.0,0.0,0,0,0,1,1,0,1.0,0.0,LOW,NORMAL_CUSTOMER
C000535,Holly,Brown,United States,Standard,2,2482.71,1241.36,2,0,2,0,13,37.0,44.58,20.0,40.0,1,0,0,2,2,0,1.0,5.0,LOW,NORMAL_CUSTOMER
C000537,Gary,Parker,United States,Premium,3,9345.37,3115.12,3,0,3,0,19,56.59,65.65,28.33,45.0,2,0,0,3,3,0,1.0,10.0,LOW,LOYAL_LOW_FRICTION_CUSTOMER
C000538,Catherine,Ferguson,Saudi Arabia,VIP,1,2337.13,2337.13,2,1,1,1,10,58.93,58.93,35.0,35.0,0,0,0,2,1,1,0.5,8.0,LOW,NORMAL_CUSTOMER
C000540,Danny,Cole,Saudi Arabia,Premium,2,6067.8,3033.9,2,0,2,0,14,58.04,67.23,0.0,0.0,0,0,0,2,2,0,1.0,0.0,LOW,NORMAL_CUSTOMER
C000541,Lori,Forbes,Other,Standard,1,1296.74,1296.74,1,0,1,0,6,41.7,41.7,45.0,45.0,1,0,0,1,1,0,1.0,5.0,LOW,NORMAL_CUSTOMER
C000542,Tami,Johnson,Pakistan,Premium,4,11679.08,2919.77,5,1,4,1,29,78.85,92.33,28.75,45.0,2,0,0,5,4,1,0.8,18.0,LOW,LOYAL_LOW_FRICTION_CUSTOMER
C000543,Daniel,Brown,Saudi Arabia,Standard,1,727.43,727.43,1,0,1,0,7,95.85,95.85,0.0,0.0,0,0,0,1,1,0,1.0,0.0,LOW,NORMAL_CUSTOMER
C000545,Larry,Williams,Pakistan,Standard,1,805.48,805.48,1,0,1,0,7,36.93,36.93,0.0,0.0,0,0,0,1,1,0,1.0,0.0,LOW,NORMAL_CUSTOMER
C000546,Erica,Wilson,United Arab Emirates,Standard,7,21160.19,3022.88,10,3,7,3,58,66.73,99.5,14.29,35.0,0,0,0,10,7,3,0.7,24.0,LOW,FRICTION_PRONE_CUSTOMER
C000547,Susan,Roman,Saudi Arabia,Standard,3,9038.04,3012.68,3,0,3,0,20,64.04,98.33,13.33,40.0,1,0,0,3,3,0,1.0,5.0,LOW,LOYAL_LOW_FRICTION_CUSTOMER
C000548,Randy,Contreras,United Kingdom,Standard,1,2228.06,2228.06,1,0,1,0,7,46.95,46.95,0.0,0.0,0,0,0,1,1,0,1.0,0.0,LOW,NORMAL_CUSTOMER
C000549,Jennifer,Ellis,Pakistan,Standard,2,4024.54,2012.27,2,0,2,0,12,66.34,78.35,40.0,40.0,2,0,0,2,2,0,1.0,10.0,LOW,NORMAL_CUSTOMER
C000551,Hannah,Sawyer,Pakistan,Premium,1,2106.05,2106.05,1,0,1,0,7,57.82,57.82,0.0,0.0,0,0,0,1,1,0,1.0,0.0,LOW,NORMAL_CUSTOMER
C000552,Courtney,Hernandez,Other,Standard,1,1950.44,1950.44,2,1,1,1,10,64.2,64.2,30.0,30.0,0,0,0,2,1,1,0.5,8.0,LOW,NORMAL_CUSTOMER
C000553,Curtis,Riley,Pakistan,Standard,1,2881.57,2881.57,3,2,1,2,13,91.17,91.17,65.0,65.0,2,0,1,3,1,2,0.33,36.0,MEDIUM,FRICTION_PRONE_CUSTOMER
C000554,Kendra,Buckley,Pakistan,Premium,1,1375.68,1375.68,1,0,1,0,7,55.78,55.78,0.0,0.0,0,0,0,1,1,0,1.0,0.0,LOW,NORMAL_CUSTOMER
C000556,Caroline,Thomas,United Arab Emirates,Standard,3,9551.38,3183.79,5,2,3,2,26,64.66,99.97,36.67,65.0,3,0,1,5,3,2,0.6,41.0,MEDIUM,FRICTION_PRONE_CUSTOMER
C000557,David,Valdez,Saudi Arabia,Standard,3,5128.58,1709.53,4,1,3,1,23,65.03,81.25,25.0,40.0,1,0,0,4,3,1,0.75,13.0,LOW,LOYAL_LOW_FRICTION_CUSTOMER
C000558,Tonya,Ruiz,Saudi Arabia,Standard,1,1172.13,1172.13,1,0,1,0,6,70.77,70.77,45.0,45.0,1,0,0,1,1,0,1.0,5.0,LOW,NORMAL_CUSTOMER
C000559,Kimberly,Hardin,United States,VIP,1,3991.23,3991.23,1,0,1,0,7,49.27,49.27,0.0,0.0,0,0,0,1,1,0,1.0,0.0,LOW,NORMAL_CUSTOMER
C000560,Michael,Williams,Pakistan,Premium,2,6527.68,3263.84,2,0,2,0,14,73.12,76.28,0.0,0.0,0,0,0,2,2,0,1.0,0.0,LOW,NORMAL_CUSTOMER
C000561,Ross,Haynes,United Kingdom,Premium,2,3702.33,1851.16,5,3,2,3,22,70.38,78.88,65.0,100.0,3,1,0,5,2,3,0.4,59.0,HIGH,FRICTION_PRONE_CUSTOMER
C000562,Mitchell,Anderson,Saudi Arabia,Standard,1,4732.18,4732.18,2,1,1,1,9,47.93,47.93,75.0,75.0,1,0,1,2,1,1,0.5,23.0,LOW,FRICTION_PRONE_CUSTOMER
C000563,William,Jackson,Saudi Arabia,Standard,2,4052.43,2026.22,4,2,2,2,19,87.77,98.02,50.0,100.0,3,1,0,4,2,2,0.5,51.0,HIGH,FRICTION_PRONE_CUSTOMER
C000564,Matthew,Williams,Saudi Arabia,Standard,1,3820.18,3820.18,1,0,1,0,6,38.95,38.95,45.0,45.0,1,0,0,1,1,0,1.0,5.0,LOW,NORMAL_CUSTOMER
C000565,Melissa,Parker,United Arab Emirates,Standard,2,3743.33,1871.66,2,0,2,0,14,62.8,82.65,0.0,0.0,0,0,0,2,2,0,1.0,0.0,LOW,NORMAL_CUSTOMER
C000567,Daniel,Bryant,United Arab Emirates,Standard,2,5251.35,2625.68,2,0,2,0,13,43.98,54.5,20.0,40.0,1,0,0,2,2,0,1.0,5.0,LOW,NORMAL_CUSTOMER
C000570,Maria,Meyers,United Arab Emirates,Standard,2,3910.68,1955.34,2,0,2,0,14,75.91,83.45,0.0,0.0,0,0,0,2,2,0,1.0,0.0,LOW,NORMAL_CUSTOMER
C000571,Jasmine,Rodriguez,Pakistan,Premium,1,4559.58,4559.58,1,0,1,0,7,63.9,63.9,0.0,0.0,0,0,0,1,1,0,1.0,0.0,LOW,NORMAL_CUSTOMER
C000572,Ryan,Crawford,United States,Standard,3,11712.74,3904.25,3,0,3,0,20,52.32,81.33,13.33,40.0,1,0,0,3,3,0,1.0,5.0,LOW,LOYAL_LOW_FRICTION_CUSTOMER
C000573,Jessica,Lloyd,United Arab Emirates,Premium,3,9191.8,3063.93,5,2,3,2,26,72.94,84.77,36.67,65.0,3,0,1,5,3,2,0.6,41.0,MEDIUM,FRICTION_PRONE_CUSTOMER
C000575,Joseph,Brock,Other,Standard,5,16159.5,3231.9,6,1,5,1,36,77.23,94.1,24.0,45.0,2,0,0,6,5,1,0.83,18.0,LOW,LOYAL_LOW_FRICTION_CUSTOMER
C000576,Lindsey,Simmons,Other,Standard,2,6878.81,3439.4,5,3,2,3,23,54.99,63.53,50.0,65.0,2,0,1,5,2,3,0.4,44.0,MEDIUM,FRICTION_PRONE_CUSTOMER
C000579,Ryan,Gregory,United Arab Emirates,Standard,1,1645.17,1645.17,1,0,1,0,6,32.57,32.57,40.0,40.0,1,0,0,1,1,0,1.0,5.0,LOW,NORMAL_CUSTOMER
C000580,Jessica,Nguyen,Saudi Arabia,Premium,1,4642.33,4642.33,1,0,1,0,6,67.18,67.18,45.0,45.0,1,0,0,1,1,0,1.0,5.0,LOW,NORMAL_CUSTOMER
C000581,Joseph,Daugherty,United Arab Emirates,VIP,3,9662.21,3220.74,5,2,3,2,26,79.73,93.98,36.67,65.0,3,0,1,5,3,2,0.6,41.0,MEDIUM,FRICTION_PRONE_CUSTOMER
C000582,Melissa,Johnston,Other,Standard,2,6062.26,3031.13,4,2,2,2,20,66.68,90.27,30.0,60.0,2,0,1,4,2,2,0.5,36.0,MEDIUM,FRICTION_PRONE_CUSTOMER
C000584,Christopher,Copeland,United Arab Emirates,Standard,2,8184.96,4092.48,2,0,2,0,14,51.35,64.42,0.0,0.0,0,0,0,2,2,0,1.0,0.0,LOW,NORMAL_CUSTOMER
C000585,Nicole,Mcguire,Pakistan,Premium,1,2919.16,2919.16,2,1,1,1,10,80.03,80.03,35.0,35.0,0,0,0,2,1,1,0.5,8.0,LOW,NORMAL_CUSTOMER
C000586,John,Duran,Saudi Arabia,Standard,2,6705.03,3352.52,4,2,2,2,20,77.58,101.67,32.5,65.0,2,0,1,4,2,2,0.5,36.0,MEDIUM,FRICTION_PRONE_CUSTOMER
C000588,Cheryl,Rogers,Saudi Arabia,Standard,2,6001.0,3000.5,2,0,2,0,13,58.46,68.93,20.0,40.0,1,0,0,2,2,0,1.0,5.0,LOW,NORMAL_CUSTOMER
C000589,Nicholas,Martinez,Saudi Arabia,Premium,2,6344.94,3172.47,3,1,2,1,16,47.18,53.73,35.0,70.0,1,0,1,3,2,1,0.67,23.0,LOW,FRICTION_PRONE_CUSTOMER
C000590,Anthony,Thomas,Saudi Arabia,Standard,1,2345.51,2345.51,1,0,1,0,7,58.3,58.3,0.0,0.0,0,0,0,1,1,0,1.0,0.0,LOW,NORMAL_CUSTOMER
C000591,Melissa,Perry,Saudi Arabia,Standard,1,3397.85,3397.85,1,0,1,0,7,41.27,41.27,0.0,0.0,0,0,0,1,1,0,1.0,0.0,LOW,NORMAL_CUSTOMER
C000592,Hunter,Horton,Pakistan,Premium,1,1640.11,1640.11,1,0,1,0,7,65.77,65.77,0.0,0.0,0,0,0,1,1,0,1.0,0.0,LOW,NORMAL_CUSTOMER
C000594,Lauren,Gonzales,United Arab Emirates,Standard,4,10333.52,2583.38,5,1,4,1,29,66.54,77.3,30.0,45.0,2,0,0,5,4,1,0.8,18.0,LOW,NORMAL_CUSTOMER
C000596,Nicole,Williams,United Arab Emirates,Standard,5,15186.31,3037.26,5,0,5,0,34,59.1,73.88,8.0,40.0,1,0,0,5,5,0,1.0,5.0,LOW,LOYAL_LOW_FRICTION_CUSTOMER
C000597,Jacqueline,Garcia,United Kingdom,Standard,3,11793.23,3931.08,5,2,3,2,26,69.21,78.85,35.0,65.0,3,0,1,5,3,2,0.6,41.0,MEDIUM,FRICTION_PRONE_CUSTOMER
C000598,Joshua,Boone,Saudi Arabia,Standard,3,7882.86,2627.62,4,1,3,1,23,74.97,98.28,26.67,80.0,1,1,0,4,3,1,0.75,33.0,MEDIUM,LOYAL_LOW_FRICTION_CUSTOMER
C000599,Alejandro,Salazar,Saudi Arabia,Standard,1,3846.91,3846.91,1,0,1,0,6,42.65,42.65,40.0,40.0,1,0,0,1,1,0,1.0,5.0,LOW,NORMAL_CUSTOMER
C000600,Stacy,Strickland,Saudi Arabia,Standard,1,4077.21,4077.21,1,0,1,0,6,29.25,29.25,45.0,45.0,1,0,0,1,1,0,1.0,5.0,LOW,NORMAL_CUSTOMER
C000601,Christopher,Smith,Saudi Arabia,Standard,5,14266.12,2853.22,5,0,5,0,33,77.15,88.62,16.0,40.0,2,0,0,5,5,0,1.0,10.0,LOW,LOYAL_LOW_FRICTION_CUSTOMER
C000602,Jennifer,Tucker,Saudi Arabia,Standard,1,2098.82,2098.82,1,0,1,0,6,80.45,80.45,45.0,45.0,1,0,0,1,1,0,1.0,5.0,LOW,NORMAL_CUSTOMER
C000603,Tracy,Smith,Saudi Arabia,Premium,1,4560.33,4560.33,1,0,1,0,7,38.3,38.3,0.0,0.0,0,0,0,1,1,0,1.0,0.0,LOW,NORMAL_CUSTOMER
C000604,Katherine,White,Saudi Arabia,Premium,2,3550.56,1775.28,3,1,2,1,16,46.46,55.17,37.5,45.0,1,0,0,3,2,1,0.67,13.0,LOW,NORMAL_CUSTOMER
C000605,Hannah,Davis,Saudi Arabia,Standard,1,4723.86,4723.86,2,1,1,1,10,66.15,66.15,35.0,35.0,0,0,0,2,1,1,0.5,8.0,LOW,NORMAL_CUSTOMER
C000607,Travis,Eaton,Saudi Arabia,Standard,1,4975.17,4975.17,1,0,1,0,7,32.98,32.98,0.0,0.0,0,0,0,1,1,0,1.0,0.0,LOW,NORMAL_CUSTOMER
C000608,Laura,Butler,United Arab Emirates,Premium,2,5348.13,2674.06,2,0,2,0,14,68.98,87.67,0.0,0.0,0,0,0,2,2,0,1.0,0.0,LOW,NORMAL_CUSTOMER
C000609,Christopher,Aguirre,Pakistan,Standard,2,6045.99,3023.0,3,1,2,1,17,69.97,75.7,15.0,30.0,0,0,0,3,2,1,0.67,8.0,LOW,NORMAL_CUSTOMER
C000610,Jeffrey,Barton,United Kingdom,Standard,3,7815.48,2605.16,6,3,3,3,29,81.43,121.58,46.67,65.0,4,0,1,6,3,3,0.5,54.0,HIGH,FRICTION_PRONE_CUSTOMER
C000611,Heather,Schwartz,Saudi Arabia,Standard,4,8396.73,2099.18,5,1,4,1,31,68.68,91.95,8.75,35.0,0,0,0,5,4,1,0.8,8.0,LOW,LOYAL_LOW_FRICTION_CUSTOMER
C000613,Bonnie,Bowman,Pakistan,Standard,3,10636.62,3545.54,3,0,3,0,19,65.82,71.42,30.0,45.0,2,0,0,3,3,0,1.0,10.0,LOW,NORMAL_CUSTOMER
C000615,Alyssa,Jenkins,Other,Standard,3,8779.53,2926.51,3,0,3,0,21,69.91,90.72,0.0,0.0,0,0,0,3,3,0,1.0,0.0,LOW,LOYAL_LOW_FRICTION_CUSTOMER
C000616,Ronald,Hurley,Other,Standard,5,12266.79,2453.36,5,0,5,0,35,64.54,83.97,0.0,0.0,0,0,0,5,5,0,1.0,0.0,LOW,LOYAL_LOW_FRICTION_CUSTOMER
C000617,Julie,Bishop,Saudi Arabia,Standard,3,6784.09,2261.36,3,0,3,0,20,69.64,105.42,13.33,40.0,1,0,0,3,3,0,1.0,5.0,LOW,LOYAL_LOW_FRICTION_CUSTOMER
C000618,Mark,Johnson,Saudi Arabia,Premium,1,4716.39,4716.39,1,0,1,0,7,72.4,72.4,0.0,0.0,0,0,0,1,1,0,1.0,0.0,LOW,NORMAL_CUSTOMER
C000619,Jacqueline,White,United States,Standard,1,1558.14,1558.14,1,0,1,0,6,46.62,46.62,40.0,40.0,1,0,0,1,1,0,1.0,5.0,LOW,NORMAL_CUSTOMER
C000620,Joseph,Porter,United Kingdom,Standard,3,10235.44,3411.81,3,0,3,0,20,62.83,91.75,13.33,40.0,1,0,0,3,3,0,1.0,5.0,LOW,LOYAL_LOW_FRICTION_CUSTOMER
C000623,James,Patton,United Arab Emirates,Standard,1,4443.7,4443.7,1,0,1,0,7,73.28,73.28,0.0,0.0,0,0,0,1,1,0,1.0,0.0,LOW,NORMAL_CUSTOMER
C000624,David,Bailey,United Arab Emirates,Standard,1,2293.03,2293.03,2,1,1,1,10,58.98,58.98,30.0,30.0,0,0,0,2,1,1,0.5,8.0,LOW,NORMAL_CUSTOMER
C000626,Kathleen,Young,United Arab Emirates,VIP,1,636.04,636.04,2,1,1,1,10,37.48,37.48,30.0,30.0,0,0,0,2,1,1,0.5,8.0,LOW,NORMAL_CUSTOMER
C000627,Jacob,Wilson,United Arab Emirates,Standard,1,2387.38,2387.38,3,2,1,2,12,87.88,87.88,100.0,100.0,3,1,0,3,1,2,0.33,51.0,HIGH,FRICTION_PRONE_CUSTOMER
C000628,Javier,Moreno,United Kingdom,VIP,1,4539.01,4539.01,1,0,1,0,6,40.65,40.65,45.0,45.0,1,0,0,1,1,0,1.0,5.0,LOW,NORMAL_CUSTOMER
C000629,Todd,Davis,Saudi Arabia,Standard,2,5961.09,2980.54,4,2,2,2,20,74.21,85.15,30.0,30.0,0,0,0,4,2,2,0.5,16.0,LOW,FRICTION_PRONE_CUSTOMER
C000630,Jenny,Cox,Saudi Arabia,Standard,1,3733.02,3733.02,1,0,1,0,6,66.43,66.43,40.0,40.0,1,0,0,1,1,0,1.0,5.0,LOW,NORMAL_CUSTOMER
C000631,Tiffany,Juarez,United Kingdom,Standard,2,4338.48,2169.24,3,1,2,1,16,55.54,77.68,35.0,40.0,1,0,0,3,2,1,0.67,13.0,LOW,NORMAL_CUSTOMER
C000632,Alicia,Fernandez,Other,Standard,1,2203.26,2203.26,1,0,1,0,7,42.83,42.83,0.0,0.0,0,0,0,1,1,0,1.0,0.0,LOW,NORMAL_CUSTOMER
C000633,Justin,Robinson,Pakistan,Standard,1,2044.37,2044.37,1,0,1,0,7,69.28,69.28,0.0,0.0,0,0,0,1,1,0,1.0,0.0,LOW,NORMAL_CUSTOMER
C000635,James,Hopkins,Saudi Arabia,Premium,2,5620.23,2810.12,3,1,2,1,16,69.21,84.65,35.0,40.0,1,0,0,3,2,1,0.67,13.0,LOW,NORMAL_CUSTOMER
C000636,Jeremy,Hill,United Arab Emirates,Premium,1,4140.43,4140.43,1,0,1,0,7,79.33,79.33,0.0,0.0,0,0,0,1,1,0,1.0,0.0,LOW,NORMAL_CUSTOMER
C000637,Harry,Lee,Pakistan,Standard,2,5422.91,2711.46,3,1,2,1,17,75.26,83.8,15.0,30.0,0,0,0,3,2,1,0.67,8.0,LOW,NORMAL_CUSTOMER
C000639,Amanda,Jennings,Saudi Arabia,Standard,1,2091.23,2091.23,1,0,1,0,7,82.95,82.95,0.0,0.0,0,0,0,1,1,0,1.0,0.0,LOW,NORMAL_CUSTOMER
C000640,Joshua,Schmitt,United Arab Emirates,Standard,2,4232.81,2116.4,4,2,2,2,20,89.02,105.08,32.5,65.0,2,0,1,4,2,2,0.5,36.0,MEDIUM,FRICTION_PRONE_CUSTOMER
C000641,Terri,Wells,Saudi Arabia,Standard,1,2568.98,2568.98,2,1,1,1,10,73.03,73.03,30.0,30.0,0,0,0,2,1,1,0.5,8.0,LOW,NORMAL_CUSTOMER
C000642,Angela,Thompson,United Arab Emirates,Standard,1,2279.92,2279.92,1,0,1,0,7,61.55,61.55,0.0,0.0,0,0,0,1,1,0,1.0,0.0,LOW,NORMAL_CUSTOMER
C000643,Heidi,Santiago,Saudi Arabia,Standard,1,4104.31,4104.31,2,1,1,1,10,110.18,110.18,35.0,35.0,0,0,0,2,1,1,0.5,8.0,LOW,NORMAL_CUSTOMER
C000644,David,Williams,United Arab Emirates,Standard,2,5574.92,2787.46,2,0,2,0,13,60.65,64.6,20.0,40.0,1,0,0,2,2,0,1.0,5.0,LOW,NORMAL_CUSTOMER
C000645,Miranda,Newman,Saudi Arabia,Premium,1,558.83,558.83,3,2,1,2,13,76.33,76.33,60.0,60.0,2,0,1,3,1,2,0.33,36.0,MEDIUM,FRICTION_PRONE_CUSTOMER
C000646,Travis,Mitchell,Other,Premium,4,11700.55,2925.14,5,1,4,1,29,52.88,63.88,28.75,70.0,2,0,1,5,4,1,0.8,28.0,MEDIUM,FRICTION_PRONE_CUSTOMER
C000647,Monique,Hamilton,Pakistan,Standard,2,8391.29,4195.65,2,0,2,0,14,32.29,33.85,0.0,0.0,0,0,0,2,2,0,1.0,0.0,LOW,NORMAL_CUSTOMER
C000649,Taylor,Trujillo,United States,Standard,1,2504.69,2504.69,1,0,1,0,6,56.5,56.5,40.0,40.0,1,0,0,1,1,0,1.0,5.0,LOW,NORMAL_CUSTOMER
C000650,Scott,Chang,United Arab Emirates,Standard,3,6929.98,2309.99,6,3,3,3,30,75.81,99.35,30.0,30.0,0,0,0,6,3,3,0.5,24.0,LOW,FRICTION_PRONE_CUSTOMER
C000651,Jack,Williams,Saudi Arabia,Standard,1,3561.06,3561.06,1,0,1,0,7,89.17,89.17,0.0,0.0,0,0,0,1,1,0,1.0,0.0,LOW,NORMAL_CUSTOMER
C000652,Brett,Yang,Pakistan,Standard,1,1565.08,1565.08,3,2,1,2,13,63.33,63.33,65.0,65.0,2,0,1,3,1,2,0.33,36.0,MEDIUM,FRICTION_PRONE_CUSTOMER
C000653,Shelley,Buckley,Pakistan,Standard,1,2124.97,2124.97,1,0,1,0,6,57.57,57.57,40.0,40.0,1,0,0,1,1,0,1.0,5.0,LOW,NORMAL_CUSTOMER
C000655,Lynn,Floyd,United Arab Emirates,Standard,2,5068.18,2534.09,2,0,2,0,13,56.94,64.95,20.0,40.0,1,0,0,2,2,0,1.0,5.0,LOW,NORMAL_CUSTOMER
C000657,Charles,Wilson,Saudi Arabia,Standard,2,7133.07,3566.54,3,1,2,1,16,82.25,88.3,40.0,80.0,1,1,0,3,2,1,0.67,33.0,MEDIUM,NORMAL_CUSTOMER
C000658,Crystal,Jacobson,United Arab Emirates,VIP,1,4119.45,4119.45,1,0,1,0,7,58.4,58.4,0.0,0.0,0,0,0,1,1,0,1.0,0.0,LOW,NORMAL_CUSTOMER
C000659,Brian,Griffith,Pakistan,Premium,2,3179.58,1589.79,2,0,2,0,14,54.1,70.23,0.0,0.0,0,0,0,2,2,0,1.0,0.0,LOW,NORMAL_CUSTOMER
C000660,Edward,Watkins,Pakistan,Standard,4,13860.98,3465.24,6,2,4,2,34,65.37,76.65,15.0,60.0,2,0,1,6,4,2,0.67,36.0,MEDIUM,FRICTION_PRONE_CUSTOMER
C000661,Anna,Nguyen,United Arab Emirates,Standard,2,7848.6,3924.3,3,1,2,1,16,71.85,78.9,37.5,45.0,1,0,0,3,2,1,0.67,13.0,LOW,NORMAL_CUSTOMER
C000662,Kevin,Gonzalez,Other,Premium,5,11871.93,2374.39,7,2,5,2,41,65.12,91.35,13.0,65.0,2,0,1,7,5,2,0.71,36.0,MEDIUM,FRICTION_PRONE_CUSTOMER
C000663,Victoria,Rhodes,Pakistan,Standard,1,3214.93,3214.93,1,0,1,0,7,56.27,56.27,0.0,0.0,0,0,0,1,1,0,1.0,0.0,LOW,NORMAL_CUSTOMER
C000664,David,Nguyen,Saudi Arabia,Premium,2,8641.33,4320.66,2,0,2,0,14,75.6,86.9,0.0,0.0,0,0,0,2,2,0,1.0,0.0,LOW,NORMAL_CUSTOMER
C000665,Kathy,Maxwell,Saudi Arabia,Standard,1,3364.9,3364.9,1,0,1,0,7,66.32,66.32,0.0,0.0,0,0,0,1,1,0,1.0,0.0,LOW,NORMAL_CUSTOMER
C000666,Catherine,Nguyen,Saudi Arabia,Premium,1,3051.66,3051.66,1,0,1,0,6,30.3,30.3,45.0,45.0,1,0,0,1,1,0,1.0,5.0,LOW,NORMAL_CUSTOMER
C000667,Krystal,Garcia,Saudi Arabia,Premium,3,10573.19,3524.4,3,0,3,0,21,64.34,76.37,0.0,0.0,0,0,0,3,3,0,1.0,0.0,LOW,LOYAL_LOW_FRICTION_CUSTOMER
C000668,Jeremiah,Rojas,Saudi Arabia,Standard,3,6685.41,2228.47,3,0,3,0,21,75.74,91.73,0.0,0.0,0,0,0,3,3,0,1.0,0.0,LOW,LOYAL_LOW_FRICTION_CUSTOMER
C000670,Shannon,Bennett,Saudi Arabia,Standard,2,6011.35,3005.68,2,0,2,0,13,54.56,60.18,22.5,45.0,1,0,0,2,2,0,1.0,5.0,LOW,NORMAL_CUSTOMER
C000671,Scott,Walker,Saudi Arabia,Standard,1,2026.93,2026.93,1,0,1,0,7,57.32,57.32,0.0,0.0,0,0,0,1,1,0,1.0,0.0,LOW,NORMAL_CUSTOMER
C000672,Michelle,Ruiz,Other,Standard,3,6531.76,2177.25,5,2,3,2,26,76.22,91.67,33.33,100.0,3,1,0,5,3,2,0.6,51.0,HIGH,FRICTION_PRONE_CUSTOMER
C000673,Veronica,Washington,Saudi Arabia,Standard,2,6869.44,3434.72,4,2,2,2,20,76.3,93.47,30.0,30.0,0,0,0,4,2,2,0.5,16.0,LOW,FRICTION_PRONE_CUSTOMER
C000674,Kevin,Zamora,Pakistan,Standard,1,1118.72,1118.72,1,0,1,0,7,46.98,46.98,0.0,0.0,0,0,0,1,1,0,1.0,0.0,LOW,NORMAL_CUSTOMER
C000675,Christine,Thomas,United Arab Emirates,Standard,1,4396.42,4396.42,1,0,1,0,7,92.95,92.95,0.0,0.0,0,0,0,1,1,0,1.0,0.0,LOW,NORMAL_CUSTOMER
C000676,Chelsea,Reilly,Other,Premium,2,5776.25,2888.12,4,2,2,2,20,71.12,86.53,32.5,35.0,0,0,0,4,2,2,0.5,16.0,LOW,FRICTION_PRONE_CUSTOMER
C000678,Stacey,Hughes,United Arab Emirates,Standard,2,7939.67,3969.84,2,0,2,0,14,71.99,76.38,0.0,0.0,0,0,0,2,2,0,1.0,0.0,LOW,NORMAL_CUSTOMER
C000679,Jared,Taylor,Other,Standard,1,3015.99,3015.99,2,1,1,1,10,86.65,86.65,35.0,35.0,0,0,0,2,1,1,0.5,8.0,LOW,NORMAL_CUSTOMER
C000680,Jason,Cortez,Other,Standard,1,1258.95,1258.95,1,0,1,0,7,57.73,57.73,0.0,0.0,0,0,0,1,1,0,1.0,0.0,LOW,NORMAL_CUSTOMER
C000681,Donna,Chen,United States,Standard,2,6674.07,3337.04,2,0,2,0,13,79.3,87.43,20.0,40.0,1,0,0,2,2,0,1.0,5.0,LOW,NORMAL_CUSTOMER
C000682,Eric,Cantrell,Saudi Arabia,VIP,2,4602.46,2301.23,6,4,2,4,26,72.44,75.0,65.0,65.0,4,0,2,6,2,4,0.33,72.0,HIGH,FRICTION_PRONE_CUSTOMER
C000683,Glenn,Harris,Saudi Arabia,Standard,1,2172.93,2172.93,2,1,1,1,9,52.33,52.33,70.0,70.0,1,0,1,2,1,1,0.5,23.0,LOW,FRICTION_PRONE_CUSTOMER
C000685,Aaron,Schwartz,Other,Standard,1,853.33,853.33,1,0,1,0,7,66.9,66.9,0.0,0.0,0,0,0,1,1,0,1.0,0.0,LOW,NORMAL_CUSTOMER
C000686,Shannon,Brown,Pakistan,Standard,2,4005.43,2002.72,3,1,2,1,17,75.1,82.65,15.0,30.0,0,0,0,3,2,1,0.67,8.0,LOW,NORMAL_CUSTOMER
C000687,Brittney,Taylor,Pakistan,Premium,2,6218.26,3109.13,2,0,2,0,14,41.72,45.77,0.0,0.0,0,0,0,2,2,0,1.0,0.0,LOW,NORMAL_CUSTOMER
C000688,Kelly,York,Saudi Arabia,Standard,5,9121.55,1824.31,6,1,5,1,38,82.92,95.75,6.0,30.0,0,0,0,6,5,1,0.83,8.0,LOW,LOYAL_LOW_FRICTION_CUSTOMER
C000689,Jesse,Ellis,United States,Standard,3,8808.48,2936.16,4,1,3,1,22,83.52,95.78,38.33,75.0,2,0,1,4,3,1,0.75,28.0,MEDIUM,FRICTION_PRONE_CUSTOMER
C000690,Jasmine,Jackson,Saudi Arabia,Standard,4,14266.0,3566.5,5,1,4,1,28,61.98,87.38,41.25,45.0,3,0,0,5,4,1,0.8,23.0,LOW,NORMAL_CUSTOMER
C000691,Jacqueline,Cooper,United Arab Emirates,VIP,1,777.87,777.87,2,1,1,1,10,57.68,57.68,35.0,35.0,0,0,0,2,1,1,0.5,8.0,LOW,NORMAL_CUSTOMER
C000692,Shawn,Tanner,United Arab Emirates,Standard,1,2424.76,2424.76,1,0,1,0,7,83.87,83.87,0.0,0.0,0,0,0,1,1,0,1.0,0.0,LOW,NORMAL_CUSTOMER
C000693,Grace,Munoz,Pakistan,Premium,3,8753.12,2917.71,4,1,3,1,23,73.56,85.92,25.0,40.0,1,0,0,4,3,1,0.75,13.0,LOW,LOYAL_LOW_FRICTION_CUSTOMER
C000694,Sandra,Clarke,Saudi Arabia,Standard,1,1416.8,1416.8,1,0,1,0,6,84.58,84.58,40.0,40.0,1,0,0,1,1,0,1.0,5.0,LOW,NORMAL_CUSTOMER
C000696,Colleen,Carr,Pakistan,Standard,1,4909.51,4909.51,3,2,1,2,13,70.53,70.53,65.0,65.0,2,0,1,3,1,2,0.33,36.0,MEDIUM,FRICTION_PRONE_CUSTOMER
C000698,Sarah,Cordova,Pakistan,Standard,1,4743.55,4743.55,1,0,1,0,7,80.37,80.37,0.0,0.0,0,0,0,1,1,0,1.0,0.0,LOW,NORMAL_CUSTOMER
C000699,Ronald,Wyatt,Saudi Arabia,Standard,4,11417.18,2854.3,5,1,4,1,31,59.95,73.22,8.75,35.0,0,0,0,5,4,1,0.8,8.0,LOW,LOYAL_LOW_FRICTION_CUSTOMER
C000700,Amy,Miller,United Arab Emirates,Standard,3,9036.58,3012.19,3,0,3,0,21,74.12,87.25,0.0,0.0,0,0,0,3,3,0,1.0,0.0,LOW,LOYAL_LOW_FRICTION_CUSTOMER
C000702,Rebekah,Burns,Saudi Arabia,Standard,2,7353.77,3676.88,3,1,2,1,17,61.95,67.67,15.0,30.0,0,0,0,3,2,1,0.67,8.0,LOW,NORMAL_CUSTOMER
C000703,Margaret,Forbes,United Arab Emirates,Standard,2,5936.58,2968.29,2,0,2,0,12,52.25,63.72,40.0,40.0,2,0,0,2,2,0,1.0,10.0,LOW,NORMAL_CUSTOMER
C000704,Charles,Vargas,Saudi Arabia,Standard,5,15537.96,3107.59,5,0,5,0,34,72.37,100.28,9.0,45.0,1,0,0,5,5,0,1.0,5.0,LOW,LOYAL_LOW_FRICTION_CUSTOMER
C000705,Gabriel,Hood,Saudi Arabia,Standard,1,747.42,747.42,1,0,1,0,7,76.25,76.25,0.0,0.0,0,0,0,1,1,0,1.0,0.0,LOW,NORMAL_CUSTOMER
C000707,Kaitlyn,Blair,United Arab Emirates,Standard,1,2624.64,2624.64,1,0,1,0,7,65.4,65.4,0.0,0.0,0,0,0,1,1,0,1.0,0.0,LOW,NORMAL_CUSTOMER
C000708,Ashley,Fitzgerald,United States,Standard,1,3569.37,3569.37,1,0,1,0,6,68.63,68.63,40.0,40.0,1,0,0,1,1,0,1.0,5.0,LOW,NORMAL_CUSTOMER
C000710,David,Murphy,United Kingdom,Standard,4,9928.11,2482.03,7,3,4,3,35,85.97,105.1,43.75,100.0,4,1,1,7,4,3,0.57,74.0,HIGH,FRICTION_PRONE_CUSTOMER
C000712,Holly,Snow,Pakistan,Standard,1,1827.07,1827.07,1,0,1,0,6,84.73,84.73,45.0,45.0,1,0,0,1,1,0,1.0,5.0,LOW,NORMAL_CUSTOMER
C000714,Vincent,Hernandez,United Arab Emirates,Premium,3,6845.43,2281.81,4,1,3,1,23,87.31,92.82,23.33,40.0,1,0,0,4,3,1,0.75,13.0,LOW,LOYAL_LOW_FRICTION_CUSTOMER
C000715,Troy,Berry,United Arab Emirates,Standard,2,2835.04,1417.52,2,0,2,0,14,49.88,62.28,0.0,0.0,0,0,0,2,2,0,1.0,0.0,LOW,NORMAL_CUSTOMER
C000716,Christopher,Smith,Other,Standard,1,3672.85,3672.85,1,0,1,0,7,77.58,77.58,0.0,0.0,0,0,0,1,1,0,1.0,0.0,LOW,NORMAL_CUSTOMER
C000717,Bill,Baird,United States,Standard,1,927.4,927.4,3,2,1,2,13,63.65,63.65,65.0,65.0,2,0,1,3,1,2,0.33,36.0,MEDIUM,FRICTION_PRONE_CUSTOMER
C000718,Ryan,Williams,Other,Premium,3,8301.74,2767.25,4,1,3,1,24,49.0,55.57,10.0,30.0,0,0,0,4,3,1,0.75,8.0,LOW,LOYAL_LOW_FRICTION_CUSTOMER
C000720,John,Mack,United Kingdom,Premium,4,15430.3,3857.58,5,1,4,1,29,63.86,84.4,28.75,40.0,2,0,0,5,4,1,0.8,18.0,LOW,LOYAL_LOW_FRICTION_CUSTOMER
C000721,Christopher,Johnson,Other,Standard,1,2782.36,2782.36,2,1,1,1,10,83.53,83.53,35.0,35.0,0,0,0,2,1,1,0.5,8.0,LOW,NORMAL_CUSTOMER
C000722,Suzanne,Schmidt,Saudi Arabia,Standard,1,1140.99,1140.99,1,0,1,0,6,61.47,61.47,40.0,40.0,1,0,0,1,1,0,1.0,5.0,LOW,NORMAL_CUSTOMER
C000723,Mary,Mendoza,Saudi Arabia,Standard,2,1281.65,640.83,3,1,2,1,16,87.83,87.83,37.5,75.0,1,0,1,3,2,1,0.67,23.0,LOW,FRICTION_PRONE_CUSTOMER
C000724,Barbara,Yates,United Kingdom,Standard,3,10733.85,3577.95,3,0,3,0,20,49.56,75.23,13.33,40.0,1,0,0,3,3,0,1.0,5.0,LOW,LOYAL_LOW_FRICTION_CUSTOMER
C000726,Yvonne,Chavez,United States,Standard,1,2465.68,2465.68,3,2,1,2,12,107.72,107.72,100.0,100.0,3,1,0,3,1,2,0.33,51.0,HIGH,FRICTION_PRONE_CUSTOMER
C000727,Emily,Allen,Saudi Arabia,Standard,3,8555.3,2851.77,3,0,3,0,21,76.05,86.43,0.0,0.0,0,0,0,3,3,0,1.0,0.0,LOW,LOYAL_LOW_FRICTION_CUSTOMER
C000728,Joseph,Hansen,United States,Premium,3,8539.09,2846.36,4,1,3,1,23,69.69,80.48,23.33,40.0,1,0,0,4,3,1,0.75,13.0,LOW,LOYAL_LOW_FRICTION_CUSTOMER
C000729,Billy,Smith,Saudi Arabia,Premium,3,11611.11,3870.37,3,0,3,0,21,62.28,98.65,0.0,0.0,0,0,0,3,3,0,1.0,0.0,LOW,LOYAL_LOW_FRICTION_CUSTOMER
C000730,Katelyn,Dennis,Saudi Arabia,Standard,2,5476.1,2738.05,4,2,2,2,19,77.28,103.13,52.5,65.0,3,0,1,4,2,2,0.5,41.0,MEDIUM,FRICTION_PRONE_CUSTOMER
C000732,Denise,Anderson,United States,Standard,3,6348.76,2116.25,6,3,3,3,28,59.99,77.58,55.0,95.0,4,1,1,6,3,3,0.5,74.0,HIGH,FRICTION_PRONE_CUSTOMER
C000733,Sabrina,Phillips,United Kingdom,Standard,2,4790.58,2395.29,2,0,2,0,13,36.98,42.75,22.5,45.0,1,0,0,2,2,0,1.0,5.0,LOW,NORMAL_CUSTOMER
C000735,Brenda,Davis,United Arab Emirates,Standard,2,3882.18,1941.09,2,0,2,0,14,79.33,87.23,0.0,0.0,0,0,0,2,2,0,1.0,0.0,LOW,NORMAL_CUSTOMER
C000736,Cynthia,Castillo,Other,VIP,1,3545.45,3545.45,1,0,1,0,7,38.53,38.53,0.0,0.0,0,0,0,1,1,0,1.0,0.0,LOW,NORMAL_CUSTOMER
C000738,Christopher,Warner,United States,Standard,2,6798.2,3399.1,2,0,2,0,14,87.73,100.58,0.0,0.0,0,0,0,2,2,0,1.0,0.0,LOW,NORMAL_CUSTOMER
C000739,Michael,Hodge,United Arab Emirates,Standard,1,4773.18,4773.18,2,1,1,1,10,59.6,59.6,30.0,30.0,0,0,0,2,1,1,0.5,8.0,LOW,NORMAL_CUSTOMER
C000740,Mathew,Burgess,United Arab Emirates,Standard,2,3112.98,1556.49,2,0,2,0,13,61.65,85.78,22.5,45.0,1,0,0,2,2,0,1.0,5.0,LOW,NORMAL_CUSTOMER
C000741,Elizabeth,Johnson,United Arab Emirates,Standard,1,3371.25,3371.25,1,0,1,0,7,79.9,79.9,0.0,0.0,0,0,0,1,1,0,1.0,0.0,LOW,NORMAL_CUSTOMER
C000742,Mia,Gibson,United Arab Emirates,Premium,1,3515.73,3515.73,2,1,1,1,9,81.13,81.13,70.0,70.0,1,0,1,2,1,1,0.5,23.0,LOW,FRICTION_PRONE_CUSTOMER
C000744,Heather,Sawyer,Pakistan,Standard,1,4813.67,4813.67,1,0,1,0,7,79.83,79.83,0.0,0.0,0,0,0,1,1,0,1.0,0.0,LOW,NORMAL_CUSTOMER
C000747,Lisa,Wood,United Arab Emirates,Standard,2,7771.17,3885.58,2,0,2,0,13,60.2,70.73,22.5,45.0,1,0,0,2,2,0,1.0,5.0,LOW,NORMAL_CUSTOMER
C000749,Shawn,Schultz,Other,Premium,1,1923.93,1923.93,1,0,1,0,7,43.93,43.93,0.0,0.0,0,0,0,1,1,0,1.0,0.0,LOW,NORMAL_CUSTOMER
C000750,Leonard,Dalton,Pakistan,Standard,1,1928.25,1928.25,1,0,1,0,7,82.68,82.68,0.0,0.0,0,0,0,1,1,0,1.0,0.0,LOW,NORMAL_CUSTOMER
C000751,Marcus,Jones,Saudi Arabia,Standard,1,3932.44,3932.44,2,1,1,1,10,70.8,70.8,35.0,35.0,0,0,0,2,1,1,0.5,8.0,LOW,NORMAL_CUSTOMER
C000752,Tara,Barry,Other,Premium,1,3277.75,3277.75,1,0,1,0,6,62.22,62.22,40.0,40.0,1,0,0,1,1,0,1.0,5.0,LOW,NORMAL_CUSTOMER
C000753,Richard,Cook,Pakistan,Standard,1,613.56,613.56,1,0,1,0,6,45.18,45.18,40.0,40.0,1,0,0,1,1,0,1.0,5.0,LOW,NORMAL_CUSTOMER
C000754,Xavier,Johnson,United Arab Emirates,Standard,2,1166.69,583.34,3,1,2,1,16,60.92,65.32,40.0,80.0,1,1,0,3,2,1,0.67,33.0,MEDIUM,NORMAL_CUSTOMER
C000755,Vanessa,Simmons,Saudi Arabia,Standard,3,6839.01,2279.67,5,2,3,2,26,80.5,90.77,35.0,65.0,3,0,1,5,3,2,0.6,41.0,MEDIUM,FRICTION_PRONE_CUSTOMER
C000756,Diane,Nelson,United States,Standard,2,2823.08,1411.54,2,0,2,0,13,75.39,77.83,20.0,40.0,1,0,0,2,2,0,1.0,5.0,LOW,NORMAL_CUSTOMER
C000758,Robert,Daniels,Pakistan,Standard,3,4558.4,1519.47,3,0,3,0,19,56.67,79.43,30.0,45.0,2,0,0,3,3,0,1.0,10.0,LOW,NORMAL_CUSTOMER
C000760,Michael,French,United States,Standard,1,804.67,804.67,1,0,1,0,7,53.98,53.98,0.0,0.0,0,0,0,1,1,0,1.0,0.0,LOW,NORMAL_CUSTOMER
C000761,Katherine,Miller,Saudi Arabia,Standard,1,1002.32,1002.32,3,2,1,2,12,49.35,49.35,100.0,100.0,3,1,0,3,1,2,0.33,51.0,HIGH,FRICTION_PRONE_CUSTOMER
C000763,Kathleen,Fitzgerald,Saudi Arabia,Premium,2,3950.77,1975.38,5,3,2,3,23,53.02,59.62,47.5,65.0,2,0,1,5,2,3,0.4,44.0,MEDIUM,FRICTION_PRONE_CUSTOMER
C000767,Samuel,Barron,United States,Premium,2,7722.14,3861.07,2,0,2,0,13,88.55,95.7,20.0,40.0,1,0,0,2,2,0,1.0,5.0,LOW,NORMAL_CUSTOMER
C000768,Helen,Rodriguez,Other,Premium,3,5329.84,1776.61,3,0,3,0,21,58.58,85.45,0.0,0.0,0,0,0,3,3,0,1.0,0.0,LOW,LOYAL_LOW_FRICTION_CUSTOMER
C000769,David,Diaz,United Arab Emirates,Standard,2,6747.14,3373.57,2,0,2,0,13,50.99,53.73,20.0,40.0,1,0,0,2,2,0,1.0,5.0,LOW,NORMAL_CUSTOMER
C000770,Teresa,Harvey,United States,Standard,5,15421.48,3084.3,6,1,5,1,37,68.0,85.88,15.0,45.0,1,0,0,6,5,1,0.83,13.0,LOW,LOYAL_LOW_FRICTION_CUSTOMER
C000771,Chelsea,Diaz,Saudi Arabia,Standard,2,7118.88,3559.44,2,0,2,0,14,72.38,74.38,0.0,0.0,0,0,0,2,2,0,1.0,0.0,LOW,NORMAL_CUSTOMER
C000772,John,Thompson,United States,Standard,2,8249.92,4124.96,3,1,2,1,16,60.97,87.38,40.0,45.0,1,0,0,3,2,1,0.67,13.0,LOW,NORMAL_CUSTOMER
C000773,Eric,Hansen,Saudi Arabia,Premium,1,1318.2,1318.2,1,0,1,0,6,83.4,83.4,40.0,40.0,1,0,0,1,1,0,1.0,5.0,LOW,NORMAL_CUSTOMER
C000774,Andrea,Jones,United Arab Emirates,Standard,1,2022.95,2022.95,3,2,1,2,12,81.6,81.6,100.0,100.0,3,1,0,3,1,2,0.33,51.0,HIGH,FRICTION_PRONE_CUSTOMER
C000775,Andrea,Fletcher,United States,Standard,1,3453.05,3453.05,3,2,1,2,13,101.32,101.32,65.0,65.0,2,0,1,3,1,2,0.33,36.0,MEDIUM,FRICTION_PRONE_CUSTOMER
C000776,Christopher,Harris,Saudi Arabia,Standard,4,8155.59,2038.9,5,1,4,1,31,76.21,100.43,7.5,30.0,0,0,0,5,4,1,0.8,8.0,LOW,LOYAL_LOW_FRICTION_CUSTOMER
C000777,Victoria,Zavala,Saudi Arabia,Standard,1,2142.4,2142.4,1,0,1,0,6,54.32,54.32,40.0,40.0,1,0,0,1,1,0,1.0,5.0,LOW,NORMAL_CUSTOMER
C000779,Steven,Wilson,United Kingdom,Standard,3,8238.41,2746.14,5,2,3,2,27,73.67,88.77,21.67,65.0,2,0,1,5,3,2,0.6,36.0,MEDIUM,FRICTION_PRONE_CUSTOMER
C000780,David,Mendoza,Pakistan,Standard,2,4744.69,2372.35,3,1,2,1,17,64.76,71.33,17.5,35.0,0,0,0,3,2,1,0.67,8.0,LOW,NORMAL_CUSTOMER
C000781,Marilyn,Crosby,United Kingdom,Standard,1,2400.46,2400.46,1,0,1,0,6,46.78,46.78,45.0,45.0,1,0,0,1,1,0,1.0,5.0,LOW,NORMAL_CUSTOMER
C000782,Tyrone,Carpenter,Pakistan,Standard,1,1174.62,1174.62,1,0,1,0,7,90.68,90.68,0.0,0.0,0,0,0,1,1,0,1.0,0.0,LOW,NORMAL_CUSTOMER
C000784,William,Clark,United Arab Emirates,VIP,2,7421.59,3710.8,2,0,2,0,14,58.14,60.52,0.0,0.0,0,0,0,2,2,0,1.0,0.0,LOW,NORMAL_CUSTOMER
C000785,Joshua,Mcgee,Saudi Arabia,Standard,2,5645.23,2822.62,2,0,2,0,13,48.41,54.52,20.0,40.0,1,0,0,2,2,0,1.0,5.0,LOW,NORMAL_CUSTOMER
C000786,Mary,Perez,Other,Premium,1,2558.96,2558.96,1,0,1,0,7,65.2,65.2,0.0,0.0,0,0,0,1,1,0,1.0,0.0,LOW,NORMAL_CUSTOMER
C000787,Tina,Gomez,Pakistan,Standard,1,1838.36,1838.36,1,0,1,0,7,70.37,70.37,0.0,0.0,0,0,0,1,1,0,1.0,0.0,LOW,NORMAL_CUSTOMER
C000788,John,Adams,United Arab Emirates,Standard,2,4939.99,2470.0,2,0,2,0,14,46.48,61.53,0.0,0.0,0,0,0,2,2,0,1.0,0.0,LOW,NORMAL_CUSTOMER
C000789,Andrea,Frazier,United Arab Emirates,VIP,1,3443.85,3443.85,1,0,1,0,7,47.88,47.88,0.0,0.0,0,0,0,1,1,0,1.0,0.0,LOW,NORMAL_CUSTOMER
C000791,Sandra,Brown,Saudi Arabia,Standard,2,6603.26,3301.63,4,2,2,2,18,64.21,69.5,70.0,100.0,4,1,0,4,2,2,0.5,56.0,HIGH,FRICTION_PRONE_CUSTOMER
C000792,William,Reed,Pakistan,VIP,1,4363.9,4363.9,1,0,1,0,7,42.8,42.8,0.0,0.0,0,0,0,1,1,0,1.0,0.0,LOW,NORMAL_CUSTOMER
C000793,Natasha,Tucker,Pakistan,Premium,3,9013.57,3004.52,4,1,3,1,24,55.57,65.73,10.0,30.0,0,0,0,4,3,1,0.75,8.0,LOW,LOYAL_LOW_FRICTION_CUSTOMER
C000794,Michelle,Rose,Pakistan,Standard,1,2135.0,2135.0,3,2,1,2,13,50.12,50.12,65.0,65.0,2,0,1,3,1,2,0.33,36.0,MEDIUM,FRICTION_PRONE_CUSTOMER
C000796,Kristy,Mckinney,Other,Standard,1,1227.55,1227.55,1,0,1,0,7,46.32,46.32,0.0,0.0,0,0,0,1,1,0,1.0,0.0,LOW,NORMAL_CUSTOMER
C000797,Robert,Gregory,Other,Standard,2,8960.55,4480.27,2,0,2,0,12,63.92,74.17,40.0,40.0,2,0,0,2,2,0,1.0,10.0,LOW,NORMAL_CUSTOMER
C000798,Sarah,Patel,Pakistan,Standard,4,12044.26,3011.06,4,0,4,0,28,50.32,58.45,0.0,0.0,0,0,0,4,4,0,1.0,0.0,LOW,LOYAL_LOW_FRICTION_CUSTOMER
C000799,William,Carter,United Kingdom,Standard,1,3767.39,3767.39,1,0,1,0,6,70.28,70.28,40.0,40.0,1,0,0,1,1,0,1.0,5.0,LOW,NORMAL_CUSTOMER
C000801,Justin,Marsh,United Kingdom,Standard,1,2563.88,2563.88,3,2,1,2,13,62.8,62.8,65.0,65.0,2,0,1,3,1,2,0.33,36.0,MEDIUM,FRICTION_PRONE_CUSTOMER
C000803,Brenda,Lamb,Pakistan,Standard,1,2853.81,2853.81,1,0,1,0,7,95.78,95.78,0.0,0.0,0,0,0,1,1,0,1.0,0.0,LOW,NORMAL_CUSTOMER
C000804,Yolanda,Everett,Pakistan,Standard,2,7353.39,3676.7,3,1,2,1,17,67.39,80.15,15.0,30.0,0,0,0,3,2,1,0.67,8.0,LOW,NORMAL_CUSTOMER
C000805,Tracy,Jones,United Arab Emirates,Standard,5,13479.91,2695.98,6,1,5,1,38,55.96,64.4,6.0,30.0,0,0,0,6,5,1,0.83,8.0,LOW,LOYAL_LOW_FRICTION_CUSTOMER
C000806,Edgar,Mcclain,United Kingdom,VIP,1,2452.88,2452.88,1,0,1,0,7,39.73,39.73,0.0,0.0,0,0,0,1,1,0,1.0,0.0,LOW,NORMAL_CUSTOMER
C000807,Amanda,Ellis,Other,Standard,2,8051.52,4025.76,2,0,2,0,14,82.05,98.55,0.0,0.0,0,0,0,2,2,0,1.0,0.0,LOW,NORMAL_CUSTOMER
C000808,Michael,Miller,Other,Standard,1,4997.83,4997.83,1,0,1,0,7,70.82,70.82,0.0,0.0,0,0,0,1,1,0,1.0,0.0,LOW,NORMAL_CUSTOMER
C000809,Andrea,Hurst,United Arab Emirates,Standard,2,7791.47,3895.74,2,0,2,0,14,57.82,62.75,0.0,0.0,0,0,0,2,2,0,1.0,0.0,LOW,NORMAL_CUSTOMER
C000810,Amy,Roberts,Saudi Arabia,Premium,1,4101.41,4101.41,2,1,1,1,10,61.98,61.98,30.0,30.0,0,0,0,2,1,1,0.5,8.0,LOW,NORMAL_CUSTOMER
C000811,Stanley,Frye,Other,Standard,1,1898.98,1898.98,1,0,1,0,6,49.32,49.32,45.0,45.0,1,0,0,1,1,0,1.0,5.0,LOW,NORMAL_CUSTOMER
C000814,Heidi,Terry,Other,Standard,3,8841.31,2947.1,5,2,3,2,26,73.43,81.65,35.0,70.0,1,0,1,5,3,2,0.6,31.0,MEDIUM,FRICTION_PRONE_CUSTOMER
C000815,Ashley,Crawford,Other,Standard,1,1957.68,1957.68,3,2,1,2,13,82.37,82.37,65.0,65.0,2,0,1,3,1,2,0.33,36.0,MEDIUM,FRICTION_PRONE_CUSTOMER
C000816,Jesus,Golden,Pakistan,Standard,2,7818.86,3909.43,2,0,2,0,14,74.56,78.33,0.0,0.0,0,0,0,2,2,0,1.0,0.0,LOW,NORMAL_CUSTOMER
C000817,Kimberly,Meyer,Pakistan,Premium,3,7668.75,2556.25,3,0,3,0,21,51.16,55.97,0.0,0.0,0,0,0,3,3,0,1.0,0.0,LOW,LOYAL_LOW_FRICTION_CUSTOMER
C000818,Bradley,Burton,United Arab Emirates,Standard,2,2908.39,1454.2,2,0,2,0,14,60.48,68.28,0.0,0.0,0,0,0,2,2,0,1.0,0.0,LOW,NORMAL_CUSTOMER
C000819,Julie,Carter,Saudi Arabia,Premium,2,5188.01,2594.0,2,0,2,0,14,87.16,97.52,0.0,0.0,0,0,0,2,2,0,1.0,0.0,LOW,NORMAL_CUSTOMER
C000820,Janet,Montes,United Arab Emirates,Premium,2,4027.52,2013.76,2,0,2,0,13,39.32,49.85,20.0,40.0,1,0,0,2,2,0,1.0,5.0,LOW,NORMAL_CUSTOMER
C000821,Lisa,Weaver,United States,Premium,1,1547.85,1547.85,1,0,1,0,7,45.67,45.67,0.0,0.0,0,0,0,1,1,0,1.0,0.0,LOW,NORMAL_CUSTOMER
C000822,Paul,Anderson,Saudi Arabia,VIP,2,2465.7,1232.85,3,1,2,1,17,60.68,67.2,15.0,30.0,0,0,0,3,2,1,0.67,8.0,LOW,NORMAL_CUSTOMER
C000823,Elizabeth,Reed,United Arab Emirates,Premium,2,7126.03,3563.02,3,1,2,1,16,75.13,77.45,37.5,40.0,1,0,0,3,2,1,0.67,13.0,LOW,NORMAL_CUSTOMER
C000824,Lori,Wallace,United Arab Emirates,Standard,2,4393.75,2196.88,3,1,2,1,16,68.34,91.52,35.0,40.0,1,0,0,3,2,1,0.67,13.0,LOW,NORMAL_CUSTOMER
C000825,Tina,Newman,Pakistan,Standard,2,2294.77,1147.38,2,0,2,0,14,69.53,78.35,0.0,0.0,0,0,0,2,2,0,1.0,0.0,LOW,NORMAL_CUSTOMER
C000826,Tyler,Carter,Other,Standard,4,12213.71,3053.43,4,0,4,0,26,55.31,73.7,22.5,45.0,2,0,0,4,4,0,1.0,10.0,LOW,LOYAL_LOW_FRICTION_CUSTOMER
C000827,Benjamin,Brown,United Arab Emirates,Premium,3,5423.22,1807.74,4,1,3,1,24,67.8,88.8,10.0,30.0,0,0,0,4,3,1,0.75,8.0,LOW,LOYAL_LOW_FRICTION_CUSTOMER
C000828,Wayne,Wiggins,United Arab Emirates,Standard,2,9031.6,4515.8,2,0,2,0,13,85.98,95.27,22.5,45.0,1,0,0,2,2,0,1.0,5.0,LOW,NORMAL_CUSTOMER
C000830,Molly,Meza,United Arab Emirates,Standard,1,3144.69,3144.69,1,0,1,0,7,69.55,69.55,0.0,0.0,0,0,0,1,1,0,1.0,0.0,LOW,NORMAL_CUSTOMER
C000831,Morgan,Newman,Saudi Arabia,Premium,2,3700.69,1850.34,3,1,2,1,16,58.82,83.2,37.5,45.0,1,0,0,3,2,1,0.67,13.0,LOW,NORMAL_CUSTOMER
C000832,Scott,Jenkins,United Arab Emirates,Premium,1,3101.37,3101.37,1,0,1,0,7,79.38,79.38,0.0,0.0,0,0,0,1,1,0,1.0,0.0,LOW,NORMAL_CUSTOMER
C000833,Alicia,Cooper,Saudi Arabia,Standard,1,4572.95,4572.95,1,0,1,0,7,65.77,65.77,0.0,0.0,0,0,0,1,1,0,1.0,0.0,LOW,NORMAL_CUSTOMER
C000835,Jennifer,Nguyen,United Arab Emirates,Standard,2,5738.6,2869.3,3,1,2,1,16,89.82,104.43,35.0,40.0,1,0,0,3,2,1,0.67,13.0,LOW,NORMAL_CUSTOMER
C000836,Robert,Watkins,United Arab Emirates,Standard,1,2455.75,2455.75,1,0,1,0,7,65.48,65.48,0.0,0.0,0,0,0,1,1,0,1.0,0.0,LOW,NORMAL_CUSTOMER
C000837,Diana,Terry,Other,Standard,1,3826.72,3826.72,1,0,1,0,7,68.6,68.6,0.0,0.0,0,0,0,1,1,0,1.0,0.0,LOW,NORMAL_CUSTOMER
C000838,Eric,Wilkinson,United Arab Emirates,Standard,1,3234.93,3234.93,1,0,1,0,7,94.2,94.2,0.0,0.0,0,0,0,1,1,0,1.0,0.0,LOW,NORMAL_CUSTOMER
C000839,Terrance,Wallace,Pakistan,VIP,2,7798.56,3899.28,2,0,2,0,13,65.58,68.47,22.5,45.0,1,0,0,2,2,0,1.0,5.0,LOW,NORMAL_CUSTOMER
C000840,Tanya,Torres,Pakistan,Standard,1,3234.41,3234.41,1,0,1,0,7,46.22,46.22,0.0,0.0,0,0,0,1,1,0,1.0,0.0,LOW,NORMAL_CUSTOMER
C000841,Matthew,Anderson,Saudi Arabia,Standard,2,5170.84,2585.42,2,0,2,0,13,73.8,84.25,22.5,45.0,1,0,0,2,2,0,1.0,5.0,LOW,NORMAL_CUSTOMER
C000842,Heather,Clarke,United Kingdom,Premium,1,4907.47,4907.47,1,0,1,0,6,53.9,53.9,45.0,45.0,1,0,0,1,1,0,1.0,5.0,LOW,NORMAL_CUSTOMER
C000843,Debra,Jackson,Saudi Arabia,Standard,1,1826.27,1826.27,1,0,1,0,7,79.2,79.2,0.0,0.0,0,0,0,1,1,0,1.0,0.0,LOW,NORMAL_CUSTOMER
C000844,Melissa,Green,Other,Standard,2,5420.53,2710.26,5,3,2,3,23,66.61,78.25,47.5,65.0,2,0,1,5,2,3,0.4,44.0,MEDIUM,FRICTION_PRONE_CUSTOMER
C000845,Melissa,Washington,Saudi Arabia,Standard,2,2443.2,1221.6,2,0,2,0,13,79.82,91.98,22.5,45.0,1,0,0,2,2,0,1.0,5.0,LOW,NORMAL_CUSTOMER
C000846,Michele,Arellano,United Arab Emirates,Premium,3,8477.96,2825.99,3,0,3,0,20,63.39,79.38,15.0,45.0,1,0,0,3,3,0,1.0,5.0,LOW,LOYAL_LOW_FRICTION_CUSTOMER
C000847,Norman,Carrillo,Saudi Arabia,Standard,1,2277.39,2277.39,1,0,1,0,7,69.8,69.8,0.0,0.0,0,0,0,1,1,0,1.0,0.0,LOW,NORMAL_CUSTOMER
C000848,Levi,Williams,Other,Standard,1,4913.98,4913.98,1,0,1,0,7,70.55,70.55,0.0,0.0,0,0,0,1,1,0,1.0,0.0,LOW,NORMAL_CUSTOMER
C000849,Jennifer,Gomez,Pakistan,VIP,2,6222.19,3111.1,2,0,2,0,14,60.42,88.3,0.0,0.0,0,0,0,2,2,0,1.0,0.0,LOW,NORMAL_CUSTOMER
C000850,Katherine,Bryant,Pakistan,Premium,2,3526.62,1763.31,2,0,2,0,14,77.7,94.6,0.0,0.0,0,0,0,2,2,0,1.0,0.0,LOW,NORMAL_CUSTOMER
C000851,Monique,Jackson,Saudi Arabia,Standard,1,4025.4,4025.4,3,2,1,2,13,123.37,123.37,65.0,65.0,3,0,1,3,1,2,0.33,41.0,MEDIUM,FRICTION_PRONE_CUSTOMER
C000852,Barry,Glass,United Kingdom,Premium,2,5161.39,2580.69,3,1,2,1,17,58.5,64.82,15.0,30.0,0,0,0,3,2,1,0.67,8.0,LOW,NORMAL_CUSTOMER
C000854,Crystal,Mitchell,Other,VIP,2,8721.5,4360.75,2,0,2,0,14,54.92,58.52,0.0,0.0,0,0,0,2,2,0,1.0,0.0,LOW,NORMAL_CUSTOMER
C000855,Samantha,Mcpherson,Saudi Arabia,VIP,2,5017.58,2508.79,3,1,2,1,17,89.14,101.8,15.0,30.0,0,0,0,3,2,1,0.67,8.0,LOW,NORMAL_CUSTOMER
C000856,Wendy,Franco,Saudi Arabia,Standard,2,6140.79,3070.4,4,2,2,2,19,61.97,73.8,50.0,70.0,1,0,1,4,2,2,0.5,31.0,MEDIUM,FRICTION_PRONE_CUSTOMER
C000858,Ryan,Estrada,United Arab Emirates,Standard,2,9178.29,4589.15,4,2,2,2,20,84.76,89.48,32.5,35.0,0,0,0,4,2,2,0.5,16.0,LOW,FRICTION_PRONE_CUSTOMER
C000859,Corey,Hernandez,Pakistan,Standard,1,4600.59,4600.59,1,0,1,0,7,40.88,40.88,0.0,0.0,0,0,0,1,1,0,1.0,0.0,LOW,NORMAL_CUSTOMER
C000860,Cynthia,Young,Saudi Arabia,Premium,1,3887.52,3887.52,1,0,1,0,7,54.93,54.93,0.0,0.0,0,0,0,1,1,0,1.0,0.0,LOW,NORMAL_CUSTOMER
C000861,Monique,Williams,United States,Premium,1,885.7,885.7,1,0,1,0,7,56.43,56.43,0.0,0.0,0,0,0,1,1,0,1.0,0.0,LOW,NORMAL_CUSTOMER
C000862,Scott,Stewart,United Arab Emirates,Standard,3,11762.64,3920.88,3,0,3,0,21,57.76,60.92,0.0,0.0,0,0,0,3,3,0,1.0,0.0,LOW,LOYAL_LOW_FRICTION_CUSTOMER
C000864,Rebecca,Green,United Arab Emirates,Standard,1,4032.94,4032.94,1,0,1,0,7,61.68,61.68,0.0,0.0,0,0,0,1,1,0,1.0,0.0,LOW,NORMAL_CUSTOMER
C000865,Brandon,Lopez,United Arab Emirates,Standard,1,994.39,994.39,1,0,1,0,7,71.82,71.82,0.0,0.0,0,0,0,1,1,0,1.0,0.0,LOW,NORMAL_CUSTOMER
C000866,Laura,Hart,Pakistan,Premium,3,11802.35,3934.12,3,0,3,0,20,53.0,57.25,13.33,40.0,1,0,0,3,3,0,1.0,5.0,LOW,LOYAL_LOW_FRICTION_CUSTOMER
C000868,Nicholas,Stewart,Saudi Arabia,Standard,2,7571.56,3785.78,3,1,2,1,16,64.69,79.2,35.0,70.0,1,0,1,3,2,1,0.67,23.0,LOW,FRICTION_PRONE_CUSTOMER
C000870,Amanda,Watson,Other,Standard,2,3268.24,1634.12,4,2,2,2,19,79.55,89.1,55.0,80.0,1,1,0,4,2,2,0.5,41.0,MEDIUM,FRICTION_PRONE_CUSTOMER
C000871,Ashlee,Fernandez,United Arab Emirates,VIP,5,16190.76,3238.15,6,1,5,1,37,61.95,90.6,14.0,40.0,1,0,0,6,5,1,0.83,13.0,LOW,LOYAL_LOW_FRICTION_CUSTOMER
C000872,Laura,Martin,Saudi Arabia,Standard,2,7713.85,3856.92,3,1,2,1,17,59.0,59.37,15.0,30.0,0,0,0,3,2,1,0.67,8.0,LOW,NORMAL_CUSTOMER
C000873,George,Turner,Pakistan,Premium,1,765.09,765.09,1,0,1,0,7,87.9,87.9,0.0,0.0,0,0,0,1,1,0,1.0,0.0,LOW,NORMAL_CUSTOMER
C000874,Christian,Knapp,United Arab Emirates,Standard,3,7006.15,2335.38,4,1,3,1,23,62.09,78.93,25.0,45.0,1,0,0,4,3,1,0.75,13.0,LOW,LOYAL_LOW_FRICTION_CUSTOMER
C000875,Monica,Sullivan,Saudi Arabia,Standard,1,4272.35,4272.35,1,0,1,0,7,50.8,50.8,0.0,0.0,0,0,0,1,1,0,1.0,0.0,LOW,NORMAL_CUSTOMER
C000876,Christine,Porter,Saudi Arabia,Standard,2,9207.18,4603.59,3,1,2,1,16,53.9,68.87,37.5,75.0,1,0,1,3,2,1,0.67,23.0,LOW,FRICTION_PRONE_CUSTOMER
C000877,John,Thomas,United Kingdom,Premium,2,4748.12,2374.06,2,0,2,0,12,53.99,55.75,40.0,40.0,2,0,0,2,2,0,1.0,10.0,LOW,NORMAL_CUSTOMER
C000878,Roberta,Ellis,United Kingdom,Standard,1,4145.97,4145.97,1,0,1,0,7,46.22,46.22,0.0,0.0,0,0,0,1,1,0,1.0,0.0,LOW,NORMAL_CUSTOMER
C000879,Douglas,Flores,Saudi Arabia,Standard,1,1177.96,1177.96,1,0,1,0,6,46.7,46.7,40.0,40.0,1,0,0,1,1,0,1.0,5.0,LOW,NORMAL_CUSTOMER
C000881,Jonathan,Rodgers,Saudi Arabia,Standard,1,3237.84,3237.84,2,1,1,1,9,96.43,96.43,70.0,70.0,1,0,1,2,1,1,0.5,23.0,LOW,FRICTION_PRONE_CUSTOMER
C000883,Albert,Rivera,Saudi Arabia,Standard,6,21166.34,3527.72,7,1,6,1,44,58.73,79.88,12.5,75.0,1,0,1,7,6,1,0.86,23.0,LOW,FRICTION_PRONE_CUSTOMER
C000885,Rachel,Wells,United States,Standard,2,8591.13,4295.56,2,0,2,0,14,69.92,85.32,0.0,0.0,0,0,0,2,2,0,1.0,0.0,LOW,NORMAL_CUSTOMER
C000886,Erica,Roberts,Saudi Arabia,Standard,3,7831.38,2610.46,5,2,3,2,26,63.93,101.68,35.0,70.0,1,0,1,5,3,2,0.6,31.0,MEDIUM,FRICTION_PRONE_CUSTOMER
C000887,Eric,Raymond,United Kingdom,Standard,5,13900.17,2780.03,8,3,5,3,42,62.3,93.6,36.0,100.0,4,1,0,8,5,3,0.62,64.0,HIGH,FRICTION_PRONE_CUSTOMER
C000888,Scott,Hooper,Saudi Arabia,VIP,2,6486.25,3243.12,3,1,2,1,17,44.92,56.58,15.0,30.0,0,0,0,3,2,1,0.67,8.0,LOW,NORMAL_CUSTOMER
C000889,Michael,Berry,Saudi Arabia,Standard,5,11301.01,2260.2,6,1,5,1,38,58.16,98.72,6.0,30.0,0,0,0,6,5,1,0.83,8.0,LOW,LOYAL_LOW_FRICTION_CUSTOMER
C000890,Briana,Thomas,Saudi Arabia,Premium,2,3933.08,1966.54,2,0,2,0,14,73.57,85.17,0.0,0.0,0,0,0,2,2,0,1.0,0.0,LOW,NORMAL_CUSTOMER
C000891,Danielle,Cunningham,United Kingdom,Standard,2,4024.21,2012.1,2,0,2,0,14,44.9,46.95,0.0,0.0,0,0,0,2,2,0,1.0,0.0,LOW,NORMAL_CUSTOMER
C000892,Roger,Meadows,Other,Premium,2,3341.1,1670.55,4,2,2,2,20,87.62,93.1,35.0,35.0,0,0,0,4,2,2,0.5,16.0,LOW,FRICTION_PRONE_CUSTOMER
C000893,John,Ramos,United States,Standard,1,3929.54,3929.54,3,2,1,2,12,100.68,100.68,100.0,100.0,3,1,0,3,1,2,0.33,51.0,HIGH,FRICTION_PRONE_CUSTOMER
C000894,Megan,Norris,United Arab Emirates,Standard,1,687.34,687.34,2,1,1,1,9,83.88,83.88,80.0,80.0,1,1,0,2,1,1,0.5,33.0,MEDIUM,NORMAL_CUSTOMER
C000895,James,Dennis,United Kingdom,Premium,3,12798.41,4266.14,3,0,3,0,20,54.95,66.9,15.0,45.0,1,0,0,3,3,0,1.0,5.0,LOW,LOYAL_LOW_FRICTION_CUSTOMER
C000896,Paul,Mccullough,Saudi Arabia,Premium,2,4004.75,2002.38,3,1,2,1,16,65.96,80.4,37.5,75.0,1,0,1,3,2,1,0.67,23.0,LOW,FRICTION_PRONE_CUSTOMER
C000897,Timothy,Taylor,Saudi Arabia,Premium,2,5385.05,2692.52,2,0,2,0,13,57.24,66.32,20.0,40.0,1,0,0,2,2,0,1.0,5.0,LOW,NORMAL_CUSTOMER
C000898,John,Pierce,Other,Premium,3,12304.16,4101.39,7,4,3,4,32,88.41,101.42,55.0,100.0,5,1,1,7,3,4,0.43,87.0,CRITICAL,HIGH_RISK_CUSTOMER
C000900,Bailey,Morales,Saudi Arabia,Standard,2,8258.5,4129.25,2,0,2,0,12,55.64,70.67,40.0,40.0,2,0,0,2,2,0,1.0,10.0,LOW,NORMAL_CUSTOMER
C000901,Victoria,Randall,Saudi Arabia,Standard,1,3362.19,3362.19,1,0,1,0,7,54.98,54.98,0.0,0.0,0,0,0,1,1,0,1.0,0.0,LOW,NORMAL_CUSTOMER
C000902,Kenneth,Griffin,Saudi Arabia,Premium,3,5797.59,1932.53,4,1,3,1,23,71.0,92.9,26.67,80.0,1,1,0,4,3,1,0.75,33.0,MEDIUM,LOYAL_LOW_FRICTION_CUSTOMER
C000903,Tiffany,Davis,Saudi Arabia,Standard,2,6976.17,3488.08,2,0,2,0,13,72.02,74.37,22.5,45.0,1,0,0,2,2,0,1.0,5.0,LOW,NORMAL_CUSTOMER
C000904,Dominique,Brown,Pakistan,Premium,3,7037.2,2345.73,3,0,3,0,20,53.35,80.67,15.0,45.0,1,0,0,3,3,0,1.0,5.0,LOW,LOYAL_LOW_FRICTION_CUSTOMER
C000905,Joshua,Davidson,United Arab Emirates,Standard,2,6461.5,3230.75,3,1,2,1,17,47.0,56.27,17.5,35.0,0,0,0,3,2,1,0.67,8.0,LOW,NORMAL_CUSTOMER
C000906,Ashlee,Silva,Other,Standard,1,3616.78,3616.78,1,0,1,0,6,77.83,77.83,45.0,45.0,1,0,0,1,1,0,1.0,5.0,LOW,NORMAL_CUSTOMER
C000907,Gina,Walker,United States,Standard,1,3657.45,3657.45,1,0,1,0,6,97.55,97.55,40.0,40.0,1,0,0,1,1,0,1.0,5.0,LOW,NORMAL_CUSTOMER
C000908,Julie,Walls,United Arab Emirates,Standard,1,4626.61,4626.61,1,0,1,0,7,42.8,42.8,0.0,0.0,0,0,0,1,1,0,1.0,0.0,LOW,NORMAL_CUSTOMER
C000910,Catherine,Johnson,United Arab Emirates,Standard,2,2670.74,1335.37,3,1,2,1,16,60.64,62.77,40.0,80.0,1,1,0,3,2,1,0.67,33.0,MEDIUM,NORMAL_CUSTOMER
C000911,Tyler,Ryan,Pakistan,Premium,2,6189.23,3094.62,4,2,2,2,20,75.74,79.8,30.0,60.0,2,0,1,4,2,2,0.5,36.0,MEDIUM,FRICTION_PRONE_CUSTOMER
C000912,Rebecca,Griffin,Saudi Arabia,Premium,1,3920.95,3920.95,1,0,1,0,7,40.95,40.95,0.0,0.0,0,0,0,1,1,0,1.0,0.0,LOW,NORMAL_CUSTOMER
C000913,Justin,Powers,Pakistan,Standard,3,8160.69,2720.23,4,1,3,1,24,72.8,89.17,11.67,35.0,0,0,0,4,3,1,0.75,8.0,LOW,LOYAL_LOW_FRICTION_CUSTOMER
C000914,Lauren,Miller,United Arab Emirates,Premium,3,8123.05,2707.68,5,2,3,2,27,66.98,79.28,21.67,65.0,2,0,1,5,3,2,0.6,36.0,MEDIUM,FRICTION_PRONE_CUSTOMER
C000915,Catherine,Hunt,Pakistan,Standard,1,1706.15,1706.15,1,0,1,0,7,70.93,70.93,0.0,0.0,0,0,0,1,1,0,1.0,0.0,LOW,NORMAL_CUSTOMER
C000916,Michael,Lee,United Arab Emirates,Standard,3,5236.22,1745.41,4,1,3,1,24,63.39,71.42,10.0,30.0,0,0,0,4,3,1,0.75,8.0,LOW,LOYAL_LOW_FRICTION_CUSTOMER
C000917,Dana,Stewart,Saudi Arabia,Standard,1,4397.42,4397.42,3,2,1,2,13,62.88,62.88,65.0,65.0,2,0,1,3,1,2,0.33,36.0,MEDIUM,FRICTION_PRONE_CUSTOMER
C000918,Christine,Jacobs,Other,Standard,3,4815.57,1605.19,3,0,3,0,21,91.29,97.4,0.0,0.0,0,0,0,3,3,0,1.0,0.0,LOW,LOYAL_LOW_FRICTION_CUSTOMER
C000919,Erica,Harding,United States,Standard,5,17877.34,3575.47,5,0,5,0,34,71.31,92.35,9.0,45.0,1,0,0,5,5,0,1.0,5.0,LOW,LOYAL_LOW_FRICTION_CUSTOMER
C000920,Jennifer,Kerr,Saudi Arabia,Premium,5,13360.01,2672.0,7,2,5,2,39,84.55,96.38,30.0,75.0,2,0,1,7,5,2,0.71,36.0,MEDIUM,FRICTION_PRONE_CUSTOMER
C000921,Donna,Ward,Other,Standard,6,13568.07,2261.34,11,5,6,5,55,76.48,93.6,40.0,70.0,6,0,3,11,6,5,0.55,100.0,CRITICAL,HIGH_RISK_CUSTOMER
C000923,Courtney,Nash,Other,Standard,5,11287.52,2257.5,5,0,5,0,34,56.37,73.6,8.0,40.0,1,0,0,5,5,0,1.0,5.0,LOW,LOYAL_LOW_FRICTION_CUSTOMER
C000924,Rebecca,Wood,United States,Standard,2,3609.96,1804.98,2,0,2,0,13,57.65,62.8,20.0,40.0,1,0,0,2,2,0,1.0,5.0,LOW,NORMAL_CUSTOMER
C000925,Debbie,Watson,United Arab Emirates,Premium,5,15463.15,3092.63,5,0,5,0,33,67.63,95.2,16.0,40.0,2,0,0,5,5,0,1.0,10.0,LOW,LOYAL_LOW_FRICTION_CUSTOMER
C000926,Kyle,Mitchell,Saudi Arabia,Premium,1,1076.94,1076.94,1,0,1,0,7,48.75,48.75,0.0,0.0,0,0,0,1,1,0,1.0,0.0,LOW,NORMAL_CUSTOMER
C000927,Scott,Bell,Saudi Arabia,Standard,3,8442.17,2814.06,6,3,3,3,30,65.71,88.82,31.67,60.0,2,0,1,6,3,3,0.5,44.0,MEDIUM,FRICTION_PRONE_CUSTOMER
C000929,Jessica,Sawyer,Pakistan,Standard,3,9635.12,3211.71,3,0,3,0,20,71.82,87.32,13.33,40.0,1,0,0,3,3,0,1.0,5.0,LOW,LOYAL_LOW_FRICTION_CUSTOMER
C000930,Christopher,Miller,Saudi Arabia,Standard,3,11638.14,3879.38,3,0,3,0,21,58.77,80.25,0.0,0.0,0,0,0,3,3,0,1.0,0.0,LOW,LOYAL_LOW_FRICTION_CUSTOMER
C000931,Kenneth,Luna,Saudi Arabia,Standard,1,3271.91,3271.91,2,1,1,1,10,47.33,47.33,30.0,30.0,0,0,0,2,1,1,0.5,8.0,LOW,NORMAL_CUSTOMER
C000932,Julie,Wallace,United States,Standard,1,3661.7,3661.7,3,2,1,2,13,90.47,90.47,60.0,60.0,2,0,1,3,1,2,0.33,36.0,MEDIUM,FRICTION_PRONE_CUSTOMER
C000934,David,Lara,Pakistan,Standard,2,8466.74,4233.37,2,0,2,0,14,77.95,82.93,0.0,0.0,0,0,0,2,2,0,1.0,0.0,LOW,NORMAL_CUSTOMER
C000935,Amber,Roberts,Saudi Arabia,Standard,2,7107.88,3553.94,2,0,2,0,14,52.22,55.9,0.0,0.0,0,0,0,2,2,0,1.0,0.0,LOW,NORMAL_CUSTOMER
C000936,Teresa,Shaffer,Saudi Arabia,Standard,5,10290.94,2058.19,5,0,5,0,33,72.15,87.47,16.0,40.0,2,0,0,5,5,0,1.0,10.0,LOW,LOYAL_LOW_FRICTION_CUSTOMER
C000937,Alyssa,Waller,Saudi Arabia,Standard,1,2569.3,2569.3,2,1,1,1,10,78.5,78.5,30.0,30.0,0,0,0,2,1,1,0.5,8.0,LOW,NORMAL_CUSTOMER
C000939,Maria,Mosley,Saudi Arabia,Standard,4,13360.94,3340.23,4,0,4,0,28,59.53,89.68,0.0,0.0,0,0,0,4,4,0,1.0,0.0,LOW,LOYAL_LOW_FRICTION_CUSTOMER
C000940,Jonathan,Taylor,Pakistan,Premium,3,10184.86,3394.95,3,0,3,0,21,62.44,89.18,0.0,0.0,0,0,0,3,3,0,1.0,0.0,LOW,LOYAL_LOW_FRICTION_CUSTOMER
C000941,Makayla,Matthews,Saudi Arabia,Premium,1,2255.9,2255.9,1,0,1,0,7,61.67,61.67,0.0,0.0,0,0,0,1,1,0,1.0,0.0,LOW,NORMAL_CUSTOMER
C000942,Timothy,Miller,Pakistan,Standard,3,9971.16,3323.72,5,2,3,2,26,66.79,97.02,33.33,70.0,1,0,1,5,3,2,0.6,31.0,MEDIUM,FRICTION_PRONE_CUSTOMER
C000943,Lindsay,Clark,United Kingdom,Premium,2,5774.44,2887.22,4,2,2,2,19,54.75,83.88,50.0,100.0,3,1,0,4,2,2,0.5,51.0,HIGH,FRICTION_PRONE_CUSTOMER
C000944,Julie,Wells,United States,Standard,6,19671.51,3278.59,9,3,6,3,50,63.08,103.4,23.33,65.0,3,0,1,9,6,3,0.67,49.0,MEDIUM,FRICTION_PRONE_CUSTOMER
C000945,Matthew,Dillon,Saudi Arabia,Standard,1,626.98,626.98,1,0,1,0,7,81.95,81.95,0.0,0.0,0,0,0,1,1,0,1.0,0.0,LOW,NORMAL_CUSTOMER
C000946,Darius,Hatfield,Saudi Arabia,Standard,2,6171.78,3085.89,2,0,2,0,14,50.45,57.33,0.0,0.0,0,0,0,2,2,0,1.0,0.0,LOW,NORMAL_CUSTOMER
C000947,Sydney,Jones,Saudi Arabia,Standard,3,11099.99,3700.0,3,0,3,0,21,59.94,95.85,0.0,0.0,0,0,0,3,3,0,1.0,0.0,LOW,LOYAL_LOW_FRICTION_CUSTOMER
C000948,Donald,Choi,Other,Premium,3,6333.06,2111.02,3,0,3,0,21,64.09,82.32,0.0,0.0,0,0,0,3,3,0,1.0,0.0,LOW,LOYAL_LOW_FRICTION_CUSTOMER
C000949,Tammy,Avila,Other,Standard,1,3378.4,3378.4,1,0,1,0,6,58.25,58.25,45.0,45.0,1,0,0,1,1,0,1.0,5.0,LOW,NORMAL_CUSTOMER
C000950,Michelle,Davis,Pakistan,Premium,2,7416.7,3708.35,2,0,2,0,14,56.72,60.73,0.0,0.0,0,0,0,2,2,0,1.0,0.0,LOW,NORMAL_CUSTOMER
C000951,Jennifer,Ortiz,Pakistan,Standard,2,4845.79,2422.9,3,1,2,1,17,68.76,96.7,15.0,30.0,0,0,0,3,2,1,0.67,8.0,LOW,NORMAL_CUSTOMER
C000952,Tina,Rocha,United Kingdom,Standard,1,520.92,520.92,2,1,1,1,9,48.82,48.82,70.0,70.0,1,0,1,2,1,1,0.5,23.0,LOW,FRICTION_PRONE_CUSTOMER
C000954,Linda,Peters,Other,Standard,3,10938.84,3646.28,6,3,3,3,28,79.99,105.98,56.67,100.0,4,1,1,6,3,3,0.5,74.0,HIGH,FRICTION_PRONE_CUSTOMER
C000955,Michael,Page,United Arab Emirates,Standard,6,20498.66,3416.44,7,1,6,1,45,61.92,81.45,5.0,30.0,0,0,0,7,6,1,0.86,8.0,LOW,LOYAL_LOW_FRICTION_CUSTOMER
C000956,Krystal,Fischer,United Arab Emirates,Standard,1,2972.05,2972.05,1,0,1,0,7,70.35,70.35,0.0,0.0,0,0,0,1,1,0,1.0,0.0,LOW,NORMAL_CUSTOMER
C000957,Alexander,Taylor,Pakistan,Standard,4,17033.74,4258.43,6,2,4,2,34,84.0,100.83,16.25,35.0,0,0,0,6,4,2,0.67,16.0,LOW,FRICTION_PRONE_CUSTOMER
C000960,Emily,Spencer,United Kingdom,Standard,2,6284.22,3142.11,2,0,2,0,14,95.08,102.97,0.0,0.0,0,0,0,2,2,0,1.0,0.0,LOW,NORMAL_CUSTOMER
C000962,Brenda,Mckenzie,Pakistan,Standard,2,6663.39,3331.7,3,1,2,1,16,63.14,78.8,35.0,70.0,1,0,1,3,2,1,0.67,23.0,LOW,FRICTION_PRONE_CUSTOMER
C000963,Lynn,Davenport,Saudi Arabia,Standard,2,4144.88,2072.44,2,0,2,0,13,50.79,69.4,22.5,45.0,1,0,0,2,2,0,1.0,5.0,LOW,NORMAL_CUSTOMER
C000964,Shelby,Torres,United Arab Emirates,Standard,3,7834.47,2611.49,3,0,3,0,20,59.03,71.92,13.33,40.0,1,0,0,3,3,0,1.0,5.0,LOW,LOYAL_LOW_FRICTION_CUSTOMER
C000965,Daniel,Hansen,Saudi Arabia,Standard,1,4005.15,4005.15,1,0,1,0,6,75.37,75.37,40.0,40.0,1,0,0,1,1,0,1.0,5.0,LOW,NORMAL_CUSTOMER
C000967,Angel,Johnson,United Kingdom,Standard,3,7389.73,2463.24,7,4,3,4,32,55.33,70.4,53.33,100.0,3,1,0,7,3,4,0.43,67.0,HIGH,FRICTION_PRONE_CUSTOMER
C000969,Anna,Baker,Pakistan,Standard,3,9334.38,3111.46,3,0,3,0,20,52.87,68.43,13.33,40.0,1,0,0,3,3,0,1.0,5.0,LOW,LOYAL_LOW_FRICTION_CUSTOMER
C000970,Rose,Blanchard,United Arab Emirates,Standard,3,9210.35,3070.12,3,0,3,0,21,58.61,63.75,0.0,0.0,0,0,0,3,3,0,1.0,0.0,LOW,LOYAL_LOW_FRICTION_CUSTOMER
C000972,Bryan,Kennedy,Other,Standard,1,1280.12,1280.12,1,0,1,0,6,48.28,48.28,40.0,40.0,1,0,0,1,1,0,1.0,5.0,LOW,NORMAL_CUSTOMER
C000973,Madison,Valdez,United Kingdom,Premium,3,4541.75,1513.92,4,1,3,1,22,50.54,61.5,38.33,75.0,2,0,1,4,3,1,0.75,28.0,MEDIUM,FRICTION_PRONE_CUSTOMER
C000974,Regina,Stafford,Saudi Arabia,Standard,1,1688.85,1688.85,1,0,1,0,7,60.57,60.57,0.0,0.0,0,0,0,1,1,0,1.0,0.0,LOW,NORMAL_CUSTOMER
C000975,Kevin,Butler,Saudi Arabia,Standard,5,17358.36,3471.67,5,0,5,0,34,61.03,86.87,8.0,40.0,1,0,0,5,5,0,1.0,5.0,LOW,LOYAL_LOW_FRICTION_CUSTOMER
C000976,Ricky,Vasquez,Saudi Arabia,Standard,3,6761.64,2253.88,4,1,3,1,23,59.61,83.4,25.0,40.0,1,0,0,4,3,1,0.75,13.0,LOW,LOYAL_LOW_FRICTION_CUSTOMER
C000977,Donald,Watts,Pakistan,Standard,3,10915.53,3638.51,4,1,3,1,22,59.79,94.05,38.33,70.0,2,0,1,4,3,1,0.75,28.0,MEDIUM,FRICTION_PRONE_CUSTOMER
C000978,Sophia,Sanchez,Saudi Arabia,Standard,1,3710.39,3710.39,1,0,1,0,7,66.43,66.43,0.0,0.0,0,0,0,1,1,0,1.0,0.0,LOW,NORMAL_CUSTOMER
C000979,Kevin,Wilson,United Arab Emirates,Standard,1,525.37,525.37,1,0,1,0,7,69.82,69.82,0.0,0.0,0,0,0,1,1,0,1.0,0.0,LOW,NORMAL_CUSTOMER
C000980,Travis,Ramirez,Pakistan,Standard,2,7773.28,3886.64,3,1,2,1,17,65.11,80.3,15.0,30.0,0,0,0,3,2,1,0.67,8.0,LOW,NORMAL_CUSTOMER
C000981,Colton,Gamble,United Arab Emirates,Standard,2,3944.17,1972.08,2,0,2,0,13,76.68,90.2,22.5,45.0,1,0,0,2,2,0,1.0,5.0,LOW,NORMAL_CUSTOMER
C000983,Derek,Reese,Saudi Arabia,Standard,1,4105.59,4105.59,2,1,1,1,10,70.28,70.28,30.0,30.0,0,0,0,2,1,1,0.5,8.0,LOW,NORMAL_CUSTOMER
C000984,Shawn,Perkins,Saudi Arabia,Standard,3,5335.03,1778.34,3,0,3,0,20,79.84,84.87,13.33,40.0,1,0,0,3,3,0,1.0,5.0,LOW,LOYAL_LOW_FRICTION_CUSTOMER
C000985,Ellen,Cunningham,United Kingdom,Premium,2,4714.73,2357.36,2,0,2,0,14,60.67,72.95,0.0,0.0,0,0,0,2,2,0,1.0,0.0,LOW,NORMAL_CUSTOMER
C000986,Julia,Oneill,United Arab Emirates,Standard,2,5681.69,2840.84,3,1,2,1,16,57.49,76.78,37.5,75.0,1,0,1,3,2,1,0.67,23.0,LOW,FRICTION_PRONE_CUSTOMER
C000987,Sonya,Burton,United Kingdom,Premium,1,2396.88,2396.88,1,0,1,0,7,73.28,73.28,0.0,0.0,0,0,0,1,1,0,1.0,0.0,LOW,NORMAL_CUSTOMER
C000988,Robert,Alvarez,United Arab Emirates,Standard,5,11677.42,2335.48,5,0,5,0,33,62.61,77.48,17.0,45.0,2,0,0,5,5,0,1.0,10.0,LOW,LOYAL_LOW_FRICTION_CUSTOMER
C000989,Julia,Benson,Saudi Arabia,Premium,2,2817.14,1408.57,2,0,2,0,13,84.52,93.27,20.0,40.0,1,0,0,2,2,0,1.0,5.0,LOW,NORMAL_CUSTOMER
C000990,Eric,Wilson,United States,Standard,3,11310.17,3770.06,3,0,3,0,20,76.75,86.43,13.33,40.0,1,0,0,3,3,0,1.0,5.0,LOW,LOYAL_LOW_FRICTION_CUSTOMER
C000991,Robert,Hunt,United States,Standard,3,3727.32,1242.44,3,0,3,0,20,69.5,92.83,13.33,40.0,1,0,0,3,3,0,1.0,5.0,LOW,LOYAL_LOW_FRICTION_CUSTOMER
C000992,Corey,Johnston,United Kingdom,Standard,2,8820.79,4410.4,3,1,2,1,16,67.8,74.97,37.5,75.0,1,0,1,3,2,1,0.67,23.0,LOW,FRICTION_PRONE_CUSTOMER
C000993,Tracy,Bruce,Saudi Arabia,Standard,4,11834.49,2958.62,5,1,4,1,30,79.46,95.18,17.5,40.0,1,0,0,5,4,1,0.8,13.0,LOW,LOYAL_LOW_FRICTION_CUSTOMER
C000995,Stephanie,Brown,United Arab Emirates,Standard,1,3418.66,3418.66,1,0,1,0,7,44.33,44.33,0.0,0.0,0,0,0,1,1,0,1.0,0.0,LOW,NORMAL_CUSTOMER
C000996,Antonio,Flores,Saudi Arabia,Standard,1,684.52,684.52,2,1,1,1,10,93.2,93.2,30.0,30.0,0,0,0,2,1,1,0.5,8.0,LOW,NORMAL_CUSTOMER
C000997,Mitchell,Johns,Other,Standard,1,1326.31,1326.31,1,0,1,0,6,63.4,63.4,45.0,45.0,1,0,0,1,1,0,1.0,5.0,LOW,NORMAL_CUSTOMER
C000998,Scott,Taylor,Saudi Arabia,Standard,1,4804.15,4804.15,2,1,1,1,10,40.03,40.03,30.0,30.0,0,0,0,2,1,1,0.5,8.0,LOW,NORMAL_CUSTOMER
C000999,Stephanie,Martin,Other,Standard,3,7525.82,2508.61,4,1,3,1,23,50.3,65.93,25.0,40.0,1,0,0,4,3,1,0.75,13.0,LOW,LOYAL_LOW_FRICTION_CUSTOMER
C001000,Melissa,Nelson,United Arab Emirates,Standard,1,1474.07,1474.07,1,0,1,0,7,77.22,77.22,0.0,0.0,0,0,0,1,1,0,1.0,0.0,LOW,NORMAL_CUSTOMER
C001001,Cory,Barnes,Saudi Arabia,Standard,1,4898.55,4898.55,1,0,1,0,7,78.55,78.55,0.0,0.0,0,0,0,1,1,0,1.0,0.0,LOW,NORMAL_CUSTOMER
C001002,Gina,Barr,Pakistan,Standard,2,3059.65,1529.82,2,0,2,0,14,57.55,76.37,0.0,0.0,0,0,0,2,2,0,1.0,0.0,LOW,NORMAL_CUSTOMER
C001004,Tiffany,Roberts,United Kingdom,Standard,1,3468.52,3468.52,1,0,1,0,7,29.83,29.83,0.0,0.0,0,0,0,1,1,0,1.0,0.0,LOW,NORMAL_CUSTOMER
C001005,Michael,Moreno,United States,Standard,3,7377.85,2459.28,3,0,3,0,20,67.59,87.75,15.0,45.0,1,0,0,3,3,0,1.0,5.0,LOW,LOYAL_LOW_FRICTION_CUSTOMER
C001006,Raymond,Mayer,United Kingdom,Premium,1,4079.8,4079.8,2,1,1,1,10,42.2,42.2,30.0,30.0,0,0,0,2,1,1,0.5,8.0,LOW,NORMAL_CUSTOMER
C001007,James,Palmer,United Kingdom,Standard,1,3023.28,3023.28,1,0,1,0,6,49.93,49.93,40.0,40.0,1,0,0,1,1,0,1.0,5.0,LOW,NORMAL_CUSTOMER
C001008,David,Miranda,United States,Premium,2,7332.5,3666.25,4,2,2,2,19,86.4,97.73,52.5,65.0,3,0,1,4,2,2,0.5,41.0,MEDIUM,FRICTION_PRONE_CUSTOMER
C001009,Melanie,White,Saudi Arabia,Standard,3,11296.51,3765.5,4,1,3,1,24,74.79,95.2,11.67,35.0,0,0,0,4,3,1,0.75,8.0,LOW,LOYAL_LOW_FRICTION_CUSTOMER
C001010,Shawn,Davis,United Arab Emirates,Premium,1,3569.04,3569.04,2,1,1,1,10,39.45,39.45,30.0,30.0,0,0,0,2,1,1,0.5,8.0,LOW,NORMAL_CUSTOMER
C001012,Darlene,Stephens,Other,Standard,2,4039.48,2019.74,2,0,2,0,14,85.19,98.55,0.0,0.0,0,0,0,2,2,0,1.0,0.0,LOW,NORMAL_CUSTOMER
C001013,Carla,Brennan,Other,Standard,3,7609.0,2536.33,4,1,3,1,24,60.27,90.35,10.0,30.0,0,0,0,4,3,1,0.75,8.0,LOW,LOYAL_LOW_FRICTION_CUSTOMER
C001014,Andrew,Serrano,Saudi Arabia,Standard,3,9506.1,3168.7,4,1,3,1,24,64.78,79.45,10.0,30.0,0,0,0,4,3,1,0.75,8.0,LOW,LOYAL_LOW_FRICTION_CUSTOMER
C001015,Kristin,Cohen,United Kingdom,Standard,4,10192.87,2548.22,8,4,4,4,38,81.91,101.78,48.75,100.0,6,2,0,8,4,4,0.5,100.0,CRITICAL,HIGH_RISK_CUSTOMER
C001016,John,Turner,Other,VIP,4,14907.57,3726.89,5,1,4,1,29,53.63,87.42,28.75,75.0,2,0,1,5,4,1,0.8,28.0,MEDIUM,FRICTION_PRONE_CUSTOMER
C001017,David,Jennings,Saudi Arabia,VIP,7,23384.91,3340.7,7,0,7,0,47,62.71,91.65,12.14,45.0,2,0,0,7,7,0,1.0,10.0,LOW,LOYAL_LOW_FRICTION_CUSTOMER
C001018,Anne,Barker,Pakistan,Premium,1,2150.98,2150.98,1,0,1,0,7,63.28,63.28,0.0,0.0,0,0,0,1,1,0,1.0,0.0,LOW,NORMAL_CUSTOMER
C001020,Kathy,Carpenter,Saudi Arabia,Premium,2,6509.68,3254.84,2,0,2,0,13,47.06,58.72,20.0,40.0,1,0,0,2,2,0,1.0,5.0,LOW,NORMAL_CUSTOMER
C001022,Jason,Smith,Saudi Arabia,Standard,1,1431.29,1431.29,1,0,1,0,7,60.22,60.22,0.0,0.0,0,0,0,1,1,0,1.0,0.0,LOW,NORMAL_CUSTOMER
C001024,Mark,Watson,Other,Standard,2,4297.02,2148.51,2,0,2,0,13,84.41,85.37,22.5,45.0,1,0,0,2,2,0,1.0,5.0,LOW,NORMAL_CUSTOMER
C001025,Dylan,Washington,Other,Standard,1,1812.58,1812.58,1,0,1,0,7,50.17,50.17,0.0,0.0,0,0,0,1,1,0,1.0,0.0,LOW,NORMAL_CUSTOMER
C001026,Rachel,Peterson,United Arab Emirates,Standard,1,2353.32,2353.32,1,0,1,0,7,68.5,68.5,0.0,0.0,0,0,0,1,1,0,1.0,0.0,LOW,NORMAL_CUSTOMER
C001027,Aaron,Bartlett,Other,Standard,1,3202.83,3202.83,2,1,1,1,10,65.0,65.0,30.0,30.0,0,0,0,2,1,1,0.5,8.0,LOW,NORMAL_CUSTOMER
C001028,Michele,Garcia,United States,Standard,1,4017.55,4017.55,3,2,1,2,13,78.57,78.57,65.0,65.0,2,0,1,3,1,2,0.33,36.0,MEDIUM,FRICTION_PRONE_CUSTOMER
C001029,Duane,Moore,United Arab Emirates,Premium,2,4210.44,2105.22,2,0,2,0,13,63.06,80.88,22.5,45.0,1,0,0,2,2,0,1.0,5.0,LOW,NORMAL_CUSTOMER
C001030,David,Walker,United States,Standard,3,9159.24,3053.08,5,2,3,2,27,75.84,81.78,21.67,65.0,2,0,1,5,3,2,0.6,36.0,MEDIUM,FRICTION_PRONE_CUSTOMER
C001031,John,Lopez,Saudi Arabia,Standard,3,6701.72,2233.91,5,2,3,2,25,70.03,88.43,51.67,80.0,2,1,0,5,3,2,0.6,46.0,MEDIUM,FRICTION_PRONE_CUSTOMER
C001032,Greg,Prince,Pakistan,Premium,1,3574.94,3574.94,2,1,1,1,9,76.43,76.43,75.0,75.0,1,0,1,2,1,1,0.5,23.0,LOW,FRICTION_PRONE_CUSTOMER
C001033,Donna,Austin,Saudi Arabia,Standard,2,5172.66,2586.33,2,0,2,0,14,65.82,73.17,0.0,0.0,0,0,0,2,2,0,1.0,0.0,LOW,NORMAL_CUSTOMER
C001034,Anthony,Guerra,Saudi Arabia,Standard,2,6052.02,3026.01,2,0,2,0,13,52.04,75.27,22.5,45.0,1,0,0,2,2,0,1.0,5.0,LOW,NORMAL_CUSTOMER
C001036,Kristy,Patel,United Kingdom,Standard,2,4674.59,2337.3,2,0,2,0,14,73.22,83.2,0.0,0.0,0,0,0,2,2,0,1.0,0.0,LOW,NORMAL_CUSTOMER
C001037,John,Arnold,United Arab Emirates,Premium,2,2691.76,1345.88,2,0,2,0,13,72.86,90.23,22.5,45.0,1,0,0,2,2,0,1.0,5.0,LOW,NORMAL_CUSTOMER
C001038,Mario,Avila,United Kingdom,Standard,2,6635.76,3317.88,3,1,2,1,15,53.22,67.8,60.0,75.0,2,0,1,3,2,1,0.67,28.0,MEDIUM,FRICTION_PRONE_CUSTOMER
C001039,Grant,Wilson,Saudi Arabia,Standard,1,2506.06,2506.06,1,0,1,0,6,54.25,54.25,45.0,45.0,1,0,0,1,1,0,1.0,5.0,LOW,NORMAL_CUSTOMER
C001041,Judy,Jones,Pakistan,Premium,3,11319.26,3773.09,6,3,3,3,29,70.24,102.13,46.67,65.0,3,0,1,6,3,3,0.5,49.0,MEDIUM,FRICTION_PRONE_CUSTOMER
C001044,Thomas,Mendoza,Pakistan,Standard,2,3302.18,1651.09,3,1,2,1,16,70.48,80.27,37.5,75.0,1,0,1,3,2,1,0.67,23.0,LOW,FRICTION_PRONE_CUSTOMER
C001045,Kimberly,Collins,Other,Premium,1,3696.25,3696.25,1,0,1,0,7,81.32,81.32,0.0,0.0,0,0,0,1,1,0,1.0,0.0,LOW,NORMAL_CUSTOMER
C001046,William,Cox,Pakistan,Premium,2,3455.16,1727.58,4,2,2,2,20,67.58,74.42,32.5,65.0,2,0,1,4,2,2,0.5,36.0,MEDIUM,FRICTION_PRONE_CUSTOMER
C001049,Sonia,Harper,Other,Premium,2,5296.55,2648.28,2,0,2,0,13,39.12,48.42,22.5,45.0,1,0,0,2,2,0,1.0,5.0,LOW,NORMAL_CUSTOMER
C001050,Bradley,Gallagher,Saudi Arabia,Standard,2,6490.52,3245.26,4,2,2,2,20,75.37,98.15,32.5,65.0,2,0,1,4,2,2,0.5,36.0,MEDIUM,FRICTION_PRONE_CUSTOMER
C001051,Krista,Peterson,Other,Premium,2,6207.2,3103.6,4,2,2,2,20,74.98,81.9,32.5,65.0,2,0,1,4,2,2,0.5,36.0,MEDIUM,FRICTION_PRONE_CUSTOMER
C001052,Michelle,Mckinney,Pakistan,Standard,1,3091.01,3091.01,1,0,1,0,6,42.92,42.92,45.0,45.0,1,0,0,1,1,0,1.0,5.0,LOW,NORMAL_CUSTOMER
C001053,Adrienne,Johnson,Other,Standard,2,4711.45,2355.72,2,0,2,0,14,75.34,88.32,0.0,0.0,0,0,0,2,2,0,1.0,0.0,LOW,NORMAL_CUSTOMER
C001055,Tamara,Walker,Other,Standard,2,4925.27,2462.64,2,0,2,0,13,68.32,72.43,20.0,40.0,1,0,0,2,2,0,1.0,5.0,LOW,NORMAL_CUSTOMER
C001056,Bruce,Vincent,United Arab Emirates,Standard,1,652.05,652.05,1,0,1,0,6,30.58,30.58,45.0,45.0,1,0,0,1,1,0,1.0,5.0,LOW,NORMAL_CUSTOMER
C001059,Gina,Martinez,United Arab Emirates,Premium,3,9983.55,3327.85,3,0,3,0,20,63.71,86.93,15.0,45.0,1,0,0,3,3,0,1.0,5.0,LOW,LOYAL_LOW_FRICTION_CUSTOMER
C001060,Tracy,Anderson,Pakistan,Standard,1,3805.34,3805.34,1,0,1,0,7,93.22,93.22,0.0,0.0,0,0,0,1,1,0,1.0,0.0,LOW,NORMAL_CUSTOMER
C001061,Renee,Miller,Other,Standard,1,3111.45,3111.45,1,0,1,0,7,57.18,57.18,0.0,0.0,0,0,0,1,1,0,1.0,0.0,LOW,NORMAL_CUSTOMER
C001063,Christopher,Bowers,United States,Standard,2,6654.33,3327.16,5,3,2,3,22,85.34,95.58,67.5,100.0,3,1,0,5,2,3,0.4,59.0,HIGH,FRICTION_PRONE_CUSTOMER
C001064,Charlene,Jones,United Arab Emirates,Standard,1,2086.77,2086.77,1,0,1,0,7,74.23,74.23,0.0,0.0,0,0,0,1,1,0,1.0,0.0,LOW,NORMAL_CUSTOMER
C001065,Cameron,Hampton,United Arab Emirates,Standard,3,11732.71,3910.9,5,2,3,2,27,59.52,69.72,21.67,65.0,2,0,1,5,3,2,0.6,36.0,MEDIUM,FRICTION_PRONE_CUSTOMER
C001066,Joshua,Todd,United Kingdom,Standard,3,11690.1,3896.7,5,2,3,2,27,84.1,100.5,21.67,65.0,2,0,1,5,3,2,0.6,36.0,MEDIUM,FRICTION_PRONE_CUSTOMER
C001067,Cynthia,Williams,Saudi Arabia,Standard,1,3415.14,3415.14,1,0,1,0,6,85.73,85.73,40.0,40.0,1,0,0,1,1,0,1.0,5.0,LOW,NORMAL_CUSTOMER
C001068,Amy,Rodriguez,Saudi Arabia,Standard,4,11229.41,2807.35,5,1,4,1,30,67.03,83.38,17.5,40.0,1,0,0,5,4,1,0.8,13.0,LOW,LOYAL_LOW_FRICTION_CUSTOMER
C001070,Virginia,Palmer,Saudi Arabia,Standard,2,6119.76,3059.88,5,3,2,3,22,84.76,91.85,67.5,100.0,3,1,0,5,2,3,0.4,59.0,HIGH,FRICTION_PRONE_CUSTOMER
C001071,Alyssa,Brown,Saudi Arabia,Standard,3,11429.71,3809.9,3,0,3,0,20,52.34,68.65,15.0,45.0,1,0,0,3,3,0,1.0,5.0,LOW,LOYAL_LOW_FRICTION_CUSTOMER
C001073,Catherine,King,Saudi Arabia,Standard,2,5163.76,2581.88,3,1,2,1,17,85.98,95.13,15.0,30.0,0,0,0,3,2,1,0.67,8.0,LOW,NORMAL_CUSTOMER
C001074,Cory,Jones,Saudi Arabia,Standard,3,8838.2,2946.07,5,2,3,2,26,58.36,80.7,33.33,100.0,3,1,0,5,3,2,0.6,51.0,HIGH,FRICTION_PRONE_CUSTOMER
C001075,Jacqueline,Contreras,Other,Premium,2,6694.15,3347.08,2,0,2,0,13,30.73,34.28,22.5,45.0,1,0,0,2,2,0,1.0,5.0,LOW,NORMAL_CUSTOMER
C001076,Melissa,Webster,United Arab Emirates,Standard,2,2565.45,1282.72,2,0,2,0,12,40.04,56.4,42.5,45.0,2,0,0,2,2,0,1.0,10.0,LOW,NORMAL_CUSTOMER
C001077,Debra,Patton,United Arab Emirates,Premium,1,4453.84,4453.84,1,0,1,0,6,51.32,51.32,40.0,40.0,1,0,0,1,1,0,1.0,5.0,LOW,NORMAL_CUSTOMER
C001078,Kayla,Mora,United Kingdom,Standard,3,9002.69,3000.9,4,1,3,1,23,74.96,80.95,25.0,45.0,1,0,0,4,3,1,0.75,13.0,LOW,LOYAL_LOW_FRICTION_CUSTOMER
C001080,Jason,Santana,Other,Standard,2,6768.05,3384.02,2,0,2,0,13,56.49,67.8,20.0,40.0,1,0,0,2,2,0,1.0,5.0,LOW,NORMAL_CUSTOMER
C001081,Shannon,Lopez,United States,Standard,1,4770.04,4770.04,1,0,1,0,7,65.42,65.42,0.0,0.0,0,0,0,1,1,0,1.0,0.0,LOW,NORMAL_CUSTOMER
C001082,Jeremy,Bell,Saudi Arabia,Standard,3,10401.17,3467.06,5,2,3,2,24,75.3,95.35,63.33,100.0,5,1,0,5,3,2,0.6,61.0,HIGH,FRICTION_PRONE_CUSTOMER
C001083,Matthew,Davis,United Arab Emirates,VIP,2,8324.42,4162.21,3,1,2,1,16,83.54,84.12,37.5,75.0,1,0,1,3,2,1,0.67,23.0,LOW,FRICTION_PRONE_CUSTOMER
C001084,Shawn,Singleton,Other,Premium,2,6394.06,3197.03,2,0,2,0,14,53.89,63.85,0.0,0.0,0,0,0,2,2,0,1.0,0.0,LOW,NORMAL_CUSTOMER
C001086,Cody,Rush,United Arab Emirates,VIP,2,3072.03,1536.02,2,0,2,0,14,48.52,52.52,0.0,0.0,0,0,0,2,2,0,1.0,0.0,LOW,NORMAL_CUSTOMER
C001087,Ronald,Bailey,Pakistan,Standard,1,2641.24,2641.24,1,0,1,0,7,56.82,56.82,0.0,0.0,0,0,0,1,1,0,1.0,0.0,LOW,NORMAL_CUSTOMER
C001089,Nicholas,Mason,Other,Standard,2,5949.9,2974.95,2,0,2,0,14,72.09,77.73,0.0,0.0,0,0,0,2,2,0,1.0,0.0,LOW,NORMAL_CUSTOMER
C001090,Elijah,Chandler,Saudi Arabia,Premium,3,4046.21,1348.74,3,0,3,0,19,60.06,74.18,28.33,45.0,2,0,0,3,3,0,1.0,10.0,LOW,LOYAL_LOW_FRICTION_CUSTOMER
C001092,Carlos,Hudson,Pakistan,Standard,2,4897.46,2448.73,3,1,2,1,16,51.61,72.6,40.0,45.0,1,0,0,3,2,1,0.67,13.0,LOW,NORMAL_CUSTOMER
C001093,Marie,Garcia,Pakistan,Premium,1,4339.29,4339.29,2,1,1,1,9,57.35,57.35,80.0,80.0,1,1,0,2,1,1,0.5,33.0,MEDIUM,NORMAL_CUSTOMER
C001094,Christopher,Lane,Pakistan,Standard,3,7982.23,2660.74,3,0,3,0,21,76.58,91.73,0.0,0.0,0,0,0,3,3,0,1.0,0.0,LOW,LOYAL_LOW_FRICTION_CUSTOMER
C001095,Colin,Smith,Saudi Arabia,Standard,2,5625.18,2812.59,2,0,2,0,14,71.47,83.25,0.0,0.0,0,0,0,2,2,0,1.0,0.0,LOW,NORMAL_CUSTOMER
C001096,Joanne,Robinson,Saudi Arabia,Standard,1,2487.75,2487.75,1,0,1,0,6,71.88,71.88,40.0,40.0,1,0,0,1,1,0,1.0,5.0,LOW,NORMAL_CUSTOMER
C001097,Lisa,Lee,Saudi Arabia,Premium,3,8510.04,2836.68,3,0,3,0,20,57.1,95.68,13.33,40.0,1,0,0,3,3,0,1.0,5.0,LOW,LOYAL_LOW_FRICTION_CUSTOMER
C001099,Brenda,Winters,United States,Standard,7,23480.15,3354.31,8,1,7,1,52,58.9,80.68,4.29,30.0,0,0,0,8,7,1,0.88,8.0,LOW,LOYAL_LOW_FRICTION_CUSTOMER
C001100,Anna,Medina,United Arab Emirates,Standard,2,6402.31,3201.16,2,0,2,0,14,62.65,64.55,0.0,0.0,0,0,0,2,2,0,1.0,0.0,LOW,NORMAL_CUSTOMER
C001101,Mark,Beltran,Saudi Arabia,Standard,1,1267.85,1267.85,1,0,1,0,6,63.58,63.58,40.0,40.0,1,0,0,1,1,0,1.0,5.0,LOW,NORMAL_CUSTOMER
C001102,David,Garcia,Other,Standard,1,4104.34,4104.34,1,0,1,0,6,90.97,90.97,40.0,40.0,1,0,0,1,1,0,1.0,5.0,LOW,NORMAL_CUSTOMER
C001103,Michael,Lewis,Other,Standard,2,2535.05,1267.53,4,2,2,2,20,91.26,108.78,30.0,30.0,0,0,0,4,2,2,0.5,16.0,LOW,FRICTION_PRONE_CUSTOMER
C001105,Karen,Zimmerman,Other,Standard,3,10188.97,3396.32,6,3,3,3,29,47.61,62.0,45.0,65.0,3,0,1,6,3,3,0.5,49.0,MEDIUM,FRICTION_PRONE_CUSTOMER
C001106,Miranda,Richardson,Saudi Arabia,Standard,2,3556.78,1778.39,2,0,2,0,12,62.79,81.93,40.0,40.0,2,0,0,2,2,0,1.0,10.0,LOW,NORMAL_CUSTOMER
C001107,Jennifer,Lawrence,United Arab Emirates,Premium,2,6259.14,3129.57,3,1,2,1,16,61.73,69.93,37.5,75.0,1,0,1,3,2,1,0.67,23.0,LOW,FRICTION_PRONE_CUSTOMER
C001108,Tanya,Gonzales,United States,Standard,1,808.28,808.28,1,0,1,0,7,50.35,50.35,0.0,0.0,0,0,0,1,1,0,1.0,0.0,LOW,NORMAL_CUSTOMER
C001109,Caroline,Rosario,United Kingdom,Premium,1,1356.72,1356.72,1,0,1,0,7,30.35,30.35,0.0,0.0,0,0,0,1,1,0,1.0,0.0,LOW,NORMAL_CUSTOMER
C001110,Michael,White,Saudi Arabia,Standard,2,6142.67,3071.34,3,1,2,1,16,45.52,56.17,35.0,70.0,1,0,1,3,2,1,0.67,23.0,LOW,FRICTION_PRONE_CUSTOMER
C001111,Becky,Kelly,United States,Standard,1,3326.08,3326.08,1,0,1,0,6,67.9,67.9,45.0,45.0,1,0,0,1,1,0,1.0,5.0,LOW,NORMAL_CUSTOMER
C001115,Daniel,Rodriguez,Pakistan,Standard,1,2658.16,2658.16,1,0,1,0,7,98.33,98.33,0.0,0.0,0,0,0,1,1,0,1.0,0.0,LOW,NORMAL_CUSTOMER
C001116,Megan,Rollins,Pakistan,Standard,1,2912.19,2912.19,1,0,1,0,7,57.33,57.33,0.0,0.0,0,0,0,1,1,0,1.0,0.0,LOW,NORMAL_CUSTOMER
C001117,Michael,Martinez,Saudi Arabia,Standard,2,6129.95,3064.98,2,0,2,0,14,61.59,76.95,0.0,0.0,0,0,0,2,2,0,1.0,0.0,LOW,NORMAL_CUSTOMER
C001118,Kathryn,Rodriguez,Other,Standard,2,6174.7,3087.35,2,0,2,0,12,41.1,54.48,42.5,45.0,2,0,0,2,2,0,1.0,10.0,LOW,NORMAL_CUSTOMER
C001119,Audrey,Taylor,Saudi Arabia,Standard,1,2570.09,2570.09,1,0,1,0,7,91.2,91.2,0.0,0.0,0,0,0,1,1,0,1.0,0.0,LOW,NORMAL_CUSTOMER
C001120,Lindsay,Farmer,Saudi Arabia,Standard,1,4319.24,4319.24,3,2,1,2,13,97.98,97.98,65.0,65.0,2,0,1,3,1,2,0.33,36.0,MEDIUM,FRICTION_PRONE_CUSTOMER
C001121,Megan,Bush,Other,Standard,2,4081.42,2040.71,4,2,2,2,19,59.7,62.43,50.0,100.0,3,1,0,4,2,2,0.5,51.0,HIGH,FRICTION_PRONE_CUSTOMER
C001123,Loretta,Williams,Other,Premium,2,4455.86,2227.93,2,0,2,0,14,60.12,78.47,0.0,0.0,0,0,0,2,2,0,1.0,0.0,LOW,NORMAL_CUSTOMER
C001125,Dawn,Wilson,United Kingdom,Standard,4,9731.62,2432.9,5,1,4,1,29,56.77,78.02,28.75,40.0,2,0,0,5,4,1,0.8,18.0,LOW,LOYAL_LOW_FRICTION_CUSTOMER
C001126,Anthony,Campbell,Pakistan,Standard,3,10864.24,3621.41,4,1,3,1,23,55.1,75.38,26.67,45.0,1,0,0,4,3,1,0.75,13.0,LOW,LOYAL_LOW_FRICTION_CUSTOMER
C001127,Sarah,Burke,Saudi Arabia,Standard,1,4779.67,4779.67,2,1,1,1,10,90.22,90.22,30.0,30.0,0,0,0,2,1,1,0.5,8.0,LOW,NORMAL_CUSTOMER
C001128,Maria,Collins,United Arab Emirates,Premium,1,4534.26,4534.26,1,0,1,0,7,26.37,26.37,0.0,0.0,0,0,0,1,1,0,1.0,0.0,LOW,NORMAL_CUSTOMER
C001129,Joseph,Cherry,United Arab Emirates,Standard,1,800.49,800.49,1,0,1,0,7,64.43,64.43,0.0,0.0,0,0,0,1,1,0,1.0,0.0,LOW,NORMAL_CUSTOMER
C001130,Henry,Wallace,Saudi Arabia,Standard,3,9211.34,3070.45,3,0,3,0,20,68.75,86.4,13.33,40.0,1,0,0,3,3,0,1.0,5.0,LOW,LOYAL_LOW_FRICTION_CUSTOMER
C001131,Jacqueline,Spencer,United Kingdom,Standard,2,3795.91,1897.96,2,0,2,0,14,56.97,58.57,0.0,0.0,0,0,0,2,2,0,1.0,0.0,LOW,NORMAL_CUSTOMER
C001132,Kyle,Roberts,United Arab Emirates,Premium,3,3770.6,1256.87,3,0,3,0,21,51.55,64.7,0.0,0.0,0,0,0,3,3,0,1.0,0.0,LOW,LOYAL_LOW_FRICTION_CUSTOMER
C001133,Matthew,Wyatt,Saudi Arabia,Standard,5,13646.21,2729.24,6,1,5,1,36,70.3,87.65,22.0,40.0,2,0,0,6,5,1,0.83,18.0,LOW,LOYAL_LOW_FRICTION_CUSTOMER
C001134,Adam,Lopez,Saudi Arabia,Standard,2,7515.97,3757.98,2,0,2,0,14,73.56,88.3,0.0,0.0,0,0,0,2,2,0,1.0,0.0,LOW,NORMAL_CUSTOMER
C001135,Molly,Jones,United Kingdom,Standard,3,9546.02,3182.01,3,0,3,0,21,76.93,102.22,0.0,0.0,0,0,0,3,3,0,1.0,0.0,LOW,LOYAL_LOW_FRICTION_CUSTOMER
C001136,Ashley,Randall,Saudi Arabia,Standard,3,5988.26,1996.09,5,2,3,2,26,68.44,87.82,33.33,70.0,1,0,1,5,3,2,0.6,31.0,MEDIUM,FRICTION_PRONE_CUSTOMER
C001137,Richard,Alvarez,Other,Standard,3,8575.85,2858.62,5,2,3,2,26,89.7,112.95,33.33,100.0,3,1,0,5,3,2,0.6,51.0,HIGH,FRICTION_PRONE_CUSTOMER
C001138,Donald,Shelton,United Arab Emirates,Standard,1,4574.79,4574.79,1,0,1,0,6,57.72,57.72,45.0,45.0,1,0,0,1,1,0,1.0,5.0,LOW,NORMAL_CUSTOMER
C001139,Cynthia,White,United Arab Emirates,Premium,2,7792.82,3896.41,4,2,2,2,20,90.53,103.18,30.0,30.0,0,0,0,4,2,2,0.5,16.0,LOW,FRICTION_PRONE_CUSTOMER
C001140,Anthony,Lutz,Pakistan,Premium,1,3763.11,3763.11,1,0,1,0,7,85.75,85.75,0.0,0.0,0,0,0,1,1,0,1.0,0.0,LOW,NORMAL_CUSTOMER
C001141,Julie,Vasquez,United States,Standard,2,5404.71,2702.36,2,0,2,0,14,59.7,93.22,0.0,0.0,0,0,0,2,2,0,1.0,0.0,LOW,NORMAL_CUSTOMER
C001142,Jason,Garcia,United Arab Emirates,Standard,4,15547.15,3886.79,5,1,4,1,30,71.4,89.08,18.75,75.0,1,0,1,5,4,1,0.8,23.0,LOW,FRICTION_PRONE_CUSTOMER
C001144,Matthew,Barrett,Pakistan,Standard,2,4718.18,2359.09,2,0,2,0,14,52.9,55.82,0.0,0.0,0,0,0,2,2,0,1.0,0.0,LOW,NORMAL_CUSTOMER
C001145,Mitchell,Miller,Saudi Arabia,Standard,1,3190.35,3190.35,1,0,1,0,7,101.73,101.73,0.0,0.0,0,0,0,1,1,0,1.0,0.0,LOW,NORMAL_CUSTOMER
C001146,Jennifer,Thomas,Other,Standard,1,4602.24,4602.24,1,0,1,0,7,51.8,51.8,0.0,0.0,0,0,0,1,1,0,1.0,0.0,LOW,NORMAL_CUSTOMER
C001148,Ashley,Garza,United Kingdom,Standard,1,2685.84,2685.84,1,0,1,0,7,67.55,67.55,0.0,0.0,0,0,0,1,1,0,1.0,0.0,LOW,NORMAL_CUSTOMER
C001149,Christopher,Garcia,Other,Standard,1,3000.49,3000.49,2,1,1,1,9,74.73,74.73,70.0,70.0,1,0,1,2,1,1,0.5,23.0,LOW,FRICTION_PRONE_CUSTOMER
C001151,Eric,Levine,United Kingdom,Standard,2,3020.63,1510.32,3,1,2,1,17,65.29,73.78,17.5,35.0,0,0,0,3,2,1,0.67,8.0,LOW,NORMAL_CUSTOMER
C001152,Christine,Brown,United States,Premium,2,7496.1,3748.05,3,1,2,1,16,65.55,79.5,37.5,75.0,1,0,1,3,2,1,0.67,23.0,LOW,FRICTION_PRONE_CUSTOMER
C001153,Emily,Hester,United Kingdom,Standard,2,5168.51,2584.26,2,0,2,0,14,62.19,71.18,0.0,0.0,0,0,0,2,2,0,1.0,0.0,LOW,NORMAL_CUSTOMER
C001155,Ebony,Larson,Pakistan,Standard,2,6307.39,3153.7,3,1,2,1,16,73.4,96.02,35.0,40.0,1,0,0,3,2,1,0.67,13.0,LOW,NORMAL_CUSTOMER
C001156,Todd,Ewing,United States,Premium,1,3534.31,3534.31,1,0,1,0,7,52.23,52.23,0.0,0.0,0,0,0,1,1,0,1.0,0.0,LOW,NORMAL_CUSTOMER
C001157,Scott,Martinez,Saudi Arabia,Standard,1,3176.95,3176.95,2,1,1,1,10,66.5,66.5,30.0,30.0,0,0,0,2,1,1,0.5,8.0,LOW,NORMAL_CUSTOMER
C001159,Kari,Hardy,Other,Standard,2,8902.21,4451.1,2,0,2,0,14,67.34,72.95,0.0,0.0,0,0,0,2,2,0,1.0,0.0,LOW,NORMAL_CUSTOMER
C001160,Daniel,Ramirez,Saudi Arabia,Standard,3,7521.95,2507.32,3,0,3,0,21,81.95,100.97,0.0,0.0,0,0,0,3,3,0,1.0,0.0,LOW,LOYAL_LOW_FRICTION_CUSTOMER
C001161,Russell,Reeves,United States,Standard,1,3334.59,3334.59,1,0,1,0,7,83.88,83.88,0.0,0.0,0,0,0,1,1,0,1.0,0.0,LOW,NORMAL_CUSTOMER
C001162,Justin,Perkins,Saudi Arabia,Standard,1,4320.05,4320.05,1,0,1,0,7,39.97,39.97,0.0,0.0,0,0,0,1,1,0,1.0,0.0,LOW,NORMAL_CUSTOMER
C001163,Erika,Nelson,United Arab Emirates,Standard,1,1635.13,1635.13,2,1,1,1,10,93.45,93.45,30.0,30.0,0,0,0,2,1,1,0.5,8.0,LOW,NORMAL_CUSTOMER
C001164,Tommy,Clarke,United Kingdom,Standard,1,860.07,860.07,1,0,1,0,7,30.42,30.42,0.0,0.0,0,0,0,1,1,0,1.0,0.0,LOW,NORMAL_CUSTOMER
C001165,Elizabeth,Schneider,Saudi Arabia,Standard,4,9872.23,2468.06,5,1,4,1,30,71.23,97.23,18.75,40.0,1,0,0,5,4,1,0.8,13.0,LOW,LOYAL_LOW_FRICTION_CUSTOMER
C001166,Brandon,Ross,United States,Standard,1,1070.56,1070.56,3,2,1,2,13,51.15,51.15,65.0,65.0,2,0,1,3,1,2,0.33,36.0,MEDIUM,FRICTION_PRONE_CUSTOMER
C001167,Randall,Alvarez,United States,Standard,1,4572.41,4572.41,1,0,1,0,6,59.55,59.55,45.0,45.0,1,0,0,1,1,0,1.0,5.0,LOW,NORMAL_CUSTOMER
C001168,Carol,Morrison,Pakistan,Standard,3,5422.48,1807.49,3,0,3,0,20,74.89,88.63,13.33,40.0,1,0,0,3,3,0,1.0,5.0,LOW,LOYAL_LOW_FRICTION_CUSTOMER
C001169,Adrian,Sullivan,Saudi Arabia,Standard,1,2634.33,2634.33,2,1,1,1,10,73.93,73.93,35.0,35.0,0,0,0,2,1,1,0.5,8.0,LOW,NORMAL_CUSTOMER
C001170,Kevin,Washington,Saudi Arabia,Premium,2,4988.83,2494.42,3,1,2,1,17,74.9,88.05,15.0,30.0,0,0,0,3,2,1,0.67,8.0,LOW,NORMAL_CUSTOMER
C001171,Jason,Ramirez,Pakistan,VIP,1,1749.28,1749.28,1,0,1,0,7,60.97,60.97,0.0,0.0,0,0,0,1,1,0,1.0,0.0,LOW,NORMAL_CUSTOMER
C001172,Derrick,Tate,Other,Premium,1,1763.69,1763.69,3,2,1,2,13,87.77,87.77,65.0,65.0,2,0,1,3,1,2,0.33,36.0,MEDIUM,FRICTION_PRONE_CUSTOMER
C001173,Jonathan,Rodriguez,Pakistan,Premium,1,2346.4,2346.4,2,1,1,1,10,89.33,89.33,30.0,30.0,0,0,0,2,1,1,0.5,8.0,LOW,NORMAL_CUSTOMER
C001174,Mark,King,Saudi Arabia,Standard,2,4253.15,2126.57,2,0,2,0,14,57.54,69.67,0.0,0.0,0,0,0,2,2,0,1.0,0.0,LOW,NORMAL_CUSTOMER
C001175,Adrian,Crawford,Pakistan,VIP,2,3935.69,1967.84,4,2,2,2,20,58.28,58.95,32.5,65.0,2,0,1,4,2,2,0.5,36.0,MEDIUM,FRICTION_PRONE_CUSTOMER
C001177,Gregory,Taylor,United States,Standard,2,5005.8,2502.9,2,0,2,0,14,48.58,50.98,0.0,0.0,0,0,0,2,2,0,1.0,0.0,LOW,NORMAL_CUSTOMER
C001178,Omar,Garcia,Saudi Arabia,Premium,4,11181.66,2795.42,5,1,4,1,29,76.41,95.7,30.0,80.0,2,1,0,5,4,1,0.8,38.0,MEDIUM,NORMAL_CUSTOMER
C001179,Jane,Brown,United States,Standard,1,3985.11,3985.11,1,0,1,0,7,41.92,41.92,0.0,0.0,0,0,0,1,1,0,1.0,0.0,LOW,NORMAL_CUSTOMER
C001180,Vincent,Jones,Pakistan,Standard,1,2607.15,2607.15,3,2,1,2,13,67.65,67.65,65.0,65.0,2,0,1,3,1,2,0.33,36.0,MEDIUM,FRICTION_PRONE_CUSTOMER
C001182,Linda,Stanton,United Arab Emirates,Standard,2,8592.49,4296.24,2,0,2,0,13,59.78,88.82,22.5,45.0,1,0,0,2,2,0,1.0,5.0,LOW,NORMAL_CUSTOMER
C001183,Charles,Reyes,Pakistan,Standard,2,4878.7,2439.35,2,0,2,0,14,56.96,64.17,0.0,0.0,0,0,0,2,2,0,1.0,0.0,LOW,NORMAL_CUSTOMER
C001185,Bobby,Hernandez,Saudi Arabia,Standard,4,11174.23,2793.56,7,3,4,3,36,83.68,94.43,32.5,100.0,3,1,0,7,4,3,0.57,59.0,HIGH,FRICTION_PRONE_CUSTOMER
C001186,Andrew,Howell,Other,Standard,1,3221.27,3221.27,1,0,1,0,7,58.48,58.48,0.0,0.0,0,0,0,1,1,0,1.0,0.0,LOW,NORMAL_CUSTOMER
C001187,Samantha,Davis,United Kingdom,Standard,1,2631.49,2631.49,3,2,1,2,12,75.05,75.05,100.0,100.0,3,1,0,3,1,2,0.33,51.0,HIGH,FRICTION_PRONE_CUSTOMER
C001188,Michelle,Jones,Saudi Arabia,Standard,2,6650.43,3325.22,2,0,2,0,14,41.69,45.18,0.0,0.0,0,0,0,2,2,0,1.0,0.0,LOW,NORMAL_CUSTOMER
C001190,Ashley,Saunders,United Kingdom,Standard,2,4916.81,2458.41,2,0,2,0,14,67.64,94.45,0.0,0.0,0,0,0,2,2,0,1.0,0.0,LOW,NORMAL_CUSTOMER
C001191,Jenna,Sparks,Saudi Arabia,Premium,1,2078.33,2078.33,1,0,1,0,7,61.85,61.85,0.0,0.0,0,0,0,1,1,0,1.0,0.0,LOW,NORMAL_CUSTOMER
C001192,Robert,Harris,Pakistan,Standard,4,14204.34,3551.08,7,3,4,3,37,69.1,88.03,25.0,35.0,0,0,0,7,4,3,0.57,24.0,LOW,FRICTION_PRONE_CUSTOMER
C001193,Darius,Bates,United Arab Emirates,Standard,1,4861.72,4861.72,1,0,1,0,7,72.43,72.43,0.0,0.0,0,0,0,1,1,0,1.0,0.0,LOW,NORMAL_CUSTOMER
C001197,Christine,Heath,Other,Standard,3,10425.98,3475.33,5,2,3,2,26,63.17,74.28,35.0,70.0,1,0,1,5,3,2,0.6,31.0,MEDIUM,FRICTION_PRONE_CUSTOMER
C001199,Samantha,Cisneros,United Kingdom,Standard,1,2496.16,2496.16,2,1,1,1,10,108.35,108.35,35.0,35.0,0,0,0,2,1,1,0.5,8.0,LOW,NORMAL_CUSTOMER
C001201,Megan,Jordan,United States,VIP,1,4112.6,4112.6,1,0,1,0,6,58.8,58.8,40.0,40.0,1,0,0,1,1,0,1.0,5.0,LOW,NORMAL_CUSTOMER
C001203,Brianna,Reyes,Saudi Arabia,Premium,1,3420.93,3420.93,1,0,1,0,7,85.77,85.77,0.0,0.0,0,0,0,1,1,0,1.0,0.0,LOW,NORMAL_CUSTOMER
C001204,Alexandria,Edwards,United Arab Emirates,Premium,1,4413.33,4413.33,1,0,1,0,7,45.97,45.97,0.0,0.0,0,0,0,1,1,0,1.0,0.0,LOW,NORMAL_CUSTOMER
C001205,Randy,Bennett,United Arab Emirates,Standard,1,3644.28,3644.28,1,0,1,0,7,92.78,92.78,0.0,0.0,0,0,0,1,1,0,1.0,0.0,LOW,NORMAL_CUSTOMER
C001206,Kyle,Stevens,United States,Premium,3,8021.28,2673.76,4,1,3,1,24,62.74,69.97,10.0,30.0,0,0,0,4,3,1,0.75,8.0,LOW,LOYAL_LOW_FRICTION_CUSTOMER
C001207,Matthew,Johnson,United Kingdom,VIP,1,2685.25,2685.25,1,0,1,0,6,48.63,48.63,45.0,45.0,1,0,0,1,1,0,1.0,5.0,LOW,NORMAL_CUSTOMER
C001208,Mason,Hawkins,United Arab Emirates,Standard,2,5762.82,2881.41,2,0,2,0,13,41.38,49.93,22.5,45.0,1,0,0,2,2,0,1.0,5.0,LOW,NORMAL_CUSTOMER
C001209,Gary,Dalton,Saudi Arabia,Standard,1,3579.08,3579.08,2,1,1,1,10,66.62,66.62,35.0,35.0,0,0,0,2,1,1,0.5,8.0,LOW,NORMAL_CUSTOMER
C001210,William,Turner,Other,Standard,2,6367.49,3183.74,2,0,2,0,14,45.55,49.92,0.0,0.0,0,0,0,2,2,0,1.0,0.0,LOW,NORMAL_CUSTOMER
C001212,William,Henry,United Arab Emirates,Standard,2,5460.79,2730.4,4,2,2,2,20,58.5,76.58,32.5,65.0,2,0,1,4,2,2,0.5,36.0,MEDIUM,FRICTION_PRONE_CUSTOMER
C001213,Rebecca,Taylor,Saudi Arabia,Premium,1,2564.83,2564.83,2,1,1,1,10,69.6,69.6,35.0,35.0,0,0,0,2,1,1,0.5,8.0,LOW,NORMAL_CUSTOMER
C001214,Michael,Baldwin,United States,Premium,1,1147.49,1147.49,2,1,1,1,10,60.32,60.32,30.0,30.0,0,0,0,2,1,1,0.5,8.0,LOW,NORMAL_CUSTOMER
C001215,Jessica,Freeman,United Kingdom,Standard,2,5377.82,2688.91,2,0,2,0,14,67.2,76.78,0.0,0.0,0,0,0,2,2,0,1.0,0.0,LOW,NORMAL_CUSTOMER
C001216,Lori,Rodriguez,Saudi Arabia,Standard,1,4066.81,4066.81,1,0,1,0,7,57.43,57.43,0.0,0.0,0,0,0,1,1,0,1.0,0.0,LOW,NORMAL_CUSTOMER
C001217,Lisa,Leonard,Saudi Arabia,Premium,4,9049.76,2262.44,5,1,4,1,30,70.51,93.52,20.0,45.0,1,0,0,5,4,1,0.8,13.0,LOW,LOYAL_LOW_FRICTION_CUSTOMER
C001218,Joel,Keller,United Kingdom,Standard,1,2771.95,2771.95,1,0,1,0,7,95.88,95.88,0.0,0.0,0,0,0,1,1,0,1.0,0.0,LOW,NORMAL_CUSTOMER
C001219,Dwayne,Jennings,United Kingdom,Standard,3,8095.92,2698.64,7,4,3,4,33,90.48,107.2,43.33,65.0,4,0,2,7,3,4,0.43,72.0,HIGH,FRICTION_PRONE_CUSTOMER
C001221,Carrie,Alvarez,Other,Standard,1,832.31,832.31,3,2,1,2,12,47.8,47.8,100.0,100.0,3,1,0,3,1,2,0.33,51.0,HIGH,FRICTION_PRONE_CUSTOMER
C001222,Kathleen,Dickerson,Saudi Arabia,Standard,2,8511.68,4255.84,2,0,2,0,13,72.84,88.2,20.0,40.0,1,0,0,2,2,0,1.0,5.0,LOW,NORMAL_CUSTOMER
C001223,Diana,Hunter,United Arab Emirates,Standard,1,1968.06,1968.06,1,0,1,0,6,58.45,58.45,40.0,40.0,1,0,0,1,1,0,1.0,5.0,LOW,NORMAL_CUSTOMER
C001224,Gregory,Myers,Other,Standard,1,576.47,576.47,1,0,1,0,7,36.82,36.82,0.0,0.0,0,0,0,1,1,0,1.0,0.0,LOW,NORMAL_CUSTOMER
C001226,Troy,Arellano,Pakistan,Standard,1,1981.79,1981.79,1,0,1,0,7,85.45,85.45,0.0,0.0,0,0,0,1,1,0,1.0,0.0,LOW,NORMAL_CUSTOMER
C001228,Kathleen,Gomez,Saudi Arabia,Premium,1,2568.79,2568.79,1,0,1,0,7,41.68,41.68,0.0,0.0,0,0,0,1,1,0,1.0,0.0,LOW,NORMAL_CUSTOMER
C001229,Shane,Levine,Other,Standard,2,6081.02,3040.51,2,0,2,0,13,40.04,48.8,20.0,40.0,1,0,0,2,2,0,1.0,5.0,LOW,NORMAL_CUSTOMER
C001230,Sandra,Flores,United Arab Emirates,Standard,2,6770.83,3385.42,2,0,2,0,14,40.34,46.47,0.0,0.0,0,0,0,2,2,0,1.0,0.0,LOW,NORMAL_CUSTOMER
C001231,Anne,Johnson,Other,Standard,3,11175.64,3725.21,3,0,3,0,19,63.56,75.88,28.33,45.0,2,0,0,3,3,0,1.0,10.0,LOW,LOYAL_LOW_FRICTION_CUSTOMER
C001232,Cynthia,Williams,Saudi Arabia,Standard,2,8272.07,4136.04,2,0,2,0,13,73.53,91.55,20.0,40.0,1,0,0,2,2,0,1.0,5.0,LOW,NORMAL_CUSTOMER
C001233,Claudia,Hood,Saudi Arabia,VIP,2,6413.09,3206.54,2,0,2,0,13,65.26,89.92,20.0,40.0,1,0,0,2,2,0,1.0,5.0,LOW,NORMAL_CUSTOMER
C001235,Courtney,Harmon,United Kingdom,Standard,1,1904.59,1904.59,1,0,1,0,7,90.42,90.42,0.0,0.0,0,0,0,1,1,0,1.0,0.0,LOW,NORMAL_CUSTOMER
C001236,Edward,Johnson,United Arab Emirates,Premium,2,2885.64,1442.82,2,0,2,0,14,76.46,94.45,0.0,0.0,0,0,0,2,2,0,1.0,0.0,LOW,NORMAL_CUSTOMER
C001237,Carlos,Vance,Other,Standard,2,4705.58,2352.79,2,0,2,0,12,50.96,67.35,40.0,40.0,2,0,0,2,2,0,1.0,10.0,LOW,NORMAL_CUSTOMER
C001238,Scott,Peterson,United Arab Emirates,Standard,1,3479.04,3479.04,1,0,1,0,6,61.32,61.32,45.0,45.0,1,0,0,1,1,0,1.0,5.0,LOW,NORMAL_CUSTOMER
C001239,Kevin,Davis,Other,Standard,2,6125.23,3062.62,2,0,2,0,14,64.66,89.57,0.0,0.0,0,0,0,2,2,0,1.0,0.0,LOW,NORMAL_CUSTOMER
C001240,Joshua,Reed,Saudi Arabia,Premium,1,2443.02,2443.02,1,0,1,0,6,45.67,45.67,40.0,40.0,1,0,0,1,1,0,1.0,5.0,LOW,NORMAL_CUSTOMER
C001241,Brian,Howard,Other,Standard,1,4958.04,4958.04,1,0,1,0,7,56.5,56.5,0.0,0.0,0,0,0,1,1,0,1.0,0.0,LOW,NORMAL_CUSTOMER
C001242,William,Bell,United States,Premium,3,10057.17,3352.39,4,1,3,1,22,74.79,98.47,40.0,80.0,2,1,0,4,3,1,0.75,38.0,MEDIUM,NORMAL_CUSTOMER
C001243,Lance,Stanley,United States,Standard,1,3067.18,3067.18,1,0,1,0,7,51.72,51.72,0.0,0.0,0,0,0,1,1,0,1.0,0.0,LOW,NORMAL_CUSTOMER
C001244,Shannon,Wright,United States,Standard,6,13595.02,2265.84,7,1,6,1,43,67.01,85.8,19.17,45.0,2,0,0,7,6,1,0.86,18.0,LOW,LOYAL_LOW_FRICTION_CUSTOMER
C001245,Brian,Wong,United States,VIP,2,4065.01,2032.5,3,1,2,1,17,55.53,66.87,17.5,35.0,0,0,0,3,2,1,0.67,8.0,LOW,NORMAL_CUSTOMER
C001246,Marie,Watkins,Pakistan,Standard,1,4310.48,4310.48,1,0,1,0,7,65.2,65.2,0.0,0.0,0,0,0,1,1,0,1.0,0.0,LOW,NORMAL_CUSTOMER
C001247,Chase,Lozano,Saudi Arabia,Premium,1,2558.56,2558.56,1,0,1,0,6,59.78,59.78,45.0,45.0,1,0,0,1,1,0,1.0,5.0,LOW,NORMAL_CUSTOMER
C001248,Michelle,Jones,Saudi Arabia,Premium,1,2280.52,2280.52,1,0,1,0,7,30.57,30.57,0.0,0.0,0,0,0,1,1,0,1.0,0.0,LOW,NORMAL_CUSTOMER
C001249,Melissa,Torres,Other,Premium,2,4350.02,2175.01,2,0,2,0,14,64.81,89.3,0.0,0.0,0,0,0,2,2,0,1.0,0.0,LOW,NORMAL_CUSTOMER
C001250,Christina,Morgan,Pakistan,Standard,1,4031.21,4031.21,1,0,1,0,7,98.87,98.87,0.0,0.0,0,0,0,1,1,0,1.0,0.0,LOW,NORMAL_CUSTOMER
C001251,William,Smith,United States,Standard,2,6100.46,3050.23,2,0,2,0,14,92.96,103.27,0.0,0.0,0,0,0,2,2,0,1.0,0.0,LOW,NORMAL_CUSTOMER
C001252,Steven,Nguyen,United Arab Emirates,Premium,1,2032.01,2032.01,2,1,1,1,10,74.75,74.75,30.0,30.0,0,0,0,2,1,1,0.5,8.0,LOW,NORMAL_CUSTOMER
C001253,Angela,Murray,Saudi Arabia,Standard,5,13147.85,2629.57,8,3,5,3,44,88.45,107.07,19.0,65.0,2,0,1,8,5,3,0.62,44.0,MEDIUM,FRICTION_PRONE_CUSTOMER
C001255,Paula,Bradley,United Kingdom,Standard,1,870.65,870.65,1,0,1,0,7,91.52,91.52,0.0,0.0,0,0,0,1,1,0,1.0,0.0,LOW,NORMAL_CUSTOMER
C001256,Shannon,Valenzuela,United Arab Emirates,Standard,1,3276.74,3276.74,1,0,1,0,7,51.38,51.38,0.0,0.0,0,0,0,1,1,0,1.0,0.0,LOW,NORMAL_CUSTOMER
C001257,Lisa,Adams,Saudi Arabia,Standard,3,10635.22,3545.07,4,1,3,1,24,69.63,96.93,11.67,35.0,0,0,0,4,3,1,0.75,8.0,LOW,LOYAL_LOW_FRICTION_CUSTOMER
C001258,Denise,Dominguez,United Arab Emirates,Standard,2,4606.78,2303.39,4,2,2,2,19,63.2,80.87,55.0,65.0,3,0,1,4,2,2,0.5,41.0,MEDIUM,FRICTION_PRONE_CUSTOMER
C001259,Marc,Chapman,Saudi Arabia,Standard,1,1473.15,1473.15,1,0,1,0,7,87.63,87.63,0.0,0.0,0,0,0,1,1,0,1.0,0.0,LOW,NORMAL_CUSTOMER
C001260,Thomas,Odom,Pakistan,Standard,1,1618.38,1618.38,1,0,1,0,7,38.52,38.52,0.0,0.0,0,0,0,1,1,0,1.0,0.0,LOW,NORMAL_CUSTOMER
C001261,Edward,Gray,Saudi Arabia,Standard,2,4085.94,2042.97,2,0,2,0,13,80.14,80.63,22.5,45.0,1,0,0,2,2,0,1.0,5.0,LOW,NORMAL_CUSTOMER
C001263,Dale,Armstrong,United Arab Emirates,Premium,3,4109.21,1369.74,5,2,3,2,25,63.03,102.15,46.67,100.0,4,1,0,5,3,2,0.6,56.0,HIGH,FRICTION_PRONE_CUSTOMER
C001264,Rachel,Stokes,United Arab Emirates,Standard,1,653.97,653.97,1,0,1,0,6,78.68,78.68,45.0,45.0,1,0,0,1,1,0,1.0,5.0,LOW,NORMAL_CUSTOMER
C001265,Matthew,Garcia,Saudi Arabia,Standard,2,6001.49,3000.74,4,2,2,2,20,61.42,63.47,32.5,65.0,2,0,1,4,2,2,0.5,36.0,MEDIUM,FRICTION_PRONE_CUSTOMER
C001266,Jennifer,Leonard,Saudi Arabia,Standard,1,501.29,501.29,1,0,1,0,7,67.52,67.52,0.0,0.0,0,0,0,1,1,0,1.0,0.0,LOW,NORMAL_CUSTOMER
C001267,William,Rogers,United Arab Emirates,Standard,1,2338.97,2338.97,1,0,1,0,7,102.88,102.88,0.0,0.0,0,0,0,1,1,0,1.0,0.0,LOW,NORMAL_CUSTOMER
C001268,Gerald,Shaw,United Arab Emirates,Premium,1,716.11,716.11,1,0,1,0,7,58.77,58.77,0.0,0.0,0,0,0,1,1,0,1.0,0.0,LOW,NORMAL_CUSTOMER
C001269,John,Hubbard,Pakistan,Premium,2,8735.71,4367.85,2,0,2,0,14,50.38,51.35,0.0,0.0,0,0,0,2,2,0,1.0,0.0,LOW,NORMAL_CUSTOMER
C001270,Samuel,Morgan,Saudi Arabia,Premium,5,9431.18,1886.24,6,1,5,1,37,55.91,72.25,14.0,70.0,1,0,1,6,5,1,0.83,23.0,LOW,FRICTION_PRONE_CUSTOMER
C001271,Scott,Mendez,United Kingdom,Standard,1,4418.13,4418.13,1,0,1,0,7,61.95,61.95,0.0,0.0,0,0,0,1,1,0,1.0,0.0,LOW,NORMAL_CUSTOMER
C001272,Alexandra,Cox,Other,Standard,1,1034.06,1034.06,1,0,1,0,6,67.93,67.93,40.0,40.0,1,0,0,1,1,0,1.0,5.0,LOW,NORMAL_CUSTOMER
C001274,Nathan,Crawford,Saudi Arabia,Standard,3,8966.29,2988.76,5,2,3,2,27,45.17,47.22,21.67,65.0,2,0,1,5,3,2,0.6,36.0,MEDIUM,FRICTION_PRONE_CUSTOMER
C001275,Justin,Boone,United Arab Emirates,Standard,1,646.01,646.01,2,1,1,1,9,103.85,103.85,80.0,80.0,1,1,0,2,1,1,0.5,33.0,MEDIUM,NORMAL_CUSTOMER
C001276,Riley,Cobb,Saudi Arabia,Standard,2,6554.77,3277.38,2,0,2,0,13,61.52,86.28,20.0,40.0,1,0,0,2,2,0,1.0,5.0,LOW,NORMAL_CUSTOMER
C001277,Matthew,Pittman,Saudi Arabia,Standard,1,798.84,798.84,3,2,1,2,13,99.42,99.42,65.0,65.0,2,0,1,3,1,2,0.33,36.0,MEDIUM,FRICTION_PRONE_CUSTOMER
C001279,Kristina,Mitchell,Saudi Arabia,Standard,1,2077.86,2077.86,1,0,1,0,7,67.95,67.95,0.0,0.0,0,0,0,1,1,0,1.0,0.0,LOW,NORMAL_CUSTOMER
C001280,Deborah,Williams,United Arab Emirates,Standard,3,3912.88,1304.29,5,2,3,2,26,91.29,93.68,36.67,65.0,3,0,1,5,3,2,0.6,41.0,MEDIUM,FRICTION_PRONE_CUSTOMER
C001281,Cameron,Davies,Pakistan,VIP,2,4055.67,2027.84,3,1,2,1,17,76.28,81.18,15.0,30.0,0,0,0,3,2,1,0.67,8.0,LOW,NORMAL_CUSTOMER
C001283,Erika,Perez,Pakistan,Standard,1,1989.28,1989.28,1,0,1,0,7,29.93,29.93,0.0,0.0,0,0,0,1,1,0,1.0,0.0,LOW,NORMAL_CUSTOMER
C001284,Justin,Newton,Saudi Arabia,Standard,5,16019.19,3203.84,7,2,5,2,41,80.77,95.62,13.0,65.0,2,0,1,7,5,2,0.71,36.0,MEDIUM,FRICTION_PRONE_CUSTOMER
C001285,Jennifer,Davis,United Arab Emirates,Premium,1,2094.08,2094.08,1,0,1,0,6,39.32,39.32,45.0,45.0,1,0,0,1,1,0,1.0,5.0,LOW,NORMAL_CUSTOMER
C001286,Diane,Richard,Pakistan,Standard,1,2346.51,2346.51,2,1,1,1,10,58.97,58.97,30.0,30.0,0,0,0,2,1,1,0.5,8.0,LOW,NORMAL_CUSTOMER
C001287,Rebecca,Davis,Saudi Arabia,Premium,1,1939.33,1939.33,3,2,1,2,13,57.1,57.1,60.0,60.0,2,0,1,3,1,2,0.33,36.0,MEDIUM,FRICTION_PRONE_CUSTOMER
C001288,Morgan,Rogers,United Arab Emirates,Standard,1,2620.51,2620.51,1,0,1,0,7,90.52,90.52,0.0,0.0,0,0,0,1,1,0,1.0,0.0,LOW,NORMAL_CUSTOMER
C001289,Mathew,Jones,Saudi Arabia,Premium,2,3080.77,1540.38,5,3,2,3,23,59.24,66.55,47.5,65.0,2,0,1,5,2,3,0.4,44.0,MEDIUM,FRICTION_PRONE_CUSTOMER
C001290,Brandi,Solis,Saudi Arabia,Standard,1,4551.53,4551.53,1,0,1,0,7,80.85,80.85,0.0,0.0,0,0,0,1,1,0,1.0,0.0,LOW,NORMAL_CUSTOMER
C001291,Donald,Alvarez,United Arab Emirates,Standard,1,3180.59,3180.59,1,0,1,0,7,73.83,73.83,0.0,0.0,0,0,0,1,1,0,1.0,0.0,LOW,NORMAL_CUSTOMER
C001292,Michael,Clark,Saudi Arabia,Standard,1,553.25,553.25,1,0,1,0,7,38.55,38.55,0.0,0.0,0,0,0,1,1,0,1.0,0.0,LOW,NORMAL_CUSTOMER
C001293,Tammy,Flynn,Pakistan,Standard,2,3284.26,1642.13,3,1,2,1,15,80.56,99.98,60.0,75.0,2,0,1,3,2,1,0.67,28.0,MEDIUM,FRICTION_PRONE_CUSTOMER
C001294,Holly,Pearson,United Kingdom,Premium,2,1512.16,756.08,4,2,2,2,20,52.51,57.07,32.5,65.0,2,0,1,4,2,2,0.5,36.0,MEDIUM,FRICTION_PRONE_CUSTOMER
C001295,Philip,Turner,United States,Standard,2,6090.84,3045.42,2,0,2,0,14,61.18,67.67,0.0,0.0,0,0,0,2,2,0,1.0,0.0,LOW,NORMAL_CUSTOMER
C001296,Brooke,Brock,Saudi Arabia,Standard,1,520.22,520.22,1,0,1,0,6,46.83,46.83,45.0,45.0,1,0,0,1,1,0,1.0,5.0,LOW,NORMAL_CUSTOMER
C001297,Sharon,Reynolds,Saudi Arabia,VIP,3,7588.34,2529.45,3,0,3,0,20,67.88,88.32,15.0,45.0,1,0,0,3,3,0,1.0,5.0,LOW,LOYAL_LOW_FRICTION_CUSTOMER
C001299,Nicholas,Gonzalez,Pakistan,VIP,1,2499.77,2499.77,1,0,1,0,7,84.95,84.95,0.0,0.0,0,0,0,1,1,0,1.0,0.0,LOW,NORMAL_CUSTOMER
C001300,Latasha,Morales,United Kingdom,Standard,3,6428.16,2142.72,5,2,3,2,27,59.81,88.57,21.67,65.0,2,0,1,5,3,2,0.6,36.0,MEDIUM,FRICTION_PRONE_CUSTOMER
C001301,Lisa,Weber,Saudi Arabia,Premium,2,4791.43,2395.72,2,0,2,0,13,72.62,73.38,20.0,40.0,1,0,0,2,2,0,1.0,5.0,LOW,NORMAL_CUSTOMER
C001302,Elizabeth,Chavez,Other,Standard,6,18467.4,3077.9,9,3,6,3,50,88.28,105.68,23.33,65.0,3,0,1,9,6,3,0.67,49.0,MEDIUM,FRICTION_PRONE_CUSTOMER
C001303,Maria,Hines,Saudi Arabia,Standard,1,2130.93,2130.93,1,0,1,0,7,40.37,40.37,0.0,0.0,0,0,0,1,1,0,1.0,0.0,LOW,NORMAL_CUSTOMER
C001304,Joanne,White,Pakistan,Standard,1,4342.76,4342.76,3,2,1,2,13,76.17,76.17,65.0,65.0,2,0,1,3,1,2,0.33,36.0,MEDIUM,FRICTION_PRONE_CUSTOMER
C001305,Gina,Smith,United Kingdom,Standard,4,14564.25,3641.06,4,0,4,0,28,61.86,85.18,0.0,0.0,0,0,0,4,4,0,1.0,0.0,LOW,LOYAL_LOW_FRICTION_CUSTOMER
C001306,Alicia,Warner,Other,Standard,2,7687.25,3843.62,2,0,2,0,13,70.16,73.9,20.0,40.0,1,0,0,2,2,0,1.0,5.0,LOW,NORMAL_CUSTOMER
C001307,Debbie,Huffman,United Kingdom,Standard,2,3281.47,1640.74,4,2,2,2,20,82.02,89.42,32.5,65.0,2,0,1,4,2,2,0.5,36.0,MEDIUM,FRICTION_PRONE_CUSTOMER
C001308,Rodney,Ray,United States,VIP,4,7660.06,1915.02,7,3,4,3,36,59.17,64.87,35.0,65.0,3,0,1,7,4,3,0.57,49.0,MEDIUM,FRICTION_PRONE_CUSTOMER
C001309,Michael,Lewis,United Arab Emirates,VIP,2,6847.89,3423.94,2,0,2,0,14,72.31,89.9,0.0,0.0,0,0,0,2,2,0,1.0,0.0,LOW,NORMAL_CUSTOMER
C001310,Michael,Hayden,United States,VIP,1,1126.75,1126.75,1,0,1,0,7,58.82,58.82,0.0,0.0,0,0,0,1,1,0,1.0,0.0,LOW,NORMAL_CUSTOMER
C001312,Jason,Mcdonald,Other,Premium,5,12823.15,2564.63,5,0,5,0,32,63.15,82.3,24.0,40.0,3,0,0,5,5,0,1.0,15.0,LOW,LOYAL_LOW_FRICTION_CUSTOMER
C001313,Stacey,Giles,Pakistan,VIP,3,7610.52,2536.84,3,0,3,0,20,70.05,83.3,15.0,45.0,1,0,0,3,3,0,1.0,5.0,LOW,LOYAL_LOW_FRICTION_CUSTOMER
C001314,Tom,Patel,United States,Premium,2,4298.22,2149.11,6,4,2,4,26,71.72,102.62,62.5,65.0,4,0,2,6,2,4,0.33,72.0,HIGH,FRICTION_PRONE_CUSTOMER
C001315,Jeremy,Mendez,United Arab Emirates,Standard,2,4768.09,2384.04,3,1,2,1,17,93.32,100.32,17.5,35.0,0,0,0,3,2,1,0.67,8.0,LOW,NORMAL_CUSTOMER
C001317,Chris,Hamilton,Pakistan,Premium,5,13429.75,2685.95,7,2,5,2,41,63.23,79.82,13.0,35.0,0,0,0,7,5,2,0.71,16.0,LOW,FRICTION_PRONE_CUSTOMER
C001318,Megan,Knight,United Kingdom,Premium,1,4849.96,4849.96,1,0,1,0,7,49.35,49.35,0.0,0.0,0,0,0,1,1,0,1.0,0.0,LOW,NORMAL_CUSTOMER
C001319,Craig,Sims,Saudi Arabia,Standard,1,3044.86,3044.86,1,0,1,0,6,76.63,76.63,40.0,40.0,1,0,0,1,1,0,1.0,5.0,LOW,NORMAL_CUSTOMER
C001320,Kelli,Boyd,Saudi Arabia,Standard,1,2768.28,2768.28,1,0,1,0,6,53.8,53.8,45.0,45.0,1,0,0,1,1,0,1.0,5.0,LOW,NORMAL_CUSTOMER
C001322,Nicole,Hernandez,Saudi Arabia,VIP,1,4675.6,4675.6,1,0,1,0,6,67.32,67.32,40.0,40.0,1,0,0,1,1,0,1.0,5.0,LOW,NORMAL_CUSTOMER
C001323,Benjamin,Hernandez,Other,Standard,1,3562.47,3562.47,1,0,1,0,7,31.17,31.17,0.0,0.0,0,0,0,1,1,0,1.0,0.0,LOW,NORMAL_CUSTOMER
C001325,Katie,Evans,Other,Standard,2,6393.41,3196.7,2,0,2,0,14,70.42,75.38,0.0,0.0,0,0,0,2,2,0,1.0,0.0,LOW,NORMAL_CUSTOMER
C001326,David,Graham,United Arab Emirates,Standard,4,14167.18,3541.8,5,1,4,1,31,69.67,84.98,8.75,35.0,0,0,0,5,4,1,0.8,8.0,LOW,LOYAL_LOW_FRICTION_CUSTOMER
C001327,Nicholas,Flores,Saudi Arabia,Standard,2,2513.18,1256.59,3,1,2,1,17,79.57,84.32,15.0,30.0,0,0,0,3,2,1,0.67,8.0,LOW,NORMAL_CUSTOMER
C001328,Francis,Greer,United States,Standard,2,5446.73,2723.36,3,1,2,1,17,67.4,88.32,15.0,30.0,0,0,0,3,2,1,0.67,8.0,LOW,NORMAL_CUSTOMER
C001330,Kellie,Harris,United Arab Emirates,Standard,2,8566.57,4283.28,2,0,2,0,14,57.28,66.62,0.0,0.0,0,0,0,2,2,0,1.0,0.0,LOW,NORMAL_CUSTOMER
C001332,Gabriel,Colon,United Kingdom,Premium,2,7886.9,3943.45,2,0,2,0,14,45.16,45.48,0.0,0.0,0,0,0,2,2,0,1.0,0.0,LOW,NORMAL_CUSTOMER
C001333,Samuel,Lucas,Saudi Arabia,Standard,2,8039.72,4019.86,2,0,2,0,13,74.06,79.95,20.0,40.0,1,0,0,2,2,0,1.0,5.0,LOW,NORMAL_CUSTOMER
C001334,Robert,Scott,Other,Standard,1,4373.24,4373.24,1,0,1,0,7,60.77,60.77,0.0,0.0,0,0,0,1,1,0,1.0,0.0,LOW,NORMAL_CUSTOMER
C001335,Erica,Burke,Other,Standard,1,3881.7,3881.7,1,0,1,0,7,78.98,78.98,0.0,0.0,0,0,0,1,1,0,1.0,0.0,LOW,NORMAL_CUSTOMER
C001336,John,Sullivan,United Kingdom,Standard,1,3097.75,3097.75,1,0,1,0,7,71.68,71.68,0.0,0.0,0,0,0,1,1,0,1.0,0.0,LOW,NORMAL_CUSTOMER
C001337,Sean,Wilson,Saudi Arabia,Premium,1,1022.29,1022.29,1,0,1,0,7,53.75,53.75,0.0,0.0,0,0,0,1,1,0,1.0,0.0,LOW,NORMAL_CUSTOMER
C001338,Justin,Lee,United Kingdom,Premium,1,3459.91,3459.91,1,0,1,0,7,89.52,89.52,0.0,0.0,0,0,0,1,1,0,1.0,0.0,LOW,NORMAL_CUSTOMER
C001339,Kaitlyn,Sanchez,Saudi Arabia,Standard,1,1799.67,1799.67,2,1,1,1,9,70.73,70.73,70.0,70.0,1,0,1,2,1,1,0.5,23.0,LOW,FRICTION_PRONE_CUSTOMER
C001341,Amanda,Marshall,Saudi Arabia,Standard,1,4406.56,4406.56,2,1,1,1,10,89.37,89.37,35.0,35.0,0,0,0,2,1,1,0.5,8.0,LOW,NORMAL_CUSTOMER
C001342,Kyle,Castro,United Arab Emirates,Premium,4,13657.95,3414.49,6,2,4,2,33,72.25,97.37,28.75,45.0,1,0,0,6,4,2,0.67,21.0,LOW,FRICTION_PRONE_CUSTOMER
C001343,Lindsey,Graham,Other,Premium,2,1911.32,955.66,2,0,2,0,14,71.05,72.93,0.0,0.0,0,0,0,2,2,0,1.0,0.0,LOW,NORMAL_CUSTOMER
C001344,Taylor,Lucas,United Kingdom,Standard,1,4671.1,4671.1,1,0,1,0,6,78.18,78.18,40.0,40.0,1,0,0,1,1,0,1.0,5.0,LOW,NORMAL_CUSTOMER
C001345,Mary,Johnson,United Kingdom,Standard,1,891.92,891.92,1,0,1,0,7,52.57,52.57,0.0,0.0,0,0,0,1,1,0,1.0,0.0,LOW,NORMAL_CUSTOMER
C001348,Tracey,Green,United Arab Emirates,Standard,1,2124.5,2124.5,1,0,1,0,7,62.3,62.3,0.0,0.0,0,0,0,1,1,0,1.0,0.0,LOW,NORMAL_CUSTOMER
C001349,Steven,Lara,Other,Premium,3,7235.23,2411.74,3,0,3,0,21,58.11,85.35,0.0,0.0,0,0,0,3,3,0,1.0,0.0,LOW,LOYAL_LOW_FRICTION_CUSTOMER
C001353,Tammy,Stuart,United Arab Emirates,Standard,1,2895.78,2895.78,2,1,1,1,9,66.92,66.92,75.0,75.0,1,0,1,2,1,1,0.5,23.0,LOW,FRICTION_PRONE_CUSTOMER
C001354,Lisa,Tucker,United Kingdom,Standard,3,9648.01,3216.0,3,0,3,0,20,68.44,70.65,13.33,40.0,1,0,0,3,3,0,1.0,5.0,LOW,LOYAL_LOW_FRICTION_CUSTOMER
C001355,Laurie,Smith,United Arab Emirates,Standard,1,1446.5,1446.5,2,1,1,1,10,81.9,81.9,35.0,35.0,0,0,0,2,1,1,0.5,8.0,LOW,NORMAL_CUSTOMER
C001356,Devon,Heath,Other,Standard,1,4765.33,4765.33,2,1,1,1,10,70.98,70.98,30.0,30.0,0,0,0,2,1,1,0.5,8.0,LOW,NORMAL_CUSTOMER
C001357,John,Miller,Other,Standard,4,9379.36,2344.84,5,1,4,1,31,74.06,92.57,8.75,35.0,0,0,0,5,4,1,0.8,8.0,LOW,LOYAL_LOW_FRICTION_CUSTOMER
C001358,Danielle,Guzman,United Arab Emirates,Standard,6,19079.88,3179.98,6,0,6,0,40,52.2,65.92,14.17,45.0,2,0,0,6,6,0,1.0,10.0,LOW,LOYAL_LOW_FRICTION_CUSTOMER
C001359,Morgan,Camacho,Saudi Arabia,Standard,3,9404.14,3134.71,4,1,3,1,22,74.9,92.22,40.0,75.0,2,0,1,4,3,1,0.75,28.0,MEDIUM,FRICTION_PRONE_CUSTOMER
C001360,Angela,Lester,Pakistan,Premium,1,1059.08,1059.08,1,0,1,0,6,34.97,34.97,45.0,45.0,1,0,0,1,1,0,1.0,5.0,LOW,NORMAL_CUSTOMER
C001362,Meghan,Cox,Saudi Arabia,Standard,1,4593.88,4593.88,1,0,1,0,7,77.52,77.52,0.0,0.0,0,0,0,1,1,0,1.0,0.0,LOW,NORMAL_CUSTOMER
C001363,Melissa,Sandoval,Pakistan,VIP,1,1432.61,1432.61,1,0,1,0,7,47.72,47.72,0.0,0.0,0,0,0,1,1,0,1.0,0.0,LOW,NORMAL_CUSTOMER
C001364,Justin,Davis,Pakistan,Standard,4,12148.02,3037.0,5,1,4,1,29,71.72,94.93,28.75,75.0,2,0,1,5,4,1,0.8,28.0,MEDIUM,FRICTION_PRONE_CUSTOMER
C001365,Kathryn,Hahn,United Kingdom,Standard,3,8786.22,2928.74,5,2,3,2,26,49.66,54.72,36.67,45.0,1,0,0,5,3,2,0.6,21.0,LOW,FRICTION_PRONE_CUSTOMER
C001366,Joshua,Ramsey,Saudi Arabia,Standard,3,9538.29,3179.43,4,1,3,1,23,64.78,69.45,25.0,75.0,1,0,1,4,3,1,0.75,23.0,LOW,FRICTION_PRONE_CUSTOMER
C001367,Rebecca,Taylor,United Kingdom,Premium,1,2223.89,2223.89,1,0,1,0,7,54.87,54.87,0.0,0.0,0,0,0,1,1,0,1.0,0.0,LOW,NORMAL_CUSTOMER
C001368,Dylan,Rodriguez,Other,Premium,2,6508.05,3254.02,2,0,2,0,14,77.35,87.8,0.0,0.0,0,0,0,2,2,0,1.0,0.0,LOW,NORMAL_CUSTOMER
C001369,Samuel,Navarro,Saudi Arabia,Standard,1,3150.67,3150.67,1,0,1,0,7,58.98,58.98,0.0,0.0,0,0,0,1,1,0,1.0,0.0,LOW,NORMAL_CUSTOMER
C001370,Stacey,Fitzpatrick,Saudi Arabia,Standard,2,9513.26,4756.63,2,0,2,0,13,56.52,69.57,22.5,45.0,1,0,0,2,2,0,1.0,5.0,LOW,NORMAL_CUSTOMER
C001371,Jeffrey,Boyd,Other,Standard,1,2143.73,2143.73,2,1,1,1,10,101.22,101.22,35.0,35.0,0,0,0,2,1,1,0.5,8.0,LOW,NORMAL_CUSTOMER
C001372,Shannon,Calderon,Saudi Arabia,VIP,1,3643.6,3643.6,1,0,1,0,7,85.43,85.43,0.0,0.0,0,0,0,1,1,0,1.0,0.0,LOW,NORMAL_CUSTOMER
C001376,Wayne,Wilkerson,Other,Standard,1,2391.06,2391.06,1,0,1,0,7,95.28,95.28,0.0,0.0,0,0,0,1,1,0,1.0,0.0,LOW,NORMAL_CUSTOMER
C001377,Joe,Young,United Arab Emirates,VIP,1,3183.53,3183.53,1,0,1,0,7,96.48,96.48,0.0,0.0,0,0,0,1,1,0,1.0,0.0,LOW,NORMAL_CUSTOMER
C001378,Virginia,Martinez,Pakistan,Premium,3,9690.7,3230.23,6,3,3,3,29,79.1,101.47,45.0,70.0,3,0,2,6,3,3,0.5,59.0,HIGH,FRICTION_PRONE_CUSTOMER
C001379,Nicholas,Roman,United Arab Emirates,Standard,3,10184.06,3394.69,3,0,3,0,21,68.97,74.3,0.0,0.0,0,0,0,3,3,0,1.0,0.0,LOW,LOYAL_LOW_FRICTION_CUSTOMER
C001381,Sarah,Silva,Saudi Arabia,Standard,2,6912.81,3456.4,2,0,2,0,14,76.97,92.25,0.0,0.0,0,0,0,2,2,0,1.0,0.0,LOW,NORMAL_CUSTOMER
C001382,Mary,Price,United Arab Emirates,Standard,3,6057.3,2019.1,5,2,3,2,27,59.65,76.4,20.0,30.0,0,0,0,5,3,2,0.6,16.0,LOW,FRICTION_PRONE_CUSTOMER
C001383,Debra,Goodman,Other,Standard,1,2643.0,2643.0,1,0,1,0,6,33.28,33.28,45.0,45.0,1,0,0,1,1,0,1.0,5.0,LOW,NORMAL_CUSTOMER
C001385,Devin,Henderson,United Kingdom,Standard,2,2419.65,1209.82,2,0,2,0,14,41.6,50.67,0.0,0.0,0,0,0,2,2,0,1.0,0.0,LOW,NORMAL_CUSTOMER
C001387,Maria,Thompson,United States,Standard,2,6344.27,3172.14,3,1,2,1,17,84.28,89.87,15.0,30.0,0,0,0,3,2,1,0.67,8.0,LOW,NORMAL_CUSTOMER
C001388,Heather,Booker,Saudi Arabia,Standard,4,11296.09,2824.02,7,3,4,3,36,70.61,98.15,35.0,75.0,3,0,2,7,4,3,0.57,59.0,HIGH,FRICTION_PRONE_CUSTOMER
C001389,Dominic,Gonzales,Other,Standard,3,11107.08,3702.36,5,2,3,2,26,85.31,96.32,35.0,65.0,3,0,1,5,3,2,0.6,41.0,MEDIUM,FRICTION_PRONE_CUSTOMER
C001390,Janice,King,United Arab Emirates,Premium,2,9689.36,4844.68,4,2,2,2,19,67.64,74.87,47.5,95.0,3,1,0,4,2,2,0.5,51.0,HIGH,FRICTION_PRONE_CUSTOMER
C001391,Shane,Lawrence,Saudi Arabia,Standard,4,13101.2,3275.3,6,2,4,2,34,72.7,81.63,16.25,35.0,0,0,0,6,4,2,0.67,16.0,LOW,FRICTION_PRONE_CUSTOMER
C001392,Adam,Henry,Saudi Arabia,Standard,3,11099.65,3699.88,5,2,3,2,26,95.19,106.83,33.33,100.0,3,1,0,5,3,2,0.6,51.0,HIGH,FRICTION_PRONE_CUSTOMER
C001393,Christian,Brooks,Saudi Arabia,Standard,1,4859.7,4859.7,1,0,1,0,7,43.3,43.3,0.0,0.0,0,0,0,1,1,0,1.0,0.0,LOW,NORMAL_CUSTOMER
C001395,Mary,Stewart,United Arab Emirates,Standard,2,3643.74,1821.87,2,0,2,0,13,49.17,58.57,20.0,40.0,1,0,0,2,2,0,1.0,5.0,LOW,NORMAL_CUSTOMER
C001396,Ana,Coleman,United States,Standard,1,4389.52,4389.52,1,0,1,0,7,70.6,70.6,0.0,0.0,0,0,0,1,1,0,1.0,0.0,LOW,NORMAL_CUSTOMER
C001397,Jessica,Vega,United Arab Emirates,Standard,1,4553.58,4553.58,1,0,1,0,6,84.85,84.85,45.0,45.0,1,0,0,1,1,0,1.0,5.0,LOW,NORMAL_CUSTOMER
C001398,Allison,Richmond,Saudi Arabia,Premium,3,5383.83,1794.61,3,0,3,0,21,66.03,89.65,0.0,0.0,0,0,0,3,3,0,1.0,0.0,LOW,LOYAL_LOW_FRICTION_CUSTOMER
C001399,Daniel,Suarez,Pakistan,VIP,1,4730.99,4730.99,2,1,1,1,10,96.83,96.83,30.0,30.0,0,0,0,2,1,1,0.5,8.0,LOW,NORMAL_CUSTOMER
C001400,Keith,Giles,United Kingdom,Standard,1,1887.46,1887.46,1,0,1,0,7,82.97,82.97,0.0,0.0,0,0,0,1,1,0,1.0,0.0,LOW,NORMAL_CUSTOMER
C001401,Kevin,Cox,Saudi Arabia,Standard,1,2983.85,2983.85,1,0,1,0,6,54.53,54.53,45.0,45.0,1,0,0,1,1,0,1.0,5.0,LOW,NORMAL_CUSTOMER
C001402,Brandon,Baldwin,Saudi Arabia,Standard,1,726.27,726.27,1,0,1,0,7,69.22,69.22,0.0,0.0,0,0,0,1,1,0,1.0,0.0,LOW,NORMAL_CUSTOMER
C001404,Laura,Smith,United Kingdom,Standard,1,1229.64,1229.64,3,2,1,2,12,78.68,78.68,100.0,100.0,3,1,0,3,1,2,0.33,51.0,HIGH,FRICTION_PRONE_CUSTOMER
C001405,Stephen,Rasmussen,United Kingdom,Standard,2,1284.44,642.22,3,1,2,1,17,71.05,73.42,17.5,35.0,0,0,0,3,2,1,0.67,8.0,LOW,NORMAL_CUSTOMER
C001408,Candice,Bates,United States,Standard,2,4164.41,2082.2,2,0,2,0,14,60.36,64.28,0.0,0.0,0,0,0,2,2,0,1.0,0.0,LOW,NORMAL_CUSTOMER
C001409,Allen,Everett,Pakistan,Standard,1,2305.24,2305.24,1,0,1,0,7,90.78,90.78,0.0,0.0,0,0,0,1,1,0,1.0,0.0,LOW,NORMAL_CUSTOMER
C001410,Zachary,Vazquez,Other,Premium,3,9761.58,3253.86,3,0,3,0,19,67.68,84.65,26.67,40.0,2,0,0,3,3,0,1.0,10.0,LOW,LOYAL_LOW_FRICTION_CUSTOMER
C001411,John,Mccormick,Saudi Arabia,Standard,3,11562.95,3854.32,3,0,3,0,21,58.34,84.42,0.0,0.0,0,0,0,3,3,0,1.0,0.0,LOW,LOYAL_LOW_FRICTION_CUSTOMER
C001412,Douglas,Allen,Saudi Arabia,Standard,2,3849.08,1924.54,2,0,2,0,14,57.05,72.53,0.0,0.0,0,0,0,2,2,0,1.0,0.0,LOW,NORMAL_CUSTOMER
C001413,Ruben,Tran,Saudi Arabia,Standard,3,8042.87,2680.96,3,0,3,0,20,73.0,82.28,15.0,45.0,1,0,0,3,3,0,1.0,5.0,LOW,LOYAL_LOW_FRICTION_CUSTOMER
C001416,Robert,Cox,Other,Standard,2,6957.65,3478.82,2,0,2,0,13,54.21,61.17,22.5,45.0,1,0,0,2,2,0,1.0,5.0,LOW,NORMAL_CUSTOMER
C001417,Elizabeth,Burnett,Saudi Arabia,Standard,2,4791.86,2395.93,3,1,2,1,16,63.49,72.38,35.0,40.0,1,0,0,3,2,1,0.67,13.0,LOW,NORMAL_CUSTOMER
C001418,Christopher,Martinez,Saudi Arabia,Standard,3,6132.41,2044.14,4,1,3,1,22,50.58,74.18,36.67,70.0,2,0,1,4,3,1,0.75,28.0,MEDIUM,FRICTION_PRONE_CUSTOMER
C001419,Theresa,Camacho,United Arab Emirates,VIP,1,3786.68,3786.68,2,1,1,1,10,57.35,57.35,30.0,30.0,0,0,0,2,1,1,0.5,8.0,LOW,NORMAL_CUSTOMER
C001421,Alicia,Price,United Arab Emirates,Standard,1,3157.39,3157.39,1,0,1,0,7,88.47,88.47,0.0,0.0,0,0,0,1,1,0,1.0,0.0,LOW,NORMAL_CUSTOMER
C001423,Vanessa,Long,Saudi Arabia,Standard,3,6112.16,2037.39,3,0,3,0,19,71.3,83.23,28.33,45.0,2,0,0,3,3,0,1.0,10.0,LOW,LOYAL_LOW_FRICTION_CUSTOMER
C001424,Angela,Spence,Saudi Arabia,Standard,1,2436.97,2436.97,1,0,1,0,6,80.17,80.17,45.0,45.0,1,0,0,1,1,0,1.0,5.0,LOW,NORMAL_CUSTOMER
C001425,Peter,Scott,Other,Standard,1,4648.1,4648.1,1,0,1,0,7,38.57,38.57,0.0,0.0,0,0,0,1,1,0,1.0,0.0,LOW,NORMAL_CUSTOMER
C001426,Theodore,Davis,Other,Standard,1,3188.31,3188.31,1,0,1,0,7,91.57,91.57,0.0,0.0,0,0,0,1,1,0,1.0,0.0,LOW,NORMAL_CUSTOMER
C001429,Jon,Clark,Pakistan,VIP,2,4727.77,2363.89,3,1,2,1,17,65.64,74.53,17.5,35.0,0,0,0,3,2,1,0.67,8.0,LOW,NORMAL_CUSTOMER
C001430,Allen,Zamora,Other,Standard,1,3064.37,3064.37,1,0,1,0,7,80.75,80.75,0.0,0.0,0,0,0,1,1,0,1.0,0.0,LOW,NORMAL_CUSTOMER
C001432,Michael,Welch,Pakistan,Standard,2,6256.49,3128.24,2,0,2,0,13,78.21,86.43,20.0,40.0,1,0,0,2,2,0,1.0,5.0,LOW,NORMAL_CUSTOMER
C001436,Jill,Johnson,Saudi Arabia,Standard,2,4905.96,2452.98,2,0,2,0,13,75.78,83.8,22.5,45.0,1,0,0,2,2,0,1.0,5.0,LOW,NORMAL_CUSTOMER
C001437,Marvin,Delacruz,United Arab Emirates,Standard,2,4753.18,2376.59,2,0,2,0,13,59.8,72.72,20.0,40.0,1,0,0,2,2,0,1.0,5.0,LOW,NORMAL_CUSTOMER
C001439,Amy,Shepard,Saudi Arabia,Premium,1,2472.39,2472.39,1,0,1,0,6,72.38,72.38,45.0,45.0,1,0,0,1,1,0,1.0,5.0,LOW,NORMAL_CUSTOMER
C001440,Lisa,Ruiz,United Kingdom,Standard,3,13690.61,4563.54,4,1,3,1,23,75.6,84.53,25.0,75.0,1,0,1,4,3,1,0.75,23.0,LOW,FRICTION_PRONE_CUSTOMER
C001441,Gregory,Gutierrez,Other,Premium,1,785.86,785.86,2,1,1,1,9,57.13,57.13,75.0,75.0,1,0,1,2,1,1,0.5,23.0,LOW,FRICTION_PRONE_CUSTOMER
C001442,Kimberly,Randall,Saudi Arabia,Standard,2,6411.05,3205.52,3,1,2,1,17,63.45,70.27,15.0,30.0,0,0,0,3,2,1,0.67,8.0,LOW,NORMAL_CUSTOMER
C001443,Steven,Love,United Kingdom,Premium,2,3315.78,1657.89,4,2,2,2,19,76.0,97.72,50.0,100.0,3,1,0,4,2,2,0.5,51.0,HIGH,FRICTION_PRONE_CUSTOMER
C001444,Heather,Mcdowell,United Arab Emirates,Standard,1,4951.33,4951.33,1,0,1,0,7,92.98,92.98,0.0,0.0,0,0,0,1,1,0,1.0,0.0,LOW,NORMAL_CUSTOMER
C001446,Lisa,Holloway,Saudi Arabia,Premium,3,9016.58,3005.53,3,0,3,0,20,71.76,86.47,13.33,40.0,1,0,0,3,3,0,1.0,5.0,LOW,LOYAL_LOW_FRICTION_CUSTOMER
C001448,Kimberly,Hunter,United States,Premium,4,11314.03,2828.51,4,0,4,0,28,75.4,80.75,0.0,0.0,0,0,0,4,4,0,1.0,0.0,LOW,LOYAL_LOW_FRICTION_CUSTOMER
C001449,Stephen,Bell,Other,Standard,1,2484.62,2484.62,1,0,1,0,7,93.77,93.77,0.0,0.0,0,0,0,1,1,0,1.0,0.0,LOW,NORMAL_CUSTOMER
C001450,Kelly,Guzman,United Kingdom,Standard,6,16196.29,2699.38,7,1,6,1,44,66.46,94.93,11.67,40.0,1,0,0,7,6,1,0.86,13.0,LOW,LOYAL_LOW_FRICTION_CUSTOMER
C001451,Bradley,Li,United Arab Emirates,Standard,1,2066.71,2066.71,1,0,1,0,7,68.83,68.83,0.0,0.0,0,0,0,1,1,0,1.0,0.0,LOW,NORMAL_CUSTOMER
C001452,James,Rojas,Pakistan,Premium,2,4706.4,2353.2,2,0,2,0,12,54.36,68.42,40.0,40.0,2,0,0,2,2,0,1.0,10.0,LOW,NORMAL_CUSTOMER
C001453,Bobby,Chavez,Other,Standard,1,3903.05,3903.05,2,1,1,1,10,64.85,64.85,35.0,35.0,0,0,0,2,1,1,0.5,8.0,LOW,NORMAL_CUSTOMER
C001454,Sarah,Johnson,Pakistan,Standard,1,4948.5,4948.5,1,0,1,0,7,97.65,97.65,0.0,0.0,0,0,0,1,1,0,1.0,0.0,LOW,NORMAL_CUSTOMER
C001456,Veronica,May,Other,Premium,1,2317.8,2317.8,1,0,1,0,6,91.98,91.98,40.0,40.0,1,0,0,1,1,0,1.0,5.0,LOW,NORMAL_CUSTOMER
C001457,Amy,Mccoy,United Kingdom,Premium,1,2334.88,2334.88,1,0,1,0,7,41.72,41.72,0.0,0.0,0,0,0,1,1,0,1.0,0.0,LOW,NORMAL_CUSTOMER
C001458,Jon,Gibbs,United Kingdom,Standard,1,2218.01,2218.01,1,0,1,0,7,29.33,29.33,0.0,0.0,0,0,0,1,1,0,1.0,0.0,LOW,NORMAL_CUSTOMER
C001459,Karen,Taylor,Saudi Arabia,Premium,1,2031.25,2031.25,1,0,1,0,7,82.28,82.28,0.0,0.0,0,0,0,1,1,0,1.0,0.0,LOW,NORMAL_CUSTOMER
C001460,James,Morales,United Kingdom,Premium,1,2153.26,2153.26,1,0,1,0,6,65.2,65.2,45.0,45.0,1,0,0,1,1,0,1.0,5.0,LOW,NORMAL_CUSTOMER
C001461,Michael,Fuller,United Arab Emirates,Premium,4,11644.08,2911.02,4,0,4,0,28,73.45,97.53,0.0,0.0,0,0,0,4,4,0,1.0,0.0,LOW,LOYAL_LOW_FRICTION_CUSTOMER
C001462,Kimberly,Edwards,United Kingdom,Standard,2,6612.51,3306.26,3,1,2,1,17,77.76,83.95,15.0,30.0,0,0,0,3,2,1,0.67,8.0,LOW,NORMAL_CUSTOMER
C001463,Michelle,Miller,Saudi Arabia,Standard,5,11410.47,2282.09,7,2,5,2,39,66.76,86.3,30.0,65.0,4,0,1,7,5,2,0.71,46.0,MEDIUM,FRICTION_PRONE_CUSTOMER
C001464,Martin,Moore,United Kingdom,Standard,2,7908.3,3954.15,2,0,2,0,14,43.11,45.83,0.0,0.0,0,0,0,2,2,0,1.0,0.0,LOW,NORMAL_CUSTOMER
C001465,David,Black,Other,Standard,1,2017.85,2017.85,2,1,1,1,9,75.15,75.15,75.0,75.0,1,0,1,2,1,1,0.5,23.0,LOW,FRICTION_PRONE_CUSTOMER
C001466,Micheal,Booker,Saudi Arabia,Standard,1,3301.0,3301.0,1,0,1,0,6,34.58,34.58,40.0,40.0,1,0,0,1,1,0,1.0,5.0,LOW,NORMAL_CUSTOMER
C001467,Pamela,Rivas,Other,Standard,3,8291.15,2763.72,3,0,3,0,20,77.32,94.98,13.33,40.0,1,0,0,3,3,0,1.0,5.0,LOW,LOYAL_LOW_FRICTION_CUSTOMER
C001468,Julia,Hines,United Arab Emirates,Standard,1,2473.1,2473.1,1,0,1,0,7,50.85,50.85,0.0,0.0,0,0,0,1,1,0,1.0,0.0,LOW,NORMAL_CUSTOMER
C001469,Patricia,Bradford,Other,Standard,1,3688.44,3688.44,1,0,1,0,6,86.65,86.65,45.0,45.0,1,0,0,1,1,0,1.0,5.0,LOW,NORMAL_CUSTOMER
C001470,Paul,Jennings,United States,Standard,2,2177.91,1088.96,2,0,2,0,14,61.66,80.85,0.0,0.0,0,0,0,2,2,0,1.0,0.0,LOW,NORMAL_CUSTOMER
C001471,Terri,Sparks,Pakistan,Standard,1,1201.71,1201.71,1,0,1,0,6,46.9,46.9,45.0,45.0,1,0,0,1,1,0,1.0,5.0,LOW,NORMAL_CUSTOMER
C001472,Tyler,Flores,United Kingdom,Premium,2,6167.96,3083.98,2,0,2,0,14,83.43,88.45,0.0,0.0,0,0,0,2,2,0,1.0,0.0,LOW,NORMAL_CUSTOMER
C001474,Sandra,Moss,United Arab Emirates,Standard,3,8430.65,2810.22,5,2,3,2,27,69.3,102.33,21.67,65.0,2,0,1,5,3,2,0.6,36.0,MEDIUM,FRICTION_PRONE_CUSTOMER
C001475,April,Green,United Arab Emirates,Standard,2,3686.02,1843.01,2,0,2,0,13,62.1,62.73,20.0,40.0,1,0,0,2,2,0,1.0,5.0,LOW,NORMAL_CUSTOMER
C001476,Laurie,Mcdaniel,United Kingdom,Standard,2,4617.48,2308.74,2,0,2,0,13,73.98,95.38,20.0,40.0,1,0,0,2,2,0,1.0,5.0,LOW,NORMAL_CUSTOMER
C001477,Jessica,Serrano,United States,Premium,1,1520.29,1520.29,1,0,1,0,7,78.3,78.3,0.0,0.0,0,0,0,1,1,0,1.0,0.0,LOW,NORMAL_CUSTOMER
C001478,Christian,Marsh,United States,Standard,1,2052.65,2052.65,1,0,1,0,7,56.68,56.68,0.0,0.0,0,0,0,1,1,0,1.0,0.0,LOW,NORMAL_CUSTOMER
C001479,Carrie,Gonzalez,United States,Standard,3,11959.08,3986.36,3,0,3,0,21,64.7,79.9,0.0,0.0,0,0,0,3,3,0,1.0,0.0,LOW,LOYAL_LOW_FRICTION_CUSTOMER
C001481,Amy,White,United States,Premium,1,3811.23,3811.23,1,0,1,0,7,99.65,99.65,0.0,0.0,0,0,0,1,1,0,1.0,0.0,LOW,NORMAL_CUSTOMER
C001482,Manuel,Walter,Saudi Arabia,Standard,3,10994.46,3664.82,6,3,3,3,30,83.55,98.57,31.67,65.0,2,0,1,6,3,3,0.5,44.0,MEDIUM,FRICTION_PRONE_CUSTOMER
C001485,Kirk,Walker,United Arab Emirates,Standard,1,1159.27,1159.27,3,2,1,2,12,90.7,90.7,100.0,100.0,3,1,0,3,1,2,0.33,51.0,HIGH,FRICTION_PRONE_CUSTOMER
C001486,Carrie,Vaughan,United Arab Emirates,Standard,2,8924.72,4462.36,2,0,2,0,14,57.17,65.43,0.0,0.0,0,0,0,2,2,0,1.0,0.0,LOW,NORMAL_CUSTOMER
C001487,Ronald,Leblanc,United Arab Emirates,Standard,1,3007.61,3007.61,1,0,1,0,7,53.53,53.53,0.0,0.0,0,0,0,1,1,0,1.0,0.0,LOW,NORMAL_CUSTOMER
C001488,Hannah,Holland,United Kingdom,Standard,1,3187.08,3187.08,1,0,1,0,7,61.87,61.87,0.0,0.0,0,0,0,1,1,0,1.0,0.0,LOW,NORMAL_CUSTOMER
C001491,Molly,Mccann,Saudi Arabia,Standard,1,4737.89,4737.89,3,2,1,2,13,79.93,79.93,65.0,65.0,2,0,1,3,1,2,0.33,36.0,MEDIUM,FRICTION_PRONE_CUSTOMER
C001493,Whitney,Haynes,Saudi Arabia,Standard,1,858.37,858.37,1,0,1,0,7,54.78,54.78,0.0,0.0,0,0,0,1,1,0,1.0,0.0,LOW,NORMAL_CUSTOMER
C001494,Joshua,Jackson,Saudi Arabia,Standard,2,3594.96,1797.48,3,1,2,1,16,81.09,94.87,35.0,70.0,1,0,1,3,2,1,0.67,23.0,LOW,FRICTION_PRONE_CUSTOMER
C001495,Tina,Morales,Pakistan,Premium,1,4991.09,4991.09,2,1,1,1,10,81.97,81.97,30.0,30.0,0,0,0,2,1,1,0.5,8.0,LOW,NORMAL_CUSTOMER
C001496,Stacy,Patterson,United Kingdom,Standard,2,5456.93,2728.46,2,0,2,0,13,63.68,67.47,22.5,45.0,1,0,0,2,2,0,1.0,5.0,LOW,NORMAL_CUSTOMER
C001498,Dana,Davis,United Arab Emirates,Standard,2,5688.57,2844.28,2,0,2,0,14,58.0,60.33,0.0,0.0,0,0,0,2,2,0,1.0,0.0,LOW,NORMAL_CUSTOMER
C001500,Laurie,Valentine,Other,Standard,1,3198.36,3198.36,1,0,1,0,7,68.87,68.87,0.0,0.0,0,0,0,1,1,0,1.0,0.0,LOW,NORMAL_CUSTOMER
C001501,Erin,Wilson,Pakistan,Standard,4,12665.98,3166.5,6,2,4,2,33,60.07,88.1,27.5,40.0,1,0,0,6,4,2,0.67,21.0,LOW,FRICTION_PRONE_CUSTOMER
C001503,Douglas,Graham,Saudi Arabia,Premium,3,10751.61,3583.87,3,0,3,0,19,70.44,85.95,28.33,45.0,2,0,0,3,3,0,1.0,10.0,LOW,LOYAL_LOW_FRICTION_CUSTOMER
C001504,Cathy,Mora,United Arab Emirates,Standard,1,3821.92,3821.92,1,0,1,0,6,51.48,51.48,45.0,45.0,1,0,0,1,1,0,1.0,5.0,LOW,NORMAL_CUSTOMER
C001505,Kimberly,Chavez,United Arab Emirates,Standard,2,8051.08,4025.54,4,2,2,2,20,62.24,62.7,32.5,65.0,2,0,1,4,2,2,0.5,36.0,MEDIUM,FRICTION_PRONE_CUSTOMER
C001506,Austin,Nunez,United Arab Emirates,Premium,4,14521.18,3630.3,6,2,4,2,31,62.05,79.68,45.0,100.0,5,1,0,6,4,2,0.67,61.0,HIGH,FRICTION_PRONE_CUSTOMER
C001508,Kimberly,Reeves,Pakistan,Premium,2,2398.11,1199.06,3,1,2,1,17,50.12,51.42,17.5,35.0,0,0,0,3,2,1,0.67,8.0,LOW,NORMAL_CUSTOMER
C001509,Michael,Lee,Pakistan,Standard,1,4633.44,4633.44,2,1,1,1,10,85.03,85.03,30.0,30.0,0,0,0,2,1,1,0.5,8.0,LOW,NORMAL_CUSTOMER
C001511,Ashley,Casey,United States,Standard,2,4941.94,2470.97,2,0,2,0,14,39.36,49.22,0.0,0.0,0,0,0,2,2,0,1.0,0.0,LOW,NORMAL_CUSTOMER
C001515,Nathan,Gates,Saudi Arabia,Standard,2,4832.01,2416.0,3,1,2,1,17,69.72,75.85,15.0,30.0,0,0,0,3,2,1,0.67,8.0,LOW,NORMAL_CUSTOMER
C001516,Kathryn,Greene,Saudi Arabia,Standard,1,1123.17,1123.17,1,0,1,0,7,59.77,59.77,0.0,0.0,0,0,0,1,1,0,1.0,0.0,LOW,NORMAL_CUSTOMER
C001517,Audrey,Carney,Pakistan,Standard,1,4959.9,4959.9,1,0,1,0,7,73.68,73.68,0.0,0.0,0,0,0,1,1,0,1.0,0.0,LOW,NORMAL_CUSTOMER
C001518,Alyssa,Campbell,Other,Premium,4,17029.57,4257.39,5,1,4,1,28,50.59,80.73,37.5,40.0,3,0,0,5,4,1,0.8,23.0,LOW,NORMAL_CUSTOMER
C001519,Raymond,Byrd,Saudi Arabia,Standard,2,6384.14,3192.07,4,2,2,2,20,77.11,87.6,32.5,65.0,2,0,1,4,2,2,0.5,36.0,MEDIUM,FRICTION_PRONE_CUSTOMER
C001520,Debra,Barnes,Other,Standard,1,2937.96,2937.96,1,0,1,0,7,41.73,41.73,0.0,0.0,0,0,0,1,1,0,1.0,0.0,LOW,NORMAL_CUSTOMER
C001521,John,Ortiz,Saudi Arabia,VIP,1,4828.6,4828.6,1,0,1,0,6,63.35,63.35,40.0,40.0,1,0,0,1,1,0,1.0,5.0,LOW,NORMAL_CUSTOMER
C001522,Daniel,Thomas,Other,Premium,3,13454.82,4484.94,4,1,3,1,24,81.74,111.02,11.67,35.0,0,0,0,4,3,1,0.75,8.0,LOW,LOYAL_LOW_FRICTION_CUSTOMER
C001523,Jill,Roberts,United Arab Emirates,Standard,2,6279.9,3139.95,3,1,2,1,15,92.68,93.98,55.0,70.0,2,0,1,3,2,1,0.67,28.0,MEDIUM,FRICTION_PRONE_CUSTOMER
C001524,Victor,Green,Saudi Arabia,Standard,1,614.66,614.66,2,1,1,1,10,72.32,72.32,30.0,30.0,0,0,0,2,1,1,0.5,8.0,LOW,NORMAL_CUSTOMER
C001525,Paul,Williamson,United Arab Emirates,VIP,4,9293.14,2323.28,6,2,4,2,33,55.14,73.88,27.5,45.0,1,0,0,6,4,2,0.67,21.0,LOW,FRICTION_PRONE_CUSTOMER
C001526,Anna,Solomon,Saudi Arabia,Standard,1,3237.81,3237.81,1,0,1,0,7,79.62,79.62,0.0,0.0,0,0,0,1,1,0,1.0,0.0,LOW,NORMAL_CUSTOMER
C001527,Jose,Wood,Saudi Arabia,Standard,3,5968.17,1989.39,3,0,3,0,21,70.31,81.25,0.0,0.0,0,0,0,3,3,0,1.0,0.0,LOW,LOYAL_LOW_FRICTION_CUSTOMER
C001528,Jorge,Sutton,United Arab Emirates,Standard,2,7601.17,3800.58,3,1,2,1,17,58.0,64.5,15.0,30.0,0,0,0,3,2,1,0.67,8.0,LOW,NORMAL_CUSTOMER
C001529,Sean,Ellis,United States,Premium,1,2005.51,2005.51,3,2,1,2,13,88.15,88.15,65.0,65.0,2,0,1,3,1,2,0.33,36.0,MEDIUM,FRICTION_PRONE_CUSTOMER
C001530,Wendy,Smith,Pakistan,Standard,2,5055.72,2527.86,4,2,2,2,20,63.0,71.08,30.0,60.0,2,0,1,4,2,2,0.5,36.0,MEDIUM,FRICTION_PRONE_CUSTOMER
C001532,Sabrina,Morris,Pakistan,Standard,4,10073.61,2518.4,4,0,4,0,28,72.89,84.62,0.0,0.0,0,0,0,4,4,0,1.0,0.0,LOW,LOYAL_LOW_FRICTION_CUSTOMER
C001533,Travis,Steele,United Kingdom,Premium,1,3144.68,3144.68,3,2,1,2,13,61.95,61.95,65.0,65.0,2,0,1,3,1,2,0.33,36.0,MEDIUM,FRICTION_PRONE_CUSTOMER
C001535,Melissa,Reeves,United Arab Emirates,Premium,1,870.63,870.63,1,0,1,0,7,33.93,33.93,0.0,0.0,0,0,0,1,1,0,1.0,0.0,LOW,NORMAL_CUSTOMER
C001536,Shannon,Erickson,Saudi Arabia,Standard,1,4456.58,4456.58,3,2,1,2,12,55.2,55.2,100.0,100.0,3,1,0,3,1,2,0.33,51.0,HIGH,FRICTION_PRONE_CUSTOMER
C001538,Sean,Scott,United Kingdom,Premium,4,7664.59,1916.15,6,2,4,2,34,61.62,85.9,16.25,35.0,0,0,0,6,4,2,0.67,16.0,LOW,FRICTION_PRONE_CUSTOMER
C001539,Christopher,Davis,Saudi Arabia,Premium,2,6859.58,3429.79,3,1,2,1,16,72.22,85.6,40.0,80.0,1,1,0,3,2,1,0.67,33.0,MEDIUM,NORMAL_CUSTOMER
C001540,Evelyn,Brown,Pakistan,VIP,1,1136.77,1136.77,1,0,1,0,7,82.32,82.32,0.0,0.0,0,0,0,1,1,0,1.0,0.0,LOW,NORMAL_CUSTOMER
C001541,Megan,Cook,United Kingdom,Standard,3,7582.68,2527.56,5,2,3,2,26,71.13,85.67,33.33,70.0,1,0,1,5,3,2,0.6,31.0,MEDIUM,FRICTION_PRONE_CUSTOMER
C001542,Luis,Young,Saudi Arabia,Standard,2,7526.36,3763.18,2,0,2,0,13,86.85,103.2,20.0,40.0,1,0,0,2,2,0,1.0,5.0,LOW,NORMAL_CUSTOMER
C001543,Michael,Odonnell,Pakistan,Premium,1,1129.35,1129.35,1,0,1,0,7,90.65,90.65,0.0,0.0,0,0,0,1,1,0,1.0,0.0,LOW,NORMAL_CUSTOMER
C001544,Calvin,Barajas,Saudi Arabia,Premium,1,3855.84,3855.84,1,0,1,0,7,85.4,85.4,0.0,0.0,0,0,0,1,1,0,1.0,0.0,LOW,NORMAL_CUSTOMER
C001545,Amber,Crosby,Other,Standard,1,3869.72,3869.72,1,0,1,0,7,54.35,54.35,0.0,0.0,0,0,0,1,1,0,1.0,0.0,LOW,NORMAL_CUSTOMER
C001546,Patricia,Coffey,United Arab Emirates,Standard,2,6721.51,3360.76,4,2,2,2,20,85.45,86.5,30.0,30.0,0,0,0,4,2,2,0.5,16.0,LOW,FRICTION_PRONE_CUSTOMER
C001547,Melissa,George,United States,Standard,3,7717.14,2572.38,3,0,3,0,21,60.01,64.97,0.0,0.0,0,0,0,3,3,0,1.0,0.0,LOW,LOYAL_LOW_FRICTION_CUSTOMER
C001548,Jennifer,Goodman,Pakistan,Standard,2,4994.73,2497.36,2,0,2,0,13,64.54,84.4,20.0,40.0,1,0,0,2,2,0,1.0,5.0,LOW,NORMAL_CUSTOMER
C001549,Sara,Williams,Saudi Arabia,Standard,2,7496.86,3748.43,2,0,2,0,14,57.2,74.67,0.0,0.0,0,0,0,2,2,0,1.0,0.0,LOW,NORMAL_CUSTOMER
C001550,Dana,King,Pakistan,Premium,2,8803.54,4401.77,2,0,2,0,14,61.14,68.6,0.0,0.0,0,0,0,2,2,0,1.0,0.0,LOW,NORMAL_CUSTOMER
C001551,Laura,Harvey,Other,Standard,1,2177.66,2177.66,1,0,1,0,7,63.9,63.9,0.0,0.0,0,0,0,1,1,0,1.0,0.0,LOW,NORMAL_CUSTOMER
C001552,William,Turner,Pakistan,Standard,3,9248.32,3082.77,3,0,3,0,20,72.28,84.82,13.33,40.0,1,0,0,3,3,0,1.0,5.0,LOW,LOYAL_LOW_FRICTION_CUSTOMER
C001553,David,Foster,United States,Standard,3,9459.43,3153.14,5,2,3,2,26,66.56,76.5,35.0,65.0,3,0,1,5,3,2,0.6,41.0,MEDIUM,FRICTION_PRONE_CUSTOMER
C001554,James,Wood,Other,Standard,1,1895.11,1895.11,2,1,1,1,10,105.7,105.7,30.0,30.0,0,0,0,2,1,1,0.5,8.0,LOW,NORMAL_CUSTOMER
C001555,Dominic,Donaldson,Saudi Arabia,Standard,1,2503.17,2503.17,1,0,1,0,6,58.65,58.65,40.0,40.0,1,0,0,1,1,0,1.0,5.0,LOW,NORMAL_CUSTOMER
C001556,Kristy,Hansen,Saudi Arabia,Standard,2,7725.55,3862.78,2,0,2,0,14,44.28,50.58,0.0,0.0,0,0,0,2,2,0,1.0,0.0,LOW,NORMAL_CUSTOMER
C001557,Anthony,Carpenter,Pakistan,Standard,2,1708.05,854.02,3,1,2,1,17,55.88,68.32,17.5,35.0,0,0,0,3,2,1,0.67,8.0,LOW,NORMAL_CUSTOMER
C001558,Angela,Green,United Arab Emirates,Standard,1,4366.26,4366.26,1,0,1,0,6,37.6,37.6,45.0,45.0,1,0,0,1,1,0,1.0,5.0,LOW,NORMAL_CUSTOMER
C001560,Linda,Conrad,Other,Standard,1,2443.64,2443.64,2,1,1,1,9,48.45,48.45,70.0,70.0,1,0,1,2,1,1,0.5,23.0,LOW,FRICTION_PRONE_CUSTOMER
C001561,Andrea,Humphrey,United Arab Emirates,Standard,5,18283.68,3656.74,9,4,5,4,46,80.07,99.18,35.0,75.0,3,0,2,9,5,4,0.56,67.0,HIGH,FRICTION_PRONE_CUSTOMER
C001562,Cheryl,Anderson,Saudi Arabia,Standard,1,4895.67,4895.67,1,0,1,0,6,47.48,47.48,45.0,45.0,1,0,0,1,1,0,1.0,5.0,LOW,NORMAL_CUSTOMER
C001564,Kyle,Moreno,Saudi Arabia,Standard,1,4640.81,4640.81,2,1,1,1,10,92.07,92.07,35.0,35.0,0,0,0,2,1,1,0.5,8.0,LOW,NORMAL_CUSTOMER
C001565,Yvonne,Thomas,United States,Premium,3,6350.3,2116.77,7,4,3,4,33,79.08,92.05,41.67,65.0,2,0,1,7,3,4,0.43,52.0,HIGH,FRICTION_PRONE_CUSTOMER
C001566,Jennifer,Wilson,United Arab Emirates,Standard,1,3852.16,3852.16,1,0,1,0,7,41.95,41.95,0.0,0.0,0,0,0,1,1,0,1.0,0.0,LOW,NORMAL_CUSTOMER
C001568,Kayla,Anderson,Saudi Arabia,Standard,5,18213.13,3642.63,7,2,5,2,41,77.98,93.5,12.0,60.0,2,0,1,7,5,2,0.71,36.0,MEDIUM,FRICTION_PRONE_CUSTOMER
C001569,Madeline,Savage,Pakistan,Standard,2,6816.76,3408.38,3,1,2,1,17,50.46,61.53,15.0,30.0,0,0,0,3,2,1,0.67,8.0,LOW,NORMAL_CUSTOMER
C001570,Charles,Davenport,United Arab Emirates,Standard,1,3305.37,3305.37,1,0,1,0,7,88.65,88.65,0.0,0.0,0,0,0,1,1,0,1.0,0.0,LOW,NORMAL_CUSTOMER
C001571,Teresa,Adkins,Pakistan,Standard,2,6416.22,3208.11,2,0,2,0,14,66.56,73.95,0.0,0.0,0,0,0,2,2,0,1.0,0.0,LOW,NORMAL_CUSTOMER
C001572,Dawn,Howe,Saudi Arabia,Standard,2,3314.73,1657.36,2,0,2,0,14,79.35,79.38,0.0,0.0,0,0,0,2,2,0,1.0,0.0,LOW,NORMAL_CUSTOMER
C001573,Shannon,Campbell,United Kingdom,Standard,1,3580.87,3580.87,1,0,1,0,7,47.55,47.55,0.0,0.0,0,0,0,1,1,0,1.0,0.0,LOW,NORMAL_CUSTOMER
C001574,Erin,Mcdowell,Other,Premium,6,14721.41,2453.57,11,5,6,5,55,72.04,85.53,41.67,80.0,6,1,2,11,6,5,0.55,100.0,CRITICAL,HIGH_RISK_CUSTOMER
C001575,Melvin,Austin,Saudi Arabia,Standard,4,13632.07,3408.02,5,1,4,1,31,63.5,84.83,8.75,35.0,0,0,0,5,4,1,0.8,8.0,LOW,LOYAL_LOW_FRICTION_CUSTOMER
C001577,Kimberly,Baker,Saudi Arabia,Standard,1,4912.75,4912.75,2,1,1,1,9,70.68,70.68,70.0,70.0,1,0,1,2,1,1,0.5,23.0,LOW,FRICTION_PRONE_CUSTOMER
C001578,Danielle,Edwards,Pakistan,Premium,3,8041.03,2680.34,3,0,3,0,21,67.82,84.58,0.0,0.0,0,0,0,3,3,0,1.0,0.0,LOW,LOYAL_LOW_FRICTION_CUSTOMER
C001580,Tammy,Stewart,Pakistan,Standard,1,4793.98,4793.98,1,0,1,0,6,50.9,50.9,40.0,40.0,1,0,0,1,1,0,1.0,5.0,LOW,NORMAL_CUSTOMER
C001581,Ryan,Vang,Saudi Arabia,Standard,1,3877.53,3877.53,1,0,1,0,7,49.78,49.78,0.0,0.0,0,0,0,1,1,0,1.0,0.0,LOW,NORMAL_CUSTOMER
C001582,Renee,Gallagher,United Arab Emirates,Standard,2,3470.59,1735.3,4,2,2,2,20,70.35,83.03,32.5,65.0,2,0,1,4,2,2,0.5,36.0,MEDIUM,FRICTION_PRONE_CUSTOMER
C001583,Brian,Hernandez,Pakistan,Premium,2,3588.28,1794.14,2,0,2,0,13,62.41,66.22,22.5,45.0,1,0,0,2,2,0,1.0,5.0,LOW,NORMAL_CUSTOMER
C001584,David,Farrell,United Arab Emirates,Premium,1,1285.84,1285.84,1,0,1,0,7,83.52,83.52,0.0,0.0,0,0,0,1,1,0,1.0,0.0,LOW,NORMAL_CUSTOMER
C001585,Eric,Sandoval,Other,Standard,1,1116.73,1116.73,1,0,1,0,7,84.43,84.43,0.0,0.0,0,0,0,1,1,0,1.0,0.0,LOW,NORMAL_CUSTOMER
C001586,Fred,Yates,Saudi Arabia,Standard,3,12186.14,4062.05,3,0,3,0,19,64.1,77.87,26.67,40.0,2,0,0,3,3,0,1.0,10.0,LOW,LOYAL_LOW_FRICTION_CUSTOMER
C001588,Jenna,Hernandez,United Arab Emirates,Standard,2,4468.3,2234.15,3,1,2,1,17,76.91,87.28,17.5,35.0,0,0,0,3,2,1,0.67,8.0,LOW,NORMAL_CUSTOMER
C001589,Michael,Hall,United Arab Emirates,Standard,1,4455.3,4455.3,1,0,1,0,7,103.67,103.67,0.0,0.0,0,0,0,1,1,0,1.0,0.0,LOW,NORMAL_CUSTOMER
C001590,Shelley,Johnson,United Kingdom,Standard,1,4158.83,4158.83,2,1,1,1,10,47.7,47.7,30.0,30.0,0,0,0,2,1,1,0.5,8.0,LOW,NORMAL_CUSTOMER
C001591,Patty,Green,United Kingdom,Standard,2,3106.24,1553.12,2,0,2,0,13,62.14,62.87,22.5,45.0,1,0,0,2,2,0,1.0,5.0,LOW,NORMAL_CUSTOMER
C001592,Meghan,Mccarthy,Other,Premium,3,8249.39,2749.8,5,2,3,2,26,75.34,101.08,35.0,65.0,3,0,1,5,3,2,0.6,41.0,MEDIUM,FRICTION_PRONE_CUSTOMER
C001593,John,Graham,Saudi Arabia,Standard,1,4805.96,4805.96,2,1,1,1,9,66.57,66.57,75.0,75.0,1,0,1,2,1,1,0.5,23.0,LOW,FRICTION_PRONE_CUSTOMER
C001595,Andrea,Ho,United Kingdom,Premium,1,570.74,570.74,1,0,1,0,7,40.9,40.9,0.0,0.0,0,0,0,1,1,0,1.0,0.0,LOW,NORMAL_CUSTOMER
C001597,Kevin,Kelly,Saudi Arabia,Standard,2,6549.25,3274.62,2,0,2,0,13,64.72,67.85,20.0,40.0,1,0,0,2,2,0,1.0,5.0,LOW,NORMAL_CUSTOMER
C001598,Amanda,Fletcher,Saudi Arabia,Premium,1,1494.79,1494.79,2,1,1,1,9,79.15,79.15,70.0,70.0,1,0,1,2,1,1,0.5,23.0,LOW,FRICTION_PRONE_CUSTOMER
C001601,Shelly,Singleton,Saudi Arabia,Standard,1,1720.57,1720.57,2,1,1,1,10,54.32,54.32,35.0,35.0,0,0,0,2,1,1,0.5,8.0,LOW,NORMAL_CUSTOMER
C001602,Eric,Camacho,United Arab Emirates,Standard,4,9983.73,2495.93,6,2,4,2,32,67.64,87.75,37.5,60.0,4,0,1,6,4,2,0.67,46.0,MEDIUM,FRICTION_PRONE_CUSTOMER
C001603,Donna,Martinez,Saudi Arabia,VIP,1,871.95,871.95,1,0,1,0,7,50.7,50.7,0.0,0.0,0,0,0,1,1,0,1.0,0.0,LOW,NORMAL_CUSTOMER
C001604,Jennifer,Davis,United Arab Emirates,Premium,2,5596.93,2798.46,2,0,2,0,14,60.27,70.22,0.0,0.0,0,0,0,2,2,0,1.0,0.0,LOW,NORMAL_CUSTOMER
C001605,Cassie,Oneill,Saudi Arabia,Premium,1,3591.61,3591.61,1,0,1,0,7,71.25,71.25,0.0,0.0,0,0,0,1,1,0,1.0,0.0,LOW,NORMAL_CUSTOMER
C001606,Megan,White,Pakistan,Premium,4,8435.11,2108.78,6,2,4,2,34,72.55,105.82,16.25,35.0,0,0,0,6,4,2,0.67,16.0,LOW,FRICTION_PRONE_CUSTOMER
C001608,Marcia,Hicks,United States,Standard,4,11944.58,2986.14,4,0,4,0,27,70.03,85.18,10.0,40.0,1,0,0,4,4,0,1.0,5.0,LOW,LOYAL_LOW_FRICTION_CUSTOMER
C001610,Brandon,Macdonald,Pakistan,Standard,1,2107.76,2107.76,1,0,1,0,6,88.28,88.28,40.0,40.0,1,0,0,1,1,0,1.0,5.0,LOW,NORMAL_CUSTOMER
C001611,Darlene,Willis,Other,Standard,2,7830.7,3915.35,2,0,2,0,14,81.24,91.83,0.0,0.0,0,0,0,2,2,0,1.0,0.0,LOW,NORMAL_CUSTOMER
C001612,Barbara,Silva,United Kingdom,Premium,1,1388.24,1388.24,3,2,1,2,13,87.15,87.15,65.0,65.0,2,0,1,3,1,2,0.33,36.0,MEDIUM,FRICTION_PRONE_CUSTOMER
C001614,Katie,Fox,United Arab Emirates,Standard,1,2347.88,2347.88,1,0,1,0,7,48.28,48.28,0.0,0.0,0,0,0,1,1,0,1.0,0.0,LOW,NORMAL_CUSTOMER
C001616,Danielle,Butler,United Kingdom,Standard,1,3379.24,3379.24,1,0,1,0,7,81.38,81.38,0.0,0.0,0,0,0,1,1,0,1.0,0.0,LOW,NORMAL_CUSTOMER
C001619,Keith,Rhodes,Pakistan,Standard,1,1209.99,1209.99,1,0,1,0,7,45.47,45.47,0.0,0.0,0,0,0,1,1,0,1.0,0.0,LOW,NORMAL_CUSTOMER
C001620,Sue,Clay,United Kingdom,Premium,2,3085.41,1542.7,2,0,2,0,14,73.56,85.35,0.0,0.0,0,0,0,2,2,0,1.0,0.0,LOW,NORMAL_CUSTOMER
C001621,Timothy,Johnson,United Arab Emirates,Premium,2,4438.83,2219.42,3,1,2,1,16,38.84,41.33,37.5,75.0,1,0,1,3,2,1,0.67,23.0,LOW,FRICTION_PRONE_CUSTOMER
C001622,Linda,Maldonado,Saudi Arabia,Premium,1,1364.28,1364.28,1,0,1,0,7,95.58,95.58,0.0,0.0,0,0,0,1,1,0,1.0,0.0,LOW,NORMAL_CUSTOMER
C001623,Gail,Becker,Pakistan,Standard,1,3864.05,3864.05,2,1,1,1,9,99.63,99.63,75.0,75.0,1,0,1,2,1,1,0.5,23.0,LOW,FRICTION_PRONE_CUSTOMER
C001625,Charles,Garza,Saudi Arabia,Standard,1,4326.61,4326.61,2,1,1,1,10,95.73,95.73,35.0,35.0,0,0,0,2,1,1,0.5,8.0,LOW,NORMAL_CUSTOMER
C001626,Brian,Bean,United Kingdom,Premium,5,13460.14,2692.03,6,1,5,1,35,79.98,104.93,31.0,75.0,3,0,1,6,5,1,0.83,33.0,MEDIUM,FRICTION_PRONE_CUSTOMER
C001628,Todd,Hernandez,Pakistan,Standard,2,5540.6,2770.3,3,1,2,1,17,71.43,81.38,15.0,30.0,0,0,0,3,2,1,0.67,8.0,LOW,NORMAL_CUSTOMER
C001629,James,Miller,Saudi Arabia,Premium,1,1746.34,1746.34,2,1,1,1,10,49.05,49.05,30.0,30.0,0,0,0,2,1,1,0.5,8.0,LOW,NORMAL_CUSTOMER
C001630,Catherine,Rivas,United Arab Emirates,Standard,4,10592.88,2648.22,5,1,4,1,29,61.33,93.53,28.75,45.0,2,0,0,5,4,1,0.8,18.0,LOW,LOYAL_LOW_FRICTION_CUSTOMER
C001631,Larry,Keller,United States,Standard,2,4079.23,2039.62,2,0,2,0,14,75.78,85.82,0.0,0.0,0,0,0,2,2,0,1.0,0.0,LOW,NORMAL_CUSTOMER
C001632,Jennifer,Gibson,United Arab Emirates,Premium,1,2289.58,2289.58,1,0,1,0,6,55.33,55.33,40.0,40.0,1,0,0,1,1,0,1.0,5.0,LOW,NORMAL_CUSTOMER
C001633,Jessica,Moses,United Kingdom,Premium,1,4074.8,4074.8,2,1,1,1,9,57.17,57.17,70.0,70.0,1,0,1,2,1,1,0.5,23.0,LOW,FRICTION_PRONE_CUSTOMER
C001634,Michelle,Wheeler,United States,Standard,3,9430.75,3143.58,3,0,3,0,21,51.71,58.83,0.0,0.0,0,0,0,3,3,0,1.0,0.0,LOW,LOYAL_LOW_FRICTION_CUSTOMER
C001636,David,Booker,Saudi Arabia,Standard,3,5994.09,1998.03,4,1,3,1,24,75.82,89.22,11.67,35.0,0,0,0,4,3,1,0.75,8.0,LOW,LOYAL_LOW_FRICTION_CUSTOMER
C001637,Mitchell,Douglas,United Arab Emirates,Standard,5,9556.5,1911.3,5,0,5,0,35,61.1,76.5,0.0,0.0,0,0,0,5,5,0,1.0,0.0,LOW,LOYAL_LOW_FRICTION_CUSTOMER
C001638,Anna,Tapia,Saudi Arabia,Premium,3,3916.47,1305.49,7,4,3,4,32,77.26,87.68,55.0,100.0,5,1,1,7,3,4,0.43,87.0,CRITICAL,HIGH_RISK_CUSTOMER
C001639,Luis,Nguyen,Other,Standard,2,4327.73,2163.86,2,0,2,0,14,54.48,64.35,0.0,0.0,0,0,0,2,2,0,1.0,0.0,LOW,NORMAL_CUSTOMER
C001640,Steven,Dennis,Other,Standard,2,4693.3,2346.65,3,1,2,1,16,49.45,54.92,37.5,40.0,1,0,0,3,2,1,0.67,13.0,LOW,NORMAL_CUSTOMER
C001641,Joseph,Navarro,Pakistan,Standard,2,8460.15,4230.08,2,0,2,0,12,72.58,73.95,40.0,40.0,2,0,0,2,2,0,1.0,10.0,LOW,NORMAL_CUSTOMER
C001642,John,Bernard,United States,VIP,2,5999.96,2999.98,4,2,2,2,20,46.42,57.25,32.5,35.0,0,0,0,4,2,2,0.5,16.0,LOW,FRICTION_PRONE_CUSTOMER
C001645,Patrick,Williams,Saudi Arabia,Standard,3,9267.37,3089.12,3,0,3,0,21,57.89,85.52,0.0,0.0,0,0,0,3,3,0,1.0,0.0,LOW,LOYAL_LOW_FRICTION_CUSTOMER
C001646,Christina,Schneider,United States,Premium,3,10795.25,3598.42,3,0,3,0,20,61.93,81.22,13.33,40.0,1,0,0,3,3,0,1.0,5.0,LOW,LOYAL_LOW_FRICTION_CUSTOMER
C001647,John,Morris,Saudi Arabia,Standard,2,6316.44,3158.22,3,1,2,1,17,60.82,68.3,15.0,30.0,0,0,0,3,2,1,0.67,8.0,LOW,NORMAL_CUSTOMER
C001648,Michelle,Brown,United States,Standard,2,6189.91,3094.96,2,0,2,0,14,57.32,65.35,0.0,0.0,0,0,0,2,2,0,1.0,0.0,LOW,NORMAL_CUSTOMER
C001649,Erik,Jones,United States,VIP,1,2461.22,2461.22,1,0,1,0,7,52.43,52.43,0.0,0.0,0,0,0,1,1,0,1.0,0.0,LOW,NORMAL_CUSTOMER
C001650,Mark,Crane,United Kingdom,Standard,1,601.87,601.87,3,2,1,2,13,80.08,80.08,65.0,65.0,2,0,1,3,1,2,0.33,36.0,MEDIUM,FRICTION_PRONE_CUSTOMER
C001652,Larry,Ross,United Arab Emirates,Standard,1,1226.94,1226.94,1,0,1,0,7,55.85,55.85,0.0,0.0,0,0,0,1,1,0,1.0,0.0,LOW,NORMAL_CUSTOMER
C001653,Kathryn,Thompson,Saudi Arabia,Standard,1,1020.16,1020.16,1,0,1,0,6,59.87,59.87,40.0,40.0,1,0,0,1,1,0,1.0,5.0,LOW,NORMAL_CUSTOMER
C001654,Tyrone,Hanna,United Arab Emirates,Standard,1,3301.73,3301.73,3,2,1,2,13,93.03,93.03,60.0,60.0,2,0,1,3,1,2,0.33,36.0,MEDIUM,FRICTION_PRONE_CUSTOMER
C001655,Xavier,Glenn,Saudi Arabia,Premium,1,2621.43,2621.43,1,0,1,0,7,83.78,83.78,0.0,0.0,0,0,0,1,1,0,1.0,0.0,LOW,NORMAL_CUSTOMER
C001656,Victor,Davis,Other,Standard,1,1384.61,1384.61,1,0,1,0,7,56.63,56.63,0.0,0.0,0,0,0,1,1,0,1.0,0.0,LOW,NORMAL_CUSTOMER
C001657,Kyle,Phelps,Pakistan,Standard,1,2070.68,2070.68,3,2,1,2,12,89.3,89.3,100.0,100.0,3,1,0,3,1,2,0.33,51.0,HIGH,FRICTION_PRONE_CUSTOMER
C001658,Andrew,Martin,United Arab Emirates,Premium,1,4404.83,4404.83,1,0,1,0,6,52.78,52.78,40.0,40.0,1,0,0,1,1,0,1.0,5.0,LOW,NORMAL_CUSTOMER
C001659,Sierra,Chan,United Arab Emirates,VIP,2,3882.29,1941.14,3,1,2,1,17,66.02,67.47,17.5,35.0,0,0,0,3,2,1,0.67,8.0,LOW,NORMAL_CUSTOMER
C001661,Tammy,Goodwin,Pakistan,Standard,1,4400.53,4400.53,3,2,1,2,13,121.33,121.33,65.0,65.0,3,0,1,3,1,2,0.33,41.0,MEDIUM,FRICTION_PRONE_CUSTOMER
C001662,Jason,Valdez,Pakistan,Standard,1,3769.87,3769.87,1,0,1,0,6,76.75,76.75,40.0,40.0,1,0,0,1,1,0,1.0,5.0,LOW,NORMAL_CUSTOMER
C001664,Brent,Henry,United Arab Emirates,Standard,1,1687.03,1687.03,2,1,1,1,10,77.28,77.28,35.0,35.0,0,0,0,2,1,1,0.5,8.0,LOW,NORMAL_CUSTOMER
C001665,Troy,Reynolds,Other,Standard,2,4188.83,2094.42,4,2,2,2,19,91.34,101.9,50.0,100.0,3,1,0,4,2,2,0.5,51.0,HIGH,FRICTION_PRONE_CUSTOMER
C001667,Destiny,Collins,Saudi Arabia,Standard,2,5889.65,2944.82,3,1,2,1,16,81.88,92.67,37.5,75.0,1,0,1,3,2,1,0.67,23.0,LOW,FRICTION_PRONE_CUSTOMER
C001668,Thomas,Cohen,Other,Standard,2,4835.4,2417.7,2,0,2,0,14,59.7,60.63,0.0,0.0,0,0,0,2,2,0,1.0,0.0,LOW,NORMAL_CUSTOMER
C001669,Amanda,Anderson,Saudi Arabia,Standard,2,8920.1,4460.05,3,1,2,1,17,86.16,94.63,17.5,35.0,0,0,0,3,2,1,0.67,8.0,LOW,NORMAL_CUSTOMER
C001673,Jessica,Burns,Other,Standard,1,1272.95,1272.95,1,0,1,0,6,45.85,45.85,40.0,40.0,1,0,0,1,1,0,1.0,5.0,LOW,NORMAL_CUSTOMER
C001674,Kathryn,Mcclure,United States,Standard,5,8655.51,1731.1,6,1,5,1,38,63.09,93.7,6.0,30.0,0,0,0,6,5,1,0.83,8.0,LOW,LOYAL_LOW_FRICTION_CUSTOMER
C001675,Michael,Alvarez,United States,Premium,3,5836.95,1945.65,3,0,3,0,21,60.92,84.42,0.0,0.0,0,0,0,3,3,0,1.0,0.0,LOW,LOYAL_LOW_FRICTION_CUSTOMER
C001676,Richard,Hart,United Arab Emirates,Standard,2,7176.86,3588.43,2,0,2,0,14,61.01,63.32,0.0,0.0,0,0,0,2,2,0,1.0,0.0,LOW,NORMAL_CUSTOMER
C001677,Ashley,Henderson,Saudi Arabia,Standard,1,4818.44,4818.44,1,0,1,0,7,48.28,48.28,0.0,0.0,0,0,0,1,1,0,1.0,0.0,LOW,NORMAL_CUSTOMER
C001678,James,Avila,United Arab Emirates,Standard,1,2537.08,2537.08,1,0,1,0,7,52.63,52.63,0.0,0.0,0,0,0,1,1,0,1.0,0.0,LOW,NORMAL_CUSTOMER
C001679,Angela,Shepherd,Saudi Arabia,Standard,3,7852.2,2617.4,5,2,3,2,26,49.88,63.05,35.0,45.0,1,0,0,5,3,2,0.6,21.0,LOW,FRICTION_PRONE_CUSTOMER
C001680,Charles,Austin,United Kingdom,Premium,2,5728.03,2864.02,2,0,2,0,14,79.29,92.7,0.0,0.0,0,0,0,2,2,0,1.0,0.0,LOW,NORMAL_CUSTOMER
C001681,William,Hamilton,United Arab Emirates,Standard,2,1955.18,977.59,3,1,2,1,17,73.44,83.53,17.5,35.0,0,0,0,3,2,1,0.67,8.0,LOW,NORMAL_CUSTOMER
C001682,Kathy,Simmons,Other,Standard,3,8092.73,2697.58,3,0,3,0,21,62.24,88.82,0.0,0.0,0,0,0,3,3,0,1.0,0.0,LOW,LOYAL_LOW_FRICTION_CUSTOMER
C001683,Joshua,Williams,Pakistan,Standard,3,8329.31,2776.44,3,0,3,0,20,74.59,87.88,13.33,40.0,1,0,0,3,3,0,1.0,5.0,LOW,LOYAL_LOW_FRICTION_CUSTOMER
C001686,David,Walker,Other,Standard,1,4189.07,4189.07,1,0,1,0,7,63.77,63.77,0.0,0.0,0,0,0,1,1,0,1.0,0.0,LOW,NORMAL_CUSTOMER
C001687,Theresa,Parks,Other,Standard,2,4789.38,2394.69,2,0,2,0,13,44.72,55.95,20.0,40.0,1,0,0,2,2,0,1.0,5.0,LOW,NORMAL_CUSTOMER
C001688,Phillip,Moore,United Arab Emirates,VIP,4,11158.06,2789.52,5,1,4,1,31,70.3,91.38,8.75,35.0,0,0,0,5,4,1,0.8,8.0,LOW,LOYAL_LOW_FRICTION_CUSTOMER
C001690,Matthew,Soto,United States,Standard,2,7538.33,3769.16,4,2,2,2,20,54.58,63.83,32.5,65.0,2,0,1,4,2,2,0.5,36.0,MEDIUM,FRICTION_PRONE_CUSTOMER
C001691,Sheila,Warren,Saudi Arabia,Standard,2,7635.18,3817.59,2,0,2,0,13,55.53,55.85,22.5,45.0,1,0,0,2,2,0,1.0,5.0,LOW,NORMAL_CUSTOMER
C001693,James,Kim,United Arab Emirates,Standard,1,1176.64,1176.64,1,0,1,0,7,74.75,74.75,0.0,0.0,0,0,0,1,1,0,1.0,0.0,LOW,NORMAL_CUSTOMER
C001694,William,Solomon,Saudi Arabia,Standard,3,9944.68,3314.89,3,0,3,0,20,75.23,84.98,13.33,40.0,1,0,0,3,3,0,1.0,5.0,LOW,LOYAL_LOW_FRICTION_CUSTOMER
C001695,Vincent,Woods,United Arab Emirates,Standard,1,1893.47,1893.47,1,0,1,0,7,96.27,96.27,0.0,0.0,0,0,0,1,1,0,1.0,0.0,LOW,NORMAL_CUSTOMER
C001696,Brandon,Hernandez,Saudi Arabia,Premium,1,1305.69,1305.69,1,0,1,0,7,37.6,37.6,0.0,0.0,0,0,0,1,1,0,1.0,0.0,LOW,NORMAL_CUSTOMER
C001697,Derrick,Anderson,Saudi Arabia,Standard,2,6351.7,3175.85,2,0,2,0,14,69.95,80.95,0.0,0.0,0,0,0,2,2,0,1.0,0.0,LOW,NORMAL_CUSTOMER
C001698,Mason,Leach,Saudi Arabia,Premium,1,966.15,966.15,1,0,1,0,7,61.78,61.78,0.0,0.0,0,0,0,1,1,0,1.0,0.0,LOW,NORMAL_CUSTOMER
C001699,Thomas,Skinner,Other,Standard,2,2197.23,1098.62,2,0,2,0,14,66.26,83.65,0.0,0.0,0,0,0,2,2,0,1.0,0.0,LOW,NORMAL_CUSTOMER
C001701,Catherine,Phillips,Other,Standard,1,4323.68,4323.68,1,0,1,0,7,82.42,82.42,0.0,0.0,0,0,0,1,1,0,1.0,0.0,LOW,NORMAL_CUSTOMER
C001703,Mark,Jones,United Arab Emirates,Standard,1,3707.99,3707.99,1,0,1,0,7,40.58,40.58,0.0,0.0,0,0,0,1,1,0,1.0,0.0,LOW,NORMAL_CUSTOMER
C001705,Francisco,Rodriguez,United Arab Emirates,Premium,2,6272.31,3136.16,3,1,2,1,16,67.75,69.85,35.0,40.0,1,0,0,3,2,1,0.67,13.0,LOW,NORMAL_CUSTOMER
C001706,Vicki,Coleman,Saudi Arabia,Standard,1,4659.83,4659.83,1,0,1,0,7,84.52,84.52,0.0,0.0,0,0,0,1,1,0,1.0,0.0,LOW,NORMAL_CUSTOMER
C001707,Jodi,Davis,Pakistan,Standard,2,5526.7,2763.35,3,1,2,1,17,78.51,83.47,15.0,30.0,0,0,0,3,2,1,0.67,8.0,LOW,NORMAL_CUSTOMER
C001708,Kevin,Guerrero,Saudi Arabia,Standard,1,4583.62,4583.62,1,0,1,0,7,72.2,72.2,0.0,0.0,0,0,0,1,1,0,1.0,0.0,LOW,NORMAL_CUSTOMER
C001709,Matthew,Carroll,Pakistan,Premium,4,14402.35,3600.59,5,1,4,1,29,60.02,91.63,27.5,40.0,2,0,0,5,4,1,0.8,18.0,LOW,LOYAL_LOW_FRICTION_CUSTOMER
C001710,Maria,King,United Kingdom,Standard,1,3661.22,3661.22,2,1,1,1,10,75.02,75.02,35.0,35.0,0,0,0,2,1,1,0.5,8.0,LOW,NORMAL_CUSTOMER
C001712,Jeanne,Miller,Saudi Arabia,Standard,4,15161.53,3790.38,6,2,4,2,33,72.53,86.58,26.25,65.0,3,0,1,6,4,2,0.67,41.0,MEDIUM,FRICTION_PRONE_CUSTOMER
C001713,Kevin,Gordon,United States,Standard,1,3224.59,3224.59,1,0,1,0,7,86.95,86.95,0.0,0.0,0,0,0,1,1,0,1.0,0.0,LOW,NORMAL_CUSTOMER
C001714,Lisa,Wilson,United Arab Emirates,Premium,1,1559.72,1559.72,1,0,1,0,6,54.92,54.92,40.0,40.0,1,0,0,1,1,0,1.0,5.0,LOW,NORMAL_CUSTOMER
C001715,Micheal,Stanley,Saudi Arabia,Standard,1,3199.32,3199.32,1,0,1,0,7,77.53,77.53,0.0,0.0,0,0,0,1,1,0,1.0,0.0,LOW,NORMAL_CUSTOMER
C001716,Emily,White,Other,Standard,2,5479.47,2739.73,4,2,2,2,20,63.27,79.82,32.5,65.0,2,0,1,4,2,2,0.5,36.0,MEDIUM,FRICTION_PRONE_CUSTOMER
C001717,Tina,White,Saudi Arabia,Standard,5,12774.84,2554.97,9,4,5,4,46,66.52,93.93,33.0,65.0,5,0,2,9,5,4,0.56,77.0,CRITICAL,HIGH_RISK_CUSTOMER
C001718,Brandy,Long,United Kingdom,Standard,3,8890.48,2963.49,4,1,3,1,24,82.91,107.12,11.67,35.0,0,0,0,4,3,1,0.75,8.0,LOW,LOYAL_LOW_FRICTION_CUSTOMER
C001720,Jessica,Mcdowell,Saudi Arabia,Standard,3,11126.17,3708.72,6,3,3,3,30,80.53,84.68,30.0,60.0,2,0,1,6,3,3,0.5,44.0,MEDIUM,FRICTION_PRONE_CUSTOMER
C001722,Anthony,Matthews,Saudi Arabia,Standard,1,863.42,863.42,1,0,1,0,6,71.88,71.88,45.0,45.0,1,0,0,1,1,0,1.0,5.0,LOW,NORMAL_CUSTOMER
C001723,Thomas,Gibson,United Arab Emirates,Standard,1,2726.99,2726.99,1,0,1,0,7,47.3,47.3,0.0,0.0,0,0,0,1,1,0,1.0,0.0,LOW,NORMAL_CUSTOMER
C001724,Tammy,Santiago,Saudi Arabia,Standard,2,6898.25,3449.12,2,0,2,0,14,66.94,73.95,0.0,0.0,0,0,0,2,2,0,1.0,0.0,LOW,NORMAL_CUSTOMER
C001725,Krista,Hanson,United Kingdom,Standard,6,18603.09,3100.52,10,4,6,4,53,77.53,92.2,27.5,100.0,3,1,0,10,6,4,0.6,67.0,HIGH,FRICTION_PRONE_CUSTOMER
C001726,Kimberly,Baker,Saudi Arabia,Premium,2,3923.52,1961.76,2,0,2,0,14,65.25,67.63,0.0,0.0,0,0,0,2,2,0,1.0,0.0,LOW,NORMAL_CUSTOMER
C001727,Becky,Levy,Pakistan,Premium,2,8180.83,4090.42,3,1,2,1,17,73.04,83.48,15.0,30.0,0,0,0,3,2,1,0.67,8.0,LOW,NORMAL_CUSTOMER
C001728,Jennifer,Savage,Other,Standard,1,4073.02,4073.02,1,0,1,0,7,39.52,39.52,0.0,0.0,0,0,0,1,1,0,1.0,0.0,LOW,NORMAL_CUSTOMER
C001734,Dylan,Rodriguez,United Arab Emirates,Standard,3,8406.38,2802.13,4,1,3,1,23,84.26,113.63,25.0,40.0,1,0,0,4,3,1,0.75,13.0,LOW,LOYAL_LOW_FRICTION_CUSTOMER
C001735,Erin,Ferguson,Saudi Arabia,Standard,1,768.95,768.95,1,0,1,0,7,48.35,48.35,0.0,0.0,0,0,0,1,1,0,1.0,0.0,LOW,NORMAL_CUSTOMER
C001736,Anthony,Smith,Other,Standard,2,4884.23,2442.12,3,1,2,1,17,74.82,100.03,17.5,35.0,0,0,0,3,2,1,0.67,8.0,LOW,NORMAL_CUSTOMER
C001737,Stacy,Wilson,United Arab Emirates,Premium,3,4526.37,1508.79,5,2,3,2,25,57.78,64.68,48.33,100.0,4,1,0,5,3,2,0.6,56.0,HIGH,FRICTION_PRONE_CUSTOMER
C001738,Daniel,Jackson,Saudi Arabia,Standard,1,3900.63,3900.63,2,1,1,1,10,64.52,64.52,30.0,30.0,0,0,0,2,1,1,0.5,8.0,LOW,NORMAL_CUSTOMER
C001739,Andrew,Woods,United Arab Emirates,Premium,2,8075.59,4037.8,2,0,2,0,14,63.76,70.75,0.0,0.0,0,0,0,2,2,0,1.0,0.0,LOW,NORMAL_CUSTOMER
C001743,Robert,Guzman,United States,Standard,2,8190.15,4095.08,2,0,2,0,14,83.1,85.52,0.0,0.0,0,0,0,2,2,0,1.0,0.0,LOW,NORMAL_CUSTOMER
C001749,Devin,Vaughn,United States,Standard,1,642.32,642.32,1,0,1,0,7,82.57,82.57,0.0,0.0,0,0,0,1,1,0,1.0,0.0,LOW,NORMAL_CUSTOMER
C001750,Jared,Foster,Saudi Arabia,VIP,3,6919.65,2306.55,3,0,3,0,20,58.21,66.25,13.33,40.0,1,0,0,3,3,0,1.0,5.0,LOW,LOYAL_LOW_FRICTION_CUSTOMER
C001751,Mark,Turner,Pakistan,Standard,2,9500.63,4750.31,3,1,2,1,17,58.63,61.83,15.0,30.0,0,0,0,3,2,1,0.67,8.0,LOW,NORMAL_CUSTOMER
C001752,Eileen,Martinez,Saudi Arabia,Standard,4,16165.02,4041.26,4,0,4,0,26,78.42,89.93,20.0,40.0,2,0,0,4,4,0,1.0,10.0,LOW,LOYAL_LOW_FRICTION_CUSTOMER
C001753,Alicia,Smith,Saudi Arabia,Premium,2,8706.22,4353.11,3,1,2,1,17,53.42,62.28,15.0,30.0,0,0,0,3,2,1,0.67,8.0,LOW,NORMAL_CUSTOMER
C001754,Lee,Rodriguez,Saudi Arabia,Standard,3,10874.0,3624.67,3,0,3,0,20,56.36,71.65,13.33,40.0,1,0,0,3,3,0,1.0,5.0,LOW,LOYAL_LOW_FRICTION_CUSTOMER
C001755,Glen,Smith,Other,Standard,1,1527.28,1527.28,1,0,1,0,7,95.83,95.83,0.0,0.0,0,0,0,1,1,0,1.0,0.0,LOW,NORMAL_CUSTOMER
C001756,Rhonda,Waller,United States,Standard,2,6813.61,3406.8,4,2,2,2,19,65.09,74.35,55.0,65.0,3,0,1,4,2,2,0.5,41.0,MEDIUM,FRICTION_PRONE_CUSTOMER
C001757,Matthew,Trevino,Other,Standard,1,939.86,939.86,2,1,1,1,10,62.17,62.17,30.0,30.0,0,0,0,2,1,1,0.5,8.0,LOW,NORMAL_CUSTOMER
C001758,Michael,Clark,United Arab Emirates,VIP,4,13715.29,3428.82,6,2,4,2,33,66.68,80.27,27.5,40.0,1,0,0,6,4,2,0.67,21.0,LOW,FRICTION_PRONE_CUSTOMER
C001760,Jennifer,Santos,Pakistan,Standard,4,12508.01,3127.0,6,2,4,2,32,80.02,110.27,38.75,65.0,4,0,1,6,4,2,0.67,46.0,MEDIUM,FRICTION_PRONE_CUSTOMER
C001761,Dawn,Graham,United Arab Emirates,Standard,1,1322.17,1322.17,1,0,1,0,7,97.6,97.6,0.0,0.0,0,0,0,1,1,0,1.0,0.0,LOW,NORMAL_CUSTOMER
C001762,Heather,Garrett,United States,Standard,2,5826.94,2913.47,4,2,2,2,19,73.82,100.95,52.5,75.0,1,0,1,4,2,2,0.5,31.0,MEDIUM,FRICTION_PRONE_CUSTOMER
C001763,Chelsea,Tyler,Saudi Arabia,Standard,2,5393.88,2696.94,2,0,2,0,14,92.78,98.83,0.0,0.0,0,0,0,2,2,0,1.0,0.0,LOW,NORMAL_CUSTOMER
C001764,James,Lee,United Arab Emirates,Standard,1,2822.51,2822.51,2,1,1,1,9,38.63,38.63,75.0,75.0,1,0,1,2,1,1,0.5,23.0,LOW,FRICTION_PRONE_CUSTOMER
C001765,John,Turner,Saudi Arabia,Premium,3,7717.3,2572.43,7,4,3,4,31,75.4,86.43,66.67,100.0,6,2,0,7,3,4,0.43,100.0,CRITICAL,HIGH_RISK_CUSTOMER
C001766,Angela,Ford,United Arab Emirates,Standard,1,3543.06,3543.06,2,1,1,1,10,68.35,68.35,35.0,35.0,0,0,0,2,1,1,0.5,8.0,LOW,NORMAL_CUSTOMER
C001767,Jeffrey,Wells,United Kingdom,Standard,1,3338.79,3338.79,1,0,1,0,7,95.78,95.78,0.0,0.0,0,0,0,1,1,0,1.0,0.0,LOW,NORMAL_CUSTOMER
C001768,Teresa,Johnson,United Arab Emirates,Standard,3,8931.24,2977.08,4,1,3,1,22,61.24,76.05,38.33,40.0,2,0,0,4,3,1,0.75,18.0,LOW,NORMAL_CUSTOMER
C001770,Keith,Hernandez,United Arab Emirates,Standard,1,4240.2,4240.2,1,0,1,0,7,34.58,34.58,0.0,0.0,0,0,0,1,1,0,1.0,0.0,LOW,NORMAL_CUSTOMER
C001771,Jared,Park,United Arab Emirates,Standard,1,3821.85,3821.85,1,0,1,0,7,81.37,81.37,0.0,0.0,0,0,0,1,1,0,1.0,0.0,LOW,NORMAL_CUSTOMER
C001772,Janet,Maynard,United States,Standard,2,3592.97,1796.48,2,0,2,0,14,74.74,80.98,0.0,0.0,0,0,0,2,2,0,1.0,0.0,LOW,NORMAL_CUSTOMER
C001773,Logan,Ruiz,Other,Standard,2,3633.25,1816.62,2,0,2,0,14,48.02,64.35,0.0,0.0,0,0,0,2,2,0,1.0,0.0,LOW,NORMAL_CUSTOMER
C001774,Michael,Heath,Other,Standard,2,8341.77,4170.88,2,0,2,0,13,66.03,66.5,20.0,40.0,1,0,0,2,2,0,1.0,5.0,LOW,NORMAL_CUSTOMER
C001775,Sarah,Richards,United States,Standard,1,4654.27,4654.27,1,0,1,0,7,51.43,51.43,0.0,0.0,0,0,0,1,1,0,1.0,0.0,LOW,NORMAL_CUSTOMER
C001777,Joshua,Hudson,United Kingdom,Premium,3,11737.65,3912.55,3,0,3,0,20,71.62,91.2,13.33,40.0,1,0,0,3,3,0,1.0,5.0,LOW,LOYAL_LOW_FRICTION_CUSTOMER
C001778,David,Bass,United Arab Emirates,Standard,3,7328.73,2442.91,3,0,3,0,20,59.4,64.35,13.33,40.0,1,0,0,3,3,0,1.0,5.0,LOW,LOYAL_LOW_FRICTION_CUSTOMER
C001779,Erica,Williams,Saudi Arabia,Premium,1,4344.01,4344.01,1,0,1,0,7,39.43,39.43,0.0,0.0,0,0,0,1,1,0,1.0,0.0,LOW,NORMAL_CUSTOMER
C001780,Noah,Smith,United States,Standard,3,9875.93,3291.98,7,4,3,4,32,70.4,87.02,56.67,70.0,3,0,2,7,3,4,0.43,67.0,HIGH,FRICTION_PRONE_CUSTOMER
C001782,Loretta,Marquez,Other,Standard,3,5920.08,1973.36,3,0,3,0,21,57.38,87.2,0.0,0.0,0,0,0,3,3,0,1.0,0.0,LOW,LOYAL_LOW_FRICTION_CUSTOMER
C001783,Stephanie,Petty,United Arab Emirates,Standard,2,5932.87,2966.44,4,2,2,2,19,43.94,46.93,50.0,100.0,3,1,0,4,2,2,0.5,51.0,HIGH,FRICTION_PRONE_CUSTOMER
C001785,Kelly,Mclaughlin,United Kingdom,Standard,1,4747.54,4747.54,1,0,1,0,6,44.55,44.55,40.0,40.0,1,0,0,1,1,0,1.0,5.0,LOW,NORMAL_CUSTOMER
C001786,Keith,Larson,Other,Standard,1,1042.36,1042.36,1,0,1,0,6,64.37,64.37,40.0,40.0,1,0,0,1,1,0,1.0,5.0,LOW,NORMAL_CUSTOMER
C001788,Michael,Roberts,Pakistan,Standard,2,7113.33,3556.66,3,1,2,1,15,88.84,92.3,60.0,75.0,2,0,1,3,2,1,0.67,28.0,MEDIUM,FRICTION_PRONE_CUSTOMER
C001789,Scott,Freeman,Saudi Arabia,Standard,2,3575.52,1787.76,4,2,2,2,19,63.32,65.58,47.5,95.0,3,1,0,4,2,2,0.5,51.0,HIGH,FRICTION_PRONE_CUSTOMER
C001790,Jonathan,Tucker,Pakistan,Standard,2,5701.89,2850.94,2,0,2,0,13,56.98,77.67,22.5,45.0,1,0,0,2,2,0,1.0,5.0,LOW,NORMAL_CUSTOMER
C001791,Timothy,Garza,Saudi Arabia,Standard,1,4869.14,4869.14,3,2,1,2,12,71.55,71.55,100.0,100.0,3,1,0,3,1,2,0.33,51.0,HIGH,FRICTION_PRONE_CUSTOMER
C001793,Amanda,Gregory,Pakistan,Premium,3,11019.46,3673.15,5,2,3,2,27,88.98,119.92,21.67,65.0,2,0,1,5,3,2,0.6,36.0,MEDIUM,FRICTION_PRONE_CUSTOMER
C001795,Heather,Freeman,Saudi Arabia,Premium,2,6369.04,3184.52,2,0,2,0,14,79.55,96.9,0.0,0.0,0,0,0,2,2,0,1.0,0.0,LOW,NORMAL_CUSTOMER
C001797,Christina,Rice,United Kingdom,Premium,1,2836.98,2836.98,1,0,1,0,7,92.17,92.17,0.0,0.0,0,0,0,1,1,0,1.0,0.0,LOW,NORMAL_CUSTOMER
C001798,Brenda,Henderson,Saudi Arabia,Standard,2,7494.83,3747.42,3,1,2,1,17,88.08,91.43,17.5,35.0,0,0,0,3,2,1,0.67,8.0,LOW,NORMAL_CUSTOMER
C001799,John,Stewart,Saudi Arabia,Premium,2,1559.77,779.88,4,2,2,2,20,95.04,111.6,32.5,65.0,2,0,1,4,2,2,0.5,36.0,MEDIUM,FRICTION_PRONE_CUSTOMER
C001800,Elizabeth,Brown,Saudi Arabia,Standard,2,5135.72,2567.86,2,0,2,0,14,63.02,66.47,0.0,0.0,0,0,0,2,2,0,1.0,0.0,LOW,NORMAL_CUSTOMER
C001801,Amanda,Orozco,Other,Premium,1,1718.34,1718.34,3,2,1,2,13,83.75,83.75,65.0,65.0,2,0,1,3,1,2,0.33,36.0,MEDIUM,FRICTION_PRONE_CUSTOMER
C001802,Dana,Butler,United Kingdom,Standard,1,2212.97,2212.97,1,0,1,0,7,65.33,65.33,0.0,0.0,0,0,0,1,1,0,1.0,0.0,LOW,NORMAL_CUSTOMER
C001803,Brian,Kennedy,United Arab Emirates,Standard,2,7206.88,3603.44,2,0,2,0,13,62.53,70.62,22.5,45.0,1,0,0,2,2,0,1.0,5.0,LOW,NORMAL_CUSTOMER
C001805,Jennifer,Mcmillan,United Arab Emirates,Standard,2,7352.79,3676.4,2,0,2,0,12,55.45,67.2,42.5,45.0,2,0,0,2,2,0,1.0,10.0,LOW,NORMAL_CUSTOMER
C001807,Kelli,Terry,United Kingdom,Standard,2,3647.14,1823.57,4,2,2,2,19,51.91,63.9,50.0,100.0,3,1,0,4,2,2,0.5,51.0,HIGH,FRICTION_PRONE_CUSTOMER
C001809,Andrea,Roberts,Saudi Arabia,Standard,1,4003.15,4003.15,1,0,1,0,7,64.87,64.87,0.0,0.0,0,0,0,1,1,0,1.0,0.0,LOW,NORMAL_CUSTOMER
C001810,Sarah,Lee,Saudi Arabia,Standard,2,4057.84,2028.92,3,1,2,1,17,72.97,85.83,17.5,35.0,0,0,0,3,2,1,0.67,8.0,LOW,NORMAL_CUSTOMER
C001811,Richard,Cooper,United Kingdom,Standard,4,10092.28,2523.07,4,0,4,0,26,69.64,92.85,21.25,45.0,2,0,0,4,4,0,1.0,10.0,LOW,LOYAL_LOW_FRICTION_CUSTOMER
C001812,Savannah,Hall,United States,Premium,1,737.77,737.77,1,0,1,0,7,82.47,82.47,0.0,0.0,0,0,0,1,1,0,1.0,0.0,LOW,NORMAL_CUSTOMER
C001813,Natalie,Robinson,Saudi Arabia,Premium,3,10769.13,3589.71,5,2,3,2,27,75.31,96.5,21.67,65.0,2,0,1,5,3,2,0.6,36.0,MEDIUM,FRICTION_PRONE_CUSTOMER
C001814,Thomas,Stout,Saudi Arabia,Standard,3,13346.57,4448.86,3,0,3,0,21,76.6,91.85,0.0,0.0,0,0,0,3,3,0,1.0,0.0,LOW,LOYAL_LOW_FRICTION_CUSTOMER
C001815,James,Morgan,Saudi Arabia,Standard,3,9667.76,3222.59,3,0,3,0,21,61.14,77.78,0.0,0.0,0,0,0,3,3,0,1.0,0.0,LOW,LOYAL_LOW_FRICTION_CUSTOMER
C001816,Tamara,Guzman,Other,Standard,1,2101.73,2101.73,1,0,1,0,7,92.82,92.82,0.0,0.0,0,0,0,1,1,0,1.0,0.0,LOW,NORMAL_CUSTOMER
C001817,Manuel,Kirby,Saudi Arabia,Premium,1,1252.55,1252.55,1,0,1,0,7,73.8,73.8,0.0,0.0,0,0,0,1,1,0,1.0,0.0,LOW,NORMAL_CUSTOMER
C001818,Debbie,Sandoval,United States,Standard,1,2987.74,2987.74,1,0,1,0,7,50.7,50.7,0.0,0.0,0,0,0,1,1,0,1.0,0.0,LOW,NORMAL_CUSTOMER
C001819,Rebecca,Anderson,Pakistan,Standard,1,1904.85,1904.85,1,0,1,0,6,73.35,73.35,40.0,40.0,1,0,0,1,1,0,1.0,5.0,LOW,NORMAL_CUSTOMER
C001820,Christopher,Carter,United Arab Emirates,Standard,3,5000.3,1666.77,3,0,3,0,20,63.81,76.73,15.0,45.0,1,0,0,3,3,0,1.0,5.0,LOW,LOYAL_LOW_FRICTION_CUSTOMER
C001821,Audrey,Dawson,Saudi Arabia,Premium,2,5514.29,2757.14,2,0,2,0,14,91.82,96.77,0.0,0.0,0,0,0,2,2,0,1.0,0.0,LOW,NORMAL_CUSTOMER
C001822,Amanda,Moyer,Saudi Arabia,Standard,1,4210.77,4210.77,2,1,1,1,10,50.03,50.03,30.0,30.0,0,0,0,2,1,1,0.5,8.0,LOW,NORMAL_CUSTOMER
C001823,Jennifer,Whitaker,Pakistan,Standard,1,1565.68,1565.68,2,1,1,1,10,73.62,73.62,30.0,30.0,0,0,0,2,1,1,0.5,8.0,LOW,NORMAL_CUSTOMER
C001824,Sharon,Nunez,United States,Standard,6,15420.34,2570.06,8,2,6,2,46,67.79,97.97,25.0,45.0,2,0,0,8,6,2,0.75,26.0,MEDIUM,FRICTION_PRONE_CUSTOMER
C001825,Robin,Navarro,Pakistan,Standard,3,6045.53,2015.18,3,0,3,0,20,45.56,73.27,13.33,40.0,1,0,0,3,3,0,1.0,5.0,LOW,LOYAL_LOW_FRICTION_CUSTOMER
C001827,Nicole,Marsh,Saudi Arabia,Standard,1,1543.08,1543.08,3,2,1,2,13,50.97,50.97,60.0,60.0,2,0,1,3,1,2,0.33,36.0,MEDIUM,FRICTION_PRONE_CUSTOMER
C001828,Gregory,Richard,Other,VIP,3,8044.32,2681.44,4,1,3,1,22,45.66,55.73,36.67,70.0,2,0,1,4,3,1,0.75,28.0,MEDIUM,FRICTION_PRONE_CUSTOMER
C001829,Samantha,Howell,United States,Standard,4,9650.58,2412.64,4,0,4,0,27,69.0,89.4,10.0,40.0,1,0,0,4,4,0,1.0,5.0,LOW,LOYAL_LOW_FRICTION_CUSTOMER
C001830,Wendy,Campbell,Saudi Arabia,VIP,1,3350.88,3350.88,3,2,1,2,13,66.88,66.88,65.0,65.0,2,0,1,3,1,2,0.33,36.0,MEDIUM,FRICTION_PRONE_CUSTOMER
C001831,Randy,Curry,Other,Standard,1,2810.02,2810.02,1,0,1,0,7,76.37,76.37,0.0,0.0,0,0,0,1,1,0,1.0,0.0,LOW,NORMAL_CUSTOMER
C001832,Tyler,Estrada,Pakistan,Standard,2,6431.17,3215.58,4,2,2,2,19,69.4,99.58,50.0,100.0,3,1,0,4,2,2,0.5,51.0,HIGH,FRICTION_PRONE_CUSTOMER
C001833,Sharon,Anderson,Pakistan,Premium,1,1917.05,1917.05,1,0,1,0,7,72.92,72.92,0.0,0.0,0,0,0,1,1,0,1.0,0.0,LOW,NORMAL_CUSTOMER
C001835,Sara,Obrien,United States,Standard,1,881.4,881.4,2,1,1,1,10,63.62,63.62,30.0,30.0,0,0,0,2,1,1,0.5,8.0,LOW,NORMAL_CUSTOMER
C001837,Albert,Perry,Saudi Arabia,Standard,2,6296.42,3148.21,2,0,2,0,14,60.94,67.9,0.0,0.0,0,0,0,2,2,0,1.0,0.0,LOW,NORMAL_CUSTOMER
C001838,Ashley,Chaney,United Arab Emirates,Standard,1,2982.61,2982.61,1,0,1,0,7,105.72,105.72,0.0,0.0,0,0,0,1,1,0,1.0,0.0,LOW,NORMAL_CUSTOMER
C001839,Daniel,Torres,Other,Premium,2,5182.39,2591.19,4,2,2,2,20,67.18,79.98,30.0,30.0,0,0,0,4,2,2,0.5,16.0,LOW,FRICTION_PRONE_CUSTOMER
C001841,Justin,Williams,United Arab Emirates,Standard,1,1095.43,1095.43,1,0,1,0,7,63.42,63.42,0.0,0.0,0,0,0,1,1,0,1.0,0.0,LOW,NORMAL_CUSTOMER
C001842,Veronica,Smith,United Arab Emirates,Premium,2,3566.39,1783.2,2,0,2,0,14,81.4,89.88,0.0,0.0,0,0,0,2,2,0,1.0,0.0,LOW,NORMAL_CUSTOMER
C001843,Amy,Ibarra,United Arab Emirates,Standard,1,1548.04,1548.04,1,0,1,0,7,43.97,43.97,0.0,0.0,0,0,0,1,1,0,1.0,0.0,LOW,NORMAL_CUSTOMER
C001844,Troy,Kelly,Pakistan,Standard,1,579.72,579.72,1,0,1,0,7,51.92,51.92,0.0,0.0,0,0,0,1,1,0,1.0,0.0,LOW,NORMAL_CUSTOMER
C001846,Melissa,Clayton,Saudi Arabia,Standard,2,5304.01,2652.0,3,1,2,1,16,80.34,86.47,40.0,45.0,1,0,0,3,2,1,0.67,13.0,LOW,NORMAL_CUSTOMER
C001847,Taylor,Kline,Saudi Arabia,Premium,1,1496.74,1496.74,1,0,1,0,7,30.2,30.2,0.0,0.0,0,0,0,1,1,0,1.0,0.0,LOW,NORMAL_CUSTOMER
C001848,James,Johnson,Saudi Arabia,Premium,3,12972.04,4324.01,4,1,3,1,24,76.6,82.23,10.0,30.0,0,0,0,4,3,1,0.75,8.0,LOW,LOYAL_LOW_FRICTION_CUSTOMER
C001849,Daniel,Brown,Other,Standard,3,9041.33,3013.78,5,2,3,2,26,56.98,61.65,35.0,45.0,1,0,0,5,3,2,0.6,21.0,LOW,FRICTION_PRONE_CUSTOMER
C001850,Francisco,Jordan,Pakistan,Standard,2,3530.26,1765.13,2,0,2,0,14,87.93,96.95,0.0,0.0,0,0,0,2,2,0,1.0,0.0,LOW,NORMAL_CUSTOMER
C001851,Stephen,Williamson,Saudi Arabia,Standard,2,4010.88,2005.44,3,1,2,1,17,68.8,81.4,15.0,30.0,0,0,0,3,2,1,0.67,8.0,LOW,NORMAL_CUSTOMER
C001853,Jacob,Walker,Other,Premium,1,1601.71,1601.71,1,0,1,0,7,81.8,81.8,0.0,0.0,0,0,0,1,1,0,1.0,0.0,LOW,NORMAL_CUSTOMER
C001854,Jill,Scott,United States,Standard,2,2993.2,1496.6,2,0,2,0,13,56.48,72.52,22.5,45.0,1,0,0,2,2,0,1.0,5.0,LOW,NORMAL_CUSTOMER
C001855,Krystal,Peterson,Other,Standard,3,6821.52,2273.84,3,0,3,0,20,66.81,72.92,15.0,45.0,1,0,0,3,3,0,1.0,5.0,LOW,LOYAL_LOW_FRICTION_CUSTOMER
C001856,Ashley,Kelly,Saudi Arabia,Standard,4,8437.09,2109.27,5,1,4,1,30,66.44,77.3,17.5,40.0,1,0,0,5,4,1,0.8,13.0,LOW,LOYAL_LOW_FRICTION_CUSTOMER
C001857,Katherine,Williams,United States,Premium,2,4369.33,2184.66,3,1,2,1,16,55.21,67.95,37.5,75.0,1,0,1,3,2,1,0.67,23.0,LOW,FRICTION_PRONE_CUSTOMER
C001858,Gregory,Rich,United Arab Emirates,Standard,3,10361.31,3453.77,3,0,3,0,20,63.34,78.82,15.0,45.0,1,0,0,3,3,0,1.0,5.0,LOW,LOYAL_LOW_FRICTION_CUSTOMER
C001859,Melissa,Adams,United States,Premium,1,3058.31,3058.31,1,0,1,0,7,53.35,53.35,0.0,0.0,0,0,0,1,1,0,1.0,0.0,LOW,NORMAL_CUSTOMER
C001860,Penny,Hernandez,United Kingdom,Standard,1,3656.77,3656.77,1,0,1,0,7,76.97,76.97,0.0,0.0,0,0,0,1,1,0,1.0,0.0,LOW,NORMAL_CUSTOMER
C001861,Margaret,Vaughn,United States,Premium,1,3116.82,3116.82,1,0,1,0,7,85.77,85.77,0.0,0.0,0,0,0,1,1,0,1.0,0.0,LOW,NORMAL_CUSTOMER
C001862,Zachary,Robertson,United Kingdom,Standard,2,8015.17,4007.58,2,0,2,0,14,94.52,97.25,0.0,0.0,0,0,0,2,2,0,1.0,0.0,LOW,NORMAL_CUSTOMER
C001864,Elizabeth,Mccarthy,Pakistan,Premium,3,9210.62,3070.21,3,0,3,0,21,44.82,46.48,0.0,0.0,0,0,0,3,3,0,1.0,0.0,LOW,LOYAL_LOW_FRICTION_CUSTOMER
C001866,Donald,Kim,Other,Standard,2,5858.13,2929.06,2,0,2,0,14,71.03,98.87,0.0,0.0,0,0,0,2,2,0,1.0,0.0,LOW,NORMAL_CUSTOMER
C001867,Marcus,Bryant,Saudi Arabia,Premium,1,1688.07,1688.07,1,0,1,0,6,76.82,76.82,40.0,40.0,1,0,0,1,1,0,1.0,5.0,LOW,NORMAL_CUSTOMER
C001868,John,Skinner,Saudi Arabia,Standard,1,2695.29,2695.29,2,1,1,1,9,68.7,68.7,70.0,70.0,1,0,1,2,1,1,0.5,23.0,LOW,FRICTION_PRONE_CUSTOMER
C001869,Jose,Rodriguez,Saudi Arabia,Standard,3,6465.46,2155.15,3,0,3,0,20,66.46,89.27,13.33,40.0,1,0,0,3,3,0,1.0,5.0,LOW,LOYAL_LOW_FRICTION_CUSTOMER
C001870,Joe,Rodriguez,United Kingdom,Standard,3,5210.71,1736.9,5,2,3,2,27,80.84,102.3,21.67,65.0,2,0,1,5,3,2,0.6,36.0,MEDIUM,FRICTION_PRONE_CUSTOMER
C001872,Stephanie,Casey,Saudi Arabia,Standard,1,3384.8,3384.8,1,0,1,0,7,39.25,39.25,0.0,0.0,0,0,0,1,1,0,1.0,0.0,LOW,NORMAL_CUSTOMER
C001873,Kevin,Meza,Pakistan,Standard,3,9468.12,3156.04,3,0,3,0,20,46.78,56.5,13.33,40.0,1,0,0,3,3,0,1.0,5.0,LOW,LOYAL_LOW_FRICTION_CUSTOMER
C001874,Jennifer,Colon,United States,Standard,3,7093.91,2364.64,3,0,3,0,21,81.03,88.87,0.0,0.0,0,0,0,3,3,0,1.0,0.0,LOW,LOYAL_LOW_FRICTION_CUSTOMER
C001875,Alexander,Williams,United Kingdom,Standard,2,5996.52,2998.26,2,0,2,0,14,55.64,65.65,0.0,0.0,0,0,0,2,2,0,1.0,0.0,LOW,NORMAL_CUSTOMER
C001876,Desiree,Garcia,Pakistan,Premium,3,7914.78,2638.26,3,0,3,0,21,70.67,79.68,0.0,0.0,0,0,0,3,3,0,1.0,0.0,LOW,LOYAL_LOW_FRICTION_CUSTOMER
C001877,Heather,Soto,Pakistan,Standard,2,3898.93,1949.46,5,3,2,3,23,54.78,54.83,50.0,65.0,2,0,1,5,2,3,0.4,44.0,MEDIUM,FRICTION_PRONE_CUSTOMER
C001879,David,Bartlett,Saudi Arabia,Standard,2,8471.62,4235.81,2,0,2,0,14,64.47,69.22,0.0,0.0,0,0,0,2,2,0,1.0,0.0,LOW,NORMAL_CUSTOMER
C001880,Kurt,Moore,Pakistan,Standard,1,4018.7,4018.7,1,0,1,0,7,75.58,75.58,0.0,0.0,0,0,0,1,1,0,1.0,0.0,LOW,NORMAL_CUSTOMER
C001882,Wayne,Alexander,Other,Standard,4,9639.79,2409.95,5,1,4,1,29,59.16,81.9,30.0,80.0,2,1,0,5,4,1,0.8,38.0,MEDIUM,NORMAL_CUSTOMER
C001883,Paula,Hunter,Pakistan,Standard,1,3008.0,3008.0,2,1,1,1,10,95.93,95.93,30.0,30.0,0,0,0,2,1,1,0.5,8.0,LOW,NORMAL_CUSTOMER
C001885,Larry,Garcia,Saudi Arabia,Premium,3,9136.48,3045.49,4,1,3,1,22,54.59,75.35,40.0,80.0,2,1,0,4,3,1,0.75,38.0,MEDIUM,NORMAL_CUSTOMER
C001886,David,Holland,United Arab Emirates,Standard,1,1365.18,1365.18,1,0,1,0,7,48.73,48.73,0.0,0.0,0,0,0,1,1,0,1.0,0.0,LOW,NORMAL_CUSTOMER
C001888,Kenneth,Taylor,Saudi Arabia,Premium,3,6052.05,2017.35,4,1,3,1,24,73.32,87.5,10.0,30.0,0,0,0,4,3,1,0.75,8.0,LOW,LOYAL_LOW_FRICTION_CUSTOMER
C001889,Christina,Allison,United Kingdom,Premium,1,4702.18,4702.18,2,1,1,1,10,91.63,91.63,35.0,35.0,0,0,0,2,1,1,0.5,8.0,LOW,NORMAL_CUSTOMER
C001890,Jeffrey,Gonzales,Other,Premium,1,4473.8,4473.8,1,0,1,0,6,36.95,36.95,45.0,45.0,1,0,0,1,1,0,1.0,5.0,LOW,NORMAL_CUSTOMER
C001891,Dennis,Perry,Saudi Arabia,Standard,1,4507.88,4507.88,1,0,1,0,7,57.6,57.6,0.0,0.0,0,0,0,1,1,0,1.0,0.0,LOW,NORMAL_CUSTOMER
C001893,Julie,Sanchez,United States,Standard,1,2511.07,2511.07,1,0,1,0,6,59.92,59.92,45.0,45.0,1,0,0,1,1,0,1.0,5.0,LOW,NORMAL_CUSTOMER
C001894,Catherine,Lamb,Saudi Arabia,Standard,4,15532.44,3883.11,5,1,4,1,29,71.33,85.6,28.75,75.0,2,0,1,5,4,1,0.8,28.0,MEDIUM,FRICTION_PRONE_CUSTOMER
C001895,Robert,Peterson,Pakistan,Standard,2,4899.39,2449.7,3,1,2,1,17,76.47,88.33,15.0,30.0,0,0,0,3,2,1,0.67,8.0,LOW,NORMAL_CUSTOMER
C001896,Andrea,Wagner,United Kingdom,Standard,3,11182.58,3727.53,4,1,3,1,24,74.39,102.63,11.67,35.0,0,0,0,4,3,1,0.75,8.0,LOW,LOYAL_LOW_FRICTION_CUSTOMER
C001897,Thomas,Miller,Pakistan,Premium,1,1308.39,1308.39,1,0,1,0,7,37.33,37.33,0.0,0.0,0,0,0,1,1,0,1.0,0.0,LOW,NORMAL_CUSTOMER
C001899,Elizabeth,Fischer,United Arab Emirates,Premium,1,1930.83,1930.83,1,0,1,0,7,82.22,82.22,0.0,0.0,0,0,0,1,1,0,1.0,0.0,LOW,NORMAL_CUSTOMER
C001900,Jeffery,Ward,United States,Premium,2,6377.75,3188.88,3,1,2,1,17,85.84,86.83,15.0,30.0,0,0,0,3,2,1,0.67,8.0,LOW,NORMAL_CUSTOMER
C001901,John,Ortega,Pakistan,Standard,2,7577.81,3788.9,2,0,2,0,14,77.66,77.92,0.0,0.0,0,0,0,2,2,0,1.0,0.0,LOW,NORMAL_CUSTOMER
C001902,Karen,Hernandez,Saudi Arabia,Premium,1,900.21,900.21,2,1,1,1,9,82.05,82.05,75.0,75.0,1,0,1,2,1,1,0.5,23.0,LOW,FRICTION_PRONE_CUSTOMER
C001903,Morgan,Molina,United States,Standard,2,5490.04,2745.02,4,2,2,2,20,45.7,53.42,32.5,65.0,2,0,1,4,2,2,0.5,36.0,MEDIUM,FRICTION_PRONE_CUSTOMER
C001904,Christopher,Fisher,Saudi Arabia,Standard,2,4231.97,2115.98,2,0,2,0,13,43.34,53.7,20.0,40.0,1,0,0,2,2,0,1.0,5.0,LOW,NORMAL_CUSTOMER
C001905,Sean,Perez,United Kingdom,Premium,1,757.52,757.52,1,0,1,0,6,80.73,80.73,45.0,45.0,1,0,0,1,1,0,1.0,5.0,LOW,NORMAL_CUSTOMER
C001907,Christian,Gutierrez,Other,Standard,3,8501.6,2833.87,5,2,3,2,26,82.51,104.3,33.33,100.0,3,1,0,5,3,2,0.6,51.0,HIGH,FRICTION_PRONE_CUSTOMER
C001908,Anne,Ortiz,United Arab Emirates,Standard,5,16223.7,3244.74,5,0,5,0,34,67.87,96.88,9.0,45.0,1,0,0,5,5,0,1.0,5.0,LOW,LOYAL_LOW_FRICTION_CUSTOMER
C001909,Bryan,Ellis,United Arab Emirates,Premium,2,7130.5,3565.25,2,0,2,0,14,63.72,81.62,0.0,0.0,0,0,0,2,2,0,1.0,0.0,LOW,NORMAL_CUSTOMER
C001910,Amy,Phelps,Saudi Arabia,Standard,3,7161.05,2387.02,5,2,3,2,24,83.94,97.67,65.0,80.0,3,1,1,5,3,2,0.6,61.0,HIGH,FRICTION_PRONE_CUSTOMER
C001911,William,Norton,United Arab Emirates,Standard,2,7565.65,3782.82,2,0,2,0,14,74.38,77.48,0.0,0.0,0,0,0,2,2,0,1.0,0.0,LOW,NORMAL_CUSTOMER
C001912,Ashley,Cox,Other,Standard,1,2538.53,2538.53,1,0,1,0,6,57.77,57.77,40.0,40.0,1,0,0,1,1,0,1.0,5.0,LOW,NORMAL_CUSTOMER
C001913,Edward,Johnson,Other,Premium,1,2348.26,2348.26,1,0,1,0,7,64.43,64.43,0.0,0.0,0,0,0,1,1,0,1.0,0.0,LOW,NORMAL_CUSTOMER
C001914,Mark,Thomas,United Arab Emirates,Standard,3,10241.76,3413.92,6,3,3,3,28,43.71,66.68,58.33,100.0,4,1,1,6,3,3,0.5,74.0,HIGH,FRICTION_PRONE_CUSTOMER
C001915,Abigail,Smith,United Arab Emirates,Standard,3,9368.98,3122.99,7,4,3,4,33,79.53,103.75,45.0,65.0,2,0,1,7,3,4,0.43,52.0,HIGH,FRICTION_PRONE_CUSTOMER
C001917,Jamie,Acevedo,Other,Standard,1,2909.82,2909.82,2,1,1,1,9,55.93,55.93,80.0,80.0,1,1,0,2,1,1,0.5,33.0,MEDIUM,NORMAL_CUSTOMER
C001918,Brandy,Miller,Pakistan,Standard,3,10031.8,3343.93,4,1,3,1,23,57.44,61.78,25.0,45.0,1,0,0,4,3,1,0.75,13.0,LOW,LOYAL_LOW_FRICTION_CUSTOMER
C001919,Christopher,Edwards,United Arab Emirates,Standard,1,2092.84,2092.84,1,0,1,0,7,61.5,61.5,0.0,0.0,0,0,0,1,1,0,1.0,0.0,LOW,NORMAL_CUSTOMER
C001920,William,Holden,United Arab Emirates,Standard,1,3495.95,3495.95,1,0,1,0,7,55.32,55.32,0.0,0.0,0,0,0,1,1,0,1.0,0.0,LOW,NORMAL_CUSTOMER
C001921,Lindsey,Martin,United Kingdom,Standard,3,7521.16,2507.05,6,3,3,3,28,62.78,78.47,60.0,75.0,4,0,2,6,3,3,0.5,64.0,HIGH,FRICTION_PRONE_CUSTOMER
C001923,William,Malone,Pakistan,Standard,1,2231.73,2231.73,2,1,1,1,9,88.9,88.9,70.0,70.0,1,0,1,2,1,1,0.5,23.0,LOW,FRICTION_PRONE_CUSTOMER
C001925,Brian,May,United States,Standard,2,5833.57,2916.78,2,0,2,0,12,60.76,63.57,42.5,45.0,2,0,0,2,2,0,1.0,10.0,LOW,NORMAL_CUSTOMER
C001926,Steven,Orr,Saudi Arabia,Standard,3,9843.86,3281.29,3,0,3,0,21,82.52,85.28,0.0,0.0,0,0,0,3,3,0,1.0,0.0,LOW,LOYAL_LOW_FRICTION_CUSTOMER
C001927,Lindsay,Brown,Pakistan,Standard,1,3558.39,3558.39,1,0,1,0,7,84.37,84.37,0.0,0.0,0,0,0,1,1,0,1.0,0.0,LOW,NORMAL_CUSTOMER
C001928,Jennifer,Welch,United Arab Emirates,Standard,2,6795.3,3397.65,3,1,2,1,16,75.01,94.45,35.0,40.0,1,0,0,3,2,1,0.67,13.0,LOW,NORMAL_CUSTOMER
C001929,Randy,Reeves,Pakistan,Standard,1,3129.96,3129.96,1,0,1,0,7,85.37,85.37,0.0,0.0,0,0,0,1,1,0,1.0,0.0,LOW,NORMAL_CUSTOMER
C001930,Lisa,Guerrero,Saudi Arabia,Standard,2,5259.68,2629.84,2,0,2,0,13,44.52,52.82,22.5,45.0,1,0,0,2,2,0,1.0,5.0,LOW,NORMAL_CUSTOMER
C001931,Julie,Meyer,Pakistan,Standard,2,3080.14,1540.07,4,2,2,2,19,59.36,71.4,50.0,100.0,3,1,0,4,2,2,0.5,51.0,HIGH,FRICTION_PRONE_CUSTOMER
C001932,Beth,Phillips,Pakistan,VIP,4,15562.81,3890.7,5,1,4,1,29,65.8,91.5,30.0,45.0,2,0,0,5,4,1,0.8,18.0,LOW,NORMAL_CUSTOMER
C001933,Brandon,Morales,Pakistan,Standard,4,8802.8,2200.7,4,0,4,0,28,58.68,89.3,0.0,0.0,0,0,0,4,4,0,1.0,0.0,LOW,LOYAL_LOW_FRICTION_CUSTOMER
C001934,Melvin,Becker,Pakistan,Premium,1,3790.63,3790.63,1,0,1,0,7,60.2,60.2,0.0,0.0,0,0,0,1,1,0,1.0,0.0,LOW,NORMAL_CUSTOMER
C001937,Sarah,Newton,Saudi Arabia,Premium,3,7346.61,2448.87,4,1,3,1,24,75.99,107.38,10.0,30.0,0,0,0,4,3,1,0.75,8.0,LOW,LOYAL_LOW_FRICTION_CUSTOMER
C001939,Sarah,Smith,United Arab Emirates,Standard,2,4738.92,2369.46,3,1,2,1,16,75.57,76.52,37.5,45.0,1,0,0,3,2,1,0.67,13.0,LOW,NORMAL_CUSTOMER
C001940,Anthony,Ramirez,Saudi Arabia,VIP,4,12442.44,3110.61,8,4,4,4,39,78.67,92.75,41.25,100.0,5,1,1,8,4,4,0.5,87.0,CRITICAL,HIGH_RISK_CUSTOMER
C001941,Robert,Rose,Saudi Arabia,Standard,1,1512.94,1512.94,1,0,1,0,7,70.75,70.75,0.0,0.0,0,0,0,1,1,0,1.0,0.0,LOW,NORMAL_CUSTOMER
C001943,Katie,Graves,United States,Standard,1,2620.08,2620.08,1,0,1,0,7,34.18,34.18,0.0,0.0,0,0,0,1,1,0,1.0,0.0,LOW,NORMAL_CUSTOMER
C001944,Tiffany,Griffin,United Kingdom,Premium,2,2760.72,1380.36,4,2,2,2,20,79.19,93.78,30.0,60.0,2,0,1,4,2,2,0.5,36.0,MEDIUM,FRICTION_PRONE_CUSTOMER
C001945,Debbie,Harris,United States,Premium,2,4885.31,2442.65,5,3,2,3,22,67.83,81.52,67.5,70.0,3,0,2,5,2,3,0.4,59.0,HIGH,FRICTION_PRONE_CUSTOMER
C001947,Victoria,Kramer,United Arab Emirates,Standard,3,8847.82,2949.27,6,3,3,3,30,70.55,76.23,30.0,60.0,2,0,1,6,3,3,0.5,44.0,MEDIUM,FRICTION_PRONE_CUSTOMER
C001948,Patrick,Pearson,Saudi Arabia,Premium,2,5284.51,2642.26,2,0,2,0,14,97.2,102.97,0.0,0.0,0,0,0,2,2,0,1.0,0.0,LOW,NORMAL_CUSTOMER
C001949,Molly,Terry,United Arab Emirates,Standard,2,4035.51,2017.76,3,1,2,1,17,58.68,70.95,17.5,35.0,0,0,0,3,2,1,0.67,8.0,LOW,NORMAL_CUSTOMER
C001950,Rebecca,Barron,United Arab Emirates,Standard,1,3452.21,3452.21,1,0,1,0,6,69.65,69.65,45.0,45.0,1,0,0,1,1,0,1.0,5.0,LOW,NORMAL_CUSTOMER
C001951,Nicholas,Harrington,Saudi Arabia,Standard,2,2352.69,1176.34,2,0,2,0,13,39.21,48.85,20.0,40.0,1,0,0,2,2,0,1.0,5.0,LOW,NORMAL_CUSTOMER
C001952,Felicia,Sullivan,Saudi Arabia,Standard,2,6774.69,3387.34,4,2,2,2,20,65.2,72.98,32.5,65.0,2,0,1,4,2,2,0.5,36.0,MEDIUM,FRICTION_PRONE_CUSTOMER
C001954,Amber,Turner,United Kingdom,Premium,1,1632.44,1632.44,1,0,1,0,7,68.55,68.55,0.0,0.0,0,0,0,1,1,0,1.0,0.0,LOW,NORMAL_CUSTOMER
C001956,Michael,Cook,Other,Standard,3,5540.53,1846.84,3,0,3,0,21,66.2,89.45,0.0,0.0,0,0,0,3,3,0,1.0,0.0,LOW,LOYAL_LOW_FRICTION_CUSTOMER
C001957,Gregory,Hardy,Pakistan,Standard,2,3307.48,1653.74,2,0,2,0,14,61.4,63.25,0.0,0.0,0,0,0,2,2,0,1.0,0.0,LOW,NORMAL_CUSTOMER
C001959,Allison,Martinez,Pakistan,Standard,3,10837.59,3612.53,3,0,3,0,19,66.44,77.25,26.67,40.0,2,0,0,3,3,0,1.0,10.0,LOW,LOYAL_LOW_FRICTION_CUSTOMER
C001960,Jessica,Braun,United States,Standard,3,5222.43,1740.81,4,1,3,1,24,72.08,88.02,10.0,30.0,0,0,0,4,3,1,0.75,8.0,LOW,LOYAL_LOW_FRICTION_CUSTOMER
C001961,Jeffrey,Campbell,Saudi Arabia,Standard,4,15473.59,3868.4,6,2,4,2,33,65.86,85.32,26.25,65.0,3,0,1,6,4,2,0.67,41.0,MEDIUM,FRICTION_PRONE_CUSTOMER
C001962,Adam,Davis,United Arab Emirates,Standard,2,5763.88,2881.94,2,0,2,0,12,64.15,94.87,40.0,40.0,2,0,0,2,2,0,1.0,10.0,LOW,NORMAL_CUSTOMER
C001964,Kenneth,Boyd,United Arab Emirates,Standard,1,4473.8,4473.8,2,1,1,1,10,41.03,41.03,30.0,30.0,0,0,0,2,1,1,0.5,8.0,LOW,NORMAL_CUSTOMER
C001967,Amanda,Johnson,Saudi Arabia,Standard,1,3892.27,3892.27,1,0,1,0,7,34.45,34.45,0.0,0.0,0,0,0,1,1,0,1.0,0.0,LOW,NORMAL_CUSTOMER
C001968,Madeline,Hogan,United Arab Emirates,Premium,1,2463.74,2463.74,1,0,1,0,6,72.6,72.6,45.0,45.0,1,0,0,1,1,0,1.0,5.0,LOW,NORMAL_CUSTOMER
C001969,John,Vargas,United Arab Emirates,Premium,3,8184.03,2728.01,3,0,3,0,21,70.47,88.67,0.0,0.0,0,0,0,3,3,0,1.0,0.0,LOW,LOYAL_LOW_FRICTION_CUSTOMER
C001970,Michael,Allen,Saudi Arabia,Standard,4,7760.58,1940.14,6,2,4,2,33,56.77,79.4,25.0,70.0,1,0,1,6,4,2,0.67,31.0,MEDIUM,FRICTION_PRONE_CUSTOMER
C001971,Joshua,Schroeder,Saudi Arabia,Standard,2,4956.78,2478.39,3,1,2,1,17,73.58,77.62,15.0,30.0,0,0,0,3,2,1,0.67,8.0,LOW,NORMAL_CUSTOMER
C001973,Jessica,Benitez,Saudi Arabia,Standard,1,4730.04,4730.04,1,0,1,0,7,75.38,75.38,0.0,0.0,0,0,0,1,1,0,1.0,0.0,LOW,NORMAL_CUSTOMER
C001974,Daniel,Rodriguez,Pakistan,Standard,3,7452.27,2484.09,3,0,3,0,20,51.29,67.67,13.33,40.0,1,0,0,3,3,0,1.0,5.0,LOW,LOYAL_LOW_FRICTION_CUSTOMER
C001975,Lisa,Brown,Saudi Arabia,VIP,1,2010.33,2010.33,3,2,1,2,13,64.6,64.6,65.0,65.0,2,0,1,3,1,2,0.33,36.0,MEDIUM,FRICTION_PRONE_CUSTOMER
C001976,Robert,Watson,Other,Standard,2,6692.44,3346.22,2,0,2,0,14,39.46,41.38,0.0,0.0,0,0,0,2,2,0,1.0,0.0,LOW,NORMAL_CUSTOMER
C001977,Katie,Sims,Saudi Arabia,Standard,1,4969.27,4969.27,1,0,1,0,7,45.65,45.65,0.0,0.0,0,0,0,1,1,0,1.0,0.0,LOW,NORMAL_CUSTOMER
C001978,Nicole,Gomez,United Arab Emirates,Standard,3,6454.25,2151.42,3,0,3,0,20,69.49,90.43,13.33,40.0,1,0,0,3,3,0,1.0,5.0,LOW,LOYAL_LOW_FRICTION_CUSTOMER
C001980,Jamie,Curtis,United States,Standard,2,5625.09,2812.54,4,2,2,2,20,72.72,75.4,32.5,65.0,2,0,1,4,2,2,0.5,36.0,MEDIUM,FRICTION_PRONE_CUSTOMER
C001981,Craig,Martinez,Saudi Arabia,Standard,1,2258.6,2258.6,1,0,1,0,7,28.62,28.62,0.0,0.0,0,0,0,1,1,0,1.0,0.0,LOW,NORMAL_CUSTOMER
C001982,Arthur,Evans,United States,Standard,2,5369.78,2684.89,2,0,2,0,13,83.15,90.55,20.0,40.0,1,0,0,2,2,0,1.0,5.0,LOW,NORMAL_CUSTOMER
C001983,Carla,Doyle,United Arab Emirates,Standard,3,8706.66,2902.22,4,1,3,1,22,71.58,78.23,40.0,45.0,2,0,0,4,3,1,0.75,18.0,LOW,NORMAL_CUSTOMER
C001985,Brandon,Bird,Saudi Arabia,Standard,1,4667.19,4667.19,1,0,1,0,7,48.2,48.2,0.0,0.0,0,0,0,1,1,0,1.0,0.0,LOW,NORMAL_CUSTOMER
C001986,Joy,Trujillo,Saudi Arabia,Standard,4,10282.66,2570.66,4,0,4,0,28,73.48,84.67,0.0,0.0,0,0,0,4,4,0,1.0,0.0,LOW,LOYAL_LOW_FRICTION_CUSTOMER
C001987,Richard,Zhang,United Kingdom,Standard,5,19064.97,3812.99,5,0,5,0,33,52.78,77.5,17.0,45.0,2,0,0,5,5,0,1.0,10.0,LOW,LOYAL_LOW_FRICTION_CUSTOMER
C001988,Jimmy,Cunningham,United Arab Emirates,Standard,2,1814.66,907.33,2,0,2,0,13,52.7,61.88,20.0,40.0,1,0,0,2,2,0,1.0,5.0,LOW,NORMAL_CUSTOMER
C001989,Jeff,Kline,United Arab Emirates,Standard,2,3602.31,1801.16,4,2,2,2,20,71.28,91.95,30.0,60.0,2,0,1,4,2,2,0.5,36.0,MEDIUM,FRICTION_PRONE_CUSTOMER
C001990,Michelle,Burton,United Kingdom,Standard,1,4536.21,4536.21,1,0,1,0,6,55.42,55.42,45.0,45.0,1,0,0,1,1,0,1.0,5.0,LOW,NORMAL_CUSTOMER
C001991,Brian,Ferguson,United States,Standard,2,5944.73,2972.36,4,2,2,2,20,62.04,72.22,32.5,65.0,2,0,1,4,2,2,0.5,36.0,MEDIUM,FRICTION_PRONE_CUSTOMER
C001992,William,Larson,Saudi Arabia,Standard,3,9200.08,3066.69,3,0,3,0,20,65.96,70.92,13.33,40.0,1,0,0,3,3,0,1.0,5.0,LOW,LOYAL_LOW_FRICTION_CUSTOMER
C001993,Keith,Bell,Pakistan,Standard,1,852.46,852.46,1,0,1,0,7,89.57,89.57,0.0,0.0,0,0,0,1,1,0,1.0,0.0,LOW,NORMAL_CUSTOMER
C001994,Lisa,Mitchell,Saudi Arabia,Standard,3,11406.96,3802.32,3,0,3,0,20,78.13,87.33,13.33,40.0,1,0,0,3,3,0,1.0,5.0,LOW,LOYAL_LOW_FRICTION_CUSTOMER
C001995,Jessica,Glover,United States,Standard,2,6841.65,3420.82,2,0,2,0,14,48.04,52.38,0.0,0.0,0,0,0,2,2,0,1.0,0.0,LOW,NORMAL_CUSTOMER
C001996,Luis,Espinoza,United Kingdom,Standard,1,3946.46,3946.46,1,0,1,0,7,63.58,63.58,0.0,0.0,0,0,0,1,1,0,1.0,0.0,LOW,NORMAL_CUSTOMER
C001997,Carla,Chambers,Other,Standard,6,14576.83,2429.47,6,0,6,0,39,71.71,87.67,21.67,45.0,3,0,0,6,6,0,1.0,15.0,LOW,LOYAL_LOW_FRICTION_CUSTOMER
C001998,Emily,Klein,Saudi Arabia,Standard,3,6632.74,2210.91,3,0,3,0,21,75.26,86.25,0.0,0.0,0,0,0,3,3,0,1.0,0.0,LOW,LOYAL_LOW_FRICTION_CUSTOMER
C001999,Malik,Stone,Saudi Arabia,Standard,3,6941.23,2313.74,4,1,3,1,24,48.08,57.9,10.0,30.0,0,0,0,4,3,1,0.75,8.0,LOW,LOYAL_LOW_FRICTION_CUSTOMER
C002000,Kevin,Wright,Saudi Arabia,Standard,1,700.05,700.05,2,1,1,1,10,86.5,86.5,30.0,30.0,0,0,0,2,1,1,0.5,8.0,LOW,NORMAL_CUSTOMER
C002001,Douglas,Murphy,Saudi Arabia,VIP,2,7090.14,3545.07,3,1,2,1,16,84.47,93.47,35.0,40.0,1,0,0,3,2,1,0.67,13.0,LOW,NORMAL_CUSTOMER
C002002,Donna,Aguilar,Saudi Arabia,Standard,2,3490.45,1745.22,3,1,2,1,16,92.92,95.3,35.0,70.0,1,0,1,3,2,1,0.67,23.0,LOW,FRICTION_PRONE_CUSTOMER
C002004,Kevin,Ward,Saudi Arabia,Standard,4,12534.94,3133.73,6,2,4,2,34,67.82,104.75,16.25,65.0,2,0,1,6,4,2,0.67,36.0,MEDIUM,FRICTION_PRONE_CUSTOMER
C002005,Bruce,Garcia,Saudi Arabia,Standard,1,3980.58,3980.58,2,1,1,1,9,46.62,46.62,75.0,75.0,1,0,1,2,1,1,0.5,23.0,LOW,FRICTION_PRONE_CUSTOMER
C002006,Stacy,Dawson,United States,Standard,2,4267.39,2133.69,2,0,2,0,13,72.3,80.32,22.5,45.0,1,0,0,2,2,0,1.0,5.0,LOW,NORMAL_CUSTOMER
C002007,Nichole,Poole,United Arab Emirates,Standard,1,3043.44,3043.44,1,0,1,0,7,74.38,74.38,0.0,0.0,0,0,0,1,1,0,1.0,0.0,LOW,NORMAL_CUSTOMER
C002008,Rhonda,Miller,United States,Standard,2,5327.73,2663.86,2,0,2,0,14,72.87,104.2,0.0,0.0,0,0,0,2,2,0,1.0,0.0,LOW,NORMAL_CUSTOMER
C002009,Connie,Brown,Saudi Arabia,Standard,1,1154.24,1154.24,2,1,1,1,9,98.03,98.03,70.0,70.0,1,0,1,2,1,1,0.5,23.0,LOW,FRICTION_PRONE_CUSTOMER
C002010,Ronald,Beasley,United Arab Emirates,VIP,1,2553.4,2553.4,2,1,1,1,9,48.93,48.93,75.0,75.0,1,0,1,2,1,1,0.5,23.0,LOW,FRICTION_PRONE_CUSTOMER
C002011,Tyler,Alvarez,Saudi Arabia,Standard,2,8342.82,4171.41,3,1,2,1,16,69.01,78.5,35.0,70.0,1,0,1,3,2,1,0.67,23.0,LOW,FRICTION_PRONE_CUSTOMER
C002012,Teresa,Griffin,Saudi Arabia,Standard,4,7481.85,1870.46,8,4,4,4,39,66.86,95.6,40.0,95.0,3,1,0,8,4,4,0.5,67.0,HIGH,FRICTION_PRONE_CUSTOMER
C002013,Shelly,Wood,Other,Premium,1,975.97,975.97,1,0,1,0,7,49.82,49.82,0.0,0.0,0,0,0,1,1,0,1.0,0.0,LOW,NORMAL_CUSTOMER
C002014,Emily,Fox,Saudi Arabia,Premium,2,8838.51,4419.26,3,1,2,1,17,60.65,73.57,15.0,30.0,0,0,0,3,2,1,0.67,8.0,LOW,NORMAL_CUSTOMER
C002015,Kristi,Chapman,Pakistan,Standard,3,9580.4,3193.47,4,1,3,1,24,57.56,65.32,10.0,30.0,0,0,0,4,3,1,0.75,8.0,LOW,LOYAL_LOW_FRICTION_CUSTOMER
C002016,Lucas,Stone,United Arab Emirates,Standard,1,1740.96,1740.96,2,1,1,1,9,65.35,65.35,70.0,70.0,1,0,1,2,1,1,0.5,23.0,LOW,FRICTION_PRONE_CUSTOMER
C002017,Robert,Foster,United Arab Emirates,Standard,1,2886.32,2886.32,1,0,1,0,6,51.9,51.9,40.0,40.0,1,0,0,1,1,0,1.0,5.0,LOW,NORMAL_CUSTOMER
C002018,Edward,Baker,Other,Standard,3,7495.15,2498.38,8,5,3,5,35,88.81,94.42,65.0,100.0,5,1,1,8,3,5,0.38,95.0,CRITICAL,HIGH_RISK_CUSTOMER
C002020,Karen,Henderson,United Kingdom,Standard,1,971.92,971.92,1,0,1,0,7,85.95,85.95,0.0,0.0,0,0,0,1,1,0,1.0,0.0,LOW,NORMAL_CUSTOMER
C002022,Melissa,Galvan,Pakistan,Premium,1,3786.37,3786.37,1,0,1,0,6,32.6,32.6,45.0,45.0,1,0,0,1,1,0,1.0,5.0,LOW,NORMAL_CUSTOMER
C002023,Kevin,Burns,Other,Premium,1,4498.22,4498.22,1,0,1,0,7,47.57,47.57,0.0,0.0,0,0,0,1,1,0,1.0,0.0,LOW,NORMAL_CUSTOMER
C002024,Jasmine,Mcpherson,Saudi Arabia,Standard,1,4034.6,4034.6,1,0,1,0,7,50.33,50.33,0.0,0.0,0,0,0,1,1,0,1.0,0.0,LOW,NORMAL_CUSTOMER
C002025,Linda,Colon,United Arab Emirates,Standard,2,7573.42,3786.71,2,0,2,0,13,72.2,81.52,20.0,40.0,1,0,0,2,2,0,1.0,5.0,LOW,NORMAL_CUSTOMER
C002027,Anna,Martinez,United Kingdom,Standard,2,6840.24,3420.12,4,2,2,2,19,57.24,57.58,50.0,100.0,3,1,0,4,2,2,0.5,51.0,HIGH,FRICTION_PRONE_CUSTOMER
C002028,Tammy,Dawson,Other,Standard,1,2517.25,2517.25,2,1,1,1,9,87.85,87.85,80.0,80.0,1,1,0,2,1,1,0.5,33.0,MEDIUM,NORMAL_CUSTOMER
C002029,Angela,Anderson,Saudi Arabia,Premium,1,4071.52,4071.52,1,0,1,0,7,69.9,69.9,0.0,0.0,0,0,0,1,1,0,1.0,0.0,LOW,NORMAL_CUSTOMER
C002031,John,Boyer,Saudi Arabia,Standard,1,3020.47,3020.47,1,0,1,0,7,47.35,47.35,0.0,0.0,0,0,0,1,1,0,1.0,0.0,LOW,NORMAL_CUSTOMER
C002032,James,Wilson,Pakistan,Standard,1,2999.8,2999.8,1,0,1,0,7,76.65,76.65,0.0,0.0,0,0,0,1,1,0,1.0,0.0,LOW,NORMAL_CUSTOMER
C002033,Deborah,Lewis,United Arab Emirates,VIP,4,15462.81,3865.7,7,3,4,3,35,69.22,97.48,45.0,75.0,2,0,2,7,4,3,0.57,54.0,HIGH,FRICTION_PRONE_CUSTOMER
C002034,Sandra,Kennedy,Other,Premium,3,4718.36,1572.79,3,0,3,0,21,54.36,59.67,0.0,0.0,0,0,0,3,3,0,1.0,0.0,LOW,LOYAL_LOW_FRICTION_CUSTOMER
C002036,Christopher,Raymond,United Arab Emirates,Standard,2,3957.48,1978.74,2,0,2,0,14,73.6,80.52,0.0,0.0,0,0,0,2,2,0,1.0,0.0,LOW,NORMAL_CUSTOMER
C002038,James,Crane,Saudi Arabia,Standard,2,4062.94,2031.47,2,0,2,0,13,72.47,72.75,22.5,45.0,1,0,0,2,2,0,1.0,5.0,LOW,NORMAL_CUSTOMER
C002039,Joseph,Guzman,Saudi Arabia,Standard,4,11817.07,2954.27,6,2,4,2,34,70.08,91.18,16.25,65.0,2,0,1,6,4,2,0.67,36.0,MEDIUM,FRICTION_PRONE_CUSTOMER
C002040,Emily,Ortiz,Saudi Arabia,Premium,1,1840.77,1840.77,1,0,1,0,7,67.87,67.87,0.0,0.0,0,0,0,1,1,0,1.0,0.0,LOW,NORMAL_CUSTOMER
C002041,Carrie,Martinez,Other,Standard,4,10039.08,2509.77,5,1,4,1,31,62.36,81.83,7.5,30.0,0,0,0,5,4,1,0.8,8.0,LOW,LOYAL_LOW_FRICTION_CUSTOMER
C002042,Morgan,Armstrong,Pakistan,Standard,4,16961.12,4240.28,4,0,4,0,27,60.42,84.3,11.25,45.0,1,0,0,4,4,0,1.0,5.0,LOW,LOYAL_LOW_FRICTION_CUSTOMER
C002043,Jacob,Williams,Pakistan,Standard,3,11425.07,3808.36,3,0,3,0,20,61.85,75.72,13.33,40.0,1,0,0,3,3,0,1.0,5.0,LOW,LOYAL_LOW_FRICTION_CUSTOMER
C002044,Kathleen,Hernandez,Saudi Arabia,Standard,2,6870.14,3435.07,2,0,2,0,14,66.45,69.37,0.0,0.0,0,0,0,2,2,0,1.0,0.0,LOW,NORMAL_CUSTOMER
C002045,Jennifer,Watson,Other,Standard,4,9557.28,2389.32,4,0,4,0,27,58.86,67.23,10.0,40.0,1,0,0,4,4,0,1.0,5.0,LOW,LOYAL_LOW_FRICTION_CUSTOMER
C002046,Angelica,Ritter,United Kingdom,Standard,1,3906.76,3906.76,3,2,1,2,13,59.98,59.98,65.0,65.0,2,0,1,3,1,2,0.33,36.0,MEDIUM,FRICTION_PRONE_CUSTOMER
C002047,Timothy,Turner,Saudi Arabia,Standard,2,2453.45,1226.72,3,1,2,1,17,55.61,57.6,17.5,35.0,0,0,0,3,2,1,0.67,8.0,LOW,NORMAL_CUSTOMER
C002048,Molly,Tucker,United Kingdom,Standard,1,1680.43,1680.43,1,0,1,0,7,63.57,63.57,0.0,0.0,0,0,0,1,1,0,1.0,0.0,LOW,NORMAL_CUSTOMER
C002049,Mason,Moody,Pakistan,Premium,3,9103.95,3034.65,5,2,3,2,26,64.88,92.77,33.33,100.0,3,1,0,5,3,2,0.6,51.0,HIGH,FRICTION_PRONE_CUSTOMER
C002050,Susan,Thomas,Saudi Arabia,Standard,1,3120.78,3120.78,1,0,1,0,6,32.62,32.62,45.0,45.0,1,0,0,1,1,0,1.0,5.0,LOW,NORMAL_CUSTOMER
C002051,Alexis,Lawrence,United Arab Emirates,Standard,1,899.63,899.63,1,0,1,0,7,88.78,88.78,0.0,0.0,0,0,0,1,1,0,1.0,0.0,LOW,NORMAL_CUSTOMER
C002052,Sharon,Williams,United Arab Emirates,Standard,3,7892.76,2630.92,3,0,3,0,21,50.01,68.65,0.0,0.0,0,0,0,3,3,0,1.0,0.0,LOW,LOYAL_LOW_FRICTION_CUSTOMER
C002053,Suzanne,Shannon,Saudi Arabia,Standard,2,7847.06,3923.53,4,2,2,2,19,70.94,77.82,50.0,70.0,1,0,1,4,2,2,0.5,31.0,MEDIUM,FRICTION_PRONE_CUSTOMER
C002054,David,Small,Other,Premium,2,7894.67,3947.34,4,2,2,2,20,98.24,100.2,32.5,65.0,2,0,1,4,2,2,0.5,36.0,MEDIUM,FRICTION_PRONE_CUSTOMER
C002055,Yvonne,Lewis,United States,Standard,1,1786.13,1786.13,3,2,1,2,12,69.57,69.57,100.0,100.0,3,1,0,3,1,2,0.33,51.0,HIGH,FRICTION_PRONE_CUSTOMER
C002056,Timothy,Fuentes,United Kingdom,Standard,1,3605.09,3605.09,2,1,1,1,9,69.32,69.32,70.0,70.0,1,0,1,2,1,1,0.5,23.0,LOW,FRICTION_PRONE_CUSTOMER
C002057,John,Burns,United Arab Emirates,VIP,3,7573.37,2524.46,5,2,3,2,26,84.66,96.75,35.0,75.0,1,0,1,5,3,2,0.6,31.0,MEDIUM,FRICTION_PRONE_CUSTOMER
C002059,James,Bailey,United Kingdom,Standard,1,3224.76,3224.76,1,0,1,0,7,64.55,64.55,0.0,0.0,0,0,0,1,1,0,1.0,0.0,LOW,NORMAL_CUSTOMER
C002060,Rose,Harrell,Pakistan,Standard,1,1387.41,1387.41,1,0,1,0,6,66.45,66.45,40.0,40.0,1,0,0,1,1,0,1.0,5.0,LOW,NORMAL_CUSTOMER
C002061,Andrea,Butler,Saudi Arabia,Standard,2,5931.91,2965.96,2,0,2,0,13,59.33,70.38,22.5,45.0,1,0,0,2,2,0,1.0,5.0,LOW,NORMAL_CUSTOMER
C002062,Kimberly,Berry,Pakistan,Premium,2,4768.37,2384.18,2,0,2,0,14,88.44,90.92,0.0,0.0,0,0,0,2,2,0,1.0,0.0,LOW,NORMAL_CUSTOMER
C002063,Oscar,Knight,United States,Standard,2,5213.53,2606.77,3,1,2,1,17,70.5,73.83,15.0,30.0,0,0,0,3,2,1,0.67,8.0,LOW,NORMAL_CUSTOMER
C002064,Amanda,Mccullough,United Arab Emirates,Standard,3,11526.11,3842.04,6,3,3,3,29,89.42,105.05,45.0,60.0,3,0,1,6,3,3,0.5,49.0,MEDIUM,FRICTION_PRONE_CUSTOMER
C002065,Michael,Harrington,Saudi Arabia,Standard,3,6738.13,2246.04,3,0,3,0,19,44.01,48.18,26.67,40.0,2,0,0,3,3,0,1.0,10.0,LOW,LOYAL_LOW_FRICTION_CUSTOMER
C002066,Jose,Alvarez,United States,Standard,2,3206.81,1603.4,4,2,2,2,18,77.62,80.67,70.0,100.0,4,1,0,4,2,2,0.5,56.0,HIGH,FRICTION_PRONE_CUSTOMER
C002067,William,Cortez,Saudi Arabia,Premium,2,2653.96,1326.98,2,0,2,0,13,75.98,79.33,22.5,45.0,1,0,0,2,2,0,1.0,5.0,LOW,NORMAL_CUSTOMER
C002069,Corey,Gill,Saudi Arabia,Standard,4,15176.63,3794.16,9,5,4,5,43,71.09,98.03,40.0,65.0,4,0,2,9,4,5,0.44,80.0,CRITICAL,HIGH_RISK_CUSTOMER
C002071,Terrance,Murray,United States,Standard,2,7186.89,3593.44,2,0,2,0,14,77.66,91.62,0.0,0.0,0,0,0,2,2,0,1.0,0.0,LOW,NORMAL_CUSTOMER
C002072,Mary,Cole,Pakistan,Premium,1,3392.12,3392.12,1,0,1,0,7,80.78,80.78,0.0,0.0,0,0,0,1,1,0,1.0,0.0,LOW,NORMAL_CUSTOMER
C002073,Robin,Cole,Saudi Arabia,Premium,1,1362.42,1362.42,1,0,1,0,7,76.35,76.35,0.0,0.0,0,0,0,1,1,0,1.0,0.0,LOW,NORMAL_CUSTOMER
C002074,Nathan,Cline,Other,VIP,3,9414.53,3138.18,3,0,3,0,20,71.18,75.48,13.33,40.0,1,0,0,3,3,0,1.0,5.0,LOW,LOYAL_LOW_FRICTION_CUSTOMER
C002075,Robert,Nguyen,Other,VIP,2,5251.06,2625.53,3,1,2,1,17,75.69,97.8,17.5,35.0,0,0,0,3,2,1,0.67,8.0,LOW,NORMAL_CUSTOMER
C002076,Anna,Marsh,Other,Standard,1,2434.51,2434.51,1,0,1,0,7,60.92,60.92,0.0,0.0,0,0,0,1,1,0,1.0,0.0,LOW,NORMAL_CUSTOMER
C002077,Jeffrey,Beck,Saudi Arabia,Premium,3,6303.95,2101.32,3,0,3,0,21,73.27,86.43,0.0,0.0,0,0,0,3,3,0,1.0,0.0,LOW,LOYAL_LOW_FRICTION_CUSTOMER
C002078,Dustin,Ortiz,United Arab Emirates,Standard,1,2266.28,2266.28,1,0,1,0,6,69.27,69.27,40.0,40.0,1,0,0,1,1,0,1.0,5.0,LOW,NORMAL_CUSTOMER
C002079,Jose,Hall,Other,Standard,2,7721.35,3860.68,3,1,2,1,17,53.76,62.22,15.0,30.0,0,0,0,3,2,1,0.67,8.0,LOW,NORMAL_CUSTOMER
C002080,Sarah,Foster,United States,Standard,4,4615.13,1153.78,4,0,4,0,28,59.65,69.22,0.0,0.0,0,0,0,4,4,0,1.0,0.0,LOW,LOYAL_LOW_FRICTION_CUSTOMER
C002081,Beth,Weaver,Saudi Arabia,Standard,1,3998.04,3998.04,2,1,1,1,10,58.57,58.57,30.0,30.0,0,0,0,2,1,1,0.5,8.0,LOW,NORMAL_CUSTOMER
C002082,Robert,Rubio,Saudi Arabia,Premium,3,7150.89,2383.63,3,0,3,0,19,55.89,83.43,28.33,45.0,2,0,0,3,3,0,1.0,10.0,LOW,LOYAL_LOW_FRICTION_CUSTOMER
C002083,Elijah,Wu,United Arab Emirates,Standard,1,762.19,762.19,1,0,1,0,7,76.28,76.28,0.0,0.0,0,0,0,1,1,0,1.0,0.0,LOW,NORMAL_CUSTOMER
C002084,Mark,Fitzgerald,Other,Premium,1,4907.68,4907.68,2,1,1,1,10,87.23,87.23,30.0,30.0,0,0,0,2,1,1,0.5,8.0,LOW,NORMAL_CUSTOMER
C002085,Noah,Brewer,Pakistan,Standard,2,8289.1,4144.55,3,1,2,1,17,50.52,62.68,15.0,30.0,0,0,0,3,2,1,0.67,8.0,LOW,NORMAL_CUSTOMER
C002086,Martha,Cline,United Arab Emirates,Standard,1,3151.55,3151.55,1,0,1,0,7,64.23,64.23,0.0,0.0,0,0,0,1,1,0,1.0,0.0,LOW,NORMAL_CUSTOMER
C002087,Victor,Mann,Saudi Arabia,Standard,2,9002.68,4501.34,4,2,2,2,19,92.58,97.67,52.5,65.0,3,0,1,4,2,2,0.5,41.0,MEDIUM,FRICTION_PRONE_CUSTOMER
C002090,Jonathan,Zimmerman,United Arab Emirates,Standard,1,2476.92,2476.92,1,0,1,0,6,75.37,75.37,45.0,45.0,1,0,0,1,1,0,1.0,5.0,LOW,NORMAL_CUSTOMER
C002091,Lorraine,Hoffman,United States,Premium,1,1361.5,1361.5,1,0,1,0,6,51.63,51.63,40.0,40.0,1,0,0,1,1,0,1.0,5.0,LOW,NORMAL_CUSTOMER
C002092,Tammy,Martinez,Other,Standard,1,1724.01,1724.01,1,0,1,0,7,86.83,86.83,0.0,0.0,0,0,0,1,1,0,1.0,0.0,LOW,NORMAL_CUSTOMER
C002093,Darlene,Hansen,Saudi Arabia,Standard,2,4136.46,2068.23,2,0,2,0,13,53.78,72.67,20.0,40.0,1,0,0,2,2,0,1.0,5.0,LOW,NORMAL_CUSTOMER
C002094,Tracy,Lee,Pakistan,Premium,1,4051.4,4051.4,1,0,1,0,7,42.42,42.42,0.0,0.0,0,0,0,1,1,0,1.0,0.0,LOW,NORMAL_CUSTOMER
C002096,Laura,Ray,United States,Standard,1,808.67,808.67,1,0,1,0,6,58.53,58.53,40.0,40.0,1,0,0,1,1,0,1.0,5.0,LOW,NORMAL_CUSTOMER
C002097,Gary,Brown,Pakistan,Standard,4,14120.04,3530.01,4,0,4,0,28,64.56,77.22,0.0,0.0,0,0,0,4,4,0,1.0,0.0,LOW,LOYAL_LOW_FRICTION_CUSTOMER
C002098,Jennifer,Hudson,Pakistan,Standard,1,2279.92,2279.92,1,0,1,0,7,96.38,96.38,0.0,0.0,0,0,0,1,1,0,1.0,0.0,LOW,NORMAL_CUSTOMER
C002100,Sabrina,Alvarez,United Arab Emirates,Standard,1,2787.25,2787.25,2,1,1,1,9,66.33,66.33,70.0,70.0,1,0,1,2,1,1,0.5,23.0,LOW,FRICTION_PRONE_CUSTOMER
C002101,Amber,Prince,Other,Standard,4,7783.83,1945.96,4,0,4,0,25,57.73,67.55,30.0,40.0,3,0,0,4,4,0,1.0,15.0,LOW,NORMAL_CUSTOMER
C002102,Darlene,Martinez,Pakistan,Standard,2,6325.88,3162.94,3,1,2,1,17,81.55,89.2,17.5,35.0,0,0,0,3,2,1,0.67,8.0,LOW,NORMAL_CUSTOMER
C002103,Brian,Mayer,Saudi Arabia,Standard,1,2884.31,2884.31,2,1,1,1,10,68.03,68.03,30.0,30.0,0,0,0,2,1,1,0.5,8.0,LOW,NORMAL_CUSTOMER
C002104,Arthur,White,United Kingdom,Standard,2,6574.82,3287.41,3,1,2,1,17,60.08,66.78,15.0,30.0,0,0,0,3,2,1,0.67,8.0,LOW,NORMAL_CUSTOMER
C002105,Melanie,Smith,United States,VIP,2,3979.66,1989.83,3,1,2,1,17,80.2,84.85,15.0,30.0,0,0,0,3,2,1,0.67,8.0,LOW,NORMAL_CUSTOMER
C002106,Sierra,Buchanan,United Arab Emirates,Standard,5,12814.34,2562.87,5,0,5,0,34,74.06,93.77,8.0,40.0,1,0,0,5,5,0,1.0,5.0,LOW,LOYAL_LOW_FRICTION_CUSTOMER
C002107,Elizabeth,Sanchez,Other,Standard,2,1988.06,994.03,2,0,2,0,14,82.62,84.38,0.0,0.0,0,0,0,2,2,0,1.0,0.0,LOW,NORMAL_CUSTOMER
C002109,Robert,Clay,Saudi Arabia,Premium,1,1459.49,1459.49,1,0,1,0,6,96.83,96.83,40.0,40.0,1,0,0,1,1,0,1.0,5.0,LOW,NORMAL_CUSTOMER
C002110,Megan,Wallace,Other,Premium,1,3978.21,3978.21,1,0,1,0,6,38.87,38.87,45.0,45.0,1,0,0,1,1,0,1.0,5.0,LOW,NORMAL_CUSTOMER
C002112,Jasmine,Lawson,Saudi Arabia,Standard,1,4550.78,4550.78,2,1,1,1,10,82.38,82.38,35.0,35.0,0,0,0,2,1,1,0.5,8.0,LOW,NORMAL_CUSTOMER
C002113,Albert,Morales,Saudi Arabia,Standard,1,1454.89,1454.89,3,2,1,2,13,63.42,63.42,65.0,65.0,2,0,1,3,1,2,0.33,36.0,MEDIUM,FRICTION_PRONE_CUSTOMER
C002114,William,Williams,Other,Standard,3,5863.1,1954.37,3,0,3,0,19,84.88,99.8,26.67,40.0,2,0,0,3,3,0,1.0,10.0,LOW,LOYAL_LOW_FRICTION_CUSTOMER
C002115,Nathaniel,Atkins,United Kingdom,Standard,1,3154.98,3154.98,2,1,1,1,10,46.2,46.2,30.0,30.0,0,0,0,2,1,1,0.5,8.0,LOW,NORMAL_CUSTOMER
C002116,Christine,Johnson,Saudi Arabia,Standard,1,1820.41,1820.41,1,0,1,0,7,85.17,85.17,0.0,0.0,0,0,0,1,1,0,1.0,0.0,LOW,NORMAL_CUSTOMER
C002117,Elizabeth,Kim,United Arab Emirates,Standard,2,4123.34,2061.67,2,0,2,0,14,49.04,54.4,0.0,0.0,0,0,0,2,2,0,1.0,0.0,LOW,NORMAL_CUSTOMER
C002118,Christina,Perry,Pakistan,Premium,1,3979.25,3979.25,2,1,1,1,9,71.28,71.28,70.0,70.0,1,0,1,2,1,1,0.5,23.0,LOW,FRICTION_PRONE_CUSTOMER
C002119,Timothy,Heath,Saudi Arabia,Standard,2,4611.6,2305.8,2,0,2,0,12,63.22,96.7,45.0,45.0,2,0,0,2,2,0,1.0,10.0,LOW,NORMAL_CUSTOMER
C002121,Adam,Scott,United States,Standard,4,9910.17,2477.54,5,1,4,1,30,54.48,61.58,18.75,45.0,1,0,0,5,4,1,0.8,13.0,LOW,LOYAL_LOW_FRICTION_CUSTOMER
C002122,Andrea,Wilson,Pakistan,Standard,2,5137.03,2568.52,2,0,2,0,13,66.66,81.95,20.0,40.0,1,0,0,2,2,0,1.0,5.0,LOW,NORMAL_CUSTOMER
C002123,Alexander,Garcia,Other,Premium,2,4834.86,2417.43,4,2,2,2,19,63.55,71.47,52.5,65.0,3,0,1,4,2,2,0.5,41.0,MEDIUM,FRICTION_PRONE_CUSTOMER
C002124,Alyssa,Jackson,United Arab Emirates,VIP,1,2196.17,2196.17,3,2,1,2,12,69.78,69.78,100.0,100.0,3,1,0,3,1,2,0.33,51.0,HIGH,FRICTION_PRONE_CUSTOMER
C002126,Tiffany,Scott,United Kingdom,Standard,2,6936.2,3468.1,2,0,2,0,12,43.38,51.53,45.0,45.0,2,0,0,2,2,0,1.0,10.0,LOW,NORMAL_CUSTOMER
C002127,Andre,Davis,Pakistan,Premium,1,2232.64,2232.64,1,0,1,0,7,83.58,83.58,0.0,0.0,0,0,0,1,1,0,1.0,0.0,LOW,NORMAL_CUSTOMER
C002129,Emily,Russell,Other,Premium,1,3196.57,3196.57,1,0,1,0,6,47.67,47.67,45.0,45.0,1,0,0,1,1,0,1.0,5.0,LOW,NORMAL_CUSTOMER
C002130,Linda,Jackson,United Arab Emirates,Standard,2,7893.24,3946.62,3,1,2,1,17,55.95,62.98,15.0,30.0,0,0,0,3,2,1,0.67,8.0,LOW,NORMAL_CUSTOMER
C002131,Renee,Mendez,Saudi Arabia,Standard,2,7777.54,3888.77,2,0,2,0,13,38.29,46.6,22.5,45.0,1,0,0,2,2,0,1.0,5.0,LOW,NORMAL_CUSTOMER
C002132,Daniel,Nguyen,Saudi Arabia,VIP,1,4757.07,4757.07,1,0,1,0,7,78.72,78.72,0.0,0.0,0,0,0,1,1,0,1.0,0.0,LOW,NORMAL_CUSTOMER
C002133,Cole,Johnson,Pakistan,Standard,2,7991.8,3995.9,4,2,2,2,19,52.98,53.68,55.0,65.0,3,0,1,4,2,2,0.5,41.0,MEDIUM,FRICTION_PRONE_CUSTOMER
C002135,James,Price,United Kingdom,Standard,2,5149.99,2575.0,2,0,2,0,14,65.03,65.72,0.0,0.0,0,0,0,2,2,0,1.0,0.0,LOW,NORMAL_CUSTOMER
C002136,Alisha,Flores,Other,Premium,2,8519.93,4259.96,3,1,2,1,16,59.3,67.93,37.5,75.0,1,0,1,3,2,1,0.67,23.0,LOW,FRICTION_PRONE_CUSTOMER
C002137,Lisa,Gutierrez,Saudi Arabia,VIP,1,551.84,551.84,1,0,1,0,7,88.32,88.32,0.0,0.0,0,0,0,1,1,0,1.0,0.0,LOW,NORMAL_CUSTOMER
C002138,Joseph,Nguyen,United Kingdom,Standard,1,731.82,731.82,1,0,1,0,7,80.43,80.43,0.0,0.0,0,0,0,1,1,0,1.0,0.0,LOW,NORMAL_CUSTOMER
C002140,Nathan,Carey,Other,Standard,2,4380.56,2190.28,2,0,2,0,14,43.72,46.77,0.0,0.0,0,0,0,2,2,0,1.0,0.0,LOW,NORMAL_CUSTOMER
C002141,Richard,Martinez,United States,Premium,1,991.26,991.26,2,1,1,1,10,93.75,93.75,35.0,35.0,0,0,0,2,1,1,0.5,8.0,LOW,NORMAL_CUSTOMER
C002142,Annette,Harris,Pakistan,Standard,1,3273.71,3273.71,1,0,1,0,6,49.6,49.6,40.0,40.0,1,0,0,1,1,0,1.0,5.0,LOW,NORMAL_CUSTOMER
C002144,Jeremiah,Willis,United Arab Emirates,Standard,3,7784.47,2594.82,4,1,3,1,23,62.1,91.35,23.33,40.0,1,0,0,4,3,1,0.75,13.0,LOW,LOYAL_LOW_FRICTION_CUSTOMER
C002147,Desiree,Cruz,United Arab Emirates,Standard,1,2528.26,2528.26,1,0,1,0,7,57.88,57.88,0.0,0.0,0,0,0,1,1,0,1.0,0.0,LOW,NORMAL_CUSTOMER
C002148,Michele,Wilson,United Arab Emirates,Premium,3,10473.04,3491.01,4,1,3,1,23,80.4,95.43,23.33,70.0,1,0,1,4,3,1,0.75,23.0,LOW,FRICTION_PRONE_CUSTOMER
C002149,Katherine,Brown,United Arab Emirates,Standard,4,14927.41,3731.85,6,2,4,2,33,56.39,82.93,26.25,65.0,3,0,1,6,4,2,0.67,41.0,MEDIUM,FRICTION_PRONE_CUSTOMER
C002150,Clayton,Marshall,United States,Standard,1,4965.9,4965.9,1,0,1,0,7,58.85,58.85,0.0,0.0,0,0,0,1,1,0,1.0,0.0,LOW,NORMAL_CUSTOMER
C002151,Nicholas,Russell,United Arab Emirates,Standard,1,799.05,799.05,1,0,1,0,7,82.18,82.18,0.0,0.0,0,0,0,1,1,0,1.0,0.0,LOW,NORMAL_CUSTOMER
C002152,Angela,Washington,Saudi Arabia,Standard,3,5604.18,1868.06,5,2,3,2,25,77.14,96.75,51.67,75.0,2,0,1,5,3,2,0.6,36.0,MEDIUM,FRICTION_PRONE_CUSTOMER
C002153,Brian,Russell,United Kingdom,Premium,1,503.86,503.86,1,0,1,0,7,54.38,54.38,0.0,0.0,0,0,0,1,1,0,1.0,0.0,LOW,NORMAL_CUSTOMER
C002154,Albert,Hall,United States,Standard,4,14069.1,3517.28,5,1,4,1,30,58.64,80.18,18.75,40.0,1,0,0,5,4,1,0.8,13.0,LOW,LOYAL_LOW_FRICTION_CUSTOMER
C002156,Vincent,Adams,Saudi Arabia,Standard,2,5984.49,2992.24,5,3,2,3,23,63.48,80.83,47.5,65.0,2,0,1,5,2,3,0.4,44.0,MEDIUM,FRICTION_PRONE_CUSTOMER
C002157,Ryan,Richmond,Saudi Arabia,Premium,7,21152.6,3021.8,9,2,7,2,55,66.77,87.75,8.57,30.0,0,0,0,9,7,2,0.78,16.0,LOW,FRICTION_PRONE_CUSTOMER
C002159,Ariel,Sanchez,United Arab Emirates,Standard,5,15879.15,3175.83,7,2,5,2,40,74.44,84.1,21.0,75.0,1,0,1,7,5,2,0.71,31.0,MEDIUM,FRICTION_PRONE_CUSTOMER
C002160,Michaela,Peters,United Kingdom,Standard,3,8123.8,2707.93,5,2,3,2,26,85.3,89.85,35.0,65.0,3,0,1,5,3,2,0.6,41.0,MEDIUM,FRICTION_PRONE_CUSTOMER
C002161,Cody,Glover,United Kingdom,Standard,2,6848.45,3424.22,3,1,2,1,17,49.22,61.73,15.0,30.0,0,0,0,3,2,1,0.67,8.0,LOW,NORMAL_CUSTOMER
C002162,Allison,Torres,Pakistan,Premium,3,6763.42,2254.47,4,1,3,1,23,76.37,99.3,23.33,70.0,1,0,1,4,3,1,0.75,23.0,LOW,FRICTION_PRONE_CUSTOMER
C002163,Brad,Russell,United Arab Emirates,Standard,1,2089.34,2089.34,1,0,1,0,7,81.18,81.18,0.0,0.0,0,0,0,1,1,0,1.0,0.0,LOW,NORMAL_CUSTOMER
C002164,Jason,Miller,United States,VIP,2,6605.75,3302.88,2,0,2,0,13,71.18,80.78,22.5,45.0,1,0,0,2,2,0,1.0,5.0,LOW,NORMAL_CUSTOMER
C002165,Miranda,Fields,United Arab Emirates,Premium,1,886.11,886.11,2,1,1,1,9,86.85,86.85,75.0,75.0,1,0,1,2,1,1,0.5,23.0,LOW,FRICTION_PRONE_CUSTOMER
C002166,Paige,Harris,Other,Premium,2,3212.5,1606.25,3,1,2,1,17,65.78,67.35,15.0,30.0,0,0,0,3,2,1,0.67,8.0,LOW,NORMAL_CUSTOMER
C002167,Thomas,Faulkner,Pakistan,Standard,2,5153.6,2576.8,4,2,2,2,20,74.62,86.42,30.0,30.0,0,0,0,4,2,2,0.5,16.0,LOW,FRICTION_PRONE_CUSTOMER
C002170,Sara,Casey,United Arab Emirates,Standard,4,9981.02,2495.26,5,1,4,1,30,75.62,110.2,20.0,45.0,1,0,0,5,4,1,0.8,13.0,LOW,LOYAL_LOW_FRICTION_CUSTOMER
C002171,Rachel,Medina,United Kingdom,Standard,2,2877.12,1438.56,2,0,2,0,14,45.55,54.72,0.0,0.0,0,0,0,2,2,0,1.0,0.0,LOW,NORMAL_CUSTOMER
C002172,Anna,Henderson,Saudi Arabia,Standard,1,1722.35,1722.35,2,1,1,1,9,67.93,67.93,75.0,75.0,1,0,1,2,1,1,0.5,23.0,LOW,FRICTION_PRONE_CUSTOMER
C002173,Antonio,Buck,Saudi Arabia,Standard,3,10594.86,3531.62,4,1,3,1,24,64.36,84.03,10.0,30.0,0,0,0,4,3,1,0.75,8.0,LOW,LOYAL_LOW_FRICTION_CUSTOMER
C002174,Sarah,Hayes,Other,Standard,1,4950.9,4950.9,1,0,1,0,7,101.88,101.88,0.0,0.0,0,0,0,1,1,0,1.0,0.0,LOW,NORMAL_CUSTOMER
C002175,Leonard,Smith,Saudi Arabia,Standard,1,1989.4,1989.4,1,0,1,0,7,50.85,50.85,0.0,0.0,0,0,0,1,1,0,1.0,0.0,LOW,NORMAL_CUSTOMER
C002176,Suzanne,Marshall,United States,Standard,2,7678.06,3839.03,3,1,2,1,16,70.12,109.62,37.5,45.0,1,0,0,3,2,1,0.67,13.0,LOW,NORMAL_CUSTOMER
C002177,Brenda,Calderon,Saudi Arabia,Standard,2,6537.92,3268.96,2,0,2,0,13,77.93,91.48,20.0,40.0,1,0,0,2,2,0,1.0,5.0,LOW,NORMAL_CUSTOMER
C002179,Jennifer,Stanton,United Kingdom,Standard,1,1886.34,1886.34,2,1,1,1,10,77.73,77.73,30.0,30.0,0,0,0,2,1,1,0.5,8.0,LOW,NORMAL_CUSTOMER
C002180,Raymond,Smith,Pakistan,Standard,2,5898.56,2949.28,3,1,2,1,16,52.52,53.27,37.5,75.0,1,0,1,3,2,1,0.67,23.0,LOW,FRICTION_PRONE_CUSTOMER
C002181,Chase,Mahoney,United Arab Emirates,Premium,2,7141.2,3570.6,3,1,2,1,16,85.59,91.85,37.5,75.0,1,0,1,3,2,1,0.67,23.0,LOW,FRICTION_PRONE_CUSTOMER
C002182,Francisco,Olson,Saudi Arabia,Premium,3,8876.92,2958.97,4,1,3,1,23,74.01,110.83,23.33,40.0,1,0,0,4,3,1,0.75,13.0,LOW,LOYAL_LOW_FRICTION_CUSTOMER
C002183,John,Harper,Saudi Arabia,Premium,1,3031.14,3031.14,1,0,1,0,7,31.52,31.52,0.0,0.0,0,0,0,1,1,0,1.0,0.0,LOW,NORMAL_CUSTOMER
C002186,Peggy,Bell,Other,Standard,1,1058.2,1058.2,1,0,1,0,7,86.17,86.17,0.0,0.0,0,0,0,1,1,0,1.0,0.0,LOW,NORMAL_CUSTOMER
C002187,Martin,Chen,Other,Standard,2,3767.33,1883.66,2,0,2,0,13,54.56,56.73,20.0,40.0,1,0,0,2,2,0,1.0,5.0,LOW,NORMAL_CUSTOMER
C002188,Karla,Richards,United States,Standard,2,7563.62,3781.81,2,0,2,0,14,80.47,102.42,0.0,0.0,0,0,0,2,2,0,1.0,0.0,LOW,NORMAL_CUSTOMER
C002189,Donald,Dixon,United States,Standard,2,3244.95,1622.48,2,0,2,0,14,64.05,77.5,0.0,0.0,0,0,0,2,2,0,1.0,0.0,LOW,NORMAL_CUSTOMER
C002191,Jennifer,Stevenson,Saudi Arabia,Premium,3,6940.08,2313.36,3,0,3,0,20,66.22,82.62,15.0,45.0,1,0,0,3,3,0,1.0,5.0,LOW,LOYAL_LOW_FRICTION_CUSTOMER
C002193,Terri,Turner,United Kingdom,Standard,1,2914.6,2914.6,1,0,1,0,7,64.38,64.38,0.0,0.0,0,0,0,1,1,0,1.0,0.0,LOW,NORMAL_CUSTOMER
C002194,Brian,Foster,Pakistan,VIP,1,2573.15,2573.15,1,0,1,0,7,90.85,90.85,0.0,0.0,0,0,0,1,1,0,1.0,0.0,LOW,NORMAL_CUSTOMER
C002195,Samuel,Martinez,Saudi Arabia,Premium,2,8054.75,4027.38,2,0,2,0,14,54.4,66.33,0.0,0.0,0,0,0,2,2,0,1.0,0.0,LOW,NORMAL_CUSTOMER
C002196,Mary,Taylor,United Arab Emirates,Standard,1,4390.28,4390.28,1,0,1,0,6,32.2,32.2,40.0,40.0,1,0,0,1,1,0,1.0,5.0,LOW,NORMAL_CUSTOMER
C002197,Matthew,Hawkins,United Arab Emirates,Premium,2,4309.92,2154.96,2,0,2,0,14,82.98,89.6,0.0,0.0,0,0,0,2,2,0,1.0,0.0,LOW,NORMAL_CUSTOMER
C002198,Kayla,Ramirez,Other,Standard,1,1775.96,1775.96,2,1,1,1,10,98.12,98.12,35.0,35.0,0,0,0,2,1,1,0.5,8.0,LOW,NORMAL_CUSTOMER
C002199,Stephanie,Reynolds,Pakistan,Premium,2,8350.91,4175.46,3,1,2,1,17,53.94,66.9,17.5,35.0,0,0,0,3,2,1,0.67,8.0,LOW,NORMAL_CUSTOMER
C002201,Kim,Bernard,Other,Standard,1,2355.5,2355.5,3,2,1,2,13,118.33,118.33,65.0,65.0,2,0,1,3,1,2,0.33,36.0,MEDIUM,FRICTION_PRONE_CUSTOMER
C002203,Joshua,Fleming,United Arab Emirates,Standard,2,4207.52,2103.76,2,0,2,0,14,67.72,67.9,0.0,0.0,0,0,0,2,2,0,1.0,0.0,LOW,NORMAL_CUSTOMER
C002204,Victoria,Cooper,Saudi Arabia,Standard,2,7293.82,3646.91,3,1,2,1,16,77.28,90.2,37.5,75.0,1,0,1,3,2,1,0.67,23.0,LOW,FRICTION_PRONE_CUSTOMER
C002205,Tracy,Green,United Kingdom,Standard,3,7460.53,2486.84,4,1,3,1,24,64.86,108.77,11.67,35.0,0,0,0,4,3,1,0.75,8.0,LOW,LOYAL_LOW_FRICTION_CUSTOMER
C002206,Michael,Mullins,Other,Standard,2,3983.89,1991.95,3,1,2,1,17,75.11,97.75,15.0,30.0,0,0,0,3,2,1,0.67,8.0,LOW,NORMAL_CUSTOMER
C002207,Shelley,Chavez,Saudi Arabia,VIP,1,4176.99,4176.99,1,0,1,0,6,60.97,60.97,45.0,45.0,1,0,0,1,1,0,1.0,5.0,LOW,NORMAL_CUSTOMER
C002208,Ryan,Sanchez,Other,Standard,1,2725.55,2725.55,1,0,1,0,7,64.78,64.78,0.0,0.0,0,0,0,1,1,0,1.0,0.0,LOW,NORMAL_CUSTOMER
C002209,Erin,Bird,Saudi Arabia,Standard,2,3786.73,1893.36,3,1,2,1,17,89.64,91.52,15.0,30.0,0,0,0,3,2,1,0.67,8.0,LOW,NORMAL_CUSTOMER
C002210,Donna,Peterson,Other,Standard,2,6795.06,3397.53,2,0,2,0,13,78.76,94.65,20.0,40.0,1,0,0,2,2,0,1.0,5.0,LOW,NORMAL_CUSTOMER
C002212,Christine,Greene,United States,Standard,2,6069.29,3034.64,2,0,2,0,13,49.24,49.63,20.0,40.0,1,0,0,2,2,0,1.0,5.0,LOW,NORMAL_CUSTOMER
C002213,Lauren,Smith,Saudi Arabia,Standard,2,5269.98,2634.99,3,1,2,1,16,82.82,103.77,35.0,40.0,1,0,0,3,2,1,0.67,13.0,LOW,NORMAL_CUSTOMER
C002214,Jennifer,Holt,Other,VIP,1,3801.89,3801.89,1,0,1,0,7,91.23,91.23,0.0,0.0,0,0,0,1,1,0,1.0,0.0,LOW,NORMAL_CUSTOMER
C002215,Christopher,Lucas,United Kingdom,Standard,1,3498.18,3498.18,1,0,1,0,7,63.93,63.93,0.0,0.0,0,0,0,1,1,0,1.0,0.0,LOW,NORMAL_CUSTOMER
C002217,Jennifer,Alvarez,United States,Standard,1,1980.08,1980.08,1,0,1,0,7,68.62,68.62,0.0,0.0,0,0,0,1,1,0,1.0,0.0,LOW,NORMAL_CUSTOMER
C002218,Cynthia,Valenzuela,Saudi Arabia,Standard,3,9088.4,3029.47,3,0,3,0,20,63.74,71.67,13.33,40.0,1,0,0,3,3,0,1.0,5.0,LOW,LOYAL_LOW_FRICTION_CUSTOMER
C002219,Jodi,Chambers,Other,Standard,1,1857.58,1857.58,1,0,1,0,6,33.52,33.52,45.0,45.0,1,0,0,1,1,0,1.0,5.0,LOW,NORMAL_CUSTOMER
C002220,Levi,Gutierrez,Saudi Arabia,Premium,1,3878.74,3878.74,1,0,1,0,6,75.65,75.65,40.0,40.0,1,0,0,1,1,0,1.0,5.0,LOW,NORMAL_CUSTOMER
C002221,Daniel,Woodard,United Kingdom,VIP,3,11586.51,3862.17,3,0,3,0,20,57.75,73.77,13.33,40.0,1,0,0,3,3,0,1.0,5.0,LOW,LOYAL_LOW_FRICTION_CUSTOMER
C002223,Kyle,Farmer,Saudi Arabia,Standard,1,2774.84,2774.84,3,2,1,2,13,63.55,63.55,65.0,65.0,2,0,1,3,1,2,0.33,36.0,MEDIUM,FRICTION_PRONE_CUSTOMER
C002224,Michael,Medina,Saudi Arabia,VIP,1,3329.37,3329.37,3,2,1,2,13,95.93,95.93,65.0,65.0,2,0,1,3,1,2,0.33,36.0,MEDIUM,FRICTION_PRONE_CUSTOMER
C002225,Joseph,Cobb,Saudi Arabia,Standard,2,7392.16,3696.08,2,0,2,0,14,62.68,68.58,0.0,0.0,0,0,0,2,2,0,1.0,0.0,LOW,NORMAL_CUSTOMER
C002226,David,Banks,United Arab Emirates,Standard,1,3378.89,3378.89,1,0,1,0,6,64.75,64.75,40.0,40.0,1,0,0,1,1,0,1.0,5.0,LOW,NORMAL_CUSTOMER
C002227,Jacob,Jones,United Arab Emirates,Premium,2,4257.3,2128.65,2,0,2,0,14,69.9,84.18,0.0,0.0,0,0,0,2,2,0,1.0,0.0,LOW,NORMAL_CUSTOMER
C002229,Angela,Collier,Saudi Arabia,Standard,1,1012.24,1012.24,1,0,1,0,7,72.78,72.78,0.0,0.0,0,0,0,1,1,0,1.0,0.0,LOW,NORMAL_CUSTOMER
C002230,Ricky,Powers,Saudi Arabia,Standard,1,1468.78,1468.78,1,0,1,0,6,83.83,83.83,40.0,40.0,1,0,0,1,1,0,1.0,5.0,LOW,NORMAL_CUSTOMER
C002231,Anthony,Chambers,United Kingdom,Standard,3,7607.43,2535.81,4,1,3,1,22,61.01,75.07,38.33,45.0,2,0,0,4,3,1,0.75,18.0,LOW,NORMAL_CUSTOMER
C002234,Carly,Carey,Other,Standard,1,3375.56,3375.56,2,1,1,1,10,95.23,95.23,35.0,35.0,0,0,0,2,1,1,0.5,8.0,LOW,NORMAL_CUSTOMER
C002235,Mark,Howard,United Kingdom,Standard,2,5805.03,2902.52,2,0,2,0,12,66.2,74.82,42.5,45.0,2,0,0,2,2,0,1.0,10.0,LOW,NORMAL_CUSTOMER
C002236,Paul,Thompson,Pakistan,Standard,2,4539.64,2269.82,2,0,2,0,14,78.33,97.23,0.0,0.0,0,0,0,2,2,0,1.0,0.0,LOW,NORMAL_CUSTOMER
C002238,Paul,Terry,Saudi Arabia,Standard,2,4474.64,2237.32,4,2,2,2,20,70.92,78.88,32.5,65.0,2,0,1,4,2,2,0.5,36.0,MEDIUM,FRICTION_PRONE_CUSTOMER
C002239,Christopher,Smith,Saudi Arabia,Premium,1,4303.1,4303.1,3,2,1,2,13,95.92,95.92,65.0,65.0,2,0,1,3,1,2,0.33,36.0,MEDIUM,FRICTION_PRONE_CUSTOMER
C002241,Rebecca,Mayer,United States,Standard,2,2629.81,1314.9,2,0,2,0,14,47.04,58.17,0.0,0.0,0,0,0,2,2,0,1.0,0.0,LOW,NORMAL_CUSTOMER
C002242,Tiffany,Wallace,Saudi Arabia,Standard,3,6821.74,2273.91,8,5,3,5,35,62.39,69.85,66.67,70.0,5,0,3,8,3,5,0.38,95.0,CRITICAL,HIGH_RISK_CUSTOMER
C002243,Ashley,Walker,Pakistan,Premium,3,10427.45,3475.82,4,1,3,1,24,67.02,85.3,10.0,30.0,0,0,0,4,3,1,0.75,8.0,LOW,LOYAL_LOW_FRICTION_CUSTOMER
C002244,Gavin,Smith,Other,Standard,3,9779.83,3259.94,6,3,3,3,30,90.42,104.7,33.33,65.0,2,0,1,6,3,3,0.5,44.0,MEDIUM,FRICTION_PRONE_CUSTOMER
C002245,Oscar,Campbell,Other,Standard,2,8431.46,4215.73,2,0,2,0,14,76.49,94.43,0.0,0.0,0,0,0,2,2,0,1.0,0.0,LOW,NORMAL_CUSTOMER
C002247,Kevin,Howard,Saudi Arabia,Standard,1,3644.5,3644.5,1,0,1,0,6,75.55,75.55,40.0,40.0,1,0,0,1,1,0,1.0,5.0,LOW,NORMAL_CUSTOMER
C002248,Trevor,Davis,United States,Premium,1,1900.07,1900.07,1,0,1,0,7,75.63,75.63,0.0,0.0,0,0,0,1,1,0,1.0,0.0,LOW,NORMAL_CUSTOMER
C002249,Bryan,Austin,Pakistan,Standard,1,4986.77,4986.77,1,0,1,0,6,58.53,58.53,40.0,40.0,1,0,0,1,1,0,1.0,5.0,LOW,NORMAL_CUSTOMER
C002251,Robert,Robbins,Saudi Arabia,Premium,1,2045.9,2045.9,2,1,1,1,10,68.32,68.32,35.0,35.0,0,0,0,2,1,1,0.5,8.0,LOW,NORMAL_CUSTOMER
C002252,Todd,Young,Other,VIP,2,5262.81,2631.4,2,0,2,0,14,53.62,63.37,0.0,0.0,0,0,0,2,2,0,1.0,0.0,LOW,NORMAL_CUSTOMER
C002254,Johnathan,Cox,United States,Standard,3,4618.44,1539.48,3,0,3,0,19,65.9,75.5,30.0,45.0,2,0,0,3,3,0,1.0,10.0,LOW,NORMAL_CUSTOMER
C002256,Colleen,Conway,Pakistan,Standard,2,6847.89,3423.94,2,0,2,0,13,51.76,52.25,20.0,40.0,1,0,0,2,2,0,1.0,5.0,LOW,NORMAL_CUSTOMER
C002257,Brittney,Mann,Pakistan,Premium,2,4199.61,2099.8,2,0,2,0,12,62.56,78.95,42.5,45.0,2,0,0,2,2,0,1.0,10.0,LOW,NORMAL_CUSTOMER
C002258,James,Clark,United Arab Emirates,Premium,2,6448.3,3224.15,2,0,2,0,13,38.03,47.25,22.5,45.0,1,0,0,2,2,0,1.0,5.0,LOW,NORMAL_CUSTOMER
C002259,Daniel,Gonzalez,United Arab Emirates,Standard,4,13483.96,3370.99,4,0,4,0,26,66.25,83.93,20.0,40.0,2,0,0,4,4,0,1.0,10.0,LOW,LOYAL_LOW_FRICTION_CUSTOMER
C002260,Kevin,Nicholson,United Arab Emirates,Standard,3,6116.86,2038.95,5,2,3,2,25,68.02,88.77,50.0,65.0,4,0,1,5,3,2,0.6,46.0,MEDIUM,FRICTION_PRONE_CUSTOMER
C002262,Martin,Kane,Pakistan,Standard,4,13689.12,3422.28,8,4,4,4,38,79.54,97.77,51.25,65.0,6,0,2,8,4,4,0.5,82.0,CRITICAL,HIGH_RISK_CUSTOMER
C002263,Christine,Carroll,Other,Premium,3,10018.34,3339.45,3,0,3,0,20,73.77,86.73,13.33,40.0,1,0,0,3,3,0,1.0,5.0,LOW,LOYAL_LOW_FRICTION_CUSTOMER
C002264,Linda,Snyder,United Arab Emirates,Standard,2,4614.63,2307.32,2,0,2,0,14,61.6,65.42,0.0,0.0,0,0,0,2,2,0,1.0,0.0,LOW,NORMAL_CUSTOMER
C002266,Matthew,Keller,Pakistan,Standard,4,8627.01,2156.75,4,0,4,0,28,60.5,77.17,0.0,0.0,0,0,0,4,4,0,1.0,0.0,LOW,LOYAL_LOW_FRICTION_CUSTOMER
C002267,Lisa,Knight,Pakistan,VIP,1,4031.84,4031.84,1,0,1,0,7,80.58,80.58,0.0,0.0,0,0,0,1,1,0,1.0,0.0,LOW,NORMAL_CUSTOMER
C002268,Michele,Fleming,United Kingdom,Standard,1,2024.39,2024.39,1,0,1,0,7,75.85,75.85,0.0,0.0,0,0,0,1,1,0,1.0,0.0,LOW,NORMAL_CUSTOMER
C002269,Terri,Cunningham,Saudi Arabia,Premium,1,3702.63,3702.63,1,0,1,0,6,56.73,56.73,45.0,45.0,1,0,0,1,1,0,1.0,5.0,LOW,NORMAL_CUSTOMER
C002270,Derek,Jones,Pakistan,Premium,2,5073.73,2536.86,2,0,2,0,13,89.86,94.47,20.0,40.0,1,0,0,2,2,0,1.0,5.0,LOW,NORMAL_CUSTOMER
C002271,Malik,Anderson,Saudi Arabia,Standard,1,2276.52,2276.52,1,0,1,0,6,92.43,92.43,40.0,40.0,1,0,0,1,1,0,1.0,5.0,LOW,NORMAL_CUSTOMER
C002273,James,Green,United Arab Emirates,Standard,1,3454.39,3454.39,1,0,1,0,7,74.42,74.42,0.0,0.0,0,0,0,1,1,0,1.0,0.0,LOW,NORMAL_CUSTOMER
C002274,Leon,Hudson,United Kingdom,Standard,2,6162.7,3081.35,2,0,2,0,13,65.71,77.17,20.0,40.0,1,0,0,2,2,0,1.0,5.0,LOW,NORMAL_CUSTOMER
C002275,Tamara,Perez,Other,Premium,1,773.67,773.67,1,0,1,0,6,71.22,71.22,40.0,40.0,1,0,0,1,1,0,1.0,5.0,LOW,NORMAL_CUSTOMER
C002276,Tanya,Mills,Pakistan,Standard,1,3121.05,3121.05,1,0,1,0,6,76.95,76.95,40.0,40.0,1,0,0,1,1,0,1.0,5.0,LOW,NORMAL_CUSTOMER
C002277,Kelly,Casey,United Kingdom,Standard,2,4718.48,2359.24,2,0,2,0,14,51.18,68.68,0.0,0.0,0,0,0,2,2,0,1.0,0.0,LOW,NORMAL_CUSTOMER
C002278,Heather,Lee,Pakistan,Standard,2,7049.84,3524.92,3,1,2,1,17,79.06,84.15,17.5,35.0,0,0,0,3,2,1,0.67,8.0,LOW,NORMAL_CUSTOMER
C002279,Travis,Gregory,Pakistan,Standard,2,6866.46,3433.23,2,0,2,0,13,65.54,79.75,20.0,40.0,1,0,0,2,2,0,1.0,5.0,LOW,NORMAL_CUSTOMER
C002280,Barbara,Braun,Saudi Arabia,Standard,2,2729.75,1364.88,4,2,2,2,20,71.24,87.2,35.0,35.0,0,0,0,4,2,2,0.5,16.0,LOW,FRICTION_PRONE_CUSTOMER
C002281,John,Steele,Saudi Arabia,Standard,2,5859.72,2929.86,3,1,2,1,16,69.1,91.77,37.5,75.0,1,0,1,3,2,1,0.67,23.0,LOW,FRICTION_PRONE_CUSTOMER
C002282,Nicholas,Patel,United Arab Emirates,Standard,2,2530.77,1265.38,2,0,2,0,14,53.17,67.97,0.0,0.0,0,0,0,2,2,0,1.0,0.0,LOW,NORMAL_CUSTOMER
C002283,Lisa,King,United Arab Emirates,Standard,1,2023.45,2023.45,1,0,1,0,6,88.98,88.98,45.0,45.0,1,0,0,1,1,0,1.0,5.0,LOW,NORMAL_CUSTOMER
C002284,Phillip,Castro,Saudi Arabia,Standard,2,8769.07,4384.54,3,1,2,1,16,61.81,70.4,37.5,75.0,1,0,1,3,2,1,0.67,23.0,LOW,FRICTION_PRONE_CUSTOMER
C002285,Daniel,Gibson,Saudi Arabia,Standard,1,1798.93,1798.93,1,0,1,0,6,92.22,92.22,45.0,45.0,1,0,0,1,1,0,1.0,5.0,LOW,NORMAL_CUSTOMER
C002286,Anne,Pace,Saudi Arabia,Standard,1,4114.36,4114.36,1,0,1,0,7,93.77,93.77,0.0,0.0,0,0,0,1,1,0,1.0,0.0,LOW,NORMAL_CUSTOMER
C002287,Brittany,Davidson,Other,Premium,1,1161.64,1161.64,1,0,1,0,7,98.32,98.32,0.0,0.0,0,0,0,1,1,0,1.0,0.0,LOW,NORMAL_CUSTOMER
C002290,Andrea,Mcmillan,Saudi Arabia,Standard,2,8398.54,4199.27,2,0,2,0,14,65.35,71.18,0.0,0.0,0,0,0,2,2,0,1.0,0.0,LOW,NORMAL_CUSTOMER
C002291,Stephanie,Reynolds,Pakistan,Standard,1,4531.69,4531.69,1,0,1,0,7,31.22,31.22,0.0,0.0,0,0,0,1,1,0,1.0,0.0,LOW,NORMAL_CUSTOMER
C002292,Steven,Carney,Saudi Arabia,Standard,1,4030.07,4030.07,1,0,1,0,7,48.92,48.92,0.0,0.0,0,0,0,1,1,0,1.0,0.0,LOW,NORMAL_CUSTOMER
C002293,Jeanette,Hill,Saudi Arabia,VIP,1,3721.31,3721.31,1,0,1,0,7,87.4,87.4,0.0,0.0,0,0,0,1,1,0,1.0,0.0,LOW,NORMAL_CUSTOMER
C002294,Samuel,Frazier,Pakistan,Standard,2,5876.0,2938.0,3,1,2,1,17,65.35,82.78,15.0,30.0,0,0,0,3,2,1,0.67,8.0,LOW,NORMAL_CUSTOMER
C002295,Kelly,Owens,Saudi Arabia,Standard,5,16562.56,3312.51,5,0,5,0,33,73.87,86.9,17.0,45.0,2,0,0,5,5,0,1.0,10.0,LOW,LOYAL_LOW_FRICTION_CUSTOMER
C002296,Heather,Ward,Saudi Arabia,Standard,2,7013.16,3506.58,2,0,2,0,13,64.88,72.45,20.0,40.0,1,0,0,2,2,0,1.0,5.0,LOW,NORMAL_CUSTOMER
C002297,Lori,Blake,Saudi Arabia,Standard,2,6867.29,3433.64,3,1,2,1,17,75.92,87.27,15.0,30.0,0,0,0,3,2,1,0.67,8.0,LOW,NORMAL_CUSTOMER
C002298,Laura,Stephenson,Saudi Arabia,Standard,1,2801.59,2801.59,1,0,1,0,7,79.75,79.75,0.0,0.0,0,0,0,1,1,0,1.0,0.0,LOW,NORMAL_CUSTOMER
C002299,Robert,Walker,Saudi Arabia,Standard,1,1515.66,1515.66,1,0,1,0,7,92.75,92.75,0.0,0.0,0,0,0,1,1,0,1.0,0.0,LOW,NORMAL_CUSTOMER
C002300,Victor,Ramirez,United Arab Emirates,VIP,1,2429.04,2429.04,1,0,1,0,7,49.45,49.45,0.0,0.0,0,0,0,1,1,0,1.0,0.0,LOW,NORMAL_CUSTOMER
C002301,Cynthia,Fisher,United States,Standard,3,9364.21,3121.4,3,0,3,0,20,62.86,84.17,15.0,45.0,1,0,0,3,3,0,1.0,5.0,LOW,LOYAL_LOW_FRICTION_CUSTOMER
C002303,Donna,Smith,Pakistan,Premium,1,3908.1,3908.1,1,0,1,0,7,49.6,49.6,0.0,0.0,0,0,0,1,1,0,1.0,0.0,LOW,NORMAL_CUSTOMER
C002306,Charles,Armstrong,United Arab Emirates,Standard,1,4061.13,4061.13,1,0,1,0,6,80.58,80.58,40.0,40.0,1,0,0,1,1,0,1.0,5.0,LOW,NORMAL_CUSTOMER
C002307,Vicki,Johnson,Saudi Arabia,Standard,1,575.5,575.5,2,1,1,1,10,100.8,100.8,30.0,30.0,0,0,0,2,1,1,0.5,8.0,LOW,NORMAL_CUSTOMER
C002308,Timothy,Mclaughlin,Pakistan,Premium,2,8356.11,4178.06,2,0,2,0,13,68.72,93.18,22.5,45.0,1,0,0,2,2,0,1.0,5.0,LOW,NORMAL_CUSTOMER
C002309,Richard,Spence,Saudi Arabia,Standard,1,1173.96,1173.96,2,1,1,1,10,68.55,68.55,30.0,30.0,0,0,0,2,1,1,0.5,8.0,LOW,NORMAL_CUSTOMER
C002310,William,Coleman,United Arab Emirates,Standard,1,4480.56,4480.56,1,0,1,0,7,71.37,71.37,0.0,0.0,0,0,0,1,1,0,1.0,0.0,LOW,NORMAL_CUSTOMER
C002312,Heather,Wright,Other,Standard,2,6403.88,3201.94,3,1,2,1,17,96.53,96.73,17.5,35.0,0,0,0,3,2,1,0.67,8.0,LOW,NORMAL_CUSTOMER
C002314,Krystal,Collins,United Kingdom,VIP,1,1040.96,1040.96,1,0,1,0,7,48.48,48.48,0.0,0.0,0,0,0,1,1,0,1.0,0.0,LOW,NORMAL_CUSTOMER
C002315,Michael,Garrett,Other,Premium,1,731.35,731.35,1,0,1,0,6,27.83,27.83,40.0,40.0,1,0,0,1,1,0,1.0,5.0,LOW,NORMAL_CUSTOMER
C002316,Paula,Davis,Saudi Arabia,Standard,1,3267.57,3267.57,1,0,1,0,7,83.75,83.75,0.0,0.0,0,0,0,1,1,0,1.0,0.0,LOW,NORMAL_CUSTOMER
C002321,Diane,Cook,Other,Standard,2,6384.86,3192.43,2,0,2,0,13,67.04,68.58,22.5,45.0,1,0,0,2,2,0,1.0,5.0,LOW,NORMAL_CUSTOMER
C002322,Michael,Wright,United Kingdom,Premium,2,2920.7,1460.35,2,0,2,0,14,61.42,78.57,0.0,0.0,0,0,0,2,2,0,1.0,0.0,LOW,NORMAL_CUSTOMER
C002323,Deborah,Rodriguez,Pakistan,Standard,2,5180.04,2590.02,2,0,2,0,13,92.26,96.88,20.0,40.0,1,0,0,2,2,0,1.0,5.0,LOW,NORMAL_CUSTOMER
C002324,Bradley,Allen,United Arab Emirates,Standard,1,3410.52,3410.52,3,2,1,2,13,102.25,102.25,65.0,65.0,2,0,1,3,1,2,0.33,36.0,MEDIUM,FRICTION_PRONE_CUSTOMER
C002325,Tonya,Peterson,United States,Standard,4,8745.38,2186.35,6,2,4,2,33,57.38,70.32,26.25,75.0,1,0,1,6,4,2,0.67,31.0,MEDIUM,FRICTION_PRONE_CUSTOMER
C002326,Erica,Brown,Other,Standard,1,3989.0,3989.0,1,0,1,0,7,95.4,95.4,0.0,0.0,0,0,0,1,1,0,1.0,0.0,LOW,NORMAL_CUSTOMER
C002327,Reginald,Cook,United States,Premium,2,5890.2,2945.1,2,0,2,0,14,91.04,101.3,0.0,0.0,0,0,0,2,2,0,1.0,0.0,LOW,NORMAL_CUSTOMER
C002328,Karen,Bauer,Saudi Arabia,Standard,3,7774.79,2591.6,4,1,3,1,23,65.89,69.03,23.33,40.0,1,0,0,4,3,1,0.75,13.0,LOW,LOYAL_LOW_FRICTION_CUSTOMER
C002330,Russell,Parsons,Saudi Arabia,Standard,2,4544.59,2272.3,3,1,2,1,17,71.0,83.5,15.0,30.0,0,0,0,3,2,1,0.67,8.0,LOW,NORMAL_CUSTOMER
C002331,Alex,Harvey,Saudi Arabia,Standard,4,13194.65,3298.66,6,2,4,2,30,61.71,79.08,56.25,100.0,6,1,0,6,4,2,0.67,66.0,HIGH,FRICTION_PRONE_CUSTOMER
C002332,Jonathan,Duran,Saudi Arabia,Standard,2,2823.45,1411.72,3,1,2,1,17,66.16,69.4,15.0,30.0,0,0,0,3,2,1,0.67,8.0,LOW,NORMAL_CUSTOMER
C002333,William,Garrett,Pakistan,Premium,2,5236.53,2618.26,2,0,2,0,13,50.1,64.63,20.0,40.0,1,0,0,2,2,0,1.0,5.0,LOW,NORMAL_CUSTOMER
C002335,Beverly,Miller,Saudi Arabia,Standard,3,8746.72,2915.57,4,1,3,1,23,60.55,66.38,23.33,40.0,1,0,0,4,3,1,0.75,13.0,LOW,LOYAL_LOW_FRICTION_CUSTOMER
C002336,Barbara,Brown,United Arab Emirates,Standard,1,3552.3,3552.3,1,0,1,0,7,45.88,45.88,0.0,0.0,0,0,0,1,1,0,1.0,0.0,LOW,NORMAL_CUSTOMER
C002337,Sean,Johnson,United Arab Emirates,Standard,2,3040.08,1520.04,2,0,2,0,13,73.11,76.75,20.0,40.0,1,0,0,2,2,0,1.0,5.0,LOW,NORMAL_CUSTOMER
C002339,Kelsey,Abbott,Saudi Arabia,Standard,1,2720.57,2720.57,1,0,1,0,7,81.55,81.55,0.0,0.0,0,0,0,1,1,0,1.0,0.0,LOW,NORMAL_CUSTOMER
C002340,Brianna,Brown,United Arab Emirates,Standard,3,9611.24,3203.75,3,0,3,0,20,77.52,101.32,13.33,40.0,1,0,0,3,3,0,1.0,5.0,LOW,LOYAL_LOW_FRICTION_CUSTOMER
C002341,Vincent,Anderson,United States,Standard,1,2009.96,2009.96,1,0,1,0,7,79.28,79.28,0.0,0.0,0,0,0,1,1,0,1.0,0.0,LOW,NORMAL_CUSTOMER
C002342,Michael,Ellison,Saudi Arabia,Standard,2,9095.63,4547.82,2,0,2,0,14,67.99,77.2,0.0,0.0,0,0,0,2,2,0,1.0,0.0,LOW,NORMAL_CUSTOMER
C002343,Angel,Ramos,Saudi Arabia,Premium,1,2764.85,2764.85,1,0,1,0,6,65.92,65.92,45.0,45.0,1,0,0,1,1,0,1.0,5.0,LOW,NORMAL_CUSTOMER
C002344,Dan,Turner,United Arab Emirates,Premium,2,4900.04,2450.02,2,0,2,0,13,64.38,73.27,20.0,40.0,1,0,0,2,2,0,1.0,5.0,LOW,NORMAL_CUSTOMER
C002346,Suzanne,Jones,United Kingdom,Standard,1,3839.73,3839.73,2,1,1,1,10,70.58,70.58,30.0,30.0,0,0,0,2,1,1,0.5,8.0,LOW,NORMAL_CUSTOMER
C002347,Darren,Byrd,United Kingdom,Premium,1,2748.02,2748.02,1,0,1,0,7,68.6,68.6,0.0,0.0,0,0,0,1,1,0,1.0,0.0,LOW,NORMAL_CUSTOMER
C002348,Shelia,Hansen,United Arab Emirates,Standard,1,4605.12,4605.12,1,0,1,0,7,51.28,51.28,0.0,0.0,0,0,0,1,1,0,1.0,0.0,LOW,NORMAL_CUSTOMER
C002350,Larry,James,Saudi Arabia,Standard,5,17839.18,3567.84,7,2,5,2,39,75.73,92.78,30.0,75.0,2,0,1,7,5,2,0.71,36.0,MEDIUM,FRICTION_PRONE_CUSTOMER
C002351,Stanley,Davis,Pakistan,Standard,2,7283.23,3641.62,2,0,2,0,14,45.36,47.27,0.0,0.0,0,0,0,2,2,0,1.0,0.0,LOW,NORMAL_CUSTOMER
C002353,Timothy,Hall,Pakistan,Standard,4,13178.37,3294.59,4,0,4,0,25,66.55,80.27,30.0,40.0,3,0,0,4,4,0,1.0,15.0,LOW,NORMAL_CUSTOMER
C002354,Thomas,Greene,Other,Standard,1,1346.94,1346.94,1,0,1,0,6,40.33,40.33,45.0,45.0,1,0,0,1,1,0,1.0,5.0,LOW,NORMAL_CUSTOMER
C002355,Samuel,Keller,United Kingdom,Premium,1,776.79,776.79,2,1,1,1,10,80.78,80.78,30.0,30.0,0,0,0,2,1,1,0.5,8.0,LOW,NORMAL_CUSTOMER
C002356,Heather,Smith,Saudi Arabia,Premium,2,6032.9,3016.45,3,1,2,1,17,75.53,85.22,15.0,30.0,0,0,0,3,2,1,0.67,8.0,LOW,NORMAL_CUSTOMER
C002357,Luis,Reyes,Other,Standard,1,4049.37,4049.37,2,1,1,1,10,42.37,42.37,30.0,30.0,0,0,0,2,1,1,0.5,8.0,LOW,NORMAL_CUSTOMER
C002359,Lisa,Hobbs,Pakistan,Standard,1,2383.16,2383.16,1,0,1,0,7,76.85,76.85,0.0,0.0,0,0,0,1,1,0,1.0,0.0,LOW,NORMAL_CUSTOMER
C002360,Darin,Harvey,Saudi Arabia,Premium,2,8940.97,4470.49,2,0,2,0,14,85.89,85.98,0.0,0.0,0,0,0,2,2,0,1.0,0.0,LOW,NORMAL_CUSTOMER
C002361,Melinda,Morgan,Saudi Arabia,VIP,1,4538.69,4538.69,2,1,1,1,9,46.4,46.4,80.0,80.0,1,1,0,2,1,1,0.5,33.0,MEDIUM,NORMAL_CUSTOMER
C002362,Deborah,Pace,United Arab Emirates,Premium,2,6175.44,3087.72,2,0,2,0,14,54.26,67.83,0.0,0.0,0,0,0,2,2,0,1.0,0.0,LOW,NORMAL_CUSTOMER
C002363,Erica,Logan,Saudi Arabia,Premium,2,3990.37,1995.18,2,0,2,0,13,77.92,89.22,22.5,45.0,1,0,0,2,2,0,1.0,5.0,LOW,NORMAL_CUSTOMER
C002364,Frank,Gibson,United Arab Emirates,Standard,2,7218.5,3609.25,2,0,2,0,14,58.68,70.67,0.0,0.0,0,0,0,2,2,0,1.0,0.0,LOW,NORMAL_CUSTOMER
C002365,Tonya,Murphy,Pakistan,Premium,1,2482.17,2482.17,1,0,1,0,7,46.65,46.65,0.0,0.0,0,0,0,1,1,0,1.0,0.0,LOW,NORMAL_CUSTOMER
C002366,John,Lee,Saudi Arabia,Premium,2,5261.4,2630.7,2,0,2,0,13,64.08,76.8,20.0,40.0,1,0,0,2,2,0,1.0,5.0,LOW,NORMAL_CUSTOMER
C002367,Greg,Garcia,Saudi Arabia,Premium,1,1772.44,1772.44,1,0,1,0,7,61.85,61.85,0.0,0.0,0,0,0,1,1,0,1.0,0.0,LOW,NORMAL_CUSTOMER
C002368,Ethan,Larson,Pakistan,Standard,2,5771.42,2885.71,2,0,2,0,14,54.49,67.6,0.0,0.0,0,0,0,2,2,0,1.0,0.0,LOW,NORMAL_CUSTOMER
C002369,Anita,Jones,United Arab Emirates,Premium,3,7743.79,2581.26,4,1,3,1,24,67.03,84.67,10.0,30.0,0,0,0,4,3,1,0.75,8.0,LOW,LOYAL_LOW_FRICTION_CUSTOMER
C002370,Susan,Clarke,United Kingdom,Standard,2,8759.85,4379.92,2,0,2,0,14,67.52,88.48,0.0,0.0,0,0,0,2,2,0,1.0,0.0,LOW,NORMAL_CUSTOMER
C002371,Jesse,Lee,United Kingdom,Standard,2,9714.98,4857.49,4,2,2,2,19,90.35,121.15,52.5,65.0,4,0,1,4,2,2,0.5,46.0,MEDIUM,FRICTION_PRONE_CUSTOMER
C002372,Richard,Berry,United States,Standard,3,9298.94,3099.65,3,0,3,0,21,74.19,91.87,0.0,0.0,0,0,0,3,3,0,1.0,0.0,LOW,LOYAL_LOW_FRICTION_CUSTOMER
C002374,Danielle,Scott,United Arab Emirates,Standard,1,1393.29,1393.29,1,0,1,0,6,60.32,60.32,45.0,45.0,1,0,0,1,1,0,1.0,5.0,LOW,NORMAL_CUSTOMER
C002375,Ryan,Fisher,United Kingdom,Premium,2,6879.48,3439.74,3,1,2,1,16,75.58,82.82,37.5,40.0,1,0,0,3,2,1,0.67,13.0,LOW,NORMAL_CUSTOMER
C002377,Christina,Wallace,United Arab Emirates,Standard,4,8014.04,2003.51,6,2,4,2,34,54.29,85.37,16.25,65.0,2,0,1,6,4,2,0.67,36.0,MEDIUM,FRICTION_PRONE_CUSTOMER
C002379,Brittany,Robles,United Arab Emirates,Premium,3,12129.71,4043.24,6,3,3,3,29,79.67,98.78,43.33,100.0,3,1,0,6,3,3,0.5,59.0,HIGH,FRICTION_PRONE_CUSTOMER
C002380,Paul,Brown,United States,Standard,2,5348.69,2674.34,3,1,2,1,16,60.46,81.8,37.5,40.0,1,0,0,3,2,1,0.67,13.0,LOW,NORMAL_CUSTOMER
C002381,Janet,Collins,United States,Standard,1,1532.01,1532.01,1,0,1,0,7,47.93,47.93,0.0,0.0,0,0,0,1,1,0,1.0,0.0,LOW,NORMAL_CUSTOMER
C002382,Jamie,Graham,Other,Standard,4,11310.49,2827.62,4,0,4,0,27,58.3,65.58,10.0,40.0,1,0,0,4,4,0,1.0,5.0,LOW,LOYAL_LOW_FRICTION_CUSTOMER
C002383,Karen,Moyer,Other,Standard,3,10242.17,3414.06,3,0,3,0,19,46.2,59.32,26.67,40.0,2,0,0,3,3,0,1.0,10.0,LOW,LOYAL_LOW_FRICTION_CUSTOMER
C002384,Lindsey,Webster,United Arab Emirates,Premium,1,4422.69,4422.69,1,0,1,0,7,56.93,56.93,0.0,0.0,0,0,0,1,1,0,1.0,0.0,LOW,NORMAL_CUSTOMER
C002385,Bryan,Collins,United Arab Emirates,Premium,3,8274.8,2758.27,4,1,3,1,22,49.27,68.07,36.67,70.0,2,0,1,4,3,1,0.75,28.0,MEDIUM,FRICTION_PRONE_CUSTOMER
C002386,Cristian,Mcclure,Pakistan,Premium,2,7114.88,3557.44,2,0,2,0,14,58.17,61.63,0.0,0.0,0,0,0,2,2,0,1.0,0.0,LOW,NORMAL_CUSTOMER
C002387,Monica,Rowe,United Arab Emirates,Standard,3,5168.02,1722.67,3,0,3,0,20,85.08,94.38,15.0,45.0,1,0,0,3,3,0,1.0,5.0,LOW,LOYAL_LOW_FRICTION_CUSTOMER
C002388,Jacob,Hernandez,Pakistan,Standard,2,5063.18,2531.59,2,0,2,0,14,70.6,80.92,0.0,0.0,0,0,0,2,2,0,1.0,0.0,LOW,NORMAL_CUSTOMER
C002391,Jose,Wood,United Arab Emirates,Standard,2,5840.49,2920.24,2,0,2,0,13,66.12,69.57,20.0,40.0,1,0,0,2,2,0,1.0,5.0,LOW,NORMAL_CUSTOMER
C002392,Michelle,Smith,Saudi Arabia,Standard,1,4323.83,4323.83,1,0,1,0,7,45.23,45.23,0.0,0.0,0,0,0,1,1,0,1.0,0.0,LOW,NORMAL_CUSTOMER
C002394,Danielle,Gregory,Saudi Arabia,VIP,1,3109.53,3109.53,1,0,1,0,6,69.57,69.57,40.0,40.0,1,0,0,1,1,0,1.0,5.0,LOW,NORMAL_CUSTOMER
C002395,Candice,Brown,Other,Premium,2,6840.16,3420.08,3,1,2,1,16,91.72,98.77,37.5,75.0,1,0,1,3,2,1,0.67,23.0,LOW,FRICTION_PRONE_CUSTOMER
C002396,Cheryl,Hunter,United Arab Emirates,Standard,2,9288.5,4644.25,3,1,2,1,17,65.74,83.05,15.0,30.0,0,0,0,3,2,1,0.67,8.0,LOW,NORMAL_CUSTOMER
C002397,Brenda,Conley,Saudi Arabia,Standard,1,4574.33,4574.33,3,2,1,2,13,53.33,53.33,60.0,60.0,2,0,1,3,1,2,0.33,36.0,MEDIUM,FRICTION_PRONE_CUSTOMER
C002398,Michael,Trevino,Saudi Arabia,VIP,3,4275.65,1425.22,3,0,3,0,20,44.9,47.75,15.0,45.0,1,0,0,3,3,0,1.0,5.0,LOW,LOYAL_LOW_FRICTION_CUSTOMER
C002399,Megan,Henderson,Pakistan,Standard,1,4710.06,4710.06,1,0,1,0,7,89.97,89.97,0.0,0.0,0,0,0,1,1,0,1.0,0.0,LOW,NORMAL_CUSTOMER
C002400,Christina,Gonzalez,Pakistan,Premium,1,1890.97,1890.97,1,0,1,0,7,74.38,74.38,0.0,0.0,0,0,0,1,1,0,1.0,0.0,LOW,NORMAL_CUSTOMER
C002401,Lisa,Gonzalez,United Arab Emirates,Standard,1,4748.3,4748.3,1,0,1,0,7,62.9,62.9,0.0,0.0,0,0,0,1,1,0,1.0,0.0,LOW,NORMAL_CUSTOMER
C002402,Janice,Kerr,Saudi Arabia,Premium,2,4323.26,2161.63,4,2,2,2,20,88.28,108.18,32.5,35.0,0,0,0,4,2,2,0.5,16.0,LOW,FRICTION_PRONE_CUSTOMER
C002403,Kenneth,Glover,United Arab Emirates,Premium,1,2010.96,2010.96,1,0,1,0,6,41.48,41.48,45.0,45.0,1,0,0,1,1,0,1.0,5.0,LOW,NORMAL_CUSTOMER
C002404,Christina,Peterson,United Arab Emirates,Standard,2,4891.25,2445.62,2,0,2,0,13,86.07,93.62,20.0,40.0,1,0,0,2,2,0,1.0,5.0,LOW,NORMAL_CUSTOMER
C002409,Isaac,Rivera,Other,Standard,2,4093.4,2046.7,3,1,2,1,17,83.68,95.72,15.0,30.0,0,0,0,3,2,1,0.67,8.0,LOW,NORMAL_CUSTOMER
C002410,Heather,Lane,United Arab Emirates,Standard,2,5446.1,2723.05,2,0,2,0,13,56.88,57.37,22.5,45.0,1,0,0,2,2,0,1.0,5.0,LOW,NORMAL_CUSTOMER
C002411,William,Mccarty,United Kingdom,Premium,3,7512.78,2504.26,4,1,3,1,23,63.35,90.92,25.0,45.0,1,0,0,4,3,1,0.75,13.0,LOW,LOYAL_LOW_FRICTION_CUSTOMER
C002412,Robert,Jensen,Saudi Arabia,Premium,2,8372.93,4186.46,3,1,2,1,17,63.22,66.87,15.0,30.0,0,0,0,3,2,1,0.67,8.0,LOW,NORMAL_CUSTOMER
C002414,Patrick,Martin,Saudi Arabia,Standard,1,1083.79,1083.79,1,0,1,0,7,67.55,67.55,0.0,0.0,0,0,0,1,1,0,1.0,0.0,LOW,NORMAL_CUSTOMER
C002415,Jacob,Gibson,Pakistan,Standard,2,7492.44,3746.22,2,0,2,0,14,59.52,69.33,0.0,0.0,0,0,0,2,2,0,1.0,0.0,LOW,NORMAL_CUSTOMER
C002416,Cynthia,Mccormick,Other,Standard,4,11197.75,2799.44,5,1,4,1,31,71.97,95.93,7.5,30.0,0,0,0,5,4,1,0.8,8.0,LOW,LOYAL_LOW_FRICTION_CUSTOMER
C002417,Heather,Williams,United Arab Emirates,Standard,1,1946.36,1946.36,1,0,1,0,6,69.6,69.6,45.0,45.0,1,0,0,1,1,0,1.0,5.0,LOW,NORMAL_CUSTOMER
C002419,Zoe,Smith,Saudi Arabia,VIP,2,5600.89,2800.44,3,1,2,1,17,54.42,68.45,17.5,35.0,0,0,0,3,2,1,0.67,8.0,LOW,NORMAL_CUSTOMER
C002420,Angela,Walker,United Arab Emirates,Standard,2,5584.73,2792.36,2,0,2,0,12,64.28,66.37,45.0,45.0,2,0,0,2,2,0,1.0,10.0,LOW,NORMAL_CUSTOMER
C002422,Donald,Hanson,Saudi Arabia,Standard,2,3237.56,1618.78,2,0,2,0,13,60.32,78.37,20.0,40.0,1,0,0,2,2,0,1.0,5.0,LOW,NORMAL_CUSTOMER
C002423,Leonard,Allen,United States,Standard,1,2206.46,2206.46,1,0,1,0,6,23.37,23.37,45.0,45.0,1,0,0,1,1,0,1.0,5.0,LOW,NORMAL_CUSTOMER
C002424,Shannon,Navarro,United Arab Emirates,Standard,1,3090.86,3090.86,1,0,1,0,7,90.95,90.95,0.0,0.0,0,0,0,1,1,0,1.0,0.0,LOW,NORMAL_CUSTOMER
C002425,Brian,Cisneros,Saudi Arabia,Standard,2,5156.39,2578.2,2,0,2,0,13,56.36,59.17,20.0,40.0,1,0,0,2,2,0,1.0,5.0,LOW,NORMAL_CUSTOMER
C002426,Michael,Rivera,Other,Standard,1,2866.19,2866.19,1,0,1,0,6,40.4,40.4,40.0,40.0,1,0,0,1,1,0,1.0,5.0,LOW,NORMAL_CUSTOMER
C002427,Albert,Singh,Saudi Arabia,Premium,3,6438.34,2146.11,5,2,3,2,24,70.93,80.92,61.67,75.0,3,0,2,5,3,2,0.6,51.0,HIGH,FRICTION_PRONE_CUSTOMER
C002428,Derrick,Harris,Other,Standard,2,5251.9,2625.95,2,0,2,0,14,61.86,83.45,0.0,0.0,0,0,0,2,2,0,1.0,0.0,LOW,NORMAL_CUSTOMER
C002429,Lisa,Lopez,United Arab Emirates,Standard,3,8062.11,2687.37,3,0,3,0,20,78.59,96.62,15.0,45.0,1,0,0,3,3,0,1.0,5.0,LOW,LOYAL_LOW_FRICTION_CUSTOMER
C002430,Tamara,Fritz,Other,Premium,2,6212.4,3106.2,2,0,2,0,14,71.03,89.48,0.0,0.0,0,0,0,2,2,0,1.0,0.0,LOW,NORMAL_CUSTOMER
C002431,William,Cox,Pakistan,Standard,3,7906.43,2635.48,3,0,3,0,19,56.13,64.42,28.33,45.0,2,0,0,3,3,0,1.0,10.0,LOW,LOYAL_LOW_FRICTION_CUSTOMER
C002432,Troy,Jones,United States,Standard,2,6346.14,3173.07,3,1,2,1,17,89.02,98.27,15.0,30.0,0,0,0,3,2,1,0.67,8.0,LOW,NORMAL_CUSTOMER
C002433,Gail,Johnson,Other,Standard,1,1978.99,1978.99,1,0,1,0,6,54.5,54.5,40.0,40.0,1,0,0,1,1,0,1.0,5.0,LOW,NORMAL_CUSTOMER
C002434,Robert,Wilson,Saudi Arabia,Premium,3,8505.86,2835.29,5,2,3,2,27,66.99,87.78,21.67,65.0,2,0,1,5,3,2,0.6,36.0,MEDIUM,FRICTION_PRONE_CUSTOMER
C002435,Mary,Roberts,Other,Premium,3,9791.2,3263.73,5,2,3,2,26,61.79,86.45,35.0,60.0,3,0,1,5,3,2,0.6,41.0,MEDIUM,FRICTION_PRONE_CUSTOMER
C002436,Tracy,Lee,United Arab Emirates,Standard,2,6517.83,3258.92,2,0,2,0,14,59.8,88.42,0.0,0.0,0,0,0,2,2,0,1.0,0.0,LOW,NORMAL_CUSTOMER
C002437,Christopher,Willis,United Arab Emirates,Standard,1,4195.7,4195.7,1,0,1,0,7,87.3,87.3,0.0,0.0,0,0,0,1,1,0,1.0,0.0,LOW,NORMAL_CUSTOMER
C002438,Anthony,Cannon,United Arab Emirates,Premium,1,3338.22,3338.22,3,2,1,2,13,78.33,78.33,60.0,60.0,2,0,1,3,1,2,0.33,36.0,MEDIUM,FRICTION_PRONE_CUSTOMER
C002439,Kathleen,Williams,Pakistan,Premium,1,1685.31,1685.31,1,0,1,0,7,62.68,62.68,0.0,0.0,0,0,0,1,1,0,1.0,0.0,LOW,NORMAL_CUSTOMER
C002441,Joshua,Gonzalez,Pakistan,Premium,2,6650.88,3325.44,2,0,2,0,13,67.14,92.83,20.0,40.0,1,0,0,2,2,0,1.0,5.0,LOW,NORMAL_CUSTOMER
C002442,Amanda,Thompson,Pakistan,Standard,1,2759.41,2759.41,2,1,1,1,9,58.28,58.28,75.0,75.0,1,0,1,2,1,1,0.5,23.0,LOW,FRICTION_PRONE_CUSTOMER
C002443,Gary,Mcclure,United States,Standard,1,4446.64,4446.64,3,2,1,2,13,74.1,74.1,65.0,65.0,2,0,1,3,1,2,0.33,36.0,MEDIUM,FRICTION_PRONE_CUSTOMER
C002444,Stephen,Higgins,United States,Standard,3,7442.36,2480.79,3,0,3,0,21,76.31,94.52,0.0,0.0,0,0,0,3,3,0,1.0,0.0,LOW,LOYAL_LOW_FRICTION_CUSTOMER
C002445,Julia,Morgan,United Arab Emirates,Standard,2,6381.86,3190.93,2,0,2,0,14,77.2,85.53,0.0,0.0,0,0,0,2,2,0,1.0,0.0,LOW,NORMAL_CUSTOMER
C002446,Katie,Spencer,United Arab Emirates,Standard,2,4227.64,2113.82,2,0,2,0,14,71.8,84.28,0.0,0.0,0,0,0,2,2,0,1.0,0.0,LOW,NORMAL_CUSTOMER
C002447,Andrea,White,Saudi Arabia,Premium,1,2518.94,2518.94,1,0,1,0,7,41.2,41.2,0.0,0.0,0,0,0,1,1,0,1.0,0.0,LOW,NORMAL_CUSTOMER
C002449,Danny,Cameron,Saudi Arabia,Standard,4,12023.72,3005.93,4,0,4,0,28,59.44,81.95,0.0,0.0,0,0,0,4,4,0,1.0,0.0,LOW,LOYAL_LOW_FRICTION_CUSTOMER
C002450,Kimberly,Lozano,United Arab Emirates,Standard,2,7791.66,3895.83,3,1,2,1,16,66.59,66.97,37.5,45.0,1,0,0,3,2,1,0.67,13.0,LOW,NORMAL_CUSTOMER
C002451,Madeline,Smith,Saudi Arabia,Premium,1,2851.56,2851.56,2,1,1,1,10,55.67,55.67,30.0,30.0,0,0,0,2,1,1,0.5,8.0,LOW,NORMAL_CUSTOMER
C002452,Michael,Byrd,Other,Premium,3,6006.56,2002.19,5,2,3,2,26,76.64,88.3,33.33,100.0,3,1,0,5,3,2,0.6,51.0,HIGH,FRICTION_PRONE_CUSTOMER
C002453,Lynn,Gray,Pakistan,Standard,1,1477.09,1477.09,1,0,1,0,6,50.3,50.3,45.0,45.0,1,0,0,1,1,0,1.0,5.0,LOW,NORMAL_CUSTOMER
C002455,Jennifer,Rodriguez,Pakistan,Standard,3,7507.66,2502.55,4,1,3,1,24,79.97,92.52,10.0,30.0,0,0,0,4,3,1,0.75,8.0,LOW,LOYAL_LOW_FRICTION_CUSTOMER
C002456,Amy,Boyle,Saudi Arabia,Standard,1,626.83,626.83,3,2,1,2,12,68.87,68.87,100.0,100.0,3,1,0,3,1,2,0.33,51.0,HIGH,FRICTION_PRONE_CUSTOMER
C002460,Karen,Guerrero,United Arab Emirates,Standard,1,1157.32,1157.32,3,2,1,2,13,83.22,83.22,65.0,65.0,2,0,1,3,1,2,0.33,36.0,MEDIUM,FRICTION_PRONE_CUSTOMER
C002461,Kenneth,Pugh,Other,Standard,3,5261.63,1753.88,4,1,3,1,24,75.3,89.13,11.67,35.0,0,0,0,4,3,1,0.75,8.0,LOW,LOYAL_LOW_FRICTION_CUSTOMER
C002462,Yvonne,Rowland,Other,Standard,4,3483.92,870.98,4,0,4,0,28,66.91,87.4,0.0,0.0,0,0,0,4,4,0,1.0,0.0,LOW,LOYAL_LOW_FRICTION_CUSTOMER
C002463,Shannon,Cuevas,Pakistan,Standard,3,6922.23,2307.41,5,2,3,2,27,58.35,74.22,21.67,35.0,0,0,0,5,3,2,0.6,16.0,LOW,FRICTION_PRONE_CUSTOMER
C002464,Michael,Keith,Pakistan,Standard,3,8567.57,2855.86,3,0,3,0,20,59.9,67.6,13.33,40.0,1,0,0,3,3,0,1.0,5.0,LOW,LOYAL_LOW_FRICTION_CUSTOMER
C002467,Victoria,Thomas,United Arab Emirates,Standard,5,10296.74,2059.35,8,3,5,3,43,74.03,100.08,27.0,100.0,3,1,0,8,5,3,0.62,59.0,HIGH,FRICTION_PRONE_CUSTOMER
C002468,Kimberly,Glass,Saudi Arabia,Standard,2,2707.4,1353.7,2,0,2,0,14,52.5,71.75,0.0,0.0,0,0,0,2,2,0,1.0,0.0,LOW,NORMAL_CUSTOMER
C002469,Joel,Norton,United Arab Emirates,Standard,3,7798.74,2599.58,3,0,3,0,20,48.88,63.22,13.33,40.0,1,0,0,3,3,0,1.0,5.0,LOW,LOYAL_LOW_FRICTION_CUSTOMER
C002470,Lisa,Lee,Pakistan,VIP,3,10504.91,3501.64,3,0,3,0,21,81.67,86.82,0.0,0.0,0,0,0,3,3,0,1.0,0.0,LOW,LOYAL_LOW_FRICTION_CUSTOMER
C002473,Jennifer,Greene,Other,Standard,4,10120.49,2530.12,7,3,4,3,36,67.73,96.62,32.5,95.0,3,1,0,7,4,3,0.57,59.0,HIGH,FRICTION_PRONE_CUSTOMER
C002475,Gabriel,Sanchez,Pakistan,Premium,1,1969.54,1969.54,1,0,1,0,6,42.7,42.7,40.0,40.0,1,0,0,1,1,0,1.0,5.0,LOW,NORMAL_CUSTOMER
C002476,Donald,Williams,Other,Standard,3,6123.52,2041.17,3,0,3,0,20,59.31,73.22,13.33,40.0,1,0,0,3,3,0,1.0,5.0,LOW,LOYAL_LOW_FRICTION_CUSTOMER
C002477,Jamie,Jensen,Saudi Arabia,Standard,3,9083.64,3027.88,4,1,3,1,24,80.52,87.02,10.0,30.0,0,0,0,4,3,1,0.75,8.0,LOW,LOYAL_LOW_FRICTION_CUSTOMER
C002478,Jamie,Lopez,United States,Standard,1,1310.1,1310.1,2,1,1,1,10,80.8,80.8,30.0,30.0,0,0,0,2,1,1,0.5,8.0,LOW,NORMAL_CUSTOMER
C002480,Michael,Clarke,United States,Standard,2,5976.74,2988.37,2,0,2,0,13,68.03,72.28,20.0,40.0,1,0,0,2,2,0,1.0,5.0,LOW,NORMAL_CUSTOMER
C002481,Juan,Murphy,Saudi Arabia,Standard,2,8868.35,4434.17,3,1,2,1,16,63.5,72.67,35.0,40.0,1,0,0,3,2,1,0.67,13.0,LOW,NORMAL_CUSTOMER
C002482,Amber,Brown,Other,Standard,1,4279.59,4279.59,1,0,1,0,7,54.45,54.45,0.0,0.0,0,0,0,1,1,0,1.0,0.0,LOW,NORMAL_CUSTOMER
C002483,Mario,Flynn,Other,Standard,3,9617.64,3205.88,5,2,3,2,26,84.72,107.17,35.0,45.0,1,0,0,5,3,2,0.6,21.0,LOW,FRICTION_PRONE_CUSTOMER
C002486,Joseph,Schmitt,Other,Standard,1,3935.03,3935.03,1,0,1,0,7,43.6,43.6,0.0,0.0,0,0,0,1,1,0,1.0,0.0,LOW,NORMAL_CUSTOMER
C002487,Michele,Blackwell,United Arab Emirates,Standard,2,2130.38,1065.19,3,1,2,1,17,52.94,64.5,15.0,30.0,0,0,0,3,2,1,0.67,8.0,LOW,NORMAL_CUSTOMER
C002489,Erin,Miller,Pakistan,Standard,2,3161.92,1580.96,2,0,2,0,13,43.54,52.45,20.0,40.0,1,0,0,2,2,0,1.0,5.0,LOW,NORMAL_CUSTOMER
C002490,Cody,Ruiz,United Arab Emirates,Standard,3,6043.82,2014.61,3,0,3,0,21,61.37,63.42,0.0,0.0,0,0,0,3,3,0,1.0,0.0,LOW,LOYAL_LOW_FRICTION_CUSTOMER
C002491,Sydney,Alvarado,Saudi Arabia,VIP,2,7658.15,3829.08,3,1,2,1,17,74.04,95.4,15.0,30.0,0,0,0,3,2,1,0.67,8.0,LOW,NORMAL_CUSTOMER
C002492,Kristi,Brown,Saudi Arabia,Premium,2,5169.07,2584.54,2,0,2,0,13,71.39,75.5,22.5,45.0,1,0,0,2,2,0,1.0,5.0,LOW,NORMAL_CUSTOMER
C002494,Victoria,Potter,United Arab Emirates,Premium,2,2006.13,1003.06,4,2,2,2,19,92.06,94.0,52.5,70.0,1,0,1,4,2,2,0.5,31.0,MEDIUM,FRICTION_PRONE_CUSTOMER
C002495,Michelle,Newman,Pakistan,Premium,4,5889.23,1472.31,4,0,4,0,28,39.34,50.45,0.0,0.0,0,0,0,4,4,0,1.0,0.0,LOW,LOYAL_LOW_FRICTION_CUSTOMER
C002497,Michelle,Jimenez,Pakistan,Standard,2,7330.09,3665.04,2,0,2,0,14,78.1,82.27,0.0,0.0,0,0,0,2,2,0,1.0,0.0,LOW,NORMAL_CUSTOMER
C002498,John,Marshall,Other,Standard,1,3197.19,3197.19,2,1,1,1,10,52.77,52.77,35.0,35.0,0,0,0,2,1,1,0.5,8.0,LOW,NORMAL_CUSTOMER
C002500,Maria,Brooks,United Arab Emirates,Standard,1,2614.43,2614.43,1,0,1,0,7,82.65,82.65,0.0,0.0,0,0,0,1,1,0,1.0,0.0,LOW,NORMAL_CUSTOMER
C002501,Kathleen,Neal,United States,Standard,3,7984.22,2661.41,3,0,3,0,20,66.52,85.77,15.0,45.0,1,0,0,3,3,0,1.0,5.0,LOW,LOYAL_LOW_FRICTION_CUSTOMER
C002502,Erica,Baldwin,United States,Standard,4,14585.58,3646.4,7,3,4,3,35,73.08,97.18,46.25,80.0,2,1,1,7,4,3,0.57,64.0,HIGH,FRICTION_PRONE_CUSTOMER
C002503,Tracy,Simpson,Pakistan,Premium,2,2729.45,1364.72,6,4,2,4,26,81.68,95.73,65.0,65.0,4,0,2,6,2,4,0.33,72.0,HIGH,FRICTION_PRONE_CUSTOMER
C002504,Barbara,Adams,Other,Standard,1,2780.98,2780.98,2,1,1,1,10,62.23,62.23,30.0,30.0,0,0,0,2,1,1,0.5,8.0,LOW,NORMAL_CUSTOMER
C002505,Joseph,Morales,Saudi Arabia,Premium,4,12173.43,3043.36,5,1,4,1,30,48.37,61.82,20.0,45.0,1,0,0,5,4,1,0.8,13.0,LOW,LOYAL_LOW_FRICTION_CUSTOMER
C002506,Robert,Morse,Saudi Arabia,Premium,2,4139.1,2069.55,3,1,2,1,16,58.29,61.6,37.5,45.0,1,0,0,3,2,1,0.67,13.0,LOW,NORMAL_CUSTOMER
C002507,Shannon,Silva,Other,Standard,3,9237.78,3079.26,3,0,3,0,20,69.56,82.9,13.33,40.0,1,0,0,3,3,0,1.0,5.0,LOW,LOYAL_LOW_FRICTION_CUSTOMER
C002508,Cynthia,Johnson,United Arab Emirates,Standard,2,4387.69,2193.85,5,3,2,3,23,84.28,100.2,47.5,65.0,2,0,1,5,2,3,0.4,44.0,MEDIUM,FRICTION_PRONE_CUSTOMER
C002509,Nicole,Robinson,United States,Standard,2,6047.88,3023.94,2,0,2,0,14,39.56,44.73,0.0,0.0,0,0,0,2,2,0,1.0,0.0,LOW,NORMAL_CUSTOMER
C002510,Christopher,Harris,Other,Premium,2,3254.98,1627.49,2,0,2,0,14,95.38,100.82,0.0,0.0,0,0,0,2,2,0,1.0,0.0,LOW,NORMAL_CUSTOMER
C002511,Zachary,Roy,Saudi Arabia,Premium,2,6353.64,3176.82,3,1,2,1,17,51.92,54.38,15.0,30.0,0,0,0,3,2,1,0.67,8.0,LOW,NORMAL_CUSTOMER
C002512,Joshua,Foster,Other,Premium,3,10125.54,3375.18,4,1,3,1,24,59.21,72.28,10.0,30.0,0,0,0,4,3,1,0.75,8.0,LOW,LOYAL_LOW_FRICTION_CUSTOMER
C002513,Sharon,Torres,United Arab Emirates,Standard,3,10869.74,3623.25,3,0,3,0,21,84.77,89.67,0.0,0.0,0,0,0,3,3,0,1.0,0.0,LOW,LOYAL_LOW_FRICTION_CUSTOMER
C002514,Miguel,Oneal,Pakistan,Standard,2,6774.32,3387.16,3,1,2,1,17,67.59,67.75,17.5,35.0,0,0,0,3,2,1,0.67,8.0,LOW,NORMAL_CUSTOMER
C002515,Stephanie,Duncan,Pakistan,Standard,1,2999.26,2999.26,1,0,1,0,7,73.9,73.9,0.0,0.0,0,0,0,1,1,0,1.0,0.0,LOW,NORMAL_CUSTOMER
C002516,Mark,Walls,Other,Standard,1,4198.56,4198.56,2,1,1,1,10,87.05,87.05,30.0,30.0,0,0,0,2,1,1,0.5,8.0,LOW,NORMAL_CUSTOMER
C002519,Jessica,Taylor,United Kingdom,Standard,1,2385.81,2385.81,1,0,1,0,6,67.42,67.42,40.0,40.0,1,0,0,1,1,0,1.0,5.0,LOW,NORMAL_CUSTOMER
C002521,Stephen,Wallace,United Kingdom,Standard,1,3631.81,3631.81,3,2,1,2,13,102.18,102.18,65.0,65.0,2,0,1,3,1,2,0.33,36.0,MEDIUM,FRICTION_PRONE_CUSTOMER
C002522,Elizabeth,Bell,Saudi Arabia,Standard,2,5355.94,2677.97,2,0,2,0,14,59.89,65.3,0.0,0.0,0,0,0,2,2,0,1.0,0.0,LOW,NORMAL_CUSTOMER
C002524,Bryan,Marshall,United Arab Emirates,Premium,1,3506.65,3506.65,1,0,1,0,7,43.4,43.4,0.0,0.0,0,0,0,1,1,0,1.0,0.0,LOW,NORMAL_CUSTOMER
C002525,Amanda,Oliver,United States,Standard,3,6856.37,2285.46,6,3,3,3,28,78.08,88.15,56.67,70.0,4,0,2,6,3,3,0.5,64.0,HIGH,FRICTION_PRONE_CUSTOMER
C002526,Jeffery,Simmons,Saudi Arabia,Standard,2,3130.74,1565.37,4,2,2,2,18,61.82,76.62,70.0,100.0,4,1,0,4,2,2,0.5,56.0,HIGH,FRICTION_PRONE_CUSTOMER
C002527,Russell,Mcdonald,Saudi Arabia,Standard,1,3846.64,3846.64,2,1,1,1,10,67.7,67.7,30.0,30.0,0,0,0,2,1,1,0.5,8.0,LOW,NORMAL_CUSTOMER
C002528,Jason,Ortiz,Other,Premium,2,4369.52,2184.76,3,1,2,1,16,64.34,73.02,35.0,40.0,1,0,0,3,2,1,0.67,13.0,LOW,NORMAL_CUSTOMER
C002529,Joseph,Ballard,Saudi Arabia,Standard,2,6116.55,3058.28,2,0,2,0,13,73.01,93.85,22.5,45.0,1,0,0,2,2,0,1.0,5.0,LOW,NORMAL_CUSTOMER
C002530,Maria,Stewart,Other,Premium,2,4948.92,2474.46,3,1,2,1,17,79.06,86.85,17.5,35.0,0,0,0,3,2,1,0.67,8.0,LOW,NORMAL_CUSTOMER
C002531,Matthew,Reyes,United Kingdom,Standard,1,3752.81,3752.81,1,0,1,0,7,68.22,68.22,0.0,0.0,0,0,0,1,1,0,1.0,0.0,LOW,NORMAL_CUSTOMER
C002533,Ashlee,Hall,Saudi Arabia,Standard,2,7084.69,3542.34,2,0,2,0,14,40.72,43.2,0.0,0.0,0,0,0,2,2,0,1.0,0.0,LOW,NORMAL_CUSTOMER
C002534,Todd,Brewer,Saudi Arabia,Standard,1,1528.07,1528.07,2,1,1,1,10,60.12,60.12,30.0,30.0,0,0,0,2,1,1,0.5,8.0,LOW,NORMAL_CUSTOMER
C002536,Felicia,Miller,United States,Standard,2,3467.99,1734.0,2,0,2,0,14,56.54,61.32,0.0,0.0,0,0,0,2,2,0,1.0,0.0,LOW,NORMAL_CUSTOMER
C002537,Brandon,Kirby,United Kingdom,Standard,1,2336.2,2336.2,2,1,1,1,9,89.78,89.78,75.0,75.0,1,0,1,2,1,1,0.5,23.0,LOW,FRICTION_PRONE_CUSTOMER
C002538,Cory,Hunt,Saudi Arabia,Standard,2,2773.82,1386.91,2,0,2,0,14,45.98,51.28,0.0,0.0,0,0,0,2,2,0,1.0,0.0,LOW,NORMAL_CUSTOMER
C002539,Kristen,Schneider,United States,Premium,1,3320.46,3320.46,1,0,1,0,7,82.95,82.95,0.0,0.0,0,0,0,1,1,0,1.0,0.0,LOW,NORMAL_CUSTOMER
C002540,Steve,Hartman,United States,Premium,2,6646.43,3323.22,2,0,2,0,14,69.03,73.28,0.0,0.0,0,0,0,2,2,0,1.0,0.0,LOW,NORMAL_CUSTOMER
C002542,Mia,Garcia,United States,Standard,3,4411.54,1470.51,3,0,3,0,21,54.09,64.33,0.0,0.0,0,0,0,3,3,0,1.0,0.0,LOW,LOYAL_LOW_FRICTION_CUSTOMER
C002543,Scott,Jones,United States,Premium,1,4938.9,4938.9,3,2,1,2,13,107.07,107.07,65.0,65.0,2,0,1,3,1,2,0.33,36.0,MEDIUM,FRICTION_PRONE_CUSTOMER
C002545,Susan,Gonzalez,Saudi Arabia,Standard,2,6443.93,3221.96,2,0,2,0,13,59.16,63.42,22.5,45.0,1,0,0,2,2,0,1.0,5.0,LOW,NORMAL_CUSTOMER
C002546,James,Gonzalez,United Arab Emirates,Standard,2,5662.11,2831.06,2,0,2,0,14,51.65,56.43,0.0,0.0,0,0,0,2,2,0,1.0,0.0,LOW,NORMAL_CUSTOMER
C002547,Haley,Murphy,Saudi Arabia,Premium,3,5680.92,1893.64,3,0,3,0,20,67.37,85.88,13.33,40.0,1,0,0,3,3,0,1.0,5.0,LOW,LOYAL_LOW_FRICTION_CUSTOMER
C002548,David,Turner,United Arab Emirates,Standard,3,5765.66,1921.89,5,2,3,2,27,65.33,80.8,20.0,60.0,2,0,1,5,3,2,0.6,36.0,MEDIUM,FRICTION_PRONE_CUSTOMER
C002549,Debra,Ochoa,United Arab Emirates,Standard,1,1971.4,1971.4,1,0,1,0,7,81.78,81.78,0.0,0.0,0,0,0,1,1,0,1.0,0.0,LOW,NORMAL_CUSTOMER
C002550,Erik,Sutton,Saudi Arabia,Premium,1,2578.7,2578.7,1,0,1,0,7,92.48,92.48,0.0,0.0,0,0,0,1,1,0,1.0,0.0,LOW,NORMAL_CUSTOMER
C002551,Sarah,Hill,United Arab Emirates,Standard,1,1269.03,1269.03,1,0,1,0,7,49.23,49.23,0.0,0.0,0,0,0,1,1,0,1.0,0.0,LOW,NORMAL_CUSTOMER
C002552,Joshua,Thornton,Saudi Arabia,Premium,3,4783.6,1594.53,3,0,3,0,21,78.84,88.6,0.0,0.0,0,0,0,3,3,0,1.0,0.0,LOW,LOYAL_LOW_FRICTION_CUSTOMER
C002553,Diamond,Bolton,United States,Standard,3,9328.8,3109.6,3,0,3,0,19,64.58,75.85,26.67,40.0,2,0,0,3,3,0,1.0,10.0,LOW,LOYAL_LOW_FRICTION_CUSTOMER
C002554,John,Murillo,Other,Premium,3,8089.27,2696.42,4,1,3,1,23,53.92,56.82,25.0,75.0,1,0,1,4,3,1,0.75,23.0,LOW,FRICTION_PRONE_CUSTOMER
C002556,Rebecca,Singh,Other,Premium,4,12302.37,3075.59,9,5,4,5,41,70.8,97.53,60.0,100.0,6,1,1,9,4,5,0.44,100.0,CRITICAL,HIGH_RISK_CUSTOMER
C002557,Gabriel,Gaines,Pakistan,Standard,4,10814.45,2703.61,5,1,4,1,30,55.48,85.27,18.75,45.0,1,0,0,5,4,1,0.8,13.0,LOW,LOYAL_LOW_FRICTION_CUSTOMER
C002558,Randy,Smith,Saudi Arabia,Standard,2,5423.06,2711.53,4,2,2,2,20,64.1,68.77,32.5,65.0,2,0,1,4,2,2,0.5,36.0,MEDIUM,FRICTION_PRONE_CUSTOMER
C002559,Kevin,Evans,Saudi Arabia,Standard,4,11348.65,2837.16,4,0,4,0,26,54.66,68.78,21.25,45.0,2,0,0,4,4,0,1.0,10.0,LOW,LOYAL_LOW_FRICTION_CUSTOMER
C002560,Holly,Short,Pakistan,Premium,1,4381.71,4381.71,1,0,1,0,7,73.45,73.45,0.0,0.0,0,0,0,1,1,0,1.0,0.0,LOW,NORMAL_CUSTOMER
C002561,Jim,Logan,United States,Standard,2,5447.01,2723.5,2,0,2,0,14,81.0,88.77,0.0,0.0,0,0,0,2,2,0,1.0,0.0,LOW,NORMAL_CUSTOMER
C002562,Diana,Powell,United Kingdom,Standard,1,3494.26,3494.26,2,1,1,1,10,63.58,63.58,35.0,35.0,0,0,0,2,1,1,0.5,8.0,LOW,NORMAL_CUSTOMER
C002563,Jane,Sullivan,Saudi Arabia,Standard,2,2618.57,1309.28,2,0,2,0,14,68.55,70.73,0.0,0.0,0,0,0,2,2,0,1.0,0.0,LOW,NORMAL_CUSTOMER
C002564,Aaron,Carpenter,Saudi Arabia,Standard,2,2787.89,1393.94,2,0,2,0,13,39.0,49.57,20.0,40.0,1,0,0,2,2,0,1.0,5.0,LOW,NORMAL_CUSTOMER
C002565,Thomas,Rios,United Arab Emirates,Standard,1,4338.27,4338.27,1,0,1,0,6,44.32,44.32,40.0,40.0,1,0,0,1,1,0,1.0,5.0,LOW,NORMAL_CUSTOMER
C002566,David,Kennedy,Saudi Arabia,VIP,3,7011.05,2337.02,3,0,3,0,20,62.57,79.95,13.33,40.0,1,0,0,3,3,0,1.0,5.0,LOW,LOYAL_LOW_FRICTION_CUSTOMER
C002567,Jeremy,Hunt,Saudi Arabia,Standard,3,10781.4,3593.8,4,1,3,1,23,82.93,86.9,25.0,75.0,1,0,1,4,3,1,0.75,23.0,LOW,FRICTION_PRONE_CUSTOMER
C002568,Erin,Juarez,Saudi Arabia,Standard,4,8256.19,2064.05,8,4,4,4,40,62.61,83.87,33.75,65.0,2,0,1,8,4,4,0.5,52.0,HIGH,FRICTION_PRONE_CUSTOMER
C002569,Albert,Hernandez,United States,VIP,3,4381.71,1460.57,3,0,3,0,20,62.17,95.57,13.33,40.0,1,0,0,3,3,0,1.0,5.0,LOW,LOYAL_LOW_FRICTION_CUSTOMER
C002570,Heather,Sanders,Other,Standard,1,1666.0,1666.0,1,0,1,0,7,55.48,55.48,0.0,0.0,0,0,0,1,1,0,1.0,0.0,LOW,NORMAL_CUSTOMER
C002571,Lisa,Perez,United Arab Emirates,Standard,2,4601.94,2300.97,2,0,2,0,13,63.72,82.87,22.5,45.0,1,0,0,2,2,0,1.0,5.0,LOW,NORMAL_CUSTOMER
C002572,Vanessa,Curry,Other,Standard,1,809.27,809.27,1,0,1,0,7,84.58,84.58,0.0,0.0,0,0,0,1,1,0,1.0,0.0,LOW,NORMAL_CUSTOMER
C002573,Robert,Wells,United Arab Emirates,Standard,1,932.5,932.5,2,1,1,1,9,83.5,83.5,70.0,70.0,1,0,1,2,1,1,0.5,23.0,LOW,FRICTION_PRONE_CUSTOMER
C002574,David,Black,United Arab Emirates,Standard,1,1650.4,1650.4,1,0,1,0,6,31.9,31.9,40.0,40.0,1,0,0,1,1,0,1.0,5.0,LOW,NORMAL_CUSTOMER
C002576,Patrick,Todd,Pakistan,Premium,3,4384.3,1461.43,5,2,3,2,25,56.03,64.6,48.33,100.0,4,1,0,5,3,2,0.6,56.0,HIGH,FRICTION_PRONE_CUSTOMER
C002579,Lawrence,Conner,United Arab Emirates,Premium,1,1034.45,1034.45,1,0,1,0,6,55.55,55.55,40.0,40.0,1,0,0,1,1,0,1.0,5.0,LOW,NORMAL_CUSTOMER
C002580,Nicole,Edwards,Pakistan,Standard,2,8128.56,4064.28,2,0,2,0,13,55.45,75.23,20.0,40.0,1,0,0,2,2,0,1.0,5.0,LOW,NORMAL_CUSTOMER
C002581,Derrick,Lopez,Saudi Arabia,Premium,1,4988.19,4988.19,1,0,1,0,7,79.55,79.55,0.0,0.0,0,0,0,1,1,0,1.0,0.0,LOW,NORMAL_CUSTOMER
C002582,Kiara,Carrillo,Other,Standard,5,17351.22,3470.24,6,1,5,1,35,65.85,88.18,31.0,75.0,3,0,1,6,5,1,0.83,33.0,MEDIUM,FRICTION_PRONE_CUSTOMER
C002584,Dean,Clark,United Arab Emirates,Standard,4,8070.55,2017.64,4,0,4,0,27,55.66,78.42,11.25,45.0,1,0,0,4,4,0,1.0,5.0,LOW,LOYAL_LOW_FRICTION_CUSTOMER
C002585,Victoria,Cole,Pakistan,Standard,3,5724.91,1908.3,5,2,3,2,26,82.92,119.87,33.33,100.0,3,1,0,5,3,2,0.6,51.0,HIGH,FRICTION_PRONE_CUSTOMER
C002588,Alan,Ray,United Kingdom,Standard,2,3878.22,1939.11,3,1,2,1,17,66.49,81.03,17.5,35.0,0,0,0,3,2,1,0.67,8.0,LOW,NORMAL_CUSTOMER
C002591,Jennifer,Smith,United States,Standard,2,7598.96,3799.48,2,0,2,0,14,64.81,70.77,0.0,0.0,0,0,0,2,2,0,1.0,0.0,LOW,NORMAL_CUSTOMER
C002592,Courtney,Cochran,United States,Standard,3,11318.27,3772.76,3,0,3,0,20,72.1,82.38,13.33,40.0,1,0,0,3,3,0,1.0,5.0,LOW,LOYAL_LOW_FRICTION_CUSTOMER
C002594,Robert,Morgan,Pakistan,Standard,5,16391.87,3278.37,6,1,5,1,35,60.82,91.48,31.0,70.0,3,0,1,6,5,1,0.83,33.0,MEDIUM,FRICTION_PRONE_CUSTOMER
C002595,Glenda,Barnes,Saudi Arabia,Standard,2,6124.7,3062.35,2,0,2,0,13,66.25,90.23,20.0,40.0,1,0,0,2,2,0,1.0,5.0,LOW,NORMAL_CUSTOMER
C002596,Michelle,Jennings,United States,Standard,1,883.62,883.62,2,1,1,1,9,69.67,69.67,75.0,75.0,1,0,1,2,1,1,0.5,23.0,LOW,FRICTION_PRONE_CUSTOMER
C002597,Christopher,Powell,Saudi Arabia,Standard,1,1291.83,1291.83,1,0,1,0,7,87.73,87.73,0.0,0.0,0,0,0,1,1,0,1.0,0.0,LOW,NORMAL_CUSTOMER
C002598,Craig,Osborne,United Arab Emirates,Standard,5,11484.6,2296.92,9,4,5,4,44,69.07,96.48,51.0,100.0,5,2,1,9,5,4,0.56,100.0,CRITICAL,HIGH_RISK_CUSTOMER
C002599,Karen,Medina,Saudi Arabia,VIP,1,2545.25,2545.25,1,0,1,0,6,55.43,55.43,40.0,40.0,1,0,0,1,1,0,1.0,5.0,LOW,NORMAL_CUSTOMER
C002600,Brittany,Nguyen,Saudi Arabia,Standard,1,3798.36,3798.36,1,0,1,0,7,74.77,74.77,0.0,0.0,0,0,0,1,1,0,1.0,0.0,LOW,NORMAL_CUSTOMER
C002601,Patrick,Johnson,Pakistan,Standard,2,6866.63,3433.32,2,0,2,0,13,62.58,73.25,20.0,40.0,1,0,0,2,2,0,1.0,5.0,LOW,NORMAL_CUSTOMER
C002602,Sylvia,Floyd,Saudi Arabia,Premium,3,5542.13,1847.38,3,0,3,0,21,59.58,91.53,0.0,0.0,0,0,0,3,3,0,1.0,0.0,LOW,LOYAL_LOW_FRICTION_CUSTOMER
C002603,Leonard,Weeks,United Kingdom,Premium,1,542.1,542.1,1,0,1,0,7,35.82,35.82,0.0,0.0,0,0,0,1,1,0,1.0,0.0,LOW,NORMAL_CUSTOMER
C002604,Donald,Hernandez,United Arab Emirates,Premium,2,3421.45,1710.72,2,0,2,0,14,60.24,67.8,0.0,0.0,0,0,0,2,2,0,1.0,0.0,LOW,NORMAL_CUSTOMER
C002605,Joshua,Cisneros,Saudi Arabia,Standard,2,4449.47,2224.74,2,0,2,0,12,57.51,60.32,40.0,40.0,2,0,0,2,2,0,1.0,10.0,LOW,NORMAL_CUSTOMER
C002606,Christopher,Rivera,Pakistan,Standard,1,4875.44,4875.44,2,1,1,1,10,82.08,82.08,35.0,35.0,0,0,0,2,1,1,0.5,8.0,LOW,NORMAL_CUSTOMER
C002607,Angela,Soto,Saudi Arabia,Premium,3,9048.31,3016.1,4,1,3,1,24,61.06,75.57,10.0,30.0,0,0,0,4,3,1,0.75,8.0,LOW,LOYAL_LOW_FRICTION_CUSTOMER
C002608,Carol,Morrison,Saudi Arabia,Premium,3,7460.82,2486.94,3,0,3,0,19,59.09,66.7,30.0,45.0,2,0,0,3,3,0,1.0,10.0,LOW,NORMAL_CUSTOMER
C002609,Cathy,Franklin,United Kingdom,Standard,1,1356.62,1356.62,2,1,1,1,9,92.38,92.38,75.0,75.0,1,0,1,2,1,1,0.5,23.0,LOW,FRICTION_PRONE_CUSTOMER
C002611,Hannah,Baird,United States,VIP,2,4134.59,2067.3,2,0,2,0,14,69.11,75.5,0.0,0.0,0,0,0,2,2,0,1.0,0.0,LOW,NORMAL_CUSTOMER
C002613,Dominique,Myers,Saudi Arabia,Standard,1,2718.57,2718.57,1,0,1,0,7,69.4,69.4,0.0,0.0,0,0,0,1,1,0,1.0,0.0,LOW,NORMAL_CUSTOMER
C002614,Kevin,Ferguson,United Kingdom,Standard,2,5720.56,2860.28,3,1,2,1,16,75.42,87.5,37.5,75.0,1,0,1,3,2,1,0.67,23.0,LOW,FRICTION_PRONE_CUSTOMER
C002617,Julie,Hudson,United Arab Emirates,Standard,2,4591.74,2295.87,2,0,2,0,13,58.38,62.97,20.0,40.0,1,0,0,2,2,0,1.0,5.0,LOW,NORMAL_CUSTOMER
C002618,Kenneth,Hayes,Saudi Arabia,VIP,1,2171.31,2171.31,1,0,1,0,7,53.33,53.33,0.0,0.0,0,0,0,1,1,0,1.0,0.0,LOW,NORMAL_CUSTOMER
C002619,Brian,Kline,United States,Standard,2,5966.52,2983.26,2,0,2,0,14,71.11,79.82,0.0,0.0,0,0,0,2,2,0,1.0,0.0,LOW,NORMAL_CUSTOMER
C002622,Troy,Tran,Other,Standard,3,7740.49,2580.16,3,0,3,0,21,89.69,96.17,0.0,0.0,0,0,0,3,3,0,1.0,0.0,LOW,LOYAL_LOW_FRICTION_CUSTOMER
C002623,Daniel,Johnson,United Arab Emirates,Standard,1,1355.15,1355.15,3,2,1,2,13,75.72,75.72,60.0,60.0,2,0,1,3,1,2,0.33,36.0,MEDIUM,FRICTION_PRONE_CUSTOMER
C002624,Victor,Barker,Other,Standard,1,1960.52,1960.52,1,0,1,0,7,59.2,59.2,0.0,0.0,0,0,0,1,1,0,1.0,0.0,LOW,NORMAL_CUSTOMER
C002625,Brittney,Burns,United Arab Emirates,Standard,3,6474.18,2158.06,5,2,3,2,25,73.93,97.28,50.0,65.0,4,0,1,5,3,2,0.6,46.0,MEDIUM,FRICTION_PRONE_CUSTOMER
C002626,Allison,Lopez,Other,Standard,2,7107.63,3553.81,4,2,2,2,20,67.98,72.42,30.0,60.0,2,0,1,4,2,2,0.5,36.0,MEDIUM,FRICTION_PRONE_CUSTOMER
C002627,Tiffany,Jones,Saudi Arabia,Standard,1,3037.76,3037.76,1,0,1,0,7,81.67,81.67,0.0,0.0,0,0,0,1,1,0,1.0,0.0,LOW,NORMAL_CUSTOMER
C002631,Michelle,Keller,Pakistan,Standard,2,7660.53,3830.26,4,2,2,2,20,74.0,101.68,32.5,65.0,2,0,1,4,2,2,0.5,36.0,MEDIUM,FRICTION_PRONE_CUSTOMER
C002632,Ashley,Jones,United Kingdom,Standard,1,1681.41,1681.41,1,0,1,0,6,49.32,49.32,45.0,45.0,1,0,0,1,1,0,1.0,5.0,LOW,NORMAL_CUSTOMER
C002633,Michael,Brown,Saudi Arabia,Standard,2,3163.23,1581.62,3,1,2,1,17,65.82,84.77,17.5,35.0,0,0,0,3,2,1,0.67,8.0,LOW,NORMAL_CUSTOMER
C002634,Felicia,Stone,Saudi Arabia,Standard,1,2597.15,2597.15,2,1,1,1,10,78.32,78.32,35.0,35.0,0,0,0,2,1,1,0.5,8.0,LOW,NORMAL_CUSTOMER
C002635,Kathryn,Jackson,United Kingdom,Premium,1,2893.14,2893.14,1,0,1,0,6,54.45,54.45,45.0,45.0,1,0,0,1,1,0,1.0,5.0,LOW,NORMAL_CUSTOMER
C002636,Stephanie,Heath,United Kingdom,Standard,2,6182.99,3091.5,4,2,2,2,20,91.45,95.2,30.0,60.0,2,0,1,4,2,2,0.5,36.0,MEDIUM,FRICTION_PRONE_CUSTOMER
C002637,Kaylee,Jenkins,Other,Standard,2,6774.89,3387.44,3,1,2,1,16,70.79,78.8,35.0,40.0,1,0,0,3,2,1,0.67,13.0,LOW,NORMAL_CUSTOMER
C002638,Alvin,Moore,United States,Standard,2,7654.76,3827.38,2,0,2,0,14,64.54,72.72,0.0,0.0,0,0,0,2,2,0,1.0,0.0,LOW,NORMAL_CUSTOMER
C002640,Jose,Herrera,United Kingdom,Premium,2,7906.93,3953.46,3,1,2,1,17,68.44,77.47,15.0,30.0,0,0,0,3,2,1,0.67,8.0,LOW,NORMAL_CUSTOMER
C002641,Bill,Mendoza,Saudi Arabia,Premium,2,4390.9,2195.45,3,1,2,1,16,66.45,87.55,35.0,40.0,1,0,0,3,2,1,0.67,13.0,LOW,NORMAL_CUSTOMER
C002642,Bruce,Jones,Saudi Arabia,Standard,2,3029.59,1514.8,2,0,2,0,13,65.75,81.8,20.0,40.0,1,0,0,2,2,0,1.0,5.0,LOW,NORMAL_CUSTOMER
C002643,Kristina,Friedman,United States,Standard,2,6584.94,3292.47,3,1,2,1,17,68.62,80.28,15.0,30.0,0,0,0,3,2,1,0.67,8.0,LOW,NORMAL_CUSTOMER
C002644,William,Glenn,Pakistan,VIP,1,3179.97,3179.97,1,0,1,0,6,66.55,66.55,45.0,45.0,1,0,0,1,1,0,1.0,5.0,LOW,NORMAL_CUSTOMER
C002645,Courtney,Anderson,Saudi Arabia,Premium,1,4952.53,4952.53,1,0,1,0,7,95.83,95.83,0.0,0.0,0,0,0,1,1,0,1.0,0.0,LOW,NORMAL_CUSTOMER
C002646,Walter,Harris,United Arab Emirates,VIP,4,9355.94,2338.98,6,2,4,2,34,76.2,98.45,15.0,30.0,0,0,0,6,4,2,0.67,16.0,LOW,FRICTION_PRONE_CUSTOMER
C002647,Robert,Reynolds,Other,Standard,1,1408.7,1408.7,1,0,1,0,6,50.98,50.98,40.0,40.0,1,0,0,1,1,0,1.0,5.0,LOW,NORMAL_CUSTOMER
C002648,Jacqueline,Mckinney,Pakistan,Standard,1,3413.92,3413.92,1,0,1,0,7,38.58,38.58,0.0,0.0,0,0,0,1,1,0,1.0,0.0,LOW,NORMAL_CUSTOMER
C002650,Amanda,Munoz,United Arab Emirates,Standard,2,4880.33,2440.16,5,3,2,3,22,62.12,67.92,65.0,70.0,3,0,2,5,2,3,0.4,59.0,HIGH,FRICTION_PRONE_CUSTOMER
C002651,Christina,Crosby,Saudi Arabia,Premium,1,3905.8,3905.8,1,0,1,0,6,78.95,78.95,40.0,40.0,1,0,0,1,1,0,1.0,5.0,LOW,NORMAL_CUSTOMER
C002653,Kyle,Shaw,United Arab Emirates,Standard,1,4261.64,4261.64,1,0,1,0,7,30.25,30.25,0.0,0.0,0,0,0,1,1,0,1.0,0.0,LOW,NORMAL_CUSTOMER
C002654,William,Cohen,Saudi Arabia,Standard,1,3691.28,3691.28,2,1,1,1,10,99.77,99.77,30.0,30.0,0,0,0,2,1,1,0.5,8.0,LOW,NORMAL_CUSTOMER
C002655,James,Hill,United States,Premium,3,9047.73,3015.91,6,3,3,3,29,68.81,77.67,46.67,65.0,3,0,1,6,3,3,0.5,49.0,MEDIUM,FRICTION_PRONE_CUSTOMER
C002656,Lindsey,Smith,United Arab Emirates,Standard,1,1791.99,1791.99,1,0,1,0,7,70.18,70.18,0.0,0.0,0,0,0,1,1,0,1.0,0.0,LOW,NORMAL_CUSTOMER
C002657,Amanda,Thomas,United States,Standard,1,2149.37,2149.37,2,1,1,1,10,72.47,72.47,35.0,35.0,0,0,0,2,1,1,0.5,8.0,LOW,NORMAL_CUSTOMER
C002658,Peter,Brown,Other,Standard,6,14715.23,2452.54,6,0,6,0,39,59.01,85.33,20.83,45.0,3,0,0,6,6,0,1.0,15.0,LOW,LOYAL_LOW_FRICTION_CUSTOMER
C002659,Cynthia,Ross,Saudi Arabia,Standard,3,2815.67,938.56,6,3,3,3,29,71.75,95.55,43.33,60.0,3,0,1,6,3,3,0.5,49.0,MEDIUM,FRICTION_PRONE_CUSTOMER
C002660,Mary,Aguirre,United Kingdom,Standard,3,8540.9,2846.97,5,2,3,2,25,68.48,101.63,48.33,65.0,4,0,1,5,3,2,0.6,46.0,MEDIUM,FRICTION_PRONE_CUSTOMER
C002661,Erin,Fox,United Arab Emirates,Standard,5,13440.12,2688.02,5,0,5,0,34,69.49,84.78,9.0,45.0,1,0,0,5,5,0,1.0,5.0,LOW,LOYAL_LOW_FRICTION_CUSTOMER
C002662,Carl,Kent,Other,Premium,2,6235.39,3117.7,2,0,2,0,14,65.12,87.92,0.0,0.0,0,0,0,2,2,0,1.0,0.0,LOW,NORMAL_CUSTOMER
C002663,Holly,Suarez,Saudi Arabia,Standard,1,2750.29,2750.29,2,1,1,1,10,98.6,98.6,35.0,35.0,0,0,0,2,1,1,0.5,8.0,LOW,NORMAL_CUSTOMER
C002664,Jessica,Stevens,United Kingdom,Standard,1,2701.99,2701.99,2,1,1,1,10,41.87,41.87,30.0,30.0,0,0,0,2,1,1,0.5,8.0,LOW,NORMAL_CUSTOMER
C002666,Brian,Mclaughlin,Saudi Arabia,VIP,4,11754.5,2938.62,6,2,4,2,34,68.13,87.45,16.25,35.0,0,0,0,6,4,2,0.67,16.0,LOW,FRICTION_PRONE_CUSTOMER
C002667,Christopher,Roberts,Saudi Arabia,Standard,1,4758.45,4758.45,1,0,1,0,7,104.6,104.6,0.0,0.0,0,0,0,1,1,0,1.0,0.0,LOW,NORMAL_CUSTOMER
C002668,Ryan,Ibarra,United Kingdom,Standard,2,2845.02,1422.51,3,1,2,1,17,83.05,97.88,15.0,30.0,0,0,0,3,2,1,0.67,8.0,LOW,NORMAL_CUSTOMER
C002669,Shawn,Bryant,United Kingdom,Standard,5,9849.83,1969.97,7,2,5,2,41,79.08,96.38,13.0,65.0,2,0,1,7,5,2,0.71,36.0,MEDIUM,FRICTION_PRONE_CUSTOMER
C002670,Chelsea,Graves,United Arab Emirates,Standard,2,3569.14,1784.57,2,0,2,0,14,86.28,86.6,0.0,0.0,0,0,0,2,2,0,1.0,0.0,LOW,NORMAL_CUSTOMER
C002671,Kyle,Dawson,Pakistan,VIP,1,3071.82,3071.82,1,0,1,0,7,71.43,71.43,0.0,0.0,0,0,0,1,1,0,1.0,0.0,LOW,NORMAL_CUSTOMER
C002672,Judith,Evans,United Arab Emirates,Premium,2,6431.77,3215.88,4,2,2,2,19,91.01,98.67,52.5,75.0,1,0,1,4,2,2,0.5,31.0,MEDIUM,FRICTION_PRONE_CUSTOMER
C002673,Joy,Austin,United Kingdom,Standard,2,4756.07,2378.04,3,1,2,1,15,66.24,75.62,62.5,80.0,2,1,0,3,2,1,0.67,38.0,MEDIUM,NORMAL_CUSTOMER
C002675,Jean,Thompson,Other,Standard,1,2786.33,2786.33,2,1,1,1,9,83.17,83.17,80.0,80.0,1,1,0,2,1,1,0.5,33.0,MEDIUM,NORMAL_CUSTOMER
C002676,Jacqueline,Wright,Saudi Arabia,Standard,3,8408.55,2802.85,3,0,3,0,20,84.61,92.42,15.0,45.0,1,0,0,3,3,0,1.0,5.0,LOW,LOYAL_LOW_FRICTION_CUSTOMER
C002678,Stephanie,Quinn,Saudi Arabia,Standard,1,1457.11,1457.11,1,0,1,0,7,72.3,72.3,0.0,0.0,0,0,0,1,1,0,1.0,0.0,LOW,NORMAL_CUSTOMER
C002680,Krista,Bartlett,Pakistan,Standard,3,6635.88,2211.96,3,0,3,0,21,70.57,77.6,0.0,0.0,0,0,0,3,3,0,1.0,0.0,LOW,LOYAL_LOW_FRICTION_CUSTOMER
C002682,Gary,Carroll,United States,Standard,4,10594.07,2648.52,4,0,4,0,27,56.28,70.22,10.0,40.0,1,0,0,4,4,0,1.0,5.0,LOW,LOYAL_LOW_FRICTION_CUSTOMER
C002683,David,Long,Saudi Arabia,Standard,3,7151.62,2383.87,4,1,3,1,24,81.39,91.97,10.0,30.0,0,0,0,4,3,1,0.75,8.0,LOW,LOYAL_LOW_FRICTION_CUSTOMER
C002684,Kimberly,Bautista,United Arab Emirates,Premium,1,4620.17,4620.17,1,0,1,0,7,64.65,64.65,0.0,0.0,0,0,0,1,1,0,1.0,0.0,LOW,NORMAL_CUSTOMER
C002687,Kelsey,Hill,Saudi Arabia,Standard,6,13290.39,2215.06,7,1,6,1,44,67.41,84.85,11.67,40.0,1,0,0,7,6,1,0.86,13.0,LOW,LOYAL_LOW_FRICTION_CUSTOMER
C002688,Anthony,Fuller,United Arab Emirates,Standard,1,4791.08,4791.08,1,0,1,0,7,67.6,67.6,0.0,0.0,0,0,0,1,1,0,1.0,0.0,LOW,NORMAL_CUSTOMER
C002690,Joseph,Hendricks,United Arab Emirates,Standard,1,2676.48,2676.48,1,0,1,0,7,41.18,41.18,0.0,0.0,0,0,0,1,1,0,1.0,0.0,LOW,NORMAL_CUSTOMER
C002691,Caleb,Wolfe,Pakistan,Standard,2,5665.74,2832.87,2,0,2,0,14,71.69,78.5,0.0,0.0,0,0,0,2,2,0,1.0,0.0,LOW,NORMAL_CUSTOMER
C002694,Chris,Snyder,United Arab Emirates,Standard,2,5556.99,2778.5,3,1,2,1,16,56.97,74.17,35.0,40.0,1,0,0,3,2,1,0.67,13.0,LOW,NORMAL_CUSTOMER
C002695,Spencer,Riddle,Other,Premium,3,7649.55,2549.85,5,2,3,2,26,64.24,85.6,35.0,40.0,1,0,0,5,3,2,0.6,21.0,LOW,FRICTION_PRONE_CUSTOMER
C002696,Michael,Tran,Pakistan,Standard,1,939.19,939.19,1,0,1,0,6,93.52,93.52,40.0,40.0,1,0,0,1,1,0,1.0,5.0,LOW,NORMAL_CUSTOMER
C002697,Victor,Carney,United Kingdom,Standard,2,2513.82,1256.91,2,0,2,0,14,76.25,91.23,0.0,0.0,0,0,0,2,2,0,1.0,0.0,LOW,NORMAL_CUSTOMER
C002698,Ashley,Jones,United Arab Emirates,Standard,1,4125.17,4125.17,1,0,1,0,7,59.77,59.77,0.0,0.0,0,0,0,1,1,0,1.0,0.0,LOW,NORMAL_CUSTOMER
C002700,Jonathan,Miranda,United States,Standard,1,3661.15,3661.15,1,0,1,0,7,55.32,55.32,0.0,0.0,0,0,0,1,1,0,1.0,0.0,LOW,NORMAL_CUSTOMER
C002701,Dakota,Nguyen,Pakistan,Standard,2,8155.2,4077.6,3,1,2,1,17,84.49,95.0,17.5,35.0,0,0,0,3,2,1,0.67,8.0,LOW,NORMAL_CUSTOMER
C002702,Audrey,Hayes,Other,Premium,1,4083.27,4083.27,1,0,1,0,7,76.53,76.53,0.0,0.0,0,0,0,1,1,0,1.0,0.0,LOW,NORMAL_CUSTOMER
C002703,Jennifer,King,Saudi Arabia,Standard,2,2660.94,1330.47,2,0,2,0,13,52.38,52.78,20.0,40.0,1,0,0,2,2,0,1.0,5.0,LOW,NORMAL_CUSTOMER
C002704,Jeremy,Hunter,Saudi Arabia,Standard,1,4636.83,4636.83,1,0,1,0,7,51.5,51.5,0.0,0.0,0,0,0,1,1,0,1.0,0.0,LOW,NORMAL_CUSTOMER
C002705,William,Murray,United States,Standard,1,2124.53,2124.53,1,0,1,0,6,79.23,79.23,45.0,45.0,1,0,0,1,1,0,1.0,5.0,LOW,NORMAL_CUSTOMER
C002706,Bradley,Jones,United States,Standard,2,5188.12,2594.06,2,0,2,0,14,56.42,68.25,0.0,0.0,0,0,0,2,2,0,1.0,0.0,LOW,NORMAL_CUSTOMER
C002707,Michelle,Neal,Saudi Arabia,Standard,1,2581.66,2581.66,1,0,1,0,7,67.42,67.42,0.0,0.0,0,0,0,1,1,0,1.0,0.0,LOW,NORMAL_CUSTOMER
C002708,John,Brady,Saudi Arabia,VIP,1,2180.24,2180.24,2,1,1,1,10,83.83,83.83,35.0,35.0,0,0,0,2,1,1,0.5,8.0,LOW,NORMAL_CUSTOMER
C002709,Thomas,James,Saudi Arabia,Standard,7,21530.63,3075.8,11,4,7,4,60,58.06,99.05,24.29,75.0,3,0,2,11,7,4,0.64,67.0,HIGH,FRICTION_PRONE_CUSTOMER
C002710,Patrick,Reese,Saudi Arabia,Premium,1,1501.63,1501.63,1,0,1,0,7,74.87,74.87,0.0,0.0,0,0,0,1,1,0,1.0,0.0,LOW,NORMAL_CUSTOMER
C002711,Edward,Foley,United States,Standard,2,6880.19,3440.1,2,0,2,0,14,62.53,74.28,0.0,0.0,0,0,0,2,2,0,1.0,0.0,LOW,NORMAL_CUSTOMER
C002712,Sarah,Sanders,Pakistan,Premium,3,9014.54,3004.85,3,0,3,0,21,68.58,82.77,0.0,0.0,0,0,0,3,3,0,1.0,0.0,LOW,LOYAL_LOW_FRICTION_CUSTOMER
C002713,Meredith,Smith,United Arab Emirates,Premium,1,4646.87,4646.87,2,1,1,1,10,97.82,97.82,35.0,35.0,0,0,0,2,1,1,0.5,8.0,LOW,NORMAL_CUSTOMER
C002714,Angela,Wilson,United Arab Emirates,Premium,3,9772.28,3257.43,3,0,3,0,21,69.01,78.92,0.0,0.0,0,0,0,3,3,0,1.0,0.0,LOW,LOYAL_LOW_FRICTION_CUSTOMER
C002715,Robin,Stark,Saudi Arabia,Premium,1,1094.5,1094.5,1,0,1,0,7,58.5,58.5,0.0,0.0,0,0,0,1,1,0,1.0,0.0,LOW,NORMAL_CUSTOMER
C002717,Robert,Goodman,Pakistan,Standard,1,508.62,508.62,1,0,1,0,7,46.3,46.3,0.0,0.0,0,0,0,1,1,0,1.0,0.0,LOW,NORMAL_CUSTOMER
C002718,Marc,Washington,Other,Standard,1,2320.32,2320.32,1,0,1,0,6,33.23,33.23,45.0,45.0,1,0,0,1,1,0,1.0,5.0,LOW,NORMAL_CUSTOMER
C002719,Robert,Jones,United States,Standard,1,1068.21,1068.21,1,0,1,0,7,77.55,77.55,0.0,0.0,0,0,0,1,1,0,1.0,0.0,LOW,NORMAL_CUSTOMER
C002720,Jennifer,Kelley,Saudi Arabia,Premium,2,6169.89,3084.94,3,1,2,1,16,46.76,57.7,37.5,40.0,1,0,0,3,2,1,0.67,13.0,LOW,NORMAL_CUSTOMER
C002721,Joseph,Allen,Other,Standard,2,4461.3,2230.65,2,0,2,0,14,89.48,98.75,0.0,0.0,0,0,0,2,2,0,1.0,0.0,LOW,NORMAL_CUSTOMER
C002722,Christian,Dodson,United States,Standard,3,7819.3,2606.43,3,0,3,0,21,80.44,90.2,0.0,0.0,0,0,0,3,3,0,1.0,0.0,LOW,LOYAL_LOW_FRICTION_CUSTOMER
C002723,Nathan,Taylor,United States,Standard,3,13629.03,4543.01,3,0,3,0,21,62.68,82.82,0.0,0.0,0,0,0,3,3,0,1.0,0.0,LOW,LOYAL_LOW_FRICTION_CUSTOMER
C002724,Wayne,Hoover,United Arab Emirates,Premium,1,1588.79,1588.79,1,0,1,0,7,54.25,54.25,0.0,0.0,0,0,0,1,1,0,1.0,0.0,LOW,NORMAL_CUSTOMER
C002725,Rachel,Skinner,United Arab Emirates,Premium,2,6090.41,3045.2,2,0,2,0,14,37.88,44.28,0.0,0.0,0,0,0,2,2,0,1.0,0.0,LOW,NORMAL_CUSTOMER
C002726,Harry,Jackson,United Arab Emirates,Standard,3,4827.97,1609.32,5,2,3,2,25,66.3,78.35,48.33,100.0,4,1,0,5,3,2,0.6,56.0,HIGH,FRICTION_PRONE_CUSTOMER
C002727,Linda,Smith,Saudi Arabia,Standard,1,1176.33,1176.33,1,0,1,0,7,31.85,31.85,0.0,0.0,0,0,0,1,1,0,1.0,0.0,LOW,NORMAL_CUSTOMER
C002728,Tina,Garcia,Saudi Arabia,Standard,1,4891.92,4891.92,1,0,1,0,7,97.45,97.45,0.0,0.0,0,0,0,1,1,0,1.0,0.0,LOW,NORMAL_CUSTOMER
C002729,Stephanie,Phillips,Saudi Arabia,Standard,2,6865.16,3432.58,2,0,2,0,13,76.74,77.97,20.0,40.0,1,0,0,2,2,0,1.0,5.0,LOW,NORMAL_CUSTOMER
C002730,Casey,Nichols,United Arab Emirates,Standard,2,2098.92,1049.46,2,0,2,0,14,52.98,59.28,0.0,0.0,0,0,0,2,2,0,1.0,0.0,LOW,NORMAL_CUSTOMER
C002731,Steven,Myers,United Kingdom,Standard,2,7418.53,3709.26,3,1,2,1,17,60.8,69.67,17.5,35.0,0,0,0,3,2,1,0.67,8.0,LOW,NORMAL_CUSTOMER
C002732,Justin,Jones,United Arab Emirates,Standard,2,5911.35,2955.68,2,0,2,0,14,65.54,82.83,0.0,0.0,0,0,0,2,2,0,1.0,0.0,LOW,NORMAL_CUSTOMER
C002734,Mark,Byrd,Other,Standard,1,1648.0,1648.0,1,0,1,0,7,68.68,68.68,0.0,0.0,0,0,0,1,1,0,1.0,0.0,LOW,NORMAL_CUSTOMER
C002735,Angela,Hernandez,Other,Premium,2,5096.24,2548.12,3,1,2,1,17,85.09,87.95,17.5,35.0,0,0,0,3,2,1,0.67,8.0,LOW,NORMAL_CUSTOMER
C002736,Alan,Howard,United States,Premium,4,11861.07,2965.27,5,1,4,1,30,72.93,93.42,18.75,75.0,1,0,1,5,4,1,0.8,23.0,LOW,FRICTION_PRONE_CUSTOMER
C002737,James,Robinson,Other,Standard,1,3755.85,3755.85,1,0,1,0,6,62.32,62.32,45.0,45.0,1,0,0,1,1,0,1.0,5.0,LOW,NORMAL_CUSTOMER
C002738,Anne,Johnson,Pakistan,Premium,2,4007.28,2003.64,2,0,2,0,13,45.2,56.42,22.5,45.0,1,0,0,2,2,0,1.0,5.0,LOW,NORMAL_CUSTOMER
C002739,Kevin,Leonard,Other,Standard,4,7575.18,1893.8,4,0,4,0,26,67.68,95.67,20.0,40.0,2,0,0,4,4,0,1.0,10.0,LOW,LOYAL_LOW_FRICTION_CUSTOMER
C002740,Cindy,Robinson,Saudi Arabia,Standard,4,13482.6,3370.65,4,0,4,0,28,71.48,83.6,0.0,0.0,0,0,0,4,4,0,1.0,0.0,LOW,LOYAL_LOW_FRICTION_CUSTOMER
C002741,Steven,Horton,United Arab Emirates,Standard,2,5545.09,2772.54,3,1,2,1,16,60.98,71.97,35.0,70.0,1,0,1,3,2,1,0.67,23.0,LOW,FRICTION_PRONE_CUSTOMER
C002742,Brittany,Copeland,Saudi Arabia,Premium,1,4351.44,4351.44,1,0,1,0,6,65.2,65.2,40.0,40.0,1,0,0,1,1,0,1.0,5.0,LOW,NORMAL_CUSTOMER
C002744,Kendra,Davidson,Saudi Arabia,Standard,2,4698.36,2349.18,3,1,2,1,17,72.74,84.55,15.0,30.0,0,0,0,3,2,1,0.67,8.0,LOW,NORMAL_CUSTOMER
C002745,James,Moran,Pakistan,Standard,2,3561.02,1780.51,2,0,2,0,13,76.46,76.53,22.5,45.0,1,0,0,2,2,0,1.0,5.0,LOW,NORMAL_CUSTOMER
C002746,Rachel,Prince,United States,Premium,4,8932.93,2233.23,6,2,4,2,32,61.88,68.55,36.25,40.0,2,0,0,6,4,2,0.67,26.0,MEDIUM,FRICTION_PRONE_CUSTOMER
C002747,Kathleen,Myers,Pakistan,Premium,1,2962.32,2962.32,2,1,1,1,10,45.02,45.02,35.0,35.0,0,0,0,2,1,1,0.5,8.0,LOW,NORMAL_CUSTOMER
C002748,John,Parker,Saudi Arabia,Standard,3,6828.58,2276.19,3,0,3,0,20,63.17,77.4,15.0,45.0,1,0,0,3,3,0,1.0,5.0,LOW,LOYAL_LOW_FRICTION_CUSTOMER
C002749,Adam,Williams,United States,Premium,1,2751.96,2751.96,2,1,1,1,10,94.7,94.7,35.0,35.0,0,0,0,2,1,1,0.5,8.0,LOW,NORMAL_CUSTOMER
C002750,Robert,Smith,Pakistan,Standard,2,9669.25,4834.62,2,0,2,0,14,68.06,69.7,0.0,0.0,0,0,0,2,2,0,1.0,0.0,LOW,NORMAL_CUSTOMER
C002751,Jesse,Barton,United Arab Emirates,VIP,1,1743.59,1743.59,1,0,1,0,6,29.92,29.92,45.0,45.0,1,0,0,1,1,0,1.0,5.0,LOW,NORMAL_CUSTOMER
C002753,Mary,Mcfarland,Saudi Arabia,Standard,2,8379.22,4189.61,2,0,2,0,14,50.45,64.45,0.0,0.0,0,0,0,2,2,0,1.0,0.0,LOW,NORMAL_CUSTOMER
C002757,Diane,Fisher,United Arab Emirates,Premium,2,3707.35,1853.68,3,1,2,1,17,56.88,73.32,17.5,35.0,0,0,0,3,2,1,0.67,8.0,LOW,NORMAL_CUSTOMER
C002758,Melinda,Hays,Other,Standard,3,8451.89,2817.3,3,0,3,0,21,70.22,98.55,0.0,0.0,0,0,0,3,3,0,1.0,0.0,LOW,LOYAL_LOW_FRICTION_CUSTOMER
C002759,Jessica,Rogers,United Kingdom,Standard,1,2322.18,2322.18,1,0,1,0,7,85.55,85.55,0.0,0.0,0,0,0,1,1,0,1.0,0.0,LOW,NORMAL_CUSTOMER
C002762,John,Walker,Saudi Arabia,Premium,4,11142.44,2785.61,8,4,4,4,40,77.67,104.62,32.5,65.0,4,0,2,8,4,4,0.5,72.0,HIGH,FRICTION_PRONE_CUSTOMER
C002763,Travis,Khan,Pakistan,Standard,1,3425.81,3425.81,1,0,1,0,7,62.8,62.8,0.0,0.0,0,0,0,1,1,0,1.0,0.0,LOW,NORMAL_CUSTOMER
C002764,Brian,Robles,United Arab Emirates,Standard,3,5653.99,1884.66,3,0,3,0,18,51.36,76.92,41.67,45.0,3,0,0,3,3,0,1.0,15.0,LOW,NORMAL_CUSTOMER
C002765,Wendy,Rivas,Saudi Arabia,Standard,2,4808.2,2404.1,3,1,2,1,17,58.55,71.78,15.0,30.0,0,0,0,3,2,1,0.67,8.0,LOW,NORMAL_CUSTOMER
C002766,Jennifer,Jackson,Other,Standard,3,7031.41,2343.8,4,1,3,1,21,57.59,74.98,51.67,75.0,3,0,1,4,3,1,0.75,33.0,MEDIUM,FRICTION_PRONE_CUSTOMER
C002767,Christopher,Jackson,Pakistan,Standard,1,564.58,564.58,1,0,1,0,7,57.93,57.93,0.0,0.0,0,0,0,1,1,0,1.0,0.0,LOW,NORMAL_CUSTOMER
C002768,Samantha,Perry,Saudi Arabia,Standard,1,1827.06,1827.06,1,0,1,0,6,60.9,60.9,40.0,40.0,1,0,0,1,1,0,1.0,5.0,LOW,NORMAL_CUSTOMER
C002769,Phyllis,Rodriguez,Pakistan,Standard,2,3788.91,1894.46,2,0,2,0,14,91.08,91.3,0.0,0.0,0,0,0,2,2,0,1.0,0.0,LOW,NORMAL_CUSTOMER
C002770,April,Murphy,United Kingdom,Standard,1,4581.1,4581.1,1,0,1,0,7,34.18,34.18,0.0,0.0,0,0,0,1,1,0,1.0,0.0,LOW,NORMAL_CUSTOMER
C002771,Jaclyn,Hart,Saudi Arabia,Standard,1,641.79,641.79,1,0,1,0,7,82.37,82.37,0.0,0.0,0,0,0,1,1,0,1.0,0.0,LOW,NORMAL_CUSTOMER
C002773,Terri,Clark,United States,Standard,3,9815.61,3271.87,3,0,3,0,20,72.64,73.8,15.0,45.0,1,0,0,3,3,0,1.0,5.0,LOW,LOYAL_LOW_FRICTION_CUSTOMER
C002774,Christopher,Weaver,United Arab Emirates,Standard,5,13939.56,2787.91,9,4,5,4,44,82.74,93.95,51.0,75.0,5,0,2,9,5,4,0.56,77.0,CRITICAL,HIGH_RISK_CUSTOMER
C002775,Cody,Mcmillan,Pakistan,Standard,5,14970.31,2994.06,7,2,5,2,39,66.73,85.5,29.0,75.0,2,0,1,7,5,2,0.71,36.0,MEDIUM,FRICTION_PRONE_CUSTOMER
C002776,Dennis,Martinez,United Arab Emirates,Standard,3,7345.03,2448.34,4,1,3,1,22,60.99,78.52,40.0,75.0,2,0,1,4,3,1,0.75,28.0,MEDIUM,FRICTION_PRONE_CUSTOMER
C002777,Lori,Lewis,Saudi Arabia,Standard,1,4657.15,4657.15,1,0,1,0,7,71.33,71.33,0.0,0.0,0,0,0,1,1,0,1.0,0.0,LOW,NORMAL_CUSTOMER
C002778,Charles,Kelly,Saudi Arabia,Standard,1,934.07,934.07,1,0,1,0,7,50.52,50.52,0.0,0.0,0,0,0,1,1,0,1.0,0.0,LOW,NORMAL_CUSTOMER
C002779,Ashley,Thompson,United Arab Emirates,Standard,2,4011.12,2005.56,2,0,2,0,13,51.25,63.53,20.0,40.0,1,0,0,2,2,0,1.0,5.0,LOW,NORMAL_CUSTOMER
C002780,Ryan,Morales,Saudi Arabia,Premium,5,19713.87,3942.77,8,3,5,3,44,60.55,82.05,19.0,65.0,2,0,1,8,5,3,0.62,44.0,MEDIUM,FRICTION_PRONE_CUSTOMER
C002781,Tamara,Stewart,Saudi Arabia,Standard,4,7292.56,1823.14,12,8,4,8,52,87.61,106.65,62.5,65.0,8,0,4,12,4,8,0.33,100.0,CRITICAL,HIGH_RISK_CUSTOMER
C002782,Joel,Price,United States,Standard,1,554.62,554.62,1,0,1,0,7,71.18,71.18,0.0,0.0,0,0,0,1,1,0,1.0,0.0,LOW,NORMAL_CUSTOMER
C002783,Jose,Ellis,Other,Standard,2,5678.75,2839.38,2,0,2,0,14,74.12,76.8,0.0,0.0,0,0,0,2,2,0,1.0,0.0,LOW,NORMAL_CUSTOMER
C002784,Leslie,Jones,United States,Standard,2,5734.52,2867.26,2,0,2,0,14,56.54,76.68,0.0,0.0,0,0,0,2,2,0,1.0,0.0,LOW,NORMAL_CUSTOMER
C002785,Lauren,Briggs,Other,Premium,2,6823.25,3411.62,3,1,2,1,17,57.46,59.6,17.5,35.0,0,0,0,3,2,1,0.67,8.0,LOW,NORMAL_CUSTOMER
C002786,Jaclyn,Santos,Saudi Arabia,Premium,3,6671.28,2223.76,4,1,3,1,23,69.98,80.4,23.33,40.0,1,0,0,4,3,1,0.75,13.0,LOW,LOYAL_LOW_FRICTION_CUSTOMER
C002787,Jill,Wood,Other,Standard,3,8802.93,2934.31,3,0,3,0,20,53.71,67.57,15.0,45.0,1,0,0,3,3,0,1.0,5.0,LOW,LOYAL_LOW_FRICTION_CUSTOMER
C002788,Louis,Jones,Saudi Arabia,Standard,1,3967.46,3967.46,1,0,1,0,7,58.35,58.35,0.0,0.0,0,0,0,1,1,0,1.0,0.0,LOW,NORMAL_CUSTOMER
C002789,Joseph,Robinson,Other,Premium,1,506.15,506.15,1,0,1,0,6,35.57,35.57,45.0,45.0,1,0,0,1,1,0,1.0,5.0,LOW,NORMAL_CUSTOMER
C002790,Charles,Turner,Other,Standard,1,2035.32,2035.32,1,0,1,0,7,87.47,87.47,0.0,0.0,0,0,0,1,1,0,1.0,0.0,LOW,NORMAL_CUSTOMER
C002791,James,George,United Kingdom,Standard,2,4641.58,2320.79,2,0,2,0,14,76.84,79.28,0.0,0.0,0,0,0,2,2,0,1.0,0.0,LOW,NORMAL_CUSTOMER
C002792,Kimberly,Bird,Other,Standard,1,1007.07,1007.07,2,1,1,1,9,51.35,51.35,70.0,70.0,1,0,1,2,1,1,0.5,23.0,LOW,FRICTION_PRONE_CUSTOMER
C002793,Brenda,Garcia,Pakistan,Standard,1,3980.42,3980.42,2,1,1,1,10,80.77,80.77,30.0,30.0,0,0,0,2,1,1,0.5,8.0,LOW,NORMAL_CUSTOMER
C002794,Eric,Herrera,Saudi Arabia,Premium,3,6209.76,2069.92,6,3,3,3,29,78.21,116.8,46.67,65.0,3,0,1,6,3,3,0.5,49.0,MEDIUM,FRICTION_PRONE_CUSTOMER
C002795,Frank,Mooney,United Arab Emirates,Standard,1,4228.96,4228.96,1,0,1,0,7,59.88,59.88,0.0,0.0,0,0,0,1,1,0,1.0,0.0,LOW,NORMAL_CUSTOMER
C002796,Steven,Jefferson,Pakistan,Standard,2,6180.07,3090.04,2,0,2,0,14,49.44,59.72,0.0,0.0,0,0,0,2,2,0,1.0,0.0,LOW,NORMAL_CUSTOMER
C002797,Richard,Jackson,Saudi Arabia,Standard,1,3736.95,3736.95,2,1,1,1,9,41.22,41.22,70.0,70.0,1,0,1,2,1,1,0.5,23.0,LOW,FRICTION_PRONE_CUSTOMER
C002798,Amanda,Haley,Pakistan,Premium,1,3752.84,3752.84,1,0,1,0,7,46.43,46.43,0.0,0.0,0,0,0,1,1,0,1.0,0.0,LOW,NORMAL_CUSTOMER
C002799,Tami,Greene,Other,Standard,2,9361.49,4680.74,2,0,2,0,14,70.14,81.7,0.0,0.0,0,0,0,2,2,0,1.0,0.0,LOW,NORMAL_CUSTOMER
C002800,Jared,Jarvis,Saudi Arabia,Premium,2,4783.35,2391.68,2,0,2,0,13,39.72,54.6,20.0,40.0,1,0,0,2,2,0,1.0,5.0,LOW,NORMAL_CUSTOMER
C002801,Kyle,Horton,United States,Standard,4,11425.44,2856.36,8,4,4,4,38,76.02,93.98,52.5,100.0,4,1,1,8,4,4,0.5,82.0,CRITICAL,HIGH_RISK_CUSTOMER
C002802,Joseph,Gregory,Other,Premium,1,2467.53,2467.53,1,0,1,0,7,52.25,52.25,0.0,0.0,0,0,0,1,1,0,1.0,0.0,LOW,NORMAL_CUSTOMER
C002804,Eric,Benson,Other,Standard,3,3729.93,1243.31,4,1,3,1,24,74.31,94.55,10.0,30.0,0,0,0,4,3,1,0.75,8.0,LOW,LOYAL_LOW_FRICTION_CUSTOMER
C002805,Gina,Rivera,Pakistan,Standard,1,4120.44,4120.44,3,2,1,2,12,68.03,68.03,100.0,100.0,3,1,0,3,1,2,0.33,51.0,HIGH,FRICTION_PRONE_CUSTOMER
C002806,Margaret,Reid,Other,Premium,1,3330.64,3330.64,2,1,1,1,9,73.28,73.28,75.0,75.0,1,0,1,2,1,1,0.5,23.0,LOW,FRICTION_PRONE_CUSTOMER
C002807,Heidi,Henson,United States,Standard,4,16578.16,4144.54,5,1,4,1,30,66.87,95.9,17.5,40.0,1,0,0,5,4,1,0.8,13.0,LOW,LOYAL_LOW_FRICTION_CUSTOMER
C002809,Mary,York,United Arab Emirates,Standard,3,12696.13,4232.04,3,0,3,0,21,57.89,87.85,0.0,0.0,0,0,0,3,3,0,1.0,0.0,LOW,LOYAL_LOW_FRICTION_CUSTOMER
C002810,Mark,Olson,United Kingdom,Standard,2,7465.18,3732.59,2,0,2,0,14,79.0,81.43,0.0,0.0,0,0,0,2,2,0,1.0,0.0,LOW,NORMAL_CUSTOMER
C002811,Christopher,Rogers,Saudi Arabia,Premium,5,17278.61,3455.72,5,0,5,0,35,60.42,79.77,0.0,0.0,0,0,0,5,5,0,1.0,0.0,LOW,LOYAL_LOW_FRICTION_CUSTOMER
C002812,John,Franklin,Pakistan,Standard,2,8869.95,4434.98,3,1,2,1,17,80.07,86.57,15.0,30.0,0,0,0,3,2,1,0.67,8.0,LOW,NORMAL_CUSTOMER
C002813,Michael,Richards,United Kingdom,Premium,1,3845.75,3845.75,1,0,1,0,7,63.73,63.73,0.0,0.0,0,0,0,1,1,0,1.0,0.0,LOW,NORMAL_CUSTOMER
C002814,William,Reyes,Saudi Arabia,Standard,1,3144.96,3144.96,1,0,1,0,6,76.4,76.4,40.0,40.0,1,0,0,1,1,0,1.0,5.0,LOW,NORMAL_CUSTOMER
C002815,Erica,Davidson,Pakistan,VIP,1,680.27,680.27,1,0,1,0,7,78.7,78.7,0.0,0.0,0,0,0,1,1,0,1.0,0.0,LOW,NORMAL_CUSTOMER
C002816,Jorge,Hall,United States,Standard,1,3073.81,3073.81,1,0,1,0,7,72.65,72.65,0.0,0.0,0,0,0,1,1,0,1.0,0.0,LOW,NORMAL_CUSTOMER
C002817,Vicki,Matthews,United Arab Emirates,Standard,1,4593.69,4593.69,1,0,1,0,7,53.25,53.25,0.0,0.0,0,0,0,1,1,0,1.0,0.0,LOW,NORMAL_CUSTOMER
C002818,Anthony,Mcneil,Saudi Arabia,Standard,4,16546.31,4136.58,4,0,4,0,27,66.84,86.67,11.25,45.0,1,0,0,4,4,0,1.0,5.0,LOW,LOYAL_LOW_FRICTION_CUSTOMER
C002820,Shannon,Jensen,United Arab Emirates,Standard,1,515.71,515.71,1,0,1,0,7,55.35,55.35,0.0,0.0,0,0,0,1,1,0,1.0,0.0,LOW,NORMAL_CUSTOMER
C002822,John,Parker,Saudi Arabia,Premium,1,4409.42,4409.42,1,0,1,0,6,56.37,56.37,40.0,40.0,1,0,0,1,1,0,1.0,5.0,LOW,NORMAL_CUSTOMER
C002823,Steven,Rojas,Pakistan,Premium,2,8228.93,4114.46,3,1,2,1,16,48.16,56.63,35.0,40.0,1,0,0,3,2,1,0.67,13.0,LOW,NORMAL_CUSTOMER
C002824,Linda,Todd,Saudi Arabia,Premium,2,3975.18,1987.59,3,1,2,1,17,59.55,63.23,15.0,30.0,0,0,0,3,2,1,0.67,8.0,LOW,NORMAL_CUSTOMER
C002825,Donald,Harvey,United Arab Emirates,Standard,3,10920.35,3640.12,5,2,3,2,27,38.94,57.33,21.67,65.0,2,0,1,5,3,2,0.6,36.0,MEDIUM,FRICTION_PRONE_CUSTOMER
C002826,Alexander,Brown,United States,Standard,2,2398.9,1199.45,4,2,2,2,19,76.96,85.23,50.0,100.0,3,1,0,4,2,2,0.5,51.0,HIGH,FRICTION_PRONE_CUSTOMER
C002828,Toni,Phillips,Saudi Arabia,Standard,1,2460.24,2460.24,1,0,1,0,7,70.77,70.77,0.0,0.0,0,0,0,1,1,0,1.0,0.0,LOW,NORMAL_CUSTOMER
C002829,David,Hernandez,United Arab Emirates,Standard,3,3863.94,1287.98,3,0,3,0,20,64.78,81.55,13.33,40.0,1,0,0,3,3,0,1.0,5.0,LOW,LOYAL_LOW_FRICTION_CUSTOMER
C002830,Madison,Harris,Saudi Arabia,Standard,1,1469.2,1469.2,1,0,1,0,7,83.58,83.58,0.0,0.0,0,0,0,1,1,0,1.0,0.0,LOW,NORMAL_CUSTOMER
C002831,Nathan,Johnson,United Arab Emirates,VIP,2,8066.81,4033.4,2,0,2,0,14,58.18,65.92,0.0,0.0,0,0,0,2,2,0,1.0,0.0,LOW,NORMAL_CUSTOMER
C002832,Crystal,Mclean,United Kingdom,Standard,4,14366.11,3591.53,6,2,4,2,34,62.22,84.38,17.5,35.0,0,0,0,6,4,2,0.67,16.0,LOW,FRICTION_PRONE_CUSTOMER
C002833,Deanna,George,Saudi Arabia,Premium,3,3739.42,1246.47,3,0,3,0,20,67.81,86.63,13.33,40.0,1,0,0,3,3,0,1.0,5.0,LOW,LOYAL_LOW_FRICTION_CUSTOMER
C002834,Brandi,Bautista,Saudi Arabia,Standard,1,2478.01,2478.01,1,0,1,0,7,60.85,60.85,0.0,0.0,0,0,0,1,1,0,1.0,0.0,LOW,NORMAL_CUSTOMER
C002835,Jonathan,Stevenson,United Arab Emirates,Premium,1,4550.06,4550.06,3,2,1,2,13,86.53,86.53,65.0,65.0,2,0,1,3,1,2,0.33,36.0,MEDIUM,FRICTION_PRONE_CUSTOMER
C002836,Lisa,Murphy,Other,Standard,2,1172.2,586.1,3,1,2,1,17,94.74,109.17,15.0,30.0,0,0,0,3,2,1,0.67,8.0,LOW,NORMAL_CUSTOMER
C002838,Caleb,Schneider,Saudi Arabia,Standard,3,8712.95,2904.32,4,1,3,1,24,60.38,92.78,11.67,35.0,0,0,0,4,3,1,0.75,8.0,LOW,LOYAL_LOW_FRICTION_CUSTOMER
C002839,Rachel,Hodges,United States,Premium,4,12931.74,3232.94,5,1,4,1,29,44.43,66.62,27.5,40.0,2,0,0,5,4,1,0.8,18.0,LOW,LOYAL_LOW_FRICTION_CUSTOMER
C002840,Scott,Meyer,United Arab Emirates,Standard,2,4990.68,2495.34,2,0,2,0,14,85.62,106.3,0.0,0.0,0,0,0,2,2,0,1.0,0.0,LOW,NORMAL_CUSTOMER
C002842,Rebecca,Wong,United States,Standard,3,7665.25,2555.08,4,1,3,1,24,57.24,74.87,10.0,30.0,0,0,0,4,3,1,0.75,8.0,LOW,LOYAL_LOW_FRICTION_CUSTOMER
C002843,Maria,Roberts,Other,Standard,2,6936.26,3468.13,2,0,2,0,14,73.04,94.9,0.0,0.0,0,0,0,2,2,0,1.0,0.0,LOW,NORMAL_CUSTOMER
C002844,Martin,Johnson,Other,Standard,2,4997.31,2498.65,2,0,2,0,13,73.29,87.93,20.0,40.0,1,0,0,2,2,0,1.0,5.0,LOW,NORMAL_CUSTOMER
C002845,Brad,Bradford,Pakistan,Standard,2,5239.01,2619.5,2,0,2,0,14,61.49,71.6,0.0,0.0,0,0,0,2,2,0,1.0,0.0,LOW,NORMAL_CUSTOMER
C002846,Steven,Rivera,United Arab Emirates,Premium,1,1638.29,1638.29,1,0,1,0,7,76.95,76.95,0.0,0.0,0,0,0,1,1,0,1.0,0.0,LOW,NORMAL_CUSTOMER
C002849,Lorraine,Knox,Pakistan,VIP,1,635.33,635.33,3,2,1,2,13,92.7,92.7,65.0,65.0,2,0,1,3,1,2,0.33,36.0,MEDIUM,FRICTION_PRONE_CUSTOMER
C002850,Randall,Ortega,United Arab Emirates,Standard,4,9301.35,2325.34,5,1,4,1,31,74.47,91.87,7.5,30.0,0,0,0,5,4,1,0.8,8.0,LOW,LOYAL_LOW_FRICTION_CUSTOMER
C002851,Anthony,Wright,United Kingdom,Standard,4,15250.39,3812.6,7,3,4,3,35,64.82,102.07,45.0,75.0,2,0,1,7,4,3,0.57,44.0,MEDIUM,FRICTION_PRONE_CUSTOMER
C002852,Felicia,Mcdaniel,Saudi Arabia,Standard,1,1415.42,1415.42,1,0,1,0,7,51.2,51.2,0.0,0.0,0,0,0,1,1,0,1.0,0.0,LOW,NORMAL_CUSTOMER
C002853,Gerald,Ball,Saudi Arabia,VIP,1,4978.78,4978.78,1,0,1,0,6,73.6,73.6,40.0,40.0,1,0,0,1,1,0,1.0,5.0,LOW,NORMAL_CUSTOMER
C002854,Jason,Franklin,Other,Standard,3,8030.08,2676.69,3,0,3,0,21,59.41,75.37,0.0,0.0,0,0,0,3,3,0,1.0,0.0,LOW,LOYAL_LOW_FRICTION_CUSTOMER
C002855,Jacob,James,Saudi Arabia,Standard,3,7460.64,2486.88,4,1,3,1,23,59.64,72.88,26.67,45.0,1,0,0,4,3,1,0.75,13.0,LOW,LOYAL_LOW_FRICTION_CUSTOMER
C002857,Nicole,Ramos,Saudi Arabia,Standard,1,4616.39,4616.39,1,0,1,0,7,37.78,37.78,0.0,0.0,0,0,0,1,1,0,1.0,0.0,LOW,NORMAL_CUSTOMER
C002858,Austin,Smith,Saudi Arabia,Standard,4,14471.9,3617.98,6,2,4,2,34,69.05,93.58,15.0,30.0,0,0,0,6,4,2,0.67,16.0,LOW,FRICTION_PRONE_CUSTOMER
C002861,Kenneth,Lee,Other,Standard,2,5735.93,2867.96,3,1,2,1,17,50.81,70.07,17.5,35.0,0,0,0,3,2,1,0.67,8.0,LOW,NORMAL_CUSTOMER
C002862,Robert,Walters,Saudi Arabia,Standard,1,3355.34,3355.34,1,0,1,0,7,103.3,103.3,0.0,0.0,0,0,0,1,1,0,1.0,0.0,LOW,NORMAL_CUSTOMER
C002863,Andrea,Thomas,Other,Premium,1,1390.22,1390.22,1,0,1,0,7,47.47,47.47,0.0,0.0,0,0,0,1,1,0,1.0,0.0,LOW,NORMAL_CUSTOMER
C002864,Bruce,Harris,Pakistan,Standard,2,4661.54,2330.77,2,0,2,0,14,84.16,93.85,0.0,0.0,0,0,0,2,2,0,1.0,0.0,LOW,NORMAL_CUSTOMER
C002867,James,Guerra,Pakistan,Standard,3,7566.45,2522.15,4,1,3,1,24,68.79,91.95,10.0,30.0,0,0,0,4,3,1,0.75,8.0,LOW,LOYAL_LOW_FRICTION_CUSTOMER
C002868,Nicole,Frederick,United States,Standard,1,4441.47,4441.47,1,0,1,0,7,64.98,64.98,0.0,0.0,0,0,0,1,1,0,1.0,0.0,LOW,NORMAL_CUSTOMER
C002869,Alicia,Young,Saudi Arabia,Standard,1,1488.91,1488.91,3,2,1,2,13,87.85,87.85,65.0,65.0,2,0,1,3,1,2,0.33,36.0,MEDIUM,FRICTION_PRONE_CUSTOMER
C002870,Crystal,Miller,United Arab Emirates,Standard,4,7206.36,1801.59,4,0,4,0,26,67.18,78.93,21.25,45.0,2,0,0,4,4,0,1.0,10.0,LOW,LOYAL_LOW_FRICTION_CUSTOMER
C002871,Leah,Hardy,Other,Standard,1,563.37,563.37,1,0,1,0,7,59.48,59.48,0.0,0.0,0,0,0,1,1,0,1.0,0.0,LOW,NORMAL_CUSTOMER
C002872,Laura,Collins,Other,Standard,2,7651.63,3825.82,2,0,2,0,13,62.15,77.68,20.0,40.0,1,0,0,2,2,0,1.0,5.0,LOW,NORMAL_CUSTOMER
C002873,Veronica,Griffith,Other,Standard,2,6796.52,3398.26,2,0,2,0,14,49.68,51.88,0.0,0.0,0,0,0,2,2,0,1.0,0.0,LOW,NORMAL_CUSTOMER
C002874,Kimberly,Sanchez,United Arab Emirates,Standard,1,2524.72,2524.72,2,1,1,1,10,99.07,99.07,30.0,30.0,0,0,0,2,1,1,0.5,8.0,LOW,NORMAL_CUSTOMER
C002876,Amy,Wright,United Arab Emirates,Standard,2,6601.89,3300.94,2,0,2,0,14,80.1,96.68,0.0,0.0,0,0,0,2,2,0,1.0,0.0,LOW,NORMAL_CUSTOMER
C002878,Roberta,West,Saudi Arabia,Standard,1,3174.21,3174.21,1,0,1,0,7,63.33,63.33,0.0,0.0,0,0,0,1,1,0,1.0,0.0,LOW,NORMAL_CUSTOMER
C002879,Wayne,Reid,Pakistan,Standard,2,5642.4,2821.2,5,3,2,3,22,87.28,102.33,67.5,70.0,3,0,2,5,2,3,0.4,59.0,HIGH,FRICTION_PRONE_CUSTOMER
C002881,Hector,Harrington,United Arab Emirates,Standard,1,4304.39,4304.39,1,0,1,0,7,63.62,63.62,0.0,0.0,0,0,0,1,1,0,1.0,0.0,LOW,NORMAL_CUSTOMER
C002882,Luis,Miller,Other,Standard,2,8907.39,4453.7,3,1,2,1,16,72.04,88.22,37.5,40.0,1,0,0,3,2,1,0.67,13.0,LOW,NORMAL_CUSTOMER
C002884,Paula,Sanders,Saudi Arabia,Premium,2,4753.98,2376.99,2,0,2,0,14,70.05,77.17,0.0,0.0,0,0,0,2,2,0,1.0,0.0,LOW,NORMAL_CUSTOMER
C002886,Brian,Alexander,Other,Premium,1,3294.92,3294.92,1,0,1,0,6,82.98,82.98,40.0,40.0,1,0,0,1,1,0,1.0,5.0,LOW,NORMAL_CUSTOMER
C002887,Victoria,Wagner,Pakistan,Premium,1,4749.18,4749.18,1,0,1,0,7,53.75,53.75,0.0,0.0,0,0,0,1,1,0,1.0,0.0,LOW,NORMAL_CUSTOMER
C002888,Alyssa,Moss,United Arab Emirates,Standard,2,6065.62,3032.81,3,1,2,1,17,44.0,53.27,15.0,30.0,0,0,0,3,2,1,0.67,8.0,LOW,NORMAL_CUSTOMER
C002889,Katie,Wolf,United States,Standard,2,6890.88,3445.44,2,0,2,0,13,60.11,68.65,20.0,40.0,1,0,0,2,2,0,1.0,5.0,LOW,NORMAL_CUSTOMER
C002890,Yvonne,Weiss,United States,Standard,1,4178.89,4178.89,1,0,1,0,7,58.9,58.9,0.0,0.0,0,0,0,1,1,0,1.0,0.0,LOW,NORMAL_CUSTOMER
C002891,Terri,Leon,United Arab Emirates,Standard,1,1490.45,1490.45,2,1,1,1,10,71.02,71.02,30.0,30.0,0,0,0,2,1,1,0.5,8.0,LOW,NORMAL_CUSTOMER
C002892,Craig,Smith,United Kingdom,Standard,3,9198.24,3066.08,5,2,3,2,26,74.37,99.28,38.33,80.0,1,1,0,5,3,2,0.6,41.0,MEDIUM,FRICTION_PRONE_CUSTOMER
C002893,Diane,James,United States,Premium,4,11987.84,2996.96,7,3,4,3,36,72.3,93.48,33.75,65.0,3,0,1,7,4,3,0.57,49.0,MEDIUM,FRICTION_PRONE_CUSTOMER
C002894,Joseph,Dickerson,United Kingdom,Standard,1,4135.83,4135.83,1,0,1,0,7,47.82,47.82,0.0,0.0,0,0,0,1,1,0,1.0,0.0,LOW,NORMAL_CUSTOMER
C002896,Samantha,Dorsey,Other,Premium,4,11439.82,2859.96,5,1,4,1,31,69.98,84.2,7.5,30.0,0,0,0,5,4,1,0.8,8.0,LOW,LOYAL_LOW_FRICTION_CUSTOMER
C002897,Brian,Larson,Pakistan,Standard,5,21764.77,4352.95,6,1,5,1,37,67.48,79.5,14.0,70.0,1,0,1,6,5,1,0.83,23.0,LOW,FRICTION_PRONE_CUSTOMER
C002898,Wendy,Hernandez,Saudi Arabia,VIP,3,10741.82,3580.61,4,1,3,1,24,88.2,105.6,11.67,35.0,0,0,0,4,3,1,0.75,8.0,LOW,LOYAL_LOW_FRICTION_CUSTOMER
C002899,Jeffrey,Barber,United Arab Emirates,Standard,1,2631.29,2631.29,1,0,1,0,7,49.43,49.43,0.0,0.0,0,0,0,1,1,0,1.0,0.0,LOW,NORMAL_CUSTOMER
C002902,Michael,Chavez,United States,Premium,3,8560.16,2853.39,3,0,3,0,21,53.28,62.32,0.0,0.0,0,0,0,3,3,0,1.0,0.0,LOW,LOYAL_LOW_FRICTION_CUSTOMER
C002903,Mary,Brooks,Saudi Arabia,Standard,2,5597.79,2798.9,2,0,2,0,14,46.74,47.52,0.0,0.0,0,0,0,2,2,0,1.0,0.0,LOW,NORMAL_CUSTOMER
C002904,Megan,Obrien,United Arab Emirates,Premium,1,4713.7,4713.7,1,0,1,0,7,46.57,46.57,0.0,0.0,0,0,0,1,1,0,1.0,0.0,LOW,NORMAL_CUSTOMER
C002905,Gregory,Jones,Pakistan,Standard,2,5256.04,2628.02,2,0,2,0,13,69.11,83.55,22.5,45.0,1,0,0,2,2,0,1.0,5.0,LOW,NORMAL_CUSTOMER
C002906,Brittany,Taylor,Saudi Arabia,Premium,1,3191.46,3191.46,1,0,1,0,7,68.25,68.25,0.0,0.0,0,0,0,1,1,0,1.0,0.0,LOW,NORMAL_CUSTOMER
C002908,Heidi,Moore,Saudi Arabia,Premium,1,1676.14,1676.14,2,1,1,1,10,88.73,88.73,30.0,30.0,0,0,0,2,1,1,0.5,8.0,LOW,NORMAL_CUSTOMER
C002909,Robin,Lopez,United Arab Emirates,Standard,2,5019.39,2509.69,3,1,2,1,17,73.88,86.93,15.0,30.0,0,0,0,3,2,1,0.67,8.0,LOW,NORMAL_CUSTOMER
C002910,Anthony,Smith,United Arab Emirates,Standard,1,2877.31,2877.31,3,2,1,2,13,108.12,108.12,65.0,65.0,2,0,1,3,1,2,0.33,36.0,MEDIUM,FRICTION_PRONE_CUSTOMER
C002912,Stacey,Swanson,Saudi Arabia,Standard,2,2418.65,1209.32,2,0,2,0,14,57.42,70.3,0.0,0.0,0,0,0,2,2,0,1.0,0.0,LOW,NORMAL_CUSTOMER
C002913,Anne,Henry,United Kingdom,Standard,2,7524.49,3762.24,2,0,2,0,14,71.37,75.23,0.0,0.0,0,0,0,2,2,0,1.0,0.0,LOW,NORMAL_CUSTOMER
C002915,Jacob,Bentley,Saudi Arabia,Standard,3,6623.47,2207.82,4,1,3,1,24,85.4,91.88,10.0,30.0,0,0,0,4,3,1,0.75,8.0,LOW,LOYAL_LOW_FRICTION_CUSTOMER
C002916,Vanessa,Waller,United Kingdom,Premium,2,5107.24,2553.62,4,2,2,2,19,79.53,96.73,52.5,65.0,3,0,1,4,2,2,0.5,41.0,MEDIUM,FRICTION_PRONE_CUSTOMER
C002917,Nicole,Brooks,United Kingdom,Standard,1,1024.36,1024.36,1,0,1,0,6,43.7,43.7,45.0,45.0,1,0,0,1,1,0,1.0,5.0,LOW,NORMAL_CUSTOMER
C002918,Travis,Burns,United States,Standard,1,4755.01,4755.01,1,0,1,0,7,68.67,68.67,0.0,0.0,0,0,0,1,1,0,1.0,0.0,LOW,NORMAL_CUSTOMER
C002919,Kyle,Davidson,United Arab Emirates,Standard,2,5502.41,2751.2,2,0,2,0,13,76.05,77.77,22.5,45.0,1,0,0,2,2,0,1.0,5.0,LOW,NORMAL_CUSTOMER
C002920,Tracy,Chapman,United Arab Emirates,Premium,3,12087.72,4029.24,5,2,3,2,26,87.18,90.12,33.33,100.0,3,1,0,5,3,2,0.6,51.0,HIGH,FRICTION_PRONE_CUSTOMER
C002921,Christopher,Ortiz,United Arab Emirates,Standard,2,5298.83,2649.42,2,0,2,0,13,53.18,71.77,22.5,45.0,1,0,0,2,2,0,1.0,5.0,LOW,NORMAL_CUSTOMER
C002922,Jesse,Williams,United Kingdom,Premium,1,2942.35,2942.35,3,2,1,2,13,66.57,66.57,65.0,65.0,2,0,1,3,1,2,0.33,36.0,MEDIUM,FRICTION_PRONE_CUSTOMER
C002924,Alisha,Cruz,Saudi Arabia,Premium,4,6497.81,1624.45,6,2,4,2,33,75.94,95.25,27.5,75.0,1,0,1,6,4,2,0.67,31.0,MEDIUM,FRICTION_PRONE_CUSTOMER
C002925,Aaron,Cunningham,United Arab Emirates,Standard,3,6052.36,2017.45,5,2,3,2,26,61.28,79.4,36.67,65.0,3,0,1,5,3,2,0.6,41.0,MEDIUM,FRICTION_PRONE_CUSTOMER
C002926,Samantha,Lee,Other,Standard,2,8227.2,4113.6,3,1,2,1,17,98.68,102.45,15.0,30.0,0,0,0,3,2,1,0.67,8.0,LOW,NORMAL_CUSTOMER
C002927,James,Graham,United States,Standard,1,4922.84,4922.84,1,0,1,0,7,43.32,43.32,0.0,0.0,0,0,0,1,1,0,1.0,0.0,LOW,NORMAL_CUSTOMER
C002929,Jennifer,Gentry,United States,Standard,3,6002.21,2000.74,4,1,3,1,23,48.04,61.8,25.0,75.0,1,0,1,4,3,1,0.75,23.0,LOW,FRICTION_PRONE_CUSTOMER
C002931,Megan,Hicks,Pakistan,Standard,2,6786.49,3393.24,2,0,2,0,14,89.29,96.6,0.0,0.0,0,0,0,2,2,0,1.0,0.0,LOW,NORMAL_CUSTOMER
C002932,Marcus,Burns,United Kingdom,Premium,2,5881.19,2940.6,3,1,2,1,16,60.75,72.82,35.0,70.0,1,0,1,3,2,1,0.67,23.0,LOW,FRICTION_PRONE_CUSTOMER
C002934,Brenda,Horton,Pakistan,Standard,3,10557.13,3519.04,5,2,3,2,27,58.58,67.38,21.67,65.0,2,0,1,5,3,2,0.6,36.0,MEDIUM,FRICTION_PRONE_CUSTOMER
C002935,Samantha,Curtis,United Kingdom,Standard,3,7519.93,2506.64,3,0,3,0,20,79.67,91.22,13.33,40.0,1,0,0,3,3,0,1.0,5.0,LOW,LOYAL_LOW_FRICTION_CUSTOMER
C002936,Kim,House,Saudi Arabia,Premium,1,3622.73,3622.73,1,0,1,0,7,79.62,79.62,0.0,0.0,0,0,0,1,1,0,1.0,0.0,LOW,NORMAL_CUSTOMER
C002937,Meghan,Fitzgerald,United States,VIP,3,5755.89,1918.63,6,3,3,3,29,80.23,101.1,45.0,100.0,3,1,0,6,3,3,0.5,59.0,HIGH,FRICTION_PRONE_CUSTOMER
C002938,Michelle,Allen,Pakistan,Standard,1,3133.24,3133.24,1,0,1,0,7,72.63,72.63,0.0,0.0,0,0,0,1,1,0,1.0,0.0,LOW,NORMAL_CUSTOMER
C002939,Susan,Johnson,Other,Premium,5,13469.85,2693.97,6,1,5,1,36,65.86,89.65,24.0,80.0,2,1,0,6,5,1,0.83,38.0,MEDIUM,LOYAL_LOW_FRICTION_CUSTOMER
C002940,Nathaniel,Li,Saudi Arabia,Standard,2,5976.53,2988.27,4,2,2,2,20,63.38,76.22,32.5,65.0,2,0,1,4,2,2,0.5,36.0,MEDIUM,FRICTION_PRONE_CUSTOMER
C002941,Sheri,Mccoy,Saudi Arabia,Premium,2,8749.53,4374.76,4,2,2,2,20,61.24,62.25,32.5,35.0,0,0,0,4,2,2,0.5,16.0,LOW,FRICTION_PRONE_CUSTOMER
C002942,Randall,Rhodes,Pakistan,Standard,3,5315.98,1771.99,4,1,3,1,24,81.68,90.42,11.67,35.0,0,0,0,4,3,1,0.75,8.0,LOW,LOYAL_LOW_FRICTION_CUSTOMER
C002943,Craig,Terry,Saudi Arabia,Standard,3,11243.23,3747.74,3,0,3,0,20,73.55,91.5,15.0,45.0,1,0,0,3,3,0,1.0,5.0,LOW,LOYAL_LOW_FRICTION_CUSTOMER
C002945,Derek,Green,United States,Standard,1,1893.4,1893.4,1,0,1,0,7,59.75,59.75,0.0,0.0,0,0,0,1,1,0,1.0,0.0,LOW,NORMAL_CUSTOMER
C002946,Eric,Gibson,Saudi Arabia,Standard,1,4991.07,4991.07,1,0,1,0,7,64.45,64.45,0.0,0.0,0,0,0,1,1,0,1.0,0.0,LOW,NORMAL_CUSTOMER
C002947,Stacy,Becker,Pakistan,Premium,4,13086.79,3271.7,4,0,4,0,26,58.28,70.38,21.25,45.0,2,0,0,4,4,0,1.0,10.0,LOW,LOYAL_LOW_FRICTION_CUSTOMER
C002948,Latoya,King,Pakistan,Standard,2,4471.78,2235.89,2,0,2,0,14,64.26,68.78,0.0,0.0,0,0,0,2,2,0,1.0,0.0,LOW,NORMAL_CUSTOMER
C002950,Debra,Lynn,Other,Premium,3,9751.96,3250.65,4,1,3,1,23,85.27,105.53,25.0,75.0,1,0,1,4,3,1,0.75,23.0,LOW,FRICTION_PRONE_CUSTOMER
C002951,Grant,Skinner,United States,Standard,4,10081.72,2520.43,5,1,4,1,31,61.7,72.28,8.75,35.0,0,0,0,5,4,1,0.8,8.0,LOW,LOYAL_LOW_FRICTION_CUSTOMER
C002952,Tanya,Smith,United Kingdom,Standard,2,6515.43,3257.72,3,1,2,1,15,83.49,90.73,60.0,75.0,2,0,1,3,2,1,0.67,28.0,MEDIUM,FRICTION_PRONE_CUSTOMER
C002954,Sarah,Newman,United Arab Emirates,Premium,3,8616.37,2872.12,3,0,3,0,20,70.93,88.35,13.33,40.0,1,0,0,3,3,0,1.0,5.0,LOW,LOYAL_LOW_FRICTION_CUSTOMER
C002957,Brianna,Willis,United Kingdom,Standard,2,6891.4,3445.7,2,0,2,0,14,61.52,76.85,0.0,0.0,0,0,0,2,2,0,1.0,0.0,LOW,NORMAL_CUSTOMER
C002959,Kurt,Stone,Saudi Arabia,Standard,3,10466.22,3488.74,4,1,3,1,23,60.79,86.3,23.33,40.0,1,0,0,4,3,1,0.75,13.0,LOW,LOYAL_LOW_FRICTION_CUSTOMER
C002960,Haley,Lopez,United States,Standard,4,11922.16,2980.54,6,2,4,2,33,61.07,103.0,25.0,100.0,3,1,0,6,4,2,0.67,51.0,HIGH,FRICTION_PRONE_CUSTOMER
C002962,Jessica,Gallegos,United Arab Emirates,Premium,2,2537.15,1268.58,2,0,2,0,14,73.28,84.92,0.0,0.0,0,0,0,2,2,0,1.0,0.0,LOW,NORMAL_CUSTOMER
C002963,Stacy,King,United Arab Emirates,VIP,4,13511.54,3377.88,5,1,4,1,30,73.71,100.95,18.75,45.0,1,0,0,5,4,1,0.8,13.0,LOW,LOYAL_LOW_FRICTION_CUSTOMER
C002965,Peter,Ponce,Other,Premium,6,16082.33,2680.39,6,0,6,0,42,56.07,80.9,0.0,0.0,0,0,0,6,6,0,1.0,0.0,LOW,LOYAL_LOW_FRICTION_CUSTOMER
C002966,Virginia,Barrett,United Kingdom,Premium,2,7441.41,3720.7,2,0,2,0,14,82.1,88.57,0.0,0.0,0,0,0,2,2,0,1.0,0.0,LOW,NORMAL_CUSTOMER
C002967,Tammy,Reyes,United Kingdom,Standard,1,4617.12,4617.12,2,1,1,1,10,92.6,92.6,35.0,35.0,0,0,0,2,1,1,0.5,8.0,LOW,NORMAL_CUSTOMER
C002968,Antonio,Parker,Pakistan,Standard,2,5545.2,2772.6,3,1,2,1,17,54.65,57.75,15.0,30.0,0,0,0,3,2,1,0.67,8.0,LOW,NORMAL_CUSTOMER
C002970,Samantha,Walter,United Arab Emirates,Standard,2,6551.9,3275.95,2,0,2,0,13,44.02,59.55,22.5,45.0,1,0,0,2,2,0,1.0,5.0,LOW,NORMAL_CUSTOMER
C002971,Tammy,Luna,United Arab Emirates,Standard,1,4234.97,4234.97,1,0,1,0,7,29.88,29.88,0.0,0.0,0,0,0,1,1,0,1.0,0.0,LOW,NORMAL_CUSTOMER
C002972,Jeffrey,Davis,Saudi Arabia,Standard,5,14837.19,2967.44,8,3,5,3,42,68.88,96.97,34.0,100.0,4,1,1,8,5,3,0.62,74.0,HIGH,FRICTION_PRONE_CUSTOMER
C002973,Ariana,Fields,United States,Premium,4,9478.14,2369.54,5,1,4,1,30,66.66,84.12,18.75,45.0,1,0,0,5,4,1,0.8,13.0,LOW,LOYAL_LOW_FRICTION_CUSTOMER
C002975,Donald,Cooper,United Arab Emirates,Standard,1,4315.07,4315.07,1,0,1,0,7,30.65,30.65,0.0,0.0,0,0,0,1,1,0,1.0,0.0,LOW,NORMAL_CUSTOMER
C002976,Julie,Thomas,Saudi Arabia,Standard,2,3573.73,1786.86,3,1,2,1,17,75.96,80.37,15.0,30.0,0,0,0,3,2,1,0.67,8.0,LOW,NORMAL_CUSTOMER
C002977,John,Goodman,United States,Standard,3,13197.11,4399.04,3,0,3,0,20,69.47,73.58,15.0,45.0,1,0,0,3,3,0,1.0,5.0,LOW,LOYAL_LOW_FRICTION_CUSTOMER
C002978,Toni,Conrad,Saudi Arabia,VIP,2,5121.15,2560.57,4,2,2,2,20,80.96,104.02,32.5,65.0,2,0,1,4,2,2,0.5,36.0,MEDIUM,FRICTION_PRONE_CUSTOMER
C002979,Gary,Sanders,United Kingdom,Standard,2,9544.18,4772.09,2,0,2,0,14,58.59,71.43,0.0,0.0,0,0,0,2,2,0,1.0,0.0,LOW,NORMAL_CUSTOMER
C002980,Nicole,Parker,Other,Standard,4,9507.85,2376.96,4,0,4,0,28,69.06,84.75,0.0,0.0,0,0,0,4,4,0,1.0,0.0,LOW,LOYAL_LOW_FRICTION_CUSTOMER
C002981,Christopher,Benitez,United Arab Emirates,Premium,1,1985.57,1985.57,1,0,1,0,7,84.53,84.53,0.0,0.0,0,0,0,1,1,0,1.0,0.0,LOW,NORMAL_CUSTOMER
C002982,Jenna,Velasquez,Saudi Arabia,Standard,1,4375.12,4375.12,1,0,1,0,7,50.2,50.2,0.0,0.0,0,0,0,1,1,0,1.0,0.0,LOW,NORMAL_CUSTOMER
C002983,Danielle,Smith,United Kingdom,Premium,1,1567.82,1567.82,1,0,1,0,7,40.73,40.73,0.0,0.0,0,0,0,1,1,0,1.0,0.0,LOW,NORMAL_CUSTOMER
C002984,Olivia,Jones,United States,Standard,3,11170.37,3723.46,5,2,3,2,25,72.14,82.42,46.67,100.0,4,1,0,5,3,2,0.6,56.0,HIGH,FRICTION_PRONE_CUSTOMER
C002986,Joseph,Warren,Other,Premium,2,5067.44,2533.72,2,0,2,0,14,70.06,73.23,0.0,0.0,0,0,0,2,2,0,1.0,0.0,LOW,NORMAL_CUSTOMER
C002988,Carlos,Quinn,Pakistan,Standard,1,4856.79,4856.79,2,1,1,1,10,43.22,43.22,30.0,30.0,0,0,0,2,1,1,0.5,8.0,LOW,NORMAL_CUSTOMER
C002989,Jonathan,Jackson,United Kingdom,Standard,1,2687.74,2687.74,3,2,1,2,13,89.83,89.83,60.0,60.0,2,0,1,3,1,2,0.33,36.0,MEDIUM,FRICTION_PRONE_CUSTOMER
C002990,Daniel,Brooks,Other,Standard,4,11401.06,2850.26,4,0,4,0,27,61.46,93.57,11.25,45.0,1,0,0,4,4,0,1.0,5.0,LOW,LOYAL_LOW_FRICTION_CUSTOMER
C002991,Aaron,Padilla,Saudi Arabia,Premium,5,12595.42,2519.08,5,0,5,0,32,62.88,80.72,24.0,40.0,3,0,0,5,5,0,1.0,15.0,LOW,LOYAL_LOW_FRICTION_CUSTOMER
C002994,Tanya,Fry,United Arab Emirates,Standard,3,8203.24,2734.41,5,2,3,2,26,67.03,93.63,36.67,65.0,3,0,1,5,3,2,0.6,41.0,MEDIUM,FRICTION_PRONE_CUSTOMER
C002995,Nicole,Hayes,Saudi Arabia,Premium,4,11638.32,2909.58,6,2,4,2,34,71.75,95.0,16.25,65.0,2,0,1,6,4,2,0.67,36.0,MEDIUM,FRICTION_PRONE_CUSTOMER
C002998,Amy,Brown,United Arab Emirates,Premium,1,1340.53,1340.53,1,0,1,0,6,29.97,29.97,40.0,40.0,1,0,0,1,1,0,1.0,5.0,LOW,NORMAL_CUSTOMER
C002999,Craig,White,Saudi Arabia,Standard,1,3172.23,3172.23,1,0,1,0,7,90.95,90.95,0.0,0.0,0,0,0,1,1,0,1.0,0.0,LOW,NORMAL_CUSTOMER
C003000,Timothy,Malone,Other,Standard,2,4211.36,2105.68,2,0,2,0,14,61.94,70.68,0.0,0.0,0,0,0,2,2,0,1.0,0.0,LOW,NORMAL_CUSTOMER
C003002,Debra,Barrera,United States,Standard,1,2919.32,2919.32,1,0,1,0,6,73.23,73.23,40.0,40.0,1,0,0,1,1,0,1.0,5.0,LOW,NORMAL_CUSTOMER
C003005,Charles,Weber,Pakistan,Standard,3,8891.31,2963.77,4,1,3,1,23,41.96,52.55,25.0,75.0,1,0,1,4,3,1,0.75,23.0,LOW,FRICTION_PRONE_CUSTOMER
C003006,Megan,Oneill,United States,Standard,4,11000.63,2750.16,5,1,4,1,31,62.47,70.82,7.5,30.0,0,0,0,5,4,1,0.8,8.0,LOW,LOYAL_LOW_FRICTION_CUSTOMER
C003008,Lucas,Carter,Saudi Arabia,Standard,1,4692.03,4692.03,1,0,1,0,7,63.75,63.75,0.0,0.0,0,0,0,1,1,0,1.0,0.0,LOW,NORMAL_CUSTOMER
C003009,Stephanie,Gray,United Kingdom,Standard,1,4446.06,4446.06,2,1,1,1,10,66.27,66.27,35.0,35.0,0,0,0,2,1,1,0.5,8.0,LOW,NORMAL_CUSTOMER
C003010,Charles,Hill,Saudi Arabia,Standard,3,11167.96,3722.65,4,1,3,1,24,78.23,84.32,10.0,30.0,0,0,0,4,3,1,0.75,8.0,LOW,LOYAL_LOW_FRICTION_CUSTOMER
C003011,George,Peterson,Pakistan,Standard,4,8356.19,2089.05,7,3,4,3,37,69.28,97.78,22.5,30.0,0,0,0,7,4,3,0.57,24.0,LOW,FRICTION_PRONE_CUSTOMER
C003013,Jessica,Woods,United Arab Emirates,Standard,1,3954.48,3954.48,1,0,1,0,7,46.7,46.7,0.0,0.0,0,0,0,1,1,0,1.0,0.0,LOW,NORMAL_CUSTOMER
C003014,Amy,Chambers,United Arab Emirates,Standard,1,815.39,815.39,1,0,1,0,7,58.47,58.47,0.0,0.0,0,0,0,1,1,0,1.0,0.0,LOW,NORMAL_CUSTOMER
C003016,Christopher,Brown,United Arab Emirates,Standard,1,2767.19,2767.19,1,0,1,0,7,49.4,49.4,0.0,0.0,0,0,0,1,1,0,1.0,0.0,LOW,NORMAL_CUSTOMER
C003019,Timothy,Aguilar,Saudi Arabia,Premium,1,4483.66,4483.66,1,0,1,0,7,65.17,65.17,0.0,0.0,0,0,0,1,1,0,1.0,0.0,LOW,NORMAL_CUSTOMER
C003020,Anthony,Huerta,United States,Standard,3,13130.29,4376.76,6,3,3,3,29,84.47,119.37,48.33,65.0,3,0,1,6,3,3,0.5,49.0,MEDIUM,FRICTION_PRONE_CUSTOMER
C003021,Sherri,Davis,Saudi Arabia,Premium,3,6075.73,2025.24,5,2,3,2,25,69.22,91.15,48.33,70.0,2,0,1,5,3,2,0.6,36.0,MEDIUM,FRICTION_PRONE_CUSTOMER
C003023,Pamela,Smith,United Kingdom,VIP,2,6298.06,3149.03,2,0,2,0,13,70.03,83.53,20.0,40.0,1,0,0,2,2,0,1.0,5.0,LOW,NORMAL_CUSTOMER
C003029,Jennifer,Rogers,United Kingdom,Standard,2,5895.34,2947.67,2,0,2,0,14,60.18,65.55,0.0,0.0,0,0,0,2,2,0,1.0,0.0,LOW,NORMAL_CUSTOMER
C003030,Jessica,Jordan,Pakistan,Premium,2,3614.94,1807.47,2,0,2,0,14,79.47,85.97,0.0,0.0,0,0,0,2,2,0,1.0,0.0,LOW,NORMAL_CUSTOMER
C003031,Joseph,Wood,Saudi Arabia,Standard,2,7379.12,3689.56,5,3,2,3,21,65.54,70.67,85.0,100.0,4,1,1,5,2,3,0.4,74.0,HIGH,FRICTION_PRONE_CUSTOMER
C003032,Juan,Wu,United Arab Emirates,Standard,1,1239.8,1239.8,2,1,1,1,10,51.2,51.2,30.0,30.0,0,0,0,2,1,1,0.5,8.0,LOW,NORMAL_CUSTOMER
C003033,John,Key,United States,Standard,1,4530.34,4530.34,1,0,1,0,7,39.38,39.38,0.0,0.0,0,0,0,1,1,0,1.0,0.0,LOW,NORMAL_CUSTOMER
C003037,Eric,Gray,United Arab Emirates,Standard,2,1806.02,903.01,2,0,2,0,12,54.01,72.65,45.0,45.0,2,0,0,2,2,0,1.0,10.0,LOW,NORMAL_CUSTOMER
C003038,Michael,Brown,Other,Standard,1,3654.09,3654.09,1,0,1,0,7,71.27,71.27,0.0,0.0,0,0,0,1,1,0,1.0,0.0,LOW,NORMAL_CUSTOMER
C003040,Kelly,Rivera,Pakistan,Premium,1,2044.99,2044.99,1,0,1,0,6,61.2,61.2,40.0,40.0,1,0,0,1,1,0,1.0,5.0,LOW,NORMAL_CUSTOMER
C003041,Ebony,Garcia,Saudi Arabia,Standard,2,6368.64,3184.32,2,0,2,0,14,52.35,76.95,0.0,0.0,0,0,0,2,2,0,1.0,0.0,LOW,NORMAL_CUSTOMER
C003042,Caroline,Bryant,Other,Standard,1,4591.67,4591.67,1,0,1,0,7,80.93,80.93,0.0,0.0,0,0,0,1,1,0,1.0,0.0,LOW,NORMAL_CUSTOMER
C003043,James,Hale,Saudi Arabia,Standard,2,5773.0,2886.5,2,0,2,0,14,43.54,45.9,0.0,0.0,0,0,0,2,2,0,1.0,0.0,LOW,NORMAL_CUSTOMER
C003045,George,Barron,United Kingdom,Standard,1,2027.58,2027.58,1,0,1,0,6,71.17,71.17,45.0,45.0,1,0,0,1,1,0,1.0,5.0,LOW,NORMAL_CUSTOMER
C003047,Christopher,Guzman,United Arab Emirates,Standard,3,8001.58,2667.19,4,1,3,1,24,44.4,49.52,11.67,35.0,0,0,0,4,3,1,0.75,8.0,LOW,LOYAL_LOW_FRICTION_CUSTOMER
C003048,Megan,Melton,United Arab Emirates,Standard,1,2717.82,2717.82,2,1,1,1,10,67.78,67.78,30.0,30.0,0,0,0,2,1,1,0.5,8.0,LOW,NORMAL_CUSTOMER
C003049,Kyle,Ramirez,United Arab Emirates,Standard,2,5421.62,2710.81,2,0,2,0,14,83.54,92.23,0.0,0.0,0,0,0,2,2,0,1.0,0.0,LOW,NORMAL_CUSTOMER
C003050,Raymond,Lyons,Saudi Arabia,Premium,2,5691.74,2845.87,2,0,2,0,14,61.1,67.93,0.0,0.0,0,0,0,2,2,0,1.0,0.0,LOW,NORMAL_CUSTOMER
C003051,Tracy,Briggs,Saudi Arabia,Standard,1,1527.46,1527.46,1,0,1,0,7,57.67,57.67,0.0,0.0,0,0,0,1,1,0,1.0,0.0,LOW,NORMAL_CUSTOMER
C003052,Donna,Richardson,United Arab Emirates,Standard,1,534.52,534.52,1,0,1,0,6,55.62,55.62,45.0,45.0,1,0,0,1,1,0,1.0,5.0,LOW,NORMAL_CUSTOMER
C003053,Christopher,Montgomery,Saudi Arabia,Standard,3,10848.64,3616.21,4,1,3,1,24,83.91,105.1,11.67,35.0,0,0,0,4,3,1,0.75,8.0,LOW,LOYAL_LOW_FRICTION_CUSTOMER
C003054,Amy,Hopkins,Saudi Arabia,Premium,1,3589.28,3589.28,1,0,1,0,6,62.4,62.4,40.0,40.0,1,0,0,1,1,0,1.0,5.0,LOW,NORMAL_CUSTOMER
C003055,Jackson,Alvarez,United Kingdom,Standard,3,8126.81,2708.94,4,1,3,1,24,63.82,71.07,10.0,30.0,0,0,0,4,3,1,0.75,8.0,LOW,LOYAL_LOW_FRICTION_CUSTOMER
C003056,Nicole,Gutierrez,Other,Standard,1,1726.57,1726.57,1,0,1,0,7,34.37,34.37,0.0,0.0,0,0,0,1,1,0,1.0,0.0,LOW,NORMAL_CUSTOMER
C003057,Mike,Lopez,Pakistan,Standard,2,5685.87,2842.94,3,1,2,1,16,70.11,114.72,37.5,40.0,1,0,0,3,2,1,0.67,13.0,LOW,NORMAL_CUSTOMER
C003058,Sean,Andersen,Saudi Arabia,Standard,2,6328.83,3164.42,4,2,2,2,18,31.75,33.2,70.0,70.0,2,0,2,4,2,2,0.5,46.0,MEDIUM,FRICTION_PRONE_CUSTOMER
C003060,Steven,Hess,Other,Standard,1,1655.69,1655.69,3,2,1,2,13,81.22,81.22,60.0,60.0,2,0,1,3,1,2,0.33,36.0,MEDIUM,FRICTION_PRONE_CUSTOMER
C003061,Jeremy,Smith,Saudi Arabia,Standard,1,3239.99,3239.99,1,0,1,0,7,59.32,59.32,0.0,0.0,0,0,0,1,1,0,1.0,0.0,LOW,NORMAL_CUSTOMER
C003062,Joseph,Ward,Saudi Arabia,Standard,2,5572.77,2786.38,3,1,2,1,17,88.6,96.35,15.0,30.0,0,0,0,3,2,1,0.67,8.0,LOW,NORMAL_CUSTOMER
C003063,Bryan,Williams,Pakistan,Standard,3,12302.9,4100.97,3,0,3,0,20,73.17,83.8,15.0,45.0,1,0,0,3,3,0,1.0,5.0,LOW,LOYAL_LOW_FRICTION_CUSTOMER
C003065,Elizabeth,Nguyen,Pakistan,Premium,1,1202.16,1202.16,1,0,1,0,6,51.93,51.93,40.0,40.0,1,0,0,1,1,0,1.0,5.0,LOW,NORMAL_CUSTOMER
C003067,Maurice,Lawson,Saudi Arabia,Standard,2,5630.92,2815.46,2,0,2,0,13,58.68,80.92,20.0,40.0,1,0,0,2,2,0,1.0,5.0,LOW,NORMAL_CUSTOMER
C003068,Amber,Ross,Other,Standard,3,6822.51,2274.17,3,0,3,0,18,71.11,92.2,40.0,40.0,3,0,0,3,3,0,1.0,15.0,LOW,NORMAL_CUSTOMER
C003069,Tara,Salazar,Saudi Arabia,Premium,1,3942.96,3942.96,1,0,1,0,6,24.47,24.47,40.0,40.0,1,0,0,1,1,0,1.0,5.0,LOW,NORMAL_CUSTOMER
C003070,Brittany,Miller,United Kingdom,Standard,2,4311.12,2155.56,2,0,2,0,13,69.34,80.97,22.5,45.0,1,0,0,2,2,0,1.0,5.0,LOW,NORMAL_CUSTOMER
C003072,Mary,Huynh,Pakistan,Standard,1,3523.09,3523.09,1,0,1,0,7,53.53,53.53,0.0,0.0,0,0,0,1,1,0,1.0,0.0,LOW,NORMAL_CUSTOMER
C003073,Loretta,Galvan,United Arab Emirates,Standard,6,20367.77,3394.63,10,4,6,4,50,64.5,95.17,50.0,65.0,8,0,2,10,6,4,0.6,92.0,CRITICAL,HIGH_RISK_CUSTOMER
C003074,Robert,Hatfield,Saudi Arabia,Standard,2,4164.47,2082.24,2,0,2,0,13,79.16,81.72,20.0,40.0,1,0,0,2,2,0,1.0,5.0,LOW,NORMAL_CUSTOMER
C003075,Amanda,Vincent,Pakistan,Standard,1,3114.43,3114.43,1,0,1,0,7,89.87,89.87,0.0,0.0,0,0,0,1,1,0,1.0,0.0,LOW,NORMAL_CUSTOMER
C003076,Michelle,Stein,Other,Standard,3,7586.9,2528.97,3,0,3,0,21,57.34,73.4,0.0,0.0,0,0,0,3,3,0,1.0,0.0,LOW,LOYAL_LOW_FRICTION_CUSTOMER
C003077,Thomas,Navarro,Other,Standard,1,4668.63,4668.63,1,0,1,0,7,63.78,63.78,0.0,0.0,0,0,0,1,1,0,1.0,0.0,LOW,NORMAL_CUSTOMER
C003079,Thomas,Lee,Saudi Arabia,Standard,1,4796.87,4796.87,1,0,1,0,7,101.85,101.85,0.0,0.0,0,0,0,1,1,0,1.0,0.0,LOW,NORMAL_CUSTOMER
C003080,Christian,Thomas,Other,Standard,1,1599.42,1599.42,1,0,1,0,6,57.53,57.53,45.0,45.0,1,0,0,1,1,0,1.0,5.0,LOW,NORMAL_CUSTOMER
C003082,Jennifer,Armstrong,Other,Premium,4,7556.69,1889.17,4,0,4,0,27,74.51,98.23,10.0,40.0,1,0,0,4,4,0,1.0,5.0,LOW,LOYAL_LOW_FRICTION_CUSTOMER
C003084,Rachel,Wagner,Pakistan,Premium,5,10936.52,2187.3,7,2,5,2,41,76.85,108.82,12.0,30.0,0,0,0,7,5,2,0.71,16.0,LOW,FRICTION_PRONE_CUSTOMER
C003085,Lauren,Anderson,United Kingdom,Standard,2,5792.13,2896.06,3,1,2,1,17,88.51,88.8,15.0,30.0,0,0,0,3,2,1,0.67,8.0,LOW,NORMAL_CUSTOMER
C003086,Erica,Robles,United Kingdom,Standard,1,4919.34,4919.34,1,0,1,0,7,108.67,108.67,0.0,0.0,0,0,0,1,1,0,1.0,0.0,LOW,NORMAL_CUSTOMER
C003087,Christine,Turner,United Arab Emirates,VIP,2,6431.41,3215.7,2,0,2,0,14,78.3,79.32,0.0,0.0,0,0,0,2,2,0,1.0,0.0,LOW,NORMAL_CUSTOMER
C003088,David,Nunez,Saudi Arabia,Standard,2,9119.39,4559.7,3,1,2,1,16,81.8,85.62,35.0,40.0,1,0,0,3,2,1,0.67,13.0,LOW,NORMAL_CUSTOMER
C003089,Katherine,Dunn,Pakistan,Standard,1,1264.74,1264.74,1,0,1,0,7,74.82,74.82,0.0,0.0,0,0,0,1,1,0,1.0,0.0,LOW,NORMAL_CUSTOMER
C003090,Gerald,Baxter,Saudi Arabia,Standard,2,8767.43,4383.72,2,0,2,0,14,59.46,61.27,0.0,0.0,0,0,0,2,2,0,1.0,0.0,LOW,NORMAL_CUSTOMER
C003092,Teresa,Griffin,Other,Premium,1,1381.33,1381.33,1,0,1,0,7,98.27,98.27,0.0,0.0,0,0,0,1,1,0,1.0,0.0,LOW,NORMAL_CUSTOMER
C003093,Lindsey,Wilson,United Arab Emirates,Premium,2,2292.12,1146.06,3,1,2,1,16,38.34,50.85,37.5,75.0,1,0,1,3,2,1,0.67,23.0,LOW,FRICTION_PRONE_CUSTOMER
C003094,David,Bates,United States,Standard,2,6639.21,3319.6,3,1,2,1,17,71.58,103.55,15.0,30.0,0,0,0,3,2,1,0.67,8.0,LOW,NORMAL_CUSTOMER
C003096,Vanessa,Lewis,United Kingdom,Premium,1,1466.56,1466.56,3,2,1,2,13,100.27,100.27,65.0,65.0,2,0,1,3,1,2,0.33,36.0,MEDIUM,FRICTION_PRONE_CUSTOMER
C003097,Ryan,Mullins,Other,Standard,3,7490.07,2496.69,3,0,3,0,21,64.97,84.63,0.0,0.0,0,0,0,3,3,0,1.0,0.0,LOW,LOYAL_LOW_FRICTION_CUSTOMER
C003098,Wendy,Keller,Saudi Arabia,Standard,1,2654.24,2654.24,2,1,1,1,10,60.7,60.7,35.0,35.0,0,0,0,2,1,1,0.5,8.0,LOW,NORMAL_CUSTOMER
C003100,Mary,Graham,United Arab Emirates,Standard,2,5075.79,2537.9,4,2,2,2,20,47.38,52.67,30.0,60.0,2,0,1,4,2,2,0.5,36.0,MEDIUM,FRICTION_PRONE_CUSTOMER
C003103,Robin,Hickman,Other,Standard,1,1912.56,1912.56,3,2,1,2,12,100.6,100.6,100.0,100.0,3,1,0,3,1,2,0.33,51.0,HIGH,FRICTION_PRONE_CUSTOMER
C003104,Carl,Orr,United Arab Emirates,Standard,1,2411.53,2411.53,1,0,1,0,6,80.98,80.98,45.0,45.0,1,0,0,1,1,0,1.0,5.0,LOW,NORMAL_CUSTOMER
C003105,Paul,Miranda,Saudi Arabia,Premium,4,9706.92,2426.73,7,3,4,3,37,76.19,89.15,26.25,35.0,0,0,0,7,4,3,0.57,24.0,LOW,FRICTION_PRONE_CUSTOMER
C003107,Mark,Scott,United Kingdom,Premium,1,1370.43,1370.43,1,0,1,0,7,94.78,94.78,0.0,0.0,0,0,0,1,1,0,1.0,0.0,LOW,NORMAL_CUSTOMER
C003109,Stephen,Merritt,Pakistan,Standard,2,2699.43,1349.72,3,1,2,1,17,73.18,92.13,17.5,35.0,0,0,0,3,2,1,0.67,8.0,LOW,NORMAL_CUSTOMER
C003110,Morgan,Martinez,Pakistan,Standard,2,1735.61,867.8,2,0,2,0,13,74.91,83.87,20.0,40.0,1,0,0,2,2,0,1.0,5.0,LOW,NORMAL_CUSTOMER
C003111,Kristin,Taylor,Pakistan,Standard,2,3276.63,1638.32,2,0,2,0,13,66.82,75.22,20.0,40.0,1,0,0,2,2,0,1.0,5.0,LOW,NORMAL_CUSTOMER
C003112,Cindy,Nichols,Saudi Arabia,Premium,2,4809.16,2404.58,2,0,2,0,13,54.74,59.92,20.0,40.0,1,0,0,2,2,0,1.0,5.0,LOW,NORMAL_CUSTOMER
C003113,Alexandra,Swanson,United Kingdom,Premium,1,4957.06,4957.06,2,1,1,1,10,50.57,50.57,35.0,35.0,0,0,0,2,1,1,0.5,8.0,LOW,NORMAL_CUSTOMER
C003114,Robert,Davis,Saudi Arabia,Standard,2,7346.72,3673.36,3,1,2,1,17,76.82,96.95,17.5,35.0,0,0,0,3,2,1,0.67,8.0,LOW,NORMAL_CUSTOMER
C003115,Robert,Holt,Saudi Arabia,Standard,1,2899.05,2899.05,2,1,1,1,10,47.13,47.13,30.0,30.0,0,0,0,2,1,1,0.5,8.0,LOW,NORMAL_CUSTOMER
C003116,Eddie,Wiggins,Other,Standard,2,4740.68,2370.34,2,0,2,0,14,71.16,72.92,0.0,0.0,0,0,0,2,2,0,1.0,0.0,LOW,NORMAL_CUSTOMER
C003117,Brianna,Huynh,United Kingdom,Premium,1,1422.59,1422.59,1,0,1,0,7,50.38,50.38,0.0,0.0,0,0,0,1,1,0,1.0,0.0,LOW,NORMAL_CUSTOMER
C003118,Katherine,Miranda,Saudi Arabia,Standard,4,13484.58,3371.14,4,0,4,0,27,65.12,73.52,10.0,40.0,1,0,0,4,4,0,1.0,5.0,LOW,LOYAL_LOW_FRICTION_CUSTOMER
C003119,Sheila,Burke,Saudi Arabia,Standard,1,894.36,894.36,2,1,1,1,10,98.58,98.58,35.0,35.0,0,0,0,2,1,1,0.5,8.0,LOW,NORMAL_CUSTOMER
C003120,Sara,Schneider,Saudi Arabia,Standard,1,3477.22,3477.22,1,0,1,0,6,38.93,38.93,40.0,40.0,1,0,0,1,1,0,1.0,5.0,LOW,NORMAL_CUSTOMER
C003121,Anna,Bennett,Saudi Arabia,Standard,3,8720.35,2906.78,6,3,3,3,29,79.57,104.95,46.67,65.0,3,0,1,6,3,3,0.5,49.0,MEDIUM,FRICTION_PRONE_CUSTOMER
C003122,Craig,Love,Saudi Arabia,Standard,1,3270.93,3270.93,1,0,1,0,7,39.93,39.93,0.0,0.0,0,0,0,1,1,0,1.0,0.0,LOW,NORMAL_CUSTOMER
C003123,Justin,Fitzgerald,Saudi Arabia,Standard,2,1565.39,782.7,2,0,2,0,14,72.32,77.93,0.0,0.0,0,0,0,2,2,0,1.0,0.0,LOW,NORMAL_CUSTOMER
C003124,Amanda,James,United Arab Emirates,Standard,1,3650.7,3650.7,2,1,1,1,10,33.08,33.08,30.0,30.0,0,0,0,2,1,1,0.5,8.0,LOW,NORMAL_CUSTOMER
C003125,Maurice,May,United Kingdom,Standard,3,13404.28,4468.09,4,1,3,1,23,74.95,78.37,25.0,40.0,1,0,0,4,3,1,0.75,13.0,LOW,LOYAL_LOW_FRICTION_CUSTOMER
C003126,Robert,Hoffman,Pakistan,Premium,1,1012.46,1012.46,1,0,1,0,7,48.83,48.83,0.0,0.0,0,0,0,1,1,0,1.0,0.0,LOW,NORMAL_CUSTOMER
C003128,Todd,Stokes,Saudi Arabia,Standard,1,1034.4,1034.4,2,1,1,1,10,100.4,100.4,30.0,30.0,0,0,0,2,1,1,0.5,8.0,LOW,NORMAL_CUSTOMER
C003130,Benjamin,Wilson,United States,Standard,3,6565.32,2188.44,4,1,3,1,22,77.11,99.55,38.33,70.0,2,0,1,4,3,1,0.75,28.0,MEDIUM,FRICTION_PRONE_CUSTOMER
C003135,Benjamin,Garner,Saudi Arabia,Standard,2,6221.69,3110.84,2,0,2,0,14,61.36,77.53,0.0,0.0,0,0,0,2,2,0,1.0,0.0,LOW,NORMAL_CUSTOMER
C003136,Pamela,Wilson,Pakistan,Standard,1,4226.68,4226.68,1,0,1,0,6,75.97,75.97,45.0,45.0,1,0,0,1,1,0,1.0,5.0,LOW,NORMAL_CUSTOMER
C003137,Martin,Richardson,United Kingdom,Standard,3,10097.76,3365.92,3,0,3,0,21,70.37,76.2,0.0,0.0,0,0,0,3,3,0,1.0,0.0,LOW,LOYAL_LOW_FRICTION_CUSTOMER
C003138,John,Castaneda,United Kingdom,Premium,2,5336.63,2668.31,2,0,2,0,14,82.26,83.68,0.0,0.0,0,0,0,2,2,0,1.0,0.0,LOW,NORMAL_CUSTOMER
C003139,Julie,Finley,Pakistan,Standard,2,5845.26,2922.63,3,1,2,1,17,75.98,95.18,17.5,35.0,0,0,0,3,2,1,0.67,8.0,LOW,NORMAL_CUSTOMER
C003141,Penny,Smith,United Arab Emirates,VIP,5,7954.96,1590.99,7,2,5,2,39,58.98,86.85,28.0,60.0,4,0,1,7,5,2,0.71,46.0,MEDIUM,FRICTION_PRONE_CUSTOMER
C003142,Andrew,Brown,Other,Standard,2,7868.54,3934.27,2,0,2,0,14,74.97,86.22,0.0,0.0,0,0,0,2,2,0,1.0,0.0,LOW,NORMAL_CUSTOMER
C003143,Lisa,Nichols,Pakistan,Standard,2,3592.53,1796.26,2,0,2,0,14,76.18,81.6,0.0,0.0,0,0,0,2,2,0,1.0,0.0,LOW,NORMAL_CUSTOMER
C003145,Juan,Whitney,Saudi Arabia,Standard,3,9451.34,3150.45,5,2,3,2,27,68.99,89.08,23.33,35.0,0,0,0,5,3,2,0.6,16.0,LOW,FRICTION_PRONE_CUSTOMER
C003146,Travis,Flores,United Arab Emirates,Standard,1,4067.55,4067.55,1,0,1,0,7,54.53,54.53,0.0,0.0,0,0,0,1,1,0,1.0,0.0,LOW,NORMAL_CUSTOMER
C003147,Heather,Diaz,Other,Premium,1,1106.4,1106.4,1,0,1,0,7,68.67,68.67,0.0,0.0,0,0,0,1,1,0,1.0,0.0,LOW,NORMAL_CUSTOMER
C003148,Corey,Shelton,United Kingdom,Premium,2,6293.23,3146.62,2,0,2,0,13,64.24,73.85,20.0,40.0,1,0,0,2,2,0,1.0,5.0,LOW,NORMAL_CUSTOMER
C003150,Dennis,Meyer,United Arab Emirates,Standard,1,1355.22,1355.22,1,0,1,0,7,76.43,76.43,0.0,0.0,0,0,0,1,1,0,1.0,0.0,LOW,NORMAL_CUSTOMER
C003151,Terri,Guzman,Pakistan,Premium,1,2105.99,2105.99,2,1,1,1,9,94.93,94.93,75.0,75.0,1,0,1,2,1,1,0.5,23.0,LOW,FRICTION_PRONE_CUSTOMER
C003152,Scott,Walker,Saudi Arabia,Standard,1,3768.46,3768.46,3,2,1,2,13,67.18,67.18,65.0,65.0,2,0,1,3,1,2,0.33,36.0,MEDIUM,FRICTION_PRONE_CUSTOMER
C003153,Margaret,Foster,United Kingdom,Standard,3,9493.64,3164.55,7,4,3,4,33,67.46,91.62,43.33,65.0,2,0,1,7,3,4,0.43,52.0,HIGH,FRICTION_PRONE_CUSTOMER
C003154,Joseph,Medina,United Arab Emirates,Standard,1,2665.63,2665.63,1,0,1,0,6,38.62,38.62,40.0,40.0,1,0,0,1,1,0,1.0,5.0,LOW,NORMAL_CUSTOMER
C003156,Debbie,Thomas,Pakistan,Premium,5,13545.42,2709.08,8,3,5,3,43,53.87,79.28,29.0,65.0,3,0,1,8,5,3,0.62,49.0,MEDIUM,FRICTION_PRONE_CUSTOMER
C003157,Jacob,Hahn,Other,Standard,3,5176.28,1725.43,5,2,3,2,26,71.91,91.77,33.33,100.0,3,1,0,5,3,2,0.6,51.0,HIGH,FRICTION_PRONE_CUSTOMER
C003158,Jason,Hood,Saudi Arabia,Premium,4,10137.99,2534.5,4,0,4,0,28,68.44,90.18,0.0,0.0,0,0,0,4,4,0,1.0,0.0,LOW,LOYAL_LOW_FRICTION_CUSTOMER
C003159,Madison,Porter,United States,Standard,3,7938.14,2646.05,6,3,3,3,29,69.61,103.03,46.67,65.0,3,0,1,6,3,3,0.5,49.0,MEDIUM,FRICTION_PRONE_CUSTOMER
C003160,Joyce,Bryant,Saudi Arabia,Standard,2,6571.22,3285.61,2,0,2,0,14,64.47,65.32,0.0,0.0,0,0,0,2,2,0,1.0,0.0,LOW,NORMAL_CUSTOMER
C003161,Katherine,Guzman,United Arab Emirates,Standard,1,4553.06,4553.06,1,0,1,0,7,73.43,73.43,0.0,0.0,0,0,0,1,1,0,1.0,0.0,LOW,NORMAL_CUSTOMER
C003162,Michelle,Thomas,Saudi Arabia,Standard,3,11466.57,3822.19,3,0,3,0,21,69.27,73.98,0.0,0.0,0,0,0,3,3,0,1.0,0.0,LOW,LOYAL_LOW_FRICTION_CUSTOMER
C003163,Lori,Ortega,United Arab Emirates,Premium,2,1822.41,911.2,4,2,2,2,19,77.16,95.57,52.5,65.0,3,0,1,4,2,2,0.5,41.0,MEDIUM,FRICTION_PRONE_CUSTOMER
C003164,Zachary,Solis,Pakistan,Standard,1,4419.06,4419.06,1,0,1,0,7,70.95,70.95,0.0,0.0,0,0,0,1,1,0,1.0,0.0,LOW,NORMAL_CUSTOMER
C003165,Erik,Warner,Saudi Arabia,VIP,3,5562.94,1854.31,4,1,3,1,23,67.43,82.73,23.33,40.0,1,0,0,4,3,1,0.75,13.0,LOW,LOYAL_LOW_FRICTION_CUSTOMER
C003166,Larry,George,United Arab Emirates,Standard,1,3023.39,3023.39,2,1,1,1,10,79.45,79.45,30.0,30.0,0,0,0,2,1,1,0.5,8.0,LOW,NORMAL_CUSTOMER
C003168,Derek,Mooney,Saudi Arabia,Standard,1,3530.1,3530.1,1,0,1,0,7,37.5,37.5,0.0,0.0,0,0,0,1,1,0,1.0,0.0,LOW,NORMAL_CUSTOMER
C003169,Melissa,Martinez,United States,Premium,3,7849.79,2616.6,5,2,3,2,27,73.31,114.65,21.67,65.0,2,0,1,5,3,2,0.6,36.0,MEDIUM,FRICTION_PRONE_CUSTOMER
C003171,Anthony,Mccarthy,United Kingdom,Standard,6,18941.6,3156.93,8,2,6,2,44,77.56,91.35,35.83,95.0,6,1,0,8,6,2,0.75,66.0,HIGH,FRICTION_PRONE_CUSTOMER
C003172,James,Mendoza,Saudi Arabia,Standard,3,10384.86,3461.62,3,0,3,0,21,55.9,69.8,0.0,0.0,0,0,0,3,3,0,1.0,0.0,LOW,LOYAL_LOW_FRICTION_CUSTOMER
C003173,Marissa,Poole,Saudi Arabia,Standard,1,1381.88,1381.88,1,0,1,0,7,44.22,44.22,0.0,0.0,0,0,0,1,1,0,1.0,0.0,LOW,NORMAL_CUSTOMER
C003174,Mary,Simpson,Saudi Arabia,Standard,3,7932.79,2644.26,5,2,3,2,27,83.75,101.28,21.67,65.0,2,0,1,5,3,2,0.6,36.0,MEDIUM,FRICTION_PRONE_CUSTOMER
C003175,John,Padilla,Saudi Arabia,Standard,4,12525.57,3131.39,7,3,4,3,37,88.37,104.63,25.0,65.0,2,0,1,7,4,3,0.57,44.0,MEDIUM,FRICTION_PRONE_CUSTOMER
C003176,Stephen,Bennett,Saudi Arabia,Standard,4,14740.01,3685.0,4,0,4,0,26,55.66,73.83,21.25,45.0,2,0,0,4,4,0,1.0,10.0,LOW,LOYAL_LOW_FRICTION_CUSTOMER
C003177,Samantha,Zavala,United Kingdom,Standard,1,1682.39,1682.39,1,0,1,0,7,63.95,63.95,0.0,0.0,0,0,0,1,1,0,1.0,0.0,LOW,NORMAL_CUSTOMER
C003178,Janet,Cook,Other,Standard,3,12352.98,4117.66,7,4,3,4,32,84.1,91.65,53.33,100.0,3,1,0,7,3,4,0.43,67.0,HIGH,FRICTION_PRONE_CUSTOMER
C003179,Joshua,Carey,United States,Standard,2,3227.04,1613.52,2,0,2,0,14,71.12,74.53,0.0,0.0,0,0,0,2,2,0,1.0,0.0,LOW,NORMAL_CUSTOMER
C003180,Madison,Clark,United Kingdom,Standard,3,11416.97,3805.66,3,0,3,0,21,65.7,76.43,0.0,0.0,0,0,0,3,3,0,1.0,0.0,LOW,LOYAL_LOW_FRICTION_CUSTOMER
C003181,William,Oconnor,Saudi Arabia,Standard,4,8632.6,2158.15,6,2,4,2,34,77.54,113.27,16.25,35.0,0,0,0,6,4,2,0.67,16.0,LOW,FRICTION_PRONE_CUSTOMER
C003183,David,Graves,United Arab Emirates,Standard,1,1613.5,1613.5,1,0,1,0,7,33.22,33.22,0.0,0.0,0,0,0,1,1,0,1.0,0.0,LOW,NORMAL_CUSTOMER
C003184,Anthony,Williams,Saudi Arabia,Standard,4,7711.14,1927.78,6,2,4,2,33,49.8,62.12,25.0,70.0,1,0,1,6,4,2,0.67,31.0,MEDIUM,FRICTION_PRONE_CUSTOMER
C003186,Brooke,White,Pakistan,Standard,3,8230.59,2743.53,6,3,3,3,30,60.28,89.62,30.0,60.0,2,0,1,6,3,3,0.5,44.0,MEDIUM,FRICTION_PRONE_CUSTOMER
C003187,Gregory,Freeman,United Arab Emirates,Standard,1,3516.69,3516.69,1,0,1,0,7,76.18,76.18,0.0,0.0,0,0,0,1,1,0,1.0,0.0,LOW,NORMAL_CUSTOMER
C003189,Brenda,Joyce,United States,Premium,3,10810.68,3603.56,3,0,3,0,19,50.52,90.38,28.33,45.0,2,0,0,3,3,0,1.0,10.0,LOW,LOYAL_LOW_FRICTION_CUSTOMER
C003190,Michael,Hopkins,United States,Standard,3,9094.55,3031.52,4,1,3,1,24,84.51,94.87,10.0,30.0,0,0,0,4,3,1,0.75,8.0,LOW,LOYAL_LOW_FRICTION_CUSTOMER
C003191,Frank,Allison,United Arab Emirates,Standard,4,7666.43,1916.61,4,0,4,0,28,64.11,85.63,0.0,0.0,0,0,0,4,4,0,1.0,0.0,LOW,LOYAL_LOW_FRICTION_CUSTOMER
C003192,Patricia,Ritter,Other,Standard,5,15738.09,3147.62,7,2,5,2,39,68.02,75.47,29.0,45.0,2,0,0,7,5,2,0.71,26.0,MEDIUM,FRICTION_PRONE_CUSTOMER
C003193,Kaitlyn,Kelley,Other,Standard,3,7884.5,2628.17,4,1,3,1,22,78.83,87.85,38.33,75.0,2,0,1,4,3,1,0.75,28.0,MEDIUM,FRICTION_PRONE_CUSTOMER
C003194,Haley,Rogers,United Arab Emirates,Standard,1,1851.4,1851.4,1,0,1,0,7,63.75,63.75,0.0,0.0,0,0,0,1,1,0,1.0,0.0,LOW,NORMAL_CUSTOMER
C003196,Paul,Mooney,Pakistan,Standard,1,4852.43,4852.43,1,0,1,0,7,50.85,50.85,0.0,0.0,0,0,0,1,1,0,1.0,0.0,LOW,NORMAL_CUSTOMER
C003197,Frank,Todd,Other,VIP,1,2306.79,2306.79,1,0,1,0,7,49.2,49.2,0.0,0.0,0,0,0,1,1,0,1.0,0.0,LOW,NORMAL_CUSTOMER
C003198,Ashley,Myers,Other,Standard,4,12125.81,3031.45,4,0,4,0,25,67.71,77.25,30.0,40.0,3,0,0,4,4,0,1.0,15.0,LOW,NORMAL_CUSTOMER
C003199,Tammie,Rose,Saudi Arabia,Premium,2,7074.95,3537.48,2,0,2,0,13,57.28,64.97,20.0,40.0,1,0,0,2,2,0,1.0,5.0,LOW,NORMAL_CUSTOMER
C003200,Mercedes,Campbell,United Arab Emirates,Premium,3,7921.92,2640.64,6,3,3,3,29,67.29,87.63,46.67,65.0,3,0,1,6,3,3,0.5,49.0,MEDIUM,FRICTION_PRONE_CUSTOMER
C003201,Deborah,Horton,Pakistan,Standard,1,3709.47,3709.47,1,0,1,0,7,71.77,71.77,0.0,0.0,0,0,0,1,1,0,1.0,0.0,LOW,NORMAL_CUSTOMER
C003202,Erica,Lee,Pakistan,Standard,5,13303.29,2660.66,5,0,5,0,34,73.53,94.88,9.0,45.0,1,0,0,5,5,0,1.0,5.0,LOW,LOYAL_LOW_FRICTION_CUSTOMER
C003203,Joseph,Chase,Saudi Arabia,Standard,2,5356.65,2678.32,3,1,2,1,17,80.09,80.55,15.0,30.0,0,0,0,3,2,1,0.67,8.0,LOW,NORMAL_CUSTOMER
C003204,Robert,Long,Other,Premium,3,10639.49,3546.5,3,0,3,0,19,64.03,85.72,28.33,45.0,2,0,0,3,3,0,1.0,10.0,LOW,LOYAL_LOW_FRICTION_CUSTOMER
C003206,Kimberly,Goodwin,United States,Standard,2,7903.86,3951.93,2,0,2,0,14,59.64,91.67,0.0,0.0,0,0,0,2,2,0,1.0,0.0,LOW,NORMAL_CUSTOMER
C003210,Deborah,Mckinney,Pakistan,Standard,1,4263.15,4263.15,1,0,1,0,7,42.9,42.9,0.0,0.0,0,0,0,1,1,0,1.0,0.0,LOW,NORMAL_CUSTOMER
C003212,Alan,Martin,United Kingdom,Standard,1,4361.52,4361.52,2,1,1,1,10,73.52,73.52,30.0,30.0,0,0,0,2,1,1,0.5,8.0,LOW,NORMAL_CUSTOMER
C003213,Johnny,Taylor,Saudi Arabia,Standard,4,14159.24,3539.81,5,1,4,1,31,56.57,91.32,7.5,30.0,0,0,0,5,4,1,0.8,8.0,LOW,LOYAL_LOW_FRICTION_CUSTOMER
C003214,Linda,Dominguez,United Kingdom,Premium,1,1963.74,1963.74,1,0,1,0,7,37.45,37.45,0.0,0.0,0,0,0,1,1,0,1.0,0.0,LOW,NORMAL_CUSTOMER
C003215,Kevin,Carter,Saudi Arabia,Premium,1,1355.4,1355.4,1,0,1,0,6,52.4,52.4,40.0,40.0,1,0,0,1,1,0,1.0,5.0,LOW,NORMAL_CUSTOMER
C003216,Tammy,Thomas,Saudi Arabia,Standard,2,5576.12,2788.06,4,2,2,2,19,74.5,98.98,52.5,70.0,1,0,1,4,2,2,0.5,31.0,MEDIUM,FRICTION_PRONE_CUSTOMER
C003217,Dawn,Robinson,Saudi Arabia,Standard,2,4006.72,2003.36,2,0,2,0,14,89.64,90.67,0.0,0.0,0,0,0,2,2,0,1.0,0.0,LOW,NORMAL_CUSTOMER
C003218,Rodney,Goodman,Saudi Arabia,Premium,1,1963.8,1963.8,2,1,1,1,10,63.35,63.35,30.0,30.0,0,0,0,2,1,1,0.5,8.0,LOW,NORMAL_CUSTOMER
C003219,Nicholas,Moss,United Kingdom,Standard,3,8833.72,2944.57,5,2,3,2,25,63.66,90.1,48.33,65.0,4,0,1,5,3,2,0.6,46.0,MEDIUM,FRICTION_PRONE_CUSTOMER
C003220,Michael,Smith,United Kingdom,Standard,2,3451.0,1725.5,2,0,2,0,14,63.24,70.18,0.0,0.0,0,0,0,2,2,0,1.0,0.0,LOW,NORMAL_CUSTOMER
C003221,Johnathan,Barber,Pakistan,Standard,2,3314.89,1657.44,2,0,2,0,14,74.12,82.85,0.0,0.0,0,0,0,2,2,0,1.0,0.0,LOW,NORMAL_CUSTOMER
C003222,Steven,Johnston,Saudi Arabia,Standard,1,2878.22,2878.22,3,2,1,2,13,73.25,73.25,65.0,65.0,2,0,1,3,1,2,0.33,36.0,MEDIUM,FRICTION_PRONE_CUSTOMER
C003223,Erica,Gregory,Saudi Arabia,Standard,2,4218.44,2109.22,2,0,2,0,13,51.05,64.37,20.0,40.0,1,0,0,2,2,0,1.0,5.0,LOW,NORMAL_CUSTOMER
C003224,Madison,Hinton,Saudi Arabia,VIP,1,2594.82,2594.82,2,1,1,1,10,57.8,57.8,30.0,30.0,0,0,0,2,1,1,0.5,8.0,LOW,NORMAL_CUSTOMER
C003225,Randy,Hernandez,Saudi Arabia,Standard,1,983.96,983.96,2,1,1,1,9,73.98,73.98,80.0,80.0,1,1,0,2,1,1,0.5,33.0,MEDIUM,NORMAL_CUSTOMER
C003226,Curtis,Clements,Other,Standard,2,4357.73,2178.87,4,2,2,2,20,76.12,94.47,32.5,65.0,2,0,1,4,2,2,0.5,36.0,MEDIUM,FRICTION_PRONE_CUSTOMER
C003227,William,Simmons,Saudi Arabia,Standard,1,3732.76,3732.76,1,0,1,0,6,54.35,54.35,45.0,45.0,1,0,0,1,1,0,1.0,5.0,LOW,NORMAL_CUSTOMER
C003228,Eileen,Skinner,United Arab Emirates,Premium,1,1049.14,1049.14,1,0,1,0,6,48.7,48.7,40.0,40.0,1,0,0,1,1,0,1.0,5.0,LOW,NORMAL_CUSTOMER
C003229,Megan,Howe,Saudi Arabia,Standard,3,10000.6,3333.53,3,0,3,0,19,73.07,87.2,26.67,40.0,2,0,0,3,3,0,1.0,10.0,LOW,LOYAL_LOW_FRICTION_CUSTOMER
C003230,Nicholas,Davis,Saudi Arabia,Standard,2,4134.22,2067.11,2,0,2,0,14,81.38,85.53,0.0,0.0,0,0,0,2,2,0,1.0,0.0,LOW,NORMAL_CUSTOMER
C003231,Deborah,Mccann,Pakistan,Standard,2,6166.18,3083.09,2,0,2,0,14,84.44,95.48,0.0,0.0,0,0,0,2,2,0,1.0,0.0,LOW,NORMAL_CUSTOMER
C003233,Kenneth,Williams,Saudi Arabia,Standard,3,10043.69,3347.9,4,1,3,1,23,79.87,92.17,25.0,75.0,1,0,1,4,3,1,0.75,23.0,LOW,FRICTION_PRONE_CUSTOMER
C003234,Daniel,Baird,Saudi Arabia,Standard,1,4313.04,4313.04,1,0,1,0,7,88.42,88.42,0.0,0.0,0,0,0,1,1,0,1.0,0.0,LOW,NORMAL_CUSTOMER
C003235,Caleb,Santos,United Arab Emirates,Standard,3,9976.66,3325.55,3,0,3,0,21,80.94,105.87,0.0,0.0,0,0,0,3,3,0,1.0,0.0,LOW,LOYAL_LOW_FRICTION_CUSTOMER
C003236,Vanessa,Watkins,Saudi Arabia,Standard,1,729.2,729.2,3,2,1,2,13,69.38,69.38,65.0,65.0,2,0,1,3,1,2,0.33,36.0,MEDIUM,FRICTION_PRONE_CUSTOMER
C003237,Danielle,Booker,Saudi Arabia,VIP,3,4686.83,1562.28,4,1,3,1,24,79.46,88.78,10.0,30.0,0,0,0,4,3,1,0.75,8.0,LOW,LOYAL_LOW_FRICTION_CUSTOMER
C003238,Michelle,Sims,Other,Standard,3,6141.41,2047.14,5,2,3,2,25,70.1,106.0,46.67,100.0,4,1,0,5,3,2,0.6,56.0,HIGH,FRICTION_PRONE_CUSTOMER
C003240,Jennifer,Johnson,Pakistan,Standard,2,4916.99,2458.5,3,1,2,1,16,73.71,75.22,40.0,45.0,1,0,0,3,2,1,0.67,13.0,LOW,NORMAL_CUSTOMER
C003241,Patricia,Allen,United Arab Emirates,Standard,2,4785.53,2392.76,2,0,2,0,14,61.5,62.53,0.0,0.0,0,0,0,2,2,0,1.0,0.0,LOW,NORMAL_CUSTOMER
C003242,Kent,Burns,United Arab Emirates,Standard,1,1334.02,1334.02,1,0,1,0,6,67.35,67.35,40.0,40.0,1,0,0,1,1,0,1.0,5.0,LOW,NORMAL_CUSTOMER
C003243,Edward,Watts,Pakistan,Premium,3,11846.15,3948.72,5,2,3,2,24,78.5,84.48,63.33,100.0,5,1,0,5,3,2,0.6,61.0,HIGH,FRICTION_PRONE_CUSTOMER
C003244,Kathy,Blevins,United Kingdom,Standard,4,10715.17,2678.79,5,1,4,1,31,73.72,107.47,7.5,30.0,0,0,0,5,4,1,0.8,8.0,LOW,LOYAL_LOW_FRICTION_CUSTOMER
C003246,Linda,Bennett,Saudi Arabia,VIP,1,1678.95,1678.95,2,1,1,1,10,95.48,95.48,30.0,30.0,0,0,0,2,1,1,0.5,8.0,LOW,NORMAL_CUSTOMER
C003247,Leah,Holt,Pakistan,Standard,1,2255.21,2255.21,1,0,1,0,7,73.42,73.42,0.0,0.0,0,0,0,1,1,0,1.0,0.0,LOW,NORMAL_CUSTOMER
C003248,Carol,Pope,United Arab Emirates,Standard,1,4512.13,4512.13,1,0,1,0,7,65.97,65.97,0.0,0.0,0,0,0,1,1,0,1.0,0.0,LOW,NORMAL_CUSTOMER
C003249,Donna,Barrett,Other,Standard,1,3688.02,3688.02,1,0,1,0,7,28.77,28.77,0.0,0.0,0,0,0,1,1,0,1.0,0.0,LOW,NORMAL_CUSTOMER
C003250,Erin,Strickland,Pakistan,Premium,2,4828.25,2414.12,2,0,2,0,13,43.17,44.88,20.0,40.0,1,0,0,2,2,0,1.0,5.0,LOW,NORMAL_CUSTOMER
C003251,Jennifer,Hancock,Pakistan,Standard,2,4003.94,2001.97,3,1,2,1,17,78.18,80.83,17.5,35.0,0,0,0,3,2,1,0.67,8.0,LOW,NORMAL_CUSTOMER
C003252,Diana,Santos,Saudi Arabia,Standard,1,4469.48,4469.48,2,1,1,1,10,72.43,72.43,35.0,35.0,0,0,0,2,1,1,0.5,8.0,LOW,NORMAL_CUSTOMER
C003253,Whitney,Hill,Pakistan,Standard,1,1078.43,1078.43,1,0,1,0,7,40.82,40.82,0.0,0.0,0,0,0,1,1,0,1.0,0.0,LOW,NORMAL_CUSTOMER
C003254,Jordan,Delgado,Saudi Arabia,Standard,5,16298.94,3259.79,5,0,5,0,32,57.49,93.65,25.0,45.0,3,0,0,5,5,0,1.0,15.0,LOW,LOYAL_LOW_FRICTION_CUSTOMER
C003256,Paul,Wilson,Saudi Arabia,Standard,2,9368.63,4684.32,2,0,2,0,14,83.62,85.88,0.0,0.0,0,0,0,2,2,0,1.0,0.0,LOW,NORMAL_CUSTOMER
C003257,Austin,Miller,United Kingdom,Standard,1,1378.73,1378.73,1,0,1,0,7,65.98,65.98,0.0,0.0,0,0,0,1,1,0,1.0,0.0,LOW,NORMAL_CUSTOMER
C003258,Jean,Burns,Saudi Arabia,Standard,2,1422.34,711.17,2,0,2,0,13,65.04,76.45,20.0,40.0,1,0,0,2,2,0,1.0,5.0,LOW,NORMAL_CUSTOMER
C003259,Ashley,Barnett,United Arab Emirates,Premium,3,4849.86,1616.62,5,2,3,2,27,62.32,72.75,20.0,30.0,0,0,0,5,3,2,0.6,16.0,LOW,FRICTION_PRONE_CUSTOMER
C003260,James,Hicks,Other,Standard,4,10900.97,2725.24,5,1,4,1,30,79.49,101.33,18.75,45.0,1,0,0,5,4,1,0.8,13.0,LOW,LOYAL_LOW_FRICTION_CUSTOMER
C003261,Jessica,Johnson,Saudi Arabia,Standard,1,4408.45,4408.45,1,0,1,0,7,55.45,55.45,0.0,0.0,0,0,0,1,1,0,1.0,0.0,LOW,NORMAL_CUSTOMER
C003262,Jeffrey,Berry,Pakistan,Standard,2,2933.25,1466.62,3,1,2,1,16,72.46,89.73,40.0,80.0,1,1,0,3,2,1,0.67,33.0,MEDIUM,NORMAL_CUSTOMER
C003263,Amanda,Armstrong,United Arab Emirates,Standard,3,9973.26,3324.42,3,0,3,0,21,59.91,83.3,0.0,0.0,0,0,0,3,3,0,1.0,0.0,LOW,LOYAL_LOW_FRICTION_CUSTOMER
C003264,Kristen,Hill,Saudi Arabia,Standard,1,4360.53,4360.53,1,0,1,0,7,87.35,87.35,0.0,0.0,0,0,0,1,1,0,1.0,0.0,LOW,NORMAL_CUSTOMER
C003265,Rebecca,Mcgee,United States,Standard,1,4057.17,4057.17,1,0,1,0,7,77.28,77.28,0.0,0.0,0,0,0,1,1,0,1.0,0.0,LOW,NORMAL_CUSTOMER
C003267,William,White,United Arab Emirates,Standard,3,7578.24,2526.08,3,0,3,0,20,70.5,71.22,15.0,45.0,1,0,0,3,3,0,1.0,5.0,LOW,LOYAL_LOW_FRICTION_CUSTOMER
C003268,Megan,Washington,Pakistan,Standard,4,9538.61,2384.65,6,2,4,2,34,71.88,93.52,15.0,30.0,0,0,0,6,4,2,0.67,16.0,LOW,FRICTION_PRONE_CUSTOMER
C003269,Mary,Newman,Pakistan,Standard,1,2346.7,2346.7,2,1,1,1,9,81.67,81.67,75.0,75.0,1,0,1,2,1,1,0.5,23.0,LOW,FRICTION_PRONE_CUSTOMER
C003270,Nancy,Hamilton,United Kingdom,Standard,1,1417.83,1417.83,1,0,1,0,7,82.95,82.95,0.0,0.0,0,0,0,1,1,0,1.0,0.0,LOW,NORMAL_CUSTOMER
C003271,Howard,Duncan,Saudi Arabia,Standard,2,5489.73,2744.86,4,2,2,2,20,61.39,68.2,30.0,30.0,0,0,0,4,2,2,0.5,16.0,LOW,FRICTION_PRONE_CUSTOMER
C003272,Connor,Garcia,Saudi Arabia,Standard,2,6129.69,3064.84,2,0,2,0,14,67.53,73.2,0.0,0.0,0,0,0,2,2,0,1.0,0.0,LOW,NORMAL_CUSTOMER
C003273,David,Brown,United Kingdom,Premium,1,1466.66,1466.66,1,0,1,0,6,60.72,60.72,40.0,40.0,1,0,0,1,1,0,1.0,5.0,LOW,NORMAL_CUSTOMER
C003274,Jonathan,Stout,Pakistan,Premium,3,10631.22,3543.74,6,3,3,3,30,75.97,95.73,31.67,65.0,2,0,1,6,3,3,0.5,44.0,MEDIUM,FRICTION_PRONE_CUSTOMER
C003276,Kathryn,Lopez,United States,Standard,2,3695.13,1847.56,2,0,2,0,14,61.99,89.63,0.0,0.0,0,0,0,2,2,0,1.0,0.0,LOW,NORMAL_CUSTOMER
C003277,Isaac,Hess,United States,Standard,3,5669.59,1889.86,3,0,3,0,21,63.69,96.78,0.0,0.0,0,0,0,3,3,0,1.0,0.0,LOW,LOYAL_LOW_FRICTION_CUSTOMER
C003278,Erin,Smith,United Arab Emirates,Standard,2,7126.86,3563.43,3,1,2,1,16,55.92,69.02,35.0,40.0,1,0,0,3,2,1,0.67,13.0,LOW,NORMAL_CUSTOMER
C003279,Matthew,Hawkins,United Arab Emirates,VIP,3,7224.88,2408.29,3,0,3,0,20,63.53,76.45,13.33,40.0,1,0,0,3,3,0,1.0,5.0,LOW,LOYAL_LOW_FRICTION_CUSTOMER
C003281,Michael,Burnett,United Arab Emirates,Standard,3,6300.01,2100.0,3,0,3,0,21,69.88,80.75,0.0,0.0,0,0,0,3,3,0,1.0,0.0,LOW,LOYAL_LOW_FRICTION_CUSTOMER
C003282,Julie,Freeman,Saudi Arabia,Premium,3,8790.32,2930.11,3,0,3,0,21,67.46,85.98,0.0,0.0,0,0,0,3,3,0,1.0,0.0,LOW,LOYAL_LOW_FRICTION_CUSTOMER
C003284,Kristin,Richards,Other,Standard,2,7519.31,3759.66,3,1,2,1,16,88.25,95.47,35.0,70.0,1,0,1,3,2,1,0.67,23.0,LOW,FRICTION_PRONE_CUSTOMER
C003285,Mark,Reeves,United Arab Emirates,Standard,1,3721.19,3721.19,1,0,1,0,7,69.7,69.7,0.0,0.0,0,0,0,1,1,0,1.0,0.0,LOW,NORMAL_CUSTOMER
C003286,Jorge,Tyler,Saudi Arabia,Standard,2,2790.85,1395.42,3,1,2,1,17,55.33,79.77,15.0,30.0,0,0,0,3,2,1,0.67,8.0,LOW,NORMAL_CUSTOMER
C003288,Melissa,Mullins,United States,Premium,3,10374.14,3458.05,3,0,3,0,20,79.8,107.5,15.0,45.0,1,0,0,3,3,0,1.0,5.0,LOW,LOYAL_LOW_FRICTION_CUSTOMER
C003290,Michelle,Merritt,Saudi Arabia,Standard,1,2159.35,2159.35,3,2,1,2,12,98.02,98.02,100.0,100.0,3,1,0,3,1,2,0.33,51.0,HIGH,FRICTION_PRONE_CUSTOMER
C003292,Sheryl,George,Other,Standard,4,10002.23,2500.56,5,1,4,1,31,62.12,93.32,8.75,35.0,0,0,0,5,4,1,0.8,8.0,LOW,LOYAL_LOW_FRICTION_CUSTOMER
C003293,Charles,White,United Arab Emirates,Standard,3,4664.01,1554.67,5,2,3,2,26,73.73,88.32,33.33,100.0,3,1,0,5,3,2,0.6,51.0,HIGH,FRICTION_PRONE_CUSTOMER
C003294,Pamela,Peters,Pakistan,Standard,3,11214.18,3738.06,3,0,3,0,19,74.5,88.38,26.67,40.0,2,0,0,3,3,0,1.0,10.0,LOW,LOYAL_LOW_FRICTION_CUSTOMER
C003295,Vincent,Mcbride,Other,Standard,5,11184.59,2236.92,5,0,5,0,34,65.82,79.98,8.0,40.0,1,0,0,5,5,0,1.0,5.0,LOW,LOYAL_LOW_FRICTION_CUSTOMER
C003297,Patrick,Anderson,Pakistan,Premium,1,2840.94,2840.94,3,2,1,2,13,94.37,94.37,60.0,60.0,2,0,1,3,1,2,0.33,36.0,MEDIUM,FRICTION_PRONE_CUSTOMER
C003299,Brian,Martin,United Arab Emirates,Standard,1,688.38,688.38,3,2,1,2,13,89.52,89.52,65.0,65.0,2,0,1,3,1,2,0.33,36.0,MEDIUM,FRICTION_PRONE_CUSTOMER
C003301,Derrick,York,United Arab Emirates,Premium,3,8049.86,2683.29,3,0,3,0,20,59.26,82.63,13.33,40.0,1,0,0,3,3,0,1.0,5.0,LOW,LOYAL_LOW_FRICTION_CUSTOMER
C003302,James,Johnson,Other,Standard,2,7092.52,3546.26,2,0,2,0,14,54.39,61.23,0.0,0.0,0,0,0,2,2,0,1.0,0.0,LOW,NORMAL_CUSTOMER
C003303,Robert,Whitney,Pakistan,Premium,3,8581.77,2860.59,6,3,3,3,29,69.97,93.92,46.67,60.0,3,0,1,6,3,3,0.5,49.0,MEDIUM,FRICTION_PRONE_CUSTOMER
C003304,Ashley,Hunter,United Arab Emirates,Standard,1,4023.06,4023.06,1,0,1,0,7,75.63,75.63,0.0,0.0,0,0,0,1,1,0,1.0,0.0,LOW,NORMAL_CUSTOMER
C003305,Rebecca,Cox,Saudi Arabia,Premium,2,4289.53,2144.77,4,2,2,2,20,60.01,70.37,32.5,65.0,2,0,1,4,2,2,0.5,36.0,MEDIUM,FRICTION_PRONE_CUSTOMER
C003307,Leslie,Henderson,United Arab Emirates,Premium,3,5095.75,1698.58,3,0,3,0,20,82.46,96.53,13.33,40.0,1,0,0,3,3,0,1.0,5.0,LOW,LOYAL_LOW_FRICTION_CUSTOMER
C003309,Kimberly,Smith,United Arab Emirates,Standard,3,10655.61,3551.87,3,0,3,0,20,48.89,81.37,13.33,40.0,1,0,0,3,3,0,1.0,5.0,LOW,LOYAL_LOW_FRICTION_CUSTOMER
C003310,Tony,Turner,United Arab Emirates,Standard,3,6109.55,2036.52,3,0,3,0,20,73.06,84.38,13.33,40.0,1,0,0,3,3,0,1.0,5.0,LOW,LOYAL_LOW_FRICTION_CUSTOMER
C003311,Crystal,Shah,United Kingdom,Standard,3,10454.84,3484.95,3,0,3,0,20,61.34,93.3,13.33,40.0,1,0,0,3,3,0,1.0,5.0,LOW,LOYAL_LOW_FRICTION_CUSTOMER
C003312,Gregory,Stone,United Kingdom,Premium,1,2602.63,2602.63,1,0,1,0,7,51.23,51.23,0.0,0.0,0,0,0,1,1,0,1.0,0.0,LOW,NORMAL_CUSTOMER
C003314,Adam,Hopkins,Saudi Arabia,Standard,1,1529.65,1529.65,2,1,1,1,9,62.1,62.1,70.0,70.0,1,0,1,2,1,1,0.5,23.0,LOW,FRICTION_PRONE_CUSTOMER
C003315,Joshua,Wallace,Saudi Arabia,Standard,1,581.3,581.3,3,2,1,2,12,96.02,96.02,100.0,100.0,3,1,0,3,1,2,0.33,51.0,HIGH,FRICTION_PRONE_CUSTOMER
C003318,Kathy,Mills,Saudi Arabia,Standard,1,2506.81,2506.81,1,0,1,0,6,52.33,52.33,45.0,45.0,1,0,0,1,1,0,1.0,5.0,LOW,NORMAL_CUSTOMER
C003319,Tracy,Andersen,United States,Premium,3,7844.03,2614.68,4,1,3,1,24,75.5,87.47,10.0,30.0,0,0,0,4,3,1,0.75,8.0,LOW,LOYAL_LOW_FRICTION_CUSTOMER
C003320,Kathryn,Bell,United States,Standard,1,1502.42,1502.42,2,1,1,1,9,83.23,83.23,70.0,70.0,1,0,1,2,1,1,0.5,23.0,LOW,FRICTION_PRONE_CUSTOMER
C003321,Christopher,Medina,Pakistan,Standard,1,750.08,750.08,1,0,1,0,7,79.95,79.95,0.0,0.0,0,0,0,1,1,0,1.0,0.0,LOW,NORMAL_CUSTOMER
C003322,Christina,Clark,Saudi Arabia,Standard,1,2102.53,2102.53,1,0,1,0,7,72.98,72.98,0.0,0.0,0,0,0,1,1,0,1.0,0.0,LOW,NORMAL_CUSTOMER
C003323,Cynthia,Garcia,United States,Premium,1,3014.14,3014.14,1,0,1,0,7,55.9,55.9,0.0,0.0,0,0,0,1,1,0,1.0,0.0,LOW,NORMAL_CUSTOMER
C003324,Richard,Weiss,Pakistan,Standard,1,4450.78,4450.78,1,0,1,0,7,65.93,65.93,0.0,0.0,0,0,0,1,1,0,1.0,0.0,LOW,NORMAL_CUSTOMER
C003325,Tammy,Young,United States,Standard,3,11082.38,3694.13,3,0,3,0,20,63.47,67.97,13.33,40.0,1,0,0,3,3,0,1.0,5.0,LOW,LOYAL_LOW_FRICTION_CUSTOMER
C003326,Patrick,Lopez,United States,Standard,1,1715.92,1715.92,1,0,1,0,7,58.55,58.55,0.0,0.0,0,0,0,1,1,0,1.0,0.0,LOW,NORMAL_CUSTOMER
C003327,Benjamin,Evans,United States,Standard,2,6549.87,3274.94,2,0,2,0,14,67.04,75.35,0.0,0.0,0,0,0,2,2,0,1.0,0.0,LOW,NORMAL_CUSTOMER
C003328,James,Wall,Pakistan,Standard,2,4004.19,2002.1,2,0,2,0,12,49.4,57.32,42.5,45.0,2,0,0,2,2,0,1.0,10.0,LOW,NORMAL_CUSTOMER
C003330,Alexis,Guzman,United Kingdom,Standard,2,4346.77,2173.39,3,1,2,1,16,54.48,75.43,35.0,40.0,1,0,0,3,2,1,0.67,13.0,LOW,NORMAL_CUSTOMER
C003331,Marco,Robinson,Pakistan,Standard,1,1693.83,1693.83,1,0,1,0,7,47.38,47.38,0.0,0.0,0,0,0,1,1,0,1.0,0.0,LOW,NORMAL_CUSTOMER
C003332,Martha,Howard,United Kingdom,Standard,2,5716.72,2858.36,2,0,2,0,13,46.74,56.97,20.0,40.0,1,0,0,2,2,0,1.0,5.0,LOW,NORMAL_CUSTOMER
C003333,James,Anderson,Saudi Arabia,Standard,1,2062.29,2062.29,1,0,1,0,7,48.32,48.32,0.0,0.0,0,0,0,1,1,0,1.0,0.0,LOW,NORMAL_CUSTOMER
C003334,Erica,Dean,Saudi Arabia,Standard,1,3794.41,3794.41,1,0,1,0,7,45.72,45.72,0.0,0.0,0,0,0,1,1,0,1.0,0.0,LOW,NORMAL_CUSTOMER
C003336,John,Scott,United Kingdom,Standard,1,712.13,712.13,3,2,1,2,13,111.33,111.33,65.0,65.0,2,0,1,3,1,2,0.33,36.0,MEDIUM,FRICTION_PRONE_CUSTOMER
C003337,Heather,James,Other,Standard,2,6104.17,3052.08,3,1,2,1,17,88.92,93.73,17.5,35.0,0,0,0,3,2,1,0.67,8.0,LOW,NORMAL_CUSTOMER
C003338,Maxwell,Mckee,United States,Standard,1,1999.06,1999.06,1,0,1,0,7,40.53,40.53,0.0,0.0,0,0,0,1,1,0,1.0,0.0,LOW,NORMAL_CUSTOMER
C003339,David,Ross,Pakistan,Premium,3,10535.45,3511.82,3,0,3,0,20,64.03,95.87,13.33,40.0,1,0,0,3,3,0,1.0,5.0,LOW,LOYAL_LOW_FRICTION_CUSTOMER
C003340,Patrick,Miller,United Kingdom,Standard,3,10873.87,3624.62,4,1,3,1,24,55.59,66.38,10.0,30.0,0,0,0,4,3,1,0.75,8.0,LOW,LOYAL_LOW_FRICTION_CUSTOMER
C003341,Brianna,King,Other,Standard,2,6461.25,3230.62,3,1,2,1,16,82.74,101.13,37.5,75.0,1,0,1,3,2,1,0.67,23.0,LOW,FRICTION_PRONE_CUSTOMER
C003342,Gary,Coleman,Pakistan,Standard,1,4248.13,4248.13,1,0,1,0,7,94.18,94.18,0.0,0.0,0,0,0,1,1,0,1.0,0.0,LOW,NORMAL_CUSTOMER
C003343,Madison,Neal,Pakistan,VIP,5,13163.39,2632.68,6,1,5,1,37,69.03,91.55,15.0,45.0,1,0,0,6,5,1,0.83,13.0,LOW,LOYAL_LOW_FRICTION_CUSTOMER
C003344,Kenneth,Herrera,Saudi Arabia,Standard,2,2390.69,1195.34,4,2,2,2,20,82.16,87.63,32.5,65.0,2,0,1,4,2,2,0.5,36.0,MEDIUM,FRICTION_PRONE_CUSTOMER
C003345,Kelly,Jones,United Arab Emirates,Standard,1,4938.21,4938.21,1,0,1,0,6,79.55,79.55,40.0,40.0,1,0,0,1,1,0,1.0,5.0,LOW,NORMAL_CUSTOMER
C003346,Jessica,Oconnor,United Kingdom,Premium,2,4721.51,2360.76,4,2,2,2,19,75.82,85.43,50.0,100.0,3,1,0,4,2,2,0.5,51.0,HIGH,FRICTION_PRONE_CUSTOMER
C003347,Caitlyn,Cowan,Saudi Arabia,Standard,2,2372.43,1186.21,3,1,2,1,17,72.0,78.73,15.0,30.0,0,0,0,3,2,1,0.67,8.0,LOW,NORMAL_CUSTOMER
C003348,Matthew,Terry,Saudi Arabia,Standard,2,7650.81,3825.4,2,0,2,0,14,57.76,58.63,0.0,0.0,0,0,0,2,2,0,1.0,0.0,LOW,NORMAL_CUSTOMER
C003349,Pamela,Lee,United Arab Emirates,Standard,2,5192.53,2596.27,2,0,2,0,14,69.11,101.75,0.0,0.0,0,0,0,2,2,0,1.0,0.0,LOW,NORMAL_CUSTOMER
C003351,Matthew,Sandoval,Saudi Arabia,Standard,1,1040.1,1040.1,1,0,1,0,7,81.9,81.9,0.0,0.0,0,0,0,1,1,0,1.0,0.0,LOW,NORMAL_CUSTOMER
C003352,Rachel,Hoover,United Arab Emirates,VIP,1,4112.02,4112.02,2,1,1,1,10,84.7,84.7,35.0,35.0,0,0,0,2,1,1,0.5,8.0,LOW,NORMAL_CUSTOMER
C003355,Stacy,Hernandez,Saudi Arabia,Standard,3,9534.39,3178.13,6,3,3,3,29,68.41,83.37,43.33,95.0,3,1,0,6,3,3,0.5,59.0,HIGH,FRICTION_PRONE_CUSTOMER
C003357,Richard,Hamilton,United Kingdom,Standard,2,5480.46,2740.23,2,0,2,0,14,42.9,43.42,0.0,0.0,0,0,0,2,2,0,1.0,0.0,LOW,NORMAL_CUSTOMER
C003358,Jeremy,Johnson,United Arab Emirates,Standard,2,8408.17,4204.08,2,0,2,0,13,83.52,89.2,20.0,40.0,1,0,0,2,2,0,1.0,5.0,LOW,NORMAL_CUSTOMER
C003359,Jessica,Munoz,United States,Standard,1,3106.13,3106.13,1,0,1,0,7,95.72,95.72,0.0,0.0,0,0,0,1,1,0,1.0,0.0,LOW,NORMAL_CUSTOMER
C003360,David,Jones,United Kingdom,Standard,4,12165.5,3041.38,5,1,4,1,31,60.76,67.6,7.5,30.0,0,0,0,5,4,1,0.8,8.0,LOW,LOYAL_LOW_FRICTION_CUSTOMER
C003361,Jessica,Martinez,United States,Standard,1,1458.16,1458.16,1,0,1,0,6,80.73,80.73,40.0,40.0,1,0,0,1,1,0,1.0,5.0,LOW,NORMAL_CUSTOMER
C003362,Brittany,Rodriguez,Saudi Arabia,Standard,2,5346.86,2673.43,3,1,2,1,16,55.15,65.33,40.0,45.0,1,0,0,3,2,1,0.67,13.0,LOW,NORMAL_CUSTOMER
C003363,Gary,Kelley,United Kingdom,VIP,2,6722.97,3361.48,2,0,2,0,13,84.61,85.72,20.0,40.0,1,0,0,2,2,0,1.0,5.0,LOW,NORMAL_CUSTOMER
C003364,Michael,Jones,Saudi Arabia,Standard,2,7035.1,3517.55,2,0,2,0,14,73.51,83.45,0.0,0.0,0,0,0,2,2,0,1.0,0.0,LOW,NORMAL_CUSTOMER
C003365,Debra,Bowman,Other,Standard,3,7288.46,2429.49,3,0,3,0,20,70.74,84.9,15.0,45.0,1,0,0,3,3,0,1.0,5.0,LOW,LOYAL_LOW_FRICTION_CUSTOMER
C003366,Benjamin,Cox,Pakistan,Standard,1,4310.41,4310.41,1,0,1,0,7,84.97,84.97,0.0,0.0,0,0,0,1,1,0,1.0,0.0,LOW,NORMAL_CUSTOMER
C003367,Nancy,Cook,United Arab Emirates,Standard,1,1277.85,1277.85,1,0,1,0,7,53.87,53.87,0.0,0.0,0,0,0,1,1,0,1.0,0.0,LOW,NORMAL_CUSTOMER
C003368,Jonathan,Nelson,Saudi Arabia,Standard,4,10089.23,2522.31,8,4,4,4,39,69.88,103.2,41.25,70.0,3,0,2,8,4,4,0.5,67.0,HIGH,FRICTION_PRONE_CUSTOMER
C003369,Amanda,Melton,Saudi Arabia,Standard,3,9865.44,3288.48,4,1,3,1,24,53.98,65.42,10.0,30.0,0,0,0,4,3,1,0.75,8.0,LOW,LOYAL_LOW_FRICTION_CUSTOMER
C003370,Brandon,Perez,United Kingdom,Standard,2,6601.42,3300.71,2,0,2,0,14,64.08,84.2,0.0,0.0,0,0,0,2,2,0,1.0,0.0,LOW,NORMAL_CUSTOMER
C003371,Virginia,Smith,Saudi Arabia,Standard,1,838.85,838.85,1,0,1,0,7,78.88,78.88,0.0,0.0,0,0,0,1,1,0,1.0,0.0,LOW,NORMAL_CUSTOMER
C003372,Ebony,Bennett,Pakistan,Premium,2,5485.62,2742.81,2,0,2,0,14,55.86,62.52,0.0,0.0,0,0,0,2,2,0,1.0,0.0,LOW,NORMAL_CUSTOMER
C003373,Desiree,Novak,Saudi Arabia,Standard,1,1359.36,1359.36,1,0,1,0,7,57.35,57.35,0.0,0.0,0,0,0,1,1,0,1.0,0.0,LOW,NORMAL_CUSTOMER
C003374,Andrew,Gray,United Kingdom,Standard,4,9928.66,2482.16,4,0,4,0,26,70.6,90.75,20.0,40.0,2,0,0,4,4,0,1.0,10.0,LOW,LOYAL_LOW_FRICTION_CUSTOMER
C003375,Hannah,Garcia,United States,Standard,4,10097.84,2524.46,5,1,4,1,29,63.53,85.22,28.75,45.0,2,0,0,5,4,1,0.8,18.0,LOW,LOYAL_LOW_FRICTION_CUSTOMER
C003377,Omar,Thompson,United States,Premium,2,5020.45,2510.22,3,1,2,1,17,62.99,77.25,15.0,30.0,0,0,0,3,2,1,0.67,8.0,LOW,NORMAL_CUSTOMER
C003378,Amy,Chandler,Saudi Arabia,Standard,1,1202.22,1202.22,2,1,1,1,10,111.38,111.38,35.0,35.0,0,0,0,2,1,1,0.5,8.0,LOW,NORMAL_CUSTOMER
C003381,Heather,Burns,United Arab Emirates,Premium,2,3906.9,1953.45,2,0,2,0,14,64.83,82.77,0.0,0.0,0,0,0,2,2,0,1.0,0.0,LOW,NORMAL_CUSTOMER
C003382,Crystal,Rice,United Arab Emirates,Standard,1,3933.58,3933.58,2,1,1,1,10,75.77,75.77,30.0,30.0,0,0,0,2,1,1,0.5,8.0,LOW,NORMAL_CUSTOMER
C003383,Kevin,Graves,Saudi Arabia,Premium,2,4722.24,2361.12,3,1,2,1,16,59.0,74.38,40.0,45.0,1,0,0,3,2,1,0.67,13.0,LOW,NORMAL_CUSTOMER
C003384,Dorothy,Grimes,Saudi Arabia,Standard,1,839.37,839.37,2,1,1,1,10,76.42,76.42,30.0,30.0,0,0,0,2,1,1,0.5,8.0,LOW,NORMAL_CUSTOMER
C003385,Elaine,Arnold,Saudi Arabia,Premium,2,8547.88,4273.94,4,2,2,2,19,71.96,79.62,47.5,95.0,3,1,0,4,2,2,0.5,51.0,HIGH,FRICTION_PRONE_CUSTOMER
C003386,Joseph,Lawson,Other,Premium,5,17437.9,3487.58,8,3,5,3,42,67.16,90.63,36.0,65.0,4,0,1,8,5,3,0.62,54.0,HIGH,FRICTION_PRONE_CUSTOMER
C003387,Catherine,Mosley,Saudi Arabia,Standard,1,696.65,696.65,3,2,1,2,13,76.27,76.27,65.0,65.0,2,0,1,3,1,2,0.33,36.0,MEDIUM,FRICTION_PRONE_CUSTOMER
C003388,Derrick,Jackson,Pakistan,Standard,1,3977.01,3977.01,1,0,1,0,7,103.45,103.45,0.0,0.0,0,0,0,1,1,0,1.0,0.0,LOW,NORMAL_CUSTOMER
C003389,Maria,Potts,Saudi Arabia,Standard,3,10490.67,3496.89,4,1,3,1,23,61.51,77.52,23.33,70.0,1,0,1,4,3,1,0.75,23.0,LOW,FRICTION_PRONE_CUSTOMER
C003390,Daniel,Price,United Kingdom,Standard,3,8845.66,2948.55,6,3,3,3,29,76.27,83.83,43.33,100.0,3,1,0,6,3,3,0.5,59.0,HIGH,FRICTION_PRONE_CUSTOMER
C003391,Jennifer,Reed,United Arab Emirates,Standard,2,5798.65,2899.32,2,0,2,0,12,56.13,60.73,42.5,45.0,2,0,0,2,2,0,1.0,10.0,LOW,NORMAL_CUSTOMER
C003392,David,Figueroa,Other,Standard,2,4280.03,2140.02,3,1,2,1,17,73.14,91.63,15.0,30.0,0,0,0,3,2,1,0.67,8.0,LOW,NORMAL_CUSTOMER
C003393,Daniel,Faulkner,Other,Standard,1,3276.18,3276.18,1,0,1,0,6,54.4,54.4,40.0,40.0,1,0,0,1,1,0,1.0,5.0,LOW,NORMAL_CUSTOMER
C003395,James,Wheeler,Other,Standard,2,8732.76,4366.38,2,0,2,0,13,56.1,81.33,20.0,40.0,1,0,0,2,2,0,1.0,5.0,LOW,NORMAL_CUSTOMER
C003396,James,Atkinson,Other,Standard,2,7714.33,3857.16,2,0,2,0,13,61.81,76.67,20.0,40.0,1,0,0,2,2,0,1.0,5.0,LOW,NORMAL_CUSTOMER
C003397,Jose,Woods,United States,Standard,1,3334.3,3334.3,1,0,1,0,6,62.57,62.57,40.0,40.0,1,0,0,1,1,0,1.0,5.0,LOW,NORMAL_CUSTOMER
C003398,Alexandra,Anderson,United States,Premium,2,6295.42,3147.71,5,3,2,3,23,42.33,42.37,45.0,60.0,2,0,1,5,2,3,0.4,44.0,MEDIUM,FRICTION_PRONE_CUSTOMER
C003399,James,Smith,Saudi Arabia,Premium,4,14404.41,3601.1,4,0,4,0,26,67.19,81.23,20.0,40.0,2,0,0,4,4,0,1.0,10.0,LOW,LOYAL_LOW_FRICTION_CUSTOMER
C003402,Benjamin,Martinez,Saudi Arabia,Standard,3,9545.85,3181.95,4,1,3,1,23,71.67,86.97,25.0,45.0,1,0,0,4,3,1,0.75,13.0,LOW,LOYAL_LOW_FRICTION_CUSTOMER
C003403,Tyler,Gray,Other,Standard,2,2496.25,1248.12,2,0,2,0,13,64.39,94.2,22.5,45.0,1,0,0,2,2,0,1.0,5.0,LOW,NORMAL_CUSTOMER
C003404,Jared,Moss,United Arab Emirates,Standard,2,6732.0,3366.0,4,2,2,2,20,80.26,107.7,32.5,65.0,2,0,1,4,2,2,0.5,36.0,MEDIUM,FRICTION_PRONE_CUSTOMER
C003407,Aaron,Villegas,Other,Premium,4,8992.44,2248.11,7,3,4,3,36,73.6,102.9,33.75,60.0,3,0,1,7,4,3,0.57,49.0,MEDIUM,FRICTION_PRONE_CUSTOMER
C003408,Emily,Zimmerman,Other,Standard,3,7938.06,2646.02,4,1,3,1,23,64.75,79.95,23.33,40.0,1,0,0,4,3,1,0.75,13.0,LOW,LOYAL_LOW_FRICTION_CUSTOMER
C003409,Rebecca,Wright,Saudi Arabia,Standard,2,5462.94,2731.47,2,0,2,0,14,85.62,85.98,0.0,0.0,0,0,0,2,2,0,1.0,0.0,LOW,NORMAL_CUSTOMER
C003410,Mary,Franklin,Saudi Arabia,Premium,1,2399.02,2399.02,1,0,1,0,7,71.5,71.5,0.0,0.0,0,0,0,1,1,0,1.0,0.0,LOW,NORMAL_CUSTOMER
C003411,Elizabeth,Mann,United Arab Emirates,Standard,1,2336.41,2336.41,1,0,1,0,7,33.6,33.6,0.0,0.0,0,0,0,1,1,0,1.0,0.0,LOW,NORMAL_CUSTOMER
C003415,Jennifer,Shaw,United States,Standard,4,13695.31,3423.83,4,0,4,0,27,67.05,79.45,10.0,40.0,1,0,0,4,4,0,1.0,5.0,LOW,LOYAL_LOW_FRICTION_CUSTOMER
C003416,Craig,Hill,Pakistan,Standard,2,5693.5,2846.75,2,0,2,0,14,58.65,69.58,0.0,0.0,0,0,0,2,2,0,1.0,0.0,LOW,NORMAL_CUSTOMER
C003417,Jonathan,Patterson,United Arab Emirates,Standard,2,6036.18,3018.09,2,0,2,0,14,68.27,85.57,0.0,0.0,0,0,0,2,2,0,1.0,0.0,LOW,NORMAL_CUSTOMER
C003418,Jerry,David,United Kingdom,Standard,2,3139.88,1569.94,4,2,2,2,19,68.98,69.08,50.0,100.0,3,1,0,4,2,2,0.5,51.0,HIGH,FRICTION_PRONE_CUSTOMER
C003420,Kenneth,Cervantes,Saudi Arabia,Standard,2,4412.65,2206.32,2,0,2,0,13,77.22,91.17,20.0,40.0,1,0,0,2,2,0,1.0,5.0,LOW,NORMAL_CUSTOMER
C003421,Steven,Torres,United States,Standard,2,6032.44,3016.22,3,1,2,1,16,54.56,61.27,37.5,75.0,1,0,1,3,2,1,0.67,23.0,LOW,FRICTION_PRONE_CUSTOMER
C003422,Cory,Hodge,Pakistan,Standard,2,3864.26,1932.13,2,0,2,0,14,66.03,92.47,0.0,0.0,0,0,0,2,2,0,1.0,0.0,LOW,NORMAL_CUSTOMER
C003424,Benjamin,Russell,Saudi Arabia,Standard,2,7015.49,3507.74,2,0,2,0,13,67.19,72.85,20.0,40.0,1,0,0,2,2,0,1.0,5.0,LOW,NORMAL_CUSTOMER
C003426,Laurie,Davis,Pakistan,Standard,1,4759.29,4759.29,1,0,1,0,6,56.63,56.63,45.0,45.0,1,0,0,1,1,0,1.0,5.0,LOW,NORMAL_CUSTOMER
C003427,Larry,Miller,Pakistan,Standard,7,14124.79,2017.83,10,3,7,3,56,59.56,84.4,25.0,100.0,4,1,0,10,7,3,0.7,64.0,HIGH,FRICTION_PRONE_CUSTOMER
C003428,Joanna,Blair,Pakistan,Standard,2,4563.95,2281.98,3,1,2,1,17,69.18,96.87,15.0,30.0,0,0,0,3,2,1,0.67,8.0,LOW,NORMAL_CUSTOMER
C003429,Cody,Duffy,Other,Standard,1,3041.67,3041.67,2,1,1,1,10,93.07,93.07,30.0,30.0,0,0,0,2,1,1,0.5,8.0,LOW,NORMAL_CUSTOMER
C003431,Brandon,Brown,Pakistan,Premium,3,4022.57,1340.86,3,0,3,0,19,43.69,47.23,26.67,40.0,2,0,0,3,3,0,1.0,10.0,LOW,LOYAL_LOW_FRICTION_CUSTOMER
C003432,Melissa,Paul,Other,Standard,2,9509.95,4754.98,3,1,2,1,17,74.72,90.5,15.0,30.0,0,0,0,3,2,1,0.67,8.0,LOW,NORMAL_CUSTOMER
C003433,Elizabeth,Spencer,United States,Premium,3,7824.35,2608.12,3,0,3,0,20,52.32,63.25,13.33,40.0,1,0,0,3,3,0,1.0,5.0,LOW,LOYAL_LOW_FRICTION_CUSTOMER
C003436,Samuel,Hayden,United Arab Emirates,Standard,3,6569.24,2189.75,4,1,3,1,22,69.37,101.35,38.33,40.0,2,0,0,4,3,1,0.75,18.0,LOW,NORMAL_CUSTOMER
C003437,Christy,Coleman,Saudi Arabia,Standard,1,3321.37,3321.37,2,1,1,1,9,65.52,65.52,80.0,80.0,1,1,0,2,1,1,0.5,33.0,MEDIUM,NORMAL_CUSTOMER
C003439,Christopher,Cross,Other,Standard,3,10312.89,3437.63,6,3,3,3,29,64.23,87.62,43.33,100.0,3,1,0,6,3,3,0.5,59.0,HIGH,FRICTION_PRONE_CUSTOMER
C003440,Lisa,Castillo,Other,Standard,1,4737.81,4737.81,1,0,1,0,7,95.9,95.9,0.0,0.0,0,0,0,1,1,0,1.0,0.0,LOW,NORMAL_CUSTOMER
C003441,Ian,Robertson,United Arab Emirates,Standard,4,10725.51,2681.38,6,2,4,2,33,68.34,81.42,25.0,40.0,1,0,0,6,4,2,0.67,21.0,LOW,FRICTION_PRONE_CUSTOMER
C003443,Suzanne,Barron,Saudi Arabia,Premium,1,3911.82,3911.82,1,0,1,0,6,43.52,43.52,40.0,40.0,1,0,0,1,1,0,1.0,5.0,LOW,NORMAL_CUSTOMER
C003444,Joseph,Wolfe,Other,Standard,1,901.5,901.5,1,0,1,0,7,96.5,96.5,0.0,0.0,0,0,0,1,1,0,1.0,0.0,LOW,NORMAL_CUSTOMER
C003445,Paul,Sullivan,Other,Standard,2,8276.76,4138.38,2,0,2,0,14,79.16,79.72,0.0,0.0,0,0,0,2,2,0,1.0,0.0,LOW,NORMAL_CUSTOMER
C003446,Melissa,Jensen,Pakistan,Premium,2,5654.48,2827.24,2,0,2,0,12,60.56,75.85,42.5,45.0,2,0,0,2,2,0,1.0,10.0,LOW,NORMAL_CUSTOMER
C003447,Lauren,Bartlett,United States,Standard,3,8226.03,2742.01,3,0,3,0,20,65.87,77.6,15.0,45.0,1,0,0,3,3,0,1.0,5.0,LOW,LOYAL_LOW_FRICTION_CUSTOMER
C003448,Deborah,Reese,United Kingdom,Premium,1,4555.7,4555.7,1,0,1,0,6,45.17,45.17,40.0,40.0,1,0,0,1,1,0,1.0,5.0,LOW,NORMAL_CUSTOMER
C003449,Laura,Klein,Pakistan,Standard,1,2318.03,2318.03,3,2,1,2,12,95.42,95.42,100.0,100.0,3,1,0,3,1,2,0.33,51.0,HIGH,FRICTION_PRONE_CUSTOMER
C003450,Daniel,Park,Saudi Arabia,Standard,2,5945.42,2972.71,2,0,2,0,13,51.18,60.2,22.5,45.0,1,0,0,2,2,0,1.0,5.0,LOW,NORMAL_CUSTOMER
C003451,Heather,Brady,United Arab Emirates,Standard,1,4853.97,4853.97,1,0,1,0,7,36.47,36.47,0.0,0.0,0,0,0,1,1,0,1.0,0.0,LOW,NORMAL_CUSTOMER
C003452,Brian,Sanchez,United Kingdom,Standard,2,4548.75,2274.38,3,1,2,1,17,85.04,86.92,15.0,30.0,0,0,0,3,2,1,0.67,8.0,LOW,NORMAL_CUSTOMER
C003453,Sherri,Stevenson,United Kingdom,Standard,1,2660.86,2660.86,2,1,1,1,10,86.97,86.97,30.0,30.0,0,0,0,2,1,1,0.5,8.0,LOW,NORMAL_CUSTOMER
C003454,Erik,Tapia,United Arab Emirates,Standard,3,10548.11,3516.04,5,2,3,2,27,73.68,92.32,20.0,30.0,0,0,0,5,3,2,0.6,16.0,LOW,FRICTION_PRONE_CUSTOMER
C003455,Robert,Morrow,Other,Standard,3,11200.88,3733.63,4,1,3,1,23,79.97,96.85,25.0,40.0,1,0,0,4,3,1,0.75,13.0,LOW,LOYAL_LOW_FRICTION_CUSTOMER
C003457,Leah,Rice,Pakistan,Standard,2,8671.52,4335.76,2,0,2,0,14,69.74,71.75,0.0,0.0,0,0,0,2,2,0,1.0,0.0,LOW,NORMAL_CUSTOMER
C003458,Erika,Lynch,United Kingdom,Standard,2,4855.01,2427.5,3,1,2,1,17,64.16,84.7,15.0,30.0,0,0,0,3,2,1,0.67,8.0,LOW,NORMAL_CUSTOMER
C003460,Noah,Oconnell,Pakistan,Standard,1,1711.93,1711.93,1,0,1,0,7,60.75,60.75,0.0,0.0,0,0,0,1,1,0,1.0,0.0,LOW,NORMAL_CUSTOMER
C003461,Michael,Craig,Saudi Arabia,Premium,3,11043.72,3681.24,3,0,3,0,19,59.61,85.47,28.33,45.0,2,0,0,3,3,0,1.0,10.0,LOW,LOYAL_LOW_FRICTION_CUSTOMER
C003462,Anthony,Macias,Saudi Arabia,Standard,2,3991.72,1995.86,3,1,2,1,15,37.1,46.8,55.0,70.0,2,0,1,3,2,1,0.67,28.0,MEDIUM,FRICTION_PRONE_CUSTOMER
C003463,Gabrielle,Mills,Pakistan,Premium,3,13565.87,4521.96,3,0,3,0,20,45.95,65.47,13.33,40.0,1,0,0,3,3,0,1.0,5.0,LOW,LOYAL_LOW_FRICTION_CUSTOMER
C003466,David,Franco,United Kingdom,Standard,1,3666.29,3666.29,2,1,1,1,10,90.43,90.43,30.0,30.0,0,0,0,2,1,1,0.5,8.0,LOW,NORMAL_CUSTOMER
C003467,Samantha,Palmer,United Arab Emirates,Standard,1,2869.33,2869.33,1,0,1,0,6,51.48,51.48,40.0,40.0,1,0,0,1,1,0,1.0,5.0,LOW,NORMAL_CUSTOMER
C003469,Robert,Henderson,United States,Standard,1,2714.37,2714.37,2,1,1,1,10,82.48,82.48,35.0,35.0,0,0,0,2,1,1,0.5,8.0,LOW,NORMAL_CUSTOMER
C003472,Leon,Wilson,United States,Standard,4,9583.43,2395.86,5,1,4,1,31,69.08,93.97,8.75,35.0,0,0,0,5,4,1,0.8,8.0,LOW,LOYAL_LOW_FRICTION_CUSTOMER
C003473,Janet,Sloan,Pakistan,Standard,4,8285.33,2071.33,4,0,4,0,27,73.28,91.78,10.0,40.0,1,0,0,4,4,0,1.0,5.0,LOW,LOYAL_LOW_FRICTION_CUSTOMER
C003475,Katrina,Ryan,United States,VIP,2,3480.86,1740.43,2,0,2,0,14,70.04,83.57,0.0,0.0,0,0,0,2,2,0,1.0,0.0,LOW,NORMAL_CUSTOMER
C003476,Barbara,Miranda,United States,Standard,1,1576.4,1576.4,1,0,1,0,7,54.17,54.17,0.0,0.0,0,0,0,1,1,0,1.0,0.0,LOW,NORMAL_CUSTOMER
C003477,Annette,Wilson,Other,Standard,1,3933.25,3933.25,3,2,1,2,13,94.35,94.35,65.0,65.0,2,0,1,3,1,2,0.33,36.0,MEDIUM,FRICTION_PRONE_CUSTOMER
C003478,Tiffany,Evans,Pakistan,Standard,1,2728.41,2728.41,2,1,1,1,10,80.72,80.72,30.0,30.0,0,0,0,2,1,1,0.5,8.0,LOW,NORMAL_CUSTOMER
C003479,Elizabeth,Carter,United Arab Emirates,Standard,1,3604.76,3604.76,1,0,1,0,7,71.77,71.77,0.0,0.0,0,0,0,1,1,0,1.0,0.0,LOW,NORMAL_CUSTOMER
C003480,Matthew,Lewis,United Arab Emirates,Standard,2,8655.38,4327.69,3,1,2,1,17,51.97,53.3,15.0,30.0,0,0,0,3,2,1,0.67,8.0,LOW,NORMAL_CUSTOMER
C003481,Alexandra,Rojas,Saudi Arabia,Standard,1,1660.14,1660.14,3,2,1,2,13,102.98,102.98,65.0,65.0,2,0,1,3,1,2,0.33,36.0,MEDIUM,FRICTION_PRONE_CUSTOMER
C003482,Jackie,Carroll,Pakistan,Premium,1,1216.04,1216.04,1,0,1,0,7,57.25,57.25,0.0,0.0,0,0,0,1,1,0,1.0,0.0,LOW,NORMAL_CUSTOMER
C003484,Dorothy,Torres,Other,Standard,4,11182.52,2795.63,4,0,4,0,26,66.5,79.92,21.25,45.0,2,0,0,4,4,0,1.0,10.0,LOW,LOYAL_LOW_FRICTION_CUSTOMER
C003485,John,Fitzpatrick,Pakistan,Standard,2,5322.92,2661.46,4,2,2,2,19,64.14,94.4,52.5,65.0,3,0,1,4,2,2,0.5,41.0,MEDIUM,FRICTION_PRONE_CUSTOMER
C003486,Michael,Day,Pakistan,Standard,1,1788.53,1788.53,1,0,1,0,7,38.72,38.72,0.0,0.0,0,0,0,1,1,0,1.0,0.0,LOW,NORMAL_CUSTOMER
C003487,Erica,Petersen,United Arab Emirates,Standard,3,6589.37,2196.46,3,0,3,0,19,55.78,92.58,26.67,40.0,2,0,0,3,3,0,1.0,10.0,LOW,LOYAL_LOW_FRICTION_CUSTOMER
C003489,Mary,Ford,Saudi Arabia,Standard,1,1303.8,1303.8,3,2,1,2,13,82.58,82.58,65.0,65.0,2,0,1,3,1,2,0.33,36.0,MEDIUM,FRICTION_PRONE_CUSTOMER
C003490,Angela,Williamson,United Arab Emirates,Standard,2,1905.14,952.57,2,0,2,0,14,87.22,88.2,0.0,0.0,0,0,0,2,2,0,1.0,0.0,LOW,NORMAL_CUSTOMER
C003491,Vanessa,Freeman,Saudi Arabia,Standard,3,3992.35,1330.78,4,1,3,1,22,78.78,93.5,40.0,75.0,2,0,1,4,3,1,0.75,28.0,MEDIUM,FRICTION_PRONE_CUSTOMER
C003492,Brian,Kelly,Pakistan,VIP,3,6697.37,2232.46,5,2,3,2,26,67.09,88.85,36.67,75.0,1,0,1,5,3,2,0.6,31.0,MEDIUM,FRICTION_PRONE_CUSTOMER
C003493,Dawn,Gilbert,Other,Standard,1,4314.02,4314.02,1,0,1,0,7,68.62,68.62,0.0,0.0,0,0,0,1,1,0,1.0,0.0,LOW,NORMAL_CUSTOMER
C003494,Eric,Murphy,Other,Standard,1,1660.19,1660.19,1,0,1,0,6,72.35,72.35,40.0,40.0,1,0,0,1,1,0,1.0,5.0,LOW,NORMAL_CUSTOMER
C003495,Melinda,Gomez,United Kingdom,Standard,2,6602.97,3301.48,2,0,2,0,14,48.82,55.77,0.0,0.0,0,0,0,2,2,0,1.0,0.0,LOW,NORMAL_CUSTOMER
C003496,Melissa,Smith,Saudi Arabia,Standard,1,1767.57,1767.57,1,0,1,0,7,48.27,48.27,0.0,0.0,0,0,0,1,1,0,1.0,0.0,LOW,NORMAL_CUSTOMER
C003497,Molly,Zamora,Other,Premium,2,3905.03,1952.52,2,0,2,0,14,65.74,85.93,0.0,0.0,0,0,0,2,2,0,1.0,0.0,LOW,NORMAL_CUSTOMER
C003498,Charles,Lopez,Other,Premium,2,4909.69,2454.85,3,1,2,1,15,51.62,60.77,57.5,75.0,2,0,1,3,2,1,0.67,28.0,MEDIUM,FRICTION_PRONE_CUSTOMER
C003499,Travis,Gomez,Saudi Arabia,Standard,3,10455.03,3485.01,4,1,3,1,21,70.96,96.77,53.33,75.0,3,0,1,4,3,1,0.75,33.0,MEDIUM,FRICTION_PRONE_CUSTOMER
C003500,John,Garcia,United Kingdom,Standard,1,4610.17,4610.17,1,0,1,0,6,73.87,73.87,40.0,40.0,1,0,0,1,1,0,1.0,5.0,LOW,NORMAL_CUSTOMER
C003501,Tara,Vasquez,Saudi Arabia,Standard,3,6720.07,2240.02,3,0,3,0,20,63.7,88.57,15.0,45.0,1,0,0,3,3,0,1.0,5.0,LOW,LOYAL_LOW_FRICTION_CUSTOMER
C003503,Jeffrey,Robertson,Other,Standard,2,2355.26,1177.63,3,1,2,1,16,87.44,96.08,37.5,75.0,1,0,1,3,2,1,0.67,23.0,LOW,FRICTION_PRONE_CUSTOMER
C003504,Dawn,Hernandez,Saudi Arabia,Premium,3,6969.8,2323.27,4,1,3,1,24,60.32,65.35,10.0,30.0,0,0,0,4,3,1,0.75,8.0,LOW,LOYAL_LOW_FRICTION_CUSTOMER
C003505,Richard,Martinez,Other,Standard,2,3197.3,1598.65,4,2,2,2,20,64.1,71.73,35.0,35.0,0,0,0,4,2,2,0.5,16.0,LOW,FRICTION_PRONE_CUSTOMER
C003506,Jimmy,Freeman,Pakistan,Standard,1,4662.16,4662.16,1,0,1,0,7,37.58,37.58,0.0,0.0,0,0,0,1,1,0,1.0,0.0,LOW,NORMAL_CUSTOMER
C003507,Stephen,Moore,Other,Premium,2,4561.43,2280.72,2,0,2,0,14,60.84,65.72,0.0,0.0,0,0,0,2,2,0,1.0,0.0,LOW,NORMAL_CUSTOMER
C003508,Laurie,Douglas,United Arab Emirates,VIP,1,1070.16,1070.16,1,0,1,0,7,54.53,54.53,0.0,0.0,0,0,0,1,1,0,1.0,0.0,LOW,NORMAL_CUSTOMER
C003509,Shane,Perez,United States,Standard,1,1610.17,1610.17,1,0,1,0,7,104.52,104.52,0.0,0.0,0,0,0,1,1,0,1.0,0.0,LOW,NORMAL_CUSTOMER
C003511,Sergio,Evans,United Arab Emirates,Premium,3,9496.45,3165.48,4,1,3,1,23,67.82,87.8,25.0,45.0,1,0,0,4,3,1,0.75,13.0,LOW,LOYAL_LOW_FRICTION_CUSTOMER
C003512,David,Patterson,Saudi Arabia,Premium,3,9679.39,3226.46,6,3,3,3,30,65.13,80.08,33.33,65.0,2,0,1,6,3,3,0.5,44.0,MEDIUM,FRICTION_PRONE_CUSTOMER
C003513,Tyler,White,Other,VIP,3,9643.85,3214.62,5,2,3,2,27,87.77,110.18,21.67,65.0,2,0,1,5,3,2,0.6,36.0,MEDIUM,FRICTION_PRONE_CUSTOMER
C003514,Denise,Cain,United States,Standard,2,1943.0,971.5,3,1,2,1,16,73.68,93.95,35.0,70.0,1,0,1,3,2,1,0.67,23.0,LOW,FRICTION_PRONE_CUSTOMER
C003515,Curtis,Rodriguez,Other,Standard,2,2110.32,1055.16,2,0,2,0,14,59.91,79.25,0.0,0.0,0,0,0,2,2,0,1.0,0.0,LOW,NORMAL_CUSTOMER
C003516,Robert,Gonzales,Other,Premium,4,12819.27,3204.82,5,1,4,1,30,79.69,96.27,17.5,40.0,1,0,0,5,4,1,0.8,13.0,LOW,LOYAL_LOW_FRICTION_CUSTOMER
C003517,Angela,Franco,Saudi Arabia,Standard,4,11059.64,2764.91,8,4,4,4,40,62.71,80.57,31.25,60.0,2,0,1,8,4,4,0.5,52.0,HIGH,FRICTION_PRONE_CUSTOMER
C003518,Aaron,Martin,United Arab Emirates,Standard,1,4566.8,4566.8,1,0,1,0,7,93.6,93.6,0.0,0.0,0,0,0,1,1,0,1.0,0.0,LOW,NORMAL_CUSTOMER
C003519,Christopher,Gomez,Saudi Arabia,Standard,1,934.93,934.93,2,1,1,1,10,74.93,74.93,35.0,35.0,0,0,0,2,1,1,0.5,8.0,LOW,NORMAL_CUSTOMER
C003522,Kevin,Harrell,United Arab Emirates,Standard,2,6634.58,3317.29,3,1,2,1,17,72.53,105.78,17.5,35.0,0,0,0,3,2,1,0.67,8.0,LOW,NORMAL_CUSTOMER
C003523,William,Gonzalez,Saudi Arabia,Standard,1,2672.76,2672.76,3,2,1,2,12,108.87,108.87,100.0,100.0,3,1,0,3,1,2,0.33,51.0,HIGH,FRICTION_PRONE_CUSTOMER
C003524,Jamie,Lopez,Saudi Arabia,Standard,1,2077.3,2077.3,1,0,1,0,7,73.67,73.67,0.0,0.0,0,0,0,1,1,0,1.0,0.0,LOW,NORMAL_CUSTOMER
C003526,Stephanie,Foster,Saudi Arabia,Standard,1,4529.59,4529.59,1,0,1,0,7,67.35,67.35,0.0,0.0,0,0,0,1,1,0,1.0,0.0,LOW,NORMAL_CUSTOMER
C003527,Michael,Manning,Other,Standard,1,519.24,519.24,2,1,1,1,10,62.23,62.23,30.0,30.0,0,0,0,2,1,1,0.5,8.0,LOW,NORMAL_CUSTOMER
C003531,Ann,Mendoza,Saudi Arabia,Standard,3,6281.67,2093.89,6,3,3,3,27,51.59,63.27,71.67,100.0,5,1,1,6,3,3,0.5,79.0,CRITICAL,HIGH_RISK_CUSTOMER
C003532,Christine,Ortega,United States,VIP,2,8816.47,4408.23,4,2,2,2,20,77.05,88.58,32.5,65.0,2,0,1,4,2,2,0.5,36.0,MEDIUM,FRICTION_PRONE_CUSTOMER
C003534,Diane,Fisher,Saudi Arabia,Standard,2,6060.34,3030.17,4,2,2,2,19,70.87,75.17,50.0,100.0,3,1,0,4,2,2,0.5,51.0,HIGH,FRICTION_PRONE_CUSTOMER
C003535,Jennifer,Pierce,Saudi Arabia,Standard,1,3850.28,3850.28,1,0,1,0,7,46.38,46.38,0.0,0.0,0,0,0,1,1,0,1.0,0.0,LOW,NORMAL_CUSTOMER
C003536,Daniel,Marsh,Saudi Arabia,Standard,1,1852.03,1852.03,1,0,1,0,7,49.35,49.35,0.0,0.0,0,0,0,1,1,0,1.0,0.0,LOW,NORMAL_CUSTOMER
C003537,Katherine,Klein,Saudi Arabia,Standard,2,6042.46,3021.23,2,0,2,0,14,56.82,73.35,0.0,0.0,0,0,0,2,2,0,1.0,0.0,LOW,NORMAL_CUSTOMER
C003538,Jeffrey,Nguyen,United Arab Emirates,Standard,1,3234.37,3234.37,1,0,1,0,7,56.35,56.35,0.0,0.0,0,0,0,1,1,0,1.0,0.0,LOW,NORMAL_CUSTOMER
C003539,Matthew,Duran,United Kingdom,Premium,1,2344.68,2344.68,2,1,1,1,10,79.25,79.25,35.0,35.0,0,0,0,2,1,1,0.5,8.0,LOW,NORMAL_CUSTOMER
C003540,Maria,Macias,Saudi Arabia,Standard,2,6886.05,3443.02,2,0,2,0,14,33.34,35.25,0.0,0.0,0,0,0,2,2,0,1.0,0.0,LOW,NORMAL_CUSTOMER
C003544,Jacqueline,Price,United Arab Emirates,Standard,1,840.66,840.66,1,0,1,0,7,54.65,54.65,0.0,0.0,0,0,0,1,1,0,1.0,0.0,LOW,NORMAL_CUSTOMER
C003546,Frank,Rodriguez,Saudi Arabia,Standard,2,2521.35,1260.68,2,0,2,0,14,52.93,59.48,0.0,0.0,0,0,0,2,2,0,1.0,0.0,LOW,NORMAL_CUSTOMER
C003547,Donald,Smith,Saudi Arabia,Premium,2,4990.08,2495.04,2,0,2,0,14,67.52,68.38,0.0,0.0,0,0,0,2,2,0,1.0,0.0,LOW,NORMAL_CUSTOMER
C003548,Jennifer,Moore,United Arab Emirates,Standard,1,1029.66,1029.66,1,0,1,0,7,50.33,50.33,0.0,0.0,0,0,0,1,1,0,1.0,0.0,LOW,NORMAL_CUSTOMER
C003549,Jennifer,Porter,United Arab Emirates,Standard,2,6785.74,3392.87,3,1,2,1,16,85.44,99.17,40.0,80.0,1,1,0,3,2,1,0.67,33.0,MEDIUM,NORMAL_CUSTOMER
C003550,Daniel,Saunders,Pakistan,Standard,2,4136.2,2068.1,4,2,2,2,20,73.82,91.37,32.5,65.0,2,0,1,4,2,2,0.5,36.0,MEDIUM,FRICTION_PRONE_CUSTOMER
C003552,Jacob,Gregory,Saudi Arabia,Standard,2,4615.77,2307.89,2,0,2,0,13,49.11,54.27,22.5,45.0,1,0,0,2,2,0,1.0,5.0,LOW,NORMAL_CUSTOMER
C003553,Sarah,Peterson,Pakistan,Standard,2,5758.41,2879.2,2,0,2,0,14,54.26,57.6,0.0,0.0,0,0,0,2,2,0,1.0,0.0,LOW,NORMAL_CUSTOMER
C003554,Philip,Bray,Pakistan,Premium,4,9900.38,2475.09,6,2,4,2,34,68.22,117.9,16.25,65.0,2,0,1,6,4,2,0.67,36.0,MEDIUM,FRICTION_PRONE_CUSTOMER
C003555,Stephen,Mclaughlin,Saudi Arabia,Standard,2,5818.52,2909.26,3,1,2,1,16,64.24,92.03,37.5,40.0,1,0,0,3,2,1,0.67,13.0,LOW,NORMAL_CUSTOMER
C003556,Kimberly,Hamilton,Pakistan,Premium,1,1545.32,1545.32,1,0,1,0,7,77.82,77.82,0.0,0.0,0,0,0,1,1,0,1.0,0.0,LOW,NORMAL_CUSTOMER
C003557,Jennifer,Roberts,Saudi Arabia,Standard,3,10944.47,3648.16,4,1,3,1,23,78.1,90.4,23.33,40.0,1,0,0,4,3,1,0.75,13.0,LOW,LOYAL_LOW_FRICTION_CUSTOMER
C003558,Daniel,Tucker,United Arab Emirates,Standard,3,9784.78,3261.59,6,3,3,3,30,104.97,116.72,31.67,65.0,2,0,1,6,3,3,0.5,44.0,MEDIUM,FRICTION_PRONE_CUSTOMER
C003559,Robert,Hodges,Saudi Arabia,VIP,2,3574.23,1787.12,2,0,2,0,14,68.0,92.52,0.0,0.0,0,0,0,2,2,0,1.0,0.0,LOW,NORMAL_CUSTOMER
C003560,Sara,Wright,United Arab Emirates,Standard,1,816.49,816.49,1,0,1,0,7,96.75,96.75,0.0,0.0,0,0,0,1,1,0,1.0,0.0,LOW,NORMAL_CUSTOMER
C003561,Mary,Hernandez,United Arab Emirates,Standard,2,3606.98,1803.49,2,0,2,0,12,64.35,86.9,42.5,45.0,2,0,0,2,2,0,1.0,10.0,LOW,NORMAL_CUSTOMER
C003562,Brianna,Dixon,United States,Premium,3,9669.34,3223.11,3,0,3,0,21,64.05,75.75,0.0,0.0,0,0,0,3,3,0,1.0,0.0,LOW,LOYAL_LOW_FRICTION_CUSTOMER
C003563,Kelsey,Wright,Saudi Arabia,Standard,2,3764.25,1882.12,4,2,2,2,19,63.03,77.17,47.5,95.0,3,1,0,4,2,2,0.5,51.0,HIGH,FRICTION_PRONE_CUSTOMER
C003564,Shannon,Wang,United Arab Emirates,Standard,2,3363.51,1681.76,2,0,2,0,14,72.44,78.57,0.0,0.0,0,0,0,2,2,0,1.0,0.0,LOW,NORMAL_CUSTOMER
C003565,Dominique,Lin,United Arab Emirates,Standard,1,1134.66,1134.66,1,0,1,0,7,81.67,81.67,0.0,0.0,0,0,0,1,1,0,1.0,0.0,LOW,NORMAL_CUSTOMER
C003566,Stephanie,Gamble,United Kingdom,Standard,4,13489.5,3372.38,5,1,4,1,30,69.55,83.52,17.5,40.0,1,0,0,5,4,1,0.8,13.0,LOW,LOYAL_LOW_FRICTION_CUSTOMER
C003567,Dennis,Wright,Pakistan,Standard,2,3195.74,1597.87,4,2,2,2,20,69.14,88.65,32.5,65.0,2,0,1,4,2,2,0.5,36.0,MEDIUM,FRICTION_PRONE_CUSTOMER
C003568,Victor,Hoover,United Kingdom,Standard,2,5676.92,2838.46,4,2,2,2,19,58.96,82.58,52.5,65.0,3,0,1,4,2,2,0.5,41.0,MEDIUM,FRICTION_PRONE_CUSTOMER
C003569,Alyssa,Gonzalez,United States,Standard,2,6171.93,3085.96,2,0,2,0,13,52.62,57.48,22.5,45.0,1,0,0,2,2,0,1.0,5.0,LOW,NORMAL_CUSTOMER
C003570,Brandon,Mccarthy,Other,Premium,3,4761.48,1587.16,3,0,3,0,21,69.43,84.38,0.0,0.0,0,0,0,3,3,0,1.0,0.0,LOW,LOYAL_LOW_FRICTION_CUSTOMER
C003572,Mary,Haynes,Pakistan,Standard,1,3963.23,3963.23,1,0,1,0,7,81.32,81.32,0.0,0.0,0,0,0,1,1,0,1.0,0.0,LOW,NORMAL_CUSTOMER
C003573,Timothy,Shaw,United States,Standard,1,4916.99,4916.99,2,1,1,1,10,91.97,91.97,35.0,35.0,0,0,0,2,1,1,0.5,8.0,LOW,NORMAL_CUSTOMER
C003576,Gregory,Garza,United Arab Emirates,Premium,5,12466.5,2493.3,8,3,5,3,43,56.93,86.77,28.0,65.0,3,0,1,8,5,3,0.62,49.0,MEDIUM,FRICTION_PRONE_CUSTOMER
C003577,Beth,Walters,Saudi Arabia,Premium,2,1851.68,925.84,3,1,2,1,16,67.36,82.58,40.0,80.0,1,1,0,3,2,1,0.67,33.0,MEDIUM,NORMAL_CUSTOMER
C003578,Jessica,Perez,United Arab Emirates,Standard,3,4572.96,1524.32,3,0,3,0,20,57.34,80.23,15.0,45.0,1,0,0,3,3,0,1.0,5.0,LOW,LOYAL_LOW_FRICTION_CUSTOMER
C003580,Paul,Johnson,United Arab Emirates,Standard,1,2589.5,2589.5,1,0,1,0,7,95.45,95.45,0.0,0.0,0,0,0,1,1,0,1.0,0.0,LOW,NORMAL_CUSTOMER
C003581,Caroline,Mooney,United Arab Emirates,Standard,3,6496.08,2165.36,3,0,3,0,20,55.88,63.22,13.33,40.0,1,0,0,3,3,0,1.0,5.0,LOW,LOYAL_LOW_FRICTION_CUSTOMER
C003582,Nicole,Hickman,United States,Standard,1,775.94,775.94,1,0,1,0,7,91.37,91.37,0.0,0.0,0,0,0,1,1,0,1.0,0.0,LOW,NORMAL_CUSTOMER
C003583,William,Simmons,United Arab Emirates,Standard,2,6029.43,3014.72,2,0,2,0,13,82.59,89.28,20.0,40.0,1,0,0,2,2,0,1.0,5.0,LOW,NORMAL_CUSTOMER
C003584,Patrick,Jensen,Other,Standard,1,1995.53,1995.53,1,0,1,0,7,47.17,47.17,0.0,0.0,0,0,0,1,1,0,1.0,0.0,LOW,NORMAL_CUSTOMER
C003585,Tiffany,Davis,United Arab Emirates,Premium,1,3723.62,3723.62,3,2,1,2,13,109.9,109.9,65.0,65.0,2,0,1,3,1,2,0.33,36.0,MEDIUM,FRICTION_PRONE_CUSTOMER
C003586,Ruth,Williams,United Arab Emirates,Standard,1,4718.48,4718.48,2,1,1,1,9,67.98,67.98,70.0,70.0,1,0,1,2,1,1,0.5,23.0,LOW,FRICTION_PRONE_CUSTOMER
C003587,Kathryn,Russell,United Arab Emirates,Standard,1,1144.19,1144.19,2,1,1,1,10,89.85,89.85,30.0,30.0,0,0,0,2,1,1,0.5,8.0,LOW,NORMAL_CUSTOMER
C003588,Joshua,Torres,United States,Standard,3,9589.84,3196.61,5,2,3,2,27,53.86,77.27,21.67,65.0,2,0,1,5,3,2,0.6,36.0,MEDIUM,FRICTION_PRONE_CUSTOMER
C003589,Tamara,Schultz,Saudi Arabia,Standard,3,11988.03,3996.01,3,0,3,0,19,58.4,75.5,26.67,40.0,2,0,0,3,3,0,1.0,10.0,LOW,LOYAL_LOW_FRICTION_CUSTOMER
C003590,Tara,Hall,Saudi Arabia,Standard,1,3505.6,3505.6,1,0,1,0,7,54.83,54.83,0.0,0.0,0,0,0,1,1,0,1.0,0.0,LOW,NORMAL_CUSTOMER
C003591,Shawn,Rogers,Other,Standard,1,1320.84,1320.84,2,1,1,1,9,57.58,57.58,70.0,70.0,1,0,1,2,1,1,0.5,23.0,LOW,FRICTION_PRONE_CUSTOMER
C003592,Dennis,Mendoza,Saudi Arabia,Standard,2,8480.81,4240.4,3,1,2,1,17,59.14,61.32,15.0,30.0,0,0,0,3,2,1,0.67,8.0,LOW,NORMAL_CUSTOMER
C003594,Holly,Schneider,Pakistan,Standard,1,4502.0,4502.0,1,0,1,0,7,89.57,89.57,0.0,0.0,0,0,0,1,1,0,1.0,0.0,LOW,NORMAL_CUSTOMER
C003595,Kaitlyn,Torres,United Arab Emirates,Standard,1,4975.83,4975.83,1,0,1,0,7,78.52,78.52,0.0,0.0,0,0,0,1,1,0,1.0,0.0,LOW,NORMAL_CUSTOMER
C003596,Kent,Adams,Pakistan,Standard,1,1299.65,1299.65,2,1,1,1,9,55.85,55.85,70.0,70.0,1,0,1,2,1,1,0.5,23.0,LOW,FRICTION_PRONE_CUSTOMER
C003597,Jacqueline,Ramirez,Saudi Arabia,Standard,2,2874.67,1437.34,3,1,2,1,16,66.76,72.57,35.0,40.0,1,0,0,3,2,1,0.67,13.0,LOW,NORMAL_CUSTOMER
C003598,Michelle,Bell,Pakistan,Standard,2,5102.7,2551.35,2,0,2,0,13,41.52,44.65,20.0,40.0,1,0,0,2,2,0,1.0,5.0,LOW,NORMAL_CUSTOMER
C003599,Jennifer,Barnes,United Arab Emirates,Premium,3,12721.08,4240.36,3,0,3,0,20,43.35,52.92,15.0,45.0,1,0,0,3,3,0,1.0,5.0,LOW,LOYAL_LOW_FRICTION_CUSTOMER
C003600,Selena,Flores,United Kingdom,Standard,1,3323.45,3323.45,1,0,1,0,7,70.35,70.35,0.0,0.0,0,0,0,1,1,0,1.0,0.0,LOW,NORMAL_CUSTOMER
C003601,Cynthia,Williams,Saudi Arabia,Premium,1,3498.06,3498.06,1,0,1,0,7,66.28,66.28,0.0,0.0,0,0,0,1,1,0,1.0,0.0,LOW,NORMAL_CUSTOMER
C003603,Claudia,Williams,Saudi Arabia,Premium,2,5273.25,2636.62,2,0,2,0,13,60.63,62.68,22.5,45.0,1,0,0,2,2,0,1.0,5.0,LOW,NORMAL_CUSTOMER
C003604,Kelly,Garner,Saudi Arabia,Premium,3,6415.42,2138.47,4,1,3,1,24,78.27,92.77,10.0,30.0,0,0,0,4,3,1,0.75,8.0,LOW,LOYAL_LOW_FRICTION_CUSTOMER
C003605,Michael,Lewis,Saudi Arabia,Premium,3,5765.97,1921.99,3,0,3,0,21,76.89,99.35,0.0,0.0,0,0,0,3,3,0,1.0,0.0,LOW,LOYAL_LOW_FRICTION_CUSTOMER
C003606,Emily,Kennedy,Saudi Arabia,Standard,2,5551.98,2775.99,3,1,2,1,17,83.48,87.2,15.0,30.0,0,0,0,3,2,1,0.67,8.0,LOW,NORMAL_CUSTOMER
C003607,Tina,Kerr,United States,Standard,2,2825.43,1412.72,3,1,2,1,17,86.76,87.42,15.0,30.0,0,0,0,3,2,1,0.67,8.0,LOW,NORMAL_CUSTOMER
C003608,Debra,Garcia,Saudi Arabia,Standard,2,2519.71,1259.86,2,0,2,0,12,53.32,77.68,40.0,40.0,2,0,0,2,2,0,1.0,10.0,LOW,NORMAL_CUSTOMER
C003610,William,Vaughan,Other,Standard,3,8691.96,2897.32,5,2,3,2,26,70.6,93.35,35.0,75.0,1,0,1,5,3,2,0.6,31.0,MEDIUM,FRICTION_PRONE_CUSTOMER
C003611,Heather,Cox,Pakistan,Standard,3,10284.36,3428.12,4,1,3,1,24,56.45,88.18,10.0,30.0,0,0,0,4,3,1,0.75,8.0,LOW,LOYAL_LOW_FRICTION_CUSTOMER
C003612,Marcus,Torres,Saudi Arabia,VIP,2,5843.4,2921.7,2,0,2,0,13,48.16,51.5,22.5,45.0,1,0,0,2,2,0,1.0,5.0,LOW,NORMAL_CUSTOMER
C003613,Darrell,Davis,United Arab Emirates,Standard,1,4775.85,4775.85,1,0,1,0,7,60.17,60.17,0.0,0.0,0,0,0,1,1,0,1.0,0.0,LOW,NORMAL_CUSTOMER
C003614,Michael,Smith,United States,Standard,1,881.46,881.46,2,1,1,1,10,47.83,47.83,35.0,35.0,0,0,0,2,1,1,0.5,8.0,LOW,NORMAL_CUSTOMER
C003619,Julie,Ward,United States,Standard,4,13584.75,3396.19,5,1,4,1,30,61.75,70.35,18.75,40.0,1,0,0,5,4,1,0.8,13.0,LOW,LOYAL_LOW_FRICTION_CUSTOMER
C003620,Maureen,Maxwell,Saudi Arabia,Standard,2,6566.99,3283.5,2,0,2,0,14,91.22,92.55,0.0,0.0,0,0,0,2,2,0,1.0,0.0,LOW,NORMAL_CUSTOMER
C003621,Justin,Rice,United Kingdom,Standard,1,2510.69,2510.69,3,2,1,2,12,90.02,90.02,100.0,100.0,3,1,0,3,1,2,0.33,51.0,HIGH,FRICTION_PRONE_CUSTOMER
C003623,Lindsey,Santos,Saudi Arabia,Standard,4,16097.99,4024.5,5,1,4,1,30,60.42,81.18,17.5,40.0,1,0,0,5,4,1,0.8,13.0,LOW,LOYAL_LOW_FRICTION_CUSTOMER
C003624,Alexandra,Clark,Other,Standard,2,6541.09,3270.54,6,4,2,4,26,90.24,96.5,65.0,65.0,4,0,2,6,2,4,0.33,72.0,HIGH,FRICTION_PRONE_CUSTOMER
C003625,Anthony,Cruz,Saudi Arabia,Standard,1,4973.75,4973.75,1,0,1,0,7,50.17,50.17,0.0,0.0,0,0,0,1,1,0,1.0,0.0,LOW,NORMAL_CUSTOMER
C003626,Dustin,Eaton,Saudi Arabia,Standard,1,2429.76,2429.76,1,0,1,0,6,50.25,50.25,40.0,40.0,1,0,0,1,1,0,1.0,5.0,LOW,NORMAL_CUSTOMER
C003627,Ellen,Anderson,Saudi Arabia,Standard,2,4155.47,2077.73,2,0,2,0,14,81.68,95.7,0.0,0.0,0,0,0,2,2,0,1.0,0.0,LOW,NORMAL_CUSTOMER
C003628,James,Newton,Other,Standard,3,11245.62,3748.54,3,0,3,0,20,64.97,68.75,15.0,45.0,1,0,0,3,3,0,1.0,5.0,LOW,LOYAL_LOW_FRICTION_CUSTOMER
C003629,Karen,Martinez,United States,Standard,1,2229.48,2229.48,1,0,1,0,6,42.37,42.37,45.0,45.0,1,0,0,1,1,0,1.0,5.0,LOW,NORMAL_CUSTOMER
C003630,Eugene,Willis,Pakistan,Premium,6,18020.46,3003.41,6,0,6,0,42,64.06,77.37,0.0,0.0,0,0,0,6,6,0,1.0,0.0,LOW,LOYAL_LOW_FRICTION_CUSTOMER
C003631,Justin,Barr,United States,Standard,2,5697.05,2848.52,3,1,2,1,16,64.26,68.68,37.5,75.0,1,0,1,3,2,1,0.67,23.0,LOW,FRICTION_PRONE_CUSTOMER
C003632,John,Pena,Saudi Arabia,Premium,1,3155.61,3155.61,1,0,1,0,7,51.68,51.68,0.0,0.0,0,0,0,1,1,0,1.0,0.0,LOW,NORMAL_CUSTOMER
C003633,Mary,Lee,United Arab Emirates,Standard,2,7824.98,3912.49,2,0,2,0,14,62.6,69.43,0.0,0.0,0,0,0,2,2,0,1.0,0.0,LOW,NORMAL_CUSTOMER
C003634,Hannah,Bush,United Arab Emirates,Standard,1,4935.47,4935.47,1,0,1,0,6,73.63,73.63,40.0,40.0,1,0,0,1,1,0,1.0,5.0,LOW,NORMAL_CUSTOMER
C003635,Kenneth,Schaefer,Saudi Arabia,Premium,4,11690.34,2922.58,6,2,4,2,34,76.67,97.27,16.25,35.0,0,0,0,6,4,2,0.67,16.0,LOW,FRICTION_PRONE_CUSTOMER
C003636,Karen,Jones,United Arab Emirates,Premium,1,2231.83,2231.83,1,0,1,0,7,42.87,42.87,0.0,0.0,0,0,0,1,1,0,1.0,0.0,LOW,NORMAL_CUSTOMER
C003637,Antonio,Payne,Other,Premium,3,5962.03,1987.34,4,1,3,1,24,56.64,72.9,10.0,30.0,0,0,0,4,3,1,0.75,8.0,LOW,LOYAL_LOW_FRICTION_CUSTOMER
C003638,Lisa,Cooper,Saudi Arabia,Standard,3,3959.48,1319.83,4,1,3,1,22,70.55,91.63,40.0,45.0,2,0,0,4,3,1,0.75,18.0,LOW,NORMAL_CUSTOMER
C003639,Curtis,Swanson,Saudi Arabia,Standard,2,6450.4,3225.2,2,0,2,0,12,59.49,75.38,42.5,45.0,2,0,0,2,2,0,1.0,10.0,LOW,NORMAL_CUSTOMER
C003640,Miranda,Mayo,Saudi Arabia,Premium,2,3433.45,1716.72,3,1,2,1,16,70.44,83.62,37.5,40.0,1,0,0,3,2,1,0.67,13.0,LOW,NORMAL_CUSTOMER
C003641,Jodi,Harris,Saudi Arabia,Standard,1,2011.8,2011.8,1,0,1,0,7,97.57,97.57,0.0,0.0,0,0,0,1,1,0,1.0,0.0,LOW,NORMAL_CUSTOMER
C003642,Michelle,Le,Other,Premium,2,5264.12,2632.06,2,0,2,0,14,66.4,91.43,0.0,0.0,0,0,0,2,2,0,1.0,0.0,LOW,NORMAL_CUSTOMER
C003643,Julia,Williams,United Arab Emirates,Standard,5,12152.71,2430.54,5,0,5,0,34,60.62,91.52,8.0,40.0,1,0,0,5,5,0,1.0,5.0,LOW,LOYAL_LOW_FRICTION_CUSTOMER
C003644,Anna,Lee,United Arab Emirates,Premium,2,5759.95,2879.98,4,2,2,2,19,68.69,99.6,52.5,65.0,3,0,1,4,2,2,0.5,41.0,MEDIUM,FRICTION_PRONE_CUSTOMER
C003645,John,Pierce,United States,Premium,5,14208.82,2841.76,8,3,5,3,41,67.22,94.95,43.0,75.0,3,0,3,8,5,3,0.62,69.0,HIGH,FRICTION_PRONE_CUSTOMER
C003646,Kristen,King,Saudi Arabia,Standard,5,15893.95,3178.79,9,4,5,4,44,53.31,68.57,48.0,100.0,7,2,0,9,5,4,0.56,100.0,CRITICAL,HIGH_RISK_CUSTOMER
C003649,Elizabeth,Meadows,Pakistan,Standard,1,4987.29,4987.29,1,0,1,0,7,66.68,66.68,0.0,0.0,0,0,0,1,1,0,1.0,0.0,LOW,NORMAL_CUSTOMER
C003651,Paul,Jacobson,United States,Standard,2,5377.36,2688.68,3,1,2,1,15,54.24,69.48,60.0,75.0,2,0,1,3,2,1,0.67,28.0,MEDIUM,FRICTION_PRONE_CUSTOMER
C003653,Theresa,Love,United States,VIP,1,1258.86,1258.86,1,0,1,0,7,75.3,75.3,0.0,0.0,0,0,0,1,1,0,1.0,0.0,LOW,NORMAL_CUSTOMER
C003654,Larry,Bartlett,Saudi Arabia,Standard,1,2704.62,2704.62,1,0,1,0,7,87.68,87.68,0.0,0.0,0,0,0,1,1,0,1.0,0.0,LOW,NORMAL_CUSTOMER
C003655,Andrea,Jones,Saudi Arabia,Standard,2,5328.98,2664.49,2,0,2,0,14,42.9,53.28,0.0,0.0,0,0,0,2,2,0,1.0,0.0,LOW,NORMAL_CUSTOMER
C003656,Alexander,Barnes,Saudi Arabia,Premium,2,3421.99,1711.0,2,0,2,0,14,48.48,69.2,0.0,0.0,0,0,0,2,2,0,1.0,0.0,LOW,NORMAL_CUSTOMER
C003658,Christine,Gordon,Pakistan,Premium,3,6004.33,2001.44,4,1,3,1,23,63.92,80.72,25.0,45.0,1,0,0,4,3,1,0.75,13.0,LOW,LOYAL_LOW_FRICTION_CUSTOMER
C003660,Molly,Greene,Other,Premium,2,7134.33,3567.16,4,2,2,2,20,80.05,107.42,32.5,65.0,2,0,1,4,2,2,0.5,36.0,MEDIUM,FRICTION_PRONE_CUSTOMER
C003662,Rhonda,Anderson,Pakistan,Premium,1,2250.37,2250.37,3,2,1,2,13,102.03,102.03,65.0,65.0,2,0,1,3,1,2,0.33,36.0,MEDIUM,FRICTION_PRONE_CUSTOMER
C003663,Janet,Williams,Saudi Arabia,Premium,1,4904.05,4904.05,2,1,1,1,9,100.13,100.13,75.0,75.0,1,0,1,2,1,1,0.5,23.0,LOW,FRICTION_PRONE_CUSTOMER
C003664,Deborah,Knight,Saudi Arabia,Premium,2,3533.9,1766.95,2,0,2,0,13,49.18,54.82,20.0,40.0,1,0,0,2,2,0,1.0,5.0,LOW,NORMAL_CUSTOMER
C003665,Kari,Bauer,Pakistan,Standard,1,1461.01,1461.01,1,0,1,0,7,36.98,36.98,0.0,0.0,0,0,0,1,1,0,1.0,0.0,LOW,NORMAL_CUSTOMER
C003666,Amy,Benson,United Arab Emirates,Premium,2,7695.5,3847.75,3,1,2,1,16,44.14,45.7,37.5,45.0,1,0,0,3,2,1,0.67,13.0,LOW,NORMAL_CUSTOMER
C003667,Carrie,Yang,United States,Standard,1,1737.68,1737.68,1,0,1,0,7,65.88,65.88,0.0,0.0,0,0,0,1,1,0,1.0,0.0,LOW,NORMAL_CUSTOMER
C003668,Kimberly,Sanders,Saudi Arabia,Standard,2,4618.32,2309.16,3,1,2,1,15,56.58,70.38,55.0,70.0,2,0,1,3,2,1,0.67,28.0,MEDIUM,FRICTION_PRONE_CUSTOMER
C003670,Kelly,Berg,United Arab Emirates,Standard,1,4310.6,4310.6,1,0,1,0,7,71.53,71.53,0.0,0.0,0,0,0,1,1,0,1.0,0.0,LOW,NORMAL_CUSTOMER
C003671,Gregory,Mata,Saudi Arabia,Standard,3,10619.45,3539.82,5,2,3,2,25,73.71,80.57,46.67,70.0,2,0,1,5,3,2,0.6,36.0,MEDIUM,FRICTION_PRONE_CUSTOMER
C003672,Felicia,Martin,Saudi Arabia,Premium,1,1995.07,1995.07,1,0,1,0,6,88.97,88.97,40.0,40.0,1,0,0,1,1,0,1.0,5.0,LOW,NORMAL_CUSTOMER
C003673,Jacob,Christensen,United Kingdom,Premium,4,12143.27,3035.82,5,1,4,1,29,61.73,83.52,30.0,75.0,2,0,1,5,4,1,0.8,28.0,MEDIUM,FRICTION_PRONE_CUSTOMER
C003674,Glenn,Cruz,Saudi Arabia,Premium,2,7722.33,3861.16,2,0,2,0,14,82.2,92.2,0.0,0.0,0,0,0,2,2,0,1.0,0.0,LOW,NORMAL_CUSTOMER
C003675,Willie,Chan,Pakistan,Standard,2,4041.09,2020.54,2,0,2,0,13,68.07,89.92,20.0,40.0,1,0,0,2,2,0,1.0,5.0,LOW,NORMAL_CUSTOMER
C003676,Nicholas,Morales,Saudi Arabia,Premium,5,9452.84,1890.57,10,5,5,5,50,83.32,117.28,32.0,65.0,4,0,2,10,5,5,0.5,80.0,CRITICAL,HIGH_RISK_CUSTOMER
C003677,Roy,Nelson,Saudi Arabia,Standard,3,7848.69,2616.23,3,0,3,0,20,52.89,68.33,15.0,45.0,1,0,0,3,3,0,1.0,5.0,LOW,LOYAL_LOW_FRICTION_CUSTOMER
C003678,Angela,White,United Arab Emirates,Premium,3,6264.73,2088.24,5,2,3,2,25,70.85,107.73,48.33,65.0,4,0,1,5,3,2,0.6,46.0,MEDIUM,FRICTION_PRONE_CUSTOMER
C003679,David,Moore,United States,Standard,1,1340.96,1340.96,1,0,1,0,7,81.43,81.43,0.0,0.0,0,0,0,1,1,0,1.0,0.0,LOW,NORMAL_CUSTOMER
C003680,Brandy,Robinson,United Arab Emirates,Premium,1,1725.94,1725.94,1,0,1,0,6,47.58,47.58,40.0,40.0,1,0,0,1,1,0,1.0,5.0,LOW,NORMAL_CUSTOMER
C003682,Mark,Suarez,Saudi Arabia,VIP,4,9167.6,2291.9,4,0,4,0,28,57.49,67.18,0.0,0.0,0,0,0,4,4,0,1.0,0.0,LOW,LOYAL_LOW_FRICTION_CUSTOMER
C003683,Jenna,Gibbs,United States,Standard,2,5406.57,2703.29,2,0,2,0,13,60.98,62.18,20.0,40.0,1,0,0,2,2,0,1.0,5.0,LOW,NORMAL_CUSTOMER
C003684,Eric,Gibson,Saudi Arabia,Standard,2,8061.0,4030.5,3,1,2,1,17,71.59,87.88,15.0,30.0,0,0,0,3,2,1,0.67,8.0,LOW,NORMAL_CUSTOMER
C003687,Brent,Turner,Other,Standard,1,1384.03,1384.03,2,1,1,1,9,67.5,67.5,75.0,75.0,1,0,1,2,1,1,0.5,23.0,LOW,FRICTION_PRONE_CUSTOMER
C003688,Sarah,Robinson,United Arab Emirates,Standard,2,7674.39,3837.2,2,0,2,0,14,80.24,86.77,0.0,0.0,0,0,0,2,2,0,1.0,0.0,LOW,NORMAL_CUSTOMER
C003691,Tracy,Jackson,United States,Standard,3,4883.74,1627.91,4,1,3,1,23,71.48,86.88,23.33,70.0,1,0,1,4,3,1,0.75,23.0,LOW,FRICTION_PRONE_CUSTOMER
C003692,Ashley,Williams,Pakistan,Standard,1,4500.38,4500.38,1,0,1,0,7,91.45,91.45,0.0,0.0,0,0,0,1,1,0,1.0,0.0,LOW,NORMAL_CUSTOMER
C003695,Louis,Hernandez,United Arab Emirates,Standard,1,2803.27,2803.27,1,0,1,0,7,98.53,98.53,0.0,0.0,0,0,0,1,1,0,1.0,0.0,LOW,NORMAL_CUSTOMER
C003696,Jeffrey,Stephenson,Saudi Arabia,Premium,1,730.22,730.22,1,0,1,0,7,45.87,45.87,0.0,0.0,0,0,0,1,1,0,1.0,0.0,LOW,NORMAL_CUSTOMER
C003697,Ivan,Ho,Other,Premium,3,8059.31,2686.44,5,2,3,2,25,45.52,59.45,50.0,65.0,4,0,1,5,3,2,0.6,46.0,MEDIUM,FRICTION_PRONE_CUSTOMER
C003698,Carlos,Nelson,United Kingdom,Standard,4,10704.75,2676.19,4,0,4,0,28,59.38,78.28,0.0,0.0,0,0,0,4,4,0,1.0,0.0,LOW,LOYAL_LOW_FRICTION_CUSTOMER
C003700,Robert,Day,Saudi Arabia,Premium,3,5207.66,1735.89,4,1,3,1,23,85.62,116.08,25.0,40.0,1,0,0,4,3,1,0.75,13.0,LOW,LOYAL_LOW_FRICTION_CUSTOMER
C003701,Amanda,Wright,Pakistan,VIP,2,8791.51,4395.76,2,0,2,0,14,80.46,93.37,0.0,0.0,0,0,0,2,2,0,1.0,0.0,LOW,NORMAL_CUSTOMER
C003702,Christopher,Colon,United Kingdom,Premium,3,8477.5,2825.83,3,0,3,0,20,73.29,95.82,13.33,40.0,1,0,0,3,3,0,1.0,5.0,LOW,LOYAL_LOW_FRICTION_CUSTOMER
C003703,Jeffrey,Nichols,United Arab Emirates,Standard,2,1899.77,949.88,4,2,2,2,20,86.78,111.12,32.5,65.0,2,0,1,4,2,2,0.5,36.0,MEDIUM,FRICTION_PRONE_CUSTOMER
C003706,Michael,Jacobs,Other,Standard,1,2293.19,2293.19,1,0,1,0,7,94.3,94.3,0.0,0.0,0,0,0,1,1,0,1.0,0.0,LOW,NORMAL_CUSTOMER
C003710,Wendy,Dunn,Other,Standard,2,7603.97,3801.98,3,1,2,1,17,72.14,90.97,15.0,30.0,0,0,0,3,2,1,0.67,8.0,LOW,NORMAL_CUSTOMER
C003712,Tina,Ortiz,United Kingdom,Standard,1,2162.34,2162.34,1,0,1,0,7,97.93,97.93,0.0,0.0,0,0,0,1,1,0,1.0,0.0,LOW,NORMAL_CUSTOMER
C003713,Alan,Carr,United Kingdom,Premium,1,618.59,618.59,1,0,1,0,7,54.53,54.53,0.0,0.0,0,0,0,1,1,0,1.0,0.0,LOW,NORMAL_CUSTOMER
C003714,Elizabeth,Nguyen,Pakistan,Standard,3,8667.61,2889.2,7,4,3,4,31,76.79,89.83,68.33,100.0,6,1,1,7,3,4,0.43,92.0,CRITICAL,HIGH_RISK_CUSTOMER
C003715,Sean,Brown,Other,Standard,1,1083.36,1083.36,1,0,1,0,6,47.72,47.72,40.0,40.0,1,0,0,1,1,0,1.0,5.0,LOW,NORMAL_CUSTOMER
C003716,Rebecca,Cabrera,United Arab Emirates,Standard,2,8139.53,4069.76,2,0,2,0,13,53.41,67.42,22.5,45.0,1,0,0,2,2,0,1.0,5.0,LOW,NORMAL_CUSTOMER
C003717,Christina,Holloway,United Arab Emirates,Standard,3,10139.39,3379.8,7,4,3,4,33,87.64,114.4,43.33,65.0,4,0,2,7,3,4,0.43,72.0,HIGH,FRICTION_PRONE_CUSTOMER
C003719,Susan,Sanford,United Arab Emirates,Standard,4,9344.44,2336.11,5,1,4,1,31,74.53,94.17,7.5,30.0,0,0,0,5,4,1,0.8,8.0,LOW,LOYAL_LOW_FRICTION_CUSTOMER
C003720,Felicia,Thompson,Saudi Arabia,Standard,8,22381.16,2797.64,8,0,8,0,53,63.21,78.23,16.25,45.0,3,0,0,8,8,0,1.0,15.0,LOW,LOYAL_LOW_FRICTION_CUSTOMER
C003721,Manuel,Bonilla,United Arab Emirates,Premium,2,4227.38,2113.69,3,1,2,1,17,73.69,77.25,15.0,30.0,0,0,0,3,2,1,0.67,8.0,LOW,NORMAL_CUSTOMER
C003723,Sierra,Irwin,Other,Standard,3,11765.47,3921.82,4,1,3,1,24,64.11,97.2,10.0,30.0,0,0,0,4,3,1,0.75,8.0,LOW,LOYAL_LOW_FRICTION_CUSTOMER
C003724,Paul,Osborne,Saudi Arabia,Premium,2,6317.02,3158.51,2,0,2,0,14,47.86,52.95,0.0,0.0,0,0,0,2,2,0,1.0,0.0,LOW,NORMAL_CUSTOMER
C003725,Amber,Deleon,United Arab Emirates,Standard,1,967.72,967.72,1,0,1,0,7,48.63,48.63,0.0,0.0,0,0,0,1,1,0,1.0,0.0,LOW,NORMAL_CUSTOMER
C003726,Justin,Rodriguez,Other,Premium,1,1407.29,1407.29,3,2,1,2,12,105.47,105.47,100.0,100.0,3,1,0,3,1,2,0.33,51.0,HIGH,FRICTION_PRONE_CUSTOMER
C003727,Rhonda,Reese,Saudi Arabia,Standard,4,9056.39,2264.1,4,0,4,0,26,75.62,91.18,21.25,45.0,2,0,0,4,4,0,1.0,10.0,LOW,LOYAL_LOW_FRICTION_CUSTOMER
C003728,Lynn,Reyes,Saudi Arabia,Standard,3,5510.05,1836.68,5,2,3,2,25,55.51,90.73,50.0,70.0,2,0,1,5,3,2,0.6,36.0,MEDIUM,FRICTION_PRONE_CUSTOMER
C003730,Leah,Berg,Pakistan,VIP,2,4458.05,2229.02,3,1,2,1,16,57.74,73.93,40.0,80.0,1,1,0,3,2,1,0.67,33.0,MEDIUM,NORMAL_CUSTOMER
C003731,Sean,Walters,Saudi Arabia,Standard,2,5357.07,2678.54,3,1,2,1,16,80.74,99.28,37.5,75.0,1,0,1,3,2,1,0.67,23.0,LOW,FRICTION_PRONE_CUSTOMER
C003732,Bradley,Pierce,Other,Standard,3,8965.63,2988.54,6,3,3,3,30,82.96,99.63,31.67,65.0,2,0,1,6,3,3,0.5,44.0,MEDIUM,FRICTION_PRONE_CUSTOMER
C003733,Rachel,Montoya,United Arab Emirates,Standard,2,7320.59,3660.3,4,2,2,2,19,80.64,81.18,50.0,100.0,3,1,0,4,2,2,0.5,51.0,HIGH,FRICTION_PRONE_CUSTOMER
C003734,James,Walker,Pakistan,Standard,1,1326.4,1326.4,1,0,1,0,7,58.6,58.6,0.0,0.0,0,0,0,1,1,0,1.0,0.0,LOW,NORMAL_CUSTOMER
C003735,Willie,Adams,Saudi Arabia,Premium,5,17152.41,3430.48,6,1,5,1,35,52.61,77.23,30.0,70.0,3,0,1,6,5,1,0.83,33.0,MEDIUM,FRICTION_PRONE_CUSTOMER
C003736,Stacy,Perkins,United Arab Emirates,Standard,6,14673.16,2445.53,6,0,6,0,39,56.83,71.5,20.0,40.0,3,0,0,6,6,0,1.0,15.0,LOW,LOYAL_LOW_FRICTION_CUSTOMER
C003737,Gary,Morton,United Kingdom,Premium,2,2612.31,1306.16,2,0,2,0,14,33.03,38.55,0.0,0.0,0,0,0,2,2,0,1.0,0.0,LOW,NORMAL_CUSTOMER
C003738,Stephanie,Mullins,United States,Standard,2,1642.19,821.1,2,0,2,0,14,66.25,83.65,0.0,0.0,0,0,0,2,2,0,1.0,0.0,LOW,NORMAL_CUSTOMER
C003739,Amanda,Moore,United States,Premium,2,3973.89,1986.95,3,1,2,1,17,79.97,100.75,17.5,35.0,0,0,0,3,2,1,0.67,8.0,LOW,NORMAL_CUSTOMER
C003740,Adrian,Hall,Pakistan,Standard,1,2645.03,2645.03,1,0,1,0,7,51.95,51.95,0.0,0.0,0,0,0,1,1,0,1.0,0.0,LOW,NORMAL_CUSTOMER
C003741,Cameron,Barber,Other,Premium,2,1233.12,616.56,2,0,2,0,12,73.31,92.72,40.0,40.0,2,0,0,2,2,0,1.0,10.0,LOW,NORMAL_CUSTOMER
C003742,Ellen,Richardson,United States,Standard,2,6928.27,3464.14,2,0,2,0,14,58.14,71.82,0.0,0.0,0,0,0,2,2,0,1.0,0.0,LOW,NORMAL_CUSTOMER
C003744,Michelle,Davis,Saudi Arabia,Standard,2,6142.53,3071.26,2,0,2,0,14,59.78,80.3,0.0,0.0,0,0,0,2,2,0,1.0,0.0,LOW,NORMAL_CUSTOMER
C003745,Roger,White,Saudi Arabia,Standard,3,11079.93,3693.31,5,2,3,2,25,55.48,92.63,45.0,95.0,4,1,0,5,3,2,0.6,56.0,HIGH,FRICTION_PRONE_CUSTOMER
C003747,Amanda,Huffman,United Kingdom,Standard,1,1016.1,1016.1,1,0,1,0,7,89.93,89.93,0.0,0.0,0,0,0,1,1,0,1.0,0.0,LOW,NORMAL_CUSTOMER
C003748,Jacqueline,Lopez,United Arab Emirates,Premium,4,8956.97,2239.24,6,2,4,2,32,71.0,97.25,35.0,100.0,4,1,0,6,4,2,0.67,56.0,HIGH,FRICTION_PRONE_CUSTOMER
C003749,Theresa,Henry,United Arab Emirates,Standard,5,15913.46,3182.69,8,3,5,3,44,68.09,93.53,20.0,65.0,2,0,1,8,5,3,0.62,44.0,MEDIUM,FRICTION_PRONE_CUSTOMER
C003750,Kimberly,Blair,Other,Standard,1,972.63,972.63,1,0,1,0,6,77.5,77.5,40.0,40.0,1,0,0,1,1,0,1.0,5.0,LOW,NORMAL_CUSTOMER
C003751,Deborah,Holland,Other,Premium,1,3906.93,3906.93,1,0,1,0,7,69.53,69.53,0.0,0.0,0,0,0,1,1,0,1.0,0.0,LOW,NORMAL_CUSTOMER
C003752,Shelby,Smith,Other,Standard,1,4039.0,4039.0,2,1,1,1,10,33.87,33.87,30.0,30.0,0,0,0,2,1,1,0.5,8.0,LOW,NORMAL_CUSTOMER
C003753,Julie,Martin,United Arab Emirates,Standard,2,7328.7,3664.35,2,0,2,0,14,71.52,80.52,0.0,0.0,0,0,0,2,2,0,1.0,0.0,LOW,NORMAL_CUSTOMER
C003755,Stephen,Long,Saudi Arabia,Standard,1,1253.89,1253.89,1,0,1,0,7,52.83,52.83,0.0,0.0,0,0,0,1,1,0,1.0,0.0,LOW,NORMAL_CUSTOMER
C003757,Christopher,Jones,Saudi Arabia,Standard,2,4998.37,2499.18,2,0,2,0,14,63.34,78.18,0.0,0.0,0,0,0,2,2,0,1.0,0.0,LOW,NORMAL_CUSTOMER
C003758,Brian,Jones,United Arab Emirates,Premium,3,7797.59,2599.2,3,0,3,0,20,45.45,62.77,15.0,45.0,1,0,0,3,3,0,1.0,5.0,LOW,LOYAL_LOW_FRICTION_CUSTOMER
C003759,Laura,Sanchez,United Arab Emirates,VIP,3,8163.23,2721.08,3,0,3,0,20,56.86,64.23,15.0,45.0,1,0,0,3,3,0,1.0,5.0,LOW,LOYAL_LOW_FRICTION_CUSTOMER
C003760,Angela,Stout,United States,VIP,2,9330.66,4665.33,3,1,2,1,17,58.84,64.83,15.0,30.0,0,0,0,3,2,1,0.67,8.0,LOW,NORMAL_CUSTOMER
C003761,Bailey,Waller,Saudi Arabia,Standard,2,5563.78,2781.89,2,0,2,0,14,62.02,80.78,0.0,0.0,0,0,0,2,2,0,1.0,0.0,LOW,NORMAL_CUSTOMER
C003762,Jeremy,Garcia,United Kingdom,Standard,1,4678.14,4678.14,3,2,1,2,13,86.0,86.0,65.0,65.0,2,0,1,3,1,2,0.33,36.0,MEDIUM,FRICTION_PRONE_CUSTOMER
C003763,Jonathan,Rose,Pakistan,Standard,3,10940.65,3646.88,3,0,3,0,20,53.67,66.8,13.33,40.0,1,0,0,3,3,0,1.0,5.0,LOW,LOYAL_LOW_FRICTION_CUSTOMER
C003764,Paul,Acosta,Saudi Arabia,Standard,1,1146.54,1146.54,2,1,1,1,10,43.68,43.68,35.0,35.0,0,0,0,2,1,1,0.5,8.0,LOW,NORMAL_CUSTOMER
C003765,Crystal,Morton,United Arab Emirates,Standard,5,9432.29,1886.46,9,4,5,4,46,72.65,82.93,33.0,70.0,3,0,2,9,5,4,0.56,67.0,HIGH,FRICTION_PRONE_CUSTOMER
C003766,Ryan,Morrison,Saudi Arabia,Standard,2,5712.69,2856.34,3,1,2,1,15,75.38,86.23,60.0,75.0,2,0,1,3,2,1,0.67,28.0,MEDIUM,FRICTION_PRONE_CUSTOMER
C003767,Andre,Gray,Pakistan,Premium,2,3241.65,1620.82,2,0,2,0,13,46.85,51.37,22.5,45.0,1,0,0,2,2,0,1.0,5.0,LOW,NORMAL_CUSTOMER
C003768,Emily,Smith,United Arab Emirates,Premium,1,2160.18,2160.18,1,0,1,0,6,51.5,51.5,45.0,45.0,1,0,0,1,1,0,1.0,5.0,LOW,NORMAL_CUSTOMER
C003769,Amanda,Serrano,Saudi Arabia,Standard,1,871.27,871.27,1,0,1,0,6,47.22,47.22,40.0,40.0,1,0,0,1,1,0,1.0,5.0,LOW,NORMAL_CUSTOMER
C003770,Darlene,Hines,Saudi Arabia,VIP,2,6415.61,3207.8,3,1,2,1,17,60.06,66.22,15.0,30.0,0,0,0,3,2,1,0.67,8.0,LOW,NORMAL_CUSTOMER
C003771,Christine,Newman,Pakistan,VIP,3,6078.38,2026.13,4,1,3,1,24,63.84,97.92,11.67,35.0,0,0,0,4,3,1,0.75,8.0,LOW,LOYAL_LOW_FRICTION_CUSTOMER
C003772,Katelyn,Williams,Other,Standard,1,968.85,968.85,1,0,1,0,7,60.23,60.23,0.0,0.0,0,0,0,1,1,0,1.0,0.0,LOW,NORMAL_CUSTOMER
C003773,Brenda,Wright,United Arab Emirates,Standard,1,1126.88,1126.88,2,1,1,1,10,63.2,63.2,30.0,30.0,0,0,0,2,1,1,0.5,8.0,LOW,NORMAL_CUSTOMER
C003775,Charles,Thomas,United Kingdom,Standard,1,2461.09,2461.09,2,1,1,1,10,101.27,101.27,35.0,35.0,0,0,0,2,1,1,0.5,8.0,LOW,NORMAL_CUSTOMER
C003776,Sarah,Burton,Other,Standard,2,7950.18,3975.09,2,0,2,0,14,72.44,85.65,0.0,0.0,0,0,0,2,2,0,1.0,0.0,LOW,NORMAL_CUSTOMER
C003777,Daniel,Smith,United States,Standard,1,617.3,617.3,1,0,1,0,7,58.42,58.42,0.0,0.0,0,0,0,1,1,0,1.0,0.0,LOW,NORMAL_CUSTOMER
C003778,Kristin,Burch,Pakistan,Premium,1,2043.61,2043.61,3,2,1,2,13,71.23,71.23,65.0,65.0,2,0,1,3,1,2,0.33,36.0,MEDIUM,FRICTION_PRONE_CUSTOMER
C003779,Kevin,Rosario,United Kingdom,Standard,3,7257.74,2419.25,4,1,3,1,24,54.69,76.82,11.67,35.0,0,0,0,4,3,1,0.75,8.0,LOW,LOYAL_LOW_FRICTION_CUSTOMER
C003780,Christopher,Rodriguez,Other,Standard,2,3131.48,1565.74,3,1,2,1,15,49.23,52.93,60.0,75.0,2,0,1,3,2,1,0.67,28.0,MEDIUM,FRICTION_PRONE_CUSTOMER
C003783,Randall,Zimmerman,Saudi Arabia,Standard,1,1249.88,1249.88,1,0,1,0,7,84.9,84.9,0.0,0.0,0,0,0,1,1,0,1.0,0.0,LOW,NORMAL_CUSTOMER
C003784,Donna,Harris,United States,Standard,3,7741.05,2580.35,3,0,3,0,21,68.16,74.52,0.0,0.0,0,0,0,3,3,0,1.0,0.0,LOW,LOYAL_LOW_FRICTION_CUSTOMER
C003787,Derek,Wallace,Pakistan,Premium,3,7684.83,2561.61,5,2,3,2,26,83.66,107.08,36.67,80.0,1,1,0,5,3,2,0.6,41.0,MEDIUM,FRICTION_PRONE_CUSTOMER
C003788,Peter,Martin,United Arab Emirates,Standard,1,3358.12,3358.12,2,1,1,1,9,75.03,75.03,70.0,70.0,1,0,1,2,1,1,0.5,23.0,LOW,FRICTION_PRONE_CUSTOMER
C003789,Lauren,Rivera,Saudi Arabia,Standard,2,7200.48,3600.24,2,0,2,0,13,64.58,85.95,22.5,45.0,1,0,0,2,2,0,1.0,5.0,LOW,NORMAL_CUSTOMER
C003790,Amy,Moore,Other,Standard,3,7381.7,2460.57,7,4,3,4,31,86.01,101.9,66.67,100.0,6,2,0,7,3,4,0.43,100.0,CRITICAL,HIGH_RISK_CUSTOMER
C003792,Douglas,Holt,Saudi Arabia,Premium,3,6321.81,2107.27,3,0,3,0,21,54.61,74.85,0.0,0.0,0,0,0,3,3,0,1.0,0.0,LOW,LOYAL_LOW_FRICTION_CUSTOMER
C003793,Erica,Burton,Pakistan,Standard,3,13257.49,4419.16,4,1,3,1,23,62.05,87.25,25.0,75.0,1,0,1,4,3,1,0.75,23.0,LOW,FRICTION_PRONE_CUSTOMER
C003794,Robin,Martinez,United Kingdom,Standard,4,10415.38,2603.85,6,2,4,2,31,64.04,77.55,45.0,95.0,5,1,0,6,4,2,0.67,61.0,HIGH,FRICTION_PRONE_CUSTOMER
C003796,Jessica,Garcia,United Kingdom,Premium,1,3379.75,3379.75,1,0,1,0,6,73.77,73.77,40.0,40.0,1,0,0,1,1,0,1.0,5.0,LOW,NORMAL_CUSTOMER
C003797,Nathan,Phillips,Pakistan,Standard,1,4547.95,4547.95,1,0,1,0,7,86.28,86.28,0.0,0.0,0,0,0,1,1,0,1.0,0.0,LOW,NORMAL_CUSTOMER
C003798,Stacy,Hunt,Saudi Arabia,Standard,5,13587.67,2717.53,6,1,5,1,37,78.12,102.35,16.0,80.0,1,1,0,6,5,1,0.83,33.0,MEDIUM,LOYAL_LOW_FRICTION_CUSTOMER
C003799,Angela,Copeland,Saudi Arabia,Standard,2,4857.9,2428.95,2,0,2,0,13,77.16,83.58,20.0,40.0,1,0,0,2,2,0,1.0,5.0,LOW,NORMAL_CUSTOMER
C003800,Angela,Thomas,Pakistan,Standard,2,6598.87,3299.44,3,1,2,1,17,74.06,77.2,15.0,30.0,0,0,0,3,2,1,0.67,8.0,LOW,NORMAL_CUSTOMER
C003801,David,Barr,Saudi Arabia,Premium,1,4941.54,4941.54,1,0,1,0,7,75.92,75.92,0.0,0.0,0,0,0,1,1,0,1.0,0.0,LOW,NORMAL_CUSTOMER
C003802,Adam,Johnson,Other,Standard,1,3914.09,3914.09,1,0,1,0,6,59.62,59.62,45.0,45.0,1,0,0,1,1,0,1.0,5.0,LOW,NORMAL_CUSTOMER
C003803,Candice,Simmons,United States,Standard,3,8045.05,2681.68,4,1,3,1,24,70.87,94.85,11.67,35.0,0,0,0,4,3,1,0.75,8.0,LOW,LOYAL_LOW_FRICTION_CUSTOMER
C003804,Amanda,Hernandez,Other,Standard,3,8352.77,2784.26,5,2,3,2,26,82.31,103.92,35.0,65.0,3,0,1,5,3,2,0.6,41.0,MEDIUM,FRICTION_PRONE_CUSTOMER
C003805,Stacey,Rios,Saudi Arabia,Standard,3,7924.17,2641.39,4,1,3,1,22,79.95,98.92,40.0,45.0,2,0,0,4,3,1,0.75,18.0,LOW,NORMAL_CUSTOMER
C003806,Kevin,Perez,Other,Standard,1,2015.56,2015.56,3,2,1,2,12,69.8,69.8,100.0,100.0,3,1,0,3,1,2,0.33,51.0,HIGH,FRICTION_PRONE_CUSTOMER
C003807,Kaitlin,Koch,United Arab Emirates,Premium,3,11504.44,3834.81,3,0,3,0,20,65.24,75.45,15.0,45.0,1,0,0,3,3,0,1.0,5.0,LOW,LOYAL_LOW_FRICTION_CUSTOMER
C003808,Rebecca,Cruz,United Arab Emirates,Standard,2,7862.73,3931.36,4,2,2,2,20,59.94,65.42,32.5,65.0,2,0,1,4,2,2,0.5,36.0,MEDIUM,FRICTION_PRONE_CUSTOMER
C003809,Maurice,Henson,Saudi Arabia,Standard,2,5441.15,2720.58,2,0,2,0,14,70.95,92.27,0.0,0.0,0,0,0,2,2,0,1.0,0.0,LOW,NORMAL_CUSTOMER
C003810,Robert,Carson,Saudi Arabia,Standard,2,8388.54,4194.27,2,0,2,0,14,77.61,90.55,0.0,0.0,0,0,0,2,2,0,1.0,0.0,LOW,NORMAL_CUSTOMER
C003811,Debbie,Rodriguez,United Kingdom,Premium,2,8891.22,4445.61,2,0,2,0,13,56.72,58.22,22.5,45.0,1,0,0,2,2,0,1.0,5.0,LOW,NORMAL_CUSTOMER
C003812,William,Jackson,United Arab Emirates,Standard,2,5393.67,2696.84,4,2,2,2,20,64.34,77.47,32.5,65.0,2,0,1,4,2,2,0.5,36.0,MEDIUM,FRICTION_PRONE_CUSTOMER
C003813,Eugene,Rodriguez,Saudi Arabia,Premium,1,904.19,904.19,2,1,1,1,10,54.37,54.37,35.0,35.0,0,0,0,2,1,1,0.5,8.0,LOW,NORMAL_CUSTOMER
C003815,Mary,Sosa,Saudi Arabia,Premium,3,13097.48,4365.83,4,1,3,1,23,66.24,83.48,25.0,75.0,1,0,1,4,3,1,0.75,23.0,LOW,FRICTION_PRONE_CUSTOMER
C003816,James,Howard,Pakistan,Standard,3,5440.84,1813.61,4,1,3,1,24,74.84,82.4,10.0,30.0,0,0,0,4,3,1,0.75,8.0,LOW,LOYAL_LOW_FRICTION_CUSTOMER
C003817,Howard,Gilbert,United Arab Emirates,Standard,1,991.01,991.01,3,2,1,2,12,110.03,110.03,100.0,100.0,3,1,0,3,1,2,0.33,51.0,HIGH,FRICTION_PRONE_CUSTOMER
C003819,Melissa,Mclean,United States,Premium,1,3345.66,3345.66,2,1,1,1,10,70.0,70.0,30.0,30.0,0,0,0,2,1,1,0.5,8.0,LOW,NORMAL_CUSTOMER
C003821,Sarah,Huang,United Arab Emirates,Premium,1,3633.96,3633.96,1,0,1,0,6,39.58,39.58,45.0,45.0,1,0,0,1,1,0,1.0,5.0,LOW,NORMAL_CUSTOMER
C003822,Virginia,Munoz,United Arab Emirates,Premium,1,3596.78,3596.78,1,0,1,0,7,74.28,74.28,0.0,0.0,0,0,0,1,1,0,1.0,0.0,LOW,NORMAL_CUSTOMER
C003823,Steven,Thompson,United States,Standard,1,663.98,663.98,1,0,1,0,7,43.55,43.55,0.0,0.0,0,0,0,1,1,0,1.0,0.0,LOW,NORMAL_CUSTOMER
C003824,Andrea,Moreno,United Arab Emirates,Standard,4,8666.69,2166.67,7,3,4,3,35,84.46,95.42,42.5,70.0,4,0,2,7,4,3,0.57,64.0,HIGH,FRICTION_PRONE_CUSTOMER
C003825,Kelly,Greene,Saudi Arabia,VIP,2,4687.79,2343.9,3,1,2,1,16,85.55,95.67,40.0,80.0,1,1,0,3,2,1,0.67,33.0,MEDIUM,NORMAL_CUSTOMER
C003826,Carlos,Shelton,Saudi Arabia,Premium,2,3880.13,1940.06,2,0,2,0,14,51.34,54.78,0.0,0.0,0,0,0,2,2,0,1.0,0.0,LOW,NORMAL_CUSTOMER
C003827,Corey,Hernandez,United Arab Emirates,Standard,1,1238.05,1238.05,1,0,1,0,7,36.88,36.88,0.0,0.0,0,0,0,1,1,0,1.0,0.0,LOW,NORMAL_CUSTOMER
C003829,Tony,Turner,United States,Standard,3,6678.99,2226.33,3,0,3,0,19,52.01,64.78,30.0,45.0,2,0,0,3,3,0,1.0,10.0,LOW,NORMAL_CUSTOMER
C003830,Mark,Roth,Saudi Arabia,Standard,3,9250.25,3083.42,3,0,3,0,21,78.83,95.5,0.0,0.0,0,0,0,3,3,0,1.0,0.0,LOW,LOYAL_LOW_FRICTION_CUSTOMER
C003831,David,Bailey,United Arab Emirates,Standard,2,8406.97,4203.48,2,0,2,0,14,55.44,57.52,0.0,0.0,0,0,0,2,2,0,1.0,0.0,LOW,NORMAL_CUSTOMER
C003832,Diana,Garcia,United States,Standard,1,3791.52,3791.52,1,0,1,0,6,29.95,29.95,45.0,45.0,1,0,0,1,1,0,1.0,5.0,LOW,NORMAL_CUSTOMER
C003833,Craig,Hendricks,United States,Standard,3,14126.6,4708.87,3,0,3,0,19,81.24,93.65,26.67,40.0,2,0,0,3,3,0,1.0,10.0,LOW,LOYAL_LOW_FRICTION_CUSTOMER
C003836,Louis,Cochran,United Arab Emirates,Premium,2,6465.1,3232.55,2,0,2,0,13,57.55,73.27,20.0,40.0,1,0,0,2,2,0,1.0,5.0,LOW,NORMAL_CUSTOMER
C003837,Shannon,Dawson,Other,Premium,2,6608.56,3304.28,2,0,2,0,14,64.36,81.97,0.0,0.0,0,0,0,2,2,0,1.0,0.0,LOW,NORMAL_CUSTOMER
C003840,Breanna,Fitzpatrick,United Kingdom,Standard,4,12304.22,3076.06,4,0,4,0,28,69.96,88.65,0.0,0.0,0,0,0,4,4,0,1.0,0.0,LOW,LOYAL_LOW_FRICTION_CUSTOMER
C003841,Ariana,Hernandez,Pakistan,VIP,2,1832.28,916.14,2,0,2,0,13,80.87,82.8,22.5,45.0,1,0,0,2,2,0,1.0,5.0,LOW,NORMAL_CUSTOMER
C003842,Michael,Rios,Saudi Arabia,Standard,2,3621.1,1810.55,3,1,2,1,17,83.78,91.98,17.5,35.0,0,0,0,3,2,1,0.67,8.0,LOW,NORMAL_CUSTOMER
C003844,Ronnie,Myers,United Arab Emirates,Standard,1,3542.47,3542.47,1,0,1,0,7,51.65,51.65,0.0,0.0,0,0,0,1,1,0,1.0,0.0,LOW,NORMAL_CUSTOMER
C003846,John,Floyd,United Kingdom,Standard,3,5010.77,1670.26,4,1,3,1,23,56.48,74.2,25.0,40.0,1,0,0,4,3,1,0.75,13.0,LOW,LOYAL_LOW_FRICTION_CUSTOMER
C003848,Jodi,Jones,Pakistan,Standard,2,6463.4,3231.7,2,0,2,0,13,40.78,41.82,22.5,45.0,1,0,0,2,2,0,1.0,5.0,LOW,NORMAL_CUSTOMER
C003849,Ryan,Lane,United Kingdom,Standard,2,3425.61,1712.8,2,0,2,0,12,52.1,53.8,42.5,45.0,2,0,0,2,2,0,1.0,10.0,LOW,NORMAL_CUSTOMER
C003850,Mary,Moyer,Saudi Arabia,Premium,1,3092.77,3092.77,1,0,1,0,6,55.75,55.75,45.0,45.0,1,0,0,1,1,0,1.0,5.0,LOW,NORMAL_CUSTOMER
C003851,Dennis,Ramirez,United Arab Emirates,Standard,3,4850.6,1616.87,3,0,3,0,21,75.69,105.73,0.0,0.0,0,0,0,3,3,0,1.0,0.0,LOW,LOYAL_LOW_FRICTION_CUSTOMER
C003852,Jessica,Davis,Saudi Arabia,Standard,2,7565.47,3782.73,4,2,2,2,20,76.1,86.27,32.5,65.0,2,0,1,4,2,2,0.5,36.0,MEDIUM,FRICTION_PRONE_CUSTOMER
C003854,Steven,White,Other,Standard,1,4603.82,4603.82,1,0,1,0,7,41.37,41.37,0.0,0.0,0,0,0,1,1,0,1.0,0.0,LOW,NORMAL_CUSTOMER
C003855,Michael,Cruz,United Kingdom,Standard,8,20527.56,2565.95,11,3,8,3,63,68.23,82.15,21.88,75.0,4,0,2,11,8,3,0.73,64.0,HIGH,FRICTION_PRONE_CUSTOMER
C003857,Andrea,Coleman,United Arab Emirates,VIP,3,8759.4,2919.8,5,2,3,2,25,79.07,92.27,48.33,75.0,2,0,2,5,3,2,0.6,46.0,MEDIUM,FRICTION_PRONE_CUSTOMER
C003859,Catherine,Gutierrez,United Arab Emirates,Premium,1,1984.98,1984.98,1,0,1,0,7,96.82,96.82,0.0,0.0,0,0,0,1,1,0,1.0,0.0,LOW,NORMAL_CUSTOMER
C003861,Michele,Cook,United States,Premium,1,2134.63,2134.63,1,0,1,0,7,47.22,47.22,0.0,0.0,0,0,0,1,1,0,1.0,0.0,LOW,NORMAL_CUSTOMER
C003862,Donald,Pham,Pakistan,Standard,2,5305.95,2652.98,2,0,2,0,13,61.11,61.48,20.0,40.0,1,0,0,2,2,0,1.0,5.0,LOW,NORMAL_CUSTOMER
C003863,Amanda,Valdez,United Arab Emirates,Standard,2,4246.4,2123.2,2,0,2,0,13,60.37,73.27,20.0,40.0,1,0,0,2,2,0,1.0,5.0,LOW,NORMAL_CUSTOMER
C003864,Jose,Sanchez,Saudi Arabia,Standard,1,2988.67,2988.67,3,2,1,2,13,84.3,84.3,65.0,65.0,2,0,1,3,1,2,0.33,36.0,MEDIUM,FRICTION_PRONE_CUSTOMER
C003865,Olivia,Barnes,Saudi Arabia,Premium,1,815.44,815.44,1,0,1,0,6,50.82,50.82,45.0,45.0,1,0,0,1,1,0,1.0,5.0,LOW,NORMAL_CUSTOMER
C003866,Charles,Crawford,United Arab Emirates,Standard,3,7410.23,2470.08,3,0,3,0,20,53.85,81.2,13.33,40.0,1,0,0,3,3,0,1.0,5.0,LOW,LOYAL_LOW_FRICTION_CUSTOMER
C003867,Charles,Ferguson,United Arab Emirates,VIP,2,8085.5,4042.75,2,0,2,0,13,61.42,65.97,20.0,40.0,1,0,0,2,2,0,1.0,5.0,LOW,NORMAL_CUSTOMER
C003868,Andrew,Patel,United Kingdom,Standard,3,5039.74,1679.91,3,0,3,0,21,69.16,83.43,0.0,0.0,0,0,0,3,3,0,1.0,0.0,LOW,LOYAL_LOW_FRICTION_CUSTOMER
C003869,William,Underwood,United Kingdom,Standard,3,12730.86,4243.62,4,1,3,1,23,78.85,88.22,25.0,40.0,1,0,0,4,3,1,0.75,13.0,LOW,LOYAL_LOW_FRICTION_CUSTOMER
C003870,Anthony,Cruz,Saudi Arabia,Standard,1,1606.68,1606.68,1,0,1,0,6,66.18,66.18,40.0,40.0,1,0,0,1,1,0,1.0,5.0,LOW,NORMAL_CUSTOMER
C003871,Bonnie,Carpenter,United Arab Emirates,Standard,2,2349.94,1174.97,2,0,2,0,13,63.38,71.32,22.5,45.0,1,0,0,2,2,0,1.0,5.0,LOW,NORMAL_CUSTOMER
C003872,Richard,Fisher,Saudi Arabia,Premium,2,7511.84,3755.92,2,0,2,0,13,58.89,65.45,20.0,40.0,1,0,0,2,2,0,1.0,5.0,LOW,NORMAL_CUSTOMER
C003874,Rebecca,Steele,United States,Standard,1,2374.41,2374.41,1,0,1,0,6,59.93,59.93,40.0,40.0,1,0,0,1,1,0,1.0,5.0,LOW,NORMAL_CUSTOMER
C003875,Andrea,Goodman,Saudi Arabia,Standard,2,6011.97,3005.98,4,2,2,2,20,94.34,101.17,32.5,65.0,2,0,1,4,2,2,0.5,36.0,MEDIUM,FRICTION_PRONE_CUSTOMER
C003876,Amy,Warner,United Arab Emirates,Standard,4,12809.03,3202.26,7,3,4,3,36,84.82,126.65,35.0,65.0,4,0,1,7,4,3,0.57,54.0,HIGH,FRICTION_PRONE_CUSTOMER
C003877,Yolanda,Young,Saudi Arabia,Standard,2,7802.65,3901.32,2,0,2,0,14,89.93,92.42,0.0,0.0,0,0,0,2,2,0,1.0,0.0,LOW,NORMAL_CUSTOMER
C003878,Thomas,Smith,Other,Standard,1,4146.33,4146.33,1,0,1,0,7,67.22,67.22,0.0,0.0,0,0,0,1,1,0,1.0,0.0,LOW,NORMAL_CUSTOMER
C003879,Kimberly,Mcknight,Pakistan,Standard,2,1834.08,917.04,3,1,2,1,17,54.69,72.4,17.5,35.0,0,0,0,3,2,1,0.67,8.0,LOW,NORMAL_CUSTOMER
C003880,Michael,Smith,Saudi Arabia,Standard,2,3801.19,1900.59,2,0,2,0,14,43.3,54.17,0.0,0.0,0,0,0,2,2,0,1.0,0.0,LOW,NORMAL_CUSTOMER
C003881,Jeffrey,Grant,Pakistan,Standard,1,2069.25,2069.25,2,1,1,1,10,74.15,74.15,30.0,30.0,0,0,0,2,1,1,0.5,8.0,LOW,NORMAL_CUSTOMER
C003883,Jessica,Mccall,Other,Standard,1,2927.34,2927.34,1,0,1,0,7,81.8,81.8,0.0,0.0,0,0,0,1,1,0,1.0,0.0,LOW,NORMAL_CUSTOMER
C003884,Kelly,Brown,Saudi Arabia,Premium,2,3302.0,1651.0,3,1,2,1,17,79.32,94.67,17.5,35.0,0,0,0,3,2,1,0.67,8.0,LOW,NORMAL_CUSTOMER
C003885,Steven,Bailey,Other,Premium,1,3242.51,3242.51,1,0,1,0,6,88.32,88.32,40.0,40.0,1,0,0,1,1,0,1.0,5.0,LOW,NORMAL_CUSTOMER
C003886,William,Allison,Other,Premium,1,3550.01,3550.01,1,0,1,0,7,56.72,56.72,0.0,0.0,0,0,0,1,1,0,1.0,0.0,LOW,NORMAL_CUSTOMER
C003889,Elaine,Phillips,Pakistan,Standard,3,6191.98,2063.99,3,0,3,0,20,58.15,75.7,13.33,40.0,1,0,0,3,3,0,1.0,5.0,LOW,LOYAL_LOW_FRICTION_CUSTOMER
C003891,Lindsay,Castaneda,United States,Standard,1,1355.99,1355.99,2,1,1,1,10,48.3,48.3,30.0,30.0,0,0,0,2,1,1,0.5,8.0,LOW,NORMAL_CUSTOMER
C003893,Gabriel,Durham,United Kingdom,Premium,1,2343.0,2343.0,1,0,1,0,6,59.88,59.88,40.0,40.0,1,0,0,1,1,0,1.0,5.0,LOW,NORMAL_CUSTOMER
C003894,Willie,Sanchez,United Arab Emirates,Standard,3,7716.4,2572.13,4,1,3,1,22,58.66,74.68,38.33,70.0,2,0,1,4,3,1,0.75,28.0,MEDIUM,FRICTION_PRONE_CUSTOMER
C003895,Sean,Carey,United Kingdom,Standard,1,3962.95,3962.95,1,0,1,0,7,81.75,81.75,0.0,0.0,0,0,0,1,1,0,1.0,0.0,LOW,NORMAL_CUSTOMER
C003896,Harold,Brown,United States,Standard,2,6794.58,3397.29,2,0,2,0,13,86.15,97.33,20.0,40.0,1,0,0,2,2,0,1.0,5.0,LOW,NORMAL_CUSTOMER
C003897,Stacy,Taylor,Saudi Arabia,Standard,2,9048.98,4524.49,2,0,2,0,13,75.04,77.47,22.5,45.0,1,0,0,2,2,0,1.0,5.0,LOW,NORMAL_CUSTOMER
C003898,Donna,Hayden,United States,Standard,3,7428.88,2476.29,3,0,3,0,21,57.07,63.68,0.0,0.0,0,0,0,3,3,0,1.0,0.0,LOW,LOYAL_LOW_FRICTION_CUSTOMER
C003900,Jill,Bennett,United States,Standard,3,8089.05,2696.35,4,1,3,1,24,100.62,108.4,10.0,30.0,0,0,0,4,3,1,0.75,8.0,LOW,LOYAL_LOW_FRICTION_CUSTOMER
C003901,Timothy,Johnson,United Arab Emirates,Premium,1,2054.63,2054.63,1,0,1,0,6,64.72,64.72,40.0,40.0,1,0,0,1,1,0,1.0,5.0,LOW,NORMAL_CUSTOMER
C003902,Michael,Hanna,United Arab Emirates,VIP,3,7612.62,2537.54,5,2,3,2,24,85.99,90.82,63.33,75.0,3,0,2,5,3,2,0.6,51.0,HIGH,FRICTION_PRONE_CUSTOMER
C003903,Jeffery,Watson,Other,Standard,1,1834.01,1834.01,1,0,1,0,7,72.23,72.23,0.0,0.0,0,0,0,1,1,0,1.0,0.0,LOW,NORMAL_CUSTOMER
C003904,Tony,Miles,Saudi Arabia,Standard,1,3705.63,3705.63,1,0,1,0,7,84.57,84.57,0.0,0.0,0,0,0,1,1,0,1.0,0.0,LOW,NORMAL_CUSTOMER
C003905,Bryan,Bates,United States,Premium,3,7517.56,2505.85,4,1,3,1,24,75.55,84.18,10.0,30.0,0,0,0,4,3,1,0.75,8.0,LOW,LOYAL_LOW_FRICTION_CUSTOMER
C003906,Mike,Jones,United Arab Emirates,Standard,1,3765.63,3765.63,1,0,1,0,7,50.5,50.5,0.0,0.0,0,0,0,1,1,0,1.0,0.0,LOW,NORMAL_CUSTOMER
C003907,Brad,Monroe,Pakistan,Standard,6,14442.11,2407.02,9,3,6,3,51,80.51,123.02,15.83,65.0,3,0,1,9,6,3,0.67,49.0,MEDIUM,FRICTION_PRONE_CUSTOMER
C003908,Jamie,Harrell,United Arab Emirates,Premium,2,5040.94,2520.47,3,1,2,1,17,82.68,94.95,15.0,30.0,0,0,0,3,2,1,0.67,8.0,LOW,NORMAL_CUSTOMER
C003909,Rebecca,Johnson,Pakistan,Standard,2,7184.64,3592.32,5,3,2,3,23,84.59,106.08,50.0,65.0,2,0,1,5,2,3,0.4,44.0,MEDIUM,FRICTION_PRONE_CUSTOMER
C003912,Shawn,Jones,Saudi Arabia,Standard,1,4308.11,4308.11,1,0,1,0,7,37.67,37.67,0.0,0.0,0,0,0,1,1,0,1.0,0.0,LOW,NORMAL_CUSTOMER
C003914,Tina,Cervantes,Other,Standard,1,1896.25,1896.25,1,0,1,0,7,85.33,85.33,0.0,0.0,0,0,0,1,1,0,1.0,0.0,LOW,NORMAL_CUSTOMER
C003916,Jane,White,United Arab Emirates,Standard,1,2877.52,2877.52,1,0,1,0,6,90.85,90.85,40.0,40.0,1,0,0,1,1,0,1.0,5.0,LOW,NORMAL_CUSTOMER
C003917,Adrienne,Manning,United Kingdom,VIP,1,1098.0,1098.0,1,0,1,0,7,71.48,71.48,0.0,0.0,0,0,0,1,1,0,1.0,0.0,LOW,NORMAL_CUSTOMER
C003918,Maria,Adkins,United Arab Emirates,Premium,2,6795.08,3397.54,2,0,2,0,13,71.16,88.88,22.5,45.0,1,0,0,2,2,0,1.0,5.0,LOW,NORMAL_CUSTOMER
C003919,Mary,Hale,United Kingdom,Standard,1,4666.28,4666.28,1,0,1,0,6,46.3,46.3,45.0,45.0,1,0,0,1,1,0,1.0,5.0,LOW,NORMAL_CUSTOMER
C003920,Jose,Evans,United States,Standard,1,3431.65,3431.65,1,0,1,0,7,92.4,92.4,0.0,0.0,0,0,0,1,1,0,1.0,0.0,LOW,NORMAL_CUSTOMER
C003921,Amy,Jenkins,Other,Standard,3,8306.56,2768.85,3,0,3,0,20,59.53,74.5,15.0,45.0,1,0,0,3,3,0,1.0,5.0,LOW,LOYAL_LOW_FRICTION_CUSTOMER
C003923,Desiree,Harrington,United States,Premium,1,2422.63,2422.63,2,1,1,1,10,74.4,74.4,35.0,35.0,0,0,0,2,1,1,0.5,8.0,LOW,NORMAL_CUSTOMER
C003924,Michael,Dominguez,Saudi Arabia,Standard,3,8545.62,2848.54,5,2,3,2,27,60.07,92.67,21.67,65.0,2,0,1,5,3,2,0.6,36.0,MEDIUM,FRICTION_PRONE_CUSTOMER
C003925,Denise,Mitchell,Other,Standard,3,5266.05,1755.35,5,2,3,2,26,76.94,83.42,35.0,65.0,3,0,1,5,3,2,0.6,41.0,MEDIUM,FRICTION_PRONE_CUSTOMER
C003926,Mary,Moore,Saudi Arabia,Standard,2,9010.53,4505.26,2,0,2,0,14,53.97,68.38,0.0,0.0,0,0,0,2,2,0,1.0,0.0,LOW,NORMAL_CUSTOMER
C003927,Zachary,Ibarra,Pakistan,Premium,2,3170.34,1585.17,6,4,2,4,25,108.06,119.63,80.0,100.0,5,1,1,6,2,4,0.33,87.0,CRITICAL,HIGH_RISK_CUSTOMER
C003928,Nicholas,Johnson,United Kingdom,Premium,1,4823.4,4823.4,1,0,1,0,7,46.2,46.2,0.0,0.0,0,0,0,1,1,0,1.0,0.0,LOW,NORMAL_CUSTOMER
C003929,Rebecca,Potter,United Kingdom,Standard,2,4199.99,2100.0,2,0,2,0,14,80.68,88.73,0.0,0.0,0,0,0,2,2,0,1.0,0.0,LOW,NORMAL_CUSTOMER
C003930,Zachary,Gordon,Saudi Arabia,Standard,1,897.34,897.34,1,0,1,0,7,96.68,96.68,0.0,0.0,0,0,0,1,1,0,1.0,0.0,LOW,NORMAL_CUSTOMER
C003931,Michael,Smith,Other,Standard,2,2528.99,1264.49,3,1,2,1,16,48.05,56.47,35.0,70.0,1,0,1,3,2,1,0.67,23.0,LOW,FRICTION_PRONE_CUSTOMER
C003933,Tommy,Frazier,Pakistan,Standard,3,8617.2,2872.4,4,1,3,1,24,71.37,86.65,11.67,35.0,0,0,0,4,3,1,0.75,8.0,LOW,LOYAL_LOW_FRICTION_CUSTOMER
C003934,Timothy,Liu,Saudi Arabia,Premium,1,3987.67,3987.67,1,0,1,0,7,72.35,72.35,0.0,0.0,0,0,0,1,1,0,1.0,0.0,LOW,NORMAL_CUSTOMER
C003935,Cassandra,Spencer,United Arab Emirates,Standard,1,2439.88,2439.88,2,1,1,1,10,68.2,68.2,30.0,30.0,0,0,0,2,1,1,0.5,8.0,LOW,NORMAL_CUSTOMER
C003936,Warren,Gallegos,Pakistan,Premium,4,10032.9,2508.22,4,0,4,0,28,63.52,91.28,0.0,0.0,0,0,0,4,4,0,1.0,0.0,LOW,LOYAL_LOW_FRICTION_CUSTOMER
C003937,Don,Ellison,United Arab Emirates,VIP,1,3999.27,3999.27,2,1,1,1,10,55.93,55.93,35.0,35.0,0,0,0,2,1,1,0.5,8.0,LOW,NORMAL_CUSTOMER
C003938,Gabriel,Shaw,Saudi Arabia,Standard,1,1433.57,1433.57,3,2,1,2,12,98.2,98.2,100.0,100.0,3,1,0,3,1,2,0.33,51.0,HIGH,FRICTION_PRONE_CUSTOMER
C003939,Chris,Fletcher,Saudi Arabia,Standard,1,570.12,570.12,3,2,1,2,12,120.43,120.43,100.0,100.0,4,1,0,3,1,2,0.33,56.0,HIGH,FRICTION_PRONE_CUSTOMER
C003940,Dawn,Henderson,United Arab Emirates,Premium,1,2642.43,2642.43,1,0,1,0,7,50.93,50.93,0.0,0.0,0,0,0,1,1,0,1.0,0.0,LOW,NORMAL_CUSTOMER
C003941,Jason,Moore,United States,Standard,2,3825.48,1912.74,2,0,2,0,14,69.42,86.65,0.0,0.0,0,0,0,2,2,0,1.0,0.0,LOW,NORMAL_CUSTOMER
C003944,Jennifer,Spence,United Arab Emirates,Standard,2,5207.12,2603.56,2,0,2,0,14,53.05,61.35,0.0,0.0,0,0,0,2,2,0,1.0,0.0,LOW,NORMAL_CUSTOMER
C003946,Jerry,Lewis,Saudi Arabia,Standard,1,2849.03,2849.03,1,0,1,0,7,55.48,55.48,0.0,0.0,0,0,0,1,1,0,1.0,0.0,LOW,NORMAL_CUSTOMER
C003948,Jennifer,Robinson,Pakistan,Standard,1,4924.37,4924.37,2,1,1,1,10,41.85,41.85,30.0,30.0,0,0,0,2,1,1,0.5,8.0,LOW,NORMAL_CUSTOMER
C003950,Timothy,Reese,Saudi Arabia,Standard,1,1385.09,1385.09,1,0,1,0,7,54.85,54.85,0.0,0.0,0,0,0,1,1,0,1.0,0.0,LOW,NORMAL_CUSTOMER
C003951,Jason,Hansen,Saudi Arabia,Standard,1,1707.3,1707.3,1,0,1,0,6,60.97,60.97,40.0,40.0,1,0,0,1,1,0,1.0,5.0,LOW,NORMAL_CUSTOMER
C003952,Evan,Skinner,United States,Standard,2,4010.97,2005.48,2,0,2,0,13,48.44,59.4,20.0,40.0,1,0,0,2,2,0,1.0,5.0,LOW,NORMAL_CUSTOMER
C003953,Martha,Velasquez,Other,Standard,3,8231.01,2743.67,3,0,3,0,19,59.67,73.95,28.33,45.0,2,0,0,3,3,0,1.0,10.0,LOW,LOYAL_LOW_FRICTION_CUSTOMER
C003954,Andrew,Mcdonald,Saudi Arabia,Premium,3,6684.73,2228.24,4,1,3,1,22,51.05,63.38,40.0,45.0,2,0,0,4,3,1,0.75,18.0,LOW,NORMAL_CUSTOMER
C003955,Bradley,Edwards,Saudi Arabia,Premium,1,3413.2,3413.2,1,0,1,0,7,33.18,33.18,0.0,0.0,0,0,0,1,1,0,1.0,0.0,LOW,NORMAL_CUSTOMER
C003957,Evan,Wilcox,Other,Premium,1,644.43,644.43,2,1,1,1,10,72.85,72.85,30.0,30.0,0,0,0,2,1,1,0.5,8.0,LOW,NORMAL_CUSTOMER
C003958,Crystal,Martin,United Arab Emirates,Standard,3,7026.33,2342.11,4,1,3,1,23,57.8,83.57,23.33,40.0,1,0,0,4,3,1,0.75,13.0,LOW,LOYAL_LOW_FRICTION_CUSTOMER
C003959,Benjamin,Pratt,Saudi Arabia,Standard,1,1415.99,1415.99,2,1,1,1,9,65.12,65.12,75.0,75.0,1,0,1,2,1,1,0.5,23.0,LOW,FRICTION_PRONE_CUSTOMER
C003960,Ashley,Lucas,Saudi Arabia,Standard,5,13362.49,2672.5,6,1,5,1,38,70.65,97.82,6.0,30.0,0,0,0,6,5,1,0.83,8.0,LOW,LOYAL_LOW_FRICTION_CUSTOMER
C003961,Brian,Lee,Pakistan,Premium,1,3847.57,3847.57,1,0,1,0,7,31.9,31.9,0.0,0.0,0,0,0,1,1,0,1.0,0.0,LOW,NORMAL_CUSTOMER
C003962,Jonathan,Rodriguez,United Arab Emirates,Premium,2,2989.93,1494.96,2,0,2,0,14,53.54,53.67,0.0,0.0,0,0,0,2,2,0,1.0,0.0,LOW,NORMAL_CUSTOMER
C003963,Hector,Miller,Saudi Arabia,Standard,2,3447.51,1723.76,4,2,2,2,20,90.77,92.17,32.5,65.0,2,0,1,4,2,2,0.5,36.0,MEDIUM,FRICTION_PRONE_CUSTOMER
C003964,Susan,Morrison,Pakistan,Standard,1,4393.36,4393.36,1,0,1,0,7,78.27,78.27,0.0,0.0,0,0,0,1,1,0,1.0,0.0,LOW,NORMAL_CUSTOMER
C003965,Carol,Bradford,Saudi Arabia,Standard,1,2257.32,2257.32,1,0,1,0,7,60.4,60.4,0.0,0.0,0,0,0,1,1,0,1.0,0.0,LOW,NORMAL_CUSTOMER
C003966,Anne,Johnson,United States,Standard,2,3568.23,1784.12,3,1,2,1,16,46.39,52.45,35.0,40.0,1,0,0,3,2,1,0.67,13.0,LOW,NORMAL_CUSTOMER
C003967,Andrew,Campbell,United Arab Emirates,Standard,2,2498.17,1249.08,2,0,2,0,13,68.61,81.6,22.5,45.0,1,0,0,2,2,0,1.0,5.0,LOW,NORMAL_CUSTOMER
C003968,Jennifer,Weaver,Saudi Arabia,Premium,2,5710.92,2855.46,2,0,2,0,13,62.54,68.3,20.0,40.0,1,0,0,2,2,0,1.0,5.0,LOW,NORMAL_CUSTOMER
C003969,Dorothy,Jones,Pakistan,Standard,2,5800.6,2900.3,2,0,2,0,13,50.58,57.92,22.5,45.0,1,0,0,2,2,0,1.0,5.0,LOW,NORMAL_CUSTOMER
C003970,Justin,Harper,United Arab Emirates,Premium,4,7299.81,1824.95,8,4,4,4,37,75.4,103.88,63.75,100.0,5,1,1,8,4,4,0.5,87.0,CRITICAL,HIGH_RISK_CUSTOMER
C003971,Christopher,Avila,Other,Standard,3,5651.56,1883.85,3,0,3,0,20,53.23,85.88,13.33,40.0,1,0,0,3,3,0,1.0,5.0,LOW,LOYAL_LOW_FRICTION_CUSTOMER
C003973,Victoria,Arnold,Saudi Arabia,Premium,1,1304.75,1304.75,1,0,1,0,6,73.2,73.2,40.0,40.0,1,0,0,1,1,0,1.0,5.0,LOW,NORMAL_CUSTOMER
C003975,George,Johnson,Saudi Arabia,Standard,1,4502.33,4502.33,2,1,1,1,10,61.28,61.28,35.0,35.0,0,0,0,2,1,1,0.5,8.0,LOW,NORMAL_CUSTOMER
C003976,Maria,Adams,Other,Premium,1,1236.35,1236.35,1,0,1,0,6,38.75,38.75,40.0,40.0,1,0,0,1,1,0,1.0,5.0,LOW,NORMAL_CUSTOMER
C003977,Carolyn,Davila,United Arab Emirates,Premium,4,5960.63,1490.16,7,3,4,3,36,67.63,74.28,33.75,65.0,3,0,1,7,4,3,0.57,49.0,MEDIUM,FRICTION_PRONE_CUSTOMER
C003978,Laura,Cunningham,Pakistan,Standard,1,2415.41,2415.41,1,0,1,0,6,50.58,50.58,40.0,40.0,1,0,0,1,1,0,1.0,5.0,LOW,NORMAL_CUSTOMER
C003979,Lori,Elliott,Saudi Arabia,Standard,1,723.61,723.61,1,0,1,0,7,80.5,80.5,0.0,0.0,0,0,0,1,1,0,1.0,0.0,LOW,NORMAL_CUSTOMER
C003980,Hunter,Tyler,United Arab Emirates,Standard,1,2815.49,2815.49,1,0,1,0,7,60.4,60.4,0.0,0.0,0,0,0,1,1,0,1.0,0.0,LOW,NORMAL_CUSTOMER
C003981,Donna,Williams,United States,Premium,1,2222.25,2222.25,2,1,1,1,9,86.07,86.07,75.0,75.0,1,0,1,2,1,1,0.5,23.0,LOW,FRICTION_PRONE_CUSTOMER
C003982,Joseph,Edwards,United States,VIP,5,12940.89,2588.18,8,3,5,3,43,77.97,98.52,29.0,80.0,3,1,1,8,5,3,0.62,69.0,HIGH,FRICTION_PRONE_CUSTOMER
C003983,Jennifer,Harding,Saudi Arabia,Standard,2,7301.41,3650.7,2,0,2,0,14,76.45,78.43,0.0,0.0,0,0,0,2,2,0,1.0,0.0,LOW,NORMAL_CUSTOMER
C003984,Matthew,Smith,Saudi Arabia,Standard,3,7901.48,2633.83,4,1,3,1,22,75.08,94.28,36.67,70.0,2,0,1,4,3,1,0.75,28.0,MEDIUM,FRICTION_PRONE_CUSTOMER
C003986,Brittany,Campbell,Other,Standard,4,10844.66,2711.16,5,1,4,1,30,66.39,82.58,20.0,45.0,1,0,0,5,4,1,0.8,13.0,LOW,LOYAL_LOW_FRICTION_CUSTOMER
C003987,Jerry,Sanders,Saudi Arabia,Standard,4,8868.82,2217.2,5,1,4,1,31,50.13,70.57,8.75,35.0,0,0,0,5,4,1,0.8,8.0,LOW,LOYAL_LOW_FRICTION_CUSTOMER
C003988,Paul,Lee,United Arab Emirates,Standard,1,4565.29,4565.29,1,0,1,0,7,80.18,80.18,0.0,0.0,0,0,0,1,1,0,1.0,0.0,LOW,NORMAL_CUSTOMER
C003989,Daniel,Walton,United Arab Emirates,Standard,3,6208.14,2069.38,3,0,3,0,19,60.52,63.9,26.67,40.0,2,0,0,3,3,0,1.0,10.0,LOW,LOYAL_LOW_FRICTION_CUSTOMER
C003991,Michele,Dickson,Saudi Arabia,Standard,3,5393.39,1797.8,4,1,3,1,23,66.5,90.13,25.0,40.0,1,0,0,4,3,1,0.75,13.0,LOW,LOYAL_LOW_FRICTION_CUSTOMER
C003992,William,Park,Saudi Arabia,Standard,1,927.94,927.94,1,0,1,0,7,90.57,90.57,0.0,0.0,0,0,0,1,1,0,1.0,0.0,LOW,NORMAL_CUSTOMER
C003993,Robert,Davis,United States,Premium,2,5135.59,2567.8,2,0,2,0,14,68.83,91.27,0.0,0.0,0,0,0,2,2,0,1.0,0.0,LOW,NORMAL_CUSTOMER
C003994,Edward,Russell,Saudi Arabia,Standard,3,9884.06,3294.69,4,1,3,1,24,56.99,79.07,11.67,35.0,0,0,0,4,3,1,0.75,8.0,LOW,LOYAL_LOW_FRICTION_CUSTOMER
C003995,Cole,Figueroa,United Arab Emirates,Standard,1,876.46,876.46,1,0,1,0,7,76.55,76.55,0.0,0.0,0,0,0,1,1,0,1.0,0.0,LOW,NORMAL_CUSTOMER
C003997,Christina,Aguirre,United Arab Emirates,Premium,2,7283.4,3641.7,2,0,2,0,13,73.56,78.9,22.5,45.0,1,0,0,2,2,0,1.0,5.0,LOW,NORMAL_CUSTOMER
C003999,Kristen,Matthews,Pakistan,Standard,4,8797.57,2199.39,4,0,4,0,27,64.91,96.17,10.0,40.0,1,0,0,4,4,0,1.0,5.0,LOW,LOYAL_LOW_FRICTION_CUSTOMER
C004000,Wesley,Reyes,Saudi Arabia,Standard,2,3536.38,1768.19,3,1,2,1,16,86.18,94.95,37.5,75.0,1,0,1,3,2,1,0.67,23.0,LOW,FRICTION_PRONE_CUSTOMER
C004001,David,Willis,Pakistan,Standard,5,15986.11,3197.22,5,0,5,0,34,49.32,83.62,9.0,45.0,1,0,0,5,5,0,1.0,5.0,LOW,LOYAL_LOW_FRICTION_CUSTOMER
C004002,Timothy,Christian,United States,Standard,1,931.07,931.07,1,0,1,0,7,42.3,42.3,0.0,0.0,0,0,0,1,1,0,1.0,0.0,LOW,NORMAL_CUSTOMER
C004003,David,Roberts,United States,Standard,1,3610.11,3610.11,1,0,1,0,7,66.7,66.7,0.0,0.0,0,0,0,1,1,0,1.0,0.0,LOW,NORMAL_CUSTOMER
C004006,Penny,Mcclure,Saudi Arabia,Standard,4,14705.9,3676.48,6,2,4,2,32,64.68,88.87,35.0,100.0,4,1,0,6,4,2,0.67,56.0,HIGH,FRICTION_PRONE_CUSTOMER
C004007,Kimberly,Davis,United Arab Emirates,Standard,3,6022.87,2007.62,5,2,3,2,26,67.05,102.65,33.33,70.0,1,0,1,5,3,2,0.6,31.0,MEDIUM,FRICTION_PRONE_CUSTOMER
C004008,Debra,Higgins,United Arab Emirates,Standard,1,2954.9,2954.9,2,1,1,1,9,64.87,64.87,75.0,75.0,1,0,1,2,1,1,0.5,23.0,LOW,FRICTION_PRONE_CUSTOMER
C004009,Alexa,Wilkerson,United Kingdom,Standard,4,10320.35,2580.09,6,2,4,2,33,56.15,72.77,25.0,60.0,3,0,1,6,4,2,0.67,41.0,MEDIUM,FRICTION_PRONE_CUSTOMER
C004010,Mitchell,Aguirre,Saudi Arabia,Standard,4,7026.4,1756.6,6,2,4,2,34,66.83,84.6,15.0,30.0,0,0,0,6,4,2,0.67,16.0,LOW,FRICTION_PRONE_CUSTOMER
C004012,Alyssa,Mack,United Arab Emirates,Premium,1,2006.58,2006.58,1,0,1,0,7,81.57,81.57,0.0,0.0,0,0,0,1,1,0,1.0,0.0,LOW,NORMAL_CUSTOMER
C004014,Leah,Stuart,Saudi Arabia,Standard,2,6739.66,3369.83,2,0,2,0,14,87.1,96.7,0.0,0.0,0,0,0,2,2,0,1.0,0.0,LOW,NORMAL_CUSTOMER
C004015,Kristine,Black,Pakistan,Standard,2,6548.25,3274.12,3,1,2,1,17,74.52,76.6,15.0,30.0,0,0,0,3,2,1,0.67,8.0,LOW,NORMAL_CUSTOMER
C004016,Patrick,Chandler,Saudi Arabia,Standard,1,1315.6,1315.6,2,1,1,1,10,85.8,85.8,35.0,35.0,0,0,0,2,1,1,0.5,8.0,LOW,NORMAL_CUSTOMER
C004017,Brianna,Curtis,Other,Standard,5,9722.02,1944.4,6,1,5,1,38,73.97,92.93,7.0,35.0,0,0,0,6,5,1,0.83,8.0,LOW,LOYAL_LOW_FRICTION_CUSTOMER
C004018,Judith,Conrad,Other,Premium,1,3490.82,3490.82,1,0,1,0,7,68.25,68.25,0.0,0.0,0,0,0,1,1,0,1.0,0.0,LOW,NORMAL_CUSTOMER
C004019,Kathleen,Peterson,Saudi Arabia,Premium,2,7367.02,3683.51,2,0,2,0,14,48.74,51.72,0.0,0.0,0,0,0,2,2,0,1.0,0.0,LOW,NORMAL_CUSTOMER
C004020,Heather,Floyd,Saudi Arabia,Premium,1,3047.39,3047.39,1,0,1,0,7,76.72,76.72,0.0,0.0,0,0,0,1,1,0,1.0,0.0,LOW,NORMAL_CUSTOMER
C004021,Connor,Morgan,United Arab Emirates,Premium,2,5525.05,2762.52,4,2,2,2,20,93.62,103.53,32.5,65.0,2,0,1,4,2,2,0.5,36.0,MEDIUM,FRICTION_PRONE_CUSTOMER
C004022,Dennis,Ward,Saudi Arabia,VIP,1,4975.98,4975.98,1,0,1,0,7,66.68,66.68,0.0,0.0,0,0,0,1,1,0,1.0,0.0,LOW,NORMAL_CUSTOMER
C004023,Thomas,Chase,United Kingdom,Standard,1,822.43,822.43,1,0,1,0,7,75.67,75.67,0.0,0.0,0,0,0,1,1,0,1.0,0.0,LOW,NORMAL_CUSTOMER
C004024,Jesse,Jordan,United States,VIP,1,4086.62,4086.62,2,1,1,1,10,79.48,79.48,30.0,30.0,0,0,0,2,1,1,0.5,8.0,LOW,NORMAL_CUSTOMER
C004026,Justin,Schroeder,United States,Premium,3,9189.37,3063.12,3,0,3,0,20,57.91,72.17,13.33,40.0,1,0,0,3,3,0,1.0,5.0,LOW,LOYAL_LOW_FRICTION_CUSTOMER
C004027,Nancy,Hughes,United Arab Emirates,Standard,2,1312.44,656.22,2,0,2,0,13,72.41,96.57,22.5,45.0,1,0,0,2,2,0,1.0,5.0,LOW,NORMAL_CUSTOMER
C004028,Ricky,Clark,Saudi Arabia,Standard,2,7273.73,3636.86,2,0,2,0,14,62.98,82.28,0.0,0.0,0,0,0,2,2,0,1.0,0.0,LOW,NORMAL_CUSTOMER
C004030,Jenna,Jones,United Arab Emirates,Standard,1,2574.54,2574.54,1,0,1,0,7,49.95,49.95,0.0,0.0,0,0,0,1,1,0,1.0,0.0,LOW,NORMAL_CUSTOMER
C004033,David,Jimenez,Saudi Arabia,Standard,1,4552.3,4552.3,3,2,1,2,13,77.37,77.37,65.0,65.0,2,0,1,3,1,2,0.33,36.0,MEDIUM,FRICTION_PRONE_CUSTOMER
C004034,Adrian,Ballard,Other,Standard,5,10392.68,2078.54,6,1,5,1,36,61.17,72.37,23.0,45.0,2,0,0,6,5,1,0.83,18.0,LOW,LOYAL_LOW_FRICTION_CUSTOMER
C004035,Diamond,Thomas,Saudi Arabia,Standard,2,5733.35,2866.68,4,2,2,2,19,99.3,111.78,50.0,100.0,3,1,0,4,2,2,0.5,51.0,HIGH,FRICTION_PRONE_CUSTOMER
C004037,Leslie,Payne,Other,Standard,2,5156.62,2578.31,4,2,2,2,20,75.9,76.88,32.5,65.0,2,0,1,4,2,2,0.5,36.0,MEDIUM,FRICTION_PRONE_CUSTOMER
C004038,Michael,Novak,United States,Standard,2,4153.91,2076.96,2,0,2,0,13,56.33,64.82,20.0,40.0,1,0,0,2,2,0,1.0,5.0,LOW,NORMAL_CUSTOMER
C004039,Eric,Harrington,United Kingdom,Standard,1,2256.71,2256.71,3,2,1,2,13,88.53,88.53,65.0,65.0,2,0,1,3,1,2,0.33,36.0,MEDIUM,FRICTION_PRONE_CUSTOMER
C004040,Denise,Miller,Pakistan,Standard,2,5162.83,2581.42,2,0,2,0,14,69.04,91.67,0.0,0.0,0,0,0,2,2,0,1.0,0.0,LOW,NORMAL_CUSTOMER
C004041,Jon,Davis,Other,Standard,1,860.98,860.98,1,0,1,0,7,53.75,53.75,0.0,0.0,0,0,0,1,1,0,1.0,0.0,LOW,NORMAL_CUSTOMER
C004042,Melissa,Edwards,Saudi Arabia,VIP,1,1517.73,1517.73,1,0,1,0,7,79.42,79.42,0.0,0.0,0,0,0,1,1,0,1.0,0.0,LOW,NORMAL_CUSTOMER
C004043,Rodney,Villa,United Arab Emirates,Standard,5,14138.64,2827.73,8,3,5,3,42,71.27,110.63,35.0,100.0,4,1,0,8,5,3,0.62,64.0,HIGH,FRICTION_PRONE_CUSTOMER
C004045,Joshua,Ramirez,United Arab Emirates,Standard,3,13634.75,4544.92,4,1,3,1,22,65.88,88.58,38.33,40.0,2,0,0,4,3,1,0.75,18.0,LOW,NORMAL_CUSTOMER
C004046,Erin,Cox,United Arab Emirates,Standard,3,6294.47,2098.16,3,0,3,0,21,55.88,63.72,0.0,0.0,0,0,0,3,3,0,1.0,0.0,LOW,LOYAL_LOW_FRICTION_CUSTOMER
C004050,Timothy,Scott,Saudi Arabia,Standard,1,4468.82,4468.82,1,0,1,0,6,73.42,73.42,45.0,45.0,1,0,0,1,1,0,1.0,5.0,LOW,NORMAL_CUSTOMER
C004051,Mitchell,Kennedy,Other,Standard,1,3543.18,3543.18,1,0,1,0,7,81.27,81.27,0.0,0.0,0,0,0,1,1,0,1.0,0.0,LOW,NORMAL_CUSTOMER
C004052,Angela,Scott,United Kingdom,Premium,1,817.22,817.22,2,1,1,1,10,82.7,82.7,35.0,35.0,0,0,0,2,1,1,0.5,8.0,LOW,NORMAL_CUSTOMER
C004053,Jon,Mcdowell,United States,Standard,2,7820.42,3910.21,2,0,2,0,14,68.39,73.2,0.0,0.0,0,0,0,2,2,0,1.0,0.0,LOW,NORMAL_CUSTOMER
C004055,Maxwell,Taylor,United States,Standard,1,4927.94,4927.94,1,0,1,0,7,60.57,60.57,0.0,0.0,0,0,0,1,1,0,1.0,0.0,LOW,NORMAL_CUSTOMER
C004056,Janice,Martinez,Saudi Arabia,Standard,1,687.48,687.48,1,0,1,0,7,68.88,68.88,0.0,0.0,0,0,0,1,1,0,1.0,0.0,LOW,NORMAL_CUSTOMER
C004057,Jill,Carroll,United States,Standard,1,1233.73,1233.73,2,1,1,1,10,78.27,78.27,30.0,30.0,0,0,0,2,1,1,0.5,8.0,LOW,NORMAL_CUSTOMER
C004058,Melissa,Williams,Saudi Arabia,Standard,2,5119.98,2559.99,5,3,2,3,23,96.06,106.45,47.5,65.0,2,0,1,5,2,3,0.4,44.0,MEDIUM,FRICTION_PRONE_CUSTOMER
C004060,Julie,Morales,Other,Standard,3,6163.06,2054.35,3,0,3,0,19,59.18,69.27,26.67,40.0,2,0,0,3,3,0,1.0,10.0,LOW,LOYAL_LOW_FRICTION_CUSTOMER
C004061,Sean,Vincent,Saudi Arabia,Standard,1,1177.85,1177.85,1,0,1,0,6,79.53,79.53,40.0,40.0,1,0,0,1,1,0,1.0,5.0,LOW,NORMAL_CUSTOMER
C004062,Holly,Stark,Saudi Arabia,Standard,2,5102.64,2551.32,2,0,2,0,14,77.12,78.42,0.0,0.0,0,0,0,2,2,0,1.0,0.0,LOW,NORMAL_CUSTOMER
C004063,Evan,Anderson,United States,Standard,2,4701.98,2350.99,2,0,2,0,13,62.88,79.33,20.0,40.0,1,0,0,2,2,0,1.0,5.0,LOW,NORMAL_CUSTOMER
C004064,Jason,Richardson,Saudi Arabia,Standard,1,1690.33,1690.33,1,0,1,0,7,55.87,55.87,0.0,0.0,0,0,0,1,1,0,1.0,0.0,LOW,NORMAL_CUSTOMER
C004065,Richard,Kirk,Other,Standard,1,4601.22,4601.22,1,0,1,0,7,42.43,42.43,0.0,0.0,0,0,0,1,1,0,1.0,0.0,LOW,NORMAL_CUSTOMER
C004066,Matthew,Crane,Saudi Arabia,Standard,2,4094.46,2047.23,3,1,2,1,17,65.45,74.1,15.0,30.0,0,0,0,3,2,1,0.67,8.0,LOW,NORMAL_CUSTOMER
C004067,Andrea,Brooks,Saudi Arabia,Premium,3,5735.51,1911.84,4,1,3,1,24,66.18,99.4,10.0,30.0,0,0,0,4,3,1,0.75,8.0,LOW,LOYAL_LOW_FRICTION_CUSTOMER
C004068,Heidi,Fleming,Other,Premium,2,5680.34,2840.17,3,1,2,1,15,87.82,106.28,57.5,75.0,2,0,1,3,2,1,0.67,28.0,MEDIUM,FRICTION_PRONE_CUSTOMER
C004069,Jasmine,Hunter,United Kingdom,Standard,2,3444.72,1722.36,5,3,2,3,22,91.29,103.2,67.5,70.0,3,0,2,5,2,3,0.4,59.0,HIGH,FRICTION_PRONE_CUSTOMER
C004070,Eugene,Baker,United States,Premium,2,2934.43,1467.22,2,0,2,0,13,62.85,72.33,22.5,45.0,1,0,0,2,2,0,1.0,5.0,LOW,NORMAL_CUSTOMER
C004071,Tamara,Hutchinson,United Arab Emirates,Standard,2,4760.81,2380.4,2,0,2,0,13,49.36,57.77,20.0,40.0,1,0,0,2,2,0,1.0,5.0,LOW,NORMAL_CUSTOMER
C004072,Adam,Fleming,United Kingdom,Standard,2,5367.43,2683.72,3,1,2,1,16,71.9,74.57,40.0,45.0,1,0,0,3,2,1,0.67,13.0,LOW,NORMAL_CUSTOMER
C004073,Christopher,Oliver,Pakistan,Standard,1,2672.46,2672.46,2,1,1,1,10,78.67,78.67,30.0,30.0,0,0,0,2,1,1,0.5,8.0,LOW,NORMAL_CUSTOMER
C004074,Dustin,Schneider,Pakistan,Standard,2,5619.46,2809.73,2,0,2,0,14,66.19,66.72,0.0,0.0,0,0,0,2,2,0,1.0,0.0,LOW,NORMAL_CUSTOMER
C004077,Caleb,Nicholson,United Arab Emirates,Standard,2,5459.51,2729.76,4,2,2,2,20,64.03,66.78,32.5,65.0,2,0,1,4,2,2,0.5,36.0,MEDIUM,FRICTION_PRONE_CUSTOMER
C004079,Christopher,Farrell,United States,Standard,3,10170.05,3390.02,3,0,3,0,20,64.76,88.42,15.0,45.0,1,0,0,3,3,0,1.0,5.0,LOW,LOYAL_LOW_FRICTION_CUSTOMER
C004080,Benjamin,Roberts,Saudi Arabia,VIP,3,3315.15,1105.05,3,0,3,0,20,53.73,62.4,13.33,40.0,1,0,0,3,3,0,1.0,5.0,LOW,LOYAL_LOW_FRICTION_CUSTOMER
C004081,Patrick,Moore,United Kingdom,Standard,1,783.2,783.2,1,0,1,0,7,98.37,98.37,0.0,0.0,0,0,0,1,1,0,1.0,0.0,LOW,NORMAL_CUSTOMER
C004083,Christina,Jones,Pakistan,Standard,2,6708.39,3354.2,4,2,2,2,19,54.12,81.02,50.0,100.0,3,1,0,4,2,2,0.5,51.0,HIGH,FRICTION_PRONE_CUSTOMER
C004084,Abigail,Price,United Kingdom,Standard,1,1979.43,1979.43,1,0,1,0,7,54.45,54.45,0.0,0.0,0,0,0,1,1,0,1.0,0.0,LOW,NORMAL_CUSTOMER
C004086,Carla,Davis,Saudi Arabia,Standard,1,2848.16,2848.16,1,0,1,0,7,52.32,52.32,0.0,0.0,0,0,0,1,1,0,1.0,0.0,LOW,NORMAL_CUSTOMER
C004087,Sonya,Owens,Saudi Arabia,Standard,5,13352.34,2670.47,8,3,5,3,43,85.51,100.45,28.0,65.0,3,0,1,8,5,3,0.62,49.0,MEDIUM,FRICTION_PRONE_CUSTOMER
C004088,Lori,Day,Pakistan,Standard,1,2956.24,2956.24,1,0,1,0,7,99.97,99.97,0.0,0.0,0,0,0,1,1,0,1.0,0.0,LOW,NORMAL_CUSTOMER
C004089,Danielle,Mccullough,United States,Standard,1,2369.73,2369.73,1,0,1,0,7,71.88,71.88,0.0,0.0,0,0,0,1,1,0,1.0,0.0,LOW,NORMAL_CUSTOMER
C004090,Scott,Marshall,Saudi Arabia,Standard,1,884.94,884.94,2,1,1,1,9,45.45,45.45,80.0,80.0,1,1,0,2,1,1,0.5,33.0,MEDIUM,NORMAL_CUSTOMER
C004091,James,Miller,United Kingdom,VIP,3,12283.46,4094.49,6,3,3,3,29,80.77,87.4,48.33,80.0,3,1,1,6,3,3,0.5,69.0,HIGH,FRICTION_PRONE_CUSTOMER
C004094,Justin,Nielsen,Other,Standard,1,3529.13,3529.13,1,0,1,0,7,84.32,84.32,0.0,0.0,0,0,0,1,1,0,1.0,0.0,LOW,NORMAL_CUSTOMER
C004096,Carol,Gonzalez,United Arab Emirates,Standard,2,2556.43,1278.21,3,1,2,1,17,85.38,119.32,17.5,35.0,0,0,0,3,2,1,0.67,8.0,LOW,NORMAL_CUSTOMER
C004097,Zachary,Murphy,Saudi Arabia,Standard,1,1113.0,1113.0,1,0,1,0,7,56.52,56.52,0.0,0.0,0,0,0,1,1,0,1.0,0.0,LOW,NORMAL_CUSTOMER
C004098,Jesse,Stewart,Saudi Arabia,VIP,2,5074.67,2537.34,2,0,2,0,13,72.0,83.22,22.5,45.0,1,0,0,2,2,0,1.0,5.0,LOW,NORMAL_CUSTOMER
C004102,Aaron,Alvarez,United Arab Emirates,Standard,1,2435.11,2435.11,1,0,1,0,7,51.23,51.23,0.0,0.0,0,0,0,1,1,0,1.0,0.0,LOW,NORMAL_CUSTOMER
C004104,Wendy,Johnson,Saudi Arabia,Standard,1,4087.98,4087.98,1,0,1,0,7,95.55,95.55,0.0,0.0,0,0,0,1,1,0,1.0,0.0,LOW,NORMAL_CUSTOMER
C004106,Michael,Harrison,United Kingdom,Standard,2,5569.06,2784.53,2,0,2,0,14,68.5,77.58,0.0,0.0,0,0,0,2,2,0,1.0,0.0,LOW,NORMAL_CUSTOMER
C004107,Randall,Bowman,Other,Standard,2,8998.71,4499.35,3,1,2,1,17,75.65,80.72,15.0,30.0,0,0,0,3,2,1,0.67,8.0,LOW,NORMAL_CUSTOMER
C004108,Brenda,Flores,Saudi Arabia,Standard,3,3297.27,1099.09,4,1,3,1,23,74.02,85.7,23.33,40.0,1,0,0,4,3,1,0.75,13.0,LOW,LOYAL_LOW_FRICTION_CUSTOMER
C004109,April,Johnson,Other,Standard,2,3216.82,1608.41,2,0,2,0,13,32.06,35.55,20.0,40.0,1,0,0,2,2,0,1.0,5.0,LOW,NORMAL_CUSTOMER
C004110,Jillian,Burke,Pakistan,Standard,2,5838.72,2919.36,2,0,2,0,14,72.66,89.68,0.0,0.0,0,0,0,2,2,0,1.0,0.0,LOW,NORMAL_CUSTOMER
C004112,Christopher,Mayer,Pakistan,Standard,1,3157.41,3157.41,1,0,1,0,6,91.17,91.17,45.0,45.0,1,0,0,1,1,0,1.0,5.0,LOW,NORMAL_CUSTOMER
C004114,Maria,Jordan,Saudi Arabia,Standard,1,4057.97,4057.97,2,1,1,1,10,54.57,54.57,35.0,35.0,0,0,0,2,1,1,0.5,8.0,LOW,NORMAL_CUSTOMER
C004115,Robyn,Kennedy,Pakistan,Premium,4,8777.74,2194.44,6,2,4,2,31,59.92,92.93,47.5,75.0,3,0,2,6,4,2,0.67,51.0,HIGH,FRICTION_PRONE_CUSTOMER
C004116,Michael,Brown,United Arab Emirates,Standard,1,2811.16,2811.16,3,2,1,2,13,97.17,97.17,65.0,65.0,2,0,1,3,1,2,0.33,36.0,MEDIUM,FRICTION_PRONE_CUSTOMER
C004117,Sylvia,Parrish,Other,VIP,1,2660.93,2660.93,2,1,1,1,10,70.57,70.57,35.0,35.0,0,0,0,2,1,1,0.5,8.0,LOW,NORMAL_CUSTOMER
C004118,Joshua,Cisneros,United Arab Emirates,VIP,4,9226.37,2306.59,5,1,4,1,31,81.86,101.73,8.75,35.0,0,0,0,5,4,1,0.8,8.0,LOW,LOYAL_LOW_FRICTION_CUSTOMER
C004119,Catherine,Sutton,Saudi Arabia,Premium,1,3321.39,3321.39,2,1,1,1,10,82.98,82.98,30.0,30.0,0,0,0,2,1,1,0.5,8.0,LOW,NORMAL_CUSTOMER
C004121,Sarah,Reid,Saudi Arabia,Standard,4,13494.9,3373.72,9,5,4,5,42,82.62,100.55,51.25,75.0,5,0,3,9,4,5,0.44,95.0,CRITICAL,HIGH_RISK_CUSTOMER
C004122,Bailey,Miller,Pakistan,Premium,1,1935.69,1935.69,1,0,1,0,7,43.52,43.52,0.0,0.0,0,0,0,1,1,0,1.0,0.0,LOW,NORMAL_CUSTOMER
C004124,Richard,Sullivan,Other,Premium,1,4669.21,4669.21,2,1,1,1,10,103.48,103.48,35.0,35.0,0,0,0,2,1,1,0.5,8.0,LOW,NORMAL_CUSTOMER
C004125,Daniel,Evans,United States,Standard,3,7901.17,2633.72,3,0,3,0,20,68.61,88.25,13.33,40.0,1,0,0,3,3,0,1.0,5.0,LOW,LOYAL_LOW_FRICTION_CUSTOMER
C004126,Charles,Joseph,United Kingdom,Standard,1,3514.98,3514.98,1,0,1,0,6,46.62,46.62,45.0,45.0,1,0,0,1,1,0,1.0,5.0,LOW,NORMAL_CUSTOMER
C004127,Kelly,Savage,United Kingdom,Standard,2,5460.51,2730.26,3,1,2,1,16,36.48,41.52,35.0,70.0,1,0,1,3,2,1,0.67,23.0,LOW,FRICTION_PRONE_CUSTOMER
C004131,Nancy,Rivas,Saudi Arabia,Standard,2,9128.21,4564.1,4,2,2,2,20,55.26,65.28,30.0,30.0,0,0,0,4,2,2,0.5,16.0,LOW,FRICTION_PRONE_CUSTOMER
C004132,Lisa,Davis,Saudi Arabia,Standard,4,13810.08,3452.52,4,0,4,0,25,53.06,66.83,32.5,45.0,3,0,0,4,4,0,1.0,15.0,LOW,NORMAL_CUSTOMER
C004133,Bailey,Valenzuela,United Kingdom,Standard,1,2712.98,2712.98,1,0,1,0,7,44.82,44.82,0.0,0.0,0,0,0,1,1,0,1.0,0.0,LOW,NORMAL_CUSTOMER
C004134,Heather,Peterson,Pakistan,Standard,3,5524.51,1841.5,4,1,3,1,24,83.43,88.87,11.67,35.0,0,0,0,4,3,1,0.75,8.0,LOW,LOYAL_LOW_FRICTION_CUSTOMER
C004135,Tammy,Mullins,Pakistan,Standard,3,6859.72,2286.57,3,0,3,0,19,69.61,82.8,28.33,45.0,2,0,0,3,3,0,1.0,10.0,LOW,LOYAL_LOW_FRICTION_CUSTOMER
C004136,Anna,Martin,Saudi Arabia,Standard,5,16598.66,3319.73,8,3,5,3,43,76.5,95.6,26.0,70.0,1,0,1,8,5,3,0.62,39.0,MEDIUM,FRICTION_PRONE_CUSTOMER
C004137,Kayla,Bailey,United Kingdom,Standard,3,9493.73,3164.58,3,0,3,0,20,85.03,93.38,15.0,45.0,1,0,0,3,3,0,1.0,5.0,LOW,LOYAL_LOW_FRICTION_CUSTOMER
C004138,Katherine,Barnes,United Arab Emirates,Premium,2,3649.2,1824.6,2,0,2,0,13,63.08,63.9,22.5,45.0,1,0,0,2,2,0,1.0,5.0,LOW,NORMAL_CUSTOMER
C004139,Susan,Alvarez,United Kingdom,Premium,4,10922.8,2730.7,4,0,4,0,27,60.34,66.88,10.0,40.0,1,0,0,4,4,0,1.0,5.0,LOW,LOYAL_LOW_FRICTION_CUSTOMER
C004141,Steven,Martin,United Arab Emirates,Premium,1,3226.19,3226.19,1,0,1,0,7,83.33,83.33,0.0,0.0,0,0,0,1,1,0,1.0,0.0,LOW,NORMAL_CUSTOMER
C004142,Brenda,Horton,Saudi Arabia,Standard,2,6671.09,3335.54,3,1,2,1,17,69.92,83.05,15.0,30.0,0,0,0,3,2,1,0.67,8.0,LOW,NORMAL_CUSTOMER
C004143,Anthony,Gomez,Saudi Arabia,Premium,2,5246.11,2623.06,4,2,2,2,20,78.11,81.6,32.5,65.0,2,0,1,4,2,2,0.5,36.0,MEDIUM,FRICTION_PRONE_CUSTOMER
C004144,Darren,Schwartz,United States,VIP,2,6498.51,3249.26,2,0,2,0,14,58.97,68.38,0.0,0.0,0,0,0,2,2,0,1.0,0.0,LOW,NORMAL_CUSTOMER
C004145,Carlos,Price,Other,Standard,2,6981.83,3490.92,2,0,2,0,14,83.22,91.55,0.0,0.0,0,0,0,2,2,0,1.0,0.0,LOW,NORMAL_CUSTOMER
C004146,Cynthia,Smith,Pakistan,Standard,2,6858.43,3429.22,2,0,2,0,13,60.32,67.33,20.0,40.0,1,0,0,2,2,0,1.0,5.0,LOW,NORMAL_CUSTOMER
C004147,Virginia,Logan,Saudi Arabia,Premium,4,12725.2,3181.3,6,2,4,2,33,73.14,104.98,26.25,65.0,3,0,1,6,4,2,0.67,41.0,MEDIUM,FRICTION_PRONE_CUSTOMER
C004151,Stephanie,Jensen,Saudi Arabia,Premium,3,3773.33,1257.78,3,0,3,0,20,53.43,64.57,15.0,45.0,1,0,0,3,3,0,1.0,5.0,LOW,LOYAL_LOW_FRICTION_CUSTOMER
C004152,Zachary,Morris,Saudi Arabia,Premium,2,8317.27,4158.64,2,0,2,0,13,39.5,51.17,20.0,40.0,1,0,0,2,2,0,1.0,5.0,LOW,NORMAL_CUSTOMER
C004153,Alec,Downs,United Kingdom,Standard,2,7408.62,3704.31,2,0,2,0,14,82.36,86.45,0.0,0.0,0,0,0,2,2,0,1.0,0.0,LOW,NORMAL_CUSTOMER
C004154,Marilyn,Mcmillan,United Arab Emirates,Standard,2,4997.09,2498.54,2,0,2,0,14,63.52,71.18,0.0,0.0,0,0,0,2,2,0,1.0,0.0,LOW,NORMAL_CUSTOMER
C004155,John,Newton,Saudi Arabia,Standard,1,1829.79,1829.79,1,0,1,0,7,52.27,52.27,0.0,0.0,0,0,0,1,1,0,1.0,0.0,LOW,NORMAL_CUSTOMER
C004156,Christopher,Doyle,Saudi Arabia,Standard,3,10667.68,3555.89,3,0,3,0,19,59.8,72.87,30.0,45.0,2,0,0,3,3,0,1.0,10.0,LOW,NORMAL_CUSTOMER
C004157,Emily,Stewart,Pakistan,Premium,1,1251.29,1251.29,1,0,1,0,7,94.5,94.5,0.0,0.0,0,0,0,1,1,0,1.0,0.0,LOW,NORMAL_CUSTOMER
C004158,Lori,Hernandez,Other,Standard,4,11848.25,2962.06,4,0,4,0,27,81.79,95.27,11.25,45.0,1,0,0,4,4,0,1.0,5.0,LOW,LOYAL_LOW_FRICTION_CUSTOMER
C004159,Charles,Ellis,Other,Standard,2,7883.72,3941.86,3,1,2,1,16,62.88,69.83,37.5,45.0,1,0,0,3,2,1,0.67,13.0,LOW,NORMAL_CUSTOMER
C004160,Sarah,Hernandez,Pakistan,Premium,2,3752.65,1876.32,5,3,2,3,23,84.25,108.67,50.0,65.0,2,0,1,5,2,3,0.4,44.0,MEDIUM,FRICTION_PRONE_CUSTOMER
C004161,Thomas,Lin,Pakistan,Standard,2,4254.16,2127.08,3,1,2,1,16,68.0,72.63,40.0,80.0,1,1,0,3,2,1,0.67,33.0,MEDIUM,NORMAL_CUSTOMER
C004162,Michael,Wilson,Saudi Arabia,Premium,1,3874.68,3874.68,1,0,1,0,7,79.65,79.65,0.0,0.0,0,0,0,1,1,0,1.0,0.0,LOW,NORMAL_CUSTOMER
C004164,Joseph,Russell,United Arab Emirates,Premium,3,5645.08,1881.69,3,0,3,0,21,47.92,60.47,0.0,0.0,0,0,0,3,3,0,1.0,0.0,LOW,LOYAL_LOW_FRICTION_CUSTOMER
C004165,Stacey,Meyer,Pakistan,VIP,5,13936.35,2787.27,7,2,5,2,39,62.6,87.68,30.0,65.0,4,0,1,7,5,2,0.71,46.0,MEDIUM,FRICTION_PRONE_CUSTOMER
C004167,Renee,Hayes,Saudi Arabia,Premium,2,5832.87,2916.44,2,0,2,0,14,94.1,100.95,0.0,0.0,0,0,0,2,2,0,1.0,0.0,LOW,NORMAL_CUSTOMER
C004168,Victor,Wall,Saudi Arabia,VIP,1,3837.87,3837.87,1,0,1,0,7,62.55,62.55,0.0,0.0,0,0,0,1,1,0,1.0,0.0,LOW,NORMAL_CUSTOMER
C004169,James,Martinez,United Arab Emirates,VIP,1,3176.24,3176.24,1,0,1,0,7,56.83,56.83,0.0,0.0,0,0,0,1,1,0,1.0,0.0,LOW,NORMAL_CUSTOMER
C004170,Jill,Cole,Saudi Arabia,Standard,1,1574.49,1574.49,1,0,1,0,7,79.3,79.3,0.0,0.0,0,0,0,1,1,0,1.0,0.0,LOW,NORMAL_CUSTOMER
C004171,Monique,Montes,Saudi Arabia,Standard,1,3825.96,3825.96,1,0,1,0,7,43.9,43.9,0.0,0.0,0,0,0,1,1,0,1.0,0.0,LOW,NORMAL_CUSTOMER
C004172,Jamie,Davis,Other,Standard,2,6210.11,3105.06,3,1,2,1,16,70.26,93.48,35.0,70.0,1,0,1,3,2,1,0.67,23.0,LOW,FRICTION_PRONE_CUSTOMER
C004173,James,Robinson,United Arab Emirates,Standard,2,4935.6,2467.8,4,2,2,2,20,92.09,97.68,30.0,60.0,2,0,1,4,2,2,0.5,36.0,MEDIUM,FRICTION_PRONE_CUSTOMER
C004174,John,Werner,Pakistan,Standard,1,2788.27,2788.27,2,1,1,1,9,66.5,66.5,75.0,75.0,1,0,1,2,1,1,0.5,23.0,LOW,FRICTION_PRONE_CUSTOMER
C004175,Christine,Fisher,Other,Standard,1,1170.92,1170.92,2,1,1,1,10,51.53,51.53,35.0,35.0,0,0,0,2,1,1,0.5,8.0,LOW,NORMAL_CUSTOMER
C004176,Eric,Payne,Other,Premium,2,3425.78,1712.89,2,0,2,0,13,65.9,82.63,20.0,40.0,1,0,0,2,2,0,1.0,5.0,LOW,NORMAL_CUSTOMER
C004178,Samantha,Gray,United States,Premium,3,7099.32,2366.44,3,0,3,0,20,48.27,72.35,13.33,40.0,1,0,0,3,3,0,1.0,5.0,LOW,LOYAL_LOW_FRICTION_CUSTOMER
C004179,Emma,Bailey,United Arab Emirates,Premium,4,9263.34,2315.84,4,0,4,0,27,75.0,79.53,11.25,45.0,1,0,0,4,4,0,1.0,5.0,LOW,LOYAL_LOW_FRICTION_CUSTOMER
C004180,Elizabeth,Farley,United Arab Emirates,Standard,2,6449.23,3224.62,3,1,2,1,17,52.05,55.23,15.0,30.0,0,0,0,3,2,1,0.67,8.0,LOW,NORMAL_CUSTOMER
C004181,Christina,Bonilla,United Arab Emirates,Standard,2,5684.78,2842.39,3,1,2,1,17,75.54,78.8,17.5,35.0,0,0,0,3,2,1,0.67,8.0,LOW,NORMAL_CUSTOMER
C004182,Kathryn,Ray,United Kingdom,Premium,2,4254.32,2127.16,2,0,2,0,13,77.43,80.92,22.5,45.0,1,0,0,2,2,0,1.0,5.0,LOW,NORMAL_CUSTOMER
C004183,Amber,Smith,United Kingdom,Standard,2,6502.87,3251.44,3,1,2,1,17,69.86,73.25,15.0,30.0,0,0,0,3,2,1,0.67,8.0,LOW,NORMAL_CUSTOMER
C004184,Bobby,Cervantes,United Arab Emirates,Standard,1,4543.62,4543.62,1,0,1,0,7,69.82,69.82,0.0,0.0,0,0,0,1,1,0,1.0,0.0,LOW,NORMAL_CUSTOMER
C004186,Christine,Mosley,Pakistan,Standard,3,9114.08,3038.03,5,2,3,2,25,57.92,82.83,50.0,65.0,4,0,1,5,3,2,0.6,46.0,MEDIUM,FRICTION_PRONE_CUSTOMER
C004187,Travis,Shaw,Saudi Arabia,Premium,1,1691.48,1691.48,1,0,1,0,7,93.23,93.23,0.0,0.0,0,0,0,1,1,0,1.0,0.0,LOW,NORMAL_CUSTOMER
C004188,Tricia,Parrish,Pakistan,Premium,2,5542.69,2771.34,3,1,2,1,17,63.4,94.17,17.5,35.0,0,0,0,3,2,1,0.67,8.0,LOW,NORMAL_CUSTOMER
C004189,Penny,Lyons,United Kingdom,Standard,3,9911.52,3303.84,3,0,3,0,21,62.39,90.67,0.0,0.0,0,0,0,3,3,0,1.0,0.0,LOW,LOYAL_LOW_FRICTION_CUSTOMER
C004192,Tracey,Jenkins,Other,Premium,1,2547.51,2547.51,1,0,1,0,7,38.22,38.22,0.0,0.0,0,0,0,1,1,0,1.0,0.0,LOW,NORMAL_CUSTOMER
C004194,Juan,Daniels,United Kingdom,Standard,1,4501.52,4501.52,1,0,1,0,7,55.9,55.9,0.0,0.0,0,0,0,1,1,0,1.0,0.0,LOW,NORMAL_CUSTOMER
C004196,Barbara,Hubbard,Saudi Arabia,Standard,2,5801.37,2900.68,2,0,2,0,14,66.42,80.67,0.0,0.0,0,0,0,2,2,0,1.0,0.0,LOW,NORMAL_CUSTOMER
C004197,Brian,Wilson,Saudi Arabia,Standard,4,16145.0,4036.25,7,3,4,3,35,53.57,74.42,43.75,70.0,2,0,1,7,4,3,0.57,44.0,MEDIUM,FRICTION_PRONE_CUSTOMER
C004198,Lauren,Thompson,Saudi Arabia,VIP,2,7779.13,3889.56,2,0,2,0,14,88.92,97.2,0.0,0.0,0,0,0,2,2,0,1.0,0.0,LOW,NORMAL_CUSTOMER
C004199,Timothy,Patterson,United Arab Emirates,Standard,3,8477.77,2825.92,3,0,3,0,21,65.27,78.92,0.0,0.0,0,0,0,3,3,0,1.0,0.0,LOW,LOYAL_LOW_FRICTION_CUSTOMER
C004200,Amber,Thompson,Pakistan,Standard,4,14568.97,3642.24,5,1,4,1,31,49.49,74.62,7.5,30.0,0,0,0,5,4,1,0.8,8.0,LOW,LOYAL_LOW_FRICTION_CUSTOMER
C004201,Wayne,Larson,United States,Standard,6,21999.58,3666.6,10,4,6,4,51,59.19,82.17,41.67,100.0,7,1,1,10,6,4,0.6,97.0,CRITICAL,HIGH_RISK_CUSTOMER
C004203,Gina,James,Saudi Arabia,Premium,1,2073.21,2073.21,1,0,1,0,7,50.48,50.48,0.0,0.0,0,0,0,1,1,0,1.0,0.0,LOW,NORMAL_CUSTOMER
C004204,Gregory,Bruce,Other,Standard,1,4337.5,4337.5,1,0,1,0,7,68.82,68.82,0.0,0.0,0,0,0,1,1,0,1.0,0.0,LOW,NORMAL_CUSTOMER
C004205,Tiffany,Barker,Saudi Arabia,Premium,1,3509.68,3509.68,1,0,1,0,7,97.52,97.52,0.0,0.0,0,0,0,1,1,0,1.0,0.0,LOW,NORMAL_CUSTOMER
C004207,Steve,Campbell,Pakistan,Standard,3,11316.96,3772.32,5,2,3,2,27,77.66,103.92,21.67,65.0,2,0,1,5,3,2,0.6,36.0,MEDIUM,FRICTION_PRONE_CUSTOMER
C004208,Hannah,Oliver,Pakistan,Standard,2,8784.62,4392.31,2,0,2,0,14,60.36,69.3,0.0,0.0,0,0,0,2,2,0,1.0,0.0,LOW,NORMAL_CUSTOMER
C004209,Alexander,Buckley,Saudi Arabia,Standard,2,5437.14,2718.57,2,0,2,0,14,79.9,104.48,0.0,0.0,0,0,0,2,2,0,1.0,0.0,LOW,NORMAL_CUSTOMER
C004211,Bianca,Cowan,Saudi Arabia,Standard,2,5119.66,2559.83,4,2,2,2,19,62.28,71.08,52.5,75.0,1,0,1,4,2,2,0.5,31.0,MEDIUM,FRICTION_PRONE_CUSTOMER
C004212,Mark,Shaffer,Pakistan,Premium,2,2391.94,1195.97,2,0,2,0,14,79.0,87.75,0.0,0.0,0,0,0,2,2,0,1.0,0.0,LOW,NORMAL_CUSTOMER
C004213,Chloe,Garcia,Pakistan,VIP,3,7312.04,2437.35,3,0,3,0,21,75.91,104.38,0.0,0.0,0,0,0,3,3,0,1.0,0.0,LOW,LOYAL_LOW_FRICTION_CUSTOMER
C004214,Jordan,Banks,Saudi Arabia,Standard,3,6350.85,2116.95,5,2,3,2,26,72.31,102.58,35.0,65.0,3,0,1,5,3,2,0.6,41.0,MEDIUM,FRICTION_PRONE_CUSTOMER
C004215,Amy,Jensen,Pakistan,Standard,2,2125.91,1062.96,3,1,2,1,17,64.15,76.95,15.0,30.0,0,0,0,3,2,1,0.67,8.0,LOW,NORMAL_CUSTOMER
C004219,Michael,Ho,United Kingdom,Standard,3,3959.25,1319.75,3,0,3,0,21,65.62,76.82,0.0,0.0,0,0,0,3,3,0,1.0,0.0,LOW,LOYAL_LOW_FRICTION_CUSTOMER
C004220,Victor,Garcia,Saudi Arabia,Standard,2,6294.97,3147.48,2,0,2,0,13,41.27,60.37,20.0,40.0,1,0,0,2,2,0,1.0,5.0,LOW,NORMAL_CUSTOMER
C004222,Jaclyn,Perkins,Pakistan,Standard,3,7566.32,2522.11,3,0,3,0,20,55.95,78.68,13.33,40.0,1,0,0,3,3,0,1.0,5.0,LOW,LOYAL_LOW_FRICTION_CUSTOMER
C004223,Nathan,Johnson,Other,Standard,1,3595.07,3595.07,1,0,1,0,6,63.38,63.38,45.0,45.0,1,0,0,1,1,0,1.0,5.0,LOW,NORMAL_CUSTOMER
C004224,Melissa,Roberts,United States,Standard,3,7108.88,2369.63,3,0,3,0,20,50.88,62.77,15.0,45.0,1,0,0,3,3,0,1.0,5.0,LOW,LOYAL_LOW_FRICTION_CUSTOMER
C004225,Joshua,Fisher,Pakistan,Standard,1,3517.22,3517.22,3,2,1,2,13,91.33,91.33,65.0,65.0,2,0,1,3,1,2,0.33,36.0,MEDIUM,FRICTION_PRONE_CUSTOMER
C004226,Hector,Walker,United Kingdom,Premium,5,10872.55,2174.51,7,2,5,2,39,65.03,99.03,29.0,65.0,4,0,1,7,5,2,0.71,46.0,MEDIUM,FRICTION_PRONE_CUSTOMER
C004227,David,Gibson,United Arab Emirates,Standard,1,629.47,629.47,1,0,1,0,7,43.85,43.85,0.0,0.0,0,0,0,1,1,0,1.0,0.0,LOW,NORMAL_CUSTOMER
C004228,Barbara,James,Pakistan,Standard,2,3358.28,1679.14,2,0,2,0,13,75.46,92.75,22.5,45.0,1,0,0,2,2,0,1.0,5.0,LOW,NORMAL_CUSTOMER
C004229,Jeremy,Gonzalez,United Arab Emirates,Premium,2,6573.58,3286.79,2,0,2,0,13,46.6,57.88,20.0,40.0,1,0,0,2,2,0,1.0,5.0,LOW,NORMAL_CUSTOMER
C004230,Cory,Harrison,Saudi Arabia,Standard,1,4616.3,4616.3,1,0,1,0,7,93.38,93.38,0.0,0.0,0,0,0,1,1,0,1.0,0.0,LOW,NORMAL_CUSTOMER
C004231,Joseph,Martinez,United Kingdom,Standard,1,1932.69,1932.69,1,0,1,0,6,54.88,54.88,40.0,40.0,1,0,0,1,1,0,1.0,5.0,LOW,NORMAL_CUSTOMER
C004232,Joe,Ponce,Pakistan,Premium,1,4892.82,4892.82,1,0,1,0,6,30.53,30.53,40.0,40.0,1,0,0,1,1,0,1.0,5.0,LOW,NORMAL_CUSTOMER
C004233,Ryan,Sloan,United Arab Emirates,Premium,6,11922.98,1987.16,8,2,6,2,47,72.61,93.65,16.67,60.0,3,0,1,8,6,2,0.75,41.0,MEDIUM,FRICTION_PRONE_CUSTOMER
C004235,Dustin,Hoover,Saudi Arabia,Premium,4,6320.23,1580.06,5,1,4,1,31,72.11,82.68,8.75,35.0,0,0,0,5,4,1,0.8,8.0,LOW,LOYAL_LOW_FRICTION_CUSTOMER
C004236,Susan,Padilla,United Arab Emirates,Premium,2,4823.69,2411.85,2,0,2,0,13,65.54,76.22,22.5,45.0,1,0,0,2,2,0,1.0,5.0,LOW,NORMAL_CUSTOMER
C004237,Edward,Figueroa,Saudi Arabia,Standard,2,7254.14,3627.07,3,1,2,1,16,76.19,86.52,37.5,75.0,1,0,1,3,2,1,0.67,23.0,LOW,FRICTION_PRONE_CUSTOMER
C004239,Gregory,Brooks,United Kingdom,Standard,1,917.35,917.35,3,2,1,2,12,44.52,44.52,100.0,100.0,3,1,0,3,1,2,0.33,51.0,HIGH,FRICTION_PRONE_CUSTOMER
C004240,Victor,Walker,United Arab Emirates,VIP,2,7467.6,3733.8,2,0,2,0,13,49.64,52.52,20.0,40.0,1,0,0,2,2,0,1.0,5.0,LOW,NORMAL_CUSTOMER
C004241,Wendy,Campbell,United Kingdom,VIP,1,2932.36,2932.36,1,0,1,0,7,40.9,40.9,0.0,0.0,0,0,0,1,1,0,1.0,0.0,LOW,NORMAL_CUSTOMER
C004242,Melissa,Hobbs,United Arab Emirates,Standard,2,4380.62,2190.31,2,0,2,0,14,51.66,65.73,0.0,0.0,0,0,0,2,2,0,1.0,0.0,LOW,NORMAL_CUSTOMER
C004243,Zachary,Baker,United States,Standard,1,3387.06,3387.06,1,0,1,0,7,89.27,89.27,0.0,0.0,0,0,0,1,1,0,1.0,0.0,LOW,NORMAL_CUSTOMER
C004244,Jennifer,Roberson,United Arab Emirates,Standard,4,9349.05,2337.26,7,3,4,3,36,65.45,69.73,36.25,80.0,3,1,1,7,4,3,0.57,69.0,HIGH,FRICTION_PRONE_CUSTOMER
C004245,Kristen,Pope,United Arab Emirates,Standard,2,3349.29,1674.64,4,2,2,2,19,80.82,95.38,55.0,65.0,3,0,1,4,2,2,0.5,41.0,MEDIUM,FRICTION_PRONE_CUSTOMER
C004248,Ashley,Mccullough,Saudi Arabia,Standard,1,969.64,969.64,1,0,1,0,6,43.43,43.43,40.0,40.0,1,0,0,1,1,0,1.0,5.0,LOW,NORMAL_CUSTOMER
C004249,Raymond,Perry,Pakistan,Standard,1,2558.02,2558.02,1,0,1,0,7,26.45,26.45,0.0,0.0,0,0,0,1,1,0,1.0,0.0,LOW,NORMAL_CUSTOMER
C004250,Hannah,Smith,Other,Premium,2,6157.5,3078.75,3,1,2,1,16,48.45,49.62,35.0,70.0,1,0,1,3,2,1,0.67,23.0,LOW,FRICTION_PRONE_CUSTOMER
C004252,Lisa,Brooks,Saudi Arabia,Premium,1,1303.92,1303.92,1,0,1,0,7,102.83,102.83,0.0,0.0,0,0,0,1,1,0,1.0,0.0,LOW,NORMAL_CUSTOMER
C004253,Thomas,Montoya,United Arab Emirates,Standard,1,1989.57,1989.57,1,0,1,0,7,77.98,77.98,0.0,0.0,0,0,0,1,1,0,1.0,0.0,LOW,NORMAL_CUSTOMER
C004254,Crystal,Wilkins,Pakistan,Premium,1,2999.35,2999.35,2,1,1,1,10,71.5,71.5,30.0,30.0,0,0,0,2,1,1,0.5,8.0,LOW,NORMAL_CUSTOMER
C004255,Shannon,Greene,Saudi Arabia,Premium,1,3959.88,3959.88,1,0,1,0,6,54.22,54.22,45.0,45.0,1,0,0,1,1,0,1.0,5.0,LOW,NORMAL_CUSTOMER
C004256,Matthew,Rogers,United Kingdom,Standard,2,3113.48,1556.74,3,1,2,1,16,71.76,98.05,37.5,45.0,1,0,0,3,2,1,0.67,13.0,LOW,NORMAL_CUSTOMER
C004257,Michael,Haley,Other,Standard,1,712.59,712.59,2,1,1,1,10,109.0,109.0,30.0,30.0,0,0,0,2,1,1,0.5,8.0,LOW,NORMAL_CUSTOMER
C004258,Ann,Haney,United Arab Emirates,VIP,1,4615.29,4615.29,1,0,1,0,7,93.87,93.87,0.0,0.0,0,0,0,1,1,0,1.0,0.0,LOW,NORMAL_CUSTOMER
C004259,Sarah,Allen,United Arab Emirates,Standard,3,9063.08,3021.03,3,0,3,0,21,67.75,77.85,0.0,0.0,0,0,0,3,3,0,1.0,0.0,LOW,LOYAL_LOW_FRICTION_CUSTOMER
C004260,Jonathan,Beltran,United Arab Emirates,Standard,3,8703.1,2901.03,5,2,3,2,26,61.83,77.38,33.33,100.0,3,1,0,5,3,2,0.6,51.0,HIGH,FRICTION_PRONE_CUSTOMER
C004261,Andrew,Lee,Saudi Arabia,Standard,2,7990.18,3995.09,2,0,2,0,14,67.06,89.33,0.0,0.0,0,0,0,2,2,0,1.0,0.0,LOW,NORMAL_CUSTOMER
C004262,David,Newman,Other,Standard,3,8452.79,2817.6,3,0,3,0,21,80.15,81.82,0.0,0.0,0,0,0,3,3,0,1.0,0.0,LOW,LOYAL_LOW_FRICTION_CUSTOMER
C004263,Michelle,Poole,United Arab Emirates,Standard,1,4701.15,4701.15,1,0,1,0,6,61.5,61.5,45.0,45.0,1,0,0,1,1,0,1.0,5.0,LOW,NORMAL_CUSTOMER
C004264,Sylvia,Solis,United Arab Emirates,Standard,2,5627.99,2814.0,2,0,2,0,13,31.16,35.6,22.5,45.0,1,0,0,2,2,0,1.0,5.0,LOW,NORMAL_CUSTOMER
C004265,James,Lane,United Kingdom,Standard,2,7960.08,3980.04,2,0,2,0,14,69.42,78.87,0.0,0.0,0,0,0,2,2,0,1.0,0.0,LOW,NORMAL_CUSTOMER
C004266,Barbara,Anderson,United Arab Emirates,Standard,1,2921.99,2921.99,1,0,1,0,7,53.4,53.4,0.0,0.0,0,0,0,1,1,0,1.0,0.0,LOW,NORMAL_CUSTOMER
C004267,Debra,Fields,Pakistan,Premium,4,13981.85,3495.46,5,1,4,1,30,67.03,92.7,18.75,45.0,1,0,0,5,4,1,0.8,13.0,LOW,LOYAL_LOW_FRICTION_CUSTOMER
C004268,Greg,Madden,Saudi Arabia,VIP,1,4091.79,4091.79,1,0,1,0,6,81.43,81.43,40.0,40.0,1,0,0,1,1,0,1.0,5.0,LOW,NORMAL_CUSTOMER
C004269,Kimberly,Thompson,United States,Standard,2,6496.1,3248.05,2,0,2,0,14,59.81,68.97,0.0,0.0,0,0,0,2,2,0,1.0,0.0,LOW,NORMAL_CUSTOMER
C004271,Emily,Holmes,Pakistan,Standard,2,4710.81,2355.41,2,0,2,0,14,63.6,84.72,0.0,0.0,0,0,0,2,2,0,1.0,0.0,LOW,NORMAL_CUSTOMER
C004272,Tony,Kim,Other,Standard,1,3771.74,3771.74,1,0,1,0,7,83.67,83.67,0.0,0.0,0,0,0,1,1,0,1.0,0.0,LOW,NORMAL_CUSTOMER
C004273,Jill,Garcia,Saudi Arabia,VIP,3,6600.72,2200.24,5,2,3,2,26,80.01,107.2,33.33,60.0,3,0,1,5,3,2,0.6,41.0,MEDIUM,FRICTION_PRONE_CUSTOMER
C004274,Pamela,Owen,United Arab Emirates,Standard,1,3785.43,3785.43,1,0,1,0,7,36.8,36.8,0.0,0.0,0,0,0,1,1,0,1.0,0.0,LOW,NORMAL_CUSTOMER
C004275,Patrick,Gordon,Pakistan,Standard,3,7084.31,2361.44,3,0,3,0,21,54.3,73.92,0.0,0.0,0,0,0,3,3,0,1.0,0.0,LOW,LOYAL_LOW_FRICTION_CUSTOMER
C004276,Justin,Welch,Pakistan,Standard,2,7311.62,3655.81,2,0,2,0,12,63.88,82.88,42.5,45.0,2,0,0,2,2,0,1.0,10.0,LOW,NORMAL_CUSTOMER
C004277,Crystal,Mueller,United Arab Emirates,Standard,3,5450.2,1816.73,3,0,3,0,20,59.56,91.6,13.33,40.0,1,0,0,3,3,0,1.0,5.0,LOW,LOYAL_LOW_FRICTION_CUSTOMER
C004278,Duane,Cameron,United Arab Emirates,Standard,4,10584.73,2646.18,4,0,4,0,27,72.74,86.92,10.0,40.0,1,0,0,4,4,0,1.0,5.0,LOW,LOYAL_LOW_FRICTION_CUSTOMER
C004279,Gary,Burton,Saudi Arabia,Standard,4,15010.24,3752.56,5,1,4,1,31,62.01,83.75,8.75,35.0,0,0,0,5,4,1,0.8,8.0,LOW,LOYAL_LOW_FRICTION_CUSTOMER
C004281,Matthew,Tran,Saudi Arabia,Standard,1,3336.12,3336.12,1,0,1,0,7,80.55,80.55,0.0,0.0,0,0,0,1,1,0,1.0,0.0,LOW,NORMAL_CUSTOMER
C004282,Crystal,Fry,United Kingdom,Standard,1,3179.11,3179.11,1,0,1,0,7,93.93,93.93,0.0,0.0,0,0,0,1,1,0,1.0,0.0,LOW,NORMAL_CUSTOMER
C004283,Ashley,Harris,Saudi Arabia,Standard,3,12290.13,4096.71,4,1,3,1,22,59.99,69.78,38.33,70.0,2,0,1,4,3,1,0.75,28.0,MEDIUM,FRICTION_PRONE_CUSTOMER
C004284,Melinda,Davis,Saudi Arabia,Standard,2,6978.48,3489.24,3,1,2,1,17,81.68,103.97,15.0,30.0,0,0,0,3,2,1,0.67,8.0,LOW,NORMAL_CUSTOMER
C004285,Charles,Kim,Pakistan,Standard,3,9015.89,3005.3,3,0,3,0,19,55.29,70.28,30.0,45.0,2,0,0,3,3,0,1.0,10.0,LOW,NORMAL_CUSTOMER
C004286,Fernando,Fuller,Pakistan,Standard,3,11195.28,3731.76,3,0,3,0,20,80.65,87.82,15.0,45.0,1,0,0,3,3,0,1.0,5.0,LOW,LOYAL_LOW_FRICTION_CUSTOMER
C004287,Jeremy,Watkins,Other,Premium,3,6845.46,2281.82,4,1,3,1,24,61.53,69.83,11.67,35.0,0,0,0,4,3,1,0.75,8.0,LOW,LOYAL_LOW_FRICTION_CUSTOMER
C004288,Logan,Johnson,Pakistan,Standard,3,8080.07,2693.36,4,1,3,1,24,70.67,82.02,10.0,30.0,0,0,0,4,3,1,0.75,8.0,LOW,LOYAL_LOW_FRICTION_CUSTOMER
C004290,Joseph,Knapp,United States,Standard,2,6904.84,3452.42,2,0,2,0,14,39.78,44.28,0.0,0.0,0,0,0,2,2,0,1.0,0.0,LOW,NORMAL_CUSTOMER
C004291,Deanna,Miller,Pakistan,Standard,2,5903.7,2951.85,2,0,2,0,13,71.05,95.2,20.0,40.0,1,0,0,2,2,0,1.0,5.0,LOW,NORMAL_CUSTOMER
C004294,Michelle,Anderson,Other,Standard,4,11651.43,2912.86,5,1,4,1,30,48.48,60.57,18.75,40.0,1,0,0,5,4,1,0.8,13.0,LOW,LOYAL_LOW_FRICTION_CUSTOMER
C004295,Michael,Chavez,United Arab Emirates,Standard,1,2807.43,2807.43,1,0,1,0,6,73.4,73.4,40.0,40.0,1,0,0,1,1,0,1.0,5.0,LOW,NORMAL_CUSTOMER
C004297,Tammy,Howard,Saudi Arabia,Standard,1,2895.73,2895.73,3,2,1,2,13,58.33,58.33,65.0,65.0,2,0,1,3,1,2,0.33,36.0,MEDIUM,FRICTION_PRONE_CUSTOMER
C004298,Robert,Allen,Saudi Arabia,Standard,1,558.4,558.4,1,0,1,0,7,78.97,78.97,0.0,0.0,0,0,0,1,1,0,1.0,0.0,LOW,NORMAL_CUSTOMER
C004299,Ivan,Hurst,United Arab Emirates,Standard,2,6197.01,3098.5,3,1,2,1,17,54.62,69.37,15.0,30.0,0,0,0,3,2,1,0.67,8.0,LOW,NORMAL_CUSTOMER
C004301,Jessica,Nichols,Saudi Arabia,Standard,1,2613.1,2613.1,1,0,1,0,7,92.92,92.92,0.0,0.0,0,0,0,1,1,0,1.0,0.0,LOW,NORMAL_CUSTOMER
C004303,Shelby,Deleon,United States,Standard,1,3803.66,3803.66,3,2,1,2,13,124.92,124.92,65.0,65.0,3,0,1,3,1,2,0.33,41.0,MEDIUM,FRICTION_PRONE_CUSTOMER
C004305,Christopher,Townsend,United States,Premium,1,1423.93,1423.93,1,0,1,0,7,37.27,37.27,0.0,0.0,0,0,0,1,1,0,1.0,0.0,LOW,NORMAL_CUSTOMER
C004306,Garrett,Hopkins,Saudi Arabia,VIP,3,12654.14,4218.05,4,1,3,1,24,77.84,83.78,10.0,30.0,0,0,0,4,3,1,0.75,8.0,LOW,LOYAL_LOW_FRICTION_CUSTOMER
C004307,Dakota,Hill,United Arab Emirates,Standard,1,842.22,842.22,1,0,1,0,7,80.38,80.38,0.0,0.0,0,0,0,1,1,0,1.0,0.0,LOW,NORMAL_CUSTOMER
C004308,Caleb,Donovan,Pakistan,Standard,1,1152.79,1152.79,1,0,1,0,7,53.6,53.6,0.0,0.0,0,0,0,1,1,0,1.0,0.0,LOW,NORMAL_CUSTOMER
C004309,Natasha,Burton,United States,Standard,2,7558.69,3779.34,2,0,2,0,13,67.56,96.82,20.0,40.0,1,0,0,2,2,0,1.0,5.0,LOW,NORMAL_CUSTOMER
C004310,Amy,Little,United States,Standard,2,4457.82,2228.91,4,2,2,2,20,82.66,92.52,32.5,65.0,2,0,1,4,2,2,0.5,36.0,MEDIUM,FRICTION_PRONE_CUSTOMER
C004311,Anthony,Riley,Saudi Arabia,Standard,2,5189.89,2594.94,5,3,2,3,23,76.11,91.9,47.5,65.0,2,0,1,5,2,3,0.4,44.0,MEDIUM,FRICTION_PRONE_CUSTOMER
C004312,Randy,Garcia,Other,Premium,2,1524.89,762.44,3,1,2,1,16,70.71,89.17,37.5,45.0,1,0,0,3,2,1,0.67,13.0,LOW,NORMAL_CUSTOMER
C004313,Kathy,Stevens,Saudi Arabia,Standard,4,10116.66,2529.16,6,2,4,2,34,71.27,83.25,15.0,30.0,0,0,0,6,4,2,0.67,16.0,LOW,FRICTION_PRONE_CUSTOMER
C004315,Jose,Rodriguez,Other,Standard,2,5768.69,2884.34,2,0,2,0,14,75.1,80.7,0.0,0.0,0,0,0,2,2,0,1.0,0.0,LOW,NORMAL_CUSTOMER
C004317,Diana,Kline,United Kingdom,Premium,2,6247.76,3123.88,2,0,2,0,13,62.24,64.97,20.0,40.0,1,0,0,2,2,0,1.0,5.0,LOW,NORMAL_CUSTOMER
C004318,Nicole,Davis,Saudi Arabia,Premium,1,2480.38,2480.38,1,0,1,0,7,86.95,86.95,0.0,0.0,0,0,0,1,1,0,1.0,0.0,LOW,NORMAL_CUSTOMER
C004319,Kyle,Snyder,United Arab Emirates,Premium,1,4765.86,4765.86,2,1,1,1,9,61.4,61.4,75.0,75.0,1,0,1,2,1,1,0.5,23.0,LOW,FRICTION_PRONE_CUSTOMER
C004320,John,Ward,Pakistan,Premium,1,4193.15,4193.15,1,0,1,0,6,37.27,37.27,40.0,40.0,1,0,0,1,1,0,1.0,5.0,LOW,NORMAL_CUSTOMER
C004321,Justin,Massey,Pakistan,Standard,1,2074.6,2074.6,2,1,1,1,10,82.42,82.42,30.0,30.0,0,0,0,2,1,1,0.5,8.0,LOW,NORMAL_CUSTOMER
C004322,Courtney,Myers,Other,Standard,3,8632.46,2877.49,6,3,3,3,30,64.93,89.78,30.0,60.0,2,0,1,6,3,3,0.5,44.0,MEDIUM,FRICTION_PRONE_CUSTOMER
C004323,David,Henry,United Kingdom,Standard,1,1756.43,1756.43,1,0,1,0,7,39.38,39.38,0.0,0.0,0,0,0,1,1,0,1.0,0.0,LOW,NORMAL_CUSTOMER
C004324,Mary,Johnson,United Arab Emirates,Standard,2,7596.07,3798.04,2,0,2,0,13,73.4,76.17,20.0,40.0,1,0,0,2,2,0,1.0,5.0,LOW,NORMAL_CUSTOMER
C004325,Anthony,Jones,United States,VIP,2,6282.55,3141.28,2,0,2,0,14,51.14,52.72,0.0,0.0,0,0,0,2,2,0,1.0,0.0,LOW,NORMAL_CUSTOMER
C004326,Elizabeth,Chung,Other,Premium,1,3703.93,3703.93,1,0,1,0,7,53.28,53.28,0.0,0.0,0,0,0,1,1,0,1.0,0.0,LOW,NORMAL_CUSTOMER
C004327,Michelle,Jones,Saudi Arabia,Premium,3,10174.3,3391.43,3,0,3,0,20,57.95,69.23,13.33,40.0,1,0,0,3,3,0,1.0,5.0,LOW,LOYAL_LOW_FRICTION_CUSTOMER
C004328,Mark,Mcdaniel,Other,Standard,2,4480.5,2240.25,2,0,2,0,13,57.1,69.73,22.5,45.0,1,0,0,2,2,0,1.0,5.0,LOW,NORMAL_CUSTOMER
C004331,Amber,Odonnell,Saudi Arabia,Standard,3,3047.62,1015.87,3,0,3,0,20,50.72,68.4,15.0,45.0,1,0,0,3,3,0,1.0,5.0,LOW,LOYAL_LOW_FRICTION_CUSTOMER
C004332,Joseph,Stokes,Saudi Arabia,Standard,1,4033.73,4033.73,1,0,1,0,7,94.17,94.17,0.0,0.0,0,0,0,1,1,0,1.0,0.0,LOW,NORMAL_CUSTOMER
C004333,Sean,White,United Arab Emirates,Premium,1,1231.19,1231.19,1,0,1,0,6,56.5,56.5,45.0,45.0,1,0,0,1,1,0,1.0,5.0,LOW,NORMAL_CUSTOMER
C004335,Heidi,White,United Arab Emirates,VIP,1,2411.21,2411.21,1,0,1,0,6,33.8,33.8,40.0,40.0,1,0,0,1,1,0,1.0,5.0,LOW,NORMAL_CUSTOMER
C004336,Gregory,Bradley,Saudi Arabia,Standard,1,3833.54,3833.54,2,1,1,1,10,76.85,76.85,30.0,30.0,0,0,0,2,1,1,0.5,8.0,LOW,NORMAL_CUSTOMER
C004338,Crystal,Johnson,Other,Standard,1,3455.37,3455.37,2,1,1,1,10,95.28,95.28,30.0,30.0,0,0,0,2,1,1,0.5,8.0,LOW,NORMAL_CUSTOMER
C004341,Alexandra,Webb,United Arab Emirates,Standard,3,6347.34,2115.78,5,2,3,2,27,69.75,94.37,21.67,65.0,2,0,1,5,3,2,0.6,36.0,MEDIUM,FRICTION_PRONE_CUSTOMER
C004342,Danielle,Mendez,Saudi Arabia,Premium,1,4161.25,4161.25,1,0,1,0,7,67.7,67.7,0.0,0.0,0,0,0,1,1,0,1.0,0.0,LOW,NORMAL_CUSTOMER
C004344,Michael,Moore,United States,Standard,1,616.42,616.42,3,2,1,2,12,65.92,65.92,100.0,100.0,3,1,0,3,1,2,0.33,51.0,HIGH,FRICTION_PRONE_CUSTOMER
C004345,Amber,Harmon,Pakistan,Standard,1,846.65,846.65,1,0,1,0,7,60.52,60.52,0.0,0.0,0,0,0,1,1,0,1.0,0.0,LOW,NORMAL_CUSTOMER
C004346,Linda,House,United Arab Emirates,Standard,2,2932.73,1466.36,2,0,2,0,14,77.56,90.35,0.0,0.0,0,0,0,2,2,0,1.0,0.0,LOW,NORMAL_CUSTOMER
C004347,Scott,Lee,United States,Premium,1,1389.58,1389.58,1,0,1,0,6,87.48,87.48,45.0,45.0,1,0,0,1,1,0,1.0,5.0,LOW,NORMAL_CUSTOMER
C004349,Jordan,Johnson,United States,Standard,1,1438.67,1438.67,1,0,1,0,6,53.95,53.95,45.0,45.0,1,0,0,1,1,0,1.0,5.0,LOW,NORMAL_CUSTOMER
C004350,Kevin,Hunt,Pakistan,Standard,2,6662.37,3331.19,2,0,2,0,14,62.66,69.85,0.0,0.0,0,0,0,2,2,0,1.0,0.0,LOW,NORMAL_CUSTOMER
C004351,Aaron,Hernandez,United States,Standard,2,3409.68,1704.84,4,2,2,2,20,63.14,73.62,32.5,65.0,2,0,1,4,2,2,0.5,36.0,MEDIUM,FRICTION_PRONE_CUSTOMER
C004352,Lisa,Camacho,Pakistan,Standard,2,8841.63,4420.82,2,0,2,0,14,77.4,81.22,0.0,0.0,0,0,0,2,2,0,1.0,0.0,LOW,NORMAL_CUSTOMER
C004355,Taylor,Murphy,Pakistan,Standard,4,5857.37,1464.34,5,1,4,1,31,57.21,91.98,7.5,30.0,0,0,0,5,4,1,0.8,8.0,LOW,LOYAL_LOW_FRICTION_CUSTOMER
C004356,Alan,Robinson,Pakistan,Standard,1,3167.65,3167.65,1,0,1,0,6,76.97,76.97,45.0,45.0,1,0,0,1,1,0,1.0,5.0,LOW,NORMAL_CUSTOMER
C004357,Sandra,Luna,Saudi Arabia,Standard,1,3879.83,3879.83,1,0,1,0,7,67.5,67.5,0.0,0.0,0,0,0,1,1,0,1.0,0.0,LOW,NORMAL_CUSTOMER
C004358,Stacey,Case,Pakistan,Standard,3,9344.91,3114.97,5,2,3,2,25,85.03,102.22,46.67,100.0,4,1,0,5,3,2,0.6,56.0,HIGH,FRICTION_PRONE_CUSTOMER
C004359,Thomas,Adams,Pakistan,Standard,1,2767.15,2767.15,1,0,1,0,7,34.25,34.25,0.0,0.0,0,0,0,1,1,0,1.0,0.0,LOW,NORMAL_CUSTOMER
C004361,Russell,Ashley,Saudi Arabia,Premium,1,1315.0,1315.0,1,0,1,0,7,62.37,62.37,0.0,0.0,0,0,0,1,1,0,1.0,0.0,LOW,NORMAL_CUSTOMER
C004362,Kelly,Bailey,Pakistan,Standard,2,8764.65,4382.33,2,0,2,0,13,55.18,56.53,20.0,40.0,1,0,0,2,2,0,1.0,5.0,LOW,NORMAL_CUSTOMER
C004363,Jerry,Arnold,United States,Standard,2,6120.77,3060.38,2,0,2,0,14,67.32,73.93,0.0,0.0,0,0,0,2,2,0,1.0,0.0,LOW,NORMAL_CUSTOMER
C004364,Adrian,Phillips,Pakistan,Standard,2,3106.51,1553.26,2,0,2,0,14,87.31,91.32,0.0,0.0,0,0,0,2,2,0,1.0,0.0,LOW,NORMAL_CUSTOMER
C004365,Nathaniel,Mcgee,Saudi Arabia,Standard,2,6368.79,3184.4,3,1,2,1,16,68.54,70.2,35.0,70.0,1,0,1,3,2,1,0.67,23.0,LOW,FRICTION_PRONE_CUSTOMER
C004366,Robert,Simpson,United Kingdom,Standard,1,663.33,663.33,2,1,1,1,9,37.78,37.78,70.0,70.0,1,0,1,2,1,1,0.5,23.0,LOW,FRICTION_PRONE_CUSTOMER
C004367,Ann,Hunt,Saudi Arabia,Standard,2,2649.59,1324.8,2,0,2,0,14,90.0,90.78,0.0,0.0,0,0,0,2,2,0,1.0,0.0,LOW,NORMAL_CUSTOMER
C004369,Frank,Lee,Saudi Arabia,Premium,2,5288.56,2644.28,2,0,2,0,13,61.96,72.97,22.5,45.0,1,0,0,2,2,0,1.0,5.0,LOW,NORMAL_CUSTOMER
C004370,Jillian,Thompson,Saudi Arabia,Standard,1,2277.76,2277.76,1,0,1,0,7,54.22,54.22,0.0,0.0,0,0,0,1,1,0,1.0,0.0,LOW,NORMAL_CUSTOMER
C004371,Peter,Mcdaniel,Saudi Arabia,Standard,1,1214.05,1214.05,1,0,1,0,7,67.5,67.5,0.0,0.0,0,0,0,1,1,0,1.0,0.0,LOW,NORMAL_CUSTOMER
C004372,Nicholas,Clay,United Arab Emirates,Standard,2,6424.52,3212.26,2,0,2,0,14,64.35,88.45,0.0,0.0,0,0,0,2,2,0,1.0,0.0,LOW,NORMAL_CUSTOMER
C004373,Jose,Campbell,Saudi Arabia,Standard,2,3444.59,1722.3,4,2,2,2,20,70.68,88.18,30.0,60.0,2,0,1,4,2,2,0.5,36.0,MEDIUM,FRICTION_PRONE_CUSTOMER
C004374,Robert,Long,United Arab Emirates,Standard,1,3877.96,3877.96,1,0,1,0,6,91.82,91.82,40.0,40.0,1,0,0,1,1,0,1.0,5.0,LOW,NORMAL_CUSTOMER
C004377,Renee,Collins,United Arab Emirates,Standard,2,4554.07,2277.04,3,1,2,1,17,45.43,48.08,15.0,30.0,0,0,0,3,2,1,0.67,8.0,LOW,NORMAL_CUSTOMER
C004378,Lindsey,Bauer,United States,Standard,1,1169.08,1169.08,1,0,1,0,7,77.98,77.98,0.0,0.0,0,0,0,1,1,0,1.0,0.0,LOW,NORMAL_CUSTOMER
C004379,Gail,Mckay,Saudi Arabia,Standard,3,4499.47,1499.82,4,1,3,1,24,42.85,46.18,10.0,30.0,0,0,0,4,3,1,0.75,8.0,LOW,LOYAL_LOW_FRICTION_CUSTOMER
C004380,Justin,Freeman,Pakistan,Standard,2,4403.65,2201.83,2,0,2,0,14,58.1,59.52,0.0,0.0,0,0,0,2,2,0,1.0,0.0,LOW,NORMAL_CUSTOMER
C004381,Julia,Andrade,Saudi Arabia,Premium,2,1986.64,993.32,3,1,2,1,17,66.46,71.25,17.5,35.0,0,0,0,3,2,1,0.67,8.0,LOW,NORMAL_CUSTOMER
C004382,Lisa,Henderson,Saudi Arabia,Standard,1,3431.97,3431.97,2,1,1,1,10,103.17,103.17,30.0,30.0,0,0,0,2,1,1,0.5,8.0,LOW,NORMAL_CUSTOMER
C004384,Melissa,Cabrera,Pakistan,Standard,1,3287.16,3287.16,1,0,1,0,7,36.22,36.22,0.0,0.0,0,0,0,1,1,0,1.0,0.0,LOW,NORMAL_CUSTOMER
C004385,Ian,Dean,Other,Standard,3,7753.77,2584.59,3,0,3,0,19,52.15,65.35,26.67,40.0,2,0,0,3,3,0,1.0,10.0,LOW,LOYAL_LOW_FRICTION_CUSTOMER
C004387,Dana,Patterson,Other,Standard,1,2360.14,2360.14,1,0,1,0,7,88.47,88.47,0.0,0.0,0,0,0,1,1,0,1.0,0.0,LOW,NORMAL_CUSTOMER
C004389,Joseph,Brooks,Saudi Arabia,Premium,2,5713.75,2856.88,2,0,2,0,12,64.08,78.95,40.0,40.0,2,0,0,2,2,0,1.0,10.0,LOW,NORMAL_CUSTOMER
C004390,Cindy,Chen,Saudi Arabia,Standard,2,5392.5,2696.25,3,1,2,1,16,83.25,88.57,35.0,70.0,1,0,1,3,2,1,0.67,23.0,LOW,FRICTION_PRONE_CUSTOMER
C004391,Jacob,Brown,Saudi Arabia,Standard,2,3811.31,1905.66,2,0,2,0,14,65.5,88.65,0.0,0.0,0,0,0,2,2,0,1.0,0.0,LOW,NORMAL_CUSTOMER
C004392,Andrew,Jackson,Pakistan,Premium,2,5982.3,2991.15,3,1,2,1,17,71.97,78.27,15.0,30.0,0,0,0,3,2,1,0.67,8.0,LOW,NORMAL_CUSTOMER
C004397,Joseph,Serrano,Saudi Arabia,Standard,2,8563.94,4281.97,2,0,2,0,14,48.78,55.57,0.0,0.0,0,0,0,2,2,0,1.0,0.0,LOW,NORMAL_CUSTOMER
C004400,Jesse,Bell,Saudi Arabia,Premium,2,4351.32,2175.66,2,0,2,0,14,69.94,77.62,0.0,0.0,0,0,0,2,2,0,1.0,0.0,LOW,NORMAL_CUSTOMER
C004401,Edward,Johnson,Saudi Arabia,Standard,2,3691.45,1845.72,3,1,2,1,17,52.86,52.95,17.5,35.0,0,0,0,3,2,1,0.67,8.0,LOW,NORMAL_CUSTOMER
C004403,Matthew,Morris,Saudi Arabia,Standard,4,9662.53,2415.63,7,3,4,3,37,65.3,84.82,23.75,60.0,2,0,1,7,4,3,0.57,44.0,MEDIUM,FRICTION_PRONE_CUSTOMER
C004404,Larry,Gibbs,United Arab Emirates,Standard,1,3616.85,3616.85,1,0,1,0,7,46.25,46.25,0.0,0.0,0,0,0,1,1,0,1.0,0.0,LOW,NORMAL_CUSTOMER
C004406,Whitney,Jones,United Kingdom,Standard,1,1574.06,1574.06,1,0,1,0,7,32.23,32.23,0.0,0.0,0,0,0,1,1,0,1.0,0.0,LOW,NORMAL_CUSTOMER
C004407,Steven,Sandoval,Other,Premium,2,6742.25,3371.12,4,2,2,2,20,77.38,83.17,32.5,65.0,2,0,1,4,2,2,0.5,36.0,MEDIUM,FRICTION_PRONE_CUSTOMER
C004409,Mark,Chan,United Arab Emirates,VIP,3,9973.06,3324.35,4,1,3,1,23,70.54,76.27,23.33,70.0,1,0,1,4,3,1,0.75,23.0,LOW,FRICTION_PRONE_CUSTOMER
C004410,Megan,Martinez,Pakistan,Standard,2,7680.72,3840.36,4,2,2,2,20,66.61,97.5,32.5,65.0,2,0,1,4,2,2,0.5,36.0,MEDIUM,FRICTION_PRONE_CUSTOMER
C004411,Stephanie,Flores,Saudi Arabia,VIP,1,2388.26,2388.26,1,0,1,0,7,50.78,50.78,0.0,0.0,0,0,0,1,1,0,1.0,0.0,LOW,NORMAL_CUSTOMER
C004414,Charles,Marshall,Pakistan,Premium,3,9397.82,3132.61,5,2,3,2,27,67.21,87.6,21.67,65.0,2,0,1,5,3,2,0.6,36.0,MEDIUM,FRICTION_PRONE_CUSTOMER
C004416,James,Roach,United Arab Emirates,Premium,2,6110.82,3055.41,4,2,2,2,19,69.11,83.2,50.0,100.0,3,1,0,4,2,2,0.5,51.0,HIGH,FRICTION_PRONE_CUSTOMER
C004417,Mckenzie,Hoffman,United Arab Emirates,Standard,1,2663.61,2663.61,2,1,1,1,9,55.4,55.4,75.0,75.0,1,0,1,2,1,1,0.5,23.0,LOW,FRICTION_PRONE_CUSTOMER
C004419,Maria,Guzman,United Arab Emirates,Standard,1,3539.92,3539.92,1,0,1,0,7,103.65,103.65,0.0,0.0,0,0,0,1,1,0,1.0,0.0,LOW,NORMAL_CUSTOMER
C004420,David,Rose,Saudi Arabia,Standard,2,5874.51,2937.26,2,0,2,0,13,65.47,78.97,20.0,40.0,1,0,0,2,2,0,1.0,5.0,LOW,NORMAL_CUSTOMER
C004422,John,Ramirez,Other,Premium,2,6466.86,3233.43,4,2,2,2,20,86.68,96.83,32.5,65.0,2,0,1,4,2,2,0.5,36.0,MEDIUM,FRICTION_PRONE_CUSTOMER
C004423,Kelsey,Franklin,Pakistan,Standard,2,6731.77,3365.88,3,1,2,1,17,60.65,63.88,15.0,30.0,0,0,0,3,2,1,0.67,8.0,LOW,NORMAL_CUSTOMER
C004424,Scott,Ware,United Kingdom,Standard,2,7037.12,3518.56,2,0,2,0,13,77.66,86.37,20.0,40.0,1,0,0,2,2,0,1.0,5.0,LOW,NORMAL_CUSTOMER
C004425,Joan,Heath,United Arab Emirates,Standard,1,3338.65,3338.65,1,0,1,0,6,80.37,80.37,40.0,40.0,1,0,0,1,1,0,1.0,5.0,LOW,NORMAL_CUSTOMER
C004426,Arthur,Jones,United Arab Emirates,Standard,2,7721.88,3860.94,5,3,2,3,23,83.08,94.97,50.0,65.0,2,0,1,5,2,3,0.4,44.0,MEDIUM,FRICTION_PRONE_CUSTOMER
C004427,Steven,Stafford,Saudi Arabia,Standard,3,7167.05,2389.02,4,1,3,1,23,69.28,99.77,25.0,75.0,1,0,1,4,3,1,0.75,23.0,LOW,FRICTION_PRONE_CUSTOMER
C004428,Kelli,Fisher,Saudi Arabia,Standard,1,1763.99,1763.99,1,0,1,0,7,50.87,50.87,0.0,0.0,0,0,0,1,1,0,1.0,0.0,LOW,NORMAL_CUSTOMER
C004429,Adriana,Avila,Saudi Arabia,Standard,1,2419.96,2419.96,1,0,1,0,7,76.43,76.43,0.0,0.0,0,0,0,1,1,0,1.0,0.0,LOW,NORMAL_CUSTOMER
C004430,Tina,Stewart,United States,Standard,1,2013.53,2013.53,1,0,1,0,6,66.68,66.68,45.0,45.0,1,0,0,1,1,0,1.0,5.0,LOW,NORMAL_CUSTOMER
C004431,Thomas,Flores,United Kingdom,Premium,1,3303.22,3303.22,1,0,1,0,7,98.78,98.78,0.0,0.0,0,0,0,1,1,0,1.0,0.0,LOW,NORMAL_CUSTOMER
C004432,Erin,Gonzalez,Pakistan,Standard,3,7391.74,2463.91,3,0,3,0,21,81.33,97.7,0.0,0.0,0,0,0,3,3,0,1.0,0.0,LOW,LOYAL_LOW_FRICTION_CUSTOMER
C004433,Larry,Lang,United Arab Emirates,Standard,1,614.71,614.71,2,1,1,1,10,106.63,106.63,30.0,30.0,0,0,0,2,1,1,0.5,8.0,LOW,NORMAL_CUSTOMER
C004434,Marcus,Jimenez,Other,Standard,5,15497.26,3099.45,7,2,5,2,40,78.12,106.2,22.0,45.0,1,0,0,7,5,2,0.71,21.0,LOW,FRICTION_PRONE_CUSTOMER
C004435,Crystal,Mooney,Saudi Arabia,Standard,2,4054.78,2027.39,2,0,2,0,13,80.14,82.97,22.5,45.0,1,0,0,2,2,0,1.0,5.0,LOW,NORMAL_CUSTOMER
C004436,Bobby,Fisher,Saudi Arabia,Standard,2,5196.57,2598.28,2,0,2,0,14,72.81,75.2,0.0,0.0,0,0,0,2,2,0,1.0,0.0,LOW,NORMAL_CUSTOMER
C004438,Abigail,Jackson,United States,Standard,2,3711.66,1855.83,4,2,2,2,20,72.85,86.73,32.5,65.0,2,0,1,4,2,2,0.5,36.0,MEDIUM,FRICTION_PRONE_CUSTOMER
C004440,Danielle,Reyes,Saudi Arabia,Standard,1,1322.32,1322.32,2,1,1,1,10,85.32,85.32,35.0,35.0,0,0,0,2,1,1,0.5,8.0,LOW,NORMAL_CUSTOMER
C004441,James,Ray,Other,Premium,3,9540.1,3180.03,3,0,3,0,20,63.94,85.47,13.33,40.0,1,0,0,3,3,0,1.0,5.0,LOW,LOYAL_LOW_FRICTION_CUSTOMER
C004444,Jeff,Chase,United Arab Emirates,Standard,2,7535.34,3767.67,2,0,2,0,14,45.0,54.3,0.0,0.0,0,0,0,2,2,0,1.0,0.0,LOW,NORMAL_CUSTOMER
C004445,Daniel,Travis,United Arab Emirates,Standard,2,1403.2,701.6,3,1,2,1,16,65.46,70.8,40.0,80.0,1,1,0,3,2,1,0.67,33.0,MEDIUM,NORMAL_CUSTOMER
C004446,Cynthia,Buck,Other,Standard,1,3662.33,3662.33,1,0,1,0,7,53.52,53.52,0.0,0.0,0,0,0,1,1,0,1.0,0.0,LOW,NORMAL_CUSTOMER
C004447,Mark,Mitchell,Saudi Arabia,Standard,2,4906.92,2453.46,3,1,2,1,17,81.9,96.17,15.0,30.0,0,0,0,3,2,1,0.67,8.0,LOW,NORMAL_CUSTOMER
C004449,Joshua,Powell,United Arab Emirates,Standard,1,4901.3,4901.3,1,0,1,0,6,39.27,39.27,40.0,40.0,1,0,0,1,1,0,1.0,5.0,LOW,NORMAL_CUSTOMER
C004450,David,Huang,United Kingdom,Premium,2,7233.77,3616.88,3,1,2,1,17,75.43,77.95,15.0,30.0,0,0,0,3,2,1,0.67,8.0,LOW,NORMAL_CUSTOMER
C004452,Albert,Williams,Pakistan,Premium,2,6177.25,3088.62,2,0,2,0,14,40.23,45.78,0.0,0.0,0,0,0,2,2,0,1.0,0.0,LOW,NORMAL_CUSTOMER
C004453,Bobby,Newman,United States,Standard,2,4521.76,2260.88,2,0,2,0,13,84.94,91.9,22.5,45.0,1,0,0,2,2,0,1.0,5.0,LOW,NORMAL_CUSTOMER
C004454,Kristen,Jones,United States,Standard,1,2526.96,2526.96,2,1,1,1,9,91.43,91.43,75.0,75.0,1,0,1,2,1,1,0.5,23.0,LOW,FRICTION_PRONE_CUSTOMER
C004456,Caitlyn,Lang,Saudi Arabia,Standard,3,5024.94,1674.98,3,0,3,0,21,67.4,70.8,0.0,0.0,0,0,0,3,3,0,1.0,0.0,LOW,LOYAL_LOW_FRICTION_CUSTOMER
C004457,Nathan,Cummings,United Kingdom,Standard,1,2554.19,2554.19,1,0,1,0,7,66.7,66.7,0.0,0.0,0,0,0,1,1,0,1.0,0.0,LOW,NORMAL_CUSTOMER
C004458,Christopher,Hill,Saudi Arabia,Standard,1,1138.96,1138.96,1,0,1,0,7,40.18,40.18,0.0,0.0,0,0,0,1,1,0,1.0,0.0,LOW,NORMAL_CUSTOMER
C004459,Eric,Molina,United Arab Emirates,Standard,3,9830.08,3276.69,4,1,3,1,24,67.12,84.67,10.0,30.0,0,0,0,4,3,1,0.75,8.0,LOW,LOYAL_LOW_FRICTION_CUSTOMER
C004460,Christopher,Ross,Pakistan,Standard,1,967.17,967.17,1,0,1,0,6,74.62,74.62,40.0,40.0,1,0,0,1,1,0,1.0,5.0,LOW,NORMAL_CUSTOMER
C004461,Christine,Hawkins,United Arab Emirates,Premium,2,5081.02,2540.51,4,2,2,2,19,59.04,69.92,50.0,100.0,3,1,0,4,2,2,0.5,51.0,HIGH,FRICTION_PRONE_CUSTOMER
C004462,Sarah,Edwards,Pakistan,Standard,1,801.28,801.28,2,1,1,1,10,84.03,84.03,30.0,30.0,0,0,0,2,1,1,0.5,8.0,LOW,NORMAL_CUSTOMER
C004463,Wendy,Salazar,Other,Standard,2,5333.01,2666.5,2,0,2,0,14,68.48,79.78,0.0,0.0,0,0,0,2,2,0,1.0,0.0,LOW,NORMAL_CUSTOMER
C004466,Deanna,Gibson,United Arab Emirates,Standard,1,2608.32,2608.32,1,0,1,0,7,92.97,92.97,0.0,0.0,0,0,0,1,1,0,1.0,0.0,LOW,NORMAL_CUSTOMER
C004467,Jacqueline,Allison,Saudi Arabia,Standard,2,4345.33,2172.66,2,0,2,0,13,86.16,93.52,20.0,40.0,1,0,0,2,2,0,1.0,5.0,LOW,NORMAL_CUSTOMER
C004469,David,Martinez,Other,Standard,2,3245.94,1622.97,2,0,2,0,14,57.16,73.93,0.0,0.0,0,0,0,2,2,0,1.0,0.0,LOW,NORMAL_CUSTOMER
C004470,Jesse,Brooks,Other,Standard,2,5382.44,2691.22,2,0,2,0,13,59.8,68.82,20.0,40.0,1,0,0,2,2,0,1.0,5.0,LOW,NORMAL_CUSTOMER
C004471,Tina,Williamson,Other,Standard,2,5229.86,2614.93,4,2,2,2,19,73.4,94.82,50.0,100.0,3,1,0,4,2,2,0.5,51.0,HIGH,FRICTION_PRONE_CUSTOMER
C004472,Kristina,Johnson,Other,Standard,2,5804.58,2902.29,2,0,2,0,13,27.4,32.22,20.0,40.0,1,0,0,2,2,0,1.0,5.0,LOW,NORMAL_CUSTOMER
C004473,Katherine,Williams,Saudi Arabia,Standard,1,4828.06,4828.06,1,0,1,0,7,74.93,74.93,0.0,0.0,0,0,0,1,1,0,1.0,0.0,LOW,NORMAL_CUSTOMER
C004474,Linda,Smith,United Arab Emirates,Standard,2,6026.51,3013.26,3,1,2,1,16,76.9,109.95,37.5,45.0,1,0,0,3,2,1,0.67,13.0,LOW,NORMAL_CUSTOMER
C004475,Samuel,Garcia,United Kingdom,Standard,3,4918.77,1639.59,5,2,3,2,26,82.6,84.83,33.33,100.0,3,1,0,5,3,2,0.6,51.0,HIGH,FRICTION_PRONE_CUSTOMER
C004477,Hannah,Watts,United Arab Emirates,Standard,3,6784.02,2261.34,4,1,3,1,23,63.04,68.85,25.0,40.0,1,0,0,4,3,1,0.75,13.0,LOW,LOYAL_LOW_FRICTION_CUSTOMER
C004479,Dennis,Jackson,Pakistan,Standard,3,7288.48,2429.49,3,0,3,0,20,57.45,69.97,13.33,40.0,1,0,0,3,3,0,1.0,5.0,LOW,LOYAL_LOW_FRICTION_CUSTOMER
C004480,Rachel,Lee,Pakistan,Standard,3,9857.46,3285.82,3,0,3,0,20,51.64,53.53,13.33,40.0,1,0,0,3,3,0,1.0,5.0,LOW,LOYAL_LOW_FRICTION_CUSTOMER
C004482,Samuel,Wood,United Arab Emirates,Standard,2,5611.76,2805.88,4,2,2,2,19,64.5,69.87,57.5,80.0,1,1,0,4,2,2,0.5,41.0,MEDIUM,FRICTION_PRONE_CUSTOMER
C004483,Kenneth,Leach,Pakistan,Standard,3,12176.47,4058.82,3,0,3,0,21,50.12,56.52,0.0,0.0,0,0,0,3,3,0,1.0,0.0,LOW,LOYAL_LOW_FRICTION_CUSTOMER
C004484,Heidi,Mayo,Pakistan,Premium,1,1022.85,1022.85,1,0,1,0,6,55.52,55.52,45.0,45.0,1,0,0,1,1,0,1.0,5.0,LOW,NORMAL_CUSTOMER
C004485,James,Villa,Saudi Arabia,Standard,1,4474.71,4474.71,3,2,1,2,12,52.02,52.02,100.0,100.0,3,1,0,3,1,2,0.33,51.0,HIGH,FRICTION_PRONE_CUSTOMER
C004486,Jacob,Parrish,United Kingdom,Standard,5,17929.72,3585.94,7,2,5,2,39,78.05,102.02,30.0,75.0,2,0,1,7,5,2,0.71,36.0,MEDIUM,FRICTION_PRONE_CUSTOMER
C004487,Michael,Green,Saudi Arabia,Premium,1,586.22,586.22,1,0,1,0,7,63.57,63.57,0.0,0.0,0,0,0,1,1,0,1.0,0.0,LOW,NORMAL_CUSTOMER
C004488,Jessica,Glover,United Arab Emirates,Standard,3,10998.72,3666.24,6,3,3,3,30,77.21,95.28,31.67,65.0,2,0,1,6,3,3,0.5,44.0,MEDIUM,FRICTION_PRONE_CUSTOMER
C004489,Joshua,Rodriguez,United States,Premium,1,1261.47,1261.47,1,0,1,0,7,62.35,62.35,0.0,0.0,0,0,0,1,1,0,1.0,0.0,LOW,NORMAL_CUSTOMER
C004491,Robin,Jones,Saudi Arabia,Standard,2,1547.06,773.53,2,0,2,0,14,45.39,56.35,0.0,0.0,0,0,0,2,2,0,1.0,0.0,LOW,NORMAL_CUSTOMER
C004492,Angela,Murphy,United Kingdom,Standard,4,6179.05,1544.76,5,1,4,1,31,61.58,74.65,7.5,30.0,0,0,0,5,4,1,0.8,8.0,LOW,LOYAL_LOW_FRICTION_CUSTOMER
C004493,Casey,Salazar,Pakistan,Standard,3,6384.52,2128.17,6,3,3,3,30,78.66,85.33,31.67,35.0,0,0,0,6,3,3,0.5,24.0,LOW,FRICTION_PRONE_CUSTOMER
C004494,Eric,Burnett,United States,Premium,5,14844.84,2968.97,7,2,5,2,39,65.56,93.32,29.0,40.0,2,0,0,7,5,2,0.71,26.0,MEDIUM,FRICTION_PRONE_CUSTOMER
C004495,Kenneth,Nelson,United Kingdom,Premium,4,9172.26,2293.06,4,0,4,0,28,60.97,88.25,0.0,0.0,0,0,0,4,4,0,1.0,0.0,LOW,LOYAL_LOW_FRICTION_CUSTOMER
C004496,Jose,Jackson,Pakistan,Standard,1,1733.09,1733.09,1,0,1,0,6,42.5,42.5,40.0,40.0,1,0,0,1,1,0,1.0,5.0,LOW,NORMAL_CUSTOMER
C004497,Michael,Taylor,United Arab Emirates,Premium,2,7688.09,3844.04,2,0,2,0,14,70.34,80.28,0.0,0.0,0,0,0,2,2,0,1.0,0.0,LOW,NORMAL_CUSTOMER
C004498,Aaron,Murray,Saudi Arabia,Standard,2,6506.33,3253.16,2,0,2,0,14,85.15,94.77,0.0,0.0,0,0,0,2,2,0,1.0,0.0,LOW,NORMAL_CUSTOMER
C004499,Dana,Martinez,Saudi Arabia,Premium,2,5762.87,2881.44,2,0,2,0,14,60.84,68.85,0.0,0.0,0,0,0,2,2,0,1.0,0.0,LOW,NORMAL_CUSTOMER
C004500,Nicholas,Atkins,United Arab Emirates,Premium,2,8249.51,4124.76,2,0,2,0,12,59.68,74.45,42.5,45.0,2,0,0,2,2,0,1.0,10.0,LOW,NORMAL_CUSTOMER
C004501,Jacob,Mullins,Pakistan,Standard,4,11395.75,2848.94,4,0,4,0,27,58.01,77.45,10.0,40.0,1,0,0,4,4,0,1.0,5.0,LOW,LOYAL_LOW_FRICTION_CUSTOMER
C004502,Andrew,Barron,Pakistan,Standard,3,9776.89,3258.96,3,0,3,0,21,63.96,84.42,0.0,0.0,0,0,0,3,3,0,1.0,0.0,LOW,LOYAL_LOW_FRICTION_CUSTOMER
C004504,Kimberly,Gutierrez,Saudi Arabia,Standard,1,1780.24,1780.24,1,0,1,0,7,51.77,51.77,0.0,0.0,0,0,0,1,1,0,1.0,0.0,LOW,NORMAL_CUSTOMER
C004506,Jennifer,Martinez,Saudi Arabia,Standard,1,2790.03,2790.03,1,0,1,0,6,33.73,33.73,40.0,40.0,1,0,0,1,1,0,1.0,5.0,LOW,NORMAL_CUSTOMER
C004507,Dominique,Rose,United Kingdom,Standard,1,523.86,523.86,3,2,1,2,12,51.65,51.65,100.0,100.0,3,1,0,3,1,2,0.33,51.0,HIGH,FRICTION_PRONE_CUSTOMER
C004508,Amber,Lane,Saudi Arabia,Standard,2,5334.2,2667.1,3,1,2,1,16,71.32,72.02,40.0,80.0,1,1,0,3,2,1,0.67,33.0,MEDIUM,NORMAL_CUSTOMER
C004509,Paul,Stanley,Pakistan,Standard,1,1153.24,1153.24,2,1,1,1,10,89.95,89.95,30.0,30.0,0,0,0,2,1,1,0.5,8.0,LOW,NORMAL_CUSTOMER
C004511,Tyler,Morris,Saudi Arabia,Standard,2,4012.01,2006.0,4,2,2,2,19,65.72,87.27,50.0,100.0,3,1,0,4,2,2,0.5,51.0,HIGH,FRICTION_PRONE_CUSTOMER
C004512,Andrea,Simon,United Arab Emirates,Standard,1,2234.48,2234.48,2,1,1,1,10,70.45,70.45,35.0,35.0,0,0,0,2,1,1,0.5,8.0,LOW,NORMAL_CUSTOMER
C004513,Chloe,Perez,Saudi Arabia,Premium,1,3866.54,3866.54,1,0,1,0,7,62.92,62.92,0.0,0.0,0,0,0,1,1,0,1.0,0.0,LOW,NORMAL_CUSTOMER
C004515,Danielle,Phillips,Pakistan,Premium,2,5401.12,2700.56,2,0,2,0,14,50.8,55.73,0.0,0.0,0,0,0,2,2,0,1.0,0.0,LOW,NORMAL_CUSTOMER
C004516,Daniel,Miller,United Arab Emirates,Standard,1,3288.43,3288.43,2,1,1,1,10,69.27,69.27,30.0,30.0,0,0,0,2,1,1,0.5,8.0,LOW,NORMAL_CUSTOMER
C004517,Alexandra,Hansen,Pakistan,Standard,4,11008.53,2752.13,4,0,4,0,27,58.22,86.85,11.25,45.0,1,0,0,4,4,0,1.0,5.0,LOW,LOYAL_LOW_FRICTION_CUSTOMER
C004518,Carl,Salas,Other,Premium,3,7637.1,2545.7,4,1,3,1,23,59.08,65.32,23.33,40.0,1,0,0,4,3,1,0.75,13.0,LOW,LOYAL_LOW_FRICTION_CUSTOMER
C004519,Mary,Keller,Saudi Arabia,Standard,1,4126.49,4126.49,2,1,1,1,9,76.18,76.18,80.0,80.0,1,1,0,2,1,1,0.5,33.0,MEDIUM,NORMAL_CUSTOMER
C004521,Morgan,Harris,Other,Standard,1,3466.52,3466.52,1,0,1,0,7,30.22,30.22,0.0,0.0,0,0,0,1,1,0,1.0,0.0,LOW,NORMAL_CUSTOMER
C004522,James,Miller,Pakistan,Standard,1,1461.03,1461.03,2,1,1,1,10,55.58,55.58,30.0,30.0,0,0,0,2,1,1,0.5,8.0,LOW,NORMAL_CUSTOMER
C004523,Todd,Bonilla,Other,Premium,3,9461.79,3153.93,5,2,3,2,26,79.95,91.87,35.0,65.0,3,0,1,5,3,2,0.6,41.0,MEDIUM,FRICTION_PRONE_CUSTOMER
C004524,Corey,Brown,Pakistan,Standard,1,1594.23,1594.23,1,0,1,0,7,85.57,85.57,0.0,0.0,0,0,0,1,1,0,1.0,0.0,LOW,NORMAL_CUSTOMER
C004525,Ashley,Smith,United States,Standard,8,18755.27,2344.41,8,0,8,0,53,64.93,89.38,16.25,45.0,3,0,0,8,8,0,1.0,15.0,LOW,LOYAL_LOW_FRICTION_CUSTOMER
C004526,Mary,Robinson,United Arab Emirates,Standard,1,2815.37,2815.37,1,0,1,0,6,31.77,31.77,40.0,40.0,1,0,0,1,1,0,1.0,5.0,LOW,NORMAL_CUSTOMER
C004527,Diane,Cardenas,United Kingdom,Premium,1,4065.06,4065.06,1,0,1,0,7,57.88,57.88,0.0,0.0,0,0,0,1,1,0,1.0,0.0,LOW,NORMAL_CUSTOMER
C004528,Alicia,Lopez,Other,Premium,1,4084.83,4084.83,2,1,1,1,10,99.1,99.1,35.0,35.0,0,0,0,2,1,1,0.5,8.0,LOW,NORMAL_CUSTOMER
C004529,Jacqueline,Garcia,Pakistan,Standard,2,4347.56,2173.78,2,0,2,0,14,82.15,84.33,0.0,0.0,0,0,0,2,2,0,1.0,0.0,LOW,NORMAL_CUSTOMER
C004530,Jonathan,Clark,Saudi Arabia,VIP,3,4600.06,1533.35,5,2,3,2,26,62.81,67.73,35.0,65.0,3,0,1,5,3,2,0.6,41.0,MEDIUM,FRICTION_PRONE_CUSTOMER
C004531,Michael,Garza,Saudi Arabia,Premium,4,11162.34,2790.58,4,0,4,0,28,73.97,95.7,0.0,0.0,0,0,0,4,4,0,1.0,0.0,LOW,LOYAL_LOW_FRICTION_CUSTOMER
C004532,Catherine,Rose,Saudi Arabia,Premium,1,1082.58,1082.58,1,0,1,0,7,80.43,80.43,0.0,0.0,0,0,0,1,1,0,1.0,0.0,LOW,NORMAL_CUSTOMER
C004533,Chad,Garrison,Saudi Arabia,Standard,1,4364.18,4364.18,1,0,1,0,7,70.22,70.22,0.0,0.0,0,0,0,1,1,0,1.0,0.0,LOW,NORMAL_CUSTOMER
C004534,Sarah,Hodges,United Arab Emirates,Standard,1,579.29,579.29,1,0,1,0,7,72.52,72.52,0.0,0.0,0,0,0,1,1,0,1.0,0.0,LOW,NORMAL_CUSTOMER
C004535,Jason,Collins,Pakistan,Premium,3,7619.31,2539.77,4,1,3,1,23,68.31,73.2,25.0,40.0,1,0,0,4,3,1,0.75,13.0,LOW,LOYAL_LOW_FRICTION_CUSTOMER
C004536,Travis,Gibson,Pakistan,Standard,1,1024.28,1024.28,1,0,1,0,7,74.53,74.53,0.0,0.0,0,0,0,1,1,0,1.0,0.0,LOW,NORMAL_CUSTOMER
C004537,Pamela,Moore,United Arab Emirates,VIP,1,4351.18,4351.18,1,0,1,0,7,56.97,56.97,0.0,0.0,0,0,0,1,1,0,1.0,0.0,LOW,NORMAL_CUSTOMER
C004538,Christopher,Wagner,Pakistan,Standard,1,2530.98,2530.98,1,0,1,0,6,52.32,52.32,45.0,45.0,1,0,0,1,1,0,1.0,5.0,LOW,NORMAL_CUSTOMER
C004539,Laurie,Sloan,Saudi Arabia,Standard,3,9157.47,3052.49,4,1,3,1,22,75.44,95.67,36.67,70.0,2,0,1,4,3,1,0.75,28.0,MEDIUM,FRICTION_PRONE_CUSTOMER
C004540,Bruce,Robinson,Saudi Arabia,Premium,1,3416.13,3416.13,2,1,1,1,10,51.93,51.93,30.0,30.0,0,0,0,2,1,1,0.5,8.0,LOW,NORMAL_CUSTOMER
C004541,Angela,Cox,Saudi Arabia,VIP,1,2825.46,2825.46,1,0,1,0,7,41.27,41.27,0.0,0.0,0,0,0,1,1,0,1.0,0.0,LOW,NORMAL_CUSTOMER
C004542,Sharon,Hester,Pakistan,Standard,1,2279.27,2279.27,2,1,1,1,10,77.2,77.2,35.0,35.0,0,0,0,2,1,1,0.5,8.0,LOW,NORMAL_CUSTOMER
C004543,Robert,Parrish,Saudi Arabia,Standard,3,11337.88,3779.29,5,2,3,2,26,58.22,61.98,35.0,45.0,1,0,0,5,3,2,0.6,21.0,LOW,FRICTION_PRONE_CUSTOMER
C004544,Miguel,Palmer,Saudi Arabia,Premium,1,3899.25,3899.25,1,0,1,0,7,45.37,45.37,0.0,0.0,0,0,0,1,1,0,1.0,0.0,LOW,NORMAL_CUSTOMER
C004545,Jeanette,Deleon,United Arab Emirates,Premium,1,2008.37,2008.37,1,0,1,0,7,50.45,50.45,0.0,0.0,0,0,0,1,1,0,1.0,0.0,LOW,NORMAL_CUSTOMER
C004546,Madison,Lopez,United States,Standard,3,7425.45,2475.15,6,3,3,3,29,74.85,92.18,43.33,100.0,3,1,0,6,3,3,0.5,59.0,HIGH,FRICTION_PRONE_CUSTOMER
C004547,Joseph,Ramirez,Saudi Arabia,Standard,2,5857.38,2928.69,4,2,2,2,20,62.92,74.13,30.0,30.0,0,0,0,4,2,2,0.5,16.0,LOW,FRICTION_PRONE_CUSTOMER
C004548,Billy,Martin,Pakistan,Premium,1,639.41,639.41,2,1,1,1,9,95.5,95.5,80.0,80.0,1,1,0,2,1,1,0.5,33.0,MEDIUM,NORMAL_CUSTOMER
C004549,Chad,Parker,United Kingdom,Standard,4,10454.72,2613.68,5,1,4,1,30,61.1,81.73,20.0,45.0,1,0,0,5,4,1,0.8,13.0,LOW,LOYAL_LOW_FRICTION_CUSTOMER
C004550,Kevin,Kane,United States,VIP,1,2312.39,2312.39,1,0,1,0,7,83.25,83.25,0.0,0.0,0,0,0,1,1,0,1.0,0.0,LOW,NORMAL_CUSTOMER
C004551,Shirley,Wong,Other,Standard,2,4686.68,2343.34,2,0,2,0,13,81.81,85.83,22.5,45.0,1,0,0,2,2,0,1.0,5.0,LOW,NORMAL_CUSTOMER
C004552,Susan,Thomas,Saudi Arabia,Standard,4,7300.98,1825.24,7,3,4,3,36,88.54,113.1,35.0,65.0,3,0,1,7,4,3,0.57,49.0,MEDIUM,FRICTION_PRONE_CUSTOMER
C004553,Colton,Walter,Saudi Arabia,Standard,3,10260.3,3420.1,3,0,3,0,21,75.64,83.53,0.0,0.0,0,0,0,3,3,0,1.0,0.0,LOW,LOYAL_LOW_FRICTION_CUSTOMER
C004555,Amanda,Allen,United Arab Emirates,Premium,1,2805.29,2805.29,1,0,1,0,7,60.25,60.25,0.0,0.0,0,0,0,1,1,0,1.0,0.0,LOW,NORMAL_CUSTOMER
C004556,Jake,Shannon,Pakistan,VIP,5,17289.73,3457.95,8,3,5,3,42,63.4,94.35,34.0,100.0,4,1,0,8,5,3,0.62,64.0,HIGH,FRICTION_PRONE_CUSTOMER
C004557,Alicia,Lopez,United Kingdom,Standard,1,3496.33,3496.33,2,1,1,1,10,44.62,44.62,30.0,30.0,0,0,0,2,1,1,0.5,8.0,LOW,NORMAL_CUSTOMER
C004558,John,Johnson,United Kingdom,Premium,1,3163.88,3163.88,1,0,1,0,7,80.9,80.9,0.0,0.0,0,0,0,1,1,0,1.0,0.0,LOW,NORMAL_CUSTOMER
C004559,Colleen,Stanley,Other,Standard,2,3816.34,1908.17,4,2,2,2,20,76.98,91.78,32.5,65.0,2,0,1,4,2,2,0.5,36.0,MEDIUM,FRICTION_PRONE_CUSTOMER
C004560,Harold,Chavez,Other,Premium,1,4379.06,4379.06,1,0,1,0,7,82.83,82.83,0.0,0.0,0,0,0,1,1,0,1.0,0.0,LOW,NORMAL_CUSTOMER
C004564,Danielle,Reynolds,Saudi Arabia,Standard,3,6373.41,2124.47,4,1,3,1,23,71.87,80.42,23.33,70.0,1,0,1,4,3,1,0.75,23.0,LOW,FRICTION_PRONE_CUSTOMER
C004565,Michael,Hernandez,Saudi Arabia,VIP,1,3485.32,3485.32,1,0,1,0,6,35.52,35.52,40.0,40.0,1,0,0,1,1,0,1.0,5.0,LOW,NORMAL_CUSTOMER
C004566,Stephen,Shaw,Other,Standard,3,6425.65,2141.88,5,2,3,2,25,58.61,90.7,50.0,65.0,4,0,1,5,3,2,0.6,46.0,MEDIUM,FRICTION_PRONE_CUSTOMER
C004567,Elizabeth,Romero,Saudi Arabia,Standard,3,6986.15,2328.72,5,2,3,2,25,76.31,94.3,50.0,75.0,2,0,1,5,3,2,0.6,36.0,MEDIUM,FRICTION_PRONE_CUSTOMER
C004568,Nicole,Brown,Saudi Arabia,Standard,3,4060.83,1353.61,4,1,3,1,24,68.5,106.23,10.0,30.0,0,0,0,4,3,1,0.75,8.0,LOW,LOYAL_LOW_FRICTION_CUSTOMER
C004569,Garrett,Nelson,Saudi Arabia,Standard,1,1774.64,1774.64,2,1,1,1,9,63.3,63.3,70.0,70.0,1,0,1,2,1,1,0.5,23.0,LOW,FRICTION_PRONE_CUSTOMER
C004570,Henry,Davis,Other,Standard,3,8192.57,2730.86,4,1,3,1,24,74.71,81.3,10.0,30.0,0,0,0,4,3,1,0.75,8.0,LOW,LOYAL_LOW_FRICTION_CUSTOMER
C004571,Richard,Wong,Pakistan,Standard,1,2657.59,2657.59,2,1,1,1,9,76.48,76.48,70.0,70.0,1,0,1,2,1,1,0.5,23.0,LOW,FRICTION_PRONE_CUSTOMER
C004572,Matthew,Dennis,United Kingdom,Standard,3,7830.08,2610.03,5,2,3,2,26,76.61,107.15,36.67,45.0,1,0,0,5,3,2,0.6,21.0,LOW,FRICTION_PRONE_CUSTOMER
C004573,Eric,Henderson,Saudi Arabia,VIP,2,6161.13,3080.56,3,1,2,1,17,70.72,81.7,17.5,35.0,0,0,0,3,2,1,0.67,8.0,LOW,NORMAL_CUSTOMER
C004574,Yesenia,Carter,United States,Standard,2,5024.83,2512.42,2,0,2,0,14,53.51,65.6,0.0,0.0,0,0,0,2,2,0,1.0,0.0,LOW,NORMAL_CUSTOMER
C004575,Scott,Powell,United States,Standard,1,4733.74,4733.74,2,1,1,1,10,81.13,81.13,30.0,30.0,0,0,0,2,1,1,0.5,8.0,LOW,NORMAL_CUSTOMER
C004576,Michael,Wheeler,United Arab Emirates,Premium,1,4252.96,4252.96,2,1,1,1,10,61.32,61.32,30.0,30.0,0,0,0,2,1,1,0.5,8.0,LOW,NORMAL_CUSTOMER
C004577,Leslie,Moreno,United Arab Emirates,Premium,4,9391.07,2347.77,4,0,4,0,27,55.89,81.5,11.25,45.0,1,0,0,4,4,0,1.0,5.0,LOW,LOYAL_LOW_FRICTION_CUSTOMER
C004578,Victoria,Snyder,Saudi Arabia,Premium,1,4362.51,4362.51,2,1,1,1,10,79.9,79.9,30.0,30.0,0,0,0,2,1,1,0.5,8.0,LOW,NORMAL_CUSTOMER
C004579,Mark,Hamilton,Other,Standard,2,6687.82,3343.91,2,0,2,0,14,54.6,58.52,0.0,0.0,0,0,0,2,2,0,1.0,0.0,LOW,NORMAL_CUSTOMER
C004580,Nathan,Maldonado,Pakistan,Standard,2,4738.26,2369.13,2,0,2,0,14,70.42,80.52,0.0,0.0,0,0,0,2,2,0,1.0,0.0,LOW,NORMAL_CUSTOMER
C004581,Kathryn,Lucas,Other,VIP,1,2657.35,2657.35,1,0,1,0,7,61.77,61.77,0.0,0.0,0,0,0,1,1,0,1.0,0.0,LOW,NORMAL_CUSTOMER
C004582,Ryan,Haley,United Arab Emirates,Standard,2,6781.63,3390.82,2,0,2,0,14,70.38,71.4,0.0,0.0,0,0,0,2,2,0,1.0,0.0,LOW,NORMAL_CUSTOMER
C004583,Jessica,Robinson,United States,Standard,1,861.16,861.16,1,0,1,0,7,53.4,53.4,0.0,0.0,0,0,0,1,1,0,1.0,0.0,LOW,NORMAL_CUSTOMER
C004584,Charlene,Brown,United States,Standard,3,9104.55,3034.85,5,2,3,2,26,77.81,88.83,33.33,100.0,3,1,0,5,3,2,0.6,51.0,HIGH,FRICTION_PRONE_CUSTOMER
C004585,Anna,Johnson,United Kingdom,Standard,1,2147.06,2147.06,1,0,1,0,7,57.67,57.67,0.0,0.0,0,0,0,1,1,0,1.0,0.0,LOW,NORMAL_CUSTOMER
C004586,Jason,Adams,Other,Premium,2,6762.29,3381.14,2,0,2,0,12,77.52,97.33,40.0,40.0,2,0,0,2,2,0,1.0,10.0,LOW,NORMAL_CUSTOMER
C004587,Katie,Jones,United Arab Emirates,Standard,2,1787.44,893.72,5,3,2,3,22,77.88,93.73,65.0,100.0,3,1,0,5,2,3,0.4,59.0,HIGH,FRICTION_PRONE_CUSTOMER
C004588,Sara,Garcia,Saudi Arabia,Premium,1,3892.32,3892.32,2,1,1,1,10,45.52,45.52,30.0,30.0,0,0,0,2,1,1,0.5,8.0,LOW,NORMAL_CUSTOMER
C004589,Jonathan,Perez,United Kingdom,Standard,1,3673.82,3673.82,1,0,1,0,6,85.67,85.67,40.0,40.0,1,0,0,1,1,0,1.0,5.0,LOW,NORMAL_CUSTOMER
C004590,Suzanne,Oliver,United Kingdom,VIP,3,5745.13,1915.04,5,2,3,2,27,48.58,59.15,20.0,30.0,0,0,0,5,3,2,0.6,16.0,LOW,FRICTION_PRONE_CUSTOMER
C004591,Seth,Baldwin,Pakistan,Standard,3,5561.9,1853.97,3,0,3,0,21,76.46,94.6,0.0,0.0,0,0,0,3,3,0,1.0,0.0,LOW,LOYAL_LOW_FRICTION_CUSTOMER
C004592,Randy,Myers,Saudi Arabia,Standard,2,4616.42,2308.21,3,1,2,1,17,89.34,103.4,17.5,35.0,0,0,0,3,2,1,0.67,8.0,LOW,NORMAL_CUSTOMER
C004593,Jessica,Garcia,Pakistan,Standard,2,2533.83,1266.92,2,0,2,0,13,53.36,53.82,20.0,40.0,1,0,0,2,2,0,1.0,5.0,LOW,NORMAL_CUSTOMER
C004594,Tonya,Gross,United Arab Emirates,Premium,1,858.82,858.82,1,0,1,0,7,81.45,81.45,0.0,0.0,0,0,0,1,1,0,1.0,0.0,LOW,NORMAL_CUSTOMER
C004595,Caitlin,Suarez,United Arab Emirates,Premium,1,1666.36,1666.36,1,0,1,0,7,53.92,53.92,0.0,0.0,0,0,0,1,1,0,1.0,0.0,LOW,NORMAL_CUSTOMER
C004596,Zachary,Adams,Pakistan,Standard,1,4919.85,4919.85,2,1,1,1,9,90.92,90.92,70.0,70.0,1,0,1,2,1,1,0.5,23.0,LOW,FRICTION_PRONE_CUSTOMER
C004597,Victoria,Harris,United Kingdom,Standard,1,1437.54,1437.54,3,2,1,2,13,106.78,106.78,65.0,65.0,2,0,1,3,1,2,0.33,36.0,MEDIUM,FRICTION_PRONE_CUSTOMER
C004598,Kevin,Floyd,Saudi Arabia,Premium,1,2395.56,2395.56,1,0,1,0,7,37.97,37.97,0.0,0.0,0,0,0,1,1,0,1.0,0.0,LOW,NORMAL_CUSTOMER
C004599,Kevin,Bailey,United Arab Emirates,Premium,4,9450.3,2362.57,6,2,4,2,34,66.63,84.6,16.25,65.0,2,0,1,6,4,2,0.67,36.0,MEDIUM,FRICTION_PRONE_CUSTOMER
C004600,Jeffrey,Roberts,Saudi Arabia,Standard,1,3593.37,3593.37,1,0,1,0,7,84.75,84.75,0.0,0.0,0,0,0,1,1,0,1.0,0.0,LOW,NORMAL_CUSTOMER
C004601,Melissa,Carlson,Saudi Arabia,Premium,1,1046.5,1046.5,1,0,1,0,6,78.22,78.22,40.0,40.0,1,0,0,1,1,0,1.0,5.0,LOW,NORMAL_CUSTOMER
C004602,Andrew,Gross,United States,Standard,1,1944.89,1944.89,3,2,1,2,13,99.33,99.33,65.0,65.0,2,0,1,3,1,2,0.33,36.0,MEDIUM,FRICTION_PRONE_CUSTOMER
C004604,Hannah,Gordon,United Arab Emirates,Standard,3,7578.42,2526.14,4,1,3,1,24,75.28,85.13,11.67,35.0,0,0,0,4,3,1,0.75,8.0,LOW,LOYAL_LOW_FRICTION_CUSTOMER
C004606,Angela,Woods,Other,Standard,1,2527.12,2527.12,1,0,1,0,7,41.48,41.48,0.0,0.0,0,0,0,1,1,0,1.0,0.0,LOW,NORMAL_CUSTOMER
C004608,Sara,Knox,Saudi Arabia,Premium,2,6397.29,3198.64,2,0,2,0,13,75.95,84.22,20.0,40.0,1,0,0,2,2,0,1.0,5.0,LOW,NORMAL_CUSTOMER
C004611,Michael,Jones,United Arab Emirates,Premium,1,4355.42,4355.42,1,0,1,0,7,101.58,101.58,0.0,0.0,0,0,0,1,1,0,1.0,0.0,LOW,NORMAL_CUSTOMER
C004612,Devon,Lopez,Saudi Arabia,VIP,4,5762.92,1440.73,5,1,4,1,30,74.27,89.82,20.0,45.0,1,0,0,5,4,1,0.8,13.0,LOW,LOYAL_LOW_FRICTION_CUSTOMER
C004613,Michael,Yoder,United Arab Emirates,Standard,2,7937.06,3968.53,2,0,2,0,14,62.19,85.88,0.0,0.0,0,0,0,2,2,0,1.0,0.0,LOW,NORMAL_CUSTOMER
C004614,Brandi,Thomas,Saudi Arabia,Standard,3,10380.01,3460.0,3,0,3,0,21,68.55,87.77,0.0,0.0,0,0,0,3,3,0,1.0,0.0,LOW,LOYAL_LOW_FRICTION_CUSTOMER
C004616,Lisa,Wells,United Arab Emirates,Standard,2,2603.8,1301.9,4,2,2,2,20,64.11,79.7,32.5,65.0,2,0,1,4,2,2,0.5,36.0,MEDIUM,FRICTION_PRONE_CUSTOMER
C004617,Christopher,Cook,United States,Standard,4,8329.11,2082.28,4,0,4,0,27,71.22,101.38,10.0,40.0,1,0,0,4,4,0,1.0,5.0,LOW,LOYAL_LOW_FRICTION_CUSTOMER
C004620,Jessica,Jones,Other,Premium,2,6673.63,3336.82,4,2,2,2,19,74.33,99.05,52.5,65.0,3,0,1,4,2,2,0.5,41.0,MEDIUM,FRICTION_PRONE_CUSTOMER
C004621,Jennifer,Shelton,Other,Standard,3,8496.2,2832.07,4,1,3,1,23,62.52,83.95,25.0,40.0,1,0,0,4,3,1,0.75,13.0,LOW,LOYAL_LOW_FRICTION_CUSTOMER
C004622,Laura,Castaneda,United States,Standard,3,4730.97,1576.99,3,0,3,0,21,72.43,96.35,0.0,0.0,0,0,0,3,3,0,1.0,0.0,LOW,LOYAL_LOW_FRICTION_CUSTOMER
C004624,Margaret,Montes,United Kingdom,Standard,1,4487.54,4487.54,1,0,1,0,7,79.63,79.63,0.0,0.0,0,0,0,1,1,0,1.0,0.0,LOW,NORMAL_CUSTOMER
C004625,Hannah,Aguilar,Other,Standard,3,4193.7,1397.9,3,0,3,0,19,78.1,97.32,28.33,45.0,2,0,0,3,3,0,1.0,10.0,LOW,LOYAL_LOW_FRICTION_CUSTOMER
C004626,Barbara,Freeman,United Kingdom,Premium,1,3688.94,3688.94,1,0,1,0,7,63.47,63.47,0.0,0.0,0,0,0,1,1,0,1.0,0.0,LOW,NORMAL_CUSTOMER
C004627,Rebecca,Wright,United Arab Emirates,Standard,1,807.72,807.72,1,0,1,0,6,69.78,69.78,45.0,45.0,1,0,0,1,1,0,1.0,5.0,LOW,NORMAL_CUSTOMER
C004628,Caitlin,Rodriguez,Pakistan,Standard,3,8841.84,2947.28,6,3,3,3,30,80.77,95.9,31.67,65.0,2,0,1,6,3,3,0.5,44.0,MEDIUM,FRICTION_PRONE_CUSTOMER
C004629,Kevin,Fuentes,Pakistan,Premium,2,2584.69,1292.34,3,1,2,1,15,78.93,80.45,62.5,80.0,2,1,0,3,2,1,0.67,38.0,MEDIUM,NORMAL_CUSTOMER
C004632,Christian,Conley,United Arab Emirates,VIP,2,5403.9,2701.95,2,0,2,0,14,53.18,53.92,0.0,0.0,0,0,0,2,2,0,1.0,0.0,LOW,NORMAL_CUSTOMER
C004633,Brian,Fox,United States,Standard,1,2623.71,2623.71,3,2,1,2,13,84.82,84.82,65.0,65.0,2,0,1,3,1,2,0.33,36.0,MEDIUM,FRICTION_PRONE_CUSTOMER
C004634,Kelli,Jackson,Other,Premium,2,7064.56,3532.28,2,0,2,0,14,70.47,86.52,0.0,0.0,0,0,0,2,2,0,1.0,0.0,LOW,NORMAL_CUSTOMER
C004635,Michael,Thomas,Saudi Arabia,Premium,1,4225.28,4225.28,1,0,1,0,7,39.23,39.23,0.0,0.0,0,0,0,1,1,0,1.0,0.0,LOW,NORMAL_CUSTOMER
C004637,Robert,Torres,United Arab Emirates,Premium,3,7630.09,2543.36,4,1,3,1,24,71.22,82.87,11.67,35.0,0,0,0,4,3,1,0.75,8.0,LOW,LOYAL_LOW_FRICTION_CUSTOMER
C004638,Mindy,Fitzgerald,United Kingdom,Standard,3,6450.51,2150.17,7,4,3,4,32,61.32,75.5,55.0,65.0,5,0,2,7,3,4,0.43,77.0,CRITICAL,HIGH_RISK_CUSTOMER
C004643,Alexander,Tucker,Other,Premium,2,5805.56,2902.78,2,0,2,0,14,69.3,86.22,0.0,0.0,0,0,0,2,2,0,1.0,0.0,LOW,NORMAL_CUSTOMER
C004644,Kimberly,Diaz,Saudi Arabia,Standard,1,1738.07,1738.07,2,1,1,1,10,54.02,54.02,30.0,30.0,0,0,0,2,1,1,0.5,8.0,LOW,NORMAL_CUSTOMER
C004645,Patrick,Smith,United Kingdom,Premium,1,2244.84,2244.84,1,0,1,0,7,83.42,83.42,0.0,0.0,0,0,0,1,1,0,1.0,0.0,LOW,NORMAL_CUSTOMER
C004646,Kevin,Gomez,United Kingdom,Standard,1,4793.31,4793.31,1,0,1,0,7,63.57,63.57,0.0,0.0,0,0,0,1,1,0,1.0,0.0,LOW,NORMAL_CUSTOMER
C004647,Blake,Mckinney,United Kingdom,Standard,2,7148.41,3574.2,3,1,2,1,17,72.1,91.97,15.0,30.0,0,0,0,3,2,1,0.67,8.0,LOW,NORMAL_CUSTOMER
C004648,Amber,Vance,Saudi Arabia,Standard,4,8796.63,2199.16,7,3,4,3,37,78.24,108.45,23.75,65.0,2,0,1,7,4,3,0.57,44.0,MEDIUM,FRICTION_PRONE_CUSTOMER
C004649,Edward,Hampton,Other,Standard,2,5072.06,2536.03,2,0,2,0,14,50.38,66.53,0.0,0.0,0,0,0,2,2,0,1.0,0.0,LOW,NORMAL_CUSTOMER
C004651,Jeffrey,Barrera,Saudi Arabia,Standard,1,4376.74,4376.74,1,0,1,0,6,25.4,25.4,40.0,40.0,1,0,0,1,1,0,1.0,5.0,LOW,NORMAL_CUSTOMER
C004652,Brent,Larson,United Kingdom,Standard,3,9194.18,3064.73,4,1,3,1,23,76.11,89.28,25.0,75.0,1,0,1,4,3,1,0.75,23.0,LOW,FRICTION_PRONE_CUSTOMER
C004653,Jessica,Rodriguez,United Arab Emirates,Premium,2,4001.2,2000.6,2,0,2,0,14,59.11,68.33,0.0,0.0,0,0,0,2,2,0,1.0,0.0,LOW,NORMAL_CUSTOMER
C004654,Philip,Jennings,United States,Standard,1,4579.95,4579.95,1,0,1,0,7,58.87,58.87,0.0,0.0,0,0,0,1,1,0,1.0,0.0,LOW,NORMAL_CUSTOMER
C004655,Sean,Chandler,United Arab Emirates,Premium,4,11122.62,2780.66,5,1,4,1,29,56.48,83.45,28.75,75.0,2,0,1,5,4,1,0.8,28.0,MEDIUM,FRICTION_PRONE_CUSTOMER
C004656,Brooke,Smith,Saudi Arabia,Standard,2,6197.6,3098.8,2,0,2,0,14,55.39,57.55,0.0,0.0,0,0,0,2,2,0,1.0,0.0,LOW,NORMAL_CUSTOMER
C004657,William,Irwin,United States,Standard,2,6679.09,3339.54,2,0,2,0,13,37.97,44.37,20.0,40.0,1,0,0,2,2,0,1.0,5.0,LOW,NORMAL_CUSTOMER
C004658,Jeffrey,Chase,Pakistan,Standard,1,863.83,863.83,1,0,1,0,7,70.98,70.98,0.0,0.0,0,0,0,1,1,0,1.0,0.0,LOW,NORMAL_CUSTOMER
C004659,Keith,Hopkins,Saudi Arabia,Standard,3,6004.7,2001.57,3,0,3,0,21,70.61,86.92,0.0,0.0,0,0,0,3,3,0,1.0,0.0,LOW,LOYAL_LOW_FRICTION_CUSTOMER
C004660,Phillip,Thomas,United Kingdom,Standard,2,8215.63,4107.82,3,1,2,1,17,68.96,71.97,15.0,30.0,0,0,0,3,2,1,0.67,8.0,LOW,NORMAL_CUSTOMER
C004661,David,Jimenez,Pakistan,Standard,1,1657.4,1657.4,1,0,1,0,7,41.2,41.2,0.0,0.0,0,0,0,1,1,0,1.0,0.0,LOW,NORMAL_CUSTOMER
C004662,Christopher,Sanchez,Pakistan,Standard,2,5159.89,2579.94,2,0,2,0,13,78.34,93.4,20.0,40.0,1,0,0,2,2,0,1.0,5.0,LOW,NORMAL_CUSTOMER
C004663,Ashley,Figueroa,United Arab Emirates,Standard,3,12127.25,4042.42,5,2,3,2,27,94.19,114.93,21.67,65.0,2,0,1,5,3,2,0.6,36.0,MEDIUM,FRICTION_PRONE_CUSTOMER
C004664,Brandon,Mcpherson,United States,Standard,1,4871.5,4871.5,1,0,1,0,6,57.57,57.57,45.0,45.0,1,0,0,1,1,0,1.0,5.0,LOW,NORMAL_CUSTOMER
C004665,Raymond,Howard,United States,VIP,2,7251.7,3625.85,2,0,2,0,14,41.59,44.8,0.0,0.0,0,0,0,2,2,0,1.0,0.0,LOW,NORMAL_CUSTOMER
C004666,Christopher,Garner,United Kingdom,Standard,2,4232.72,2116.36,2,0,2,0,14,64.24,67.2,0.0,0.0,0,0,0,2,2,0,1.0,0.0,LOW,NORMAL_CUSTOMER
C004667,Warren,Lee,Saudi Arabia,Premium,1,813.89,813.89,1,0,1,0,6,69.32,69.32,40.0,40.0,1,0,0,1,1,0,1.0,5.0,LOW,NORMAL_CUSTOMER
C004669,David,Fowler,United Kingdom,Standard,1,1068.39,1068.39,1,0,1,0,7,81.7,81.7,0.0,0.0,0,0,0,1,1,0,1.0,0.0,LOW,NORMAL_CUSTOMER
C004670,Dennis,Sheppard,United Kingdom,Standard,4,9353.14,2338.28,4,0,4,0,28,69.67,93.2,0.0,0.0,0,0,0,4,4,0,1.0,0.0,LOW,LOYAL_LOW_FRICTION_CUSTOMER
C004671,Anita,Wiley,United Arab Emirates,Standard,3,9133.18,3044.39,5,2,3,2,26,71.07,87.37,35.0,65.0,3,0,1,5,3,2,0.6,41.0,MEDIUM,FRICTION_PRONE_CUSTOMER
C004674,James,Cole,Saudi Arabia,Standard,2,5557.36,2778.68,2,0,2,0,14,61.94,68.68,0.0,0.0,0,0,0,2,2,0,1.0,0.0,LOW,NORMAL_CUSTOMER
C004675,Christina,Mullen,United Arab Emirates,Standard,2,5177.49,2588.74,2,0,2,0,13,85.02,89.6,22.5,45.0,1,0,0,2,2,0,1.0,5.0,LOW,NORMAL_CUSTOMER
C004676,Jill,Rose,Other,Standard,5,8996.53,1799.31,8,3,5,3,42,71.01,89.53,36.0,75.0,4,0,2,8,5,3,0.62,64.0,HIGH,FRICTION_PRONE_CUSTOMER
C004677,John,Baker,Saudi Arabia,Premium,2,2004.55,1002.28,2,0,2,0,14,66.27,79.27,0.0,0.0,0,0,0,2,2,0,1.0,0.0,LOW,NORMAL_CUSTOMER
C004678,Charles,Shelton,Other,Standard,3,9511.99,3170.66,7,4,3,4,33,82.34,112.98,43.33,65.0,4,0,2,7,3,4,0.43,72.0,HIGH,FRICTION_PRONE_CUSTOMER
C004679,Kimberly,Barron,United Kingdom,Standard,1,2543.57,2543.57,1,0,1,0,6,25.98,25.98,40.0,40.0,1,0,0,1,1,0,1.0,5.0,LOW,NORMAL_CUSTOMER
C004680,Marcus,Myers,Pakistan,Standard,1,2155.61,2155.61,1,0,1,0,7,73.2,73.2,0.0,0.0,0,0,0,1,1,0,1.0,0.0,LOW,NORMAL_CUSTOMER
C004681,Sandra,Butler,Saudi Arabia,Standard,1,3672.31,3672.31,1,0,1,0,6,68.78,68.78,45.0,45.0,1,0,0,1,1,0,1.0,5.0,LOW,NORMAL_CUSTOMER
C004682,Christopher,Mcknight,Saudi Arabia,Standard,2,7521.08,3760.54,3,1,2,1,17,57.6,73.32,15.0,30.0,0,0,0,3,2,1,0.67,8.0,LOW,NORMAL_CUSTOMER
C004683,Emily,Parker,Other,Standard,1,4067.62,4067.62,1,0,1,0,7,60.8,60.8,0.0,0.0,0,0,0,1,1,0,1.0,0.0,LOW,NORMAL_CUSTOMER
C004684,Rodney,Williams,Saudi Arabia,Standard,5,18507.82,3701.56,8,3,5,3,44,71.59,84.6,18.0,60.0,2,0,1,8,5,3,0.62,44.0,MEDIUM,FRICTION_PRONE_CUSTOMER
C004687,Brittney,Salazar,Saudi Arabia,Standard,1,564.5,564.5,1,0,1,0,7,84.98,84.98,0.0,0.0,0,0,0,1,1,0,1.0,0.0,LOW,NORMAL_CUSTOMER
C004688,Andrew,Hamilton,Saudi Arabia,Standard,1,4204.49,4204.49,1,0,1,0,7,45.6,45.6,0.0,0.0,0,0,0,1,1,0,1.0,0.0,LOW,NORMAL_CUSTOMER
C004689,Kevin,Gibson,Pakistan,Standard,3,7782.88,2594.29,3,0,3,0,21,45.62,61.78,0.0,0.0,0,0,0,3,3,0,1.0,0.0,LOW,LOYAL_LOW_FRICTION_CUSTOMER
C004690,Vanessa,Donaldson,Other,Premium,2,2935.76,1467.88,2,0,2,0,13,67.78,80.35,20.0,40.0,1,0,0,2,2,0,1.0,5.0,LOW,NORMAL_CUSTOMER
C004691,Christina,Sparks,United Arab Emirates,Standard,1,3365.49,3365.49,1,0,1,0,7,35.22,35.22,0.0,0.0,0,0,0,1,1,0,1.0,0.0,LOW,NORMAL_CUSTOMER
C004692,Veronica,Roberts,United Arab Emirates,Premium,1,1977.55,1977.55,1,0,1,0,7,69.92,69.92,0.0,0.0,0,0,0,1,1,0,1.0,0.0,LOW,NORMAL_CUSTOMER
C004693,Scott,Montes,United Arab Emirates,Standard,1,4705.56,4705.56,2,1,1,1,10,66.73,66.73,30.0,30.0,0,0,0,2,1,1,0.5,8.0,LOW,NORMAL_CUSTOMER
C004695,Brady,Jennings,United Arab Emirates,Standard,2,4866.9,2433.45,3,1,2,1,15,60.15,69.1,57.5,75.0,2,0,1,3,2,1,0.67,28.0,MEDIUM,FRICTION_PRONE_CUSTOMER
C004698,Nathaniel,Levy,Pakistan,Standard,2,6038.44,3019.22,2,0,2,0,14,52.72,55.7,0.0,0.0,0,0,0,2,2,0,1.0,0.0,LOW,NORMAL_CUSTOMER
C004699,Katherine,Hanson,Saudi Arabia,Standard,1,985.4,985.4,1,0,1,0,7,68.28,68.28,0.0,0.0,0,0,0,1,1,0,1.0,0.0,LOW,NORMAL_CUSTOMER
C004700,Melissa,Beck,Other,Premium,2,4633.83,2316.92,3,1,2,1,17,64.12,81.88,15.0,30.0,0,0,0,3,2,1,0.67,8.0,LOW,NORMAL_CUSTOMER
C004701,Daniel,Torres,Saudi Arabia,Premium,1,3652.8,3652.8,1,0,1,0,7,93.68,93.68,0.0,0.0,0,0,0,1,1,0,1.0,0.0,LOW,NORMAL_CUSTOMER
C004702,Brian,Roberts,Saudi Arabia,Standard,2,2970.11,1485.06,4,2,2,2,20,63.02,86.1,32.5,65.0,2,0,1,4,2,2,0.5,36.0,MEDIUM,FRICTION_PRONE_CUSTOMER
C004703,Stacy,Marsh,United Kingdom,Standard,1,4261.07,4261.07,1,0,1,0,6,57.75,57.75,45.0,45.0,1,0,0,1,1,0,1.0,5.0,LOW,NORMAL_CUSTOMER
C004704,Sara,Smith,Pakistan,Standard,3,6269.64,2089.88,4,1,3,1,24,56.47,66.18,11.67,35.0,0,0,0,4,3,1,0.75,8.0,LOW,LOYAL_LOW_FRICTION_CUSTOMER
C004705,Misty,Williams,United Arab Emirates,Premium,1,4505.82,4505.82,1,0,1,0,7,56.5,56.5,0.0,0.0,0,0,0,1,1,0,1.0,0.0,LOW,NORMAL_CUSTOMER
C004708,Heather,Brown,Saudi Arabia,Standard,1,4165.63,4165.63,1,0,1,0,7,67.57,67.57,0.0,0.0,0,0,0,1,1,0,1.0,0.0,LOW,NORMAL_CUSTOMER
C004710,Shannon,Jordan,Pakistan,Premium,2,6273.6,3136.8,3,1,2,1,17,53.24,67.15,15.0,30.0,0,0,0,3,2,1,0.67,8.0,LOW,NORMAL_CUSTOMER
C004711,Andrew,Keller,United Arab Emirates,Premium,1,1616.42,1616.42,3,2,1,2,13,86.48,86.48,65.0,65.0,2,0,1,3,1,2,0.33,36.0,MEDIUM,FRICTION_PRONE_CUSTOMER
C004712,Jason,Smith,United Arab Emirates,Standard,3,3734.03,1244.68,4,1,3,1,22,61.03,83.58,38.33,70.0,2,0,1,4,3,1,0.75,28.0,MEDIUM,FRICTION_PRONE_CUSTOMER
C004713,Amanda,King,Saudi Arabia,Standard,2,2157.1,1078.55,2,0,2,0,13,50.55,62.25,22.5,45.0,1,0,0,2,2,0,1.0,5.0,LOW,NORMAL_CUSTOMER
C004714,James,Bell,United States,Standard,4,12937.21,3234.3,7,3,4,3,36,83.22,104.55,33.75,65.0,3,0,1,7,4,3,0.57,49.0,MEDIUM,FRICTION_PRONE_CUSTOMER
C004715,Alexandra,Campbell,Pakistan,Standard,1,1103.08,1103.08,1,0,1,0,7,75.2,75.2,0.0,0.0,0,0,0,1,1,0,1.0,0.0,LOW,NORMAL_CUSTOMER
C004716,Jonathan,Trevino,United Arab Emirates,Standard,1,4369.74,4369.74,2,1,1,1,10,71.2,71.2,30.0,30.0,0,0,0,2,1,1,0.5,8.0,LOW,NORMAL_CUSTOMER
C004718,Jessica,Mack,Other,Premium,2,6794.02,3397.01,3,1,2,1,17,69.56,71.47,17.5,35.0,0,0,0,3,2,1,0.67,8.0,LOW,NORMAL_CUSTOMER
C004719,Donald,Moore,United Arab Emirates,Premium,2,3307.83,1653.92,2,0,2,0,13,84.06,90.35,22.5,45.0,1,0,0,2,2,0,1.0,5.0,LOW,NORMAL_CUSTOMER
C004720,Holly,Miller,Other,Standard,2,7490.71,3745.36,2,0,2,0,14,54.1,58.68,0.0,0.0,0,0,0,2,2,0,1.0,0.0,LOW,NORMAL_CUSTOMER
C004721,Andrew,Nelson,United Arab Emirates,Standard,1,1687.81,1687.81,1,0,1,0,7,43.32,43.32,0.0,0.0,0,0,0,1,1,0,1.0,0.0,LOW,NORMAL_CUSTOMER
C004722,Brandy,Ferrell,Saudi Arabia,Standard,1,1290.98,1290.98,1,0,1,0,7,49.22,49.22,0.0,0.0,0,0,0,1,1,0,1.0,0.0,LOW,NORMAL_CUSTOMER
C004724,Bradley,Richards,United Arab Emirates,Premium,3,7484.5,2494.83,6,3,3,3,29,73.97,75.0,46.67,75.0,3,0,2,6,3,3,0.5,59.0,HIGH,FRICTION_PRONE_CUSTOMER
C004725,George,Miller,Saudi Arabia,Standard,4,14280.08,3570.02,7,3,4,3,35,61.0,86.63,43.75,100.0,4,1,0,7,4,3,0.57,64.0,HIGH,FRICTION_PRONE_CUSTOMER
C004726,Justin,Robinson,Saudi Arabia,Premium,3,8029.08,2676.36,5,2,3,2,25,50.0,61.7,48.33,70.0,2,0,1,5,3,2,0.6,36.0,MEDIUM,FRICTION_PRONE_CUSTOMER
C004727,Kristina,Kennedy,Other,Premium,1,4638.61,4638.61,1,0,1,0,7,22.95,22.95,0.0,0.0,0,0,0,1,1,0,1.0,0.0,LOW,NORMAL_CUSTOMER
C004728,Christine,Gomez,United States,Standard,2,5343.67,2671.84,3,1,2,1,17,53.21,67.57,15.0,30.0,0,0,0,3,2,1,0.67,8.0,LOW,NORMAL_CUSTOMER
C004729,Brian,Cain,United Kingdom,Standard,2,5513.08,2756.54,4,2,2,2,20,94.06,124.73,32.5,65.0,3,0,1,4,2,2,0.5,41.0,MEDIUM,FRICTION_PRONE_CUSTOMER
C004730,Diana,Walsh,Saudi Arabia,Standard,4,10685.13,2671.28,6,2,4,2,33,55.51,82.78,25.0,70.0,1,0,1,6,4,2,0.67,31.0,MEDIUM,FRICTION_PRONE_CUSTOMER
C004733,Joseph,Garcia,United Kingdom,Standard,4,11249.73,2812.43,5,1,4,1,30,74.8,88.47,18.75,75.0,1,0,1,5,4,1,0.8,23.0,LOW,FRICTION_PRONE_CUSTOMER
C004734,Melissa,Green,Other,Standard,2,2299.89,1149.94,4,2,2,2,19,51.68,57.12,50.0,100.0,3,1,0,4,2,2,0.5,51.0,HIGH,FRICTION_PRONE_CUSTOMER
C004735,Donna,Turner,United Arab Emirates,Premium,2,3880.8,1940.4,4,2,2,2,19,86.24,89.82,55.0,65.0,3,0,1,4,2,2,0.5,41.0,MEDIUM,FRICTION_PRONE_CUSTOMER
C004736,Michelle,Collins,Saudi Arabia,Standard,2,3243.61,1621.8,3,1,2,1,17,71.09,77.43,15.0,30.0,0,0,0,3,2,1,0.67,8.0,LOW,NORMAL_CUSTOMER
C004737,Andrew,Elliott,Pakistan,Standard,3,10293.18,3431.06,3,0,3,0,19,45.72,51.52,28.33,45.0,2,0,0,3,3,0,1.0,10.0,LOW,LOYAL_LOW_FRICTION_CUSTOMER
C004738,Michelle,Shelton,United Arab Emirates,Standard,2,6837.92,3418.96,3,1,2,1,16,73.1,90.47,40.0,45.0,1,0,0,3,2,1,0.67,13.0,LOW,NORMAL_CUSTOMER
C004740,Jerry,Lane,Pakistan,Standard,2,7410.66,3705.33,2,0,2,0,14,49.49,52.78,0.0,0.0,0,0,0,2,2,0,1.0,0.0,LOW,NORMAL_CUSTOMER
C004742,Tiffany,Gonzalez,Saudi Arabia,Standard,1,4482.77,4482.77,1,0,1,0,7,86.92,86.92,0.0,0.0,0,0,0,1,1,0,1.0,0.0,LOW,NORMAL_CUSTOMER
C004744,Leslie,Spencer,Other,Premium,1,4402.24,4402.24,2,1,1,1,10,90.17,90.17,30.0,30.0,0,0,0,2,1,1,0.5,8.0,LOW,NORMAL_CUSTOMER
C004745,Michelle,Turner,Saudi Arabia,Premium,4,6260.55,1565.14,4,0,4,0,27,54.3,58.57,10.0,40.0,1,0,0,4,4,0,1.0,5.0,LOW,LOYAL_LOW_FRICTION_CUSTOMER
C004746,Amanda,Miller,Saudi Arabia,Standard,1,2381.48,2381.48,1,0,1,0,7,73.18,73.18,0.0,0.0,0,0,0,1,1,0,1.0,0.0,LOW,NORMAL_CUSTOMER
C004747,Jacob,Knight,Saudi Arabia,Standard,1,1988.41,1988.41,1,0,1,0,7,78.18,78.18,0.0,0.0,0,0,0,1,1,0,1.0,0.0,LOW,NORMAL_CUSTOMER
C004749,Stephen,Gardner,United Arab Emirates,Premium,2,6796.29,3398.14,2,0,2,0,14,83.71,92.85,0.0,0.0,0,0,0,2,2,0,1.0,0.0,LOW,NORMAL_CUSTOMER
C004750,Sara,Bennett,United States,Standard,3,9293.04,3097.68,3,0,3,0,20,51.7,69.25,13.33,40.0,1,0,0,3,3,0,1.0,5.0,LOW,LOYAL_LOW_FRICTION_CUSTOMER
C004751,Andrew,Liu,United Arab Emirates,Premium,1,753.86,753.86,3,2,1,2,13,53.62,53.62,60.0,60.0,2,0,1,3,1,2,0.33,36.0,MEDIUM,FRICTION_PRONE_CUSTOMER
C004752,John,Kim,United Arab Emirates,Standard,1,3820.55,3820.55,1,0,1,0,7,87.62,87.62,0.0,0.0,0,0,0,1,1,0,1.0,0.0,LOW,NORMAL_CUSTOMER
C004753,Alyssa,Taylor,United Kingdom,Premium,4,12830.09,3207.52,9,5,4,5,43,79.48,115.3,38.75,65.0,4,0,2,9,4,5,0.44,80.0,CRITICAL,HIGH_RISK_CUSTOMER
C004754,Matthew,Ramos,Pakistan,Premium,3,9149.44,3049.81,5,2,3,2,27,68.9,93.55,21.67,35.0,0,0,0,5,3,2,0.6,16.0,LOW,FRICTION_PRONE_CUSTOMER
C004755,Phillip,Edwards,Other,Standard,2,4872.38,2436.19,2,0,2,0,14,61.08,64.63,0.0,0.0,0,0,0,2,2,0,1.0,0.0,LOW,NORMAL_CUSTOMER
C004757,Michael,Marquez,Saudi Arabia,Standard,2,7267.0,3633.5,2,0,2,0,14,58.48,83.68,0.0,0.0,0,0,0,2,2,0,1.0,0.0,LOW,NORMAL_CUSTOMER
C004758,Michael,Mcdonald,United States,VIP,5,15101.88,3020.38,6,1,5,1,37,63.7,86.63,15.0,75.0,1,0,1,6,5,1,0.83,23.0,LOW,FRICTION_PRONE_CUSTOMER
C004759,Colleen,Patterson,United Arab Emirates,Premium,3,7317.66,2439.22,6,3,3,3,30,63.16,72.02,30.0,60.0,2,0,1,6,3,3,0.5,44.0,MEDIUM,FRICTION_PRONE_CUSTOMER
C004760,Joel,Fisher,Other,VIP,1,3848.9,3848.9,1,0,1,0,7,40.95,40.95,0.0,0.0,0,0,0,1,1,0,1.0,0.0,LOW,NORMAL_CUSTOMER
C004761,Tiffany,Jenkins,United Arab Emirates,Standard,3,8950.98,2983.66,3,0,3,0,19,53.47,72.78,28.33,45.0,2,0,0,3,3,0,1.0,10.0,LOW,LOYAL_LOW_FRICTION_CUSTOMER
C004762,Walter,Johnson,Other,Standard,1,2894.08,2894.08,1,0,1,0,7,77.78,77.78,0.0,0.0,0,0,0,1,1,0,1.0,0.0,LOW,NORMAL_CUSTOMER
C004763,Lisa,Hansen,United States,Premium,1,3658.86,3658.86,2,1,1,1,10,88.47,88.47,30.0,30.0,0,0,0,2,1,1,0.5,8.0,LOW,NORMAL_CUSTOMER
C004764,Connie,Bernard,Saudi Arabia,Premium,4,10402.62,2600.66,5,1,4,1,29,69.06,108.83,28.75,75.0,2,0,1,5,4,1,0.8,28.0,MEDIUM,FRICTION_PRONE_CUSTOMER
C004765,Natasha,Fisher,Pakistan,Standard,1,4092.55,4092.55,2,1,1,1,10,102.97,102.97,35.0,35.0,0,0,0,2,1,1,0.5,8.0,LOW,NORMAL_CUSTOMER
C004766,Pamela,Campos,Other,Standard,1,2568.7,2568.7,2,1,1,1,10,82.93,82.93,30.0,30.0,0,0,0,2,1,1,0.5,8.0,LOW,NORMAL_CUSTOMER
C004767,Lisa,Gilbert,Other,Standard,1,3785.51,3785.51,1,0,1,0,6,32.23,32.23,40.0,40.0,1,0,0,1,1,0,1.0,5.0,LOW,NORMAL_CUSTOMER
C004769,Angela,Sanchez,United Kingdom,Premium,1,4255.59,4255.59,3,2,1,2,13,101.43,101.43,65.0,65.0,2,0,1,3,1,2,0.33,36.0,MEDIUM,FRICTION_PRONE_CUSTOMER
C004770,Joshua,Hunt,United Arab Emirates,Standard,4,11858.87,2964.72,5,1,4,1,31,75.76,98.75,8.75,35.0,0,0,0,5,4,1,0.8,8.0,LOW,LOYAL_LOW_FRICTION_CUSTOMER
C004771,Edward,Martinez,Saudi Arabia,Standard,2,2855.05,1427.52,3,1,2,1,17,55.88,73.22,15.0,30.0,0,0,0,3,2,1,0.67,8.0,LOW,NORMAL_CUSTOMER
C004772,Penny,Daniels,United Arab Emirates,Standard,1,2515.55,2515.55,1,0,1,0,7,45.75,45.75,0.0,0.0,0,0,0,1,1,0,1.0,0.0,LOW,NORMAL_CUSTOMER
C004774,Christopher,Carter,United States,Premium,1,1378.44,1378.44,1,0,1,0,7,94.6,94.6,0.0,0.0,0,0,0,1,1,0,1.0,0.0,LOW,NORMAL_CUSTOMER
C004775,Patrick,Campos,United Arab Emirates,Standard,2,5496.0,2748.0,3,1,2,1,17,93.19,94.75,15.0,30.0,0,0,0,3,2,1,0.67,8.0,LOW,NORMAL_CUSTOMER
C004776,Susan,Long,United States,Standard,2,4003.49,2001.74,4,2,2,2,20,65.12,66.9,30.0,60.0,2,0,1,4,2,2,0.5,36.0,MEDIUM,FRICTION_PRONE_CUSTOMER
C004777,Cheyenne,Powell,Saudi Arabia,Premium,2,6650.27,3325.14,3,1,2,1,16,63.44,70.53,35.0,40.0,1,0,0,3,2,1,0.67,13.0,LOW,NORMAL_CUSTOMER
C004778,Connie,Smith,United Arab Emirates,Standard,3,4723.92,1574.64,3,0,3,0,20,68.85,77.22,13.33,40.0,1,0,0,3,3,0,1.0,5.0,LOW,LOYAL_LOW_FRICTION_CUSTOMER
C004779,Jeremy,Aguirre,Saudi Arabia,Standard,1,1116.39,1116.39,1,0,1,0,7,40.98,40.98,0.0,0.0,0,0,0,1,1,0,1.0,0.0,LOW,NORMAL_CUSTOMER
C004780,John,Golden,Saudi Arabia,Premium,1,720.9,720.9,1,0,1,0,7,41.6,41.6,0.0,0.0,0,0,0,1,1,0,1.0,0.0,LOW,NORMAL_CUSTOMER
C004781,Eric,Stevens,Saudi Arabia,Standard,8,23806.7,2975.84,10,2,8,2,60,73.43,110.88,18.75,40.0,2,0,0,10,8,2,0.8,26.0,MEDIUM,FRICTION_PRONE_CUSTOMER
C004782,Tara,Brown,Saudi Arabia,Premium,1,3575.63,3575.63,3,2,1,2,13,71.2,71.2,60.0,60.0,2,0,1,3,1,2,0.33,36.0,MEDIUM,FRICTION_PRONE_CUSTOMER
C004783,Renee,Brown,Pakistan,Standard,1,1935.5,1935.5,1,0,1,0,7,36.95,36.95,0.0,0.0,0,0,0,1,1,0,1.0,0.0,LOW,NORMAL_CUSTOMER
C004784,Mark,Gallegos,Saudi Arabia,Premium,1,3619.05,3619.05,2,1,1,1,10,101.17,101.17,30.0,30.0,0,0,0,2,1,1,0.5,8.0,LOW,NORMAL_CUSTOMER
C004785,Amy,Santos,United Arab Emirates,Standard,2,1553.03,776.52,4,2,2,2,19,70.96,87.52,52.5,65.0,3,0,1,4,2,2,0.5,41.0,MEDIUM,FRICTION_PRONE_CUSTOMER
C004786,Jamie,Cook,United Arab Emirates,Standard,2,6243.7,3121.85,2,0,2,0,13,41.4,42.6,20.0,40.0,1,0,0,2,2,0,1.0,5.0,LOW,NORMAL_CUSTOMER
C004788,Amber,Roberts,Other,VIP,1,2292.98,2292.98,1,0,1,0,7,46.93,46.93,0.0,0.0,0,0,0,1,1,0,1.0,0.0,LOW,NORMAL_CUSTOMER
C004789,Lauren,Olson,United Arab Emirates,VIP,1,1197.31,1197.31,1,0,1,0,6,48.48,48.48,40.0,40.0,1,0,0,1,1,0,1.0,5.0,LOW,NORMAL_CUSTOMER
C004791,Kyle,Brown,Saudi Arabia,Standard,4,12357.0,3089.25,5,1,4,1,29,64.2,80.35,28.75,70.0,2,0,1,5,4,1,0.8,28.0,MEDIUM,FRICTION_PRONE_CUSTOMER
C004793,Alexandria,Craig,Saudi Arabia,Standard,2,1915.27,957.64,3,1,2,1,17,55.6,65.57,15.0,30.0,0,0,0,3,2,1,0.67,8.0,LOW,NORMAL_CUSTOMER
C004796,Theresa,Harris,United Arab Emirates,Premium,4,11387.49,2846.87,4,0,4,0,27,73.2,94.4,11.25,45.0,1,0,0,4,4,0,1.0,5.0,LOW,LOYAL_LOW_FRICTION_CUSTOMER
C004797,Dustin,Thomas,Saudi Arabia,Premium,2,6124.88,3062.44,4,2,2,2,20,105.35,110.62,32.5,35.0,0,0,0,4,2,2,0.5,16.0,LOW,FRICTION_PRONE_CUSTOMER
C004798,Sarah,Yang,United States,Standard,3,7408.93,2469.64,5,2,3,2,27,65.57,78.62,21.67,65.0,2,0,1,5,3,2,0.6,36.0,MEDIUM,FRICTION_PRONE_CUSTOMER
C004799,Sally,Simpson,Saudi Arabia,Premium,2,4392.44,2196.22,2,0,2,0,14,60.06,72.3,0.0,0.0,0,0,0,2,2,0,1.0,0.0,LOW,NORMAL_CUSTOMER
C004800,Lonnie,Walker,Pakistan,Standard,3,7410.83,2470.28,6,3,3,3,30,82.73,96.22,31.67,65.0,2,0,1,6,3,3,0.5,44.0,MEDIUM,FRICTION_PRONE_CUSTOMER
C004801,Angela,Lowe,Saudi Arabia,Standard,1,905.63,905.63,2,1,1,1,10,82.08,82.08,30.0,30.0,0,0,0,2,1,1,0.5,8.0,LOW,NORMAL_CUSTOMER
C004802,Stacy,Phelps,Saudi Arabia,Premium,1,1297.56,1297.56,2,1,1,1,10,86.25,86.25,35.0,35.0,0,0,0,2,1,1,0.5,8.0,LOW,NORMAL_CUSTOMER
C004803,David,Turner,Other,Standard,1,2965.05,2965.05,3,2,1,2,13,97.25,97.25,60.0,60.0,2,0,1,3,1,2,0.33,36.0,MEDIUM,FRICTION_PRONE_CUSTOMER
C004804,Lonnie,Collins,Saudi Arabia,Standard,2,8510.04,4255.02,2,0,2,0,14,49.94,65.33,0.0,0.0,0,0,0,2,2,0,1.0,0.0,LOW,NORMAL_CUSTOMER
C004805,Nichole,Hays,United States,Premium,3,8846.31,2948.77,6,3,3,3,29,65.45,81.6,41.67,95.0,3,1,0,6,3,3,0.5,59.0,HIGH,FRICTION_PRONE_CUSTOMER
C004806,Jessica,Smith,Pakistan,Standard,3,8899.98,2966.66,3,0,3,0,21,62.91,89.93,0.0,0.0,0,0,0,3,3,0,1.0,0.0,LOW,LOYAL_LOW_FRICTION_CUSTOMER
C004807,Kathy,Washington,Saudi Arabia,Standard,2,7621.85,3810.92,4,2,2,2,20,61.28,72.62,32.5,65.0,2,0,1,4,2,2,0.5,36.0,MEDIUM,FRICTION_PRONE_CUSTOMER
C004808,Nicole,Watts,Other,Premium,1,4619.92,4619.92,2,1,1,1,10,83.85,83.85,30.0,30.0,0,0,0,2,1,1,0.5,8.0,LOW,NORMAL_CUSTOMER
C004809,Robert,Wilson,Saudi Arabia,Standard,1,3765.3,3765.3,1,0,1,0,7,69.87,69.87,0.0,0.0,0,0,0,1,1,0,1.0,0.0,LOW,NORMAL_CUSTOMER
C004810,Robert,Smith,Other,VIP,2,5768.92,2884.46,2,0,2,0,14,78.35,93.93,0.0,0.0,0,0,0,2,2,0,1.0,0.0,LOW,NORMAL_CUSTOMER
C004811,Scott,Munoz,Saudi Arabia,Standard,1,3327.73,3327.73,1,0,1,0,7,83.3,83.3,0.0,0.0,0,0,0,1,1,0,1.0,0.0,LOW,NORMAL_CUSTOMER
C004812,Sarah,Martinez,Other,Standard,1,1105.1,1105.1,1,0,1,0,6,69.27,69.27,40.0,40.0,1,0,0,1,1,0,1.0,5.0,LOW,NORMAL_CUSTOMER
C004813,Patricia,Davis,Saudi Arabia,Premium,1,1531.58,1531.58,1,0,1,0,7,79.75,79.75,0.0,0.0,0,0,0,1,1,0,1.0,0.0,LOW,NORMAL_CUSTOMER
C004814,Sarah,Harris,Pakistan,Standard,1,4783.02,4783.02,2,1,1,1,10,80.4,80.4,30.0,30.0,0,0,0,2,1,1,0.5,8.0,LOW,NORMAL_CUSTOMER
C004815,Joshua,Wells,United States,Premium,1,1850.76,1850.76,1,0,1,0,6,91.98,91.98,45.0,45.0,1,0,0,1,1,0,1.0,5.0,LOW,NORMAL_CUSTOMER
C004816,Kimberly,Wall,Other,Premium,4,3707.29,926.82,4,0,4,0,28,67.05,89.33,0.0,0.0,0,0,0,4,4,0,1.0,0.0,LOW,LOYAL_LOW_FRICTION_CUSTOMER
C004818,Jack,Brown,United States,Standard,1,2887.67,2887.67,1,0,1,0,7,69.8,69.8,0.0,0.0,0,0,0,1,1,0,1.0,0.0,LOW,NORMAL_CUSTOMER
C004819,Kathryn,Martinez,Other,Standard,1,555.76,555.76,1,0,1,0,7,32.37,32.37,0.0,0.0,0,0,0,1,1,0,1.0,0.0,LOW,NORMAL_CUSTOMER
C004821,Joseph,Mcgrath,Saudi Arabia,Standard,3,5990.79,1996.93,4,1,3,1,24,84.13,85.45,11.67,35.0,0,0,0,4,3,1,0.75,8.0,LOW,LOYAL_LOW_FRICTION_CUSTOMER
C004822,Ashley,Wilkins,Saudi Arabia,Standard,2,3177.61,1588.8,4,2,2,2,19,75.16,92.45,50.0,100.0,3,1,0,4,2,2,0.5,51.0,HIGH,FRICTION_PRONE_CUSTOMER
C004823,Jerry,Skinner,United Arab Emirates,Standard,1,3384.27,3384.27,1,0,1,0,6,79.92,79.92,45.0,45.0,1,0,0,1,1,0,1.0,5.0,LOW,NORMAL_CUSTOMER
C004824,Jesse,Payne,United Arab Emirates,Standard,1,4505.73,4505.73,1,0,1,0,6,57.57,57.57,40.0,40.0,1,0,0,1,1,0,1.0,5.0,LOW,NORMAL_CUSTOMER
C004825,Grace,Underwood,Pakistan,Standard,1,4832.07,4832.07,1,0,1,0,6,76.52,76.52,45.0,45.0,1,0,0,1,1,0,1.0,5.0,LOW,NORMAL_CUSTOMER
C004826,Michael,Maldonado,Saudi Arabia,VIP,1,3941.97,3941.97,1,0,1,0,6,68.45,68.45,40.0,40.0,1,0,0,1,1,0,1.0,5.0,LOW,NORMAL_CUSTOMER
C004827,Hailey,Villarreal,United Kingdom,Standard,2,3576.11,1788.05,3,1,2,1,17,57.18,57.88,15.0,30.0,0,0,0,3,2,1,0.67,8.0,LOW,NORMAL_CUSTOMER
C004828,Thomas,Williamson,Saudi Arabia,Standard,1,914.25,914.25,1,0,1,0,7,92.63,92.63,0.0,0.0,0,0,0,1,1,0,1.0,0.0,LOW,NORMAL_CUSTOMER
C004832,Nathaniel,Cardenas,United Kingdom,Standard,1,3142.94,3142.94,1,0,1,0,7,72.85,72.85,0.0,0.0,0,0,0,1,1,0,1.0,0.0,LOW,NORMAL_CUSTOMER
C004834,Travis,Jackson,Saudi Arabia,Standard,2,8235.82,4117.91,2,0,2,0,13,81.25,82.8,20.0,40.0,1,0,0,2,2,0,1.0,5.0,LOW,NORMAL_CUSTOMER
C004835,Devin,Harmon,Pakistan,Premium,1,1093.65,1093.65,1,0,1,0,6,73.3,73.3,45.0,45.0,1,0,0,1,1,0,1.0,5.0,LOW,NORMAL_CUSTOMER
C004836,James,Payne,Saudi Arabia,Standard,2,5476.58,2738.29,2,0,2,0,14,61.92,82.68,0.0,0.0,0,0,0,2,2,0,1.0,0.0,LOW,NORMAL_CUSTOMER
C004837,Antonio,Alvarez,United Arab Emirates,Standard,1,965.62,965.62,1,0,1,0,6,72.23,72.23,45.0,45.0,1,0,0,1,1,0,1.0,5.0,LOW,NORMAL_CUSTOMER
C004838,Kathy,Roberts,United Arab Emirates,Standard,4,8088.06,2022.02,6,2,4,2,33,67.88,97.35,26.25,65.0,3,0,1,6,4,2,0.67,41.0,MEDIUM,FRICTION_PRONE_CUSTOMER
C004840,Joseph,Haley,Saudi Arabia,Standard,2,8039.75,4019.88,2,0,2,0,14,35.64,39.58,0.0,0.0,0,0,0,2,2,0,1.0,0.0,LOW,NORMAL_CUSTOMER
C004841,Robert,Vasquez,Other,Premium,2,6032.19,3016.1,3,1,2,1,15,68.94,73.75,60.0,80.0,2,1,0,3,2,1,0.67,38.0,MEDIUM,NORMAL_CUSTOMER
C004842,Julia,Contreras,Other,Standard,3,11134.63,3711.54,3,0,3,0,20,73.34,86.57,15.0,45.0,1,0,0,3,3,0,1.0,5.0,LOW,LOYAL_LOW_FRICTION_CUSTOMER
C004844,Katherine,Wolfe,Saudi Arabia,Standard,2,6866.12,3433.06,2,0,2,0,13,60.48,80.47,20.0,40.0,1,0,0,2,2,0,1.0,5.0,LOW,NORMAL_CUSTOMER
C004845,Carl,Rodriguez,Saudi Arabia,Premium,1,1627.27,1627.27,2,1,1,1,9,64.65,64.65,75.0,75.0,1,0,1,2,1,1,0.5,23.0,LOW,FRICTION_PRONE_CUSTOMER
C004846,Sara,Butler,United Arab Emirates,Premium,1,3511.66,3511.66,1,0,1,0,7,79.52,79.52,0.0,0.0,0,0,0,1,1,0,1.0,0.0,LOW,NORMAL_CUSTOMER
C004847,Valerie,Coleman,Other,VIP,2,5375.33,2687.66,2,0,2,0,14,71.76,78.88,0.0,0.0,0,0,0,2,2,0,1.0,0.0,LOW,NORMAL_CUSTOMER
C004848,Michelle,Johnson,Saudi Arabia,Premium,1,1531.98,1531.98,1,0,1,0,7,67.27,67.27,0.0,0.0,0,0,0,1,1,0,1.0,0.0,LOW,NORMAL_CUSTOMER
C004849,Tracy,Bryant,United States,Standard,1,4556.25,4556.25,1,0,1,0,7,80.77,80.77,0.0,0.0,0,0,0,1,1,0,1.0,0.0,LOW,NORMAL_CUSTOMER
C004850,Mark,Elliott,Saudi Arabia,Premium,3,8020.59,2673.53,5,2,3,2,26,62.07,78.57,33.33,40.0,1,0,0,5,3,2,0.6,21.0,LOW,FRICTION_PRONE_CUSTOMER
C004851,Stephen,Smith,Other,Standard,1,3535.67,3535.67,1,0,1,0,7,55.42,55.42,0.0,0.0,0,0,0,1,1,0,1.0,0.0,LOW,NORMAL_CUSTOMER
C004853,Richard,Brewer,United States,Standard,1,1420.28,1420.28,1,0,1,0,7,55.95,55.95,0.0,0.0,0,0,0,1,1,0,1.0,0.0,LOW,NORMAL_CUSTOMER
C004854,Bobby,Barry,United Arab Emirates,Premium,2,3296.55,1648.28,2,0,2,0,14,77.0,78.62,0.0,0.0,0,0,0,2,2,0,1.0,0.0,LOW,NORMAL_CUSTOMER
C004855,Jill,Harvey,Pakistan,Standard,5,12456.73,2491.35,8,3,5,3,43,71.76,95.78,28.0,45.0,1,0,0,8,5,3,0.62,29.0,MEDIUM,FRICTION_PRONE_CUSTOMER
C004856,Omar,Williams,Saudi Arabia,Standard,1,1442.28,1442.28,1,0,1,0,7,77.63,77.63,0.0,0.0,0,0,0,1,1,0,1.0,0.0,LOW,NORMAL_CUSTOMER
C004857,Lawrence,Meadows,Saudi Arabia,Standard,2,7526.77,3763.38,3,1,2,1,17,75.78,78.48,15.0,30.0,0,0,0,3,2,1,0.67,8.0,LOW,NORMAL_CUSTOMER
C004858,Cheryl,Estes,Other,Standard,1,4058.85,4058.85,2,1,1,1,10,106.18,106.18,35.0,35.0,0,0,0,2,1,1,0.5,8.0,LOW,NORMAL_CUSTOMER
C004859,Julia,Mcdonald,Other,Standard,3,8795.56,2931.85,3,0,3,0,20,54.91,78.6,13.33,40.0,1,0,0,3,3,0,1.0,5.0,LOW,LOYAL_LOW_FRICTION_CUSTOMER
C004860,Brittney,Sharp,Other,Premium,3,10269.65,3423.22,5,2,3,2,25,65.46,97.57,48.33,100.0,4,1,0,5,3,2,0.6,56.0,HIGH,FRICTION_PRONE_CUSTOMER
C004862,Nancy,Holden,United States,Standard,1,4610.1,4610.1,1,0,1,0,7,99.3,99.3,0.0,0.0,0,0,0,1,1,0,1.0,0.0,LOW,NORMAL_CUSTOMER
C004865,Shannon,Gordon,United Arab Emirates,Premium,1,832.48,832.48,1,0,1,0,7,76.23,76.23,0.0,0.0,0,0,0,1,1,0,1.0,0.0,LOW,NORMAL_CUSTOMER
C004866,Margaret,Bailey,Pakistan,Standard,3,9484.86,3161.62,3,0,3,0,21,63.24,92.2,0.0,0.0,0,0,0,3,3,0,1.0,0.0,LOW,LOYAL_LOW_FRICTION_CUSTOMER
C004867,Bobby,Mccarthy,United Arab Emirates,Standard,2,6712.82,3356.41,2,0,2,0,14,45.72,51.53,0.0,0.0,0,0,0,2,2,0,1.0,0.0,LOW,NORMAL_CUSTOMER
C004868,Wendy,Myers,Saudi Arabia,Standard,2,6073.46,3036.73,3,1,2,1,17,57.81,78.17,15.0,30.0,0,0,0,3,2,1,0.67,8.0,LOW,NORMAL_CUSTOMER
C004869,April,Brown,Pakistan,Standard,2,5422.42,2711.21,3,1,2,1,17,57.25,62.53,15.0,30.0,0,0,0,3,2,1,0.67,8.0,LOW,NORMAL_CUSTOMER
C004870,Randall,Rios,United States,Standard,3,8815.4,2938.47,6,3,3,3,27,64.24,79.97,70.0,95.0,5,1,1,6,3,3,0.5,79.0,CRITICAL,HIGH_RISK_CUSTOMER
C004874,Crystal,Espinoza,Saudi Arabia,Standard,6,17046.78,2841.13,6,0,6,0,41,61.74,84.47,6.67,40.0,1,0,0,6,6,0,1.0,5.0,LOW,LOYAL_LOW_FRICTION_CUSTOMER
C004875,Brandon,Buchanan,Saudi Arabia,Standard,1,4322.0,4322.0,1,0,1,0,6,61.43,61.43,45.0,45.0,1,0,0,1,1,0,1.0,5.0,LOW,NORMAL_CUSTOMER
C004876,Kelly,Ramirez,Pakistan,Standard,5,15577.32,3115.46,8,3,5,3,43,64.25,96.17,28.0,75.0,1,0,1,8,5,3,0.62,39.0,MEDIUM,FRICTION_PRONE_CUSTOMER
C004877,Raymond,Farmer,Pakistan,Standard,3,4841.98,1613.99,3,0,3,0,20,57.52,77.88,13.33,40.0,1,0,0,3,3,0,1.0,5.0,LOW,LOYAL_LOW_FRICTION_CUSTOMER
C004879,Maria,Long,United Arab Emirates,Premium,2,5513.81,2756.9,4,2,2,2,20,52.96,63.45,32.5,65.0,2,0,1,4,2,2,0.5,36.0,MEDIUM,FRICTION_PRONE_CUSTOMER
C004880,Steven,Hendricks,United States,Standard,1,1055.1,1055.1,1,0,1,0,7,83.53,83.53,0.0,0.0,0,0,0,1,1,0,1.0,0.0,LOW,NORMAL_CUSTOMER
C004881,Roberto,Brewer,Saudi Arabia,Premium,2,4601.38,2300.69,4,2,2,2,20,90.58,102.15,35.0,35.0,0,0,0,4,2,2,0.5,16.0,LOW,FRICTION_PRONE_CUSTOMER
C004883,Brian,Ruiz,United States,Standard,2,3204.32,1602.16,3,1,2,1,16,72.84,80.67,37.5,40.0,1,0,0,3,2,1,0.67,13.0,LOW,NORMAL_CUSTOMER
C004884,Zachary,Hopkins,Saudi Arabia,Standard,2,6452.89,3226.44,2,0,2,0,14,46.61,59.73,0.0,0.0,0,0,0,2,2,0,1.0,0.0,LOW,NORMAL_CUSTOMER
C004885,Douglas,Johnston,Saudi Arabia,Standard,1,1495.53,1495.53,1,0,1,0,7,38.58,38.58,0.0,0.0,0,0,0,1,1,0,1.0,0.0,LOW,NORMAL_CUSTOMER
C004887,Shannon,Rowe,United Arab Emirates,Premium,2,6585.32,3292.66,2,0,2,0,13,41.59,47.5,22.5,45.0,1,0,0,2,2,0,1.0,5.0,LOW,NORMAL_CUSTOMER
C004888,Jennifer,Fox,United Kingdom,Premium,3,9029.62,3009.87,3,0,3,0,21,74.72,78.45,0.0,0.0,0,0,0,3,3,0,1.0,0.0,LOW,LOYAL_LOW_FRICTION_CUSTOMER
C004889,Daniel,Anderson,Saudi Arabia,Standard,1,881.15,881.15,2,1,1,1,10,95.2,95.2,30.0,30.0,0,0,0,2,1,1,0.5,8.0,LOW,NORMAL_CUSTOMER
C004890,Kimberly,Nguyen,United Kingdom,Standard,2,5012.48,2506.24,2,0,2,0,13,54.72,71.62,22.5,45.0,1,0,0,2,2,0,1.0,5.0,LOW,NORMAL_CUSTOMER
C004892,Heather,Bailey,Saudi Arabia,Standard,2,4118.47,2059.23,3,1,2,1,17,75.76,78.35,17.5,35.0,0,0,0,3,2,1,0.67,8.0,LOW,NORMAL_CUSTOMER
C004893,Derek,Williamson,Pakistan,Premium,1,1298.51,1298.51,1,0,1,0,7,52.3,52.3,0.0,0.0,0,0,0,1,1,0,1.0,0.0,LOW,NORMAL_CUSTOMER
C004894,Robert,Powell,Saudi Arabia,Standard,2,5082.76,2541.38,2,0,2,0,13,54.54,57.62,22.5,45.0,1,0,0,2,2,0,1.0,5.0,LOW,NORMAL_CUSTOMER
C004896,Harold,Christian,Saudi Arabia,Standard,4,10065.95,2516.49,5,1,4,1,30,52.66,62.33,18.75,75.0,1,0,1,5,4,1,0.8,23.0,LOW,FRICTION_PRONE_CUSTOMER
C004898,Jennifer,Davis,Saudi Arabia,Standard,3,8688.24,2896.08,3,0,3,0,20,55.75,60.83,15.0,45.0,1,0,0,3,3,0,1.0,5.0,LOW,LOYAL_LOW_FRICTION_CUSTOMER
C004899,James,Rodriguez,Saudi Arabia,Standard,1,4414.02,4414.02,3,2,1,2,13,79.25,79.25,65.0,65.0,2,0,1,3,1,2,0.33,36.0,MEDIUM,FRICTION_PRONE_CUSTOMER
C004900,Shawn,Villa,Other,Standard,1,2664.13,2664.13,3,2,1,2,13,122.57,122.57,65.0,65.0,3,0,1,3,1,2,0.33,41.0,MEDIUM,FRICTION_PRONE_CUSTOMER
C004904,Laura,Stokes,United Arab Emirates,Standard,1,2105.85,2105.85,1,0,1,0,7,68.58,68.58,0.0,0.0,0,0,0,1,1,0,1.0,0.0,LOW,NORMAL_CUSTOMER
C004905,Jennifer,Oconnor,Other,Standard,1,2064.81,2064.81,1,0,1,0,6,45.65,45.65,40.0,40.0,1,0,0,1,1,0,1.0,5.0,LOW,NORMAL_CUSTOMER
C004906,David,Young,Saudi Arabia,Premium,1,1210.97,1210.97,1,0,1,0,7,62.72,62.72,0.0,0.0,0,0,0,1,1,0,1.0,0.0,LOW,NORMAL_CUSTOMER
C004907,Danny,Yoder,Other,Premium,1,3928.42,3928.42,2,1,1,1,9,49.47,49.47,75.0,75.0,1,0,1,2,1,1,0.5,23.0,LOW,FRICTION_PRONE_CUSTOMER
C004908,Shannon,Thompson,Saudi Arabia,Standard,1,951.65,951.65,1,0,1,0,7,57.62,57.62,0.0,0.0,0,0,0,1,1,0,1.0,0.0,LOW,NORMAL_CUSTOMER
C004909,Michael,Stafford,United Kingdom,Standard,2,7710.23,3855.12,2,0,2,0,14,53.56,60.27,0.0,0.0,0,0,0,2,2,0,1.0,0.0,LOW,NORMAL_CUSTOMER
C004910,Alexandria,Campos,Pakistan,Standard,1,4057.49,4057.49,1,0,1,0,7,70.42,70.42,0.0,0.0,0,0,0,1,1,0,1.0,0.0,LOW,NORMAL_CUSTOMER
C004911,Patrick,Fisher,Other,Premium,2,5938.82,2969.41,2,0,2,0,14,58.66,59.83,0.0,0.0,0,0,0,2,2,0,1.0,0.0,LOW,NORMAL_CUSTOMER
C004912,Kylie,Brown,Pakistan,Standard,4,12359.33,3089.83,4,0,4,0,28,71.91,101.67,0.0,0.0,0,0,0,4,4,0,1.0,0.0,LOW,LOYAL_LOW_FRICTION_CUSTOMER
C004913,William,Salazar,Pakistan,Standard,2,3589.72,1794.86,5,3,2,3,23,84.32,98.47,47.5,65.0,2,0,1,5,2,3,0.4,44.0,MEDIUM,FRICTION_PRONE_CUSTOMER
C004914,Stephanie,Wilson,Saudi Arabia,Standard,1,798.35,798.35,1,0,1,0,7,52.32,52.32,0.0,0.0,0,0,0,1,1,0,1.0,0.0,LOW,NORMAL_CUSTOMER
C004916,Oscar,Jones,Other,Standard,4,14375.68,3593.92,4,0,4,0,27,63.6,86.45,10.0,40.0,1,0,0,4,4,0,1.0,5.0,LOW,LOYAL_LOW_FRICTION_CUSTOMER
C004917,Kayla,Hines,United Arab Emirates,Standard,4,11917.76,2979.44,4,0,4,0,25,69.81,94.8,31.25,45.0,3,0,0,4,4,0,1.0,15.0,LOW,NORMAL_CUSTOMER
C004918,Rhonda,Obrien,United Arab Emirates,Standard,6,12198.93,2033.16,7,1,6,1,44,60.92,84.7,11.67,40.0,1,0,0,7,6,1,0.86,13.0,LOW,LOYAL_LOW_FRICTION_CUSTOMER
C004921,Edward,Morris,Other,Standard,6,18309.27,3051.54,6,0,6,0,42,61.34,72.65,0.0,0.0,0,0,0,6,6,0,1.0,0.0,LOW,LOYAL_LOW_FRICTION_CUSTOMER
C004923,Harold,Gray,Pakistan,Standard,2,1675.64,837.82,2,0,2,0,14,58.32,71.72,0.0,0.0,0,0,0,2,2,0,1.0,0.0,LOW,NORMAL_CUSTOMER
C004925,Robert,Berry,Saudi Arabia,Premium,2,7992.39,3996.2,4,2,2,2,19,94.48,105.32,52.5,65.0,3,0,1,4,2,2,0.5,41.0,MEDIUM,FRICTION_PRONE_CUSTOMER
C004926,Kyle,Gonzalez,Saudi Arabia,Standard,1,2878.26,2878.26,1,0,1,0,7,52.58,52.58,0.0,0.0,0,0,0,1,1,0,1.0,0.0,LOW,NORMAL_CUSTOMER
C004927,Kayla,King,United Arab Emirates,Standard,2,8455.36,4227.68,3,1,2,1,17,70.24,89.72,15.0,30.0,0,0,0,3,2,1,0.67,8.0,LOW,NORMAL_CUSTOMER
C004928,Sean,Kim,Saudi Arabia,Standard,1,4716.79,4716.79,1,0,1,0,7,72.43,72.43,0.0,0.0,0,0,0,1,1,0,1.0,0.0,LOW,NORMAL_CUSTOMER
C004929,Courtney,Mitchell,United Kingdom,Premium,4,12679.21,3169.8,6,2,4,2,34,63.65,87.45,16.25,65.0,2,0,1,6,4,2,0.67,36.0,MEDIUM,FRICTION_PRONE_CUSTOMER
C004930,David,Harris,Other,Standard,2,5716.22,2858.11,3,1,2,1,16,50.08,51.8,37.5,75.0,1,0,1,3,2,1,0.67,23.0,LOW,FRICTION_PRONE_CUSTOMER
C004931,David,Martin,United Arab Emirates,Premium,4,10203.39,2550.85,4,0,4,0,27,55.04,83.4,10.0,40.0,1,0,0,4,4,0,1.0,5.0,LOW,LOYAL_LOW_FRICTION_CUSTOMER
C004932,James,Cervantes,United Arab Emirates,Standard,2,2296.4,1148.2,3,1,2,1,17,76.56,79.3,15.0,30.0,0,0,0,3,2,1,0.67,8.0,LOW,NORMAL_CUSTOMER
C004933,Cindy,Stokes,Other,Premium,1,3589.23,3589.23,1,0,1,0,7,43.5,43.5,0.0,0.0,0,0,0,1,1,0,1.0,0.0,LOW,NORMAL_CUSTOMER
C004934,Johnny,Lee,United Arab Emirates,Standard,4,12900.99,3225.25,6,2,4,2,32,68.53,85.9,35.0,100.0,4,1,0,6,4,2,0.67,56.0,HIGH,FRICTION_PRONE_CUSTOMER
C004935,Stephen,Perkins,United Arab Emirates,Standard,1,2347.62,2347.62,1,0,1,0,7,87.97,87.97,0.0,0.0,0,0,0,1,1,0,1.0,0.0,LOW,NORMAL_CUSTOMER
C004936,Melissa,Soto,United Arab Emirates,Standard,3,13726.31,4575.44,4,1,3,1,24,69.84,80.52,10.0,30.0,0,0,0,4,3,1,0.75,8.0,LOW,LOYAL_LOW_FRICTION_CUSTOMER
C004937,Amy,Barnett,Other,VIP,1,3261.55,3261.55,3,2,1,2,12,98.12,98.12,100.0,100.0,3,1,0,3,1,2,0.33,51.0,HIGH,FRICTION_PRONE_CUSTOMER
C004938,Adam,Harris,Pakistan,Premium,1,4472.26,4472.26,1,0,1,0,7,64.27,64.27,0.0,0.0,0,0,0,1,1,0,1.0,0.0,LOW,NORMAL_CUSTOMER
C004939,Nicole,Patrick,United States,Standard,3,8706.73,2902.24,4,1,3,1,23,63.33,79.43,26.67,80.0,1,1,0,4,3,1,0.75,33.0,MEDIUM,LOYAL_LOW_FRICTION_CUSTOMER
C004940,John,Barry,United States,Standard,3,7890.63,2630.21,3,0,3,0,21,52.62,75.6,0.0,0.0,0,0,0,3,3,0,1.0,0.0,LOW,LOYAL_LOW_FRICTION_CUSTOMER
C004941,Brianna,Ward,United Arab Emirates,Standard,2,4836.91,2418.46,3,1,2,1,17,58.02,84.65,17.5,35.0,0,0,0,3,2,1,0.67,8.0,LOW,NORMAL_CUSTOMER
C004942,Thomas,Russell,United Arab Emirates,Standard,1,863.17,863.17,1,0,1,0,7,37.47,37.47,0.0,0.0,0,0,0,1,1,0,1.0,0.0,LOW,NORMAL_CUSTOMER
C004943,Robert,Payne,United States,Standard,1,3911.79,3911.79,1,0,1,0,7,47.62,47.62,0.0,0.0,0,0,0,1,1,0,1.0,0.0,LOW,NORMAL_CUSTOMER
C004944,Christopher,Jones,United Arab Emirates,Standard,4,15082.49,3770.62,5,1,4,1,30,63.17,76.7,18.75,75.0,1,0,1,5,4,1,0.8,23.0,LOW,FRICTION_PRONE_CUSTOMER
C004945,Carol,Lopez,United States,Standard,2,3888.33,1944.16,3,1,2,1,17,63.55,75.83,15.0,30.0,0,0,0,3,2,1,0.67,8.0,LOW,NORMAL_CUSTOMER
C004946,John,Blair,Other,Standard,1,1331.55,1331.55,1,0,1,0,7,82.27,82.27,0.0,0.0,0,0,0,1,1,0,1.0,0.0,LOW,NORMAL_CUSTOMER
C004947,Amy,Bartlett,Pakistan,Premium,2,7249.71,3624.86,2,0,2,0,13,58.59,70.3,20.0,40.0,1,0,0,2,2,0,1.0,5.0,LOW,NORMAL_CUSTOMER
C004948,Christine,May,United Kingdom,Standard,1,4359.41,4359.41,2,1,1,1,10,75.48,75.48,30.0,30.0,0,0,0,2,1,1,0.5,8.0,LOW,NORMAL_CUSTOMER
C004949,Angela,Crawford,United States,Standard,3,7181.89,2393.96,5,2,3,2,24,73.91,86.35,63.33,75.0,3,0,2,5,3,2,0.6,51.0,HIGH,FRICTION_PRONE_CUSTOMER
C004952,Eddie,Wells,Saudi Arabia,Standard,2,4419.23,2209.61,2,0,2,0,14,61.62,66.32,0.0,0.0,0,0,0,2,2,0,1.0,0.0,LOW,NORMAL_CUSTOMER
C004954,Benjamin,Montgomery,United Kingdom,Standard,1,2395.04,2395.04,1,0,1,0,7,57.72,57.72,0.0,0.0,0,0,0,1,1,0,1.0,0.0,LOW,NORMAL_CUSTOMER
C004955,Melissa,Hansen,United Arab Emirates,Standard,2,3140.11,1570.05,2,0,2,0,13,79.28,83.32,20.0,40.0,1,0,0,2,2,0,1.0,5.0,LOW,NORMAL_CUSTOMER
C004956,Elizabeth,Taylor,United Kingdom,Premium,1,3224.51,3224.51,1,0,1,0,7,87.93,87.93,0.0,0.0,0,0,0,1,1,0,1.0,0.0,LOW,NORMAL_CUSTOMER
C004957,Mary,Jones,United Arab Emirates,Standard,1,4593.03,4593.03,1,0,1,0,6,32.33,32.33,45.0,45.0,1,0,0,1,1,0,1.0,5.0,LOW,NORMAL_CUSTOMER
C004958,Kenneth,Patterson,Pakistan,Standard,2,5890.94,2945.47,2,0,2,0,13,68.55,78.47,22.5,45.0,1,0,0,2,2,0,1.0,5.0,LOW,NORMAL_CUSTOMER
C004959,Samantha,Bennett,Saudi Arabia,Premium,3,13115.75,4371.92,5,2,3,2,25,77.52,96.88,48.33,70.0,2,0,1,5,3,2,0.6,36.0,MEDIUM,FRICTION_PRONE_CUSTOMER
C004960,Brandon,Jones,United Kingdom,Standard,1,1073.4,1073.4,1,0,1,0,7,84.82,84.82,0.0,0.0,0,0,0,1,1,0,1.0,0.0,LOW,NORMAL_CUSTOMER
C004962,Gregory,Patton,Saudi Arabia,Standard,1,2276.61,2276.61,1,0,1,0,7,52.22,52.22,0.0,0.0,0,0,0,1,1,0,1.0,0.0,LOW,NORMAL_CUSTOMER
C004963,Emily,Evans,Saudi Arabia,Standard,1,2627.49,2627.49,1,0,1,0,7,52.82,52.82,0.0,0.0,0,0,0,1,1,0,1.0,0.0,LOW,NORMAL_CUSTOMER
C004965,Heather,Hall,United Arab Emirates,Standard,4,11073.32,2768.33,6,2,4,2,34,57.3,67.62,16.25,65.0,2,0,1,6,4,2,0.67,36.0,MEDIUM,FRICTION_PRONE_CUSTOMER
C004966,Brooke,Guzman,Saudi Arabia,Premium,1,3416.63,3416.63,2,1,1,1,10,68.6,68.6,30.0,30.0,0,0,0,2,1,1,0.5,8.0,LOW,NORMAL_CUSTOMER
C004967,Kristin,Rivera,Other,Standard,2,3936.08,1968.04,4,2,2,2,20,68.4,84.42,32.5,65.0,2,0,1,4,2,2,0.5,36.0,MEDIUM,FRICTION_PRONE_CUSTOMER
C004968,Gregory,Walker,United Kingdom,Standard,2,5843.57,2921.78,3,1,2,1,16,75.97,77.42,35.0,40.0,1,0,0,3,2,1,0.67,13.0,LOW,NORMAL_CUSTOMER
C004969,Stanley,Shepard,Other,Standard,2,3775.55,1887.78,3,1,2,1,16,96.91,99.4,40.0,45.0,1,0,0,3,2,1,0.67,13.0,LOW,NORMAL_CUSTOMER
C004970,Beth,Nielsen,United Arab Emirates,Standard,5,16890.23,3378.05,6,1,5,1,38,77.4,87.65,6.0,30.0,0,0,0,6,5,1,0.83,8.0,LOW,LOYAL_LOW_FRICTION_CUSTOMER
C004971,Sarah,King,United Arab Emirates,Standard,2,3107.31,1553.66,2,0,2,0,13,63.92,75.63,22.5,45.0,1,0,0,2,2,0,1.0,5.0,LOW,NORMAL_CUSTOMER
C004972,Christopher,Warner,Other,Premium,2,7027.64,3513.82,2,0,2,0,14,59.99,77.28,0.0,0.0,0,0,0,2,2,0,1.0,0.0,LOW,NORMAL_CUSTOMER
C004973,Kevin,Jones,Pakistan,Premium,1,642.19,642.19,1,0,1,0,6,44.9,44.9,45.0,45.0,1,0,0,1,1,0,1.0,5.0,LOW,NORMAL_CUSTOMER
C004974,Miguel,Savage,United Kingdom,Standard,1,3900.1,3900.1,2,1,1,1,9,52.92,52.92,70.0,70.0,1,0,1,2,1,1,0.5,23.0,LOW,FRICTION_PRONE_CUSTOMER
C004976,Carlos,Jones,United Arab Emirates,Premium,1,589.02,589.02,1,0,1,0,7,73.53,73.53,0.0,0.0,0,0,0,1,1,0,1.0,0.0,LOW,NORMAL_CUSTOMER
C004977,Ronald,Johnston,Saudi Arabia,Standard,7,18914.49,2702.07,10,3,7,3,55,64.39,91.17,32.86,65.0,5,0,1,10,7,3,0.7,59.0,HIGH,FRICTION_PRONE_CUSTOMER
C004978,Andrea,Castaneda,Saudi Arabia,Standard,1,3070.73,3070.73,1,0,1,0,7,34.9,34.9,0.0,0.0,0,0,0,1,1,0,1.0,0.0,LOW,NORMAL_CUSTOMER
C004979,Kelly,Frederick,Saudi Arabia,Standard,1,1405.85,1405.85,2,1,1,1,10,70.1,70.1,35.0,35.0,0,0,0,2,1,1,0.5,8.0,LOW,NORMAL_CUSTOMER
C004980,Dennis,Porter,Saudi Arabia,Premium,3,8206.08,2735.36,3,0,3,0,21,79.89,85.25,0.0,0.0,0,0,0,3,3,0,1.0,0.0,LOW,LOYAL_LOW_FRICTION_CUSTOMER
C004981,Heather,Ross,Other,Standard,1,519.62,519.62,1,0,1,0,7,87.5,87.5,0.0,0.0,0,0,0,1,1,0,1.0,0.0,LOW,NORMAL_CUSTOMER
C004987,Daniel,Baker,United Kingdom,Premium,2,6557.7,3278.85,3,1,2,1,17,74.28,76.08,15.0,30.0,0,0,0,3,2,1,0.67,8.0,LOW,NORMAL_CUSTOMER
C004988,Jessica,Johnson,Pakistan,Standard,3,10099.19,3366.4,3,0,3,0,19,63.37,66.55,28.33,45.0,2,0,0,3,3,0,1.0,10.0,LOW,LOYAL_LOW_FRICTION_CUSTOMER
C004989,Cristina,Morgan,United Kingdom,Standard,2,4444.96,2222.48,4,2,2,2,19,72.26,91.93,52.5,60.0,3,0,1,4,2,2,0.5,41.0,MEDIUM,FRICTION_PRONE_CUSTOMER
C004990,Vanessa,Green,United States,Standard,1,4110.19,4110.19,1,0,1,0,6,65.92,65.92,45.0,45.0,1,0,0,1,1,0,1.0,5.0,LOW,NORMAL_CUSTOMER
C004991,Timothy,Cook,Other,Standard,2,7239.14,3619.57,2,0,2,0,13,86.28,87.97,20.0,40.0,1,0,0,2,2,0,1.0,5.0,LOW,NORMAL_CUSTOMER
C004992,Haley,Hubbard,Pakistan,Standard,1,1880.14,1880.14,1,0,1,0,7,55.25,55.25,0.0,0.0,0,0,0,1,1,0,1.0,0.0,LOW,NORMAL_CUSTOMER
C004993,Sarah,Taylor,United Arab Emirates,Standard,3,7659.56,2553.19,3,0,3,0,21,48.22,56.28,0.0,0.0,0,0,0,3,3,0,1.0,0.0,LOW,LOYAL_LOW_FRICTION_CUSTOMER
C004995,Justin,Gross,Saudi Arabia,Premium,4,17284.35,4321.09,5,1,4,1,30,74.52,97.88,18.75,40.0,1,0,0,5,4,1,0.8,13.0,LOW,LOYAL_LOW_FRICTION_CUSTOMER
C004996,Chelsea,Glass,Other,Standard,1,1118.75,1118.75,1,0,1,0,7,95.45,95.45,0.0,0.0,0,0,0,1,1,0,1.0,0.0,LOW,NORMAL_CUSTOMER
C004997,Leslie,Alvarado,Saudi Arabia,Premium,1,4037.64,4037.64,3,2,1,2,13,61.23,61.23,65.0,65.0,2,0,1,3,1,2,0.33,36.0,MEDIUM,FRICTION_PRONE_CUSTOMER
C004998,Alicia,Johns,United Arab Emirates,Standard,1,4151.03,4151.03,1,0,1,0,7,65.23,65.23,0.0,0.0,0,0,0,1,1,0,1.0,0.0,LOW,NORMAL_CUSTOMER
C004999,Wanda,Young,United States,Standard,1,1768.37,1768.37,1,0,1,0,7,69.77,69.77,0.0,0.0,0,0,0,1,1,0,1.0,0.0,LOW,NORMAL_CUSTOMER
