customer_id,first_name,last_name,country,customer_segment,total_bookings,total_booking_value,total_payment_attempts,total_failed_payments,total_successful_payments,total_retries,average_friction_score,maximum_friction_score,total_anomalies,high_risk_journeys,critical_journeys,problematic_journeys,severity_score,failure_rate_per_booking,retry_rate_per_booking,anomaly_rate_per_booking,frequency_score,problematic_journey_rate,persistence_score,customer_risk_score,customer_risk_level,behavior_profile,research_risk_signals
C000002,Angel,Hart,Other,Standard,3,7712.4,4,1,3,1,10.0,30.0,0,0,0,0,30.0,0.33,0.33,0.0,5.42,0.0,0.0,13.63,LOW,LOYAL_LOW_FRICTION_CUSTOMER,NO_MAJOR_RISK_SIGNAL
C000003,Joshua,Stone,United Kingdom,Premium,2,5780.57,2,0,2,0,0.0,0.0,0,0,0,0,0.0,0.0,0.0,0.0,0.0,0.0,0.0,0.0,LOW,NORMAL_CUSTOMER,NO_MAJOR_RISK_SIGNAL
C000004,Jeffrey,Welch,Pakistan,Standard,1,1842.96,1,0,1,0,0.0,0.0,0,0,0,0,0.0,0.0,0.0,0.0,0.0,0.0,0.0,0.0,LOW,NORMAL_CUSTOMER,NO_MAJOR_RISK_SIGNAL
C000005,Jill,Vasquez,Saudi Arabia,Standard,2,3260.06,2,0,2,0,0.0,0.0,0,0,0,0,0.0,0.0,0.0,0.0,0.0,0.0,0.0,0.0,LOW,NORMAL_CUSTOMER,NO_MAJOR_RISK_SIGNAL
C000006,Erica,White,Saudi Arabia,Standard,1,4497.45,1,0,1,0,0.0,0.0,0,0,0,0,0.0,0.0,0.0,0.0,0.0,0.0,0.0,0.0,LOW,NORMAL_CUSTOMER,NO_MAJOR_RISK_SIGNAL
C000007,Patricia,Lynch,Saudi Arabia,Standard,1,3455.41,2,1,1,1,30.0,30.0,0,0,0,0,30.0,1.0,1.0,0.0,16.25,0.0,0.0,16.88,LOW,NORMAL_CUSTOMER,NO_MAJOR_RISK_SIGNAL
C000008,Christopher,Erickson,Other,Standard,2,5822.62,2,0,2,0,0.0,0.0,0,0,0,0,0.0,0.0,0.0,0.0,0.0,0.0,0.0,0.0,LOW,NORMAL_CUSTOMER,NO_MAJOR_RISK_SIGNAL
C000010,Anthony,Smith,United Kingdom,Standard,3,12121.17,3,0,3,0,0.0,0.0,0,0,0,0,0.0,0.0,0.0,0.0,0.0,0.0,0.0,0.0,LOW,LOYAL_LOW_FRICTION_CUSTOMER,NO_MAJOR_RISK_SIGNAL
C000011,Jeffery,Johnson,Saudi Arabia,Standard,1,2406.1,1,0,1,0,0.0,0.0,0,0,0,0,0.0,0.0,0.0,0.0,0.0,0.0,0.0,0.0,LOW,NORMAL_CUSTOMER,NO_MAJOR_RISK_SIGNAL
C000012,William,Garrett,Other,Standard,2,6927.23,4,2,2,2,50.0,100.0,3,1,1,1,100.0,1.0,1.0,1.5,20.0,0.5,30.0,55.0,HIGH,FRICTION_PRONE_CUSTOMER,HIGH_SEVERITY | REPEATED_PAYMENT_FAILURES | CRITICAL_JOURNEY
C000013,Anthony,Wilson,United States,Premium,1,1750.67,3,2,1,2,100.0,100.0,3,1,1,1,100.0,2.0,2.0,3.0,40.0,1.0,30.0,61.0,HIGH,FRICTION_PRONE_CUSTOMER,HIGH_SEVERITY | REPEATED_PAYMENT_FAILURES | CRITICAL_JOURNEY
C000014,James,Charles,Saudi Arabia,Premium,1,589.09,2,1,1,1,30.0,30.0,0,0,0,0,30.0,1.0,1.0,0.0,16.25,0.0,0.0,16.88,LOW,NORMAL_CUSTOMER,NO_MAJOR_RISK_SIGNAL
C000016,Amy,Duarte,Saudi Arabia,Premium,1,3101.8,1,0,1,0,0.0,0.0,0,0,0,0,0.0,0.0,0.0,0.0,0.0,0.0,0.0,0.0,LOW,NORMAL_CUSTOMER,NO_MAJOR_RISK_SIGNAL
C000017,Jeffrey,Gutierrez,United Arab Emirates,Standard,3,7188.97,3,0,3,0,0.0,0.0,0,0,0,0,0.0,0.0,0.0,0.0,0.0,0.0,0.0,0.0,LOW,LOYAL_LOW_FRICTION_CUSTOMER,NO_MAJOR_RISK_SIGNAL
C000019,Lisa,Castro,United Arab Emirates,Premium,7,19257.99,11,4,7,4,30.71,65.0,6,2,0,4,65.0,0.57,0.57,0.86,11.43,0.57,82.86,54.29,HIGH,FRICTION_PRONE_CUSTOMER,PERSISTENT_BEHAVIOR | REPEATED_PAYMENT_FAILURES | MULTIPLE_PROBLEMATIC_JOURNEYS
C000021,Linda,Smith,Pakistan,VIP,2,2187.74,2,0,2,0,20.0,40.0,1,0,0,1,40.0,0.0,0.0,0.5,1.25,0.5,30.0,25.38,MEDIUM,NORMAL_CUSTOMER,NO_MAJOR_RISK_SIGNAL
C000022,Helen,Harris,Saudi Arabia,Standard,3,6247.24,3,0,3,0,0.0,0.0,0,0,0,0,0.0,0.0,0.0,0.0,0.0,0.0,0.0,0.0,LOW,LOYAL_LOW_FRICTION_CUSTOMER,NO_MAJOR_RISK_SIGNAL
C000023,Matthew,Campbell,Saudi Arabia,Standard,1,1485.49,1,0,1,0,40.0,40.0,1,0,0,1,40.0,0.0,0.0,1.0,2.5,1.0,30.0,25.75,MEDIUM,NORMAL_CUSTOMER,NO_MAJOR_RISK_SIGNAL
C000025,Susan,Parker,United Arab Emirates,Premium,2,6066.56,2,0,2,0,0.0,0.0,0,0,0,0,0.0,0.0,0.0,0.0,0.0,0.0,0.0,0.0,LOW,NORMAL_CUSTOMER,NO_MAJOR_RISK_SIGNAL
C000026,Matthew,Hunter,United States,Standard,1,2902.33,1,0,1,0,0.0,0.0,0,0,0,0,0.0,0.0,0.0,0.0,0.0,0.0,0.0,0.0,LOW,NORMAL_CUSTOMER,NO_MAJOR_RISK_SIGNAL
C000027,Christopher,Nguyen,Saudi Arabia,Standard,1,2273.86,1,0,1,0,0.0,0.0,0,0,0,0,0.0,0.0,0.0,0.0,0.0,0.0,0.0,0.0,LOW,NORMAL_CUSTOMER,NO_MAJOR_RISK_SIGNAL
C000028,Colin,Smith,Pakistan,Premium,2,6859.04,4,2,2,2,30.0,30.0,0,0,0,0,30.0,1.0,1.0,0.0,16.25,0.0,0.0,16.88,LOW,NORMAL_CUSTOMER,REPEATED_PAYMENT_FAILURES
C000029,Melanie,Jennings,Pakistan,Standard,3,11903.06,3,0,3,0,26.67,40.0,2,0,0,2,40.0,0.0,0.0,0.67,1.67,0.67,65.67,36.2,MEDIUM,NORMAL_CUSTOMER,PERSISTENT_BEHAVIOR | MULTIPLE_PROBLEMATIC_JOURNEYS
C000031,Lindsay,Ramsey,Pakistan,Premium,1,4021.81,2,1,1,1,30.0,30.0,0,0,0,0,30.0,1.0,1.0,0.0,16.25,0.0,0.0,16.88,LOW,NORMAL_CUSTOMER,NO_MAJOR_RISK_SIGNAL
C000033,Amanda,Johnson,Saudi Arabia,Standard,1,1287.64,1,0,1,0,0.0,0.0,0,0,0,0,0.0,0.0,0.0,0.0,0.0,0.0,0.0,0.0,LOW,NORMAL_CUSTOMER,NO_MAJOR_RISK_SIGNAL
C000035,Nicholas,Rivera,Other,Standard,2,3213.44,4,2,2,2,55.0,65.0,3,1,0,2,65.0,1.0,1.0,1.5,20.0,1.0,79.0,55.7,HIGH,FRICTION_PRONE_CUSTOMER,PERSISTENT_BEHAVIOR | REPEATED_PAYMENT_FAILURES | MULTIPLE_PROBLEMATIC_JOURNEYS
C000036,Andrea,Morgan,United States,Premium,1,4185.64,1,0,1,0,0.0,0.0,0,0,0,0,0.0,0.0,0.0,0.0,0.0,0.0,0.0,0.0,LOW,NORMAL_CUSTOMER,NO_MAJOR_RISK_SIGNAL
C000037,Maria,Chambers,United Arab Emirates,VIP,1,1355.17,1,0,1,0,0.0,0.0,0,0,0,0,0.0,0.0,0.0,0.0,0.0,0.0,0.0,0.0,LOW,NORMAL_CUSTOMER,NO_MAJOR_RISK_SIGNAL
C000039,Michelle,Robles,United Kingdom,Standard,3,8115.3,3,0,3,0,15.0,45.0,1,0,0,1,45.0,0.0,0.0,0.33,0.83,0.33,30.0,27.25,MEDIUM,LOYAL_LOW_FRICTION_CUSTOMER,NO_MAJOR_RISK_SIGNAL
C000041,Janet,Olson,Saudi Arabia,Standard,2,4848.79,2,0,2,0,20.0,40.0,1,0,0,1,40.0,0.0,0.0,0.5,1.25,0.5,30.0,25.38,MEDIUM,NORMAL_CUSTOMER,NO_MAJOR_RISK_SIGNAL
C000043,Jeremy,Mcclain,Saudi Arabia,Standard,2,2654.19,2,0,2,0,20.0,40.0,1,0,0,1,40.0,0.0,0.0,0.5,1.25,0.5,30.0,25.38,MEDIUM,NORMAL_CUSTOMER,NO_MAJOR_RISK_SIGNAL
C000044,Keith,Herrera,Other,Standard,1,4920.14,1,0,1,0,45.0,45.0,1,0,0,1,45.0,0.0,0.0,1.0,2.5,1.0,30.0,27.75,MEDIUM,NORMAL_CUSTOMER,NO_MAJOR_RISK_SIGNAL
C000045,Christopher,Rogers,Saudi Arabia,Premium,3,4953.31,3,0,3,0,0.0,0.0,0,0,0,0,0.0,0.0,0.0,0.0,0.0,0.0,0.0,0.0,LOW,LOYAL_LOW_FRICTION_CUSTOMER,NO_MAJOR_RISK_SIGNAL
C000047,Craig,Gutierrez,United Arab Emirates,Premium,1,4009.48,1,0,1,0,0.0,0.0,0,0,0,0,0.0,0.0,0.0,0.0,0.0,0.0,0.0,0.0,LOW,NORMAL_CUSTOMER,NO_MAJOR_RISK_SIGNAL
C000049,Cynthia,Conley,Pakistan,Standard,2,5359.21,4,2,2,2,55.0,75.0,1,1,0,1,75.0,1.0,1.0,0.5,17.5,0.5,30.0,44.25,MEDIUM,NORMAL_CUSTOMER,HIGH_SEVERITY | REPEATED_PAYMENT_FAILURES
C000050,Michael,Evans,Saudi Arabia,Standard,1,1035.62,2,1,1,1,30.0,30.0,0,0,0,0,30.0,1.0,1.0,0.0,16.25,0.0,0.0,16.88,LOW,NORMAL_CUSTOMER,NO_MAJOR_RISK_SIGNAL
C000052,Jason,Stewart,United States,Standard,1,2532.53,1,0,1,0,0.0,0.0,0,0,0,0,0.0,0.0,0.0,0.0,0.0,0.0,0.0,0.0,LOW,NORMAL_CUSTOMER,NO_MAJOR_RISK_SIGNAL
C000053,Joseph,Herrera,Other,Premium,2,5431.52,3,1,2,1,55.0,70.0,2,1,0,2,70.0,0.5,0.5,1.0,10.62,1.0,79.0,54.89,HIGH,FRICTION_PRONE_CUSTOMER,HIGH_SEVERITY | PERSISTENT_BEHAVIOR | MULTIPLE_PROBLEMATIC_JOURNEYS
C000054,Sharon,Clark,Other,Standard,2,3924.74,3,1,2,1,15.0,30.0,0,0,0,0,30.0,0.5,0.5,0.0,8.12,0.0,0.0,14.44,LOW,NORMAL_CUSTOMER,NO_MAJOR_RISK_SIGNAL
C000055,Deborah,Jennings,Pakistan,Standard,1,3005.0,2,1,1,1,30.0,30.0,0,0,0,0,30.0,1.0,1.0,0.0,16.25,0.0,0.0,16.88,LOW,NORMAL_CUSTOMER,NO_MAJOR_RISK_SIGNAL
C000056,Chelsea,Marsh,Other,Standard,1,4975.45,1,0,1,0,40.0,40.0,1,0,0,1,40.0,0.0,0.0,1.0,2.5,1.0,30.0,25.75,MEDIUM,NORMAL_CUSTOMER,NO_MAJOR_RISK_SIGNAL
C000058,Jessica,Gomez,Saudi Arabia,Standard,1,741.2,1,0,1,0,0.0,0.0,0,0,0,0,0.0,0.0,0.0,0.0,0.0,0.0,0.0,0.0,LOW,NORMAL_CUSTOMER,NO_MAJOR_RISK_SIGNAL
C000059,Frank,Montes,Saudi Arabia,Standard,1,1028.04,1,0,1,0,0.0,0.0,0,0,0,0,0.0,0.0,0.0,0.0,0.0,0.0,0.0,0.0,LOW,NORMAL_CUSTOMER,NO_MAJOR_RISK_SIGNAL
C000061,Veronica,Johnson,United Arab Emirates,Premium,4,13033.24,7,3,4,3,35.0,65.0,3,1,0,2,65.0,0.75,0.75,0.75,14.06,0.5,59.0,47.92,MEDIUM,NORMAL_CUSTOMER,PERSISTENT_BEHAVIOR | REPEATED_PAYMENT_FAILURES | MULTIPLE_PROBLEMATIC_JOURNEYS
C000063,Angela,Sims,United States,Standard,1,2375.54,1,0,1,0,40.0,40.0,1,0,0,1,40.0,0.0,0.0,1.0,2.5,1.0,30.0,25.75,MEDIUM,NORMAL_CUSTOMER,NO_MAJOR_RISK_SIGNAL
C000065,Megan,Duncan,Saudi Arabia,Standard,2,5323.12,5,3,2,3,50.0,65.0,2,1,0,1,65.0,1.5,1.5,1.0,26.88,0.5,30.0,43.06,MEDIUM,NORMAL_CUSTOMER,REPEATED_PAYMENT_FAILURES
C000066,Kimberly,Price,Pakistan,Standard,1,4813.96,2,1,1,1,30.0,30.0,0,0,0,0,30.0,1.0,1.0,0.0,16.25,0.0,0.0,16.88,LOW,NORMAL_CUSTOMER,NO_MAJOR_RISK_SIGNAL
C000067,Jeremy,Larson,Saudi Arabia,Standard,4,8420.78,7,3,4,3,55.0,100.0,5,2,1,3,100.0,0.75,0.75,1.25,15.31,0.75,81.0,68.89,HIGH,FRICTION_PRONE_CUSTOMER,HIGH_SEVERITY | PERSISTENT_BEHAVIOR | REPEATED_PAYMENT_FAILURES | MULTIPLE_PROBLEMATIC_JOURNEYS | CRITICAL_JOURNEY
C000068,Antonio,Hancock,United States,Standard,3,9919.12,4,1,3,1,10.0,30.0,0,0,0,0,30.0,0.33,0.33,0.0,5.42,0.0,0.0,13.63,LOW,LOYAL_LOW_FRICTION_CUSTOMER,NO_MAJOR_RISK_SIGNAL
C000070,Joseph,Thornton,Other,Standard,1,4199.51,3,2,1,2,65.0,65.0,2,1,0,1,65.0,2.0,2.0,2.0,37.5,1.0,30.0,46.25,MEDIUM,NORMAL_CUSTOMER,REPEATED_PAYMENT_FAILURES
C000072,Sherri,Johnson,Saudi Arabia,Standard,3,8351.73,6,3,3,3,46.67,75.0,3,2,0,2,75.0,1.0,1.0,1.0,18.75,0.67,65.67,55.33,HIGH,FRICTION_PRONE_CUSTOMER,HIGH_SEVERITY | PERSISTENT_BEHAVIOR | REPEATED_PAYMENT_FAILURES | MULTIPLE_PROBLEMATIC_JOURNEYS
C000073,Nancy,Gutierrez,Saudi Arabia,Standard,4,8678.76,5,1,4,1,28.75,75.0,2,1,0,2,75.0,0.25,0.25,0.5,5.31,0.5,59.0,49.29,HIGH,FRICTION_PRONE_CUSTOMER,HIGH_SEVERITY | PERSISTENT_BEHAVIOR | MULTIPLE_PROBLEMATIC_JOURNEYS
C000075,Diana,Young,United Kingdom,Standard,4,7737.76,6,2,4,2,16.25,65.0,2,1,0,1,65.0,0.5,0.5,0.5,9.38,0.25,28.0,37.21,MEDIUM,LOYAL_LOW_FRICTION_CUSTOMER,REPEATED_PAYMENT_FAILURES
C000076,Randall,Hayes,United Kingdom,Standard,2,6203.28,4,2,2,2,32.5,65.0,2,1,0,1,65.0,1.0,1.0,1.0,18.75,0.5,30.0,40.62,MEDIUM,NORMAL_CUSTOMER,REPEATED_PAYMENT_FAILURES
C000078,Stephen,Robinson,Saudi Arabia,Standard,2,4388.19,2,0,2,0,0.0,0.0,0,0,0,0,0.0,0.0,0.0,0.0,0.0,0.0,0.0,0.0,LOW,NORMAL_CUSTOMER,NO_MAJOR_RISK_SIGNAL
C000079,Joseph,Turner,United Arab Emirates,Standard,2,3500.91,2,0,2,0,0.0,0.0,0,0,0,0,0.0,0.0,0.0,0.0,0.0,0.0,0.0,0.0,LOW,NORMAL_CUSTOMER,NO_MAJOR_RISK_SIGNAL
C000082,Jose,Strickland,Pakistan,Premium,1,2925.28,1,0,1,0,0.0,0.0,0,0,0,0,0.0,0.0,0.0,0.0,0.0,0.0,0.0,0.0,LOW,NORMAL_CUSTOMER,NO_MAJOR_RISK_SIGNAL
C000083,Brenda,Gentry,United Arab Emirates,Premium,2,6669.94,2,0,2,0,0.0,0.0,0,0,0,0,0.0,0.0,0.0,0.0,0.0,0.0,0.0,0.0,LOW,NORMAL_CUSTOMER,NO_MAJOR_RISK_SIGNAL
C000084,Rachael,Wallace,Saudi Arabia,VIP,1,4153.24,1,0,1,0,0.0,0.0,0,0,0,0,0.0,0.0,0.0,0.0,0.0,0.0,0.0,0.0,LOW,NORMAL_CUSTOMER,NO_MAJOR_RISK_SIGNAL
C000085,Reginald,Johnson,United Arab Emirates,Premium,1,2171.27,1,0,1,0,0.0,0.0,0,0,0,0,0.0,0.0,0.0,0.0,0.0,0.0,0.0,0.0,LOW,NORMAL_CUSTOMER,NO_MAJOR_RISK_SIGNAL
C000086,Jeffrey,Webb,United Arab Emirates,Premium,1,4809.67,1,0,1,0,0.0,0.0,0,0,0,0,0.0,0.0,0.0,0.0,0.0,0.0,0.0,0.0,LOW,NORMAL_CUSTOMER,NO_MAJOR_RISK_SIGNAL
C000087,Whitney,Porter,United Kingdom,Standard,2,5301.37,3,1,2,1,17.5,35.0,0,0,0,0,35.0,0.5,0.5,0.0,8.12,0.0,0.0,16.44,LOW,NORMAL_CUSTOMER,NO_MAJOR_RISK_SIGNAL
C000088,William,Lee,Pakistan,Standard,1,715.88,3,2,1,2,60.0,60.0,2,1,0,1,60.0,2.0,2.0,2.0,37.5,1.0,30.0,44.25,MEDIUM,NORMAL_CUSTOMER,REPEATED_PAYMENT_FAILURES
C000090,Brandon,Oconnor,United Arab Emirates,Standard,4,10761.5,4,0,4,0,0.0,0.0,0,0,0,0,0.0,0.0,0.0,0.0,0.0,0.0,0.0,0.0,LOW,LOYAL_LOW_FRICTION_CUSTOMER,NO_MAJOR_RISK_SIGNAL
C000091,Daniel,Mills,Saudi Arabia,Standard,1,1342.12,1,0,1,0,0.0,0.0,0,0,0,0,0.0,0.0,0.0,0.0,0.0,0.0,0.0,0.0,LOW,NORMAL_CUSTOMER,NO_MAJOR_RISK_SIGNAL
C000092,Courtney,Rowe,United Kingdom,VIP,1,552.89,1,0,1,0,0.0,0.0,0,0,0,0,0.0,0.0,0.0,0.0,0.0,0.0,0.0,0.0,LOW,NORMAL_CUSTOMER,NO_MAJOR_RISK_SIGNAL
C000095,Bryan,Short,United States,Standard,2,7167.53,4,2,2,2,32.5,65.0,2,1,0,1,65.0,1.0,1.0,1.0,18.75,0.5,30.0,40.62,MEDIUM,NORMAL_CUSTOMER,REPEATED_PAYMENT_FAILURES
C000098,Allison,Anderson,United Arab Emirates,Standard,1,2817.88,1,0,1,0,0.0,0.0,0,0,0,0,0.0,0.0,0.0,0.0,0.0,0.0,0.0,0.0,LOW,NORMAL_CUSTOMER,NO_MAJOR_RISK_SIGNAL
C000099,Tasha,Hardy,Saudi Arabia,Standard,3,5185.18,4,1,3,1,10.0,30.0,0,0,0,0,30.0,0.33,0.33,0.0,5.42,0.0,0.0,13.63,LOW,LOYAL_LOW_FRICTION_CUSTOMER,NO_MAJOR_RISK_SIGNAL
C000101,Alexander,Reeves,Saudi Arabia,Standard,1,3306.38,1,0,1,0,0.0,0.0,0,0,0,0,0.0,0.0,0.0,0.0,0.0,0.0,0.0,0.0,LOW,NORMAL_CUSTOMER,NO_MAJOR_RISK_SIGNAL
C000105,Joseph,Mcdaniel,Other,Standard,1,3872.77,1,0,1,0,0.0,0.0,0,0,0,0,0.0,0.0,0.0,0.0,0.0,0.0,0.0,0.0,LOW,NORMAL_CUSTOMER,NO_MAJOR_RISK_SIGNAL
C000106,Danielle,Wheeler,Saudi Arabia,Standard,3,9051.36,3,0,3,0,0.0,0.0,0,0,0,0,0.0,0.0,0.0,0.0,0.0,0.0,0.0,0.0,LOW,LOYAL_LOW_FRICTION_CUSTOMER,NO_MAJOR_RISK_SIGNAL
C000110,Stephanie,Meyer,Saudi Arabia,Standard,2,8469.37,2,0,2,0,20.0,40.0,1,0,0,1,40.0,0.0,0.0,0.5,1.25,0.5,30.0,25.38,MEDIUM,NORMAL_CUSTOMER,NO_MAJOR_RISK_SIGNAL
C000111,Nancy,Hopkins,Saudi Arabia,Premium,1,1198.43,3,2,1,2,60.0,60.0,2,1,0,1,60.0,2.0,2.0,2.0,37.5,1.0,30.0,44.25,MEDIUM,NORMAL_CUSTOMER,REPEATED_PAYMENT_FAILURES
C000113,Vincent,Lane,Other,Standard,1,3974.09,2,1,1,1,35.0,35.0,0,0,0,0,35.0,1.0,1.0,0.0,16.25,0.0,0.0,18.88,LOW,NORMAL_CUSTOMER,NO_MAJOR_RISK_SIGNAL
C000114,Guy,Collins,United States,Standard,1,3205.08,1,0,1,0,0.0,0.0,0,0,0,0,0.0,0.0,0.0,0.0,0.0,0.0,0.0,0.0,LOW,NORMAL_CUSTOMER,NO_MAJOR_RISK_SIGNAL
C000115,Rita,Mcclain,Pakistan,Standard,2,2002.86,5,3,2,3,50.0,65.0,2,1,0,1,65.0,1.5,1.5,1.0,26.88,0.5,30.0,43.06,MEDIUM,NORMAL_CUSTOMER,REPEATED_PAYMENT_FAILURES
C000116,Monica,Flores,Other,Standard,4,13661.22,7,3,4,3,33.75,65.0,3,1,0,2,65.0,0.75,0.75,0.75,14.06,0.5,59.0,47.92,MEDIUM,NORMAL_CUSTOMER,PERSISTENT_BEHAVIOR | REPEATED_PAYMENT_FAILURES | MULTIPLE_PROBLEMATIC_JOURNEYS
C000117,Kenneth,Lee,United States,Premium,2,9096.21,2,0,2,0,22.5,45.0,1,0,0,1,45.0,0.0,0.0,0.5,1.25,0.5,30.0,27.38,MEDIUM,NORMAL_CUSTOMER,NO_MAJOR_RISK_SIGNAL
C000118,Danielle,Hill,Saudi Arabia,Premium,1,1960.71,1,0,1,0,0.0,0.0,0,0,0,0,0.0,0.0,0.0,0.0,0.0,0.0,0.0,0.0,LOW,NORMAL_CUSTOMER,NO_MAJOR_RISK_SIGNAL
C000119,Chelsea,Flores,Other,Standard,1,1975.99,1,0,1,0,0.0,0.0,0,0,0,0,0.0,0.0,0.0,0.0,0.0,0.0,0.0,0.0,LOW,NORMAL_CUSTOMER,NO_MAJOR_RISK_SIGNAL
C000120,Eric,Alexander,Pakistan,Premium,1,1215.17,1,0,1,0,0.0,0.0,0,0,0,0,0.0,0.0,0.0,0.0,0.0,0.0,0.0,0.0,LOW,NORMAL_CUSTOMER,NO_MAJOR_RISK_SIGNAL
C000121,Kathryn,Wilson,United States,Standard,2,5188.59,3,1,2,1,15.0,30.0,0,0,0,0,30.0,0.5,0.5,0.0,8.12,0.0,0.0,14.44,LOW,NORMAL_CUSTOMER,NO_MAJOR_RISK_SIGNAL
C000122,Amber,Hernandez,Other,Standard,1,1000.36,1,0,1,0,40.0,40.0,1,0,0,1,40.0,0.0,0.0,1.0,2.5,1.0,30.0,25.75,MEDIUM,NORMAL_CUSTOMER,NO_MAJOR_RISK_SIGNAL
C000123,Kimberly,Hill,United Arab Emirates,Standard,2,6724.14,2,0,2,0,0.0,0.0,0,0,0,0,0.0,0.0,0.0,0.0,0.0,0.0,0.0,0.0,LOW,NORMAL_CUSTOMER,NO_MAJOR_RISK_SIGNAL
C000124,Alyssa,Smith,Saudi Arabia,Standard,1,4389.49,1,0,1,0,0.0,0.0,0,0,0,0,0.0,0.0,0.0,0.0,0.0,0.0,0.0,0.0,LOW,NORMAL_CUSTOMER,NO_MAJOR_RISK_SIGNAL
C000125,Aaron,Dean,Saudi Arabia,Standard,2,3277.29,2,0,2,0,20.0,40.0,1,0,0,1,40.0,0.0,0.0,0.5,1.25,0.5,30.0,25.38,MEDIUM,NORMAL_CUSTOMER,NO_MAJOR_RISK_SIGNAL
C000126,Mario,Palmer,United Arab Emirates,Standard,2,5793.15,3,1,2,1,15.0,30.0,0,0,0,0,30.0,0.5,0.5,0.0,8.12,0.0,0.0,14.44,LOW,NORMAL_CUSTOMER,NO_MAJOR_RISK_SIGNAL
C000127,Andrew,Clark,United States,Standard,2,3784.95,3,1,2,1,37.5,40.0,1,0,0,1,40.0,0.5,0.5,0.5,9.38,0.5,30.0,27.81,MEDIUM,NORMAL_CUSTOMER,NO_MAJOR_RISK_SIGNAL
C000128,Sarah,Bell,Other,Standard,2,3218.27,6,4,2,4,65.0,65.0,4,2,0,2,65.0,2.0,2.0,2.0,37.5,1.0,79.0,60.95,HIGH,FRICTION_PRONE_CUSTOMER,PERSISTENT_BEHAVIOR | REPEATED_PAYMENT_FAILURES | MULTIPLE_PROBLEMATIC_JOURNEYS
C000129,Natasha,Flores,Saudi Arabia,Standard,4,14637.69,4,0,4,0,0.0,0.0,0,0,0,0,0.0,0.0,0.0,0.0,0.0,0.0,0.0,0.0,LOW,LOYAL_LOW_FRICTION_CUSTOMER,NO_MAJOR_RISK_SIGNAL
C000130,Marie,Thomas,Pakistan,Standard,3,6434.57,3,0,3,0,13.33,40.0,1,0,0,1,40.0,0.0,0.0,0.33,0.83,0.33,30.0,25.25,MEDIUM,LOYAL_LOW_FRICTION_CUSTOMER,NO_MAJOR_RISK_SIGNAL
C000131,Kyle,Bush,United Arab Emirates,Standard,2,3600.31,4,2,2,2,50.0,100.0,3,1,1,1,100.0,1.0,1.0,1.5,20.0,0.5,30.0,55.0,HIGH,FRICTION_PRONE_CUSTOMER,HIGH_SEVERITY | REPEATED_PAYMENT_FAILURES | CRITICAL_JOURNEY
C000133,Natalie,Sanchez,Saudi Arabia,Standard,1,1787.45,2,1,1,1,70.0,70.0,1,1,0,1,70.0,1.0,1.0,1.0,18.75,1.0,30.0,42.62,MEDIUM,NORMAL_CUSTOMER,HIGH_SEVERITY
C000134,Stacey,Jones,United Arab Emirates,Premium,2,5263.18,3,1,2,1,15.0,30.0,0,0,0,0,30.0,0.5,0.5,0.0,8.12,0.0,0.0,14.44,LOW,NORMAL_CUSTOMER,NO_MAJOR_RISK_SIGNAL
C000135,Christopher,Austin,Other,Standard,1,2583.08,3,2,1,2,100.0,100.0,3,1,1,1,100.0,2.0,2.0,3.0,40.0,1.0,30.0,61.0,HIGH,FRICTION_PRONE_CUSTOMER,HIGH_SEVERITY | REPEATED_PAYMENT_FAILURES | CRITICAL_JOURNEY
C000137,Chad,Wallace,Pakistan,Standard,3,10341.14,3,0,3,0,0.0,0.0,0,0,0,0,0.0,0.0,0.0,0.0,0.0,0.0,0.0,0.0,LOW,LOYAL_LOW_FRICTION_CUSTOMER,NO_MAJOR_RISK_SIGNAL
C000138,Kathleen,Anderson,United Kingdom,Standard,2,7878.38,2,0,2,0,20.0,40.0,1,0,0,1,40.0,0.0,0.0,0.5,1.25,0.5,30.0,25.38,MEDIUM,NORMAL_CUSTOMER,NO_MAJOR_RISK_SIGNAL
C000139,Katie,Ruiz,United Arab Emirates,Premium,2,3050.14,3,1,2,1,17.5,35.0,0,0,0,0,35.0,0.5,0.5,0.0,8.12,0.0,0.0,16.44,LOW,NORMAL_CUSTOMER,NO_MAJOR_RISK_SIGNAL
C000140,David,Lowe,Other,Standard,1,3223.48,1,0,1,0,0.0,0.0,0,0,0,0,0.0,0.0,0.0,0.0,0.0,0.0,0.0,0.0,LOW,NORMAL_CUSTOMER,NO_MAJOR_RISK_SIGNAL
C000141,Thomas,Rodriguez,Other,Standard,2,4409.67,2,0,2,0,40.0,40.0,2,0,0,2,40.0,0.0,0.0,1.0,2.5,1.0,79.0,40.45,MEDIUM,NORMAL_CUSTOMER,PERSISTENT_BEHAVIOR | MULTIPLE_PROBLEMATIC_JOURNEYS
C000142,Andrea,Brown,Saudi Arabia,Standard,2,4035.61,4,2,2,2,30.0,30.0,0,0,0,0,30.0,1.0,1.0,0.0,16.25,0.0,0.0,16.88,LOW,NORMAL_CUSTOMER,REPEATED_PAYMENT_FAILURES
C000143,Joseph,Simmons,United Arab Emirates,Standard,3,11440.24,3,0,3,0,0.0,0.0,0,0,0,0,0.0,0.0,0.0,0.0,0.0,0.0,0.0,0.0,LOW,LOYAL_LOW_FRICTION_CUSTOMER,NO_MAJOR_RISK_SIGNAL
C000144,Monique,White,United Arab Emirates,Standard,3,7060.15,5,2,3,2,36.67,45.0,1,0,0,1,45.0,0.67,0.67,0.33,11.67,0.33,30.0,30.5,MEDIUM,NORMAL_CUSTOMER,REPEATED_PAYMENT_FAILURES
C000146,Jason,Watkins,Saudi Arabia,Premium,3,10454.89,3,0,3,0,0.0,0.0,0,0,0,0,0.0,0.0,0.0,0.0,0.0,0.0,0.0,0.0,LOW,LOYAL_LOW_FRICTION_CUSTOMER,NO_MAJOR_RISK_SIGNAL
C000147,Amber,Huff,Pakistan,Standard,2,7282.3,3,1,2,1,35.0,70.0,1,1,0,1,70.0,0.5,0.5,0.5,9.38,0.5,30.0,39.81,MEDIUM,NORMAL_CUSTOMER,HIGH_SEVERITY
C000148,Jessica,Lyons,Pakistan,Standard,2,8844.59,3,1,2,1,37.5,45.0,1,0,0,1,45.0,0.5,0.5,0.5,9.38,0.5,30.0,29.81,MEDIUM,NORMAL_CUSTOMER,NO_MAJOR_RISK_SIGNAL
C000149,James,Jensen,Saudi Arabia,Premium,3,6067.91,6,3,3,3,45.0,65.0,3,1,0,2,65.0,1.0,1.0,1.0,18.75,0.67,65.67,51.33,HIGH,FRICTION_PRONE_CUSTOMER,PERSISTENT_BEHAVIOR | REPEATED_PAYMENT_FAILURES | MULTIPLE_PROBLEMATIC_JOURNEYS
C000151,Wanda,Roth,Other,Standard,1,3678.85,1,0,1,0,0.0,0.0,0,0,0,0,0.0,0.0,0.0,0.0,0.0,0.0,0.0,0.0,LOW,NORMAL_CUSTOMER,NO_MAJOR_RISK_SIGNAL
C000152,Debra,Marquez,Saudi Arabia,Standard,3,7375.33,6,3,3,3,31.67,65.0,2,1,0,1,65.0,1.0,1.0,0.67,17.92,0.33,30.0,40.38,MEDIUM,NORMAL_CUSTOMER,REPEATED_PAYMENT_FAILURES
C000153,Samuel,Lambert,Saudi Arabia,Standard,1,1152.56,1,0,1,0,0.0,0.0,0,0,0,0,0.0,0.0,0.0,0.0,0.0,0.0,0.0,0.0,LOW,NORMAL_CUSTOMER,NO_MAJOR_RISK_SIGNAL
C000154,Zachary,Ferguson,United Arab Emirates,Standard,4,14499.98,5,1,4,1,8.75,35.0,0,0,0,0,35.0,0.25,0.25,0.0,4.06,0.0,0.0,15.22,LOW,LOYAL_LOW_FRICTION_CUSTOMER,NO_MAJOR_RISK_SIGNAL
C000155,David,Beltran,Other,Standard,3,9734.09,3,0,3,0,13.33,40.0,1,0,0,1,40.0,0.0,0.0,0.33,0.83,0.33,30.0,25.25,MEDIUM,LOYAL_LOW_FRICTION_CUSTOMER,NO_MAJOR_RISK_SIGNAL
C000156,Jeffrey,Campos,Saudi Arabia,Standard,3,7193.1,3,0,3,0,30.0,45.0,2,0,0,2,45.0,0.0,0.0,0.67,1.67,0.67,65.67,38.2,MEDIUM,NORMAL_CUSTOMER,PERSISTENT_BEHAVIOR | MULTIPLE_PROBLEMATIC_JOURNEYS
C000157,Matthew,Owens,United Kingdom,VIP,1,4774.29,2,1,1,1,75.0,75.0,1,1,0,1,75.0,1.0,1.0,1.0,18.75,1.0,30.0,44.62,MEDIUM,NORMAL_CUSTOMER,HIGH_SEVERITY
C000159,Jerry,Hess,Saudi Arabia,Standard,2,4576.05,4,2,2,2,32.5,35.0,0,0,0,0,35.0,1.0,1.0,0.0,16.25,0.0,0.0,18.88,LOW,NORMAL_CUSTOMER,REPEATED_PAYMENT_FAILURES
C000160,Jeffrey,Gillespie,United Kingdom,Premium,1,2568.77,1,0,1,0,0.0,0.0,0,0,0,0,0.0,0.0,0.0,0.0,0.0,0.0,0.0,0.0,LOW,NORMAL_CUSTOMER,NO_MAJOR_RISK_SIGNAL
C000161,Chad,Mcdonald,United Arab Emirates,Standard,2,7349.26,3,1,2,1,35.0,40.0,1,0,0,1,40.0,0.5,0.5,0.5,9.38,0.5,30.0,27.81,MEDIUM,NORMAL_CUSTOMER,NO_MAJOR_RISK_SIGNAL
C000162,Crystal,Bryant,Pakistan,Standard,4,15068.61,4,0,4,0,11.25,45.0,1,0,0,1,45.0,0.0,0.0,0.25,0.62,0.25,28.0,26.59,MEDIUM,LOYAL_LOW_FRICTION_CUSTOMER,NO_MAJOR_RISK_SIGNAL
C000163,Jeremy,Cohen,Pakistan,Standard,2,7488.33,2,0,2,0,0.0,0.0,0,0,0,0,0.0,0.0,0.0,0.0,0.0,0.0,0.0,0.0,LOW,NORMAL_CUSTOMER,NO_MAJOR_RISK_SIGNAL
C000164,Rebecca,Mckinney,Pakistan,Standard,1,4912.84,3,2,1,2,100.0,100.0,3,1,1,1,100.0,2.0,2.0,3.0,40.0,1.0,30.0,61.0,HIGH,FRICTION_PRONE_CUSTOMER,HIGH_SEVERITY | REPEATED_PAYMENT_FAILURES | CRITICAL_JOURNEY
C000165,Michele,Marshall,Saudi Arabia,Premium,2,5173.74,5,3,2,3,47.5,65.0,2,1,0,1,65.0,1.5,1.5,1.0,26.88,0.5,30.0,43.06,MEDIUM,NORMAL_CUSTOMER,REPEATED_PAYMENT_FAILURES
C000166,Chad,Hall,United States,Standard,3,5352.37,3,0,3,0,28.33,45.0,2,0,0,2,45.0,0.0,0.0,0.67,1.67,0.67,65.67,38.2,MEDIUM,NORMAL_CUSTOMER,PERSISTENT_BEHAVIOR | MULTIPLE_PROBLEMATIC_JOURNEYS
C000167,John,Walker,United Arab Emirates,Standard,1,1583.2,1,0,1,0,0.0,0.0,0,0,0,0,0.0,0.0,0.0,0.0,0.0,0.0,0.0,0.0,LOW,NORMAL_CUSTOMER,NO_MAJOR_RISK_SIGNAL
C000171,Selena,Myers,United Kingdom,Premium,2,6936.26,2,0,2,0,20.0,40.0,1,0,0,1,40.0,0.0,0.0,0.5,1.25,0.5,30.0,25.38,MEDIUM,NORMAL_CUSTOMER,NO_MAJOR_RISK_SIGNAL
C000172,Ashley,Lyons,Saudi Arabia,VIP,3,11551.03,3,0,3,0,13.33,40.0,1,0,0,1,40.0,0.0,0.0,0.33,0.83,0.33,30.0,25.25,MEDIUM,LOYAL_LOW_FRICTION_CUSTOMER,NO_MAJOR_RISK_SIGNAL
C000173,Thomas,Ortega,Pakistan,Standard,1,1193.9,1,0,1,0,0.0,0.0,0,0,0,0,0.0,0.0,0.0,0.0,0.0,0.0,0.0,0.0,LOW,NORMAL_CUSTOMER,NO_MAJOR_RISK_SIGNAL
C000174,Kristen,Mccormick,Saudi Arabia,Standard,1,2475.51,1,0,1,0,0.0,0.0,0,0,0,0,0.0,0.0,0.0,0.0,0.0,0.0,0.0,0.0,LOW,NORMAL_CUSTOMER,NO_MAJOR_RISK_SIGNAL
C000175,Lindsey,Khan,Pakistan,Standard,1,1732.86,1,0,1,0,0.0,0.0,0,0,0,0,0.0,0.0,0.0,0.0,0.0,0.0,0.0,0.0,LOW,NORMAL_CUSTOMER,NO_MAJOR_RISK_SIGNAL
C000176,James,Chavez,Saudi Arabia,Premium,2,7623.12,2,0,2,0,0.0,0.0,0,0,0,0,0.0,0.0,0.0,0.0,0.0,0.0,0.0,0.0,LOW,NORMAL_CUSTOMER,NO_MAJOR_RISK_SIGNAL
C000177,Collin,Johnson,United Kingdom,Standard,1,1545.34,1,0,1,0,0.0,0.0,0,0,0,0,0.0,0.0,0.0,0.0,0.0,0.0,0.0,0.0,LOW,NORMAL_CUSTOMER,NO_MAJOR_RISK_SIGNAL
C000179,Rodney,Bell,Other,Premium,2,6386.3,3,1,2,1,35.0,70.0,1,1,0,1,70.0,0.5,0.5,0.5,9.38,0.5,30.0,39.81,MEDIUM,NORMAL_CUSTOMER,HIGH_SEVERITY
C000180,Stuart,Murray,Saudi Arabia,Standard,1,1959.22,1,0,1,0,0.0,0.0,0,0,0,0,0.0,0.0,0.0,0.0,0.0,0.0,0.0,0.0,LOW,NORMAL_CUSTOMER,NO_MAJOR_RISK_SIGNAL
C000183,Tracey,Munoz,Other,Standard,2,5043.02,2,0,2,0,20.0,40.0,1,0,0,1,40.0,0.0,0.0,0.5,1.25,0.5,30.0,25.38,MEDIUM,NORMAL_CUSTOMER,NO_MAJOR_RISK_SIGNAL
C000184,Corey,Anderson,Other,Standard,1,1849.84,1,0,1,0,0.0,0.0,0,0,0,0,0.0,0.0,0.0,0.0,0.0,0.0,0.0,0.0,LOW,NORMAL_CUSTOMER,NO_MAJOR_RISK_SIGNAL
C000185,Richard,Garcia,Saudi Arabia,Standard,1,1445.47,3,2,1,2,100.0,100.0,3,1,1,1,100.0,2.0,2.0,3.0,40.0,1.0,30.0,61.0,HIGH,FRICTION_PRONE_CUSTOMER,HIGH_SEVERITY | REPEATED_PAYMENT_FAILURES | CRITICAL_JOURNEY
C000187,Michelle,Robles,United States,Standard,4,10807.23,4,0,4,0,0.0,0.0,0,0,0,0,0.0,0.0,0.0,0.0,0.0,0.0,0.0,0.0,LOW,LOYAL_LOW_FRICTION_CUSTOMER,NO_MAJOR_RISK_SIGNAL
C000188,John,Nguyen,Pakistan,Premium,1,3231.89,2,1,1,1,35.0,35.0,0,0,0,0,35.0,1.0,1.0,0.0,16.25,0.0,0.0,18.88,LOW,NORMAL_CUSTOMER,NO_MAJOR_RISK_SIGNAL
C000190,Shane,Sparks,Saudi Arabia,Premium,2,3511.14,2,0,2,0,0.0,0.0,0,0,0,0,0.0,0.0,0.0,0.0,0.0,0.0,0.0,0.0,LOW,NORMAL_CUSTOMER,NO_MAJOR_RISK_SIGNAL
C000191,Robert,Patel,Saudi Arabia,Standard,2,5527.25,3,1,2,1,37.5,40.0,1,0,0,1,40.0,0.5,0.5,0.5,9.38,0.5,30.0,27.81,MEDIUM,NORMAL_CUSTOMER,NO_MAJOR_RISK_SIGNAL
C000192,Joshua,Morales,Other,Standard,4,7147.36,6,2,4,2,16.25,35.0,0,0,0,0,35.0,0.5,0.5,0.0,8.12,0.0,0.0,16.44,LOW,LOYAL_LOW_FRICTION_CUSTOMER,REPEATED_PAYMENT_FAILURES
C000193,John,Gutierrez,Other,Standard,2,4713.51,2,0,2,0,0.0,0.0,0,0,0,0,0.0,0.0,0.0,0.0,0.0,0.0,0.0,0.0,LOW,NORMAL_CUSTOMER,NO_MAJOR_RISK_SIGNAL
C000194,Sandra,Oliver,Pakistan,Standard,3,9341.57,3,0,3,0,0.0,0.0,0,0,0,0,0.0,0.0,0.0,0.0,0.0,0.0,0.0,0.0,LOW,LOYAL_LOW_FRICTION_CUSTOMER,NO_MAJOR_RISK_SIGNAL
C000195,Scott,Kelley,United Arab Emirates,Standard,3,12308.81,5,2,3,2,36.67,65.0,3,1,0,2,65.0,0.67,0.67,1.0,13.33,0.67,65.67,49.7,HIGH,FRICTION_PRONE_CUSTOMER,PERSISTENT_BEHAVIOR | REPEATED_PAYMENT_FAILURES | MULTIPLE_PROBLEMATIC_JOURNEYS
C000196,Michelle,Dickson,United Arab Emirates,Standard,1,600.65,1,0,1,0,40.0,40.0,1,0,0,1,40.0,0.0,0.0,1.0,2.5,1.0,30.0,25.75,MEDIUM,NORMAL_CUSTOMER,NO_MAJOR_RISK_SIGNAL
C000197,Andrea,Reyes,United Kingdom,Standard,1,1607.91,1,0,1,0,0.0,0.0,0,0,0,0,0.0,0.0,0.0,0.0,0.0,0.0,0.0,0.0,LOW,NORMAL_CUSTOMER,NO_MAJOR_RISK_SIGNAL
C000198,Brent,Peterson,Other,Standard,3,12264.48,3,0,3,0,15.0,45.0,1,0,0,1,45.0,0.0,0.0,0.33,0.83,0.33,30.0,27.25,MEDIUM,LOYAL_LOW_FRICTION_CUSTOMER,NO_MAJOR_RISK_SIGNAL
C000199,Yvette,Cervantes,Other,VIP,1,1625.6,1,0,1,0,40.0,40.0,1,0,0,1,40.0,0.0,0.0,1.0,2.5,1.0,30.0,25.75,MEDIUM,NORMAL_CUSTOMER,NO_MAJOR_RISK_SIGNAL
C000200,Mary,Garza,United States,Standard,1,591.04,1,0,1,0,45.0,45.0,1,0,0,1,45.0,0.0,0.0,1.0,2.5,1.0,30.0,27.75,MEDIUM,NORMAL_CUSTOMER,NO_MAJOR_RISK_SIGNAL
C000201,Tanya,Mueller,Pakistan,Standard,2,6609.73,2,0,2,0,20.0,40.0,1,0,0,1,40.0,0.0,0.0,0.5,1.25,0.5,30.0,25.38,MEDIUM,NORMAL_CUSTOMER,NO_MAJOR_RISK_SIGNAL
C000202,Sara,Graham,Saudi Arabia,Standard,3,4336.67,6,3,3,3,45.0,65.0,3,1,0,2,65.0,1.0,1.0,1.0,18.75,0.67,65.67,51.33,HIGH,FRICTION_PRONE_CUSTOMER,PERSISTENT_BEHAVIOR | REPEATED_PAYMENT_FAILURES | MULTIPLE_PROBLEMATIC_JOURNEYS
C000203,Melinda,Cobb,Saudi Arabia,Standard,1,2921.1,1,0,1,0,0.0,0.0,0,0,0,0,0.0,0.0,0.0,0.0,0.0,0.0,0.0,0.0,LOW,NORMAL_CUSTOMER,NO_MAJOR_RISK_SIGNAL
C000204,Gabriel,Stephens,Other,Premium,2,6371.06,3,1,2,1,17.5,35.0,0,0,0,0,35.0,0.5,0.5,0.0,8.12,0.0,0.0,16.44,LOW,NORMAL_CUSTOMER,NO_MAJOR_RISK_SIGNAL
C000205,Todd,Young,Pakistan,Standard,2,4785.83,2,0,2,0,22.5,45.0,1,0,0,1,45.0,0.0,0.0,0.5,1.25,0.5,30.0,27.38,MEDIUM,NORMAL_CUSTOMER,NO_MAJOR_RISK_SIGNAL
C000206,Jason,Bates,Saudi Arabia,Standard,2,5252.76,2,0,2,0,0.0,0.0,0,0,0,0,0.0,0.0,0.0,0.0,0.0,0.0,0.0,0.0,LOW,NORMAL_CUSTOMER,NO_MAJOR_RISK_SIGNAL
C000207,Richard,Miller,Saudi Arabia,Standard,2,4373.52,2,0,2,0,42.5,45.0,2,0,0,2,45.0,0.0,0.0,1.0,2.5,1.0,79.0,42.45,MEDIUM,NORMAL_CUSTOMER,PERSISTENT_BEHAVIOR | MULTIPLE_PROBLEMATIC_JOURNEYS
C000208,Brian,Galvan,United Kingdom,Premium,4,16527.76,5,1,4,1,7.5,30.0,0,0,0,0,30.0,0.25,0.25,0.0,4.06,0.0,0.0,13.22,LOW,LOYAL_LOW_FRICTION_CUSTOMER,NO_MAJOR_RISK_SIGNAL
C000209,Nicholas,Andrews,Saudi Arabia,Standard,1,3159.13,1,0,1,0,0.0,0.0,0,0,0,0,0.0,0.0,0.0,0.0,0.0,0.0,0.0,0.0,LOW,NORMAL_CUSTOMER,NO_MAJOR_RISK_SIGNAL
C000210,Tricia,Tucker,Saudi Arabia,Standard,2,2608.61,2,0,2,0,0.0,0.0,0,0,0,0,0.0,0.0,0.0,0.0,0.0,0.0,0.0,0.0,LOW,NORMAL_CUSTOMER,NO_MAJOR_RISK_SIGNAL
C000212,Kristen,Ford,United Kingdom,Standard,1,3216.33,1,0,1,0,0.0,0.0,0,0,0,0,0.0,0.0,0.0,0.0,0.0,0.0,0.0,0.0,LOW,NORMAL_CUSTOMER,NO_MAJOR_RISK_SIGNAL
C000213,Spencer,Peters,United Kingdom,Standard,1,4773.36,2,1,1,1,35.0,35.0,0,0,0,0,35.0,1.0,1.0,0.0,16.25,0.0,0.0,18.88,LOW,NORMAL_CUSTOMER,NO_MAJOR_RISK_SIGNAL
C000214,Rodney,Short,Saudi Arabia,Premium,2,6034.37,2,0,2,0,0.0,0.0,0,0,0,0,0.0,0.0,0.0,0.0,0.0,0.0,0.0,0.0,LOW,NORMAL_CUSTOMER,NO_MAJOR_RISK_SIGNAL
C000216,Wendy,Blanchard,Saudi Arabia,Standard,3,9863.71,3,0,3,0,13.33,40.0,1,0,0,1,40.0,0.0,0.0,0.33,0.83,0.33,30.0,25.25,MEDIUM,LOYAL_LOW_FRICTION_CUSTOMER,NO_MAJOR_RISK_SIGNAL
C000220,Kenneth,Wise,United States,Standard,3,7345.24,4,1,3,1,10.0,30.0,0,0,0,0,30.0,0.33,0.33,0.0,5.42,0.0,0.0,13.63,LOW,LOYAL_LOW_FRICTION_CUSTOMER,NO_MAJOR_RISK_SIGNAL
C000221,Tanya,Gray,United Kingdom,Standard,2,5599.13,2,0,2,0,0.0,0.0,0,0,0,0,0.0,0.0,0.0,0.0,0.0,0.0,0.0,0.0,LOW,NORMAL_CUSTOMER,NO_MAJOR_RISK_SIGNAL
C000223,Amy,Keller,Saudi Arabia,Standard,1,3391.58,1,0,1,0,0.0,0.0,0,0,0,0,0.0,0.0,0.0,0.0,0.0,0.0,0.0,0.0,LOW,NORMAL_CUSTOMER,NO_MAJOR_RISK_SIGNAL
C000224,Julie,Davis,United Arab Emirates,Premium,4,17973.9,4,0,4,0,0.0,0.0,0,0,0,0,0.0,0.0,0.0,0.0,0.0,0.0,0.0,0.0,LOW,LOYAL_LOW_FRICTION_CUSTOMER,NO_MAJOR_RISK_SIGNAL
C000225,Brian,Montoya,Saudi Arabia,Standard,3,3315.27,3,0,3,0,15.0,45.0,1,0,0,1,45.0,0.0,0.0,0.33,0.83,0.33,30.0,27.25,MEDIUM,LOYAL_LOW_FRICTION_CUSTOMER,NO_MAJOR_RISK_SIGNAL
C000226,Breanna,Clay,Saudi Arabia,Standard,5,13313.98,6,1,5,1,14.0,70.0,1,1,0,1,70.0,0.2,0.2,0.2,3.75,0.2,26.0,36.92,MEDIUM,LOYAL_LOW_FRICTION_CUSTOMER,HIGH_SEVERITY
C000227,Wesley,Berger,Other,Standard,5,17905.28,5,0,5,0,8.0,40.0,1,0,0,1,40.0,0.0,0.0,0.2,0.5,0.2,26.0,23.95,LOW,LOYAL_LOW_FRICTION_CUSTOMER,NO_MAJOR_RISK_SIGNAL
C000229,Eric,Smith,Other,Standard,2,5720.73,2,0,2,0,0.0,0.0,0,0,0,0,0.0,0.0,0.0,0.0,0.0,0.0,0.0,0.0,LOW,NORMAL_CUSTOMER,NO_MAJOR_RISK_SIGNAL
C000230,Susan,Thomas,Pakistan,Premium,1,3861.66,1,0,1,0,0.0,0.0,0,0,0,0,0.0,0.0,0.0,0.0,0.0,0.0,0.0,0.0,LOW,NORMAL_CUSTOMER,NO_MAJOR_RISK_SIGNAL
C000232,Jacob,Schmidt,Pakistan,Standard,1,2888.87,1,0,1,0,0.0,0.0,0,0,0,0,0.0,0.0,0.0,0.0,0.0,0.0,0.0,0.0,LOW,NORMAL_CUSTOMER,NO_MAJOR_RISK_SIGNAL
C000233,Brooke,Price,Pakistan,Standard,3,7859.87,3,0,3,0,26.67,40.0,2,0,0,2,40.0,0.0,0.0,0.67,1.67,0.67,65.67,36.2,MEDIUM,NORMAL_CUSTOMER,PERSISTENT_BEHAVIOR | MULTIPLE_PROBLEMATIC_JOURNEYS
C000234,Emma,Lane,United Arab Emirates,Premium,1,3994.62,1,0,1,0,0.0,0.0,0,0,0,0,0.0,0.0,0.0,0.0,0.0,0.0,0.0,0.0,LOW,NORMAL_CUSTOMER,NO_MAJOR_RISK_SIGNAL
C000235,Joe,Gonzalez,Saudi Arabia,Standard,2,7603.7,3,1,2,1,40.0,80.0,1,1,1,1,80.0,0.5,0.5,0.5,9.38,0.5,30.0,43.81,MEDIUM,NORMAL_CUSTOMER,HIGH_SEVERITY | CRITICAL_JOURNEY
C000236,David,Maldonado,United Kingdom,Standard,4,11780.86,4,0,4,0,21.25,45.0,2,0,0,2,45.0,0.0,0.0,0.5,1.25,0.5,59.0,36.08,MEDIUM,NORMAL_CUSTOMER,PERSISTENT_BEHAVIOR | MULTIPLE_PROBLEMATIC_JOURNEYS
C000237,Pamela,Stewart,Saudi Arabia,Standard,3,11809.93,3,0,3,0,28.33,45.0,2,0,0,2,45.0,0.0,0.0,0.67,1.67,0.67,65.67,38.2,MEDIUM,NORMAL_CUSTOMER,PERSISTENT_BEHAVIOR | MULTIPLE_PROBLEMATIC_JOURNEYS
C000238,John,Hudson,Saudi Arabia,Premium,3,8539.57,5,2,3,2,50.0,65.0,4,1,0,3,65.0,0.67,0.67,1.33,14.17,1.0,91.0,57.55,HIGH,FRICTION_PRONE_CUSTOMER,PERSISTENT_BEHAVIOR | REPEATED_PAYMENT_FAILURES | MULTIPLE_PROBLEMATIC_JOURNEYS
C000239,Brooke,Gentry,Pakistan,Standard,2,8537.05,3,1,2,1,15.0,30.0,0,0,0,0,30.0,0.5,0.5,0.0,8.12,0.0,0.0,14.44,LOW,NORMAL_CUSTOMER,NO_MAJOR_RISK_SIGNAL
C000241,Robert,Harding,Other,Standard,2,4002.88,2,0,2,0,42.5,45.0,2,0,0,2,45.0,0.0,0.0,1.0,2.5,1.0,79.0,42.45,MEDIUM,NORMAL_CUSTOMER,PERSISTENT_BEHAVIOR | MULTIPLE_PROBLEMATIC_JOURNEYS
C000242,Brandy,Graham,Other,Standard,5,12249.11,5,0,5,0,16.0,40.0,2,0,0,2,40.0,0.0,0.0,0.4,1.0,0.4,55.0,32.8,MEDIUM,NORMAL_CUSTOMER,PERSISTENT_BEHAVIOR | MULTIPLE_PROBLEMATIC_JOURNEYS
C000243,Alexandra,Haas,Other,Standard,3,7456.28,3,0,3,0,0.0,0.0,0,0,0,0,0.0,0.0,0.0,0.0,0.0,0.0,0.0,0.0,LOW,LOYAL_LOW_FRICTION_CUSTOMER,NO_MAJOR_RISK_SIGNAL
C000244,Sarah,Cooper,United Arab Emirates,Standard,2,3410.09,3,1,2,1,35.0,70.0,1,1,0,1,70.0,0.5,0.5,0.5,9.38,0.5,30.0,39.81,MEDIUM,NORMAL_CUSTOMER,HIGH_SEVERITY
C000245,James,Davis,Saudi Arabia,Premium,3,3497.73,3,0,3,0,28.33,45.0,2,0,0,2,45.0,0.0,0.0,0.67,1.67,0.67,65.67,38.2,MEDIUM,NORMAL_CUSTOMER,PERSISTENT_BEHAVIOR | MULTIPLE_PROBLEMATIC_JOURNEYS
C000247,John,Downs,United Arab Emirates,Premium,2,4014.91,3,1,2,1,57.5,75.0,2,1,0,2,75.0,0.5,0.5,1.0,10.62,1.0,79.0,56.89,HIGH,FRICTION_PRONE_CUSTOMER,HIGH_SEVERITY | PERSISTENT_BEHAVIOR | MULTIPLE_PROBLEMATIC_JOURNEYS
C000250,Kevin,Phillips,Other,Standard,3,5419.38,5,2,3,2,21.67,35.0,0,0,0,0,35.0,0.67,0.67,0.0,10.83,0.0,0.0,17.25,LOW,LOYAL_LOW_FRICTION_CUSTOMER,REPEATED_PAYMENT_FAILURES
C000251,Leslie,Wood,Saudi Arabia,Standard,4,9736.81,5,1,4,1,7.5,30.0,0,0,0,0,30.0,0.25,0.25,0.0,4.06,0.0,0.0,13.22,LOW,LOYAL_LOW_FRICTION_CUSTOMER,NO_MAJOR_RISK_SIGNAL
C000254,Stephen,Warner,United Arab Emirates,VIP,4,13098.95,4,0,4,0,20.0,40.0,2,0,0,2,40.0,0.0,0.0,0.5,1.25,0.5,59.0,34.08,MEDIUM,NORMAL_CUSTOMER,PERSISTENT_BEHAVIOR | MULTIPLE_PROBLEMATIC_JOURNEYS
C000255,Yolanda,Hoover,Saudi Arabia,Standard,2,2558.64,3,1,2,1,35.0,70.0,1,1,0,1,70.0,0.5,0.5,0.5,9.38,0.5,30.0,39.81,MEDIUM,NORMAL_CUSTOMER,HIGH_SEVERITY
C000256,Wendy,Howard,Pakistan,VIP,2,6042.98,2,0,2,0,0.0,0.0,0,0,0,0,0.0,0.0,0.0,0.0,0.0,0.0,0.0,0.0,LOW,NORMAL_CUSTOMER,NO_MAJOR_RISK_SIGNAL
C000257,Charles,Callahan,Other,Standard,2,5986.53,4,2,2,2,32.5,65.0,2,1,0,1,65.0,1.0,1.0,1.0,18.75,0.5,30.0,40.62,MEDIUM,NORMAL_CUSTOMER,REPEATED_PAYMENT_FAILURES
C000258,Jason,Glenn,United Kingdom,Standard,1,1828.77,3,2,1,2,100.0,100.0,3,1,1,1,100.0,2.0,2.0,3.0,40.0,1.0,30.0,61.0,HIGH,FRICTION_PRONE_CUSTOMER,HIGH_SEVERITY | REPEATED_PAYMENT_FAILURES | CRITICAL_JOURNEY
C000259,Joseph,Young,Pakistan,Premium,2,7318.91,2,0,2,0,0.0,0.0,0,0,0,0,0.0,0.0,0.0,0.0,0.0,0.0,0.0,0.0,LOW,NORMAL_CUSTOMER,NO_MAJOR_RISK_SIGNAL
C000261,Nicole,Long,Pakistan,Standard,1,1413.63,1,0,1,0,0.0,0.0,0,0,0,0,0.0,0.0,0.0,0.0,0.0,0.0,0.0,0.0,LOW,NORMAL_CUSTOMER,NO_MAJOR_RISK_SIGNAL
C000262,Natasha,Flores,Other,Premium,2,3845.98,4,2,2,2,32.5,65.0,2,1,0,1,65.0,1.0,1.0,1.0,18.75,0.5,30.0,40.62,MEDIUM,NORMAL_CUSTOMER,REPEATED_PAYMENT_FAILURES
C000263,Mike,Reyes,Saudi Arabia,Premium,2,3665.69,2,0,2,0,0.0,0.0,0,0,0,0,0.0,0.0,0.0,0.0,0.0,0.0,0.0,0.0,LOW,NORMAL_CUSTOMER,NO_MAJOR_RISK_SIGNAL
C000265,Martha,Gardner,Other,Standard,4,13717.38,4,0,4,0,21.25,45.0,2,0,0,2,45.0,0.0,0.0,0.5,1.25,0.5,59.0,36.08,MEDIUM,NORMAL_CUSTOMER,PERSISTENT_BEHAVIOR | MULTIPLE_PROBLEMATIC_JOURNEYS
C000267,Cheryl,Wells,United Kingdom,Standard,2,4516.78,2,0,2,0,20.0,40.0,1,0,0,1,40.0,0.0,0.0,0.5,1.25,0.5,30.0,25.38,MEDIUM,NORMAL_CUSTOMER,NO_MAJOR_RISK_SIGNAL
C000269,Destiny,Cruz,United Arab Emirates,Standard,1,2530.45,1,0,1,0,0.0,0.0,0,0,0,0,0.0,0.0,0.0,0.0,0.0,0.0,0.0,0.0,LOW,NORMAL_CUSTOMER,NO_MAJOR_RISK_SIGNAL
C000270,Alan,Middleton,Saudi Arabia,Standard,4,8736.23,6,2,4,2,38.75,65.0,4,1,0,3,65.0,0.5,0.5,1.0,10.62,0.75,81.0,53.49,HIGH,FRICTION_PRONE_CUSTOMER,PERSISTENT_BEHAVIOR | REPEATED_PAYMENT_FAILURES | MULTIPLE_PROBLEMATIC_JOURNEYS
C000271,Lisa,Larsen,United States,Standard,3,6385.76,4,1,3,1,40.0,75.0,2,1,0,2,75.0,0.33,0.33,0.67,7.08,0.67,65.67,51.82,HIGH,FRICTION_PRONE_CUSTOMER,HIGH_SEVERITY | PERSISTENT_BEHAVIOR | MULTIPLE_PROBLEMATIC_JOURNEYS
C000272,Kevin,Moore,United States,Standard,3,8246.17,3,0,3,0,13.33,40.0,1,0,0,1,40.0,0.0,0.0,0.33,0.83,0.33,30.0,25.25,MEDIUM,LOYAL_LOW_FRICTION_CUSTOMER,NO_MAJOR_RISK_SIGNAL
C000273,Elizabeth,Bright,Other,Standard,2,2880.92,4,2,2,2,32.5,65.0,2,1,0,1,65.0,1.0,1.0,1.0,18.75,0.5,30.0,40.62,MEDIUM,NORMAL_CUSTOMER,REPEATED_PAYMENT_FAILURES
C000274,Sheila,Santiago,Other,Standard,3,6031.21,3,0,3,0,0.0,0.0,0,0,0,0,0.0,0.0,0.0,0.0,0.0,0.0,0.0,0.0,LOW,LOYAL_LOW_FRICTION_CUSTOMER,NO_MAJOR_RISK_SIGNAL
C000276,Darrell,Jones,Pakistan,Standard,2,2623.33,4,2,2,2,32.5,35.0,0,0,0,0,35.0,1.0,1.0,0.0,16.25,0.0,0.0,18.88,LOW,NORMAL_CUSTOMER,REPEATED_PAYMENT_FAILURES
C000277,Daniel,Smith,United States,VIP,2,8345.88,2,0,2,0,0.0,0.0,0,0,0,0,0.0,0.0,0.0,0.0,0.0,0.0,0.0,0.0,LOW,NORMAL_CUSTOMER,NO_MAJOR_RISK_SIGNAL
C000278,Angela,Griffith,Pakistan,Standard,5,15769.57,7,2,5,2,28.0,40.0,2,0,0,2,40.0,0.4,0.4,0.4,7.5,0.4,55.0,34.75,MEDIUM,NORMAL_CUSTOMER,PERSISTENT_BEHAVIOR | REPEATED_PAYMENT_FAILURES | MULTIPLE_PROBLEMATIC_JOURNEYS
C000279,Joseph,Tucker,United Kingdom,Standard,1,1703.43,1,0,1,0,0.0,0.0,0,0,0,0,0.0,0.0,0.0,0.0,0.0,0.0,0.0,0.0,LOW,NORMAL_CUSTOMER,NO_MAJOR_RISK_SIGNAL
C000280,Cassandra,Kim,United States,Standard,1,1041.79,1,0,1,0,45.0,45.0,1,0,0,1,45.0,0.0,0.0,1.0,2.5,1.0,30.0,27.75,MEDIUM,NORMAL_CUSTOMER,NO_MAJOR_RISK_SIGNAL
C000281,Jennifer,Branch,Other,Standard,2,5285.18,2,0,2,0,0.0,0.0,0,0,0,0,0.0,0.0,0.0,0.0,0.0,0.0,0.0,0.0,LOW,NORMAL_CUSTOMER,NO_MAJOR_RISK_SIGNAL
C000282,James,Miller,United Arab Emirates,Standard,1,3418.54,1,0,1,0,0.0,0.0,0,0,0,0,0.0,0.0,0.0,0.0,0.0,0.0,0.0,0.0,LOW,NORMAL_CUSTOMER,NO_MAJOR_RISK_SIGNAL
C000283,Cynthia,May,United Arab Emirates,Premium,3,8712.46,4,1,3,1,11.67,35.0,0,0,0,0,35.0,0.33,0.33,0.0,5.42,0.0,0.0,15.63,LOW,LOYAL_LOW_FRICTION_CUSTOMER,NO_MAJOR_RISK_SIGNAL
C000284,Joseph,Perry,Saudi Arabia,Standard,3,4680.7,3,0,3,0,0.0,0.0,0,0,0,0,0.0,0.0,0.0,0.0,0.0,0.0,0.0,0.0,LOW,LOYAL_LOW_FRICTION_CUSTOMER,NO_MAJOR_RISK_SIGNAL
C000285,Tracy,Bryant,Pakistan,VIP,2,4301.73,3,1,2,1,37.5,75.0,1,1,0,1,75.0,0.5,0.5,0.5,9.38,0.5,30.0,41.81,MEDIUM,NORMAL_CUSTOMER,HIGH_SEVERITY
C000286,Rebecca,Mccormick,Saudi Arabia,Standard,3,11957.26,4,1,3,1,25.0,45.0,1,0,0,1,45.0,0.33,0.33,0.33,6.25,0.33,30.0,28.88,MEDIUM,LOYAL_LOW_FRICTION_CUSTOMER,NO_MAJOR_RISK_SIGNAL
C000288,Christopher,Simmons,Pakistan,Premium,2,8638.27,3,1,2,1,37.5,45.0,1,0,0,1,45.0,0.5,0.5,0.5,9.38,0.5,30.0,29.81,MEDIUM,NORMAL_CUSTOMER,NO_MAJOR_RISK_SIGNAL
C000290,Joshua,Hicks,Pakistan,Standard,1,2108.51,1,0,1,0,0.0,0.0,0,0,0,0,0.0,0.0,0.0,0.0,0.0,0.0,0.0,0.0,LOW,NORMAL_CUSTOMER,NO_MAJOR_RISK_SIGNAL
C000295,Joyce,Jacobs,Saudi Arabia,Standard,4,7867.67,4,0,4,0,10.0,40.0,1,0,0,1,40.0,0.0,0.0,0.25,0.62,0.25,28.0,24.59,MEDIUM,LOYAL_LOW_FRICTION_CUSTOMER,NO_MAJOR_RISK_SIGNAL
C000297,Ronald,Bradford,United States,VIP,2,6885.72,4,2,2,2,32.5,65.0,2,1,0,1,65.0,1.0,1.0,1.0,18.75,0.5,30.0,40.62,MEDIUM,NORMAL_CUSTOMER,REPEATED_PAYMENT_FAILURES
C000298,Alec,Young,Saudi Arabia,Standard,1,3298.28,2,1,1,1,35.0,35.0,0,0,0,0,35.0,1.0,1.0,0.0,16.25,0.0,0.0,18.88,LOW,NORMAL_CUSTOMER,NO_MAJOR_RISK_SIGNAL
C000299,Charles,Shaw,Pakistan,Premium,3,5798.55,3,0,3,0,0.0,0.0,0,0,0,0,0.0,0.0,0.0,0.0,0.0,0.0,0.0,0.0,LOW,LOYAL_LOW_FRICTION_CUSTOMER,NO_MAJOR_RISK_SIGNAL
C000300,Nicole,Jenkins,Saudi Arabia,Standard,1,2216.84,1,0,1,0,45.0,45.0,1,0,0,1,45.0,0.0,0.0,1.0,2.5,1.0,30.0,27.75,MEDIUM,NORMAL_CUSTOMER,NO_MAJOR_RISK_SIGNAL
C000301,Rebecca,Payne,Saudi Arabia,Standard,1,1164.55,2,1,1,1,30.0,30.0,0,0,0,0,30.0,1.0,1.0,0.0,16.25,0.0,0.0,16.88,LOW,NORMAL_CUSTOMER,NO_MAJOR_RISK_SIGNAL
C000302,Amy,Richardson,Pakistan,Standard,2,4253.82,5,3,2,3,47.5,65.0,2,1,0,1,65.0,1.5,1.5,1.0,26.88,0.5,30.0,43.06,MEDIUM,NORMAL_CUSTOMER,REPEATED_PAYMENT_FAILURES
C000303,Mary,Good,Pakistan,Premium,2,5779.32,3,1,2,1,15.0,30.0,0,0,0,0,30.0,0.5,0.5,0.0,8.12,0.0,0.0,14.44,LOW,NORMAL_CUSTOMER,NO_MAJOR_RISK_SIGNAL
C000306,David,Wilson,Other,Standard,3,7649.7,3,0,3,0,0.0,0.0,0,0,0,0,0.0,0.0,0.0,0.0,0.0,0.0,0.0,0.0,LOW,LOYAL_LOW_FRICTION_CUSTOMER,NO_MAJOR_RISK_SIGNAL
C000307,Kyle,Olson,Pakistan,Standard,2,6575.59,2,0,2,0,0.0,0.0,0,0,0,0,0.0,0.0,0.0,0.0,0.0,0.0,0.0,0.0,LOW,NORMAL_CUSTOMER,NO_MAJOR_RISK_SIGNAL
C000308,Rachel,Vaughn,United Arab Emirates,Standard,2,2985.69,4,2,2,2,32.5,35.0,0,0,0,0,35.0,1.0,1.0,0.0,16.25,0.0,0.0,18.88,LOW,NORMAL_CUSTOMER,REPEATED_PAYMENT_FAILURES
C000309,Laura,Thomas,United States,Premium,1,4768.37,1,0,1,0,0.0,0.0,0,0,0,0,0.0,0.0,0.0,0.0,0.0,0.0,0.0,0.0,LOW,NORMAL_CUSTOMER,NO_MAJOR_RISK_SIGNAL
C000310,Michelle,Simon,Saudi Arabia,Standard,2,5290.92,3,1,2,1,37.5,40.0,1,0,0,1,40.0,0.5,0.5,0.5,9.38,0.5,30.0,27.81,MEDIUM,NORMAL_CUSTOMER,NO_MAJOR_RISK_SIGNAL
C000311,Rachel,Terrell,United Arab Emirates,Standard,2,4706.88,2,0,2,0,20.0,40.0,1,0,0,1,40.0,0.0,0.0,0.5,1.25,0.5,30.0,25.38,MEDIUM,NORMAL_CUSTOMER,NO_MAJOR_RISK_SIGNAL
C000312,Jason,Terrell,Saudi Arabia,Premium,1,2588.5,1,0,1,0,0.0,0.0,0,0,0,0,0.0,0.0,0.0,0.0,0.0,0.0,0.0,0.0,LOW,NORMAL_CUSTOMER,NO_MAJOR_RISK_SIGNAL
C000313,John,Maxwell,Saudi Arabia,Premium,2,1793.15,2,0,2,0,20.0,40.0,1,0,0,1,40.0,0.0,0.0,0.5,1.25,0.5,30.0,25.38,MEDIUM,NORMAL_CUSTOMER,NO_MAJOR_RISK_SIGNAL
C000314,Curtis,Marshall,Other,Standard,2,8593.41,2,0,2,0,0.0,0.0,0,0,0,0,0.0,0.0,0.0,0.0,0.0,0.0,0.0,0.0,LOW,NORMAL_CUSTOMER,NO_MAJOR_RISK_SIGNAL
C000315,Kimberly,Miller,United States,Standard,2,6882.56,2,0,2,0,0.0,0.0,0,0,0,0,0.0,0.0,0.0,0.0,0.0,0.0,0.0,0.0,LOW,NORMAL_CUSTOMER,NO_MAJOR_RISK_SIGNAL
C000317,Richard,Davis,United Arab Emirates,Premium,1,3745.49,1,0,1,0,0.0,0.0,0,0,0,0,0.0,0.0,0.0,0.0,0.0,0.0,0.0,0.0,LOW,NORMAL_CUSTOMER,NO_MAJOR_RISK_SIGNAL
C000318,Christine,Kennedy,Saudi Arabia,Standard,2,3735.72,2,0,2,0,0.0,0.0,0,0,0,0,0.0,0.0,0.0,0.0,0.0,0.0,0.0,0.0,LOW,NORMAL_CUSTOMER,NO_MAJOR_RISK_SIGNAL
C000320,Sarah,Horne,Saudi Arabia,Standard,1,3021.37,1,0,1,0,0.0,0.0,0,0,0,0,0.0,0.0,0.0,0.0,0.0,0.0,0.0,0.0,LOW,NORMAL_CUSTOMER,NO_MAJOR_RISK_SIGNAL
C000321,Michelle,Miller,Pakistan,Standard,3,10461.17,3,0,3,0,13.33,40.0,1,0,0,1,40.0,0.0,0.0,0.33,0.83,0.33,30.0,25.25,MEDIUM,LOYAL_LOW_FRICTION_CUSTOMER,NO_MAJOR_RISK_SIGNAL
C000323,Lisa,Yates,United Kingdom,Standard,1,4402.45,1,0,1,0,0.0,0.0,0,0,0,0,0.0,0.0,0.0,0.0,0.0,0.0,0.0,0.0,LOW,NORMAL_CUSTOMER,NO_MAJOR_RISK_SIGNAL
C000325,Angel,Brown,Other,Premium,2,6258.99,3,1,2,1,15.0,30.0,0,0,0,0,30.0,0.5,0.5,0.0,8.12,0.0,0.0,14.44,LOW,NORMAL_CUSTOMER,NO_MAJOR_RISK_SIGNAL
C000326,Jill,Cooper,United Kingdom,Standard,1,573.83,1,0,1,0,40.0,40.0,1,0,0,1,40.0,0.0,0.0,1.0,2.5,1.0,30.0,25.75,MEDIUM,NORMAL_CUSTOMER,NO_MAJOR_RISK_SIGNAL
C000327,Martin,Osborne,Pakistan,Standard,1,3820.25,2,1,1,1,30.0,30.0,0,0,0,0,30.0,1.0,1.0,0.0,16.25,0.0,0.0,16.88,LOW,NORMAL_CUSTOMER,NO_MAJOR_RISK_SIGNAL
C000328,Sarah,Harrison,Pakistan,VIP,2,4534.17,4,2,2,2,52.5,65.0,3,1,0,2,65.0,1.0,1.0,1.5,20.0,1.0,79.0,55.7,HIGH,FRICTION_PRONE_CUSTOMER,PERSISTENT_BEHAVIOR | REPEATED_PAYMENT_FAILURES | MULTIPLE_PROBLEMATIC_JOURNEYS
C000329,Leah,Hunt,United Arab Emirates,Standard,2,6558.37,2,0,2,0,0.0,0.0,0,0,0,0,0.0,0.0,0.0,0.0,0.0,0.0,0.0,0.0,LOW,NORMAL_CUSTOMER,NO_MAJOR_RISK_SIGNAL
C000330,Michelle,Harrison,Saudi Arabia,Standard,2,6713.06,3,1,2,1,62.5,80.0,2,1,1,2,80.0,0.5,0.5,1.0,10.62,1.0,79.0,58.89,HIGH,FRICTION_PRONE_CUSTOMER,HIGH_SEVERITY | PERSISTENT_BEHAVIOR | MULTIPLE_PROBLEMATIC_JOURNEYS | CRITICAL_JOURNEY
C000332,Joseph,Fisher,United States,Standard,2,5581.88,2,0,2,0,20.0,40.0,1,0,0,1,40.0,0.0,0.0,0.5,1.25,0.5,30.0,25.38,MEDIUM,NORMAL_CUSTOMER,NO_MAJOR_RISK_SIGNAL
C000333,Kristin,Yu,Saudi Arabia,Premium,1,1423.38,1,0,1,0,45.0,45.0,1,0,0,1,45.0,0.0,0.0,1.0,2.5,1.0,30.0,27.75,MEDIUM,NORMAL_CUSTOMER,NO_MAJOR_RISK_SIGNAL
C000335,Monica,Roberts,Saudi Arabia,Standard,1,2776.53,1,0,1,0,45.0,45.0,1,0,0,1,45.0,0.0,0.0,1.0,2.5,1.0,30.0,27.75,MEDIUM,NORMAL_CUSTOMER,NO_MAJOR_RISK_SIGNAL
C000336,Michele,Johnson,Saudi Arabia,Premium,1,1588.16,1,0,1,0,0.0,0.0,0,0,0,0,0.0,0.0,0.0,0.0,0.0,0.0,0.0,0.0,LOW,NORMAL_CUSTOMER,NO_MAJOR_RISK_SIGNAL
C000337,Jeffrey,Livingston,Other,Standard,1,2164.43,1,0,1,0,0.0,0.0,0,0,0,0,0.0,0.0,0.0,0.0,0.0,0.0,0.0,0.0,LOW,NORMAL_CUSTOMER,NO_MAJOR_RISK_SIGNAL
C000338,Lisa,Curry,United Kingdom,Premium,2,6156.16,2,0,2,0,0.0,0.0,0,0,0,0,0.0,0.0,0.0,0.0,0.0,0.0,0.0,0.0,LOW,NORMAL_CUSTOMER,NO_MAJOR_RISK_SIGNAL
C000339,Steven,Acosta,United Arab Emirates,Standard,1,912.0,1,0,1,0,40.0,40.0,1,0,0,1,40.0,0.0,0.0,1.0,2.5,1.0,30.0,25.75,MEDIUM,NORMAL_CUSTOMER,NO_MAJOR_RISK_SIGNAL
C000340,Kevin,Elliott,Saudi Arabia,Standard,1,1909.76,1,0,1,0,0.0,0.0,0,0,0,0,0.0,0.0,0.0,0.0,0.0,0.0,0.0,0.0,LOW,NORMAL_CUSTOMER,NO_MAJOR_RISK_SIGNAL
C000341,Laura,Brown,United Arab Emirates,Premium,5,17146.11,8,3,5,3,27.0,65.0,3,1,0,2,65.0,0.6,0.6,0.6,11.25,0.4,55.0,45.88,MEDIUM,NORMAL_CUSTOMER,PERSISTENT_BEHAVIOR | REPEATED_PAYMENT_FAILURES | MULTIPLE_PROBLEMATIC_JOURNEYS
C000342,Jeremy,Kennedy,United Arab Emirates,Standard,4,15194.94,5,1,4,1,38.75,75.0,3,1,0,3,75.0,0.25,0.25,0.75,5.94,0.75,81.0,56.08,HIGH,FRICTION_PRONE_CUSTOMER,HIGH_SEVERITY | PERSISTENT_BEHAVIOR | MULTIPLE_PROBLEMATIC_JOURNEYS
C000343,Andrew,Jackson,Saudi Arabia,Standard,3,11053.49,3,0,3,0,0.0,0.0,0,0,0,0,0.0,0.0,0.0,0.0,0.0,0.0,0.0,0.0,LOW,LOYAL_LOW_FRICTION_CUSTOMER,NO_MAJOR_RISK_SIGNAL
C000344,James,Williams,United Arab Emirates,Standard,3,8377.79,4,1,3,1,11.67,35.0,0,0,0,0,35.0,0.33,0.33,0.0,5.42,0.0,0.0,15.63,LOW,LOYAL_LOW_FRICTION_CUSTOMER,NO_MAJOR_RISK_SIGNAL
C000345,Mark,Mooney,United Arab Emirates,Standard,2,6165.31,2,0,2,0,20.0,40.0,1,0,0,1,40.0,0.0,0.0,0.5,1.25,0.5,30.0,25.38,MEDIUM,NORMAL_CUSTOMER,NO_MAJOR_RISK_SIGNAL
C000346,Michelle,Lamb,Pakistan,Premium,1,4551.85,3,2,1,2,65.0,65.0,2,1,0,1,65.0,2.0,2.0,2.0,37.5,1.0,30.0,46.25,MEDIUM,NORMAL_CUSTOMER,REPEATED_PAYMENT_FAILURES
C000348,Joshua,Mitchell,Saudi Arabia,Standard,1,4454.92,1,0,1,0,0.0,0.0,0,0,0,0,0.0,0.0,0.0,0.0,0.0,0.0,0.0,0.0,LOW,NORMAL_CUSTOMER,NO_MAJOR_RISK_SIGNAL
C000349,Darlene,Miller,United Arab Emirates,Standard,2,3032.86,2,0,2,0,20.0,40.0,1,0,0,1,40.0,0.0,0.0,0.5,1.25,0.5,30.0,25.38,MEDIUM,NORMAL_CUSTOMER,NO_MAJOR_RISK_SIGNAL
C000351,Tina,York,Pakistan,Standard,1,1925.17,1,0,1,0,0.0,0.0,0,0,0,0,0.0,0.0,0.0,0.0,0.0,0.0,0.0,0.0,LOW,NORMAL_CUSTOMER,NO_MAJOR_RISK_SIGNAL
C000352,Amanda,Ramirez,Other,Premium,1,1450.92,1,0,1,0,0.0,0.0,0,0,0,0,0.0,0.0,0.0,0.0,0.0,0.0,0.0,0.0,LOW,NORMAL_CUSTOMER,NO_MAJOR_RISK_SIGNAL
C000353,Sheila,Anderson,United Kingdom,Standard,1,2851.32,2,1,1,1,35.0,35.0,0,0,0,0,35.0,1.0,1.0,0.0,16.25,0.0,0.0,18.88,LOW,NORMAL_CUSTOMER,NO_MAJOR_RISK_SIGNAL
C000355,Tara,Hodge,Saudi Arabia,Premium,1,1152.23,1,0,1,0,40.0,40.0,1,0,0,1,40.0,0.0,0.0,1.0,2.5,1.0,30.0,25.75,MEDIUM,NORMAL_CUSTOMER,NO_MAJOR_RISK_SIGNAL
C000356,Gregory,Smith,Pakistan,Standard,3,11301.66,6,3,3,3,56.67,100.0,4,2,1,2,100.0,1.0,1.0,1.33,19.58,0.67,65.67,65.58,HIGH,FRICTION_PRONE_CUSTOMER,HIGH_SEVERITY | PERSISTENT_BEHAVIOR | REPEATED_PAYMENT_FAILURES | MULTIPLE_PROBLEMATIC_JOURNEYS | CRITICAL_JOURNEY
C000357,Sydney,Rodriguez,Saudi Arabia,Standard,2,5317.96,2,0,2,0,0.0,0.0,0,0,0,0,0.0,0.0,0.0,0.0,0.0,0.0,0.0,0.0,LOW,NORMAL_CUSTOMER,NO_MAJOR_RISK_SIGNAL
C000358,Joseph,Thompson,Pakistan,Standard,2,3604.12,2,0,2,0,20.0,40.0,1,0,0,1,40.0,0.0,0.0,0.5,1.25,0.5,30.0,25.38,MEDIUM,NORMAL_CUSTOMER,NO_MAJOR_RISK_SIGNAL
C000359,Daniel,Vargas,Other,Premium,1,952.39,1,0,1,0,0.0,0.0,0,0,0,0,0.0,0.0,0.0,0.0,0.0,0.0,0.0,0.0,LOW,NORMAL_CUSTOMER,NO_MAJOR_RISK_SIGNAL
C000360,Ryan,Hernandez,Pakistan,Standard,3,5676.95,3,0,3,0,13.33,40.0,1,0,0,1,40.0,0.0,0.0,0.33,0.83,0.33,30.0,25.25,MEDIUM,LOYAL_LOW_FRICTION_CUSTOMER,NO_MAJOR_RISK_SIGNAL
C000362,Lee,Morton,Pakistan,VIP,2,5454.87,4,2,2,2,32.5,65.0,2,1,0,1,65.0,1.0,1.0,1.0,18.75,0.5,30.0,40.62,MEDIUM,NORMAL_CUSTOMER,REPEATED_PAYMENT_FAILURES
C000363,Catherine,Green,United Arab Emirates,Premium,2,5439.88,2,0,2,0,20.0,40.0,1,0,0,1,40.0,0.0,0.0,0.5,1.25,0.5,30.0,25.38,MEDIUM,NORMAL_CUSTOMER,NO_MAJOR_RISK_SIGNAL
C000364,William,Haynes,Pakistan,Premium,2,5632.02,2,0,2,0,20.0,40.0,1,0,0,1,40.0,0.0,0.0,0.5,1.25,0.5,30.0,25.38,MEDIUM,NORMAL_CUSTOMER,NO_MAJOR_RISK_SIGNAL
C000365,Paul,Washington,Other,Standard,4,13247.21,5,1,4,1,7.5,30.0,0,0,0,0,30.0,0.25,0.25,0.0,4.06,0.0,0.0,13.22,LOW,LOYAL_LOW_FRICTION_CUSTOMER,NO_MAJOR_RISK_SIGNAL
C000366,Barbara,Lloyd,United Arab Emirates,Standard,3,7687.76,3,0,3,0,26.67,40.0,2,0,0,2,40.0,0.0,0.0,0.67,1.67,0.67,65.67,36.2,MEDIUM,NORMAL_CUSTOMER,PERSISTENT_BEHAVIOR | MULTIPLE_PROBLEMATIC_JOURNEYS
C000367,Jonathan,Atkins,Other,Standard,2,7798.26,2,0,2,0,0.0,0.0,0,0,0,0,0.0,0.0,0.0,0.0,0.0,0.0,0.0,0.0,LOW,NORMAL_CUSTOMER,NO_MAJOR_RISK_SIGNAL
C000369,Aaron,Miller,Saudi Arabia,Standard,3,5619.72,4,1,3,1,25.0,75.0,1,1,0,1,75.0,0.33,0.33,0.33,6.25,0.33,30.0,40.88,MEDIUM,LOYAL_LOW_FRICTION_CUSTOMER,HIGH_SEVERITY
C000370,Sara,Thomas,Saudi Arabia,Standard,2,4646.1,2,0,2,0,0.0,0.0,0,0,0,0,0.0,0.0,0.0,0.0,0.0,0.0,0.0,0.0,LOW,NORMAL_CUSTOMER,NO_MAJOR_RISK_SIGNAL
C000371,Amanda,Peck,Saudi Arabia,Standard,2,2735.08,5,3,2,3,65.0,100.0,3,1,1,1,100.0,1.5,1.5,1.5,28.12,0.5,30.0,57.44,HIGH,FRICTION_PRONE_CUSTOMER,HIGH_SEVERITY | REPEATED_PAYMENT_FAILURES | CRITICAL_JOURNEY
C000372,Jennifer,Moore,Saudi Arabia,Standard,3,8760.06,3,0,3,0,13.33,40.0,1,0,0,1,40.0,0.0,0.0,0.33,0.83,0.33,30.0,25.25,MEDIUM,LOYAL_LOW_FRICTION_CUSTOMER,NO_MAJOR_RISK_SIGNAL
C000373,Judy,Crawford,Saudi Arabia,Premium,2,4157.12,2,0,2,0,20.0,40.0,1,0,0,1,40.0,0.0,0.0,0.5,1.25,0.5,30.0,25.38,MEDIUM,NORMAL_CUSTOMER,NO_MAJOR_RISK_SIGNAL
C000375,Michael,Townsend,Saudi Arabia,Standard,4,13663.07,8,4,4,4,32.5,60.0,2,1,0,1,60.0,1.0,1.0,0.5,17.5,0.25,28.0,37.65,MEDIUM,NORMAL_CUSTOMER,REPEATED_PAYMENT_FAILURES
C000376,Chad,Young,United Arab Emirates,Standard,3,6434.17,5,2,3,2,21.67,65.0,2,1,0,1,65.0,0.67,0.67,0.67,12.5,0.33,30.0,38.75,MEDIUM,LOYAL_LOW_FRICTION_CUSTOMER,REPEATED_PAYMENT_FAILURES
C000378,Mark,Walsh,Saudi Arabia,Standard,2,3370.03,2,0,2,0,40.0,40.0,2,0,0,2,40.0,0.0,0.0,1.0,2.5,1.0,79.0,40.45,MEDIUM,NORMAL_CUSTOMER,PERSISTENT_BEHAVIOR | MULTIPLE_PROBLEMATIC_JOURNEYS
C000379,Lee,Clark,United States,Standard,2,5736.51,3,1,2,1,17.5,35.0,0,0,0,0,35.0,0.5,0.5,0.0,8.12,0.0,0.0,16.44,LOW,NORMAL_CUSTOMER,NO_MAJOR_RISK_SIGNAL
C000380,Melanie,Navarro,Saudi Arabia,Premium,1,4571.27,1,0,1,0,45.0,45.0,1,0,0,1,45.0,0.0,0.0,1.0,2.5,1.0,30.0,27.75,MEDIUM,NORMAL_CUSTOMER,NO_MAJOR_RISK_SIGNAL
C000381,Jennifer,Reed,Saudi Arabia,Premium,1,2204.62,1,0,1,0,0.0,0.0,0,0,0,0,0.0,0.0,0.0,0.0,0.0,0.0,0.0,0.0,LOW,NORMAL_CUSTOMER,NO_MAJOR_RISK_SIGNAL
C000383,Kyle,Campos,Pakistan,Premium,2,5573.75,2,0,2,0,0.0,0.0,0,0,0,0,0.0,0.0,0.0,0.0,0.0,0.0,0.0,0.0,LOW,NORMAL_CUSTOMER,NO_MAJOR_RISK_SIGNAL
C000384,Ricky,Wilson,Other,Standard,3,12128.68,3,0,3,0,0.0,0.0,0,0,0,0,0.0,0.0,0.0,0.0,0.0,0.0,0.0,0.0,LOW,LOYAL_LOW_FRICTION_CUSTOMER,NO_MAJOR_RISK_SIGNAL
C000385,Richard,Jackson,United Kingdom,Premium,1,2329.55,1,0,1,0,0.0,0.0,0,0,0,0,0.0,0.0,0.0,0.0,0.0,0.0,0.0,0.0,LOW,NORMAL_CUSTOMER,NO_MAJOR_RISK_SIGNAL
C000386,Kenneth,Ross,United States,Standard,1,1414.88,1,0,1,0,40.0,40.0,1,0,0,1,40.0,0.0,0.0,1.0,2.5,1.0,30.0,25.75,MEDIUM,NORMAL_CUSTOMER,NO_MAJOR_RISK_SIGNAL
C000387,David,Turner,Saudi Arabia,Standard,3,7020.54,3,0,3,0,15.0,45.0,1,0,0,1,45.0,0.0,0.0,0.33,0.83,0.33,30.0,27.25,MEDIUM,LOYAL_LOW_FRICTION_CUSTOMER,NO_MAJOR_RISK_SIGNAL
C000388,Robert,Reese,Saudi Arabia,Premium,1,1729.93,1,0,1,0,40.0,40.0,1,0,0,1,40.0,0.0,0.0,1.0,2.5,1.0,30.0,25.75,MEDIUM,NORMAL_CUSTOMER,NO_MAJOR_RISK_SIGNAL
C000389,Shelby,Goodwin,United States,Standard,1,4457.36,1,0,1,0,40.0,40.0,1,0,0,1,40.0,0.0,0.0,1.0,2.5,1.0,30.0,25.75,MEDIUM,NORMAL_CUSTOMER,NO_MAJOR_RISK_SIGNAL
C000390,Erica,Patel,United States,Standard,1,3140.22,1,0,1,0,0.0,0.0,0,0,0,0,0.0,0.0,0.0,0.0,0.0,0.0,0.0,0.0,LOW,NORMAL_CUSTOMER,NO_MAJOR_RISK_SIGNAL
C000391,Raven,James,Other,Premium,2,1321.03,2,0,2,0,42.5,45.0,2,0,0,2,45.0,0.0,0.0,1.0,2.5,1.0,79.0,42.45,MEDIUM,NORMAL_CUSTOMER,PERSISTENT_BEHAVIOR | MULTIPLE_PROBLEMATIC_JOURNEYS
C000392,Christina,Thornton,United Arab Emirates,Premium,2,7068.66,4,2,2,2,55.0,80.0,1,1,1,1,80.0,1.0,1.0,0.5,17.5,0.5,30.0,46.25,MEDIUM,NORMAL_CUSTOMER,HIGH_SEVERITY | REPEATED_PAYMENT_FAILURES | CRITICAL_JOURNEY
C000393,Kevin,Wells,United Arab Emirates,Standard,4,13335.35,7,3,4,3,35.0,75.0,1,1,0,1,75.0,0.75,0.75,0.25,12.81,0.25,28.0,42.24,MEDIUM,NORMAL_CUSTOMER,HIGH_SEVERITY | REPEATED_PAYMENT_FAILURES
C000394,Amy,Thomas,United States,Standard,1,1584.37,1,0,1,0,40.0,40.0,1,0,0,1,40.0,0.0,0.0,1.0,2.5,1.0,30.0,25.75,MEDIUM,NORMAL_CUSTOMER,NO_MAJOR_RISK_SIGNAL
C000395,Aaron,Berg,United Arab Emirates,Premium,1,3407.32,2,1,1,1,35.0,35.0,0,0,0,0,35.0,1.0,1.0,0.0,16.25,0.0,0.0,18.88,LOW,NORMAL_CUSTOMER,NO_MAJOR_RISK_SIGNAL
C000396,Justin,Smith,Other,VIP,3,7340.66,5,2,3,2,35.0,65.0,3,1,0,2,65.0,0.67,0.67,1.0,13.33,0.67,65.67,49.7,HIGH,FRICTION_PRONE_CUSTOMER,PERSISTENT_BEHAVIOR | REPEATED_PAYMENT_FAILURES | MULTIPLE_PROBLEMATIC_JOURNEYS
C000397,Russell,Ho,Other,Standard,1,3271.44,1,0,1,0,45.0,45.0,1,0,0,1,45.0,0.0,0.0,1.0,2.5,1.0,30.0,27.75,MEDIUM,NORMAL_CUSTOMER,NO_MAJOR_RISK_SIGNAL
C000398,Bethany,Cole,United Arab Emirates,Premium,1,1333.07,1,0,1,0,0.0,0.0,0,0,0,0,0.0,0.0,0.0,0.0,0.0,0.0,0.0,0.0,LOW,NORMAL_CUSTOMER,NO_MAJOR_RISK_SIGNAL
C000399,Diana,Gregory,United States,Premium,1,1337.41,1,0,1,0,0.0,0.0,0,0,0,0,0.0,0.0,0.0,0.0,0.0,0.0,0.0,0.0,LOW,NORMAL_CUSTOMER,NO_MAJOR_RISK_SIGNAL
C000400,Steven,Nixon,United States,Standard,1,2777.64,1,0,1,0,0.0,0.0,0,0,0,0,0.0,0.0,0.0,0.0,0.0,0.0,0.0,0.0,LOW,NORMAL_CUSTOMER,NO_MAJOR_RISK_SIGNAL
C000401,Scott,Vega,Saudi Arabia,Premium,2,4282.93,2,0,2,0,0.0,0.0,0,0,0,0,0.0,0.0,0.0,0.0,0.0,0.0,0.0,0.0,LOW,NORMAL_CUSTOMER,NO_MAJOR_RISK_SIGNAL
C000402,Jason,Williams,Other,Standard,1,2039.27,1,0,1,0,0.0,0.0,0,0,0,0,0.0,0.0,0.0,0.0,0.0,0.0,0.0,0.0,LOW,NORMAL_CUSTOMER,NO_MAJOR_RISK_SIGNAL
C000403,Thomas,Hardin,Pakistan,Standard,1,2509.62,2,1,1,1,35.0,35.0,0,0,0,0,35.0,1.0,1.0,0.0,16.25,0.0,0.0,18.88,LOW,NORMAL_CUSTOMER,NO_MAJOR_RISK_SIGNAL
C000404,Rachel,Walsh,United States,Standard,2,3735.3,5,3,2,3,67.5,75.0,3,2,0,2,75.0,1.5,1.5,1.5,28.12,1.0,79.0,62.14,HIGH,FRICTION_PRONE_CUSTOMER,HIGH_SEVERITY | PERSISTENT_BEHAVIOR | REPEATED_PAYMENT_FAILURES | MULTIPLE_PROBLEMATIC_JOURNEYS
C000405,Laura,Blanchard,United Arab Emirates,Standard,3,9850.53,4,1,3,1,40.0,80.0,2,1,1,2,80.0,0.33,0.33,0.67,7.08,0.67,65.67,53.82,HIGH,FRICTION_PRONE_CUSTOMER,HIGH_SEVERITY | PERSISTENT_BEHAVIOR | MULTIPLE_PROBLEMATIC_JOURNEYS | CRITICAL_JOURNEY
C000406,Gene,Reynolds,Other,Premium,3,4103.19,5,2,3,2,36.67,65.0,3,1,0,2,65.0,0.67,0.67,1.0,13.33,0.67,65.67,49.7,HIGH,FRICTION_PRONE_CUSTOMER,PERSISTENT_BEHAVIOR | REPEATED_PAYMENT_FAILURES | MULTIPLE_PROBLEMATIC_JOURNEYS
C000407,Christopher,Hull,United Arab Emirates,Standard,4,10342.36,4,0,4,0,11.25,45.0,1,0,0,1,45.0,0.0,0.0,0.25,0.62,0.25,28.0,26.59,MEDIUM,LOYAL_LOW_FRICTION_CUSTOMER,NO_MAJOR_RISK_SIGNAL
C000408,Zachary,Garrison,Saudi Arabia,Premium,1,4917.59,1,0,1,0,0.0,0.0,0,0,0,0,0.0,0.0,0.0,0.0,0.0,0.0,0.0,0.0,LOW,NORMAL_CUSTOMER,NO_MAJOR_RISK_SIGNAL
C000410,Matthew,Adams,Saudi Arabia,Premium,1,2445.52,2,1,1,1,75.0,75.0,1,1,0,1,75.0,1.0,1.0,1.0,18.75,1.0,30.0,44.62,MEDIUM,NORMAL_CUSTOMER,HIGH_SEVERITY
C000413,Emily,Myers,Other,Standard,1,4843.19,2,1,1,1,35.0,35.0,0,0,0,0,35.0,1.0,1.0,0.0,16.25,0.0,0.0,18.88,LOW,NORMAL_CUSTOMER,NO_MAJOR_RISK_SIGNAL
C000414,Jeffrey,Mejia,Pakistan,Premium,2,8893.3,2,0,2,0,42.5,45.0,2,0,0,2,45.0,0.0,0.0,1.0,2.5,1.0,79.0,42.45,MEDIUM,NORMAL_CUSTOMER,PERSISTENT_BEHAVIOR | MULTIPLE_PROBLEMATIC_JOURNEYS
C000418,Thomas,Lee,United Arab Emirates,Premium,3,4816.36,6,3,3,3,45.0,65.0,3,1,0,2,65.0,1.0,1.0,1.0,18.75,0.67,65.67,51.33,HIGH,FRICTION_PRONE_CUSTOMER,PERSISTENT_BEHAVIOR | REPEATED_PAYMENT_FAILURES | MULTIPLE_PROBLEMATIC_JOURNEYS
C000419,Melissa,Rogers,United Kingdom,Standard,1,3437.86,1,0,1,0,40.0,40.0,1,0,0,1,40.0,0.0,0.0,1.0,2.5,1.0,30.0,25.75,MEDIUM,NORMAL_CUSTOMER,NO_MAJOR_RISK_SIGNAL
C000420,Charles,Vaughn,United States,Standard,4,11211.24,4,0,4,0,21.25,45.0,2,0,0,2,45.0,0.0,0.0,0.5,1.25,0.5,59.0,36.08,MEDIUM,NORMAL_CUSTOMER,PERSISTENT_BEHAVIOR | MULTIPLE_PROBLEMATIC_JOURNEYS
C000422,Crystal,Kelley,United States,Standard,3,6375.19,4,1,3,1,40.0,45.0,2,0,0,2,45.0,0.33,0.33,0.67,7.08,0.67,65.67,39.83,MEDIUM,NORMAL_CUSTOMER,PERSISTENT_BEHAVIOR | MULTIPLE_PROBLEMATIC_JOURNEYS
C000423,James,Chambers,Saudi Arabia,Premium,1,2534.06,1,0,1,0,0.0,0.0,0,0,0,0,0.0,0.0,0.0,0.0,0.0,0.0,0.0,0.0,LOW,NORMAL_CUSTOMER,NO_MAJOR_RISK_SIGNAL
C000424,Heather,Decker,United Arab Emirates,Standard,2,6574.11,2,0,2,0,0.0,0.0,0,0,0,0,0.0,0.0,0.0,0.0,0.0,0.0,0.0,0.0,LOW,NORMAL_CUSTOMER,NO_MAJOR_RISK_SIGNAL
C000425,Troy,Smith,Saudi Arabia,Premium,2,4532.54,2,0,2,0,0.0,0.0,0,0,0,0,0.0,0.0,0.0,0.0,0.0,0.0,0.0,0.0,LOW,NORMAL_CUSTOMER,NO_MAJOR_RISK_SIGNAL
C000426,John,Davis,Pakistan,Premium,1,4176.24,1,0,1,0,40.0,40.0,1,0,0,1,40.0,0.0,0.0,1.0,2.5,1.0,30.0,25.75,MEDIUM,NORMAL_CUSTOMER,NO_MAJOR_RISK_SIGNAL
C000428,Adam,Griffin,Other,Standard,1,4799.58,1,0,1,0,0.0,0.0,0,0,0,0,0.0,0.0,0.0,0.0,0.0,0.0,0.0,0.0,LOW,NORMAL_CUSTOMER,NO_MAJOR_RISK_SIGNAL
C000431,Daniel,Lee,Saudi Arabia,Standard,1,2138.05,3,2,1,2,100.0,100.0,3,1,1,1,100.0,2.0,2.0,3.0,40.0,1.0,30.0,61.0,HIGH,FRICTION_PRONE_CUSTOMER,HIGH_SEVERITY | REPEATED_PAYMENT_FAILURES | CRITICAL_JOURNEY
C000432,Ronald,Johnson,United States,Standard,2,4853.27,2,0,2,0,20.0,40.0,1,0,0,1,40.0,0.0,0.0,0.5,1.25,0.5,30.0,25.38,MEDIUM,NORMAL_CUSTOMER,NO_MAJOR_RISK_SIGNAL
C000433,Gregory,Davis,Pakistan,Standard,2,7012.09,2,0,2,0,0.0,0.0,0,0,0,0,0.0,0.0,0.0,0.0,0.0,0.0,0.0,0.0,LOW,NORMAL_CUSTOMER,NO_MAJOR_RISK_SIGNAL
C000434,Susan,Mays,Saudi Arabia,Standard,1,3751.19,1,0,1,0,0.0,0.0,0,0,0,0,0.0,0.0,0.0,0.0,0.0,0.0,0.0,0.0,LOW,NORMAL_CUSTOMER,NO_MAJOR_RISK_SIGNAL
C000436,Brent,Houston,United Kingdom,Standard,1,903.0,1,0,1,0,0.0,0.0,0,0,0,0,0.0,0.0,0.0,0.0,0.0,0.0,0.0,0.0,LOW,NORMAL_CUSTOMER,NO_MAJOR_RISK_SIGNAL
C000437,John,Sampson,Saudi Arabia,Standard,1,3944.32,1,0,1,0,0.0,0.0,0,0,0,0,0.0,0.0,0.0,0.0,0.0,0.0,0.0,0.0,LOW,NORMAL_CUSTOMER,NO_MAJOR_RISK_SIGNAL
C000438,Melinda,Little,United States,Premium,2,9052.97,2,0,2,0,0.0,0.0,0,0,0,0,0.0,0.0,0.0,0.0,0.0,0.0,0.0,0.0,LOW,NORMAL_CUSTOMER,NO_MAJOR_RISK_SIGNAL
C000441,Elizabeth,Gates,Saudi Arabia,Premium,1,1488.86,1,0,1,0,0.0,0.0,0,0,0,0,0.0,0.0,0.0,0.0,0.0,0.0,0.0,0.0,LOW,NORMAL_CUSTOMER,NO_MAJOR_RISK_SIGNAL
C000442,Vanessa,Anderson,Other,Premium,4,11429.89,4,0,4,0,32.5,45.0,3,0,0,3,45.0,0.0,0.0,0.75,1.88,0.75,81.0,42.86,MEDIUM,NORMAL_CUSTOMER,PERSISTENT_BEHAVIOR | MULTIPLE_PROBLEMATIC_JOURNEYS
C000443,Caitlin,Douglas,United Arab Emirates,Standard,2,6987.1,2,0,2,0,0.0,0.0,0,0,0,0,0.0,0.0,0.0,0.0,0.0,0.0,0.0,0.0,LOW,NORMAL_CUSTOMER,NO_MAJOR_RISK_SIGNAL
C000444,Stephanie,Yoder,United Arab Emirates,VIP,1,1371.82,1,0,1,0,0.0,0.0,0,0,0,0,0.0,0.0,0.0,0.0,0.0,0.0,0.0,0.0,LOW,NORMAL_CUSTOMER,NO_MAJOR_RISK_SIGNAL
C000445,Patricia,Knight,United States,Premium,3,8405.14,3,0,3,0,15.0,45.0,1,0,0,1,45.0,0.0,0.0,0.33,0.83,0.33,30.0,27.25,MEDIUM,LOYAL_LOW_FRICTION_CUSTOMER,NO_MAJOR_RISK_SIGNAL
C000446,Cheyenne,Coffey,Other,Standard,1,4882.57,3,2,1,2,65.0,65.0,2,1,0,1,65.0,2.0,2.0,2.0,37.5,1.0,30.0,46.25,MEDIUM,NORMAL_CUSTOMER,REPEATED_PAYMENT_FAILURES
C000447,Jennifer,Kemp,Other,Standard,3,5086.71,4,1,3,1,25.0,45.0,1,0,0,1,45.0,0.33,0.33,0.33,6.25,0.33,30.0,28.88,MEDIUM,LOYAL_LOW_FRICTION_CUSTOMER,NO_MAJOR_RISK_SIGNAL
C000449,Maria,King,United Arab Emirates,Standard,2,7794.04,2,0,2,0,20.0,40.0,1,0,0,1,40.0,0.0,0.0,0.5,1.25,0.5,30.0,25.38,MEDIUM,NORMAL_CUSTOMER,NO_MAJOR_RISK_SIGNAL
C000452,Julia,Fowler,Pakistan,Standard,2,2295.21,2,0,2,0,0.0,0.0,0,0,0,0,0.0,0.0,0.0,0.0,0.0,0.0,0.0,0.0,LOW,NORMAL_CUSTOMER,NO_MAJOR_RISK_SIGNAL
C000453,Thomas,Livingston,United Arab Emirates,Standard,2,6753.49,3,1,2,1,15.0,30.0,0,0,0,0,30.0,0.5,0.5,0.0,8.12,0.0,0.0,14.44,LOW,NORMAL_CUSTOMER,NO_MAJOR_RISK_SIGNAL
C000454,Jonathon,Hill,Other,Standard,1,3663.57,1,0,1,0,0.0,0.0,0,0,0,0,0.0,0.0,0.0,0.0,0.0,0.0,0.0,0.0,LOW,NORMAL_CUSTOMER,NO_MAJOR_RISK_SIGNAL
C000455,John,Simmons,Saudi Arabia,Standard,3,6845.41,5,2,3,2,33.33,100.0,3,1,1,1,100.0,0.67,0.67,1.0,13.33,0.33,30.0,53.0,HIGH,FRICTION_PRONE_CUSTOMER,HIGH_SEVERITY | REPEATED_PAYMENT_FAILURES | CRITICAL_JOURNEY
C000456,Dana,Berger,United Arab Emirates,Standard,1,4804.64,1,0,1,0,0.0,0.0,0,0,0,0,0.0,0.0,0.0,0.0,0.0,0.0,0.0,0.0,LOW,NORMAL_CUSTOMER,NO_MAJOR_RISK_SIGNAL
C000457,Katie,Carrillo,Saudi Arabia,Standard,2,8972.51,2,0,2,0,20.0,40.0,1,0,0,1,40.0,0.0,0.0,0.5,1.25,0.5,30.0,25.38,MEDIUM,NORMAL_CUSTOMER,NO_MAJOR_RISK_SIGNAL
C000459,Courtney,Martin,Saudi Arabia,Standard,1,1870.65,1,0,1,0,0.0,0.0,0,0,0,0,0.0,0.0,0.0,0.0,0.0,0.0,0.0,0.0,LOW,NORMAL_CUSTOMER,NO_MAJOR_RISK_SIGNAL
C000460,Joshua,Jones,Saudi Arabia,Premium,1,2240.52,1,0,1,0,0.0,0.0,0,0,0,0,0.0,0.0,0.0,0.0,0.0,0.0,0.0,0.0,LOW,NORMAL_CUSTOMER,NO_MAJOR_RISK_SIGNAL
C000461,Chris,Waters,Saudi Arabia,Premium,3,8373.21,4,1,3,1,50.0,70.0,3,1,0,3,70.0,0.33,0.33,1.0,7.92,1.0,91.0,57.68,HIGH,FRICTION_PRONE_CUSTOMER,HIGH_SEVERITY | PERSISTENT_BEHAVIOR | MULTIPLE_PROBLEMATIC_JOURNEYS
C000463,Joseph,Cook,United Kingdom,Premium,1,4549.11,1,0,1,0,0.0,0.0,0,0,0,0,0.0,0.0,0.0,0.0,0.0,0.0,0.0,0.0,LOW,NORMAL_CUSTOMER,NO_MAJOR_RISK_SIGNAL
C000464,Luis,Brown,Pakistan,Premium,1,1040.31,1,0,1,0,0.0,0.0,0,0,0,0,0.0,0.0,0.0,0.0,0.0,0.0,0.0,0.0,LOW,NORMAL_CUSTOMER,NO_MAJOR_RISK_SIGNAL
C000465,Amber,Sosa,Other,Premium,3,10432.0,5,2,3,2,50.0,60.0,4,1,0,3,60.0,0.67,0.67,1.33,14.17,1.0,91.0,55.55,HIGH,FRICTION_PRONE_CUSTOMER,PERSISTENT_BEHAVIOR | REPEATED_PAYMENT_FAILURES | MULTIPLE_PROBLEMATIC_JOURNEYS
C000467,Jesse,Alexander,Saudi Arabia,Standard,1,542.95,3,2,1,2,65.0,65.0,2,1,0,1,65.0,2.0,2.0,2.0,37.5,1.0,30.0,46.25,MEDIUM,NORMAL_CUSTOMER,REPEATED_PAYMENT_FAILURES
C000468,Heather,Vasquez,Other,Premium,1,2816.35,2,1,1,1,30.0,30.0,0,0,0,0,30.0,1.0,1.0,0.0,16.25,0.0,0.0,16.88,LOW,NORMAL_CUSTOMER,NO_MAJOR_RISK_SIGNAL
C000471,Rick,White,Saudi Arabia,Standard,4,13365.91,5,1,4,1,18.75,40.0,1,0,0,1,40.0,0.25,0.25,0.25,4.69,0.25,28.0,25.81,MEDIUM,LOYAL_LOW_FRICTION_CUSTOMER,NO_MAJOR_RISK_SIGNAL
C000472,Amy,Vasquez,Other,VIP,1,972.8,1,0,1,0,0.0,0.0,0,0,0,0,0.0,0.0,0.0,0.0,0.0,0.0,0.0,0.0,LOW,NORMAL_CUSTOMER,NO_MAJOR_RISK_SIGNAL
C000475,Robert,Robinson,Pakistan,Standard,2,1752.41,2,0,2,0,20.0,40.0,1,0,0,1,40.0,0.0,0.0,0.5,1.25,0.5,30.0,25.38,MEDIUM,NORMAL_CUSTOMER,NO_MAJOR_RISK_SIGNAL
C000476,Rebecca,Schneider,Other,Premium,3,6315.49,3,0,3,0,28.33,45.0,2,0,0,2,45.0,0.0,0.0,0.67,1.67,0.67,65.67,38.2,MEDIUM,NORMAL_CUSTOMER,PERSISTENT_BEHAVIOR | MULTIPLE_PROBLEMATIC_JOURNEYS
C000478,Heather,Baldwin,Pakistan,Standard,2,4601.74,2,0,2,0,0.0,0.0,0,0,0,0,0.0,0.0,0.0,0.0,0.0,0.0,0.0,0.0,LOW,NORMAL_CUSTOMER,NO_MAJOR_RISK_SIGNAL
C000479,Melissa,Garcia,Other,Standard,1,4035.97,1,0,1,0,0.0,0.0,0,0,0,0,0.0,0.0,0.0,0.0,0.0,0.0,0.0,0.0,LOW,NORMAL_CUSTOMER,NO_MAJOR_RISK_SIGNAL
C000480,Kathy,Jones,Pakistan,Standard,2,4908.62,2,0,2,0,0.0,0.0,0,0,0,0,0.0,0.0,0.0,0.0,0.0,0.0,0.0,0.0,LOW,NORMAL_CUSTOMER,NO_MAJOR_RISK_SIGNAL
C000482,Adam,King,United Kingdom,Standard,1,2194.34,1,0,1,0,0.0,0.0,0,0,0,0,0.0,0.0,0.0,0.0,0.0,0.0,0.0,0.0,LOW,NORMAL_CUSTOMER,NO_MAJOR_RISK_SIGNAL
C000483,Michael,Griffin,United Arab Emirates,Standard,1,3977.4,2,1,1,1,35.0,35.0,0,0,0,0,35.0,1.0,1.0,0.0,16.25,0.0,0.0,18.88,LOW,NORMAL_CUSTOMER,NO_MAJOR_RISK_SIGNAL
C000485,Melissa,Hernandez,Pakistan,Premium,2,7142.53,4,2,2,2,50.0,100.0,3,1,1,1,100.0,1.0,1.0,1.5,20.0,0.5,30.0,55.0,HIGH,FRICTION_PRONE_CUSTOMER,HIGH_SEVERITY | REPEATED_PAYMENT_FAILURES | CRITICAL_JOURNEY
C000486,Stephanie,Bowman,Other,Standard,1,2033.96,3,2,1,2,65.0,65.0,2,1,0,1,65.0,2.0,2.0,2.0,37.5,1.0,30.0,46.25,MEDIUM,NORMAL_CUSTOMER,REPEATED_PAYMENT_FAILURES
C000489,Amy,Adams,Other,Standard,4,11139.42,4,0,4,0,21.25,45.0,2,0,0,2,45.0,0.0,0.0,0.5,1.25,0.5,59.0,36.08,MEDIUM,NORMAL_CUSTOMER,PERSISTENT_BEHAVIOR | MULTIPLE_PROBLEMATIC_JOURNEYS
C000490,Carrie,Graves,Other,Standard,3,10124.76,5,2,3,2,21.67,65.0,2,1,0,1,65.0,0.67,0.67,0.67,12.5,0.33,30.0,38.75,MEDIUM,LOYAL_LOW_FRICTION_CUSTOMER,REPEATED_PAYMENT_FAILURES
C000491,Jeffrey,Conway,United Arab Emirates,Standard,3,12755.46,4,1,3,1,23.33,40.0,1,0,0,1,40.0,0.33,0.33,0.33,6.25,0.33,30.0,26.88,MEDIUM,LOYAL_LOW_FRICTION_CUSTOMER,NO_MAJOR_RISK_SIGNAL
C000492,Jeffrey,Andrews,Pakistan,Premium,1,508.72,3,2,1,2,65.0,65.0,2,1,0,1,65.0,2.0,2.0,2.0,37.5,1.0,30.0,46.25,MEDIUM,NORMAL_CUSTOMER,REPEATED_PAYMENT_FAILURES
C000493,Ryan,Robertson,Saudi Arabia,Standard,5,20032.12,7,2,5,2,21.0,65.0,3,1,0,2,65.0,0.4,0.4,0.6,8.0,0.4,55.0,44.9,MEDIUM,NORMAL_CUSTOMER,PERSISTENT_BEHAVIOR | REPEATED_PAYMENT_FAILURES | MULTIPLE_PROBLEMATIC_JOURNEYS
C000494,Anthony,Case,Saudi Arabia,Standard,1,676.68,1,0,1,0,40.0,40.0,1,0,0,1,40.0,0.0,0.0,1.0,2.5,1.0,30.0,25.75,MEDIUM,NORMAL_CUSTOMER,NO_MAJOR_RISK_SIGNAL
C000495,Matthew,Henry,United Arab Emirates,Standard,1,1601.35,1,0,1,0,45.0,45.0,1,0,0,1,45.0,0.0,0.0,1.0,2.5,1.0,30.0,27.75,MEDIUM,NORMAL_CUSTOMER,NO_MAJOR_RISK_SIGNAL
C000496,Erin,Graham,United Arab Emirates,Standard,2,4429.35,2,0,2,0,42.5,45.0,2,0,0,2,45.0,0.0,0.0,1.0,2.5,1.0,79.0,42.45,MEDIUM,NORMAL_CUSTOMER,PERSISTENT_BEHAVIOR | MULTIPLE_PROBLEMATIC_JOURNEYS
C000498,Frederick,Norman,Saudi Arabia,Standard,1,1343.75,2,1,1,1,30.0,30.0,0,0,0,0,30.0,1.0,1.0,0.0,16.25,0.0,0.0,16.88,LOW,NORMAL_CUSTOMER,NO_MAJOR_RISK_SIGNAL
C000499,Tanner,Floyd,Other,Standard,3,7194.33,3,0,3,0,28.33,45.0,2,0,0,2,45.0,0.0,0.0,0.67,1.67,0.67,65.67,38.2,MEDIUM,NORMAL_CUSTOMER,PERSISTENT_BEHAVIOR | MULTIPLE_PROBLEMATIC_JOURNEYS
C000500,David,Fernandez,Other,Standard,2,5988.34,4,2,2,2,72.5,100.0,4,1,1,2,100.0,1.0,1.0,2.0,21.25,1.0,79.0,70.08,HIGH,FRICTION_PRONE_CUSTOMER,HIGH_SEVERITY | PERSISTENT_BEHAVIOR | REPEATED_PAYMENT_FAILURES | MULTIPLE_PROBLEMATIC_JOURNEYS | CRITICAL_JOURNEY
C000502,Anthony,Finley,Pakistan,Standard,2,9403.38,2,0,2,0,0.0,0.0,0,0,0,0,0.0,0.0,0.0,0.0,0.0,0.0,0.0,0.0,LOW,NORMAL_CUSTOMER,NO_MAJOR_RISK_SIGNAL
C000503,Phillip,Meyers,United Arab Emirates,Standard,1,4170.62,1,0,1,0,0.0,0.0,0,0,0,0,0.0,0.0,0.0,0.0,0.0,0.0,0.0,0.0,LOW,NORMAL_CUSTOMER,NO_MAJOR_RISK_SIGNAL
C000504,Anne,Olson,United States,Standard,1,3243.39,1,0,1,0,0.0,0.0,0,0,0,0,0.0,0.0,0.0,0.0,0.0,0.0,0.0,0.0,LOW,NORMAL_CUSTOMER,NO_MAJOR_RISK_SIGNAL
C000505,Anthony,Bradley,United Kingdom,Standard,2,7005.21,3,1,2,1,35.0,70.0,1,1,0,1,70.0,0.5,0.5,0.5,9.38,0.5,30.0,39.81,MEDIUM,NORMAL_CUSTOMER,HIGH_SEVERITY
C000506,Dawn,Donovan,Saudi Arabia,Standard,2,6284.91,3,1,2,1,15.0,30.0,0,0,0,0,30.0,0.5,0.5,0.0,8.12,0.0,0.0,14.44,LOW,NORMAL_CUSTOMER,NO_MAJOR_RISK_SIGNAL
C000507,Derek,Howard,Other,Standard,1,4053.04,1,0,1,0,45.0,45.0,1,0,0,1,45.0,0.0,0.0,1.0,2.5,1.0,30.0,27.75,MEDIUM,NORMAL_CUSTOMER,NO_MAJOR_RISK_SIGNAL
C000508,Steven,Maldonado,United States,Standard,2,5840.45,3,1,2,1,17.5,35.0,0,0,0,0,35.0,0.5,0.5,0.0,8.12,0.0,0.0,16.44,LOW,NORMAL_CUSTOMER,NO_MAJOR_RISK_SIGNAL
C000509,Brent,Morales,Other,Standard,2,8605.02,2,0,2,0,0.0,0.0,0,0,0,0,0.0,0.0,0.0,0.0,0.0,0.0,0.0,0.0,LOW,NORMAL_CUSTOMER,NO_MAJOR_RISK_SIGNAL
C000510,Nicholas,Chen,United Kingdom,Standard,1,3839.8,1,0,1,0,0.0,0.0,0,0,0,0,0.0,0.0,0.0,0.0,0.0,0.0,0.0,0.0,LOW,NORMAL_CUSTOMER,NO_MAJOR_RISK_SIGNAL
C000511,Jason,Benjamin,Pakistan,Standard,2,6523.91,3,1,2,1,15.0,30.0,0,0,0,0,30.0,0.5,0.5,0.0,8.12,0.0,0.0,14.44,LOW,NORMAL_CUSTOMER,NO_MAJOR_RISK_SIGNAL
C000513,Kathleen,Nichols,Other,Standard,2,7883.09,2,0,2,0,0.0,0.0,0,0,0,0,0.0,0.0,0.0,0.0,0.0,0.0,0.0,0.0,LOW,NORMAL_CUSTOMER,NO_MAJOR_RISK_SIGNAL
C000514,Nicholas,Woodward,Other,Premium,1,771.94,1,0,1,0,0.0,0.0,0,0,0,0,0.0,0.0,0.0,0.0,0.0,0.0,0.0,0.0,LOW,NORMAL_CUSTOMER,NO_MAJOR_RISK_SIGNAL
C000515,Karen,Miller,Saudi Arabia,Premium,4,13420.61,4,0,4,0,0.0,0.0,0,0,0,0,0.0,0.0,0.0,0.0,0.0,0.0,0.0,0.0,LOW,LOYAL_LOW_FRICTION_CUSTOMER,NO_MAJOR_RISK_SIGNAL
C000516,Marie,Stevens,Saudi Arabia,Standard,3,8481.51,5,2,3,2,48.33,100.0,4,1,1,2,100.0,0.67,0.67,1.33,14.17,0.67,65.67,63.95,HIGH,FRICTION_PRONE_CUSTOMER,HIGH_SEVERITY | PERSISTENT_BEHAVIOR | REPEATED_PAYMENT_FAILURES | MULTIPLE_PROBLEMATIC_JOURNEYS | CRITICAL_JOURNEY
C000517,Johnny,Miranda,United Arab Emirates,Premium,2,6838.8,2,0,2,0,45.0,45.0,2,0,0,2,45.0,0.0,0.0,1.0,2.5,1.0,79.0,42.45,MEDIUM,NORMAL_CUSTOMER,PERSISTENT_BEHAVIOR | MULTIPLE_PROBLEMATIC_JOURNEYS
C000518,Christopher,Holland,United States,Standard,1,628.12,1,0,1,0,40.0,40.0,1,0,0,1,40.0,0.0,0.0,1.0,2.5,1.0,30.0,25.75,MEDIUM,NORMAL_CUSTOMER,NO_MAJOR_RISK_SIGNAL
C000520,Amber,Williams,Saudi Arabia,VIP,3,7399.3,4,1,3,1,25.0,40.0,1,0,0,1,40.0,0.33,0.33,0.33,6.25,0.33,30.0,26.88,MEDIUM,LOYAL_LOW_FRICTION_CUSTOMER,NO_MAJOR_RISK_SIGNAL
C000521,Zoe,Cruz,Pakistan,Premium,3,6842.7,3,0,3,0,15.0,45.0,1,0,0,1,45.0,0.0,0.0,0.33,0.83,0.33,30.0,27.25,MEDIUM,LOYAL_LOW_FRICTION_CUSTOMER,NO_MAJOR_RISK_SIGNAL
C000522,Michael,Lee,United Arab Emirates,VIP,2,5829.99,2,0,2,0,0.0,0.0,0,0,0,0,0.0,0.0,0.0,0.0,0.0,0.0,0.0,0.0,LOW,NORMAL_CUSTOMER,NO_MAJOR_RISK_SIGNAL
C000523,Debra,Dominguez,Other,Standard,3,4860.36,3,0,3,0,26.67,40.0,2,0,0,2,40.0,0.0,0.0,0.67,1.67,0.67,65.67,36.2,MEDIUM,NORMAL_CUSTOMER,PERSISTENT_BEHAVIOR | MULTIPLE_PROBLEMATIC_JOURNEYS
C000524,Kimberly,Mosley,United States,Standard,2,5964.63,2,0,2,0,0.0,0.0,0,0,0,0,0.0,0.0,0.0,0.0,0.0,0.0,0.0,0.0,LOW,NORMAL_CUSTOMER,NO_MAJOR_RISK_SIGNAL
C000525,Denise,Mccoy,United States,Standard,2,4365.89,2,0,2,0,0.0,0.0,0,0,0,0,0.0,0.0,0.0,0.0,0.0,0.0,0.0,0.0,LOW,NORMAL_CUSTOMER,NO_MAJOR_RISK_SIGNAL
C000526,Karen,Howard,United Arab Emirates,Standard,2,3911.24,2,0,2,0,0.0,0.0,0,0,0,0,0.0,0.0,0.0,0.0,0.0,0.0,0.0,0.0,LOW,NORMAL_CUSTOMER,NO_MAJOR_RISK_SIGNAL
C000527,Stefanie,Miller,United Arab Emirates,Standard,3,9253.73,4,1,3,1,25.0,75.0,1,1,0,1,75.0,0.33,0.33,0.33,6.25,0.33,30.0,40.88,MEDIUM,LOYAL_LOW_FRICTION_CUSTOMER,HIGH_SEVERITY
C000528,James,Chen,Saudi Arabia,Premium,2,3828.53,2,0,2,0,0.0,0.0,0,0,0,0,0.0,0.0,0.0,0.0,0.0,0.0,0.0,0.0,LOW,NORMAL_CUSTOMER,NO_MAJOR_RISK_SIGNAL
C000529,Andrew,Moss,Saudi Arabia,Standard,1,3309.69,1,0,1,0,0.0,0.0,0,0,0,0,0.0,0.0,0.0,0.0,0.0,0.0,0.0,0.0,LOW,NORMAL_CUSTOMER,NO_MAJOR_RISK_SIGNAL
C000530,Elijah,Taylor,Other,Standard,3,7726.1,5,2,3,2,20.0,30.0,0,0,0,0,30.0,0.67,0.67,0.0,10.83,0.0,0.0,15.25,LOW,LOYAL_LOW_FRICTION_CUSTOMER,REPEATED_PAYMENT_FAILURES
C000532,Elizabeth,Cortez,Other,Standard,1,4008.16,1,0,1,0,0.0,0.0,0,0,0,0,0.0,0.0,0.0,0.0,0.0,0.0,0.0,0.0,LOW,NORMAL_CUSTOMER,NO_MAJOR_RISK_SIGNAL
C000535,Holly,Brown,United States,Standard,2,2482.71,2,0,2,0,20.0,40.0,1,0,0,1,40.0,0.0,0.0,0.5,1.25,0.5,30.0,25.38,MEDIUM,NORMAL_CUSTOMER,NO_MAJOR_RISK_SIGNAL
C000537,Gary,Parker,United States,Premium,3,9345.37,3,0,3,0,28.33,45.0,2,0,0,2,45.0,0.0,0.0,0.67,1.67,0.67,65.67,38.2,MEDIUM,NORMAL_CUSTOMER,PERSISTENT_BEHAVIOR | MULTIPLE_PROBLEMATIC_JOURNEYS
C000538,Catherine,Ferguson,Saudi Arabia,VIP,1,2337.13,2,1,1,1,35.0,35.0,0,0,0,0,35.0,1.0,1.0,0.0,16.25,0.0,0.0,18.88,LOW,NORMAL_CUSTOMER,NO_MAJOR_RISK_SIGNAL
C000540,Danny,Cole,Saudi Arabia,Premium,2,6067.8,2,0,2,0,0.0,0.0,0,0,0,0,0.0,0.0,0.0,0.0,0.0,0.0,0.0,0.0,LOW,NORMAL_CUSTOMER,NO_MAJOR_RISK_SIGNAL
C000541,Lori,Forbes,Other,Standard,1,1296.74,1,0,1,0,45.0,45.0,1,0,0,1,45.0,0.0,0.0,1.0,2.5,1.0,30.0,27.75,MEDIUM,NORMAL_CUSTOMER,NO_MAJOR_RISK_SIGNAL
C000542,Tami,Johnson,Pakistan,Premium,4,11679.08,5,1,4,1,28.75,45.0,2,0,0,2,45.0,0.25,0.25,0.5,5.31,0.5,59.0,37.29,MEDIUM,NORMAL_CUSTOMER,PERSISTENT_BEHAVIOR | MULTIPLE_PROBLEMATIC_JOURNEYS
C000543,Daniel,Brown,Saudi Arabia,Standard,1,727.43,1,0,1,0,0.0,0.0,0,0,0,0,0.0,0.0,0.0,0.0,0.0,0.0,0.0,0.0,LOW,NORMAL_CUSTOMER,NO_MAJOR_RISK_SIGNAL
C000545,Larry,Williams,Pakistan,Standard,1,805.48,1,0,1,0,0.0,0.0,0,0,0,0,0.0,0.0,0.0,0.0,0.0,0.0,0.0,0.0,LOW,NORMAL_CUSTOMER,NO_MAJOR_RISK_SIGNAL
C000546,Erica,Wilson,United Arab Emirates,Standard,7,21160.19,10,3,7,3,14.29,35.0,0,0,0,0,35.0,0.43,0.43,0.0,6.96,0.0,0.0,16.09,LOW,LOYAL_LOW_FRICTION_CUSTOMER,REPEATED_PAYMENT_FAILURES
C000547,Susan,Roman,Saudi Arabia,Standard,3,9038.04,3,0,3,0,13.33,40.0,1,0,0,1,40.0,0.0,0.0,0.33,0.83,0.33,30.0,25.25,MEDIUM,LOYAL_LOW_FRICTION_CUSTOMER,NO_MAJOR_RISK_SIGNAL
C000548,Randy,Contreras,United Kingdom,Standard,1,2228.06,1,0,1,0,0.0,0.0,0,0,0,0,0.0,0.0,0.0,0.0,0.0,0.0,0.0,0.0,LOW,NORMAL_CUSTOMER,NO_MAJOR_RISK_SIGNAL
C000549,Jennifer,Ellis,Pakistan,Standard,2,4024.54,2,0,2,0,40.0,40.0,2,0,0,2,40.0,0.0,0.0,1.0,2.5,1.0,79.0,40.45,MEDIUM,NORMAL_CUSTOMER,PERSISTENT_BEHAVIOR | MULTIPLE_PROBLEMATIC_JOURNEYS
C000551,Hannah,Sawyer,Pakistan,Premium,1,2106.05,1,0,1,0,0.0,0.0,0,0,0,0,0.0,0.0,0.0,0.0,0.0,0.0,0.0,0.0,LOW,NORMAL_CUSTOMER,NO_MAJOR_RISK_SIGNAL
C000552,Courtney,Hernandez,Other,Standard,1,1950.44,2,1,1,1,30.0,30.0,0,0,0,0,30.0,1.0,1.0,0.0,16.25,0.0,0.0,16.88,LOW,NORMAL_CUSTOMER,NO_MAJOR_RISK_SIGNAL
C000553,Curtis,Riley,Pakistan,Standard,1,2881.57,3,2,1,2,65.0,65.0,2,1,0,1,65.0,2.0,2.0,2.0,37.5,1.0,30.0,46.25,MEDIUM,NORMAL_CUSTOMER,REPEATED_PAYMENT_FAILURES
C000554,Kendra,Buckley,Pakistan,Premium,1,1375.68,1,0,1,0,0.0,0.0,0,0,0,0,0.0,0.0,0.0,0.0,0.0,0.0,0.0,0.0,LOW,NORMAL_CUSTOMER,NO_MAJOR_RISK_SIGNAL
C000556,Caroline,Thomas,United Arab Emirates,Standard,3,9551.38,5,2,3,2,36.67,65.0,3,1,0,2,65.0,0.67,0.67,1.0,13.33,0.67,65.67,49.7,HIGH,FRICTION_PRONE_CUSTOMER,PERSISTENT_BEHAVIOR | REPEATED_PAYMENT_FAILURES | MULTIPLE_PROBLEMATIC_JOURNEYS
C000557,David,Valdez,Saudi Arabia,Standard,3,5128.58,4,1,3,1,25.0,40.0,1,0,0,1,40.0,0.33,0.33,0.33,6.25,0.33,30.0,26.88,MEDIUM,LOYAL_LOW_FRICTION_CUSTOMER,NO_MAJOR_RISK_SIGNAL
C000558,Tonya,Ruiz,Saudi Arabia,Standard,1,1172.13,1,0,1,0,45.0,45.0,1,0,0,1,45.0,0.0,0.0,1.0,2.5,1.0,30.0,27.75,MEDIUM,NORMAL_CUSTOMER,NO_MAJOR_RISK_SIGNAL
C000559,Kimberly,Hardin,United States,VIP,1,3991.23,1,0,1,0,0.0,0.0,0,0,0,0,0.0,0.0,0.0,0.0,0.0,0.0,0.0,0.0,LOW,NORMAL_CUSTOMER,NO_MAJOR_RISK_SIGNAL
C000560,Michael,Williams,Pakistan,Premium,2,6527.68,2,0,2,0,0.0,0.0,0,0,0,0,0.0,0.0,0.0,0.0,0.0,0.0,0.0,0.0,LOW,NORMAL_CUSTOMER,NO_MAJOR_RISK_SIGNAL
C000561,Ross,Haynes,United Kingdom,Premium,2,3702.33,5,3,2,3,65.0,100.0,3,1,1,1,100.0,1.5,1.5,1.5,28.12,0.5,30.0,57.44,HIGH,FRICTION_PRONE_CUSTOMER,HIGH_SEVERITY | REPEATED_PAYMENT_FAILURES | CRITICAL_JOURNEY
C000562,Mitchell,Anderson,Saudi Arabia,Standard,1,4732.18,2,1,1,1,75.0,75.0,1,1,0,1,75.0,1.0,1.0,1.0,18.75,1.0,30.0,44.62,MEDIUM,NORMAL_CUSTOMER,HIGH_SEVERITY
C000563,William,Jackson,Saudi Arabia,Standard,2,4052.43,4,2,2,2,50.0,100.0,3,1,1,1,100.0,1.0,1.0,1.5,20.0,0.5,30.0,55.0,HIGH,FRICTION_PRONE_CUSTOMER,HIGH_SEVERITY | REPEATED_PAYMENT_FAILURES | CRITICAL_JOURNEY
C000564,Matthew,Williams,Saudi Arabia,Standard,1,3820.18,1,0,1,0,45.0,45.0,1,0,0,1,45.0,0.0,0.0,1.0,2.5,1.0,30.0,27.75,MEDIUM,NORMAL_CUSTOMER,NO_MAJOR_RISK_SIGNAL
C000565,Melissa,Parker,United Arab Emirates,Standard,2,3743.33,2,0,2,0,0.0,0.0,0,0,0,0,0.0,0.0,0.0,0.0,0.0,0.0,0.0,0.0,LOW,NORMAL_CUSTOMER,NO_MAJOR_RISK_SIGNAL
C000567,Daniel,Bryant,United Arab Emirates,Standard,2,5251.35,2,0,2,0,20.0,40.0,1,0,0,1,40.0,0.0,0.0,0.5,1.25,0.5,30.0,25.38,MEDIUM,NORMAL_CUSTOMER,NO_MAJOR_RISK_SIGNAL
C000570,Maria,Meyers,United Arab Emirates,Standard,2,3910.68,2,0,2,0,0.0,0.0,0,0,0,0,0.0,0.0,0.0,0.0,0.0,0.0,0.0,0.0,LOW,NORMAL_CUSTOMER,NO_MAJOR_RISK_SIGNAL
C000571,Jasmine,Rodriguez,Pakistan,Premium,1,4559.58,1,0,1,0,0.0,0.0,0,0,0,0,0.0,0.0,0.0,0.0,0.0,0.0,0.0,0.0,LOW,NORMAL_CUSTOMER,NO_MAJOR_RISK_SIGNAL
C000572,Ryan,Crawford,United States,Standard,3,11712.74,3,0,3,0,13.33,40.0,1,0,0,1,40.0,0.0,0.0,0.33,0.83,0.33,30.0,25.25,MEDIUM,LOYAL_LOW_FRICTION_CUSTOMER,NO_MAJOR_RISK_SIGNAL
C000573,Jessica,Lloyd,United Arab Emirates,Premium,3,9191.8,5,2,3,2,36.67,65.0,3,1,0,2,65.0,0.67,0.67,1.0,13.33,0.67,65.67,49.7,HIGH,FRICTION_PRONE_CUSTOMER,PERSISTENT_BEHAVIOR | REPEATED_PAYMENT_FAILURES | MULTIPLE_PROBLEMATIC_JOURNEYS
C000575,Joseph,Brock,Other,Standard,5,16159.5,6,1,5,1,24.0,45.0,2,0,0,2,45.0,0.2,0.2,0.4,4.25,0.4,55.0,35.78,MEDIUM,NORMAL_CUSTOMER,PERSISTENT_BEHAVIOR | MULTIPLE_PROBLEMATIC_JOURNEYS
C000576,Lindsey,Simmons,Other,Standard,2,6878.81,5,3,2,3,50.0,65.0,2,1,0,1,65.0,1.5,1.5,1.0,26.88,0.5,30.0,43.06,MEDIUM,NORMAL_CUSTOMER,REPEATED_PAYMENT_FAILURES
C000579,Ryan,Gregory,United Arab Emirates,Standard,1,1645.17,1,0,1,0,40.0,40.0,1,0,0,1,40.0,0.0,0.0,1.0,2.5,1.0,30.0,25.75,MEDIUM,NORMAL_CUSTOMER,NO_MAJOR_RISK_SIGNAL
C000580,Jessica,Nguyen,Saudi Arabia,Premium,1,4642.33,1,0,1,0,45.0,45.0,1,0,0,1,45.0,0.0,0.0,1.0,2.5,1.0,30.0,27.75,MEDIUM,NORMAL_CUSTOMER,NO_MAJOR_RISK_SIGNAL
C000581,Joseph,Daugherty,United Arab Emirates,VIP,3,9662.21,5,2,3,2,36.67,65.0,3,1,0,2,65.0,0.67,0.67,1.0,13.33,0.67,65.67,49.7,HIGH,FRICTION_PRONE_CUSTOMER,PERSISTENT_BEHAVIOR | REPEATED_PAYMENT_FAILURES | MULTIPLE_PROBLEMATIC_JOURNEYS
C000582,Melissa,Johnston,Other,Standard,2,6062.26,4,2,2,2,30.0,60.0,2,1,0,1,60.0,1.0,1.0,1.0,18.75,0.5,30.0,38.62,MEDIUM,NORMAL_CUSTOMER,REPEATED_PAYMENT_FAILURES
C000584,Christopher,Copeland,United Arab Emirates,Standard,2,8184.96,2,0,2,0,0.0,0.0,0,0,0,0,0.0,0.0,0.0,0.0,0.0,0.0,0.0,0.0,LOW,NORMAL_CUSTOMER,NO_MAJOR_RISK_SIGNAL
C000585,Nicole,Mcguire,Pakistan,Premium,1,2919.16,2,1,1,1,35.0,35.0,0,0,0,0,35.0,1.0,1.0,0.0,16.25,0.0,0.0,18.88,LOW,NORMAL_CUSTOMER,NO_MAJOR_RISK_SIGNAL
C000586,John,Duran,Saudi Arabia,Standard,2,6705.03,4,2,2,2,32.5,65.0,2,1,0,1,65.0,1.0,1.0,1.0,18.75,0.5,30.0,40.62,MEDIUM,NORMAL_CUSTOMER,REPEATED_PAYMENT_FAILURES
C000588,Cheryl,Rogers,Saudi Arabia,Standard,2,6001.0,2,0,2,0,20.0,40.0,1,0,0,1,40.0,0.0,0.0,0.5,1.25,0.5,30.0,25.38,MEDIUM,NORMAL_CUSTOMER,NO_MAJOR_RISK_SIGNAL
C000589,Nicholas,Martinez,Saudi Arabia,Premium,2,6344.94,3,1,2,1,35.0,70.0,1,1,0,1,70.0,0.5,0.5,0.5,9.38,0.5,30.0,39.81,MEDIUM,NORMAL_CUSTOMER,HIGH_SEVERITY
C000590,Anthony,Thomas,Saudi Arabia,Standard,1,2345.51,1,0,1,0,0.0,0.0,0,0,0,0,0.0,0.0,0.0,0.0,0.0,0.0,0.0,0.0,LOW,NORMAL_CUSTOMER,NO_MAJOR_RISK_SIGNAL
C000591,Melissa,Perry,Saudi Arabia,Standard,1,3397.85,1,0,1,0,0.0,0.0,0,0,0,0,0.0,0.0,0.0,0.0,0.0,0.0,0.0,0.0,LOW,NORMAL_CUSTOMER,NO_MAJOR_RISK_SIGNAL
C000592,Hunter,Horton,Pakistan,Premium,1,1640.11,1,0,1,0,0.0,0.0,0,0,0,0,0.0,0.0,0.0,0.0,0.0,0.0,0.0,0.0,LOW,NORMAL_CUSTOMER,NO_MAJOR_RISK_SIGNAL
C000594,Lauren,Gonzales,United Arab Emirates,Standard,4,10333.52,5,1,4,1,30.0,45.0,2,0,0,2,45.0,0.25,0.25,0.5,5.31,0.5,59.0,37.29,MEDIUM,NORMAL_CUSTOMER,PERSISTENT_BEHAVIOR | MULTIPLE_PROBLEMATIC_JOURNEYS
C000596,Nicole,Williams,United Arab Emirates,Standard,5,15186.31,5,0,5,0,8.0,40.0,1,0,0,1,40.0,0.0,0.0,0.2,0.5,0.2,26.0,23.95,LOW,LOYAL_LOW_FRICTION_CUSTOMER,NO_MAJOR_RISK_SIGNAL
C000597,Jacqueline,Garcia,United Kingdom,Standard,3,11793.23,5,2,3,2,35.0,65.0,3,1,0,2,65.0,0.67,0.67,1.0,13.33,0.67,65.67,49.7,HIGH,FRICTION_PRONE_CUSTOMER,PERSISTENT_BEHAVIOR | REPEATED_PAYMENT_FAILURES | MULTIPLE_PROBLEMATIC_JOURNEYS
C000598,Joshua,Boone,Saudi Arabia,Standard,3,7882.86,4,1,3,1,26.67,80.0,1,1,1,1,80.0,0.33,0.33,0.33,6.25,0.33,30.0,42.88,MEDIUM,LOYAL_LOW_FRICTION_CUSTOMER,HIGH_SEVERITY | CRITICAL_JOURNEY
C000599,Alejandro,Salazar,Saudi Arabia,Standard,1,3846.91,1,0,1,0,40.0,40.0,1,0,0,1,40.0,0.0,0.0,1.0,2.5,1.0,30.0,25.75,MEDIUM,NORMAL_CUSTOMER,NO_MAJOR_RISK_SIGNAL
C000600,Stacy,Strickland,Saudi Arabia,Standard,1,4077.21,1,0,1,0,45.0,45.0,1,0,0,1,45.0,0.0,0.0,1.0,2.5,1.0,30.0,27.75,MEDIUM,NORMAL_CUSTOMER,NO_MAJOR_RISK_SIGNAL
C000601,Christopher,Smith,Saudi Arabia,Standard,5,14266.12,5,0,5,0,16.0,40.0,2,0,0,2,40.0,0.0,0.0,0.4,1.0,0.4,55.0,32.8,MEDIUM,NORMAL_CUSTOMER,PERSISTENT_BEHAVIOR | MULTIPLE_PROBLEMATIC_JOURNEYS
C000602,Jennifer,Tucker,Saudi Arabia,Standard,1,2098.82,1,0,1,0,45.0,45.0,1,0,0,1,45.0,0.0,0.0,1.0,2.5,1.0,30.0,27.75,MEDIUM,NORMAL_CUSTOMER,NO_MAJOR_RISK_SIGNAL
C000603,Tracy,Smith,Saudi Arabia,Premium,1,4560.33,1,0,1,0,0.0,0.0,0,0,0,0,0.0,0.0,0.0,0.0,0.0,0.0,0.0,0.0,LOW,NORMAL_CUSTOMER,NO_MAJOR_RISK_SIGNAL
C000604,Katherine,White,Saudi Arabia,Premium,2,3550.56,3,1,2,1,37.5,45.0,1,0,0,1,45.0,0.5,0.5,0.5,9.38,0.5,30.0,29.81,MEDIUM,NORMAL_CUSTOMER,NO_MAJOR_RISK_SIGNAL
C000605,Hannah,Davis,Saudi Arabia,Standard,1,4723.86,2,1,1,1,35.0,35.0,0,0,0,0,35.0,1.0,1.0,0.0,16.25,0.0,0.0,18.88,LOW,NORMAL_CUSTOMER,NO_MAJOR_RISK_SIGNAL
C000607,Travis,Eaton,Saudi Arabia,Standard,1,4975.17,1,0,1,0,0.0,0.0,0,0,0,0,0.0,0.0,0.0,0.0,0.0,0.0,0.0,0.0,LOW,NORMAL_CUSTOMER,NO_MAJOR_RISK_SIGNAL
C000608,Laura,Butler,United Arab Emirates,Premium,2,5348.13,2,0,2,0,0.0,0.0,0,0,0,0,0.0,0.0,0.0,0.0,0.0,0.0,0.0,0.0,LOW,NORMAL_CUSTOMER,NO_MAJOR_RISK_SIGNAL
C000609,Christopher,Aguirre,Pakistan,Standard,2,6045.99,3,1,2,1,15.0,30.0,0,0,0,0,30.0,0.5,0.5,0.0,8.12,0.0,0.0,14.44,LOW,NORMAL_CUSTOMER,NO_MAJOR_RISK_SIGNAL
C000610,Jeffrey,Barton,United Kingdom,Standard,3,7815.48,6,3,3,3,46.67,65.0,4,1,0,2,65.0,1.0,1.0,1.33,19.58,0.67,65.67,51.58,HIGH,FRICTION_PRONE_CUSTOMER,PERSISTENT_BEHAVIOR | REPEATED_PAYMENT_FAILURES | MULTIPLE_PROBLEMATIC_JOURNEYS
C000611,Heather,Schwartz,Saudi Arabia,Standard,4,8396.73,5,1,4,1,8.75,35.0,0,0,0,0,35.0,0.25,0.25,0.0,4.06,0.0,0.0,15.22,LOW,LOYAL_LOW_FRICTION_CUSTOMER,NO_MAJOR_RISK_SIGNAL
C000613,Bonnie,Bowman,Pakistan,Standard,3,10636.62,3,0,3,0,30.0,45.0,2,0,0,2,45.0,0.0,0.0,0.67,1.67,0.67,65.67,38.2,MEDIUM,NORMAL_CUSTOMER,PERSISTENT_BEHAVIOR | MULTIPLE_PROBLEMATIC_JOURNEYS
C000615,Alyssa,Jenkins,Other,Standard,3,8779.53,3,0,3,0,0.0,0.0,0,0,0,0,0.0,0.0,0.0,0.0,0.0,0.0,0.0,0.0,LOW,LOYAL_LOW_FRICTION_CUSTOMER,NO_MAJOR_RISK_SIGNAL
C000616,Ronald,Hurley,Other,Standard,5,12266.79,5,0,5,0,0.0,0.0,0,0,0,0,0.0,0.0,0.0,0.0,0.0,0.0,0.0,0.0,LOW,LOYAL_LOW_FRICTION_CUSTOMER,NO_MAJOR_RISK_SIGNAL
C000617,Julie,Bishop,Saudi Arabia,Standard,3,6784.09,3,0,3,0,13.33,40.0,1,0,0,1,40.0,0.0,0.0,0.33,0.83,0.33,30.0,25.25,MEDIUM,LOYAL_LOW_FRICTION_CUSTOMER,NO_MAJOR_RISK_SIGNAL
C000618,Mark,Johnson,Saudi Arabia,Premium,1,4716.39,1,0,1,0,0.0,0.0,0,0,0,0,0.0,0.0,0.0,0.0,0.0,0.0,0.0,0.0,LOW,NORMAL_CUSTOMER,NO_MAJOR_RISK_SIGNAL
C000619,Jacqueline,White,United States,Standard,1,1558.14,1,0,1,0,40.0,40.0,1,0,0,1,40.0,0.0,0.0,1.0,2.5,1.0,30.0,25.75,MEDIUM,NORMAL_CUSTOMER,NO_MAJOR_RISK_SIGNAL
C000620,Joseph,Porter,United Kingdom,Standard,3,10235.44,3,0,3,0,13.33,40.0,1,0,0,1,40.0,0.0,0.0,0.33,0.83,0.33,30.0,25.25,MEDIUM,LOYAL_LOW_FRICTION_CUSTOMER,NO_MAJOR_RISK_SIGNAL
C000623,James,Patton,United Arab Emirates,Standard,1,4443.7,1,0,1,0,0.0,0.0,0,0,0,0,0.0,0.0,0.0,0.0,0.0,0.0,0.0,0.0,LOW,NORMAL_CUSTOMER,NO_MAJOR_RISK_SIGNAL
C000624,David,Bailey,United Arab Emirates,Standard,1,2293.03,2,1,1,1,30.0,30.0,0,0,0,0,30.0,1.0,1.0,0.0,16.25,0.0,0.0,16.88,LOW,NORMAL_CUSTOMER,NO_MAJOR_RISK_SIGNAL
C000626,Kathleen,Young,United Arab Emirates,VIP,1,636.04,2,1,1,1,30.0,30.0,0,0,0,0,30.0,1.0,1.0,0.0,16.25,0.0,0.0,16.88,LOW,NORMAL_CUSTOMER,NO_MAJOR_RISK_SIGNAL
C000627,Jacob,Wilson,United Arab Emirates,Standard,1,2387.38,3,2,1,2,100.0,100.0,3,1,1,1,100.0,2.0,2.0,3.0,40.0,1.0,30.0,61.0,HIGH,FRICTION_PRONE_CUSTOMER,HIGH_SEVERITY | REPEATED_PAYMENT_FAILURES | CRITICAL_JOURNEY
C000628,Javier,Moreno,United Kingdom,VIP,1,4539.01,1,0,1,0,45.0,45.0,1,0,0,1,45.0,0.0,0.0,1.0,2.5,1.0,30.0,27.75,MEDIUM,NORMAL_CUSTOMER,NO_MAJOR_RISK_SIGNAL
C000629,Todd,Davis,Saudi Arabia,Standard,2,5961.09,4,2,2,2,30.0,30.0,0,0,0,0,30.0,1.0,1.0,0.0,16.25,0.0,0.0,16.88,LOW,NORMAL_CUSTOMER,REPEATED_PAYMENT_FAILURES
C000630,Jenny,Cox,Saudi Arabia,Standard,1,3733.02,1,0,1,0,40.0,40.0,1,0,0,1,40.0,0.0,0.0,1.0,2.5,1.0,30.0,25.75,MEDIUM,NORMAL_CUSTOMER,NO_MAJOR_RISK_SIGNAL
C000631,Tiffany,Juarez,United Kingdom,Standard,2,4338.48,3,1,2,1,35.0,40.0,1,0,0,1,40.0,0.5,0.5,0.5,9.38,0.5,30.0,27.81,MEDIUM,NORMAL_CUSTOMER,NO_MAJOR_RISK_SIGNAL
C000632,Alicia,Fernandez,Other,Standard,1,2203.26,1,0,1,0,0.0,0.0,0,0,0,0,0.0,0.0,0.0,0.0,0.0,0.0,0.0,0.0,LOW,NORMAL_CUSTOMER,NO_MAJOR_RISK_SIGNAL
C000633,Justin,Robinson,Pakistan,Standard,1,2044.37,1,0,1,0,0.0,0.0,0,0,0,0,0.0,0.0,0.0,0.0,0.0,0.0,0.0,0.0,LOW,NORMAL_CUSTOMER,NO_MAJOR_RISK_SIGNAL
C000635,James,Hopkins,Saudi Arabia,Premium,2,5620.23,3,1,2,1,35.0,40.0,1,0,0,1,40.0,0.5,0.5,0.5,9.38,0.5,30.0,27.81,MEDIUM,NORMAL_CUSTOMER,NO_MAJOR_RISK_SIGNAL
C000636,Jeremy,Hill,United Arab Emirates,Premium,1,4140.43,1,0,1,0,0.0,0.0,0,0,0,0,0.0,0.0,0.0,0.0,0.0,0.0,0.0,0.0,LOW,NORMAL_CUSTOMER,NO_MAJOR_RISK_SIGNAL
C000637,Harry,Lee,Pakistan,Standard,2,5422.91,3,1,2,1,15.0,30.0,0,0,0,0,30.0,0.5,0.5,0.0,8.12,0.0,0.0,14.44,LOW,NORMAL_CUSTOMER,NO_MAJOR_RISK_SIGNAL
C000639,Amanda,Jennings,Saudi Arabia,Standard,1,2091.23,1,0,1,0,0.0,0.0,0,0,0,0,0.0,0.0,0.0,0.0,0.0,0.0,0.0,0.0,LOW,NORMAL_CUSTOMER,NO_MAJOR_RISK_SIGNAL
C000640,Joshua,Schmitt,United Arab Emirates,Standard,2,4232.81,4,2,2,2,32.5,65.0,2,1,0,1,65.0,1.0,1.0,1.0,18.75,0.5,30.0,40.62,MEDIUM,NORMAL_CUSTOMER,REPEATED_PAYMENT_FAILURES
C000641,Terri,Wells,Saudi Arabia,Standard,1,2568.98,2,1,1,1,30.0,30.0,0,0,0,0,30.0,1.0,1.0,0.0,16.25,0.0,0.0,16.88,LOW,NORMAL_CUSTOMER,NO_MAJOR_RISK_SIGNAL
C000642,Angela,Thompson,United Arab Emirates,Standard,1,2279.92,1,0,1,0,0.0,0.0,0,0,0,0,0.0,0.0,0.0,0.0,0.0,0.0,0.0,0.0,LOW,NORMAL_CUSTOMER,NO_MAJOR_RISK_SIGNAL
C000643,Heidi,Santiago,Saudi Arabia,Standard,1,4104.31,2,1,1,1,35.0,35.0,0,0,0,0,35.0,1.0,1.0,0.0,16.25,0.0,0.0,18.88,LOW,NORMAL_CUSTOMER,NO_MAJOR_RISK_SIGNAL
C000644,David,Williams,United Arab Emirates,Standard,2,5574.92,2,0,2,0,20.0,40.0,1,0,0,1,40.0,0.0,0.0,0.5,1.25,0.5,30.0,25.38,MEDIUM,NORMAL_CUSTOMER,NO_MAJOR_RISK_SIGNAL
C000645,Miranda,Newman,Saudi Arabia,Premium,1,558.83,3,2,1,2,60.0,60.0,2,1,0,1,60.0,2.0,2.0,2.0,37.5,1.0,30.0,44.25,MEDIUM,NORMAL_CUSTOMER,REPEATED_PAYMENT_FAILURES
C000646,Travis,Mitchell,Other,Premium,4,11700.55,5,1,4,1,28.75,70.0,2,1,0,2,70.0,0.25,0.25,0.5,5.31,0.5,59.0,47.29,MEDIUM,NORMAL_CUSTOMER,HIGH_SEVERITY | PERSISTENT_BEHAVIOR | MULTIPLE_PROBLEMATIC_JOURNEYS
C000647,Monique,Hamilton,Pakistan,Standard,2,8391.29,2,0,2,0,0.0,0.0,0,0,0,0,0.0,0.0,0.0,0.0,0.0,0.0,0.0,0.0,LOW,NORMAL_CUSTOMER,NO_MAJOR_RISK_SIGNAL
C000649,Taylor,Trujillo,United States,Standard,1,2504.69,1,0,1,0,40.0,40.0,1,0,0,1,40.0,0.0,0.0,1.0,2.5,1.0,30.0,25.75,MEDIUM,NORMAL_CUSTOMER,NO_MAJOR_RISK_SIGNAL
C000650,Scott,Chang,United Arab Emirates,Standard,3,6929.98,6,3,3,3,30.0,30.0,0,0,0,0,30.0,1.0,1.0,0.0,16.25,0.0,0.0,16.88,LOW,NORMAL_CUSTOMER,REPEATED_PAYMENT_FAILURES
C000651,Jack,Williams,Saudi Arabia,Standard,1,3561.06,1,0,1,0,0.0,0.0,0,0,0,0,0.0,0.0,0.0,0.0,0.0,0.0,0.0,0.0,LOW,NORMAL_CUSTOMER,NO_MAJOR_RISK_SIGNAL
C000652,Brett,Yang,Pakistan,Standard,1,1565.08,3,2,1,2,65.0,65.0,2,1,0,1,65.0,2.0,2.0,2.0,37.5,1.0,30.0,46.25,MEDIUM,NORMAL_CUSTOMER,REPEATED_PAYMENT_FAILURES
C000653,Shelley,Buckley,Pakistan,Standard,1,2124.97,1,0,1,0,40.0,40.0,1,0,0,1,40.0,0.0,0.0,1.0,2.5,1.0,30.0,25.75,MEDIUM,NORMAL_CUSTOMER,NO_MAJOR_RISK_SIGNAL
C000655,Lynn,Floyd,United Arab Emirates,Standard,2,5068.18,2,0,2,0,20.0,40.0,1,0,0,1,40.0,0.0,0.0,0.5,1.25,0.5,30.0,25.38,MEDIUM,NORMAL_CUSTOMER,NO_MAJOR_RISK_SIGNAL
C000657,Charles,Wilson,Saudi Arabia,Standard,2,7133.07,3,1,2,1,40.0,80.0,1,1,1,1,80.0,0.5,0.5,0.5,9.38,0.5,30.0,43.81,MEDIUM,NORMAL_CUSTOMER,HIGH_SEVERITY | CRITICAL_JOURNEY
C000658,Crystal,Jacobson,United Arab Emirates,VIP,1,4119.45,1,0,1,0,0.0,0.0,0,0,0,0,0.0,0.0,0.0,0.0,0.0,0.0,0.0,0.0,LOW,NORMAL_CUSTOMER,NO_MAJOR_RISK_SIGNAL
C000659,Brian,Griffith,Pakistan,Premium,2,3179.58,2,0,2,0,0.0,0.0,0,0,0,0,0.0,0.0,0.0,0.0,0.0,0.0,0.0,0.0,LOW,NORMAL_CUSTOMER,NO_MAJOR_RISK_SIGNAL
C000660,Edward,Watkins,Pakistan,Standard,4,13860.98,6,2,4,2,15.0,60.0,2,1,0,1,60.0,0.5,0.5,0.5,9.38,0.25,28.0,35.21,MEDIUM,LOYAL_LOW_FRICTION_CUSTOMER,REPEATED_PAYMENT_FAILURES
C000661,Anna,Nguyen,United Arab Emirates,Standard,2,7848.6,3,1,2,1,37.5,45.0,1,0,0,1,45.0,0.5,0.5,0.5,9.38,0.5,30.0,29.81,MEDIUM,NORMAL_CUSTOMER,NO_MAJOR_RISK_SIGNAL
C000662,Kevin,Gonzalez,Other,Premium,5,11871.93,7,2,5,2,13.0,65.0,2,1,0,1,65.0,0.4,0.4,0.4,7.5,0.2,26.0,36.05,MEDIUM,LOYAL_LOW_FRICTION_CUSTOMER,REPEATED_PAYMENT_FAILURES
C000663,Victoria,Rhodes,Pakistan,Standard,1,3214.93,1,0,1,0,0.0,0.0,0,0,0,0,0.0,0.0,0.0,0.0,0.0,0.0,0.0,0.0,LOW,NORMAL_CUSTOMER,NO_MAJOR_RISK_SIGNAL
C000664,David,Nguyen,Saudi Arabia,Premium,2,8641.33,2,0,2,0,0.0,0.0,0,0,0,0,0.0,0.0,0.0,0.0,0.0,0.0,0.0,0.0,LOW,NORMAL_CUSTOMER,NO_MAJOR_RISK_SIGNAL
C000665,Kathy,Maxwell,Saudi Arabia,Standard,1,3364.9,1,0,1,0,0.0,0.0,0,0,0,0,0.0,0.0,0.0,0.0,0.0,0.0,0.0,0.0,LOW,NORMAL_CUSTOMER,NO_MAJOR_RISK_SIGNAL
C000666,Catherine,Nguyen,Saudi Arabia,Premium,1,3051.66,1,0,1,0,45.0,45.0,1,0,0,1,45.0,0.0,0.0,1.0,2.5,1.0,30.0,27.75,MEDIUM,NORMAL_CUSTOMER,NO_MAJOR_RISK_SIGNAL
C000667,Krystal,Garcia,Saudi Arabia,Premium,3,10573.19,3,0,3,0,0.0,0.0,0,0,0,0,0.0,0.0,0.0,0.0,0.0,0.0,0.0,0.0,LOW,LOYAL_LOW_FRICTION_CUSTOMER,NO_MAJOR_RISK_SIGNAL
C000668,Jeremiah,Rojas,Saudi Arabia,Standard,3,6685.41,3,0,3,0,0.0,0.0,0,0,0,0,0.0,0.0,0.0,0.0,0.0,0.0,0.0,0.0,LOW,LOYAL_LOW_FRICTION_CUSTOMER,NO_MAJOR_RISK_SIGNAL
C000670,Shannon,Bennett,Saudi Arabia,Standard,2,6011.35,2,0,2,0,22.5,45.0,1,0,0,1,45.0,0.0,0.0,0.5,1.25,0.5,30.0,27.38,MEDIUM,NORMAL_CUSTOMER,NO_MAJOR_RISK_SIGNAL
C000671,Scott,Walker,Saudi Arabia,Standard,1,2026.93,1,0,1,0,0.0,0.0,0,0,0,0,0.0,0.0,0.0,0.0,0.0,0.0,0.0,0.0,LOW,NORMAL_CUSTOMER,NO_MAJOR_RISK_SIGNAL
C000672,Michelle,Ruiz,Other,Standard,3,6531.76,5,2,3,2,33.33,100.0,3,1,1,1,100.0,0.67,0.67,1.0,13.33,0.33,30.0,53.0,HIGH,FRICTION_PRONE_CUSTOMER,HIGH_SEVERITY | REPEATED_PAYMENT_FAILURES | CRITICAL_JOURNEY
C000673,Veronica,Washington,Saudi Arabia,Standard,2,6869.44,4,2,2,2,30.0,30.0,0,0,0,0,30.0,1.0,1.0,0.0,16.25,0.0,0.0,16.88,LOW,NORMAL_CUSTOMER,REPEATED_PAYMENT_FAILURES
C000674,Kevin,Zamora,Pakistan,Standard,1,1118.72,1,0,1,0,0.0,0.0,0,0,0,0,0.0,0.0,0.0,0.0,0.0,0.0,0.0,0.0,LOW,NORMAL_CUSTOMER,NO_MAJOR_RISK_SIGNAL
C000675,Christine,Thomas,United Arab Emirates,Standard,1,4396.42,1,0,1,0,0.0,0.0,0,0,0,0,0.0,0.0,0.0,0.0,0.0,0.0,0.0,0.0,LOW,NORMAL_CUSTOMER,NO_MAJOR_RISK_SIGNAL
C000676,Chelsea,Reilly,Other,Premium,2,5776.25,4,2,2,2,32.5,35.0,0,0,0,0,35.0,1.0,1.0,0.0,16.25,0.0,0.0,18.88,LOW,NORMAL_CUSTOMER,REPEATED_PAYMENT_FAILURES
C000678,Stacey,Hughes,United Arab Emirates,Standard,2,7939.67,2,0,2,0,0.0,0.0,0,0,0,0,0.0,0.0,0.0,0.0,0.0,0.0,0.0,0.0,LOW,NORMAL_CUSTOMER,NO_MAJOR_RISK_SIGNAL
C000679,Jared,Taylor,Other,Standard,1,3015.99,2,1,1,1,35.0,35.0,0,0,0,0,35.0,1.0,1.0,0.0,16.25,0.0,0.0,18.88,LOW,NORMAL_CUSTOMER,NO_MAJOR_RISK_SIGNAL
C000680,Jason,Cortez,Other,Standard,1,1258.95,1,0,1,0,0.0,0.0,0,0,0,0,0.0,0.0,0.0,0.0,0.0,0.0,0.0,0.0,LOW,NORMAL_CUSTOMER,NO_MAJOR_RISK_SIGNAL
C000681,Donna,Chen,United States,Standard,2,6674.07,2,0,2,0,20.0,40.0,1,0,0,1,40.0,0.0,0.0,0.5,1.25,0.5,30.0,25.38,MEDIUM,NORMAL_CUSTOMER,NO_MAJOR_RISK_SIGNAL
C000682,Eric,Cantrell,Saudi Arabia,VIP,2,4602.46,6,4,2,4,65.0,65.0,4,2,0,2,65.0,2.0,2.0,2.0,37.5,1.0,79.0,60.95,HIGH,FRICTION_PRONE_CUSTOMER,PERSISTENT_BEHAVIOR | REPEATED_PAYMENT_FAILURES | MULTIPLE_PROBLEMATIC_JOURNEYS
C000683,Glenn,Harris,Saudi Arabia,Standard,1,2172.93,2,1,1,1,70.0,70.0,1,1,0,1,70.0,1.0,1.0,1.0,18.75,1.0,30.0,42.62,MEDIUM,NORMAL_CUSTOMER,HIGH_SEVERITY
C000685,Aaron,Schwartz,Other,Standard,1,853.33,1,0,1,0,0.0,0.0,0,0,0,0,0.0,0.0,0.0,0.0,0.0,0.0,0.0,0.0,LOW,NORMAL_CUSTOMER,NO_MAJOR_RISK_SIGNAL
C000686,Shannon,Brown,Pakistan,Standard,2,4005.43,3,1,2,1,15.0,30.0,0,0,0,0,30.0,0.5,0.5,0.0,8.12,0.0,0.0,14.44,LOW,NORMAL_CUSTOMER,NO_MAJOR_RISK_SIGNAL
C000687,Brittney,Taylor,Pakistan,Premium,2,6218.26,2,0,2,0,0.0,0.0,0,0,0,0,0.0,0.0,0.0,0.0,0.0,0.0,0.0,0.0,LOW,NORMAL_CUSTOMER,NO_MAJOR_RISK_SIGNAL
C000688,Kelly,York,Saudi Arabia,Standard,5,9121.55,6,1,5,1,6.0,30.0,0,0,0,0,30.0,0.2,0.2,0.0,3.25,0.0,0.0,12.98,LOW,LOYAL_LOW_FRICTION_CUSTOMER,NO_MAJOR_RISK_SIGNAL
C000689,Jesse,Ellis,United States,Standard,3,8808.48,4,1,3,1,38.33,75.0,2,1,0,2,75.0,0.33,0.33,0.67,7.08,0.67,65.67,51.82,HIGH,FRICTION_PRONE_CUSTOMER,HIGH_SEVERITY | PERSISTENT_BEHAVIOR | MULTIPLE_PROBLEMATIC_JOURNEYS
C000690,Jasmine,Jackson,Saudi Arabia,Standard,4,14266.0,5,1,4,1,41.25,45.0,3,0,0,3,45.0,0.25,0.25,0.75,5.94,0.75,81.0,44.08,MEDIUM,NORMAL_CUSTOMER,PERSISTENT_BEHAVIOR | MULTIPLE_PROBLEMATIC_JOURNEYS
C000691,Jacqueline,Cooper,United Arab Emirates,VIP,1,777.87,2,1,1,1,35.0,35.0,0,0,0,0,35.0,1.0,1.0,0.0,16.25,0.0,0.0,18.88,LOW,NORMAL_CUSTOMER,NO_MAJOR_RISK_SIGNAL
C000692,Shawn,Tanner,United Arab Emirates,Standard,1,2424.76,1,0,1,0,0.0,0.0,0,0,0,0,0.0,0.0,0.0,0.0,0.0,0.0,0.0,0.0,LOW,NORMAL_CUSTOMER,NO_MAJOR_RISK_SIGNAL
C000693,Grace,Munoz,Pakistan,Premium,3,8753.12,4,1,3,1,25.0,40.0,1,0,0,1,40.0,0.33,0.33,0.33,6.25,0.33,30.0,26.88,MEDIUM,LOYAL_LOW_FRICTION_CUSTOMER,NO_MAJOR_RISK_SIGNAL
C000694,Sandra,Clarke,Saudi Arabia,Standard,1,1416.8,1,0,1,0,40.0,40.0,1,0,0,1,40.0,0.0,0.0,1.0,2.5,1.0,30.0,25.75,MEDIUM,NORMAL_CUSTOMER,NO_MAJOR_RISK_SIGNAL
C000696,Colleen,Carr,Pakistan,Standard,1,4909.51,3,2,1,2,65.0,65.0,2,1,0,1,65.0,2.0,2.0,2.0,37.5,1.0,30.0,46.25,MEDIUM,NORMAL_CUSTOMER,REPEATED_PAYMENT_FAILURES
C000698,Sarah,Cordova,Pakistan,Standard,1,4743.55,1,0,1,0,0.0,0.0,0,0,0,0,0.0,0.0,0.0,0.0,0.0,0.0,0.0,0.0,LOW,NORMAL_CUSTOMER,NO_MAJOR_RISK_SIGNAL
C000699,Ronald,Wyatt,Saudi Arabia,Standard,4,11417.18,5,1,4,1,8.75,35.0,0,0,0,0,35.0,0.25,0.25,0.0,4.06,0.0,0.0,15.22,LOW,LOYAL_LOW_FRICTION_CUSTOMER,NO_MAJOR_RISK_SIGNAL
C000700,Amy,Miller,United Arab Emirates,Standard,3,9036.58,3,0,3,0,0.0,0.0,0,0,0,0,0.0,0.0,0.0,0.0,0.0,0.0,0.0,0.0,LOW,LOYAL_LOW_FRICTION_CUSTOMER,NO_MAJOR_RISK_SIGNAL
C000702,Rebekah,Burns,Saudi Arabia,Standard,2,7353.77,3,1,2,1,15.0,30.0,0,0,0,0,30.0,0.5,0.5,0.0,8.12,0.0,0.0,14.44,LOW,NORMAL_CUSTOMER,NO_MAJOR_RISK_SIGNAL
C000703,Margaret,Forbes,United Arab Emirates,Standard,2,5936.58,2,0,2,0,40.0,40.0,2,0,0,2,40.0,0.0,0.0,1.0,2.5,1.0,79.0,40.45,MEDIUM,NORMAL_CUSTOMER,PERSISTENT_BEHAVIOR | MULTIPLE_PROBLEMATIC_JOURNEYS
C000704,Charles,Vargas,Saudi Arabia,Standard,5,15537.96,5,0,5,0,9.0,45.0,1,0,0,1,45.0,0.0,0.0,0.2,0.5,0.2,26.0,25.95,MEDIUM,LOYAL_LOW_FRICTION_CUSTOMER,NO_MAJOR_RISK_SIGNAL
C000705,Gabriel,Hood,Saudi Arabia,Standard,1,747.42,1,0,1,0,0.0,0.0,0,0,0,0,0.0,0.0,0.0,0.0,0.0,0.0,0.0,0.0,LOW,NORMAL_CUSTOMER,NO_MAJOR_RISK_SIGNAL
C000707,Kaitlyn,Blair,United Arab Emirates,Standard,1,2624.64,1,0,1,0,0.0,0.0,0,0,0,0,0.0,0.0,0.0,0.0,0.0,0.0,0.0,0.0,LOW,NORMAL_CUSTOMER,NO_MAJOR_RISK_SIGNAL
C000708,Ashley,Fitzgerald,United States,Standard,1,3569.37,1,0,1,0,40.0,40.0,1,0,0,1,40.0,0.0,0.0,1.0,2.5,1.0,30.0,25.75,MEDIUM,NORMAL_CUSTOMER,NO_MAJOR_RISK_SIGNAL
C000710,David,Murphy,United Kingdom,Standard,4,9928.11,7,3,4,3,43.75,100.0,4,2,1,2,100.0,0.75,0.75,1.0,14.69,0.5,59.0,62.11,HIGH,FRICTION_PRONE_CUSTOMER,HIGH_SEVERITY | PERSISTENT_BEHAVIOR | REPEATED_PAYMENT_FAILURES | MULTIPLE_PROBLEMATIC_JOURNEYS | CRITICAL_JOURNEY
C000712,Holly,Snow,Pakistan,Standard,1,1827.07,1,0,1,0,45.0,45.0,1,0,0,1,45.0,0.0,0.0,1.0,2.5,1.0,30.0,27.75,MEDIUM,NORMAL_CUSTOMER,NO_MAJOR_RISK_SIGNAL
C000714,Vincent,Hernandez,United Arab Emirates,Premium,3,6845.43,4,1,3,1,23.33,40.0,1,0,0,1,40.0,0.33,0.33,0.33,6.25,0.33,30.0,26.88,MEDIUM,LOYAL_LOW_FRICTION_CUSTOMER,NO_MAJOR_RISK_SIGNAL
C000715,Troy,Berry,United Arab Emirates,Standard,2,2835.04,2,0,2,0,0.0,0.0,0,0,0,0,0.0,0.0,0.0,0.0,0.0,0.0,0.0,0.0,LOW,NORMAL_CUSTOMER,NO_MAJOR_RISK_SIGNAL
C000716,Christopher,Smith,Other,Standard,1,3672.85,1,0,1,0,0.0,0.0,0,0,0,0,0.0,0.0,0.0,0.0,0.0,0.0,0.0,0.0,LOW,NORMAL_CUSTOMER,NO_MAJOR_RISK_SIGNAL
C000717,Bill,Baird,United States,Standard,1,927.4,3,2,1,2,65.0,65.0,2,1,0,1,65.0,2.0,2.0,2.0,37.5,1.0,30.0,46.25,MEDIUM,NORMAL_CUSTOMER,REPEATED_PAYMENT_FAILURES
C000718,Ryan,Williams,Other,Premium,3,8301.74,4,1,3,1,10.0,30.0,0,0,0,0,30.0,0.33,0.33,0.0,5.42,0.0,0.0,13.63,LOW,LOYAL_LOW_FRICTION_CUSTOMER,NO_MAJOR_RISK_SIGNAL
C000720,John,Mack,United Kingdom,Premium,4,15430.3,5,1,4,1,28.75,40.0,2,0,0,2,40.0,0.25,0.25,0.5,5.31,0.5,59.0,35.29,MEDIUM,NORMAL_CUSTOMER,PERSISTENT_BEHAVIOR | MULTIPLE_PROBLEMATIC_JOURNEYS
C000721,Christopher,Johnson,Other,Standard,1,2782.36,2,1,1,1,35.0,35.0,0,0,0,0,35.0,1.0,1.0,0.0,16.25,0.0,0.0,18.88,LOW,NORMAL_CUSTOMER,NO_MAJOR_RISK_SIGNAL
C000722,Suzanne,Schmidt,Saudi Arabia,Standard,1,1140.99,1,0,1,0,40.0,40.0,1,0,0,1,40.0,0.0,0.0,1.0,2.5,1.0,30.0,25.75,MEDIUM,NORMAL_CUSTOMER,NO_MAJOR_RISK_SIGNAL
C000723,Mary,Mendoza,Saudi Arabia,Standard,2,1281.65,3,1,2,1,37.5,75.0,1,1,0,1,75.0,0.5,0.5,0.5,9.38,0.5,30.0,41.81,MEDIUM,NORMAL_CUSTOMER,HIGH_SEVERITY
C000724,Barbara,Yates,United Kingdom,Standard,3,10733.85,3,0,3,0,13.33,40.0,1,0,0,1,40.0,0.0,0.0,0.33,0.83,0.33,30.0,25.25,MEDIUM,LOYAL_LOW_FRICTION_CUSTOMER,NO_MAJOR_RISK_SIGNAL
C000726,Yvonne,Chavez,United States,Standard,1,2465.68,3,2,1,2,100.0,100.0,3,1,1,1,100.0,2.0,2.0,3.0,40.0,1.0,30.0,61.0,HIGH,FRICTION_PRONE_CUSTOMER,HIGH_SEVERITY | REPEATED_PAYMENT_FAILURES | CRITICAL_JOURNEY
C000727,Emily,Allen,Saudi Arabia,Standard,3,8555.3,3,0,3,0,0.0,0.0,0,0,0,0,0.0,0.0,0.0,0.0,0.0,0.0,0.0,0.0,LOW,LOYAL_LOW_FRICTION_CUSTOMER,NO_MAJOR_RISK_SIGNAL
C000728,Joseph,Hansen,United States,Premium,3,8539.09,4,1,3,1,23.33,40.0,1,0,0,1,40.0,0.33,0.33,0.33,6.25,0.33,30.0,26.88,MEDIUM,LOYAL_LOW_FRICTION_CUSTOMER,NO_MAJOR_RISK_SIGNAL
C000729,Billy,Smith,Saudi Arabia,Premium,3,11611.11,3,0,3,0,0.0,0.0,0,0,0,0,0.0,0.0,0.0,0.0,0.0,0.0,0.0,0.0,LOW,LOYAL_LOW_FRICTION_CUSTOMER,NO_MAJOR_RISK_SIGNAL
C000730,Katelyn,Dennis,Saudi Arabia,Standard,2,5476.1,4,2,2,2,52.5,65.0,3,1,0,2,65.0,1.0,1.0,1.5,20.0,1.0,79.0,55.7,HIGH,FRICTION_PRONE_CUSTOMER,PERSISTENT_BEHAVIOR | REPEATED_PAYMENT_FAILURES | MULTIPLE_PROBLEMATIC_JOURNEYS
C000732,Denise,Anderson,United States,Standard,3,6348.76,6,3,3,3,55.0,95.0,4,2,1,2,95.0,1.0,1.0,1.33,19.58,0.67,65.67,63.58,HIGH,FRICTION_PRONE_CUSTOMER,HIGH_SEVERITY | PERSISTENT_BEHAVIOR | REPEATED_PAYMENT_FAILURES | MULTIPLE_PROBLEMATIC_JOURNEYS | CRITICAL_JOURNEY
C000733,Sabrina,Phillips,United Kingdom,Standard,2,4790.58,2,0,2,0,22.5,45.0,1,0,0,1,45.0,0.0,0.0,0.5,1.25,0.5,30.0,27.38,MEDIUM,NORMAL_CUSTOMER,NO_MAJOR_RISK_SIGNAL
C000735,Brenda,Davis,United Arab Emirates,Standard,2,3882.18,2,0,2,0,0.0,0.0,0,0,0,0,0.0,0.0,0.0,0.0,0.0,0.0,0.0,0.0,LOW,NORMAL_CUSTOMER,NO_MAJOR_RISK_SIGNAL
C000736,Cynthia,Castillo,Other,VIP,1,3545.45,1,0,1,0,0.0,0.0,0,0,0,0,0.0,0.0,0.0,0.0,0.0,0.0,0.0,0.0,LOW,NORMAL_CUSTOMER,NO_MAJOR_RISK_SIGNAL
C000738,Christopher,Warner,United States,Standard,2,6798.2,2,0,2,0,0.0,0.0,0,0,0,0,0.0,0.0,0.0,0.0,0.0,0.0,0.0,0.0,LOW,NORMAL_CUSTOMER,NO_MAJOR_RISK_SIGNAL
C000739,Michael,Hodge,United Arab Emirates,Standard,1,4773.18,2,1,1,1,30.0,30.0,0,0,0,0,30.0,1.0,1.0,0.0,16.25,0.0,0.0,16.88,LOW,NORMAL_CUSTOMER,NO_MAJOR_RISK_SIGNAL
C000740,Mathew,Burgess,United Arab Emirates,Standard,2,3112.98,2,0,2,0,22.5,45.0,1,0,0,1,45.0,0.0,0.0,0.5,1.25,0.5,30.0,27.38,MEDIUM,NORMAL_CUSTOMER,NO_MAJOR_RISK_SIGNAL
C000741,Elizabeth,Johnson,United Arab Emirates,Standard,1,3371.25,1,0,1,0,0.0,0.0,0,0,0,0,0.0,0.0,0.0,0.0,0.0,0.0,0.0,0.0,LOW,NORMAL_CUSTOMER,NO_MAJOR_RISK_SIGNAL
C000742,Mia,Gibson,United Arab Emirates,Premium,1,3515.73,2,1,1,1,70.0,70.0,1,1,0,1,70.0,1.0,1.0,1.0,18.75,1.0,30.0,42.62,MEDIUM,NORMAL_CUSTOMER,HIGH_SEVERITY
C000744,Heather,Sawyer,Pakistan,Standard,1,4813.67,1,0,1,0,0.0,0.0,0,0,0,0,0.0,0.0,0.0,0.0,0.0,0.0,0.0,0.0,LOW,NORMAL_CUSTOMER,NO_MAJOR_RISK_SIGNAL
C000747,Lisa,Wood,United Arab Emirates,Standard,2,7771.17,2,0,2,0,22.5,45.0,1,0,0,1,45.0,0.0,0.0,0.5,1.25,0.5,30.0,27.38,MEDIUM,NORMAL_CUSTOMER,NO_MAJOR_RISK_SIGNAL
C000749,Shawn,Schultz,Other,Premium,1,1923.93,1,0,1,0,0.0,0.0,0,0,0,0,0.0,0.0,0.0,0.0,0.0,0.0,0.0,0.0,LOW,NORMAL_CUSTOMER,NO_MAJOR_RISK_SIGNAL
C000750,Leonard,Dalton,Pakistan,Standard,1,1928.25,1,0,1,0,0.0,0.0,0,0,0,0,0.0,0.0,0.0,0.0,0.0,0.0,0.0,0.0,LOW,NORMAL_CUSTOMER,NO_MAJOR_RISK_SIGNAL
C000751,Marcus,Jones,Saudi Arabia,Standard,1,3932.44,2,1,1,1,35.0,35.0,0,0,0,0,35.0,1.0,1.0,0.0,16.25,0.0,0.0,18.88,LOW,NORMAL_CUSTOMER,NO_MAJOR_RISK_SIGNAL
C000752,Tara,Barry,Other,Premium,1,3277.75,1,0,1,0,40.0,40.0,1,0,0,1,40.0,0.0,0.0,1.0,2.5,1.0,30.0,25.75,MEDIUM,NORMAL_CUSTOMER,NO_MAJOR_RISK_SIGNAL
C000753,Richard,Cook,Pakistan,Standard,1,613.56,1,0,1,0,40.0,40.0,1,0,0,1,40.0,0.0,0.0,1.0,2.5,1.0,30.0,25.75,MEDIUM,NORMAL_CUSTOMER,NO_MAJOR_RISK_SIGNAL
C000754,Xavier,Johnson,United Arab Emirates,Standard,2,1166.69,3,1,2,1,40.0,80.0,1,1,1,1,80.0,0.5,0.5,0.5,9.38,0.5,30.0,43.81,MEDIUM,NORMAL_CUSTOMER,HIGH_SEVERITY | CRITICAL_JOURNEY
C000755,Vanessa,Simmons,Saudi Arabia,Standard,3,6839.01,5,2,3,2,35.0,65.0,3,1,0,2,65.0,0.67,0.67,1.0,13.33,0.67,65.67,49.7,HIGH,FRICTION_PRONE_CUSTOMER,PERSISTENT_BEHAVIOR | REPEATED_PAYMENT_FAILURES | MULTIPLE_PROBLEMATIC_JOURNEYS
C000756,Diane,Nelson,United States,Standard,2,2823.08,2,0,2,0,20.0,40.0,1,0,0,1,40.0,0.0,0.0,0.5,1.25,0.5,30.0,25.38,MEDIUM,NORMAL_CUSTOMER,NO_MAJOR_RISK_SIGNAL
C000758,Robert,Daniels,Pakistan,Standard,3,4558.4,3,0,3,0,30.0,45.0,2,0,0,2,45.0,0.0,0.0,0.67,1.67,0.67,65.67,38.2,MEDIUM,NORMAL_CUSTOMER,PERSISTENT_BEHAVIOR | MULTIPLE_PROBLEMATIC_JOURNEYS
C000760,Michael,French,United States,Standard,1,804.67,1,0,1,0,0.0,0.0,0,0,0,0,0.0,0.0,0.0,0.0,0.0,0.0,0.0,0.0,LOW,NORMAL_CUSTOMER,NO_MAJOR_RISK_SIGNAL
C000761,Katherine,Miller,Saudi Arabia,Standard,1,1002.32,3,2,1,2,100.0,100.0,3,1,1,1,100.0,2.0,2.0,3.0,40.0,1.0,30.0,61.0,HIGH,FRICTION_PRONE_CUSTOMER,HIGH_SEVERITY | REPEATED_PAYMENT_FAILURES | CRITICAL_JOURNEY
C000763,Kathleen,Fitzgerald,Saudi Arabia,Premium,2,3950.77,5,3,2,3,47.5,65.0,2,1,0,1,65.0,1.5,1.5,1.0,26.88,0.5,30.0,43.06,MEDIUM,NORMAL_CUSTOMER,REPEATED_PAYMENT_FAILURES
C000767,Samuel,Barron,United States,Premium,2,7722.14,2,0,2,0,20.0,40.0,1,0,0,1,40.0,0.0,0.0,0.5,1.25,0.5,30.0,25.38,MEDIUM,NORMAL_CUSTOMER,NO_MAJOR_RISK_SIGNAL
C000768,Helen,Rodriguez,Other,Premium,3,5329.84,3,0,3,0,0.0,0.0,0,0,0,0,0.0,0.0,0.0,0.0,0.0,0.0,0.0,0.0,LOW,LOYAL_LOW_FRICTION_CUSTOMER,NO_MAJOR_RISK_SIGNAL
C000769,David,Diaz,United Arab Emirates,Standard,2,6747.14,2,0,2,0,20.0,40.0,1,0,0,1,40.0,0.0,0.0,0.5,1.25,0.5,30.0,25.38,MEDIUM,NORMAL_CUSTOMER,NO_MAJOR_RISK_SIGNAL
C000770,Teresa,Harvey,United States,Standard,5,15421.48,6,1,5,1,15.0,45.0,1,0,0,1,45.0,0.2,0.2,0.2,3.75,0.2,26.0,26.92,MEDIUM,LOYAL_LOW_FRICTION_CUSTOMER,NO_MAJOR_RISK_SIGNAL
C000771,Chelsea,Diaz,Saudi Arabia,Standard,2,7118.88,2,0,2,0,0.0,0.0,0,0,0,0,0.0,0.0,0.0,0.0,0.0,0.0,0.0,0.0,LOW,NORMAL_CUSTOMER,NO_MAJOR_RISK_SIGNAL
C000772,John,Thompson,United States,Standard,2,8249.92,3,1,2,1,40.0,45.0,1,0,0,1,45.0,0.5,0.5,0.5,9.38,0.5,30.0,29.81,MEDIUM,NORMAL_CUSTOMER,NO_MAJOR_RISK_SIGNAL
C000773,Eric,Hansen,Saudi Arabia,Premium,1,1318.2,1,0,1,0,40.0,40.0,1,0,0,1,40.0,0.0,0.0,1.0,2.5,1.0,30.0,25.75,MEDIUM,NORMAL_CUSTOMER,NO_MAJOR_RISK_SIGNAL
C000774,Andrea,Jones,United Arab Emirates,Standard,1,2022.95,3,2,1,2,100.0,100.0,3,1,1,1,100.0,2.0,2.0,3.0,40.0,1.0,30.0,61.0,HIGH,FRICTION_PRONE_CUSTOMER,HIGH_SEVERITY | REPEATED_PAYMENT_FAILURES | CRITICAL_JOURNEY
C000775,Andrea,Fletcher,United States,Standard,1,3453.05,3,2,1,2,65.0,65.0,2,1,0,1,65.0,2.0,2.0,2.0,37.5,1.0,30.0,46.25,MEDIUM,NORMAL_CUSTOMER,REPEATED_PAYMENT_FAILURES
C000776,Christopher,Harris,Saudi Arabia,Standard,4,8155.59,5,1,4,1,7.5,30.0,0,0,0,0,30.0,0.25,0.25,0.0,4.06,0.0,0.0,13.22,LOW,LOYAL_LOW_FRICTION_CUSTOMER,NO_MAJOR_RISK_SIGNAL
C000777,Victoria,Zavala,Saudi Arabia,Standard,1,2142.4,1,0,1,0,40.0,40.0,1,0,0,1,40.0,0.0,0.0,1.0,2.5,1.0,30.0,25.75,MEDIUM,NORMAL_CUSTOMER,NO_MAJOR_RISK_SIGNAL
C000779,Steven,Wilson,United Kingdom,Standard,3,8238.41,5,2,3,2,21.67,65.0,2,1,0,1,65.0,0.67,0.67,0.67,12.5,0.33,30.0,38.75,MEDIUM,LOYAL_LOW_FRICTION_CUSTOMER,REPEATED_PAYMENT_FAILURES
C000780,David,Mendoza,Pakistan,Standard,2,4744.69,3,1,2,1,17.5,35.0,0,0,0,0,35.0,0.5,0.5,0.0,8.12,0.0,0.0,16.44,LOW,NORMAL_CUSTOMER,NO_MAJOR_RISK_SIGNAL
C000781,Marilyn,Crosby,United Kingdom,Standard,1,2400.46,1,0,1,0,45.0,45.0,1,0,0,1,45.0,0.0,0.0,1.0,2.5,1.0,30.0,27.75,MEDIUM,NORMAL_CUSTOMER,NO_MAJOR_RISK_SIGNAL
C000782,Tyrone,Carpenter,Pakistan,Standard,1,1174.62,1,0,1,0,0.0,0.0,0,0,0,0,0.0,0.0,0.0,0.0,0.0,0.0,0.0,0.0,LOW,NORMAL_CUSTOMER,NO_MAJOR_RISK_SIGNAL
C000784,William,Clark,United Arab Emirates,VIP,2,7421.59,2,0,2,0,0.0,0.0,0,0,0,0,0.0,0.0,0.0,0.0,0.0,0.0,0.0,0.0,LOW,NORMAL_CUSTOMER,NO_MAJOR_RISK_SIGNAL
C000785,Joshua,Mcgee,Saudi Arabia,Standard,2,5645.23,2,0,2,0,20.0,40.0,1,0,0,1,40.0,0.0,0.0,0.5,1.25,0.5,30.0,25.38,MEDIUM,NORMAL_CUSTOMER,NO_MAJOR_RISK_SIGNAL
C000786,Mary,Perez,Other,Premium,1,2558.96,1,0,1,0,0.0,0.0,0,0,0,0,0.0,0.0,0.0,0.0,0.0,0.0,0.0,0.0,LOW,NORMAL_CUSTOMER,NO_MAJOR_RISK_SIGNAL
C000787,Tina,Gomez,Pakistan,Standard,1,1838.36,1,0,1,0,0.0,0.0,0,0,0,0,0.0,0.0,0.0,0.0,0.0,0.0,0.0,0.0,LOW,NORMAL_CUSTOMER,NO_MAJOR_RISK_SIGNAL
C000788,John,Adams,United Arab Emirates,Standard,2,4939.99,2,0,2,0,0.0,0.0,0,0,0,0,0.0,0.0,0.0,0.0,0.0,0.0,0.0,0.0,LOW,NORMAL_CUSTOMER,NO_MAJOR_RISK_SIGNAL
C000789,Andrea,Frazier,United Arab Emirates,VIP,1,3443.85,1,0,1,0,0.0,0.0,0,0,0,0,0.0,0.0,0.0,0.0,0.0,0.0,0.0,0.0,LOW,NORMAL_CUSTOMER,NO_MAJOR_RISK_SIGNAL
C000791,Sandra,Brown,Saudi Arabia,Standard,2,6603.26,4,2,2,2,70.0,100.0,4,1,1,2,100.0,1.0,1.0,2.0,21.25,1.0,79.0,70.08,HIGH,FRICTION_PRONE_CUSTOMER,HIGH_SEVERITY | PERSISTENT_BEHAVIOR | REPEATED_PAYMENT_FAILURES | MULTIPLE_PROBLEMATIC_JOURNEYS | CRITICAL_JOURNEY
C000792,William,Reed,Pakistan,VIP,1,4363.9,1,0,1,0,0.0,0.0,0,0,0,0,0.0,0.0,0.0,0.0,0.0,0.0,0.0,0.0,LOW,NORMAL_CUSTOMER,NO_MAJOR_RISK_SIGNAL
C000793,Natasha,Tucker,Pakistan,Premium,3,9013.57,4,1,3,1,10.0,30.0,0,0,0,0,30.0,0.33,0.33,0.0,5.42,0.0,0.0,13.63,LOW,LOYAL_LOW_FRICTION_CUSTOMER,NO_MAJOR_RISK_SIGNAL
C000794,Michelle,Rose,Pakistan,Standard,1,2135.0,3,2,1,2,65.0,65.0,2,1,0,1,65.0,2.0,2.0,2.0,37.5,1.0,30.0,46.25,MEDIUM,NORMAL_CUSTOMER,REPEATED_PAYMENT_FAILURES
C000796,Kristy,Mckinney,Other,Standard,1,1227.55,1,0,1,0,0.0,0.0,0,0,0,0,0.0,0.0,0.0,0.0,0.0,0.0,0.0,0.0,LOW,NORMAL_CUSTOMER,NO_MAJOR_RISK_SIGNAL
C000797,Robert,Gregory,Other,Standard,2,8960.55,2,0,2,0,40.0,40.0,2,0,0,2,40.0,0.0,0.0,1.0,2.5,1.0,79.0,40.45,MEDIUM,NORMAL_CUSTOMER,PERSISTENT_BEHAVIOR | MULTIPLE_PROBLEMATIC_JOURNEYS
C000798,Sarah,Patel,Pakistan,Standard,4,12044.26,4,0,4,0,0.0,0.0,0,0,0,0,0.0,0.0,0.0,0.0,0.0,0.0,0.0,0.0,LOW,LOYAL_LOW_FRICTION_CUSTOMER,NO_MAJOR_RISK_SIGNAL
C000799,William,Carter,United Kingdom,Standard,1,3767.39,1,0,1,0,40.0,40.0,1,0,0,1,40.0,0.0,0.0,1.0,2.5,1.0,30.0,25.75,MEDIUM,NORMAL_CUSTOMER,NO_MAJOR_RISK_SIGNAL
C000801,Justin,Marsh,United Kingdom,Standard,1,2563.88,3,2,1,2,65.0,65.0,2,1,0,1,65.0,2.0,2.0,2.0,37.5,1.0,30.0,46.25,MEDIUM,NORMAL_CUSTOMER,REPEATED_PAYMENT_FAILURES
C000803,Brenda,Lamb,Pakistan,Standard,1,2853.81,1,0,1,0,0.0,0.0,0,0,0,0,0.0,0.0,0.0,0.0,0.0,0.0,0.0,0.0,LOW,NORMAL_CUSTOMER,NO_MAJOR_RISK_SIGNAL
C000804,Yolanda,Everett,Pakistan,Standard,2,7353.39,3,1,2,1,15.0,30.0,0,0,0,0,30.0,0.5,0.5,0.0,8.12,0.0,0.0,14.44,LOW,NORMAL_CUSTOMER,NO_MAJOR_RISK_SIGNAL
C000805,Tracy,Jones,United Arab Emirates,Standard,5,13479.91,6,1,5,1,6.0,30.0,0,0,0,0,30.0,0.2,0.2,0.0,3.25,0.0,0.0,12.98,LOW,LOYAL_LOW_FRICTION_CUSTOMER,NO_MAJOR_RISK_SIGNAL
C000806,Edgar,Mcclain,United Kingdom,VIP,1,2452.88,1,0,1,0,0.0,0.0,0,0,0,0,0.0,0.0,0.0,0.0,0.0,0.0,0.0,0.0,LOW,NORMAL_CUSTOMER,NO_MAJOR_RISK_SIGNAL
C000807,Amanda,Ellis,Other,Standard,2,8051.52,2,0,2,0,0.0,0.0,0,0,0,0,0.0,0.0,0.0,0.0,0.0,0.0,0.0,0.0,LOW,NORMAL_CUSTOMER,NO_MAJOR_RISK_SIGNAL
C000808,Michael,Miller,Other,Standard,1,4997.83,1,0,1,0,0.0,0.0,0,0,0,0,0.0,0.0,0.0,0.0,0.0,0.0,0.0,0.0,LOW,NORMAL_CUSTOMER,NO_MAJOR_RISK_SIGNAL
C000809,Andrea,Hurst,United Arab Emirates,Standard,2,7791.47,2,0,2,0,0.0,0.0,0,0,0,0,0.0,0.0,0.0,0.0,0.0,0.0,0.0,0.0,LOW,NORMAL_CUSTOMER,NO_MAJOR_RISK_SIGNAL
C000810,Amy,Roberts,Saudi Arabia,Premium,1,4101.41,2,1,1,1,30.0,30.0,0,0,0,0,30.0,1.0,1.0,0.0,16.25,0.0,0.0,16.88,LOW,NORMAL_CUSTOMER,NO_MAJOR_RISK_SIGNAL
C000811,Stanley,Frye,Other,Standard,1,1898.98,1,0,1,0,45.0,45.0,1,0,0,1,45.0,0.0,0.0,1.0,2.5,1.0,30.0,27.75,MEDIUM,NORMAL_CUSTOMER,NO_MAJOR_RISK_SIGNAL
C000814,Heidi,Terry,Other,Standard,3,8841.31,5,2,3,2,35.0,70.0,1,1,0,1,70.0,0.67,0.67,0.33,11.67,0.33,30.0,40.5,MEDIUM,NORMAL_CUSTOMER,HIGH_SEVERITY | REPEATED_PAYMENT_FAILURES
C000815,Ashley,Crawford,Other,Standard,1,1957.68,3,2,1,2,65.0,65.0,2,1,0,1,65.0,2.0,2.0,2.0,37.5,1.0,30.0,46.25,MEDIUM,NORMAL_CUSTOMER,REPEATED_PAYMENT_FAILURES
C000816,Jesus,Golden,Pakistan,Standard,2,7818.86,2,0,2,0,0.0,0.0,0,0,0,0,0.0,0.0,0.0,0.0,0.0,0.0,0.0,0.0,LOW,NORMAL_CUSTOMER,NO_MAJOR_RISK_SIGNAL
C000817,Kimberly,Meyer,Pakistan,Premium,3,7668.75,3,0,3,0,0.0,0.0,0,0,0,0,0.0,0.0,0.0,0.0,0.0,0.0,0.0,0.0,LOW,LOYAL_LOW_FRICTION_CUSTOMER,NO_MAJOR_RISK_SIGNAL
C000818,Bradley,Burton,United Arab Emirates,Standard,2,2908.39,2,0,2,0,0.0,0.0,0,0,0,0,0.0,0.0,0.0,0.0,0.0,0.0,0.0,0.0,LOW,NORMAL_CUSTOMER,NO_MAJOR_RISK_SIGNAL
C000819,Julie,Carter,Saudi Arabia,Premium,2,5188.01,2,0,2,0,0.0,0.0,0,0,0,0,0.0,0.0,0.0,0.0,0.0,0.0,0.0,0.0,LOW,NORMAL_CUSTOMER,NO_MAJOR_RISK_SIGNAL
C000820,Janet,Montes,United Arab Emirates,Premium,2,4027.52,2,0,2,0,20.0,40.0,1,0,0,1,40.0,0.0,0.0,0.5,1.25,0.5,30.0,25.38,MEDIUM,NORMAL_CUSTOMER,NO_MAJOR_RISK_SIGNAL
C000821,Lisa,Weaver,United States,Premium,1,1547.85,1,0,1,0,0.0,0.0,0,0,0,0,0.0,0.0,0.0,0.0,0.0,0.0,0.0,0.0,LOW,NORMAL_CUSTOMER,NO_MAJOR_RISK_SIGNAL
C000822,Paul,Anderson,Saudi Arabia,VIP,2,2465.7,3,1,2,1,15.0,30.0,0,0,0,0,30.0,0.5,0.5,0.0,8.12,0.0,0.0,14.44,LOW,NORMAL_CUSTOMER,NO_MAJOR_RISK_SIGNAL
C000823,Elizabeth,Reed,United Arab Emirates,Premium,2,7126.03,3,1,2,1,37.5,40.0,1,0,0,1,40.0,0.5,0.5,0.5,9.38,0.5,30.0,27.81,MEDIUM,NORMAL_CUSTOMER,NO_MAJOR_RISK_SIGNAL
C000824,Lori,Wallace,United Arab Emirates,Standard,2,4393.75,3,1,2,1,35.0,40.0,1,0,0,1,40.0,0.5,0.5,0.5,9.38,0.5,30.0,27.81,MEDIUM,NORMAL_CUSTOMER,NO_MAJOR_RISK_SIGNAL
C000825,Tina,Newman,Pakistan,Standard,2,2294.77,2,0,2,0,0.0,0.0,0,0,0,0,0.0,0.0,0.0,0.0,0.0,0.0,0.0,0.0,LOW,NORMAL_CUSTOMER,NO_MAJOR_RISK_SIGNAL
C000826,Tyler,Carter,Other,Standard,4,12213.71,4,0,4,0,22.5,45.0,2,0,0,2,45.0,0.0,0.0,0.5,1.25,0.5,59.0,36.08,MEDIUM,NORMAL_CUSTOMER,PERSISTENT_BEHAVIOR | MULTIPLE_PROBLEMATIC_JOURNEYS
C000827,Benjamin,Brown,United Arab Emirates,Premium,3,5423.22,4,1,3,1,10.0,30.0,0,0,0,0,30.0,0.33,0.33,0.0,5.42,0.0,0.0,13.63,LOW,LOYAL_LOW_FRICTION_CUSTOMER,NO_MAJOR_RISK_SIGNAL
C000828,Wayne,Wiggins,United Arab Emirates,Standard,2,9031.6,2,0,2,0,22.5,45.0,1,0,0,1,45.0,0.0,0.0,0.5,1.25,0.5,30.0,27.38,MEDIUM,NORMAL_CUSTOMER,NO_MAJOR_RISK_SIGNAL
C000830,Molly,Meza,United Arab Emirates,Standard,1,3144.69,1,0,1,0,0.0,0.0,0,0,0,0,0.0,0.0,0.0,0.0,0.0,0.0,0.0,0.0,LOW,NORMAL_CUSTOMER,NO_MAJOR_RISK_SIGNAL
C000831,Morgan,Newman,Saudi Arabia,Premium,2,3700.69,3,1,2,1,37.5,45.0,1,0,0,1,45.0,0.5,0.5,0.5,9.38,0.5,30.0,29.81,MEDIUM,NORMAL_CUSTOMER,NO_MAJOR_RISK_SIGNAL
C000832,Scott,Jenkins,United Arab Emirates,Premium,1,3101.37,1,0,1,0,0.0,0.0,0,0,0,0,0.0,0.0,0.0,0.0,0.0,0.0,0.0,0.0,LOW,NORMAL_CUSTOMER,NO_MAJOR_RISK_SIGNAL
C000833,Alicia,Cooper,Saudi Arabia,Standard,1,4572.95,1,0,1,0,0.0,0.0,0,0,0,0,0.0,0.0,0.0,0.0,0.0,0.0,0.0,0.0,LOW,NORMAL_CUSTOMER,NO_MAJOR_RISK_SIGNAL
C000835,Jennifer,Nguyen,United Arab Emirates,Standard,2,5738.6,3,1,2,1,35.0,40.0,1,0,0,1,40.0,0.5,0.5,0.5,9.38,0.5,30.0,27.81,MEDIUM,NORMAL_CUSTOMER,NO_MAJOR_RISK_SIGNAL
C000836,Robert,Watkins,United Arab Emirates,Standard,1,2455.75,1,0,1,0,0.0,0.0,0,0,0,0,0.0,0.0,0.0,0.0,0.0,0.0,0.0,0.0,LOW,NORMAL_CUSTOMER,NO_MAJOR_RISK_SIGNAL
C000837,Diana,Terry,Other,Standard,1,3826.72,1,0,1,0,0.0,0.0,0,0,0,0,0.0,0.0,0.0,0.0,0.0,0.0,0.0,0.0,LOW,NORMAL_CUSTOMER,NO_MAJOR_RISK_SIGNAL
C000838,Eric,Wilkinson,United Arab Emirates,Standard,1,3234.93,1,0,1,0,0.0,0.0,0,0,0,0,0.0,0.0,0.0,0.0,0.0,0.0,0.0,0.0,LOW,NORMAL_CUSTOMER,NO_MAJOR_RISK_SIGNAL
C000839,Terrance,Wallace,Pakistan,VIP,2,7798.56,2,0,2,0,22.5,45.0,1,0,0,1,45.0,0.0,0.0,0.5,1.25,0.5,30.0,27.38,MEDIUM,NORMAL_CUSTOMER,NO_MAJOR_RISK_SIGNAL
C000840,Tanya,Torres,Pakistan,Standard,1,3234.41,1,0,1,0,0.0,0.0,0,0,0,0,0.0,0.0,0.0,0.0,0.0,0.0,0.0,0.0,LOW,NORMAL_CUSTOMER,NO_MAJOR_RISK_SIGNAL
C000841,Matthew,Anderson,Saudi Arabia,Standard,2,5170.84,2,0,2,0,22.5,45.0,1,0,0,1,45.0,0.0,0.0,0.5,1.25,0.5,30.0,27.38,MEDIUM,NORMAL_CUSTOMER,NO_MAJOR_RISK_SIGNAL
C000842,Heather,Clarke,United Kingdom,Premium,1,4907.47,1,0,1,0,45.0,45.0,1,0,0,1,45.0,0.0,0.0,1.0,2.5,1.0,30.0,27.75,MEDIUM,NORMAL_CUSTOMER,NO_MAJOR_RISK_SIGNAL
C000843,Debra,Jackson,Saudi Arabia,Standard,1,1826.27,1,0,1,0,0.0,0.0,0,0,0,0,0.0,0.0,0.0,0.0,0.0,0.0,0.0,0.0,LOW,NORMAL_CUSTOMER,NO_MAJOR_RISK_SIGNAL
C000844,Melissa,Green,Other,Standard,2,5420.53,5,3,2,3,47.5,65.0,2,1,0,1,65.0,1.5,1.5,1.0,26.88,0.5,30.0,43.06,MEDIUM,NORMAL_CUSTOMER,REPEATED_PAYMENT_FAILURES
C000845,Melissa,Washington,Saudi Arabia,Standard,2,2443.2,2,0,2,0,22.5,45.0,1,0,0,1,45.0,0.0,0.0,0.5,1.25,0.5,30.0,27.38,MEDIUM,NORMAL_CUSTOMER,NO_MAJOR_RISK_SIGNAL
C000846,Michele,Arellano,United Arab Emirates,Premium,3,8477.96,3,0,3,0,15.0,45.0,1,0,0,1,45.0,0.0,0.0,0.33,0.83,0.33,30.0,27.25,MEDIUM,LOYAL_LOW_FRICTION_CUSTOMER,NO_MAJOR_RISK_SIGNAL
C000847,Norman,Carrillo,Saudi Arabia,Standard,1,2277.39,1,0,1,0,0.0,0.0,0,0,0,0,0.0,0.0,0.0,0.0,0.0,0.0,0.0,0.0,LOW,NORMAL_CUSTOMER,NO_MAJOR_RISK_SIGNAL
C000848,Levi,Williams,Other,Standard,1,4913.98,1,0,1,0,0.0,0.0,0,0,0,0,0.0,0.0,0.0,0.0,0.0,0.0,0.0,0.0,LOW,NORMAL_CUSTOMER,NO_MAJOR_RISK_SIGNAL
C000849,Jennifer,Gomez,Pakistan,VIP,2,6222.19,2,0,2,0,0.0,0.0,0,0,0,0,0.0,0.0,0.0,0.0,0.0,0.0,0.0,0.0,LOW,NORMAL_CUSTOMER,NO_MAJOR_RISK_SIGNAL
C000850,Katherine,Bryant,Pakistan,Premium,2,3526.62,2,0,2,0,0.0,0.0,0,0,0,0,0.0,0.0,0.0,0.0,0.0,0.0,0.0,0.0,LOW,NORMAL_CUSTOMER,NO_MAJOR_RISK_SIGNAL
C000851,Monique,Jackson,Saudi Arabia,Standard,1,4025.4,3,2,1,2,65.0,65.0,3,1,0,1,65.0,2.0,2.0,3.0,40.0,1.0,30.0,47.0,MEDIUM,NORMAL_CUSTOMER,REPEATED_PAYMENT_FAILURES
C000852,Barry,Glass,United Kingdom,Premium,2,5161.39,3,1,2,1,15.0,30.0,0,0,0,0,30.0,0.5,0.5,0.0,8.12,0.0,0.0,14.44,LOW,NORMAL_CUSTOMER,NO_MAJOR_RISK_SIGNAL
C000854,Crystal,Mitchell,Other,VIP,2,8721.5,2,0,2,0,0.0,0.0,0,0,0,0,0.0,0.0,0.0,0.0,0.0,0.0,0.0,0.0,LOW,NORMAL_CUSTOMER,NO_MAJOR_RISK_SIGNAL
C000855,Samantha,Mcpherson,Saudi Arabia,VIP,2,5017.58,3,1,2,1,15.0,30.0,0,0,0,0,30.0,0.5,0.5,0.0,8.12,0.0,0.0,14.44,LOW,NORMAL_CUSTOMER,NO_MAJOR_RISK_SIGNAL
C000856,Wendy,Franco,Saudi Arabia,Standard,2,6140.79,4,2,2,2,50.0,70.0,1,1,0,1,70.0,1.0,1.0,0.5,17.5,0.5,30.0,42.25,MEDIUM,NORMAL_CUSTOMER,HIGH_SEVERITY | REPEATED_PAYMENT_FAILURES
C000858,Ryan,Estrada,United Arab Emirates,Standard,2,9178.29,4,2,2,2,32.5,35.0,0,0,0,0,35.0,1.0,1.0,0.0,16.25,0.0,0.0,18.88,LOW,NORMAL_CUSTOMER,REPEATED_PAYMENT_FAILURES
C000859,Corey,Hernandez,Pakistan,Standard,1,4600.59,1,0,1,0,0.0,0.0,0,0,0,0,0.0,0.0,0.0,0.0,0.0,0.0,0.0,0.0,LOW,NORMAL_CUSTOMER,NO_MAJOR_RISK_SIGNAL
C000860,Cynthia,Young,Saudi Arabia,Premium,1,3887.52,1,0,1,0,0.0,0.0,0,0,0,0,0.0,0.0,0.0,0.0,0.0,0.0,0.0,0.0,LOW,NORMAL_CUSTOMER,NO_MAJOR_RISK_SIGNAL
C000861,Monique,Williams,United States,Premium,1,885.7,1,0,1,0,0.0,0.0,0,0,0,0,0.0,0.0,0.0,0.0,0.0,0.0,0.0,0.0,LOW,NORMAL_CUSTOMER,NO_MAJOR_RISK_SIGNAL
C000862,Scott,Stewart,United Arab Emirates,Standard,3,11762.64,3,0,3,0,0.0,0.0,0,0,0,0,0.0,0.0,0.0,0.0,0.0,0.0,0.0,0.0,LOW,LOYAL_LOW_FRICTION_CUSTOMER,NO_MAJOR_RISK_SIGNAL
C000864,Rebecca,Green,United Arab Emirates,Standard,1,4032.94,1,0,1,0,0.0,0.0,0,0,0,0,0.0,0.0,0.0,0.0,0.0,0.0,0.0,0.0,LOW,NORMAL_CUSTOMER,NO_MAJOR_RISK_SIGNAL
C000865,Brandon,Lopez,United Arab Emirates,Standard,1,994.39,1,0,1,0,0.0,0.0,0,0,0,0,0.0,0.0,0.0,0.0,0.0,0.0,0.0,0.0,LOW,NORMAL_CUSTOMER,NO_MAJOR_RISK_SIGNAL
C000866,Laura,Hart,Pakistan,Premium,3,11802.35,3,0,3,0,13.33,40.0,1,0,0,1,40.0,0.0,0.0,0.33,0.83,0.33,30.0,25.25,MEDIUM,LOYAL_LOW_FRICTION_CUSTOMER,NO_MAJOR_RISK_SIGNAL
C000868,Nicholas,Stewart,Saudi Arabia,Standard,2,7571.56,3,1,2,1,35.0,70.0,1,1,0,1,70.0,0.5,0.5,0.5,9.38,0.5,30.0,39.81,MEDIUM,NORMAL_CUSTOMER,HIGH_SEVERITY
C000870,Amanda,Watson,Other,Standard,2,3268.24,4,2,2,2,55.0,80.0,1,1,1,1,80.0,1.0,1.0,0.5,17.5,0.5,30.0,46.25,MEDIUM,NORMAL_CUSTOMER,HIGH_SEVERITY | REPEATED_PAYMENT_FAILURES | CRITICAL_JOURNEY
C000871,Ashlee,Fernandez,United Arab Emirates,VIP,5,16190.76,6,1,5,1,14.0,40.0,1,0,0,1,40.0,0.2,0.2,0.2,3.75,0.2,26.0,24.92,MEDIUM,LOYAL_LOW_FRICTION_CUSTOMER,NO_MAJOR_RISK_SIGNAL
C000872,Laura,Martin,Saudi Arabia,Standard,2,7713.85,3,1,2,1,15.0,30.0,0,0,0,0,30.0,0.5,0.5,0.0,8.12,0.0,0.0,14.44,LOW,NORMAL_CUSTOMER,NO_MAJOR_RISK_SIGNAL
C000873,George,Turner,Pakistan,Premium,1,765.09,1,0,1,0,0.0,0.0,0,0,0,0,0.0,0.0,0.0,0.0,0.0,0.0,0.0,0.0,LOW,NORMAL_CUSTOMER,NO_MAJOR_RISK_SIGNAL
C000874,Christian,Knapp,United Arab Emirates,Standard,3,7006.15,4,1,3,1,25.0,45.0,1,0,0,1,45.0,0.33,0.33,0.33,6.25,0.33,30.0,28.88,MEDIUM,LOYAL_LOW_FRICTION_CUSTOMER,NO_MAJOR_RISK_SIGNAL
C000875,Monica,Sullivan,Saudi Arabia,Standard,1,4272.35,1,0,1,0,0.0,0.0,0,0,0,0,0.0,0.0,0.0,0.0,0.0,0.0,0.0,0.0,LOW,NORMAL_CUSTOMER,NO_MAJOR_RISK_SIGNAL
C000876,Christine,Porter,Saudi Arabia,Standard,2,9207.18,3,1,2,1,37.5,75.0,1,1,0,1,75.0,0.5,0.5,0.5,9.38,0.5,30.0,41.81,MEDIUM,NORMAL_CUSTOMER,HIGH_SEVERITY
C000877,John,Thomas,United Kingdom,Premium,2,4748.12,2,0,2,0,40.0,40.0,2,0,0,2,40.0,0.0,0.0,1.0,2.5,1.0,79.0,40.45,MEDIUM,NORMAL_CUSTOMER,PERSISTENT_BEHAVIOR | MULTIPLE_PROBLEMATIC_JOURNEYS
C000878,Roberta,Ellis,United Kingdom,Standard,1,4145.97,1,0,1,0,0.0,0.0,0,0,0,0,0.0,0.0,0.0,0.0,0.0,0.0,0.0,0.0,LOW,NORMAL_CUSTOMER,NO_MAJOR_RISK_SIGNAL
C000879,Douglas,Flores,Saudi Arabia,Standard,1,1177.96,1,0,1,0,40.0,40.0,1,0,0,1,40.0,0.0,0.0,1.0,2.5,1.0,30.0,25.75,MEDIUM,NORMAL_CUSTOMER,NO_MAJOR_RISK_SIGNAL
C000881,Jonathan,Rodgers,Saudi Arabia,Standard,1,3237.84,2,1,1,1,70.0,70.0,1,1,0,1,70.0,1.0,1.0,1.0,18.75,1.0,30.0,42.62,MEDIUM,NORMAL_CUSTOMER,HIGH_SEVERITY
C000883,Albert,Rivera,Saudi Arabia,Standard,6,21166.34,7,1,6,1,12.5,75.0,1,1,0,1,75.0,0.17,0.17,0.17,3.12,0.17,24.67,38.34,MEDIUM,LOYAL_LOW_FRICTION_CUSTOMER,HIGH_SEVERITY
C000885,Rachel,Wells,United States,Standard,2,8591.13,2,0,2,0,0.0,0.0,0,0,0,0,0.0,0.0,0.0,0.0,0.0,0.0,0.0,0.0,LOW,NORMAL_CUSTOMER,NO_MAJOR_RISK_SIGNAL
C000886,Erica,Roberts,Saudi Arabia,Standard,3,7831.38,5,2,3,2,35.0,70.0,1,1,0,1,70.0,0.67,0.67,0.33,11.67,0.33,30.0,40.5,MEDIUM,NORMAL_CUSTOMER,HIGH_SEVERITY | REPEATED_PAYMENT_FAILURES
C000887,Eric,Raymond,United Kingdom,Standard,5,13900.17,8,3,5,3,36.0,100.0,4,1,1,2,100.0,0.6,0.6,0.8,11.75,0.4,55.0,60.02,HIGH,FRICTION_PRONE_CUSTOMER,HIGH_SEVERITY | PERSISTENT_BEHAVIOR | REPEATED_PAYMENT_FAILURES | MULTIPLE_PROBLEMATIC_JOURNEYS | CRITICAL_JOURNEY
C000888,Scott,Hooper,Saudi Arabia,VIP,2,6486.25,3,1,2,1,15.0,30.0,0,0,0,0,30.0,0.5,0.5,0.0,8.12,0.0,0.0,14.44,LOW,NORMAL_CUSTOMER,NO_MAJOR_RISK_SIGNAL
C000889,Michael,Berry,Saudi Arabia,Standard,5,11301.01,6,1,5,1,6.0,30.0,0,0,0,0,30.0,0.2,0.2,0.0,3.25,0.0,0.0,12.98,LOW,LOYAL_LOW_FRICTION_CUSTOMER,NO_MAJOR_RISK_SIGNAL
C000890,Briana,Thomas,Saudi Arabia,Premium,2,3933.08,2,0,2,0,0.0,0.0,0,0,0,0,0.0,0.0,0.0,0.0,0.0,0.0,0.0,0.0,LOW,NORMAL_CUSTOMER,NO_MAJOR_RISK_SIGNAL
C000891,Danielle,Cunningham,United Kingdom,Standard,2,4024.21,2,0,2,0,0.0,0.0,0,0,0,0,0.0,0.0,0.0,0.0,0.0,0.0,0.0,0.0,LOW,NORMAL_CUSTOMER,NO_MAJOR_RISK_SIGNAL
C000892,Roger,Meadows,Other,Premium,2,3341.1,4,2,2,2,35.0,35.0,0,0,0,0,35.0,1.0,1.0,0.0,16.25,0.0,0.0,18.88,LOW,NORMAL_CUSTOMER,REPEATED_PAYMENT_FAILURES
C000893,John,Ramos,United States,Standard,1,3929.54,3,2,1,2,100.0,100.0,3,1,1,1,100.0,2.0,2.0,3.0,40.0,1.0,30.0,61.0,HIGH,FRICTION_PRONE_CUSTOMER,HIGH_SEVERITY | REPEATED_PAYMENT_FAILURES | CRITICAL_JOURNEY
C000894,Megan,Norris,United Arab Emirates,Standard,1,687.34,2,1,1,1,80.0,80.0,1,1,1,1,80.0,1.0,1.0,1.0,18.75,1.0,30.0,46.62,MEDIUM,NORMAL_CUSTOMER,HIGH_SEVERITY | CRITICAL_JOURNEY
C000895,James,Dennis,United Kingdom,Premium,3,12798.41,3,0,3,0,15.0,45.0,1,0,0,1,45.0,0.0,0.0,0.33,0.83,0.33,30.0,27.25,MEDIUM,LOYAL_LOW_FRICTION_CUSTOMER,NO_MAJOR_RISK_SIGNAL
C000896,Paul,Mccullough,Saudi Arabia,Premium,2,4004.75,3,1,2,1,37.5,75.0,1,1,0,1,75.0,0.5,0.5,0.5,9.38,0.5,30.0,41.81,MEDIUM,NORMAL_CUSTOMER,HIGH_SEVERITY
C000897,Timothy,Taylor,Saudi Arabia,Premium,2,5385.05,2,0,2,0,20.0,40.0,1,0,0,1,40.0,0.0,0.0,0.5,1.25,0.5,30.0,25.38,MEDIUM,NORMAL_CUSTOMER,NO_MAJOR_RISK_SIGNAL
C000898,John,Pierce,Other,Premium,3,12304.16,7,4,3,4,55.0,100.0,5,2,1,2,100.0,1.33,1.33,1.67,25.83,0.67,65.67,67.45,HIGH,FRICTION_PRONE_CUSTOMER,HIGH_SEVERITY | PERSISTENT_BEHAVIOR | REPEATED_PAYMENT_FAILURES | MULTIPLE_PROBLEMATIC_JOURNEYS | CRITICAL_JOURNEY
C000900,Bailey,Morales,Saudi Arabia,Standard,2,8258.5,2,0,2,0,40.0,40.0,2,0,0,2,40.0,0.0,0.0,1.0,2.5,1.0,79.0,40.45,MEDIUM,NORMAL_CUSTOMER,PERSISTENT_BEHAVIOR | MULTIPLE_PROBLEMATIC_JOURNEYS
C000901,Victoria,Randall,Saudi Arabia,Standard,1,3362.19,1,0,1,0,0.0,0.0,0,0,0,0,0.0,0.0,0.0,0.0,0.0,0.0,0.0,0.0,LOW,NORMAL_CUSTOMER,NO_MAJOR_RISK_SIGNAL
C000902,Kenneth,Griffin,Saudi Arabia,Premium,3,5797.59,4,1,3,1,26.67,80.0,1,1,1,1,80.0,0.33,0.33,0.33,6.25,0.33,30.0,42.88,MEDIUM,LOYAL_LOW_FRICTION_CUSTOMER,HIGH_SEVERITY | CRITICAL_JOURNEY
C000903,Tiffany,Davis,Saudi Arabia,Standard,2,6976.17,2,0,2,0,22.5,45.0,1,0,0,1,45.0,0.0,0.0,0.5,1.25,0.5,30.0,27.38,MEDIUM,NORMAL_CUSTOMER,NO_MAJOR_RISK_SIGNAL
C000904,Dominique,Brown,Pakistan,Premium,3,7037.2,3,0,3,0,15.0,45.0,1,0,0,1,45.0,0.0,0.0,0.33,0.83,0.33,30.0,27.25,MEDIUM,LOYAL_LOW_FRICTION_CUSTOMER,NO_MAJOR_RISK_SIGNAL
C000905,Joshua,Davidson,United Arab Emirates,Standard,2,6461.5,3,1,2,1,17.5,35.0,0,0,0,0,35.0,0.5,0.5,0.0,8.12,0.0,0.0,16.44,LOW,NORMAL_CUSTOMER,NO_MAJOR_RISK_SIGNAL
C000906,Ashlee,Silva,Other,Standard,1,3616.78,1,0,1,0,45.0,45.0,1,0,0,1,45.0,0.0,0.0,1.0,2.5,1.0,30.0,27.75,MEDIUM,NORMAL_CUSTOMER,NO_MAJOR_RISK_SIGNAL
C000907,Gina,Walker,United States,Standard,1,3657.45,1,0,1,0,40.0,40.0,1,0,0,1,40.0,0.0,0.0,1.0,2.5,1.0,30.0,25.75,MEDIUM,NORMAL_CUSTOMER,NO_MAJOR_RISK_SIGNAL
C000908,Julie,Walls,United Arab Emirates,Standard,1,4626.61,1,0,1,0,0.0,0.0,0,0,0,0,0.0,0.0,0.0,0.0,0.0,0.0,0.0,0.0,LOW,NORMAL_CUSTOMER,NO_MAJOR_RISK_SIGNAL
C000910,Catherine,Johnson,United Arab Emirates,Standard,2,2670.74,3,1,2,1,40.0,80.0,1,1,1,1,80.0,0.5,0.5,0.5,9.38,0.5,30.0,43.81,MEDIUM,NORMAL_CUSTOMER,HIGH_SEVERITY | CRITICAL_JOURNEY
C000911,Tyler,Ryan,Pakistan,Premium,2,6189.23,4,2,2,2,30.0,60.0,2,1,0,1,60.0,1.0,1.0,1.0,18.75,0.5,30.0,38.62,MEDIUM,NORMAL_CUSTOMER,REPEATED_PAYMENT_FAILURES
C000912,Rebecca,Griffin,Saudi Arabia,Premium,1,3920.95,1,0,1,0,0.0,0.0,0,0,0,0,0.0,0.0,0.0,0.0,0.0,0.0,0.0,0.0,LOW,NORMAL_CUSTOMER,NO_MAJOR_RISK_SIGNAL
C000913,Justin,Powers,Pakistan,Standard,3,8160.69,4,1,3,1,11.67,35.0,0,0,0,0,35.0,0.33,0.33,0.0,5.42,0.0,0.0,15.63,LOW,LOYAL_LOW_FRICTION_CUSTOMER,NO_MAJOR_RISK_SIGNAL
C000914,Lauren,Miller,United Arab Emirates,Premium,3,8123.05,5,2,3,2,21.67,65.0,2,1,0,1,65.0,0.67,0.67,0.67,12.5,0.33,30.0,38.75,MEDIUM,LOYAL_LOW_FRICTION_CUSTOMER,REPEATED_PAYMENT_FAILURES
C000915,Catherine,Hunt,Pakistan,Standard,1,1706.15,1,0,1,0,0.0,0.0,0,0,0,0,0.0,0.0,0.0,0.0,0.0,0.0,0.0,0.0,LOW,NORMAL_CUSTOMER,NO_MAJOR_RISK_SIGNAL
C000916,Michael,Lee,United Arab Emirates,Standard,3,5236.22,4,1,3,1,10.0,30.0,0,0,0,0,30.0,0.33,0.33,0.0,5.42,0.0,0.0,13.63,LOW,LOYAL_LOW_FRICTION_CUSTOMER,NO_MAJOR_RISK_SIGNAL
C000917,Dana,Stewart,Saudi Arabia,Standard,1,4397.42,3,2,1,2,65.0,65.0,2,1,0,1,65.0,2.0,2.0,2.0,37.5,1.0,30.0,46.25,MEDIUM,NORMAL_CUSTOMER,REPEATED_PAYMENT_FAILURES
C000918,Christine,Jacobs,Other,Standard,3,4815.57,3,0,3,0,0.0,0.0,0,0,0,0,0.0,0.0,0.0,0.0,0.0,0.0,0.0,0.0,LOW,LOYAL_LOW_FRICTION_CUSTOMER,NO_MAJOR_RISK_SIGNAL
C000919,Erica,Harding,United States,Standard,5,17877.34,5,0,5,0,9.0,45.0,1,0,0,1,45.0,0.0,0.0,0.2,0.5,0.2,26.0,25.95,MEDIUM,LOYAL_LOW_FRICTION_CUSTOMER,NO_MAJOR_RISK_SIGNAL
C000920,Jennifer,Kerr,Saudi Arabia,Premium,5,13360.01,7,2,5,2,30.0,75.0,2,1,0,2,75.0,0.4,0.4,0.4,7.5,0.4,55.0,48.75,MEDIUM,NORMAL_CUSTOMER,HIGH_SEVERITY | PERSISTENT_BEHAVIOR | REPEATED_PAYMENT_FAILURES | MULTIPLE_PROBLEMATIC_JOURNEYS
C000921,Donna,Ward,Other,Standard,6,13568.07,11,5,6,5,40.0,70.0,6,3,0,4,70.0,0.83,0.83,1.0,16.04,0.67,86.67,58.81,HIGH,FRICTION_PRONE_CUSTOMER,HIGH_SEVERITY | PERSISTENT_BEHAVIOR | REPEATED_PAYMENT_FAILURES | MULTIPLE_PROBLEMATIC_JOURNEYS
C000923,Courtney,Nash,Other,Standard,5,11287.52,5,0,5,0,8.0,40.0,1,0,0,1,40.0,0.0,0.0,0.2,0.5,0.2,26.0,23.95,LOW,LOYAL_LOW_FRICTION_CUSTOMER,NO_MAJOR_RISK_SIGNAL
C000924,Rebecca,Wood,United States,Standard,2,3609.96,2,0,2,0,20.0,40.0,1,0,0,1,40.0,0.0,0.0,0.5,1.25,0.5,30.0,25.38,MEDIUM,NORMAL_CUSTOMER,NO_MAJOR_RISK_SIGNAL
C000925,Debbie,Watson,United Arab Emirates,Premium,5,15463.15,5,0,5,0,16.0,40.0,2,0,0,2,40.0,0.0,0.0,0.4,1.0,0.4,55.0,32.8,MEDIUM,NORMAL_CUSTOMER,PERSISTENT_BEHAVIOR | MULTIPLE_PROBLEMATIC_JOURNEYS
C000926,Kyle,Mitchell,Saudi Arabia,Premium,1,1076.94,1,0,1,0,0.0,0.0,0,0,0,0,0.0,0.0,0.0,0.0,0.0,0.0,0.0,0.0,LOW,NORMAL_CUSTOMER,NO_MAJOR_RISK_SIGNAL
C000927,Scott,Bell,Saudi Arabia,Standard,3,8442.17,6,3,3,3,31.67,60.0,2,1,0,1,60.0,1.0,1.0,0.67,17.92,0.33,30.0,38.38,MEDIUM,NORMAL_CUSTOMER,REPEATED_PAYMENT_FAILURES
C000929,Jessica,Sawyer,Pakistan,Standard,3,9635.12,3,0,3,0,13.33,40.0,1,0,0,1,40.0,0.0,0.0,0.33,0.83,0.33,30.0,25.25,MEDIUM,LOYAL_LOW_FRICTION_CUSTOMER,NO_MAJOR_RISK_SIGNAL
C000930,Christopher,Miller,Saudi Arabia,Standard,3,11638.14,3,0,3,0,0.0,0.0,0,0,0,0,0.0,0.0,0.0,0.0,0.0,0.0,0.0,0.0,LOW,LOYAL_LOW_FRICTION_CUSTOMER,NO_MAJOR_RISK_SIGNAL
C000931,Kenneth,Luna,Saudi Arabia,Standard,1,3271.91,2,1,1,1,30.0,30.0,0,0,0,0,30.0,1.0,1.0,0.0,16.25,0.0,0.0,16.88,LOW,NORMAL_CUSTOMER,NO_MAJOR_RISK_SIGNAL
C000932,Julie,Wallace,United States,Standard,1,3661.7,3,2,1,2,60.0,60.0,2,1,0,1,60.0,2.0,2.0,2.0,37.5,1.0,30.0,44.25,MEDIUM,NORMAL_CUSTOMER,REPEATED_PAYMENT_FAILURES
C000934,David,Lara,Pakistan,Standard,2,8466.74,2,0,2,0,0.0,0.0,0,0,0,0,0.0,0.0,0.0,0.0,0.0,0.0,0.0,0.0,LOW,NORMAL_CUSTOMER,NO_MAJOR_RISK_SIGNAL
C000935,Amber,Roberts,Saudi Arabia,Standard,2,7107.88,2,0,2,0,0.0,0.0,0,0,0,0,0.0,0.0,0.0,0.0,0.0,0.0,0.0,0.0,LOW,NORMAL_CUSTOMER,NO_MAJOR_RISK_SIGNAL
C000936,Teresa,Shaffer,Saudi Arabia,Standard,5,10290.94,5,0,5,0,16.0,40.0,2,0,0,2,40.0,0.0,0.0,0.4,1.0,0.4,55.0,32.8,MEDIUM,NORMAL_CUSTOMER,PERSISTENT_BEHAVIOR | MULTIPLE_PROBLEMATIC_JOURNEYS
C000937,Alyssa,Waller,Saudi Arabia,Standard,1,2569.3,2,1,1,1,30.0,30.0,0,0,0,0,30.0,1.0,1.0,0.0,16.25,0.0,0.0,16.88,LOW,NORMAL_CUSTOMER,NO_MAJOR_RISK_SIGNAL
C000939,Maria,Mosley,Saudi Arabia,Standard,4,13360.94,4,0,4,0,0.0,0.0,0,0,0,0,0.0,0.0,0.0,0.0,0.0,0.0,0.0,0.0,LOW,LOYAL_LOW_FRICTION_CUSTOMER,NO_MAJOR_RISK_SIGNAL
C000940,Jonathan,Taylor,Pakistan,Premium,3,10184.86,3,0,3,0,0.0,0.0,0,0,0,0,0.0,0.0,0.0,0.0,0.0,0.0,0.0,0.0,LOW,LOYAL_LOW_FRICTION_CUSTOMER,NO_MAJOR_RISK_SIGNAL
C000941,Makayla,Matthews,Saudi Arabia,Premium,1,2255.9,1,0,1,0,0.0,0.0,0,0,0,0,0.0,0.0,0.0,0.0,0.0,0.0,0.0,0.0,LOW,NORMAL_CUSTOMER,NO_MAJOR_RISK_SIGNAL
C000942,Timothy,Miller,Pakistan,Standard,3,9971.16,5,2,3,2,33.33,70.0,1,1,0,1,70.0,0.67,0.67,0.33,11.67,0.33,30.0,40.5,MEDIUM,NORMAL_CUSTOMER,HIGH_SEVERITY | REPEATED_PAYMENT_FAILURES
C000943,Lindsay,Clark,United Kingdom,Premium,2,5774.44,4,2,2,2,50.0,100.0,3,1,1,1,100.0,1.0,1.0,1.5,20.0,0.5,30.0,55.0,HIGH,FRICTION_PRONE_CUSTOMER,HIGH_SEVERITY | REPEATED_PAYMENT_FAILURES | CRITICAL_JOURNEY
C000944,Julie,Wells,United States,Standard,6,19671.51,9,3,6,3,23.33,65.0,3,1,0,2,65.0,0.5,0.5,0.5,9.38,0.33,52.33,44.51,MEDIUM,NORMAL_CUSTOMER,PERSISTENT_BEHAVIOR | REPEATED_PAYMENT_FAILURES | MULTIPLE_PROBLEMATIC_JOURNEYS
C000945,Matthew,Dillon,Saudi Arabia,Standard,1,626.98,1,0,1,0,0.0,0.0,0,0,0,0,0.0,0.0,0.0,0.0,0.0,0.0,0.0,0.0,LOW,NORMAL_CUSTOMER,NO_MAJOR_RISK_SIGNAL
C000946,Darius,Hatfield,Saudi Arabia,Standard,2,6171.78,2,0,2,0,0.0,0.0,0,0,0,0,0.0,0.0,0.0,0.0,0.0,0.0,0.0,0.0,LOW,NORMAL_CUSTOMER,NO_MAJOR_RISK_SIGNAL
C000947,Sydney,Jones,Saudi Arabia,Standard,3,11099.99,3,0,3,0,0.0,0.0,0,0,0,0,0.0,0.0,0.0,0.0,0.0,0.0,0.0,0.0,LOW,LOYAL_LOW_FRICTION_CUSTOMER,NO_MAJOR_RISK_SIGNAL
C000948,Donald,Choi,Other,Premium,3,6333.06,3,0,3,0,0.0,0.0,0,0,0,0,0.0,0.0,0.0,0.0,0.0,0.0,0.0,0.0,LOW,LOYAL_LOW_FRICTION_CUSTOMER,NO_MAJOR_RISK_SIGNAL
C000949,Tammy,Avila,Other,Standard,1,3378.4,1,0,1,0,45.0,45.0,1,0,0,1,45.0,0.0,0.0,1.0,2.5,1.0,30.0,27.75,MEDIUM,NORMAL_CUSTOMER,NO_MAJOR_RISK_SIGNAL
C000950,Michelle,Davis,Pakistan,Premium,2,7416.7,2,0,2,0,0.0,0.0,0,0,0,0,0.0,0.0,0.0,0.0,0.0,0.0,0.0,0.0,LOW,NORMAL_CUSTOMER,NO_MAJOR_RISK_SIGNAL
C000951,Jennifer,Ortiz,Pakistan,Standard,2,4845.79,3,1,2,1,15.0,30.0,0,0,0,0,30.0,0.5,0.5,0.0,8.12,0.0,0.0,14.44,LOW,NORMAL_CUSTOMER,NO_MAJOR_RISK_SIGNAL
C000952,Tina,Rocha,United Kingdom,Standard,1,520.92,2,1,1,1,70.0,70.0,1,1,0,1,70.0,1.0,1.0,1.0,18.75,1.0,30.0,42.62,MEDIUM,NORMAL_CUSTOMER,HIGH_SEVERITY
C000954,Linda,Peters,Other,Standard,3,10938.84,6,3,3,3,56.67,100.0,4,2,1,2,100.0,1.0,1.0,1.33,19.58,0.67,65.67,65.58,HIGH,FRICTION_PRONE_CUSTOMER,HIGH_SEVERITY | PERSISTENT_BEHAVIOR | REPEATED_PAYMENT_FAILURES | MULTIPLE_PROBLEMATIC_JOURNEYS | CRITICAL_JOURNEY
C000955,Michael,Page,United Arab Emirates,Standard,6,20498.66,7,1,6,1,5.0,30.0,0,0,0,0,30.0,0.17,0.17,0.0,2.71,0.0,0.0,12.81,LOW,LOYAL_LOW_FRICTION_CUSTOMER,NO_MAJOR_RISK_SIGNAL
C000956,Krystal,Fischer,United Arab Emirates,Standard,1,2972.05,1,0,1,0,0.0,0.0,0,0,0,0,0.0,0.0,0.0,0.0,0.0,0.0,0.0,0.0,LOW,NORMAL_CUSTOMER,NO_MAJOR_RISK_SIGNAL
C000957,Alexander,Taylor,Pakistan,Standard,4,17033.74,6,2,4,2,16.25,35.0,0,0,0,0,35.0,0.5,0.5,0.0,8.12,0.0,0.0,16.44,LOW,LOYAL_LOW_FRICTION_CUSTOMER,REPEATED_PAYMENT_FAILURES
C000960,Emily,Spencer,United Kingdom,Standard,2,6284.22,2,0,2,0,0.0,0.0,0,0,0,0,0.0,0.0,0.0,0.0,0.0,0.0,0.0,0.0,LOW,NORMAL_CUSTOMER,NO_MAJOR_RISK_SIGNAL
C000962,Brenda,Mckenzie,Pakistan,Standard,2,6663.39,3,1,2,1,35.0,70.0,1,1,0,1,70.0,0.5,0.5,0.5,9.38,0.5,30.0,39.81,MEDIUM,NORMAL_CUSTOMER,HIGH_SEVERITY
C000963,Lynn,Davenport,Saudi Arabia,Standard,2,4144.88,2,0,2,0,22.5,45.0,1,0,0,1,45.0,0.0,0.0,0.5,1.25,0.5,30.0,27.38,MEDIUM,NORMAL_CUSTOMER,NO_MAJOR_RISK_SIGNAL
C000964,Shelby,Torres,United Arab Emirates,Standard,3,7834.47,3,0,3,0,13.33,40.0,1,0,0,1,40.0,0.0,0.0,0.33,0.83,0.33,30.0,25.25,MEDIUM,LOYAL_LOW_FRICTION_CUSTOMER,NO_MAJOR_RISK_SIGNAL
C000965,Daniel,Hansen,Saudi Arabia,Standard,1,4005.15,1,0,1,0,40.0,40.0,1,0,0,1,40.0,0.0,0.0,1.0,2.5,1.0,30.0,25.75,MEDIUM,NORMAL_CUSTOMER,NO_MAJOR_RISK_SIGNAL
C000967,Angel,Johnson,United Kingdom,Standard,3,7389.73,7,4,3,4,53.33,100.0,3,1,1,1,100.0,1.33,1.33,1.0,24.17,0.33,30.0,56.25,HIGH,FRICTION_PRONE_CUSTOMER,HIGH_SEVERITY | REPEATED_PAYMENT_FAILURES | CRITICAL_JOURNEY
C000969,Anna,Baker,Pakistan,Standard,3,9334.38,3,0,3,0,13.33,40.0,1,0,0,1,40.0,0.0,0.0,0.33,0.83,0.33,30.0,25.25,MEDIUM,LOYAL_LOW_FRICTION_CUSTOMER,NO_MAJOR_RISK_SIGNAL
C000970,Rose,Blanchard,United Arab Emirates,Standard,3,9210.35,3,0,3,0,0.0,0.0,0,0,0,0,0.0,0.0,0.0,0.0,0.0,0.0,0.0,0.0,LOW,LOYAL_LOW_FRICTION_CUSTOMER,NO_MAJOR_RISK_SIGNAL
C000972,Bryan,Kennedy,Other,Standard,1,1280.12,1,0,1,0,40.0,40.0,1,0,0,1,40.0,0.0,0.0,1.0,2.5,1.0,30.0,25.75,MEDIUM,NORMAL_CUSTOMER,NO_MAJOR_RISK_SIGNAL
C000973,Madison,Valdez,United Kingdom,Premium,3,4541.75,4,1,3,1,38.33,75.0,2,1,0,2,75.0,0.33,0.33,0.67,7.08,0.67,65.67,51.82,HIGH,FRICTION_PRONE_CUSTOMER,HIGH_SEVERITY | PERSISTENT_BEHAVIOR | MULTIPLE_PROBLEMATIC_JOURNEYS
C000974,Regina,Stafford,Saudi Arabia,Standard,1,1688.85,1,0,1,0,0.0,0.0,0,0,0,0,0.0,0.0,0.0,0.0,0.0,0.0,0.0,0.0,LOW,NORMAL_CUSTOMER,NO_MAJOR_RISK_SIGNAL
C000975,Kevin,Butler,Saudi Arabia,Standard,5,17358.36,5,0,5,0,8.0,40.0,1,0,0,1,40.0,0.0,0.0,0.2,0.5,0.2,26.0,23.95,LOW,LOYAL_LOW_FRICTION_CUSTOMER,NO_MAJOR_RISK_SIGNAL
C000976,Ricky,Vasquez,Saudi Arabia,Standard,3,6761.64,4,1,3,1,25.0,40.0,1,0,0,1,40.0,0.33,0.33,0.33,6.25,0.33,30.0,26.88,MEDIUM,LOYAL_LOW_FRICTION_CUSTOMER,NO_MAJOR_RISK_SIGNAL
C000977,Donald,Watts,Pakistan,Standard,3,10915.53,4,1,3,1,38.33,70.0,2,1,0,2,70.0,0.33,0.33,0.67,7.08,0.67,65.67,49.82,HIGH,FRICTION_PRONE_CUSTOMER,HIGH_SEVERITY | PERSISTENT_BEHAVIOR | MULTIPLE_PROBLEMATIC_JOURNEYS
C000978,Sophia,Sanchez,Saudi Arabia,Standard,1,3710.39,1,0,1,0,0.0,0.0,0,0,0,0,0.0,0.0,0.0,0.0,0.0,0.0,0.0,0.0,LOW,NORMAL_CUSTOMER,NO_MAJOR_RISK_SIGNAL
C000979,Kevin,Wilson,United Arab Emirates,Standard,1,525.37,1,0,1,0,0.0,0.0,0,0,0,0,0.0,0.0,0.0,0.0,0.0,0.0,0.0,0.0,LOW,NORMAL_CUSTOMER,NO_MAJOR_RISK_SIGNAL
C000980,Travis,Ramirez,Pakistan,Standard,2,7773.28,3,1,2,1,15.0,30.0,0,0,0,0,30.0,0.5,0.5,0.0,8.12,0.0,0.0,14.44,LOW,NORMAL_CUSTOMER,NO_MAJOR_RISK_SIGNAL
C000981,Colton,Gamble,United Arab Emirates,Standard,2,3944.17,2,0,2,0,22.5,45.0,1,0,0,1,45.0,0.0,0.0,0.5,1.25,0.5,30.0,27.38,MEDIUM,NORMAL_CUSTOMER,NO_MAJOR_RISK_SIGNAL
C000983,Derek,Reese,Saudi Arabia,Standard,1,4105.59,2,1,1,1,30.0,30.0,0,0,0,0,30.0,1.0,1.0,0.0,16.25,0.0,0.0,16.88,LOW,NORMAL_CUSTOMER,NO_MAJOR_RISK_SIGNAL
C000984,Shawn,Perkins,Saudi Arabia,Standard,3,5335.03,3,0,3,0,13.33,40.0,1,0,0,1,40.0,0.0,0.0,0.33,0.83,0.33,30.0,25.25,MEDIUM,LOYAL_LOW_FRICTION_CUSTOMER,NO_MAJOR_RISK_SIGNAL
C000985,Ellen,Cunningham,United Kingdom,Premium,2,4714.73,2,0,2,0,0.0,0.0,0,0,0,0,0.0,0.0,0.0,0.0,0.0,0.0,0.0,0.0,LOW,NORMAL_CUSTOMER,NO_MAJOR_RISK_SIGNAL
C000986,Julia,Oneill,United Arab Emirates,Standard,2,5681.69,3,1,2,1,37.5,75.0,1,1,0,1,75.0,0.5,0.5,0.5,9.38,0.5,30.0,41.81,MEDIUM,NORMAL_CUSTOMER,HIGH_SEVERITY
C000987,Sonya,Burton,United Kingdom,Premium,1,2396.88,1,0,1,0,0.0,0.0,0,0,0,0,0.0,0.0,0.0,0.0,0.0,0.0,0.0,0.0,LOW,NORMAL_CUSTOMER,NO_MAJOR_RISK_SIGNAL
C000988,Robert,Alvarez,United Arab Emirates,Standard,5,11677.42,5,0,5,0,17.0,45.0,2,0,0,2,45.0,0.0,0.0,0.4,1.0,0.4,55.0,34.8,MEDIUM,NORMAL_CUSTOMER,PERSISTENT_BEHAVIOR | MULTIPLE_PROBLEMATIC_JOURNEYS
C000989,Julia,Benson,Saudi Arabia,Premium,2,2817.14,2,0,2,0,20.0,40.0,1,0,0,1,40.0,0.0,0.0,0.5,1.25,0.5,30.0,25.38,MEDIUM,NORMAL_CUSTOMER,NO_MAJOR_RISK_SIGNAL
C000990,Eric,Wilson,United States,Standard,3,11310.17,3,0,3,0,13.33,40.0,1,0,0,1,40.0,0.0,0.0,0.33,0.83,0.33,30.0,25.25,MEDIUM,LOYAL_LOW_FRICTION_CUSTOMER,NO_MAJOR_RISK_SIGNAL
C000991,Robert,Hunt,United States,Standard,3,3727.32,3,0,3,0,13.33,40.0,1,0,0,1,40.0,0.0,0.0,0.33,0.83,0.33,30.0,25.25,MEDIUM,LOYAL_LOW_FRICTION_CUSTOMER,NO_MAJOR_RISK_SIGNAL
C000992,Corey,Johnston,United Kingdom,Standard,2,8820.79,3,1,2,1,37.5,75.0,1,1,0,1,75.0,0.5,0.5,0.5,9.38,0.5,30.0,41.81,MEDIUM,NORMAL_CUSTOMER,HIGH_SEVERITY
C000993,Tracy,Bruce,Saudi Arabia,Standard,4,11834.49,5,1,4,1,17.5,40.0,1,0,0,1,40.0,0.25,0.25,0.25,4.69,0.25,28.0,25.81,MEDIUM,LOYAL_LOW_FRICTION_CUSTOMER,NO_MAJOR_RISK_SIGNAL
C000995,Stephanie,Brown,United Arab Emirates,Standard,1,3418.66,1,0,1,0,0.0,0.0,0,0,0,0,0.0,0.0,0.0,0.0,0.0,0.0,0.0,0.0,LOW,NORMAL_CUSTOMER,NO_MAJOR_RISK_SIGNAL
C000996,Antonio,Flores,Saudi Arabia,Standard,1,684.52,2,1,1,1,30.0,30.0,0,0,0,0,30.0,1.0,1.0,0.0,16.25,0.0,0.0,16.88,LOW,NORMAL_CUSTOMER,NO_MAJOR_RISK_SIGNAL
C000997,Mitchell,Johns,Other,Standard,1,1326.31,1,0,1,0,45.0,45.0,1,0,0,1,45.0,0.0,0.0,1.0,2.5,1.0,30.0,27.75,MEDIUM,NORMAL_CUSTOMER,NO_MAJOR_RISK_SIGNAL
C000998,Scott,Taylor,Saudi Arabia,Standard,1,4804.15,2,1,1,1,30.0,30.0,0,0,0,0,30.0,1.0,1.0,0.0,16.25,0.0,0.0,16.88,LOW,NORMAL_CUSTOMER,NO_MAJOR_RISK_SIGNAL
C000999,Stephanie,Martin,Other,Standard,3,7525.82,4,1,3,1,25.0,40.0,1,0,0,1,40.0,0.33,0.33,0.33,6.25,0.33,30.0,26.88,MEDIUM,LOYAL_LOW_FRICTION_CUSTOMER,NO_MAJOR_RISK_SIGNAL
C001000,Melissa,Nelson,United Arab Emirates,Standard,1,1474.07,1,0,1,0,0.0,0.0,0,0,0,0,0.0,0.0,0.0,0.0,0.0,0.0,0.0,0.0,LOW,NORMAL_CUSTOMER,NO_MAJOR_RISK_SIGNAL
C001001,Cory,Barnes,Saudi Arabia,Standard,1,4898.55,1,0,1,0,0.0,0.0,0,0,0,0,0.0,0.0,0.0,0.0,0.0,0.0,0.0,0.0,LOW,NORMAL_CUSTOMER,NO_MAJOR_RISK_SIGNAL
C001002,Gina,Barr,Pakistan,Standard,2,3059.65,2,0,2,0,0.0,0.0,0,0,0,0,0.0,0.0,0.0,0.0,0.0,0.0,0.0,0.0,LOW,NORMAL_CUSTOMER,NO_MAJOR_RISK_SIGNAL
C001004,Tiffany,Roberts,United Kingdom,Standard,1,3468.52,1,0,1,0,0.0,0.0,0,0,0,0,0.0,0.0,0.0,0.0,0.0,0.0,0.0,0.0,LOW,NORMAL_CUSTOMER,NO_MAJOR_RISK_SIGNAL
C001005,Michael,Moreno,United States,Standard,3,7377.85,3,0,3,0,15.0,45.0,1,0,0,1,45.0,0.0,0.0,0.33,0.83,0.33,30.0,27.25,MEDIUM,LOYAL_LOW_FRICTION_CUSTOMER,NO_MAJOR_RISK_SIGNAL
C001006,Raymond,Mayer,United Kingdom,Premium,1,4079.8,2,1,1,1,30.0,30.0,0,0,0,0,30.0,1.0,1.0,0.0,16.25,0.0,0.0,16.88,LOW,NORMAL_CUSTOMER,NO_MAJOR_RISK_SIGNAL
C001007,James,Palmer,United Kingdom,Standard,1,3023.28,1,0,1,0,40.0,40.0,1,0,0,1,40.0,0.0,0.0,1.0,2.5,1.0,30.0,25.75,MEDIUM,NORMAL_CUSTOMER,NO_MAJOR_RISK_SIGNAL
C001008,David,Miranda,United States,Premium,2,7332.5,4,2,2,2,52.5,65.0,3,1,0,2,65.0,1.0,1.0,1.5,20.0,1.0,79.0,55.7,HIGH,FRICTION_PRONE_CUSTOMER,PERSISTENT_BEHAVIOR | REPEATED_PAYMENT_FAILURES | MULTIPLE_PROBLEMATIC_JOURNEYS
C001009,Melanie,White,Saudi Arabia,Standard,3,11296.51,4,1,3,1,11.67,35.0,0,0,0,0,35.0,0.33,0.33,0.0,5.42,0.0,0.0,15.63,LOW,LOYAL_LOW_FRICTION_CUSTOMER,NO_MAJOR_RISK_SIGNAL
C001010,Shawn,Davis,United Arab Emirates,Premium,1,3569.04,2,1,1,1,30.0,30.0,0,0,0,0,30.0,1.0,1.0,0.0,16.25,0.0,0.0,16.88,LOW,NORMAL_CUSTOMER,NO_MAJOR_RISK_SIGNAL
C001012,Darlene,Stephens,Other,Standard,2,4039.48,2,0,2,0,0.0,0.0,0,0,0,0,0.0,0.0,0.0,0.0,0.0,0.0,0.0,0.0,LOW,NORMAL_CUSTOMER,NO_MAJOR_RISK_SIGNAL
C001013,Carla,Brennan,Other,Standard,3,7609.0,4,1,3,1,10.0,30.0,0,0,0,0,30.0,0.33,0.33,0.0,5.42,0.0,0.0,13.63,LOW,LOYAL_LOW_FRICTION_CUSTOMER,NO_MAJOR_RISK_SIGNAL
C001014,Andrew,Serrano,Saudi Arabia,Standard,3,9506.1,4,1,3,1,10.0,30.0,0,0,0,0,30.0,0.33,0.33,0.0,5.42,0.0,0.0,13.63,LOW,LOYAL_LOW_FRICTION_CUSTOMER,NO_MAJOR_RISK_SIGNAL
C001015,Kristin,Cohen,United Kingdom,Standard,4,10192.87,8,4,4,4,48.75,100.0,6,2,2,2,100.0,1.0,1.0,1.5,20.0,0.5,59.0,63.7,HIGH,FRICTION_PRONE_CUSTOMER,HIGH_SEVERITY | PERSISTENT_BEHAVIOR | REPEATED_PAYMENT_FAILURES | MULTIPLE_PROBLEMATIC_JOURNEYS | CRITICAL_JOURNEY
C001016,John,Turner,Other,VIP,4,14907.57,5,1,4,1,28.75,75.0,2,1,0,2,75.0,0.25,0.25,0.5,5.31,0.5,59.0,49.29,HIGH,FRICTION_PRONE_CUSTOMER,HIGH_SEVERITY | PERSISTENT_BEHAVIOR | MULTIPLE_PROBLEMATIC_JOURNEYS
C001017,David,Jennings,Saudi Arabia,VIP,7,23384.91,7,0,7,0,12.14,45.0,2,0,0,2,45.0,0.0,0.0,0.29,0.71,0.29,50.43,33.34,MEDIUM,NORMAL_CUSTOMER,PERSISTENT_BEHAVIOR | MULTIPLE_PROBLEMATIC_JOURNEYS
C001018,Anne,Barker,Pakistan,Premium,1,2150.98,1,0,1,0,0.0,0.0,0,0,0,0,0.0,0.0,0.0,0.0,0.0,0.0,0.0,0.0,LOW,NORMAL_CUSTOMER,NO_MAJOR_RISK_SIGNAL
C001020,Kathy,Carpenter,Saudi Arabia,Premium,2,6509.68,2,0,2,0,20.0,40.0,1,0,0,1,40.0,0.0,0.0,0.5,1.25,0.5,30.0,25.38,MEDIUM,NORMAL_CUSTOMER,NO_MAJOR_RISK_SIGNAL
C001022,Jason,Smith,Saudi Arabia,Standard,1,1431.29,1,0,1,0,0.0,0.0,0,0,0,0,0.0,0.0,0.0,0.0,0.0,0.0,0.0,0.0,LOW,NORMAL_CUSTOMER,NO_MAJOR_RISK_SIGNAL
C001024,Mark,Watson,Other,Standard,2,4297.02,2,0,2,0,22.5,45.0,1,0,0,1,45.0,0.0,0.0,0.5,1.25,0.5,30.0,27.38,MEDIUM,NORMAL_CUSTOMER,NO_MAJOR_RISK_SIGNAL
C001025,Dylan,Washington,Other,Standard,1,1812.58,1,0,1,0,0.0,0.0,0,0,0,0,0.0,0.0,0.0,0.0,0.0,0.0,0.0,0.0,LOW,NORMAL_CUSTOMER,NO_MAJOR_RISK_SIGNAL
C001026,Rachel,Peterson,United Arab Emirates,Standard,1,2353.32,1,0,1,0,0.0,0.0,0,0,0,0,0.0,0.0,0.0,0.0,0.0,0.0,0.0,0.0,LOW,NORMAL_CUSTOMER,NO_MAJOR_RISK_SIGNAL
C001027,Aaron,Bartlett,Other,Standard,1,3202.83,2,1,1,1,30.0,30.0,0,0,0,0,30.0,1.0,1.0,0.0,16.25,0.0,0.0,16.88,LOW,NORMAL_CUSTOMER,NO_MAJOR_RISK_SIGNAL
C001028,Michele,Garcia,United States,Standard,1,4017.55,3,2,1,2,65.0,65.0,2,1,0,1,65.0,2.0,2.0,2.0,37.5,1.0,30.0,46.25,MEDIUM,NORMAL_CUSTOMER,REPEATED_PAYMENT_FAILURES
C001029,Duane,Moore,United Arab Emirates,Premium,2,4210.44,2,0,2,0,22.5,45.0,1,0,0,1,45.0,0.0,0.0,0.5,1.25,0.5,30.0,27.38,MEDIUM,NORMAL_CUSTOMER,NO_MAJOR_RISK_SIGNAL
C001030,David,Walker,United States,Standard,3,9159.24,5,2,3,2,21.67,65.0,2,1,0,1,65.0,0.67,0.67,0.67,12.5,0.33,30.0,38.75,MEDIUM,LOYAL_LOW_FRICTION_CUSTOMER,REPEATED_PAYMENT_FAILURES
C001031,John,Lopez,Saudi Arabia,Standard,3,6701.72,5,2,3,2,51.67,80.0,2,1,1,2,80.0,0.67,0.67,0.67,12.5,0.67,65.67,55.45,HIGH,FRICTION_PRONE_CUSTOMER,HIGH_SEVERITY | PERSISTENT_BEHAVIOR | REPEATED_PAYMENT_FAILURES | MULTIPLE_PROBLEMATIC_JOURNEYS | CRITICAL_JOURNEY
C001032,Greg,Prince,Pakistan,Premium,1,3574.94,2,1,1,1,75.0,75.0,1,1,0,1,75.0,1.0,1.0,1.0,18.75,1.0,30.0,44.62,MEDIUM,NORMAL_CUSTOMER,HIGH_SEVERITY
C001033,Donna,Austin,Saudi Arabia,Standard,2,5172.66,2,0,2,0,0.0,0.0,0,0,0,0,0.0,0.0,0.0,0.0,0.0,0.0,0.0,0.0,LOW,NORMAL_CUSTOMER,NO_MAJOR_RISK_SIGNAL
C001034,Anthony,Guerra,Saudi Arabia,Standard,2,6052.02,2,0,2,0,22.5,45.0,1,0,0,1,45.0,0.0,0.0,0.5,1.25,0.5,30.0,27.38,MEDIUM,NORMAL_CUSTOMER,NO_MAJOR_RISK_SIGNAL
C001036,Kristy,Patel,United Kingdom,Standard,2,4674.59,2,0,2,0,0.0,0.0,0,0,0,0,0.0,0.0,0.0,0.0,0.0,0.0,0.0,0.0,LOW,NORMAL_CUSTOMER,NO_MAJOR_RISK_SIGNAL
C001037,John,Arnold,United Arab Emirates,Premium,2,2691.76,2,0,2,0,22.5,45.0,1,0,0,1,45.0,0.0,0.0,0.5,1.25,0.5,30.0,27.38,MEDIUM,NORMAL_CUSTOMER,NO_MAJOR_RISK_SIGNAL
C001038,Mario,Avila,United Kingdom,Standard,2,6635.76,3,1,2,1,60.0,75.0,2,1,0,2,75.0,0.5,0.5,1.0,10.62,1.0,79.0,56.89,HIGH,FRICTION_PRONE_CUSTOMER,HIGH_SEVERITY | PERSISTENT_BEHAVIOR | MULTIPLE_PROBLEMATIC_JOURNEYS
C001039,Grant,Wilson,Saudi Arabia,Standard,1,2506.06,1,0,1,0,45.0,45.0,1,0,0,1,45.0,0.0,0.0,1.0,2.5,1.0,30.0,27.75,MEDIUM,NORMAL_CUSTOMER,NO_MAJOR_RISK_SIGNAL
C001041,Judy,Jones,Pakistan,Premium,3,11319.26,6,3,3,3,46.67,65.0,3,1,0,2,65.0,1.0,1.0,1.0,18.75,0.67,65.67,51.33,HIGH,FRICTION_PRONE_CUSTOMER,PERSISTENT_BEHAVIOR | REPEATED_PAYMENT_FAILURES | MULTIPLE_PROBLEMATIC_JOURNEYS
C001044,Thomas,Mendoza,Pakistan,Standard,2,3302.18,3,1,2,1,37.5,75.0,1,1,0,1,75.0,0.5,0.5,0.5,9.38,0.5,30.0,41.81,MEDIUM,NORMAL_CUSTOMER,HIGH_SEVERITY
C001045,Kimberly,Collins,Other,Premium,1,3696.25,1,0,1,0,0.0,0.0,0,0,0,0,0.0,0.0,0.0,0.0,0.0,0.0,0.0,0.0,LOW,NORMAL_CUSTOMER,NO_MAJOR_RISK_SIGNAL
C001046,William,Cox,Pakistan,Premium,2,3455.16,4,2,2,2,32.5,65.0,2,1,0,1,65.0,1.0,1.0,1.0,18.75,0.5,30.0,40.62,MEDIUM,NORMAL_CUSTOMER,REPEATED_PAYMENT_FAILURES
C001049,Sonia,Harper,Other,Premium,2,5296.55,2,0,2,0,22.5,45.0,1,0,0,1,45.0,0.0,0.0,0.5,1.25,0.5,30.0,27.38,MEDIUM,NORMAL_CUSTOMER,NO_MAJOR_RISK_SIGNAL
C001050,Bradley,Gallagher,Saudi Arabia,Standard,2,6490.52,4,2,2,2,32.5,65.0,2,1,0,1,65.0,1.0,1.0,1.0,18.75,0.5,30.0,40.62,MEDIUM,NORMAL_CUSTOMER,REPEATED_PAYMENT_FAILURES
C001051,Krista,Peterson,Other,Premium,2,6207.2,4,2,2,2,32.5,65.0,2,1,0,1,65.0,1.0,1.0,1.0,18.75,0.5,30.0,40.62,MEDIUM,NORMAL_CUSTOMER,REPEATED_PAYMENT_FAILURES
C001052,Michelle,Mckinney,Pakistan,Standard,1,3091.01,1,0,1,0,45.0,45.0,1,0,0,1,45.0,0.0,0.0,1.0,2.5,1.0,30.0,27.75,MEDIUM,NORMAL_CUSTOMER,NO_MAJOR_RISK_SIGNAL
C001053,Adrienne,Johnson,Other,Standard,2,4711.45,2,0,2,0,0.0,0.0,0,0,0,0,0.0,0.0,0.0,0.0,0.0,0.0,0.0,0.0,LOW,NORMAL_CUSTOMER,NO_MAJOR_RISK_SIGNAL
C001055,Tamara,Walker,Other,Standard,2,4925.27,2,0,2,0,20.0,40.0,1,0,0,1,40.0,0.0,0.0,0.5,1.25,0.5,30.0,25.38,MEDIUM,NORMAL_CUSTOMER,NO_MAJOR_RISK_SIGNAL
C001056,Bruce,Vincent,United Arab Emirates,Standard,1,652.05,1,0,1,0,45.0,45.0,1,0,0,1,45.0,0.0,0.0,1.0,2.5,1.0,30.0,27.75,MEDIUM,NORMAL_CUSTOMER,NO_MAJOR_RISK_SIGNAL
C001059,Gina,Martinez,United Arab Emirates,Premium,3,9983.55,3,0,3,0,15.0,45.0,1,0,0,1,45.0,0.0,0.0,0.33,0.83,0.33,30.0,27.25,MEDIUM,LOYAL_LOW_FRICTION_CUSTOMER,NO_MAJOR_RISK_SIGNAL
C001060,Tracy,Anderson,Pakistan,Standard,1,3805.34,1,0,1,0,0.0,0.0,0,0,0,0,0.0,0.0,0.0,0.0,0.0,0.0,0.0,0.0,LOW,NORMAL_CUSTOMER,NO_MAJOR_RISK_SIGNAL
C001061,Renee,Miller,Other,Standard,1,3111.45,1,0,1,0,0.0,0.0,0,0,0,0,0.0,0.0,0.0,0.0,0.0,0.0,0.0,0.0,LOW,NORMAL_CUSTOMER,NO_MAJOR_RISK_SIGNAL
C001063,Christopher,Bowers,United States,Standard,2,6654.33,5,3,2,3,67.5,100.0,3,1,1,1,100.0,1.5,1.5,1.5,28.12,0.5,30.0,57.44,HIGH,FRICTION_PRONE_CUSTOMER,HIGH_SEVERITY | REPEATED_PAYMENT_FAILURES | CRITICAL_JOURNEY
C001064,Charlene,Jones,United Arab Emirates,Standard,1,2086.77,1,0,1,0,0.0,0.0,0,0,0,0,0.0,0.0,0.0,0.0,0.0,0.0,0.0,0.0,LOW,NORMAL_CUSTOMER,NO_MAJOR_RISK_SIGNAL
C001065,Cameron,Hampton,United Arab Emirates,Standard,3,11732.71,5,2,3,2,21.67,65.0,2,1,0,1,65.0,0.67,0.67,0.67,12.5,0.33,30.0,38.75,MEDIUM,LOYAL_LOW_FRICTION_CUSTOMER,REPEATED_PAYMENT_FAILURES
C001066,Joshua,Todd,United Kingdom,Standard,3,11690.1,5,2,3,2,21.67,65.0,2,1,0,1,65.0,0.67,0.67,0.67,12.5,0.33,30.0,38.75,MEDIUM,LOYAL_LOW_FRICTION_CUSTOMER,REPEATED_PAYMENT_FAILURES
C001067,Cynthia,Williams,Saudi Arabia,Standard,1,3415.14,1,0,1,0,40.0,40.0,1,0,0,1,40.0,0.0,0.0,1.0,2.5,1.0,30.0,25.75,MEDIUM,NORMAL_CUSTOMER,NO_MAJOR_RISK_SIGNAL
C001068,Amy,Rodriguez,Saudi Arabia,Standard,4,11229.41,5,1,4,1,17.5,40.0,1,0,0,1,40.0,0.25,0.25,0.25,4.69,0.25,28.0,25.81,MEDIUM,LOYAL_LOW_FRICTION_CUSTOMER,NO_MAJOR_RISK_SIGNAL
C001070,Virginia,Palmer,Saudi Arabia,Standard,2,6119.76,5,3,2,3,67.5,100.0,3,1,1,1,100.0,1.5,1.5,1.5,28.12,0.5,30.0,57.44,HIGH,FRICTION_PRONE_CUSTOMER,HIGH_SEVERITY | REPEATED_PAYMENT_FAILURES | CRITICAL_JOURNEY
C001071,Alyssa,Brown,Saudi Arabia,Standard,3,11429.71,3,0,3,0,15.0,45.0,1,0,0,1,45.0,0.0,0.0,0.33,0.83,0.33,30.0,27.25,MEDIUM,LOYAL_LOW_FRICTION_CUSTOMER,NO_MAJOR_RISK_SIGNAL
C001073,Catherine,King,Saudi Arabia,Standard,2,5163.76,3,1,2,1,15.0,30.0,0,0,0,0,30.0,0.5,0.5,0.0,8.12,0.0,0.0,14.44,LOW,NORMAL_CUSTOMER,NO_MAJOR_RISK_SIGNAL
C001074,Cory,Jones,Saudi Arabia,Standard,3,8838.2,5,2,3,2,33.33,100.0,3,1,1,1,100.0,0.67,0.67,1.0,13.33,0.33,30.0,53.0,HIGH,FRICTION_PRONE_CUSTOMER,HIGH_SEVERITY | REPEATED_PAYMENT_FAILURES | CRITICAL_JOURNEY
C001075,Jacqueline,Contreras,Other,Premium,2,6694.15,2,0,2,0,22.5,45.0,1,0,0,1,45.0,0.0,0.0,0.5,1.25,0.5,30.0,27.38,MEDIUM,NORMAL_CUSTOMER,NO_MAJOR_RISK_SIGNAL
C001076,Melissa,Webster,United Arab Emirates,Standard,2,2565.45,2,0,2,0,42.5,45.0,2,0,0,2,45.0,0.0,0.0,1.0,2.5,1.0,79.0,42.45,MEDIUM,NORMAL_CUSTOMER,PERSISTENT_BEHAVIOR | MULTIPLE_PROBLEMATIC_JOURNEYS
C001077,Debra,Patton,United Arab Emirates,Premium,1,4453.84,1,0,1,0,40.0,40.0,1,0,0,1,40.0,0.0,0.0,1.0,2.5,1.0,30.0,25.75,MEDIUM,NORMAL_CUSTOMER,NO_MAJOR_RISK_SIGNAL
C001078,Kayla,Mora,United Kingdom,Standard,3,9002.69,4,1,3,1,25.0,45.0,1,0,0,1,45.0,0.33,0.33,0.33,6.25,0.33,30.0,28.88,MEDIUM,LOYAL_LOW_FRICTION_CUSTOMER,NO_MAJOR_RISK_SIGNAL
C001080,Jason,Santana,Other,Standard,2,6768.05,2,0,2,0,20.0,40.0,1,0,0,1,40.0,0.0,0.0,0.5,1.25,0.5,30.0,25.38,MEDIUM,NORMAL_CUSTOMER,NO_MAJOR_RISK_SIGNAL
C001081,Shannon,Lopez,United States,Standard,1,4770.04,1,0,1,0,0.0,0.0,0,0,0,0,0.0,0.0,0.0,0.0,0.0,0.0,0.0,0.0,LOW,NORMAL_CUSTOMER,NO_MAJOR_RISK_SIGNAL
C001082,Jeremy,Bell,Saudi Arabia,Standard,3,10401.17,5,2,3,2,63.33,100.0,5,1,1,3,100.0,0.67,0.67,1.67,15.0,1.0,91.0,71.8,HIGH,FRICTION_PRONE_CUSTOMER,HIGH_SEVERITY | PERSISTENT_BEHAVIOR | REPEATED_PAYMENT_FAILURES | MULTIPLE_PROBLEMATIC_JOURNEYS | CRITICAL_JOURNEY
C001083,Matthew,Davis,United Arab Emirates,VIP,2,8324.42,3,1,2,1,37.5,75.0,1,1,0,1,75.0,0.5,0.5,0.5,9.38,0.5,30.0,41.81,MEDIUM,NORMAL_CUSTOMER,HIGH_SEVERITY
C001084,Shawn,Singleton,Other,Premium,2,6394.06,2,0,2,0,0.0,0.0,0,0,0,0,0.0,0.0,0.0,0.0,0.0,0.0,0.0,0.0,LOW,NORMAL_CUSTOMER,NO_MAJOR_RISK_SIGNAL
C001086,Cody,Rush,United Arab Emirates,VIP,2,3072.03,2,0,2,0,0.0,0.0,0,0,0,0,0.0,0.0,0.0,0.0,0.0,0.0,0.0,0.0,LOW,NORMAL_CUSTOMER,NO_MAJOR_RISK_SIGNAL
C001087,Ronald,Bailey,Pakistan,Standard,1,2641.24,1,0,1,0,0.0,0.0,0,0,0,0,0.0,0.0,0.0,0.0,0.0,0.0,0.0,0.0,LOW,NORMAL_CUSTOMER,NO_MAJOR_RISK_SIGNAL
C001089,Nicholas,Mason,Other,Standard,2,5949.9,2,0,2,0,0.0,0.0,0,0,0,0,0.0,0.0,0.0,0.0,0.0,0.0,0.0,0.0,LOW,NORMAL_CUSTOMER,NO_MAJOR_RISK_SIGNAL
C001090,Elijah,Chandler,Saudi Arabia,Premium,3,4046.21,3,0,3,0,28.33,45.0,2,0,0,2,45.0,0.0,0.0,0.67,1.67,0.67,65.67,38.2,MEDIUM,NORMAL_CUSTOMER,PERSISTENT_BEHAVIOR | MULTIPLE_PROBLEMATIC_JOURNEYS
C001092,Carlos,Hudson,Pakistan,Standard,2,4897.46,3,1,2,1,40.0,45.0,1,0,0,1,45.0,0.5,0.5,0.5,9.38,0.5,30.0,29.81,MEDIUM,NORMAL_CUSTOMER,NO_MAJOR_RISK_SIGNAL
C001093,Marie,Garcia,Pakistan,Premium,1,4339.29,2,1,1,1,80.0,80.0,1,1,1,1,80.0,1.0,1.0,1.0,18.75,1.0,30.0,46.62,MEDIUM,NORMAL_CUSTOMER,HIGH_SEVERITY | CRITICAL_JOURNEY
C001094,Christopher,Lane,Pakistan,Standard,3,7982.23,3,0,3,0,0.0,0.0,0,0,0,0,0.0,0.0,0.0,0.0,0.0,0.0,0.0,0.0,LOW,LOYAL_LOW_FRICTION_CUSTOMER,NO_MAJOR_RISK_SIGNAL
C001095,Colin,Smith,Saudi Arabia,Standard,2,5625.18,2,0,2,0,0.0,0.0,0,0,0,0,0.0,0.0,0.0,0.0,0.0,0.0,0.0,0.0,LOW,NORMAL_CUSTOMER,NO_MAJOR_RISK_SIGNAL
C001096,Joanne,Robinson,Saudi Arabia,Standard,1,2487.75,1,0,1,0,40.0,40.0,1,0,0,1,40.0,0.0,0.0,1.0,2.5,1.0,30.0,25.75,MEDIUM,NORMAL_CUSTOMER,NO_MAJOR_RISK_SIGNAL
C001097,Lisa,Lee,Saudi Arabia,Premium,3,8510.04,3,0,3,0,13.33,40.0,1,0,0,1,40.0,0.0,0.0,0.33,0.83,0.33,30.0,25.25,MEDIUM,LOYAL_LOW_FRICTION_CUSTOMER,NO_MAJOR_RISK_SIGNAL
C001099,Brenda,Winters,United States,Standard,7,23480.15,8,1,7,1,4.29,30.0,0,0,0,0,30.0,0.14,0.14,0.0,2.32,0.0,0.0,12.7,LOW,LOYAL_LOW_FRICTION_CUSTOMER,NO_MAJOR_RISK_SIGNAL
C001100,Anna,Medina,United Arab Emirates,Standard,2,6402.31,2,0,2,0,0.0,0.0,0,0,0,0,0.0,0.0,0.0,0.0,0.0,0.0,0.0,0.0,LOW,NORMAL_CUSTOMER,NO_MAJOR_RISK_SIGNAL
C001101,Mark,Beltran,Saudi Arabia,Standard,1,1267.85,1,0,1,0,40.0,40.0,1,0,0,1,40.0,0.0,0.0,1.0,2.5,1.0,30.0,25.75,MEDIUM,NORMAL_CUSTOMER,NO_MAJOR_RISK_SIGNAL
C001102,David,Garcia,Other,Standard,1,4104.34,1,0,1,0,40.0,40.0,1,0,0,1,40.0,0.0,0.0,1.0,2.5,1.0,30.0,25.75,MEDIUM,NORMAL_CUSTOMER,NO_MAJOR_RISK_SIGNAL
C001103,Michael,Lewis,Other,Standard,2,2535.05,4,2,2,2,30.0,30.0,0,0,0,0,30.0,1.0,1.0,0.0,16.25,0.0,0.0,16.88,LOW,NORMAL_CUSTOMER,REPEATED_PAYMENT_FAILURES
C001105,Karen,Zimmerman,Other,Standard,3,10188.97,6,3,3,3,45.0,65.0,3,1,0,2,65.0,1.0,1.0,1.0,18.75,0.67,65.67,51.33,HIGH,FRICTION_PRONE_CUSTOMER,PERSISTENT_BEHAVIOR | REPEATED_PAYMENT_FAILURES | MULTIPLE_PROBLEMATIC_JOURNEYS
C001106,Miranda,Richardson,Saudi Arabia,Standard,2,3556.78,2,0,2,0,40.0,40.0,2,0,0,2,40.0,0.0,0.0,1.0,2.5,1.0,79.0,40.45,MEDIUM,NORMAL_CUSTOMER,PERSISTENT_BEHAVIOR | MULTIPLE_PROBLEMATIC_JOURNEYS
C001107,Jennifer,Lawrence,United Arab Emirates,Premium,2,6259.14,3,1,2,1,37.5,75.0,1,1,0,1,75.0,0.5,0.5,0.5,9.38,0.5,30.0,41.81,MEDIUM,NORMAL_CUSTOMER,HIGH_SEVERITY
C001108,Tanya,Gonzales,United States,Standard,1,808.28,1,0,1,0,0.0,0.0,0,0,0,0,0.0,0.0,0.0,0.0,0.0,0.0,0.0,0.0,LOW,NORMAL_CUSTOMER,NO_MAJOR_RISK_SIGNAL
C001109,Caroline,Rosario,United Kingdom,Premium,1,1356.72,1,0,1,0,0.0,0.0,0,0,0,0,0.0,0.0,0.0,0.0,0.0,0.0,0.0,0.0,LOW,NORMAL_CUSTOMER,NO_MAJOR_RISK_SIGNAL
C001110,Michael,White,Saudi Arabia,Standard,2,6142.67,3,1,2,1,35.0,70.0,1,1,0,1,70.0,0.5,0.5,0.5,9.38,0.5,30.0,39.81,MEDIUM,NORMAL_CUSTOMER,HIGH_SEVERITY
C001111,Becky,Kelly,United States,Standard,1,3326.08,1,0,1,0,45.0,45.0,1,0,0,1,45.0,0.0,0.0,1.0,2.5,1.0,30.0,27.75,MEDIUM,NORMAL_CUSTOMER,NO_MAJOR_RISK_SIGNAL
C001115,Daniel,Rodriguez,Pakistan,Standard,1,2658.16,1,0,1,0,0.0,0.0,0,0,0,0,0.0,0.0,0.0,0.0,0.0,0.0,0.0,0.0,LOW,NORMAL_CUSTOMER,NO_MAJOR_RISK_SIGNAL
C001116,Megan,Rollins,Pakistan,Standard,1,2912.19,1,0,1,0,0.0,0.0,0,0,0,0,0.0,0.0,0.0,0.0,0.0,0.0,0.0,0.0,LOW,NORMAL_CUSTOMER,NO_MAJOR_RISK_SIGNAL
C001117,Michael,Martinez,Saudi Arabia,Standard,2,6129.95,2,0,2,0,0.0,0.0,0,0,0,0,0.0,0.0,0.0,0.0,0.0,0.0,0.0,0.0,LOW,NORMAL_CUSTOMER,NO_MAJOR_RISK_SIGNAL
C001118,Kathryn,Rodriguez,Other,Standard,2,6174.7,2,0,2,0,42.5,45.0,2,0,0,2,45.0,0.0,0.0,1.0,2.5,1.0,79.0,42.45,MEDIUM,NORMAL_CUSTOMER,PERSISTENT_BEHAVIOR | MULTIPLE_PROBLEMATIC_JOURNEYS
C001119,Audrey,Taylor,Saudi Arabia,Standard,1,2570.09,1,0,1,0,0.0,0.0,0,0,0,0,0.0,0.0,0.0,0.0,0.0,0.0,0.0,0.0,LOW,NORMAL_CUSTOMER,NO_MAJOR_RISK_SIGNAL
C001120,Lindsay,Farmer,Saudi Arabia,Standard,1,4319.24,3,2,1,2,65.0,65.0,2,1,0,1,65.0,2.0,2.0,2.0,37.5,1.0,30.0,46.25,MEDIUM,NORMAL_CUSTOMER,REPEATED_PAYMENT_FAILURES
C001121,Megan,Bush,Other,Standard,2,4081.42,4,2,2,2,50.0,100.0,3,1,1,1,100.0,1.0,1.0,1.5,20.0,0.5,30.0,55.0,HIGH,FRICTION_PRONE_CUSTOMER,HIGH_SEVERITY | REPEATED_PAYMENT_FAILURES | CRITICAL_JOURNEY
C001123,Loretta,Williams,Other,Premium,2,4455.86,2,0,2,0,0.0,0.0,0,0,0,0,0.0,0.0,0.0,0.0,0.0,0.0,0.0,0.0,LOW,NORMAL_CUSTOMER,NO_MAJOR_RISK_SIGNAL
C001125,Dawn,Wilson,United Kingdom,Standard,4,9731.62,5,1,4,1,28.75,40.0,2,0,0,2,40.0,0.25,0.25,0.5,5.31,0.5,59.0,35.29,MEDIUM,NORMAL_CUSTOMER,PERSISTENT_BEHAVIOR | MULTIPLE_PROBLEMATIC_JOURNEYS
C001126,Anthony,Campbell,Pakistan,Standard,3,10864.24,4,1,3,1,26.67,45.0,1,0,0,1,45.0,0.33,0.33,0.33,6.25,0.33,30.0,28.88,MEDIUM,LOYAL_LOW_FRICTION_CUSTOMER,NO_MAJOR_RISK_SIGNAL
C001127,Sarah,Burke,Saudi Arabia,Standard,1,4779.67,2,1,1,1,30.0,30.0,0,0,0,0,30.0,1.0,1.0,0.0,16.25,0.0,0.0,16.88,LOW,NORMAL_CUSTOMER,NO_MAJOR_RISK_SIGNAL
C001128,Maria,Collins,United Arab Emirates,Premium,1,4534.26,1,0,1,0,0.0,0.0,0,0,0,0,0.0,0.0,0.0,0.0,0.0,0.0,0.0,0.0,LOW,NORMAL_CUSTOMER,NO_MAJOR_RISK_SIGNAL
C001129,Joseph,Cherry,United Arab Emirates,Standard,1,800.49,1,0,1,0,0.0,0.0,0,0,0,0,0.0,0.0,0.0,0.0,0.0,0.0,0.0,0.0,LOW,NORMAL_CUSTOMER,NO_MAJOR_RISK_SIGNAL
C001130,Henry,Wallace,Saudi Arabia,Standard,3,9211.34,3,0,3,0,13.33,40.0,1,0,0,1,40.0,0.0,0.0,0.33,0.83,0.33,30.0,25.25,MEDIUM,LOYAL_LOW_FRICTION_CUSTOMER,NO_MAJOR_RISK_SIGNAL
C001131,Jacqueline,Spencer,United Kingdom,Standard,2,3795.91,2,0,2,0,0.0,0.0,0,0,0,0,0.0,0.0,0.0,0.0,0.0,0.0,0.0,0.0,LOW,NORMAL_CUSTOMER,NO_MAJOR_RISK_SIGNAL
C001132,Kyle,Roberts,United Arab Emirates,Premium,3,3770.6,3,0,3,0,0.0,0.0,0,0,0,0,0.0,0.0,0.0,0.0,0.0,0.0,0.0,0.0,LOW,LOYAL_LOW_FRICTION_CUSTOMER,NO_MAJOR_RISK_SIGNAL
C001133,Matthew,Wyatt,Saudi Arabia,Standard,5,13646.21,6,1,5,1,22.0,40.0,2,0,0,2,40.0,0.2,0.2,0.4,4.25,0.4,55.0,33.78,MEDIUM,NORMAL_CUSTOMER,PERSISTENT_BEHAVIOR | MULTIPLE_PROBLEMATIC_JOURNEYS
C001134,Adam,Lopez,Saudi Arabia,Standard,2,7515.97,2,0,2,0,0.0,0.0,0,0,0,0,0.0,0.0,0.0,0.0,0.0,0.0,0.0,0.0,LOW,NORMAL_CUSTOMER,NO_MAJOR_RISK_SIGNAL
C001135,Molly,Jones,United Kingdom,Standard,3,9546.02,3,0,3,0,0.0,0.0,0,0,0,0,0.0,0.0,0.0,0.0,0.0,0.0,0.0,0.0,LOW,LOYAL_LOW_FRICTION_CUSTOMER,NO_MAJOR_RISK_SIGNAL
C001136,Ashley,Randall,Saudi Arabia,Standard,3,5988.26,5,2,3,2,33.33,70.0,1,1,0,1,70.0,0.67,0.67,0.33,11.67,0.33,30.0,40.5,MEDIUM,NORMAL_CUSTOMER,HIGH_SEVERITY | REPEATED_PAYMENT_FAILURES
C001137,Richard,Alvarez,Other,Standard,3,8575.85,5,2,3,2,33.33,100.0,3,1,1,1,100.0,0.67,0.67,1.0,13.33,0.33,30.0,53.0,HIGH,FRICTION_PRONE_CUSTOMER,HIGH_SEVERITY | REPEATED_PAYMENT_FAILURES | CRITICAL_JOURNEY
C001138,Donald,Shelton,United Arab Emirates,Standard,1,4574.79,1,0,1,0,45.0,45.0,1,0,0,1,45.0,0.0,0.0,1.0,2.5,1.0,30.0,27.75,MEDIUM,NORMAL_CUSTOMER,NO_MAJOR_RISK_SIGNAL
C001139,Cynthia,White,United Arab Emirates,Premium,2,7792.82,4,2,2,2,30.0,30.0,0,0,0,0,30.0,1.0,1.0,0.0,16.25,0.0,0.0,16.88,LOW,NORMAL_CUSTOMER,REPEATED_PAYMENT_FAILURES
C001140,Anthony,Lutz,Pakistan,Premium,1,3763.11,1,0,1,0,0.0,0.0,0,0,0,0,0.0,0.0,0.0,0.0,0.0,0.0,0.0,0.0,LOW,NORMAL_CUSTOMER,NO_MAJOR_RISK_SIGNAL
C001141,Julie,Vasquez,United States,Standard,2,5404.71,2,0,2,0,0.0,0.0,0,0,0,0,0.0,0.0,0.0,0.0,0.0,0.0,0.0,0.0,LOW,NORMAL_CUSTOMER,NO_MAJOR_RISK_SIGNAL
C001142,Jason,Garcia,United Arab Emirates,Standard,4,15547.15,5,1,4,1,18.75,75.0,1,1,0,1,75.0,0.25,0.25,0.25,4.69,0.25,28.0,39.81,MEDIUM,LOYAL_LOW_FRICTION_CUSTOMER,HIGH_SEVERITY
C001144,Matthew,Barrett,Pakistan,Standard,2,4718.18,2,0,2,0,0.0,0.0,0,0,0,0,0.0,0.0,0.0,0.0,0.0,0.0,0.0,0.0,LOW,NORMAL_CUSTOMER,NO_MAJOR_RISK_SIGNAL
C001145,Mitchell,Miller,Saudi Arabia,Standard,1,3190.35,1,0,1,0,0.0,0.0,0,0,0,0,0.0,0.0,0.0,0.0,0.0,0.0,0.0,0.0,LOW,NORMAL_CUSTOMER,NO_MAJOR_RISK_SIGNAL
C001146,Jennifer,Thomas,Other,Standard,1,4602.24,1,0,1,0,0.0,0.0,0,0,0,0,0.0,0.0,0.0,0.0,0.0,0.0,0.0,0.0,LOW,NORMAL_CUSTOMER,NO_MAJOR_RISK_SIGNAL
C001148,Ashley,Garza,United Kingdom,Standard,1,2685.84,1,0,1,0,0.0,0.0,0,0,0,0,0.0,0.0,0.0,0.0,0.0,0.0,0.0,0.0,LOW,NORMAL_CUSTOMER,NO_MAJOR_RISK_SIGNAL
C001149,Christopher,Garcia,Other,Standard,1,3000.49,2,1,1,1,70.0,70.0,1,1,0,1,70.0,1.0,1.0,1.0,18.75,1.0,30.0,42.62,MEDIUM,NORMAL_CUSTOMER,HIGH_SEVERITY
C001151,Eric,Levine,United Kingdom,Standard,2,3020.63,3,1,2,1,17.5,35.0,0,0,0,0,35.0,0.5,0.5,0.0,8.12,0.0,0.0,16.44,LOW,NORMAL_CUSTOMER,NO_MAJOR_RISK_SIGNAL
C001152,Christine,Brown,United States,Premium,2,7496.1,3,1,2,1,37.5,75.0,1,1,0,1,75.0,0.5,0.5,0.5,9.38,0.5,30.0,41.81,MEDIUM,NORMAL_CUSTOMER,HIGH_SEVERITY
C001153,Emily,Hester,United Kingdom,Standard,2,5168.51,2,0,2,0,0.0,0.0,0,0,0,0,0.0,0.0,0.0,0.0,0.0,0.0,0.0,0.0,LOW,NORMAL_CUSTOMER,NO_MAJOR_RISK_SIGNAL
C001155,Ebony,Larson,Pakistan,Standard,2,6307.39,3,1,2,1,35.0,40.0,1,0,0,1,40.0,0.5,0.5,0.5,9.38,0.5,30.0,27.81,MEDIUM,NORMAL_CUSTOMER,NO_MAJOR_RISK_SIGNAL
C001156,Todd,Ewing,United States,Premium,1,3534.31,1,0,1,0,0.0,0.0,0,0,0,0,0.0,0.0,0.0,0.0,0.0,0.0,0.0,0.0,LOW,NORMAL_CUSTOMER,NO_MAJOR_RISK_SIGNAL
C001157,Scott,Martinez,Saudi Arabia,Standard,1,3176.95,2,1,1,1,30.0,30.0,0,0,0,0,30.0,1.0,1.0,0.0,16.25,0.0,0.0,16.88,LOW,NORMAL_CUSTOMER,NO_MAJOR_RISK_SIGNAL
C001159,Kari,Hardy,Other,Standard,2,8902.21,2,0,2,0,0.0,0.0,0,0,0,0,0.0,0.0,0.0,0.0,0.0,0.0,0.0,0.0,LOW,NORMAL_CUSTOMER,NO_MAJOR_RISK_SIGNAL
C001160,Daniel,Ramirez,Saudi Arabia,Standard,3,7521.95,3,0,3,0,0.0,0.0,0,0,0,0,0.0,0.0,0.0,0.0,0.0,0.0,0.0,0.0,LOW,LOYAL_LOW_FRICTION_CUSTOMER,NO_MAJOR_RISK_SIGNAL
C001161,Russell,Reeves,United States,Standard,1,3334.59,1,0,1,0,0.0,0.0,0,0,0,0,0.0,0.0,0.0,0.0,0.0,0.0,0.0,0.0,LOW,NORMAL_CUSTOMER,NO_MAJOR_RISK_SIGNAL
C001162,Justin,Perkins,Saudi Arabia,Standard,1,4320.05,1,0,1,0,0.0,0.0,0,0,0,0,0.0,0.0,0.0,0.0,0.0,0.0,0.0,0.0,LOW,NORMAL_CUSTOMER,NO_MAJOR_RISK_SIGNAL
C001163,Erika,Nelson,United Arab Emirates,Standard,1,1635.13,2,1,1,1,30.0,30.0,0,0,0,0,30.0,1.0,1.0,0.0,16.25,0.0,0.0,16.88,LOW,NORMAL_CUSTOMER,NO_MAJOR_RISK_SIGNAL
C001164,Tommy,Clarke,United Kingdom,Standard,1,860.07,1,0,1,0,0.0,0.0,0,0,0,0,0.0,0.0,0.0,0.0,0.0,0.0,0.0,0.0,LOW,NORMAL_CUSTOMER,NO_MAJOR_RISK_SIGNAL
C001165,Elizabeth,Schneider,Saudi Arabia,Standard,4,9872.23,5,1,4,1,18.75,40.0,1,0,0,1,40.0,0.25,0.25,0.25,4.69,0.25,28.0,25.81,MEDIUM,LOYAL_LOW_FRICTION_CUSTOMER,NO_MAJOR_RISK_SIGNAL
C001166,Brandon,Ross,United States,Standard,1,1070.56,3,2,1,2,65.0,65.0,2,1,0,1,65.0,2.0,2.0,2.0,37.5,1.0,30.0,46.25,MEDIUM,NORMAL_CUSTOMER,REPEATED_PAYMENT_FAILURES
C001167,Randall,Alvarez,United States,Standard,1,4572.41,1,0,1,0,45.0,45.0,1,0,0,1,45.0,0.0,0.0,1.0,2.5,1.0,30.0,27.75,MEDIUM,NORMAL_CUSTOMER,NO_MAJOR_RISK_SIGNAL
C001168,Carol,Morrison,Pakistan,Standard,3,5422.48,3,0,3,0,13.33,40.0,1,0,0,1,40.0,0.0,0.0,0.33,0.83,0.33,30.0,25.25,MEDIUM,LOYAL_LOW_FRICTION_CUSTOMER,NO_MAJOR_RISK_SIGNAL
C001169,Adrian,Sullivan,Saudi Arabia,Standard,1,2634.33,2,1,1,1,35.0,35.0,0,0,0,0,35.0,1.0,1.0,0.0,16.25,0.0,0.0,18.88,LOW,NORMAL_CUSTOMER,NO_MAJOR_RISK_SIGNAL
C001170,Kevin,Washington,Saudi Arabia,Premium,2,4988.83,3,1,2,1,15.0,30.0,0,0,0,0,30.0,0.5,0.5,0.0,8.12,0.0,0.0,14.44,LOW,NORMAL_CUSTOMER,NO_MAJOR_RISK_SIGNAL
C001171,Jason,Ramirez,Pakistan,VIP,1,1749.28,1,0,1,0,0.0,0.0,0,0,0,0,0.0,0.0,0.0,0.0,0.0,0.0,0.0,0.0,LOW,NORMAL_CUSTOMER,NO_MAJOR_RISK_SIGNAL
C001172,Derrick,Tate,Other,Premium,1,1763.69,3,2,1,2,65.0,65.0,2,1,0,1,65.0,2.0,2.0,2.0,37.5,1.0,30.0,46.25,MEDIUM,NORMAL_CUSTOMER,REPEATED_PAYMENT_FAILURES
C001173,Jonathan,Rodriguez,Pakistan,Premium,1,2346.4,2,1,1,1,30.0,30.0,0,0,0,0,30.0,1.0,1.0,0.0,16.25,0.0,0.0,16.88,LOW,NORMAL_CUSTOMER,NO_MAJOR_RISK_SIGNAL
C001174,Mark,King,Saudi Arabia,Standard,2,4253.15,2,0,2,0,0.0,0.0,0,0,0,0,0.0,0.0,0.0,0.0,0.0,0.0,0.0,0.0,LOW,NORMAL_CUSTOMER,NO_MAJOR_RISK_SIGNAL
C001175,Adrian,Crawford,Pakistan,VIP,2,3935.69,4,2,2,2,32.5,65.0,2,1,0,1,65.0,1.0,1.0,1.0,18.75,0.5,30.0,40.62,MEDIUM,NORMAL_CUSTOMER,REPEATED_PAYMENT_FAILURES
C001177,Gregory,Taylor,United States,Standard,2,5005.8,2,0,2,0,0.0,0.0,0,0,0,0,0.0,0.0,0.0,0.0,0.0,0.0,0.0,0.0,LOW,NORMAL_CUSTOMER,NO_MAJOR_RISK_SIGNAL
C001178,Omar,Garcia,Saudi Arabia,Premium,4,11181.66,5,1,4,1,30.0,80.0,2,1,1,2,80.0,0.25,0.25,0.5,5.31,0.5,59.0,51.29,HIGH,FRICTION_PRONE_CUSTOMER,HIGH_SEVERITY | PERSISTENT_BEHAVIOR | MULTIPLE_PROBLEMATIC_JOURNEYS | CRITICAL_JOURNEY
C001179,Jane,Brown,United States,Standard,1,3985.11,1,0,1,0,0.0,0.0,0,0,0,0,0.0,0.0,0.0,0.0,0.0,0.0,0.0,0.0,LOW,NORMAL_CUSTOMER,NO_MAJOR_RISK_SIGNAL
C001180,Vincent,Jones,Pakistan,Standard,1,2607.15,3,2,1,2,65.0,65.0,2,1,0,1,65.0,2.0,2.0,2.0,37.5,1.0,30.0,46.25,MEDIUM,NORMAL_CUSTOMER,REPEATED_PAYMENT_FAILURES
C001182,Linda,Stanton,United Arab Emirates,Standard,2,8592.49,2,0,2,0,22.5,45.0,1,0,0,1,45.0,0.0,0.0,0.5,1.25,0.5,30.0,27.38,MEDIUM,NORMAL_CUSTOMER,NO_MAJOR_RISK_SIGNAL
C001183,Charles,Reyes,Pakistan,Standard,2,4878.7,2,0,2,0,0.0,0.0,0,0,0,0,0.0,0.0,0.0,0.0,0.0,0.0,0.0,0.0,LOW,NORMAL_CUSTOMER,NO_MAJOR_RISK_SIGNAL
C001185,Bobby,Hernandez,Saudi Arabia,Standard,4,11174.23,7,3,4,3,32.5,100.0,3,1,1,1,100.0,0.75,0.75,0.75,14.06,0.25,28.0,52.62,HIGH,FRICTION_PRONE_CUSTOMER,HIGH_SEVERITY | REPEATED_PAYMENT_FAILURES | CRITICAL_JOURNEY
C001186,Andrew,Howell,Other,Standard,1,3221.27,1,0,1,0,0.0,0.0,0,0,0,0,0.0,0.0,0.0,0.0,0.0,0.0,0.0,0.0,LOW,NORMAL_CUSTOMER,NO_MAJOR_RISK_SIGNAL
C001187,Samantha,Davis,United Kingdom,Standard,1,2631.49,3,2,1,2,100.0,100.0,3,1,1,1,100.0,2.0,2.0,3.0,40.0,1.0,30.0,61.0,HIGH,FRICTION_PRONE_CUSTOMER,HIGH_SEVERITY | REPEATED_PAYMENT_FAILURES | CRITICAL_JOURNEY
C001188,Michelle,Jones,Saudi Arabia,Standard,2,6650.43,2,0,2,0,0.0,0.0,0,0,0,0,0.0,0.0,0.0,0.0,0.0,0.0,0.0,0.0,LOW,NORMAL_CUSTOMER,NO_MAJOR_RISK_SIGNAL
C001190,Ashley,Saunders,United Kingdom,Standard,2,4916.81,2,0,2,0,0.0,0.0,0,0,0,0,0.0,0.0,0.0,0.0,0.0,0.0,0.0,0.0,LOW,NORMAL_CUSTOMER,NO_MAJOR_RISK_SIGNAL
C001191,Jenna,Sparks,Saudi Arabia,Premium,1,2078.33,1,0,1,0,0.0,0.0,0,0,0,0,0.0,0.0,0.0,0.0,0.0,0.0,0.0,0.0,LOW,NORMAL_CUSTOMER,NO_MAJOR_RISK_SIGNAL
C001192,Robert,Harris,Pakistan,Standard,4,14204.34,7,3,4,3,25.0,35.0,0,0,0,0,35.0,0.75,0.75,0.0,12.19,0.0,0.0,17.66,LOW,LOYAL_LOW_FRICTION_CUSTOMER,REPEATED_PAYMENT_FAILURES
C001193,Darius,Bates,United Arab Emirates,Standard,1,4861.72,1,0,1,0,0.0,0.0,0,0,0,0,0.0,0.0,0.0,0.0,0.0,0.0,0.0,0.0,LOW,NORMAL_CUSTOMER,NO_MAJOR_RISK_SIGNAL
C001197,Christine,Heath,Other,Standard,3,10425.98,5,2,3,2,35.0,70.0,1,1,0,1,70.0,0.67,0.67,0.33,11.67,0.33,30.0,40.5,MEDIUM,NORMAL_CUSTOMER,HIGH_SEVERITY | REPEATED_PAYMENT_FAILURES
C001199,Samantha,Cisneros,United Kingdom,Standard,1,2496.16,2,1,1,1,35.0,35.0,0,0,0,0,35.0,1.0,1.0,0.0,16.25,0.0,0.0,18.88,LOW,NORMAL_CUSTOMER,NO_MAJOR_RISK_SIGNAL
C001201,Megan,Jordan,United States,VIP,1,4112.6,1,0,1,0,40.0,40.0,1,0,0,1,40.0,0.0,0.0,1.0,2.5,1.0,30.0,25.75,MEDIUM,NORMAL_CUSTOMER,NO_MAJOR_RISK_SIGNAL
C001203,Brianna,Reyes,Saudi Arabia,Premium,1,3420.93,1,0,1,0,0.0,0.0,0,0,0,0,0.0,0.0,0.0,0.0,0.0,0.0,0.0,0.0,LOW,NORMAL_CUSTOMER,NO_MAJOR_RISK_SIGNAL
C001204,Alexandria,Edwards,United Arab Emirates,Premium,1,4413.33,1,0,1,0,0.0,0.0,0,0,0,0,0.0,0.0,0.0,0.0,0.0,0.0,0.0,0.0,LOW,NORMAL_CUSTOMER,NO_MAJOR_RISK_SIGNAL
C001205,Randy,Bennett,United Arab Emirates,Standard,1,3644.28,1,0,1,0,0.0,0.0,0,0,0,0,0.0,0.0,0.0,0.0,0.0,0.0,0.0,0.0,LOW,NORMAL_CUSTOMER,NO_MAJOR_RISK_SIGNAL
C001206,Kyle,Stevens,United States,Premium,3,8021.28,4,1,3,1,10.0,30.0,0,0,0,0,30.0,0.33,0.33,0.0,5.42,0.0,0.0,13.63,LOW,LOYAL_LOW_FRICTION_CUSTOMER,NO_MAJOR_RISK_SIGNAL
C001207,Matthew,Johnson,United Kingdom,VIP,1,2685.25,1,0,1,0,45.0,45.0,1,0,0,1,45.0,0.0,0.0,1.0,2.5,1.0,30.0,27.75,MEDIUM,NORMAL_CUSTOMER,NO_MAJOR_RISK_SIGNAL
C001208,Mason,Hawkins,United Arab Emirates,Standard,2,5762.82,2,0,2,0,22.5,45.0,1,0,0,1,45.0,0.0,0.0,0.5,1.25,0.5,30.0,27.38,MEDIUM,NORMAL_CUSTOMER,NO_MAJOR_RISK_SIGNAL
C001209,Gary,Dalton,Saudi Arabia,Standard,1,3579.08,2,1,1,1,35.0,35.0,0,0,0,0,35.0,1.0,1.0,0.0,16.25,0.0,0.0,18.88,LOW,NORMAL_CUSTOMER,NO_MAJOR_RISK_SIGNAL
C001210,William,Turner,Other,Standard,2,6367.49,2,0,2,0,0.0,0.0,0,0,0,0,0.0,0.0,0.0,0.0,0.0,0.0,0.0,0.0,LOW,NORMAL_CUSTOMER,NO_MAJOR_RISK_SIGNAL
C001212,William,Henry,United Arab Emirates,Standard,2,5460.79,4,2,2,2,32.5,65.0,2,1,0,1,65.0,1.0,1.0,1.0,18.75,0.5,30.0,40.62,MEDIUM,NORMAL_CUSTOMER,REPEATED_PAYMENT_FAILURES
C001213,Rebecca,Taylor,Saudi Arabia,Premium,1,2564.83,2,1,1,1,35.0,35.0,0,0,0,0,35.0,1.0,1.0,0.0,16.25,0.0,0.0,18.88,LOW,NORMAL_CUSTOMER,NO_MAJOR_RISK_SIGNAL
C001214,Michael,Baldwin,United States,Premium,1,1147.49,2,1,1,1,30.0,30.0,0,0,0,0,30.0,1.0,1.0,0.0,16.25,0.0,0.0,16.88,LOW,NORMAL_CUSTOMER,NO_MAJOR_RISK_SIGNAL
C001215,Jessica,Freeman,United Kingdom,Standard,2,5377.82,2,0,2,0,0.0,0.0,0,0,0,0,0.0,0.0,0.0,0.0,0.0,0.0,0.0,0.0,LOW,NORMAL_CUSTOMER,NO_MAJOR_RISK_SIGNAL
C001216,Lori,Rodriguez,Saudi Arabia,Standard,1,4066.81,1,0,1,0,0.0,0.0,0,0,0,0,0.0,0.0,0.0,0.0,0.0,0.0,0.0,0.0,LOW,NORMAL_CUSTOMER,NO_MAJOR_RISK_SIGNAL
C001217,Lisa,Leonard,Saudi Arabia,Premium,4,9049.76,5,1,4,1,20.0,45.0,1,0,0,1,45.0,0.25,0.25,0.25,4.69,0.25,28.0,27.81,MEDIUM,LOYAL_LOW_FRICTION_CUSTOMER,NO_MAJOR_RISK_SIGNAL
C001218,Joel,Keller,United Kingdom,Standard,1,2771.95,1,0,1,0,0.0,0.0,0,0,0,0,0.0,0.0,0.0,0.0,0.0,0.0,0.0,0.0,LOW,NORMAL_CUSTOMER,NO_MAJOR_RISK_SIGNAL
C001219,Dwayne,Jennings,United Kingdom,Standard,3,8095.92,7,4,3,4,43.33,65.0,4,2,0,2,65.0,1.33,1.33,1.33,25.0,0.67,65.67,53.2,HIGH,FRICTION_PRONE_CUSTOMER,PERSISTENT_BEHAVIOR | REPEATED_PAYMENT_FAILURES | MULTIPLE_PROBLEMATIC_JOURNEYS
C001221,Carrie,Alvarez,Other,Standard,1,832.31,3,2,1,2,100.0,100.0,3,1,1,1,100.0,2.0,2.0,3.0,40.0,1.0,30.0,61.0,HIGH,FRICTION_PRONE_CUSTOMER,HIGH_SEVERITY | REPEATED_PAYMENT_FAILURES | CRITICAL_JOURNEY
C001222,Kathleen,Dickerson,Saudi Arabia,Standard,2,8511.68,2,0,2,0,20.0,40.0,1,0,0,1,40.0,0.0,0.0,0.5,1.25,0.5,30.0,25.38,MEDIUM,NORMAL_CUSTOMER,NO_MAJOR_RISK_SIGNAL
C001223,Diana,Hunter,United Arab Emirates,Standard,1,1968.06,1,0,1,0,40.0,40.0,1,0,0,1,40.0,0.0,0.0,1.0,2.5,1.0,30.0,25.75,MEDIUM,NORMAL_CUSTOMER,NO_MAJOR_RISK_SIGNAL
C001224,Gregory,Myers,Other,Standard,1,576.47,1,0,1,0,0.0,0.0,0,0,0,0,0.0,0.0,0.0,0.0,0.0,0.0,0.0,0.0,LOW,NORMAL_CUSTOMER,NO_MAJOR_RISK_SIGNAL
C001226,Troy,Arellano,Pakistan,Standard,1,1981.79,1,0,1,0,0.0,0.0,0,0,0,0,0.0,0.0,0.0,0.0,0.0,0.0,0.0,0.0,LOW,NORMAL_CUSTOMER,NO_MAJOR_RISK_SIGNAL
C001228,Kathleen,Gomez,Saudi Arabia,Premium,1,2568.79,1,0,1,0,0.0,0.0,0,0,0,0,0.0,0.0,0.0,0.0,0.0,0.0,0.0,0.0,LOW,NORMAL_CUSTOMER,NO_MAJOR_RISK_SIGNAL
C001229,Shane,Levine,Other,Standard,2,6081.02,2,0,2,0,20.0,40.0,1,0,0,1,40.0,0.0,0.0,0.5,1.25,0.5,30.0,25.38,MEDIUM,NORMAL_CUSTOMER,NO_MAJOR_RISK_SIGNAL
C001230,Sandra,Flores,United Arab Emirates,Standard,2,6770.83,2,0,2,0,0.0,0.0,0,0,0,0,0.0,0.0,0.0,0.0,0.0,0.0,0.0,0.0,LOW,NORMAL_CUSTOMER,NO_MAJOR_RISK_SIGNAL
C001231,Anne,Johnson,Other,Standard,3,11175.64,3,0,3,0,28.33,45.0,2,0,0,2,45.0,0.0,0.0,0.67,1.67,0.67,65.67,38.2,MEDIUM,NORMAL_CUSTOMER,PERSISTENT_BEHAVIOR | MULTIPLE_PROBLEMATIC_JOURNEYS
C001232,Cynthia,Williams,Saudi Arabia,Standard,2,8272.07,2,0,2,0,20.0,40.0,1,0,0,1,40.0,0.0,0.0,0.5,1.25,0.5,30.0,25.38,MEDIUM,NORMAL_CUSTOMER,NO_MAJOR_RISK_SIGNAL
C001233,Claudia,Hood,Saudi Arabia,VIP,2,6413.09,2,0,2,0,20.0,40.0,1,0,0,1,40.0,0.0,0.0,0.5,1.25,0.5,30.0,25.38,MEDIUM,NORMAL_CUSTOMER,NO_MAJOR_RISK_SIGNAL
C001235,Courtney,Harmon,United Kingdom,Standard,1,1904.59,1,0,1,0,0.0,0.0,0,0,0,0,0.0,0.0,0.0,0.0,0.0,0.0,0.0,0.0,LOW,NORMAL_CUSTOMER,NO_MAJOR_RISK_SIGNAL
C001236,Edward,Johnson,United Arab Emirates,Premium,2,2885.64,2,0,2,0,0.0,0.0,0,0,0,0,0.0,0.0,0.0,0.0,0.0,0.0,0.0,0.0,LOW,NORMAL_CUSTOMER,NO_MAJOR_RISK_SIGNAL
C001237,Carlos,Vance,Other,Standard,2,4705.58,2,0,2,0,40.0,40.0,2,0,0,2,40.0,0.0,0.0,1.0,2.5,1.0,79.0,40.45,MEDIUM,NORMAL_CUSTOMER,PERSISTENT_BEHAVIOR | MULTIPLE_PROBLEMATIC_JOURNEYS
C001238,Scott,Peterson,United Arab Emirates,Standard,1,3479.04,1,0,1,0,45.0,45.0,1,0,0,1,45.0,0.0,0.0,1.0,2.5,1.0,30.0,27.75,MEDIUM,NORMAL_CUSTOMER,NO_MAJOR_RISK_SIGNAL
C001239,Kevin,Davis,Other,Standard,2,6125.23,2,0,2,0,0.0,0.0,0,0,0,0,0.0,0.0,0.0,0.0,0.0,0.0,0.0,0.0,LOW,NORMAL_CUSTOMER,NO_MAJOR_RISK_SIGNAL
C001240,Joshua,Reed,Saudi Arabia,Premium,1,2443.02,1,0,1,0,40.0,40.0,1,0,0,1,40.0,0.0,0.0,1.0,2.5,1.0,30.0,25.75,MEDIUM,NORMAL_CUSTOMER,NO_MAJOR_RISK_SIGNAL
C001241,Brian,Howard,Other,Standard,1,4958.04,1,0,1,0,0.0,0.0,0,0,0,0,0.0,0.0,0.0,0.0,0.0,0.0,0.0,0.0,LOW,NORMAL_CUSTOMER,NO_MAJOR_RISK_SIGNAL
C001242,William,Bell,United States,Premium,3,10057.17,4,1,3,1,40.0,80.0,2,1,1,2,80.0,0.33,0.33,0.67,7.08,0.67,65.67,53.82,HIGH,FRICTION_PRONE_CUSTOMER,HIGH_SEVERITY | PERSISTENT_BEHAVIOR | MULTIPLE_PROBLEMATIC_JOURNEYS | CRITICAL_JOURNEY
C001243,Lance,Stanley,United States,Standard,1,3067.18,1,0,1,0,0.0,0.0,0,0,0,0,0.0,0.0,0.0,0.0,0.0,0.0,0.0,0.0,LOW,NORMAL_CUSTOMER,NO_MAJOR_RISK_SIGNAL
C001244,Shannon,Wright,United States,Standard,6,13595.02,7,1,6,1,19.17,45.0,2,0,0,2,45.0,0.17,0.17,0.33,3.54,0.33,52.33,34.76,MEDIUM,NORMAL_CUSTOMER,PERSISTENT_BEHAVIOR | MULTIPLE_PROBLEMATIC_JOURNEYS
C001245,Brian,Wong,United States,VIP,2,4065.01,3,1,2,1,17.5,35.0,0,0,0,0,35.0,0.5,0.5,0.0,8.12,0.0,0.0,16.44,LOW,NORMAL_CUSTOMER,NO_MAJOR_RISK_SIGNAL
C001246,Marie,Watkins,Pakistan,Standard,1,4310.48,1,0,1,0,0.0,0.0,0,0,0,0,0.0,0.0,0.0,0.0,0.0,0.0,0.0,0.0,LOW,NORMAL_CUSTOMER,NO_MAJOR_RISK_SIGNAL
C001247,Chase,Lozano,Saudi Arabia,Premium,1,2558.56,1,0,1,0,45.0,45.0,1,0,0,1,45.0,0.0,0.0,1.0,2.5,1.0,30.0,27.75,MEDIUM,NORMAL_CUSTOMER,NO_MAJOR_RISK_SIGNAL
C001248,Michelle,Jones,Saudi Arabia,Premium,1,2280.52,1,0,1,0,0.0,0.0,0,0,0,0,0.0,0.0,0.0,0.0,0.0,0.0,0.0,0.0,LOW,NORMAL_CUSTOMER,NO_MAJOR_RISK_SIGNAL
C001249,Melissa,Torres,Other,Premium,2,4350.02,2,0,2,0,0.0,0.0,0,0,0,0,0.0,0.0,0.0,0.0,0.0,0.0,0.0,0.0,LOW,NORMAL_CUSTOMER,NO_MAJOR_RISK_SIGNAL
C001250,Christina,Morgan,Pakistan,Standard,1,4031.21,1,0,1,0,0.0,0.0,0,0,0,0,0.0,0.0,0.0,0.0,0.0,0.0,0.0,0.0,LOW,NORMAL_CUSTOMER,NO_MAJOR_RISK_SIGNAL
C001251,William,Smith,United States,Standard,2,6100.46,2,0,2,0,0.0,0.0,0,0,0,0,0.0,0.0,0.0,0.0,0.0,0.0,0.0,0.0,LOW,NORMAL_CUSTOMER,NO_MAJOR_RISK_SIGNAL
C001252,Steven,Nguyen,United Arab Emirates,Premium,1,2032.01,2,1,1,1,30.0,30.0,0,0,0,0,30.0,1.0,1.0,0.0,16.25,0.0,0.0,16.88,LOW,NORMAL_CUSTOMER,NO_MAJOR_RISK_SIGNAL
C001253,Angela,Murray,Saudi Arabia,Standard,5,13147.85,8,3,5,3,19.0,65.0,2,1,0,1,65.0,0.6,0.6,0.4,10.75,0.2,26.0,37.02,MEDIUM,LOYAL_LOW_FRICTION_CUSTOMER,REPEATED_PAYMENT_FAILURES
C001255,Paula,Bradley,United Kingdom,Standard,1,870.65,1,0,1,0,0.0,0.0,0,0,0,0,0.0,0.0,0.0,0.0,0.0,0.0,0.0,0.0,LOW,NORMAL_CUSTOMER,NO_MAJOR_RISK_SIGNAL
C001256,Shannon,Valenzuela,United Arab Emirates,Standard,1,3276.74,1,0,1,0,0.0,0.0,0,0,0,0,0.0,0.0,0.0,0.0,0.0,0.0,0.0,0.0,LOW,NORMAL_CUSTOMER,NO_MAJOR_RISK_SIGNAL
C001257,Lisa,Adams,Saudi Arabia,Standard,3,10635.22,4,1,3,1,11.67,35.0,0,0,0,0,35.0,0.33,0.33,0.0,5.42,0.0,0.0,15.63,LOW,LOYAL_LOW_FRICTION_CUSTOMER,NO_MAJOR_RISK_SIGNAL
C001258,Denise,Dominguez,United Arab Emirates,Standard,2,4606.78,4,2,2,2,55.0,65.0,3,1,0,2,65.0,1.0,1.0,1.5,20.0,1.0,79.0,55.7,HIGH,FRICTION_PRONE_CUSTOMER,PERSISTENT_BEHAVIOR | REPEATED_PAYMENT_FAILURES | MULTIPLE_PROBLEMATIC_JOURNEYS
C001259,Marc,Chapman,Saudi Arabia,Standard,1,1473.15,1,0,1,0,0.0,0.0,0,0,0,0,0.0,0.0,0.0,0.0,0.0,0.0,0.0,0.0,LOW,NORMAL_CUSTOMER,NO_MAJOR_RISK_SIGNAL
C001260,Thomas,Odom,Pakistan,Standard,1,1618.38,1,0,1,0,0.0,0.0,0,0,0,0,0.0,0.0,0.0,0.0,0.0,0.0,0.0,0.0,LOW,NORMAL_CUSTOMER,NO_MAJOR_RISK_SIGNAL
C001261,Edward,Gray,Saudi Arabia,Standard,2,4085.94,2,0,2,0,22.5,45.0,1,0,0,1,45.0,0.0,0.0,0.5,1.25,0.5,30.0,27.38,MEDIUM,NORMAL_CUSTOMER,NO_MAJOR_RISK_SIGNAL
C001263,Dale,Armstrong,United Arab Emirates,Premium,3,4109.21,5,2,3,2,46.67,100.0,4,1,1,2,100.0,0.67,0.67,1.33,14.17,0.67,65.67,63.95,HIGH,FRICTION_PRONE_CUSTOMER,HIGH_SEVERITY | PERSISTENT_BEHAVIOR | REPEATED_PAYMENT_FAILURES | MULTIPLE_PROBLEMATIC_JOURNEYS | CRITICAL_JOURNEY
C001264,Rachel,Stokes,United Arab Emirates,Standard,1,653.97,1,0,1,0,45.0,45.0,1,0,0,1,45.0,0.0,0.0,1.0,2.5,1.0,30.0,27.75,MEDIUM,NORMAL_CUSTOMER,NO_MAJOR_RISK_SIGNAL
C001265,Matthew,Garcia,Saudi Arabia,Standard,2,6001.49,4,2,2,2,32.5,65.0,2,1,0,1,65.0,1.0,1.0,1.0,18.75,0.5,30.0,40.62,MEDIUM,NORMAL_CUSTOMER,REPEATED_PAYMENT_FAILURES
C001266,Jennifer,Leonard,Saudi Arabia,Standard,1,501.29,1,0,1,0,0.0,0.0,0,0,0,0,0.0,0.0,0.0,0.0,0.0,0.0,0.0,0.0,LOW,NORMAL_CUSTOMER,NO_MAJOR_RISK_SIGNAL
C001267,William,Rogers,United Arab Emirates,Standard,1,2338.97,1,0,1,0,0.0,0.0,0,0,0,0,0.0,0.0,0.0,0.0,0.0,0.0,0.0,0.0,LOW,NORMAL_CUSTOMER,NO_MAJOR_RISK_SIGNAL
C001268,Gerald,Shaw,United Arab Emirates,Premium,1,716.11,1,0,1,0,0.0,0.0,0,0,0,0,0.0,0.0,0.0,0.0,0.0,0.0,0.0,0.0,LOW,NORMAL_CUSTOMER,NO_MAJOR_RISK_SIGNAL
C001269,John,Hubbard,Pakistan,Premium,2,8735.71,2,0,2,0,0.0,0.0,0,0,0,0,0.0,0.0,0.0,0.0,0.0,0.0,0.0,0.0,LOW,NORMAL_CUSTOMER,NO_MAJOR_RISK_SIGNAL
C001270,Samuel,Morgan,Saudi Arabia,Premium,5,9431.18,6,1,5,1,14.0,70.0,1,1,0,1,70.0,0.2,0.2,0.2,3.75,0.2,26.0,36.92,MEDIUM,LOYAL_LOW_FRICTION_CUSTOMER,HIGH_SEVERITY
C001271,Scott,Mendez,United Kingdom,Standard,1,4418.13,1,0,1,0,0.0,0.0,0,0,0,0,0.0,0.0,0.0,0.0,0.0,0.0,0.0,0.0,LOW,NORMAL_CUSTOMER,NO_MAJOR_RISK_SIGNAL
C001272,Alexandra,Cox,Other,Standard,1,1034.06,1,0,1,0,40.0,40.0,1,0,0,1,40.0,0.0,0.0,1.0,2.5,1.0,30.0,25.75,MEDIUM,NORMAL_CUSTOMER,NO_MAJOR_RISK_SIGNAL
C001274,Nathan,Crawford,Saudi Arabia,Standard,3,8966.29,5,2,3,2,21.67,65.0,2,1,0,1,65.0,0.67,0.67,0.67,12.5,0.33,30.0,38.75,MEDIUM,LOYAL_LOW_FRICTION_CUSTOMER,REPEATED_PAYMENT_FAILURES
C001275,Justin,Boone,United Arab Emirates,Standard,1,646.01,2,1,1,1,80.0,80.0,1,1,1,1,80.0,1.0,1.0,1.0,18.75,1.0,30.0,46.62,MEDIUM,NORMAL_CUSTOMER,HIGH_SEVERITY | CRITICAL_JOURNEY
C001276,Riley,Cobb,Saudi Arabia,Standard,2,6554.77,2,0,2,0,20.0,40.0,1,0,0,1,40.0,0.0,0.0,0.5,1.25,0.5,30.0,25.38,MEDIUM,NORMAL_CUSTOMER,NO_MAJOR_RISK_SIGNAL
C001277,Matthew,Pittman,Saudi Arabia,Standard,1,798.84,3,2,1,2,65.0,65.0,2,1,0,1,65.0,2.0,2.0,2.0,37.5,1.0,30.0,46.25,MEDIUM,NORMAL_CUSTOMER,REPEATED_PAYMENT_FAILURES
C001279,Kristina,Mitchell,Saudi Arabia,Standard,1,2077.86,1,0,1,0,0.0,0.0,0,0,0,0,0.0,0.0,0.0,0.0,0.0,0.0,0.0,0.0,LOW,NORMAL_CUSTOMER,NO_MAJOR_RISK_SIGNAL
C001280,Deborah,Williams,United Arab Emirates,Standard,3,3912.88,5,2,3,2,36.67,65.0,3,1,0,2,65.0,0.67,0.67,1.0,13.33,0.67,65.67,49.7,HIGH,FRICTION_PRONE_CUSTOMER,PERSISTENT_BEHAVIOR | REPEATED_PAYMENT_FAILURES | MULTIPLE_PROBLEMATIC_JOURNEYS
C001281,Cameron,Davies,Pakistan,VIP,2,4055.67,3,1,2,1,15.0,30.0,0,0,0,0,30.0,0.5,0.5,0.0,8.12,0.0,0.0,14.44,LOW,NORMAL_CUSTOMER,NO_MAJOR_RISK_SIGNAL
C001283,Erika,Perez,Pakistan,Standard,1,1989.28,1,0,1,0,0.0,0.0,0,0,0,0,0.0,0.0,0.0,0.0,0.0,0.0,0.0,0.0,LOW,NORMAL_CUSTOMER,NO_MAJOR_RISK_SIGNAL
C001284,Justin,Newton,Saudi Arabia,Standard,5,16019.19,7,2,5,2,13.0,65.0,2,1,0,1,65.0,0.4,0.4,0.4,7.5,0.2,26.0,36.05,MEDIUM,LOYAL_LOW_FRICTION_CUSTOMER,REPEATED_PAYMENT_FAILURES
C001285,Jennifer,Davis,United Arab Emirates,Premium,1,2094.08,1,0,1,0,45.0,45.0,1,0,0,1,45.0,0.0,0.0,1.0,2.5,1.0,30.0,27.75,MEDIUM,NORMAL_CUSTOMER,NO_MAJOR_RISK_SIGNAL
C001286,Diane,Richard,Pakistan,Standard,1,2346.51,2,1,1,1,30.0,30.0,0,0,0,0,30.0,1.0,1.0,0.0,16.25,0.0,0.0,16.88,LOW,NORMAL_CUSTOMER,NO_MAJOR_RISK_SIGNAL
C001287,Rebecca,Davis,Saudi Arabia,Premium,1,1939.33,3,2,1,2,60.0,60.0,2,1,0,1,60.0,2.0,2.0,2.0,37.5,1.0,30.0,44.25,MEDIUM,NORMAL_CUSTOMER,REPEATED_PAYMENT_FAILURES
C001288,Morgan,Rogers,United Arab Emirates,Standard,1,2620.51,1,0,1,0,0.0,0.0,0,0,0,0,0.0,0.0,0.0,0.0,0.0,0.0,0.0,0.0,LOW,NORMAL_CUSTOMER,NO_MAJOR_RISK_SIGNAL
C001289,Mathew,Jones,Saudi Arabia,Premium,2,3080.77,5,3,2,3,47.5,65.0,2,1,0,1,65.0,1.5,1.5,1.0,26.88,0.5,30.0,43.06,MEDIUM,NORMAL_CUSTOMER,REPEATED_PAYMENT_FAILURES
C001290,Brandi,Solis,Saudi Arabia,Standard,1,4551.53,1,0,1,0,0.0,0.0,0,0,0,0,0.0,0.0,0.0,0.0,0.0,0.0,0.0,0.0,LOW,NORMAL_CUSTOMER,NO_MAJOR_RISK_SIGNAL
C001291,Donald,Alvarez,United Arab Emirates,Standard,1,3180.59,1,0,1,0,0.0,0.0,0,0,0,0,0.0,0.0,0.0,0.0,0.0,0.0,0.0,0.0,LOW,NORMAL_CUSTOMER,NO_MAJOR_RISK_SIGNAL
C001292,Michael,Clark,Saudi Arabia,Standard,1,553.25,1,0,1,0,0.0,0.0,0,0,0,0,0.0,0.0,0.0,0.0,0.0,0.0,0.0,0.0,LOW,NORMAL_CUSTOMER,NO_MAJOR_RISK_SIGNAL
C001293,Tammy,Flynn,Pakistan,Standard,2,3284.26,3,1,2,1,60.0,75.0,2,1,0,2,75.0,0.5,0.5,1.0,10.62,1.0,79.0,56.89,HIGH,FRICTION_PRONE_CUSTOMER,HIGH_SEVERITY | PERSISTENT_BEHAVIOR | MULTIPLE_PROBLEMATIC_JOURNEYS
C001294,Holly,Pearson,United Kingdom,Premium,2,1512.16,4,2,2,2,32.5,65.0,2,1,0,1,65.0,1.0,1.0,1.0,18.75,0.5,30.0,40.62,MEDIUM,NORMAL_CUSTOMER,REPEATED_PAYMENT_FAILURES
C001295,Philip,Turner,United States,Standard,2,6090.84,2,0,2,0,0.0,0.0,0,0,0,0,0.0,0.0,0.0,0.0,0.0,0.0,0.0,0.0,LOW,NORMAL_CUSTOMER,NO_MAJOR_RISK_SIGNAL
C001296,Brooke,Brock,Saudi Arabia,Standard,1,520.22,1,0,1,0,45.0,45.0,1,0,0,1,45.0,0.0,0.0,1.0,2.5,1.0,30.0,27.75,MEDIUM,NORMAL_CUSTOMER,NO_MAJOR_RISK_SIGNAL
C001297,Sharon,Reynolds,Saudi Arabia,VIP,3,7588.34,3,0,3,0,15.0,45.0,1,0,0,1,45.0,0.0,0.0,0.33,0.83,0.33,30.0,27.25,MEDIUM,LOYAL_LOW_FRICTION_CUSTOMER,NO_MAJOR_RISK_SIGNAL
C001299,Nicholas,Gonzalez,Pakistan,VIP,1,2499.77,1,0,1,0,0.0,0.0,0,0,0,0,0.0,0.0,0.0,0.0,0.0,0.0,0.0,0.0,LOW,NORMAL_CUSTOMER,NO_MAJOR_RISK_SIGNAL
C001300,Latasha,Morales,United Kingdom,Standard,3,6428.16,5,2,3,2,21.67,65.0,2,1,0,1,65.0,0.67,0.67,0.67,12.5,0.33,30.0,38.75,MEDIUM,LOYAL_LOW_FRICTION_CUSTOMER,REPEATED_PAYMENT_FAILURES
C001301,Lisa,Weber,Saudi Arabia,Premium,2,4791.43,2,0,2,0,20.0,40.0,1,0,0,1,40.0,0.0,0.0,0.5,1.25,0.5,30.0,25.38,MEDIUM,NORMAL_CUSTOMER,NO_MAJOR_RISK_SIGNAL
C001302,Elizabeth,Chavez,Other,Standard,6,18467.4,9,3,6,3,23.33,65.0,3,1,0,2,65.0,0.5,0.5,0.5,9.38,0.33,52.33,44.51,MEDIUM,NORMAL_CUSTOMER,PERSISTENT_BEHAVIOR | REPEATED_PAYMENT_FAILURES | MULTIPLE_PROBLEMATIC_JOURNEYS
C001303,Maria,Hines,Saudi Arabia,Standard,1,2130.93,1,0,1,0,0.0,0.0,0,0,0,0,0.0,0.0,0.0,0.0,0.0,0.0,0.0,0.0,LOW,NORMAL_CUSTOMER,NO_MAJOR_RISK_SIGNAL
C001304,Joanne,White,Pakistan,Standard,1,4342.76,3,2,1,2,65.0,65.0,2,1,0,1,65.0,2.0,2.0,2.0,37.5,1.0,30.0,46.25,MEDIUM,NORMAL_CUSTOMER,REPEATED_PAYMENT_FAILURES
C001305,Gina,Smith,United Kingdom,Standard,4,14564.25,4,0,4,0,0.0,0.0,0,0,0,0,0.0,0.0,0.0,0.0,0.0,0.0,0.0,0.0,LOW,LOYAL_LOW_FRICTION_CUSTOMER,NO_MAJOR_RISK_SIGNAL
C001306,Alicia,Warner,Other,Standard,2,7687.25,2,0,2,0,20.0,40.0,1,0,0,1,40.0,0.0,0.0,0.5,1.25,0.5,30.0,25.38,MEDIUM,NORMAL_CUSTOMER,NO_MAJOR_RISK_SIGNAL
C001307,Debbie,Huffman,United Kingdom,Standard,2,3281.47,4,2,2,2,32.5,65.0,2,1,0,1,65.0,1.0,1.0,1.0,18.75,0.5,30.0,40.62,MEDIUM,NORMAL_CUSTOMER,REPEATED_PAYMENT_FAILURES
C001308,Rodney,Ray,United States,VIP,4,7660.06,7,3,4,3,35.0,65.0,3,1,0,2,65.0,0.75,0.75,0.75,14.06,0.5,59.0,47.92,MEDIUM,NORMAL_CUSTOMER,PERSISTENT_BEHAVIOR | REPEATED_PAYMENT_FAILURES | MULTIPLE_PROBLEMATIC_JOURNEYS
C001309,Michael,Lewis,United Arab Emirates,VIP,2,6847.89,2,0,2,0,0.0,0.0,0,0,0,0,0.0,0.0,0.0,0.0,0.0,0.0,0.0,0.0,LOW,NORMAL_CUSTOMER,NO_MAJOR_RISK_SIGNAL
C001310,Michael,Hayden,United States,VIP,1,1126.75,1,0,1,0,0.0,0.0,0,0,0,0,0.0,0.0,0.0,0.0,0.0,0.0,0.0,0.0,LOW,NORMAL_CUSTOMER,NO_MAJOR_RISK_SIGNAL
C001312,Jason,Mcdonald,Other,Premium,5,12823.15,5,0,5,0,24.0,40.0,3,0,0,3,40.0,0.0,0.0,0.6,1.5,0.6,75.0,38.95,MEDIUM,NORMAL_CUSTOMER,PERSISTENT_BEHAVIOR | MULTIPLE_PROBLEMATIC_JOURNEYS
C001313,Stacey,Giles,Pakistan,VIP,3,7610.52,3,0,3,0,15.0,45.0,1,0,0,1,45.0,0.0,0.0,0.33,0.83,0.33,30.0,27.25,MEDIUM,LOYAL_LOW_FRICTION_CUSTOMER,NO_MAJOR_RISK_SIGNAL
C001314,Tom,Patel,United States,Premium,2,4298.22,6,4,2,4,62.5,65.0,4,2,0,2,65.0,2.0,2.0,2.0,37.5,1.0,79.0,60.95,HIGH,FRICTION_PRONE_CUSTOMER,PERSISTENT_BEHAVIOR | REPEATED_PAYMENT_FAILURES | MULTIPLE_PROBLEMATIC_JOURNEYS
C001315,Jeremy,Mendez,United Arab Emirates,Standard,2,4768.09,3,1,2,1,17.5,35.0,0,0,0,0,35.0,0.5,0.5,0.0,8.12,0.0,0.0,16.44,LOW,NORMAL_CUSTOMER,NO_MAJOR_RISK_SIGNAL
C001317,Chris,Hamilton,Pakistan,Premium,5,13429.75,7,2,5,2,13.0,35.0,0,0,0,0,35.0,0.4,0.4,0.0,6.5,0.0,0.0,15.95,LOW,LOYAL_LOW_FRICTION_CUSTOMER,REPEATED_PAYMENT_FAILURES
C001318,Megan,Knight,United Kingdom,Premium,1,4849.96,1,0,1,0,0.0,0.0,0,0,0,0,0.0,0.0,0.0,0.0,0.0,0.0,0.0,0.0,LOW,NORMAL_CUSTOMER,NO_MAJOR_RISK_SIGNAL
C001319,Craig,Sims,Saudi Arabia,Standard,1,3044.86,1,0,1,0,40.0,40.0,1,0,0,1,40.0,0.0,0.0,1.0,2.5,1.0,30.0,25.75,MEDIUM,NORMAL_CUSTOMER,NO_MAJOR_RISK_SIGNAL
C001320,Kelli,Boyd,Saudi Arabia,Standard,1,2768.28,1,0,1,0,45.0,45.0,1,0,0,1,45.0,0.0,0.0,1.0,2.5,1.0,30.0,27.75,MEDIUM,NORMAL_CUSTOMER,NO_MAJOR_RISK_SIGNAL
C001322,Nicole,Hernandez,Saudi Arabia,VIP,1,4675.6,1,0,1,0,40.0,40.0,1,0,0,1,40.0,0.0,0.0,1.0,2.5,1.0,30.0,25.75,MEDIUM,NORMAL_CUSTOMER,NO_MAJOR_RISK_SIGNAL
C001323,Benjamin,Hernandez,Other,Standard,1,3562.47,1,0,1,0,0.0,0.0,0,0,0,0,0.0,0.0,0.0,0.0,0.0,0.0,0.0,0.0,LOW,NORMAL_CUSTOMER,NO_MAJOR_RISK_SIGNAL
C001325,Katie,Evans,Other,Standard,2,6393.41,2,0,2,0,0.0,0.0,0,0,0,0,0.0,0.0,0.0,0.0,0.0,0.0,0.0,0.0,LOW,NORMAL_CUSTOMER,NO_MAJOR_RISK_SIGNAL
C001326,David,Graham,United Arab Emirates,Standard,4,14167.18,5,1,4,1,8.75,35.0,0,0,0,0,35.0,0.25,0.25,0.0,4.06,0.0,0.0,15.22,LOW,LOYAL_LOW_FRICTION_CUSTOMER,NO_MAJOR_RISK_SIGNAL
C001327,Nicholas,Flores,Saudi Arabia,Standard,2,2513.18,3,1,2,1,15.0,30.0,0,0,0,0,30.0,0.5,0.5,0.0,8.12,0.0,0.0,14.44,LOW,NORMAL_CUSTOMER,NO_MAJOR_RISK_SIGNAL
C001328,Francis,Greer,United States,Standard,2,5446.73,3,1,2,1,15.0,30.0,0,0,0,0,30.0,0.5,0.5,0.0,8.12,0.0,0.0,14.44,LOW,NORMAL_CUSTOMER,NO_MAJOR_RISK_SIGNAL
C001330,Kellie,Harris,United Arab Emirates,Standard,2,8566.57,2,0,2,0,0.0,0.0,0,0,0,0,0.0,0.0,0.0,0.0,0.0,0.0,0.0,0.0,LOW,NORMAL_CUSTOMER,NO_MAJOR_RISK_SIGNAL
C001332,Gabriel,Colon,United Kingdom,Premium,2,7886.9,2,0,2,0,0.0,0.0,0,0,0,0,0.0,0.0,0.0,0.0,0.0,0.0,0.0,0.0,LOW,NORMAL_CUSTOMER,NO_MAJOR_RISK_SIGNAL
C001333,Samuel,Lucas,Saudi Arabia,Standard,2,8039.72,2,0,2,0,20.0,40.0,1,0,0,1,40.0,0.0,0.0,0.5,1.25,0.5,30.0,25.38,MEDIUM,NORMAL_CUSTOMER,NO_MAJOR_RISK_SIGNAL
C001334,Robert,Scott,Other,Standard,1,4373.24,1,0,1,0,0.0,0.0,0,0,0,0,0.0,0.0,0.0,0.0,0.0,0.0,0.0,0.0,LOW,NORMAL_CUSTOMER,NO_MAJOR_RISK_SIGNAL
C001335,Erica,Burke,Other,Standard,1,3881.7,1,0,1,0,0.0,0.0,0,0,0,0,0.0,0.0,0.0,0.0,0.0,0.0,0.0,0.0,LOW,NORMAL_CUSTOMER,NO_MAJOR_RISK_SIGNAL
C001336,John,Sullivan,United Kingdom,Standard,1,3097.75,1,0,1,0,0.0,0.0,0,0,0,0,0.0,0.0,0.0,0.0,0.0,0.0,0.0,0.0,LOW,NORMAL_CUSTOMER,NO_MAJOR_RISK_SIGNAL
C001337,Sean,Wilson,Saudi Arabia,Premium,1,1022.29,1,0,1,0,0.0,0.0,0,0,0,0,0.0,0.0,0.0,0.0,0.0,0.0,0.0,0.0,LOW,NORMAL_CUSTOMER,NO_MAJOR_RISK_SIGNAL
C001338,Justin,Lee,United Kingdom,Premium,1,3459.91,1,0,1,0,0.0,0.0,0,0,0,0,0.0,0.0,0.0,0.0,0.0,0.0,0.0,0.0,LOW,NORMAL_CUSTOMER,NO_MAJOR_RISK_SIGNAL
C001339,Kaitlyn,Sanchez,Saudi Arabia,Standard,1,1799.67,2,1,1,1,70.0,70.0,1,1,0,1,70.0,1.0,1.0,1.0,18.75,1.0,30.0,42.62,MEDIUM,NORMAL_CUSTOMER,HIGH_SEVERITY
C001341,Amanda,Marshall,Saudi Arabia,Standard,1,4406.56,2,1,1,1,35.0,35.0,0,0,0,0,35.0,1.0,1.0,0.0,16.25,0.0,0.0,18.88,LOW,NORMAL_CUSTOMER,NO_MAJOR_RISK_SIGNAL
C001342,Kyle,Castro,United Arab Emirates,Premium,4,13657.95,6,2,4,2,28.75,45.0,1,0,0,1,45.0,0.5,0.5,0.25,8.75,0.25,28.0,29.02,MEDIUM,LOYAL_LOW_FRICTION_CUSTOMER,REPEATED_PAYMENT_FAILURES
C001343,Lindsey,Graham,Other,Premium,2,1911.32,2,0,2,0,0.0,0.0,0,0,0,0,0.0,0.0,0.0,0.0,0.0,0.0,0.0,0.0,LOW,NORMAL_CUSTOMER,NO_MAJOR_RISK_SIGNAL
C001344,Taylor,Lucas,United Kingdom,Standard,1,4671.1,1,0,1,0,40.0,40.0,1,0,0,1,40.0,0.0,0.0,1.0,2.5,1.0,30.0,25.75,MEDIUM,NORMAL_CUSTOMER,NO_MAJOR_RISK_SIGNAL
C001345,Mary,Johnson,United Kingdom,Standard,1,891.92,1,0,1,0,0.0,0.0,0,0,0,0,0.0,0.0,0.0,0.0,0.0,0.0,0.0,0.0,LOW,NORMAL_CUSTOMER,NO_MAJOR_RISK_SIGNAL
C001348,Tracey,Green,United Arab Emirates,Standard,1,2124.5,1,0,1,0,0.0,0.0,0,0,0,0,0.0,0.0,0.0,0.0,0.0,0.0,0.0,0.0,LOW,NORMAL_CUSTOMER,NO_MAJOR_RISK_SIGNAL
C001349,Steven,Lara,Other,Premium,3,7235.23,3,0,3,0,0.0,0.0,0,0,0,0,0.0,0.0,0.0,0.0,0.0,0.0,0.0,0.0,LOW,LOYAL_LOW_FRICTION_CUSTOMER,NO_MAJOR_RISK_SIGNAL
C001353,Tammy,Stuart,United Arab Emirates,Standard,1,2895.78,2,1,1,1,75.0,75.0,1,1,0,1,75.0,1.0,1.0,1.0,18.75,1.0,30.0,44.62,MEDIUM,NORMAL_CUSTOMER,HIGH_SEVERITY
C001354,Lisa,Tucker,United Kingdom,Standard,3,9648.01,3,0,3,0,13.33,40.0,1,0,0,1,40.0,0.0,0.0,0.33,0.83,0.33,30.0,25.25,MEDIUM,LOYAL_LOW_FRICTION_CUSTOMER,NO_MAJOR_RISK_SIGNAL
C001355,Laurie,Smith,United Arab Emirates,Standard,1,1446.5,2,1,1,1,35.0,35.0,0,0,0,0,35.0,1.0,1.0,0.0,16.25,0.0,0.0,18.88,LOW,NORMAL_CUSTOMER,NO_MAJOR_RISK_SIGNAL
C001356,Devon,Heath,Other,Standard,1,4765.33,2,1,1,1,30.0,30.0,0,0,0,0,30.0,1.0,1.0,0.0,16.25,0.0,0.0,16.88,LOW,NORMAL_CUSTOMER,NO_MAJOR_RISK_SIGNAL
C001357,John,Miller,Other,Standard,4,9379.36,5,1,4,1,8.75,35.0,0,0,0,0,35.0,0.25,0.25,0.0,4.06,0.0,0.0,15.22,LOW,LOYAL_LOW_FRICTION_CUSTOMER,NO_MAJOR_RISK_SIGNAL
C001358,Danielle,Guzman,United Arab Emirates,Standard,6,19079.88,6,0,6,0,14.17,45.0,2,0,0,2,45.0,0.0,0.0,0.33,0.83,0.33,52.33,33.95,MEDIUM,NORMAL_CUSTOMER,PERSISTENT_BEHAVIOR | MULTIPLE_PROBLEMATIC_JOURNEYS
C001359,Morgan,Camacho,Saudi Arabia,Standard,3,9404.14,4,1,3,1,40.0,75.0,2,1,0,2,75.0,0.33,0.33,0.67,7.08,0.67,65.67,51.82,HIGH,FRICTION_PRONE_CUSTOMER,HIGH_SEVERITY | PERSISTENT_BEHAVIOR | MULTIPLE_PROBLEMATIC_JOURNEYS
C001360,Angela,Lester,Pakistan,Premium,1,1059.08,1,0,1,0,45.0,45.0,1,0,0,1,45.0,0.0,0.0,1.0,2.5,1.0,30.0,27.75,MEDIUM,NORMAL_CUSTOMER,NO_MAJOR_RISK_SIGNAL
C001362,Meghan,Cox,Saudi Arabia,Standard,1,4593.88,1,0,1,0,0.0,0.0,0,0,0,0,0.0,0.0,0.0,0.0,0.0,0.0,0.0,0.0,LOW,NORMAL_CUSTOMER,NO_MAJOR_RISK_SIGNAL
C001363,Melissa,Sandoval,Pakistan,VIP,1,1432.61,1,0,1,0,0.0,0.0,0,0,0,0,0.0,0.0,0.0,0.0,0.0,0.0,0.0,0.0,LOW,NORMAL_CUSTOMER,NO_MAJOR_RISK_SIGNAL
C001364,Justin,Davis,Pakistan,Standard,4,12148.02,5,1,4,1,28.75,75.0,2,1,0,2,75.0,0.25,0.25,0.5,5.31,0.5,59.0,49.29,HIGH,FRICTION_PRONE_CUSTOMER,HIGH_SEVERITY | PERSISTENT_BEHAVIOR | MULTIPLE_PROBLEMATIC_JOURNEYS
C001365,Kathryn,Hahn,United Kingdom,Standard,3,8786.22,5,2,3,2,36.67,45.0,1,0,0,1,45.0,0.67,0.67,0.33,11.67,0.33,30.0,30.5,MEDIUM,NORMAL_CUSTOMER,REPEATED_PAYMENT_FAILURES
C001366,Joshua,Ramsey,Saudi Arabia,Standard,3,9538.29,4,1,3,1,25.0,75.0,1,1,0,1,75.0,0.33,0.33,0.33,6.25,0.33,30.0,40.88,MEDIUM,LOYAL_LOW_FRICTION_CUSTOMER,HIGH_SEVERITY
C001367,Rebecca,Taylor,United Kingdom,Premium,1,2223.89,1,0,1,0,0.0,0.0,0,0,0,0,0.0,0.0,0.0,0.0,0.0,0.0,0.0,0.0,LOW,NORMAL_CUSTOMER,NO_MAJOR_RISK_SIGNAL
C001368,Dylan,Rodriguez,Other,Premium,2,6508.05,2,0,2,0,0.0,0.0,0,0,0,0,0.0,0.0,0.0,0.0,0.0,0.0,0.0,0.0,LOW,NORMAL_CUSTOMER,NO_MAJOR_RISK_SIGNAL
C001369,Samuel,Navarro,Saudi Arabia,Standard,1,3150.67,1,0,1,0,0.0,0.0,0,0,0,0,0.0,0.0,0.0,0.0,0.0,0.0,0.0,0.0,LOW,NORMAL_CUSTOMER,NO_MAJOR_RISK_SIGNAL
C001370,Stacey,Fitzpatrick,Saudi Arabia,Standard,2,9513.26,2,0,2,0,22.5,45.0,1,0,0,1,45.0,0.0,0.0,0.5,1.25,0.5,30.0,27.38,MEDIUM,NORMAL_CUSTOMER,NO_MAJOR_RISK_SIGNAL
C001371,Jeffrey,Boyd,Other,Standard,1,2143.73,2,1,1,1,35.0,35.0,0,0,0,0,35.0,1.0,1.0,0.0,16.25,0.0,0.0,18.88,LOW,NORMAL_CUSTOMER,NO_MAJOR_RISK_SIGNAL
C001372,Shannon,Calderon,Saudi Arabia,VIP,1,3643.6,1,0,1,0,0.0,0.0,0,0,0,0,0.0,0.0,0.0,0.0,0.0,0.0,0.0,0.0,LOW,NORMAL_CUSTOMER,NO_MAJOR_RISK_SIGNAL
C001376,Wayne,Wilkerson,Other,Standard,1,2391.06,1,0,1,0,0.0,0.0,0,0,0,0,0.0,0.0,0.0,0.0,0.0,0.0,0.0,0.0,LOW,NORMAL_CUSTOMER,NO_MAJOR_RISK_SIGNAL
C001377,Joe,Young,United Arab Emirates,VIP,1,3183.53,1,0,1,0,0.0,0.0,0,0,0,0,0.0,0.0,0.0,0.0,0.0,0.0,0.0,0.0,LOW,NORMAL_CUSTOMER,NO_MAJOR_RISK_SIGNAL
C001378,Virginia,Martinez,Pakistan,Premium,3,9690.7,6,3,3,3,45.0,70.0,3,2,0,2,70.0,1.0,1.0,1.0,18.75,0.67,65.67,53.33,HIGH,FRICTION_PRONE_CUSTOMER,HIGH_SEVERITY | PERSISTENT_BEHAVIOR | REPEATED_PAYMENT_FAILURES | MULTIPLE_PROBLEMATIC_JOURNEYS
C001379,Nicholas,Roman,United Arab Emirates,Standard,3,10184.06,3,0,3,0,0.0,0.0,0,0,0,0,0.0,0.0,0.0,0.0,0.0,0.0,0.0,0.0,LOW,LOYAL_LOW_FRICTION_CUSTOMER,NO_MAJOR_RISK_SIGNAL
C001381,Sarah,Silva,Saudi Arabia,Standard,2,6912.81,2,0,2,0,0.0,0.0,0,0,0,0,0.0,0.0,0.0,0.0,0.0,0.0,0.0,0.0,LOW,NORMAL_CUSTOMER,NO_MAJOR_RISK_SIGNAL
C001382,Mary,Price,United Arab Emirates,Standard,3,6057.3,5,2,3,2,20.0,30.0,0,0,0,0,30.0,0.67,0.67,0.0,10.83,0.0,0.0,15.25,LOW,LOYAL_LOW_FRICTION_CUSTOMER,REPEATED_PAYMENT_FAILURES
C001383,Debra,Goodman,Other,Standard,1,2643.0,1,0,1,0,45.0,45.0,1,0,0,1,45.0,0.0,0.0,1.0,2.5,1.0,30.0,27.75,MEDIUM,NORMAL_CUSTOMER,NO_MAJOR_RISK_SIGNAL
C001385,Devin,Henderson,United Kingdom,Standard,2,2419.65,2,0,2,0,0.0,0.0,0,0,0,0,0.0,0.0,0.0,0.0,0.0,0.0,0.0,0.0,LOW,NORMAL_CUSTOMER,NO_MAJOR_RISK_SIGNAL
C001387,Maria,Thompson,United States,Standard,2,6344.27,3,1,2,1,15.0,30.0,0,0,0,0,30.0,0.5,0.5,0.0,8.12,0.0,0.0,14.44,LOW,NORMAL_CUSTOMER,NO_MAJOR_RISK_SIGNAL
C001388,Heather,Booker,Saudi Arabia,Standard,4,11296.09,7,3,4,3,35.0,75.0,3,2,0,2,75.0,0.75,0.75,0.75,14.06,0.5,59.0,51.92,HIGH,FRICTION_PRONE_CUSTOMER,HIGH_SEVERITY | PERSISTENT_BEHAVIOR | REPEATED_PAYMENT_FAILURES | MULTIPLE_PROBLEMATIC_JOURNEYS
C001389,Dominic,Gonzales,Other,Standard,3,11107.08,5,2,3,2,35.0,65.0,3,1,0,2,65.0,0.67,0.67,1.0,13.33,0.67,65.67,49.7,HIGH,FRICTION_PRONE_CUSTOMER,PERSISTENT_BEHAVIOR | REPEATED_PAYMENT_FAILURES | MULTIPLE_PROBLEMATIC_JOURNEYS
C001390,Janice,King,United Arab Emirates,Premium,2,9689.36,4,2,2,2,47.5,95.0,3,1,1,1,95.0,1.0,1.0,1.5,20.0,0.5,30.0,53.0,HIGH,FRICTION_PRONE_CUSTOMER,HIGH_SEVERITY | REPEATED_PAYMENT_FAILURES | CRITICAL_JOURNEY
C001391,Shane,Lawrence,Saudi Arabia,Standard,4,13101.2,6,2,4,2,16.25,35.0,0,0,0,0,35.0,0.5,0.5,0.0,8.12,0.0,0.0,16.44,LOW,LOYAL_LOW_FRICTION_CUSTOMER,REPEATED_PAYMENT_FAILURES
C001392,Adam,Henry,Saudi Arabia,Standard,3,11099.65,5,2,3,2,33.33,100.0,3,1,1,1,100.0,0.67,0.67,1.0,13.33,0.33,30.0,53.0,HIGH,FRICTION_PRONE_CUSTOMER,HIGH_SEVERITY | REPEATED_PAYMENT_FAILURES | CRITICAL_JOURNEY
C001393,Christian,Brooks,Saudi Arabia,Standard,1,4859.7,1,0,1,0,0.0,0.0,0,0,0,0,0.0,0.0,0.0,0.0,0.0,0.0,0.0,0.0,LOW,NORMAL_CUSTOMER,NO_MAJOR_RISK_SIGNAL
C001395,Mary,Stewart,United Arab Emirates,Standard,2,3643.74,2,0,2,0,20.0,40.0,1,0,0,1,40.0,0.0,0.0,0.5,1.25,0.5,30.0,25.38,MEDIUM,NORMAL_CUSTOMER,NO_MAJOR_RISK_SIGNAL
C001396,Ana,Coleman,United States,Standard,1,4389.52,1,0,1,0,0.0,0.0,0,0,0,0,0.0,0.0,0.0,0.0,0.0,0.0,0.0,0.0,LOW,NORMAL_CUSTOMER,NO_MAJOR_RISK_SIGNAL
C001397,Jessica,Vega,United Arab Emirates,Standard,1,4553.58,1,0,1,0,45.0,45.0,1,0,0,1,45.0,0.0,0.0,1.0,2.5,1.0,30.0,27.75,MEDIUM,NORMAL_CUSTOMER,NO_MAJOR_RISK_SIGNAL
C001398,Allison,Richmond,Saudi Arabia,Premium,3,5383.83,3,0,3,0,0.0,0.0,0,0,0,0,0.0,0.0,0.0,0.0,0.0,0.0,0.0,0.0,LOW,LOYAL_LOW_FRICTION_CUSTOMER,NO_MAJOR_RISK_SIGNAL
C001399,Daniel,Suarez,Pakistan,VIP,1,4730.99,2,1,1,1,30.0,30.0,0,0,0,0,30.0,1.0,1.0,0.0,16.25,0.0,0.0,16.88,LOW,NORMAL_CUSTOMER,NO_MAJOR_RISK_SIGNAL
C001400,Keith,Giles,United Kingdom,Standard,1,1887.46,1,0,1,0,0.0,0.0,0,0,0,0,0.0,0.0,0.0,0.0,0.0,0.0,0.0,0.0,LOW,NORMAL_CUSTOMER,NO_MAJOR_RISK_SIGNAL
C001401,Kevin,Cox,Saudi Arabia,Standard,1,2983.85,1,0,1,0,45.0,45.0,1,0,0,1,45.0,0.0,0.0,1.0,2.5,1.0,30.0,27.75,MEDIUM,NORMAL_CUSTOMER,NO_MAJOR_RISK_SIGNAL
C001402,Brandon,Baldwin,Saudi Arabia,Standard,1,726.27,1,0,1,0,0.0,0.0,0,0,0,0,0.0,0.0,0.0,0.0,0.0,0.0,0.0,0.0,LOW,NORMAL_CUSTOMER,NO_MAJOR_RISK_SIGNAL
C001404,Laura,Smith,United Kingdom,Standard,1,1229.64,3,2,1,2,100.0,100.0,3,1,1,1,100.0,2.0,2.0,3.0,40.0,1.0,30.0,61.0,HIGH,FRICTION_PRONE_CUSTOMER,HIGH_SEVERITY | REPEATED_PAYMENT_FAILURES | CRITICAL_JOURNEY
C001405,Stephen,Rasmussen,United Kingdom,Standard,2,1284.44,3,1,2,1,17.5,35.0,0,0,0,0,35.0,0.5,0.5,0.0,8.12,0.0,0.0,16.44,LOW,NORMAL_CUSTOMER,NO_MAJOR_RISK_SIGNAL
C001408,Candice,Bates,United States,Standard,2,4164.41,2,0,2,0,0.0,0.0,0,0,0,0,0.0,0.0,0.0,0.0,0.0,0.0,0.0,0.0,LOW,NORMAL_CUSTOMER,NO_MAJOR_RISK_SIGNAL
C001409,Allen,Everett,Pakistan,Standard,1,2305.24,1,0,1,0,0.0,0.0,0,0,0,0,0.0,0.0,0.0,0.0,0.0,0.0,0.0,0.0,LOW,NORMAL_CUSTOMER,NO_MAJOR_RISK_SIGNAL
C001410,Zachary,Vazquez,Other,Premium,3,9761.58,3,0,3,0,26.67,40.0,2,0,0,2,40.0,0.0,0.0,0.67,1.67,0.67,65.67,36.2,MEDIUM,NORMAL_CUSTOMER,PERSISTENT_BEHAVIOR | MULTIPLE_PROBLEMATIC_JOURNEYS
C001411,John,Mccormick,Saudi Arabia,Standard,3,11562.95,3,0,3,0,0.0,0.0,0,0,0,0,0.0,0.0,0.0,0.0,0.0,0.0,0.0,0.0,LOW,LOYAL_LOW_FRICTION_CUSTOMER,NO_MAJOR_RISK_SIGNAL
C001412,Douglas,Allen,Saudi Arabia,Standard,2,3849.08,2,0,2,0,0.0,0.0,0,0,0,0,0.0,0.0,0.0,0.0,0.0,0.0,0.0,0.0,LOW,NORMAL_CUSTOMER,NO_MAJOR_RISK_SIGNAL
C001413,Ruben,Tran,Saudi Arabia,Standard,3,8042.87,3,0,3,0,15.0,45.0,1,0,0,1,45.0,0.0,0.0,0.33,0.83,0.33,30.0,27.25,MEDIUM,LOYAL_LOW_FRICTION_CUSTOMER,NO_MAJOR_RISK_SIGNAL
C001416,Robert,Cox,Other,Standard,2,6957.65,2,0,2,0,22.5,45.0,1,0,0,1,45.0,0.0,0.0,0.5,1.25,0.5,30.0,27.38,MEDIUM,NORMAL_CUSTOMER,NO_MAJOR_RISK_SIGNAL
C001417,Elizabeth,Burnett,Saudi Arabia,Standard,2,4791.86,3,1,2,1,35.0,40.0,1,0,0,1,40.0,0.5,0.5,0.5,9.38,0.5,30.0,27.81,MEDIUM,NORMAL_CUSTOMER,NO_MAJOR_RISK_SIGNAL
C001418,Christopher,Martinez,Saudi Arabia,Standard,3,6132.41,4,1,3,1,36.67,70.0,2,1,0,2,70.0,0.33,0.33,0.67,7.08,0.67,65.67,49.82,HIGH,FRICTION_PRONE_CUSTOMER,HIGH_SEVERITY | PERSISTENT_BEHAVIOR | MULTIPLE_PROBLEMATIC_JOURNEYS
C001419,Theresa,Camacho,United Arab Emirates,VIP,1,3786.68,2,1,1,1,30.0,30.0,0,0,0,0,30.0,1.0,1.0,0.0,16.25,0.0,0.0,16.88,LOW,NORMAL_CUSTOMER,NO_MAJOR_RISK_SIGNAL
C001421,Alicia,Price,United Arab Emirates,Standard,1,3157.39,1,0,1,0,0.0,0.0,0,0,0,0,0.0,0.0,0.0,0.0,0.0,0.0,0.0,0.0,LOW,NORMAL_CUSTOMER,NO_MAJOR_RISK_SIGNAL
C001423,Vanessa,Long,Saudi Arabia,Standard,3,6112.16,3,0,3,0,28.33,45.0,2,0,0,2,45.0,0.0,0.0,0.67,1.67,0.67,65.67,38.2,MEDIUM,NORMAL_CUSTOMER,PERSISTENT_BEHAVIOR | MULTIPLE_PROBLEMATIC_JOURNEYS
C001424,Angela,Spence,Saudi Arabia,Standard,1,2436.97,1,0,1,0,45.0,45.0,1,0,0,1,45.0,0.0,0.0,1.0,2.5,1.0,30.0,27.75,MEDIUM,NORMAL_CUSTOMER,NO_MAJOR_RISK_SIGNAL
C001425,Peter,Scott,Other,Standard,1,4648.1,1,0,1,0,0.0,0.0,0,0,0,0,0.0,0.0,0.0,0.0,0.0,0.0,0.0,0.0,LOW,NORMAL_CUSTOMER,NO_MAJOR_RISK_SIGNAL
C001426,Theodore,Davis,Other,Standard,1,3188.31,1,0,1,0,0.0,0.0,0,0,0,0,0.0,0.0,0.0,0.0,0.0,0.0,0.0,0.0,LOW,NORMAL_CUSTOMER,NO_MAJOR_RISK_SIGNAL
C001429,Jon,Clark,Pakistan,VIP,2,4727.77,3,1,2,1,17.5,35.0,0,0,0,0,35.0,0.5,0.5,0.0,8.12,0.0,0.0,16.44,LOW,NORMAL_CUSTOMER,NO_MAJOR_RISK_SIGNAL
C001430,Allen,Zamora,Other,Standard,1,3064.37,1,0,1,0,0.0,0.0,0,0,0,0,0.0,0.0,0.0,0.0,0.0,0.0,0.0,0.0,LOW,NORMAL_CUSTOMER,NO_MAJOR_RISK_SIGNAL
C001432,Michael,Welch,Pakistan,Standard,2,6256.49,2,0,2,0,20.0,40.0,1,0,0,1,40.0,0.0,0.0,0.5,1.25,0.5,30.0,25.38,MEDIUM,NORMAL_CUSTOMER,NO_MAJOR_RISK_SIGNAL
C001436,Jill,Johnson,Saudi Arabia,Standard,2,4905.96,2,0,2,0,22.5,45.0,1,0,0,1,45.0,0.0,0.0,0.5,1.25,0.5,30.0,27.38,MEDIUM,NORMAL_CUSTOMER,NO_MAJOR_RISK_SIGNAL
C001437,Marvin,Delacruz,United Arab Emirates,Standard,2,4753.18,2,0,2,0,20.0,40.0,1,0,0,1,40.0,0.0,0.0,0.5,1.25,0.5,30.0,25.38,MEDIUM,NORMAL_CUSTOMER,NO_MAJOR_RISK_SIGNAL
C001439,Amy,Shepard,Saudi Arabia,Premium,1,2472.39,1,0,1,0,45.0,45.0,1,0,0,1,45.0,0.0,0.0,1.0,2.5,1.0,30.0,27.75,MEDIUM,NORMAL_CUSTOMER,NO_MAJOR_RISK_SIGNAL
C001440,Lisa,Ruiz,United Kingdom,Standard,3,13690.61,4,1,3,1,25.0,75.0,1,1,0,1,75.0,0.33,0.33,0.33,6.25,0.33,30.0,40.88,MEDIUM,LOYAL_LOW_FRICTION_CUSTOMER,HIGH_SEVERITY
C001441,Gregory,Gutierrez,Other,Premium,1,785.86,2,1,1,1,75.0,75.0,1,1,0,1,75.0,1.0,1.0,1.0,18.75,1.0,30.0,44.62,MEDIUM,NORMAL_CUSTOMER,HIGH_SEVERITY
C001442,Kimberly,Randall,Saudi Arabia,Standard,2,6411.05,3,1,2,1,15.0,30.0,0,0,0,0,30.0,0.5,0.5,0.0,8.12,0.0,0.0,14.44,LOW,NORMAL_CUSTOMER,NO_MAJOR_RISK_SIGNAL
C001443,Steven,Love,United Kingdom,Premium,2,3315.78,4,2,2,2,50.0,100.0,3,1,1,1,100.0,1.0,1.0,1.5,20.0,0.5,30.0,55.0,HIGH,FRICTION_PRONE_CUSTOMER,HIGH_SEVERITY | REPEATED_PAYMENT_FAILURES | CRITICAL_JOURNEY
C001444,Heather,Mcdowell,United Arab Emirates,Standard,1,4951.33,1,0,1,0,0.0,0.0,0,0,0,0,0.0,0.0,0.0,0.0,0.0,0.0,0.0,0.0,LOW,NORMAL_CUSTOMER,NO_MAJOR_RISK_SIGNAL
C001446,Lisa,Holloway,Saudi Arabia,Premium,3,9016.58,3,0,3,0,13.33,40.0,1,0,0,1,40.0,0.0,0.0,0.33,0.83,0.33,30.0,25.25,MEDIUM,LOYAL_LOW_FRICTION_CUSTOMER,NO_MAJOR_RISK_SIGNAL
C001448,Kimberly,Hunter,United States,Premium,4,11314.03,4,0,4,0,0.0,0.0,0,0,0,0,0.0,0.0,0.0,0.0,0.0,0.0,0.0,0.0,LOW,LOYAL_LOW_FRICTION_CUSTOMER,NO_MAJOR_RISK_SIGNAL
C001449,Stephen,Bell,Other,Standard,1,2484.62,1,0,1,0,0.0,0.0,0,0,0,0,0.0,0.0,0.0,0.0,0.0,0.0,0.0,0.0,LOW,NORMAL_CUSTOMER,NO_MAJOR_RISK_SIGNAL
C001450,Kelly,Guzman,United Kingdom,Standard,6,16196.29,7,1,6,1,11.67,40.0,1,0,0,1,40.0,0.17,0.17,0.17,3.12,0.17,24.67,24.34,MEDIUM,LOYAL_LOW_FRICTION_CUSTOMER,NO_MAJOR_RISK_SIGNAL
C001451,Bradley,Li,United Arab Emirates,Standard,1,2066.71,1,0,1,0,0.0,0.0,0,0,0,0,0.0,0.0,0.0,0.0,0.0,0.0,0.0,0.0,LOW,NORMAL_CUSTOMER,NO_MAJOR_RISK_SIGNAL
C001452,James,Rojas,Pakistan,Premium,2,4706.4,2,0,2,0,40.0,40.0,2,0,0,2,40.0,0.0,0.0,1.0,2.5,1.0,79.0,40.45,MEDIUM,NORMAL_CUSTOMER,PERSISTENT_BEHAVIOR | MULTIPLE_PROBLEMATIC_JOURNEYS
C001453,Bobby,Chavez,Other,Standard,1,3903.05,2,1,1,1,35.0,35.0,0,0,0,0,35.0,1.0,1.0,0.0,16.25,0.0,0.0,18.88,LOW,NORMAL_CUSTOMER,NO_MAJOR_RISK_SIGNAL
C001454,Sarah,Johnson,Pakistan,Standard,1,4948.5,1,0,1,0,0.0,0.0,0,0,0,0,0.0,0.0,0.0,0.0,0.0,0.0,0.0,0.0,LOW,NORMAL_CUSTOMER,NO_MAJOR_RISK_SIGNAL
C001456,Veronica,May,Other,Premium,1,2317.8,1,0,1,0,40.0,40.0,1,0,0,1,40.0,0.0,0.0,1.0,2.5,1.0,30.0,25.75,MEDIUM,NORMAL_CUSTOMER,NO_MAJOR_RISK_SIGNAL
C001457,Amy,Mccoy,United Kingdom,Premium,1,2334.88,1,0,1,0,0.0,0.0,0,0,0,0,0.0,0.0,0.0,0.0,0.0,0.0,0.0,0.0,LOW,NORMAL_CUSTOMER,NO_MAJOR_RISK_SIGNAL
C001458,Jon,Gibbs,United Kingdom,Standard,1,2218.01,1,0,1,0,0.0,0.0,0,0,0,0,0.0,0.0,0.0,0.0,0.0,0.0,0.0,0.0,LOW,NORMAL_CUSTOMER,NO_MAJOR_RISK_SIGNAL
C001459,Karen,Taylor,Saudi Arabia,Premium,1,2031.25,1,0,1,0,0.0,0.0,0,0,0,0,0.0,0.0,0.0,0.0,0.0,0.0,0.0,0.0,LOW,NORMAL_CUSTOMER,NO_MAJOR_RISK_SIGNAL
C001460,James,Morales,United Kingdom,Premium,1,2153.26,1,0,1,0,45.0,45.0,1,0,0,1,45.0,0.0,0.0,1.0,2.5,1.0,30.0,27.75,MEDIUM,NORMAL_CUSTOMER,NO_MAJOR_RISK_SIGNAL
C001461,Michael,Fuller,United Arab Emirates,Premium,4,11644.08,4,0,4,0,0.0,0.0,0,0,0,0,0.0,0.0,0.0,0.0,0.0,0.0,0.0,0.0,LOW,LOYAL_LOW_FRICTION_CUSTOMER,NO_MAJOR_RISK_SIGNAL
C001462,Kimberly,Edwards,United Kingdom,Standard,2,6612.51,3,1,2,1,15.0,30.0,0,0,0,0,30.0,0.5,0.5,0.0,8.12,0.0,0.0,14.44,LOW,NORMAL_CUSTOMER,NO_MAJOR_RISK_SIGNAL
C001463,Michelle,Miller,Saudi Arabia,Standard,5,11410.47,7,2,5,2,30.0,65.0,4,1,0,3,65.0,0.4,0.4,0.8,8.5,0.6,75.0,51.05,HIGH,FRICTION_PRONE_CUSTOMER,PERSISTENT_BEHAVIOR | REPEATED_PAYMENT_FAILURES | MULTIPLE_PROBLEMATIC_JOURNEYS
C001464,Martin,Moore,United Kingdom,Standard,2,7908.3,2,0,2,0,0.0,0.0,0,0,0,0,0.0,0.0,0.0,0.0,0.0,0.0,0.0,0.0,LOW,NORMAL_CUSTOMER,NO_MAJOR_RISK_SIGNAL
C001465,David,Black,Other,Standard,1,2017.85,2,1,1,1,75.0,75.0,1,1,0,1,75.0,1.0,1.0,1.0,18.75,1.0,30.0,44.62,MEDIUM,NORMAL_CUSTOMER,HIGH_SEVERITY
C001466,Micheal,Booker,Saudi Arabia,Standard,1,3301.0,1,0,1,0,40.0,40.0,1,0,0,1,40.0,0.0,0.0,1.0,2.5,1.0,30.0,25.75,MEDIUM,NORMAL_CUSTOMER,NO_MAJOR_RISK_SIGNAL
C001467,Pamela,Rivas,Other,Standard,3,8291.15,3,0,3,0,13.33,40.0,1,0,0,1,40.0,0.0,0.0,0.33,0.83,0.33,30.0,25.25,MEDIUM,LOYAL_LOW_FRICTION_CUSTOMER,NO_MAJOR_RISK_SIGNAL
C001468,Julia,Hines,United Arab Emirates,Standard,1,2473.1,1,0,1,0,0.0,0.0,0,0,0,0,0.0,0.0,0.0,0.0,0.0,0.0,0.0,0.0,LOW,NORMAL_CUSTOMER,NO_MAJOR_RISK_SIGNAL
C001469,Patricia,Bradford,Other,Standard,1,3688.44,1,0,1,0,45.0,45.0,1,0,0,1,45.0,0.0,0.0,1.0,2.5,1.0,30.0,27.75,MEDIUM,NORMAL_CUSTOMER,NO_MAJOR_RISK_SIGNAL
C001470,Paul,Jennings,United States,Standard,2,2177.91,2,0,2,0,0.0,0.0,0,0,0,0,0.0,0.0,0.0,0.0,0.0,0.0,0.0,0.0,LOW,NORMAL_CUSTOMER,NO_MAJOR_RISK_SIGNAL
C001471,Terri,Sparks,Pakistan,Standard,1,1201.71,1,0,1,0,45.0,45.0,1,0,0,1,45.0,0.0,0.0,1.0,2.5,1.0,30.0,27.75,MEDIUM,NORMAL_CUSTOMER,NO_MAJOR_RISK_SIGNAL
C001472,Tyler,Flores,United Kingdom,Premium,2,6167.96,2,0,2,0,0.0,0.0,0,0,0,0,0.0,0.0,0.0,0.0,0.0,0.0,0.0,0.0,LOW,NORMAL_CUSTOMER,NO_MAJOR_RISK_SIGNAL
C001474,Sandra,Moss,United Arab Emirates,Standard,3,8430.65,5,2,3,2,21.67,65.0,2,1,0,1,65.0,0.67,0.67,0.67,12.5,0.33,30.0,38.75,MEDIUM,LOYAL_LOW_FRICTION_CUSTOMER,REPEATED_PAYMENT_FAILURES
C001475,April,Green,United Arab Emirates,Standard,2,3686.02,2,0,2,0,20.0,40.0,1,0,0,1,40.0,0.0,0.0,0.5,1.25,0.5,30.0,25.38,MEDIUM,NORMAL_CUSTOMER,NO_MAJOR_RISK_SIGNAL
C001476,Laurie,Mcdaniel,United Kingdom,Standard,2,4617.48,2,0,2,0,20.0,40.0,1,0,0,1,40.0,0.0,0.0,0.5,1.25,0.5,30.0,25.38,MEDIUM,NORMAL_CUSTOMER,NO_MAJOR_RISK_SIGNAL
C001477,Jessica,Serrano,United States,Premium,1,1520.29,1,0,1,0,0.0,0.0,0,0,0,0,0.0,0.0,0.0,0.0,0.0,0.0,0.0,0.0,LOW,NORMAL_CUSTOMER,NO_MAJOR_RISK_SIGNAL
C001478,Christian,Marsh,United States,Standard,1,2052.65,1,0,1,0,0.0,0.0,0,0,0,0,0.0,0.0,0.0,0.0,0.0,0.0,0.0,0.0,LOW,NORMAL_CUSTOMER,NO_MAJOR_RISK_SIGNAL
C001479,Carrie,Gonzalez,United States,Standard,3,11959.08,3,0,3,0,0.0,0.0,0,0,0,0,0.0,0.0,0.0,0.0,0.0,0.0,0.0,0.0,LOW,LOYAL_LOW_FRICTION_CUSTOMER,NO_MAJOR_RISK_SIGNAL
C001481,Amy,White,United States,Premium,1,3811.23,1,0,1,0,0.0,0.0,0,0,0,0,0.0,0.0,0.0,0.0,0.0,0.0,0.0,0.0,LOW,NORMAL_CUSTOMER,NO_MAJOR_RISK_SIGNAL
C001482,Manuel,Walter,Saudi Arabia,Standard,3,10994.46,6,3,3,3,31.67,65.0,2,1,0,1,65.0,1.0,1.0,0.67,17.92,0.33,30.0,40.38,MEDIUM,NORMAL_CUSTOMER,REPEATED_PAYMENT_FAILURES
C001485,Kirk,Walker,United Arab Emirates,Standard,1,1159.27,3,2,1,2,100.0,100.0,3,1,1,1,100.0,2.0,2.0,3.0,40.0,1.0,30.0,61.0,HIGH,FRICTION_PRONE_CUSTOMER,HIGH_SEVERITY | REPEATED_PAYMENT_FAILURES | CRITICAL_JOURNEY
C001486,Carrie,Vaughan,United Arab Emirates,Standard,2,8924.72,2,0,2,0,0.0,0.0,0,0,0,0,0.0,0.0,0.0,0.0,0.0,0.0,0.0,0.0,LOW,NORMAL_CUSTOMER,NO_MAJOR_RISK_SIGNAL
C001487,Ronald,Leblanc,United Arab Emirates,Standard,1,3007.61,1,0,1,0,0.0,0.0,0,0,0,0,0.0,0.0,0.0,0.0,0.0,0.0,0.0,0.0,LOW,NORMAL_CUSTOMER,NO_MAJOR_RISK_SIGNAL
C001488,Hannah,Holland,United Kingdom,Standard,1,3187.08,1,0,1,0,0.0,0.0,0,0,0,0,0.0,0.0,0.0,0.0,0.0,0.0,0.0,0.0,LOW,NORMAL_CUSTOMER,NO_MAJOR_RISK_SIGNAL
C001491,Molly,Mccann,Saudi Arabia,Standard,1,4737.89,3,2,1,2,65.0,65.0,2,1,0,1,65.0,2.0,2.0,2.0,37.5,1.0,30.0,46.25,MEDIUM,NORMAL_CUSTOMER,REPEATED_PAYMENT_FAILURES
C001493,Whitney,Haynes,Saudi Arabia,Standard,1,858.37,1,0,1,0,0.0,0.0,0,0,0,0,0.0,0.0,0.0,0.0,0.0,0.0,0.0,0.0,LOW,NORMAL_CUSTOMER,NO_MAJOR_RISK_SIGNAL
C001494,Joshua,Jackson,Saudi Arabia,Standard,2,3594.96,3,1,2,1,35.0,70.0,1,1,0,1,70.0,0.5,0.5,0.5,9.38,0.5,30.0,39.81,MEDIUM,NORMAL_CUSTOMER,HIGH_SEVERITY
C001495,Tina,Morales,Pakistan,Premium,1,4991.09,2,1,1,1,30.0,30.0,0,0,0,0,30.0,1.0,1.0,0.0,16.25,0.0,0.0,16.88,LOW,NORMAL_CUSTOMER,NO_MAJOR_RISK_SIGNAL
C001496,Stacy,Patterson,United Kingdom,Standard,2,5456.93,2,0,2,0,22.5,45.0,1,0,0,1,45.0,0.0,0.0,0.5,1.25,0.5,30.0,27.38,MEDIUM,NORMAL_CUSTOMER,NO_MAJOR_RISK_SIGNAL
C001498,Dana,Davis,United Arab Emirates,Standard,2,5688.57,2,0,2,0,0.0,0.0,0,0,0,0,0.0,0.0,0.0,0.0,0.0,0.0,0.0,0.0,LOW,NORMAL_CUSTOMER,NO_MAJOR_RISK_SIGNAL
C001500,Laurie,Valentine,Other,Standard,1,3198.36,1,0,1,0,0.0,0.0,0,0,0,0,0.0,0.0,0.0,0.0,0.0,0.0,0.0,0.0,LOW,NORMAL_CUSTOMER,NO_MAJOR_RISK_SIGNAL
C001501,Erin,Wilson,Pakistan,Standard,4,12665.98,6,2,4,2,27.5,40.0,1,0,0,1,40.0,0.5,0.5,0.25,8.75,0.25,28.0,27.02,MEDIUM,LOYAL_LOW_FRICTION_CUSTOMER,REPEATED_PAYMENT_FAILURES
C001503,Douglas,Graham,Saudi Arabia,Premium,3,10751.61,3,0,3,0,28.33,45.0,2,0,0,2,45.0,0.0,0.0,0.67,1.67,0.67,65.67,38.2,MEDIUM,NORMAL_CUSTOMER,PERSISTENT_BEHAVIOR | MULTIPLE_PROBLEMATIC_JOURNEYS
C001504,Cathy,Mora,United Arab Emirates,Standard,1,3821.92,1,0,1,0,45.0,45.0,1,0,0,1,45.0,0.0,0.0,1.0,2.5,1.0,30.0,27.75,MEDIUM,NORMAL_CUSTOMER,NO_MAJOR_RISK_SIGNAL
C001505,Kimberly,Chavez,United Arab Emirates,Standard,2,8051.08,4,2,2,2,32.5,65.0,2,1,0,1,65.0,1.0,1.0,1.0,18.75,0.5,30.0,40.62,MEDIUM,NORMAL_CUSTOMER,REPEATED_PAYMENT_FAILURES
C001506,Austin,Nunez,United Arab Emirates,Premium,4,14521.18,6,2,4,2,45.0,100.0,5,1,1,3,100.0,0.5,0.5,1.25,11.25,0.75,81.0,67.68,HIGH,FRICTION_PRONE_CUSTOMER,HIGH_SEVERITY | PERSISTENT_BEHAVIOR | REPEATED_PAYMENT_FAILURES | MULTIPLE_PROBLEMATIC_JOURNEYS | CRITICAL_JOURNEY
C001508,Kimberly,Reeves,Pakistan,Premium,2,2398.11,3,1,2,1,17.5,35.0,0,0,0,0,35.0,0.5,0.5,0.0,8.12,0.0,0.0,16.44,LOW,NORMAL_CUSTOMER,NO_MAJOR_RISK_SIGNAL
C001509,Michael,Lee,Pakistan,Standard,1,4633.44,2,1,1,1,30.0,30.0,0,0,0,0,30.0,1.0,1.0,0.0,16.25,0.0,0.0,16.88,LOW,NORMAL_CUSTOMER,NO_MAJOR_RISK_SIGNAL
C001511,Ashley,Casey,United States,Standard,2,4941.94,2,0,2,0,0.0,0.0,0,0,0,0,0.0,0.0,0.0,0.0,0.0,0.0,0.0,0.0,LOW,NORMAL_CUSTOMER,NO_MAJOR_RISK_SIGNAL
C001515,Nathan,Gates,Saudi Arabia,Standard,2,4832.01,3,1,2,1,15.0,30.0,0,0,0,0,30.0,0.5,0.5,0.0,8.12,0.0,0.0,14.44,LOW,NORMAL_CUSTOMER,NO_MAJOR_RISK_SIGNAL
C001516,Kathryn,Greene,Saudi Arabia,Standard,1,1123.17,1,0,1,0,0.0,0.0,0,0,0,0,0.0,0.0,0.0,0.0,0.0,0.0,0.0,0.0,LOW,NORMAL_CUSTOMER,NO_MAJOR_RISK_SIGNAL
C001517,Audrey,Carney,Pakistan,Standard,1,4959.9,1,0,1,0,0.0,0.0,0,0,0,0,0.0,0.0,0.0,0.0,0.0,0.0,0.0,0.0,LOW,NORMAL_CUSTOMER,NO_MAJOR_RISK_SIGNAL
C001518,Alyssa,Campbell,Other,Premium,4,17029.57,5,1,4,1,37.5,40.0,3,0,0,3,40.0,0.25,0.25,0.75,5.94,0.75,81.0,42.08,MEDIUM,NORMAL_CUSTOMER,PERSISTENT_BEHAVIOR | MULTIPLE_PROBLEMATIC_JOURNEYS
C001519,Raymond,Byrd,Saudi Arabia,Standard,2,6384.14,4,2,2,2,32.5,65.0,2,1,0,1,65.0,1.0,1.0,1.0,18.75,0.5,30.0,40.62,MEDIUM,NORMAL_CUSTOMER,REPEATED_PAYMENT_FAILURES
C001520,Debra,Barnes,Other,Standard,1,2937.96,1,0,1,0,0.0,0.0,0,0,0,0,0.0,0.0,0.0,0.0,0.0,0.0,0.0,0.0,LOW,NORMAL_CUSTOMER,NO_MAJOR_RISK_SIGNAL
C001521,John,Ortiz,Saudi Arabia,VIP,1,4828.6,1,0,1,0,40.0,40.0,1,0,0,1,40.0,0.0,0.0,1.0,2.5,1.0,30.0,25.75,MEDIUM,NORMAL_CUSTOMER,NO_MAJOR_RISK_SIGNAL
C001522,Daniel,Thomas,Other,Premium,3,13454.82,4,1,3,1,11.67,35.0,0,0,0,0,35.0,0.33,0.33,0.0,5.42,0.0,0.0,15.63,LOW,LOYAL_LOW_FRICTION_CUSTOMER,NO_MAJOR_RISK_SIGNAL
C001523,Jill,Roberts,United Arab Emirates,Standard,2,6279.9,3,1,2,1,55.0,70.0,2,1,0,2,70.0,0.5,0.5,1.0,10.62,1.0,79.0,54.89,HIGH,FRICTION_PRONE_CUSTOMER,HIGH_SEVERITY | PERSISTENT_BEHAVIOR | MULTIPLE_PROBLEMATIC_JOURNEYS
C001524,Victor,Green,Saudi Arabia,Standard,1,614.66,2,1,1,1,30.0,30.0,0,0,0,0,30.0,1.0,1.0,0.0,16.25,0.0,0.0,16.88,LOW,NORMAL_CUSTOMER,NO_MAJOR_RISK_SIGNAL
C001525,Paul,Williamson,United Arab Emirates,VIP,4,9293.14,6,2,4,2,27.5,45.0,1,0,0,1,45.0,0.5,0.5,0.25,8.75,0.25,28.0,29.02,MEDIUM,LOYAL_LOW_FRICTION_CUSTOMER,REPEATED_PAYMENT_FAILURES
C001526,Anna,Solomon,Saudi Arabia,Standard,1,3237.81,1,0,1,0,0.0,0.0,0,0,0,0,0.0,0.0,0.0,0.0,0.0,0.0,0.0,0.0,LOW,NORMAL_CUSTOMER,NO_MAJOR_RISK_SIGNAL
C001527,Jose,Wood,Saudi Arabia,Standard,3,5968.17,3,0,3,0,0.0,0.0,0,0,0,0,0.0,0.0,0.0,0.0,0.0,0.0,0.0,0.0,LOW,LOYAL_LOW_FRICTION_CUSTOMER,NO_MAJOR_RISK_SIGNAL
C001528,Jorge,Sutton,United Arab Emirates,Standard,2,7601.17,3,1,2,1,15.0,30.0,0,0,0,0,30.0,0.5,0.5,0.0,8.12,0.0,0.0,14.44,LOW,NORMAL_CUSTOMER,NO_MAJOR_RISK_SIGNAL
C001529,Sean,Ellis,United States,Premium,1,2005.51,3,2,1,2,65.0,65.0,2,1,0,1,65.0,2.0,2.0,2.0,37.5,1.0,30.0,46.25,MEDIUM,NORMAL_CUSTOMER,REPEATED_PAYMENT_FAILURES
C001530,Wendy,Smith,Pakistan,Standard,2,5055.72,4,2,2,2,30.0,60.0,2,1,0,1,60.0,1.0,1.0,1.0,18.75,0.5,30.0,38.62,MEDIUM,NORMAL_CUSTOMER,REPEATED_PAYMENT_FAILURES
C001532,Sabrina,Morris,Pakistan,Standard,4,10073.61,4,0,4,0,0.0,0.0,0,0,0,0,0.0,0.0,0.0,0.0,0.0,0.0,0.0,0.0,LOW,LOYAL_LOW_FRICTION_CUSTOMER,NO_MAJOR_RISK_SIGNAL
C001533,Travis,Steele,United Kingdom,Premium,1,3144.68,3,2,1,2,65.0,65.0,2,1,0,1,65.0,2.0,2.0,2.0,37.5,1.0,30.0,46.25,MEDIUM,NORMAL_CUSTOMER,REPEATED_PAYMENT_FAILURES
C001535,Melissa,Reeves,United Arab Emirates,Premium,1,870.63,1,0,1,0,0.0,0.0,0,0,0,0,0.0,0.0,0.0,0.0,0.0,0.0,0.0,0.0,LOW,NORMAL_CUSTOMER,NO_MAJOR_RISK_SIGNAL
C001536,Shannon,Erickson,Saudi Arabia,Standard,1,4456.58,3,2,1,2,100.0,100.0,3,1,1,1,100.0,2.0,2.0,3.0,40.0,1.0,30.0,61.0,HIGH,FRICTION_PRONE_CUSTOMER,HIGH_SEVERITY | REPEATED_PAYMENT_FAILURES | CRITICAL_JOURNEY
C001538,Sean,Scott,United Kingdom,Premium,4,7664.59,6,2,4,2,16.25,35.0,0,0,0,0,35.0,0.5,0.5,0.0,8.12,0.0,0.0,16.44,LOW,LOYAL_LOW_FRICTION_CUSTOMER,REPEATED_PAYMENT_FAILURES
C001539,Christopher,Davis,Saudi Arabia,Premium,2,6859.58,3,1,2,1,40.0,80.0,1,1,1,1,80.0,0.5,0.5,0.5,9.38,0.5,30.0,43.81,MEDIUM,NORMAL_CUSTOMER,HIGH_SEVERITY | CRITICAL_JOURNEY
C001540,Evelyn,Brown,Pakistan,VIP,1,1136.77,1,0,1,0,0.0,0.0,0,0,0,0,0.0,0.0,0.0,0.0,0.0,0.0,0.0,0.0,LOW,NORMAL_CUSTOMER,NO_MAJOR_RISK_SIGNAL
C001541,Megan,Cook,United Kingdom,Standard,3,7582.68,5,2,3,2,33.33,70.0,1,1,0,1,70.0,0.67,0.67,0.33,11.67,0.33,30.0,40.5,MEDIUM,NORMAL_CUSTOMER,HIGH_SEVERITY | REPEATED_PAYMENT_FAILURES
C001542,Luis,Young,Saudi Arabia,Standard,2,7526.36,2,0,2,0,20.0,40.0,1,0,0,1,40.0,0.0,0.0,0.5,1.25,0.5,30.0,25.38,MEDIUM,NORMAL_CUSTOMER,NO_MAJOR_RISK_SIGNAL
C001543,Michael,Odonnell,Pakistan,Premium,1,1129.35,1,0,1,0,0.0,0.0,0,0,0,0,0.0,0.0,0.0,0.0,0.0,0.0,0.0,0.0,LOW,NORMAL_CUSTOMER,NO_MAJOR_RISK_SIGNAL
C001544,Calvin,Barajas,Saudi Arabia,Premium,1,3855.84,1,0,1,0,0.0,0.0,0,0,0,0,0.0,0.0,0.0,0.0,0.0,0.0,0.0,0.0,LOW,NORMAL_CUSTOMER,NO_MAJOR_RISK_SIGNAL
C001545,Amber,Crosby,Other,Standard,1,3869.72,1,0,1,0,0.0,0.0,0,0,0,0,0.0,0.0,0.0,0.0,0.0,0.0,0.0,0.0,LOW,NORMAL_CUSTOMER,NO_MAJOR_RISK_SIGNAL
C001546,Patricia,Coffey,United Arab Emirates,Standard,2,6721.51,4,2,2,2,30.0,30.0,0,0,0,0,30.0,1.0,1.0,0.0,16.25,0.0,0.0,16.88,LOW,NORMAL_CUSTOMER,REPEATED_PAYMENT_FAILURES
C001547,Melissa,George,United States,Standard,3,7717.14,3,0,3,0,0.0,0.0,0,0,0,0,0.0,0.0,0.0,0.0,0.0,0.0,0.0,0.0,LOW,LOYAL_LOW_FRICTION_CUSTOMER,NO_MAJOR_RISK_SIGNAL
C001548,Jennifer,Goodman,Pakistan,Standard,2,4994.73,2,0,2,0,20.0,40.0,1,0,0,1,40.0,0.0,0.0,0.5,1.25,0.5,30.0,25.38,MEDIUM,NORMAL_CUSTOMER,NO_MAJOR_RISK_SIGNAL
C001549,Sara,Williams,Saudi Arabia,Standard,2,7496.86,2,0,2,0,0.0,0.0,0,0,0,0,0.0,0.0,0.0,0.0,0.0,0.0,0.0,0.0,LOW,NORMAL_CUSTOMER,NO_MAJOR_RISK_SIGNAL
C001550,Dana,King,Pakistan,Premium,2,8803.54,2,0,2,0,0.0,0.0,0,0,0,0,0.0,0.0,0.0,0.0,0.0,0.0,0.0,0.0,LOW,NORMAL_CUSTOMER,NO_MAJOR_RISK_SIGNAL
C001551,Laura,Harvey,Other,Standard,1,2177.66,1,0,1,0,0.0,0.0,0,0,0,0,0.0,0.0,0.0,0.0,0.0,0.0,0.0,0.0,LOW,NORMAL_CUSTOMER,NO_MAJOR_RISK_SIGNAL
C001552,William,Turner,Pakistan,Standard,3,9248.32,3,0,3,0,13.33,40.0,1,0,0,1,40.0,0.0,0.0,0.33,0.83,0.33,30.0,25.25,MEDIUM,LOYAL_LOW_FRICTION_CUSTOMER,NO_MAJOR_RISK_SIGNAL
C001553,David,Foster,United States,Standard,3,9459.43,5,2,3,2,35.0,65.0,3,1,0,2,65.0,0.67,0.67,1.0,13.33,0.67,65.67,49.7,HIGH,FRICTION_PRONE_CUSTOMER,PERSISTENT_BEHAVIOR | REPEATED_PAYMENT_FAILURES | MULTIPLE_PROBLEMATIC_JOURNEYS
C001554,James,Wood,Other,Standard,1,1895.11,2,1,1,1,30.0,30.0,0,0,0,0,30.0,1.0,1.0,0.0,16.25,0.0,0.0,16.88,LOW,NORMAL_CUSTOMER,NO_MAJOR_RISK_SIGNAL
C001555,Dominic,Donaldson,Saudi Arabia,Standard,1,2503.17,1,0,1,0,40.0,40.0,1,0,0,1,40.0,0.0,0.0,1.0,2.5,1.0,30.0,25.75,MEDIUM,NORMAL_CUSTOMER,NO_MAJOR_RISK_SIGNAL
C001556,Kristy,Hansen,Saudi Arabia,Standard,2,7725.55,2,0,2,0,0.0,0.0,0,0,0,0,0.0,0.0,0.0,0.0,0.0,0.0,0.0,0.0,LOW,NORMAL_CUSTOMER,NO_MAJOR_RISK_SIGNAL
C001557,Anthony,Carpenter,Pakistan,Standard,2,1708.05,3,1,2,1,17.5,35.0,0,0,0,0,35.0,0.5,0.5,0.0,8.12,0.0,0.0,16.44,LOW,NORMAL_CUSTOMER,NO_MAJOR_RISK_SIGNAL
C001558,Angela,Green,United Arab Emirates,Standard,1,4366.26,1,0,1,0,45.0,45.0,1,0,0,1,45.0,0.0,0.0,1.0,2.5,1.0,30.0,27.75,MEDIUM,NORMAL_CUSTOMER,NO_MAJOR_RISK_SIGNAL
C001560,Linda,Conrad,Other,Standard,1,2443.64,2,1,1,1,70.0,70.0,1,1,0,1,70.0,1.0,1.0,1.0,18.75,1.0,30.0,42.62,MEDIUM,NORMAL_CUSTOMER,HIGH_SEVERITY
C001561,Andrea,Humphrey,United Arab Emirates,Standard,5,18283.68,9,4,5,4,35.0,75.0,3,2,0,2,75.0,0.8,0.8,0.6,14.5,0.4,55.0,50.85,HIGH,FRICTION_PRONE_CUSTOMER,HIGH_SEVERITY | PERSISTENT_BEHAVIOR | REPEATED_PAYMENT_FAILURES | MULTIPLE_PROBLEMATIC_JOURNEYS
C001562,Cheryl,Anderson,Saudi Arabia,Standard,1,4895.67,1,0,1,0,45.0,45.0,1,0,0,1,45.0,0.0,0.0,1.0,2.5,1.0,30.0,27.75,MEDIUM,NORMAL_CUSTOMER,NO_MAJOR_RISK_SIGNAL
C001564,Kyle,Moreno,Saudi Arabia,Standard,1,4640.81,2,1,1,1,35.0,35.0,0,0,0,0,35.0,1.0,1.0,0.0,16.25,0.0,0.0,18.88,LOW,NORMAL_CUSTOMER,NO_MAJOR_RISK_SIGNAL
C001565,Yvonne,Thomas,United States,Premium,3,6350.3,7,4,3,4,41.67,65.0,2,1,0,1,65.0,1.33,1.33,0.67,23.33,0.33,30.0,42.0,MEDIUM,NORMAL_CUSTOMER,REPEATED_PAYMENT_FAILURES
C001566,Jennifer,Wilson,United Arab Emirates,Standard,1,3852.16,1,0,1,0,0.0,0.0,0,0,0,0,0.0,0.0,0.0,0.0,0.0,0.0,0.0,0.0,LOW,NORMAL_CUSTOMER,NO_MAJOR_RISK_SIGNAL
C001568,Kayla,Anderson,Saudi Arabia,Standard,5,18213.13,7,2,5,2,12.0,60.0,2,1,0,1,60.0,0.4,0.4,0.4,7.5,0.2,26.0,34.05,MEDIUM,LOYAL_LOW_FRICTION_CUSTOMER,REPEATED_PAYMENT_FAILURES
C001569,Madeline,Savage,Pakistan,Standard,2,6816.76,3,1,2,1,15.0,30.0,0,0,0,0,30.0,0.5,0.5,0.0,8.12,0.0,0.0,14.44,LOW,NORMAL_CUSTOMER,NO_MAJOR_RISK_SIGNAL
C001570,Charles,Davenport,United Arab Emirates,Standard,1,3305.37,1,0,1,0,0.0,0.0,0,0,0,0,0.0,0.0,0.0,0.0,0.0,0.0,0.0,0.0,LOW,NORMAL_CUSTOMER,NO_MAJOR_RISK_SIGNAL
C001571,Teresa,Adkins,Pakistan,Standard,2,6416.22,2,0,2,0,0.0,0.0,0,0,0,0,0.0,0.0,0.0,0.0,0.0,0.0,0.0,0.0,LOW,NORMAL_CUSTOMER,NO_MAJOR_RISK_SIGNAL
C001572,Dawn,Howe,Saudi Arabia,Standard,2,3314.73,2,0,2,0,0.0,0.0,0,0,0,0,0.0,0.0,0.0,0.0,0.0,0.0,0.0,0.0,LOW,NORMAL_CUSTOMER,NO_MAJOR_RISK_SIGNAL
C001573,Shannon,Campbell,United Kingdom,Standard,1,3580.87,1,0,1,0,0.0,0.0,0,0,0,0,0.0,0.0,0.0,0.0,0.0,0.0,0.0,0.0,LOW,NORMAL_CUSTOMER,NO_MAJOR_RISK_SIGNAL
C001574,Erin,Mcdowell,Other,Premium,6,14721.41,11,5,6,5,41.67,80.0,6,3,1,4,80.0,0.83,0.83,1.0,16.04,0.67,86.67,62.81,HIGH,FRICTION_PRONE_CUSTOMER,HIGH_SEVERITY | PERSISTENT_BEHAVIOR | REPEATED_PAYMENT_FAILURES | MULTIPLE_PROBLEMATIC_JOURNEYS | CRITICAL_JOURNEY
C001575,Melvin,Austin,Saudi Arabia,Standard,4,13632.07,5,1,4,1,8.75,35.0,0,0,0,0,35.0,0.25,0.25,0.0,4.06,0.0,0.0,15.22,LOW,LOYAL_LOW_FRICTION_CUSTOMER,NO_MAJOR_RISK_SIGNAL
C001577,Kimberly,Baker,Saudi Arabia,Standard,1,4912.75,2,1,1,1,70.0,70.0,1,1,0,1,70.0,1.0,1.0,1.0,18.75,1.0,30.0,42.62,MEDIUM,NORMAL_CUSTOMER,HIGH_SEVERITY
C001578,Danielle,Edwards,Pakistan,Premium,3,8041.03,3,0,3,0,0.0,0.0,0,0,0,0,0.0,0.0,0.0,0.0,0.0,0.0,0.0,0.0,LOW,LOYAL_LOW_FRICTION_CUSTOMER,NO_MAJOR_RISK_SIGNAL
C001580,Tammy,Stewart,Pakistan,Standard,1,4793.98,1,0,1,0,40.0,40.0,1,0,0,1,40.0,0.0,0.0,1.0,2.5,1.0,30.0,25.75,MEDIUM,NORMAL_CUSTOMER,NO_MAJOR_RISK_SIGNAL
C001581,Ryan,Vang,Saudi Arabia,Standard,1,3877.53,1,0,1,0,0.0,0.0,0,0,0,0,0.0,0.0,0.0,0.0,0.0,0.0,0.0,0.0,LOW,NORMAL_CUSTOMER,NO_MAJOR_RISK_SIGNAL
C001582,Renee,Gallagher,United Arab Emirates,Standard,2,3470.59,4,2,2,2,32.5,65.0,2,1,0,1,65.0,1.0,1.0,1.0,18.75,0.5,30.0,40.62,MEDIUM,NORMAL_CUSTOMER,REPEATED_PAYMENT_FAILURES
C001583,Brian,Hernandez,Pakistan,Premium,2,3588.28,2,0,2,0,22.5,45.0,1,0,0,1,45.0,0.0,0.0,0.5,1.25,0.5,30.0,27.38,MEDIUM,NORMAL_CUSTOMER,NO_MAJOR_RISK_SIGNAL
C001584,David,Farrell,United Arab Emirates,Premium,1,1285.84,1,0,1,0,0.0,0.0,0,0,0,0,0.0,0.0,0.0,0.0,0.0,0.0,0.0,0.0,LOW,NORMAL_CUSTOMER,NO_MAJOR_RISK_SIGNAL
C001585,Eric,Sandoval,Other,Standard,1,1116.73,1,0,1,0,0.0,0.0,0,0,0,0,0.0,0.0,0.0,0.0,0.0,0.0,0.0,0.0,LOW,NORMAL_CUSTOMER,NO_MAJOR_RISK_SIGNAL
C001586,Fred,Yates,Saudi Arabia,Standard,3,12186.14,3,0,3,0,26.67,40.0,2,0,0,2,40.0,0.0,0.0,0.67,1.67,0.67,65.67,36.2,MEDIUM,NORMAL_CUSTOMER,PERSISTENT_BEHAVIOR | MULTIPLE_PROBLEMATIC_JOURNEYS
C001588,Jenna,Hernandez,United Arab Emirates,Standard,2,4468.3,3,1,2,1,17.5,35.0,0,0,0,0,35.0,0.5,0.5,0.0,8.12,0.0,0.0,16.44,LOW,NORMAL_CUSTOMER,NO_MAJOR_RISK_SIGNAL
C001589,Michael,Hall,United Arab Emirates,Standard,1,4455.3,1,0,1,0,0.0,0.0,0,0,0,0,0.0,0.0,0.0,0.0,0.0,0.0,0.0,0.0,LOW,NORMAL_CUSTOMER,NO_MAJOR_RISK_SIGNAL
C001590,Shelley,Johnson,United Kingdom,Standard,1,4158.83,2,1,1,1,30.0,30.0,0,0,0,0,30.0,1.0,1.0,0.0,16.25,0.0,0.0,16.88,LOW,NORMAL_CUSTOMER,NO_MAJOR_RISK_SIGNAL
C001591,Patty,Green,United Kingdom,Standard,2,3106.24,2,0,2,0,22.5,45.0,1,0,0,1,45.0,0.0,0.0,0.5,1.25,0.5,30.0,27.38,MEDIUM,NORMAL_CUSTOMER,NO_MAJOR_RISK_SIGNAL
C001592,Meghan,Mccarthy,Other,Premium,3,8249.39,5,2,3,2,35.0,65.0,3,1,0,2,65.0,0.67,0.67,1.0,13.33,0.67,65.67,49.7,HIGH,FRICTION_PRONE_CUSTOMER,PERSISTENT_BEHAVIOR | REPEATED_PAYMENT_FAILURES | MULTIPLE_PROBLEMATIC_JOURNEYS
C001593,John,Graham,Saudi Arabia,Standard,1,4805.96,2,1,1,1,75.0,75.0,1,1,0,1,75.0,1.0,1.0,1.0,18.75,1.0,30.0,44.62,MEDIUM,NORMAL_CUSTOMER,HIGH_SEVERITY
C001595,Andrea,Ho,United Kingdom,Premium,1,570.74,1,0,1,0,0.0,0.0,0,0,0,0,0.0,0.0,0.0,0.0,0.0,0.0,0.0,0.0,LOW,NORMAL_CUSTOMER,NO_MAJOR_RISK_SIGNAL
C001597,Kevin,Kelly,Saudi Arabia,Standard,2,6549.25,2,0,2,0,20.0,40.0,1,0,0,1,40.0,0.0,0.0,0.5,1.25,0.5,30.0,25.38,MEDIUM,NORMAL_CUSTOMER,NO_MAJOR_RISK_SIGNAL
C001598,Amanda,Fletcher,Saudi Arabia,Premium,1,1494.79,2,1,1,1,70.0,70.0,1,1,0,1,70.0,1.0,1.0,1.0,18.75,1.0,30.0,42.62,MEDIUM,NORMAL_CUSTOMER,HIGH_SEVERITY
C001601,Shelly,Singleton,Saudi Arabia,Standard,1,1720.57,2,1,1,1,35.0,35.0,0,0,0,0,35.0,1.0,1.0,0.0,16.25,0.0,0.0,18.88,LOW,NORMAL_CUSTOMER,NO_MAJOR_RISK_SIGNAL
C001602,Eric,Camacho,United Arab Emirates,Standard,4,9983.73,6,2,4,2,37.5,60.0,4,1,0,3,60.0,0.5,0.5,1.0,10.62,0.75,81.0,51.49,HIGH,FRICTION_PRONE_CUSTOMER,PERSISTENT_BEHAVIOR | REPEATED_PAYMENT_FAILURES | MULTIPLE_PROBLEMATIC_JOURNEYS
C001603,Donna,Martinez,Saudi Arabia,VIP,1,871.95,1,0,1,0,0.0,0.0,0,0,0,0,0.0,0.0,0.0,0.0,0.0,0.0,0.0,0.0,LOW,NORMAL_CUSTOMER,NO_MAJOR_RISK_SIGNAL
C001604,Jennifer,Davis,United Arab Emirates,Premium,2,5596.93,2,0,2,0,0.0,0.0,0,0,0,0,0.0,0.0,0.0,0.0,0.0,0.0,0.0,0.0,LOW,NORMAL_CUSTOMER,NO_MAJOR_RISK_SIGNAL
C001605,Cassie,Oneill,Saudi Arabia,Premium,1,3591.61,1,0,1,0,0.0,0.0,0,0,0,0,0.0,0.0,0.0,0.0,0.0,0.0,0.0,0.0,LOW,NORMAL_CUSTOMER,NO_MAJOR_RISK_SIGNAL
C001606,Megan,White,Pakistan,Premium,4,8435.11,6,2,4,2,16.25,35.0,0,0,0,0,35.0,0.5,0.5,0.0,8.12,0.0,0.0,16.44,LOW,LOYAL_LOW_FRICTION_CUSTOMER,REPEATED_PAYMENT_FAILURES
C001608,Marcia,Hicks,United States,Standard,4,11944.58,4,0,4,0,10.0,40.0,1,0,0,1,40.0,0.0,0.0,0.25,0.62,0.25,28.0,24.59,MEDIUM,LOYAL_LOW_FRICTION_CUSTOMER,NO_MAJOR_RISK_SIGNAL
C001610,Brandon,Macdonald,Pakistan,Standard,1,2107.76,1,0,1,0,40.0,40.0,1,0,0,1,40.0,0.0,0.0,1.0,2.5,1.0,30.0,25.75,MEDIUM,NORMAL_CUSTOMER,NO_MAJOR_RISK_SIGNAL
C001611,Darlene,Willis,Other,Standard,2,7830.7,2,0,2,0,0.0,0.0,0,0,0,0,0.0,0.0,0.0,0.0,0.0,0.0,0.0,0.0,LOW,NORMAL_CUSTOMER,NO_MAJOR_RISK_SIGNAL
C001612,Barbara,Silva,United Kingdom,Premium,1,1388.24,3,2,1,2,65.0,65.0,2,1,0,1,65.0,2.0,2.0,2.0,37.5,1.0,30.0,46.25,MEDIUM,NORMAL_CUSTOMER,REPEATED_PAYMENT_FAILURES
C001614,Katie,Fox,United Arab Emirates,Standard,1,2347.88,1,0,1,0,0.0,0.0,0,0,0,0,0.0,0.0,0.0,0.0,0.0,0.0,0.0,0.0,LOW,NORMAL_CUSTOMER,NO_MAJOR_RISK_SIGNAL
C001616,Danielle,Butler,United Kingdom,Standard,1,3379.24,1,0,1,0,0.0,0.0,0,0,0,0,0.0,0.0,0.0,0.0,0.0,0.0,0.0,0.0,LOW,NORMAL_CUSTOMER,NO_MAJOR_RISK_SIGNAL
C001619,Keith,Rhodes,Pakistan,Standard,1,1209.99,1,0,1,0,0.0,0.0,0,0,0,0,0.0,0.0,0.0,0.0,0.0,0.0,0.0,0.0,LOW,NORMAL_CUSTOMER,NO_MAJOR_RISK_SIGNAL
C001620,Sue,Clay,United Kingdom,Premium,2,3085.41,2,0,2,0,0.0,0.0,0,0,0,0,0.0,0.0,0.0,0.0,0.0,0.0,0.0,0.0,LOW,NORMAL_CUSTOMER,NO_MAJOR_RISK_SIGNAL
C001621,Timothy,Johnson,United Arab Emirates,Premium,2,4438.83,3,1,2,1,37.5,75.0,1,1,0,1,75.0,0.5,0.5,0.5,9.38,0.5,30.0,41.81,MEDIUM,NORMAL_CUSTOMER,HIGH_SEVERITY
C001622,Linda,Maldonado,Saudi Arabia,Premium,1,1364.28,1,0,1,0,0.0,0.0,0,0,0,0,0.0,0.0,0.0,0.0,0.0,0.0,0.0,0.0,LOW,NORMAL_CUSTOMER,NO_MAJOR_RISK_SIGNAL
C001623,Gail,Becker,Pakistan,Standard,1,3864.05,2,1,1,1,75.0,75.0,1,1,0,1,75.0,1.0,1.0,1.0,18.75,1.0,30.0,44.62,MEDIUM,NORMAL_CUSTOMER,HIGH_SEVERITY
C001625,Charles,Garza,Saudi Arabia,Standard,1,4326.61,2,1,1,1,35.0,35.0,0,0,0,0,35.0,1.0,1.0,0.0,16.25,0.0,0.0,18.88,LOW,NORMAL_CUSTOMER,NO_MAJOR_RISK_SIGNAL
C001626,Brian,Bean,United Kingdom,Premium,5,13460.14,6,1,5,1,31.0,75.0,3,1,0,3,75.0,0.2,0.2,0.6,4.75,0.6,75.0,53.92,HIGH,FRICTION_PRONE_CUSTOMER,HIGH_SEVERITY | PERSISTENT_BEHAVIOR | MULTIPLE_PROBLEMATIC_JOURNEYS
C001628,Todd,Hernandez,Pakistan,Standard,2,5540.6,3,1,2,1,15.0,30.0,0,0,0,0,30.0,0.5,0.5,0.0,8.12,0.0,0.0,14.44,LOW,NORMAL_CUSTOMER,NO_MAJOR_RISK_SIGNAL
C001629,James,Miller,Saudi Arabia,Premium,1,1746.34,2,1,1,1,30.0,30.0,0,0,0,0,30.0,1.0,1.0,0.0,16.25,0.0,0.0,16.88,LOW,NORMAL_CUSTOMER,NO_MAJOR_RISK_SIGNAL
C001630,Catherine,Rivas,United Arab Emirates,Standard,4,10592.88,5,1,4,1,28.75,45.0,2,0,0,2,45.0,0.25,0.25,0.5,5.31,0.5,59.0,37.29,MEDIUM,NORMAL_CUSTOMER,PERSISTENT_BEHAVIOR | MULTIPLE_PROBLEMATIC_JOURNEYS
C001631,Larry,Keller,United States,Standard,2,4079.23,2,0,2,0,0.0,0.0,0,0,0,0,0.0,0.0,0.0,0.0,0.0,0.0,0.0,0.0,LOW,NORMAL_CUSTOMER,NO_MAJOR_RISK_SIGNAL
C001632,Jennifer,Gibson,United Arab Emirates,Premium,1,2289.58,1,0,1,0,40.0,40.0,1,0,0,1,40.0,0.0,0.0,1.0,2.5,1.0,30.0,25.75,MEDIUM,NORMAL_CUSTOMER,NO_MAJOR_RISK_SIGNAL
C001633,Jessica,Moses,United Kingdom,Premium,1,4074.8,2,1,1,1,70.0,70.0,1,1,0,1,70.0,1.0,1.0,1.0,18.75,1.0,30.0,42.62,MEDIUM,NORMAL_CUSTOMER,HIGH_SEVERITY
C001634,Michelle,Wheeler,United States,Standard,3,9430.75,3,0,3,0,0.0,0.0,0,0,0,0,0.0,0.0,0.0,0.0,0.0,0.0,0.0,0.0,LOW,LOYAL_LOW_FRICTION_CUSTOMER,NO_MAJOR_RISK_SIGNAL
C001636,David,Booker,Saudi Arabia,Standard,3,5994.09,4,1,3,1,11.67,35.0,0,0,0,0,35.0,0.33,0.33,0.0,5.42,0.0,0.0,15.63,LOW,LOYAL_LOW_FRICTION_CUSTOMER,NO_MAJOR_RISK_SIGNAL
C001637,Mitchell,Douglas,United Arab Emirates,Standard,5,9556.5,5,0,5,0,0.0,0.0,0,0,0,0,0.0,0.0,0.0,0.0,0.0,0.0,0.0,0.0,LOW,LOYAL_LOW_FRICTION_CUSTOMER,NO_MAJOR_RISK_SIGNAL
C001638,Anna,Tapia,Saudi Arabia,Premium,3,3916.47,7,4,3,4,55.0,100.0,5,2,1,2,100.0,1.33,1.33,1.67,25.83,0.67,65.67,67.45,HIGH,FRICTION_PRONE_CUSTOMER,HIGH_SEVERITY | PERSISTENT_BEHAVIOR | REPEATED_PAYMENT_FAILURES | MULTIPLE_PROBLEMATIC_JOURNEYS | CRITICAL_JOURNEY
C001639,Luis,Nguyen,Other,Standard,2,4327.73,2,0,2,0,0.0,0.0,0,0,0,0,0.0,0.0,0.0,0.0,0.0,0.0,0.0,0.0,LOW,NORMAL_CUSTOMER,NO_MAJOR_RISK_SIGNAL
C001640,Steven,Dennis,Other,Standard,2,4693.3,3,1,2,1,37.5,40.0,1,0,0,1,40.0,0.5,0.5,0.5,9.38,0.5,30.0,27.81,MEDIUM,NORMAL_CUSTOMER,NO_MAJOR_RISK_SIGNAL
C001641,Joseph,Navarro,Pakistan,Standard,2,8460.15,2,0,2,0,40.0,40.0,2,0,0,2,40.0,0.0,0.0,1.0,2.5,1.0,79.0,40.45,MEDIUM,NORMAL_CUSTOMER,PERSISTENT_BEHAVIOR | MULTIPLE_PROBLEMATIC_JOURNEYS
C001642,John,Bernard,United States,VIP,2,5999.96,4,2,2,2,32.5,35.0,0,0,0,0,35.0,1.0,1.0,0.0,16.25,0.0,0.0,18.88,LOW,NORMAL_CUSTOMER,REPEATED_PAYMENT_FAILURES
C001645,Patrick,Williams,Saudi Arabia,Standard,3,9267.37,3,0,3,0,0.0,0.0,0,0,0,0,0.0,0.0,0.0,0.0,0.0,0.0,0.0,0.0,LOW,LOYAL_LOW_FRICTION_CUSTOMER,NO_MAJOR_RISK_SIGNAL
C001646,Christina,Schneider,United States,Premium,3,10795.25,3,0,3,0,13.33,40.0,1,0,0,1,40.0,0.0,0.0,0.33,0.83,0.33,30.0,25.25,MEDIUM,LOYAL_LOW_FRICTION_CUSTOMER,NO_MAJOR_RISK_SIGNAL
C001647,John,Morris,Saudi Arabia,Standard,2,6316.44,3,1,2,1,15.0,30.0,0,0,0,0,30.0,0.5,0.5,0.0,8.12,0.0,0.0,14.44,LOW,NORMAL_CUSTOMER,NO_MAJOR_RISK_SIGNAL
C001648,Michelle,Brown,United States,Standard,2,6189.91,2,0,2,0,0.0,0.0,0,0,0,0,0.0,0.0,0.0,0.0,0.0,0.0,0.0,0.0,LOW,NORMAL_CUSTOMER,NO_MAJOR_RISK_SIGNAL
C001649,Erik,Jones,United States,VIP,1,2461.22,1,0,1,0,0.0,0.0,0,0,0,0,0.0,0.0,0.0,0.0,0.0,0.0,0.0,0.0,LOW,NORMAL_CUSTOMER,NO_MAJOR_RISK_SIGNAL
C001650,Mark,Crane,United Kingdom,Standard,1,601.87,3,2,1,2,65.0,65.0,2,1,0,1,65.0,2.0,2.0,2.0,37.5,1.0,30.0,46.25,MEDIUM,NORMAL_CUSTOMER,REPEATED_PAYMENT_FAILURES
C001652,Larry,Ross,United Arab Emirates,Standard,1,1226.94,1,0,1,0,0.0,0.0,0,0,0,0,0.0,0.0,0.0,0.0,0.0,0.0,0.0,0.0,LOW,NORMAL_CUSTOMER,NO_MAJOR_RISK_SIGNAL
C001653,Kathryn,Thompson,Saudi Arabia,Standard,1,1020.16,1,0,1,0,40.0,40.0,1,0,0,1,40.0,0.0,0.0,1.0,2.5,1.0,30.0,25.75,MEDIUM,NORMAL_CUSTOMER,NO_MAJOR_RISK_SIGNAL
C001654,Tyrone,Hanna,United Arab Emirates,Standard,1,3301.73,3,2,1,2,60.0,60.0,2,1,0,1,60.0,2.0,2.0,2.0,37.5,1.0,30.0,44.25,MEDIUM,NORMAL_CUSTOMER,REPEATED_PAYMENT_FAILURES
C001655,Xavier,Glenn,Saudi Arabia,Premium,1,2621.43,1,0,1,0,0.0,0.0,0,0,0,0,0.0,0.0,0.0,0.0,0.0,0.0,0.0,0.0,LOW,NORMAL_CUSTOMER,NO_MAJOR_RISK_SIGNAL
C001656,Victor,Davis,Other,Standard,1,1384.61,1,0,1,0,0.0,0.0,0,0,0,0,0.0,0.0,0.0,0.0,0.0,0.0,0.0,0.0,LOW,NORMAL_CUSTOMER,NO_MAJOR_RISK_SIGNAL
C001657,Kyle,Phelps,Pakistan,Standard,1,2070.68,3,2,1,2,100.0,100.0,3,1,1,1,100.0,2.0,2.0,3.0,40.0,1.0,30.0,61.0,HIGH,FRICTION_PRONE_CUSTOMER,HIGH_SEVERITY | REPEATED_PAYMENT_FAILURES | CRITICAL_JOURNEY
C001658,Andrew,Martin,United Arab Emirates,Premium,1,4404.83,1,0,1,0,40.0,40.0,1,0,0,1,40.0,0.0,0.0,1.0,2.5,1.0,30.0,25.75,MEDIUM,NORMAL_CUSTOMER,NO_MAJOR_RISK_SIGNAL
C001659,Sierra,Chan,United Arab Emirates,VIP,2,3882.29,3,1,2,1,17.5,35.0,0,0,0,0,35.0,0.5,0.5,0.0,8.12,0.0,0.0,16.44,LOW,NORMAL_CUSTOMER,NO_MAJOR_RISK_SIGNAL
C001661,Tammy,Goodwin,Pakistan,Standard,1,4400.53,3,2,1,2,65.0,65.0,3,1,0,1,65.0,2.0,2.0,3.0,40.0,1.0,30.0,47.0,MEDIUM,NORMAL_CUSTOMER,REPEATED_PAYMENT_FAILURES
C001662,Jason,Valdez,Pakistan,Standard,1,3769.87,1,0,1,0,40.0,40.0,1,0,0,1,40.0,0.0,0.0,1.0,2.5,1.0,30.0,25.75,MEDIUM,NORMAL_CUSTOMER,NO_MAJOR_RISK_SIGNAL
C001664,Brent,Henry,United Arab Emirates,Standard,1,1687.03,2,1,1,1,35.0,35.0,0,0,0,0,35.0,1.0,1.0,0.0,16.25,0.0,0.0,18.88,LOW,NORMAL_CUSTOMER,NO_MAJOR_RISK_SIGNAL
C001665,Troy,Reynolds,Other,Standard,2,4188.83,4,2,2,2,50.0,100.0,3,1,1,1,100.0,1.0,1.0,1.5,20.0,0.5,30.0,55.0,HIGH,FRICTION_PRONE_CUSTOMER,HIGH_SEVERITY | REPEATED_PAYMENT_FAILURES | CRITICAL_JOURNEY
C001667,Destiny,Collins,Saudi Arabia,Standard,2,5889.65,3,1,2,1,37.5,75.0,1,1,0,1,75.0,0.5,0.5,0.5,9.38,0.5,30.0,41.81,MEDIUM,NORMAL_CUSTOMER,HIGH_SEVERITY
C001668,Thomas,Cohen,Other,Standard,2,4835.4,2,0,2,0,0.0,0.0,0,0,0,0,0.0,0.0,0.0,0.0,0.0,0.0,0.0,0.0,LOW,NORMAL_CUSTOMER,NO_MAJOR_RISK_SIGNAL
C001669,Amanda,Anderson,Saudi Arabia,Standard,2,8920.1,3,1,2,1,17.5,35.0,0,0,0,0,35.0,0.5,0.5,0.0,8.12,0.0,0.0,16.44,LOW,NORMAL_CUSTOMER,NO_MAJOR_RISK_SIGNAL
C001673,Jessica,Burns,Other,Standard,1,1272.95,1,0,1,0,40.0,40.0,1,0,0,1,40.0,0.0,0.0,1.0,2.5,1.0,30.0,25.75,MEDIUM,NORMAL_CUSTOMER,NO_MAJOR_RISK_SIGNAL
C001674,Kathryn,Mcclure,United States,Standard,5,8655.51,6,1,5,1,6.0,30.0,0,0,0,0,30.0,0.2,0.2,0.0,3.25,0.0,0.0,12.98,LOW,LOYAL_LOW_FRICTION_CUSTOMER,NO_MAJOR_RISK_SIGNAL
C001675,Michael,Alvarez,United States,Premium,3,5836.95,3,0,3,0,0.0,0.0,0,0,0,0,0.0,0.0,0.0,0.0,0.0,0.0,0.0,0.0,LOW,LOYAL_LOW_FRICTION_CUSTOMER,NO_MAJOR_RISK_SIGNAL
C001676,Richard,Hart,United Arab Emirates,Standard,2,7176.86,2,0,2,0,0.0,0.0,0,0,0,0,0.0,0.0,0.0,0.0,0.0,0.0,0.0,0.0,LOW,NORMAL_CUSTOMER,NO_MAJOR_RISK_SIGNAL
C001677,Ashley,Henderson,Saudi Arabia,Standard,1,4818.44,1,0,1,0,0.0,0.0,0,0,0,0,0.0,0.0,0.0,0.0,0.0,0.0,0.0,0.0,LOW,NORMAL_CUSTOMER,NO_MAJOR_RISK_SIGNAL
C001678,James,Avila,United Arab Emirates,Standard,1,2537.08,1,0,1,0,0.0,0.0,0,0,0,0,0.0,0.0,0.0,0.0,0.0,0.0,0.0,0.0,LOW,NORMAL_CUSTOMER,NO_MAJOR_RISK_SIGNAL
C001679,Angela,Shepherd,Saudi Arabia,Standard,3,7852.2,5,2,3,2,35.0,45.0,1,0,0,1,45.0,0.67,0.67,0.33,11.67,0.33,30.0,30.5,MEDIUM,NORMAL_CUSTOMER,REPEATED_PAYMENT_FAILURES
C001680,Charles,Austin,United Kingdom,Premium,2,5728.03,2,0,2,0,0.0,0.0,0,0,0,0,0.0,0.0,0.0,0.0,0.0,0.0,0.0,0.0,LOW,NORMAL_CUSTOMER,NO_MAJOR_RISK_SIGNAL
C001681,William,Hamilton,United Arab Emirates,Standard,2,1955.18,3,1,2,1,17.5,35.0,0,0,0,0,35.0,0.5,0.5,0.0,8.12,0.0,0.0,16.44,LOW,NORMAL_CUSTOMER,NO_MAJOR_RISK_SIGNAL
C001682,Kathy,Simmons,Other,Standard,3,8092.73,3,0,3,0,0.0,0.0,0,0,0,0,0.0,0.0,0.0,0.0,0.0,0.0,0.0,0.0,LOW,LOYAL_LOW_FRICTION_CUSTOMER,NO_MAJOR_RISK_SIGNAL
C001683,Joshua,Williams,Pakistan,Standard,3,8329.31,3,0,3,0,13.33,40.0,1,0,0,1,40.0,0.0,0.0,0.33,0.83,0.33,30.0,25.25,MEDIUM,LOYAL_LOW_FRICTION_CUSTOMER,NO_MAJOR_RISK_SIGNAL
C001686,David,Walker,Other,Standard,1,4189.07,1,0,1,0,0.0,0.0,0,0,0,0,0.0,0.0,0.0,0.0,0.0,0.0,0.0,0.0,LOW,NORMAL_CUSTOMER,NO_MAJOR_RISK_SIGNAL
C001687,Theresa,Parks,Other,Standard,2,4789.38,2,0,2,0,20.0,40.0,1,0,0,1,40.0,0.0,0.0,0.5,1.25,0.5,30.0,25.38,MEDIUM,NORMAL_CUSTOMER,NO_MAJOR_RISK_SIGNAL
C001688,Phillip,Moore,United Arab Emirates,VIP,4,11158.06,5,1,4,1,8.75,35.0,0,0,0,0,35.0,0.25,0.25,0.0,4.06,0.0,0.0,15.22,LOW,LOYAL_LOW_FRICTION_CUSTOMER,NO_MAJOR_RISK_SIGNAL
C001690,Matthew,Soto,United States,Standard,2,7538.33,4,2,2,2,32.5,65.0,2,1,0,1,65.0,1.0,1.0,1.0,18.75,0.5,30.0,40.62,MEDIUM,NORMAL_CUSTOMER,REPEATED_PAYMENT_FAILURES
C001691,Sheila,Warren,Saudi Arabia,Standard,2,7635.18,2,0,2,0,22.5,45.0,1,0,0,1,45.0,0.0,0.0,0.5,1.25,0.5,30.0,27.38,MEDIUM,NORMAL_CUSTOMER,NO_MAJOR_RISK_SIGNAL
C001693,James,Kim,United Arab Emirates,Standard,1,1176.64,1,0,1,0,0.0,0.0,0,0,0,0,0.0,0.0,0.0,0.0,0.0,0.0,0.0,0.0,LOW,NORMAL_CUSTOMER,NO_MAJOR_RISK_SIGNAL
C001694,William,Solomon,Saudi Arabia,Standard,3,9944.68,3,0,3,0,13.33,40.0,1,0,0,1,40.0,0.0,0.0,0.33,0.83,0.33,30.0,25.25,MEDIUM,LOYAL_LOW_FRICTION_CUSTOMER,NO_MAJOR_RISK_SIGNAL
C001695,Vincent,Woods,United Arab Emirates,Standard,1,1893.47,1,0,1,0,0.0,0.0,0,0,0,0,0.0,0.0,0.0,0.0,0.0,0.0,0.0,0.0,LOW,NORMAL_CUSTOMER,NO_MAJOR_RISK_SIGNAL
C001696,Brandon,Hernandez,Saudi Arabia,Premium,1,1305.69,1,0,1,0,0.0,0.0,0,0,0,0,0.0,0.0,0.0,0.0,0.0,0.0,0.0,0.0,LOW,NORMAL_CUSTOMER,NO_MAJOR_RISK_SIGNAL
C001697,Derrick,Anderson,Saudi Arabia,Standard,2,6351.7,2,0,2,0,0.0,0.0,0,0,0,0,0.0,0.0,0.0,0.0,0.0,0.0,0.0,0.0,LOW,NORMAL_CUSTOMER,NO_MAJOR_RISK_SIGNAL
C001698,Mason,Leach,Saudi Arabia,Premium,1,966.15,1,0,1,0,0.0,0.0,0,0,0,0,0.0,0.0,0.0,0.0,0.0,0.0,0.0,0.0,LOW,NORMAL_CUSTOMER,NO_MAJOR_RISK_SIGNAL
C001699,Thomas,Skinner,Other,Standard,2,2197.23,2,0,2,0,0.0,0.0,0,0,0,0,0.0,0.0,0.0,0.0,0.0,0.0,0.0,0.0,LOW,NORMAL_CUSTOMER,NO_MAJOR_RISK_SIGNAL
C001701,Catherine,Phillips,Other,Standard,1,4323.68,1,0,1,0,0.0,0.0,0,0,0,0,0.0,0.0,0.0,0.0,0.0,0.0,0.0,0.0,LOW,NORMAL_CUSTOMER,NO_MAJOR_RISK_SIGNAL
C001703,Mark,Jones,United Arab Emirates,Standard,1,3707.99,1,0,1,0,0.0,0.0,0,0,0,0,0.0,0.0,0.0,0.0,0.0,0.0,0.0,0.0,LOW,NORMAL_CUSTOMER,NO_MAJOR_RISK_SIGNAL
C001705,Francisco,Rodriguez,United Arab Emirates,Premium,2,6272.31,3,1,2,1,35.0,40.0,1,0,0,1,40.0,0.5,0.5,0.5,9.38,0.5,30.0,27.81,MEDIUM,NORMAL_CUSTOMER,NO_MAJOR_RISK_SIGNAL
C001706,Vicki,Coleman,Saudi Arabia,Standard,1,4659.83,1,0,1,0,0.0,0.0,0,0,0,0,0.0,0.0,0.0,0.0,0.0,0.0,0.0,0.0,LOW,NORMAL_CUSTOMER,NO_MAJOR_RISK_SIGNAL
C001707,Jodi,Davis,Pakistan,Standard,2,5526.7,3,1,2,1,15.0,30.0,0,0,0,0,30.0,0.5,0.5,0.0,8.12,0.0,0.0,14.44,LOW,NORMAL_CUSTOMER,NO_MAJOR_RISK_SIGNAL
C001708,Kevin,Guerrero,Saudi Arabia,Standard,1,4583.62,1,0,1,0,0.0,0.0,0,0,0,0,0.0,0.0,0.0,0.0,0.0,0.0,0.0,0.0,LOW,NORMAL_CUSTOMER,NO_MAJOR_RISK_SIGNAL
C001709,Matthew,Carroll,Pakistan,Premium,4,14402.35,5,1,4,1,27.5,40.0,2,0,0,2,40.0,0.25,0.25,0.5,5.31,0.5,59.0,35.29,MEDIUM,NORMAL_CUSTOMER,PERSISTENT_BEHAVIOR | MULTIPLE_PROBLEMATIC_JOURNEYS
C001710,Maria,King,United Kingdom,Standard,1,3661.22,2,1,1,1,35.0,35.0,0,0,0,0,35.0,1.0,1.0,0.0,16.25,0.0,0.0,18.88,LOW,NORMAL_CUSTOMER,NO_MAJOR_RISK_SIGNAL
C001712,Jeanne,Miller,Saudi Arabia,Standard,4,15161.53,6,2,4,2,26.25,65.0,3,1,0,2,65.0,0.5,0.5,0.75,10.0,0.5,59.0,46.7,MEDIUM,NORMAL_CUSTOMER,PERSISTENT_BEHAVIOR | REPEATED_PAYMENT_FAILURES | MULTIPLE_PROBLEMATIC_JOURNEYS
C001713,Kevin,Gordon,United States,Standard,1,3224.59,1,0,1,0,0.0,0.0,0,0,0,0,0.0,0.0,0.0,0.0,0.0,0.0,0.0,0.0,LOW,NORMAL_CUSTOMER,NO_MAJOR_RISK_SIGNAL
C001714,Lisa,Wilson,United Arab Emirates,Premium,1,1559.72,1,0,1,0,40.0,40.0,1,0,0,1,40.0,0.0,0.0,1.0,2.5,1.0,30.0,25.75,MEDIUM,NORMAL_CUSTOMER,NO_MAJOR_RISK_SIGNAL
C001715,Micheal,Stanley,Saudi Arabia,Standard,1,3199.32,1,0,1,0,0.0,0.0,0,0,0,0,0.0,0.0,0.0,0.0,0.0,0.0,0.0,0.0,LOW,NORMAL_CUSTOMER,NO_MAJOR_RISK_SIGNAL
C001716,Emily,White,Other,Standard,2,5479.47,4,2,2,2,32.5,65.0,2,1,0,1,65.0,1.0,1.0,1.0,18.75,0.5,30.0,40.62,MEDIUM,NORMAL_CUSTOMER,REPEATED_PAYMENT_FAILURES
C001717,Tina,White,Saudi Arabia,Standard,5,12774.84,9,4,5,4,33.0,65.0,5,2,0,3,65.0,0.8,0.8,1.0,15.5,0.6,75.0,53.15,HIGH,FRICTION_PRONE_CUSTOMER,PERSISTENT_BEHAVIOR | REPEATED_PAYMENT_FAILURES | MULTIPLE_PROBLEMATIC_JOURNEYS
C001718,Brandy,Long,United Kingdom,Standard,3,8890.48,4,1,3,1,11.67,35.0,0,0,0,0,35.0,0.33,0.33,0.0,5.42,0.0,0.0,15.63,LOW,LOYAL_LOW_FRICTION_CUSTOMER,NO_MAJOR_RISK_SIGNAL
C001720,Jessica,Mcdowell,Saudi Arabia,Standard,3,11126.17,6,3,3,3,30.0,60.0,2,1,0,1,60.0,1.0,1.0,0.67,17.92,0.33,30.0,38.38,MEDIUM,NORMAL_CUSTOMER,REPEATED_PAYMENT_FAILURES
C001722,Anthony,Matthews,Saudi Arabia,Standard,1,863.42,1,0,1,0,45.0,45.0,1,0,0,1,45.0,0.0,0.0,1.0,2.5,1.0,30.0,27.75,MEDIUM,NORMAL_CUSTOMER,NO_MAJOR_RISK_SIGNAL
C001723,Thomas,Gibson,United Arab Emirates,Standard,1,2726.99,1,0,1,0,0.0,0.0,0,0,0,0,0.0,0.0,0.0,0.0,0.0,0.0,0.0,0.0,LOW,NORMAL_CUSTOMER,NO_MAJOR_RISK_SIGNAL
C001724,Tammy,Santiago,Saudi Arabia,Standard,2,6898.25,2,0,2,0,0.0,0.0,0,0,0,0,0.0,0.0,0.0,0.0,0.0,0.0,0.0,0.0,LOW,NORMAL_CUSTOMER,NO_MAJOR_RISK_SIGNAL
C001725,Krista,Hanson,United Kingdom,Standard,6,18603.09,10,4,6,4,27.5,100.0,3,1,1,1,100.0,0.67,0.67,0.5,12.08,0.17,24.67,51.03,HIGH,FRICTION_PRONE_CUSTOMER,HIGH_SEVERITY | REPEATED_PAYMENT_FAILURES | CRITICAL_JOURNEY
C001726,Kimberly,Baker,Saudi Arabia,Premium,2,3923.52,2,0,2,0,0.0,0.0,0,0,0,0,0.0,0.0,0.0,0.0,0.0,0.0,0.0,0.0,LOW,NORMAL_CUSTOMER,NO_MAJOR_RISK_SIGNAL
C001727,Becky,Levy,Pakistan,Premium,2,8180.83,3,1,2,1,15.0,30.0,0,0,0,0,30.0,0.5,0.5,0.0,8.12,0.0,0.0,14.44,LOW,NORMAL_CUSTOMER,NO_MAJOR_RISK_SIGNAL
C001728,Jennifer,Savage,Other,Standard,1,4073.02,1,0,1,0,0.0,0.0,0,0,0,0,0.0,0.0,0.0,0.0,0.0,0.0,0.0,0.0,LOW,NORMAL_CUSTOMER,NO_MAJOR_RISK_SIGNAL
C001734,Dylan,Rodriguez,United Arab Emirates,Standard,3,8406.38,4,1,3,1,25.0,40.0,1,0,0,1,40.0,0.33,0.33,0.33,6.25,0.33,30.0,26.88,MEDIUM,LOYAL_LOW_FRICTION_CUSTOMER,NO_MAJOR_RISK_SIGNAL
C001735,Erin,Ferguson,Saudi Arabia,Standard,1,768.95,1,0,1,0,0.0,0.0,0,0,0,0,0.0,0.0,0.0,0.0,0.0,0.0,0.0,0.0,LOW,NORMAL_CUSTOMER,NO_MAJOR_RISK_SIGNAL
C001736,Anthony,Smith,Other,Standard,2,4884.23,3,1,2,1,17.5,35.0,0,0,0,0,35.0,0.5,0.5,0.0,8.12,0.0,0.0,16.44,LOW,NORMAL_CUSTOMER,NO_MAJOR_RISK_SIGNAL
C001737,Stacy,Wilson,United Arab Emirates,Premium,3,4526.37,5,2,3,2,48.33,100.0,4,1,1,2,100.0,0.67,0.67,1.33,14.17,0.67,65.67,63.95,HIGH,FRICTION_PRONE_CUSTOMER,HIGH_SEVERITY | PERSISTENT_BEHAVIOR | REPEATED_PAYMENT_FAILURES | MULTIPLE_PROBLEMATIC_JOURNEYS | CRITICAL_JOURNEY
C001738,Daniel,Jackson,Saudi Arabia,Standard,1,3900.63,2,1,1,1,30.0,30.0,0,0,0,0,30.0,1.0,1.0,0.0,16.25,0.0,0.0,16.88,LOW,NORMAL_CUSTOMER,NO_MAJOR_RISK_SIGNAL
C001739,Andrew,Woods,United Arab Emirates,Premium,2,8075.59,2,0,2,0,0.0,0.0,0,0,0,0,0.0,0.0,0.0,0.0,0.0,0.0,0.0,0.0,LOW,NORMAL_CUSTOMER,NO_MAJOR_RISK_SIGNAL
C001743,Robert,Guzman,United States,Standard,2,8190.15,2,0,2,0,0.0,0.0,0,0,0,0,0.0,0.0,0.0,0.0,0.0,0.0,0.0,0.0,LOW,NORMAL_CUSTOMER,NO_MAJOR_RISK_SIGNAL
C001749,Devin,Vaughn,United States,Standard,1,642.32,1,0,1,0,0.0,0.0,0,0,0,0,0.0,0.0,0.0,0.0,0.0,0.0,0.0,0.0,LOW,NORMAL_CUSTOMER,NO_MAJOR_RISK_SIGNAL
C001750,Jared,Foster,Saudi Arabia,VIP,3,6919.65,3,0,3,0,13.33,40.0,1,0,0,1,40.0,0.0,0.0,0.33,0.83,0.33,30.0,25.25,MEDIUM,LOYAL_LOW_FRICTION_CUSTOMER,NO_MAJOR_RISK_SIGNAL
C001751,Mark,Turner,Pakistan,Standard,2,9500.63,3,1,2,1,15.0,30.0,0,0,0,0,30.0,0.5,0.5,0.0,8.12,0.0,0.0,14.44,LOW,NORMAL_CUSTOMER,NO_MAJOR_RISK_SIGNAL
C001752,Eileen,Martinez,Saudi Arabia,Standard,4,16165.02,4,0,4,0,20.0,40.0,2,0,0,2,40.0,0.0,0.0,0.5,1.25,0.5,59.0,34.08,MEDIUM,NORMAL_CUSTOMER,PERSISTENT_BEHAVIOR | MULTIPLE_PROBLEMATIC_JOURNEYS
C001753,Alicia,Smith,Saudi Arabia,Premium,2,8706.22,3,1,2,1,15.0,30.0,0,0,0,0,30.0,0.5,0.5,0.0,8.12,0.0,0.0,14.44,LOW,NORMAL_CUSTOMER,NO_MAJOR_RISK_SIGNAL
C001754,Lee,Rodriguez,Saudi Arabia,Standard,3,10874.0,3,0,3,0,13.33,40.0,1,0,0,1,40.0,0.0,0.0,0.33,0.83,0.33,30.0,25.25,MEDIUM,LOYAL_LOW_FRICTION_CUSTOMER,NO_MAJOR_RISK_SIGNAL
C001755,Glen,Smith,Other,Standard,1,1527.28,1,0,1,0,0.0,0.0,0,0,0,0,0.0,0.0,0.0,0.0,0.0,0.0,0.0,0.0,LOW,NORMAL_CUSTOMER,NO_MAJOR_RISK_SIGNAL
C001756,Rhonda,Waller,United States,Standard,2,6813.61,4,2,2,2,55.0,65.0,3,1,0,2,65.0,1.0,1.0,1.5,20.0,1.0,79.0,55.7,HIGH,FRICTION_PRONE_CUSTOMER,PERSISTENT_BEHAVIOR | REPEATED_PAYMENT_FAILURES | MULTIPLE_PROBLEMATIC_JOURNEYS
C001757,Matthew,Trevino,Other,Standard,1,939.86,2,1,1,1,30.0,30.0,0,0,0,0,30.0,1.0,1.0,0.0,16.25,0.0,0.0,16.88,LOW,NORMAL_CUSTOMER,NO_MAJOR_RISK_SIGNAL
C001758,Michael,Clark,United Arab Emirates,VIP,4,13715.29,6,2,4,2,27.5,40.0,1,0,0,1,40.0,0.5,0.5,0.25,8.75,0.25,28.0,27.02,MEDIUM,LOYAL_LOW_FRICTION_CUSTOMER,REPEATED_PAYMENT_FAILURES
C001760,Jennifer,Santos,Pakistan,Standard,4,12508.01,6,2,4,2,38.75,65.0,4,1,0,3,65.0,0.5,0.5,1.0,10.62,0.75,81.0,53.49,HIGH,FRICTION_PRONE_CUSTOMER,PERSISTENT_BEHAVIOR | REPEATED_PAYMENT_FAILURES | MULTIPLE_PROBLEMATIC_JOURNEYS
C001761,Dawn,Graham,United Arab Emirates,Standard,1,1322.17,1,0,1,0,0.0,0.0,0,0,0,0,0.0,0.0,0.0,0.0,0.0,0.0,0.0,0.0,LOW,NORMAL_CUSTOMER,NO_MAJOR_RISK_SIGNAL
C001762,Heather,Garrett,United States,Standard,2,5826.94,4,2,2,2,52.5,75.0,1,1,0,1,75.0,1.0,1.0,0.5,17.5,0.5,30.0,44.25,MEDIUM,NORMAL_CUSTOMER,HIGH_SEVERITY | REPEATED_PAYMENT_FAILURES
C001763,Chelsea,Tyler,Saudi Arabia,Standard,2,5393.88,2,0,2,0,0.0,0.0,0,0,0,0,0.0,0.0,0.0,0.0,0.0,0.0,0.0,0.0,LOW,NORMAL_CUSTOMER,NO_MAJOR_RISK_SIGNAL
C001764,James,Lee,United Arab Emirates,Standard,1,2822.51,2,1,1,1,75.0,75.0,1,1,0,1,75.0,1.0,1.0,1.0,18.75,1.0,30.0,44.62,MEDIUM,NORMAL_CUSTOMER,HIGH_SEVERITY
C001765,John,Turner,Saudi Arabia,Premium,3,7717.3,7,4,3,4,66.67,100.0,6,2,2,2,100.0,1.33,1.33,2.0,26.67,0.67,65.67,67.7,HIGH,FRICTION_PRONE_CUSTOMER,HIGH_SEVERITY | PERSISTENT_BEHAVIOR | REPEATED_PAYMENT_FAILURES | MULTIPLE_PROBLEMATIC_JOURNEYS | CRITICAL_JOURNEY
C001766,Angela,Ford,United Arab Emirates,Standard,1,3543.06,2,1,1,1,35.0,35.0,0,0,0,0,35.0,1.0,1.0,0.0,16.25,0.0,0.0,18.88,LOW,NORMAL_CUSTOMER,NO_MAJOR_RISK_SIGNAL
C001767,Jeffrey,Wells,United Kingdom,Standard,1,3338.79,1,0,1,0,0.0,0.0,0,0,0,0,0.0,0.0,0.0,0.0,0.0,0.0,0.0,0.0,LOW,NORMAL_CUSTOMER,NO_MAJOR_RISK_SIGNAL
C001768,Teresa,Johnson,United Arab Emirates,Standard,3,8931.24,4,1,3,1,38.33,40.0,2,0,0,2,40.0,0.33,0.33,0.67,7.08,0.67,65.67,37.83,MEDIUM,NORMAL_CUSTOMER,PERSISTENT_BEHAVIOR | MULTIPLE_PROBLEMATIC_JOURNEYS
C001770,Keith,Hernandez,United Arab Emirates,Standard,1,4240.2,1,0,1,0,0.0,0.0,0,0,0,0,0.0,0.0,0.0,0.0,0.0,0.0,0.0,0.0,LOW,NORMAL_CUSTOMER,NO_MAJOR_RISK_SIGNAL
C001771,Jared,Park,United Arab Emirates,Standard,1,3821.85,1,0,1,0,0.0,0.0,0,0,0,0,0.0,0.0,0.0,0.0,0.0,0.0,0.0,0.0,LOW,NORMAL_CUSTOMER,NO_MAJOR_RISK_SIGNAL
C001772,Janet,Maynard,United States,Standard,2,3592.97,2,0,2,0,0.0,0.0,0,0,0,0,0.0,0.0,0.0,0.0,0.0,0.0,0.0,0.0,LOW,NORMAL_CUSTOMER,NO_MAJOR_RISK_SIGNAL
C001773,Logan,Ruiz,Other,Standard,2,3633.25,2,0,2,0,0.0,0.0,0,0,0,0,0.0,0.0,0.0,0.0,0.0,0.0,0.0,0.0,LOW,NORMAL_CUSTOMER,NO_MAJOR_RISK_SIGNAL
C001774,Michael,Heath,Other,Standard,2,8341.77,2,0,2,0,20.0,40.0,1,0,0,1,40.0,0.0,0.0,0.5,1.25,0.5,30.0,25.38,MEDIUM,NORMAL_CUSTOMER,NO_MAJOR_RISK_SIGNAL
C001775,Sarah,Richards,United States,Standard,1,4654.27,1,0,1,0,0.0,0.0,0,0,0,0,0.0,0.0,0.0,0.0,0.0,0.0,0.0,0.0,LOW,NORMAL_CUSTOMER,NO_MAJOR_RISK_SIGNAL
C001777,Joshua,Hudson,United Kingdom,Premium,3,11737.65,3,0,3,0,13.33,40.0,1,0,0,1,40.0,0.0,0.0,0.33,0.83,0.33,30.0,25.25,MEDIUM,LOYAL_LOW_FRICTION_CUSTOMER,NO_MAJOR_RISK_SIGNAL
C001778,David,Bass,United Arab Emirates,Standard,3,7328.73,3,0,3,0,13.33,40.0,1,0,0,1,40.0,0.0,0.0,0.33,0.83,0.33,30.0,25.25,MEDIUM,LOYAL_LOW_FRICTION_CUSTOMER,NO_MAJOR_RISK_SIGNAL
C001779,Erica,Williams,Saudi Arabia,Premium,1,4344.01,1,0,1,0,0.0,0.0,0,0,0,0,0.0,0.0,0.0,0.0,0.0,0.0,0.0,0.0,LOW,NORMAL_CUSTOMER,NO_MAJOR_RISK_SIGNAL
C001780,Noah,Smith,United States,Standard,3,9875.93,7,4,3,4,56.67,70.0,3,2,0,2,70.0,1.33,1.33,1.0,24.17,0.67,65.67,54.95,HIGH,FRICTION_PRONE_CUSTOMER,HIGH_SEVERITY | PERSISTENT_BEHAVIOR | REPEATED_PAYMENT_FAILURES | MULTIPLE_PROBLEMATIC_JOURNEYS
C001782,Loretta,Marquez,Other,Standard,3,5920.08,3,0,3,0,0.0,0.0,0,0,0,0,0.0,0.0,0.0,0.0,0.0,0.0,0.0,0.0,LOW,LOYAL_LOW_FRICTION_CUSTOMER,NO_MAJOR_RISK_SIGNAL
C001783,Stephanie,Petty,United Arab Emirates,Standard,2,5932.87,4,2,2,2,50.0,100.0,3,1,1,1,100.0,1.0,1.0,1.5,20.0,0.5,30.0,55.0,HIGH,FRICTION_PRONE_CUSTOMER,HIGH_SEVERITY | REPEATED_PAYMENT_FAILURES | CRITICAL_JOURNEY
C001785,Kelly,Mclaughlin,United Kingdom,Standard,1,4747.54,1,0,1,0,40.0,40.0,1,0,0,1,40.0,0.0,0.0,1.0,2.5,1.0,30.0,25.75,MEDIUM,NORMAL_CUSTOMER,NO_MAJOR_RISK_SIGNAL
C001786,Keith,Larson,Other,Standard,1,1042.36,1,0,1,0,40.0,40.0,1,0,0,1,40.0,0.0,0.0,1.0,2.5,1.0,30.0,25.75,MEDIUM,NORMAL_CUSTOMER,NO_MAJOR_RISK_SIGNAL
C001788,Michael,Roberts,Pakistan,Standard,2,7113.33,3,1,2,1,60.0,75.0,2,1,0,2,75.0,0.5,0.5,1.0,10.62,1.0,79.0,56.89,HIGH,FRICTION_PRONE_CUSTOMER,HIGH_SEVERITY | PERSISTENT_BEHAVIOR | MULTIPLE_PROBLEMATIC_JOURNEYS
C001789,Scott,Freeman,Saudi Arabia,Standard,2,3575.52,4,2,2,2,47.5,95.0,3,1,1,1,95.0,1.0,1.0,1.5,20.0,0.5,30.0,53.0,HIGH,FRICTION_PRONE_CUSTOMER,HIGH_SEVERITY | REPEATED_PAYMENT_FAILURES | CRITICAL_JOURNEY
C001790,Jonathan,Tucker,Pakistan,Standard,2,5701.89,2,0,2,0,22.5,45.0,1,0,0,1,45.0,0.0,0.0,0.5,1.25,0.5,30.0,27.38,MEDIUM,NORMAL_CUSTOMER,NO_MAJOR_RISK_SIGNAL
C001791,Timothy,Garza,Saudi Arabia,Standard,1,4869.14,3,2,1,2,100.0,100.0,3,1,1,1,100.0,2.0,2.0,3.0,40.0,1.0,30.0,61.0,HIGH,FRICTION_PRONE_CUSTOMER,HIGH_SEVERITY | REPEATED_PAYMENT_FAILURES | CRITICAL_JOURNEY
C001793,Amanda,Gregory,Pakistan,Premium,3,11019.46,5,2,3,2,21.67,65.0,2,1,0,1,65.0,0.67,0.67,0.67,12.5,0.33,30.0,38.75,MEDIUM,LOYAL_LOW_FRICTION_CUSTOMER,REPEATED_PAYMENT_FAILURES
C001795,Heather,Freeman,Saudi Arabia,Premium,2,6369.04,2,0,2,0,0.0,0.0,0,0,0,0,0.0,0.0,0.0,0.0,0.0,0.0,0.0,0.0,LOW,NORMAL_CUSTOMER,NO_MAJOR_RISK_SIGNAL
C001797,Christina,Rice,United Kingdom,Premium,1,2836.98,1,0,1,0,0.0,0.0,0,0,0,0,0.0,0.0,0.0,0.0,0.0,0.0,0.0,0.0,LOW,NORMAL_CUSTOMER,NO_MAJOR_RISK_SIGNAL
C001798,Brenda,Henderson,Saudi Arabia,Standard,2,7494.83,3,1,2,1,17.5,35.0,0,0,0,0,35.0,0.5,0.5,0.0,8.12,0.0,0.0,16.44,LOW,NORMAL_CUSTOMER,NO_MAJOR_RISK_SIGNAL
C001799,John,Stewart,Saudi Arabia,Premium,2,1559.77,4,2,2,2,32.5,65.0,2,1,0,1,65.0,1.0,1.0,1.0,18.75,0.5,30.0,40.62,MEDIUM,NORMAL_CUSTOMER,REPEATED_PAYMENT_FAILURES
C001800,Elizabeth,Brown,Saudi Arabia,Standard,2,5135.72,2,0,2,0,0.0,0.0,0,0,0,0,0.0,0.0,0.0,0.0,0.0,0.0,0.0,0.0,LOW,NORMAL_CUSTOMER,NO_MAJOR_RISK_SIGNAL
C001801,Amanda,Orozco,Other,Premium,1,1718.34,3,2,1,2,65.0,65.0,2,1,0,1,65.0,2.0,2.0,2.0,37.5,1.0,30.0,46.25,MEDIUM,NORMAL_CUSTOMER,REPEATED_PAYMENT_FAILURES
C001802,Dana,Butler,United Kingdom,Standard,1,2212.97,1,0,1,0,0.0,0.0,0,0,0,0,0.0,0.0,0.0,0.0,0.0,0.0,0.0,0.0,LOW,NORMAL_CUSTOMER,NO_MAJOR_RISK_SIGNAL
C001803,Brian,Kennedy,United Arab Emirates,Standard,2,7206.88,2,0,2,0,22.5,45.0,1,0,0,1,45.0,0.0,0.0,0.5,1.25,0.5,30.0,27.38,MEDIUM,NORMAL_CUSTOMER,NO_MAJOR_RISK_SIGNAL
C001805,Jennifer,Mcmillan,United Arab Emirates,Standard,2,7352.79,2,0,2,0,42.5,45.0,2,0,0,2,45.0,0.0,0.0,1.0,2.5,1.0,79.0,42.45,MEDIUM,NORMAL_CUSTOMER,PERSISTENT_BEHAVIOR | MULTIPLE_PROBLEMATIC_JOURNEYS
C001807,Kelli,Terry,United Kingdom,Standard,2,3647.14,4,2,2,2,50.0,100.0,3,1,1,1,100.0,1.0,1.0,1.5,20.0,0.5,30.0,55.0,HIGH,FRICTION_PRONE_CUSTOMER,HIGH_SEVERITY | REPEATED_PAYMENT_FAILURES | CRITICAL_JOURNEY
C001809,Andrea,Roberts,Saudi Arabia,Standard,1,4003.15,1,0,1,0,0.0,0.0,0,0,0,0,0.0,0.0,0.0,0.0,0.0,0.0,0.0,0.0,LOW,NORMAL_CUSTOMER,NO_MAJOR_RISK_SIGNAL
C001810,Sarah,Lee,Saudi Arabia,Standard,2,4057.84,3,1,2,1,17.5,35.0,0,0,0,0,35.0,0.5,0.5,0.0,8.12,0.0,0.0,16.44,LOW,NORMAL_CUSTOMER,NO_MAJOR_RISK_SIGNAL
C001811,Richard,Cooper,United Kingdom,Standard,4,10092.28,4,0,4,0,21.25,45.0,2,0,0,2,45.0,0.0,0.0,0.5,1.25,0.5,59.0,36.08,MEDIUM,NORMAL_CUSTOMER,PERSISTENT_BEHAVIOR | MULTIPLE_PROBLEMATIC_JOURNEYS
C001812,Savannah,Hall,United States,Premium,1,737.77,1,0,1,0,0.0,0.0,0,0,0,0,0.0,0.0,0.0,0.0,0.0,0.0,0.0,0.0,LOW,NORMAL_CUSTOMER,NO_MAJOR_RISK_SIGNAL
C001813,Natalie,Robinson,Saudi Arabia,Premium,3,10769.13,5,2,3,2,21.67,65.0,2,1,0,1,65.0,0.67,0.67,0.67,12.5,0.33,30.0,38.75,MEDIUM,LOYAL_LOW_FRICTION_CUSTOMER,REPEATED_PAYMENT_FAILURES
C001814,Thomas,Stout,Saudi Arabia,Standard,3,13346.57,3,0,3,0,0.0,0.0,0,0,0,0,0.0,0.0,0.0,0.0,0.0,0.0,0.0,0.0,LOW,LOYAL_LOW_FRICTION_CUSTOMER,NO_MAJOR_RISK_SIGNAL
C001815,James,Morgan,Saudi Arabia,Standard,3,9667.76,3,0,3,0,0.0,0.0,0,0,0,0,0.0,0.0,0.0,0.0,0.0,0.0,0.0,0.0,LOW,LOYAL_LOW_FRICTION_CUSTOMER,NO_MAJOR_RISK_SIGNAL
C001816,Tamara,Guzman,Other,Standard,1,2101.73,1,0,1,0,0.0,0.0,0,0,0,0,0.0,0.0,0.0,0.0,0.0,0.0,0.0,0.0,LOW,NORMAL_CUSTOMER,NO_MAJOR_RISK_SIGNAL
C001817,Manuel,Kirby,Saudi Arabia,Premium,1,1252.55,1,0,1,0,0.0,0.0,0,0,0,0,0.0,0.0,0.0,0.0,0.0,0.0,0.0,0.0,LOW,NORMAL_CUSTOMER,NO_MAJOR_RISK_SIGNAL
C001818,Debbie,Sandoval,United States,Standard,1,2987.74,1,0,1,0,0.0,0.0,0,0,0,0,0.0,0.0,0.0,0.0,0.0,0.0,0.0,0.0,LOW,NORMAL_CUSTOMER,NO_MAJOR_RISK_SIGNAL
C001819,Rebecca,Anderson,Pakistan,Standard,1,1904.85,1,0,1,0,40.0,40.0,1,0,0,1,40.0,0.0,0.0,1.0,2.5,1.0,30.0,25.75,MEDIUM,NORMAL_CUSTOMER,NO_MAJOR_RISK_SIGNAL
C001820,Christopher,Carter,United Arab Emirates,Standard,3,5000.3,3,0,3,0,15.0,45.0,1,0,0,1,45.0,0.0,0.0,0.33,0.83,0.33,30.0,27.25,MEDIUM,LOYAL_LOW_FRICTION_CUSTOMER,NO_MAJOR_RISK_SIGNAL
C001821,Audrey,Dawson,Saudi Arabia,Premium,2,5514.29,2,0,2,0,0.0,0.0,0,0,0,0,0.0,0.0,0.0,0.0,0.0,0.0,0.0,0.0,LOW,NORMAL_CUSTOMER,NO_MAJOR_RISK_SIGNAL
C001822,Amanda,Moyer,Saudi Arabia,Standard,1,4210.77,2,1,1,1,30.0,30.0,0,0,0,0,30.0,1.0,1.0,0.0,16.25,0.0,0.0,16.88,LOW,NORMAL_CUSTOMER,NO_MAJOR_RISK_SIGNAL
C001823,Jennifer,Whitaker,Pakistan,Standard,1,1565.68,2,1,1,1,30.0,30.0,0,0,0,0,30.0,1.0,1.0,0.0,16.25,0.0,0.0,16.88,LOW,NORMAL_CUSTOMER,NO_MAJOR_RISK_SIGNAL
C001824,Sharon,Nunez,United States,Standard,6,15420.34,8,2,6,2,25.0,45.0,2,0,0,2,45.0,0.33,0.33,0.33,6.25,0.33,52.33,35.57,MEDIUM,NORMAL_CUSTOMER,PERSISTENT_BEHAVIOR | REPEATED_PAYMENT_FAILURES | MULTIPLE_PROBLEMATIC_JOURNEYS
C001825,Robin,Navarro,Pakistan,Standard,3,6045.53,3,0,3,0,13.33,40.0,1,0,0,1,40.0,0.0,0.0,0.33,0.83,0.33,30.0,25.25,MEDIUM,LOYAL_LOW_FRICTION_CUSTOMER,NO_MAJOR_RISK_SIGNAL
C001827,Nicole,Marsh,Saudi Arabia,Standard,1,1543.08,3,2,1,2,60.0,60.0,2,1,0,1,60.0,2.0,2.0,2.0,37.5,1.0,30.0,44.25,MEDIUM,NORMAL_CUSTOMER,REPEATED_PAYMENT_FAILURES
C001828,Gregory,Richard,Other,VIP,3,8044.32,4,1,3,1,36.67,70.0,2,1,0,2,70.0,0.33,0.33,0.67,7.08,0.67,65.67,49.82,HIGH,FRICTION_PRONE_CUSTOMER,HIGH_SEVERITY | PERSISTENT_BEHAVIOR | MULTIPLE_PROBLEMATIC_JOURNEYS
C001829,Samantha,Howell,United States,Standard,4,9650.58,4,0,4,0,10.0,40.0,1,0,0,1,40.0,0.0,0.0,0.25,0.62,0.25,28.0,24.59,MEDIUM,LOYAL_LOW_FRICTION_CUSTOMER,NO_MAJOR_RISK_SIGNAL
C001830,Wendy,Campbell,Saudi Arabia,VIP,1,3350.88,3,2,1,2,65.0,65.0,2,1,0,1,65.0,2.0,2.0,2.0,37.5,1.0,30.0,46.25,MEDIUM,NORMAL_CUSTOMER,REPEATED_PAYMENT_FAILURES
C001831,Randy,Curry,Other,Standard,1,2810.02,1,0,1,0,0.0,0.0,0,0,0,0,0.0,0.0,0.0,0.0,0.0,0.0,0.0,0.0,LOW,NORMAL_CUSTOMER,NO_MAJOR_RISK_SIGNAL
C001832,Tyler,Estrada,Pakistan,Standard,2,6431.17,4,2,2,2,50.0,100.0,3,1,1,1,100.0,1.0,1.0,1.5,20.0,0.5,30.0,55.0,HIGH,FRICTION_PRONE_CUSTOMER,HIGH_SEVERITY | REPEATED_PAYMENT_FAILURES | CRITICAL_JOURNEY
C001833,Sharon,Anderson,Pakistan,Premium,1,1917.05,1,0,1,0,0.0,0.0,0,0,0,0,0.0,0.0,0.0,0.0,0.0,0.0,0.0,0.0,LOW,NORMAL_CUSTOMER,NO_MAJOR_RISK_SIGNAL
C001835,Sara,Obrien,United States,Standard,1,881.4,2,1,1,1,30.0,30.0,0,0,0,0,30.0,1.0,1.0,0.0,16.25,0.0,0.0,16.88,LOW,NORMAL_CUSTOMER,NO_MAJOR_RISK_SIGNAL
C001837,Albert,Perry,Saudi Arabia,Standard,2,6296.42,2,0,2,0,0.0,0.0,0,0,0,0,0.0,0.0,0.0,0.0,0.0,0.0,0.0,0.0,LOW,NORMAL_CUSTOMER,NO_MAJOR_RISK_SIGNAL
C001838,Ashley,Chaney,United Arab Emirates,Standard,1,2982.61,1,0,1,0,0.0,0.0,0,0,0,0,0.0,0.0,0.0,0.0,0.0,0.0,0.0,0.0,LOW,NORMAL_CUSTOMER,NO_MAJOR_RISK_SIGNAL
C001839,Daniel,Torres,Other,Premium,2,5182.39,4,2,2,2,30.0,30.0,0,0,0,0,30.0,1.0,1.0,0.0,16.25,0.0,0.0,16.88,LOW,NORMAL_CUSTOMER,REPEATED_PAYMENT_FAILURES
C001841,Justin,Williams,United Arab Emirates,Standard,1,1095.43,1,0,1,0,0.0,0.0,0,0,0,0,0.0,0.0,0.0,0.0,0.0,0.0,0.0,0.0,LOW,NORMAL_CUSTOMER,NO_MAJOR_RISK_SIGNAL
C001842,Veronica,Smith,United Arab Emirates,Premium,2,3566.39,2,0,2,0,0.0,0.0,0,0,0,0,0.0,0.0,0.0,0.0,0.0,0.0,0.0,0.0,LOW,NORMAL_CUSTOMER,NO_MAJOR_RISK_SIGNAL
C001843,Amy,Ibarra,United Arab Emirates,Standard,1,1548.04,1,0,1,0,0.0,0.0,0,0,0,0,0.0,0.0,0.0,0.0,0.0,0.0,0.0,0.0,LOW,NORMAL_CUSTOMER,NO_MAJOR_RISK_SIGNAL
C001844,Troy,Kelly,Pakistan,Standard,1,579.72,1,0,1,0,0.0,0.0,0,0,0,0,0.0,0.0,0.0,0.0,0.0,0.0,0.0,0.0,LOW,NORMAL_CUSTOMER,NO_MAJOR_RISK_SIGNAL
C001846,Melissa,Clayton,Saudi Arabia,Standard,2,5304.01,3,1,2,1,40.0,45.0,1,0,0,1,45.0,0.5,0.5,0.5,9.38,0.5,30.0,29.81,MEDIUM,NORMAL_CUSTOMER,NO_MAJOR_RISK_SIGNAL
C001847,Taylor,Kline,Saudi Arabia,Premium,1,1496.74,1,0,1,0,0.0,0.0,0,0,0,0,0.0,0.0,0.0,0.0,0.0,0.0,0.0,0.0,LOW,NORMAL_CUSTOMER,NO_MAJOR_RISK_SIGNAL
C001848,James,Johnson,Saudi Arabia,Premium,3,12972.04,4,1,3,1,10.0,30.0,0,0,0,0,30.0,0.33,0.33,0.0,5.42,0.0,0.0,13.63,LOW,LOYAL_LOW_FRICTION_CUSTOMER,NO_MAJOR_RISK_SIGNAL
C001849,Daniel,Brown,Other,Standard,3,9041.33,5,2,3,2,35.0,45.0,1,0,0,1,45.0,0.67,0.67,0.33,11.67,0.33,30.0,30.5,MEDIUM,NORMAL_CUSTOMER,REPEATED_PAYMENT_FAILURES
C001850,Francisco,Jordan,Pakistan,Standard,2,3530.26,2,0,2,0,0.0,0.0,0,0,0,0,0.0,0.0,0.0,0.0,0.0,0.0,0.0,0.0,LOW,NORMAL_CUSTOMER,NO_MAJOR_RISK_SIGNAL
C001851,Stephen,Williamson,Saudi Arabia,Standard,2,4010.88,3,1,2,1,15.0,30.0,0,0,0,0,30.0,0.5,0.5,0.0,8.12,0.0,0.0,14.44,LOW,NORMAL_CUSTOMER,NO_MAJOR_RISK_SIGNAL
C001853,Jacob,Walker,Other,Premium,1,1601.71,1,0,1,0,0.0,0.0,0,0,0,0,0.0,0.0,0.0,0.0,0.0,0.0,0.0,0.0,LOW,NORMAL_CUSTOMER,NO_MAJOR_RISK_SIGNAL
C001854,Jill,Scott,United States,Standard,2,2993.2,2,0,2,0,22.5,45.0,1,0,0,1,45.0,0.0,0.0,0.5,1.25,0.5,30.0,27.38,MEDIUM,NORMAL_CUSTOMER,NO_MAJOR_RISK_SIGNAL
C001855,Krystal,Peterson,Other,Standard,3,6821.52,3,0,3,0,15.0,45.0,1,0,0,1,45.0,0.0,0.0,0.33,0.83,0.33,30.0,27.25,MEDIUM,LOYAL_LOW_FRICTION_CUSTOMER,NO_MAJOR_RISK_SIGNAL
C001856,Ashley,Kelly,Saudi Arabia,Standard,4,8437.09,5,1,4,1,17.5,40.0,1,0,0,1,40.0,0.25,0.25,0.25,4.69,0.25,28.0,25.81,MEDIUM,LOYAL_LOW_FRICTION_CUSTOMER,NO_MAJOR_RISK_SIGNAL
C001857,Katherine,Williams,United States,Premium,2,4369.33,3,1,2,1,37.5,75.0,1,1,0,1,75.0,0.5,0.5,0.5,9.38,0.5,30.0,41.81,MEDIUM,NORMAL_CUSTOMER,HIGH_SEVERITY
C001858,Gregory,Rich,United Arab Emirates,Standard,3,10361.31,3,0,3,0,15.0,45.0,1,0,0,1,45.0,0.0,0.0,0.33,0.83,0.33,30.0,27.25,MEDIUM,LOYAL_LOW_FRICTION_CUSTOMER,NO_MAJOR_RISK_SIGNAL
C001859,Melissa,Adams,United States,Premium,1,3058.31,1,0,1,0,0.0,0.0,0,0,0,0,0.0,0.0,0.0,0.0,0.0,0.0,0.0,0.0,LOW,NORMAL_CUSTOMER,NO_MAJOR_RISK_SIGNAL
C001860,Penny,Hernandez,United Kingdom,Standard,1,3656.77,1,0,1,0,0.0,0.0,0,0,0,0,0.0,0.0,0.0,0.0,0.0,0.0,0.0,0.0,LOW,NORMAL_CUSTOMER,NO_MAJOR_RISK_SIGNAL
C001861,Margaret,Vaughn,United States,Premium,1,3116.82,1,0,1,0,0.0,0.0,0,0,0,0,0.0,0.0,0.0,0.0,0.0,0.0,0.0,0.0,LOW,NORMAL_CUSTOMER,NO_MAJOR_RISK_SIGNAL
C001862,Zachary,Robertson,United Kingdom,Standard,2,8015.17,2,0,2,0,0.0,0.0,0,0,0,0,0.0,0.0,0.0,0.0,0.0,0.0,0.0,0.0,LOW,NORMAL_CUSTOMER,NO_MAJOR_RISK_SIGNAL
C001864,Elizabeth,Mccarthy,Pakistan,Premium,3,9210.62,3,0,3,0,0.0,0.0,0,0,0,0,0.0,0.0,0.0,0.0,0.0,0.0,0.0,0.0,LOW,LOYAL_LOW_FRICTION_CUSTOMER,NO_MAJOR_RISK_SIGNAL
C001866,Donald,Kim,Other,Standard,2,5858.13,2,0,2,0,0.0,0.0,0,0,0,0,0.0,0.0,0.0,0.0,0.0,0.0,0.0,0.0,LOW,NORMAL_CUSTOMER,NO_MAJOR_RISK_SIGNAL
C001867,Marcus,Bryant,Saudi Arabia,Premium,1,1688.07,1,0,1,0,40.0,40.0,1,0,0,1,40.0,0.0,0.0,1.0,2.5,1.0,30.0,25.75,MEDIUM,NORMAL_CUSTOMER,NO_MAJOR_RISK_SIGNAL
C001868,John,Skinner,Saudi Arabia,Standard,1,2695.29,2,1,1,1,70.0,70.0,1,1,0,1,70.0,1.0,1.0,1.0,18.75,1.0,30.0,42.62,MEDIUM,NORMAL_CUSTOMER,HIGH_SEVERITY
C001869,Jose,Rodriguez,Saudi Arabia,Standard,3,6465.46,3,0,3,0,13.33,40.0,1,0,0,1,40.0,0.0,0.0,0.33,0.83,0.33,30.0,25.25,MEDIUM,LOYAL_LOW_FRICTION_CUSTOMER,NO_MAJOR_RISK_SIGNAL
C001870,Joe,Rodriguez,United Kingdom,Standard,3,5210.71,5,2,3,2,21.67,65.0,2,1,0,1,65.0,0.67,0.67,0.67,12.5,0.33,30.0,38.75,MEDIUM,LOYAL_LOW_FRICTION_CUSTOMER,REPEATED_PAYMENT_FAILURES
C001872,Stephanie,Casey,Saudi Arabia,Standard,1,3384.8,1,0,1,0,0.0,0.0,0,0,0,0,0.0,0.0,0.0,0.0,0.0,0.0,0.0,0.0,LOW,NORMAL_CUSTOMER,NO_MAJOR_RISK_SIGNAL
C001873,Kevin,Meza,Pakistan,Standard,3,9468.12,3,0,3,0,13.33,40.0,1,0,0,1,40.0,0.0,0.0,0.33,0.83,0.33,30.0,25.25,MEDIUM,LOYAL_LOW_FRICTION_CUSTOMER,NO_MAJOR_RISK_SIGNAL
C001874,Jennifer,Colon,United States,Standard,3,7093.91,3,0,3,0,0.0,0.0,0,0,0,0,0.0,0.0,0.0,0.0,0.0,0.0,0.0,0.0,LOW,LOYAL_LOW_FRICTION_CUSTOMER,NO_MAJOR_RISK_SIGNAL
C001875,Alexander,Williams,United Kingdom,Standard,2,5996.52,2,0,2,0,0.0,0.0,0,0,0,0,0.0,0.0,0.0,0.0,0.0,0.0,0.0,0.0,LOW,NORMAL_CUSTOMER,NO_MAJOR_RISK_SIGNAL
C001876,Desiree,Garcia,Pakistan,Premium,3,7914.78,3,0,3,0,0.0,0.0,0,0,0,0,0.0,0.0,0.0,0.0,0.0,0.0,0.0,0.0,LOW,LOYAL_LOW_FRICTION_CUSTOMER,NO_MAJOR_RISK_SIGNAL
C001877,Heather,Soto,Pakistan,Standard,2,3898.93,5,3,2,3,50.0,65.0,2,1,0,1,65.0,1.5,1.5,1.0,26.88,0.5,30.0,43.06,MEDIUM,NORMAL_CUSTOMER,REPEATED_PAYMENT_FAILURES
C001879,David,Bartlett,Saudi Arabia,Standard,2,8471.62,2,0,2,0,0.0,0.0,0,0,0,0,0.0,0.0,0.0,0.0,0.0,0.0,0.0,0.0,LOW,NORMAL_CUSTOMER,NO_MAJOR_RISK_SIGNAL
C001880,Kurt,Moore,Pakistan,Standard,1,4018.7,1,0,1,0,0.0,0.0,0,0,0,0,0.0,0.0,0.0,0.0,0.0,0.0,0.0,0.0,LOW,NORMAL_CUSTOMER,NO_MAJOR_RISK_SIGNAL
C001882,Wayne,Alexander,Other,Standard,4,9639.79,5,1,4,1,30.0,80.0,2,1,1,2,80.0,0.25,0.25,0.5,5.31,0.5,59.0,51.29,HIGH,FRICTION_PRONE_CUSTOMER,HIGH_SEVERITY | PERSISTENT_BEHAVIOR | MULTIPLE_PROBLEMATIC_JOURNEYS | CRITICAL_JOURNEY
C001883,Paula,Hunter,Pakistan,Standard,1,3008.0,2,1,1,1,30.0,30.0,0,0,0,0,30.0,1.0,1.0,0.0,16.25,0.0,0.0,16.88,LOW,NORMAL_CUSTOMER,NO_MAJOR_RISK_SIGNAL
C001885,Larry,Garcia,Saudi Arabia,Premium,3,9136.48,4,1,3,1,40.0,80.0,2,1,1,2,80.0,0.33,0.33,0.67,7.08,0.67,65.67,53.82,HIGH,FRICTION_PRONE_CUSTOMER,HIGH_SEVERITY | PERSISTENT_BEHAVIOR | MULTIPLE_PROBLEMATIC_JOURNEYS | CRITICAL_JOURNEY
C001886,David,Holland,United Arab Emirates,Standard,1,1365.18,1,0,1,0,0.0,0.0,0,0,0,0,0.0,0.0,0.0,0.0,0.0,0.0,0.0,0.0,LOW,NORMAL_CUSTOMER,NO_MAJOR_RISK_SIGNAL
C001888,Kenneth,Taylor,Saudi Arabia,Premium,3,6052.05,4,1,3,1,10.0,30.0,0,0,0,0,30.0,0.33,0.33,0.0,5.42,0.0,0.0,13.63,LOW,LOYAL_LOW_FRICTION_CUSTOMER,NO_MAJOR_RISK_SIGNAL
C001889,Christina,Allison,United Kingdom,Premium,1,4702.18,2,1,1,1,35.0,35.0,0,0,0,0,35.0,1.0,1.0,0.0,16.25,0.0,0.0,18.88,LOW,NORMAL_CUSTOMER,NO_MAJOR_RISK_SIGNAL
C001890,Jeffrey,Gonzales,Other,Premium,1,4473.8,1,0,1,0,45.0,45.0,1,0,0,1,45.0,0.0,0.0,1.0,2.5,1.0,30.0,27.75,MEDIUM,NORMAL_CUSTOMER,NO_MAJOR_RISK_SIGNAL
C001891,Dennis,Perry,Saudi Arabia,Standard,1,4507.88,1,0,1,0,0.0,0.0,0,0,0,0,0.0,0.0,0.0,0.0,0.0,0.0,0.0,0.0,LOW,NORMAL_CUSTOMER,NO_MAJOR_RISK_SIGNAL
C001893,Julie,Sanchez,United States,Standard,1,2511.07,1,0,1,0,45.0,45.0,1,0,0,1,45.0,0.0,0.0,1.0,2.5,1.0,30.0,27.75,MEDIUM,NORMAL_CUSTOMER,NO_MAJOR_RISK_SIGNAL
C001894,Catherine,Lamb,Saudi Arabia,Standard,4,15532.44,5,1,4,1,28.75,75.0,2,1,0,2,75.0,0.25,0.25,0.5,5.31,0.5,59.0,49.29,HIGH,FRICTION_PRONE_CUSTOMER,HIGH_SEVERITY | PERSISTENT_BEHAVIOR | MULTIPLE_PROBLEMATIC_JOURNEYS
C001895,Robert,Peterson,Pakistan,Standard,2,4899.39,3,1,2,1,15.0,30.0,0,0,0,0,30.0,0.5,0.5,0.0,8.12,0.0,0.0,14.44,LOW,NORMAL_CUSTOMER,NO_MAJOR_RISK_SIGNAL
C001896,Andrea,Wagner,United Kingdom,Standard,3,11182.58,4,1,3,1,11.67,35.0,0,0,0,0,35.0,0.33,0.33,0.0,5.42,0.0,0.0,15.63,LOW,LOYAL_LOW_FRICTION_CUSTOMER,NO_MAJOR_RISK_SIGNAL
C001897,Thomas,Miller,Pakistan,Premium,1,1308.39,1,0,1,0,0.0,0.0,0,0,0,0,0.0,0.0,0.0,0.0,0.0,0.0,0.0,0.0,LOW,NORMAL_CUSTOMER,NO_MAJOR_RISK_SIGNAL
C001899,Elizabeth,Fischer,United Arab Emirates,Premium,1,1930.83,1,0,1,0,0.0,0.0,0,0,0,0,0.0,0.0,0.0,0.0,0.0,0.0,0.0,0.0,LOW,NORMAL_CUSTOMER,NO_MAJOR_RISK_SIGNAL
C001900,Jeffery,Ward,United States,Premium,2,6377.75,3,1,2,1,15.0,30.0,0,0,0,0,30.0,0.5,0.5,0.0,8.12,0.0,0.0,14.44,LOW,NORMAL_CUSTOMER,NO_MAJOR_RISK_SIGNAL
C001901,John,Ortega,Pakistan,Standard,2,7577.81,2,0,2,0,0.0,0.0,0,0,0,0,0.0,0.0,0.0,0.0,0.0,0.0,0.0,0.0,LOW,NORMAL_CUSTOMER,NO_MAJOR_RISK_SIGNAL
C001902,Karen,Hernandez,Saudi Arabia,Premium,1,900.21,2,1,1,1,75.0,75.0,1,1,0,1,75.0,1.0,1.0,1.0,18.75,1.0,30.0,44.62,MEDIUM,NORMAL_CUSTOMER,HIGH_SEVERITY
C001903,Morgan,Molina,United States,Standard,2,5490.04,4,2,2,2,32.5,65.0,2,1,0,1,65.0,1.0,1.0,1.0,18.75,0.5,30.0,40.62,MEDIUM,NORMAL_CUSTOMER,REPEATED_PAYMENT_FAILURES
C001904,Christopher,Fisher,Saudi Arabia,Standard,2,4231.97,2,0,2,0,20.0,40.0,1,0,0,1,40.0,0.0,0.0,0.5,1.25,0.5,30.0,25.38,MEDIUM,NORMAL_CUSTOMER,NO_MAJOR_RISK_SIGNAL
C001905,Sean,Perez,United Kingdom,Premium,1,757.52,1,0,1,0,45.0,45.0,1,0,0,1,45.0,0.0,0.0,1.0,2.5,1.0,30.0,27.75,MEDIUM,NORMAL_CUSTOMER,NO_MAJOR_RISK_SIGNAL
C001907,Christian,Gutierrez,Other,Standard,3,8501.6,5,2,3,2,33.33,100.0,3,1,1,1,100.0,0.67,0.67,1.0,13.33,0.33,30.0,53.0,HIGH,FRICTION_PRONE_CUSTOMER,HIGH_SEVERITY | REPEATED_PAYMENT_FAILURES | CRITICAL_JOURNEY
C001908,Anne,Ortiz,United Arab Emirates,Standard,5,16223.7,5,0,5,0,9.0,45.0,1,0,0,1,45.0,0.0,0.0,0.2,0.5,0.2,26.0,25.95,MEDIUM,LOYAL_LOW_FRICTION_CUSTOMER,NO_MAJOR_RISK_SIGNAL
C001909,Bryan,Ellis,United Arab Emirates,Premium,2,7130.5,2,0,2,0,0.0,0.0,0,0,0,0,0.0,0.0,0.0,0.0,0.0,0.0,0.0,0.0,LOW,NORMAL_CUSTOMER,NO_MAJOR_RISK_SIGNAL
C001910,Amy,Phelps,Saudi Arabia,Standard,3,7161.05,5,2,3,2,65.0,80.0,3,2,1,3,80.0,0.67,0.67,1.0,13.33,1.0,91.0,63.3,HIGH,FRICTION_PRONE_CUSTOMER,HIGH_SEVERITY | PERSISTENT_BEHAVIOR | REPEATED_PAYMENT_FAILURES | MULTIPLE_PROBLEMATIC_JOURNEYS | CRITICAL_JOURNEY
C001911,William,Norton,United Arab Emirates,Standard,2,7565.65,2,0,2,0,0.0,0.0,0,0,0,0,0.0,0.0,0.0,0.0,0.0,0.0,0.0,0.0,LOW,NORMAL_CUSTOMER,NO_MAJOR_RISK_SIGNAL
C001912,Ashley,Cox,Other,Standard,1,2538.53,1,0,1,0,40.0,40.0,1,0,0,1,40.0,0.0,0.0,1.0,2.5,1.0,30.0,25.75,MEDIUM,NORMAL_CUSTOMER,NO_MAJOR_RISK_SIGNAL
C001913,Edward,Johnson,Other,Premium,1,2348.26,1,0,1,0,0.0,0.0,0,0,0,0,0.0,0.0,0.0,0.0,0.0,0.0,0.0,0.0,LOW,NORMAL_CUSTOMER,NO_MAJOR_RISK_SIGNAL
C001914,Mark,Thomas,United Arab Emirates,Standard,3,10241.76,6,3,3,3,58.33,100.0,4,2,1,2,100.0,1.0,1.0,1.33,19.58,0.67,65.67,65.58,HIGH,FRICTION_PRONE_CUSTOMER,HIGH_SEVERITY | PERSISTENT_BEHAVIOR | REPEATED_PAYMENT_FAILURES | MULTIPLE_PROBLEMATIC_JOURNEYS | CRITICAL_JOURNEY
C001915,Abigail,Smith,United Arab Emirates,Standard,3,9368.98,7,4,3,4,45.0,65.0,2,1,0,1,65.0,1.33,1.33,0.67,23.33,0.33,30.0,42.0,MEDIUM,NORMAL_CUSTOMER,REPEATED_PAYMENT_FAILURES
C001917,Jamie,Acevedo,Other,Standard,1,2909.82,2,1,1,1,80.0,80.0,1,1,1,1,80.0,1.0,1.0,1.0,18.75,1.0,30.0,46.62,MEDIUM,NORMAL_CUSTOMER,HIGH_SEVERITY | CRITICAL_JOURNEY
C001918,Brandy,Miller,Pakistan,Standard,3,10031.8,4,1,3,1,25.0,45.0,1,0,0,1,45.0,0.33,0.33,0.33,6.25,0.33,30.0,28.88,MEDIUM,LOYAL_LOW_FRICTION_CUSTOMER,NO_MAJOR_RISK_SIGNAL
C001919,Christopher,Edwards,United Arab Emirates,Standard,1,2092.84,1,0,1,0,0.0,0.0,0,0,0,0,0.0,0.0,0.0,0.0,0.0,0.0,0.0,0.0,LOW,NORMAL_CUSTOMER,NO_MAJOR_RISK_SIGNAL
C001920,William,Holden,United Arab Emirates,Standard,1,3495.95,1,0,1,0,0.0,0.0,0,0,0,0,0.0,0.0,0.0,0.0,0.0,0.0,0.0,0.0,LOW,NORMAL_CUSTOMER,NO_MAJOR_RISK_SIGNAL
C001921,Lindsey,Martin,United Kingdom,Standard,3,7521.16,6,3,3,3,60.0,75.0,4,2,0,3,75.0,1.0,1.0,1.33,19.58,1.0,91.0,63.17,HIGH,FRICTION_PRONE_CUSTOMER,HIGH_SEVERITY | PERSISTENT_BEHAVIOR | REPEATED_PAYMENT_FAILURES | MULTIPLE_PROBLEMATIC_JOURNEYS
C001923,William,Malone,Pakistan,Standard,1,2231.73,2,1,1,1,70.0,70.0,1,1,0,1,70.0,1.0,1.0,1.0,18.75,1.0,30.0,42.62,MEDIUM,NORMAL_CUSTOMER,HIGH_SEVERITY
C001925,Brian,May,United States,Standard,2,5833.57,2,0,2,0,42.5,45.0,2,0,0,2,45.0,0.0,0.0,1.0,2.5,1.0,79.0,42.45,MEDIUM,NORMAL_CUSTOMER,PERSISTENT_BEHAVIOR | MULTIPLE_PROBLEMATIC_JOURNEYS
C001926,Steven,Orr,Saudi Arabia,Standard,3,9843.86,3,0,3,0,0.0,0.0,0,0,0,0,0.0,0.0,0.0,0.0,0.0,0.0,0.0,0.0,LOW,LOYAL_LOW_FRICTION_CUSTOMER,NO_MAJOR_RISK_SIGNAL
C001927,Lindsay,Brown,Pakistan,Standard,1,3558.39,1,0,1,0,0.0,0.0,0,0,0,0,0.0,0.0,0.0,0.0,0.0,0.0,0.0,0.0,LOW,NORMAL_CUSTOMER,NO_MAJOR_RISK_SIGNAL
C001928,Jennifer,Welch,United Arab Emirates,Standard,2,6795.3,3,1,2,1,35.0,40.0,1,0,0,1,40.0,0.5,0.5,0.5,9.38,0.5,30.0,27.81,MEDIUM,NORMAL_CUSTOMER,NO_MAJOR_RISK_SIGNAL
C001929,Randy,Reeves,Pakistan,Standard,1,3129.96,1,0,1,0,0.0,0.0,0,0,0,0,0.0,0.0,0.0,0.0,0.0,0.0,0.0,0.0,LOW,NORMAL_CUSTOMER,NO_MAJOR_RISK_SIGNAL
C001930,Lisa,Guerrero,Saudi Arabia,Standard,2,5259.68,2,0,2,0,22.5,45.0,1,0,0,1,45.0,0.0,0.0,0.5,1.25,0.5,30.0,27.38,MEDIUM,NORMAL_CUSTOMER,NO_MAJOR_RISK_SIGNAL
C001931,Julie,Meyer,Pakistan,Standard,2,3080.14,4,2,2,2,50.0,100.0,3,1,1,1,100.0,1.0,1.0,1.5,20.0,0.5,30.0,55.0,HIGH,FRICTION_PRONE_CUSTOMER,HIGH_SEVERITY | REPEATED_PAYMENT_FAILURES | CRITICAL_JOURNEY
C001932,Beth,Phillips,Pakistan,VIP,4,15562.81,5,1,4,1,30.0,45.0,2,0,0,2,45.0,0.25,0.25,0.5,5.31,0.5,59.0,37.29,MEDIUM,NORMAL_CUSTOMER,PERSISTENT_BEHAVIOR | MULTIPLE_PROBLEMATIC_JOURNEYS
C001933,Brandon,Morales,Pakistan,Standard,4,8802.8,4,0,4,0,0.0,0.0,0,0,0,0,0.0,0.0,0.0,0.0,0.0,0.0,0.0,0.0,LOW,LOYAL_LOW_FRICTION_CUSTOMER,NO_MAJOR_RISK_SIGNAL
C001934,Melvin,Becker,Pakistan,Premium,1,3790.63,1,0,1,0,0.0,0.0,0,0,0,0,0.0,0.0,0.0,0.0,0.0,0.0,0.0,0.0,LOW,NORMAL_CUSTOMER,NO_MAJOR_RISK_SIGNAL
C001937,Sarah,Newton,Saudi Arabia,Premium,3,7346.61,4,1,3,1,10.0,30.0,0,0,0,0,30.0,0.33,0.33,0.0,5.42,0.0,0.0,13.63,LOW,LOYAL_LOW_FRICTION_CUSTOMER,NO_MAJOR_RISK_SIGNAL
C001939,Sarah,Smith,United Arab Emirates,Standard,2,4738.92,3,1,2,1,37.5,45.0,1,0,0,1,45.0,0.5,0.5,0.5,9.38,0.5,30.0,29.81,MEDIUM,NORMAL_CUSTOMER,NO_MAJOR_RISK_SIGNAL
C001940,Anthony,Ramirez,Saudi Arabia,VIP,4,12442.44,8,4,4,4,41.25,100.0,5,2,1,2,100.0,1.0,1.0,1.25,19.38,0.5,59.0,63.51,HIGH,FRICTION_PRONE_CUSTOMER,HIGH_SEVERITY | PERSISTENT_BEHAVIOR | REPEATED_PAYMENT_FAILURES | MULTIPLE_PROBLEMATIC_JOURNEYS | CRITICAL_JOURNEY
C001941,Robert,Rose,Saudi Arabia,Standard,1,1512.94,1,0,1,0,0.0,0.0,0,0,0,0,0.0,0.0,0.0,0.0,0.0,0.0,0.0,0.0,LOW,NORMAL_CUSTOMER,NO_MAJOR_RISK_SIGNAL
C001943,Katie,Graves,United States,Standard,1,2620.08,1,0,1,0,0.0,0.0,0,0,0,0,0.0,0.0,0.0,0.0,0.0,0.0,0.0,0.0,LOW,NORMAL_CUSTOMER,NO_MAJOR_RISK_SIGNAL
C001944,Tiffany,Griffin,United Kingdom,Premium,2,2760.72,4,2,2,2,30.0,60.0,2,1,0,1,60.0,1.0,1.0,1.0,18.75,0.5,30.0,38.62,MEDIUM,NORMAL_CUSTOMER,REPEATED_PAYMENT_FAILURES
C001945,Debbie,Harris,United States,Premium,2,4885.31,5,3,2,3,67.5,70.0,3,2,0,2,70.0,1.5,1.5,1.5,28.12,1.0,79.0,60.14,HIGH,FRICTION_PRONE_CUSTOMER,HIGH_SEVERITY | PERSISTENT_BEHAVIOR | REPEATED_PAYMENT_FAILURES | MULTIPLE_PROBLEMATIC_JOURNEYS
C001947,Victoria,Kramer,United Arab Emirates,Standard,3,8847.82,6,3,3,3,30.0,60.0,2,1,0,1,60.0,1.0,1.0,0.67,17.92,0.33,30.0,38.38,MEDIUM,NORMAL_CUSTOMER,REPEATED_PAYMENT_FAILURES
C001948,Patrick,Pearson,Saudi Arabia,Premium,2,5284.51,2,0,2,0,0.0,0.0,0,0,0,0,0.0,0.0,0.0,0.0,0.0,0.0,0.0,0.0,LOW,NORMAL_CUSTOMER,NO_MAJOR_RISK_SIGNAL
C001949,Molly,Terry,United Arab Emirates,Standard,2,4035.51,3,1,2,1,17.5,35.0,0,0,0,0,35.0,0.5,0.5,0.0,8.12,0.0,0.0,16.44,LOW,NORMAL_CUSTOMER,NO_MAJOR_RISK_SIGNAL
C001950,Rebecca,Barron,United Arab Emirates,Standard,1,3452.21,1,0,1,0,45.0,45.0,1,0,0,1,45.0,0.0,0.0,1.0,2.5,1.0,30.0,27.75,MEDIUM,NORMAL_CUSTOMER,NO_MAJOR_RISK_SIGNAL
C001951,Nicholas,Harrington,Saudi Arabia,Standard,2,2352.69,2,0,2,0,20.0,40.0,1,0,0,1,40.0,0.0,0.0,0.5,1.25,0.5,30.0,25.38,MEDIUM,NORMAL_CUSTOMER,NO_MAJOR_RISK_SIGNAL
C001952,Felicia,Sullivan,Saudi Arabia,Standard,2,6774.69,4,2,2,2,32.5,65.0,2,1,0,1,65.0,1.0,1.0,1.0,18.75,0.5,30.0,40.62,MEDIUM,NORMAL_CUSTOMER,REPEATED_PAYMENT_FAILURES
C001954,Amber,Turner,United Kingdom,Premium,1,1632.44,1,0,1,0,0.0,0.0,0,0,0,0,0.0,0.0,0.0,0.0,0.0,0.0,0.0,0.0,LOW,NORMAL_CUSTOMER,NO_MAJOR_RISK_SIGNAL
C001956,Michael,Cook,Other,Standard,3,5540.53,3,0,3,0,0.0,0.0,0,0,0,0,0.0,0.0,0.0,0.0,0.0,0.0,0.0,0.0,LOW,LOYAL_LOW_FRICTION_CUSTOMER,NO_MAJOR_RISK_SIGNAL
C001957,Gregory,Hardy,Pakistan,Standard,2,3307.48,2,0,2,0,0.0,0.0,0,0,0,0,0.0,0.0,0.0,0.0,0.0,0.0,0.0,0.0,LOW,NORMAL_CUSTOMER,NO_MAJOR_RISK_SIGNAL
C001959,Allison,Martinez,Pakistan,Standard,3,10837.59,3,0,3,0,26.67,40.0,2,0,0,2,40.0,0.0,0.0,0.67,1.67,0.67,65.67,36.2,MEDIUM,NORMAL_CUSTOMER,PERSISTENT_BEHAVIOR | MULTIPLE_PROBLEMATIC_JOURNEYS
C001960,Jessica,Braun,United States,Standard,3,5222.43,4,1,3,1,10.0,30.0,0,0,0,0,30.0,0.33,0.33,0.0,5.42,0.0,0.0,13.63,LOW,LOYAL_LOW_FRICTION_CUSTOMER,NO_MAJOR_RISK_SIGNAL
C001961,Jeffrey,Campbell,Saudi Arabia,Standard,4,15473.59,6,2,4,2,26.25,65.0,3,1,0,2,65.0,0.5,0.5,0.75,10.0,0.5,59.0,46.7,MEDIUM,NORMAL_CUSTOMER,PERSISTENT_BEHAVIOR | REPEATED_PAYMENT_FAILURES | MULTIPLE_PROBLEMATIC_JOURNEYS
C001962,Adam,Davis,United Arab Emirates,Standard,2,5763.88,2,0,2,0,40.0,40.0,2,0,0,2,40.0,0.0,0.0,1.0,2.5,1.0,79.0,40.45,MEDIUM,NORMAL_CUSTOMER,PERSISTENT_BEHAVIOR | MULTIPLE_PROBLEMATIC_JOURNEYS
C001964,Kenneth,Boyd,United Arab Emirates,Standard,1,4473.8,2,1,1,1,30.0,30.0,0,0,0,0,30.0,1.0,1.0,0.0,16.25,0.0,0.0,16.88,LOW,NORMAL_CUSTOMER,NO_MAJOR_RISK_SIGNAL
C001967,Amanda,Johnson,Saudi Arabia,Standard,1,3892.27,1,0,1,0,0.0,0.0,0,0,0,0,0.0,0.0,0.0,0.0,0.0,0.0,0.0,0.0,LOW,NORMAL_CUSTOMER,NO_MAJOR_RISK_SIGNAL
C001968,Madeline,Hogan,United Arab Emirates,Premium,1,2463.74,1,0,1,0,45.0,45.0,1,0,0,1,45.0,0.0,0.0,1.0,2.5,1.0,30.0,27.75,MEDIUM,NORMAL_CUSTOMER,NO_MAJOR_RISK_SIGNAL
C001969,John,Vargas,United Arab Emirates,Premium,3,8184.03,3,0,3,0,0.0,0.0,0,0,0,0,0.0,0.0,0.0,0.0,0.0,0.0,0.0,0.0,LOW,LOYAL_LOW_FRICTION_CUSTOMER,NO_MAJOR_RISK_SIGNAL
C001970,Michael,Allen,Saudi Arabia,Standard,4,7760.58,6,2,4,2,25.0,70.0,1,1,0,1,70.0,0.5,0.5,0.25,8.75,0.25,28.0,39.02,MEDIUM,LOYAL_LOW_FRICTION_CUSTOMER,HIGH_SEVERITY | REPEATED_PAYMENT_FAILURES
C001971,Joshua,Schroeder,Saudi Arabia,Standard,2,4956.78,3,1,2,1,15.0,30.0,0,0,0,0,30.0,0.5,0.5,0.0,8.12,0.0,0.0,14.44,LOW,NORMAL_CUSTOMER,NO_MAJOR_RISK_SIGNAL
C001973,Jessica,Benitez,Saudi Arabia,Standard,1,4730.04,1,0,1,0,0.0,0.0,0,0,0,0,0.0,0.0,0.0,0.0,0.0,0.0,0.0,0.0,LOW,NORMAL_CUSTOMER,NO_MAJOR_RISK_SIGNAL
C001974,Daniel,Rodriguez,Pakistan,Standard,3,7452.27,3,0,3,0,13.33,40.0,1,0,0,1,40.0,0.0,0.0,0.33,0.83,0.33,30.0,25.25,MEDIUM,LOYAL_LOW_FRICTION_CUSTOMER,NO_MAJOR_RISK_SIGNAL
C001975,Lisa,Brown,Saudi Arabia,VIP,1,2010.33,3,2,1,2,65.0,65.0,2,1,0,1,65.0,2.0,2.0,2.0,37.5,1.0,30.0,46.25,MEDIUM,NORMAL_CUSTOMER,REPEATED_PAYMENT_FAILURES
C001976,Robert,Watson,Other,Standard,2,6692.44,2,0,2,0,0.0,0.0,0,0,0,0,0.0,0.0,0.0,0.0,0.0,0.0,0.0,0.0,LOW,NORMAL_CUSTOMER,NO_MAJOR_RISK_SIGNAL
C001977,Katie,Sims,Saudi Arabia,Standard,1,4969.27,1,0,1,0,0.0,0.0,0,0,0,0,0.0,0.0,0.0,0.0,0.0,0.0,0.0,0.0,LOW,NORMAL_CUSTOMER,NO_MAJOR_RISK_SIGNAL
C001978,Nicole,Gomez,United Arab Emirates,Standard,3,6454.25,3,0,3,0,13.33,40.0,1,0,0,1,40.0,0.0,0.0,0.33,0.83,0.33,30.0,25.25,MEDIUM,LOYAL_LOW_FRICTION_CUSTOMER,NO_MAJOR_RISK_SIGNAL
C001980,Jamie,Curtis,United States,Standard,2,5625.09,4,2,2,2,32.5,65.0,2,1,0,1,65.0,1.0,1.0,1.0,18.75,0.5,30.0,40.62,MEDIUM,NORMAL_CUSTOMER,REPEATED_PAYMENT_FAILURES
C001981,Craig,Martinez,Saudi Arabia,Standard,1,2258.6,1,0,1,0,0.0,0.0,0,0,0,0,0.0,0.0,0.0,0.0,0.0,0.0,0.0,0.0,LOW,NORMAL_CUSTOMER,NO_MAJOR_RISK_SIGNAL
C001982,Arthur,Evans,United States,Standard,2,5369.78,2,0,2,0,20.0,40.0,1,0,0,1,40.0,0.0,0.0,0.5,1.25,0.5,30.0,25.38,MEDIUM,NORMAL_CUSTOMER,NO_MAJOR_RISK_SIGNAL
C001983,Carla,Doyle,United Arab Emirates,Standard,3,8706.66,4,1,3,1,40.0,45.0,2,0,0,2,45.0,0.33,0.33,0.67,7.08,0.67,65.67,39.83,MEDIUM,NORMAL_CUSTOMER,PERSISTENT_BEHAVIOR | MULTIPLE_PROBLEMATIC_JOURNEYS
C001985,Brandon,Bird,Saudi Arabia,Standard,1,4667.19,1,0,1,0,0.0,0.0,0,0,0,0,0.0,0.0,0.0,0.0,0.0,0.0,0.0,0.0,LOW,NORMAL_CUSTOMER,NO_MAJOR_RISK_SIGNAL
C001986,Joy,Trujillo,Saudi Arabia,Standard,4,10282.66,4,0,4,0,0.0,0.0,0,0,0,0,0.0,0.0,0.0,0.0,0.0,0.0,0.0,0.0,LOW,LOYAL_LOW_FRICTION_CUSTOMER,NO_MAJOR_RISK_SIGNAL
C001987,Richard,Zhang,United Kingdom,Standard,5,19064.97,5,0,5,0,17.0,45.0,2,0,0,2,45.0,0.0,0.0,0.4,1.0,0.4,55.0,34.8,MEDIUM,NORMAL_CUSTOMER,PERSISTENT_BEHAVIOR | MULTIPLE_PROBLEMATIC_JOURNEYS
C001988,Jimmy,Cunningham,United Arab Emirates,Standard,2,1814.66,2,0,2,0,20.0,40.0,1,0,0,1,40.0,0.0,0.0,0.5,1.25,0.5,30.0,25.38,MEDIUM,NORMAL_CUSTOMER,NO_MAJOR_RISK_SIGNAL
C001989,Jeff,Kline,United Arab Emirates,Standard,2,3602.31,4,2,2,2,30.0,60.0,2,1,0,1,60.0,1.0,1.0,1.0,18.75,0.5,30.0,38.62,MEDIUM,NORMAL_CUSTOMER,REPEATED_PAYMENT_FAILURES
C001990,Michelle,Burton,United Kingdom,Standard,1,4536.21,1,0,1,0,45.0,45.0,1,0,0,1,45.0,0.0,0.0,1.0,2.5,1.0,30.0,27.75,MEDIUM,NORMAL_CUSTOMER,NO_MAJOR_RISK_SIGNAL
C001991,Brian,Ferguson,United States,Standard,2,5944.73,4,2,2,2,32.5,65.0,2,1,0,1,65.0,1.0,1.0,1.0,18.75,0.5,30.0,40.62,MEDIUM,NORMAL_CUSTOMER,REPEATED_PAYMENT_FAILURES
C001992,William,Larson,Saudi Arabia,Standard,3,9200.08,3,0,3,0,13.33,40.0,1,0,0,1,40.0,0.0,0.0,0.33,0.83,0.33,30.0,25.25,MEDIUM,LOYAL_LOW_FRICTION_CUSTOMER,NO_MAJOR_RISK_SIGNAL
C001993,Keith,Bell,Pakistan,Standard,1,852.46,1,0,1,0,0.0,0.0,0,0,0,0,0.0,0.0,0.0,0.0,0.0,0.0,0.0,0.0,LOW,NORMAL_CUSTOMER,NO_MAJOR_RISK_SIGNAL
C001994,Lisa,Mitchell,Saudi Arabia,Standard,3,11406.96,3,0,3,0,13.33,40.0,1,0,0,1,40.0,0.0,0.0,0.33,0.83,0.33,30.0,25.25,MEDIUM,LOYAL_LOW_FRICTION_CUSTOMER,NO_MAJOR_RISK_SIGNAL
C001995,Jessica,Glover,United States,Standard,2,6841.65,2,0,2,0,0.0,0.0,0,0,0,0,0.0,0.0,0.0,0.0,0.0,0.0,0.0,0.0,LOW,NORMAL_CUSTOMER,NO_MAJOR_RISK_SIGNAL
C001996,Luis,Espinoza,United Kingdom,Standard,1,3946.46,1,0,1,0,0.0,0.0,0,0,0,0,0.0,0.0,0.0,0.0,0.0,0.0,0.0,0.0,LOW,NORMAL_CUSTOMER,NO_MAJOR_RISK_SIGNAL
C001997,Carla,Chambers,Other,Standard,6,14576.83,6,0,6,0,21.67,45.0,3,0,0,3,45.0,0.0,0.0,0.5,1.25,0.5,71.0,39.67,MEDIUM,NORMAL_CUSTOMER,PERSISTENT_BEHAVIOR | MULTIPLE_PROBLEMATIC_JOURNEYS
C001998,Emily,Klein,Saudi Arabia,Standard,3,6632.74,3,0,3,0,0.0,0.0,0,0,0,0,0.0,0.0,0.0,0.0,0.0,0.0,0.0,0.0,LOW,LOYAL_LOW_FRICTION_CUSTOMER,NO_MAJOR_RISK_SIGNAL
C001999,Malik,Stone,Saudi Arabia,Standard,3,6941.23,4,1,3,1,10.0,30.0,0,0,0,0,30.0,0.33,0.33,0.0,5.42,0.0,0.0,13.63,LOW,LOYAL_LOW_FRICTION_CUSTOMER,NO_MAJOR_RISK_SIGNAL
C002000,Kevin,Wright,Saudi Arabia,Standard,1,700.05,2,1,1,1,30.0,30.0,0,0,0,0,30.0,1.0,1.0,0.0,16.25,0.0,0.0,16.88,LOW,NORMAL_CUSTOMER,NO_MAJOR_RISK_SIGNAL
C002001,Douglas,Murphy,Saudi Arabia,VIP,2,7090.14,3,1,2,1,35.0,40.0,1,0,0,1,40.0,0.5,0.5,0.5,9.38,0.5,30.0,27.81,MEDIUM,NORMAL_CUSTOMER,NO_MAJOR_RISK_SIGNAL
C002002,Donna,Aguilar,Saudi Arabia,Standard,2,3490.45,3,1,2,1,35.0,70.0,1,1,0,1,70.0,0.5,0.5,0.5,9.38,0.5,30.0,39.81,MEDIUM,NORMAL_CUSTOMER,HIGH_SEVERITY
C002004,Kevin,Ward,Saudi Arabia,Standard,4,12534.94,6,2,4,2,16.25,65.0,2,1,0,1,65.0,0.5,0.5,0.5,9.38,0.25,28.0,37.21,MEDIUM,LOYAL_LOW_FRICTION_CUSTOMER,REPEATED_PAYMENT_FAILURES
C002005,Bruce,Garcia,Saudi Arabia,Standard,1,3980.58,2,1,1,1,75.0,75.0,1,1,0,1,75.0,1.0,1.0,1.0,18.75,1.0,30.0,44.62,MEDIUM,NORMAL_CUSTOMER,HIGH_SEVERITY
C002006,Stacy,Dawson,United States,Standard,2,4267.39,2,0,2,0,22.5,45.0,1,0,0,1,45.0,0.0,0.0,0.5,1.25,0.5,30.0,27.38,MEDIUM,NORMAL_CUSTOMER,NO_MAJOR_RISK_SIGNAL
C002007,Nichole,Poole,United Arab Emirates,Standard,1,3043.44,1,0,1,0,0.0,0.0,0,0,0,0,0.0,0.0,0.0,0.0,0.0,0.0,0.0,0.0,LOW,NORMAL_CUSTOMER,NO_MAJOR_RISK_SIGNAL
C002008,Rhonda,Miller,United States,Standard,2,5327.73,2,0,2,0,0.0,0.0,0,0,0,0,0.0,0.0,0.0,0.0,0.0,0.0,0.0,0.0,LOW,NORMAL_CUSTOMER,NO_MAJOR_RISK_SIGNAL
C002009,Connie,Brown,Saudi Arabia,Standard,1,1154.24,2,1,1,1,70.0,70.0,1,1,0,1,70.0,1.0,1.0,1.0,18.75,1.0,30.0,42.62,MEDIUM,NORMAL_CUSTOMER,HIGH_SEVERITY
C002010,Ronald,Beasley,United Arab Emirates,VIP,1,2553.4,2,1,1,1,75.0,75.0,1,1,0,1,75.0,1.0,1.0,1.0,18.75,1.0,30.0,44.62,MEDIUM,NORMAL_CUSTOMER,HIGH_SEVERITY
C002011,Tyler,Alvarez,Saudi Arabia,Standard,2,8342.82,3,1,2,1,35.0,70.0,1,1,0,1,70.0,0.5,0.5,0.5,9.38,0.5,30.0,39.81,MEDIUM,NORMAL_CUSTOMER,HIGH_SEVERITY
C002012,Teresa,Griffin,Saudi Arabia,Standard,4,7481.85,8,4,4,4,40.0,95.0,3,1,1,1,95.0,1.0,1.0,0.75,18.12,0.25,28.0,51.84,HIGH,FRICTION_PRONE_CUSTOMER,HIGH_SEVERITY | REPEATED_PAYMENT_FAILURES | CRITICAL_JOURNEY
C002013,Shelly,Wood,Other,Premium,1,975.97,1,0,1,0,0.0,0.0,0,0,0,0,0.0,0.0,0.0,0.0,0.0,0.0,0.0,0.0,LOW,NORMAL_CUSTOMER,NO_MAJOR_RISK_SIGNAL
C002014,Emily,Fox,Saudi Arabia,Premium,2,8838.51,3,1,2,1,15.0,30.0,0,0,0,0,30.0,0.5,0.5,0.0,8.12,0.0,0.0,14.44,LOW,NORMAL_CUSTOMER,NO_MAJOR_RISK_SIGNAL
C002015,Kristi,Chapman,Pakistan,Standard,3,9580.4,4,1,3,1,10.0,30.0,0,0,0,0,30.0,0.33,0.33,0.0,5.42,0.0,0.0,13.63,LOW,LOYAL_LOW_FRICTION_CUSTOMER,NO_MAJOR_RISK_SIGNAL
C002016,Lucas,Stone,United Arab Emirates,Standard,1,1740.96,2,1,1,1,70.0,70.0,1,1,0,1,70.0,1.0,1.0,1.0,18.75,1.0,30.0,42.62,MEDIUM,NORMAL_CUSTOMER,HIGH_SEVERITY
C002017,Robert,Foster,United Arab Emirates,Standard,1,2886.32,1,0,1,0,40.0,40.0,1,0,0,1,40.0,0.0,0.0,1.0,2.5,1.0,30.0,25.75,MEDIUM,NORMAL_CUSTOMER,NO_MAJOR_RISK_SIGNAL
C002018,Edward,Baker,Other,Standard,3,7495.15,8,5,3,5,65.0,100.0,5,2,1,2,100.0,1.67,1.67,1.67,31.25,0.67,65.67,69.08,HIGH,FRICTION_PRONE_CUSTOMER,HIGH_SEVERITY | PERSISTENT_BEHAVIOR | REPEATED_PAYMENT_FAILURES | MULTIPLE_PROBLEMATIC_JOURNEYS | CRITICAL_JOURNEY
C002020,Karen,Henderson,United Kingdom,Standard,1,971.92,1,0,1,0,0.0,0.0,0,0,0,0,0.0,0.0,0.0,0.0,0.0,0.0,0.0,0.0,LOW,NORMAL_CUSTOMER,NO_MAJOR_RISK_SIGNAL
C002022,Melissa,Galvan,Pakistan,Premium,1,3786.37,1,0,1,0,45.0,45.0,1,0,0,1,45.0,0.0,0.0,1.0,2.5,1.0,30.0,27.75,MEDIUM,NORMAL_CUSTOMER,NO_MAJOR_RISK_SIGNAL
C002023,Kevin,Burns,Other,Premium,1,4498.22,1,0,1,0,0.0,0.0,0,0,0,0,0.0,0.0,0.0,0.0,0.0,0.0,0.0,0.0,LOW,NORMAL_CUSTOMER,NO_MAJOR_RISK_SIGNAL
C002024,Jasmine,Mcpherson,Saudi Arabia,Standard,1,4034.6,1,0,1,0,0.0,0.0,0,0,0,0,0.0,0.0,0.0,0.0,0.0,0.0,0.0,0.0,LOW,NORMAL_CUSTOMER,NO_MAJOR_RISK_SIGNAL
C002025,Linda,Colon,United Arab Emirates,Standard,2,7573.42,2,0,2,0,20.0,40.0,1,0,0,1,40.0,0.0,0.0,0.5,1.25,0.5,30.0,25.38,MEDIUM,NORMAL_CUSTOMER,NO_MAJOR_RISK_SIGNAL
C002027,Anna,Martinez,United Kingdom,Standard,2,6840.24,4,2,2,2,50.0,100.0,3,1,1,1,100.0,1.0,1.0,1.5,20.0,0.5,30.0,55.0,HIGH,FRICTION_PRONE_CUSTOMER,HIGH_SEVERITY | REPEATED_PAYMENT_FAILURES | CRITICAL_JOURNEY
C002028,Tammy,Dawson,Other,Standard,1,2517.25,2,1,1,1,80.0,80.0,1,1,1,1,80.0,1.0,1.0,1.0,18.75,1.0,30.0,46.62,MEDIUM,NORMAL_CUSTOMER,HIGH_SEVERITY | CRITICAL_JOURNEY
C002029,Angela,Anderson,Saudi Arabia,Premium,1,4071.52,1,0,1,0,0.0,0.0,0,0,0,0,0.0,0.0,0.0,0.0,0.0,0.0,0.0,0.0,LOW,NORMAL_CUSTOMER,NO_MAJOR_RISK_SIGNAL
C002031,John,Boyer,Saudi Arabia,Standard,1,3020.47,1,0,1,0,0.0,0.0,0,0,0,0,0.0,0.0,0.0,0.0,0.0,0.0,0.0,0.0,LOW,NORMAL_CUSTOMER,NO_MAJOR_RISK_SIGNAL
C002032,James,Wilson,Pakistan,Standard,1,2999.8,1,0,1,0,0.0,0.0,0,0,0,0,0.0,0.0,0.0,0.0,0.0,0.0,0.0,0.0,LOW,NORMAL_CUSTOMER,NO_MAJOR_RISK_SIGNAL
C002033,Deborah,Lewis,United Arab Emirates,VIP,4,15462.81,7,3,4,3,45.0,75.0,2,2,0,2,75.0,0.75,0.75,0.5,13.44,0.5,59.0,51.73,HIGH,FRICTION_PRONE_CUSTOMER,HIGH_SEVERITY | PERSISTENT_BEHAVIOR | REPEATED_PAYMENT_FAILURES | MULTIPLE_PROBLEMATIC_JOURNEYS
C002034,Sandra,Kennedy,Other,Premium,3,4718.36,3,0,3,0,0.0,0.0,0,0,0,0,0.0,0.0,0.0,0.0,0.0,0.0,0.0,0.0,LOW,LOYAL_LOW_FRICTION_CUSTOMER,NO_MAJOR_RISK_SIGNAL
C002036,Christopher,Raymond,United Arab Emirates,Standard,2,3957.48,2,0,2,0,0.0,0.0,0,0,0,0,0.0,0.0,0.0,0.0,0.0,0.0,0.0,0.0,LOW,NORMAL_CUSTOMER,NO_MAJOR_RISK_SIGNAL
C002038,James,Crane,Saudi Arabia,Standard,2,4062.94,2,0,2,0,22.5,45.0,1,0,0,1,45.0,0.0,0.0,0.5,1.25,0.5,30.0,27.38,MEDIUM,NORMAL_CUSTOMER,NO_MAJOR_RISK_SIGNAL
C002039,Joseph,Guzman,Saudi Arabia,Standard,4,11817.07,6,2,4,2,16.25,65.0,2,1,0,1,65.0,0.5,0.5,0.5,9.38,0.25,28.0,37.21,MEDIUM,LOYAL_LOW_FRICTION_CUSTOMER,REPEATED_PAYMENT_FAILURES
C002040,Emily,Ortiz,Saudi Arabia,Premium,1,1840.77,1,0,1,0,0.0,0.0,0,0,0,0,0.0,0.0,0.0,0.0,0.0,0.0,0.0,0.0,LOW,NORMAL_CUSTOMER,NO_MAJOR_RISK_SIGNAL
C002041,Carrie,Martinez,Other,Standard,4,10039.08,5,1,4,1,7.5,30.0,0,0,0,0,30.0,0.25,0.25,0.0,4.06,0.0,0.0,13.22,LOW,LOYAL_LOW_FRICTION_CUSTOMER,NO_MAJOR_RISK_SIGNAL
C002042,Morgan,Armstrong,Pakistan,Standard,4,16961.12,4,0,4,0,11.25,45.0,1,0,0,1,45.0,0.0,0.0,0.25,0.62,0.25,28.0,26.59,MEDIUM,LOYAL_LOW_FRICTION_CUSTOMER,NO_MAJOR_RISK_SIGNAL
C002043,Jacob,Williams,Pakistan,Standard,3,11425.07,3,0,3,0,13.33,40.0,1,0,0,1,40.0,0.0,0.0,0.33,0.83,0.33,30.0,25.25,MEDIUM,LOYAL_LOW_FRICTION_CUSTOMER,NO_MAJOR_RISK_SIGNAL
C002044,Kathleen,Hernandez,Saudi Arabia,Standard,2,6870.14,2,0,2,0,0.0,0.0,0,0,0,0,0.0,0.0,0.0,0.0,0.0,0.0,0.0,0.0,LOW,NORMAL_CUSTOMER,NO_MAJOR_RISK_SIGNAL
C002045,Jennifer,Watson,Other,Standard,4,9557.28,4,0,4,0,10.0,40.0,1,0,0,1,40.0,0.0,0.0,0.25,0.62,0.25,28.0,24.59,MEDIUM,LOYAL_LOW_FRICTION_CUSTOMER,NO_MAJOR_RISK_SIGNAL
C002046,Angelica,Ritter,United Kingdom,Standard,1,3906.76,3,2,1,2,65.0,65.0,2,1,0,1,65.0,2.0,2.0,2.0,37.5,1.0,30.0,46.25,MEDIUM,NORMAL_CUSTOMER,REPEATED_PAYMENT_FAILURES
C002047,Timothy,Turner,Saudi Arabia,Standard,2,2453.45,3,1,2,1,17.5,35.0,0,0,0,0,35.0,0.5,0.5,0.0,8.12,0.0,0.0,16.44,LOW,NORMAL_CUSTOMER,NO_MAJOR_RISK_SIGNAL
C002048,Molly,Tucker,United Kingdom,Standard,1,1680.43,1,0,1,0,0.0,0.0,0,0,0,0,0.0,0.0,0.0,0.0,0.0,0.0,0.0,0.0,LOW,NORMAL_CUSTOMER,NO_MAJOR_RISK_SIGNAL
C002049,Mason,Moody,Pakistan,Premium,3,9103.95,5,2,3,2,33.33,100.0,3,1,1,1,100.0,0.67,0.67,1.0,13.33,0.33,30.0,53.0,HIGH,FRICTION_PRONE_CUSTOMER,HIGH_SEVERITY | REPEATED_PAYMENT_FAILURES | CRITICAL_JOURNEY
C002050,Susan,Thomas,Saudi Arabia,Standard,1,3120.78,1,0,1,0,45.0,45.0,1,0,0,1,45.0,0.0,0.0,1.0,2.5,1.0,30.0,27.75,MEDIUM,NORMAL_CUSTOMER,NO_MAJOR_RISK_SIGNAL
C002051,Alexis,Lawrence,United Arab Emirates,Standard,1,899.63,1,0,1,0,0.0,0.0,0,0,0,0,0.0,0.0,0.0,0.0,0.0,0.0,0.0,0.0,LOW,NORMAL_CUSTOMER,NO_MAJOR_RISK_SIGNAL
C002052,Sharon,Williams,United Arab Emirates,Standard,3,7892.76,3,0,3,0,0.0,0.0,0,0,0,0,0.0,0.0,0.0,0.0,0.0,0.0,0.0,0.0,LOW,LOYAL_LOW_FRICTION_CUSTOMER,NO_MAJOR_RISK_SIGNAL
C002053,Suzanne,Shannon,Saudi Arabia,Standard,2,7847.06,4,2,2,2,50.0,70.0,1,1,0,1,70.0,1.0,1.0,0.5,17.5,0.5,30.0,42.25,MEDIUM,NORMAL_CUSTOMER,HIGH_SEVERITY | REPEATED_PAYMENT_FAILURES
C002054,David,Small,Other,Premium,2,7894.67,4,2,2,2,32.5,65.0,2,1,0,1,65.0,1.0,1.0,1.0,18.75,0.5,30.0,40.62,MEDIUM,NORMAL_CUSTOMER,REPEATED_PAYMENT_FAILURES
C002055,Yvonne,Lewis,United States,Standard,1,1786.13,3,2,1,2,100.0,100.0,3,1,1,1,100.0,2.0,2.0,3.0,40.0,1.0,30.0,61.0,HIGH,FRICTION_PRONE_CUSTOMER,HIGH_SEVERITY | REPEATED_PAYMENT_FAILURES | CRITICAL_JOURNEY
C002056,Timothy,Fuentes,United Kingdom,Standard,1,3605.09,2,1,1,1,70.0,70.0,1,1,0,1,70.0,1.0,1.0,1.0,18.75,1.0,30.0,42.62,MEDIUM,NORMAL_CUSTOMER,HIGH_SEVERITY
C002057,John,Burns,United Arab Emirates,VIP,3,7573.37,5,2,3,2,35.0,75.0,1,1,0,1,75.0,0.67,0.67,0.33,11.67,0.33,30.0,42.5,MEDIUM,NORMAL_CUSTOMER,HIGH_SEVERITY | REPEATED_PAYMENT_FAILURES
C002059,James,Bailey,United Kingdom,Standard,1,3224.76,1,0,1,0,0.0,0.0,0,0,0,0,0.0,0.0,0.0,0.0,0.0,0.0,0.0,0.0,LOW,NORMAL_CUSTOMER,NO_MAJOR_RISK_SIGNAL
C002060,Rose,Harrell,Pakistan,Standard,1,1387.41,1,0,1,0,40.0,40.0,1,0,0,1,40.0,0.0,0.0,1.0,2.5,1.0,30.0,25.75,MEDIUM,NORMAL_CUSTOMER,NO_MAJOR_RISK_SIGNAL
C002061,Andrea,Butler,Saudi Arabia,Standard,2,5931.91,2,0,2,0,22.5,45.0,1,0,0,1,45.0,0.0,0.0,0.5,1.25,0.5,30.0,27.38,MEDIUM,NORMAL_CUSTOMER,NO_MAJOR_RISK_SIGNAL
C002062,Kimberly,Berry,Pakistan,Premium,2,4768.37,2,0,2,0,0.0,0.0,0,0,0,0,0.0,0.0,0.0,0.0,0.0,0.0,0.0,0.0,LOW,NORMAL_CUSTOMER,NO_MAJOR_RISK_SIGNAL
C002063,Oscar,Knight,United States,Standard,2,5213.53,3,1,2,1,15.0,30.0,0,0,0,0,30.0,0.5,0.5,0.0,8.12,0.0,0.0,14.44,LOW,NORMAL_CUSTOMER,NO_MAJOR_RISK_SIGNAL
C002064,Amanda,Mccullough,United Arab Emirates,Standard,3,11526.11,6,3,3,3,45.0,60.0,3,1,0,2,60.0,1.0,1.0,1.0,18.75,0.67,65.67,49.33,HIGH,FRICTION_PRONE_CUSTOMER,PERSISTENT_BEHAVIOR | REPEATED_PAYMENT_FAILURES | MULTIPLE_PROBLEMATIC_JOURNEYS
C002065,Michael,Harrington,Saudi Arabia,Standard,3,6738.13,3,0,3,0,26.67,40.0,2,0,0,2,40.0,0.0,0.0,0.67,1.67,0.67,65.67,36.2,MEDIUM,NORMAL_CUSTOMER,PERSISTENT_BEHAVIOR | MULTIPLE_PROBLEMATIC_JOURNEYS
C002066,Jose,Alvarez,United States,Standard,2,3206.81,4,2,2,2,70.0,100.0,4,1,1,2,100.0,1.0,1.0,2.0,21.25,1.0,79.0,70.08,HIGH,FRICTION_PRONE_CUSTOMER,HIGH_SEVERITY | PERSISTENT_BEHAVIOR | REPEATED_PAYMENT_FAILURES | MULTIPLE_PROBLEMATIC_JOURNEYS | CRITICAL_JOURNEY
C002067,William,Cortez,Saudi Arabia,Premium,2,2653.96,2,0,2,0,22.5,45.0,1,0,0,1,45.0,0.0,0.0,0.5,1.25,0.5,30.0,27.38,MEDIUM,NORMAL_CUSTOMER,NO_MAJOR_RISK_SIGNAL
C002069,Corey,Gill,Saudi Arabia,Standard,4,15176.63,9,5,4,5,40.0,65.0,4,2,0,2,65.0,1.25,1.25,1.0,22.81,0.5,59.0,50.54,HIGH,FRICTION_PRONE_CUSTOMER,PERSISTENT_BEHAVIOR | REPEATED_PAYMENT_FAILURES | MULTIPLE_PROBLEMATIC_JOURNEYS
C002071,Terrance,Murray,United States,Standard,2,7186.89,2,0,2,0,0.0,0.0,0,0,0,0,0.0,0.0,0.0,0.0,0.0,0.0,0.0,0.0,LOW,NORMAL_CUSTOMER,NO_MAJOR_RISK_SIGNAL
C002072,Mary,Cole,Pakistan,Premium,1,3392.12,1,0,1,0,0.0,0.0,0,0,0,0,0.0,0.0,0.0,0.0,0.0,0.0,0.0,0.0,LOW,NORMAL_CUSTOMER,NO_MAJOR_RISK_SIGNAL
C002073,Robin,Cole,Saudi Arabia,Premium,1,1362.42,1,0,1,0,0.0,0.0,0,0,0,0,0.0,0.0,0.0,0.0,0.0,0.0,0.0,0.0,LOW,NORMAL_CUSTOMER,NO_MAJOR_RISK_SIGNAL
C002074,Nathan,Cline,Other,VIP,3,9414.53,3,0,3,0,13.33,40.0,1,0,0,1,40.0,0.0,0.0,0.33,0.83,0.33,30.0,25.25,MEDIUM,LOYAL_LOW_FRICTION_CUSTOMER,NO_MAJOR_RISK_SIGNAL
C002075,Robert,Nguyen,Other,VIP,2,5251.06,3,1,2,1,17.5,35.0,0,0,0,0,35.0,0.5,0.5,0.0,8.12,0.0,0.0,16.44,LOW,NORMAL_CUSTOMER,NO_MAJOR_RISK_SIGNAL
C002076,Anna,Marsh,Other,Standard,1,2434.51,1,0,1,0,0.0,0.0,0,0,0,0,0.0,0.0,0.0,0.0,0.0,0.0,0.0,0.0,LOW,NORMAL_CUSTOMER,NO_MAJOR_RISK_SIGNAL
C002077,Jeffrey,Beck,Saudi Arabia,Premium,3,6303.95,3,0,3,0,0.0,0.0,0,0,0,0,0.0,0.0,0.0,0.0,0.0,0.0,0.0,0.0,LOW,LOYAL_LOW_FRICTION_CUSTOMER,NO_MAJOR_RISK_SIGNAL
C002078,Dustin,Ortiz,United Arab Emirates,Standard,1,2266.28,1,0,1,0,40.0,40.0,1,0,0,1,40.0,0.0,0.0,1.0,2.5,1.0,30.0,25.75,MEDIUM,NORMAL_CUSTOMER,NO_MAJOR_RISK_SIGNAL
C002079,Jose,Hall,Other,Standard,2,7721.35,3,1,2,1,15.0,30.0,0,0,0,0,30.0,0.5,0.5,0.0,8.12,0.0,0.0,14.44,LOW,NORMAL_CUSTOMER,NO_MAJOR_RISK_SIGNAL
C002080,Sarah,Foster,United States,Standard,4,4615.13,4,0,4,0,0.0,0.0,0,0,0,0,0.0,0.0,0.0,0.0,0.0,0.0,0.0,0.0,LOW,LOYAL_LOW_FRICTION_CUSTOMER,NO_MAJOR_RISK_SIGNAL
C002081,Beth,Weaver,Saudi Arabia,Standard,1,3998.04,2,1,1,1,30.0,30.0,0,0,0,0,30.0,1.0,1.0,0.0,16.25,0.0,0.0,16.88,LOW,NORMAL_CUSTOMER,NO_MAJOR_RISK_SIGNAL
C002082,Robert,Rubio,Saudi Arabia,Premium,3,7150.89,3,0,3,0,28.33,45.0,2,0,0,2,45.0,0.0,0.0,0.67,1.67,0.67,65.67,38.2,MEDIUM,NORMAL_CUSTOMER,PERSISTENT_BEHAVIOR | MULTIPLE_PROBLEMATIC_JOURNEYS
C002083,Elijah,Wu,United Arab Emirates,Standard,1,762.19,1,0,1,0,0.0,0.0,0,0,0,0,0.0,0.0,0.0,0.0,0.0,0.0,0.0,0.0,LOW,NORMAL_CUSTOMER,NO_MAJOR_RISK_SIGNAL
C002084,Mark,Fitzgerald,Other,Premium,1,4907.68,2,1,1,1,30.0,30.0,0,0,0,0,30.0,1.0,1.0,0.0,16.25,0.0,0.0,16.88,LOW,NORMAL_CUSTOMER,NO_MAJOR_RISK_SIGNAL
C002085,Noah,Brewer,Pakistan,Standard,2,8289.1,3,1,2,1,15.0,30.0,0,0,0,0,30.0,0.5,0.5,0.0,8.12,0.0,0.0,14.44,LOW,NORMAL_CUSTOMER,NO_MAJOR_RISK_SIGNAL
C002086,Martha,Cline,United Arab Emirates,Standard,1,3151.55,1,0,1,0,0.0,0.0,0,0,0,0,0.0,0.0,0.0,0.0,0.0,0.0,0.0,0.0,LOW,NORMAL_CUSTOMER,NO_MAJOR_RISK_SIGNAL
C002087,Victor,Mann,Saudi Arabia,Standard,2,9002.68,4,2,2,2,52.5,65.0,3,1,0,2,65.0,1.0,1.0,1.5,20.0,1.0,79.0,55.7,HIGH,FRICTION_PRONE_CUSTOMER,PERSISTENT_BEHAVIOR | REPEATED_PAYMENT_FAILURES | MULTIPLE_PROBLEMATIC_JOURNEYS
C002090,Jonathan,Zimmerman,United Arab Emirates,Standard,1,2476.92,1,0,1,0,45.0,45.0,1,0,0,1,45.0,0.0,0.0,1.0,2.5,1.0,30.0,27.75,MEDIUM,NORMAL_CUSTOMER,NO_MAJOR_RISK_SIGNAL
C002091,Lorraine,Hoffman,United States,Premium,1,1361.5,1,0,1,0,40.0,40.0,1,0,0,1,40.0,0.0,0.0,1.0,2.5,1.0,30.0,25.75,MEDIUM,NORMAL_CUSTOMER,NO_MAJOR_RISK_SIGNAL
C002092,Tammy,Martinez,Other,Standard,1,1724.01,1,0,1,0,0.0,0.0,0,0,0,0,0.0,0.0,0.0,0.0,0.0,0.0,0.0,0.0,LOW,NORMAL_CUSTOMER,NO_MAJOR_RISK_SIGNAL
C002093,Darlene,Hansen,Saudi Arabia,Standard,2,4136.46,2,0,2,0,20.0,40.0,1,0,0,1,40.0,0.0,0.0,0.5,1.25,0.5,30.0,25.38,MEDIUM,NORMAL_CUSTOMER,NO_MAJOR_RISK_SIGNAL
C002094,Tracy,Lee,Pakistan,Premium,1,4051.4,1,0,1,0,0.0,0.0,0,0,0,0,0.0,0.0,0.0,0.0,0.0,0.0,0.0,0.0,LOW,NORMAL_CUSTOMER,NO_MAJOR_RISK_SIGNAL
C002096,Laura,Ray,United States,Standard,1,808.67,1,0,1,0,40.0,40.0,1,0,0,1,40.0,0.0,0.0,1.0,2.5,1.0,30.0,25.75,MEDIUM,NORMAL_CUSTOMER,NO_MAJOR_RISK_SIGNAL
C002097,Gary,Brown,Pakistan,Standard,4,14120.04,4,0,4,0,0.0,0.0,0,0,0,0,0.0,0.0,0.0,0.0,0.0,0.0,0.0,0.0,LOW,LOYAL_LOW_FRICTION_CUSTOMER,NO_MAJOR_RISK_SIGNAL
C002098,Jennifer,Hudson,Pakistan,Standard,1,2279.92,1,0,1,0,0.0,0.0,0,0,0,0,0.0,0.0,0.0,0.0,0.0,0.0,0.0,0.0,LOW,NORMAL_CUSTOMER,NO_MAJOR_RISK_SIGNAL
C002100,Sabrina,Alvarez,United Arab Emirates,Standard,1,2787.25,2,1,1,1,70.0,70.0,1,1,0,1,70.0,1.0,1.0,1.0,18.75,1.0,30.0,42.62,MEDIUM,NORMAL_CUSTOMER,HIGH_SEVERITY
C002101,Amber,Prince,Other,Standard,4,7783.83,4,0,4,0,30.0,40.0,3,0,0,3,40.0,0.0,0.0,0.75,1.88,0.75,81.0,40.86,MEDIUM,NORMAL_CUSTOMER,PERSISTENT_BEHAVIOR | MULTIPLE_PROBLEMATIC_JOURNEYS
C002102,Darlene,Martinez,Pakistan,Standard,2,6325.88,3,1,2,1,17.5,35.0,0,0,0,0,35.0,0.5,0.5,0.0,8.12,0.0,0.0,16.44,LOW,NORMAL_CUSTOMER,NO_MAJOR_RISK_SIGNAL
C002103,Brian,Mayer,Saudi Arabia,Standard,1,2884.31,2,1,1,1,30.0,30.0,0,0,0,0,30.0,1.0,1.0,0.0,16.25,0.0,0.0,16.88,LOW,NORMAL_CUSTOMER,NO_MAJOR_RISK_SIGNAL
C002104,Arthur,White,United Kingdom,Standard,2,6574.82,3,1,2,1,15.0,30.0,0,0,0,0,30.0,0.5,0.5,0.0,8.12,0.0,0.0,14.44,LOW,NORMAL_CUSTOMER,NO_MAJOR_RISK_SIGNAL
C002105,Melanie,Smith,United States,VIP,2,3979.66,3,1,2,1,15.0,30.0,0,0,0,0,30.0,0.5,0.5,0.0,8.12,0.0,0.0,14.44,LOW,NORMAL_CUSTOMER,NO_MAJOR_RISK_SIGNAL
C002106,Sierra,Buchanan,United Arab Emirates,Standard,5,12814.34,5,0,5,0,8.0,40.0,1,0,0,1,40.0,0.0,0.0,0.2,0.5,0.2,26.0,23.95,LOW,LOYAL_LOW_FRICTION_CUSTOMER,NO_MAJOR_RISK_SIGNAL
C002107,Elizabeth,Sanchez,Other,Standard,2,1988.06,2,0,2,0,0.0,0.0,0,0,0,0,0.0,0.0,0.0,0.0,0.0,0.0,0.0,0.0,LOW,NORMAL_CUSTOMER,NO_MAJOR_RISK_SIGNAL
C002109,Robert,Clay,Saudi Arabia,Premium,1,1459.49,1,0,1,0,40.0,40.0,1,0,0,1,40.0,0.0,0.0,1.0,2.5,1.0,30.0,25.75,MEDIUM,NORMAL_CUSTOMER,NO_MAJOR_RISK_SIGNAL
C002110,Megan,Wallace,Other,Premium,1,3978.21,1,0,1,0,45.0,45.0,1,0,0,1,45.0,0.0,0.0,1.0,2.5,1.0,30.0,27.75,MEDIUM,NORMAL_CUSTOMER,NO_MAJOR_RISK_SIGNAL
C002112,Jasmine,Lawson,Saudi Arabia,Standard,1,4550.78,2,1,1,1,35.0,35.0,0,0,0,0,35.0,1.0,1.0,0.0,16.25,0.0,0.0,18.88,LOW,NORMAL_CUSTOMER,NO_MAJOR_RISK_SIGNAL
C002113,Albert,Morales,Saudi Arabia,Standard,1,1454.89,3,2,1,2,65.0,65.0,2,1,0,1,65.0,2.0,2.0,2.0,37.5,1.0,30.0,46.25,MEDIUM,NORMAL_CUSTOMER,REPEATED_PAYMENT_FAILURES
C002114,William,Williams,Other,Standard,3,5863.1,3,0,3,0,26.67,40.0,2,0,0,2,40.0,0.0,0.0,0.67,1.67,0.67,65.67,36.2,MEDIUM,NORMAL_CUSTOMER,PERSISTENT_BEHAVIOR | MULTIPLE_PROBLEMATIC_JOURNEYS
C002115,Nathaniel,Atkins,United Kingdom,Standard,1,3154.98,2,1,1,1,30.0,30.0,0,0,0,0,30.0,1.0,1.0,0.0,16.25,0.0,0.0,16.88,LOW,NORMAL_CUSTOMER,NO_MAJOR_RISK_SIGNAL
C002116,Christine,Johnson,Saudi Arabia,Standard,1,1820.41,1,0,1,0,0.0,0.0,0,0,0,0,0.0,0.0,0.0,0.0,0.0,0.0,0.0,0.0,LOW,NORMAL_CUSTOMER,NO_MAJOR_RISK_SIGNAL
C002117,Elizabeth,Kim,United Arab Emirates,Standard,2,4123.34,2,0,2,0,0.0,0.0,0,0,0,0,0.0,0.0,0.0,0.0,0.0,0.0,0.0,0.0,LOW,NORMAL_CUSTOMER,NO_MAJOR_RISK_SIGNAL
C002118,Christina,Perry,Pakistan,Premium,1,3979.25,2,1,1,1,70.0,70.0,1,1,0,1,70.0,1.0,1.0,1.0,18.75,1.0,30.0,42.62,MEDIUM,NORMAL_CUSTOMER,HIGH_SEVERITY
C002119,Timothy,Heath,Saudi Arabia,Standard,2,4611.6,2,0,2,0,45.0,45.0,2,0,0,2,45.0,0.0,0.0,1.0,2.5,1.0,79.0,42.45,MEDIUM,NORMAL_CUSTOMER,PERSISTENT_BEHAVIOR | MULTIPLE_PROBLEMATIC_JOURNEYS
C002121,Adam,Scott,United States,Standard,4,9910.17,5,1,4,1,18.75,45.0,1,0,0,1,45.0,0.25,0.25,0.25,4.69,0.25,28.0,27.81,MEDIUM,LOYAL_LOW_FRICTION_CUSTOMER,NO_MAJOR_RISK_SIGNAL
C002122,Andrea,Wilson,Pakistan,Standard,2,5137.03,2,0,2,0,20.0,40.0,1,0,0,1,40.0,0.0,0.0,0.5,1.25,0.5,30.0,25.38,MEDIUM,NORMAL_CUSTOMER,NO_MAJOR_RISK_SIGNAL
C002123,Alexander,Garcia,Other,Premium,2,4834.86,4,2,2,2,52.5,65.0,3,1,0,2,65.0,1.0,1.0,1.5,20.0,1.0,79.0,55.7,HIGH,FRICTION_PRONE_CUSTOMER,PERSISTENT_BEHAVIOR | REPEATED_PAYMENT_FAILURES | MULTIPLE_PROBLEMATIC_JOURNEYS
C002124,Alyssa,Jackson,United Arab Emirates,VIP,1,2196.17,3,2,1,2,100.0,100.0,3,1,1,1,100.0,2.0,2.0,3.0,40.0,1.0,30.0,61.0,HIGH,FRICTION_PRONE_CUSTOMER,HIGH_SEVERITY | REPEATED_PAYMENT_FAILURES | CRITICAL_JOURNEY
C002126,Tiffany,Scott,United Kingdom,Standard,2,6936.2,2,0,2,0,45.0,45.0,2,0,0,2,45.0,0.0,0.0,1.0,2.5,1.0,79.0,42.45,MEDIUM,NORMAL_CUSTOMER,PERSISTENT_BEHAVIOR | MULTIPLE_PROBLEMATIC_JOURNEYS
C002127,Andre,Davis,Pakistan,Premium,1,2232.64,1,0,1,0,0.0,0.0,0,0,0,0,0.0,0.0,0.0,0.0,0.0,0.0,0.0,0.0,LOW,NORMAL_CUSTOMER,NO_MAJOR_RISK_SIGNAL
C002129,Emily,Russell,Other,Premium,1,3196.57,1,0,1,0,45.0,45.0,1,0,0,1,45.0,0.0,0.0,1.0,2.5,1.0,30.0,27.75,MEDIUM,NORMAL_CUSTOMER,NO_MAJOR_RISK_SIGNAL
C002130,Linda,Jackson,United Arab Emirates,Standard,2,7893.24,3,1,2,1,15.0,30.0,0,0,0,0,30.0,0.5,0.5,0.0,8.12,0.0,0.0,14.44,LOW,NORMAL_CUSTOMER,NO_MAJOR_RISK_SIGNAL
C002131,Renee,Mendez,Saudi Arabia,Standard,2,7777.54,2,0,2,0,22.5,45.0,1,0,0,1,45.0,0.0,0.0,0.5,1.25,0.5,30.0,27.38,MEDIUM,NORMAL_CUSTOMER,NO_MAJOR_RISK_SIGNAL
C002132,Daniel,Nguyen,Saudi Arabia,VIP,1,4757.07,1,0,1,0,0.0,0.0,0,0,0,0,0.0,0.0,0.0,0.0,0.0,0.0,0.0,0.0,LOW,NORMAL_CUSTOMER,NO_MAJOR_RISK_SIGNAL
C002133,Cole,Johnson,Pakistan,Standard,2,7991.8,4,2,2,2,55.0,65.0,3,1,0,2,65.0,1.0,1.0,1.5,20.0,1.0,79.0,55.7,HIGH,FRICTION_PRONE_CUSTOMER,PERSISTENT_BEHAVIOR | REPEATED_PAYMENT_FAILURES | MULTIPLE_PROBLEMATIC_JOURNEYS
C002135,James,Price,United Kingdom,Standard,2,5149.99,2,0,2,0,0.0,0.0,0,0,0,0,0.0,0.0,0.0,0.0,0.0,0.0,0.0,0.0,LOW,NORMAL_CUSTOMER,NO_MAJOR_RISK_SIGNAL
C002136,Alisha,Flores,Other,Premium,2,8519.93,3,1,2,1,37.5,75.0,1,1,0,1,75.0,0.5,0.5,0.5,9.38,0.5,30.0,41.81,MEDIUM,NORMAL_CUSTOMER,HIGH_SEVERITY
C002137,Lisa,Gutierrez,Saudi Arabia,VIP,1,551.84,1,0,1,0,0.0,0.0,0,0,0,0,0.0,0.0,0.0,0.0,0.0,0.0,0.0,0.0,LOW,NORMAL_CUSTOMER,NO_MAJOR_RISK_SIGNAL
C002138,Joseph,Nguyen,United Kingdom,Standard,1,731.82,1,0,1,0,0.0,0.0,0,0,0,0,0.0,0.0,0.0,0.0,0.0,0.0,0.0,0.0,LOW,NORMAL_CUSTOMER,NO_MAJOR_RISK_SIGNAL
C002140,Nathan,Carey,Other,Standard,2,4380.56,2,0,2,0,0.0,0.0,0,0,0,0,0.0,0.0,0.0,0.0,0.0,0.0,0.0,0.0,LOW,NORMAL_CUSTOMER,NO_MAJOR_RISK_SIGNAL
C002141,Richard,Martinez,United States,Premium,1,991.26,2,1,1,1,35.0,35.0,0,0,0,0,35.0,1.0,1.0,0.0,16.25,0.0,0.0,18.88,LOW,NORMAL_CUSTOMER,NO_MAJOR_RISK_SIGNAL
C002142,Annette,Harris,Pakistan,Standard,1,3273.71,1,0,1,0,40.0,40.0,1,0,0,1,40.0,0.0,0.0,1.0,2.5,1.0,30.0,25.75,MEDIUM,NORMAL_CUSTOMER,NO_MAJOR_RISK_SIGNAL
C002144,Jeremiah,Willis,United Arab Emirates,Standard,3,7784.47,4,1,3,1,23.33,40.0,1,0,0,1,40.0,0.33,0.33,0.33,6.25,0.33,30.0,26.88,MEDIUM,LOYAL_LOW_FRICTION_CUSTOMER,NO_MAJOR_RISK_SIGNAL
C002147,Desiree,Cruz,United Arab Emirates,Standard,1,2528.26,1,0,1,0,0.0,0.0,0,0,0,0,0.0,0.0,0.0,0.0,0.0,0.0,0.0,0.0,LOW,NORMAL_CUSTOMER,NO_MAJOR_RISK_SIGNAL
C002148,Michele,Wilson,United Arab Emirates,Premium,3,10473.04,4,1,3,1,23.33,70.0,1,1,0,1,70.0,0.33,0.33,0.33,6.25,0.33,30.0,38.88,MEDIUM,LOYAL_LOW_FRICTION_CUSTOMER,HIGH_SEVERITY
C002149,Katherine,Brown,United Arab Emirates,Standard,4,14927.41,6,2,4,2,26.25,65.0,3,1,0,2,65.0,0.5,0.5,0.75,10.0,0.5,59.0,46.7,MEDIUM,NORMAL_CUSTOMER,PERSISTENT_BEHAVIOR | REPEATED_PAYMENT_FAILURES | MULTIPLE_PROBLEMATIC_JOURNEYS
C002150,Clayton,Marshall,United States,Standard,1,4965.9,1,0,1,0,0.0,0.0,0,0,0,0,0.0,0.0,0.0,0.0,0.0,0.0,0.0,0.0,LOW,NORMAL_CUSTOMER,NO_MAJOR_RISK_SIGNAL
C002151,Nicholas,Russell,United Arab Emirates,Standard,1,799.05,1,0,1,0,0.0,0.0,0,0,0,0,0.0,0.0,0.0,0.0,0.0,0.0,0.0,0.0,LOW,NORMAL_CUSTOMER,NO_MAJOR_RISK_SIGNAL
C002152,Angela,Washington,Saudi Arabia,Standard,3,5604.18,5,2,3,2,51.67,75.0,2,1,0,2,75.0,0.67,0.67,0.67,12.5,0.67,65.67,53.45,HIGH,FRICTION_PRONE_CUSTOMER,HIGH_SEVERITY | PERSISTENT_BEHAVIOR | REPEATED_PAYMENT_FAILURES | MULTIPLE_PROBLEMATIC_JOURNEYS
C002153,Brian,Russell,United Kingdom,Premium,1,503.86,1,0,1,0,0.0,0.0,0,0,0,0,0.0,0.0,0.0,0.0,0.0,0.0,0.0,0.0,LOW,NORMAL_CUSTOMER,NO_MAJOR_RISK_SIGNAL
C002154,Albert,Hall,United States,Standard,4,14069.1,5,1,4,1,18.75,40.0,1,0,0,1,40.0,0.25,0.25,0.25,4.69,0.25,28.0,25.81,MEDIUM,LOYAL_LOW_FRICTION_CUSTOMER,NO_MAJOR_RISK_SIGNAL
C002156,Vincent,Adams,Saudi Arabia,Standard,2,5984.49,5,3,2,3,47.5,65.0,2,1,0,1,65.0,1.5,1.5,1.0,26.88,0.5,30.0,43.06,MEDIUM,NORMAL_CUSTOMER,REPEATED_PAYMENT_FAILURES
C002157,Ryan,Richmond,Saudi Arabia,Premium,7,21152.6,9,2,7,2,8.57,30.0,0,0,0,0,30.0,0.29,0.29,0.0,4.64,0.0,0.0,13.39,LOW,LOYAL_LOW_FRICTION_CUSTOMER,REPEATED_PAYMENT_FAILURES
C002159,Ariel,Sanchez,United Arab Emirates,Standard,5,15879.15,7,2,5,2,21.0,75.0,1,1,0,1,75.0,0.4,0.4,0.2,7.0,0.2,26.0,39.9,MEDIUM,LOYAL_LOW_FRICTION_CUSTOMER,HIGH_SEVERITY | REPEATED_PAYMENT_FAILURES
C002160,Michaela,Peters,United Kingdom,Standard,3,8123.8,5,2,3,2,35.0,65.0,3,1,0,2,65.0,0.67,0.67,1.0,13.33,0.67,65.67,49.7,HIGH,FRICTION_PRONE_CUSTOMER,PERSISTENT_BEHAVIOR | REPEATED_PAYMENT_FAILURES | MULTIPLE_PROBLEMATIC_JOURNEYS
C002161,Cody,Glover,United Kingdom,Standard,2,6848.45,3,1,2,1,15.0,30.0,0,0,0,0,30.0,0.5,0.5,0.0,8.12,0.0,0.0,14.44,LOW,NORMAL_CUSTOMER,NO_MAJOR_RISK_SIGNAL
C002162,Allison,Torres,Pakistan,Premium,3,6763.42,4,1,3,1,23.33,70.0,1,1,0,1,70.0,0.33,0.33,0.33,6.25,0.33,30.0,38.88,MEDIUM,LOYAL_LOW_FRICTION_CUSTOMER,HIGH_SEVERITY
C002163,Brad,Russell,United Arab Emirates,Standard,1,2089.34,1,0,1,0,0.0,0.0,0,0,0,0,0.0,0.0,0.0,0.0,0.0,0.0,0.0,0.0,LOW,NORMAL_CUSTOMER,NO_MAJOR_RISK_SIGNAL
C002164,Jason,Miller,United States,VIP,2,6605.75,2,0,2,0,22.5,45.0,1,0,0,1,45.0,0.0,0.0,0.5,1.25,0.5,30.0,27.38,MEDIUM,NORMAL_CUSTOMER,NO_MAJOR_RISK_SIGNAL
C002165,Miranda,Fields,United Arab Emirates,Premium,1,886.11,2,1,1,1,75.0,75.0,1,1,0,1,75.0,1.0,1.0,1.0,18.75,1.0,30.0,44.62,MEDIUM,NORMAL_CUSTOMER,HIGH_SEVERITY
C002166,Paige,Harris,Other,Premium,2,3212.5,3,1,2,1,15.0,30.0,0,0,0,0,30.0,0.5,0.5,0.0,8.12,0.0,0.0,14.44,LOW,NORMAL_CUSTOMER,NO_MAJOR_RISK_SIGNAL
C002167,Thomas,Faulkner,Pakistan,Standard,2,5153.6,4,2,2,2,30.0,30.0,0,0,0,0,30.0,1.0,1.0,0.0,16.25,0.0,0.0,16.88,LOW,NORMAL_CUSTOMER,REPEATED_PAYMENT_FAILURES
C002170,Sara,Casey,United Arab Emirates,Standard,4,9981.02,5,1,4,1,20.0,45.0,1,0,0,1,45.0,0.25,0.25,0.25,4.69,0.25,28.0,27.81,MEDIUM,LOYAL_LOW_FRICTION_CUSTOMER,NO_MAJOR_RISK_SIGNAL
C002171,Rachel,Medina,United Kingdom,Standard,2,2877.12,2,0,2,0,0.0,0.0,0,0,0,0,0.0,0.0,0.0,0.0,0.0,0.0,0.0,0.0,LOW,NORMAL_CUSTOMER,NO_MAJOR_RISK_SIGNAL
C002172,Anna,Henderson,Saudi Arabia,Standard,1,1722.35,2,1,1,1,75.0,75.0,1,1,0,1,75.0,1.0,1.0,1.0,18.75,1.0,30.0,44.62,MEDIUM,NORMAL_CUSTOMER,HIGH_SEVERITY
C002173,Antonio,Buck,Saudi Arabia,Standard,3,10594.86,4,1,3,1,10.0,30.0,0,0,0,0,30.0,0.33,0.33,0.0,5.42,0.0,0.0,13.63,LOW,LOYAL_LOW_FRICTION_CUSTOMER,NO_MAJOR_RISK_SIGNAL
C002174,Sarah,Hayes,Other,Standard,1,4950.9,1,0,1,0,0.0,0.0,0,0,0,0,0.0,0.0,0.0,0.0,0.0,0.0,0.0,0.0,LOW,NORMAL_CUSTOMER,NO_MAJOR_RISK_SIGNAL
C002175,Leonard,Smith,Saudi Arabia,Standard,1,1989.4,1,0,1,0,0.0,0.0,0,0,0,0,0.0,0.0,0.0,0.0,0.0,0.0,0.0,0.0,LOW,NORMAL_CUSTOMER,NO_MAJOR_RISK_SIGNAL
C002176,Suzanne,Marshall,United States,Standard,2,7678.06,3,1,2,1,37.5,45.0,1,0,0,1,45.0,0.5,0.5,0.5,9.38,0.5,30.0,29.81,MEDIUM,NORMAL_CUSTOMER,NO_MAJOR_RISK_SIGNAL
C002177,Brenda,Calderon,Saudi Arabia,Standard,2,6537.92,2,0,2,0,20.0,40.0,1,0,0,1,40.0,0.0,0.0,0.5,1.25,0.5,30.0,25.38,MEDIUM,NORMAL_CUSTOMER,NO_MAJOR_RISK_SIGNAL
C002179,Jennifer,Stanton,United Kingdom,Standard,1,1886.34,2,1,1,1,30.0,30.0,0,0,0,0,30.0,1.0,1.0,0.0,16.25,0.0,0.0,16.88,LOW,NORMAL_CUSTOMER,NO_MAJOR_RISK_SIGNAL
C002180,Raymond,Smith,Pakistan,Standard,2,5898.56,3,1,2,1,37.5,75.0,1,1,0,1,75.0,0.5,0.5,0.5,9.38,0.5,30.0,41.81,MEDIUM,NORMAL_CUSTOMER,HIGH_SEVERITY
C002181,Chase,Mahoney,United Arab Emirates,Premium,2,7141.2,3,1,2,1,37.5,75.0,1,1,0,1,75.0,0.5,0.5,0.5,9.38,0.5,30.0,41.81,MEDIUM,NORMAL_CUSTOMER,HIGH_SEVERITY
C002182,Francisco,Olson,Saudi Arabia,Premium,3,8876.92,4,1,3,1,23.33,40.0,1,0,0,1,40.0,0.33,0.33,0.33,6.25,0.33,30.0,26.88,MEDIUM,LOYAL_LOW_FRICTION_CUSTOMER,NO_MAJOR_RISK_SIGNAL
C002183,John,Harper,Saudi Arabia,Premium,1,3031.14,1,0,1,0,0.0,0.0,0,0,0,0,0.0,0.0,0.0,0.0,0.0,0.0,0.0,0.0,LOW,NORMAL_CUSTOMER,NO_MAJOR_RISK_SIGNAL
C002186,Peggy,Bell,Other,Standard,1,1058.2,1,0,1,0,0.0,0.0,0,0,0,0,0.0,0.0,0.0,0.0,0.0,0.0,0.0,0.0,LOW,NORMAL_CUSTOMER,NO_MAJOR_RISK_SIGNAL
C002187,Martin,Chen,Other,Standard,2,3767.33,2,0,2,0,20.0,40.0,1,0,0,1,40.0,0.0,0.0,0.5,1.25,0.5,30.0,25.38,MEDIUM,NORMAL_CUSTOMER,NO_MAJOR_RISK_SIGNAL
C002188,Karla,Richards,United States,Standard,2,7563.62,2,0,2,0,0.0,0.0,0,0,0,0,0.0,0.0,0.0,0.0,0.0,0.0,0.0,0.0,LOW,NORMAL_CUSTOMER,NO_MAJOR_RISK_SIGNAL
C002189,Donald,Dixon,United States,Standard,2,3244.95,2,0,2,0,0.0,0.0,0,0,0,0,0.0,0.0,0.0,0.0,0.0,0.0,0.0,0.0,LOW,NORMAL_CUSTOMER,NO_MAJOR_RISK_SIGNAL
C002191,Jennifer,Stevenson,Saudi Arabia,Premium,3,6940.08,3,0,3,0,15.0,45.0,1,0,0,1,45.0,0.0,0.0,0.33,0.83,0.33,30.0,27.25,MEDIUM,LOYAL_LOW_FRICTION_CUSTOMER,NO_MAJOR_RISK_SIGNAL
C002193,Terri,Turner,United Kingdom,Standard,1,2914.6,1,0,1,0,0.0,0.0,0,0,0,0,0.0,0.0,0.0,0.0,0.0,0.0,0.0,0.0,LOW,NORMAL_CUSTOMER,NO_MAJOR_RISK_SIGNAL
C002194,Brian,Foster,Pakistan,VIP,1,2573.15,1,0,1,0,0.0,0.0,0,0,0,0,0.0,0.0,0.0,0.0,0.0,0.0,0.0,0.0,LOW,NORMAL_CUSTOMER,NO_MAJOR_RISK_SIGNAL
C002195,Samuel,Martinez,Saudi Arabia,Premium,2,8054.75,2,0,2,0,0.0,0.0,0,0,0,0,0.0,0.0,0.0,0.0,0.0,0.0,0.0,0.0,LOW,NORMAL_CUSTOMER,NO_MAJOR_RISK_SIGNAL
C002196,Mary,Taylor,United Arab Emirates,Standard,1,4390.28,1,0,1,0,40.0,40.0,1,0,0,1,40.0,0.0,0.0,1.0,2.5,1.0,30.0,25.75,MEDIUM,NORMAL_CUSTOMER,NO_MAJOR_RISK_SIGNAL
C002197,Matthew,Hawkins,United Arab Emirates,Premium,2,4309.92,2,0,2,0,0.0,0.0,0,0,0,0,0.0,0.0,0.0,0.0,0.0,0.0,0.0,0.0,LOW,NORMAL_CUSTOMER,NO_MAJOR_RISK_SIGNAL
C002198,Kayla,Ramirez,Other,Standard,1,1775.96,2,1,1,1,35.0,35.0,0,0,0,0,35.0,1.0,1.0,0.0,16.25,0.0,0.0,18.88,LOW,NORMAL_CUSTOMER,NO_MAJOR_RISK_SIGNAL
C002199,Stephanie,Reynolds,Pakistan,Premium,2,8350.91,3,1,2,1,17.5,35.0,0,0,0,0,35.0,0.5,0.5,0.0,8.12,0.0,0.0,16.44,LOW,NORMAL_CUSTOMER,NO_MAJOR_RISK_SIGNAL
C002201,Kim,Bernard,Other,Standard,1,2355.5,3,2,1,2,65.0,65.0,2,1,0,1,65.0,2.0,2.0,2.0,37.5,1.0,30.0,46.25,MEDIUM,NORMAL_CUSTOMER,REPEATED_PAYMENT_FAILURES
C002203,Joshua,Fleming,United Arab Emirates,Standard,2,4207.52,2,0,2,0,0.0,0.0,0,0,0,0,0.0,0.0,0.0,0.0,0.0,0.0,0.0,0.0,LOW,NORMAL_CUSTOMER,NO_MAJOR_RISK_SIGNAL
C002204,Victoria,Cooper,Saudi Arabia,Standard,2,7293.82,3,1,2,1,37.5,75.0,1,1,0,1,75.0,0.5,0.5,0.5,9.38,0.5,30.0,41.81,MEDIUM,NORMAL_CUSTOMER,HIGH_SEVERITY
C002205,Tracy,Green,United Kingdom,Standard,3,7460.53,4,1,3,1,11.67,35.0,0,0,0,0,35.0,0.33,0.33,0.0,5.42,0.0,0.0,15.63,LOW,LOYAL_LOW_FRICTION_CUSTOMER,NO_MAJOR_RISK_SIGNAL
C002206,Michael,Mullins,Other,Standard,2,3983.89,3,1,2,1,15.0,30.0,0,0,0,0,30.0,0.5,0.5,0.0,8.12,0.0,0.0,14.44,LOW,NORMAL_CUSTOMER,NO_MAJOR_RISK_SIGNAL
C002207,Shelley,Chavez,Saudi Arabia,VIP,1,4176.99,1,0,1,0,45.0,45.0,1,0,0,1,45.0,0.0,0.0,1.0,2.5,1.0,30.0,27.75,MEDIUM,NORMAL_CUSTOMER,NO_MAJOR_RISK_SIGNAL
C002208,Ryan,Sanchez,Other,Standard,1,2725.55,1,0,1,0,0.0,0.0,0,0,0,0,0.0,0.0,0.0,0.0,0.0,0.0,0.0,0.0,LOW,NORMAL_CUSTOMER,NO_MAJOR_RISK_SIGNAL
C002209,Erin,Bird,Saudi Arabia,Standard,2,3786.73,3,1,2,1,15.0,30.0,0,0,0,0,30.0,0.5,0.5,0.0,8.12,0.0,0.0,14.44,LOW,NORMAL_CUSTOMER,NO_MAJOR_RISK_SIGNAL
C002210,Donna,Peterson,Other,Standard,2,6795.06,2,0,2,0,20.0,40.0,1,0,0,1,40.0,0.0,0.0,0.5,1.25,0.5,30.0,25.38,MEDIUM,NORMAL_CUSTOMER,NO_MAJOR_RISK_SIGNAL
C002212,Christine,Greene,United States,Standard,2,6069.29,2,0,2,0,20.0,40.0,1,0,0,1,40.0,0.0,0.0,0.5,1.25,0.5,30.0,25.38,MEDIUM,NORMAL_CUSTOMER,NO_MAJOR_RISK_SIGNAL
C002213,Lauren,Smith,Saudi Arabia,Standard,2,5269.98,3,1,2,1,35.0,40.0,1,0,0,1,40.0,0.5,0.5,0.5,9.38,0.5,30.0,27.81,MEDIUM,NORMAL_CUSTOMER,NO_MAJOR_RISK_SIGNAL
C002214,Jennifer,Holt,Other,VIP,1,3801.89,1,0,1,0,0.0,0.0,0,0,0,0,0.0,0.0,0.0,0.0,0.0,0.0,0.0,0.0,LOW,NORMAL_CUSTOMER,NO_MAJOR_RISK_SIGNAL
C002215,Christopher,Lucas,United Kingdom,Standard,1,3498.18,1,0,1,0,0.0,0.0,0,0,0,0,0.0,0.0,0.0,0.0,0.0,0.0,0.0,0.0,LOW,NORMAL_CUSTOMER,NO_MAJOR_RISK_SIGNAL
C002217,Jennifer,Alvarez,United States,Standard,1,1980.08,1,0,1,0,0.0,0.0,0,0,0,0,0.0,0.0,0.0,0.0,0.0,0.0,0.0,0.0,LOW,NORMAL_CUSTOMER,NO_MAJOR_RISK_SIGNAL
C002218,Cynthia,Valenzuela,Saudi Arabia,Standard,3,9088.4,3,0,3,0,13.33,40.0,1,0,0,1,40.0,0.0,0.0,0.33,0.83,0.33,30.0,25.25,MEDIUM,LOYAL_LOW_FRICTION_CUSTOMER,NO_MAJOR_RISK_SIGNAL
C002219,Jodi,Chambers,Other,Standard,1,1857.58,1,0,1,0,45.0,45.0,1,0,0,1,45.0,0.0,0.0,1.0,2.5,1.0,30.0,27.75,MEDIUM,NORMAL_CUSTOMER,NO_MAJOR_RISK_SIGNAL
C002220,Levi,Gutierrez,Saudi Arabia,Premium,1,3878.74,1,0,1,0,40.0,40.0,1,0,0,1,40.0,0.0,0.0,1.0,2.5,1.0,30.0,25.75,MEDIUM,NORMAL_CUSTOMER,NO_MAJOR_RISK_SIGNAL
C002221,Daniel,Woodard,United Kingdom,VIP,3,11586.51,3,0,3,0,13.33,40.0,1,0,0,1,40.0,0.0,0.0,0.33,0.83,0.33,30.0,25.25,MEDIUM,LOYAL_LOW_FRICTION_CUSTOMER,NO_MAJOR_RISK_SIGNAL
C002223,Kyle,Farmer,Saudi Arabia,Standard,1,2774.84,3,2,1,2,65.0,65.0,2,1,0,1,65.0,2.0,2.0,2.0,37.5,1.0,30.0,46.25,MEDIUM,NORMAL_CUSTOMER,REPEATED_PAYMENT_FAILURES
C002224,Michael,Medina,Saudi Arabia,VIP,1,3329.37,3,2,1,2,65.0,65.0,2,1,0,1,65.0,2.0,2.0,2.0,37.5,1.0,30.0,46.25,MEDIUM,NORMAL_CUSTOMER,REPEATED_PAYMENT_FAILURES
C002225,Joseph,Cobb,Saudi Arabia,Standard,2,7392.16,2,0,2,0,0.0,0.0,0,0,0,0,0.0,0.0,0.0,0.0,0.0,0.0,0.0,0.0,LOW,NORMAL_CUSTOMER,NO_MAJOR_RISK_SIGNAL
C002226,David,Banks,United Arab Emirates,Standard,1,3378.89,1,0,1,0,40.0,40.0,1,0,0,1,40.0,0.0,0.0,1.0,2.5,1.0,30.0,25.75,MEDIUM,NORMAL_CUSTOMER,NO_MAJOR_RISK_SIGNAL
C002227,Jacob,Jones,United Arab Emirates,Premium,2,4257.3,2,0,2,0,0.0,0.0,0,0,0,0,0.0,0.0,0.0,0.0,0.0,0.0,0.0,0.0,LOW,NORMAL_CUSTOMER,NO_MAJOR_RISK_SIGNAL
C002229,Angela,Collier,Saudi Arabia,Standard,1,1012.24,1,0,1,0,0.0,0.0,0,0,0,0,0.0,0.0,0.0,0.0,0.0,0.0,0.0,0.0,LOW,NORMAL_CUSTOMER,NO_MAJOR_RISK_SIGNAL
C002230,Ricky,Powers,Saudi Arabia,Standard,1,1468.78,1,0,1,0,40.0,40.0,1,0,0,1,40.0,0.0,0.0,1.0,2.5,1.0,30.0,25.75,MEDIUM,NORMAL_CUSTOMER,NO_MAJOR_RISK_SIGNAL
C002231,Anthony,Chambers,United Kingdom,Standard,3,7607.43,4,1,3,1,38.33,45.0,2,0,0,2,45.0,0.33,0.33,0.67,7.08,0.67,65.67,39.83,MEDIUM,NORMAL_CUSTOMER,PERSISTENT_BEHAVIOR | MULTIPLE_PROBLEMATIC_JOURNEYS
C002234,Carly,Carey,Other,Standard,1,3375.56,2,1,1,1,35.0,35.0,0,0,0,0,35.0,1.0,1.0,0.0,16.25,0.0,0.0,18.88,LOW,NORMAL_CUSTOMER,NO_MAJOR_RISK_SIGNAL
C002235,Mark,Howard,United Kingdom,Standard,2,5805.03,2,0,2,0,42.5,45.0,2,0,0,2,45.0,0.0,0.0,1.0,2.5,1.0,79.0,42.45,MEDIUM,NORMAL_CUSTOMER,PERSISTENT_BEHAVIOR | MULTIPLE_PROBLEMATIC_JOURNEYS
C002236,Paul,Thompson,Pakistan,Standard,2,4539.64,2,0,2,0,0.0,0.0,0,0,0,0,0.0,0.0,0.0,0.0,0.0,0.0,0.0,0.0,LOW,NORMAL_CUSTOMER,NO_MAJOR_RISK_SIGNAL
C002238,Paul,Terry,Saudi Arabia,Standard,2,4474.64,4,2,2,2,32.5,65.0,2,1,0,1,65.0,1.0,1.0,1.0,18.75,0.5,30.0,40.62,MEDIUM,NORMAL_CUSTOMER,REPEATED_PAYMENT_FAILURES
C002239,Christopher,Smith,Saudi Arabia,Premium,1,4303.1,3,2,1,2,65.0,65.0,2,1,0,1,65.0,2.0,2.0,2.0,37.5,1.0,30.0,46.25,MEDIUM,NORMAL_CUSTOMER,REPEATED_PAYMENT_FAILURES
C002241,Rebecca,Mayer,United States,Standard,2,2629.81,2,0,2,0,0.0,0.0,0,0,0,0,0.0,0.0,0.0,0.0,0.0,0.0,0.0,0.0,LOW,NORMAL_CUSTOMER,NO_MAJOR_RISK_SIGNAL
C002242,Tiffany,Wallace,Saudi Arabia,Standard,3,6821.74,8,5,3,5,66.67,70.0,5,3,0,3,70.0,1.67,1.67,1.67,31.25,1.0,91.0,64.68,HIGH,FRICTION_PRONE_CUSTOMER,HIGH_SEVERITY | PERSISTENT_BEHAVIOR | REPEATED_PAYMENT_FAILURES | MULTIPLE_PROBLEMATIC_JOURNEYS
C002243,Ashley,Walker,Pakistan,Premium,3,10427.45,4,1,3,1,10.0,30.0,0,0,0,0,30.0,0.33,0.33,0.0,5.42,0.0,0.0,13.63,LOW,LOYAL_LOW_FRICTION_CUSTOMER,NO_MAJOR_RISK_SIGNAL
C002244,Gavin,Smith,Other,Standard,3,9779.83,6,3,3,3,33.33,65.0,2,1,0,1,65.0,1.0,1.0,0.67,17.92,0.33,30.0,40.38,MEDIUM,NORMAL_CUSTOMER,REPEATED_PAYMENT_FAILURES
C002245,Oscar,Campbell,Other,Standard,2,8431.46,2,0,2,0,0.0,0.0,0,0,0,0,0.0,0.0,0.0,0.0,0.0,0.0,0.0,0.0,LOW,NORMAL_CUSTOMER,NO_MAJOR_RISK_SIGNAL
C002247,Kevin,Howard,Saudi Arabia,Standard,1,3644.5,1,0,1,0,40.0,40.0,1,0,0,1,40.0,0.0,0.0,1.0,2.5,1.0,30.0,25.75,MEDIUM,NORMAL_CUSTOMER,NO_MAJOR_RISK_SIGNAL
C002248,Trevor,Davis,United States,Premium,1,1900.07,1,0,1,0,0.0,0.0,0,0,0,0,0.0,0.0,0.0,0.0,0.0,0.0,0.0,0.0,LOW,NORMAL_CUSTOMER,NO_MAJOR_RISK_SIGNAL
C002249,Bryan,Austin,Pakistan,Standard,1,4986.77,1,0,1,0,40.0,40.0,1,0,0,1,40.0,0.0,0.0,1.0,2.5,1.0,30.0,25.75,MEDIUM,NORMAL_CUSTOMER,NO_MAJOR_RISK_SIGNAL
C002251,Robert,Robbins,Saudi Arabia,Premium,1,2045.9,2,1,1,1,35.0,35.0,0,0,0,0,35.0,1.0,1.0,0.0,16.25,0.0,0.0,18.88,LOW,NORMAL_CUSTOMER,NO_MAJOR_RISK_SIGNAL
C002252,Todd,Young,Other,VIP,2,5262.81,2,0,2,0,0.0,0.0,0,0,0,0,0.0,0.0,0.0,0.0,0.0,0.0,0.0,0.0,LOW,NORMAL_CUSTOMER,NO_MAJOR_RISK_SIGNAL
C002254,Johnathan,Cox,United States,Standard,3,4618.44,3,0,3,0,30.0,45.0,2,0,0,2,45.0,0.0,0.0,0.67,1.67,0.67,65.67,38.2,MEDIUM,NORMAL_CUSTOMER,PERSISTENT_BEHAVIOR | MULTIPLE_PROBLEMATIC_JOURNEYS
C002256,Colleen,Conway,Pakistan,Standard,2,6847.89,2,0,2,0,20.0,40.0,1,0,0,1,40.0,0.0,0.0,0.5,1.25,0.5,30.0,25.38,MEDIUM,NORMAL_CUSTOMER,NO_MAJOR_RISK_SIGNAL
C002257,Brittney,Mann,Pakistan,Premium,2,4199.61,2,0,2,0,42.5,45.0,2,0,0,2,45.0,0.0,0.0,1.0,2.5,1.0,79.0,42.45,MEDIUM,NORMAL_CUSTOMER,PERSISTENT_BEHAVIOR | MULTIPLE_PROBLEMATIC_JOURNEYS
C002258,James,Clark,United Arab Emirates,Premium,2,6448.3,2,0,2,0,22.5,45.0,1,0,0,1,45.0,0.0,0.0,0.5,1.25,0.5,30.0,27.38,MEDIUM,NORMAL_CUSTOMER,NO_MAJOR_RISK_SIGNAL
C002259,Daniel,Gonzalez,United Arab Emirates,Standard,4,13483.96,4,0,4,0,20.0,40.0,2,0,0,2,40.0,0.0,0.0,0.5,1.25,0.5,59.0,34.08,MEDIUM,NORMAL_CUSTOMER,PERSISTENT_BEHAVIOR | MULTIPLE_PROBLEMATIC_JOURNEYS
C002260,Kevin,Nicholson,United Arab Emirates,Standard,3,6116.86,5,2,3,2,50.0,65.0,4,1,0,3,65.0,0.67,0.67,1.33,14.17,1.0,91.0,57.55,HIGH,FRICTION_PRONE_CUSTOMER,PERSISTENT_BEHAVIOR | REPEATED_PAYMENT_FAILURES | MULTIPLE_PROBLEMATIC_JOURNEYS
C002262,Martin,Kane,Pakistan,Standard,4,13689.12,8,4,4,4,51.25,65.0,6,2,0,4,65.0,1.0,1.0,1.5,20.0,1.0,100.0,62.0,HIGH,FRICTION_PRONE_CUSTOMER,PERSISTENT_BEHAVIOR | REPEATED_PAYMENT_FAILURES | MULTIPLE_PROBLEMATIC_JOURNEYS
C002263,Christine,Carroll,Other,Premium,3,10018.34,3,0,3,0,13.33,40.0,1,0,0,1,40.0,0.0,0.0,0.33,0.83,0.33,30.0,25.25,MEDIUM,LOYAL_LOW_FRICTION_CUSTOMER,NO_MAJOR_RISK_SIGNAL
C002264,Linda,Snyder,United Arab Emirates,Standard,2,4614.63,2,0,2,0,0.0,0.0,0,0,0,0,0.0,0.0,0.0,0.0,0.0,0.0,0.0,0.0,LOW,NORMAL_CUSTOMER,NO_MAJOR_RISK_SIGNAL
C002266,Matthew,Keller,Pakistan,Standard,4,8627.01,4,0,4,0,0.0,0.0,0,0,0,0,0.0,0.0,0.0,0.0,0.0,0.0,0.0,0.0,LOW,LOYAL_LOW_FRICTION_CUSTOMER,NO_MAJOR_RISK_SIGNAL
C002267,Lisa,Knight,Pakistan,VIP,1,4031.84,1,0,1,0,0.0,0.0,0,0,0,0,0.0,0.0,0.0,0.0,0.0,0.0,0.0,0.0,LOW,NORMAL_CUSTOMER,NO_MAJOR_RISK_SIGNAL
C002268,Michele,Fleming,United Kingdom,Standard,1,2024.39,1,0,1,0,0.0,0.0,0,0,0,0,0.0,0.0,0.0,0.0,0.0,0.0,0.0,0.0,LOW,NORMAL_CUSTOMER,NO_MAJOR_RISK_SIGNAL
C002269,Terri,Cunningham,Saudi Arabia,Premium,1,3702.63,1,0,1,0,45.0,45.0,1,0,0,1,45.0,0.0,0.0,1.0,2.5,1.0,30.0,27.75,MEDIUM,NORMAL_CUSTOMER,NO_MAJOR_RISK_SIGNAL
C002270,Derek,Jones,Pakistan,Premium,2,5073.73,2,0,2,0,20.0,40.0,1,0,0,1,40.0,0.0,0.0,0.5,1.25,0.5,30.0,25.38,MEDIUM,NORMAL_CUSTOMER,NO_MAJOR_RISK_SIGNAL
C002271,Malik,Anderson,Saudi Arabia,Standard,1,2276.52,1,0,1,0,40.0,40.0,1,0,0,1,40.0,0.0,0.0,1.0,2.5,1.0,30.0,25.75,MEDIUM,NORMAL_CUSTOMER,NO_MAJOR_RISK_SIGNAL
C002273,James,Green,United Arab Emirates,Standard,1,3454.39,1,0,1,0,0.0,0.0,0,0,0,0,0.0,0.0,0.0,0.0,0.0,0.0,0.0,0.0,LOW,NORMAL_CUSTOMER,NO_MAJOR_RISK_SIGNAL
C002274,Leon,Hudson,United Kingdom,Standard,2,6162.7,2,0,2,0,20.0,40.0,1,0,0,1,40.0,0.0,0.0,0.5,1.25,0.5,30.0,25.38,MEDIUM,NORMAL_CUSTOMER,NO_MAJOR_RISK_SIGNAL
C002275,Tamara,Perez,Other,Premium,1,773.67,1,0,1,0,40.0,40.0,1,0,0,1,40.0,0.0,0.0,1.0,2.5,1.0,30.0,25.75,MEDIUM,NORMAL_CUSTOMER,NO_MAJOR_RISK_SIGNAL
C002276,Tanya,Mills,Pakistan,Standard,1,3121.05,1,0,1,0,40.0,40.0,1,0,0,1,40.0,0.0,0.0,1.0,2.5,1.0,30.0,25.75,MEDIUM,NORMAL_CUSTOMER,NO_MAJOR_RISK_SIGNAL
C002277,Kelly,Casey,United Kingdom,Standard,2,4718.48,2,0,2,0,0.0,0.0,0,0,0,0,0.0,0.0,0.0,0.0,0.0,0.0,0.0,0.0,LOW,NORMAL_CUSTOMER,NO_MAJOR_RISK_SIGNAL
C002278,Heather,Lee,Pakistan,Standard,2,7049.84,3,1,2,1,17.5,35.0,0,0,0,0,35.0,0.5,0.5,0.0,8.12,0.0,0.0,16.44,LOW,NORMAL_CUSTOMER,NO_MAJOR_RISK_SIGNAL
C002279,Travis,Gregory,Pakistan,Standard,2,6866.46,2,0,2,0,20.0,40.0,1,0,0,1,40.0,0.0,0.0,0.5,1.25,0.5,30.0,25.38,MEDIUM,NORMAL_CUSTOMER,NO_MAJOR_RISK_SIGNAL
C002280,Barbara,Braun,Saudi Arabia,Standard,2,2729.75,4,2,2,2,35.0,35.0,0,0,0,0,35.0,1.0,1.0,0.0,16.25,0.0,0.0,18.88,LOW,NORMAL_CUSTOMER,REPEATED_PAYMENT_FAILURES
C002281,John,Steele,Saudi Arabia,Standard,2,5859.72,3,1,2,1,37.5,75.0,1,1,0,1,75.0,0.5,0.5,0.5,9.38,0.5,30.0,41.81,MEDIUM,NORMAL_CUSTOMER,HIGH_SEVERITY
C002282,Nicholas,Patel,United Arab Emirates,Standard,2,2530.77,2,0,2,0,0.0,0.0,0,0,0,0,0.0,0.0,0.0,0.0,0.0,0.0,0.0,0.0,LOW,NORMAL_CUSTOMER,NO_MAJOR_RISK_SIGNAL
C002283,Lisa,King,United Arab Emirates,Standard,1,2023.45,1,0,1,0,45.0,45.0,1,0,0,1,45.0,0.0,0.0,1.0,2.5,1.0,30.0,27.75,MEDIUM,NORMAL_CUSTOMER,NO_MAJOR_RISK_SIGNAL
C002284,Phillip,Castro,Saudi Arabia,Standard,2,8769.07,3,1,2,1,37.5,75.0,1,1,0,1,75.0,0.5,0.5,0.5,9.38,0.5,30.0,41.81,MEDIUM,NORMAL_CUSTOMER,HIGH_SEVERITY
C002285,Daniel,Gibson,Saudi Arabia,Standard,1,1798.93,1,0,1,0,45.0,45.0,1,0,0,1,45.0,0.0,0.0,1.0,2.5,1.0,30.0,27.75,MEDIUM,NORMAL_CUSTOMER,NO_MAJOR_RISK_SIGNAL
C002286,Anne,Pace,Saudi Arabia,Standard,1,4114.36,1,0,1,0,0.0,0.0,0,0,0,0,0.0,0.0,0.0,0.0,0.0,0.0,0.0,0.0,LOW,NORMAL_CUSTOMER,NO_MAJOR_RISK_SIGNAL
C002287,Brittany,Davidson,Other,Premium,1,1161.64,1,0,1,0,0.0,0.0,0,0,0,0,0.0,0.0,0.0,0.0,0.0,0.0,0.0,0.0,LOW,NORMAL_CUSTOMER,NO_MAJOR_RISK_SIGNAL
C002290,Andrea,Mcmillan,Saudi Arabia,Standard,2,8398.54,2,0,2,0,0.0,0.0,0,0,0,0,0.0,0.0,0.0,0.0,0.0,0.0,0.0,0.0,LOW,NORMAL_CUSTOMER,NO_MAJOR_RISK_SIGNAL
C002291,Stephanie,Reynolds,Pakistan,Standard,1,4531.69,1,0,1,0,0.0,0.0,0,0,0,0,0.0,0.0,0.0,0.0,0.0,0.0,0.0,0.0,LOW,NORMAL_CUSTOMER,NO_MAJOR_RISK_SIGNAL
C002292,Steven,Carney,Saudi Arabia,Standard,1,4030.07,1,0,1,0,0.0,0.0,0,0,0,0,0.0,0.0,0.0,0.0,0.0,0.0,0.0,0.0,LOW,NORMAL_CUSTOMER,NO_MAJOR_RISK_SIGNAL
C002293,Jeanette,Hill,Saudi Arabia,VIP,1,3721.31,1,0,1,0,0.0,0.0,0,0,0,0,0.0,0.0,0.0,0.0,0.0,0.0,0.0,0.0,LOW,NORMAL_CUSTOMER,NO_MAJOR_RISK_SIGNAL
C002294,Samuel,Frazier,Pakistan,Standard,2,5876.0,3,1,2,1,15.0,30.0,0,0,0,0,30.0,0.5,0.5,0.0,8.12,0.0,0.0,14.44,LOW,NORMAL_CUSTOMER,NO_MAJOR_RISK_SIGNAL
C002295,Kelly,Owens,Saudi Arabia,Standard,5,16562.56,5,0,5,0,17.0,45.0,2,0,0,2,45.0,0.0,0.0,0.4,1.0,0.4,55.0,34.8,MEDIUM,NORMAL_CUSTOMER,PERSISTENT_BEHAVIOR | MULTIPLE_PROBLEMATIC_JOURNEYS
C002296,Heather,Ward,Saudi Arabia,Standard,2,7013.16,2,0,2,0,20.0,40.0,1,0,0,1,40.0,0.0,0.0,0.5,1.25,0.5,30.0,25.38,MEDIUM,NORMAL_CUSTOMER,NO_MAJOR_RISK_SIGNAL
C002297,Lori,Blake,Saudi Arabia,Standard,2,6867.29,3,1,2,1,15.0,30.0,0,0,0,0,30.0,0.5,0.5,0.0,8.12,0.0,0.0,14.44,LOW,NORMAL_CUSTOMER,NO_MAJOR_RISK_SIGNAL
C002298,Laura,Stephenson,Saudi Arabia,Standard,1,2801.59,1,0,1,0,0.0,0.0,0,0,0,0,0.0,0.0,0.0,0.0,0.0,0.0,0.0,0.0,LOW,NORMAL_CUSTOMER,NO_MAJOR_RISK_SIGNAL
C002299,Robert,Walker,Saudi Arabia,Standard,1,1515.66,1,0,1,0,0.0,0.0,0,0,0,0,0.0,0.0,0.0,0.0,0.0,0.0,0.0,0.0,LOW,NORMAL_CUSTOMER,NO_MAJOR_RISK_SIGNAL
C002300,Victor,Ramirez,United Arab Emirates,VIP,1,2429.04,1,0,1,0,0.0,0.0,0,0,0,0,0.0,0.0,0.0,0.0,0.0,0.0,0.0,0.0,LOW,NORMAL_CUSTOMER,NO_MAJOR_RISK_SIGNAL
C002301,Cynthia,Fisher,United States,Standard,3,9364.21,3,0,3,0,15.0,45.0,1,0,0,1,45.0,0.0,0.0,0.33,0.83,0.33,30.0,27.25,MEDIUM,LOYAL_LOW_FRICTION_CUSTOMER,NO_MAJOR_RISK_SIGNAL
C002303,Donna,Smith,Pakistan,Premium,1,3908.1,1,0,1,0,0.0,0.0,0,0,0,0,0.0,0.0,0.0,0.0,0.0,0.0,0.0,0.0,LOW,NORMAL_CUSTOMER,NO_MAJOR_RISK_SIGNAL
C002306,Charles,Armstrong,United Arab Emirates,Standard,1,4061.13,1,0,1,0,40.0,40.0,1,0,0,1,40.0,0.0,0.0,1.0,2.5,1.0,30.0,25.75,MEDIUM,NORMAL_CUSTOMER,NO_MAJOR_RISK_SIGNAL
C002307,Vicki,Johnson,Saudi Arabia,Standard,1,575.5,2,1,1,1,30.0,30.0,0,0,0,0,30.0,1.0,1.0,0.0,16.25,0.0,0.0,16.88,LOW,NORMAL_CUSTOMER,NO_MAJOR_RISK_SIGNAL
C002308,Timothy,Mclaughlin,Pakistan,Premium,2,8356.11,2,0,2,0,22.5,45.0,1,0,0,1,45.0,0.0,0.0,0.5,1.25,0.5,30.0,27.38,MEDIUM,NORMAL_CUSTOMER,NO_MAJOR_RISK_SIGNAL
C002309,Richard,Spence,Saudi Arabia,Standard,1,1173.96,2,1,1,1,30.0,30.0,0,0,0,0,30.0,1.0,1.0,0.0,16.25,0.0,0.0,16.88,LOW,NORMAL_CUSTOMER,NO_MAJOR_RISK_SIGNAL
C002310,William,Coleman,United Arab Emirates,Standard,1,4480.56,1,0,1,0,0.0,0.0,0,0,0,0,0.0,0.0,0.0,0.0,0.0,0.0,0.0,0.0,LOW,NORMAL_CUSTOMER,NO_MAJOR_RISK_SIGNAL
C002312,Heather,Wright,Other,Standard,2,6403.88,3,1,2,1,17.5,35.0,0,0,0,0,35.0,0.5,0.5,0.0,8.12,0.0,0.0,16.44,LOW,NORMAL_CUSTOMER,NO_MAJOR_RISK_SIGNAL
C002314,Krystal,Collins,United Kingdom,VIP,1,1040.96,1,0,1,0,0.0,0.0,0,0,0,0,0.0,0.0,0.0,0.0,0.0,0.0,0.0,0.0,LOW,NORMAL_CUSTOMER,NO_MAJOR_RISK_SIGNAL
C002315,Michael,Garrett,Other,Premium,1,731.35,1,0,1,0,40.0,40.0,1,0,0,1,40.0,0.0,0.0,1.0,2.5,1.0,30.0,25.75,MEDIUM,NORMAL_CUSTOMER,NO_MAJOR_RISK_SIGNAL
C002316,Paula,Davis,Saudi Arabia,Standard,1,3267.57,1,0,1,0,0.0,0.0,0,0,0,0,0.0,0.0,0.0,0.0,0.0,0.0,0.0,0.0,LOW,NORMAL_CUSTOMER,NO_MAJOR_RISK_SIGNAL
C002321,Diane,Cook,Other,Standard,2,6384.86,2,0,2,0,22.5,45.0,1,0,0,1,45.0,0.0,0.0,0.5,1.25,0.5,30.0,27.38,MEDIUM,NORMAL_CUSTOMER,NO_MAJOR_RISK_SIGNAL
C002322,Michael,Wright,United Kingdom,Premium,2,2920.7,2,0,2,0,0.0,0.0,0,0,0,0,0.0,0.0,0.0,0.0,0.0,0.0,0.0,0.0,LOW,NORMAL_CUSTOMER,NO_MAJOR_RISK_SIGNAL
C002323,Deborah,Rodriguez,Pakistan,Standard,2,5180.04,2,0,2,0,20.0,40.0,1,0,0,1,40.0,0.0,0.0,0.5,1.25,0.5,30.0,25.38,MEDIUM,NORMAL_CUSTOMER,NO_MAJOR_RISK_SIGNAL
C002324,Bradley,Allen,United Arab Emirates,Standard,1,3410.52,3,2,1,2,65.0,65.0,2,1,0,1,65.0,2.0,2.0,2.0,37.5,1.0,30.0,46.25,MEDIUM,NORMAL_CUSTOMER,REPEATED_PAYMENT_FAILURES
C002325,Tonya,Peterson,United States,Standard,4,8745.38,6,2,4,2,26.25,75.0,1,1,0,1,75.0,0.5,0.5,0.25,8.75,0.25,28.0,41.02,MEDIUM,LOYAL_LOW_FRICTION_CUSTOMER,HIGH_SEVERITY | REPEATED_PAYMENT_FAILURES
C002326,Erica,Brown,Other,Standard,1,3989.0,1,0,1,0,0.0,0.0,0,0,0,0,0.0,0.0,0.0,0.0,0.0,0.0,0.0,0.0,LOW,NORMAL_CUSTOMER,NO_MAJOR_RISK_SIGNAL
C002327,Reginald,Cook,United States,Premium,2,5890.2,2,0,2,0,0.0,0.0,0,0,0,0,0.0,0.0,0.0,0.0,0.0,0.0,0.0,0.0,LOW,NORMAL_CUSTOMER,NO_MAJOR_RISK_SIGNAL
C002328,Karen,Bauer,Saudi Arabia,Standard,3,7774.79,4,1,3,1,23.33,40.0,1,0,0,1,40.0,0.33,0.33,0.33,6.25,0.33,30.0,26.88,MEDIUM,LOYAL_LOW_FRICTION_CUSTOMER,NO_MAJOR_RISK_SIGNAL
C002330,Russell,Parsons,Saudi Arabia,Standard,2,4544.59,3,1,2,1,15.0,30.0,0,0,0,0,30.0,0.5,0.5,0.0,8.12,0.0,0.0,14.44,LOW,NORMAL_CUSTOMER,NO_MAJOR_RISK_SIGNAL
C002331,Alex,Harvey,Saudi Arabia,Standard,4,13194.65,6,2,4,2,56.25,100.0,6,1,1,4,100.0,0.5,0.5,1.5,11.88,1.0,100.0,73.56,HIGH,FRICTION_PRONE_CUSTOMER,HIGH_SEVERITY | PERSISTENT_BEHAVIOR | REPEATED_PAYMENT_FAILURES | MULTIPLE_PROBLEMATIC_JOURNEYS | CRITICAL_JOURNEY
C002332,Jonathan,Duran,Saudi Arabia,Standard,2,2823.45,3,1,2,1,15.0,30.0,0,0,0,0,30.0,0.5,0.5,0.0,8.12,0.0,0.0,14.44,LOW,NORMAL_CUSTOMER,NO_MAJOR_RISK_SIGNAL
C002333,William,Garrett,Pakistan,Premium,2,5236.53,2,0,2,0,20.0,40.0,1,0,0,1,40.0,0.0,0.0,0.5,1.25,0.5,30.0,25.38,MEDIUM,NORMAL_CUSTOMER,NO_MAJOR_RISK_SIGNAL
C002335,Beverly,Miller,Saudi Arabia,Standard,3,8746.72,4,1,3,1,23.33,40.0,1,0,0,1,40.0,0.33,0.33,0.33,6.25,0.33,30.0,26.88,MEDIUM,LOYAL_LOW_FRICTION_CUSTOMER,NO_MAJOR_RISK_SIGNAL
C002336,Barbara,Brown,United Arab Emirates,Standard,1,3552.3,1,0,1,0,0.0,0.0,0,0,0,0,0.0,0.0,0.0,0.0,0.0,0.0,0.0,0.0,LOW,NORMAL_CUSTOMER,NO_MAJOR_RISK_SIGNAL
C002337,Sean,Johnson,United Arab Emirates,Standard,2,3040.08,2,0,2,0,20.0,40.0,1,0,0,1,40.0,0.0,0.0,0.5,1.25,0.5,30.0,25.38,MEDIUM,NORMAL_CUSTOMER,NO_MAJOR_RISK_SIGNAL
C002339,Kelsey,Abbott,Saudi Arabia,Standard,1,2720.57,1,0,1,0,0.0,0.0,0,0,0,0,0.0,0.0,0.0,0.0,0.0,0.0,0.0,0.0,LOW,NORMAL_CUSTOMER,NO_MAJOR_RISK_SIGNAL
C002340,Brianna,Brown,United Arab Emirates,Standard,3,9611.24,3,0,3,0,13.33,40.0,1,0,0,1,40.0,0.0,0.0,0.33,0.83,0.33,30.0,25.25,MEDIUM,LOYAL_LOW_FRICTION_CUSTOMER,NO_MAJOR_RISK_SIGNAL
C002341,Vincent,Anderson,United States,Standard,1,2009.96,1,0,1,0,0.0,0.0,0,0,0,0,0.0,0.0,0.0,0.0,0.0,0.0,0.0,0.0,LOW,NORMAL_CUSTOMER,NO_MAJOR_RISK_SIGNAL
C002342,Michael,Ellison,Saudi Arabia,Standard,2,9095.63,2,0,2,0,0.0,0.0,0,0,0,0,0.0,0.0,0.0,0.0,0.0,0.0,0.0,0.0,LOW,NORMAL_CUSTOMER,NO_MAJOR_RISK_SIGNAL
C002343,Angel,Ramos,Saudi Arabia,Premium,1,2764.85,1,0,1,0,45.0,45.0,1,0,0,1,45.0,0.0,0.0,1.0,2.5,1.0,30.0,27.75,MEDIUM,NORMAL_CUSTOMER,NO_MAJOR_RISK_SIGNAL
C002344,Dan,Turner,United Arab Emirates,Premium,2,4900.04,2,0,2,0,20.0,40.0,1,0,0,1,40.0,0.0,0.0,0.5,1.25,0.5,30.0,25.38,MEDIUM,NORMAL_CUSTOMER,NO_MAJOR_RISK_SIGNAL
C002346,Suzanne,Jones,United Kingdom,Standard,1,3839.73,2,1,1,1,30.0,30.0,0,0,0,0,30.0,1.0,1.0,0.0,16.25,0.0,0.0,16.88,LOW,NORMAL_CUSTOMER,NO_MAJOR_RISK_SIGNAL
C002347,Darren,Byrd,United Kingdom,Premium,1,2748.02,1,0,1,0,0.0,0.0,0,0,0,0,0.0,0.0,0.0,0.0,0.0,0.0,0.0,0.0,LOW,NORMAL_CUSTOMER,NO_MAJOR_RISK_SIGNAL
C002348,Shelia,Hansen,United Arab Emirates,Standard,1,4605.12,1,0,1,0,0.0,0.0,0,0,0,0,0.0,0.0,0.0,0.0,0.0,0.0,0.0,0.0,LOW,NORMAL_CUSTOMER,NO_MAJOR_RISK_SIGNAL
C002350,Larry,James,Saudi Arabia,Standard,5,17839.18,7,2,5,2,30.0,75.0,2,1,0,2,75.0,0.4,0.4,0.4,7.5,0.4,55.0,48.75,MEDIUM,NORMAL_CUSTOMER,HIGH_SEVERITY | PERSISTENT_BEHAVIOR | REPEATED_PAYMENT_FAILURES | MULTIPLE_PROBLEMATIC_JOURNEYS
C002351,Stanley,Davis,Pakistan,Standard,2,7283.23,2,0,2,0,0.0,0.0,0,0,0,0,0.0,0.0,0.0,0.0,0.0,0.0,0.0,0.0,LOW,NORMAL_CUSTOMER,NO_MAJOR_RISK_SIGNAL
C002353,Timothy,Hall,Pakistan,Standard,4,13178.37,4,0,4,0,30.0,40.0,3,0,0,3,40.0,0.0,0.0,0.75,1.88,0.75,81.0,40.86,MEDIUM,NORMAL_CUSTOMER,PERSISTENT_BEHAVIOR | MULTIPLE_PROBLEMATIC_JOURNEYS
C002354,Thomas,Greene,Other,Standard,1,1346.94,1,0,1,0,45.0,45.0,1,0,0,1,45.0,0.0,0.0,1.0,2.5,1.0,30.0,27.75,MEDIUM,NORMAL_CUSTOMER,NO_MAJOR_RISK_SIGNAL
C002355,Samuel,Keller,United Kingdom,Premium,1,776.79,2,1,1,1,30.0,30.0,0,0,0,0,30.0,1.0,1.0,0.0,16.25,0.0,0.0,16.88,LOW,NORMAL_CUSTOMER,NO_MAJOR_RISK_SIGNAL
C002356,Heather,Smith,Saudi Arabia,Premium,2,6032.9,3,1,2,1,15.0,30.0,0,0,0,0,30.0,0.5,0.5,0.0,8.12,0.0,0.0,14.44,LOW,NORMAL_CUSTOMER,NO_MAJOR_RISK_SIGNAL
C002357,Luis,Reyes,Other,Standard,1,4049.37,2,1,1,1,30.0,30.0,0,0,0,0,30.0,1.0,1.0,0.0,16.25,0.0,0.0,16.88,LOW,NORMAL_CUSTOMER,NO_MAJOR_RISK_SIGNAL
C002359,Lisa,Hobbs,Pakistan,Standard,1,2383.16,1,0,1,0,0.0,0.0,0,0,0,0,0.0,0.0,0.0,0.0,0.0,0.0,0.0,0.0,LOW,NORMAL_CUSTOMER,NO_MAJOR_RISK_SIGNAL
C002360,Darin,Harvey,Saudi Arabia,Premium,2,8940.97,2,0,2,0,0.0,0.0,0,0,0,0,0.0,0.0,0.0,0.0,0.0,0.0,0.0,0.0,LOW,NORMAL_CUSTOMER,NO_MAJOR_RISK_SIGNAL
C002361,Melinda,Morgan,Saudi Arabia,VIP,1,4538.69,2,1,1,1,80.0,80.0,1,1,1,1,80.0,1.0,1.0,1.0,18.75,1.0,30.0,46.62,MEDIUM,NORMAL_CUSTOMER,HIGH_SEVERITY | CRITICAL_JOURNEY
C002362,Deborah,Pace,United Arab Emirates,Premium,2,6175.44,2,0,2,0,0.0,0.0,0,0,0,0,0.0,0.0,0.0,0.0,0.0,0.0,0.0,0.0,LOW,NORMAL_CUSTOMER,NO_MAJOR_RISK_SIGNAL
C002363,Erica,Logan,Saudi Arabia,Premium,2,3990.37,2,0,2,0,22.5,45.0,1,0,0,1,45.0,0.0,0.0,0.5,1.25,0.5,30.0,27.38,MEDIUM,NORMAL_CUSTOMER,NO_MAJOR_RISK_SIGNAL
C002364,Frank,Gibson,United Arab Emirates,Standard,2,7218.5,2,0,2,0,0.0,0.0,0,0,0,0,0.0,0.0,0.0,0.0,0.0,0.0,0.0,0.0,LOW,NORMAL_CUSTOMER,NO_MAJOR_RISK_SIGNAL
C002365,Tonya,Murphy,Pakistan,Premium,1,2482.17,1,0,1,0,0.0,0.0,0,0,0,0,0.0,0.0,0.0,0.0,0.0,0.0,0.0,0.0,LOW,NORMAL_CUSTOMER,NO_MAJOR_RISK_SIGNAL
C002366,John,Lee,Saudi Arabia,Premium,2,5261.4,2,0,2,0,20.0,40.0,1,0,0,1,40.0,0.0,0.0,0.5,1.25,0.5,30.0,25.38,MEDIUM,NORMAL_CUSTOMER,NO_MAJOR_RISK_SIGNAL
C002367,Greg,Garcia,Saudi Arabia,Premium,1,1772.44,1,0,1,0,0.0,0.0,0,0,0,0,0.0,0.0,0.0,0.0,0.0,0.0,0.0,0.0,LOW,NORMAL_CUSTOMER,NO_MAJOR_RISK_SIGNAL
C002368,Ethan,Larson,Pakistan,Standard,2,5771.42,2,0,2,0,0.0,0.0,0,0,0,0,0.0,0.0,0.0,0.0,0.0,0.0,0.0,0.0,LOW,NORMAL_CUSTOMER,NO_MAJOR_RISK_SIGNAL
C002369,Anita,Jones,United Arab Emirates,Premium,3,7743.79,4,1,3,1,10.0,30.0,0,0,0,0,30.0,0.33,0.33,0.0,5.42,0.0,0.0,13.63,LOW,LOYAL_LOW_FRICTION_CUSTOMER,NO_MAJOR_RISK_SIGNAL
C002370,Susan,Clarke,United Kingdom,Standard,2,8759.85,2,0,2,0,0.0,0.0,0,0,0,0,0.0,0.0,0.0,0.0,0.0,0.0,0.0,0.0,LOW,NORMAL_CUSTOMER,NO_MAJOR_RISK_SIGNAL
C002371,Jesse,Lee,United Kingdom,Standard,2,9714.98,4,2,2,2,52.5,65.0,4,1,0,2,65.0,1.0,1.0,2.0,21.25,1.0,79.0,56.08,HIGH,FRICTION_PRONE_CUSTOMER,PERSISTENT_BEHAVIOR | REPEATED_PAYMENT_FAILURES | MULTIPLE_PROBLEMATIC_JOURNEYS
C002372,Richard,Berry,United States,Standard,3,9298.94,3,0,3,0,0.0,0.0,0,0,0,0,0.0,0.0,0.0,0.0,0.0,0.0,0.0,0.0,LOW,LOYAL_LOW_FRICTION_CUSTOMER,NO_MAJOR_RISK_SIGNAL
C002374,Danielle,Scott,United Arab Emirates,Standard,1,1393.29,1,0,1,0,45.0,45.0,1,0,0,1,45.0,0.0,0.0,1.0,2.5,1.0,30.0,27.75,MEDIUM,NORMAL_CUSTOMER,NO_MAJOR_RISK_SIGNAL
C002375,Ryan,Fisher,United Kingdom,Premium,2,6879.48,3,1,2,1,37.5,40.0,1,0,0,1,40.0,0.5,0.5,0.5,9.38,0.5,30.0,27.81,MEDIUM,NORMAL_CUSTOMER,NO_MAJOR_RISK_SIGNAL
C002377,Christina,Wallace,United Arab Emirates,Standard,4,8014.04,6,2,4,2,16.25,65.0,2,1,0,1,65.0,0.5,0.5,0.5,9.38,0.25,28.0,37.21,MEDIUM,LOYAL_LOW_FRICTION_CUSTOMER,REPEATED_PAYMENT_FAILURES
C002379,Brittany,Robles,United Arab Emirates,Premium,3,12129.71,6,3,3,3,43.33,100.0,3,1,1,1,100.0,1.0,1.0,1.0,18.75,0.33,30.0,54.62,HIGH,FRICTION_PRONE_CUSTOMER,HIGH_SEVERITY | REPEATED_PAYMENT_FAILURES | CRITICAL_JOURNEY
C002380,Paul,Brown,United States,Standard,2,5348.69,3,1,2,1,37.5,40.0,1,0,0,1,40.0,0.5,0.5,0.5,9.38,0.5,30.0,27.81,MEDIUM,NORMAL_CUSTOMER,NO_MAJOR_RISK_SIGNAL
C002381,Janet,Collins,United States,Standard,1,1532.01,1,0,1,0,0.0,0.0,0,0,0,0,0.0,0.0,0.0,0.0,0.0,0.0,0.0,0.0,LOW,NORMAL_CUSTOMER,NO_MAJOR_RISK_SIGNAL
C002382,Jamie,Graham,Other,Standard,4,11310.49,4,0,4,0,10.0,40.0,1,0,0,1,40.0,0.0,0.0,0.25,0.62,0.25,28.0,24.59,MEDIUM,LOYAL_LOW_FRICTION_CUSTOMER,NO_MAJOR_RISK_SIGNAL
C002383,Karen,Moyer,Other,Standard,3,10242.17,3,0,3,0,26.67,40.0,2,0,0,2,40.0,0.0,0.0,0.67,1.67,0.67,65.67,36.2,MEDIUM,NORMAL_CUSTOMER,PERSISTENT_BEHAVIOR | MULTIPLE_PROBLEMATIC_JOURNEYS
C002384,Lindsey,Webster,United Arab Emirates,Premium,1,4422.69,1,0,1,0,0.0,0.0,0,0,0,0,0.0,0.0,0.0,0.0,0.0,0.0,0.0,0.0,LOW,NORMAL_CUSTOMER,NO_MAJOR_RISK_SIGNAL
C002385,Bryan,Collins,United Arab Emirates,Premium,3,8274.8,4,1,3,1,36.67,70.0,2,1,0,2,70.0,0.33,0.33,0.67,7.08,0.67,65.67,49.82,HIGH,FRICTION_PRONE_CUSTOMER,HIGH_SEVERITY | PERSISTENT_BEHAVIOR | MULTIPLE_PROBLEMATIC_JOURNEYS
C002386,Cristian,Mcclure,Pakistan,Premium,2,7114.88,2,0,2,0,0.0,0.0,0,0,0,0,0.0,0.0,0.0,0.0,0.0,0.0,0.0,0.0,LOW,NORMAL_CUSTOMER,NO_MAJOR_RISK_SIGNAL
C002387,Monica,Rowe,United Arab Emirates,Standard,3,5168.02,3,0,3,0,15.0,45.0,1,0,0,1,45.0,0.0,0.0,0.33,0.83,0.33,30.0,27.25,MEDIUM,LOYAL_LOW_FRICTION_CUSTOMER,NO_MAJOR_RISK_SIGNAL
C002388,Jacob,Hernandez,Pakistan,Standard,2,5063.18,2,0,2,0,0.0,0.0,0,0,0,0,0.0,0.0,0.0,0.0,0.0,0.0,0.0,0.0,LOW,NORMAL_CUSTOMER,NO_MAJOR_RISK_SIGNAL
C002391,Jose,Wood,United Arab Emirates,Standard,2,5840.49,2,0,2,0,20.0,40.0,1,0,0,1,40.0,0.0,0.0,0.5,1.25,0.5,30.0,25.38,MEDIUM,NORMAL_CUSTOMER,NO_MAJOR_RISK_SIGNAL
C002392,Michelle,Smith,Saudi Arabia,Standard,1,4323.83,1,0,1,0,0.0,0.0,0,0,0,0,0.0,0.0,0.0,0.0,0.0,0.0,0.0,0.0,LOW,NORMAL_CUSTOMER,NO_MAJOR_RISK_SIGNAL
C002394,Danielle,Gregory,Saudi Arabia,VIP,1,3109.53,1,0,1,0,40.0,40.0,1,0,0,1,40.0,0.0,0.0,1.0,2.5,1.0,30.0,25.75,MEDIUM,NORMAL_CUSTOMER,NO_MAJOR_RISK_SIGNAL
C002395,Candice,Brown,Other,Premium,2,6840.16,3,1,2,1,37.5,75.0,1,1,0,1,75.0,0.5,0.5,0.5,9.38,0.5,30.0,41.81,MEDIUM,NORMAL_CUSTOMER,HIGH_SEVERITY
C002396,Cheryl,Hunter,United Arab Emirates,Standard,2,9288.5,3,1,2,1,15.0,30.0,0,0,0,0,30.0,0.5,0.5,0.0,8.12,0.0,0.0,14.44,LOW,NORMAL_CUSTOMER,NO_MAJOR_RISK_SIGNAL
C002397,Brenda,Conley,Saudi Arabia,Standard,1,4574.33,3,2,1,2,60.0,60.0,2,1,0,1,60.0,2.0,2.0,2.0,37.5,1.0,30.0,44.25,MEDIUM,NORMAL_CUSTOMER,REPEATED_PAYMENT_FAILURES
C002398,Michael,Trevino,Saudi Arabia,VIP,3,4275.65,3,0,3,0,15.0,45.0,1,0,0,1,45.0,0.0,0.0,0.33,0.83,0.33,30.0,27.25,MEDIUM,LOYAL_LOW_FRICTION_CUSTOMER,NO_MAJOR_RISK_SIGNAL
C002399,Megan,Henderson,Pakistan,Standard,1,4710.06,1,0,1,0,0.0,0.0,0,0,0,0,0.0,0.0,0.0,0.0,0.0,0.0,0.0,0.0,LOW,NORMAL_CUSTOMER,NO_MAJOR_RISK_SIGNAL
C002400,Christina,Gonzalez,Pakistan,Premium,1,1890.97,1,0,1,0,0.0,0.0,0,0,0,0,0.0,0.0,0.0,0.0,0.0,0.0,0.0,0.0,LOW,NORMAL_CUSTOMER,NO_MAJOR_RISK_SIGNAL
C002401,Lisa,Gonzalez,United Arab Emirates,Standard,1,4748.3,1,0,1,0,0.0,0.0,0,0,0,0,0.0,0.0,0.0,0.0,0.0,0.0,0.0,0.0,LOW,NORMAL_CUSTOMER,NO_MAJOR_RISK_SIGNAL
C002402,Janice,Kerr,Saudi Arabia,Premium,2,4323.26,4,2,2,2,32.5,35.0,0,0,0,0,35.0,1.0,1.0,0.0,16.25,0.0,0.0,18.88,LOW,NORMAL_CUSTOMER,REPEATED_PAYMENT_FAILURES
C002403,Kenneth,Glover,United Arab Emirates,Premium,1,2010.96,1,0,1,0,45.0,45.0,1,0,0,1,45.0,0.0,0.0,1.0,2.5,1.0,30.0,27.75,MEDIUM,NORMAL_CUSTOMER,NO_MAJOR_RISK_SIGNAL
C002404,Christina,Peterson,United Arab Emirates,Standard,2,4891.25,2,0,2,0,20.0,40.0,1,0,0,1,40.0,0.0,0.0,0.5,1.25,0.5,30.0,25.38,MEDIUM,NORMAL_CUSTOMER,NO_MAJOR_RISK_SIGNAL
C002409,Isaac,Rivera,Other,Standard,2,4093.4,3,1,2,1,15.0,30.0,0,0,0,0,30.0,0.5,0.5,0.0,8.12,0.0,0.0,14.44,LOW,NORMAL_CUSTOMER,NO_MAJOR_RISK_SIGNAL
C002410,Heather,Lane,United Arab Emirates,Standard,2,5446.1,2,0,2,0,22.5,45.0,1,0,0,1,45.0,0.0,0.0,0.5,1.25,0.5,30.0,27.38,MEDIUM,NORMAL_CUSTOMER,NO_MAJOR_RISK_SIGNAL
C002411,William,Mccarty,United Kingdom,Premium,3,7512.78,4,1,3,1,25.0,45.0,1,0,0,1,45.0,0.33,0.33,0.33,6.25,0.33,30.0,28.88,MEDIUM,LOYAL_LOW_FRICTION_CUSTOMER,NO_MAJOR_RISK_SIGNAL
C002412,Robert,Jensen,Saudi Arabia,Premium,2,8372.93,3,1,2,1,15.0,30.0,0,0,0,0,30.0,0.5,0.5,0.0,8.12,0.0,0.0,14.44,LOW,NORMAL_CUSTOMER,NO_MAJOR_RISK_SIGNAL
C002414,Patrick,Martin,Saudi Arabia,Standard,1,1083.79,1,0,1,0,0.0,0.0,0,0,0,0,0.0,0.0,0.0,0.0,0.0,0.0,0.0,0.0,LOW,NORMAL_CUSTOMER,NO_MAJOR_RISK_SIGNAL
C002415,Jacob,Gibson,Pakistan,Standard,2,7492.44,2,0,2,0,0.0,0.0,0,0,0,0,0.0,0.0,0.0,0.0,0.0,0.0,0.0,0.0,LOW,NORMAL_CUSTOMER,NO_MAJOR_RISK_SIGNAL
C002416,Cynthia,Mccormick,Other,Standard,4,11197.75,5,1,4,1,7.5,30.0,0,0,0,0,30.0,0.25,0.25,0.0,4.06,0.0,0.0,13.22,LOW,LOYAL_LOW_FRICTION_CUSTOMER,NO_MAJOR_RISK_SIGNAL
C002417,Heather,Williams,United Arab Emirates,Standard,1,1946.36,1,0,1,0,45.0,45.0,1,0,0,1,45.0,0.0,0.0,1.0,2.5,1.0,30.0,27.75,MEDIUM,NORMAL_CUSTOMER,NO_MAJOR_RISK_SIGNAL
C002419,Zoe,Smith,Saudi Arabia,VIP,2,5600.89,3,1,2,1,17.5,35.0,0,0,0,0,35.0,0.5,0.5,0.0,8.12,0.0,0.0,16.44,LOW,NORMAL_CUSTOMER,NO_MAJOR_RISK_SIGNAL
C002420,Angela,Walker,United Arab Emirates,Standard,2,5584.73,2,0,2,0,45.0,45.0,2,0,0,2,45.0,0.0,0.0,1.0,2.5,1.0,79.0,42.45,MEDIUM,NORMAL_CUSTOMER,PERSISTENT_BEHAVIOR | MULTIPLE_PROBLEMATIC_JOURNEYS
C002422,Donald,Hanson,Saudi Arabia,Standard,2,3237.56,2,0,2,0,20.0,40.0,1,0,0,1,40.0,0.0,0.0,0.5,1.25,0.5,30.0,25.38,MEDIUM,NORMAL_CUSTOMER,NO_MAJOR_RISK_SIGNAL
C002423,Leonard,Allen,United States,Standard,1,2206.46,1,0,1,0,45.0,45.0,1,0,0,1,45.0,0.0,0.0,1.0,2.5,1.0,30.0,27.75,MEDIUM,NORMAL_CUSTOMER,NO_MAJOR_RISK_SIGNAL
C002424,Shannon,Navarro,United Arab Emirates,Standard,1,3090.86,1,0,1,0,0.0,0.0,0,0,0,0,0.0,0.0,0.0,0.0,0.0,0.0,0.0,0.0,LOW,NORMAL_CUSTOMER,NO_MAJOR_RISK_SIGNAL
C002425,Brian,Cisneros,Saudi Arabia,Standard,2,5156.39,2,0,2,0,20.0,40.0,1,0,0,1,40.0,0.0,0.0,0.5,1.25,0.5,30.0,25.38,MEDIUM,NORMAL_CUSTOMER,NO_MAJOR_RISK_SIGNAL
C002426,Michael,Rivera,Other,Standard,1,2866.19,1,0,1,0,40.0,40.0,1,0,0,1,40.0,0.0,0.0,1.0,2.5,1.0,30.0,25.75,MEDIUM,NORMAL_CUSTOMER,NO_MAJOR_RISK_SIGNAL
C002427,Albert,Singh,Saudi Arabia,Premium,3,6438.34,5,2,3,2,61.67,75.0,3,2,0,3,75.0,0.67,0.67,1.0,13.33,1.0,91.0,61.3,HIGH,FRICTION_PRONE_CUSTOMER,HIGH_SEVERITY | PERSISTENT_BEHAVIOR | REPEATED_PAYMENT_FAILURES | MULTIPLE_PROBLEMATIC_JOURNEYS
C002428,Derrick,Harris,Other,Standard,2,5251.9,2,0,2,0,0.0,0.0,0,0,0,0,0.0,0.0,0.0,0.0,0.0,0.0,0.0,0.0,LOW,NORMAL_CUSTOMER,NO_MAJOR_RISK_SIGNAL
C002429,Lisa,Lopez,United Arab Emirates,Standard,3,8062.11,3,0,3,0,15.0,45.0,1,0,0,1,45.0,0.0,0.0,0.33,0.83,0.33,30.0,27.25,MEDIUM,LOYAL_LOW_FRICTION_CUSTOMER,NO_MAJOR_RISK_SIGNAL
C002430,Tamara,Fritz,Other,Premium,2,6212.4,2,0,2,0,0.0,0.0,0,0,0,0,0.0,0.0,0.0,0.0,0.0,0.0,0.0,0.0,LOW,NORMAL_CUSTOMER,NO_MAJOR_RISK_SIGNAL
C002431,William,Cox,Pakistan,Standard,3,7906.43,3,0,3,0,28.33,45.0,2,0,0,2,45.0,0.0,0.0,0.67,1.67,0.67,65.67,38.2,MEDIUM,NORMAL_CUSTOMER,PERSISTENT_BEHAVIOR | MULTIPLE_PROBLEMATIC_JOURNEYS
C002432,Troy,Jones,United States,Standard,2,6346.14,3,1,2,1,15.0,30.0,0,0,0,0,30.0,0.5,0.5,0.0,8.12,0.0,0.0,14.44,LOW,NORMAL_CUSTOMER,NO_MAJOR_RISK_SIGNAL
C002433,Gail,Johnson,Other,Standard,1,1978.99,1,0,1,0,40.0,40.0,1,0,0,1,40.0,0.0,0.0,1.0,2.5,1.0,30.0,25.75,MEDIUM,NORMAL_CUSTOMER,NO_MAJOR_RISK_SIGNAL
C002434,Robert,Wilson,Saudi Arabia,Premium,3,8505.86,5,2,3,2,21.67,65.0,2,1,0,1,65.0,0.67,0.67,0.67,12.5,0.33,30.0,38.75,MEDIUM,LOYAL_LOW_FRICTION_CUSTOMER,REPEATED_PAYMENT_FAILURES
C002435,Mary,Roberts,Other,Premium,3,9791.2,5,2,3,2,35.0,60.0,3,1,0,2,60.0,0.67,0.67,1.0,13.33,0.67,65.67,47.7,MEDIUM,NORMAL_CUSTOMER,PERSISTENT_BEHAVIOR | REPEATED_PAYMENT_FAILURES | MULTIPLE_PROBLEMATIC_JOURNEYS
C002436,Tracy,Lee,United Arab Emirates,Standard,2,6517.83,2,0,2,0,0.0,0.0,0,0,0,0,0.0,0.0,0.0,0.0,0.0,0.0,0.0,0.0,LOW,NORMAL_CUSTOMER,NO_MAJOR_RISK_SIGNAL
C002437,Christopher,Willis,United Arab Emirates,Standard,1,4195.7,1,0,1,0,0.0,0.0,0,0,0,0,0.0,0.0,0.0,0.0,0.0,0.0,0.0,0.0,LOW,NORMAL_CUSTOMER,NO_MAJOR_RISK_SIGNAL
C002438,Anthony,Cannon,United Arab Emirates,Premium,1,3338.22,3,2,1,2,60.0,60.0,2,1,0,1,60.0,2.0,2.0,2.0,37.5,1.0,30.0,44.25,MEDIUM,NORMAL_CUSTOMER,REPEATED_PAYMENT_FAILURES
C002439,Kathleen,Williams,Pakistan,Premium,1,1685.31,1,0,1,0,0.0,0.0,0,0,0,0,0.0,0.0,0.0,0.0,0.0,0.0,0.0,0.0,LOW,NORMAL_CUSTOMER,NO_MAJOR_RISK_SIGNAL
C002441,Joshua,Gonzalez,Pakistan,Premium,2,6650.88,2,0,2,0,20.0,40.0,1,0,0,1,40.0,0.0,0.0,0.5,1.25,0.5,30.0,25.38,MEDIUM,NORMAL_CUSTOMER,NO_MAJOR_RISK_SIGNAL
C002442,Amanda,Thompson,Pakistan,Standard,1,2759.41,2,1,1,1,75.0,75.0,1,1,0,1,75.0,1.0,1.0,1.0,18.75,1.0,30.0,44.62,MEDIUM,NORMAL_CUSTOMER,HIGH_SEVERITY
C002443,Gary,Mcclure,United States,Standard,1,4446.64,3,2,1,2,65.0,65.0,2,1,0,1,65.0,2.0,2.0,2.0,37.5,1.0,30.0,46.25,MEDIUM,NORMAL_CUSTOMER,REPEATED_PAYMENT_FAILURES
C002444,Stephen,Higgins,United States,Standard,3,7442.36,3,0,3,0,0.0,0.0,0,0,0,0,0.0,0.0,0.0,0.0,0.0,0.0,0.0,0.0,LOW,LOYAL_LOW_FRICTION_CUSTOMER,NO_MAJOR_RISK_SIGNAL
C002445,Julia,Morgan,United Arab Emirates,Standard,2,6381.86,2,0,2,0,0.0,0.0,0,0,0,0,0.0,0.0,0.0,0.0,0.0,0.0,0.0,0.0,LOW,NORMAL_CUSTOMER,NO_MAJOR_RISK_SIGNAL
C002446,Katie,Spencer,United Arab Emirates,Standard,2,4227.64,2,0,2,0,0.0,0.0,0,0,0,0,0.0,0.0,0.0,0.0,0.0,0.0,0.0,0.0,LOW,NORMAL_CUSTOMER,NO_MAJOR_RISK_SIGNAL
C002447,Andrea,White,Saudi Arabia,Premium,1,2518.94,1,0,1,0,0.0,0.0,0,0,0,0,0.0,0.0,0.0,0.0,0.0,0.0,0.0,0.0,LOW,NORMAL_CUSTOMER,NO_MAJOR_RISK_SIGNAL
C002449,Danny,Cameron,Saudi Arabia,Standard,4,12023.72,4,0,4,0,0.0,0.0,0,0,0,0,0.0,0.0,0.0,0.0,0.0,0.0,0.0,0.0,LOW,LOYAL_LOW_FRICTION_CUSTOMER,NO_MAJOR_RISK_SIGNAL
C002450,Kimberly,Lozano,United Arab Emirates,Standard,2,7791.66,3,1,2,1,37.5,45.0,1,0,0,1,45.0,0.5,0.5,0.5,9.38,0.5,30.0,29.81,MEDIUM,NORMAL_CUSTOMER,NO_MAJOR_RISK_SIGNAL
C002451,Madeline,Smith,Saudi Arabia,Premium,1,2851.56,2,1,1,1,30.0,30.0,0,0,0,0,30.0,1.0,1.0,0.0,16.25,0.0,0.0,16.88,LOW,NORMAL_CUSTOMER,NO_MAJOR_RISK_SIGNAL
C002452,Michael,Byrd,Other,Premium,3,6006.56,5,2,3,2,33.33,100.0,3,1,1,1,100.0,0.67,0.67,1.0,13.33,0.33,30.0,53.0,HIGH,FRICTION_PRONE_CUSTOMER,HIGH_SEVERITY | REPEATED_PAYMENT_FAILURES | CRITICAL_JOURNEY
C002453,Lynn,Gray,Pakistan,Standard,1,1477.09,1,0,1,0,45.0,45.0,1,0,0,1,45.0,0.0,0.0,1.0,2.5,1.0,30.0,27.75,MEDIUM,NORMAL_CUSTOMER,NO_MAJOR_RISK_SIGNAL
C002455,Jennifer,Rodriguez,Pakistan,Standard,3,7507.66,4,1,3,1,10.0,30.0,0,0,0,0,30.0,0.33,0.33,0.0,5.42,0.0,0.0,13.63,LOW,LOYAL_LOW_FRICTION_CUSTOMER,NO_MAJOR_RISK_SIGNAL
C002456,Amy,Boyle,Saudi Arabia,Standard,1,626.83,3,2,1,2,100.0,100.0,3,1,1,1,100.0,2.0,2.0,3.0,40.0,1.0,30.0,61.0,HIGH,FRICTION_PRONE_CUSTOMER,HIGH_SEVERITY | REPEATED_PAYMENT_FAILURES | CRITICAL_JOURNEY
C002460,Karen,Guerrero,United Arab Emirates,Standard,1,1157.32,3,2,1,2,65.0,65.0,2,1,0,1,65.0,2.0,2.0,2.0,37.5,1.0,30.0,46.25,MEDIUM,NORMAL_CUSTOMER,REPEATED_PAYMENT_FAILURES
C002461,Kenneth,Pugh,Other,Standard,3,5261.63,4,1,3,1,11.67,35.0,0,0,0,0,35.0,0.33,0.33,0.0,5.42,0.0,0.0,15.63,LOW,LOYAL_LOW_FRICTION_CUSTOMER,NO_MAJOR_RISK_SIGNAL
C002462,Yvonne,Rowland,Other,Standard,4,3483.92,4,0,4,0,0.0,0.0,0,0,0,0,0.0,0.0,0.0,0.0,0.0,0.0,0.0,0.0,LOW,LOYAL_LOW_FRICTION_CUSTOMER,NO_MAJOR_RISK_SIGNAL
C002463,Shannon,Cuevas,Pakistan,Standard,3,6922.23,5,2,3,2,21.67,35.0,0,0,0,0,35.0,0.67,0.67,0.0,10.83,0.0,0.0,17.25,LOW,LOYAL_LOW_FRICTION_CUSTOMER,REPEATED_PAYMENT_FAILURES
C002464,Michael,Keith,Pakistan,Standard,3,8567.57,3,0,3,0,13.33,40.0,1,0,0,1,40.0,0.0,0.0,0.33,0.83,0.33,30.0,25.25,MEDIUM,LOYAL_LOW_FRICTION_CUSTOMER,NO_MAJOR_RISK_SIGNAL
C002467,Victoria,Thomas,United Arab Emirates,Standard,5,10296.74,8,3,5,3,27.0,100.0,3,1,1,1,100.0,0.6,0.6,0.6,11.25,0.2,26.0,51.18,HIGH,FRICTION_PRONE_CUSTOMER,HIGH_SEVERITY | REPEATED_PAYMENT_FAILURES | CRITICAL_JOURNEY
C002468,Kimberly,Glass,Saudi Arabia,Standard,2,2707.4,2,0,2,0,0.0,0.0,0,0,0,0,0.0,0.0,0.0,0.0,0.0,0.0,0.0,0.0,LOW,NORMAL_CUSTOMER,NO_MAJOR_RISK_SIGNAL
C002469,Joel,Norton,United Arab Emirates,Standard,3,7798.74,3,0,3,0,13.33,40.0,1,0,0,1,40.0,0.0,0.0,0.33,0.83,0.33,30.0,25.25,MEDIUM,LOYAL_LOW_FRICTION_CUSTOMER,NO_MAJOR_RISK_SIGNAL
C002470,Lisa,Lee,Pakistan,VIP,3,10504.91,3,0,3,0,0.0,0.0,0,0,0,0,0.0,0.0,0.0,0.0,0.0,0.0,0.0,0.0,LOW,LOYAL_LOW_FRICTION_CUSTOMER,NO_MAJOR_RISK_SIGNAL
C002473,Jennifer,Greene,Other,Standard,4,10120.49,7,3,4,3,32.5,95.0,3,1,1,1,95.0,0.75,0.75,0.75,14.06,0.25,28.0,50.62,HIGH,FRICTION_PRONE_CUSTOMER,HIGH_SEVERITY | REPEATED_PAYMENT_FAILURES | CRITICAL_JOURNEY
C002475,Gabriel,Sanchez,Pakistan,Premium,1,1969.54,1,0,1,0,40.0,40.0,1,0,0,1,40.0,0.0,0.0,1.0,2.5,1.0,30.0,25.75,MEDIUM,NORMAL_CUSTOMER,NO_MAJOR_RISK_SIGNAL
C002476,Donald,Williams,Other,Standard,3,6123.52,3,0,3,0,13.33,40.0,1,0,0,1,40.0,0.0,0.0,0.33,0.83,0.33,30.0,25.25,MEDIUM,LOYAL_LOW_FRICTION_CUSTOMER,NO_MAJOR_RISK_SIGNAL
C002477,Jamie,Jensen,Saudi Arabia,Standard,3,9083.64,4,1,3,1,10.0,30.0,0,0,0,0,30.0,0.33,0.33,0.0,5.42,0.0,0.0,13.63,LOW,LOYAL_LOW_FRICTION_CUSTOMER,NO_MAJOR_RISK_SIGNAL
C002478,Jamie,Lopez,United States,Standard,1,1310.1,2,1,1,1,30.0,30.0,0,0,0,0,30.0,1.0,1.0,0.0,16.25,0.0,0.0,16.88,LOW,NORMAL_CUSTOMER,NO_MAJOR_RISK_SIGNAL
C002480,Michael,Clarke,United States,Standard,2,5976.74,2,0,2,0,20.0,40.0,1,0,0,1,40.0,0.0,0.0,0.5,1.25,0.5,30.0,25.38,MEDIUM,NORMAL_CUSTOMER,NO_MAJOR_RISK_SIGNAL
C002481,Juan,Murphy,Saudi Arabia,Standard,2,8868.35,3,1,2,1,35.0,40.0,1,0,0,1,40.0,0.5,0.5,0.5,9.38,0.5,30.0,27.81,MEDIUM,NORMAL_CUSTOMER,NO_MAJOR_RISK_SIGNAL
C002482,Amber,Brown,Other,Standard,1,4279.59,1,0,1,0,0.0,0.0,0,0,0,0,0.0,0.0,0.0,0.0,0.0,0.0,0.0,0.0,LOW,NORMAL_CUSTOMER,NO_MAJOR_RISK_SIGNAL
C002483,Mario,Flynn,Other,Standard,3,9617.64,5,2,3,2,35.0,45.0,1,0,0,1,45.0,0.67,0.67,0.33,11.67,0.33,30.0,30.5,MEDIUM,NORMAL_CUSTOMER,REPEATED_PAYMENT_FAILURES
C002486,Joseph,Schmitt,Other,Standard,1,3935.03,1,0,1,0,0.0,0.0,0,0,0,0,0.0,0.0,0.0,0.0,0.0,0.0,0.0,0.0,LOW,NORMAL_CUSTOMER,NO_MAJOR_RISK_SIGNAL
C002487,Michele,Blackwell,United Arab Emirates,Standard,2,2130.38,3,1,2,1,15.0,30.0,0,0,0,0,30.0,0.5,0.5,0.0,8.12,0.0,0.0,14.44,LOW,NORMAL_CUSTOMER,NO_MAJOR_RISK_SIGNAL
C002489,Erin,Miller,Pakistan,Standard,2,3161.92,2,0,2,0,20.0,40.0,1,0,0,1,40.0,0.0,0.0,0.5,1.25,0.5,30.0,25.38,MEDIUM,NORMAL_CUSTOMER,NO_MAJOR_RISK_SIGNAL
C002490,Cody,Ruiz,United Arab Emirates,Standard,3,6043.82,3,0,3,0,0.0,0.0,0,0,0,0,0.0,0.0,0.0,0.0,0.0,0.0,0.0,0.0,LOW,LOYAL_LOW_FRICTION_CUSTOMER,NO_MAJOR_RISK_SIGNAL
C002491,Sydney,Alvarado,Saudi Arabia,VIP,2,7658.15,3,1,2,1,15.0,30.0,0,0,0,0,30.0,0.5,0.5,0.0,8.12,0.0,0.0,14.44,LOW,NORMAL_CUSTOMER,NO_MAJOR_RISK_SIGNAL
C002492,Kristi,Brown,Saudi Arabia,Premium,2,5169.07,2,0,2,0,22.5,45.0,1,0,0,1,45.0,0.0,0.0,0.5,1.25,0.5,30.0,27.38,MEDIUM,NORMAL_CUSTOMER,NO_MAJOR_RISK_SIGNAL
C002494,Victoria,Potter,United Arab Emirates,Premium,2,2006.13,4,2,2,2,52.5,70.0,1,1,0,1,70.0,1.0,1.0,0.5,17.5,0.5,30.0,42.25,MEDIUM,NORMAL_CUSTOMER,HIGH_SEVERITY | REPEATED_PAYMENT_FAILURES
C002495,Michelle,Newman,Pakistan,Premium,4,5889.23,4,0,4,0,0.0,0.0,0,0,0,0,0.0,0.0,0.0,0.0,0.0,0.0,0.0,0.0,LOW,LOYAL_LOW_FRICTION_CUSTOMER,NO_MAJOR_RISK_SIGNAL
C002497,Michelle,Jimenez,Pakistan,Standard,2,7330.09,2,0,2,0,0.0,0.0,0,0,0,0,0.0,0.0,0.0,0.0,0.0,0.0,0.0,0.0,LOW,NORMAL_CUSTOMER,NO_MAJOR_RISK_SIGNAL
C002498,John,Marshall,Other,Standard,1,3197.19,2,1,1,1,35.0,35.0,0,0,0,0,35.0,1.0,1.0,0.0,16.25,0.0,0.0,18.88,LOW,NORMAL_CUSTOMER,NO_MAJOR_RISK_SIGNAL
C002500,Maria,Brooks,United Arab Emirates,Standard,1,2614.43,1,0,1,0,0.0,0.0,0,0,0,0,0.0,0.0,0.0,0.0,0.0,0.0,0.0,0.0,LOW,NORMAL_CUSTOMER,NO_MAJOR_RISK_SIGNAL
C002501,Kathleen,Neal,United States,Standard,3,7984.22,3,0,3,0,15.0,45.0,1,0,0,1,45.0,0.0,0.0,0.33,0.83,0.33,30.0,27.25,MEDIUM,LOYAL_LOW_FRICTION_CUSTOMER,NO_MAJOR_RISK_SIGNAL
C002502,Erica,Baldwin,United States,Standard,4,14585.58,7,3,4,3,46.25,80.0,2,2,1,2,80.0,0.75,0.75,0.5,13.44,0.5,59.0,53.73,HIGH,FRICTION_PRONE_CUSTOMER,HIGH_SEVERITY | PERSISTENT_BEHAVIOR | REPEATED_PAYMENT_FAILURES | MULTIPLE_PROBLEMATIC_JOURNEYS | CRITICAL_JOURNEY
C002503,Tracy,Simpson,Pakistan,Premium,2,2729.45,6,4,2,4,65.0,65.0,4,2,0,2,65.0,2.0,2.0,2.0,37.5,1.0,79.0,60.95,HIGH,FRICTION_PRONE_CUSTOMER,PERSISTENT_BEHAVIOR | REPEATED_PAYMENT_FAILURES | MULTIPLE_PROBLEMATIC_JOURNEYS
C002504,Barbara,Adams,Other,Standard,1,2780.98,2,1,1,1,30.0,30.0,0,0,0,0,30.0,1.0,1.0,0.0,16.25,0.0,0.0,16.88,LOW,NORMAL_CUSTOMER,NO_MAJOR_RISK_SIGNAL
C002505,Joseph,Morales,Saudi Arabia,Premium,4,12173.43,5,1,4,1,20.0,45.0,1,0,0,1,45.0,0.25,0.25,0.25,4.69,0.25,28.0,27.81,MEDIUM,LOYAL_LOW_FRICTION_CUSTOMER,NO_MAJOR_RISK_SIGNAL
C002506,Robert,Morse,Saudi Arabia,Premium,2,4139.1,3,1,2,1,37.5,45.0,1,0,0,1,45.0,0.5,0.5,0.5,9.38,0.5,30.0,29.81,MEDIUM,NORMAL_CUSTOMER,NO_MAJOR_RISK_SIGNAL
C002507,Shannon,Silva,Other,Standard,3,9237.78,3,0,3,0,13.33,40.0,1,0,0,1,40.0,0.0,0.0,0.33,0.83,0.33,30.0,25.25,MEDIUM,LOYAL_LOW_FRICTION_CUSTOMER,NO_MAJOR_RISK_SIGNAL
C002508,Cynthia,Johnson,United Arab Emirates,Standard,2,4387.69,5,3,2,3,47.5,65.0,2,1,0,1,65.0,1.5,1.5,1.0,26.88,0.5,30.0,43.06,MEDIUM,NORMAL_CUSTOMER,REPEATED_PAYMENT_FAILURES
C002509,Nicole,Robinson,United States,Standard,2,6047.88,2,0,2,0,0.0,0.0,0,0,0,0,0.0,0.0,0.0,0.0,0.0,0.0,0.0,0.0,LOW,NORMAL_CUSTOMER,NO_MAJOR_RISK_SIGNAL
C002510,Christopher,Harris,Other,Premium,2,3254.98,2,0,2,0,0.0,0.0,0,0,0,0,0.0,0.0,0.0,0.0,0.0,0.0,0.0,0.0,LOW,NORMAL_CUSTOMER,NO_MAJOR_RISK_SIGNAL
C002511,Zachary,Roy,Saudi Arabia,Premium,2,6353.64,3,1,2,1,15.0,30.0,0,0,0,0,30.0,0.5,0.5,0.0,8.12,0.0,0.0,14.44,LOW,NORMAL_CUSTOMER,NO_MAJOR_RISK_SIGNAL
C002512,Joshua,Foster,Other,Premium,3,10125.54,4,1,3,1,10.0,30.0,0,0,0,0,30.0,0.33,0.33,0.0,5.42,0.0,0.0,13.63,LOW,LOYAL_LOW_FRICTION_CUSTOMER,NO_MAJOR_RISK_SIGNAL
C002513,Sharon,Torres,United Arab Emirates,Standard,3,10869.74,3,0,3,0,0.0,0.0,0,0,0,0,0.0,0.0,0.0,0.0,0.0,0.0,0.0,0.0,LOW,LOYAL_LOW_FRICTION_CUSTOMER,NO_MAJOR_RISK_SIGNAL
C002514,Miguel,Oneal,Pakistan,Standard,2,6774.32,3,1,2,1,17.5,35.0,0,0,0,0,35.0,0.5,0.5,0.0,8.12,0.0,0.0,16.44,LOW,NORMAL_CUSTOMER,NO_MAJOR_RISK_SIGNAL
C002515,Stephanie,Duncan,Pakistan,Standard,1,2999.26,1,0,1,0,0.0,0.0,0,0,0,0,0.0,0.0,0.0,0.0,0.0,0.0,0.0,0.0,LOW,NORMAL_CUSTOMER,NO_MAJOR_RISK_SIGNAL
C002516,Mark,Walls,Other,Standard,1,4198.56,2,1,1,1,30.0,30.0,0,0,0,0,30.0,1.0,1.0,0.0,16.25,0.0,0.0,16.88,LOW,NORMAL_CUSTOMER,NO_MAJOR_RISK_SIGNAL
C002519,Jessica,Taylor,United Kingdom,Standard,1,2385.81,1,0,1,0,40.0,40.0,1,0,0,1,40.0,0.0,0.0,1.0,2.5,1.0,30.0,25.75,MEDIUM,NORMAL_CUSTOMER,NO_MAJOR_RISK_SIGNAL
C002521,Stephen,Wallace,United Kingdom,Standard,1,3631.81,3,2,1,2,65.0,65.0,2,1,0,1,65.0,2.0,2.0,2.0,37.5,1.0,30.0,46.25,MEDIUM,NORMAL_CUSTOMER,REPEATED_PAYMENT_FAILURES
C002522,Elizabeth,Bell,Saudi Arabia,Standard,2,5355.94,2,0,2,0,0.0,0.0,0,0,0,0,0.0,0.0,0.0,0.0,0.0,0.0,0.0,0.0,LOW,NORMAL_CUSTOMER,NO_MAJOR_RISK_SIGNAL
C002524,Bryan,Marshall,United Arab Emirates,Premium,1,3506.65,1,0,1,0,0.0,0.0,0,0,0,0,0.0,0.0,0.0,0.0,0.0,0.0,0.0,0.0,LOW,NORMAL_CUSTOMER,NO_MAJOR_RISK_SIGNAL
C002525,Amanda,Oliver,United States,Standard,3,6856.37,6,3,3,3,56.67,70.0,4,2,0,3,70.0,1.0,1.0,1.33,19.58,1.0,91.0,61.17,HIGH,FRICTION_PRONE_CUSTOMER,HIGH_SEVERITY | PERSISTENT_BEHAVIOR | REPEATED_PAYMENT_FAILURES | MULTIPLE_PROBLEMATIC_JOURNEYS
C002526,Jeffery,Simmons,Saudi Arabia,Standard,2,3130.74,4,2,2,2,70.0,100.0,4,1,1,2,100.0,1.0,1.0,2.0,21.25,1.0,79.0,70.08,HIGH,FRICTION_PRONE_CUSTOMER,HIGH_SEVERITY | PERSISTENT_BEHAVIOR | REPEATED_PAYMENT_FAILURES | MULTIPLE_PROBLEMATIC_JOURNEYS | CRITICAL_JOURNEY
C002527,Russell,Mcdonald,Saudi Arabia,Standard,1,3846.64,2,1,1,1,30.0,30.0,0,0,0,0,30.0,1.0,1.0,0.0,16.25,0.0,0.0,16.88,LOW,NORMAL_CUSTOMER,NO_MAJOR_RISK_SIGNAL
C002528,Jason,Ortiz,Other,Premium,2,4369.52,3,1,2,1,35.0,40.0,1,0,0,1,40.0,0.5,0.5,0.5,9.38,0.5,30.0,27.81,MEDIUM,NORMAL_CUSTOMER,NO_MAJOR_RISK_SIGNAL
C002529,Joseph,Ballard,Saudi Arabia,Standard,2,6116.55,2,0,2,0,22.5,45.0,1,0,0,1,45.0,0.0,0.0,0.5,1.25,0.5,30.0,27.38,MEDIUM,NORMAL_CUSTOMER,NO_MAJOR_RISK_SIGNAL
C002530,Maria,Stewart,Other,Premium,2,4948.92,3,1,2,1,17.5,35.0,0,0,0,0,35.0,0.5,0.5,0.0,8.12,0.0,0.0,16.44,LOW,NORMAL_CUSTOMER,NO_MAJOR_RISK_SIGNAL
C002531,Matthew,Reyes,United Kingdom,Standard,1,3752.81,1,0,1,0,0.0,0.0,0,0,0,0,0.0,0.0,0.0,0.0,0.0,0.0,0.0,0.0,LOW,NORMAL_CUSTOMER,NO_MAJOR_RISK_SIGNAL
C002533,Ashlee,Hall,Saudi Arabia,Standard,2,7084.69,2,0,2,0,0.0,0.0,0,0,0,0,0.0,0.0,0.0,0.0,0.0,0.0,0.0,0.0,LOW,NORMAL_CUSTOMER,NO_MAJOR_RISK_SIGNAL
C002534,Todd,Brewer,Saudi Arabia,Standard,1,1528.07,2,1,1,1,30.0,30.0,0,0,0,0,30.0,1.0,1.0,0.0,16.25,0.0,0.0,16.88,LOW,NORMAL_CUSTOMER,NO_MAJOR_RISK_SIGNAL
C002536,Felicia,Miller,United States,Standard,2,3467.99,2,0,2,0,0.0,0.0,0,0,0,0,0.0,0.0,0.0,0.0,0.0,0.0,0.0,0.0,LOW,NORMAL_CUSTOMER,NO_MAJOR_RISK_SIGNAL
C002537,Brandon,Kirby,United Kingdom,Standard,1,2336.2,2,1,1,1,75.0,75.0,1,1,0,1,75.0,1.0,1.0,1.0,18.75,1.0,30.0,44.62,MEDIUM,NORMAL_CUSTOMER,HIGH_SEVERITY
C002538,Cory,Hunt,Saudi Arabia,Standard,2,2773.82,2,0,2,0,0.0,0.0,0,0,0,0,0.0,0.0,0.0,0.0,0.0,0.0,0.0,0.0,LOW,NORMAL_CUSTOMER,NO_MAJOR_RISK_SIGNAL
C002539,Kristen,Schneider,United States,Premium,1,3320.46,1,0,1,0,0.0,0.0,0,0,0,0,0.0,0.0,0.0,0.0,0.0,0.0,0.0,0.0,LOW,NORMAL_CUSTOMER,NO_MAJOR_RISK_SIGNAL
C002540,Steve,Hartman,United States,Premium,2,6646.43,2,0,2,0,0.0,0.0,0,0,0,0,0.0,0.0,0.0,0.0,0.0,0.0,0.0,0.0,LOW,NORMAL_CUSTOMER,NO_MAJOR_RISK_SIGNAL
C002542,Mia,Garcia,United States,Standard,3,4411.54,3,0,3,0,0.0,0.0,0,0,0,0,0.0,0.0,0.0,0.0,0.0,0.0,0.0,0.0,LOW,LOYAL_LOW_FRICTION_CUSTOMER,NO_MAJOR_RISK_SIGNAL
C002543,Scott,Jones,United States,Premium,1,4938.9,3,2,1,2,65.0,65.0,2,1,0,1,65.0,2.0,2.0,2.0,37.5,1.0,30.0,46.25,MEDIUM,NORMAL_CUSTOMER,REPEATED_PAYMENT_FAILURES
C002545,Susan,Gonzalez,Saudi Arabia,Standard,2,6443.93,2,0,2,0,22.5,45.0,1,0,0,1,45.0,0.0,0.0,0.5,1.25,0.5,30.0,27.38,MEDIUM,NORMAL_CUSTOMER,NO_MAJOR_RISK_SIGNAL
C002546,James,Gonzalez,United Arab Emirates,Standard,2,5662.11,2,0,2,0,0.0,0.0,0,0,0,0,0.0,0.0,0.0,0.0,0.0,0.0,0.0,0.0,LOW,NORMAL_CUSTOMER,NO_MAJOR_RISK_SIGNAL
C002547,Haley,Murphy,Saudi Arabia,Premium,3,5680.92,3,0,3,0,13.33,40.0,1,0,0,1,40.0,0.0,0.0,0.33,0.83,0.33,30.0,25.25,MEDIUM,LOYAL_LOW_FRICTION_CUSTOMER,NO_MAJOR_RISK_SIGNAL
C002548,David,Turner,United Arab Emirates,Standard,3,5765.66,5,2,3,2,20.0,60.0,2,1,0,1,60.0,0.67,0.67,0.67,12.5,0.33,30.0,36.75,MEDIUM,LOYAL_LOW_FRICTION_CUSTOMER,REPEATED_PAYMENT_FAILURES
C002549,Debra,Ochoa,United Arab Emirates,Standard,1,1971.4,1,0,1,0,0.0,0.0,0,0,0,0,0.0,0.0,0.0,0.0,0.0,0.0,0.0,0.0,LOW,NORMAL_CUSTOMER,NO_MAJOR_RISK_SIGNAL
C002550,Erik,Sutton,Saudi Arabia,Premium,1,2578.7,1,0,1,0,0.0,0.0,0,0,0,0,0.0,0.0,0.0,0.0,0.0,0.0,0.0,0.0,LOW,NORMAL_CUSTOMER,NO_MAJOR_RISK_SIGNAL
C002551,Sarah,Hill,United Arab Emirates,Standard,1,1269.03,1,0,1,0,0.0,0.0,0,0,0,0,0.0,0.0,0.0,0.0,0.0,0.0,0.0,0.0,LOW,NORMAL_CUSTOMER,NO_MAJOR_RISK_SIGNAL
C002552,Joshua,Thornton,Saudi Arabia,Premium,3,4783.6,3,0,3,0,0.0,0.0,0,0,0,0,0.0,0.0,0.0,0.0,0.0,0.0,0.0,0.0,LOW,LOYAL_LOW_FRICTION_CUSTOMER,NO_MAJOR_RISK_SIGNAL
C002553,Diamond,Bolton,United States,Standard,3,9328.8,3,0,3,0,26.67,40.0,2,0,0,2,40.0,0.0,0.0,0.67,1.67,0.67,65.67,36.2,MEDIUM,NORMAL_CUSTOMER,PERSISTENT_BEHAVIOR | MULTIPLE_PROBLEMATIC_JOURNEYS
C002554,John,Murillo,Other,Premium,3,8089.27,4,1,3,1,25.0,75.0,1,1,0,1,75.0,0.33,0.33,0.33,6.25,0.33,30.0,40.88,MEDIUM,LOYAL_LOW_FRICTION_CUSTOMER,HIGH_SEVERITY
C002556,Rebecca,Singh,Other,Premium,4,12302.37,9,5,4,5,60.0,100.0,6,2,1,3,100.0,1.25,1.25,1.5,24.06,0.75,81.0,71.52,HIGH,FRICTION_PRONE_CUSTOMER,HIGH_SEVERITY | PERSISTENT_BEHAVIOR | REPEATED_PAYMENT_FAILURES | MULTIPLE_PROBLEMATIC_JOURNEYS | CRITICAL_JOURNEY
C002557,Gabriel,Gaines,Pakistan,Standard,4,10814.45,5,1,4,1,18.75,45.0,1,0,0,1,45.0,0.25,0.25,0.25,4.69,0.25,28.0,27.81,MEDIUM,LOYAL_LOW_FRICTION_CUSTOMER,NO_MAJOR_RISK_SIGNAL
C002558,Randy,Smith,Saudi Arabia,Standard,2,5423.06,4,2,2,2,32.5,65.0,2,1,0,1,65.0,1.0,1.0,1.0,18.75,0.5,30.0,40.62,MEDIUM,NORMAL_CUSTOMER,REPEATED_PAYMENT_FAILURES
C002559,Kevin,Evans,Saudi Arabia,Standard,4,11348.65,4,0,4,0,21.25,45.0,2,0,0,2,45.0,0.0,0.0,0.5,1.25,0.5,59.0,36.08,MEDIUM,NORMAL_CUSTOMER,PERSISTENT_BEHAVIOR | MULTIPLE_PROBLEMATIC_JOURNEYS
C002560,Holly,Short,Pakistan,Premium,1,4381.71,1,0,1,0,0.0,0.0,0,0,0,0,0.0,0.0,0.0,0.0,0.0,0.0,0.0,0.0,LOW,NORMAL_CUSTOMER,NO_MAJOR_RISK_SIGNAL
C002561,Jim,Logan,United States,Standard,2,5447.01,2,0,2,0,0.0,0.0,0,0,0,0,0.0,0.0,0.0,0.0,0.0,0.0,0.0,0.0,LOW,NORMAL_CUSTOMER,NO_MAJOR_RISK_SIGNAL
C002562,Diana,Powell,United Kingdom,Standard,1,3494.26,2,1,1,1,35.0,35.0,0,0,0,0,35.0,1.0,1.0,0.0,16.25,0.0,0.0,18.88,LOW,NORMAL_CUSTOMER,NO_MAJOR_RISK_SIGNAL
C002563,Jane,Sullivan,Saudi Arabia,Standard,2,2618.57,2,0,2,0,0.0,0.0,0,0,0,0,0.0,0.0,0.0,0.0,0.0,0.0,0.0,0.0,LOW,NORMAL_CUSTOMER,NO_MAJOR_RISK_SIGNAL
C002564,Aaron,Carpenter,Saudi Arabia,Standard,2,2787.89,2,0,2,0,20.0,40.0,1,0,0,1,40.0,0.0,0.0,0.5,1.25,0.5,30.0,25.38,MEDIUM,NORMAL_CUSTOMER,NO_MAJOR_RISK_SIGNAL
C002565,Thomas,Rios,United Arab Emirates,Standard,1,4338.27,1,0,1,0,40.0,40.0,1,0,0,1,40.0,0.0,0.0,1.0,2.5,1.0,30.0,25.75,MEDIUM,NORMAL_CUSTOMER,NO_MAJOR_RISK_SIGNAL
C002566,David,Kennedy,Saudi Arabia,VIP,3,7011.05,3,0,3,0,13.33,40.0,1,0,0,1,40.0,0.0,0.0,0.33,0.83,0.33,30.0,25.25,MEDIUM,LOYAL_LOW_FRICTION_CUSTOMER,NO_MAJOR_RISK_SIGNAL
C002567,Jeremy,Hunt,Saudi Arabia,Standard,3,10781.4,4,1,3,1,25.0,75.0,1,1,0,1,75.0,0.33,0.33,0.33,6.25,0.33,30.0,40.88,MEDIUM,LOYAL_LOW_FRICTION_CUSTOMER,HIGH_SEVERITY
C002568,Erin,Juarez,Saudi Arabia,Standard,4,8256.19,8,4,4,4,33.75,65.0,2,1,0,1,65.0,1.0,1.0,0.5,17.5,0.25,28.0,39.65,MEDIUM,NORMAL_CUSTOMER,REPEATED_PAYMENT_FAILURES
C002569,Albert,Hernandez,United States,VIP,3,4381.71,3,0,3,0,13.33,40.0,1,0,0,1,40.0,0.0,0.0,0.33,0.83,0.33,30.0,25.25,MEDIUM,LOYAL_LOW_FRICTION_CUSTOMER,NO_MAJOR_RISK_SIGNAL
C002570,Heather,Sanders,Other,Standard,1,1666.0,1,0,1,0,0.0,0.0,0,0,0,0,0.0,0.0,0.0,0.0,0.0,0.0,0.0,0.0,LOW,NORMAL_CUSTOMER,NO_MAJOR_RISK_SIGNAL
C002571,Lisa,Perez,United Arab Emirates,Standard,2,4601.94,2,0,2,0,22.5,45.0,1,0,0,1,45.0,0.0,0.0,0.5,1.25,0.5,30.0,27.38,MEDIUM,NORMAL_CUSTOMER,NO_MAJOR_RISK_SIGNAL
C002572,Vanessa,Curry,Other,Standard,1,809.27,1,0,1,0,0.0,0.0,0,0,0,0,0.0,0.0,0.0,0.0,0.0,0.0,0.0,0.0,LOW,NORMAL_CUSTOMER,NO_MAJOR_RISK_SIGNAL
C002573,Robert,Wells,United Arab Emirates,Standard,1,932.5,2,1,1,1,70.0,70.0,1,1,0,1,70.0,1.0,1.0,1.0,18.75,1.0,30.0,42.62,MEDIUM,NORMAL_CUSTOMER,HIGH_SEVERITY
C002574,David,Black,United Arab Emirates,Standard,1,1650.4,1,0,1,0,40.0,40.0,1,0,0,1,40.0,0.0,0.0,1.0,2.5,1.0,30.0,25.75,MEDIUM,NORMAL_CUSTOMER,NO_MAJOR_RISK_SIGNAL
C002576,Patrick,Todd,Pakistan,Premium,3,4384.3,5,2,3,2,48.33,100.0,4,1,1,2,100.0,0.67,0.67,1.33,14.17,0.67,65.67,63.95,HIGH,FRICTION_PRONE_CUSTOMER,HIGH_SEVERITY | PERSISTENT_BEHAVIOR | REPEATED_PAYMENT_FAILURES | MULTIPLE_PROBLEMATIC_JOURNEYS | CRITICAL_JOURNEY
C002579,Lawrence,Conner,United Arab Emirates,Premium,1,1034.45,1,0,1,0,40.0,40.0,1,0,0,1,40.0,0.0,0.0,1.0,2.5,1.0,30.0,25.75,MEDIUM,NORMAL_CUSTOMER,NO_MAJOR_RISK_SIGNAL
C002580,Nicole,Edwards,Pakistan,Standard,2,8128.56,2,0,2,0,20.0,40.0,1,0,0,1,40.0,0.0,0.0,0.5,1.25,0.5,30.0,25.38,MEDIUM,NORMAL_CUSTOMER,NO_MAJOR_RISK_SIGNAL
C002581,Derrick,Lopez,Saudi Arabia,Premium,1,4988.19,1,0,1,0,0.0,0.0,0,0,0,0,0.0,0.0,0.0,0.0,0.0,0.0,0.0,0.0,LOW,NORMAL_CUSTOMER,NO_MAJOR_RISK_SIGNAL
C002582,Kiara,Carrillo,Other,Standard,5,17351.22,6,1,5,1,31.0,75.0,3,1,0,3,75.0,0.2,0.2,0.6,4.75,0.6,75.0,53.92,HIGH,FRICTION_PRONE_CUSTOMER,HIGH_SEVERITY | PERSISTENT_BEHAVIOR | MULTIPLE_PROBLEMATIC_JOURNEYS
C002584,Dean,Clark,United Arab Emirates,Standard,4,8070.55,4,0,4,0,11.25,45.0,1,0,0,1,45.0,0.0,0.0,0.25,0.62,0.25,28.0,26.59,MEDIUM,LOYAL_LOW_FRICTION_CUSTOMER,NO_MAJOR_RISK_SIGNAL
C002585,Victoria,Cole,Pakistan,Standard,3,5724.91,5,2,3,2,33.33,100.0,3,1,1,1,100.0,0.67,0.67,1.0,13.33,0.33,30.0,53.0,HIGH,FRICTION_PRONE_CUSTOMER,HIGH_SEVERITY | REPEATED_PAYMENT_FAILURES | CRITICAL_JOURNEY
C002588,Alan,Ray,United Kingdom,Standard,2,3878.22,3,1,2,1,17.5,35.0,0,0,0,0,35.0,0.5,0.5,0.0,8.12,0.0,0.0,16.44,LOW,NORMAL_CUSTOMER,NO_MAJOR_RISK_SIGNAL
C002591,Jennifer,Smith,United States,Standard,2,7598.96,2,0,2,0,0.0,0.0,0,0,0,0,0.0,0.0,0.0,0.0,0.0,0.0,0.0,0.0,LOW,NORMAL_CUSTOMER,NO_MAJOR_RISK_SIGNAL
C002592,Courtney,Cochran,United States,Standard,3,11318.27,3,0,3,0,13.33,40.0,1,0,0,1,40.0,0.0,0.0,0.33,0.83,0.33,30.0,25.25,MEDIUM,LOYAL_LOW_FRICTION_CUSTOMER,NO_MAJOR_RISK_SIGNAL
C002594,Robert,Morgan,Pakistan,Standard,5,16391.87,6,1,5,1,31.0,70.0,3,1,0,3,70.0,0.2,0.2,0.6,4.75,0.6,75.0,51.92,HIGH,FRICTION_PRONE_CUSTOMER,HIGH_SEVERITY | PERSISTENT_BEHAVIOR | MULTIPLE_PROBLEMATIC_JOURNEYS
C002595,Glenda,Barnes,Saudi Arabia,Standard,2,6124.7,2,0,2,0,20.0,40.0,1,0,0,1,40.0,0.0,0.0,0.5,1.25,0.5,30.0,25.38,MEDIUM,NORMAL_CUSTOMER,NO_MAJOR_RISK_SIGNAL
C002596,Michelle,Jennings,United States,Standard,1,883.62,2,1,1,1,75.0,75.0,1,1,0,1,75.0,1.0,1.0,1.0,18.75,1.0,30.0,44.62,MEDIUM,NORMAL_CUSTOMER,HIGH_SEVERITY
C002597,Christopher,Powell,Saudi Arabia,Standard,1,1291.83,1,0,1,0,0.0,0.0,0,0,0,0,0.0,0.0,0.0,0.0,0.0,0.0,0.0,0.0,LOW,NORMAL_CUSTOMER,NO_MAJOR_RISK_SIGNAL
C002598,Craig,Osborne,United Arab Emirates,Standard,5,11484.6,9,4,5,4,51.0,100.0,5,3,2,3,100.0,0.8,0.8,1.0,15.5,0.6,75.0,67.15,HIGH,FRICTION_PRONE_CUSTOMER,HIGH_SEVERITY | PERSISTENT_BEHAVIOR | REPEATED_PAYMENT_FAILURES | MULTIPLE_PROBLEMATIC_JOURNEYS | CRITICAL_JOURNEY
C002599,Karen,Medina,Saudi Arabia,VIP,1,2545.25,1,0,1,0,40.0,40.0,1,0,0,1,40.0,0.0,0.0,1.0,2.5,1.0,30.0,25.75,MEDIUM,NORMAL_CUSTOMER,NO_MAJOR_RISK_SIGNAL
C002600,Brittany,Nguyen,Saudi Arabia,Standard,1,3798.36,1,0,1,0,0.0,0.0,0,0,0,0,0.0,0.0,0.0,0.0,0.0,0.0,0.0,0.0,LOW,NORMAL_CUSTOMER,NO_MAJOR_RISK_SIGNAL
C002601,Patrick,Johnson,Pakistan,Standard,2,6866.63,2,0,2,0,20.0,40.0,1,0,0,1,40.0,0.0,0.0,0.5,1.25,0.5,30.0,25.38,MEDIUM,NORMAL_CUSTOMER,NO_MAJOR_RISK_SIGNAL
C002602,Sylvia,Floyd,Saudi Arabia,Premium,3,5542.13,3,0,3,0,0.0,0.0,0,0,0,0,0.0,0.0,0.0,0.0,0.0,0.0,0.0,0.0,LOW,LOYAL_LOW_FRICTION_CUSTOMER,NO_MAJOR_RISK_SIGNAL
C002603,Leonard,Weeks,United Kingdom,Premium,1,542.1,1,0,1,0,0.0,0.0,0,0,0,0,0.0,0.0,0.0,0.0,0.0,0.0,0.0,0.0,LOW,NORMAL_CUSTOMER,NO_MAJOR_RISK_SIGNAL
C002604,Donald,Hernandez,United Arab Emirates,Premium,2,3421.45,2,0,2,0,0.0,0.0,0,0,0,0,0.0,0.0,0.0,0.0,0.0,0.0,0.0,0.0,LOW,NORMAL_CUSTOMER,NO_MAJOR_RISK_SIGNAL
C002605,Joshua,Cisneros,Saudi Arabia,Standard,2,4449.47,2,0,2,0,40.0,40.0,2,0,0,2,40.0,0.0,0.0,1.0,2.5,1.0,79.0,40.45,MEDIUM,NORMAL_CUSTOMER,PERSISTENT_BEHAVIOR | MULTIPLE_PROBLEMATIC_JOURNEYS
C002606,Christopher,Rivera,Pakistan,Standard,1,4875.44,2,1,1,1,35.0,35.0,0,0,0,0,35.0,1.0,1.0,0.0,16.25,0.0,0.0,18.88,LOW,NORMAL_CUSTOMER,NO_MAJOR_RISK_SIGNAL
C002607,Angela,Soto,Saudi Arabia,Premium,3,9048.31,4,1,3,1,10.0,30.0,0,0,0,0,30.0,0.33,0.33,0.0,5.42,0.0,0.0,13.63,LOW,LOYAL_LOW_FRICTION_CUSTOMER,NO_MAJOR_RISK_SIGNAL
C002608,Carol,Morrison,Saudi Arabia,Premium,3,7460.82,3,0,3,0,30.0,45.0,2,0,0,2,45.0,0.0,0.0,0.67,1.67,0.67,65.67,38.2,MEDIUM,NORMAL_CUSTOMER,PERSISTENT_BEHAVIOR | MULTIPLE_PROBLEMATIC_JOURNEYS
C002609,Cathy,Franklin,United Kingdom,Standard,1,1356.62,2,1,1,1,75.0,75.0,1,1,0,1,75.0,1.0,1.0,1.0,18.75,1.0,30.0,44.62,MEDIUM,NORMAL_CUSTOMER,HIGH_SEVERITY
C002611,Hannah,Baird,United States,VIP,2,4134.59,2,0,2,0,0.0,0.0,0,0,0,0,0.0,0.0,0.0,0.0,0.0,0.0,0.0,0.0,LOW,NORMAL_CUSTOMER,NO_MAJOR_RISK_SIGNAL
C002613,Dominique,Myers,Saudi Arabia,Standard,1,2718.57,1,0,1,0,0.0,0.0,0,0,0,0,0.0,0.0,0.0,0.0,0.0,0.0,0.0,0.0,LOW,NORMAL_CUSTOMER,NO_MAJOR_RISK_SIGNAL
C002614,Kevin,Ferguson,United Kingdom,Standard,2,5720.56,3,1,2,1,37.5,75.0,1,1,0,1,75.0,0.5,0.5,0.5,9.38,0.5,30.0,41.81,MEDIUM,NORMAL_CUSTOMER,HIGH_SEVERITY
C002617,Julie,Hudson,United Arab Emirates,Standard,2,4591.74,2,0,2,0,20.0,40.0,1,0,0,1,40.0,0.0,0.0,0.5,1.25,0.5,30.0,25.38,MEDIUM,NORMAL_CUSTOMER,NO_MAJOR_RISK_SIGNAL
C002618,Kenneth,Hayes,Saudi Arabia,VIP,1,2171.31,1,0,1,0,0.0,0.0,0,0,0,0,0.0,0.0,0.0,0.0,0.0,0.0,0.0,0.0,LOW,NORMAL_CUSTOMER,NO_MAJOR_RISK_SIGNAL
C002619,Brian,Kline,United States,Standard,2,5966.52,2,0,2,0,0.0,0.0,0,0,0,0,0.0,0.0,0.0,0.0,0.0,0.0,0.0,0.0,LOW,NORMAL_CUSTOMER,NO_MAJOR_RISK_SIGNAL
C002622,Troy,Tran,Other,Standard,3,7740.49,3,0,3,0,0.0,0.0,0,0,0,0,0.0,0.0,0.0,0.0,0.0,0.0,0.0,0.0,LOW,LOYAL_LOW_FRICTION_CUSTOMER,NO_MAJOR_RISK_SIGNAL
C002623,Daniel,Johnson,United Arab Emirates,Standard,1,1355.15,3,2,1,2,60.0,60.0,2,1,0,1,60.0,2.0,2.0,2.0,37.5,1.0,30.0,44.25,MEDIUM,NORMAL_CUSTOMER,REPEATED_PAYMENT_FAILURES
C002624,Victor,Barker,Other,Standard,1,1960.52,1,0,1,0,0.0,0.0,0,0,0,0,0.0,0.0,0.0,0.0,0.0,0.0,0.0,0.0,LOW,NORMAL_CUSTOMER,NO_MAJOR_RISK_SIGNAL
C002625,Brittney,Burns,United Arab Emirates,Standard,3,6474.18,5,2,3,2,50.0,65.0,4,1,0,3,65.0,0.67,0.67,1.33,14.17,1.0,91.0,57.55,HIGH,FRICTION_PRONE_CUSTOMER,PERSISTENT_BEHAVIOR | REPEATED_PAYMENT_FAILURES | MULTIPLE_PROBLEMATIC_JOURNEYS
C002626,Allison,Lopez,Other,Standard,2,7107.63,4,2,2,2,30.0,60.0,2,1,0,1,60.0,1.0,1.0,1.0,18.75,0.5,30.0,38.62,MEDIUM,NORMAL_CUSTOMER,REPEATED_PAYMENT_FAILURES
C002627,Tiffany,Jones,Saudi Arabia,Standard,1,3037.76,1,0,1,0,0.0,0.0,0,0,0,0,0.0,0.0,0.0,0.0,0.0,0.0,0.0,0.0,LOW,NORMAL_CUSTOMER,NO_MAJOR_RISK_SIGNAL
C002631,Michelle,Keller,Pakistan,Standard,2,7660.53,4,2,2,2,32.5,65.0,2,1,0,1,65.0,1.0,1.0,1.0,18.75,0.5,30.0,40.62,MEDIUM,NORMAL_CUSTOMER,REPEATED_PAYMENT_FAILURES
C002632,Ashley,Jones,United Kingdom,Standard,1,1681.41,1,0,1,0,45.0,45.0,1,0,0,1,45.0,0.0,0.0,1.0,2.5,1.0,30.0,27.75,MEDIUM,NORMAL_CUSTOMER,NO_MAJOR_RISK_SIGNAL
C002633,Michael,Brown,Saudi Arabia,Standard,2,3163.23,3,1,2,1,17.5,35.0,0,0,0,0,35.0,0.5,0.5,0.0,8.12,0.0,0.0,16.44,LOW,NORMAL_CUSTOMER,NO_MAJOR_RISK_SIGNAL
C002634,Felicia,Stone,Saudi Arabia,Standard,1,2597.15,2,1,1,1,35.0,35.0,0,0,0,0,35.0,1.0,1.0,0.0,16.25,0.0,0.0,18.88,LOW,NORMAL_CUSTOMER,NO_MAJOR_RISK_SIGNAL
C002635,Kathryn,Jackson,United Kingdom,Premium,1,2893.14,1,0,1,0,45.0,45.0,1,0,0,1,45.0,0.0,0.0,1.0,2.5,1.0,30.0,27.75,MEDIUM,NORMAL_CUSTOMER,NO_MAJOR_RISK_SIGNAL
C002636,Stephanie,Heath,United Kingdom,Standard,2,6182.99,4,2,2,2,30.0,60.0,2,1,0,1,60.0,1.0,1.0,1.0,18.75,0.5,30.0,38.62,MEDIUM,NORMAL_CUSTOMER,REPEATED_PAYMENT_FAILURES
C002637,Kaylee,Jenkins,Other,Standard,2,6774.89,3,1,2,1,35.0,40.0,1,0,0,1,40.0,0.5,0.5,0.5,9.38,0.5,30.0,27.81,MEDIUM,NORMAL_CUSTOMER,NO_MAJOR_RISK_SIGNAL
C002638,Alvin,Moore,United States,Standard,2,7654.76,2,0,2,0,0.0,0.0,0,0,0,0,0.0,0.0,0.0,0.0,0.0,0.0,0.0,0.0,LOW,NORMAL_CUSTOMER,NO_MAJOR_RISK_SIGNAL
C002640,Jose,Herrera,United Kingdom,Premium,2,7906.93,3,1,2,1,15.0,30.0,0,0,0,0,30.0,0.5,0.5,0.0,8.12,0.0,0.0,14.44,LOW,NORMAL_CUSTOMER,NO_MAJOR_RISK_SIGNAL
C002641,Bill,Mendoza,Saudi Arabia,Premium,2,4390.9,3,1,2,1,35.0,40.0,1,0,0,1,40.0,0.5,0.5,0.5,9.38,0.5,30.0,27.81,MEDIUM,NORMAL_CUSTOMER,NO_MAJOR_RISK_SIGNAL
C002642,Bruce,Jones,Saudi Arabia,Standard,2,3029.59,2,0,2,0,20.0,40.0,1,0,0,1,40.0,0.0,0.0,0.5,1.25,0.5,30.0,25.38,MEDIUM,NORMAL_CUSTOMER,NO_MAJOR_RISK_SIGNAL
C002643,Kristina,Friedman,United States,Standard,2,6584.94,3,1,2,1,15.0,30.0,0,0,0,0,30.0,0.5,0.5,0.0,8.12,0.0,0.0,14.44,LOW,NORMAL_CUSTOMER,NO_MAJOR_RISK_SIGNAL
C002644,William,Glenn,Pakistan,VIP,1,3179.97,1,0,1,0,45.0,45.0,1,0,0,1,45.0,0.0,0.0,1.0,2.5,1.0,30.0,27.75,MEDIUM,NORMAL_CUSTOMER,NO_MAJOR_RISK_SIGNAL
C002645,Courtney,Anderson,Saudi Arabia,Premium,1,4952.53,1,0,1,0,0.0,0.0,0,0,0,0,0.0,0.0,0.0,0.0,0.0,0.0,0.0,0.0,LOW,NORMAL_CUSTOMER,NO_MAJOR_RISK_SIGNAL
C002646,Walter,Harris,United Arab Emirates,VIP,4,9355.94,6,2,4,2,15.0,30.0,0,0,0,0,30.0,0.5,0.5,0.0,8.12,0.0,0.0,14.44,LOW,LOYAL_LOW_FRICTION_CUSTOMER,REPEATED_PAYMENT_FAILURES
C002647,Robert,Reynolds,Other,Standard,1,1408.7,1,0,1,0,40.0,40.0,1,0,0,1,40.0,0.0,0.0,1.0,2.5,1.0,30.0,25.75,MEDIUM,NORMAL_CUSTOMER,NO_MAJOR_RISK_SIGNAL
C002648,Jacqueline,Mckinney,Pakistan,Standard,1,3413.92,1,0,1,0,0.0,0.0,0,0,0,0,0.0,0.0,0.0,0.0,0.0,0.0,0.0,0.0,LOW,NORMAL_CUSTOMER,NO_MAJOR_RISK_SIGNAL
C002650,Amanda,Munoz,United Arab Emirates,Standard,2,4880.33,5,3,2,3,65.0,70.0,3,2,0,2,70.0,1.5,1.5,1.5,28.12,1.0,79.0,60.14,HIGH,FRICTION_PRONE_CUSTOMER,HIGH_SEVERITY | PERSISTENT_BEHAVIOR | REPEATED_PAYMENT_FAILURES | MULTIPLE_PROBLEMATIC_JOURNEYS
C002651,Christina,Crosby,Saudi Arabia,Premium,1,3905.8,1,0,1,0,40.0,40.0,1,0,0,1,40.0,0.0,0.0,1.0,2.5,1.0,30.0,25.75,MEDIUM,NORMAL_CUSTOMER,NO_MAJOR_RISK_SIGNAL
C002653,Kyle,Shaw,United Arab Emirates,Standard,1,4261.64,1,0,1,0,0.0,0.0,0,0,0,0,0.0,0.0,0.0,0.0,0.0,0.0,0.0,0.0,LOW,NORMAL_CUSTOMER,NO_MAJOR_RISK_SIGNAL
C002654,William,Cohen,Saudi Arabia,Standard,1,3691.28,2,1,1,1,30.0,30.0,0,0,0,0,30.0,1.0,1.0,0.0,16.25,0.0,0.0,16.88,LOW,NORMAL_CUSTOMER,NO_MAJOR_RISK_SIGNAL
C002655,James,Hill,United States,Premium,3,9047.73,6,3,3,3,46.67,65.0,3,1,0,2,65.0,1.0,1.0,1.0,18.75,0.67,65.67,51.33,HIGH,FRICTION_PRONE_CUSTOMER,PERSISTENT_BEHAVIOR | REPEATED_PAYMENT_FAILURES | MULTIPLE_PROBLEMATIC_JOURNEYS
C002656,Lindsey,Smith,United Arab Emirates,Standard,1,1791.99,1,0,1,0,0.0,0.0,0,0,0,0,0.0,0.0,0.0,0.0,0.0,0.0,0.0,0.0,LOW,NORMAL_CUSTOMER,NO_MAJOR_RISK_SIGNAL
C002657,Amanda,Thomas,United States,Standard,1,2149.37,2,1,1,1,35.0,35.0,0,0,0,0,35.0,1.0,1.0,0.0,16.25,0.0,0.0,18.88,LOW,NORMAL_CUSTOMER,NO_MAJOR_RISK_SIGNAL
C002658,Peter,Brown,Other,Standard,6,14715.23,6,0,6,0,20.83,45.0,3,0,0,3,45.0,0.0,0.0,0.5,1.25,0.5,71.0,39.67,MEDIUM,NORMAL_CUSTOMER,PERSISTENT_BEHAVIOR | MULTIPLE_PROBLEMATIC_JOURNEYS
C002659,Cynthia,Ross,Saudi Arabia,Standard,3,2815.67,6,3,3,3,43.33,60.0,3,1,0,2,60.0,1.0,1.0,1.0,18.75,0.67,65.67,49.33,HIGH,FRICTION_PRONE_CUSTOMER,PERSISTENT_BEHAVIOR | REPEATED_PAYMENT_FAILURES | MULTIPLE_PROBLEMATIC_JOURNEYS
C002660,Mary,Aguirre,United Kingdom,Standard,3,8540.9,5,2,3,2,48.33,65.0,4,1,0,3,65.0,0.67,0.67,1.33,14.17,1.0,91.0,57.55,HIGH,FRICTION_PRONE_CUSTOMER,PERSISTENT_BEHAVIOR | REPEATED_PAYMENT_FAILURES | MULTIPLE_PROBLEMATIC_JOURNEYS
C002661,Erin,Fox,United Arab Emirates,Standard,5,13440.12,5,0,5,0,9.0,45.0,1,0,0,1,45.0,0.0,0.0,0.2,0.5,0.2,26.0,25.95,MEDIUM,LOYAL_LOW_FRICTION_CUSTOMER,NO_MAJOR_RISK_SIGNAL
C002662,Carl,Kent,Other,Premium,2,6235.39,2,0,2,0,0.0,0.0,0,0,0,0,0.0,0.0,0.0,0.0,0.0,0.0,0.0,0.0,LOW,NORMAL_CUSTOMER,NO_MAJOR_RISK_SIGNAL
C002663,Holly,Suarez,Saudi Arabia,Standard,1,2750.29,2,1,1,1,35.0,35.0,0,0,0,0,35.0,1.0,1.0,0.0,16.25,0.0,0.0,18.88,LOW,NORMAL_CUSTOMER,NO_MAJOR_RISK_SIGNAL
C002664,Jessica,Stevens,United Kingdom,Standard,1,2701.99,2,1,1,1,30.0,30.0,0,0,0,0,30.0,1.0,1.0,0.0,16.25,0.0,0.0,16.88,LOW,NORMAL_CUSTOMER,NO_MAJOR_RISK_SIGNAL
C002666,Brian,Mclaughlin,Saudi Arabia,VIP,4,11754.5,6,2,4,2,16.25,35.0,0,0,0,0,35.0,0.5,0.5,0.0,8.12,0.0,0.0,16.44,LOW,LOYAL_LOW_FRICTION_CUSTOMER,REPEATED_PAYMENT_FAILURES
C002667,Christopher,Roberts,Saudi Arabia,Standard,1,4758.45,1,0,1,0,0.0,0.0,0,0,0,0,0.0,0.0,0.0,0.0,0.0,0.0,0.0,0.0,LOW,NORMAL_CUSTOMER,NO_MAJOR_RISK_SIGNAL
C002668,Ryan,Ibarra,United Kingdom,Standard,2,2845.02,3,1,2,1,15.0,30.0,0,0,0,0,30.0,0.5,0.5,0.0,8.12,0.0,0.0,14.44,LOW,NORMAL_CUSTOMER,NO_MAJOR_RISK_SIGNAL
C002669,Shawn,Bryant,United Kingdom,Standard,5,9849.83,7,2,5,2,13.0,65.0,2,1,0,1,65.0,0.4,0.4,0.4,7.5,0.2,26.0,36.05,MEDIUM,LOYAL_LOW_FRICTION_CUSTOMER,REPEATED_PAYMENT_FAILURES
C002670,Chelsea,Graves,United Arab Emirates,Standard,2,3569.14,2,0,2,0,0.0,0.0,0,0,0,0,0.0,0.0,0.0,0.0,0.0,0.0,0.0,0.0,LOW,NORMAL_CUSTOMER,NO_MAJOR_RISK_SIGNAL
C002671,Kyle,Dawson,Pakistan,VIP,1,3071.82,1,0,1,0,0.0,0.0,0,0,0,0,0.0,0.0,0.0,0.0,0.0,0.0,0.0,0.0,LOW,NORMAL_CUSTOMER,NO_MAJOR_RISK_SIGNAL
C002672,Judith,Evans,United Arab Emirates,Premium,2,6431.77,4,2,2,2,52.5,75.0,1,1,0,1,75.0,1.0,1.0,0.5,17.5,0.5,30.0,44.25,MEDIUM,NORMAL_CUSTOMER,HIGH_SEVERITY | REPEATED_PAYMENT_FAILURES
C002673,Joy,Austin,United Kingdom,Standard,2,4756.07,3,1,2,1,62.5,80.0,2,1,1,2,80.0,0.5,0.5,1.0,10.62,1.0,79.0,58.89,HIGH,FRICTION_PRONE_CUSTOMER,HIGH_SEVERITY | PERSISTENT_BEHAVIOR | MULTIPLE_PROBLEMATIC_JOURNEYS | CRITICAL_JOURNEY
C002675,Jean,Thompson,Other,Standard,1,2786.33,2,1,1,1,80.0,80.0,1,1,1,1,80.0,1.0,1.0,1.0,18.75,1.0,30.0,46.62,MEDIUM,NORMAL_CUSTOMER,HIGH_SEVERITY | CRITICAL_JOURNEY
C002676,Jacqueline,Wright,Saudi Arabia,Standard,3,8408.55,3,0,3,0,15.0,45.0,1,0,0,1,45.0,0.0,0.0,0.33,0.83,0.33,30.0,27.25,MEDIUM,LOYAL_LOW_FRICTION_CUSTOMER,NO_MAJOR_RISK_SIGNAL
C002678,Stephanie,Quinn,Saudi Arabia,Standard,1,1457.11,1,0,1,0,0.0,0.0,0,0,0,0,0.0,0.0,0.0,0.0,0.0,0.0,0.0,0.0,LOW,NORMAL_CUSTOMER,NO_MAJOR_RISK_SIGNAL
C002680,Krista,Bartlett,Pakistan,Standard,3,6635.88,3,0,3,0,0.0,0.0,0,0,0,0,0.0,0.0,0.0,0.0,0.0,0.0,0.0,0.0,LOW,LOYAL_LOW_FRICTION_CUSTOMER,NO_MAJOR_RISK_SIGNAL
C002682,Gary,Carroll,United States,Standard,4,10594.07,4,0,4,0,10.0,40.0,1,0,0,1,40.0,0.0,0.0,0.25,0.62,0.25,28.0,24.59,MEDIUM,LOYAL_LOW_FRICTION_CUSTOMER,NO_MAJOR_RISK_SIGNAL
C002683,David,Long,Saudi Arabia,Standard,3,7151.62,4,1,3,1,10.0,30.0,0,0,0,0,30.0,0.33,0.33,0.0,5.42,0.0,0.0,13.63,LOW,LOYAL_LOW_FRICTION_CUSTOMER,NO_MAJOR_RISK_SIGNAL
C002684,Kimberly,Bautista,United Arab Emirates,Premium,1,4620.17,1,0,1,0,0.0,0.0,0,0,0,0,0.0,0.0,0.0,0.0,0.0,0.0,0.0,0.0,LOW,NORMAL_CUSTOMER,NO_MAJOR_RISK_SIGNAL
C002687,Kelsey,Hill,Saudi Arabia,Standard,6,13290.39,7,1,6,1,11.67,40.0,1,0,0,1,40.0,0.17,0.17,0.17,3.12,0.17,24.67,24.34,MEDIUM,LOYAL_LOW_FRICTION_CUSTOMER,NO_MAJOR_RISK_SIGNAL
C002688,Anthony,Fuller,United Arab Emirates,Standard,1,4791.08,1,0,1,0,0.0,0.0,0,0,0,0,0.0,0.0,0.0,0.0,0.0,0.0,0.0,0.0,LOW,NORMAL_CUSTOMER,NO_MAJOR_RISK_SIGNAL
C002690,Joseph,Hendricks,United Arab Emirates,Standard,1,2676.48,1,0,1,0,0.0,0.0,0,0,0,0,0.0,0.0,0.0,0.0,0.0,0.0,0.0,0.0,LOW,NORMAL_CUSTOMER,NO_MAJOR_RISK_SIGNAL
C002691,Caleb,Wolfe,Pakistan,Standard,2,5665.74,2,0,2,0,0.0,0.0,0,0,0,0,0.0,0.0,0.0,0.0,0.0,0.0,0.0,0.0,LOW,NORMAL_CUSTOMER,NO_MAJOR_RISK_SIGNAL
C002694,Chris,Snyder,United Arab Emirates,Standard,2,5556.99,3,1,2,1,35.0,40.0,1,0,0,1,40.0,0.5,0.5,0.5,9.38,0.5,30.0,27.81,MEDIUM,NORMAL_CUSTOMER,NO_MAJOR_RISK_SIGNAL
C002695,Spencer,Riddle,Other,Premium,3,7649.55,5,2,3,2,35.0,40.0,1,0,0,1,40.0,0.67,0.67,0.33,11.67,0.33,30.0,28.5,MEDIUM,NORMAL_CUSTOMER,REPEATED_PAYMENT_FAILURES
C002696,Michael,Tran,Pakistan,Standard,1,939.19,1,0,1,0,40.0,40.0,1,0,0,1,40.0,0.0,0.0,1.0,2.5,1.0,30.0,25.75,MEDIUM,NORMAL_CUSTOMER,NO_MAJOR_RISK_SIGNAL
C002697,Victor,Carney,United Kingdom,Standard,2,2513.82,2,0,2,0,0.0,0.0,0,0,0,0,0.0,0.0,0.0,0.0,0.0,0.0,0.0,0.0,LOW,NORMAL_CUSTOMER,NO_MAJOR_RISK_SIGNAL
C002698,Ashley,Jones,United Arab Emirates,Standard,1,4125.17,1,0,1,0,0.0,0.0,0,0,0,0,0.0,0.0,0.0,0.0,0.0,0.0,0.0,0.0,LOW,NORMAL_CUSTOMER,NO_MAJOR_RISK_SIGNAL
C002700,Jonathan,Miranda,United States,Standard,1,3661.15,1,0,1,0,0.0,0.0,0,0,0,0,0.0,0.0,0.0,0.0,0.0,0.0,0.0,0.0,LOW,NORMAL_CUSTOMER,NO_MAJOR_RISK_SIGNAL
C002701,Dakota,Nguyen,Pakistan,Standard,2,8155.2,3,1,2,1,17.5,35.0,0,0,0,0,35.0,0.5,0.5,0.0,8.12,0.0,0.0,16.44,LOW,NORMAL_CUSTOMER,NO_MAJOR_RISK_SIGNAL
C002702,Audrey,Hayes,Other,Premium,1,4083.27,1,0,1,0,0.0,0.0,0,0,0,0,0.0,0.0,0.0,0.0,0.0,0.0,0.0,0.0,LOW,NORMAL_CUSTOMER,NO_MAJOR_RISK_SIGNAL
C002703,Jennifer,King,Saudi Arabia,Standard,2,2660.94,2,0,2,0,20.0,40.0,1,0,0,1,40.0,0.0,0.0,0.5,1.25,0.5,30.0,25.38,MEDIUM,NORMAL_CUSTOMER,NO_MAJOR_RISK_SIGNAL
C002704,Jeremy,Hunter,Saudi Arabia,Standard,1,4636.83,1,0,1,0,0.0,0.0,0,0,0,0,0.0,0.0,0.0,0.0,0.0,0.0,0.0,0.0,LOW,NORMAL_CUSTOMER,NO_MAJOR_RISK_SIGNAL
C002705,William,Murray,United States,Standard,1,2124.53,1,0,1,0,45.0,45.0,1,0,0,1,45.0,0.0,0.0,1.0,2.5,1.0,30.0,27.75,MEDIUM,NORMAL_CUSTOMER,NO_MAJOR_RISK_SIGNAL
C002706,Bradley,Jones,United States,Standard,2,5188.12,2,0,2,0,0.0,0.0,0,0,0,0,0.0,0.0,0.0,0.0,0.0,0.0,0.0,0.0,LOW,NORMAL_CUSTOMER,NO_MAJOR_RISK_SIGNAL
C002707,Michelle,Neal,Saudi Arabia,Standard,1,2581.66,1,0,1,0,0.0,0.0,0,0,0,0,0.0,0.0,0.0,0.0,0.0,0.0,0.0,0.0,LOW,NORMAL_CUSTOMER,NO_MAJOR_RISK_SIGNAL
C002708,John,Brady,Saudi Arabia,VIP,1,2180.24,2,1,1,1,35.0,35.0,0,0,0,0,35.0,1.0,1.0,0.0,16.25,0.0,0.0,18.88,LOW,NORMAL_CUSTOMER,NO_MAJOR_RISK_SIGNAL
C002709,Thomas,James,Saudi Arabia,Standard,7,21530.63,11,4,7,4,24.29,75.0,3,2,0,2,75.0,0.57,0.57,0.43,10.36,0.29,50.43,48.24,MEDIUM,NORMAL_CUSTOMER,HIGH_SEVERITY | PERSISTENT_BEHAVIOR | REPEATED_PAYMENT_FAILURES | MULTIPLE_PROBLEMATIC_JOURNEYS
C002710,Patrick,Reese,Saudi Arabia,Premium,1,1501.63,1,0,1,0,0.0,0.0,0,0,0,0,0.0,0.0,0.0,0.0,0.0,0.0,0.0,0.0,LOW,NORMAL_CUSTOMER,NO_MAJOR_RISK_SIGNAL
C002711,Edward,Foley,United States,Standard,2,6880.19,2,0,2,0,0.0,0.0,0,0,0,0,0.0,0.0,0.0,0.0,0.0,0.0,0.0,0.0,LOW,NORMAL_CUSTOMER,NO_MAJOR_RISK_SIGNAL
C002712,Sarah,Sanders,Pakistan,Premium,3,9014.54,3,0,3,0,0.0,0.0,0,0,0,0,0.0,0.0,0.0,0.0,0.0,0.0,0.0,0.0,LOW,LOYAL_LOW_FRICTION_CUSTOMER,NO_MAJOR_RISK_SIGNAL
C002713,Meredith,Smith,United Arab Emirates,Premium,1,4646.87,2,1,1,1,35.0,35.0,0,0,0,0,35.0,1.0,1.0,0.0,16.25,0.0,0.0,18.88,LOW,NORMAL_CUSTOMER,NO_MAJOR_RISK_SIGNAL
C002714,Angela,Wilson,United Arab Emirates,Premium,3,9772.28,3,0,3,0,0.0,0.0,0,0,0,0,0.0,0.0,0.0,0.0,0.0,0.0,0.0,0.0,LOW,LOYAL_LOW_FRICTION_CUSTOMER,NO_MAJOR_RISK_SIGNAL
C002715,Robin,Stark,Saudi Arabia,Premium,1,1094.5,1,0,1,0,0.0,0.0,0,0,0,0,0.0,0.0,0.0,0.0,0.0,0.0,0.0,0.0,LOW,NORMAL_CUSTOMER,NO_MAJOR_RISK_SIGNAL
C002717,Robert,Goodman,Pakistan,Standard,1,508.62,1,0,1,0,0.0,0.0,0,0,0,0,0.0,0.0,0.0,0.0,0.0,0.0,0.0,0.0,LOW,NORMAL_CUSTOMER,NO_MAJOR_RISK_SIGNAL
C002718,Marc,Washington,Other,Standard,1,2320.32,1,0,1,0,45.0,45.0,1,0,0,1,45.0,0.0,0.0,1.0,2.5,1.0,30.0,27.75,MEDIUM,NORMAL_CUSTOMER,NO_MAJOR_RISK_SIGNAL
C002719,Robert,Jones,United States,Standard,1,1068.21,1,0,1,0,0.0,0.0,0,0,0,0,0.0,0.0,0.0,0.0,0.0,0.0,0.0,0.0,LOW,NORMAL_CUSTOMER,NO_MAJOR_RISK_SIGNAL
C002720,Jennifer,Kelley,Saudi Arabia,Premium,2,6169.89,3,1,2,1,37.5,40.0,1,0,0,1,40.0,0.5,0.5,0.5,9.38,0.5,30.0,27.81,MEDIUM,NORMAL_CUSTOMER,NO_MAJOR_RISK_SIGNAL
C002721,Joseph,Allen,Other,Standard,2,4461.3,2,0,2,0,0.0,0.0,0,0,0,0,0.0,0.0,0.0,0.0,0.0,0.0,0.0,0.0,LOW,NORMAL_CUSTOMER,NO_MAJOR_RISK_SIGNAL
C002722,Christian,Dodson,United States,Standard,3,7819.3,3,0,3,0,0.0,0.0,0,0,0,0,0.0,0.0,0.0,0.0,0.0,0.0,0.0,0.0,LOW,LOYAL_LOW_FRICTION_CUSTOMER,NO_MAJOR_RISK_SIGNAL
C002723,Nathan,Taylor,United States,Standard,3,13629.03,3,0,3,0,0.0,0.0,0,0,0,0,0.0,0.0,0.0,0.0,0.0,0.0,0.0,0.0,LOW,LOYAL_LOW_FRICTION_CUSTOMER,NO_MAJOR_RISK_SIGNAL
C002724,Wayne,Hoover,United Arab Emirates,Premium,1,1588.79,1,0,1,0,0.0,0.0,0,0,0,0,0.0,0.0,0.0,0.0,0.0,0.0,0.0,0.0,LOW,NORMAL_CUSTOMER,NO_MAJOR_RISK_SIGNAL
C002725,Rachel,Skinner,United Arab Emirates,Premium,2,6090.41,2,0,2,0,0.0,0.0,0,0,0,0,0.0,0.0,0.0,0.0,0.0,0.0,0.0,0.0,LOW,NORMAL_CUSTOMER,NO_MAJOR_RISK_SIGNAL
C002726,Harry,Jackson,United Arab Emirates,Standard,3,4827.97,5,2,3,2,48.33,100.0,4,1,1,2,100.0,0.67,0.67,1.33,14.17,0.67,65.67,63.95,HIGH,FRICTION_PRONE_CUSTOMER,HIGH_SEVERITY | PERSISTENT_BEHAVIOR | REPEATED_PAYMENT_FAILURES | MULTIPLE_PROBLEMATIC_JOURNEYS | CRITICAL_JOURNEY
C002727,Linda,Smith,Saudi Arabia,Standard,1,1176.33,1,0,1,0,0.0,0.0,0,0,0,0,0.0,0.0,0.0,0.0,0.0,0.0,0.0,0.0,LOW,NORMAL_CUSTOMER,NO_MAJOR_RISK_SIGNAL
C002728,Tina,Garcia,Saudi Arabia,Standard,1,4891.92,1,0,1,0,0.0,0.0,0,0,0,0,0.0,0.0,0.0,0.0,0.0,0.0,0.0,0.0,LOW,NORMAL_CUSTOMER,NO_MAJOR_RISK_SIGNAL
C002729,Stephanie,Phillips,Saudi Arabia,Standard,2,6865.16,2,0,2,0,20.0,40.0,1,0,0,1,40.0,0.0,0.0,0.5,1.25,0.5,30.0,25.38,MEDIUM,NORMAL_CUSTOMER,NO_MAJOR_RISK_SIGNAL
C002730,Casey,Nichols,United Arab Emirates,Standard,2,2098.92,2,0,2,0,0.0,0.0,0,0,0,0,0.0,0.0,0.0,0.0,0.0,0.0,0.0,0.0,LOW,NORMAL_CUSTOMER,NO_MAJOR_RISK_SIGNAL
C002731,Steven,Myers,United Kingdom,Standard,2,7418.53,3,1,2,1,17.5,35.0,0,0,0,0,35.0,0.5,0.5,0.0,8.12,0.0,0.0,16.44,LOW,NORMAL_CUSTOMER,NO_MAJOR_RISK_SIGNAL
C002732,Justin,Jones,United Arab Emirates,Standard,2,5911.35,2,0,2,0,0.0,0.0,0,0,0,0,0.0,0.0,0.0,0.0,0.0,0.0,0.0,0.0,LOW,NORMAL_CUSTOMER,NO_MAJOR_RISK_SIGNAL
C002734,Mark,Byrd,Other,Standard,1,1648.0,1,0,1,0,0.0,0.0,0,0,0,0,0.0,0.0,0.0,0.0,0.0,0.0,0.0,0.0,LOW,NORMAL_CUSTOMER,NO_MAJOR_RISK_SIGNAL
C002735,Angela,Hernandez,Other,Premium,2,5096.24,3,1,2,1,17.5,35.0,0,0,0,0,35.0,0.5,0.5,0.0,8.12,0.0,0.0,16.44,LOW,NORMAL_CUSTOMER,NO_MAJOR_RISK_SIGNAL
C002736,Alan,Howard,United States,Premium,4,11861.07,5,1,4,1,18.75,75.0,1,1,0,1,75.0,0.25,0.25,0.25,4.69,0.25,28.0,39.81,MEDIUM,LOYAL_LOW_FRICTION_CUSTOMER,HIGH_SEVERITY
C002737,James,Robinson,Other,Standard,1,3755.85,1,0,1,0,45.0,45.0,1,0,0,1,45.0,0.0,0.0,1.0,2.5,1.0,30.0,27.75,MEDIUM,NORMAL_CUSTOMER,NO_MAJOR_RISK_SIGNAL
C002738,Anne,Johnson,Pakistan,Premium,2,4007.28,2,0,2,0,22.5,45.0,1,0,0,1,45.0,0.0,0.0,0.5,1.25,0.5,30.0,27.38,MEDIUM,NORMAL_CUSTOMER,NO_MAJOR_RISK_SIGNAL
C002739,Kevin,Leonard,Other,Standard,4,7575.18,4,0,4,0,20.0,40.0,2,0,0,2,40.0,0.0,0.0,0.5,1.25,0.5,59.0,34.08,MEDIUM,NORMAL_CUSTOMER,PERSISTENT_BEHAVIOR | MULTIPLE_PROBLEMATIC_JOURNEYS
C002740,Cindy,Robinson,Saudi Arabia,Standard,4,13482.6,4,0,4,0,0.0,0.0,0,0,0,0,0.0,0.0,0.0,0.0,0.0,0.0,0.0,0.0,LOW,LOYAL_LOW_FRICTION_CUSTOMER,NO_MAJOR_RISK_SIGNAL
C002741,Steven,Horton,United Arab Emirates,Standard,2,5545.09,3,1,2,1,35.0,70.0,1,1,0,1,70.0,0.5,0.5,0.5,9.38,0.5,30.0,39.81,MEDIUM,NORMAL_CUSTOMER,HIGH_SEVERITY
C002742,Brittany,Copeland,Saudi Arabia,Premium,1,4351.44,1,0,1,0,40.0,40.0,1,0,0,1,40.0,0.0,0.0,1.0,2.5,1.0,30.0,25.75,MEDIUM,NORMAL_CUSTOMER,NO_MAJOR_RISK_SIGNAL
C002744,Kendra,Davidson,Saudi Arabia,Standard,2,4698.36,3,1,2,1,15.0,30.0,0,0,0,0,30.0,0.5,0.5,0.0,8.12,0.0,0.0,14.44,LOW,NORMAL_CUSTOMER,NO_MAJOR_RISK_SIGNAL
C002745,James,Moran,Pakistan,Standard,2,3561.02,2,0,2,0,22.5,45.0,1,0,0,1,45.0,0.0,0.0,0.5,1.25,0.5,30.0,27.38,MEDIUM,NORMAL_CUSTOMER,NO_MAJOR_RISK_SIGNAL
C002746,Rachel,Prince,United States,Premium,4,8932.93,6,2,4,2,36.25,40.0,2,0,0,2,40.0,0.5,0.5,0.5,9.38,0.5,59.0,36.51,MEDIUM,NORMAL_CUSTOMER,PERSISTENT_BEHAVIOR | REPEATED_PAYMENT_FAILURES | MULTIPLE_PROBLEMATIC_JOURNEYS
C002747,Kathleen,Myers,Pakistan,Premium,1,2962.32,2,1,1,1,35.0,35.0,0,0,0,0,35.0,1.0,1.0,0.0,16.25,0.0,0.0,18.88,LOW,NORMAL_CUSTOMER,NO_MAJOR_RISK_SIGNAL
C002748,John,Parker,Saudi Arabia,Standard,3,6828.58,3,0,3,0,15.0,45.0,1,0,0,1,45.0,0.0,0.0,0.33,0.83,0.33,30.0,27.25,MEDIUM,LOYAL_LOW_FRICTION_CUSTOMER,NO_MAJOR_RISK_SIGNAL
C002749,Adam,Williams,United States,Premium,1,2751.96,2,1,1,1,35.0,35.0,0,0,0,0,35.0,1.0,1.0,0.0,16.25,0.0,0.0,18.88,LOW,NORMAL_CUSTOMER,NO_MAJOR_RISK_SIGNAL
C002750,Robert,Smith,Pakistan,Standard,2,9669.25,2,0,2,0,0.0,0.0,0,0,0,0,0.0,0.0,0.0,0.0,0.0,0.0,0.0,0.0,LOW,NORMAL_CUSTOMER,NO_MAJOR_RISK_SIGNAL
C002751,Jesse,Barton,United Arab Emirates,VIP,1,1743.59,1,0,1,0,45.0,45.0,1,0,0,1,45.0,0.0,0.0,1.0,2.5,1.0,30.0,27.75,MEDIUM,NORMAL_CUSTOMER,NO_MAJOR_RISK_SIGNAL
C002753,Mary,Mcfarland,Saudi Arabia,Standard,2,8379.22,2,0,2,0,0.0,0.0,0,0,0,0,0.0,0.0,0.0,0.0,0.0,0.0,0.0,0.0,LOW,NORMAL_CUSTOMER,NO_MAJOR_RISK_SIGNAL
C002757,Diane,Fisher,United Arab Emirates,Premium,2,3707.35,3,1,2,1,17.5,35.0,0,0,0,0,35.0,0.5,0.5,0.0,8.12,0.0,0.0,16.44,LOW,NORMAL_CUSTOMER,NO_MAJOR_RISK_SIGNAL
C002758,Melinda,Hays,Other,Standard,3,8451.89,3,0,3,0,0.0,0.0,0,0,0,0,0.0,0.0,0.0,0.0,0.0,0.0,0.0,0.0,LOW,LOYAL_LOW_FRICTION_CUSTOMER,NO_MAJOR_RISK_SIGNAL
C002759,Jessica,Rogers,United Kingdom,Standard,1,2322.18,1,0,1,0,0.0,0.0,0,0,0,0,0.0,0.0,0.0,0.0,0.0,0.0,0.0,0.0,LOW,NORMAL_CUSTOMER,NO_MAJOR_RISK_SIGNAL
C002762,John,Walker,Saudi Arabia,Premium,4,11142.44,8,4,4,4,32.5,65.0,4,2,0,2,65.0,1.0,1.0,1.0,18.75,0.5,59.0,49.32,HIGH,FRICTION_PRONE_CUSTOMER,PERSISTENT_BEHAVIOR | REPEATED_PAYMENT_FAILURES | MULTIPLE_PROBLEMATIC_JOURNEYS
C002763,Travis,Khan,Pakistan,Standard,1,3425.81,1,0,1,0,0.0,0.0,0,0,0,0,0.0,0.0,0.0,0.0,0.0,0.0,0.0,0.0,LOW,NORMAL_CUSTOMER,NO_MAJOR_RISK_SIGNAL
C002764,Brian,Robles,United Arab Emirates,Standard,3,5653.99,3,0,3,0,41.67,45.0,3,0,0,3,45.0,0.0,0.0,1.0,2.5,1.0,91.0,46.05,MEDIUM,NORMAL_CUSTOMER,PERSISTENT_BEHAVIOR | MULTIPLE_PROBLEMATIC_JOURNEYS
C002765,Wendy,Rivas,Saudi Arabia,Standard,2,4808.2,3,1,2,1,15.0,30.0,0,0,0,0,30.0,0.5,0.5,0.0,8.12,0.0,0.0,14.44,LOW,NORMAL_CUSTOMER,NO_MAJOR_RISK_SIGNAL
C002766,Jennifer,Jackson,Other,Standard,3,7031.41,4,1,3,1,51.67,75.0,3,1,0,3,75.0,0.33,0.33,1.0,7.92,1.0,91.0,59.68,HIGH,FRICTION_PRONE_CUSTOMER,HIGH_SEVERITY | PERSISTENT_BEHAVIOR | MULTIPLE_PROBLEMATIC_JOURNEYS
C002767,Christopher,Jackson,Pakistan,Standard,1,564.58,1,0,1,0,0.0,0.0,0,0,0,0,0.0,0.0,0.0,0.0,0.0,0.0,0.0,0.0,LOW,NORMAL_CUSTOMER,NO_MAJOR_RISK_SIGNAL
C002768,Samantha,Perry,Saudi Arabia,Standard,1,1827.06,1,0,1,0,40.0,40.0,1,0,0,1,40.0,0.0,0.0,1.0,2.5,1.0,30.0,25.75,MEDIUM,NORMAL_CUSTOMER,NO_MAJOR_RISK_SIGNAL
C002769,Phyllis,Rodriguez,Pakistan,Standard,2,3788.91,2,0,2,0,0.0,0.0,0,0,0,0,0.0,0.0,0.0,0.0,0.0,0.0,0.0,0.0,LOW,NORMAL_CUSTOMER,NO_MAJOR_RISK_SIGNAL
C002770,April,Murphy,United Kingdom,Standard,1,4581.1,1,0,1,0,0.0,0.0,0,0,0,0,0.0,0.0,0.0,0.0,0.0,0.0,0.0,0.0,LOW,NORMAL_CUSTOMER,NO_MAJOR_RISK_SIGNAL
C002771,Jaclyn,Hart,Saudi Arabia,Standard,1,641.79,1,0,1,0,0.0,0.0,0,0,0,0,0.0,0.0,0.0,0.0,0.0,0.0,0.0,0.0,LOW,NORMAL_CUSTOMER,NO_MAJOR_RISK_SIGNAL
C002773,Terri,Clark,United States,Standard,3,9815.61,3,0,3,0,15.0,45.0,1,0,0,1,45.0,0.0,0.0,0.33,0.83,0.33,30.0,27.25,MEDIUM,LOYAL_LOW_FRICTION_CUSTOMER,NO_MAJOR_RISK_SIGNAL
C002774,Christopher,Weaver,United Arab Emirates,Standard,5,13939.56,9,4,5,4,51.0,75.0,5,2,0,4,75.0,0.8,0.8,1.0,15.5,0.8,92.0,62.25,HIGH,FRICTION_PRONE_CUSTOMER,HIGH_SEVERITY | PERSISTENT_BEHAVIOR | REPEATED_PAYMENT_FAILURES | MULTIPLE_PROBLEMATIC_JOURNEYS
C002775,Cody,Mcmillan,Pakistan,Standard,5,14970.31,7,2,5,2,29.0,75.0,2,1,0,2,75.0,0.4,0.4,0.4,7.5,0.4,55.0,48.75,MEDIUM,NORMAL_CUSTOMER,HIGH_SEVERITY | PERSISTENT_BEHAVIOR | REPEATED_PAYMENT_FAILURES | MULTIPLE_PROBLEMATIC_JOURNEYS
C002776,Dennis,Martinez,United Arab Emirates,Standard,3,7345.03,4,1,3,1,40.0,75.0,2,1,0,2,75.0,0.33,0.33,0.67,7.08,0.67,65.67,51.82,HIGH,FRICTION_PRONE_CUSTOMER,HIGH_SEVERITY | PERSISTENT_BEHAVIOR | MULTIPLE_PROBLEMATIC_JOURNEYS
C002777,Lori,Lewis,Saudi Arabia,Standard,1,4657.15,1,0,1,0,0.0,0.0,0,0,0,0,0.0,0.0,0.0,0.0,0.0,0.0,0.0,0.0,LOW,NORMAL_CUSTOMER,NO_MAJOR_RISK_SIGNAL
C002778,Charles,Kelly,Saudi Arabia,Standard,1,934.07,1,0,1,0,0.0,0.0,0,0,0,0,0.0,0.0,0.0,0.0,0.0,0.0,0.0,0.0,LOW,NORMAL_CUSTOMER,NO_MAJOR_RISK_SIGNAL
C002779,Ashley,Thompson,United Arab Emirates,Standard,2,4011.12,2,0,2,0,20.0,40.0,1,0,0,1,40.0,0.0,0.0,0.5,1.25,0.5,30.0,25.38,MEDIUM,NORMAL_CUSTOMER,NO_MAJOR_RISK_SIGNAL
C002780,Ryan,Morales,Saudi Arabia,Premium,5,19713.87,8,3,5,3,19.0,65.0,2,1,0,1,65.0,0.6,0.6,0.4,10.75,0.2,26.0,37.02,MEDIUM,LOYAL_LOW_FRICTION_CUSTOMER,REPEATED_PAYMENT_FAILURES
C002781,Tamara,Stewart,Saudi Arabia,Standard,4,7292.56,12,8,4,8,62.5,65.0,8,4,0,4,65.0,2.0,2.0,2.0,37.5,1.0,100.0,67.25,HIGH,FRICTION_PRONE_CUSTOMER,PERSISTENT_BEHAVIOR | REPEATED_PAYMENT_FAILURES | MULTIPLE_PROBLEMATIC_JOURNEYS
C002782,Joel,Price,United States,Standard,1,554.62,1,0,1,0,0.0,0.0,0,0,0,0,0.0,0.0,0.0,0.0,0.0,0.0,0.0,0.0,LOW,NORMAL_CUSTOMER,NO_MAJOR_RISK_SIGNAL
C002783,Jose,Ellis,Other,Standard,2,5678.75,2,0,2,0,0.0,0.0,0,0,0,0,0.0,0.0,0.0,0.0,0.0,0.0,0.0,0.0,LOW,NORMAL_CUSTOMER,NO_MAJOR_RISK_SIGNAL
C002784,Leslie,Jones,United States,Standard,2,5734.52,2,0,2,0,0.0,0.0,0,0,0,0,0.0,0.0,0.0,0.0,0.0,0.0,0.0,0.0,LOW,NORMAL_CUSTOMER,NO_MAJOR_RISK_SIGNAL
C002785,Lauren,Briggs,Other,Premium,2,6823.25,3,1,2,1,17.5,35.0,0,0,0,0,35.0,0.5,0.5,0.0,8.12,0.0,0.0,16.44,LOW,NORMAL_CUSTOMER,NO_MAJOR_RISK_SIGNAL
C002786,Jaclyn,Santos,Saudi Arabia,Premium,3,6671.28,4,1,3,1,23.33,40.0,1,0,0,1,40.0,0.33,0.33,0.33,6.25,0.33,30.0,26.88,MEDIUM,LOYAL_LOW_FRICTION_CUSTOMER,NO_MAJOR_RISK_SIGNAL
C002787,Jill,Wood,Other,Standard,3,8802.93,3,0,3,0,15.0,45.0,1,0,0,1,45.0,0.0,0.0,0.33,0.83,0.33,30.0,27.25,MEDIUM,LOYAL_LOW_FRICTION_CUSTOMER,NO_MAJOR_RISK_SIGNAL
C002788,Louis,Jones,Saudi Arabia,Standard,1,3967.46,1,0,1,0,0.0,0.0,0,0,0,0,0.0,0.0,0.0,0.0,0.0,0.0,0.0,0.0,LOW,NORMAL_CUSTOMER,NO_MAJOR_RISK_SIGNAL
C002789,Joseph,Robinson,Other,Premium,1,506.15,1,0,1,0,45.0,45.0,1,0,0,1,45.0,0.0,0.0,1.0,2.5,1.0,30.0,27.75,MEDIUM,NORMAL_CUSTOMER,NO_MAJOR_RISK_SIGNAL
C002790,Charles,Turner,Other,Standard,1,2035.32,1,0,1,0,0.0,0.0,0,0,0,0,0.0,0.0,0.0,0.0,0.0,0.0,0.0,0.0,LOW,NORMAL_CUSTOMER,NO_MAJOR_RISK_SIGNAL
C002791,James,George,United Kingdom,Standard,2,4641.58,2,0,2,0,0.0,0.0,0,0,0,0,0.0,0.0,0.0,0.0,0.0,0.0,0.0,0.0,LOW,NORMAL_CUSTOMER,NO_MAJOR_RISK_SIGNAL
C002792,Kimberly,Bird,Other,Standard,1,1007.07,2,1,1,1,70.0,70.0,1,1,0,1,70.0,1.0,1.0,1.0,18.75,1.0,30.0,42.62,MEDIUM,NORMAL_CUSTOMER,HIGH_SEVERITY
C002793,Brenda,Garcia,Pakistan,Standard,1,3980.42,2,1,1,1,30.0,30.0,0,0,0,0,30.0,1.0,1.0,0.0,16.25,0.0,0.0,16.88,LOW,NORMAL_CUSTOMER,NO_MAJOR_RISK_SIGNAL
C002794,Eric,Herrera,Saudi Arabia,Premium,3,6209.76,6,3,3,3,46.67,65.0,3,1,0,2,65.0,1.0,1.0,1.0,18.75,0.67,65.67,51.33,HIGH,FRICTION_PRONE_CUSTOMER,PERSISTENT_BEHAVIOR | REPEATED_PAYMENT_FAILURES | MULTIPLE_PROBLEMATIC_JOURNEYS
C002795,Frank,Mooney,United Arab Emirates,Standard,1,4228.96,1,0,1,0,0.0,0.0,0,0,0,0,0.0,0.0,0.0,0.0,0.0,0.0,0.0,0.0,LOW,NORMAL_CUSTOMER,NO_MAJOR_RISK_SIGNAL
C002796,Steven,Jefferson,Pakistan,Standard,2,6180.07,2,0,2,0,0.0,0.0,0,0,0,0,0.0,0.0,0.0,0.0,0.0,0.0,0.0,0.0,LOW,NORMAL_CUSTOMER,NO_MAJOR_RISK_SIGNAL
C002797,Richard,Jackson,Saudi Arabia,Standard,1,3736.95,2,1,1,1,70.0,70.0,1,1,0,1,70.0,1.0,1.0,1.0,18.75,1.0,30.0,42.62,MEDIUM,NORMAL_CUSTOMER,HIGH_SEVERITY
C002798,Amanda,Haley,Pakistan,Premium,1,3752.84,1,0,1,0,0.0,0.0,0,0,0,0,0.0,0.0,0.0,0.0,0.0,0.0,0.0,0.0,LOW,NORMAL_CUSTOMER,NO_MAJOR_RISK_SIGNAL
C002799,Tami,Greene,Other,Standard,2,9361.49,2,0,2,0,0.0,0.0,0,0,0,0,0.0,0.0,0.0,0.0,0.0,0.0,0.0,0.0,LOW,NORMAL_CUSTOMER,NO_MAJOR_RISK_SIGNAL
C002800,Jared,Jarvis,Saudi Arabia,Premium,2,4783.35,2,0,2,0,20.0,40.0,1,0,0,1,40.0,0.0,0.0,0.5,1.25,0.5,30.0,25.38,MEDIUM,NORMAL_CUSTOMER,NO_MAJOR_RISK_SIGNAL
C002801,Kyle,Horton,United States,Standard,4,11425.44,8,4,4,4,52.5,100.0,4,2,1,2,100.0,1.0,1.0,1.0,18.75,0.5,59.0,63.32,HIGH,FRICTION_PRONE_CUSTOMER,HIGH_SEVERITY | PERSISTENT_BEHAVIOR | REPEATED_PAYMENT_FAILURES | MULTIPLE_PROBLEMATIC_JOURNEYS | CRITICAL_JOURNEY
C002802,Joseph,Gregory,Other,Premium,1,2467.53,1,0,1,0,0.0,0.0,0,0,0,0,0.0,0.0,0.0,0.0,0.0,0.0,0.0,0.0,LOW,NORMAL_CUSTOMER,NO_MAJOR_RISK_SIGNAL
C002804,Eric,Benson,Other,Standard,3,3729.93,4,1,3,1,10.0,30.0,0,0,0,0,30.0,0.33,0.33,0.0,5.42,0.0,0.0,13.63,LOW,LOYAL_LOW_FRICTION_CUSTOMER,NO_MAJOR_RISK_SIGNAL
C002805,Gina,Rivera,Pakistan,Standard,1,4120.44,3,2,1,2,100.0,100.0,3,1,1,1,100.0,2.0,2.0,3.0,40.0,1.0,30.0,61.0,HIGH,FRICTION_PRONE_CUSTOMER,HIGH_SEVERITY | REPEATED_PAYMENT_FAILURES | CRITICAL_JOURNEY
C002806,Margaret,Reid,Other,Premium,1,3330.64,2,1,1,1,75.0,75.0,1,1,0,1,75.0,1.0,1.0,1.0,18.75,1.0,30.0,44.62,MEDIUM,NORMAL_CUSTOMER,HIGH_SEVERITY
C002807,Heidi,Henson,United States,Standard,4,16578.16,5,1,4,1,17.5,40.0,1,0,0,1,40.0,0.25,0.25,0.25,4.69,0.25,28.0,25.81,MEDIUM,LOYAL_LOW_FRICTION_CUSTOMER,NO_MAJOR_RISK_SIGNAL
C002809,Mary,York,United Arab Emirates,Standard,3,12696.13,3,0,3,0,0.0,0.0,0,0,0,0,0.0,0.0,0.0,0.0,0.0,0.0,0.0,0.0,LOW,LOYAL_LOW_FRICTION_CUSTOMER,NO_MAJOR_RISK_SIGNAL
C002810,Mark,Olson,United Kingdom,Standard,2,7465.18,2,0,2,0,0.0,0.0,0,0,0,0,0.0,0.0,0.0,0.0,0.0,0.0,0.0,0.0,LOW,NORMAL_CUSTOMER,NO_MAJOR_RISK_SIGNAL
C002811,Christopher,Rogers,Saudi Arabia,Premium,5,17278.61,5,0,5,0,0.0,0.0,0,0,0,0,0.0,0.0,0.0,0.0,0.0,0.0,0.0,0.0,LOW,LOYAL_LOW_FRICTION_CUSTOMER,NO_MAJOR_RISK_SIGNAL
C002812,John,Franklin,Pakistan,Standard,2,8869.95,3,1,2,1,15.0,30.0,0,0,0,0,30.0,0.5,0.5,0.0,8.12,0.0,0.0,14.44,LOW,NORMAL_CUSTOMER,NO_MAJOR_RISK_SIGNAL
C002813,Michael,Richards,United Kingdom,Premium,1,3845.75,1,0,1,0,0.0,0.0,0,0,0,0,0.0,0.0,0.0,0.0,0.0,0.0,0.0,0.0,LOW,NORMAL_CUSTOMER,NO_MAJOR_RISK_SIGNAL
C002814,William,Reyes,Saudi Arabia,Standard,1,3144.96,1,0,1,0,40.0,40.0,1,0,0,1,40.0,0.0,0.0,1.0,2.5,1.0,30.0,25.75,MEDIUM,NORMAL_CUSTOMER,NO_MAJOR_RISK_SIGNAL
C002815,Erica,Davidson,Pakistan,VIP,1,680.27,1,0,1,0,0.0,0.0,0,0,0,0,0.0,0.0,0.0,0.0,0.0,0.0,0.0,0.0,LOW,NORMAL_CUSTOMER,NO_MAJOR_RISK_SIGNAL
C002816,Jorge,Hall,United States,Standard,1,3073.81,1,0,1,0,0.0,0.0,0,0,0,0,0.0,0.0,0.0,0.0,0.0,0.0,0.0,0.0,LOW,NORMAL_CUSTOMER,NO_MAJOR_RISK_SIGNAL
C002817,Vicki,Matthews,United Arab Emirates,Standard,1,4593.69,1,0,1,0,0.0,0.0,0,0,0,0,0.0,0.0,0.0,0.0,0.0,0.0,0.0,0.0,LOW,NORMAL_CUSTOMER,NO_MAJOR_RISK_SIGNAL
C002818,Anthony,Mcneil,Saudi Arabia,Standard,4,16546.31,4,0,4,0,11.25,45.0,1,0,0,1,45.0,0.0,0.0,0.25,0.62,0.25,28.0,26.59,MEDIUM,LOYAL_LOW_FRICTION_CUSTOMER,NO_MAJOR_RISK_SIGNAL
C002820,Shannon,Jensen,United Arab Emirates,Standard,1,515.71,1,0,1,0,0.0,0.0,0,0,0,0,0.0,0.0,0.0,0.0,0.0,0.0,0.0,0.0,LOW,NORMAL_CUSTOMER,NO_MAJOR_RISK_SIGNAL
C002822,John,Parker,Saudi Arabia,Premium,1,4409.42,1,0,1,0,40.0,40.0,1,0,0,1,40.0,0.0,0.0,1.0,2.5,1.0,30.0,25.75,MEDIUM,NORMAL_CUSTOMER,NO_MAJOR_RISK_SIGNAL
C002823,Steven,Rojas,Pakistan,Premium,2,8228.93,3,1,2,1,35.0,40.0,1,0,0,1,40.0,0.5,0.5,0.5,9.38,0.5,30.0,27.81,MEDIUM,NORMAL_CUSTOMER,NO_MAJOR_RISK_SIGNAL
C002824,Linda,Todd,Saudi Arabia,Premium,2,3975.18,3,1,2,1,15.0,30.0,0,0,0,0,30.0,0.5,0.5,0.0,8.12,0.0,0.0,14.44,LOW,NORMAL_CUSTOMER,NO_MAJOR_RISK_SIGNAL
C002825,Donald,Harvey,United Arab Emirates,Standard,3,10920.35,5,2,3,2,21.67,65.0,2,1,0,1,65.0,0.67,0.67,0.67,12.5,0.33,30.0,38.75,MEDIUM,LOYAL_LOW_FRICTION_CUSTOMER,REPEATED_PAYMENT_FAILURES
C002826,Alexander,Brown,United States,Standard,2,2398.9,4,2,2,2,50.0,100.0,3,1,1,1,100.0,1.0,1.0,1.5,20.0,0.5,30.0,55.0,HIGH,FRICTION_PRONE_CUSTOMER,HIGH_SEVERITY | REPEATED_PAYMENT_FAILURES | CRITICAL_JOURNEY
C002828,Toni,Phillips,Saudi Arabia,Standard,1,2460.24,1,0,1,0,0.0,0.0,0,0,0,0,0.0,0.0,0.0,0.0,0.0,0.0,0.0,0.0,LOW,NORMAL_CUSTOMER,NO_MAJOR_RISK_SIGNAL
C002829,David,Hernandez,United Arab Emirates,Standard,3,3863.94,3,0,3,0,13.33,40.0,1,0,0,1,40.0,0.0,0.0,0.33,0.83,0.33,30.0,25.25,MEDIUM,LOYAL_LOW_FRICTION_CUSTOMER,NO_MAJOR_RISK_SIGNAL
C002830,Madison,Harris,Saudi Arabia,Standard,1,1469.2,1,0,1,0,0.0,0.0,0,0,0,0,0.0,0.0,0.0,0.0,0.0,0.0,0.0,0.0,LOW,NORMAL_CUSTOMER,NO_MAJOR_RISK_SIGNAL
C002831,Nathan,Johnson,United Arab Emirates,VIP,2,8066.81,2,0,2,0,0.0,0.0,0,0,0,0,0.0,0.0,0.0,0.0,0.0,0.0,0.0,0.0,LOW,NORMAL_CUSTOMER,NO_MAJOR_RISK_SIGNAL
C002832,Crystal,Mclean,United Kingdom,Standard,4,14366.11,6,2,4,2,17.5,35.0,0,0,0,0,35.0,0.5,0.5,0.0,8.12,0.0,0.0,16.44,LOW,LOYAL_LOW_FRICTION_CUSTOMER,REPEATED_PAYMENT_FAILURES
C002833,Deanna,George,Saudi Arabia,Premium,3,3739.42,3,0,3,0,13.33,40.0,1,0,0,1,40.0,0.0,0.0,0.33,0.83,0.33,30.0,25.25,MEDIUM,LOYAL_LOW_FRICTION_CUSTOMER,NO_MAJOR_RISK_SIGNAL
C002834,Brandi,Bautista,Saudi Arabia,Standard,1,2478.01,1,0,1,0,0.0,0.0,0,0,0,0,0.0,0.0,0.0,0.0,0.0,0.0,0.0,0.0,LOW,NORMAL_CUSTOMER,NO_MAJOR_RISK_SIGNAL
C002835,Jonathan,Stevenson,United Arab Emirates,Premium,1,4550.06,3,2,1,2,65.0,65.0,2,1,0,1,65.0,2.0,2.0,2.0,37.5,1.0,30.0,46.25,MEDIUM,NORMAL_CUSTOMER,REPEATED_PAYMENT_FAILURES
C002836,Lisa,Murphy,Other,Standard,2,1172.2,3,1,2,1,15.0,30.0,0,0,0,0,30.0,0.5,0.5,0.0,8.12,0.0,0.0,14.44,LOW,NORMAL_CUSTOMER,NO_MAJOR_RISK_SIGNAL
C002838,Caleb,Schneider,Saudi Arabia,Standard,3,8712.95,4,1,3,1,11.67,35.0,0,0,0,0,35.0,0.33,0.33,0.0,5.42,0.0,0.0,15.63,LOW,LOYAL_LOW_FRICTION_CUSTOMER,NO_MAJOR_RISK_SIGNAL
C002839,Rachel,Hodges,United States,Premium,4,12931.74,5,1,4,1,27.5,40.0,2,0,0,2,40.0,0.25,0.25,0.5,5.31,0.5,59.0,35.29,MEDIUM,NORMAL_CUSTOMER,PERSISTENT_BEHAVIOR | MULTIPLE_PROBLEMATIC_JOURNEYS
C002840,Scott,Meyer,United Arab Emirates,Standard,2,4990.68,2,0,2,0,0.0,0.0,0,0,0,0,0.0,0.0,0.0,0.0,0.0,0.0,0.0,0.0,LOW,NORMAL_CUSTOMER,NO_MAJOR_RISK_SIGNAL
C002842,Rebecca,Wong,United States,Standard,3,7665.25,4,1,3,1,10.0,30.0,0,0,0,0,30.0,0.33,0.33,0.0,5.42,0.0,0.0,13.63,LOW,LOYAL_LOW_FRICTION_CUSTOMER,NO_MAJOR_RISK_SIGNAL
C002843,Maria,Roberts,Other,Standard,2,6936.26,2,0,2,0,0.0,0.0,0,0,0,0,0.0,0.0,0.0,0.0,0.0,0.0,0.0,0.0,LOW,NORMAL_CUSTOMER,NO_MAJOR_RISK_SIGNAL
C002844,Martin,Johnson,Other,Standard,2,4997.31,2,0,2,0,20.0,40.0,1,0,0,1,40.0,0.0,0.0,0.5,1.25,0.5,30.0,25.38,MEDIUM,NORMAL_CUSTOMER,NO_MAJOR_RISK_SIGNAL
C002845,Brad,Bradford,Pakistan,Standard,2,5239.01,2,0,2,0,0.0,0.0,0,0,0,0,0.0,0.0,0.0,0.0,0.0,0.0,0.0,0.0,LOW,NORMAL_CUSTOMER,NO_MAJOR_RISK_SIGNAL
C002846,Steven,Rivera,United Arab Emirates,Premium,1,1638.29,1,0,1,0,0.0,0.0,0,0,0,0,0.0,0.0,0.0,0.0,0.0,0.0,0.0,0.0,LOW,NORMAL_CUSTOMER,NO_MAJOR_RISK_SIGNAL
C002849,Lorraine,Knox,Pakistan,VIP,1,635.33,3,2,1,2,65.0,65.0,2,1,0,1,65.0,2.0,2.0,2.0,37.5,1.0,30.0,46.25,MEDIUM,NORMAL_CUSTOMER,REPEATED_PAYMENT_FAILURES
C002850,Randall,Ortega,United Arab Emirates,Standard,4,9301.35,5,1,4,1,7.5,30.0,0,0,0,0,30.0,0.25,0.25,0.0,4.06,0.0,0.0,13.22,LOW,LOYAL_LOW_FRICTION_CUSTOMER,NO_MAJOR_RISK_SIGNAL
C002851,Anthony,Wright,United Kingdom,Standard,4,15250.39,7,3,4,3,45.0,75.0,2,1,0,2,75.0,0.75,0.75,0.5,13.44,0.5,59.0,51.73,HIGH,FRICTION_PRONE_CUSTOMER,HIGH_SEVERITY | PERSISTENT_BEHAVIOR | REPEATED_PAYMENT_FAILURES | MULTIPLE_PROBLEMATIC_JOURNEYS
C002852,Felicia,Mcdaniel,Saudi Arabia,Standard,1,1415.42,1,0,1,0,0.0,0.0,0,0,0,0,0.0,0.0,0.0,0.0,0.0,0.0,0.0,0.0,LOW,NORMAL_CUSTOMER,NO_MAJOR_RISK_SIGNAL
C002853,Gerald,Ball,Saudi Arabia,VIP,1,4978.78,1,0,1,0,40.0,40.0,1,0,0,1,40.0,0.0,0.0,1.0,2.5,1.0,30.0,25.75,MEDIUM,NORMAL_CUSTOMER,NO_MAJOR_RISK_SIGNAL
C002854,Jason,Franklin,Other,Standard,3,8030.08,3,0,3,0,0.0,0.0,0,0,0,0,0.0,0.0,0.0,0.0,0.0,0.0,0.0,0.0,LOW,LOYAL_LOW_FRICTION_CUSTOMER,NO_MAJOR_RISK_SIGNAL
C002855,Jacob,James,Saudi Arabia,Standard,3,7460.64,4,1,3,1,26.67,45.0,1,0,0,1,45.0,0.33,0.33,0.33,6.25,0.33,30.0,28.88,MEDIUM,LOYAL_LOW_FRICTION_CUSTOMER,NO_MAJOR_RISK_SIGNAL
C002857,Nicole,Ramos,Saudi Arabia,Standard,1,4616.39,1,0,1,0,0.0,0.0,0,0,0,0,0.0,0.0,0.0,0.0,0.0,0.0,0.0,0.0,LOW,NORMAL_CUSTOMER,NO_MAJOR_RISK_SIGNAL
C002858,Austin,Smith,Saudi Arabia,Standard,4,14471.9,6,2,4,2,15.0,30.0,0,0,0,0,30.0,0.5,0.5,0.0,8.12,0.0,0.0,14.44,LOW,LOYAL_LOW_FRICTION_CUSTOMER,REPEATED_PAYMENT_FAILURES
C002861,Kenneth,Lee,Other,Standard,2,5735.93,3,1,2,1,17.5,35.0,0,0,0,0,35.0,0.5,0.5,0.0,8.12,0.0,0.0,16.44,LOW,NORMAL_CUSTOMER,NO_MAJOR_RISK_SIGNAL
C002862,Robert,Walters,Saudi Arabia,Standard,1,3355.34,1,0,1,0,0.0,0.0,0,0,0,0,0.0,0.0,0.0,0.0,0.0,0.0,0.0,0.0,LOW,NORMAL_CUSTOMER,NO_MAJOR_RISK_SIGNAL
C002863,Andrea,Thomas,Other,Premium,1,1390.22,1,0,1,0,0.0,0.0,0,0,0,0,0.0,0.0,0.0,0.0,0.0,0.0,0.0,0.0,LOW,NORMAL_CUSTOMER,NO_MAJOR_RISK_SIGNAL
C002864,Bruce,Harris,Pakistan,Standard,2,4661.54,2,0,2,0,0.0,0.0,0,0,0,0,0.0,0.0,0.0,0.0,0.0,0.0,0.0,0.0,LOW,NORMAL_CUSTOMER,NO_MAJOR_RISK_SIGNAL
C002867,James,Guerra,Pakistan,Standard,3,7566.45,4,1,3,1,10.0,30.0,0,0,0,0,30.0,0.33,0.33,0.0,5.42,0.0,0.0,13.63,LOW,LOYAL_LOW_FRICTION_CUSTOMER,NO_MAJOR_RISK_SIGNAL
C002868,Nicole,Frederick,United States,Standard,1,4441.47,1,0,1,0,0.0,0.0,0,0,0,0,0.0,0.0,0.0,0.0,0.0,0.0,0.0,0.0,LOW,NORMAL_CUSTOMER,NO_MAJOR_RISK_SIGNAL
C002869,Alicia,Young,Saudi Arabia,Standard,1,1488.91,3,2,1,2,65.0,65.0,2,1,0,1,65.0,2.0,2.0,2.0,37.5,1.0,30.0,46.25,MEDIUM,NORMAL_CUSTOMER,REPEATED_PAYMENT_FAILURES
C002870,Crystal,Miller,United Arab Emirates,Standard,4,7206.36,4,0,4,0,21.25,45.0,2,0,0,2,45.0,0.0,0.0,0.5,1.25,0.5,59.0,36.08,MEDIUM,NORMAL_CUSTOMER,PERSISTENT_BEHAVIOR | MULTIPLE_PROBLEMATIC_JOURNEYS
C002871,Leah,Hardy,Other,Standard,1,563.37,1,0,1,0,0.0,0.0,0,0,0,0,0.0,0.0,0.0,0.0,0.0,0.0,0.0,0.0,LOW,NORMAL_CUSTOMER,NO_MAJOR_RISK_SIGNAL
C002872,Laura,Collins,Other,Standard,2,7651.63,2,0,2,0,20.0,40.0,1,0,0,1,40.0,0.0,0.0,0.5,1.25,0.5,30.0,25.38,MEDIUM,NORMAL_CUSTOMER,NO_MAJOR_RISK_SIGNAL
C002873,Veronica,Griffith,Other,Standard,2,6796.52,2,0,2,0,0.0,0.0,0,0,0,0,0.0,0.0,0.0,0.0,0.0,0.0,0.0,0.0,LOW,NORMAL_CUSTOMER,NO_MAJOR_RISK_SIGNAL
C002874,Kimberly,Sanchez,United Arab Emirates,Standard,1,2524.72,2,1,1,1,30.0,30.0,0,0,0,0,30.0,1.0,1.0,0.0,16.25,0.0,0.0,16.88,LOW,NORMAL_CUSTOMER,NO_MAJOR_RISK_SIGNAL
C002876,Amy,Wright,United Arab Emirates,Standard,2,6601.89,2,0,2,0,0.0,0.0,0,0,0,0,0.0,0.0,0.0,0.0,0.0,0.0,0.0,0.0,LOW,NORMAL_CUSTOMER,NO_MAJOR_RISK_SIGNAL
C002878,Roberta,West,Saudi Arabia,Standard,1,3174.21,1,0,1,0,0.0,0.0,0,0,0,0,0.0,0.0,0.0,0.0,0.0,0.0,0.0,0.0,LOW,NORMAL_CUSTOMER,NO_MAJOR_RISK_SIGNAL
C002879,Wayne,Reid,Pakistan,Standard,2,5642.4,5,3,2,3,67.5,70.0,3,2,0,2,70.0,1.5,1.5,1.5,28.12,1.0,79.0,60.14,HIGH,FRICTION_PRONE_CUSTOMER,HIGH_SEVERITY | PERSISTENT_BEHAVIOR | REPEATED_PAYMENT_FAILURES | MULTIPLE_PROBLEMATIC_JOURNEYS
C002881,Hector,Harrington,United Arab Emirates,Standard,1,4304.39,1,0,1,0,0.0,0.0,0,0,0,0,0.0,0.0,0.0,0.0,0.0,0.0,0.0,0.0,LOW,NORMAL_CUSTOMER,NO_MAJOR_RISK_SIGNAL
C002882,Luis,Miller,Other,Standard,2,8907.39,3,1,2,1,37.5,40.0,1,0,0,1,40.0,0.5,0.5,0.5,9.38,0.5,30.0,27.81,MEDIUM,NORMAL_CUSTOMER,NO_MAJOR_RISK_SIGNAL
C002884,Paula,Sanders,Saudi Arabia,Premium,2,4753.98,2,0,2,0,0.0,0.0,0,0,0,0,0.0,0.0,0.0,0.0,0.0,0.0,0.0,0.0,LOW,NORMAL_CUSTOMER,NO_MAJOR_RISK_SIGNAL
C002886,Brian,Alexander,Other,Premium,1,3294.92,1,0,1,0,40.0,40.0,1,0,0,1,40.0,0.0,0.0,1.0,2.5,1.0,30.0,25.75,MEDIUM,NORMAL_CUSTOMER,NO_MAJOR_RISK_SIGNAL
C002887,Victoria,Wagner,Pakistan,Premium,1,4749.18,1,0,1,0,0.0,0.0,0,0,0,0,0.0,0.0,0.0,0.0,0.0,0.0,0.0,0.0,LOW,NORMAL_CUSTOMER,NO_MAJOR_RISK_SIGNAL
C002888,Alyssa,Moss,United Arab Emirates,Standard,2,6065.62,3,1,2,1,15.0,30.0,0,0,0,0,30.0,0.5,0.5,0.0,8.12,0.0,0.0,14.44,LOW,NORMAL_CUSTOMER,NO_MAJOR_RISK_SIGNAL
C002889,Katie,Wolf,United States,Standard,2,6890.88,2,0,2,0,20.0,40.0,1,0,0,1,40.0,0.0,0.0,0.5,1.25,0.5,30.0,25.38,MEDIUM,NORMAL_CUSTOMER,NO_MAJOR_RISK_SIGNAL
C002890,Yvonne,Weiss,United States,Standard,1,4178.89,1,0,1,0,0.0,0.0,0,0,0,0,0.0,0.0,0.0,0.0,0.0,0.0,0.0,0.0,LOW,NORMAL_CUSTOMER,NO_MAJOR_RISK_SIGNAL
C002891,Terri,Leon,United Arab Emirates,Standard,1,1490.45,2,1,1,1,30.0,30.0,0,0,0,0,30.0,1.0,1.0,0.0,16.25,0.0,0.0,16.88,LOW,NORMAL_CUSTOMER,NO_MAJOR_RISK_SIGNAL
C002892,Craig,Smith,United Kingdom,Standard,3,9198.24,5,2,3,2,38.33,80.0,1,1,1,1,80.0,0.67,0.67,0.33,11.67,0.33,30.0,44.5,MEDIUM,NORMAL_CUSTOMER,HIGH_SEVERITY | REPEATED_PAYMENT_FAILURES | CRITICAL_JOURNEY
C002893,Diane,James,United States,Premium,4,11987.84,7,3,4,3,33.75,65.0,3,1,0,2,65.0,0.75,0.75,0.75,14.06,0.5,59.0,47.92,MEDIUM,NORMAL_CUSTOMER,PERSISTENT_BEHAVIOR | REPEATED_PAYMENT_FAILURES | MULTIPLE_PROBLEMATIC_JOURNEYS
C002894,Joseph,Dickerson,United Kingdom,Standard,1,4135.83,1,0,1,0,0.0,0.0,0,0,0,0,0.0,0.0,0.0,0.0,0.0,0.0,0.0,0.0,LOW,NORMAL_CUSTOMER,NO_MAJOR_RISK_SIGNAL
C002896,Samantha,Dorsey,Other,Premium,4,11439.82,5,1,4,1,7.5,30.0,0,0,0,0,30.0,0.25,0.25,0.0,4.06,0.0,0.0,13.22,LOW,LOYAL_LOW_FRICTION_CUSTOMER,NO_MAJOR_RISK_SIGNAL
C002897,Brian,Larson,Pakistan,Standard,5,21764.77,6,1,5,1,14.0,70.0,1,1,0,1,70.0,0.2,0.2,0.2,3.75,0.2,26.0,36.92,MEDIUM,LOYAL_LOW_FRICTION_CUSTOMER,HIGH_SEVERITY
C002898,Wendy,Hernandez,Saudi Arabia,VIP,3,10741.82,4,1,3,1,11.67,35.0,0,0,0,0,35.0,0.33,0.33,0.0,5.42,0.0,0.0,15.63,LOW,LOYAL_LOW_FRICTION_CUSTOMER,NO_MAJOR_RISK_SIGNAL
C002899,Jeffrey,Barber,United Arab Emirates,Standard,1,2631.29,1,0,1,0,0.0,0.0,0,0,0,0,0.0,0.0,0.0,0.0,0.0,0.0,0.0,0.0,LOW,NORMAL_CUSTOMER,NO_MAJOR_RISK_SIGNAL
C002902,Michael,Chavez,United States,Premium,3,8560.16,3,0,3,0,0.0,0.0,0,0,0,0,0.0,0.0,0.0,0.0,0.0,0.0,0.0,0.0,LOW,LOYAL_LOW_FRICTION_CUSTOMER,NO_MAJOR_RISK_SIGNAL
C002903,Mary,Brooks,Saudi Arabia,Standard,2,5597.79,2,0,2,0,0.0,0.0,0,0,0,0,0.0,0.0,0.0,0.0,0.0,0.0,0.0,0.0,LOW,NORMAL_CUSTOMER,NO_MAJOR_RISK_SIGNAL
C002904,Megan,Obrien,United Arab Emirates,Premium,1,4713.7,1,0,1,0,0.0,0.0,0,0,0,0,0.0,0.0,0.0,0.0,0.0,0.0,0.0,0.0,LOW,NORMAL_CUSTOMER,NO_MAJOR_RISK_SIGNAL
C002905,Gregory,Jones,Pakistan,Standard,2,5256.04,2,0,2,0,22.5,45.0,1,0,0,1,45.0,0.0,0.0,0.5,1.25,0.5,30.0,27.38,MEDIUM,NORMAL_CUSTOMER,NO_MAJOR_RISK_SIGNAL
C002906,Brittany,Taylor,Saudi Arabia,Premium,1,3191.46,1,0,1,0,0.0,0.0,0,0,0,0,0.0,0.0,0.0,0.0,0.0,0.0,0.0,0.0,LOW,NORMAL_CUSTOMER,NO_MAJOR_RISK_SIGNAL
C002908,Heidi,Moore,Saudi Arabia,Premium,1,1676.14,2,1,1,1,30.0,30.0,0,0,0,0,30.0,1.0,1.0,0.0,16.25,0.0,0.0,16.88,LOW,NORMAL_CUSTOMER,NO_MAJOR_RISK_SIGNAL
C002909,Robin,Lopez,United Arab Emirates,Standard,2,5019.39,3,1,2,1,15.0,30.0,0,0,0,0,30.0,0.5,0.5,0.0,8.12,0.0,0.0,14.44,LOW,NORMAL_CUSTOMER,NO_MAJOR_RISK_SIGNAL
C002910,Anthony,Smith,United Arab Emirates,Standard,1,2877.31,3,2,1,2,65.0,65.0,2,1,0,1,65.0,2.0,2.0,2.0,37.5,1.0,30.0,46.25,MEDIUM,NORMAL_CUSTOMER,REPEATED_PAYMENT_FAILURES
C002912,Stacey,Swanson,Saudi Arabia,Standard,2,2418.65,2,0,2,0,0.0,0.0,0,0,0,0,0.0,0.0,0.0,0.0,0.0,0.0,0.0,0.0,LOW,NORMAL_CUSTOMER,NO_MAJOR_RISK_SIGNAL
C002913,Anne,Henry,United Kingdom,Standard,2,7524.49,2,0,2,0,0.0,0.0,0,0,0,0,0.0,0.0,0.0,0.0,0.0,0.0,0.0,0.0,LOW,NORMAL_CUSTOMER,NO_MAJOR_RISK_SIGNAL
C002915,Jacob,Bentley,Saudi Arabia,Standard,3,6623.47,4,1,3,1,10.0,30.0,0,0,0,0,30.0,0.33,0.33,0.0,5.42,0.0,0.0,13.63,LOW,LOYAL_LOW_FRICTION_CUSTOMER,NO_MAJOR_RISK_SIGNAL
C002916,Vanessa,Waller,United Kingdom,Premium,2,5107.24,4,2,2,2,52.5,65.0,3,1,0,2,65.0,1.0,1.0,1.5,20.0,1.0,79.0,55.7,HIGH,FRICTION_PRONE_CUSTOMER,PERSISTENT_BEHAVIOR | REPEATED_PAYMENT_FAILURES | MULTIPLE_PROBLEMATIC_JOURNEYS
C002917,Nicole,Brooks,United Kingdom,Standard,1,1024.36,1,0,1,0,45.0,45.0,1,0,0,1,45.0,0.0,0.0,1.0,2.5,1.0,30.0,27.75,MEDIUM,NORMAL_CUSTOMER,NO_MAJOR_RISK_SIGNAL
C002918,Travis,Burns,United States,Standard,1,4755.01,1,0,1,0,0.0,0.0,0,0,0,0,0.0,0.0,0.0,0.0,0.0,0.0,0.0,0.0,LOW,NORMAL_CUSTOMER,NO_MAJOR_RISK_SIGNAL
C002919,Kyle,Davidson,United Arab Emirates,Standard,2,5502.41,2,0,2,0,22.5,45.0,1,0,0,1,45.0,0.0,0.0,0.5,1.25,0.5,30.0,27.38,MEDIUM,NORMAL_CUSTOMER,NO_MAJOR_RISK_SIGNAL
C002920,Tracy,Chapman,United Arab Emirates,Premium,3,12087.72,5,2,3,2,33.33,100.0,3,1,1,1,100.0,0.67,0.67,1.0,13.33,0.33,30.0,53.0,HIGH,FRICTION_PRONE_CUSTOMER,HIGH_SEVERITY | REPEATED_PAYMENT_FAILURES | CRITICAL_JOURNEY
C002921,Christopher,Ortiz,United Arab Emirates,Standard,2,5298.83,2,0,2,0,22.5,45.0,1,0,0,1,45.0,0.0,0.0,0.5,1.25,0.5,30.0,27.38,MEDIUM,NORMAL_CUSTOMER,NO_MAJOR_RISK_SIGNAL
C002922,Jesse,Williams,United Kingdom,Premium,1,2942.35,3,2,1,2,65.0,65.0,2,1,0,1,65.0,2.0,2.0,2.0,37.5,1.0,30.0,46.25,MEDIUM,NORMAL_CUSTOMER,REPEATED_PAYMENT_FAILURES
C002924,Alisha,Cruz,Saudi Arabia,Premium,4,6497.81,6,2,4,2,27.5,75.0,1,1,0,1,75.0,0.5,0.5,0.25,8.75,0.25,28.0,41.02,MEDIUM,LOYAL_LOW_FRICTION_CUSTOMER,HIGH_SEVERITY | REPEATED_PAYMENT_FAILURES
C002925,Aaron,Cunningham,United Arab Emirates,Standard,3,6052.36,5,2,3,2,36.67,65.0,3,1,0,2,65.0,0.67,0.67,1.0,13.33,0.67,65.67,49.7,HIGH,FRICTION_PRONE_CUSTOMER,PERSISTENT_BEHAVIOR | REPEATED_PAYMENT_FAILURES | MULTIPLE_PROBLEMATIC_JOURNEYS
C002926,Samantha,Lee,Other,Standard,2,8227.2,3,1,2,1,15.0,30.0,0,0,0,0,30.0,0.5,0.5,0.0,8.12,0.0,0.0,14.44,LOW,NORMAL_CUSTOMER,NO_MAJOR_RISK_SIGNAL
C002927,James,Graham,United States,Standard,1,4922.84,1,0,1,0,0.0,0.0,0,0,0,0,0.0,0.0,0.0,0.0,0.0,0.0,0.0,0.0,LOW,NORMAL_CUSTOMER,NO_MAJOR_RISK_SIGNAL
C002929,Jennifer,Gentry,United States,Standard,3,6002.21,4,1,3,1,25.0,75.0,1,1,0,1,75.0,0.33,0.33,0.33,6.25,0.33,30.0,40.88,MEDIUM,LOYAL_LOW_FRICTION_CUSTOMER,HIGH_SEVERITY
C002931,Megan,Hicks,Pakistan,Standard,2,6786.49,2,0,2,0,0.0,0.0,0,0,0,0,0.0,0.0,0.0,0.0,0.0,0.0,0.0,0.0,LOW,NORMAL_CUSTOMER,NO_MAJOR_RISK_SIGNAL
C002932,Marcus,Burns,United Kingdom,Premium,2,5881.19,3,1,2,1,35.0,70.0,1,1,0,1,70.0,0.5,0.5,0.5,9.38,0.5,30.0,39.81,MEDIUM,NORMAL_CUSTOMER,HIGH_SEVERITY
C002934,Brenda,Horton,Pakistan,Standard,3,10557.13,5,2,3,2,21.67,65.0,2,1,0,1,65.0,0.67,0.67,0.67,12.5,0.33,30.0,38.75,MEDIUM,LOYAL_LOW_FRICTION_CUSTOMER,REPEATED_PAYMENT_FAILURES
C002935,Samantha,Curtis,United Kingdom,Standard,3,7519.93,3,0,3,0,13.33,40.0,1,0,0,1,40.0,0.0,0.0,0.33,0.83,0.33,30.0,25.25,MEDIUM,LOYAL_LOW_FRICTION_CUSTOMER,NO_MAJOR_RISK_SIGNAL
C002936,Kim,House,Saudi Arabia,Premium,1,3622.73,1,0,1,0,0.0,0.0,0,0,0,0,0.0,0.0,0.0,0.0,0.0,0.0,0.0,0.0,LOW,NORMAL_CUSTOMER,NO_MAJOR_RISK_SIGNAL
C002937,Meghan,Fitzgerald,United States,VIP,3,5755.89,6,3,3,3,45.0,100.0,3,1,1,1,100.0,1.0,1.0,1.0,18.75,0.33,30.0,54.62,HIGH,FRICTION_PRONE_CUSTOMER,HIGH_SEVERITY | REPEATED_PAYMENT_FAILURES | CRITICAL_JOURNEY
C002938,Michelle,Allen,Pakistan,Standard,1,3133.24,1,0,1,0,0.0,0.0,0,0,0,0,0.0,0.0,0.0,0.0,0.0,0.0,0.0,0.0,LOW,NORMAL_CUSTOMER,NO_MAJOR_RISK_SIGNAL
C002939,Susan,Johnson,Other,Premium,5,13469.85,6,1,5,1,24.0,80.0,2,1,1,2,80.0,0.2,0.2,0.4,4.25,0.4,55.0,49.78,HIGH,FRICTION_PRONE_CUSTOMER,HIGH_SEVERITY | PERSISTENT_BEHAVIOR | MULTIPLE_PROBLEMATIC_JOURNEYS | CRITICAL_JOURNEY
C002940,Nathaniel,Li,Saudi Arabia,Standard,2,5976.53,4,2,2,2,32.5,65.0,2,1,0,1,65.0,1.0,1.0,1.0,18.75,0.5,30.0,40.62,MEDIUM,NORMAL_CUSTOMER,REPEATED_PAYMENT_FAILURES
C002941,Sheri,Mccoy,Saudi Arabia,Premium,2,8749.53,4,2,2,2,32.5,35.0,0,0,0,0,35.0,1.0,1.0,0.0,16.25,0.0,0.0,18.88,LOW,NORMAL_CUSTOMER,REPEATED_PAYMENT_FAILURES
C002942,Randall,Rhodes,Pakistan,Standard,3,5315.98,4,1,3,1,11.67,35.0,0,0,0,0,35.0,0.33,0.33,0.0,5.42,0.0,0.0,15.63,LOW,LOYAL_LOW_FRICTION_CUSTOMER,NO_MAJOR_RISK_SIGNAL
C002943,Craig,Terry,Saudi Arabia,Standard,3,11243.23,3,0,3,0,15.0,45.0,1,0,0,1,45.0,0.0,0.0,0.33,0.83,0.33,30.0,27.25,MEDIUM,LOYAL_LOW_FRICTION_CUSTOMER,NO_MAJOR_RISK_SIGNAL
C002945,Derek,Green,United States,Standard,1,1893.4,1,0,1,0,0.0,0.0,0,0,0,0,0.0,0.0,0.0,0.0,0.0,0.0,0.0,0.0,LOW,NORMAL_CUSTOMER,NO_MAJOR_RISK_SIGNAL
C002946,Eric,Gibson,Saudi Arabia,Standard,1,4991.07,1,0,1,0,0.0,0.0,0,0,0,0,0.0,0.0,0.0,0.0,0.0,0.0,0.0,0.0,LOW,NORMAL_CUSTOMER,NO_MAJOR_RISK_SIGNAL
C002947,Stacy,Becker,Pakistan,Premium,4,13086.79,4,0,4,0,21.25,45.0,2,0,0,2,45.0,0.0,0.0,0.5,1.25,0.5,59.0,36.08,MEDIUM,NORMAL_CUSTOMER,PERSISTENT_BEHAVIOR | MULTIPLE_PROBLEMATIC_JOURNEYS
C002948,Latoya,King,Pakistan,Standard,2,4471.78,2,0,2,0,0.0,0.0,0,0,0,0,0.0,0.0,0.0,0.0,0.0,0.0,0.0,0.0,LOW,NORMAL_CUSTOMER,NO_MAJOR_RISK_SIGNAL
C002950,Debra,Lynn,Other,Premium,3,9751.96,4,1,3,1,25.0,75.0,1,1,0,1,75.0,0.33,0.33,0.33,6.25,0.33,30.0,40.88,MEDIUM,LOYAL_LOW_FRICTION_CUSTOMER,HIGH_SEVERITY
C002951,Grant,Skinner,United States,Standard,4,10081.72,5,1,4,1,8.75,35.0,0,0,0,0,35.0,0.25,0.25,0.0,4.06,0.0,0.0,15.22,LOW,LOYAL_LOW_FRICTION_CUSTOMER,NO_MAJOR_RISK_SIGNAL
C002952,Tanya,Smith,United Kingdom,Standard,2,6515.43,3,1,2,1,60.0,75.0,2,1,0,2,75.0,0.5,0.5,1.0,10.62,1.0,79.0,56.89,HIGH,FRICTION_PRONE_CUSTOMER,HIGH_SEVERITY | PERSISTENT_BEHAVIOR | MULTIPLE_PROBLEMATIC_JOURNEYS
C002954,Sarah,Newman,United Arab Emirates,Premium,3,8616.37,3,0,3,0,13.33,40.0,1,0,0,1,40.0,0.0,0.0,0.33,0.83,0.33,30.0,25.25,MEDIUM,LOYAL_LOW_FRICTION_CUSTOMER,NO_MAJOR_RISK_SIGNAL
C002957,Brianna,Willis,United Kingdom,Standard,2,6891.4,2,0,2,0,0.0,0.0,0,0,0,0,0.0,0.0,0.0,0.0,0.0,0.0,0.0,0.0,LOW,NORMAL_CUSTOMER,NO_MAJOR_RISK_SIGNAL
C002959,Kurt,Stone,Saudi Arabia,Standard,3,10466.22,4,1,3,1,23.33,40.0,1,0,0,1,40.0,0.33,0.33,0.33,6.25,0.33,30.0,26.88,MEDIUM,LOYAL_LOW_FRICTION_CUSTOMER,NO_MAJOR_RISK_SIGNAL
C002960,Haley,Lopez,United States,Standard,4,11922.16,6,2,4,2,25.0,100.0,3,1,1,1,100.0,0.5,0.5,0.75,10.0,0.25,28.0,51.4,HIGH,FRICTION_PRONE_CUSTOMER,HIGH_SEVERITY | REPEATED_PAYMENT_FAILURES | CRITICAL_JOURNEY
C002962,Jessica,Gallegos,United Arab Emirates,Premium,2,2537.15,2,0,2,0,0.0,0.0,0,0,0,0,0.0,0.0,0.0,0.0,0.0,0.0,0.0,0.0,LOW,NORMAL_CUSTOMER,NO_MAJOR_RISK_SIGNAL
C002963,Stacy,King,United Arab Emirates,VIP,4,13511.54,5,1,4,1,18.75,45.0,1,0,0,1,45.0,0.25,0.25,0.25,4.69,0.25,28.0,27.81,MEDIUM,LOYAL_LOW_FRICTION_CUSTOMER,NO_MAJOR_RISK_SIGNAL
C002965,Peter,Ponce,Other,Premium,6,16082.33,6,0,6,0,0.0,0.0,0,0,0,0,0.0,0.0,0.0,0.0,0.0,0.0,0.0,0.0,LOW,LOYAL_LOW_FRICTION_CUSTOMER,NO_MAJOR_RISK_SIGNAL
C002966,Virginia,Barrett,United Kingdom,Premium,2,7441.41,2,0,2,0,0.0,0.0,0,0,0,0,0.0,0.0,0.0,0.0,0.0,0.0,0.0,0.0,LOW,NORMAL_CUSTOMER,NO_MAJOR_RISK_SIGNAL
C002967,Tammy,Reyes,United Kingdom,Standard,1,4617.12,2,1,1,1,35.0,35.0,0,0,0,0,35.0,1.0,1.0,0.0,16.25,0.0,0.0,18.88,LOW,NORMAL_CUSTOMER,NO_MAJOR_RISK_SIGNAL
C002968,Antonio,Parker,Pakistan,Standard,2,5545.2,3,1,2,1,15.0,30.0,0,0,0,0,30.0,0.5,0.5,0.0,8.12,0.0,0.0,14.44,LOW,NORMAL_CUSTOMER,NO_MAJOR_RISK_SIGNAL
C002970,Samantha,Walter,United Arab Emirates,Standard,2,6551.9,2,0,2,0,22.5,45.0,1,0,0,1,45.0,0.0,0.0,0.5,1.25,0.5,30.0,27.38,MEDIUM,NORMAL_CUSTOMER,NO_MAJOR_RISK_SIGNAL
C002971,Tammy,Luna,United Arab Emirates,Standard,1,4234.97,1,0,1,0,0.0,0.0,0,0,0,0,0.0,0.0,0.0,0.0,0.0,0.0,0.0,0.0,LOW,NORMAL_CUSTOMER,NO_MAJOR_RISK_SIGNAL
C002972,Jeffrey,Davis,Saudi Arabia,Standard,5,14837.19,8,3,5,3,34.0,100.0,4,2,1,2,100.0,0.6,0.6,0.8,11.75,0.4,55.0,60.02,HIGH,FRICTION_PRONE_CUSTOMER,HIGH_SEVERITY | PERSISTENT_BEHAVIOR | REPEATED_PAYMENT_FAILURES | MULTIPLE_PROBLEMATIC_JOURNEYS | CRITICAL_JOURNEY
C002973,Ariana,Fields,United States,Premium,4,9478.14,5,1,4,1,18.75,45.0,1,0,0,1,45.0,0.25,0.25,0.25,4.69,0.25,28.0,27.81,MEDIUM,LOYAL_LOW_FRICTION_CUSTOMER,NO_MAJOR_RISK_SIGNAL
C002975,Donald,Cooper,United Arab Emirates,Standard,1,4315.07,1,0,1,0,0.0,0.0,0,0,0,0,0.0,0.0,0.0,0.0,0.0,0.0,0.0,0.0,LOW,NORMAL_CUSTOMER,NO_MAJOR_RISK_SIGNAL
C002976,Julie,Thomas,Saudi Arabia,Standard,2,3573.73,3,1,2,1,15.0,30.0,0,0,0,0,30.0,0.5,0.5,0.0,8.12,0.0,0.0,14.44,LOW,NORMAL_CUSTOMER,NO_MAJOR_RISK_SIGNAL
C002977,John,Goodman,United States,Standard,3,13197.11,3,0,3,0,15.0,45.0,1,0,0,1,45.0,0.0,0.0,0.33,0.83,0.33,30.0,27.25,MEDIUM,LOYAL_LOW_FRICTION_CUSTOMER,NO_MAJOR_RISK_SIGNAL
C002978,Toni,Conrad,Saudi Arabia,VIP,2,5121.15,4,2,2,2,32.5,65.0,2,1,0,1,65.0,1.0,1.0,1.0,18.75,0.5,30.0,40.62,MEDIUM,NORMAL_CUSTOMER,REPEATED_PAYMENT_FAILURES
C002979,Gary,Sanders,United Kingdom,Standard,2,9544.18,2,0,2,0,0.0,0.0,0,0,0,0,0.0,0.0,0.0,0.0,0.0,0.0,0.0,0.0,LOW,NORMAL_CUSTOMER,NO_MAJOR_RISK_SIGNAL
C002980,Nicole,Parker,Other,Standard,4,9507.85,4,0,4,0,0.0,0.0,0,0,0,0,0.0,0.0,0.0,0.0,0.0,0.0,0.0,0.0,LOW,LOYAL_LOW_FRICTION_CUSTOMER,NO_MAJOR_RISK_SIGNAL
C002981,Christopher,Benitez,United Arab Emirates,Premium,1,1985.57,1,0,1,0,0.0,0.0,0,0,0,0,0.0,0.0,0.0,0.0,0.0,0.0,0.0,0.0,LOW,NORMAL_CUSTOMER,NO_MAJOR_RISK_SIGNAL
C002982,Jenna,Velasquez,Saudi Arabia,Standard,1,4375.12,1,0,1,0,0.0,0.0,0,0,0,0,0.0,0.0,0.0,0.0,0.0,0.0,0.0,0.0,LOW,NORMAL_CUSTOMER,NO_MAJOR_RISK_SIGNAL
C002983,Danielle,Smith,United Kingdom,Premium,1,1567.82,1,0,1,0,0.0,0.0,0,0,0,0,0.0,0.0,0.0,0.0,0.0,0.0,0.0,0.0,LOW,NORMAL_CUSTOMER,NO_MAJOR_RISK_SIGNAL
C002984,Olivia,Jones,United States,Standard,3,11170.37,5,2,3,2,46.67,100.0,4,1,1,2,100.0,0.67,0.67,1.33,14.17,0.67,65.67,63.95,HIGH,FRICTION_PRONE_CUSTOMER,HIGH_SEVERITY | PERSISTENT_BEHAVIOR | REPEATED_PAYMENT_FAILURES | MULTIPLE_PROBLEMATIC_JOURNEYS | CRITICAL_JOURNEY
C002986,Joseph,Warren,Other,Premium,2,5067.44,2,0,2,0,0.0,0.0,0,0,0,0,0.0,0.0,0.0,0.0,0.0,0.0,0.0,0.0,LOW,NORMAL_CUSTOMER,NO_MAJOR_RISK_SIGNAL
C002988,Carlos,Quinn,Pakistan,Standard,1,4856.79,2,1,1,1,30.0,30.0,0,0,0,0,30.0,1.0,1.0,0.0,16.25,0.0,0.0,16.88,LOW,NORMAL_CUSTOMER,NO_MAJOR_RISK_SIGNAL
C002989,Jonathan,Jackson,United Kingdom,Standard,1,2687.74,3,2,1,2,60.0,60.0,2,1,0,1,60.0,2.0,2.0,2.0,37.5,1.0,30.0,44.25,MEDIUM,NORMAL_CUSTOMER,REPEATED_PAYMENT_FAILURES
C002990,Daniel,Brooks,Other,Standard,4,11401.06,4,0,4,0,11.25,45.0,1,0,0,1,45.0,0.0,0.0,0.25,0.62,0.25,28.0,26.59,MEDIUM,LOYAL_LOW_FRICTION_CUSTOMER,NO_MAJOR_RISK_SIGNAL
C002991,Aaron,Padilla,Saudi Arabia,Premium,5,12595.42,5,0,5,0,24.0,40.0,3,0,0,3,40.0,0.0,0.0,0.6,1.5,0.6,75.0,38.95,MEDIUM,NORMAL_CUSTOMER,PERSISTENT_BEHAVIOR | MULTIPLE_PROBLEMATIC_JOURNEYS
C002994,Tanya,Fry,United Arab Emirates,Standard,3,8203.24,5,2,3,2,36.67,65.0,3,1,0,2,65.0,0.67,0.67,1.0,13.33,0.67,65.67,49.7,HIGH,FRICTION_PRONE_CUSTOMER,PERSISTENT_BEHAVIOR | REPEATED_PAYMENT_FAILURES | MULTIPLE_PROBLEMATIC_JOURNEYS
C002995,Nicole,Hayes,Saudi Arabia,Premium,4,11638.32,6,2,4,2,16.25,65.0,2,1,0,1,65.0,0.5,0.5,0.5,9.38,0.25,28.0,37.21,MEDIUM,LOYAL_LOW_FRICTION_CUSTOMER,REPEATED_PAYMENT_FAILURES
C002998,Amy,Brown,United Arab Emirates,Premium,1,1340.53,1,0,1,0,40.0,40.0,1,0,0,1,40.0,0.0,0.0,1.0,2.5,1.0,30.0,25.75,MEDIUM,NORMAL_CUSTOMER,NO_MAJOR_RISK_SIGNAL
C002999,Craig,White,Saudi Arabia,Standard,1,3172.23,1,0,1,0,0.0,0.0,0,0,0,0,0.0,0.0,0.0,0.0,0.0,0.0,0.0,0.0,LOW,NORMAL_CUSTOMER,NO_MAJOR_RISK_SIGNAL
C003000,Timothy,Malone,Other,Standard,2,4211.36,2,0,2,0,0.0,0.0,0,0,0,0,0.0,0.0,0.0,0.0,0.0,0.0,0.0,0.0,LOW,NORMAL_CUSTOMER,NO_MAJOR_RISK_SIGNAL
C003002,Debra,Barrera,United States,Standard,1,2919.32,1,0,1,0,40.0,40.0,1,0,0,1,40.0,0.0,0.0,1.0,2.5,1.0,30.0,25.75,MEDIUM,NORMAL_CUSTOMER,NO_MAJOR_RISK_SIGNAL
C003005,Charles,Weber,Pakistan,Standard,3,8891.31,4,1,3,1,25.0,75.0,1,1,0,1,75.0,0.33,0.33,0.33,6.25,0.33,30.0,40.88,MEDIUM,LOYAL_LOW_FRICTION_CUSTOMER,HIGH_SEVERITY
C003006,Megan,Oneill,United States,Standard,4,11000.63,5,1,4,1,7.5,30.0,0,0,0,0,30.0,0.25,0.25,0.0,4.06,0.0,0.0,13.22,LOW,LOYAL_LOW_FRICTION_CUSTOMER,NO_MAJOR_RISK_SIGNAL
C003008,Lucas,Carter,Saudi Arabia,Standard,1,4692.03,1,0,1,0,0.0,0.0,0,0,0,0,0.0,0.0,0.0,0.0,0.0,0.0,0.0,0.0,LOW,NORMAL_CUSTOMER,NO_MAJOR_RISK_SIGNAL
C003009,Stephanie,Gray,United Kingdom,Standard,1,4446.06,2,1,1,1,35.0,35.0,0,0,0,0,35.0,1.0,1.0,0.0,16.25,0.0,0.0,18.88,LOW,NORMAL_CUSTOMER,NO_MAJOR_RISK_SIGNAL
C003010,Charles,Hill,Saudi Arabia,Standard,3,11167.96,4,1,3,1,10.0,30.0,0,0,0,0,30.0,0.33,0.33,0.0,5.42,0.0,0.0,13.63,LOW,LOYAL_LOW_FRICTION_CUSTOMER,NO_MAJOR_RISK_SIGNAL
C003011,George,Peterson,Pakistan,Standard,4,8356.19,7,3,4,3,22.5,30.0,0,0,0,0,30.0,0.75,0.75,0.0,12.19,0.0,0.0,15.66,LOW,LOYAL_LOW_FRICTION_CUSTOMER,REPEATED_PAYMENT_FAILURES
C003013,Jessica,Woods,United Arab Emirates,Standard,1,3954.48,1,0,1,0,0.0,0.0,0,0,0,0,0.0,0.0,0.0,0.0,0.0,0.0,0.0,0.0,LOW,NORMAL_CUSTOMER,NO_MAJOR_RISK_SIGNAL
C003014,Amy,Chambers,United Arab Emirates,Standard,1,815.39,1,0,1,0,0.0,0.0,0,0,0,0,0.0,0.0,0.0,0.0,0.0,0.0,0.0,0.0,LOW,NORMAL_CUSTOMER,NO_MAJOR_RISK_SIGNAL
C003016,Christopher,Brown,United Arab Emirates,Standard,1,2767.19,1,0,1,0,0.0,0.0,0,0,0,0,0.0,0.0,0.0,0.0,0.0,0.0,0.0,0.0,LOW,NORMAL_CUSTOMER,NO_MAJOR_RISK_SIGNAL
C003019,Timothy,Aguilar,Saudi Arabia,Premium,1,4483.66,1,0,1,0,0.0,0.0,0,0,0,0,0.0,0.0,0.0,0.0,0.0,0.0,0.0,0.0,LOW,NORMAL_CUSTOMER,NO_MAJOR_RISK_SIGNAL
C003020,Anthony,Huerta,United States,Standard,3,13130.29,6,3,3,3,48.33,65.0,3,1,0,2,65.0,1.0,1.0,1.0,18.75,0.67,65.67,51.33,HIGH,FRICTION_PRONE_CUSTOMER,PERSISTENT_BEHAVIOR | REPEATED_PAYMENT_FAILURES | MULTIPLE_PROBLEMATIC_JOURNEYS
C003021,Sherri,Davis,Saudi Arabia,Premium,3,6075.73,5,2,3,2,48.33,70.0,2,1,0,2,70.0,0.67,0.67,0.67,12.5,0.67,65.67,51.45,HIGH,FRICTION_PRONE_CUSTOMER,HIGH_SEVERITY | PERSISTENT_BEHAVIOR | REPEATED_PAYMENT_FAILURES | MULTIPLE_PROBLEMATIC_JOURNEYS
C003023,Pamela,Smith,United Kingdom,VIP,2,6298.06,2,0,2,0,20.0,40.0,1,0,0,1,40.0,0.0,0.0,0.5,1.25,0.5,30.0,25.38,MEDIUM,NORMAL_CUSTOMER,NO_MAJOR_RISK_SIGNAL
C003029,Jennifer,Rogers,United Kingdom,Standard,2,5895.34,2,0,2,0,0.0,0.0,0,0,0,0,0.0,0.0,0.0,0.0,0.0,0.0,0.0,0.0,LOW,NORMAL_CUSTOMER,NO_MAJOR_RISK_SIGNAL
C003030,Jessica,Jordan,Pakistan,Premium,2,3614.94,2,0,2,0,0.0,0.0,0,0,0,0,0.0,0.0,0.0,0.0,0.0,0.0,0.0,0.0,LOW,NORMAL_CUSTOMER,NO_MAJOR_RISK_SIGNAL
C003031,Joseph,Wood,Saudi Arabia,Standard,2,7379.12,5,3,2,3,85.0,100.0,4,2,1,2,100.0,1.5,1.5,2.0,29.38,1.0,79.0,72.51,HIGH,FRICTION_PRONE_CUSTOMER,HIGH_SEVERITY | PERSISTENT_BEHAVIOR | REPEATED_PAYMENT_FAILURES | MULTIPLE_PROBLEMATIC_JOURNEYS | CRITICAL_JOURNEY
C003032,Juan,Wu,United Arab Emirates,Standard,1,1239.8,2,1,1,1,30.0,30.0,0,0,0,0,30.0,1.0,1.0,0.0,16.25,0.0,0.0,16.88,LOW,NORMAL_CUSTOMER,NO_MAJOR_RISK_SIGNAL
C003033,John,Key,United States,Standard,1,4530.34,1,0,1,0,0.0,0.0,0,0,0,0,0.0,0.0,0.0,0.0,0.0,0.0,0.0,0.0,LOW,NORMAL_CUSTOMER,NO_MAJOR_RISK_SIGNAL
C003037,Eric,Gray,United Arab Emirates,Standard,2,1806.02,2,0,2,0,45.0,45.0,2,0,0,2,45.0,0.0,0.0,1.0,2.5,1.0,79.0,42.45,MEDIUM,NORMAL_CUSTOMER,PERSISTENT_BEHAVIOR | MULTIPLE_PROBLEMATIC_JOURNEYS
C003038,Michael,Brown,Other,Standard,1,3654.09,1,0,1,0,0.0,0.0,0,0,0,0,0.0,0.0,0.0,0.0,0.0,0.0,0.0,0.0,LOW,NORMAL_CUSTOMER,NO_MAJOR_RISK_SIGNAL
C003040,Kelly,Rivera,Pakistan,Premium,1,2044.99,1,0,1,0,40.0,40.0,1,0,0,1,40.0,0.0,0.0,1.0,2.5,1.0,30.0,25.75,MEDIUM,NORMAL_CUSTOMER,NO_MAJOR_RISK_SIGNAL
C003041,Ebony,Garcia,Saudi Arabia,Standard,2,6368.64,2,0,2,0,0.0,0.0,0,0,0,0,0.0,0.0,0.0,0.0,0.0,0.0,0.0,0.0,LOW,NORMAL_CUSTOMER,NO_MAJOR_RISK_SIGNAL
C003042,Caroline,Bryant,Other,Standard,1,4591.67,1,0,1,0,0.0,0.0,0,0,0,0,0.0,0.0,0.0,0.0,0.0,0.0,0.0,0.0,LOW,NORMAL_CUSTOMER,NO_MAJOR_RISK_SIGNAL
C003043,James,Hale,Saudi Arabia,Standard,2,5773.0,2,0,2,0,0.0,0.0,0,0,0,0,0.0,0.0,0.0,0.0,0.0,0.0,0.0,0.0,LOW,NORMAL_CUSTOMER,NO_MAJOR_RISK_SIGNAL
C003045,George,Barron,United Kingdom,Standard,1,2027.58,1,0,1,0,45.0,45.0,1,0,0,1,45.0,0.0,0.0,1.0,2.5,1.0,30.0,27.75,MEDIUM,NORMAL_CUSTOMER,NO_MAJOR_RISK_SIGNAL
C003047,Christopher,Guzman,United Arab Emirates,Standard,3,8001.58,4,1,3,1,11.67,35.0,0,0,0,0,35.0,0.33,0.33,0.0,5.42,0.0,0.0,15.63,LOW,LOYAL_LOW_FRICTION_CUSTOMER,NO_MAJOR_RISK_SIGNAL
C003048,Megan,Melton,United Arab Emirates,Standard,1,2717.82,2,1,1,1,30.0,30.0,0,0,0,0,30.0,1.0,1.0,0.0,16.25,0.0,0.0,16.88,LOW,NORMAL_CUSTOMER,NO_MAJOR_RISK_SIGNAL
C003049,Kyle,Ramirez,United Arab Emirates,Standard,2,5421.62,2,0,2,0,0.0,0.0,0,0,0,0,0.0,0.0,0.0,0.0,0.0,0.0,0.0,0.0,LOW,NORMAL_CUSTOMER,NO_MAJOR_RISK_SIGNAL
C003050,Raymond,Lyons,Saudi Arabia,Premium,2,5691.74,2,0,2,0,0.0,0.0,0,0,0,0,0.0,0.0,0.0,0.0,0.0,0.0,0.0,0.0,LOW,NORMAL_CUSTOMER,NO_MAJOR_RISK_SIGNAL
C003051,Tracy,Briggs,Saudi Arabia,Standard,1,1527.46,1,0,1,0,0.0,0.0,0,0,0,0,0.0,0.0,0.0,0.0,0.0,0.0,0.0,0.0,LOW,NORMAL_CUSTOMER,NO_MAJOR_RISK_SIGNAL
C003052,Donna,Richardson,United Arab Emirates,Standard,1,534.52,1,0,1,0,45.0,45.0,1,0,0,1,45.0,0.0,0.0,1.0,2.5,1.0,30.0,27.75,MEDIUM,NORMAL_CUSTOMER,NO_MAJOR_RISK_SIGNAL
C003053,Christopher,Montgomery,Saudi Arabia,Standard,3,10848.64,4,1,3,1,11.67,35.0,0,0,0,0,35.0,0.33,0.33,0.0,5.42,0.0,0.0,15.63,LOW,LOYAL_LOW_FRICTION_CUSTOMER,NO_MAJOR_RISK_SIGNAL
C003054,Amy,Hopkins,Saudi Arabia,Premium,1,3589.28,1,0,1,0,40.0,40.0,1,0,0,1,40.0,0.0,0.0,1.0,2.5,1.0,30.0,25.75,MEDIUM,NORMAL_CUSTOMER,NO_MAJOR_RISK_SIGNAL
C003055,Jackson,Alvarez,United Kingdom,Standard,3,8126.81,4,1,3,1,10.0,30.0,0,0,0,0,30.0,0.33,0.33,0.0,5.42,0.0,0.0,13.63,LOW,LOYAL_LOW_FRICTION_CUSTOMER,NO_MAJOR_RISK_SIGNAL
C003056,Nicole,Gutierrez,Other,Standard,1,1726.57,1,0,1,0,0.0,0.0,0,0,0,0,0.0,0.0,0.0,0.0,0.0,0.0,0.0,0.0,LOW,NORMAL_CUSTOMER,NO_MAJOR_RISK_SIGNAL
C003057,Mike,Lopez,Pakistan,Standard,2,5685.87,3,1,2,1,37.5,40.0,1,0,0,1,40.0,0.5,0.5,0.5,9.38,0.5,30.0,27.81,MEDIUM,NORMAL_CUSTOMER,NO_MAJOR_RISK_SIGNAL
C003058,Sean,Andersen,Saudi Arabia,Standard,2,6328.83,4,2,2,2,70.0,70.0,2,2,0,2,70.0,1.0,1.0,1.0,18.75,1.0,79.0,57.32,HIGH,FRICTION_PRONE_CUSTOMER,HIGH_SEVERITY | PERSISTENT_BEHAVIOR | REPEATED_PAYMENT_FAILURES | MULTIPLE_PROBLEMATIC_JOURNEYS
C003060,Steven,Hess,Other,Standard,1,1655.69,3,2,1,2,60.0,60.0,2,1,0,1,60.0,2.0,2.0,2.0,37.5,1.0,30.0,44.25,MEDIUM,NORMAL_CUSTOMER,REPEATED_PAYMENT_FAILURES
C003061,Jeremy,Smith,Saudi Arabia,Standard,1,3239.99,1,0,1,0,0.0,0.0,0,0,0,0,0.0,0.0,0.0,0.0,0.0,0.0,0.0,0.0,LOW,NORMAL_CUSTOMER,NO_MAJOR_RISK_SIGNAL
C003062,Joseph,Ward,Saudi Arabia,Standard,2,5572.77,3,1,2,1,15.0,30.0,0,0,0,0,30.0,0.5,0.5,0.0,8.12,0.0,0.0,14.44,LOW,NORMAL_CUSTOMER,NO_MAJOR_RISK_SIGNAL
C003063,Bryan,Williams,Pakistan,Standard,3,12302.9,3,0,3,0,15.0,45.0,1,0,0,1,45.0,0.0,0.0,0.33,0.83,0.33,30.0,27.25,MEDIUM,LOYAL_LOW_FRICTION_CUSTOMER,NO_MAJOR_RISK_SIGNAL
C003065,Elizabeth,Nguyen,Pakistan,Premium,1,1202.16,1,0,1,0,40.0,40.0,1,0,0,1,40.0,0.0,0.0,1.0,2.5,1.0,30.0,25.75,MEDIUM,NORMAL_CUSTOMER,NO_MAJOR_RISK_SIGNAL
C003067,Maurice,Lawson,Saudi Arabia,Standard,2,5630.92,2,0,2,0,20.0,40.0,1,0,0,1,40.0,0.0,0.0,0.5,1.25,0.5,30.0,25.38,MEDIUM,NORMAL_CUSTOMER,NO_MAJOR_RISK_SIGNAL
C003068,Amber,Ross,Other,Standard,3,6822.51,3,0,3,0,40.0,40.0,3,0,0,3,40.0,0.0,0.0,1.0,2.5,1.0,91.0,44.05,MEDIUM,NORMAL_CUSTOMER,PERSISTENT_BEHAVIOR | MULTIPLE_PROBLEMATIC_JOURNEYS
C003069,Tara,Salazar,Saudi Arabia,Premium,1,3942.96,1,0,1,0,40.0,40.0,1,0,0,1,40.0,0.0,0.0,1.0,2.5,1.0,30.0,25.75,MEDIUM,NORMAL_CUSTOMER,NO_MAJOR_RISK_SIGNAL
C003070,Brittany,Miller,United Kingdom,Standard,2,4311.12,2,0,2,0,22.5,45.0,1,0,0,1,45.0,0.0,0.0,0.5,1.25,0.5,30.0,27.38,MEDIUM,NORMAL_CUSTOMER,NO_MAJOR_RISK_SIGNAL
C003072,Mary,Huynh,Pakistan,Standard,1,3523.09,1,0,1,0,0.0,0.0,0,0,0,0,0.0,0.0,0.0,0.0,0.0,0.0,0.0,0.0,LOW,NORMAL_CUSTOMER,NO_MAJOR_RISK_SIGNAL
C003073,Loretta,Galvan,United Arab Emirates,Standard,6,20367.77,10,4,6,4,50.0,65.0,8,2,0,6,65.0,0.67,0.67,1.33,14.17,1.0,100.0,60.25,HIGH,FRICTION_PRONE_CUSTOMER,PERSISTENT_BEHAVIOR | REPEATED_PAYMENT_FAILURES | MULTIPLE_PROBLEMATIC_JOURNEYS
C003074,Robert,Hatfield,Saudi Arabia,Standard,2,4164.47,2,0,2,0,20.0,40.0,1,0,0,1,40.0,0.0,0.0,0.5,1.25,0.5,30.0,25.38,MEDIUM,NORMAL_CUSTOMER,NO_MAJOR_RISK_SIGNAL
C003075,Amanda,Vincent,Pakistan,Standard,1,3114.43,1,0,1,0,0.0,0.0,0,0,0,0,0.0,0.0,0.0,0.0,0.0,0.0,0.0,0.0,LOW,NORMAL_CUSTOMER,NO_MAJOR_RISK_SIGNAL
C003076,Michelle,Stein,Other,Standard,3,7586.9,3,0,3,0,0.0,0.0,0,0,0,0,0.0,0.0,0.0,0.0,0.0,0.0,0.0,0.0,LOW,LOYAL_LOW_FRICTION_CUSTOMER,NO_MAJOR_RISK_SIGNAL
C003077,Thomas,Navarro,Other,Standard,1,4668.63,1,0,1,0,0.0,0.0,0,0,0,0,0.0,0.0,0.0,0.0,0.0,0.0,0.0,0.0,LOW,NORMAL_CUSTOMER,NO_MAJOR_RISK_SIGNAL
C003079,Thomas,Lee,Saudi Arabia,Standard,1,4796.87,1,0,1,0,0.0,0.0,0,0,0,0,0.0,0.0,0.0,0.0,0.0,0.0,0.0,0.0,LOW,NORMAL_CUSTOMER,NO_MAJOR_RISK_SIGNAL
C003080,Christian,Thomas,Other,Standard,1,1599.42,1,0,1,0,45.0,45.0,1,0,0,1,45.0,0.0,0.0,1.0,2.5,1.0,30.0,27.75,MEDIUM,NORMAL_CUSTOMER,NO_MAJOR_RISK_SIGNAL
C003082,Jennifer,Armstrong,Other,Premium,4,7556.69,4,0,4,0,10.0,40.0,1,0,0,1,40.0,0.0,0.0,0.25,0.62,0.25,28.0,24.59,MEDIUM,LOYAL_LOW_FRICTION_CUSTOMER,NO_MAJOR_RISK_SIGNAL
C003084,Rachel,Wagner,Pakistan,Premium,5,10936.52,7,2,5,2,12.0,30.0,0,0,0,0,30.0,0.4,0.4,0.0,6.5,0.0,0.0,13.95,LOW,LOYAL_LOW_FRICTION_CUSTOMER,REPEATED_PAYMENT_FAILURES
C003085,Lauren,Anderson,United Kingdom,Standard,2,5792.13,3,1,2,1,15.0,30.0,0,0,0,0,30.0,0.5,0.5,0.0,8.12,0.0,0.0,14.44,LOW,NORMAL_CUSTOMER,NO_MAJOR_RISK_SIGNAL
C003086,Erica,Robles,United Kingdom,Standard,1,4919.34,1,0,1,0,0.0,0.0,0,0,0,0,0.0,0.0,0.0,0.0,0.0,0.0,0.0,0.0,LOW,NORMAL_CUSTOMER,NO_MAJOR_RISK_SIGNAL
C003087,Christine,Turner,United Arab Emirates,VIP,2,6431.41,2,0,2,0,0.0,0.0,0,0,0,0,0.0,0.0,0.0,0.0,0.0,0.0,0.0,0.0,LOW,NORMAL_CUSTOMER,NO_MAJOR_RISK_SIGNAL
C003088,David,Nunez,Saudi Arabia,Standard,2,9119.39,3,1,2,1,35.0,40.0,1,0,0,1,40.0,0.5,0.5,0.5,9.38,0.5,30.0,27.81,MEDIUM,NORMAL_CUSTOMER,NO_MAJOR_RISK_SIGNAL
C003089,Katherine,Dunn,Pakistan,Standard,1,1264.74,1,0,1,0,0.0,0.0,0,0,0,0,0.0,0.0,0.0,0.0,0.0,0.0,0.0,0.0,LOW,NORMAL_CUSTOMER,NO_MAJOR_RISK_SIGNAL
C003090,Gerald,Baxter,Saudi Arabia,Standard,2,8767.43,2,0,2,0,0.0,0.0,0,0,0,0,0.0,0.0,0.0,0.0,0.0,0.0,0.0,0.0,LOW,NORMAL_CUSTOMER,NO_MAJOR_RISK_SIGNAL
C003092,Teresa,Griffin,Other,Premium,1,1381.33,1,0,1,0,0.0,0.0,0,0,0,0,0.0,0.0,0.0,0.0,0.0,0.0,0.0,0.0,LOW,NORMAL_CUSTOMER,NO_MAJOR_RISK_SIGNAL
C003093,Lindsey,Wilson,United Arab Emirates,Premium,2,2292.12,3,1,2,1,37.5,75.0,1,1,0,1,75.0,0.5,0.5,0.5,9.38,0.5,30.0,41.81,MEDIUM,NORMAL_CUSTOMER,HIGH_SEVERITY
C003094,David,Bates,United States,Standard,2,6639.21,3,1,2,1,15.0,30.0,0,0,0,0,30.0,0.5,0.5,0.0,8.12,0.0,0.0,14.44,LOW,NORMAL_CUSTOMER,NO_MAJOR_RISK_SIGNAL
C003096,Vanessa,Lewis,United Kingdom,Premium,1,1466.56,3,2,1,2,65.0,65.0,2,1,0,1,65.0,2.0,2.0,2.0,37.5,1.0,30.0,46.25,MEDIUM,NORMAL_CUSTOMER,REPEATED_PAYMENT_FAILURES
C003097,Ryan,Mullins,Other,Standard,3,7490.07,3,0,3,0,0.0,0.0,0,0,0,0,0.0,0.0,0.0,0.0,0.0,0.0,0.0,0.0,LOW,LOYAL_LOW_FRICTION_CUSTOMER,NO_MAJOR_RISK_SIGNAL
C003098,Wendy,Keller,Saudi Arabia,Standard,1,2654.24,2,1,1,1,35.0,35.0,0,0,0,0,35.0,1.0,1.0,0.0,16.25,0.0,0.0,18.88,LOW,NORMAL_CUSTOMER,NO_MAJOR_RISK_SIGNAL
C003100,Mary,Graham,United Arab Emirates,Standard,2,5075.79,4,2,2,2,30.0,60.0,2,1,0,1,60.0,1.0,1.0,1.0,18.75,0.5,30.0,38.62,MEDIUM,NORMAL_CUSTOMER,REPEATED_PAYMENT_FAILURES
C003103,Robin,Hickman,Other,Standard,1,1912.56,3,2,1,2,100.0,100.0,3,1,1,1,100.0,2.0,2.0,3.0,40.0,1.0,30.0,61.0,HIGH,FRICTION_PRONE_CUSTOMER,HIGH_SEVERITY | REPEATED_PAYMENT_FAILURES | CRITICAL_JOURNEY
C003104,Carl,Orr,United Arab Emirates,Standard,1,2411.53,1,0,1,0,45.0,45.0,1,0,0,1,45.0,0.0,0.0,1.0,2.5,1.0,30.0,27.75,MEDIUM,NORMAL_CUSTOMER,NO_MAJOR_RISK_SIGNAL
C003105,Paul,Miranda,Saudi Arabia,Premium,4,9706.92,7,3,4,3,26.25,35.0,0,0,0,0,35.0,0.75,0.75,0.0,12.19,0.0,0.0,17.66,LOW,LOYAL_LOW_FRICTION_CUSTOMER,REPEATED_PAYMENT_FAILURES
C003107,Mark,Scott,United Kingdom,Premium,1,1370.43,1,0,1,0,0.0,0.0,0,0,0,0,0.0,0.0,0.0,0.0,0.0,0.0,0.0,0.0,LOW,NORMAL_CUSTOMER,NO_MAJOR_RISK_SIGNAL
C003109,Stephen,Merritt,Pakistan,Standard,2,2699.43,3,1,2,1,17.5,35.0,0,0,0,0,35.0,0.5,0.5,0.0,8.12,0.0,0.0,16.44,LOW,NORMAL_CUSTOMER,NO_MAJOR_RISK_SIGNAL
C003110,Morgan,Martinez,Pakistan,Standard,2,1735.61,2,0,2,0,20.0,40.0,1,0,0,1,40.0,0.0,0.0,0.5,1.25,0.5,30.0,25.38,MEDIUM,NORMAL_CUSTOMER,NO_MAJOR_RISK_SIGNAL
C003111,Kristin,Taylor,Pakistan,Standard,2,3276.63,2,0,2,0,20.0,40.0,1,0,0,1,40.0,0.0,0.0,0.5,1.25,0.5,30.0,25.38,MEDIUM,NORMAL_CUSTOMER,NO_MAJOR_RISK_SIGNAL
C003112,Cindy,Nichols,Saudi Arabia,Premium,2,4809.16,2,0,2,0,20.0,40.0,1,0,0,1,40.0,0.0,0.0,0.5,1.25,0.5,30.0,25.38,MEDIUM,NORMAL_CUSTOMER,NO_MAJOR_RISK_SIGNAL
C003113,Alexandra,Swanson,United Kingdom,Premium,1,4957.06,2,1,1,1,35.0,35.0,0,0,0,0,35.0,1.0,1.0,0.0,16.25,0.0,0.0,18.88,LOW,NORMAL_CUSTOMER,NO_MAJOR_RISK_SIGNAL
C003114,Robert,Davis,Saudi Arabia,Standard,2,7346.72,3,1,2,1,17.5,35.0,0,0,0,0,35.0,0.5,0.5,0.0,8.12,0.0,0.0,16.44,LOW,NORMAL_CUSTOMER,NO_MAJOR_RISK_SIGNAL
C003115,Robert,Holt,Saudi Arabia,Standard,1,2899.05,2,1,1,1,30.0,30.0,0,0,0,0,30.0,1.0,1.0,0.0,16.25,0.0,0.0,16.88,LOW,NORMAL_CUSTOMER,NO_MAJOR_RISK_SIGNAL
C003116,Eddie,Wiggins,Other,Standard,2,4740.68,2,0,2,0,0.0,0.0,0,0,0,0,0.0,0.0,0.0,0.0,0.0,0.0,0.0,0.0,LOW,NORMAL_CUSTOMER,NO_MAJOR_RISK_SIGNAL
C003117,Brianna,Huynh,United Kingdom,Premium,1,1422.59,1,0,1,0,0.0,0.0,0,0,0,0,0.0,0.0,0.0,0.0,0.0,0.0,0.0,0.0,LOW,NORMAL_CUSTOMER,NO_MAJOR_RISK_SIGNAL
C003118,Katherine,Miranda,Saudi Arabia,Standard,4,13484.58,4,0,4,0,10.0,40.0,1,0,0,1,40.0,0.0,0.0,0.25,0.62,0.25,28.0,24.59,MEDIUM,LOYAL_LOW_FRICTION_CUSTOMER,NO_MAJOR_RISK_SIGNAL
C003119,Sheila,Burke,Saudi Arabia,Standard,1,894.36,2,1,1,1,35.0,35.0,0,0,0,0,35.0,1.0,1.0,0.0,16.25,0.0,0.0,18.88,LOW,NORMAL_CUSTOMER,NO_MAJOR_RISK_SIGNAL
C003120,Sara,Schneider,Saudi Arabia,Standard,1,3477.22,1,0,1,0,40.0,40.0,1,0,0,1,40.0,0.0,0.0,1.0,2.5,1.0,30.0,25.75,MEDIUM,NORMAL_CUSTOMER,NO_MAJOR_RISK_SIGNAL
C003121,Anna,Bennett,Saudi Arabia,Standard,3,8720.35,6,3,3,3,46.67,65.0,3,1,0,2,65.0,1.0,1.0,1.0,18.75,0.67,65.67,51.33,HIGH,FRICTION_PRONE_CUSTOMER,PERSISTENT_BEHAVIOR | REPEATED_PAYMENT_FAILURES | MULTIPLE_PROBLEMATIC_JOURNEYS
C003122,Craig,Love,Saudi Arabia,Standard,1,3270.93,1,0,1,0,0.0,0.0,0,0,0,0,0.0,0.0,0.0,0.0,0.0,0.0,0.0,0.0,LOW,NORMAL_CUSTOMER,NO_MAJOR_RISK_SIGNAL
C003123,Justin,Fitzgerald,Saudi Arabia,Standard,2,1565.39,2,0,2,0,0.0,0.0,0,0,0,0,0.0,0.0,0.0,0.0,0.0,0.0,0.0,0.0,LOW,NORMAL_CUSTOMER,NO_MAJOR_RISK_SIGNAL
C003124,Amanda,James,United Arab Emirates,Standard,1,3650.7,2,1,1,1,30.0,30.0,0,0,0,0,30.0,1.0,1.0,0.0,16.25,0.0,0.0,16.88,LOW,NORMAL_CUSTOMER,NO_MAJOR_RISK_SIGNAL
C003125,Maurice,May,United Kingdom,Standard,3,13404.28,4,1,3,1,25.0,40.0,1,0,0,1,40.0,0.33,0.33,0.33,6.25,0.33,30.0,26.88,MEDIUM,LOYAL_LOW_FRICTION_CUSTOMER,NO_MAJOR_RISK_SIGNAL
C003126,Robert,Hoffman,Pakistan,Premium,1,1012.46,1,0,1,0,0.0,0.0,0,0,0,0,0.0,0.0,0.0,0.0,0.0,0.0,0.0,0.0,LOW,NORMAL_CUSTOMER,NO_MAJOR_RISK_SIGNAL
C003128,Todd,Stokes,Saudi Arabia,Standard,1,1034.4,2,1,1,1,30.0,30.0,0,0,0,0,30.0,1.0,1.0,0.0,16.25,0.0,0.0,16.88,LOW,NORMAL_CUSTOMER,NO_MAJOR_RISK_SIGNAL
C003130,Benjamin,Wilson,United States,Standard,3,6565.32,4,1,3,1,38.33,70.0,2,1,0,2,70.0,0.33,0.33,0.67,7.08,0.67,65.67,49.82,HIGH,FRICTION_PRONE_CUSTOMER,HIGH_SEVERITY | PERSISTENT_BEHAVIOR | MULTIPLE_PROBLEMATIC_JOURNEYS
C003135,Benjamin,Garner,Saudi Arabia,Standard,2,6221.69,2,0,2,0,0.0,0.0,0,0,0,0,0.0,0.0,0.0,0.0,0.0,0.0,0.0,0.0,LOW,NORMAL_CUSTOMER,NO_MAJOR_RISK_SIGNAL
C003136,Pamela,Wilson,Pakistan,Standard,1,4226.68,1,0,1,0,45.0,45.0,1,0,0,1,45.0,0.0,0.0,1.0,2.5,1.0,30.0,27.75,MEDIUM,NORMAL_CUSTOMER,NO_MAJOR_RISK_SIGNAL
C003137,Martin,Richardson,United Kingdom,Standard,3,10097.76,3,0,3,0,0.0,0.0,0,0,0,0,0.0,0.0,0.0,0.0,0.0,0.0,0.0,0.0,LOW,LOYAL_LOW_FRICTION_CUSTOMER,NO_MAJOR_RISK_SIGNAL
C003138,John,Castaneda,United Kingdom,Premium,2,5336.63,2,0,2,0,0.0,0.0,0,0,0,0,0.0,0.0,0.0,0.0,0.0,0.0,0.0,0.0,LOW,NORMAL_CUSTOMER,NO_MAJOR_RISK_SIGNAL
C003139,Julie,Finley,Pakistan,Standard,2,5845.26,3,1,2,1,17.5,35.0,0,0,0,0,35.0,0.5,0.5,0.0,8.12,0.0,0.0,16.44,LOW,NORMAL_CUSTOMER,NO_MAJOR_RISK_SIGNAL
C003141,Penny,Smith,United Arab Emirates,VIP,5,7954.96,7,2,5,2,28.0,60.0,4,1,0,3,60.0,0.4,0.4,0.8,8.5,0.6,75.0,49.05,HIGH,FRICTION_PRONE_CUSTOMER,PERSISTENT_BEHAVIOR | REPEATED_PAYMENT_FAILURES | MULTIPLE_PROBLEMATIC_JOURNEYS
C003142,Andrew,Brown,Other,Standard,2,7868.54,2,0,2,0,0.0,0.0,0,0,0,0,0.0,0.0,0.0,0.0,0.0,0.0,0.0,0.0,LOW,NORMAL_CUSTOMER,NO_MAJOR_RISK_SIGNAL
C003143,Lisa,Nichols,Pakistan,Standard,2,3592.53,2,0,2,0,0.0,0.0,0,0,0,0,0.0,0.0,0.0,0.0,0.0,0.0,0.0,0.0,LOW,NORMAL_CUSTOMER,NO_MAJOR_RISK_SIGNAL
C003145,Juan,Whitney,Saudi Arabia,Standard,3,9451.34,5,2,3,2,23.33,35.0,0,0,0,0,35.0,0.67,0.67,0.0,10.83,0.0,0.0,17.25,LOW,LOYAL_LOW_FRICTION_CUSTOMER,REPEATED_PAYMENT_FAILURES
C003146,Travis,Flores,United Arab Emirates,Standard,1,4067.55,1,0,1,0,0.0,0.0,0,0,0,0,0.0,0.0,0.0,0.0,0.0,0.0,0.0,0.0,LOW,NORMAL_CUSTOMER,NO_MAJOR_RISK_SIGNAL
C003147,Heather,Diaz,Other,Premium,1,1106.4,1,0,1,0,0.0,0.0,0,0,0,0,0.0,0.0,0.0,0.0,0.0,0.0,0.0,0.0,LOW,NORMAL_CUSTOMER,NO_MAJOR_RISK_SIGNAL
C003148,Corey,Shelton,United Kingdom,Premium,2,6293.23,2,0,2,0,20.0,40.0,1,0,0,1,40.0,0.0,0.0,0.5,1.25,0.5,30.0,25.38,MEDIUM,NORMAL_CUSTOMER,NO_MAJOR_RISK_SIGNAL
C003150,Dennis,Meyer,United Arab Emirates,Standard,1,1355.22,1,0,1,0,0.0,0.0,0,0,0,0,0.0,0.0,0.0,0.0,0.0,0.0,0.0,0.0,LOW,NORMAL_CUSTOMER,NO_MAJOR_RISK_SIGNAL
C003151,Terri,Guzman,Pakistan,Premium,1,2105.99,2,1,1,1,75.0,75.0,1,1,0,1,75.0,1.0,1.0,1.0,18.75,1.0,30.0,44.62,MEDIUM,NORMAL_CUSTOMER,HIGH_SEVERITY
C003152,Scott,Walker,Saudi Arabia,Standard,1,3768.46,3,2,1,2,65.0,65.0,2,1,0,1,65.0,2.0,2.0,2.0,37.5,1.0,30.0,46.25,MEDIUM,NORMAL_CUSTOMER,REPEATED_PAYMENT_FAILURES
C003153,Margaret,Foster,United Kingdom,Standard,3,9493.64,7,4,3,4,43.33,65.0,2,1,0,1,65.0,1.33,1.33,0.67,23.33,0.33,30.0,42.0,MEDIUM,NORMAL_CUSTOMER,REPEATED_PAYMENT_FAILURES
C003154,Joseph,Medina,United Arab Emirates,Standard,1,2665.63,1,0,1,0,40.0,40.0,1,0,0,1,40.0,0.0,0.0,1.0,2.5,1.0,30.0,25.75,MEDIUM,NORMAL_CUSTOMER,NO_MAJOR_RISK_SIGNAL
C003156,Debbie,Thomas,Pakistan,Premium,5,13545.42,8,3,5,3,29.0,65.0,3,1,0,2,65.0,0.6,0.6,0.6,11.25,0.4,55.0,45.88,MEDIUM,NORMAL_CUSTOMER,PERSISTENT_BEHAVIOR | REPEATED_PAYMENT_FAILURES | MULTIPLE_PROBLEMATIC_JOURNEYS
C003157,Jacob,Hahn,Other,Standard,3,5176.28,5,2,3,2,33.33,100.0,3,1,1,1,100.0,0.67,0.67,1.0,13.33,0.33,30.0,53.0,HIGH,FRICTION_PRONE_CUSTOMER,HIGH_SEVERITY | REPEATED_PAYMENT_FAILURES | CRITICAL_JOURNEY
C003158,Jason,Hood,Saudi Arabia,Premium,4,10137.99,4,0,4,0,0.0,0.0,0,0,0,0,0.0,0.0,0.0,0.0,0.0,0.0,0.0,0.0,LOW,LOYAL_LOW_FRICTION_CUSTOMER,NO_MAJOR_RISK_SIGNAL
C003159,Madison,Porter,United States,Standard,3,7938.14,6,3,3,3,46.67,65.0,3,1,0,2,65.0,1.0,1.0,1.0,18.75,0.67,65.67,51.33,HIGH,FRICTION_PRONE_CUSTOMER,PERSISTENT_BEHAVIOR | REPEATED_PAYMENT_FAILURES | MULTIPLE_PROBLEMATIC_JOURNEYS
C003160,Joyce,Bryant,Saudi Arabia,Standard,2,6571.22,2,0,2,0,0.0,0.0,0,0,0,0,0.0,0.0,0.0,0.0,0.0,0.0,0.0,0.0,LOW,NORMAL_CUSTOMER,NO_MAJOR_RISK_SIGNAL
C003161,Katherine,Guzman,United Arab Emirates,Standard,1,4553.06,1,0,1,0,0.0,0.0,0,0,0,0,0.0,0.0,0.0,0.0,0.0,0.0,0.0,0.0,LOW,NORMAL_CUSTOMER,NO_MAJOR_RISK_SIGNAL
C003162,Michelle,Thomas,Saudi Arabia,Standard,3,11466.57,3,0,3,0,0.0,0.0,0,0,0,0,0.0,0.0,0.0,0.0,0.0,0.0,0.0,0.0,LOW,LOYAL_LOW_FRICTION_CUSTOMER,NO_MAJOR_RISK_SIGNAL
C003163,Lori,Ortega,United Arab Emirates,Premium,2,1822.41,4,2,2,2,52.5,65.0,3,1,0,2,65.0,1.0,1.0,1.5,20.0,1.0,79.0,55.7,HIGH,FRICTION_PRONE_CUSTOMER,PERSISTENT_BEHAVIOR | REPEATED_PAYMENT_FAILURES | MULTIPLE_PROBLEMATIC_JOURNEYS
C003164,Zachary,Solis,Pakistan,Standard,1,4419.06,1,0,1,0,0.0,0.0,0,0,0,0,0.0,0.0,0.0,0.0,0.0,0.0,0.0,0.0,LOW,NORMAL_CUSTOMER,NO_MAJOR_RISK_SIGNAL
C003165,Erik,Warner,Saudi Arabia,VIP,3,5562.94,4,1,3,1,23.33,40.0,1,0,0,1,40.0,0.33,0.33,0.33,6.25,0.33,30.0,26.88,MEDIUM,LOYAL_LOW_FRICTION_CUSTOMER,NO_MAJOR_RISK_SIGNAL
C003166,Larry,George,United Arab Emirates,Standard,1,3023.39,2,1,1,1,30.0,30.0,0,0,0,0,30.0,1.0,1.0,0.0,16.25,0.0,0.0,16.88,LOW,NORMAL_CUSTOMER,NO_MAJOR_RISK_SIGNAL
C003168,Derek,Mooney,Saudi Arabia,Standard,1,3530.1,1,0,1,0,0.0,0.0,0,0,0,0,0.0,0.0,0.0,0.0,0.0,0.0,0.0,0.0,LOW,NORMAL_CUSTOMER,NO_MAJOR_RISK_SIGNAL
C003169,Melissa,Martinez,United States,Premium,3,7849.79,5,2,3,2,21.67,65.0,2,1,0,1,65.0,0.67,0.67,0.67,12.5,0.33,30.0,38.75,MEDIUM,LOYAL_LOW_FRICTION_CUSTOMER,REPEATED_PAYMENT_FAILURES
C003171,Anthony,Mccarthy,United Kingdom,Standard,6,18941.6,8,2,6,2,35.83,95.0,6,1,1,4,95.0,0.33,0.33,1.0,7.92,0.67,86.67,66.38,HIGH,FRICTION_PRONE_CUSTOMER,HIGH_SEVERITY | PERSISTENT_BEHAVIOR | REPEATED_PAYMENT_FAILURES | MULTIPLE_PROBLEMATIC_JOURNEYS | CRITICAL_JOURNEY
C003172,James,Mendoza,Saudi Arabia,Standard,3,10384.86,3,0,3,0,0.0,0.0,0,0,0,0,0.0,0.0,0.0,0.0,0.0,0.0,0.0,0.0,LOW,LOYAL_LOW_FRICTION_CUSTOMER,NO_MAJOR_RISK_SIGNAL
C003173,Marissa,Poole,Saudi Arabia,Standard,1,1381.88,1,0,1,0,0.0,0.0,0,0,0,0,0.0,0.0,0.0,0.0,0.0,0.0,0.0,0.0,LOW,NORMAL_CUSTOMER,NO_MAJOR_RISK_SIGNAL
C003174,Mary,Simpson,Saudi Arabia,Standard,3,7932.79,5,2,3,2,21.67,65.0,2,1,0,1,65.0,0.67,0.67,0.67,12.5,0.33,30.0,38.75,MEDIUM,LOYAL_LOW_FRICTION_CUSTOMER,REPEATED_PAYMENT_FAILURES
C003175,John,Padilla,Saudi Arabia,Standard,4,12525.57,7,3,4,3,25.0,65.0,2,1,0,1,65.0,0.75,0.75,0.5,13.44,0.25,28.0,38.43,MEDIUM,LOYAL_LOW_FRICTION_CUSTOMER,REPEATED_PAYMENT_FAILURES
C003176,Stephen,Bennett,Saudi Arabia,Standard,4,14740.01,4,0,4,0,21.25,45.0,2,0,0,2,45.0,0.0,0.0,0.5,1.25,0.5,59.0,36.08,MEDIUM,NORMAL_CUSTOMER,PERSISTENT_BEHAVIOR | MULTIPLE_PROBLEMATIC_JOURNEYS
C003177,Samantha,Zavala,United Kingdom,Standard,1,1682.39,1,0,1,0,0.0,0.0,0,0,0,0,0.0,0.0,0.0,0.0,0.0,0.0,0.0,0.0,LOW,NORMAL_CUSTOMER,NO_MAJOR_RISK_SIGNAL
C003178,Janet,Cook,Other,Standard,3,12352.98,7,4,3,4,53.33,100.0,3,1,1,1,100.0,1.33,1.33,1.0,24.17,0.33,30.0,56.25,HIGH,FRICTION_PRONE_CUSTOMER,HIGH_SEVERITY | REPEATED_PAYMENT_FAILURES | CRITICAL_JOURNEY
C003179,Joshua,Carey,United States,Standard,2,3227.04,2,0,2,0,0.0,0.0,0,0,0,0,0.0,0.0,0.0,0.0,0.0,0.0,0.0,0.0,LOW,NORMAL_CUSTOMER,NO_MAJOR_RISK_SIGNAL
C003180,Madison,Clark,United Kingdom,Standard,3,11416.97,3,0,3,0,0.0,0.0,0,0,0,0,0.0,0.0,0.0,0.0,0.0,0.0,0.0,0.0,LOW,LOYAL_LOW_FRICTION_CUSTOMER,NO_MAJOR_RISK_SIGNAL
C003181,William,Oconnor,Saudi Arabia,Standard,4,8632.6,6,2,4,2,16.25,35.0,0,0,0,0,35.0,0.5,0.5,0.0,8.12,0.0,0.0,16.44,LOW,LOYAL_LOW_FRICTION_CUSTOMER,REPEATED_PAYMENT_FAILURES
C003183,David,Graves,United Arab Emirates,Standard,1,1613.5,1,0,1,0,0.0,0.0,0,0,0,0,0.0,0.0,0.0,0.0,0.0,0.0,0.0,0.0,LOW,NORMAL_CUSTOMER,NO_MAJOR_RISK_SIGNAL
C003184,Anthony,Williams,Saudi Arabia,Standard,4,7711.14,6,2,4,2,25.0,70.0,1,1,0,1,70.0,0.5,0.5,0.25,8.75,0.25,28.0,39.02,MEDIUM,LOYAL_LOW_FRICTION_CUSTOMER,HIGH_SEVERITY | REPEATED_PAYMENT_FAILURES
C003186,Brooke,White,Pakistan,Standard,3,8230.59,6,3,3,3,30.0,60.0,2,1,0,1,60.0,1.0,1.0,0.67,17.92,0.33,30.0,38.38,MEDIUM,NORMAL_CUSTOMER,REPEATED_PAYMENT_FAILURES
C003187,Gregory,Freeman,United Arab Emirates,Standard,1,3516.69,1,0,1,0,0.0,0.0,0,0,0,0,0.0,0.0,0.0,0.0,0.0,0.0,0.0,0.0,LOW,NORMAL_CUSTOMER,NO_MAJOR_RISK_SIGNAL
C003189,Brenda,Joyce,United States,Premium,3,10810.68,3,0,3,0,28.33,45.0,2,0,0,2,45.0,0.0,0.0,0.67,1.67,0.67,65.67,38.2,MEDIUM,NORMAL_CUSTOMER,PERSISTENT_BEHAVIOR | MULTIPLE_PROBLEMATIC_JOURNEYS
C003190,Michael,Hopkins,United States,Standard,3,9094.55,4,1,3,1,10.0,30.0,0,0,0,0,30.0,0.33,0.33,0.0,5.42,0.0,0.0,13.63,LOW,LOYAL_LOW_FRICTION_CUSTOMER,NO_MAJOR_RISK_SIGNAL
C003191,Frank,Allison,United Arab Emirates,Standard,4,7666.43,4,0,4,0,0.0,0.0,0,0,0,0,0.0,0.0,0.0,0.0,0.0,0.0,0.0,0.0,LOW,LOYAL_LOW_FRICTION_CUSTOMER,NO_MAJOR_RISK_SIGNAL
C003192,Patricia,Ritter,Other,Standard,5,15738.09,7,2,5,2,29.0,45.0,2,0,0,2,45.0,0.4,0.4,0.4,7.5,0.4,55.0,36.75,MEDIUM,NORMAL_CUSTOMER,PERSISTENT_BEHAVIOR | REPEATED_PAYMENT_FAILURES | MULTIPLE_PROBLEMATIC_JOURNEYS
C003193,Kaitlyn,Kelley,Other,Standard,3,7884.5,4,1,3,1,38.33,75.0,2,1,0,2,75.0,0.33,0.33,0.67,7.08,0.67,65.67,51.82,HIGH,FRICTION_PRONE_CUSTOMER,HIGH_SEVERITY | PERSISTENT_BEHAVIOR | MULTIPLE_PROBLEMATIC_JOURNEYS
C003194,Haley,Rogers,United Arab Emirates,Standard,1,1851.4,1,0,1,0,0.0,0.0,0,0,0,0,0.0,0.0,0.0,0.0,0.0,0.0,0.0,0.0,LOW,NORMAL_CUSTOMER,NO_MAJOR_RISK_SIGNAL
C003196,Paul,Mooney,Pakistan,Standard,1,4852.43,1,0,1,0,0.0,0.0,0,0,0,0,0.0,0.0,0.0,0.0,0.0,0.0,0.0,0.0,LOW,NORMAL_CUSTOMER,NO_MAJOR_RISK_SIGNAL
C003197,Frank,Todd,Other,VIP,1,2306.79,1,0,1,0,0.0,0.0,0,0,0,0,0.0,0.0,0.0,0.0,0.0,0.0,0.0,0.0,LOW,NORMAL_CUSTOMER,NO_MAJOR_RISK_SIGNAL
C003198,Ashley,Myers,Other,Standard,4,12125.81,4,0,4,0,30.0,40.0,3,0,0,3,40.0,0.0,0.0,0.75,1.88,0.75,81.0,40.86,MEDIUM,NORMAL_CUSTOMER,PERSISTENT_BEHAVIOR | MULTIPLE_PROBLEMATIC_JOURNEYS
C003199,Tammie,Rose,Saudi Arabia,Premium,2,7074.95,2,0,2,0,20.0,40.0,1,0,0,1,40.0,0.0,0.0,0.5,1.25,0.5,30.0,25.38,MEDIUM,NORMAL_CUSTOMER,NO_MAJOR_RISK_SIGNAL
C003200,Mercedes,Campbell,United Arab Emirates,Premium,3,7921.92,6,3,3,3,46.67,65.0,3,1,0,2,65.0,1.0,1.0,1.0,18.75,0.67,65.67,51.33,HIGH,FRICTION_PRONE_CUSTOMER,PERSISTENT_BEHAVIOR | REPEATED_PAYMENT_FAILURES | MULTIPLE_PROBLEMATIC_JOURNEYS
C003201,Deborah,Horton,Pakistan,Standard,1,3709.47,1,0,1,0,0.0,0.0,0,0,0,0,0.0,0.0,0.0,0.0,0.0,0.0,0.0,0.0,LOW,NORMAL_CUSTOMER,NO_MAJOR_RISK_SIGNAL
C003202,Erica,Lee,Pakistan,Standard,5,13303.29,5,0,5,0,9.0,45.0,1,0,0,1,45.0,0.0,0.0,0.2,0.5,0.2,26.0,25.95,MEDIUM,LOYAL_LOW_FRICTION_CUSTOMER,NO_MAJOR_RISK_SIGNAL
C003203,Joseph,Chase,Saudi Arabia,Standard,2,5356.65,3,1,2,1,15.0,30.0,0,0,0,0,30.0,0.5,0.5,0.0,8.12,0.0,0.0,14.44,LOW,NORMAL_CUSTOMER,NO_MAJOR_RISK_SIGNAL
C003204,Robert,Long,Other,Premium,3,10639.49,3,0,3,0,28.33,45.0,2,0,0,2,45.0,0.0,0.0,0.67,1.67,0.67,65.67,38.2,MEDIUM,NORMAL_CUSTOMER,PERSISTENT_BEHAVIOR | MULTIPLE_PROBLEMATIC_JOURNEYS
C003206,Kimberly,Goodwin,United States,Standard,2,7903.86,2,0,2,0,0.0,0.0,0,0,0,0,0.0,0.0,0.0,0.0,0.0,0.0,0.0,0.0,LOW,NORMAL_CUSTOMER,NO_MAJOR_RISK_SIGNAL
C003210,Deborah,Mckinney,Pakistan,Standard,1,4263.15,1,0,1,0,0.0,0.0,0,0,0,0,0.0,0.0,0.0,0.0,0.0,0.0,0.0,0.0,LOW,NORMAL_CUSTOMER,NO_MAJOR_RISK_SIGNAL
C003212,Alan,Martin,United Kingdom,Standard,1,4361.52,2,1,1,1,30.0,30.0,0,0,0,0,30.0,1.0,1.0,0.0,16.25,0.0,0.0,16.88,LOW,NORMAL_CUSTOMER,NO_MAJOR_RISK_SIGNAL
C003213,Johnny,Taylor,Saudi Arabia,Standard,4,14159.24,5,1,4,1,7.5,30.0,0,0,0,0,30.0,0.25,0.25,0.0,4.06,0.0,0.0,13.22,LOW,LOYAL_LOW_FRICTION_CUSTOMER,NO_MAJOR_RISK_SIGNAL
C003214,Linda,Dominguez,United Kingdom,Premium,1,1963.74,1,0,1,0,0.0,0.0,0,0,0,0,0.0,0.0,0.0,0.0,0.0,0.0,0.0,0.0,LOW,NORMAL_CUSTOMER,NO_MAJOR_RISK_SIGNAL
C003215,Kevin,Carter,Saudi Arabia,Premium,1,1355.4,1,0,1,0,40.0,40.0,1,0,0,1,40.0,0.0,0.0,1.0,2.5,1.0,30.0,25.75,MEDIUM,NORMAL_CUSTOMER,NO_MAJOR_RISK_SIGNAL
C003216,Tammy,Thomas,Saudi Arabia,Standard,2,5576.12,4,2,2,2,52.5,70.0,1,1,0,1,70.0,1.0,1.0,0.5,17.5,0.5,30.0,42.25,MEDIUM,NORMAL_CUSTOMER,HIGH_SEVERITY | REPEATED_PAYMENT_FAILURES
C003217,Dawn,Robinson,Saudi Arabia,Standard,2,4006.72,2,0,2,0,0.0,0.0,0,0,0,0,0.0,0.0,0.0,0.0,0.0,0.0,0.0,0.0,LOW,NORMAL_CUSTOMER,NO_MAJOR_RISK_SIGNAL
C003218,Rodney,Goodman,Saudi Arabia,Premium,1,1963.8,2,1,1,1,30.0,30.0,0,0,0,0,30.0,1.0,1.0,0.0,16.25,0.0,0.0,16.88,LOW,NORMAL_CUSTOMER,NO_MAJOR_RISK_SIGNAL
C003219,Nicholas,Moss,United Kingdom,Standard,3,8833.72,5,2,3,2,48.33,65.0,4,1,0,3,65.0,0.67,0.67,1.33,14.17,1.0,91.0,57.55,HIGH,FRICTION_PRONE_CUSTOMER,PERSISTENT_BEHAVIOR | REPEATED_PAYMENT_FAILURES | MULTIPLE_PROBLEMATIC_JOURNEYS
C003220,Michael,Smith,United Kingdom,Standard,2,3451.0,2,0,2,0,0.0,0.0,0,0,0,0,0.0,0.0,0.0,0.0,0.0,0.0,0.0,0.0,LOW,NORMAL_CUSTOMER,NO_MAJOR_RISK_SIGNAL
C003221,Johnathan,Barber,Pakistan,Standard,2,3314.89,2,0,2,0,0.0,0.0,0,0,0,0,0.0,0.0,0.0,0.0,0.0,0.0,0.0,0.0,LOW,NORMAL_CUSTOMER,NO_MAJOR_RISK_SIGNAL
C003222,Steven,Johnston,Saudi Arabia,Standard,1,2878.22,3,2,1,2,65.0,65.0,2,1,0,1,65.0,2.0,2.0,2.0,37.5,1.0,30.0,46.25,MEDIUM,NORMAL_CUSTOMER,REPEATED_PAYMENT_FAILURES
C003223,Erica,Gregory,Saudi Arabia,Standard,2,4218.44,2,0,2,0,20.0,40.0,1,0,0,1,40.0,0.0,0.0,0.5,1.25,0.5,30.0,25.38,MEDIUM,NORMAL_CUSTOMER,NO_MAJOR_RISK_SIGNAL
C003224,Madison,Hinton,Saudi Arabia,VIP,1,2594.82,2,1,1,1,30.0,30.0,0,0,0,0,30.0,1.0,1.0,0.0,16.25,0.0,0.0,16.88,LOW,NORMAL_CUSTOMER,NO_MAJOR_RISK_SIGNAL
C003225,Randy,Hernandez,Saudi Arabia,Standard,1,983.96,2,1,1,1,80.0,80.0,1,1,1,1,80.0,1.0,1.0,1.0,18.75,1.0,30.0,46.62,MEDIUM,NORMAL_CUSTOMER,HIGH_SEVERITY | CRITICAL_JOURNEY
C003226,Curtis,Clements,Other,Standard,2,4357.73,4,2,2,2,32.5,65.0,2,1,0,1,65.0,1.0,1.0,1.0,18.75,0.5,30.0,40.62,MEDIUM,NORMAL_CUSTOMER,REPEATED_PAYMENT_FAILURES
C003227,William,Simmons,Saudi Arabia,Standard,1,3732.76,1,0,1,0,45.0,45.0,1,0,0,1,45.0,0.0,0.0,1.0,2.5,1.0,30.0,27.75,MEDIUM,NORMAL_CUSTOMER,NO_MAJOR_RISK_SIGNAL
C003228,Eileen,Skinner,United Arab Emirates,Premium,1,1049.14,1,0,1,0,40.0,40.0,1,0,0,1,40.0,0.0,0.0,1.0,2.5,1.0,30.0,25.75,MEDIUM,NORMAL_CUSTOMER,NO_MAJOR_RISK_SIGNAL
C003229,Megan,Howe,Saudi Arabia,Standard,3,10000.6,3,0,3,0,26.67,40.0,2,0,0,2,40.0,0.0,0.0,0.67,1.67,0.67,65.67,36.2,MEDIUM,NORMAL_CUSTOMER,PERSISTENT_BEHAVIOR | MULTIPLE_PROBLEMATIC_JOURNEYS
C003230,Nicholas,Davis,Saudi Arabia,Standard,2,4134.22,2,0,2,0,0.0,0.0,0,0,0,0,0.0,0.0,0.0,0.0,0.0,0.0,0.0,0.0,LOW,NORMAL_CUSTOMER,NO_MAJOR_RISK_SIGNAL
C003231,Deborah,Mccann,Pakistan,Standard,2,6166.18,2,0,2,0,0.0,0.0,0,0,0,0,0.0,0.0,0.0,0.0,0.0,0.0,0.0,0.0,LOW,NORMAL_CUSTOMER,NO_MAJOR_RISK_SIGNAL
C003233,Kenneth,Williams,Saudi Arabia,Standard,3,10043.69,4,1,3,1,25.0,75.0,1,1,0,1,75.0,0.33,0.33,0.33,6.25,0.33,30.0,40.88,MEDIUM,LOYAL_LOW_FRICTION_CUSTOMER,HIGH_SEVERITY
C003234,Daniel,Baird,Saudi Arabia,Standard,1,4313.04,1,0,1,0,0.0,0.0,0,0,0,0,0.0,0.0,0.0,0.0,0.0,0.0,0.0,0.0,LOW,NORMAL_CUSTOMER,NO_MAJOR_RISK_SIGNAL
C003235,Caleb,Santos,United Arab Emirates,Standard,3,9976.66,3,0,3,0,0.0,0.0,0,0,0,0,0.0,0.0,0.0,0.0,0.0,0.0,0.0,0.0,LOW,LOYAL_LOW_FRICTION_CUSTOMER,NO_MAJOR_RISK_SIGNAL
C003236,Vanessa,Watkins,Saudi Arabia,Standard,1,729.2,3,2,1,2,65.0,65.0,2,1,0,1,65.0,2.0,2.0,2.0,37.5,1.0,30.0,46.25,MEDIUM,NORMAL_CUSTOMER,REPEATED_PAYMENT_FAILURES
C003237,Danielle,Booker,Saudi Arabia,VIP,3,4686.83,4,1,3,1,10.0,30.0,0,0,0,0,30.0,0.33,0.33,0.0,5.42,0.0,0.0,13.63,LOW,LOYAL_LOW_FRICTION_CUSTOMER,NO_MAJOR_RISK_SIGNAL
C003238,Michelle,Sims,Other,Standard,3,6141.41,5,2,3,2,46.67,100.0,4,1,1,2,100.0,0.67,0.67,1.33,14.17,0.67,65.67,63.95,HIGH,FRICTION_PRONE_CUSTOMER,HIGH_SEVERITY | PERSISTENT_BEHAVIOR | REPEATED_PAYMENT_FAILURES | MULTIPLE_PROBLEMATIC_JOURNEYS | CRITICAL_JOURNEY
C003240,Jennifer,Johnson,Pakistan,Standard,2,4916.99,3,1,2,1,40.0,45.0,1,0,0,1,45.0,0.5,0.5,0.5,9.38,0.5,30.0,29.81,MEDIUM,NORMAL_CUSTOMER,NO_MAJOR_RISK_SIGNAL
C003241,Patricia,Allen,United Arab Emirates,Standard,2,4785.53,2,0,2,0,0.0,0.0,0,0,0,0,0.0,0.0,0.0,0.0,0.0,0.0,0.0,0.0,LOW,NORMAL_CUSTOMER,NO_MAJOR_RISK_SIGNAL
C003242,Kent,Burns,United Arab Emirates,Standard,1,1334.02,1,0,1,0,40.0,40.0,1,0,0,1,40.0,0.0,0.0,1.0,2.5,1.0,30.0,25.75,MEDIUM,NORMAL_CUSTOMER,NO_MAJOR_RISK_SIGNAL
C003243,Edward,Watts,Pakistan,Premium,3,11846.15,5,2,3,2,63.33,100.0,5,1,1,3,100.0,0.67,0.67,1.67,15.0,1.0,91.0,71.8,HIGH,FRICTION_PRONE_CUSTOMER,HIGH_SEVERITY | PERSISTENT_BEHAVIOR | REPEATED_PAYMENT_FAILURES | MULTIPLE_PROBLEMATIC_JOURNEYS | CRITICAL_JOURNEY
C003244,Kathy,Blevins,United Kingdom,Standard,4,10715.17,5,1,4,1,7.5,30.0,0,0,0,0,30.0,0.25,0.25,0.0,4.06,0.0,0.0,13.22,LOW,LOYAL_LOW_FRICTION_CUSTOMER,NO_MAJOR_RISK_SIGNAL
C003246,Linda,Bennett,Saudi Arabia,VIP,1,1678.95,2,1,1,1,30.0,30.0,0,0,0,0,30.0,1.0,1.0,0.0,16.25,0.0,0.0,16.88,LOW,NORMAL_CUSTOMER,NO_MAJOR_RISK_SIGNAL
C003247,Leah,Holt,Pakistan,Standard,1,2255.21,1,0,1,0,0.0,0.0,0,0,0,0,0.0,0.0,0.0,0.0,0.0,0.0,0.0,0.0,LOW,NORMAL_CUSTOMER,NO_MAJOR_RISK_SIGNAL
C003248,Carol,Pope,United Arab Emirates,Standard,1,4512.13,1,0,1,0,0.0,0.0,0,0,0,0,0.0,0.0,0.0,0.0,0.0,0.0,0.0,0.0,LOW,NORMAL_CUSTOMER,NO_MAJOR_RISK_SIGNAL
C003249,Donna,Barrett,Other,Standard,1,3688.02,1,0,1,0,0.0,0.0,0,0,0,0,0.0,0.0,0.0,0.0,0.0,0.0,0.0,0.0,LOW,NORMAL_CUSTOMER,NO_MAJOR_RISK_SIGNAL
C003250,Erin,Strickland,Pakistan,Premium,2,4828.25,2,0,2,0,20.0,40.0,1,0,0,1,40.0,0.0,0.0,0.5,1.25,0.5,30.0,25.38,MEDIUM,NORMAL_CUSTOMER,NO_MAJOR_RISK_SIGNAL
C003251,Jennifer,Hancock,Pakistan,Standard,2,4003.94,3,1,2,1,17.5,35.0,0,0,0,0,35.0,0.5,0.5,0.0,8.12,0.0,0.0,16.44,LOW,NORMAL_CUSTOMER,NO_MAJOR_RISK_SIGNAL
C003252,Diana,Santos,Saudi Arabia,Standard,1,4469.48,2,1,1,1,35.0,35.0,0,0,0,0,35.0,1.0,1.0,0.0,16.25,0.0,0.0,18.88,LOW,NORMAL_CUSTOMER,NO_MAJOR_RISK_SIGNAL
C003253,Whitney,Hill,Pakistan,Standard,1,1078.43,1,0,1,0,0.0,0.0,0,0,0,0,0.0,0.0,0.0,0.0,0.0,0.0,0.0,0.0,LOW,NORMAL_CUSTOMER,NO_MAJOR_RISK_SIGNAL
C003254,Jordan,Delgado,Saudi Arabia,Standard,5,16298.94,5,0,5,0,25.0,45.0,3,0,0,3,45.0,0.0,0.0,0.6,1.5,0.6,75.0,40.95,MEDIUM,NORMAL_CUSTOMER,PERSISTENT_BEHAVIOR | MULTIPLE_PROBLEMATIC_JOURNEYS
C003256,Paul,Wilson,Saudi Arabia,Standard,2,9368.63,2,0,2,0,0.0,0.0,0,0,0,0,0.0,0.0,0.0,0.0,0.0,0.0,0.0,0.0,LOW,NORMAL_CUSTOMER,NO_MAJOR_RISK_SIGNAL
C003257,Austin,Miller,United Kingdom,Standard,1,1378.73,1,0,1,0,0.0,0.0,0,0,0,0,0.0,0.0,0.0,0.0,0.0,0.0,0.0,0.0,LOW,NORMAL_CUSTOMER,NO_MAJOR_RISK_SIGNAL
C003258,Jean,Burns,Saudi Arabia,Standard,2,1422.34,2,0,2,0,20.0,40.0,1,0,0,1,40.0,0.0,0.0,0.5,1.25,0.5,30.0,25.38,MEDIUM,NORMAL_CUSTOMER,NO_MAJOR_RISK_SIGNAL
C003259,Ashley,Barnett,United Arab Emirates,Premium,3,4849.86,5,2,3,2,20.0,30.0,0,0,0,0,30.0,0.67,0.67,0.0,10.83,0.0,0.0,15.25,LOW,LOYAL_LOW_FRICTION_CUSTOMER,REPEATED_PAYMENT_FAILURES
C003260,James,Hicks,Other,Standard,4,10900.97,5,1,4,1,18.75,45.0,1,0,0,1,45.0,0.25,0.25,0.25,4.69,0.25,28.0,27.81,MEDIUM,LOYAL_LOW_FRICTION_CUSTOMER,NO_MAJOR_RISK_SIGNAL
C003261,Jessica,Johnson,Saudi Arabia,Standard,1,4408.45,1,0,1,0,0.0,0.0,0,0,0,0,0.0,0.0,0.0,0.0,0.0,0.0,0.0,0.0,LOW,NORMAL_CUSTOMER,NO_MAJOR_RISK_SIGNAL
C003262,Jeffrey,Berry,Pakistan,Standard,2,2933.25,3,1,2,1,40.0,80.0,1,1,1,1,80.0,0.5,0.5,0.5,9.38,0.5,30.0,43.81,MEDIUM,NORMAL_CUSTOMER,HIGH_SEVERITY | CRITICAL_JOURNEY
C003263,Amanda,Armstrong,United Arab Emirates,Standard,3,9973.26,3,0,3,0,0.0,0.0,0,0,0,0,0.0,0.0,0.0,0.0,0.0,0.0,0.0,0.0,LOW,LOYAL_LOW_FRICTION_CUSTOMER,NO_MAJOR_RISK_SIGNAL
C003264,Kristen,Hill,Saudi Arabia,Standard,1,4360.53,1,0,1,0,0.0,0.0,0,0,0,0,0.0,0.0,0.0,0.0,0.0,0.0,0.0,0.0,LOW,NORMAL_CUSTOMER,NO_MAJOR_RISK_SIGNAL
C003265,Rebecca,Mcgee,United States,Standard,1,4057.17,1,0,1,0,0.0,0.0,0,0,0,0,0.0,0.0,0.0,0.0,0.0,0.0,0.0,0.0,LOW,NORMAL_CUSTOMER,NO_MAJOR_RISK_SIGNAL
C003267,William,White,United Arab Emirates,Standard,3,7578.24,3,0,3,0,15.0,45.0,1,0,0,1,45.0,0.0,0.0,0.33,0.83,0.33,30.0,27.25,MEDIUM,LOYAL_LOW_FRICTION_CUSTOMER,NO_MAJOR_RISK_SIGNAL
C003268,Megan,Washington,Pakistan,Standard,4,9538.61,6,2,4,2,15.0,30.0,0,0,0,0,30.0,0.5,0.5,0.0,8.12,0.0,0.0,14.44,LOW,LOYAL_LOW_FRICTION_CUSTOMER,REPEATED_PAYMENT_FAILURES
C003269,Mary,Newman,Pakistan,Standard,1,2346.7,2,1,1,1,75.0,75.0,1,1,0,1,75.0,1.0,1.0,1.0,18.75,1.0,30.0,44.62,MEDIUM,NORMAL_CUSTOMER,HIGH_SEVERITY
C003270,Nancy,Hamilton,United Kingdom,Standard,1,1417.83,1,0,1,0,0.0,0.0,0,0,0,0,0.0,0.0,0.0,0.0,0.0,0.0,0.0,0.0,LOW,NORMAL_CUSTOMER,NO_MAJOR_RISK_SIGNAL
C003271,Howard,Duncan,Saudi Arabia,Standard,2,5489.73,4,2,2,2,30.0,30.0,0,0,0,0,30.0,1.0,1.0,0.0,16.25,0.0,0.0,16.88,LOW,NORMAL_CUSTOMER,REPEATED_PAYMENT_FAILURES
C003272,Connor,Garcia,Saudi Arabia,Standard,2,6129.69,2,0,2,0,0.0,0.0,0,0,0,0,0.0,0.0,0.0,0.0,0.0,0.0,0.0,0.0,LOW,NORMAL_CUSTOMER,NO_MAJOR_RISK_SIGNAL
C003273,David,Brown,United Kingdom,Premium,1,1466.66,1,0,1,0,40.0,40.0,1,0,0,1,40.0,0.0,0.0,1.0,2.5,1.0,30.0,25.75,MEDIUM,NORMAL_CUSTOMER,NO_MAJOR_RISK_SIGNAL
C003274,Jonathan,Stout,Pakistan,Premium,3,10631.22,6,3,3,3,31.67,65.0,2,1,0,1,65.0,1.0,1.0,0.67,17.92,0.33,30.0,40.38,MEDIUM,NORMAL_CUSTOMER,REPEATED_PAYMENT_FAILURES
C003276,Kathryn,Lopez,United States,Standard,2,3695.13,2,0,2,0,0.0,0.0,0,0,0,0,0.0,0.0,0.0,0.0,0.0,0.0,0.0,0.0,LOW,NORMAL_CUSTOMER,NO_MAJOR_RISK_SIGNAL
C003277,Isaac,Hess,United States,Standard,3,5669.59,3,0,3,0,0.0,0.0,0,0,0,0,0.0,0.0,0.0,0.0,0.0,0.0,0.0,0.0,LOW,LOYAL_LOW_FRICTION_CUSTOMER,NO_MAJOR_RISK_SIGNAL
C003278,Erin,Smith,United Arab Emirates,Standard,2,7126.86,3,1,2,1,35.0,40.0,1,0,0,1,40.0,0.5,0.5,0.5,9.38,0.5,30.0,27.81,MEDIUM,NORMAL_CUSTOMER,NO_MAJOR_RISK_SIGNAL
C003279,Matthew,Hawkins,United Arab Emirates,VIP,3,7224.88,3,0,3,0,13.33,40.0,1,0,0,1,40.0,0.0,0.0,0.33,0.83,0.33,30.0,25.25,MEDIUM,LOYAL_LOW_FRICTION_CUSTOMER,NO_MAJOR_RISK_SIGNAL
C003281,Michael,Burnett,United Arab Emirates,Standard,3,6300.01,3,0,3,0,0.0,0.0,0,0,0,0,0.0,0.0,0.0,0.0,0.0,0.0,0.0,0.0,LOW,LOYAL_LOW_FRICTION_CUSTOMER,NO_MAJOR_RISK_SIGNAL
C003282,Julie,Freeman,Saudi Arabia,Premium,3,8790.32,3,0,3,0,0.0,0.0,0,0,0,0,0.0,0.0,0.0,0.0,0.0,0.0,0.0,0.0,LOW,LOYAL_LOW_FRICTION_CUSTOMER,NO_MAJOR_RISK_SIGNAL
C003284,Kristin,Richards,Other,Standard,2,7519.31,3,1,2,1,35.0,70.0,1,1,0,1,70.0,0.5,0.5,0.5,9.38,0.5,30.0,39.81,MEDIUM,NORMAL_CUSTOMER,HIGH_SEVERITY
C003285,Mark,Reeves,United Arab Emirates,Standard,1,3721.19,1,0,1,0,0.0,0.0,0,0,0,0,0.0,0.0,0.0,0.0,0.0,0.0,0.0,0.0,LOW,NORMAL_CUSTOMER,NO_MAJOR_RISK_SIGNAL
C003286,Jorge,Tyler,Saudi Arabia,Standard,2,2790.85,3,1,2,1,15.0,30.0,0,0,0,0,30.0,0.5,0.5,0.0,8.12,0.0,0.0,14.44,LOW,NORMAL_CUSTOMER,NO_MAJOR_RISK_SIGNAL
C003288,Melissa,Mullins,United States,Premium,3,10374.14,3,0,3,0,15.0,45.0,1,0,0,1,45.0,0.0,0.0,0.33,0.83,0.33,30.0,27.25,MEDIUM,LOYAL_LOW_FRICTION_CUSTOMER,NO_MAJOR_RISK_SIGNAL
C003290,Michelle,Merritt,Saudi Arabia,Standard,1,2159.35,3,2,1,2,100.0,100.0,3,1,1,1,100.0,2.0,2.0,3.0,40.0,1.0,30.0,61.0,HIGH,FRICTION_PRONE_CUSTOMER,HIGH_SEVERITY | REPEATED_PAYMENT_FAILURES | CRITICAL_JOURNEY
C003292,Sheryl,George,Other,Standard,4,10002.23,5,1,4,1,8.75,35.0,0,0,0,0,35.0,0.25,0.25,0.0,4.06,0.0,0.0,15.22,LOW,LOYAL_LOW_FRICTION_CUSTOMER,NO_MAJOR_RISK_SIGNAL
C003293,Charles,White,United Arab Emirates,Standard,3,4664.01,5,2,3,2,33.33,100.0,3,1,1,1,100.0,0.67,0.67,1.0,13.33,0.33,30.0,53.0,HIGH,FRICTION_PRONE_CUSTOMER,HIGH_SEVERITY | REPEATED_PAYMENT_FAILURES | CRITICAL_JOURNEY
C003294,Pamela,Peters,Pakistan,Standard,3,11214.18,3,0,3,0,26.67,40.0,2,0,0,2,40.0,0.0,0.0,0.67,1.67,0.67,65.67,36.2,MEDIUM,NORMAL_CUSTOMER,PERSISTENT_BEHAVIOR | MULTIPLE_PROBLEMATIC_JOURNEYS
C003295,Vincent,Mcbride,Other,Standard,5,11184.59,5,0,5,0,8.0,40.0,1,0,0,1,40.0,0.0,0.0,0.2,0.5,0.2,26.0,23.95,LOW,LOYAL_LOW_FRICTION_CUSTOMER,NO_MAJOR_RISK_SIGNAL
C003297,Patrick,Anderson,Pakistan,Premium,1,2840.94,3,2,1,2,60.0,60.0,2,1,0,1,60.0,2.0,2.0,2.0,37.5,1.0,30.0,44.25,MEDIUM,NORMAL_CUSTOMER,REPEATED_PAYMENT_FAILURES
C003299,Brian,Martin,United Arab Emirates,Standard,1,688.38,3,2,1,2,65.0,65.0,2,1,0,1,65.0,2.0,2.0,2.0,37.5,1.0,30.0,46.25,MEDIUM,NORMAL_CUSTOMER,REPEATED_PAYMENT_FAILURES
C003301,Derrick,York,United Arab Emirates,Premium,3,8049.86,3,0,3,0,13.33,40.0,1,0,0,1,40.0,0.0,0.0,0.33,0.83,0.33,30.0,25.25,MEDIUM,LOYAL_LOW_FRICTION_CUSTOMER,NO_MAJOR_RISK_SIGNAL
C003302,James,Johnson,Other,Standard,2,7092.52,2,0,2,0,0.0,0.0,0,0,0,0,0.0,0.0,0.0,0.0,0.0,0.0,0.0,0.0,LOW,NORMAL_CUSTOMER,NO_MAJOR_RISK_SIGNAL
C003303,Robert,Whitney,Pakistan,Premium,3,8581.77,6,3,3,3,46.67,60.0,3,1,0,2,60.0,1.0,1.0,1.0,18.75,0.67,65.67,49.33,HIGH,FRICTION_PRONE_CUSTOMER,PERSISTENT_BEHAVIOR | REPEATED_PAYMENT_FAILURES | MULTIPLE_PROBLEMATIC_JOURNEYS
C003304,Ashley,Hunter,United Arab Emirates,Standard,1,4023.06,1,0,1,0,0.0,0.0,0,0,0,0,0.0,0.0,0.0,0.0,0.0,0.0,0.0,0.0,LOW,NORMAL_CUSTOMER,NO_MAJOR_RISK_SIGNAL
C003305,Rebecca,Cox,Saudi Arabia,Premium,2,4289.53,4,2,2,2,32.5,65.0,2,1,0,1,65.0,1.0,1.0,1.0,18.75,0.5,30.0,40.62,MEDIUM,NORMAL_CUSTOMER,REPEATED_PAYMENT_FAILURES
C003307,Leslie,Henderson,United Arab Emirates,Premium,3,5095.75,3,0,3,0,13.33,40.0,1,0,0,1,40.0,0.0,0.0,0.33,0.83,0.33,30.0,25.25,MEDIUM,LOYAL_LOW_FRICTION_CUSTOMER,NO_MAJOR_RISK_SIGNAL
C003309,Kimberly,Smith,United Arab Emirates,Standard,3,10655.61,3,0,3,0,13.33,40.0,1,0,0,1,40.0,0.0,0.0,0.33,0.83,0.33,30.0,25.25,MEDIUM,LOYAL_LOW_FRICTION_CUSTOMER,NO_MAJOR_RISK_SIGNAL
C003310,Tony,Turner,United Arab Emirates,Standard,3,6109.55,3,0,3,0,13.33,40.0,1,0,0,1,40.0,0.0,0.0,0.33,0.83,0.33,30.0,25.25,MEDIUM,LOYAL_LOW_FRICTION_CUSTOMER,NO_MAJOR_RISK_SIGNAL
C003311,Crystal,Shah,United Kingdom,Standard,3,10454.84,3,0,3,0,13.33,40.0,1,0,0,1,40.0,0.0,0.0,0.33,0.83,0.33,30.0,25.25,MEDIUM,LOYAL_LOW_FRICTION_CUSTOMER,NO_MAJOR_RISK_SIGNAL
C003312,Gregory,Stone,United Kingdom,Premium,1,2602.63,1,0,1,0,0.0,0.0,0,0,0,0,0.0,0.0,0.0,0.0,0.0,0.0,0.0,0.0,LOW,NORMAL_CUSTOMER,NO_MAJOR_RISK_SIGNAL
C003314,Adam,Hopkins,Saudi Arabia,Standard,1,1529.65,2,1,1,1,70.0,70.0,1,1,0,1,70.0,1.0,1.0,1.0,18.75,1.0,30.0,42.62,MEDIUM,NORMAL_CUSTOMER,HIGH_SEVERITY
C003315,Joshua,Wallace,Saudi Arabia,Standard,1,581.3,3,2,1,2,100.0,100.0,3,1,1,1,100.0,2.0,2.0,3.0,40.0,1.0,30.0,61.0,HIGH,FRICTION_PRONE_CUSTOMER,HIGH_SEVERITY | REPEATED_PAYMENT_FAILURES | CRITICAL_JOURNEY
C003318,Kathy,Mills,Saudi Arabia,Standard,1,2506.81,1,0,1,0,45.0,45.0,1,0,0,1,45.0,0.0,0.0,1.0,2.5,1.0,30.0,27.75,MEDIUM,NORMAL_CUSTOMER,NO_MAJOR_RISK_SIGNAL
C003319,Tracy,Andersen,United States,Premium,3,7844.03,4,1,3,1,10.0,30.0,0,0,0,0,30.0,0.33,0.33,0.0,5.42,0.0,0.0,13.63,LOW,LOYAL_LOW_FRICTION_CUSTOMER,NO_MAJOR_RISK_SIGNAL
C003320,Kathryn,Bell,United States,Standard,1,1502.42,2,1,1,1,70.0,70.0,1,1,0,1,70.0,1.0,1.0,1.0,18.75,1.0,30.0,42.62,MEDIUM,NORMAL_CUSTOMER,HIGH_SEVERITY
C003321,Christopher,Medina,Pakistan,Standard,1,750.08,1,0,1,0,0.0,0.0,0,0,0,0,0.0,0.0,0.0,0.0,0.0,0.0,0.0,0.0,LOW,NORMAL_CUSTOMER,NO_MAJOR_RISK_SIGNAL
C003322,Christina,Clark,Saudi Arabia,Standard,1,2102.53,1,0,1,0,0.0,0.0,0,0,0,0,0.0,0.0,0.0,0.0,0.0,0.0,0.0,0.0,LOW,NORMAL_CUSTOMER,NO_MAJOR_RISK_SIGNAL
C003323,Cynthia,Garcia,United States,Premium,1,3014.14,1,0,1,0,0.0,0.0,0,0,0,0,0.0,0.0,0.0,0.0,0.0,0.0,0.0,0.0,LOW,NORMAL_CUSTOMER,NO_MAJOR_RISK_SIGNAL
C003324,Richard,Weiss,Pakistan,Standard,1,4450.78,1,0,1,0,0.0,0.0,0,0,0,0,0.0,0.0,0.0,0.0,0.0,0.0,0.0,0.0,LOW,NORMAL_CUSTOMER,NO_MAJOR_RISK_SIGNAL
C003325,Tammy,Young,United States,Standard,3,11082.38,3,0,3,0,13.33,40.0,1,0,0,1,40.0,0.0,0.0,0.33,0.83,0.33,30.0,25.25,MEDIUM,LOYAL_LOW_FRICTION_CUSTOMER,NO_MAJOR_RISK_SIGNAL
C003326,Patrick,Lopez,United States,Standard,1,1715.92,1,0,1,0,0.0,0.0,0,0,0,0,0.0,0.0,0.0,0.0,0.0,0.0,0.0,0.0,LOW,NORMAL_CUSTOMER,NO_MAJOR_RISK_SIGNAL
C003327,Benjamin,Evans,United States,Standard,2,6549.87,2,0,2,0,0.0,0.0,0,0,0,0,0.0,0.0,0.0,0.0,0.0,0.0,0.0,0.0,LOW,NORMAL_CUSTOMER,NO_MAJOR_RISK_SIGNAL
C003328,James,Wall,Pakistan,Standard,2,4004.19,2,0,2,0,42.5,45.0,2,0,0,2,45.0,0.0,0.0,1.0,2.5,1.0,79.0,42.45,MEDIUM,NORMAL_CUSTOMER,PERSISTENT_BEHAVIOR | MULTIPLE_PROBLEMATIC_JOURNEYS
C003330,Alexis,Guzman,United Kingdom,Standard,2,4346.77,3,1,2,1,35.0,40.0,1,0,0,1,40.0,0.5,0.5,0.5,9.38,0.5,30.0,27.81,MEDIUM,NORMAL_CUSTOMER,NO_MAJOR_RISK_SIGNAL
C003331,Marco,Robinson,Pakistan,Standard,1,1693.83,1,0,1,0,0.0,0.0,0,0,0,0,0.0,0.0,0.0,0.0,0.0,0.0,0.0,0.0,LOW,NORMAL_CUSTOMER,NO_MAJOR_RISK_SIGNAL
C003332,Martha,Howard,United Kingdom,Standard,2,5716.72,2,0,2,0,20.0,40.0,1,0,0,1,40.0,0.0,0.0,0.5,1.25,0.5,30.0,25.38,MEDIUM,NORMAL_CUSTOMER,NO_MAJOR_RISK_SIGNAL
C003333,James,Anderson,Saudi Arabia,Standard,1,2062.29,1,0,1,0,0.0,0.0,0,0,0,0,0.0,0.0,0.0,0.0,0.0,0.0,0.0,0.0,LOW,NORMAL_CUSTOMER,NO_MAJOR_RISK_SIGNAL
C003334,Erica,Dean,Saudi Arabia,Standard,1,3794.41,1,0,1,0,0.0,0.0,0,0,0,0,0.0,0.0,0.0,0.0,0.0,0.0,0.0,0.0,LOW,NORMAL_CUSTOMER,NO_MAJOR_RISK_SIGNAL
C003336,John,Scott,United Kingdom,Standard,1,712.13,3,2,1,2,65.0,65.0,2,1,0,1,65.0,2.0,2.0,2.0,37.5,1.0,30.0,46.25,MEDIUM,NORMAL_CUSTOMER,REPEATED_PAYMENT_FAILURES
C003337,Heather,James,Other,Standard,2,6104.17,3,1,2,1,17.5,35.0,0,0,0,0,35.0,0.5,0.5,0.0,8.12,0.0,0.0,16.44,LOW,NORMAL_CUSTOMER,NO_MAJOR_RISK_SIGNAL
C003338,Maxwell,Mckee,United States,Standard,1,1999.06,1,0,1,0,0.0,0.0,0,0,0,0,0.0,0.0,0.0,0.0,0.0,0.0,0.0,0.0,LOW,NORMAL_CUSTOMER,NO_MAJOR_RISK_SIGNAL
C003339,David,Ross,Pakistan,Premium,3,10535.45,3,0,3,0,13.33,40.0,1,0,0,1,40.0,0.0,0.0,0.33,0.83,0.33,30.0,25.25,MEDIUM,LOYAL_LOW_FRICTION_CUSTOMER,NO_MAJOR_RISK_SIGNAL
C003340,Patrick,Miller,United Kingdom,Standard,3,10873.87,4,1,3,1,10.0,30.0,0,0,0,0,30.0,0.33,0.33,0.0,5.42,0.0,0.0,13.63,LOW,LOYAL_LOW_FRICTION_CUSTOMER,NO_MAJOR_RISK_SIGNAL
C003341,Brianna,King,Other,Standard,2,6461.25,3,1,2,1,37.5,75.0,1,1,0,1,75.0,0.5,0.5,0.5,9.38,0.5,30.0,41.81,MEDIUM,NORMAL_CUSTOMER,HIGH_SEVERITY
C003342,Gary,Coleman,Pakistan,Standard,1,4248.13,1,0,1,0,0.0,0.0,0,0,0,0,0.0,0.0,0.0,0.0,0.0,0.0,0.0,0.0,LOW,NORMAL_CUSTOMER,NO_MAJOR_RISK_SIGNAL
C003343,Madison,Neal,Pakistan,VIP,5,13163.39,6,1,5,1,15.0,45.0,1,0,0,1,45.0,0.2,0.2,0.2,3.75,0.2,26.0,26.92,MEDIUM,LOYAL_LOW_FRICTION_CUSTOMER,NO_MAJOR_RISK_SIGNAL
C003344,Kenneth,Herrera,Saudi Arabia,Standard,2,2390.69,4,2,2,2,32.5,65.0,2,1,0,1,65.0,1.0,1.0,1.0,18.75,0.5,30.0,40.62,MEDIUM,NORMAL_CUSTOMER,REPEATED_PAYMENT_FAILURES
C003345,Kelly,Jones,United Arab Emirates,Standard,1,4938.21,1,0,1,0,40.0,40.0,1,0,0,1,40.0,0.0,0.0,1.0,2.5,1.0,30.0,25.75,MEDIUM,NORMAL_CUSTOMER,NO_MAJOR_RISK_SIGNAL
C003346,Jessica,Oconnor,United Kingdom,Premium,2,4721.51,4,2,2,2,50.0,100.0,3,1,1,1,100.0,1.0,1.0,1.5,20.0,0.5,30.0,55.0,HIGH,FRICTION_PRONE_CUSTOMER,HIGH_SEVERITY | REPEATED_PAYMENT_FAILURES | CRITICAL_JOURNEY
C003347,Caitlyn,Cowan,Saudi Arabia,Standard,2,2372.43,3,1,2,1,15.0,30.0,0,0,0,0,30.0,0.5,0.5,0.0,8.12,0.0,0.0,14.44,LOW,NORMAL_CUSTOMER,NO_MAJOR_RISK_SIGNAL
C003348,Matthew,Terry,Saudi Arabia,Standard,2,7650.81,2,0,2,0,0.0,0.0,0,0,0,0,0.0,0.0,0.0,0.0,0.0,0.0,0.0,0.0,LOW,NORMAL_CUSTOMER,NO_MAJOR_RISK_SIGNAL
C003349,Pamela,Lee,United Arab Emirates,Standard,2,5192.53,2,0,2,0,0.0,0.0,0,0,0,0,0.0,0.0,0.0,0.0,0.0,0.0,0.0,0.0,LOW,NORMAL_CUSTOMER,NO_MAJOR_RISK_SIGNAL
C003351,Matthew,Sandoval,Saudi Arabia,Standard,1,1040.1,1,0,1,0,0.0,0.0,0,0,0,0,0.0,0.0,0.0,0.0,0.0,0.0,0.0,0.0,LOW,NORMAL_CUSTOMER,NO_MAJOR_RISK_SIGNAL
C003352,Rachel,Hoover,United Arab Emirates,VIP,1,4112.02,2,1,1,1,35.0,35.0,0,0,0,0,35.0,1.0,1.0,0.0,16.25,0.0,0.0,18.88,LOW,NORMAL_CUSTOMER,NO_MAJOR_RISK_SIGNAL
C003355,Stacy,Hernandez,Saudi Arabia,Standard,3,9534.39,6,3,3,3,43.33,95.0,3,1,1,1,95.0,1.0,1.0,1.0,18.75,0.33,30.0,52.62,HIGH,FRICTION_PRONE_CUSTOMER,HIGH_SEVERITY | REPEATED_PAYMENT_FAILURES | CRITICAL_JOURNEY
C003357,Richard,Hamilton,United Kingdom,Standard,2,5480.46,2,0,2,0,0.0,0.0,0,0,0,0,0.0,0.0,0.0,0.0,0.0,0.0,0.0,0.0,LOW,NORMAL_CUSTOMER,NO_MAJOR_RISK_SIGNAL
C003358,Jeremy,Johnson,United Arab Emirates,Standard,2,8408.17,2,0,2,0,20.0,40.0,1,0,0,1,40.0,0.0,0.0,0.5,1.25,0.5,30.0,25.38,MEDIUM,NORMAL_CUSTOMER,NO_MAJOR_RISK_SIGNAL
C003359,Jessica,Munoz,United States,Standard,1,3106.13,1,0,1,0,0.0,0.0,0,0,0,0,0.0,0.0,0.0,0.0,0.0,0.0,0.0,0.0,LOW,NORMAL_CUSTOMER,NO_MAJOR_RISK_SIGNAL
C003360,David,Jones,United Kingdom,Standard,4,12165.5,5,1,4,1,7.5,30.0,0,0,0,0,30.0,0.25,0.25,0.0,4.06,0.0,0.0,13.22,LOW,LOYAL_LOW_FRICTION_CUSTOMER,NO_MAJOR_RISK_SIGNAL
C003361,Jessica,Martinez,United States,Standard,1,1458.16,1,0,1,0,40.0,40.0,1,0,0,1,40.0,0.0,0.0,1.0,2.5,1.0,30.0,25.75,MEDIUM,NORMAL_CUSTOMER,NO_MAJOR_RISK_SIGNAL
C003362,Brittany,Rodriguez,Saudi Arabia,Standard,2,5346.86,3,1,2,1,40.0,45.0,1,0,0,1,45.0,0.5,0.5,0.5,9.38,0.5,30.0,29.81,MEDIUM,NORMAL_CUSTOMER,NO_MAJOR_RISK_SIGNAL
C003363,Gary,Kelley,United Kingdom,VIP,2,6722.97,2,0,2,0,20.0,40.0,1,0,0,1,40.0,0.0,0.0,0.5,1.25,0.5,30.0,25.38,MEDIUM,NORMAL_CUSTOMER,NO_MAJOR_RISK_SIGNAL
C003364,Michael,Jones,Saudi Arabia,Standard,2,7035.1,2,0,2,0,0.0,0.0,0,0,0,0,0.0,0.0,0.0,0.0,0.0,0.0,0.0,0.0,LOW,NORMAL_CUSTOMER,NO_MAJOR_RISK_SIGNAL
C003365,Debra,Bowman,Other,Standard,3,7288.46,3,0,3,0,15.0,45.0,1,0,0,1,45.0,0.0,0.0,0.33,0.83,0.33,30.0,27.25,MEDIUM,LOYAL_LOW_FRICTION_CUSTOMER,NO_MAJOR_RISK_SIGNAL
C003366,Benjamin,Cox,Pakistan,Standard,1,4310.41,1,0,1,0,0.0,0.0,0,0,0,0,0.0,0.0,0.0,0.0,0.0,0.0,0.0,0.0,LOW,NORMAL_CUSTOMER,NO_MAJOR_RISK_SIGNAL
C003367,Nancy,Cook,United Arab Emirates,Standard,1,1277.85,1,0,1,0,0.0,0.0,0,0,0,0,0.0,0.0,0.0,0.0,0.0,0.0,0.0,0.0,LOW,NORMAL_CUSTOMER,NO_MAJOR_RISK_SIGNAL
C003368,Jonathan,Nelson,Saudi Arabia,Standard,4,10089.23,8,4,4,4,41.25,70.0,3,2,0,2,70.0,1.0,1.0,0.75,18.12,0.5,59.0,51.14,HIGH,FRICTION_PRONE_CUSTOMER,HIGH_SEVERITY | PERSISTENT_BEHAVIOR | REPEATED_PAYMENT_FAILURES | MULTIPLE_PROBLEMATIC_JOURNEYS
C003369,Amanda,Melton,Saudi Arabia,Standard,3,9865.44,4,1,3,1,10.0,30.0,0,0,0,0,30.0,0.33,0.33,0.0,5.42,0.0,0.0,13.63,LOW,LOYAL_LOW_FRICTION_CUSTOMER,NO_MAJOR_RISK_SIGNAL
C003370,Brandon,Perez,United Kingdom,Standard,2,6601.42,2,0,2,0,0.0,0.0,0,0,0,0,0.0,0.0,0.0,0.0,0.0,0.0,0.0,0.0,LOW,NORMAL_CUSTOMER,NO_MAJOR_RISK_SIGNAL
C003371,Virginia,Smith,Saudi Arabia,Standard,1,838.85,1,0,1,0,0.0,0.0,0,0,0,0,0.0,0.0,0.0,0.0,0.0,0.0,0.0,0.0,LOW,NORMAL_CUSTOMER,NO_MAJOR_RISK_SIGNAL
C003372,Ebony,Bennett,Pakistan,Premium,2,5485.62,2,0,2,0,0.0,0.0,0,0,0,0,0.0,0.0,0.0,0.0,0.0,0.0,0.0,0.0,LOW,NORMAL_CUSTOMER,NO_MAJOR_RISK_SIGNAL
C003373,Desiree,Novak,Saudi Arabia,Standard,1,1359.36,1,0,1,0,0.0,0.0,0,0,0,0,0.0,0.0,0.0,0.0,0.0,0.0,0.0,0.0,LOW,NORMAL_CUSTOMER,NO_MAJOR_RISK_SIGNAL
C003374,Andrew,Gray,United Kingdom,Standard,4,9928.66,4,0,4,0,20.0,40.0,2,0,0,2,40.0,0.0,0.0,0.5,1.25,0.5,59.0,34.08,MEDIUM,NORMAL_CUSTOMER,PERSISTENT_BEHAVIOR | MULTIPLE_PROBLEMATIC_JOURNEYS
C003375,Hannah,Garcia,United States,Standard,4,10097.84,5,1,4,1,28.75,45.0,2,0,0,2,45.0,0.25,0.25,0.5,5.31,0.5,59.0,37.29,MEDIUM,NORMAL_CUSTOMER,PERSISTENT_BEHAVIOR | MULTIPLE_PROBLEMATIC_JOURNEYS
C003377,Omar,Thompson,United States,Premium,2,5020.45,3,1,2,1,15.0,30.0,0,0,0,0,30.0,0.5,0.5,0.0,8.12,0.0,0.0,14.44,LOW,NORMAL_CUSTOMER,NO_MAJOR_RISK_SIGNAL
C003378,Amy,Chandler,Saudi Arabia,Standard,1,1202.22,2,1,1,1,35.0,35.0,0,0,0,0,35.0,1.0,1.0,0.0,16.25,0.0,0.0,18.88,LOW,NORMAL_CUSTOMER,NO_MAJOR_RISK_SIGNAL
C003381,Heather,Burns,United Arab Emirates,Premium,2,3906.9,2,0,2,0,0.0,0.0,0,0,0,0,0.0,0.0,0.0,0.0,0.0,0.0,0.0,0.0,LOW,NORMAL_CUSTOMER,NO_MAJOR_RISK_SIGNAL
C003382,Crystal,Rice,United Arab Emirates,Standard,1,3933.58,2,1,1,1,30.0,30.0,0,0,0,0,30.0,1.0,1.0,0.0,16.25,0.0,0.0,16.88,LOW,NORMAL_CUSTOMER,NO_MAJOR_RISK_SIGNAL
C003383,Kevin,Graves,Saudi Arabia,Premium,2,4722.24,3,1,2,1,40.0,45.0,1,0,0,1,45.0,0.5,0.5,0.5,9.38,0.5,30.0,29.81,MEDIUM,NORMAL_CUSTOMER,NO_MAJOR_RISK_SIGNAL
C003384,Dorothy,Grimes,Saudi Arabia,Standard,1,839.37,2,1,1,1,30.0,30.0,0,0,0,0,30.0,1.0,1.0,0.0,16.25,0.0,0.0,16.88,LOW,NORMAL_CUSTOMER,NO_MAJOR_RISK_SIGNAL
C003385,Elaine,Arnold,Saudi Arabia,Premium,2,8547.88,4,2,2,2,47.5,95.0,3,1,1,1,95.0,1.0,1.0,1.5,20.0,0.5,30.0,53.0,HIGH,FRICTION_PRONE_CUSTOMER,HIGH_SEVERITY | REPEATED_PAYMENT_FAILURES | CRITICAL_JOURNEY
C003386,Joseph,Lawson,Other,Premium,5,17437.9,8,3,5,3,36.0,65.0,4,1,0,3,65.0,0.6,0.6,0.8,11.75,0.6,75.0,52.02,HIGH,FRICTION_PRONE_CUSTOMER,PERSISTENT_BEHAVIOR | REPEATED_PAYMENT_FAILURES | MULTIPLE_PROBLEMATIC_JOURNEYS
C003387,Catherine,Mosley,Saudi Arabia,Standard,1,696.65,3,2,1,2,65.0,65.0,2,1,0,1,65.0,2.0,2.0,2.0,37.5,1.0,30.0,46.25,MEDIUM,NORMAL_CUSTOMER,REPEATED_PAYMENT_FAILURES
C003388,Derrick,Jackson,Pakistan,Standard,1,3977.01,1,0,1,0,0.0,0.0,0,0,0,0,0.0,0.0,0.0,0.0,0.0,0.0,0.0,0.0,LOW,NORMAL_CUSTOMER,NO_MAJOR_RISK_SIGNAL
C003389,Maria,Potts,Saudi Arabia,Standard,3,10490.67,4,1,3,1,23.33,70.0,1,1,0,1,70.0,0.33,0.33,0.33,6.25,0.33,30.0,38.88,MEDIUM,LOYAL_LOW_FRICTION_CUSTOMER,HIGH_SEVERITY
C003390,Daniel,Price,United Kingdom,Standard,3,8845.66,6,3,3,3,43.33,100.0,3,1,1,1,100.0,1.0,1.0,1.0,18.75,0.33,30.0,54.62,HIGH,FRICTION_PRONE_CUSTOMER,HIGH_SEVERITY | REPEATED_PAYMENT_FAILURES | CRITICAL_JOURNEY
C003391,Jennifer,Reed,United Arab Emirates,Standard,2,5798.65,2,0,2,0,42.5,45.0,2,0,0,2,45.0,0.0,0.0,1.0,2.5,1.0,79.0,42.45,MEDIUM,NORMAL_CUSTOMER,PERSISTENT_BEHAVIOR | MULTIPLE_PROBLEMATIC_JOURNEYS
C003392,David,Figueroa,Other,Standard,2,4280.03,3,1,2,1,15.0,30.0,0,0,0,0,30.0,0.5,0.5,0.0,8.12,0.0,0.0,14.44,LOW,NORMAL_CUSTOMER,NO_MAJOR_RISK_SIGNAL
C003393,Daniel,Faulkner,Other,Standard,1,3276.18,1,0,1,0,40.0,40.0,1,0,0,1,40.0,0.0,0.0,1.0,2.5,1.0,30.0,25.75,MEDIUM,NORMAL_CUSTOMER,NO_MAJOR_RISK_SIGNAL
C003395,James,Wheeler,Other,Standard,2,8732.76,2,0,2,0,20.0,40.0,1,0,0,1,40.0,0.0,0.0,0.5,1.25,0.5,30.0,25.38,MEDIUM,NORMAL_CUSTOMER,NO_MAJOR_RISK_SIGNAL
C003396,James,Atkinson,Other,Standard,2,7714.33,2,0,2,0,20.0,40.0,1,0,0,1,40.0,0.0,0.0,0.5,1.25,0.5,30.0,25.38,MEDIUM,NORMAL_CUSTOMER,NO_MAJOR_RISK_SIGNAL
C003397,Jose,Woods,United States,Standard,1,3334.3,1,0,1,0,40.0,40.0,1,0,0,1,40.0,0.0,0.0,1.0,2.5,1.0,30.0,25.75,MEDIUM,NORMAL_CUSTOMER,NO_MAJOR_RISK_SIGNAL
C003398,Alexandra,Anderson,United States,Premium,2,6295.42,5,3,2,3,45.0,60.0,2,1,0,1,60.0,1.5,1.5,1.0,26.88,0.5,30.0,41.06,MEDIUM,NORMAL_CUSTOMER,REPEATED_PAYMENT_FAILURES
C003399,James,Smith,Saudi Arabia,Premium,4,14404.41,4,0,4,0,20.0,40.0,2,0,0,2,40.0,0.0,0.0,0.5,1.25,0.5,59.0,34.08,MEDIUM,NORMAL_CUSTOMER,PERSISTENT_BEHAVIOR | MULTIPLE_PROBLEMATIC_JOURNEYS
C003402,Benjamin,Martinez,Saudi Arabia,Standard,3,9545.85,4,1,3,1,25.0,45.0,1,0,0,1,45.0,0.33,0.33,0.33,6.25,0.33,30.0,28.88,MEDIUM,LOYAL_LOW_FRICTION_CUSTOMER,NO_MAJOR_RISK_SIGNAL
C003403,Tyler,Gray,Other,Standard,2,2496.25,2,0,2,0,22.5,45.0,1,0,0,1,45.0,0.0,0.0,0.5,1.25,0.5,30.0,27.38,MEDIUM,NORMAL_CUSTOMER,NO_MAJOR_RISK_SIGNAL
C003404,Jared,Moss,United Arab Emirates,Standard,2,6732.0,4,2,2,2,32.5,65.0,2,1,0,1,65.0,1.0,1.0,1.0,18.75,0.5,30.0,40.62,MEDIUM,NORMAL_CUSTOMER,REPEATED_PAYMENT_FAILURES
C003407,Aaron,Villegas,Other,Premium,4,8992.44,7,3,4,3,33.75,60.0,3,1,0,2,60.0,0.75,0.75,0.75,14.06,0.5,59.0,45.92,MEDIUM,NORMAL_CUSTOMER,PERSISTENT_BEHAVIOR | REPEATED_PAYMENT_FAILURES | MULTIPLE_PROBLEMATIC_JOURNEYS
C003408,Emily,Zimmerman,Other,Standard,3,7938.06,4,1,3,1,23.33,40.0,1,0,0,1,40.0,0.33,0.33,0.33,6.25,0.33,30.0,26.88,MEDIUM,LOYAL_LOW_FRICTION_CUSTOMER,NO_MAJOR_RISK_SIGNAL
C003409,Rebecca,Wright,Saudi Arabia,Standard,2,5462.94,2,0,2,0,0.0,0.0,0,0,0,0,0.0,0.0,0.0,0.0,0.0,0.0,0.0,0.0,LOW,NORMAL_CUSTOMER,NO_MAJOR_RISK_SIGNAL
C003410,Mary,Franklin,Saudi Arabia,Premium,1,2399.02,1,0,1,0,0.0,0.0,0,0,0,0,0.0,0.0,0.0,0.0,0.0,0.0,0.0,0.0,LOW,NORMAL_CUSTOMER,NO_MAJOR_RISK_SIGNAL
C003411,Elizabeth,Mann,United Arab Emirates,Standard,1,2336.41,1,0,1,0,0.0,0.0,0,0,0,0,0.0,0.0,0.0,0.0,0.0,0.0,0.0,0.0,LOW,NORMAL_CUSTOMER,NO_MAJOR_RISK_SIGNAL
C003415,Jennifer,Shaw,United States,Standard,4,13695.31,4,0,4,0,10.0,40.0,1,0,0,1,40.0,0.0,0.0,0.25,0.62,0.25,28.0,24.59,MEDIUM,LOYAL_LOW_FRICTION_CUSTOMER,NO_MAJOR_RISK_SIGNAL
C003416,Craig,Hill,Pakistan,Standard,2,5693.5,2,0,2,0,0.0,0.0,0,0,0,0,0.0,0.0,0.0,0.0,0.0,0.0,0.0,0.0,LOW,NORMAL_CUSTOMER,NO_MAJOR_RISK_SIGNAL
C003417,Jonathan,Patterson,United Arab Emirates,Standard,2,6036.18,2,0,2,0,0.0,0.0,0,0,0,0,0.0,0.0,0.0,0.0,0.0,0.0,0.0,0.0,LOW,NORMAL_CUSTOMER,NO_MAJOR_RISK_SIGNAL
C003418,Jerry,David,United Kingdom,Standard,2,3139.88,4,2,2,2,50.0,100.0,3,1,1,1,100.0,1.0,1.0,1.5,20.0,0.5,30.0,55.0,HIGH,FRICTION_PRONE_CUSTOMER,HIGH_SEVERITY | REPEATED_PAYMENT_FAILURES | CRITICAL_JOURNEY
C003420,Kenneth,Cervantes,Saudi Arabia,Standard,2,4412.65,2,0,2,0,20.0,40.0,1,0,0,1,40.0,0.0,0.0,0.5,1.25,0.5,30.0,25.38,MEDIUM,NORMAL_CUSTOMER,NO_MAJOR_RISK_SIGNAL
C003421,Steven,Torres,United States,Standard,2,6032.44,3,1,2,1,37.5,75.0,1,1,0,1,75.0,0.5,0.5,0.5,9.38,0.5,30.0,41.81,MEDIUM,NORMAL_CUSTOMER,HIGH_SEVERITY
C003422,Cory,Hodge,Pakistan,Standard,2,3864.26,2,0,2,0,0.0,0.0,0,0,0,0,0.0,0.0,0.0,0.0,0.0,0.0,0.0,0.0,LOW,NORMAL_CUSTOMER,NO_MAJOR_RISK_SIGNAL
C003424,Benjamin,Russell,Saudi Arabia,Standard,2,7015.49,2,0,2,0,20.0,40.0,1,0,0,1,40.0,0.0,0.0,0.5,1.25,0.5,30.0,25.38,MEDIUM,NORMAL_CUSTOMER,NO_MAJOR_RISK_SIGNAL
C003426,Laurie,Davis,Pakistan,Standard,1,4759.29,1,0,1,0,45.0,45.0,1,0,0,1,45.0,0.0,0.0,1.0,2.5,1.0,30.0,27.75,MEDIUM,NORMAL_CUSTOMER,NO_MAJOR_RISK_SIGNAL
C003427,Larry,Miller,Pakistan,Standard,7,14124.79,10,3,7,3,25.0,100.0,4,1,1,2,100.0,0.43,0.43,0.57,8.39,0.29,50.43,57.65,HIGH,FRICTION_PRONE_CUSTOMER,HIGH_SEVERITY | PERSISTENT_BEHAVIOR | REPEATED_PAYMENT_FAILURES | MULTIPLE_PROBLEMATIC_JOURNEYS | CRITICAL_JOURNEY
C003428,Joanna,Blair,Pakistan,Standard,2,4563.95,3,1,2,1,15.0,30.0,0,0,0,0,30.0,0.5,0.5,0.0,8.12,0.0,0.0,14.44,LOW,NORMAL_CUSTOMER,NO_MAJOR_RISK_SIGNAL
C003429,Cody,Duffy,Other,Standard,1,3041.67,2,1,1,1,30.0,30.0,0,0,0,0,30.0,1.0,1.0,0.0,16.25,0.0,0.0,16.88,LOW,NORMAL_CUSTOMER,NO_MAJOR_RISK_SIGNAL
C003431,Brandon,Brown,Pakistan,Premium,3,4022.57,3,0,3,0,26.67,40.0,2,0,0,2,40.0,0.0,0.0,0.67,1.67,0.67,65.67,36.2,MEDIUM,NORMAL_CUSTOMER,PERSISTENT_BEHAVIOR | MULTIPLE_PROBLEMATIC_JOURNEYS
C003432,Melissa,Paul,Other,Standard,2,9509.95,3,1,2,1,15.0,30.0,0,0,0,0,30.0,0.5,0.5,0.0,8.12,0.0,0.0,14.44,LOW,NORMAL_CUSTOMER,NO_MAJOR_RISK_SIGNAL
C003433,Elizabeth,Spencer,United States,Premium,3,7824.35,3,0,3,0,13.33,40.0,1,0,0,1,40.0,0.0,0.0,0.33,0.83,0.33,30.0,25.25,MEDIUM,LOYAL_LOW_FRICTION_CUSTOMER,NO_MAJOR_RISK_SIGNAL
C003436,Samuel,Hayden,United Arab Emirates,Standard,3,6569.24,4,1,3,1,38.33,40.0,2,0,0,2,40.0,0.33,0.33,0.67,7.08,0.67,65.67,37.83,MEDIUM,NORMAL_CUSTOMER,PERSISTENT_BEHAVIOR | MULTIPLE_PROBLEMATIC_JOURNEYS
C003437,Christy,Coleman,Saudi Arabia,Standard,1,3321.37,2,1,1,1,80.0,80.0,1,1,1,1,80.0,1.0,1.0,1.0,18.75,1.0,30.0,46.62,MEDIUM,NORMAL_CUSTOMER,HIGH_SEVERITY | CRITICAL_JOURNEY
C003439,Christopher,Cross,Other,Standard,3,10312.89,6,3,3,3,43.33,100.0,3,1,1,1,100.0,1.0,1.0,1.0,18.75,0.33,30.0,54.62,HIGH,FRICTION_PRONE_CUSTOMER,HIGH_SEVERITY | REPEATED_PAYMENT_FAILURES | CRITICAL_JOURNEY
C003440,Lisa,Castillo,Other,Standard,1,4737.81,1,0,1,0,0.0,0.0,0,0,0,0,0.0,0.0,0.0,0.0,0.0,0.0,0.0,0.0,LOW,NORMAL_CUSTOMER,NO_MAJOR_RISK_SIGNAL
C003441,Ian,Robertson,United Arab Emirates,Standard,4,10725.51,6,2,4,2,25.0,40.0,1,0,0,1,40.0,0.5,0.5,0.25,8.75,0.25,28.0,27.02,MEDIUM,LOYAL_LOW_FRICTION_CUSTOMER,REPEATED_PAYMENT_FAILURES
C003443,Suzanne,Barron,Saudi Arabia,Premium,1,3911.82,1,0,1,0,40.0,40.0,1,0,0,1,40.0,0.0,0.0,1.0,2.5,1.0,30.0,25.75,MEDIUM,NORMAL_CUSTOMER,NO_MAJOR_RISK_SIGNAL
C003444,Joseph,Wolfe,Other,Standard,1,901.5,1,0,1,0,0.0,0.0,0,0,0,0,0.0,0.0,0.0,0.0,0.0,0.0,0.0,0.0,LOW,NORMAL_CUSTOMER,NO_MAJOR_RISK_SIGNAL
C003445,Paul,Sullivan,Other,Standard,2,8276.76,2,0,2,0,0.0,0.0,0,0,0,0,0.0,0.0,0.0,0.0,0.0,0.0,0.0,0.0,LOW,NORMAL_CUSTOMER,NO_MAJOR_RISK_SIGNAL
C003446,Melissa,Jensen,Pakistan,Premium,2,5654.48,2,0,2,0,42.5,45.0,2,0,0,2,45.0,0.0,0.0,1.0,2.5,1.0,79.0,42.45,MEDIUM,NORMAL_CUSTOMER,PERSISTENT_BEHAVIOR | MULTIPLE_PROBLEMATIC_JOURNEYS
C003447,Lauren,Bartlett,United States,Standard,3,8226.03,3,0,3,0,15.0,45.0,1,0,0,1,45.0,0.0,0.0,0.33,0.83,0.33,30.0,27.25,MEDIUM,LOYAL_LOW_FRICTION_CUSTOMER,NO_MAJOR_RISK_SIGNAL
C003448,Deborah,Reese,United Kingdom,Premium,1,4555.7,1,0,1,0,40.0,40.0,1,0,0,1,40.0,0.0,0.0,1.0,2.5,1.0,30.0,25.75,MEDIUM,NORMAL_CUSTOMER,NO_MAJOR_RISK_SIGNAL
C003449,Laura,Klein,Pakistan,Standard,1,2318.03,3,2,1,2,100.0,100.0,3,1,1,1,100.0,2.0,2.0,3.0,40.0,1.0,30.0,61.0,HIGH,FRICTION_PRONE_CUSTOMER,HIGH_SEVERITY | REPEATED_PAYMENT_FAILURES | CRITICAL_JOURNEY
C003450,Daniel,Park,Saudi Arabia,Standard,2,5945.42,2,0,2,0,22.5,45.0,1,0,0,1,45.0,0.0,0.0,0.5,1.25,0.5,30.0,27.38,MEDIUM,NORMAL_CUSTOMER,NO_MAJOR_RISK_SIGNAL
C003451,Heather,Brady,United Arab Emirates,Standard,1,4853.97,1,0,1,0,0.0,0.0,0,0,0,0,0.0,0.0,0.0,0.0,0.0,0.0,0.0,0.0,LOW,NORMAL_CUSTOMER,NO_MAJOR_RISK_SIGNAL
C003452,Brian,Sanchez,United Kingdom,Standard,2,4548.75,3,1,2,1,15.0,30.0,0,0,0,0,30.0,0.5,0.5,0.0,8.12,0.0,0.0,14.44,LOW,NORMAL_CUSTOMER,NO_MAJOR_RISK_SIGNAL
C003453,Sherri,Stevenson,United Kingdom,Standard,1,2660.86,2,1,1,1,30.0,30.0,0,0,0,0,30.0,1.0,1.0,0.0,16.25,0.0,0.0,16.88,LOW,NORMAL_CUSTOMER,NO_MAJOR_RISK_SIGNAL
C003454,Erik,Tapia,United Arab Emirates,Standard,3,10548.11,5,2,3,2,20.0,30.0,0,0,0,0,30.0,0.67,0.67,0.0,10.83,0.0,0.0,15.25,LOW,LOYAL_LOW_FRICTION_CUSTOMER,REPEATED_PAYMENT_FAILURES
C003455,Robert,Morrow,Other,Standard,3,11200.88,4,1,3,1,25.0,40.0,1,0,0,1,40.0,0.33,0.33,0.33,6.25,0.33,30.0,26.88,MEDIUM,LOYAL_LOW_FRICTION_CUSTOMER,NO_MAJOR_RISK_SIGNAL
C003457,Leah,Rice,Pakistan,Standard,2,8671.52,2,0,2,0,0.0,0.0,0,0,0,0,0.0,0.0,0.0,0.0,0.0,0.0,0.0,0.0,LOW,NORMAL_CUSTOMER,NO_MAJOR_RISK_SIGNAL
C003458,Erika,Lynch,United Kingdom,Standard,2,4855.01,3,1,2,1,15.0,30.0,0,0,0,0,30.0,0.5,0.5,0.0,8.12,0.0,0.0,14.44,LOW,NORMAL_CUSTOMER,NO_MAJOR_RISK_SIGNAL
C003460,Noah,Oconnell,Pakistan,Standard,1,1711.93,1,0,1,0,0.0,0.0,0,0,0,0,0.0,0.0,0.0,0.0,0.0,0.0,0.0,0.0,LOW,NORMAL_CUSTOMER,NO_MAJOR_RISK_SIGNAL
C003461,Michael,Craig,Saudi Arabia,Premium,3,11043.72,3,0,3,0,28.33,45.0,2,0,0,2,45.0,0.0,0.0,0.67,1.67,0.67,65.67,38.2,MEDIUM,NORMAL_CUSTOMER,PERSISTENT_BEHAVIOR | MULTIPLE_PROBLEMATIC_JOURNEYS
C003462,Anthony,Macias,Saudi Arabia,Standard,2,3991.72,3,1,2,1,55.0,70.0,2,1,0,2,70.0,0.5,0.5,1.0,10.62,1.0,79.0,54.89,HIGH,FRICTION_PRONE_CUSTOMER,HIGH_SEVERITY | PERSISTENT_BEHAVIOR | MULTIPLE_PROBLEMATIC_JOURNEYS
C003463,Gabrielle,Mills,Pakistan,Premium,3,13565.87,3,0,3,0,13.33,40.0,1,0,0,1,40.0,0.0,0.0,0.33,0.83,0.33,30.0,25.25,MEDIUM,LOYAL_LOW_FRICTION_CUSTOMER,NO_MAJOR_RISK_SIGNAL
C003466,David,Franco,United Kingdom,Standard,1,3666.29,2,1,1,1,30.0,30.0,0,0,0,0,30.0,1.0,1.0,0.0,16.25,0.0,0.0,16.88,LOW,NORMAL_CUSTOMER,NO_MAJOR_RISK_SIGNAL
C003467,Samantha,Palmer,United Arab Emirates,Standard,1,2869.33,1,0,1,0,40.0,40.0,1,0,0,1,40.0,0.0,0.0,1.0,2.5,1.0,30.0,25.75,MEDIUM,NORMAL_CUSTOMER,NO_MAJOR_RISK_SIGNAL
C003469,Robert,Henderson,United States,Standard,1,2714.37,2,1,1,1,35.0,35.0,0,0,0,0,35.0,1.0,1.0,0.0,16.25,0.0,0.0,18.88,LOW,NORMAL_CUSTOMER,NO_MAJOR_RISK_SIGNAL
C003472,Leon,Wilson,United States,Standard,4,9583.43,5,1,4,1,8.75,35.0,0,0,0,0,35.0,0.25,0.25,0.0,4.06,0.0,0.0,15.22,LOW,LOYAL_LOW_FRICTION_CUSTOMER,NO_MAJOR_RISK_SIGNAL
C003473,Janet,Sloan,Pakistan,Standard,4,8285.33,4,0,4,0,10.0,40.0,1,0,0,1,40.0,0.0,0.0,0.25,0.62,0.25,28.0,24.59,MEDIUM,LOYAL_LOW_FRICTION_CUSTOMER,NO_MAJOR_RISK_SIGNAL
C003475,Katrina,Ryan,United States,VIP,2,3480.86,2,0,2,0,0.0,0.0,0,0,0,0,0.0,0.0,0.0,0.0,0.0,0.0,0.0,0.0,LOW,NORMAL_CUSTOMER,NO_MAJOR_RISK_SIGNAL
C003476,Barbara,Miranda,United States,Standard,1,1576.4,1,0,1,0,0.0,0.0,0,0,0,0,0.0,0.0,0.0,0.0,0.0,0.0,0.0,0.0,LOW,NORMAL_CUSTOMER,NO_MAJOR_RISK_SIGNAL
C003477,Annette,Wilson,Other,Standard,1,3933.25,3,2,1,2,65.0,65.0,2,1,0,1,65.0,2.0,2.0,2.0,37.5,1.0,30.0,46.25,MEDIUM,NORMAL_CUSTOMER,REPEATED_PAYMENT_FAILURES
C003478,Tiffany,Evans,Pakistan,Standard,1,2728.41,2,1,1,1,30.0,30.0,0,0,0,0,30.0,1.0,1.0,0.0,16.25,0.0,0.0,16.88,LOW,NORMAL_CUSTOMER,NO_MAJOR_RISK_SIGNAL
C003479,Elizabeth,Carter,United Arab Emirates,Standard,1,3604.76,1,0,1,0,0.0,0.0,0,0,0,0,0.0,0.0,0.0,0.0,0.0,0.0,0.0,0.0,LOW,NORMAL_CUSTOMER,NO_MAJOR_RISK_SIGNAL
C003480,Matthew,Lewis,United Arab Emirates,Standard,2,8655.38,3,1,2,1,15.0,30.0,0,0,0,0,30.0,0.5,0.5,0.0,8.12,0.0,0.0,14.44,LOW,NORMAL_CUSTOMER,NO_MAJOR_RISK_SIGNAL
C003481,Alexandra,Rojas,Saudi Arabia,Standard,1,1660.14,3,2,1,2,65.0,65.0,2,1,0,1,65.0,2.0,2.0,2.0,37.5,1.0,30.0,46.25,MEDIUM,NORMAL_CUSTOMER,REPEATED_PAYMENT_FAILURES
C003482,Jackie,Carroll,Pakistan,Premium,1,1216.04,1,0,1,0,0.0,0.0,0,0,0,0,0.0,0.0,0.0,0.0,0.0,0.0,0.0,0.0,LOW,NORMAL_CUSTOMER,NO_MAJOR_RISK_SIGNAL
C003484,Dorothy,Torres,Other,Standard,4,11182.52,4,0,4,0,21.25,45.0,2,0,0,2,45.0,0.0,0.0,0.5,1.25,0.5,59.0,36.08,MEDIUM,NORMAL_CUSTOMER,PERSISTENT_BEHAVIOR | MULTIPLE_PROBLEMATIC_JOURNEYS
C003485,John,Fitzpatrick,Pakistan,Standard,2,5322.92,4,2,2,2,52.5,65.0,3,1,0,2,65.0,1.0,1.0,1.5,20.0,1.0,79.0,55.7,HIGH,FRICTION_PRONE_CUSTOMER,PERSISTENT_BEHAVIOR | REPEATED_PAYMENT_FAILURES | MULTIPLE_PROBLEMATIC_JOURNEYS
C003486,Michael,Day,Pakistan,Standard,1,1788.53,1,0,1,0,0.0,0.0,0,0,0,0,0.0,0.0,0.0,0.0,0.0,0.0,0.0,0.0,LOW,NORMAL_CUSTOMER,NO_MAJOR_RISK_SIGNAL
C003487,Erica,Petersen,United Arab Emirates,Standard,3,6589.37,3,0,3,0,26.67,40.0,2,0,0,2,40.0,0.0,0.0,0.67,1.67,0.67,65.67,36.2,MEDIUM,NORMAL_CUSTOMER,PERSISTENT_BEHAVIOR | MULTIPLE_PROBLEMATIC_JOURNEYS
C003489,Mary,Ford,Saudi Arabia,Standard,1,1303.8,3,2,1,2,65.0,65.0,2,1,0,1,65.0,2.0,2.0,2.0,37.5,1.0,30.0,46.25,MEDIUM,NORMAL_CUSTOMER,REPEATED_PAYMENT_FAILURES
C003490,Angela,Williamson,United Arab Emirates,Standard,2,1905.14,2,0,2,0,0.0,0.0,0,0,0,0,0.0,0.0,0.0,0.0,0.0,0.0,0.0,0.0,LOW,NORMAL_CUSTOMER,NO_MAJOR_RISK_SIGNAL
C003491,Vanessa,Freeman,Saudi Arabia,Standard,3,3992.35,4,1,3,1,40.0,75.0,2,1,0,2,75.0,0.33,0.33,0.67,7.08,0.67,65.67,51.82,HIGH,FRICTION_PRONE_CUSTOMER,HIGH_SEVERITY | PERSISTENT_BEHAVIOR | MULTIPLE_PROBLEMATIC_JOURNEYS
C003492,Brian,Kelly,Pakistan,VIP,3,6697.37,5,2,3,2,36.67,75.0,1,1,0,1,75.0,0.67,0.67,0.33,11.67,0.33,30.0,42.5,MEDIUM,NORMAL_CUSTOMER,HIGH_SEVERITY | REPEATED_PAYMENT_FAILURES
C003493,Dawn,Gilbert,Other,Standard,1,4314.02,1,0,1,0,0.0,0.0,0,0,0,0,0.0,0.0,0.0,0.0,0.0,0.0,0.0,0.0,LOW,NORMAL_CUSTOMER,NO_MAJOR_RISK_SIGNAL
C003494,Eric,Murphy,Other,Standard,1,1660.19,1,0,1,0,40.0,40.0,1,0,0,1,40.0,0.0,0.0,1.0,2.5,1.0,30.0,25.75,MEDIUM,NORMAL_CUSTOMER,NO_MAJOR_RISK_SIGNAL
C003495,Melinda,Gomez,United Kingdom,Standard,2,6602.97,2,0,2,0,0.0,0.0,0,0,0,0,0.0,0.0,0.0,0.0,0.0,0.0,0.0,0.0,LOW,NORMAL_CUSTOMER,NO_MAJOR_RISK_SIGNAL
C003496,Melissa,Smith,Saudi Arabia,Standard,1,1767.57,1,0,1,0,0.0,0.0,0,0,0,0,0.0,0.0,0.0,0.0,0.0,0.0,0.0,0.0,LOW,NORMAL_CUSTOMER,NO_MAJOR_RISK_SIGNAL
C003497,Molly,Zamora,Other,Premium,2,3905.03,2,0,2,0,0.0,0.0,0,0,0,0,0.0,0.0,0.0,0.0,0.0,0.0,0.0,0.0,LOW,NORMAL_CUSTOMER,NO_MAJOR_RISK_SIGNAL
C003498,Charles,Lopez,Other,Premium,2,4909.69,3,1,2,1,57.5,75.0,2,1,0,2,75.0,0.5,0.5,1.0,10.62,1.0,79.0,56.89,HIGH,FRICTION_PRONE_CUSTOMER,HIGH_SEVERITY | PERSISTENT_BEHAVIOR | MULTIPLE_PROBLEMATIC_JOURNEYS
C003499,Travis,Gomez,Saudi Arabia,Standard,3,10455.03,4,1,3,1,53.33,75.0,3,1,0,3,75.0,0.33,0.33,1.0,7.92,1.0,91.0,59.68,HIGH,FRICTION_PRONE_CUSTOMER,HIGH_SEVERITY | PERSISTENT_BEHAVIOR | MULTIPLE_PROBLEMATIC_JOURNEYS
C003500,John,Garcia,United Kingdom,Standard,1,4610.17,1,0,1,0,40.0,40.0,1,0,0,1,40.0,0.0,0.0,1.0,2.5,1.0,30.0,25.75,MEDIUM,NORMAL_CUSTOMER,NO_MAJOR_RISK_SIGNAL
C003501,Tara,Vasquez,Saudi Arabia,Standard,3,6720.07,3,0,3,0,15.0,45.0,1,0,0,1,45.0,0.0,0.0,0.33,0.83,0.33,30.0,27.25,MEDIUM,LOYAL_LOW_FRICTION_CUSTOMER,NO_MAJOR_RISK_SIGNAL
C003503,Jeffrey,Robertson,Other,Standard,2,2355.26,3,1,2,1,37.5,75.0,1,1,0,1,75.0,0.5,0.5,0.5,9.38,0.5,30.0,41.81,MEDIUM,NORMAL_CUSTOMER,HIGH_SEVERITY
C003504,Dawn,Hernandez,Saudi Arabia,Premium,3,6969.8,4,1,3,1,10.0,30.0,0,0,0,0,30.0,0.33,0.33,0.0,5.42,0.0,0.0,13.63,LOW,LOYAL_LOW_FRICTION_CUSTOMER,NO_MAJOR_RISK_SIGNAL
C003505,Richard,Martinez,Other,Standard,2,3197.3,4,2,2,2,35.0,35.0,0,0,0,0,35.0,1.0,1.0,0.0,16.25,0.0,0.0,18.88,LOW,NORMAL_CUSTOMER,REPEATED_PAYMENT_FAILURES
C003506,Jimmy,Freeman,Pakistan,Standard,1,4662.16,1,0,1,0,0.0,0.0,0,0,0,0,0.0,0.0,0.0,0.0,0.0,0.0,0.0,0.0,LOW,NORMAL_CUSTOMER,NO_MAJOR_RISK_SIGNAL
C003507,Stephen,Moore,Other,Premium,2,4561.43,2,0,2,0,0.0,0.0,0,0,0,0,0.0,0.0,0.0,0.0,0.0,0.0,0.0,0.0,LOW,NORMAL_CUSTOMER,NO_MAJOR_RISK_SIGNAL
C003508,Laurie,Douglas,United Arab Emirates,VIP,1,1070.16,1,0,1,0,0.0,0.0,0,0,0,0,0.0,0.0,0.0,0.0,0.0,0.0,0.0,0.0,LOW,NORMAL_CUSTOMER,NO_MAJOR_RISK_SIGNAL
C003509,Shane,Perez,United States,Standard,1,1610.17,1,0,1,0,0.0,0.0,0,0,0,0,0.0,0.0,0.0,0.0,0.0,0.0,0.0,0.0,LOW,NORMAL_CUSTOMER,NO_MAJOR_RISK_SIGNAL
C003511,Sergio,Evans,United Arab Emirates,Premium,3,9496.45,4,1,3,1,25.0,45.0,1,0,0,1,45.0,0.33,0.33,0.33,6.25,0.33,30.0,28.88,MEDIUM,LOYAL_LOW_FRICTION_CUSTOMER,NO_MAJOR_RISK_SIGNAL
C003512,David,Patterson,Saudi Arabia,Premium,3,9679.39,6,3,3,3,33.33,65.0,2,1,0,1,65.0,1.0,1.0,0.67,17.92,0.33,30.0,40.38,MEDIUM,NORMAL_CUSTOMER,REPEATED_PAYMENT_FAILURES
C003513,Tyler,White,Other,VIP,3,9643.85,5,2,3,2,21.67,65.0,2,1,0,1,65.0,0.67,0.67,0.67,12.5,0.33,30.0,38.75,MEDIUM,LOYAL_LOW_FRICTION_CUSTOMER,REPEATED_PAYMENT_FAILURES
C003514,Denise,Cain,United States,Standard,2,1943.0,3,1,2,1,35.0,70.0,1,1,0,1,70.0,0.5,0.5,0.5,9.38,0.5,30.0,39.81,MEDIUM,NORMAL_CUSTOMER,HIGH_SEVERITY
C003515,Curtis,Rodriguez,Other,Standard,2,2110.32,2,0,2,0,0.0,0.0,0,0,0,0,0.0,0.0,0.0,0.0,0.0,0.0,0.0,0.0,LOW,NORMAL_CUSTOMER,NO_MAJOR_RISK_SIGNAL
C003516,Robert,Gonzales,Other,Premium,4,12819.27,5,1,4,1,17.5,40.0,1,0,0,1,40.0,0.25,0.25,0.25,4.69,0.25,28.0,25.81,MEDIUM,LOYAL_LOW_FRICTION_CUSTOMER,NO_MAJOR_RISK_SIGNAL
C003517,Angela,Franco,Saudi Arabia,Standard,4,11059.64,8,4,4,4,31.25,60.0,2,1,0,1,60.0,1.0,1.0,0.5,17.5,0.25,28.0,37.65,MEDIUM,NORMAL_CUSTOMER,REPEATED_PAYMENT_FAILURES
C003518,Aaron,Martin,United Arab Emirates,Standard,1,4566.8,1,0,1,0,0.0,0.0,0,0,0,0,0.0,0.0,0.0,0.0,0.0,0.0,0.0,0.0,LOW,NORMAL_CUSTOMER,NO_MAJOR_RISK_SIGNAL
C003519,Christopher,Gomez,Saudi Arabia,Standard,1,934.93,2,1,1,1,35.0,35.0,0,0,0,0,35.0,1.0,1.0,0.0,16.25,0.0,0.0,18.88,LOW,NORMAL_CUSTOMER,NO_MAJOR_RISK_SIGNAL
C003522,Kevin,Harrell,United Arab Emirates,Standard,2,6634.58,3,1,2,1,17.5,35.0,0,0,0,0,35.0,0.5,0.5,0.0,8.12,0.0,0.0,16.44,LOW,NORMAL_CUSTOMER,NO_MAJOR_RISK_SIGNAL
C003523,William,Gonzalez,Saudi Arabia,Standard,1,2672.76,3,2,1,2,100.0,100.0,3,1,1,1,100.0,2.0,2.0,3.0,40.0,1.0,30.0,61.0,HIGH,FRICTION_PRONE_CUSTOMER,HIGH_SEVERITY | REPEATED_PAYMENT_FAILURES | CRITICAL_JOURNEY
C003524,Jamie,Lopez,Saudi Arabia,Standard,1,2077.3,1,0,1,0,0.0,0.0,0,0,0,0,0.0,0.0,0.0,0.0,0.0,0.0,0.0,0.0,LOW,NORMAL_CUSTOMER,NO_MAJOR_RISK_SIGNAL
C003526,Stephanie,Foster,Saudi Arabia,Standard,1,4529.59,1,0,1,0,0.0,0.0,0,0,0,0,0.0,0.0,0.0,0.0,0.0,0.0,0.0,0.0,LOW,NORMAL_CUSTOMER,NO_MAJOR_RISK_SIGNAL
C003527,Michael,Manning,Other,Standard,1,519.24,2,1,1,1,30.0,30.0,0,0,0,0,30.0,1.0,1.0,0.0,16.25,0.0,0.0,16.88,LOW,NORMAL_CUSTOMER,NO_MAJOR_RISK_SIGNAL
C003531,Ann,Mendoza,Saudi Arabia,Standard,3,6281.67,6,3,3,3,71.67,100.0,5,2,1,3,100.0,1.0,1.0,1.67,20.42,1.0,91.0,73.43,HIGH,FRICTION_PRONE_CUSTOMER,HIGH_SEVERITY | PERSISTENT_BEHAVIOR | REPEATED_PAYMENT_FAILURES | MULTIPLE_PROBLEMATIC_JOURNEYS | CRITICAL_JOURNEY
C003532,Christine,Ortega,United States,VIP,2,8816.47,4,2,2,2,32.5,65.0,2,1,0,1,65.0,1.0,1.0,1.0,18.75,0.5,30.0,40.62,MEDIUM,NORMAL_CUSTOMER,REPEATED_PAYMENT_FAILURES
C003534,Diane,Fisher,Saudi Arabia,Standard,2,6060.34,4,2,2,2,50.0,100.0,3,1,1,1,100.0,1.0,1.0,1.5,20.0,0.5,30.0,55.0,HIGH,FRICTION_PRONE_CUSTOMER,HIGH_SEVERITY | REPEATED_PAYMENT_FAILURES | CRITICAL_JOURNEY
C003535,Jennifer,Pierce,Saudi Arabia,Standard,1,3850.28,1,0,1,0,0.0,0.0,0,0,0,0,0.0,0.0,0.0,0.0,0.0,0.0,0.0,0.0,LOW,NORMAL_CUSTOMER,NO_MAJOR_RISK_SIGNAL
C003536,Daniel,Marsh,Saudi Arabia,Standard,1,1852.03,1,0,1,0,0.0,0.0,0,0,0,0,0.0,0.0,0.0,0.0,0.0,0.0,0.0,0.0,LOW,NORMAL_CUSTOMER,NO_MAJOR_RISK_SIGNAL
C003537,Katherine,Klein,Saudi Arabia,Standard,2,6042.46,2,0,2,0,0.0,0.0,0,0,0,0,0.0,0.0,0.0,0.0,0.0,0.0,0.0,0.0,LOW,NORMAL_CUSTOMER,NO_MAJOR_RISK_SIGNAL
C003538,Jeffrey,Nguyen,United Arab Emirates,Standard,1,3234.37,1,0,1,0,0.0,0.0,0,0,0,0,0.0,0.0,0.0,0.0,0.0,0.0,0.0,0.0,LOW,NORMAL_CUSTOMER,NO_MAJOR_RISK_SIGNAL
C003539,Matthew,Duran,United Kingdom,Premium,1,2344.68,2,1,1,1,35.0,35.0,0,0,0,0,35.0,1.0,1.0,0.0,16.25,0.0,0.0,18.88,LOW,NORMAL_CUSTOMER,NO_MAJOR_RISK_SIGNAL
C003540,Maria,Macias,Saudi Arabia,Standard,2,6886.05,2,0,2,0,0.0,0.0,0,0,0,0,0.0,0.0,0.0,0.0,0.0,0.0,0.0,0.0,LOW,NORMAL_CUSTOMER,NO_MAJOR_RISK_SIGNAL
C003544,Jacqueline,Price,United Arab Emirates,Standard,1,840.66,1,0,1,0,0.0,0.0,0,0,0,0,0.0,0.0,0.0,0.0,0.0,0.0,0.0,0.0,LOW,NORMAL_CUSTOMER,NO_MAJOR_RISK_SIGNAL
C003546,Frank,Rodriguez,Saudi Arabia,Standard,2,2521.35,2,0,2,0,0.0,0.0,0,0,0,0,0.0,0.0,0.0,0.0,0.0,0.0,0.0,0.0,LOW,NORMAL_CUSTOMER,NO_MAJOR_RISK_SIGNAL
C003547,Donald,Smith,Saudi Arabia,Premium,2,4990.08,2,0,2,0,0.0,0.0,0,0,0,0,0.0,0.0,0.0,0.0,0.0,0.0,0.0,0.0,LOW,NORMAL_CUSTOMER,NO_MAJOR_RISK_SIGNAL
C003548,Jennifer,Moore,United Arab Emirates,Standard,1,1029.66,1,0,1,0,0.0,0.0,0,0,0,0,0.0,0.0,0.0,0.0,0.0,0.0,0.0,0.0,LOW,NORMAL_CUSTOMER,NO_MAJOR_RISK_SIGNAL
C003549,Jennifer,Porter,United Arab Emirates,Standard,2,6785.74,3,1,2,1,40.0,80.0,1,1,1,1,80.0,0.5,0.5,0.5,9.38,0.5,30.0,43.81,MEDIUM,NORMAL_CUSTOMER,HIGH_SEVERITY | CRITICAL_JOURNEY
C003550,Daniel,Saunders,Pakistan,Standard,2,4136.2,4,2,2,2,32.5,65.0,2,1,0,1,65.0,1.0,1.0,1.0,18.75,0.5,30.0,40.62,MEDIUM,NORMAL_CUSTOMER,REPEATED_PAYMENT_FAILURES
C003552,Jacob,Gregory,Saudi Arabia,Standard,2,4615.77,2,0,2,0,22.5,45.0,1,0,0,1,45.0,0.0,0.0,0.5,1.25,0.5,30.0,27.38,MEDIUM,NORMAL_CUSTOMER,NO_MAJOR_RISK_SIGNAL
C003553,Sarah,Peterson,Pakistan,Standard,2,5758.41,2,0,2,0,0.0,0.0,0,0,0,0,0.0,0.0,0.0,0.0,0.0,0.0,0.0,0.0,LOW,NORMAL_CUSTOMER,NO_MAJOR_RISK_SIGNAL
C003554,Philip,Bray,Pakistan,Premium,4,9900.38,6,2,4,2,16.25,65.0,2,1,0,1,65.0,0.5,0.5,0.5,9.38,0.25,28.0,37.21,MEDIUM,LOYAL_LOW_FRICTION_CUSTOMER,REPEATED_PAYMENT_FAILURES
C003555,Stephen,Mclaughlin,Saudi Arabia,Standard,2,5818.52,3,1,2,1,37.5,40.0,1,0,0,1,40.0,0.5,0.5,0.5,9.38,0.5,30.0,27.81,MEDIUM,NORMAL_CUSTOMER,NO_MAJOR_RISK_SIGNAL
C003556,Kimberly,Hamilton,Pakistan,Premium,1,1545.32,1,0,1,0,0.0,0.0,0,0,0,0,0.0,0.0,0.0,0.0,0.0,0.0,0.0,0.0,LOW,NORMAL_CUSTOMER,NO_MAJOR_RISK_SIGNAL
C003557,Jennifer,Roberts,Saudi Arabia,Standard,3,10944.47,4,1,3,1,23.33,40.0,1,0,0,1,40.0,0.33,0.33,0.33,6.25,0.33,30.0,26.88,MEDIUM,LOYAL_LOW_FRICTION_CUSTOMER,NO_MAJOR_RISK_SIGNAL
C003558,Daniel,Tucker,United Arab Emirates,Standard,3,9784.78,6,3,3,3,31.67,65.0,2,1,0,1,65.0,1.0,1.0,0.67,17.92,0.33,30.0,40.38,MEDIUM,NORMAL_CUSTOMER,REPEATED_PAYMENT_FAILURES
C003559,Robert,Hodges,Saudi Arabia,VIP,2,3574.23,2,0,2,0,0.0,0.0,0,0,0,0,0.0,0.0,0.0,0.0,0.0,0.0,0.0,0.0,LOW,NORMAL_CUSTOMER,NO_MAJOR_RISK_SIGNAL
C003560,Sara,Wright,United Arab Emirates,Standard,1,816.49,1,0,1,0,0.0,0.0,0,0,0,0,0.0,0.0,0.0,0.0,0.0,0.0,0.0,0.0,LOW,NORMAL_CUSTOMER,NO_MAJOR_RISK_SIGNAL
C003561,Mary,Hernandez,United Arab Emirates,Standard,2,3606.98,2,0,2,0,42.5,45.0,2,0,0,2,45.0,0.0,0.0,1.0,2.5,1.0,79.0,42.45,MEDIUM,NORMAL_CUSTOMER,PERSISTENT_BEHAVIOR | MULTIPLE_PROBLEMATIC_JOURNEYS
C003562,Brianna,Dixon,United States,Premium,3,9669.34,3,0,3,0,0.0,0.0,0,0,0,0,0.0,0.0,0.0,0.0,0.0,0.0,0.0,0.0,LOW,LOYAL_LOW_FRICTION_CUSTOMER,NO_MAJOR_RISK_SIGNAL
C003563,Kelsey,Wright,Saudi Arabia,Standard,2,3764.25,4,2,2,2,47.5,95.0,3,1,1,1,95.0,1.0,1.0,1.5,20.0,0.5,30.0,53.0,HIGH,FRICTION_PRONE_CUSTOMER,HIGH_SEVERITY | REPEATED_PAYMENT_FAILURES | CRITICAL_JOURNEY
C003564,Shannon,Wang,United Arab Emirates,Standard,2,3363.51,2,0,2,0,0.0,0.0,0,0,0,0,0.0,0.0,0.0,0.0,0.0,0.0,0.0,0.0,LOW,NORMAL_CUSTOMER,NO_MAJOR_RISK_SIGNAL
C003565,Dominique,Lin,United Arab Emirates,Standard,1,1134.66,1,0,1,0,0.0,0.0,0,0,0,0,0.0,0.0,0.0,0.0,0.0,0.0,0.0,0.0,LOW,NORMAL_CUSTOMER,NO_MAJOR_RISK_SIGNAL
C003566,Stephanie,Gamble,United Kingdom,Standard,4,13489.5,5,1,4,1,17.5,40.0,1,0,0,1,40.0,0.25,0.25,0.25,4.69,0.25,28.0,25.81,MEDIUM,LOYAL_LOW_FRICTION_CUSTOMER,NO_MAJOR_RISK_SIGNAL
C003567,Dennis,Wright,Pakistan,Standard,2,3195.74,4,2,2,2,32.5,65.0,2,1,0,1,65.0,1.0,1.0,1.0,18.75,0.5,30.0,40.62,MEDIUM,NORMAL_CUSTOMER,REPEATED_PAYMENT_FAILURES
C003568,Victor,Hoover,United Kingdom,Standard,2,5676.92,4,2,2,2,52.5,65.0,3,1,0,2,65.0,1.0,1.0,1.5,20.0,1.0,79.0,55.7,HIGH,FRICTION_PRONE_CUSTOMER,PERSISTENT_BEHAVIOR | REPEATED_PAYMENT_FAILURES | MULTIPLE_PROBLEMATIC_JOURNEYS
C003569,Alyssa,Gonzalez,United States,Standard,2,6171.93,2,0,2,0,22.5,45.0,1,0,0,1,45.0,0.0,0.0,0.5,1.25,0.5,30.0,27.38,MEDIUM,NORMAL_CUSTOMER,NO_MAJOR_RISK_SIGNAL
C003570,Brandon,Mccarthy,Other,Premium,3,4761.48,3,0,3,0,0.0,0.0,0,0,0,0,0.0,0.0,0.0,0.0,0.0,0.0,0.0,0.0,LOW,LOYAL_LOW_FRICTION_CUSTOMER,NO_MAJOR_RISK_SIGNAL
C003572,Mary,Haynes,Pakistan,Standard,1,3963.23,1,0,1,0,0.0,0.0,0,0,0,0,0.0,0.0,0.0,0.0,0.0,0.0,0.0,0.0,LOW,NORMAL_CUSTOMER,NO_MAJOR_RISK_SIGNAL
C003573,Timothy,Shaw,United States,Standard,1,4916.99,2,1,1,1,35.0,35.0,0,0,0,0,35.0,1.0,1.0,0.0,16.25,0.0,0.0,18.88,LOW,NORMAL_CUSTOMER,NO_MAJOR_RISK_SIGNAL
C003576,Gregory,Garza,United Arab Emirates,Premium,5,12466.5,8,3,5,3,28.0,65.0,3,1,0,2,65.0,0.6,0.6,0.6,11.25,0.4,55.0,45.88,MEDIUM,NORMAL_CUSTOMER,PERSISTENT_BEHAVIOR | REPEATED_PAYMENT_FAILURES | MULTIPLE_PROBLEMATIC_JOURNEYS
C003577,Beth,Walters,Saudi Arabia,Premium,2,1851.68,3,1,2,1,40.0,80.0,1,1,1,1,80.0,0.5,0.5,0.5,9.38,0.5,30.0,43.81,MEDIUM,NORMAL_CUSTOMER,HIGH_SEVERITY | CRITICAL_JOURNEY
C003578,Jessica,Perez,United Arab Emirates,Standard,3,4572.96,3,0,3,0,15.0,45.0,1,0,0,1,45.0,0.0,0.0,0.33,0.83,0.33,30.0,27.25,MEDIUM,LOYAL_LOW_FRICTION_CUSTOMER,NO_MAJOR_RISK_SIGNAL
C003580,Paul,Johnson,United Arab Emirates,Standard,1,2589.5,1,0,1,0,0.0,0.0,0,0,0,0,0.0,0.0,0.0,0.0,0.0,0.0,0.0,0.0,LOW,NORMAL_CUSTOMER,NO_MAJOR_RISK_SIGNAL
C003581,Caroline,Mooney,United Arab Emirates,Standard,3,6496.08,3,0,3,0,13.33,40.0,1,0,0,1,40.0,0.0,0.0,0.33,0.83,0.33,30.0,25.25,MEDIUM,LOYAL_LOW_FRICTION_CUSTOMER,NO_MAJOR_RISK_SIGNAL
C003582,Nicole,Hickman,United States,Standard,1,775.94,1,0,1,0,0.0,0.0,0,0,0,0,0.0,0.0,0.0,0.0,0.0,0.0,0.0,0.0,LOW,NORMAL_CUSTOMER,NO_MAJOR_RISK_SIGNAL
C003583,William,Simmons,United Arab Emirates,Standard,2,6029.43,2,0,2,0,20.0,40.0,1,0,0,1,40.0,0.0,0.0,0.5,1.25,0.5,30.0,25.38,MEDIUM,NORMAL_CUSTOMER,NO_MAJOR_RISK_SIGNAL
C003584,Patrick,Jensen,Other,Standard,1,1995.53,1,0,1,0,0.0,0.0,0,0,0,0,0.0,0.0,0.0,0.0,0.0,0.0,0.0,0.0,LOW,NORMAL_CUSTOMER,NO_MAJOR_RISK_SIGNAL
C003585,Tiffany,Davis,United Arab Emirates,Premium,1,3723.62,3,2,1,2,65.0,65.0,2,1,0,1,65.0,2.0,2.0,2.0,37.5,1.0,30.0,46.25,MEDIUM,NORMAL_CUSTOMER,REPEATED_PAYMENT_FAILURES
C003586,Ruth,Williams,United Arab Emirates,Standard,1,4718.48,2,1,1,1,70.0,70.0,1,1,0,1,70.0,1.0,1.0,1.0,18.75,1.0,30.0,42.62,MEDIUM,NORMAL_CUSTOMER,HIGH_SEVERITY
C003587,Kathryn,Russell,United Arab Emirates,Standard,1,1144.19,2,1,1,1,30.0,30.0,0,0,0,0,30.0,1.0,1.0,0.0,16.25,0.0,0.0,16.88,LOW,NORMAL_CUSTOMER,NO_MAJOR_RISK_SIGNAL
C003588,Joshua,Torres,United States,Standard,3,9589.84,5,2,3,2,21.67,65.0,2,1,0,1,65.0,0.67,0.67,0.67,12.5,0.33,30.0,38.75,MEDIUM,LOYAL_LOW_FRICTION_CUSTOMER,REPEATED_PAYMENT_FAILURES
C003589,Tamara,Schultz,Saudi Arabia,Standard,3,11988.03,3,0,3,0,26.67,40.0,2,0,0,2,40.0,0.0,0.0,0.67,1.67,0.67,65.67,36.2,MEDIUM,NORMAL_CUSTOMER,PERSISTENT_BEHAVIOR | MULTIPLE_PROBLEMATIC_JOURNEYS
C003590,Tara,Hall,Saudi Arabia,Standard,1,3505.6,1,0,1,0,0.0,0.0,0,0,0,0,0.0,0.0,0.0,0.0,0.0,0.0,0.0,0.0,LOW,NORMAL_CUSTOMER,NO_MAJOR_RISK_SIGNAL
C003591,Shawn,Rogers,Other,Standard,1,1320.84,2,1,1,1,70.0,70.0,1,1,0,1,70.0,1.0,1.0,1.0,18.75,1.0,30.0,42.62,MEDIUM,NORMAL_CUSTOMER,HIGH_SEVERITY
C003592,Dennis,Mendoza,Saudi Arabia,Standard,2,8480.81,3,1,2,1,15.0,30.0,0,0,0,0,30.0,0.5,0.5,0.0,8.12,0.0,0.0,14.44,LOW,NORMAL_CUSTOMER,NO_MAJOR_RISK_SIGNAL
C003594,Holly,Schneider,Pakistan,Standard,1,4502.0,1,0,1,0,0.0,0.0,0,0,0,0,0.0,0.0,0.0,0.0,0.0,0.0,0.0,0.0,LOW,NORMAL_CUSTOMER,NO_MAJOR_RISK_SIGNAL
C003595,Kaitlyn,Torres,United Arab Emirates,Standard,1,4975.83,1,0,1,0,0.0,0.0,0,0,0,0,0.0,0.0,0.0,0.0,0.0,0.0,0.0,0.0,LOW,NORMAL_CUSTOMER,NO_MAJOR_RISK_SIGNAL
C003596,Kent,Adams,Pakistan,Standard,1,1299.65,2,1,1,1,70.0,70.0,1,1,0,1,70.0,1.0,1.0,1.0,18.75,1.0,30.0,42.62,MEDIUM,NORMAL_CUSTOMER,HIGH_SEVERITY
C003597,Jacqueline,Ramirez,Saudi Arabia,Standard,2,2874.67,3,1,2,1,35.0,40.0,1,0,0,1,40.0,0.5,0.5,0.5,9.38,0.5,30.0,27.81,MEDIUM,NORMAL_CUSTOMER,NO_MAJOR_RISK_SIGNAL
C003598,Michelle,Bell,Pakistan,Standard,2,5102.7,2,0,2,0,20.0,40.0,1,0,0,1,40.0,0.0,0.0,0.5,1.25,0.5,30.0,25.38,MEDIUM,NORMAL_CUSTOMER,NO_MAJOR_RISK_SIGNAL
C003599,Jennifer,Barnes,United Arab Emirates,Premium,3,12721.08,3,0,3,0,15.0,45.0,1,0,0,1,45.0,0.0,0.0,0.33,0.83,0.33,30.0,27.25,MEDIUM,LOYAL_LOW_FRICTION_CUSTOMER,NO_MAJOR_RISK_SIGNAL
C003600,Selena,Flores,United Kingdom,Standard,1,3323.45,1,0,1,0,0.0,0.0,0,0,0,0,0.0,0.0,0.0,0.0,0.0,0.0,0.0,0.0,LOW,NORMAL_CUSTOMER,NO_MAJOR_RISK_SIGNAL
C003601,Cynthia,Williams,Saudi Arabia,Premium,1,3498.06,1,0,1,0,0.0,0.0,0,0,0,0,0.0,0.0,0.0,0.0,0.0,0.0,0.0,0.0,LOW,NORMAL_CUSTOMER,NO_MAJOR_RISK_SIGNAL
C003603,Claudia,Williams,Saudi Arabia,Premium,2,5273.25,2,0,2,0,22.5,45.0,1,0,0,1,45.0,0.0,0.0,0.5,1.25,0.5,30.0,27.38,MEDIUM,NORMAL_CUSTOMER,NO_MAJOR_RISK_SIGNAL
C003604,Kelly,Garner,Saudi Arabia,Premium,3,6415.42,4,1,3,1,10.0,30.0,0,0,0,0,30.0,0.33,0.33,0.0,5.42,0.0,0.0,13.63,LOW,LOYAL_LOW_FRICTION_CUSTOMER,NO_MAJOR_RISK_SIGNAL
C003605,Michael,Lewis,Saudi Arabia,Premium,3,5765.97,3,0,3,0,0.0,0.0,0,0,0,0,0.0,0.0,0.0,0.0,0.0,0.0,0.0,0.0,LOW,LOYAL_LOW_FRICTION_CUSTOMER,NO_MAJOR_RISK_SIGNAL
C003606,Emily,Kennedy,Saudi Arabia,Standard,2,5551.98,3,1,2,1,15.0,30.0,0,0,0,0,30.0,0.5,0.5,0.0,8.12,0.0,0.0,14.44,LOW,NORMAL_CUSTOMER,NO_MAJOR_RISK_SIGNAL
C003607,Tina,Kerr,United States,Standard,2,2825.43,3,1,2,1,15.0,30.0,0,0,0,0,30.0,0.5,0.5,0.0,8.12,0.0,0.0,14.44,LOW,NORMAL_CUSTOMER,NO_MAJOR_RISK_SIGNAL
C003608,Debra,Garcia,Saudi Arabia,Standard,2,2519.71,2,0,2,0,40.0,40.0,2,0,0,2,40.0,0.0,0.0,1.0,2.5,1.0,79.0,40.45,MEDIUM,NORMAL_CUSTOMER,PERSISTENT_BEHAVIOR | MULTIPLE_PROBLEMATIC_JOURNEYS
C003610,William,Vaughan,Other,Standard,3,8691.96,5,2,3,2,35.0,75.0,1,1,0,1,75.0,0.67,0.67,0.33,11.67,0.33,30.0,42.5,MEDIUM,NORMAL_CUSTOMER,HIGH_SEVERITY | REPEATED_PAYMENT_FAILURES
C003611,Heather,Cox,Pakistan,Standard,3,10284.36,4,1,3,1,10.0,30.0,0,0,0,0,30.0,0.33,0.33,0.0,5.42,0.0,0.0,13.63,LOW,LOYAL_LOW_FRICTION_CUSTOMER,NO_MAJOR_RISK_SIGNAL
C003612,Marcus,Torres,Saudi Arabia,VIP,2,5843.4,2,0,2,0,22.5,45.0,1,0,0,1,45.0,0.0,0.0,0.5,1.25,0.5,30.0,27.38,MEDIUM,NORMAL_CUSTOMER,NO_MAJOR_RISK_SIGNAL
C003613,Darrell,Davis,United Arab Emirates,Standard,1,4775.85,1,0,1,0,0.0,0.0,0,0,0,0,0.0,0.0,0.0,0.0,0.0,0.0,0.0,0.0,LOW,NORMAL_CUSTOMER,NO_MAJOR_RISK_SIGNAL
C003614,Michael,Smith,United States,Standard,1,881.46,2,1,1,1,35.0,35.0,0,0,0,0,35.0,1.0,1.0,0.0,16.25,0.0,0.0,18.88,LOW,NORMAL_CUSTOMER,NO_MAJOR_RISK_SIGNAL
C003619,Julie,Ward,United States,Standard,4,13584.75,5,1,4,1,18.75,40.0,1,0,0,1,40.0,0.25,0.25,0.25,4.69,0.25,28.0,25.81,MEDIUM,LOYAL_LOW_FRICTION_CUSTOMER,NO_MAJOR_RISK_SIGNAL
C003620,Maureen,Maxwell,Saudi Arabia,Standard,2,6566.99,2,0,2,0,0.0,0.0,0,0,0,0,0.0,0.0,0.0,0.0,0.0,0.0,0.0,0.0,LOW,NORMAL_CUSTOMER,NO_MAJOR_RISK_SIGNAL
C003621,Justin,Rice,United Kingdom,Standard,1,2510.69,3,2,1,2,100.0,100.0,3,1,1,1,100.0,2.0,2.0,3.0,40.0,1.0,30.0,61.0,HIGH,FRICTION_PRONE_CUSTOMER,HIGH_SEVERITY | REPEATED_PAYMENT_FAILURES | CRITICAL_JOURNEY
C003623,Lindsey,Santos,Saudi Arabia,Standard,4,16097.99,5,1,4,1,17.5,40.0,1,0,0,1,40.0,0.25,0.25,0.25,4.69,0.25,28.0,25.81,MEDIUM,LOYAL_LOW_FRICTION_CUSTOMER,NO_MAJOR_RISK_SIGNAL
C003624,Alexandra,Clark,Other,Standard,2,6541.09,6,4,2,4,65.0,65.0,4,2,0,2,65.0,2.0,2.0,2.0,37.5,1.0,79.0,60.95,HIGH,FRICTION_PRONE_CUSTOMER,PERSISTENT_BEHAVIOR | REPEATED_PAYMENT_FAILURES | MULTIPLE_PROBLEMATIC_JOURNEYS
C003625,Anthony,Cruz,Saudi Arabia,Standard,1,4973.75,1,0,1,0,0.0,0.0,0,0,0,0,0.0,0.0,0.0,0.0,0.0,0.0,0.0,0.0,LOW,NORMAL_CUSTOMER,NO_MAJOR_RISK_SIGNAL
C003626,Dustin,Eaton,Saudi Arabia,Standard,1,2429.76,1,0,1,0,40.0,40.0,1,0,0,1,40.0,0.0,0.0,1.0,2.5,1.0,30.0,25.75,MEDIUM,NORMAL_CUSTOMER,NO_MAJOR_RISK_SIGNAL
C003627,Ellen,Anderson,Saudi Arabia,Standard,2,4155.47,2,0,2,0,0.0,0.0,0,0,0,0,0.0,0.0,0.0,0.0,0.0,0.0,0.0,0.0,LOW,NORMAL_CUSTOMER,NO_MAJOR_RISK_SIGNAL
C003628,James,Newton,Other,Standard,3,11245.62,3,0,3,0,15.0,45.0,1,0,0,1,45.0,0.0,0.0,0.33,0.83,0.33,30.0,27.25,MEDIUM,LOYAL_LOW_FRICTION_CUSTOMER,NO_MAJOR_RISK_SIGNAL
C003629,Karen,Martinez,United States,Standard,1,2229.48,1,0,1,0,45.0,45.0,1,0,0,1,45.0,0.0,0.0,1.0,2.5,1.0,30.0,27.75,MEDIUM,NORMAL_CUSTOMER,NO_MAJOR_RISK_SIGNAL
C003630,Eugene,Willis,Pakistan,Premium,6,18020.46,6,0,6,0,0.0,0.0,0,0,0,0,0.0,0.0,0.0,0.0,0.0,0.0,0.0,0.0,LOW,LOYAL_LOW_FRICTION_CUSTOMER,NO_MAJOR_RISK_SIGNAL
C003631,Justin,Barr,United States,Standard,2,5697.05,3,1,2,1,37.5,75.0,1,1,0,1,75.0,0.5,0.5,0.5,9.38,0.5,30.0,41.81,MEDIUM,NORMAL_CUSTOMER,HIGH_SEVERITY
C003632,John,Pena,Saudi Arabia,Premium,1,3155.61,1,0,1,0,0.0,0.0,0,0,0,0,0.0,0.0,0.0,0.0,0.0,0.0,0.0,0.0,LOW,NORMAL_CUSTOMER,NO_MAJOR_RISK_SIGNAL
C003633,Mary,Lee,United Arab Emirates,Standard,2,7824.98,2,0,2,0,0.0,0.0,0,0,0,0,0.0,0.0,0.0,0.0,0.0,0.0,0.0,0.0,LOW,NORMAL_CUSTOMER,NO_MAJOR_RISK_SIGNAL
C003634,Hannah,Bush,United Arab Emirates,Standard,1,4935.47,1,0,1,0,40.0,40.0,1,0,0,1,40.0,0.0,0.0,1.0,2.5,1.0,30.0,25.75,MEDIUM,NORMAL_CUSTOMER,NO_MAJOR_RISK_SIGNAL
C003635,Kenneth,Schaefer,Saudi Arabia,Premium,4,11690.34,6,2,4,2,16.25,35.0,0,0,0,0,35.0,0.5,0.5,0.0,8.12,0.0,0.0,16.44,LOW,LOYAL_LOW_FRICTION_CUSTOMER,REPEATED_PAYMENT_FAILURES
C003636,Karen,Jones,United Arab Emirates,Premium,1,2231.83,1,0,1,0,0.0,0.0,0,0,0,0,0.0,0.0,0.0,0.0,0.0,0.0,0.0,0.0,LOW,NORMAL_CUSTOMER,NO_MAJOR_RISK_SIGNAL
C003637,Antonio,Payne,Other,Premium,3,5962.03,4,1,3,1,10.0,30.0,0,0,0,0,30.0,0.33,0.33,0.0,5.42,0.0,0.0,13.63,LOW,LOYAL_LOW_FRICTION_CUSTOMER,NO_MAJOR_RISK_SIGNAL
C003638,Lisa,Cooper,Saudi Arabia,Standard,3,3959.48,4,1,3,1,40.0,45.0,2,0,0,2,45.0,0.33,0.33,0.67,7.08,0.67,65.67,39.83,MEDIUM,NORMAL_CUSTOMER,PERSISTENT_BEHAVIOR | MULTIPLE_PROBLEMATIC_JOURNEYS
C003639,Curtis,Swanson,Saudi Arabia,Standard,2,6450.4,2,0,2,0,42.5,45.0,2,0,0,2,45.0,0.0,0.0,1.0,2.5,1.0,79.0,42.45,MEDIUM,NORMAL_CUSTOMER,PERSISTENT_BEHAVIOR | MULTIPLE_PROBLEMATIC_JOURNEYS
C003640,Miranda,Mayo,Saudi Arabia,Premium,2,3433.45,3,1,2,1,37.5,40.0,1,0,0,1,40.0,0.5,0.5,0.5,9.38,0.5,30.0,27.81,MEDIUM,NORMAL_CUSTOMER,NO_MAJOR_RISK_SIGNAL
C003641,Jodi,Harris,Saudi Arabia,Standard,1,2011.8,1,0,1,0,0.0,0.0,0,0,0,0,0.0,0.0,0.0,0.0,0.0,0.0,0.0,0.0,LOW,NORMAL_CUSTOMER,NO_MAJOR_RISK_SIGNAL
C003642,Michelle,Le,Other,Premium,2,5264.12,2,0,2,0,0.0,0.0,0,0,0,0,0.0,0.0,0.0,0.0,0.0,0.0,0.0,0.0,LOW,NORMAL_CUSTOMER,NO_MAJOR_RISK_SIGNAL
C003643,Julia,Williams,United Arab Emirates,Standard,5,12152.71,5,0,5,0,8.0,40.0,1,0,0,1,40.0,0.0,0.0,0.2,0.5,0.2,26.0,23.95,LOW,LOYAL_LOW_FRICTION_CUSTOMER,NO_MAJOR_RISK_SIGNAL
C003644,Anna,Lee,United Arab Emirates,Premium,2,5759.95,4,2,2,2,52.5,65.0,3,1,0,2,65.0,1.0,1.0,1.5,20.0,1.0,79.0,55.7,HIGH,FRICTION_PRONE_CUSTOMER,PERSISTENT_BEHAVIOR | REPEATED_PAYMENT_FAILURES | MULTIPLE_PROBLEMATIC_JOURNEYS
C003645,John,Pierce,United States,Premium,5,14208.82,8,3,5,3,43.0,75.0,3,3,0,3,75.0,0.6,0.6,0.6,11.25,0.6,75.0,55.88,HIGH,FRICTION_PRONE_CUSTOMER,HIGH_SEVERITY | PERSISTENT_BEHAVIOR | REPEATED_PAYMENT_FAILURES | MULTIPLE_PROBLEMATIC_JOURNEYS
C003646,Kristen,King,Saudi Arabia,Standard,5,15893.95,9,4,5,4,48.0,100.0,7,2,2,3,100.0,0.8,0.8,1.4,16.5,0.6,75.0,67.45,HIGH,FRICTION_PRONE_CUSTOMER,HIGH_SEVERITY | PERSISTENT_BEHAVIOR | REPEATED_PAYMENT_FAILURES | MULTIPLE_PROBLEMATIC_JOURNEYS | CRITICAL_JOURNEY
C003649,Elizabeth,Meadows,Pakistan,Standard,1,4987.29,1,0,1,0,0.0,0.0,0,0,0,0,0.0,0.0,0.0,0.0,0.0,0.0,0.0,0.0,LOW,NORMAL_CUSTOMER,NO_MAJOR_RISK_SIGNAL
C003651,Paul,Jacobson,United States,Standard,2,5377.36,3,1,2,1,60.0,75.0,2,1,0,2,75.0,0.5,0.5,1.0,10.62,1.0,79.0,56.89,HIGH,FRICTION_PRONE_CUSTOMER,HIGH_SEVERITY | PERSISTENT_BEHAVIOR | MULTIPLE_PROBLEMATIC_JOURNEYS
C003653,Theresa,Love,United States,VIP,1,1258.86,1,0,1,0,0.0,0.0,0,0,0,0,0.0,0.0,0.0,0.0,0.0,0.0,0.0,0.0,LOW,NORMAL_CUSTOMER,NO_MAJOR_RISK_SIGNAL
C003654,Larry,Bartlett,Saudi Arabia,Standard,1,2704.62,1,0,1,0,0.0,0.0,0,0,0,0,0.0,0.0,0.0,0.0,0.0,0.0,0.0,0.0,LOW,NORMAL_CUSTOMER,NO_MAJOR_RISK_SIGNAL
C003655,Andrea,Jones,Saudi Arabia,Standard,2,5328.98,2,0,2,0,0.0,0.0,0,0,0,0,0.0,0.0,0.0,0.0,0.0,0.0,0.0,0.0,LOW,NORMAL_CUSTOMER,NO_MAJOR_RISK_SIGNAL
C003656,Alexander,Barnes,Saudi Arabia,Premium,2,3421.99,2,0,2,0,0.0,0.0,0,0,0,0,0.0,0.0,0.0,0.0,0.0,0.0,0.0,0.0,LOW,NORMAL_CUSTOMER,NO_MAJOR_RISK_SIGNAL
C003658,Christine,Gordon,Pakistan,Premium,3,6004.33,4,1,3,1,25.0,45.0,1,0,0,1,45.0,0.33,0.33,0.33,6.25,0.33,30.0,28.88,MEDIUM,LOYAL_LOW_FRICTION_CUSTOMER,NO_MAJOR_RISK_SIGNAL
C003660,Molly,Greene,Other,Premium,2,7134.33,4,2,2,2,32.5,65.0,2,1,0,1,65.0,1.0,1.0,1.0,18.75,0.5,30.0,40.62,MEDIUM,NORMAL_CUSTOMER,REPEATED_PAYMENT_FAILURES
C003662,Rhonda,Anderson,Pakistan,Premium,1,2250.37,3,2,1,2,65.0,65.0,2,1,0,1,65.0,2.0,2.0,2.0,37.5,1.0,30.0,46.25,MEDIUM,NORMAL_CUSTOMER,REPEATED_PAYMENT_FAILURES
C003663,Janet,Williams,Saudi Arabia,Premium,1,4904.05,2,1,1,1,75.0,75.0,1,1,0,1,75.0,1.0,1.0,1.0,18.75,1.0,30.0,44.62,MEDIUM,NORMAL_CUSTOMER,HIGH_SEVERITY
C003664,Deborah,Knight,Saudi Arabia,Premium,2,3533.9,2,0,2,0,20.0,40.0,1,0,0,1,40.0,0.0,0.0,0.5,1.25,0.5,30.0,25.38,MEDIUM,NORMAL_CUSTOMER,NO_MAJOR_RISK_SIGNAL
C003665,Kari,Bauer,Pakistan,Standard,1,1461.01,1,0,1,0,0.0,0.0,0,0,0,0,0.0,0.0,0.0,0.0,0.0,0.0,0.0,0.0,LOW,NORMAL_CUSTOMER,NO_MAJOR_RISK_SIGNAL
C003666,Amy,Benson,United Arab Emirates,Premium,2,7695.5,3,1,2,1,37.5,45.0,1,0,0,1,45.0,0.5,0.5,0.5,9.38,0.5,30.0,29.81,MEDIUM,NORMAL_CUSTOMER,NO_MAJOR_RISK_SIGNAL
C003667,Carrie,Yang,United States,Standard,1,1737.68,1,0,1,0,0.0,0.0,0,0,0,0,0.0,0.0,0.0,0.0,0.0,0.0,0.0,0.0,LOW,NORMAL_CUSTOMER,NO_MAJOR_RISK_SIGNAL
C003668,Kimberly,Sanders,Saudi Arabia,Standard,2,4618.32,3,1,2,1,55.0,70.0,2,1,0,2,70.0,0.5,0.5,1.0,10.62,1.0,79.0,54.89,HIGH,FRICTION_PRONE_CUSTOMER,HIGH_SEVERITY | PERSISTENT_BEHAVIOR | MULTIPLE_PROBLEMATIC_JOURNEYS
C003670,Kelly,Berg,United Arab Emirates,Standard,1,4310.6,1,0,1,0,0.0,0.0,0,0,0,0,0.0,0.0,0.0,0.0,0.0,0.0,0.0,0.0,LOW,NORMAL_CUSTOMER,NO_MAJOR_RISK_SIGNAL
C003671,Gregory,Mata,Saudi Arabia,Standard,3,10619.45,5,2,3,2,46.67,70.0,2,1,0,2,70.0,0.67,0.67,0.67,12.5,0.67,65.67,51.45,HIGH,FRICTION_PRONE_CUSTOMER,HIGH_SEVERITY | PERSISTENT_BEHAVIOR | REPEATED_PAYMENT_FAILURES | MULTIPLE_PROBLEMATIC_JOURNEYS
C003672,Felicia,Martin,Saudi Arabia,Premium,1,1995.07,1,0,1,0,40.0,40.0,1,0,0,1,40.0,0.0,0.0,1.0,2.5,1.0,30.0,25.75,MEDIUM,NORMAL_CUSTOMER,NO_MAJOR_RISK_SIGNAL
C003673,Jacob,Christensen,United Kingdom,Premium,4,12143.27,5,1,4,1,30.0,75.0,2,1,0,2,75.0,0.25,0.25,0.5,5.31,0.5,59.0,49.29,HIGH,FRICTION_PRONE_CUSTOMER,HIGH_SEVERITY | PERSISTENT_BEHAVIOR | MULTIPLE_PROBLEMATIC_JOURNEYS
C003674,Glenn,Cruz,Saudi Arabia,Premium,2,7722.33,2,0,2,0,0.0,0.0,0,0,0,0,0.0,0.0,0.0,0.0,0.0,0.0,0.0,0.0,LOW,NORMAL_CUSTOMER,NO_MAJOR_RISK_SIGNAL
C003675,Willie,Chan,Pakistan,Standard,2,4041.09,2,0,2,0,20.0,40.0,1,0,0,1,40.0,0.0,0.0,0.5,1.25,0.5,30.0,25.38,MEDIUM,NORMAL_CUSTOMER,NO_MAJOR_RISK_SIGNAL
C003676,Nicholas,Morales,Saudi Arabia,Premium,5,9452.84,10,5,5,5,32.0,65.0,4,2,0,2,65.0,1.0,1.0,0.8,18.25,0.4,55.0,47.98,MEDIUM,NORMAL_CUSTOMER,PERSISTENT_BEHAVIOR | REPEATED_PAYMENT_FAILURES | MULTIPLE_PROBLEMATIC_JOURNEYS
C003677,Roy,Nelson,Saudi Arabia,Standard,3,7848.69,3,0,3,0,15.0,45.0,1,0,0,1,45.0,0.0,0.0,0.33,0.83,0.33,30.0,27.25,MEDIUM,LOYAL_LOW_FRICTION_CUSTOMER,NO_MAJOR_RISK_SIGNAL
C003678,Angela,White,United Arab Emirates,Premium,3,6264.73,5,2,3,2,48.33,65.0,4,1,0,3,65.0,0.67,0.67,1.33,14.17,1.0,91.0,57.55,HIGH,FRICTION_PRONE_CUSTOMER,PERSISTENT_BEHAVIOR | REPEATED_PAYMENT_FAILURES | MULTIPLE_PROBLEMATIC_JOURNEYS
C003679,David,Moore,United States,Standard,1,1340.96,1,0,1,0,0.0,0.0,0,0,0,0,0.0,0.0,0.0,0.0,0.0,0.0,0.0,0.0,LOW,NORMAL_CUSTOMER,NO_MAJOR_RISK_SIGNAL
C003680,Brandy,Robinson,United Arab Emirates,Premium,1,1725.94,1,0,1,0,40.0,40.0,1,0,0,1,40.0,0.0,0.0,1.0,2.5,1.0,30.0,25.75,MEDIUM,NORMAL_CUSTOMER,NO_MAJOR_RISK_SIGNAL
C003682,Mark,Suarez,Saudi Arabia,VIP,4,9167.6,4,0,4,0,0.0,0.0,0,0,0,0,0.0,0.0,0.0,0.0,0.0,0.0,0.0,0.0,LOW,LOYAL_LOW_FRICTION_CUSTOMER,NO_MAJOR_RISK_SIGNAL
C003683,Jenna,Gibbs,United States,Standard,2,5406.57,2,0,2,0,20.0,40.0,1,0,0,1,40.0,0.0,0.0,0.5,1.25,0.5,30.0,25.38,MEDIUM,NORMAL_CUSTOMER,NO_MAJOR_RISK_SIGNAL
C003684,Eric,Gibson,Saudi Arabia,Standard,2,8061.0,3,1,2,1,15.0,30.0,0,0,0,0,30.0,0.5,0.5,0.0,8.12,0.0,0.0,14.44,LOW,NORMAL_CUSTOMER,NO_MAJOR_RISK_SIGNAL
C003687,Brent,Turner,Other,Standard,1,1384.03,2,1,1,1,75.0,75.0,1,1,0,1,75.0,1.0,1.0,1.0,18.75,1.0,30.0,44.62,MEDIUM,NORMAL_CUSTOMER,HIGH_SEVERITY
C003688,Sarah,Robinson,United Arab Emirates,Standard,2,7674.39,2,0,2,0,0.0,0.0,0,0,0,0,0.0,0.0,0.0,0.0,0.0,0.0,0.0,0.0,LOW,NORMAL_CUSTOMER,NO_MAJOR_RISK_SIGNAL
C003691,Tracy,Jackson,United States,Standard,3,4883.74,4,1,3,1,23.33,70.0,1,1,0,1,70.0,0.33,0.33,0.33,6.25,0.33,30.0,38.88,MEDIUM,LOYAL_LOW_FRICTION_CUSTOMER,HIGH_SEVERITY
C003692,Ashley,Williams,Pakistan,Standard,1,4500.38,1,0,1,0,0.0,0.0,0,0,0,0,0.0,0.0,0.0,0.0,0.0,0.0,0.0,0.0,LOW,NORMAL_CUSTOMER,NO_MAJOR_RISK_SIGNAL
C003695,Louis,Hernandez,United Arab Emirates,Standard,1,2803.27,1,0,1,0,0.0,0.0,0,0,0,0,0.0,0.0,0.0,0.0,0.0,0.0,0.0,0.0,LOW,NORMAL_CUSTOMER,NO_MAJOR_RISK_SIGNAL
C003696,Jeffrey,Stephenson,Saudi Arabia,Premium,1,730.22,1,0,1,0,0.0,0.0,0,0,0,0,0.0,0.0,0.0,0.0,0.0,0.0,0.0,0.0,LOW,NORMAL_CUSTOMER,NO_MAJOR_RISK_SIGNAL
C003697,Ivan,Ho,Other,Premium,3,8059.31,5,2,3,2,50.0,65.0,4,1,0,3,65.0,0.67,0.67,1.33,14.17,1.0,91.0,57.55,HIGH,FRICTION_PRONE_CUSTOMER,PERSISTENT_BEHAVIOR | REPEATED_PAYMENT_FAILURES | MULTIPLE_PROBLEMATIC_JOURNEYS
C003698,Carlos,Nelson,United Kingdom,Standard,4,10704.75,4,0,4,0,0.0,0.0,0,0,0,0,0.0,0.0,0.0,0.0,0.0,0.0,0.0,0.0,LOW,LOYAL_LOW_FRICTION_CUSTOMER,NO_MAJOR_RISK_SIGNAL
C003700,Robert,Day,Saudi Arabia,Premium,3,5207.66,4,1,3,1,25.0,40.0,1,0,0,1,40.0,0.33,0.33,0.33,6.25,0.33,30.0,26.88,MEDIUM,LOYAL_LOW_FRICTION_CUSTOMER,NO_MAJOR_RISK_SIGNAL
C003701,Amanda,Wright,Pakistan,VIP,2,8791.51,2,0,2,0,0.0,0.0,0,0,0,0,0.0,0.0,0.0,0.0,0.0,0.0,0.0,0.0,LOW,NORMAL_CUSTOMER,NO_MAJOR_RISK_SIGNAL
C003702,Christopher,Colon,United Kingdom,Premium,3,8477.5,3,0,3,0,13.33,40.0,1,0,0,1,40.0,0.0,0.0,0.33,0.83,0.33,30.0,25.25,MEDIUM,LOYAL_LOW_FRICTION_CUSTOMER,NO_MAJOR_RISK_SIGNAL
C003703,Jeffrey,Nichols,United Arab Emirates,Standard,2,1899.77,4,2,2,2,32.5,65.0,2,1,0,1,65.0,1.0,1.0,1.0,18.75,0.5,30.0,40.62,MEDIUM,NORMAL_CUSTOMER,REPEATED_PAYMENT_FAILURES
C003706,Michael,Jacobs,Other,Standard,1,2293.19,1,0,1,0,0.0,0.0,0,0,0,0,0.0,0.0,0.0,0.0,0.0,0.0,0.0,0.0,LOW,NORMAL_CUSTOMER,NO_MAJOR_RISK_SIGNAL
C003710,Wendy,Dunn,Other,Standard,2,7603.97,3,1,2,1,15.0,30.0,0,0,0,0,30.0,0.5,0.5,0.0,8.12,0.0,0.0,14.44,LOW,NORMAL_CUSTOMER,NO_MAJOR_RISK_SIGNAL
C003712,Tina,Ortiz,United Kingdom,Standard,1,2162.34,1,0,1,0,0.0,0.0,0,0,0,0,0.0,0.0,0.0,0.0,0.0,0.0,0.0,0.0,LOW,NORMAL_CUSTOMER,NO_MAJOR_RISK_SIGNAL
C003713,Alan,Carr,United Kingdom,Premium,1,618.59,1,0,1,0,0.0,0.0,0,0,0,0,0.0,0.0,0.0,0.0,0.0,0.0,0.0,0.0,LOW,NORMAL_CUSTOMER,NO_MAJOR_RISK_SIGNAL
C003714,Elizabeth,Nguyen,Pakistan,Standard,3,8667.61,7,4,3,4,68.33,100.0,6,2,1,3,100.0,1.33,1.33,2.0,26.67,1.0,91.0,75.3,CRITICAL,HIGH_RISK_CUSTOMER,HIGH_SEVERITY | PERSISTENT_BEHAVIOR | REPEATED_PAYMENT_FAILURES | MULTIPLE_PROBLEMATIC_JOURNEYS | CRITICAL_JOURNEY
C003715,Sean,Brown,Other,Standard,1,1083.36,1,0,1,0,40.0,40.0,1,0,0,1,40.0,0.0,0.0,1.0,2.5,1.0,30.0,25.75,MEDIUM,NORMAL_CUSTOMER,NO_MAJOR_RISK_SIGNAL
C003716,Rebecca,Cabrera,United Arab Emirates,Standard,2,8139.53,2,0,2,0,22.5,45.0,1,0,0,1,45.0,0.0,0.0,0.5,1.25,0.5,30.0,27.38,MEDIUM,NORMAL_CUSTOMER,NO_MAJOR_RISK_SIGNAL
C003717,Christina,Holloway,United Arab Emirates,Standard,3,10139.39,7,4,3,4,43.33,65.0,4,2,0,2,65.0,1.33,1.33,1.33,25.0,0.67,65.67,53.2,HIGH,FRICTION_PRONE_CUSTOMER,PERSISTENT_BEHAVIOR | REPEATED_PAYMENT_FAILURES | MULTIPLE_PROBLEMATIC_JOURNEYS
C003719,Susan,Sanford,United Arab Emirates,Standard,4,9344.44,5,1,4,1,7.5,30.0,0,0,0,0,30.0,0.25,0.25,0.0,4.06,0.0,0.0,13.22,LOW,LOYAL_LOW_FRICTION_CUSTOMER,NO_MAJOR_RISK_SIGNAL
C003720,Felicia,Thompson,Saudi Arabia,Standard,8,22381.16,8,0,8,0,16.25,45.0,3,0,0,3,45.0,0.0,0.0,0.38,0.94,0.38,66.0,38.08,MEDIUM,NORMAL_CUSTOMER,PERSISTENT_BEHAVIOR | MULTIPLE_PROBLEMATIC_JOURNEYS
C003721,Manuel,Bonilla,United Arab Emirates,Premium,2,4227.38,3,1,2,1,15.0,30.0,0,0,0,0,30.0,0.5,0.5,0.0,8.12,0.0,0.0,14.44,LOW,NORMAL_CUSTOMER,NO_MAJOR_RISK_SIGNAL
C003723,Sierra,Irwin,Other,Standard,3,11765.47,4,1,3,1,10.0,30.0,0,0,0,0,30.0,0.33,0.33,0.0,5.42,0.0,0.0,13.63,LOW,LOYAL_LOW_FRICTION_CUSTOMER,NO_MAJOR_RISK_SIGNAL
C003724,Paul,Osborne,Saudi Arabia,Premium,2,6317.02,2,0,2,0,0.0,0.0,0,0,0,0,0.0,0.0,0.0,0.0,0.0,0.0,0.0,0.0,LOW,NORMAL_CUSTOMER,NO_MAJOR_RISK_SIGNAL
C003725,Amber,Deleon,United Arab Emirates,Standard,1,967.72,1,0,1,0,0.0,0.0,0,0,0,0,0.0,0.0,0.0,0.0,0.0,0.0,0.0,0.0,LOW,NORMAL_CUSTOMER,NO_MAJOR_RISK_SIGNAL
C003726,Justin,Rodriguez,Other,Premium,1,1407.29,3,2,1,2,100.0,100.0,3,1,1,1,100.0,2.0,2.0,3.0,40.0,1.0,30.0,61.0,HIGH,FRICTION_PRONE_CUSTOMER,HIGH_SEVERITY | REPEATED_PAYMENT_FAILURES | CRITICAL_JOURNEY
C003727,Rhonda,Reese,Saudi Arabia,Standard,4,9056.39,4,0,4,0,21.25,45.0,2,0,0,2,45.0,0.0,0.0,0.5,1.25,0.5,59.0,36.08,MEDIUM,NORMAL_CUSTOMER,PERSISTENT_BEHAVIOR | MULTIPLE_PROBLEMATIC_JOURNEYS
C003728,Lynn,Reyes,Saudi Arabia,Standard,3,5510.05,5,2,3,2,50.0,70.0,2,1,0,2,70.0,0.67,0.67,0.67,12.5,0.67,65.67,51.45,HIGH,FRICTION_PRONE_CUSTOMER,HIGH_SEVERITY | PERSISTENT_BEHAVIOR | REPEATED_PAYMENT_FAILURES | MULTIPLE_PROBLEMATIC_JOURNEYS
C003730,Leah,Berg,Pakistan,VIP,2,4458.05,3,1,2,1,40.0,80.0,1,1,1,1,80.0,0.5,0.5,0.5,9.38,0.5,30.0,43.81,MEDIUM,NORMAL_CUSTOMER,HIGH_SEVERITY | CRITICAL_JOURNEY
C003731,Sean,Walters,Saudi Arabia,Standard,2,5357.07,3,1,2,1,37.5,75.0,1,1,0,1,75.0,0.5,0.5,0.5,9.38,0.5,30.0,41.81,MEDIUM,NORMAL_CUSTOMER,HIGH_SEVERITY
C003732,Bradley,Pierce,Other,Standard,3,8965.63,6,3,3,3,31.67,65.0,2,1,0,1,65.0,1.0,1.0,0.67,17.92,0.33,30.0,40.38,MEDIUM,NORMAL_CUSTOMER,REPEATED_PAYMENT_FAILURES
C003733,Rachel,Montoya,United Arab Emirates,Standard,2,7320.59,4,2,2,2,50.0,100.0,3,1,1,1,100.0,1.0,1.0,1.5,20.0,0.5,30.0,55.0,HIGH,FRICTION_PRONE_CUSTOMER,HIGH_SEVERITY | REPEATED_PAYMENT_FAILURES | CRITICAL_JOURNEY
C003734,James,Walker,Pakistan,Standard,1,1326.4,1,0,1,0,0.0,0.0,0,0,0,0,0.0,0.0,0.0,0.0,0.0,0.0,0.0,0.0,LOW,NORMAL_CUSTOMER,NO_MAJOR_RISK_SIGNAL
C003735,Willie,Adams,Saudi Arabia,Premium,5,17152.41,6,1,5,1,30.0,70.0,3,1,0,3,70.0,0.2,0.2,0.6,4.75,0.6,75.0,51.92,HIGH,FRICTION_PRONE_CUSTOMER,HIGH_SEVERITY | PERSISTENT_BEHAVIOR | MULTIPLE_PROBLEMATIC_JOURNEYS
C003736,Stacy,Perkins,United Arab Emirates,Standard,6,14673.16,6,0,6,0,20.0,40.0,3,0,0,3,40.0,0.0,0.0,0.5,1.25,0.5,71.0,37.67,MEDIUM,NORMAL_CUSTOMER,PERSISTENT_BEHAVIOR | MULTIPLE_PROBLEMATIC_JOURNEYS
C003737,Gary,Morton,United Kingdom,Premium,2,2612.31,2,0,2,0,0.0,0.0,0,0,0,0,0.0,0.0,0.0,0.0,0.0,0.0,0.0,0.0,LOW,NORMAL_CUSTOMER,NO_MAJOR_RISK_SIGNAL
C003738,Stephanie,Mullins,United States,Standard,2,1642.19,2,0,2,0,0.0,0.0,0,0,0,0,0.0,0.0,0.0,0.0,0.0,0.0,0.0,0.0,LOW,NORMAL_CUSTOMER,NO_MAJOR_RISK_SIGNAL
C003739,Amanda,Moore,United States,Premium,2,3973.89,3,1,2,1,17.5,35.0,0,0,0,0,35.0,0.5,0.5,0.0,8.12,0.0,0.0,16.44,LOW,NORMAL_CUSTOMER,NO_MAJOR_RISK_SIGNAL
C003740,Adrian,Hall,Pakistan,Standard,1,2645.03,1,0,1,0,0.0,0.0,0,0,0,0,0.0,0.0,0.0,0.0,0.0,0.0,0.0,0.0,LOW,NORMAL_CUSTOMER,NO_MAJOR_RISK_SIGNAL
C003741,Cameron,Barber,Other,Premium,2,1233.12,2,0,2,0,40.0,40.0,2,0,0,2,40.0,0.0,0.0,1.0,2.5,1.0,79.0,40.45,MEDIUM,NORMAL_CUSTOMER,PERSISTENT_BEHAVIOR | MULTIPLE_PROBLEMATIC_JOURNEYS
C003742,Ellen,Richardson,United States,Standard,2,6928.27,2,0,2,0,0.0,0.0,0,0,0,0,0.0,0.0,0.0,0.0,0.0,0.0,0.0,0.0,LOW,NORMAL_CUSTOMER,NO_MAJOR_RISK_SIGNAL
C003744,Michelle,Davis,Saudi Arabia,Standard,2,6142.53,2,0,2,0,0.0,0.0,0,0,0,0,0.0,0.0,0.0,0.0,0.0,0.0,0.0,0.0,LOW,NORMAL_CUSTOMER,NO_MAJOR_RISK_SIGNAL
C003745,Roger,White,Saudi Arabia,Standard,3,11079.93,5,2,3,2,45.0,95.0,4,1,1,2,95.0,0.67,0.67,1.33,14.17,0.67,65.67,61.95,HIGH,FRICTION_PRONE_CUSTOMER,HIGH_SEVERITY | PERSISTENT_BEHAVIOR | REPEATED_PAYMENT_FAILURES | MULTIPLE_PROBLEMATIC_JOURNEYS | CRITICAL_JOURNEY
C003747,Amanda,Huffman,United Kingdom,Standard,1,1016.1,1,0,1,0,0.0,0.0,0,0,0,0,0.0,0.0,0.0,0.0,0.0,0.0,0.0,0.0,LOW,NORMAL_CUSTOMER,NO_MAJOR_RISK_SIGNAL
C003748,Jacqueline,Lopez,United Arab Emirates,Premium,4,8956.97,6,2,4,2,35.0,100.0,4,1,1,2,100.0,0.5,0.5,1.0,10.62,0.5,59.0,60.89,HIGH,FRICTION_PRONE_CUSTOMER,HIGH_SEVERITY | PERSISTENT_BEHAVIOR | REPEATED_PAYMENT_FAILURES | MULTIPLE_PROBLEMATIC_JOURNEYS | CRITICAL_JOURNEY
C003749,Theresa,Henry,United Arab Emirates,Standard,5,15913.46,8,3,5,3,20.0,65.0,2,1,0,1,65.0,0.6,0.6,0.4,10.75,0.2,26.0,37.02,MEDIUM,LOYAL_LOW_FRICTION_CUSTOMER,REPEATED_PAYMENT_FAILURES
C003750,Kimberly,Blair,Other,Standard,1,972.63,1,0,1,0,40.0,40.0,1,0,0,1,40.0,0.0,0.0,1.0,2.5,1.0,30.0,25.75,MEDIUM,NORMAL_CUSTOMER,NO_MAJOR_RISK_SIGNAL
C003751,Deborah,Holland,Other,Premium,1,3906.93,1,0,1,0,0.0,0.0,0,0,0,0,0.0,0.0,0.0,0.0,0.0,0.0,0.0,0.0,LOW,NORMAL_CUSTOMER,NO_MAJOR_RISK_SIGNAL
C003752,Shelby,Smith,Other,Standard,1,4039.0,2,1,1,1,30.0,30.0,0,0,0,0,30.0,1.0,1.0,0.0,16.25,0.0,0.0,16.88,LOW,NORMAL_CUSTOMER,NO_MAJOR_RISK_SIGNAL
C003753,Julie,Martin,United Arab Emirates,Standard,2,7328.7,2,0,2,0,0.0,0.0,0,0,0,0,0.0,0.0,0.0,0.0,0.0,0.0,0.0,0.0,LOW,NORMAL_CUSTOMER,NO_MAJOR_RISK_SIGNAL
C003755,Stephen,Long,Saudi Arabia,Standard,1,1253.89,1,0,1,0,0.0,0.0,0,0,0,0,0.0,0.0,0.0,0.0,0.0,0.0,0.0,0.0,LOW,NORMAL_CUSTOMER,NO_MAJOR_RISK_SIGNAL
C003757,Christopher,Jones,Saudi Arabia,Standard,2,4998.37,2,0,2,0,0.0,0.0,0,0,0,0,0.0,0.0,0.0,0.0,0.0,0.0,0.0,0.0,LOW,NORMAL_CUSTOMER,NO_MAJOR_RISK_SIGNAL
C003758,Brian,Jones,United Arab Emirates,Premium,3,7797.59,3,0,3,0,15.0,45.0,1,0,0,1,45.0,0.0,0.0,0.33,0.83,0.33,30.0,27.25,MEDIUM,LOYAL_LOW_FRICTION_CUSTOMER,NO_MAJOR_RISK_SIGNAL
C003759,Laura,Sanchez,United Arab Emirates,VIP,3,8163.23,3,0,3,0,15.0,45.0,1,0,0,1,45.0,0.0,0.0,0.33,0.83,0.33,30.0,27.25,MEDIUM,LOYAL_LOW_FRICTION_CUSTOMER,NO_MAJOR_RISK_SIGNAL
C003760,Angela,Stout,United States,VIP,2,9330.66,3,1,2,1,15.0,30.0,0,0,0,0,30.0,0.5,0.5,0.0,8.12,0.0,0.0,14.44,LOW,NORMAL_CUSTOMER,NO_MAJOR_RISK_SIGNAL
C003761,Bailey,Waller,Saudi Arabia,Standard,2,5563.78,2,0,2,0,0.0,0.0,0,0,0,0,0.0,0.0,0.0,0.0,0.0,0.0,0.0,0.0,LOW,NORMAL_CUSTOMER,NO_MAJOR_RISK_SIGNAL
C003762,Jeremy,Garcia,United Kingdom,Standard,1,4678.14,3,2,1,2,65.0,65.0,2,1,0,1,65.0,2.0,2.0,2.0,37.5,1.0,30.0,46.25,MEDIUM,NORMAL_CUSTOMER,REPEATED_PAYMENT_FAILURES
C003763,Jonathan,Rose,Pakistan,Standard,3,10940.65,3,0,3,0,13.33,40.0,1,0,0,1,40.0,0.0,0.0,0.33,0.83,0.33,30.0,25.25,MEDIUM,LOYAL_LOW_FRICTION_CUSTOMER,NO_MAJOR_RISK_SIGNAL
C003764,Paul,Acosta,Saudi Arabia,Standard,1,1146.54,2,1,1,1,35.0,35.0,0,0,0,0,35.0,1.0,1.0,0.0,16.25,0.0,0.0,18.88,LOW,NORMAL_CUSTOMER,NO_MAJOR_RISK_SIGNAL
C003765,Crystal,Morton,United Arab Emirates,Standard,5,9432.29,9,4,5,4,33.0,70.0,3,2,0,2,70.0,0.8,0.8,0.6,14.5,0.4,55.0,48.85,MEDIUM,NORMAL_CUSTOMER,HIGH_SEVERITY | PERSISTENT_BEHAVIOR | REPEATED_PAYMENT_FAILURES | MULTIPLE_PROBLEMATIC_JOURNEYS
C003766,Ryan,Morrison,Saudi Arabia,Standard,2,5712.69,3,1,2,1,60.0,75.0,2,1,0,2,75.0,0.5,0.5,1.0,10.62,1.0,79.0,56.89,HIGH,FRICTION_PRONE_CUSTOMER,HIGH_SEVERITY | PERSISTENT_BEHAVIOR | MULTIPLE_PROBLEMATIC_JOURNEYS
C003767,Andre,Gray,Pakistan,Premium,2,3241.65,2,0,2,0,22.5,45.0,1,0,0,1,45.0,0.0,0.0,0.5,1.25,0.5,30.0,27.38,MEDIUM,NORMAL_CUSTOMER,NO_MAJOR_RISK_SIGNAL
C003768,Emily,Smith,United Arab Emirates,Premium,1,2160.18,1,0,1,0,45.0,45.0,1,0,0,1,45.0,0.0,0.0,1.0,2.5,1.0,30.0,27.75,MEDIUM,NORMAL_CUSTOMER,NO_MAJOR_RISK_SIGNAL
C003769,Amanda,Serrano,Saudi Arabia,Standard,1,871.27,1,0,1,0,40.0,40.0,1,0,0,1,40.0,0.0,0.0,1.0,2.5,1.0,30.0,25.75,MEDIUM,NORMAL_CUSTOMER,NO_MAJOR_RISK_SIGNAL
C003770,Darlene,Hines,Saudi Arabia,VIP,2,6415.61,3,1,2,1,15.0,30.0,0,0,0,0,30.0,0.5,0.5,0.0,8.12,0.0,0.0,14.44,LOW,NORMAL_CUSTOMER,NO_MAJOR_RISK_SIGNAL
C003771,Christine,Newman,Pakistan,VIP,3,6078.38,4,1,3,1,11.67,35.0,0,0,0,0,35.0,0.33,0.33,0.0,5.42,0.0,0.0,15.63,LOW,LOYAL_LOW_FRICTION_CUSTOMER,NO_MAJOR_RISK_SIGNAL
C003772,Katelyn,Williams,Other,Standard,1,968.85,1,0,1,0,0.0,0.0,0,0,0,0,0.0,0.0,0.0,0.0,0.0,0.0,0.0,0.0,LOW,NORMAL_CUSTOMER,NO_MAJOR_RISK_SIGNAL
C003773,Brenda,Wright,United Arab Emirates,Standard,1,1126.88,2,1,1,1,30.0,30.0,0,0,0,0,30.0,1.0,1.0,0.0,16.25,0.0,0.0,16.88,LOW,NORMAL_CUSTOMER,NO_MAJOR_RISK_SIGNAL
C003775,Charles,Thomas,United Kingdom,Standard,1,2461.09,2,1,1,1,35.0,35.0,0,0,0,0,35.0,1.0,1.0,0.0,16.25,0.0,0.0,18.88,LOW,NORMAL_CUSTOMER,NO_MAJOR_RISK_SIGNAL
C003776,Sarah,Burton,Other,Standard,2,7950.18,2,0,2,0,0.0,0.0,0,0,0,0,0.0,0.0,0.0,0.0,0.0,0.0,0.0,0.0,LOW,NORMAL_CUSTOMER,NO_MAJOR_RISK_SIGNAL
C003777,Daniel,Smith,United States,Standard,1,617.3,1,0,1,0,0.0,0.0,0,0,0,0,0.0,0.0,0.0,0.0,0.0,0.0,0.0,0.0,LOW,NORMAL_CUSTOMER,NO_MAJOR_RISK_SIGNAL
C003778,Kristin,Burch,Pakistan,Premium,1,2043.61,3,2,1,2,65.0,65.0,2,1,0,1,65.0,2.0,2.0,2.0,37.5,1.0,30.0,46.25,MEDIUM,NORMAL_CUSTOMER,REPEATED_PAYMENT_FAILURES
C003779,Kevin,Rosario,United Kingdom,Standard,3,7257.74,4,1,3,1,11.67,35.0,0,0,0,0,35.0,0.33,0.33,0.0,5.42,0.0,0.0,15.63,LOW,LOYAL_LOW_FRICTION_CUSTOMER,NO_MAJOR_RISK_SIGNAL
C003780,Christopher,Rodriguez,Other,Standard,2,3131.48,3,1,2,1,60.0,75.0,2,1,0,2,75.0,0.5,0.5,1.0,10.62,1.0,79.0,56.89,HIGH,FRICTION_PRONE_CUSTOMER,HIGH_SEVERITY | PERSISTENT_BEHAVIOR | MULTIPLE_PROBLEMATIC_JOURNEYS
C003783,Randall,Zimmerman,Saudi Arabia,Standard,1,1249.88,1,0,1,0,0.0,0.0,0,0,0,0,0.0,0.0,0.0,0.0,0.0,0.0,0.0,0.0,LOW,NORMAL_CUSTOMER,NO_MAJOR_RISK_SIGNAL
C003784,Donna,Harris,United States,Standard,3,7741.05,3,0,3,0,0.0,0.0,0,0,0,0,0.0,0.0,0.0,0.0,0.0,0.0,0.0,0.0,LOW,LOYAL_LOW_FRICTION_CUSTOMER,NO_MAJOR_RISK_SIGNAL
C003787,Derek,Wallace,Pakistan,Premium,3,7684.83,5,2,3,2,36.67,80.0,1,1,1,1,80.0,0.67,0.67,0.33,11.67,0.33,30.0,44.5,MEDIUM,NORMAL_CUSTOMER,HIGH_SEVERITY | REPEATED_PAYMENT_FAILURES | CRITICAL_JOURNEY
C003788,Peter,Martin,United Arab Emirates,Standard,1,3358.12,2,1,1,1,70.0,70.0,1,1,0,1,70.0,1.0,1.0,1.0,18.75,1.0,30.0,42.62,MEDIUM,NORMAL_CUSTOMER,HIGH_SEVERITY
C003789,Lauren,Rivera,Saudi Arabia,Standard,2,7200.48,2,0,2,0,22.5,45.0,1,0,0,1,45.0,0.0,0.0,0.5,1.25,0.5,30.0,27.38,MEDIUM,NORMAL_CUSTOMER,NO_MAJOR_RISK_SIGNAL
C003790,Amy,Moore,Other,Standard,3,7381.7,7,4,3,4,66.67,100.0,6,2,2,2,100.0,1.33,1.33,2.0,26.67,0.67,65.67,67.7,HIGH,FRICTION_PRONE_CUSTOMER,HIGH_SEVERITY | PERSISTENT_BEHAVIOR | REPEATED_PAYMENT_FAILURES | MULTIPLE_PROBLEMATIC_JOURNEYS | CRITICAL_JOURNEY
C003792,Douglas,Holt,Saudi Arabia,Premium,3,6321.81,3,0,3,0,0.0,0.0,0,0,0,0,0.0,0.0,0.0,0.0,0.0,0.0,0.0,0.0,LOW,LOYAL_LOW_FRICTION_CUSTOMER,NO_MAJOR_RISK_SIGNAL
C003793,Erica,Burton,Pakistan,Standard,3,13257.49,4,1,3,1,25.0,75.0,1,1,0,1,75.0,0.33,0.33,0.33,6.25,0.33,30.0,40.88,MEDIUM,LOYAL_LOW_FRICTION_CUSTOMER,HIGH_SEVERITY
C003794,Robin,Martinez,United Kingdom,Standard,4,10415.38,6,2,4,2,45.0,95.0,5,1,1,3,95.0,0.5,0.5,1.25,11.25,0.75,81.0,65.68,HIGH,FRICTION_PRONE_CUSTOMER,HIGH_SEVERITY | PERSISTENT_BEHAVIOR | REPEATED_PAYMENT_FAILURES | MULTIPLE_PROBLEMATIC_JOURNEYS | CRITICAL_JOURNEY
C003796,Jessica,Garcia,United Kingdom,Premium,1,3379.75,1,0,1,0,40.0,40.0,1,0,0,1,40.0,0.0,0.0,1.0,2.5,1.0,30.0,25.75,MEDIUM,NORMAL_CUSTOMER,NO_MAJOR_RISK_SIGNAL
C003797,Nathan,Phillips,Pakistan,Standard,1,4547.95,1,0,1,0,0.0,0.0,0,0,0,0,0.0,0.0,0.0,0.0,0.0,0.0,0.0,0.0,LOW,NORMAL_CUSTOMER,NO_MAJOR_RISK_SIGNAL
C003798,Stacy,Hunt,Saudi Arabia,Standard,5,13587.67,6,1,5,1,16.0,80.0,1,1,1,1,80.0,0.2,0.2,0.2,3.75,0.2,26.0,40.92,MEDIUM,LOYAL_LOW_FRICTION_CUSTOMER,HIGH_SEVERITY | CRITICAL_JOURNEY
C003799,Angela,Copeland,Saudi Arabia,Standard,2,4857.9,2,0,2,0,20.0,40.0,1,0,0,1,40.0,0.0,0.0,0.5,1.25,0.5,30.0,25.38,MEDIUM,NORMAL_CUSTOMER,NO_MAJOR_RISK_SIGNAL
C003800,Angela,Thomas,Pakistan,Standard,2,6598.87,3,1,2,1,15.0,30.0,0,0,0,0,30.0,0.5,0.5,0.0,8.12,0.0,0.0,14.44,LOW,NORMAL_CUSTOMER,NO_MAJOR_RISK_SIGNAL
C003801,David,Barr,Saudi Arabia,Premium,1,4941.54,1,0,1,0,0.0,0.0,0,0,0,0,0.0,0.0,0.0,0.0,0.0,0.0,0.0,0.0,LOW,NORMAL_CUSTOMER,NO_MAJOR_RISK_SIGNAL
C003802,Adam,Johnson,Other,Standard,1,3914.09,1,0,1,0,45.0,45.0,1,0,0,1,45.0,0.0,0.0,1.0,2.5,1.0,30.0,27.75,MEDIUM,NORMAL_CUSTOMER,NO_MAJOR_RISK_SIGNAL
C003803,Candice,Simmons,United States,Standard,3,8045.05,4,1,3,1,11.67,35.0,0,0,0,0,35.0,0.33,0.33,0.0,5.42,0.0,0.0,15.63,LOW,LOYAL_LOW_FRICTION_CUSTOMER,NO_MAJOR_RISK_SIGNAL
C003804,Amanda,Hernandez,Other,Standard,3,8352.77,5,2,3,2,35.0,65.0,3,1,0,2,65.0,0.67,0.67,1.0,13.33,0.67,65.67,49.7,HIGH,FRICTION_PRONE_CUSTOMER,PERSISTENT_BEHAVIOR | REPEATED_PAYMENT_FAILURES | MULTIPLE_PROBLEMATIC_JOURNEYS
C003805,Stacey,Rios,Saudi Arabia,Standard,3,7924.17,4,1,3,1,40.0,45.0,2,0,0,2,45.0,0.33,0.33,0.67,7.08,0.67,65.67,39.83,MEDIUM,NORMAL_CUSTOMER,PERSISTENT_BEHAVIOR | MULTIPLE_PROBLEMATIC_JOURNEYS
C003806,Kevin,Perez,Other,Standard,1,2015.56,3,2,1,2,100.0,100.0,3,1,1,1,100.0,2.0,2.0,3.0,40.0,1.0,30.0,61.0,HIGH,FRICTION_PRONE_CUSTOMER,HIGH_SEVERITY | REPEATED_PAYMENT_FAILURES | CRITICAL_JOURNEY
C003807,Kaitlin,Koch,United Arab Emirates,Premium,3,11504.44,3,0,3,0,15.0,45.0,1,0,0,1,45.0,0.0,0.0,0.33,0.83,0.33,30.0,27.25,MEDIUM,LOYAL_LOW_FRICTION_CUSTOMER,NO_MAJOR_RISK_SIGNAL
C003808,Rebecca,Cruz,United Arab Emirates,Standard,2,7862.73,4,2,2,2,32.5,65.0,2,1,0,1,65.0,1.0,1.0,1.0,18.75,0.5,30.0,40.62,MEDIUM,NORMAL_CUSTOMER,REPEATED_PAYMENT_FAILURES
C003809,Maurice,Henson,Saudi Arabia,Standard,2,5441.15,2,0,2,0,0.0,0.0,0,0,0,0,0.0,0.0,0.0,0.0,0.0,0.0,0.0,0.0,LOW,NORMAL_CUSTOMER,NO_MAJOR_RISK_SIGNAL
C003810,Robert,Carson,Saudi Arabia,Standard,2,8388.54,2,0,2,0,0.0,0.0,0,0,0,0,0.0,0.0,0.0,0.0,0.0,0.0,0.0,0.0,LOW,NORMAL_CUSTOMER,NO_MAJOR_RISK_SIGNAL
C003811,Debbie,Rodriguez,United Kingdom,Premium,2,8891.22,2,0,2,0,22.5,45.0,1,0,0,1,45.0,0.0,0.0,0.5,1.25,0.5,30.0,27.38,MEDIUM,NORMAL_CUSTOMER,NO_MAJOR_RISK_SIGNAL
C003812,William,Jackson,United Arab Emirates,Standard,2,5393.67,4,2,2,2,32.5,65.0,2,1,0,1,65.0,1.0,1.0,1.0,18.75,0.5,30.0,40.62,MEDIUM,NORMAL_CUSTOMER,REPEATED_PAYMENT_FAILURES
C003813,Eugene,Rodriguez,Saudi Arabia,Premium,1,904.19,2,1,1,1,35.0,35.0,0,0,0,0,35.0,1.0,1.0,0.0,16.25,0.0,0.0,18.88,LOW,NORMAL_CUSTOMER,NO_MAJOR_RISK_SIGNAL
C003815,Mary,Sosa,Saudi Arabia,Premium,3,13097.48,4,1,3,1,25.0,75.0,1,1,0,1,75.0,0.33,0.33,0.33,6.25,0.33,30.0,40.88,MEDIUM,LOYAL_LOW_FRICTION_CUSTOMER,HIGH_SEVERITY
C003816,James,Howard,Pakistan,Standard,3,5440.84,4,1,3,1,10.0,30.0,0,0,0,0,30.0,0.33,0.33,0.0,5.42,0.0,0.0,13.63,LOW,LOYAL_LOW_FRICTION_CUSTOMER,NO_MAJOR_RISK_SIGNAL
C003817,Howard,Gilbert,United Arab Emirates,Standard,1,991.01,3,2,1,2,100.0,100.0,3,1,1,1,100.0,2.0,2.0,3.0,40.0,1.0,30.0,61.0,HIGH,FRICTION_PRONE_CUSTOMER,HIGH_SEVERITY | REPEATED_PAYMENT_FAILURES | CRITICAL_JOURNEY
C003819,Melissa,Mclean,United States,Premium,1,3345.66,2,1,1,1,30.0,30.0,0,0,0,0,30.0,1.0,1.0,0.0,16.25,0.0,0.0,16.88,LOW,NORMAL_CUSTOMER,NO_MAJOR_RISK_SIGNAL
C003821,Sarah,Huang,United Arab Emirates,Premium,1,3633.96,1,0,1,0,45.0,45.0,1,0,0,1,45.0,0.0,0.0,1.0,2.5,1.0,30.0,27.75,MEDIUM,NORMAL_CUSTOMER,NO_MAJOR_RISK_SIGNAL
C003822,Virginia,Munoz,United Arab Emirates,Premium,1,3596.78,1,0,1,0,0.0,0.0,0,0,0,0,0.0,0.0,0.0,0.0,0.0,0.0,0.0,0.0,LOW,NORMAL_CUSTOMER,NO_MAJOR_RISK_SIGNAL
C003823,Steven,Thompson,United States,Standard,1,663.98,1,0,1,0,0.0,0.0,0,0,0,0,0.0,0.0,0.0,0.0,0.0,0.0,0.0,0.0,LOW,NORMAL_CUSTOMER,NO_MAJOR_RISK_SIGNAL
C003824,Andrea,Moreno,United Arab Emirates,Standard,4,8666.69,7,3,4,3,42.5,70.0,4,2,0,3,70.0,0.75,0.75,1.0,14.69,0.75,81.0,56.71,HIGH,FRICTION_PRONE_CUSTOMER,HIGH_SEVERITY | PERSISTENT_BEHAVIOR | REPEATED_PAYMENT_FAILURES | MULTIPLE_PROBLEMATIC_JOURNEYS
C003825,Kelly,Greene,Saudi Arabia,VIP,2,4687.79,3,1,2,1,40.0,80.0,1,1,1,1,80.0,0.5,0.5,0.5,9.38,0.5,30.0,43.81,MEDIUM,NORMAL_CUSTOMER,HIGH_SEVERITY | CRITICAL_JOURNEY
C003826,Carlos,Shelton,Saudi Arabia,Premium,2,3880.13,2,0,2,0,0.0,0.0,0,0,0,0,0.0,0.0,0.0,0.0,0.0,0.0,0.0,0.0,LOW,NORMAL_CUSTOMER,NO_MAJOR_RISK_SIGNAL
C003827,Corey,Hernandez,United Arab Emirates,Standard,1,1238.05,1,0,1,0,0.0,0.0,0,0,0,0,0.0,0.0,0.0,0.0,0.0,0.0,0.0,0.0,LOW,NORMAL_CUSTOMER,NO_MAJOR_RISK_SIGNAL
C003829,Tony,Turner,United States,Standard,3,6678.99,3,0,3,0,30.0,45.0,2,0,0,2,45.0,0.0,0.0,0.67,1.67,0.67,65.67,38.2,MEDIUM,NORMAL_CUSTOMER,PERSISTENT_BEHAVIOR | MULTIPLE_PROBLEMATIC_JOURNEYS
C003830,Mark,Roth,Saudi Arabia,Standard,3,9250.25,3,0,3,0,0.0,0.0,0,0,0,0,0.0,0.0,0.0,0.0,0.0,0.0,0.0,0.0,LOW,LOYAL_LOW_FRICTION_CUSTOMER,NO_MAJOR_RISK_SIGNAL
C003831,David,Bailey,United Arab Emirates,Standard,2,8406.97,2,0,2,0,0.0,0.0,0,0,0,0,0.0,0.0,0.0,0.0,0.0,0.0,0.0,0.0,LOW,NORMAL_CUSTOMER,NO_MAJOR_RISK_SIGNAL
C003832,Diana,Garcia,United States,Standard,1,3791.52,1,0,1,0,45.0,45.0,1,0,0,1,45.0,0.0,0.0,1.0,2.5,1.0,30.0,27.75,MEDIUM,NORMAL_CUSTOMER,NO_MAJOR_RISK_SIGNAL
C003833,Craig,Hendricks,United States,Standard,3,14126.6,3,0,3,0,26.67,40.0,2,0,0,2,40.0,0.0,0.0,0.67,1.67,0.67,65.67,36.2,MEDIUM,NORMAL_CUSTOMER,PERSISTENT_BEHAVIOR | MULTIPLE_PROBLEMATIC_JOURNEYS
C003836,Louis,Cochran,United Arab Emirates,Premium,2,6465.1,2,0,2,0,20.0,40.0,1,0,0,1,40.0,0.0,0.0,0.5,1.25,0.5,30.0,25.38,MEDIUM,NORMAL_CUSTOMER,NO_MAJOR_RISK_SIGNAL
C003837,Shannon,Dawson,Other,Premium,2,6608.56,2,0,2,0,0.0,0.0,0,0,0,0,0.0,0.0,0.0,0.0,0.0,0.0,0.0,0.0,LOW,NORMAL_CUSTOMER,NO_MAJOR_RISK_SIGNAL
C003840,Breanna,Fitzpatrick,United Kingdom,Standard,4,12304.22,4,0,4,0,0.0,0.0,0,0,0,0,0.0,0.0,0.0,0.0,0.0,0.0,0.0,0.0,LOW,LOYAL_LOW_FRICTION_CUSTOMER,NO_MAJOR_RISK_SIGNAL
C003841,Ariana,Hernandez,Pakistan,VIP,2,1832.28,2,0,2,0,22.5,45.0,1,0,0,1,45.0,0.0,0.0,0.5,1.25,0.5,30.0,27.38,MEDIUM,NORMAL_CUSTOMER,NO_MAJOR_RISK_SIGNAL
C003842,Michael,Rios,Saudi Arabia,Standard,2,3621.1,3,1,2,1,17.5,35.0,0,0,0,0,35.0,0.5,0.5,0.0,8.12,0.0,0.0,16.44,LOW,NORMAL_CUSTOMER,NO_MAJOR_RISK_SIGNAL
C003844,Ronnie,Myers,United Arab Emirates,Standard,1,3542.47,1,0,1,0,0.0,0.0,0,0,0,0,0.0,0.0,0.0,0.0,0.0,0.0,0.0,0.0,LOW,NORMAL_CUSTOMER,NO_MAJOR_RISK_SIGNAL
C003846,John,Floyd,United Kingdom,Standard,3,5010.77,4,1,3,1,25.0,40.0,1,0,0,1,40.0,0.33,0.33,0.33,6.25,0.33,30.0,26.88,MEDIUM,LOYAL_LOW_FRICTION_CUSTOMER,NO_MAJOR_RISK_SIGNAL
C003848,Jodi,Jones,Pakistan,Standard,2,6463.4,2,0,2,0,22.5,45.0,1,0,0,1,45.0,0.0,0.0,0.5,1.25,0.5,30.0,27.38,MEDIUM,NORMAL_CUSTOMER,NO_MAJOR_RISK_SIGNAL
C003849,Ryan,Lane,United Kingdom,Standard,2,3425.61,2,0,2,0,42.5,45.0,2,0,0,2,45.0,0.0,0.0,1.0,2.5,1.0,79.0,42.45,MEDIUM,NORMAL_CUSTOMER,PERSISTENT_BEHAVIOR | MULTIPLE_PROBLEMATIC_JOURNEYS
C003850,Mary,Moyer,Saudi Arabia,Premium,1,3092.77,1,0,1,0,45.0,45.0,1,0,0,1,45.0,0.0,0.0,1.0,2.5,1.0,30.0,27.75,MEDIUM,NORMAL_CUSTOMER,NO_MAJOR_RISK_SIGNAL
C003851,Dennis,Ramirez,United Arab Emirates,Standard,3,4850.6,3,0,3,0,0.0,0.0,0,0,0,0,0.0,0.0,0.0,0.0,0.0,0.0,0.0,0.0,LOW,LOYAL_LOW_FRICTION_CUSTOMER,NO_MAJOR_RISK_SIGNAL
C003852,Jessica,Davis,Saudi Arabia,Standard,2,7565.47,4,2,2,2,32.5,65.0,2,1,0,1,65.0,1.0,1.0,1.0,18.75,0.5,30.0,40.62,MEDIUM,NORMAL_CUSTOMER,REPEATED_PAYMENT_FAILURES
C003854,Steven,White,Other,Standard,1,4603.82,1,0,1,0,0.0,0.0,0,0,0,0,0.0,0.0,0.0,0.0,0.0,0.0,0.0,0.0,LOW,NORMAL_CUSTOMER,NO_MAJOR_RISK_SIGNAL
C003855,Michael,Cruz,United Kingdom,Standard,8,20527.56,11,3,8,3,21.88,75.0,4,2,0,3,75.0,0.38,0.38,0.5,7.34,0.38,66.0,52.0,HIGH,FRICTION_PRONE_CUSTOMER,HIGH_SEVERITY | PERSISTENT_BEHAVIOR | REPEATED_PAYMENT_FAILURES | MULTIPLE_PROBLEMATIC_JOURNEYS
C003857,Andrea,Coleman,United Arab Emirates,VIP,3,8759.4,5,2,3,2,48.33,75.0,2,2,0,2,75.0,0.67,0.67,0.67,12.5,0.67,65.67,53.45,HIGH,FRICTION_PRONE_CUSTOMER,HIGH_SEVERITY | PERSISTENT_BEHAVIOR | REPEATED_PAYMENT_FAILURES | MULTIPLE_PROBLEMATIC_JOURNEYS
C003859,Catherine,Gutierrez,United Arab Emirates,Premium,1,1984.98,1,0,1,0,0.0,0.0,0,0,0,0,0.0,0.0,0.0,0.0,0.0,0.0,0.0,0.0,LOW,NORMAL_CUSTOMER,NO_MAJOR_RISK_SIGNAL
C003861,Michele,Cook,United States,Premium,1,2134.63,1,0,1,0,0.0,0.0,0,0,0,0,0.0,0.0,0.0,0.0,0.0,0.0,0.0,0.0,LOW,NORMAL_CUSTOMER,NO_MAJOR_RISK_SIGNAL
C003862,Donald,Pham,Pakistan,Standard,2,5305.95,2,0,2,0,20.0,40.0,1,0,0,1,40.0,0.0,0.0,0.5,1.25,0.5,30.0,25.38,MEDIUM,NORMAL_CUSTOMER,NO_MAJOR_RISK_SIGNAL
C003863,Amanda,Valdez,United Arab Emirates,Standard,2,4246.4,2,0,2,0,20.0,40.0,1,0,0,1,40.0,0.0,0.0,0.5,1.25,0.5,30.0,25.38,MEDIUM,NORMAL_CUSTOMER,NO_MAJOR_RISK_SIGNAL
C003864,Jose,Sanchez,Saudi Arabia,Standard,1,2988.67,3,2,1,2,65.0,65.0,2,1,0,1,65.0,2.0,2.0,2.0,37.5,1.0,30.0,46.25,MEDIUM,NORMAL_CUSTOMER,REPEATED_PAYMENT_FAILURES
C003865,Olivia,Barnes,Saudi Arabia,Premium,1,815.44,1,0,1,0,45.0,45.0,1,0,0,1,45.0,0.0,0.0,1.0,2.5,1.0,30.0,27.75,MEDIUM,NORMAL_CUSTOMER,NO_MAJOR_RISK_SIGNAL
C003866,Charles,Crawford,United Arab Emirates,Standard,3,7410.23,3,0,3,0,13.33,40.0,1,0,0,1,40.0,0.0,0.0,0.33,0.83,0.33,30.0,25.25,MEDIUM,LOYAL_LOW_FRICTION_CUSTOMER,NO_MAJOR_RISK_SIGNAL
C003867,Charles,Ferguson,United Arab Emirates,VIP,2,8085.5,2,0,2,0,20.0,40.0,1,0,0,1,40.0,0.0,0.0,0.5,1.25,0.5,30.0,25.38,MEDIUM,NORMAL_CUSTOMER,NO_MAJOR_RISK_SIGNAL
C003868,Andrew,Patel,United Kingdom,Standard,3,5039.74,3,0,3,0,0.0,0.0,0,0,0,0,0.0,0.0,0.0,0.0,0.0,0.0,0.0,0.0,LOW,LOYAL_LOW_FRICTION_CUSTOMER,NO_MAJOR_RISK_SIGNAL
C003869,William,Underwood,United Kingdom,Standard,3,12730.86,4,1,3,1,25.0,40.0,1,0,0,1,40.0,0.33,0.33,0.33,6.25,0.33,30.0,26.88,MEDIUM,LOYAL_LOW_FRICTION_CUSTOMER,NO_MAJOR_RISK_SIGNAL
C003870,Anthony,Cruz,Saudi Arabia,Standard,1,1606.68,1,0,1,0,40.0,40.0,1,0,0,1,40.0,0.0,0.0,1.0,2.5,1.0,30.0,25.75,MEDIUM,NORMAL_CUSTOMER,NO_MAJOR_RISK_SIGNAL
C003871,Bonnie,Carpenter,United Arab Emirates,Standard,2,2349.94,2,0,2,0,22.5,45.0,1,0,0,1,45.0,0.0,0.0,0.5,1.25,0.5,30.0,27.38,MEDIUM,NORMAL_CUSTOMER,NO_MAJOR_RISK_SIGNAL
C003872,Richard,Fisher,Saudi Arabia,Premium,2,7511.84,2,0,2,0,20.0,40.0,1,0,0,1,40.0,0.0,0.0,0.5,1.25,0.5,30.0,25.38,MEDIUM,NORMAL_CUSTOMER,NO_MAJOR_RISK_SIGNAL
C003874,Rebecca,Steele,United States,Standard,1,2374.41,1,0,1,0,40.0,40.0,1,0,0,1,40.0,0.0,0.0,1.0,2.5,1.0,30.0,25.75,MEDIUM,NORMAL_CUSTOMER,NO_MAJOR_RISK_SIGNAL
C003875,Andrea,Goodman,Saudi Arabia,Standard,2,6011.97,4,2,2,2,32.5,65.0,2,1,0,1,65.0,1.0,1.0,1.0,18.75,0.5,30.0,40.62,MEDIUM,NORMAL_CUSTOMER,REPEATED_PAYMENT_FAILURES
C003876,Amy,Warner,United Arab Emirates,Standard,4,12809.03,7,3,4,3,35.0,65.0,4,1,0,2,65.0,0.75,0.75,1.0,14.69,0.5,59.0,48.11,MEDIUM,NORMAL_CUSTOMER,PERSISTENT_BEHAVIOR | REPEATED_PAYMENT_FAILURES | MULTIPLE_PROBLEMATIC_JOURNEYS
C003877,Yolanda,Young,Saudi Arabia,Standard,2,7802.65,2,0,2,0,0.0,0.0,0,0,0,0,0.0,0.0,0.0,0.0,0.0,0.0,0.0,0.0,LOW,NORMAL_CUSTOMER,NO_MAJOR_RISK_SIGNAL
C003878,Thomas,Smith,Other,Standard,1,4146.33,1,0,1,0,0.0,0.0,0,0,0,0,0.0,0.0,0.0,0.0,0.0,0.0,0.0,0.0,LOW,NORMAL_CUSTOMER,NO_MAJOR_RISK_SIGNAL
C003879,Kimberly,Mcknight,Pakistan,Standard,2,1834.08,3,1,2,1,17.5,35.0,0,0,0,0,35.0,0.5,0.5,0.0,8.12,0.0,0.0,16.44,LOW,NORMAL_CUSTOMER,NO_MAJOR_RISK_SIGNAL
C003880,Michael,Smith,Saudi Arabia,Standard,2,3801.19,2,0,2,0,0.0,0.0,0,0,0,0,0.0,0.0,0.0,0.0,0.0,0.0,0.0,0.0,LOW,NORMAL_CUSTOMER,NO_MAJOR_RISK_SIGNAL
C003881,Jeffrey,Grant,Pakistan,Standard,1,2069.25,2,1,1,1,30.0,30.0,0,0,0,0,30.0,1.0,1.0,0.0,16.25,0.0,0.0,16.88,LOW,NORMAL_CUSTOMER,NO_MAJOR_RISK_SIGNAL
C003883,Jessica,Mccall,Other,Standard,1,2927.34,1,0,1,0,0.0,0.0,0,0,0,0,0.0,0.0,0.0,0.0,0.0,0.0,0.0,0.0,LOW,NORMAL_CUSTOMER,NO_MAJOR_RISK_SIGNAL
C003884,Kelly,Brown,Saudi Arabia,Premium,2,3302.0,3,1,2,1,17.5,35.0,0,0,0,0,35.0,0.5,0.5,0.0,8.12,0.0,0.0,16.44,LOW,NORMAL_CUSTOMER,NO_MAJOR_RISK_SIGNAL
C003885,Steven,Bailey,Other,Premium,1,3242.51,1,0,1,0,40.0,40.0,1,0,0,1,40.0,0.0,0.0,1.0,2.5,1.0,30.0,25.75,MEDIUM,NORMAL_CUSTOMER,NO_MAJOR_RISK_SIGNAL
C003886,William,Allison,Other,Premium,1,3550.01,1,0,1,0,0.0,0.0,0,0,0,0,0.0,0.0,0.0,0.0,0.0,0.0,0.0,0.0,LOW,NORMAL_CUSTOMER,NO_MAJOR_RISK_SIGNAL
C003889,Elaine,Phillips,Pakistan,Standard,3,6191.98,3,0,3,0,13.33,40.0,1,0,0,1,40.0,0.0,0.0,0.33,0.83,0.33,30.0,25.25,MEDIUM,LOYAL_LOW_FRICTION_CUSTOMER,NO_MAJOR_RISK_SIGNAL
C003891,Lindsay,Castaneda,United States,Standard,1,1355.99,2,1,1,1,30.0,30.0,0,0,0,0,30.0,1.0,1.0,0.0,16.25,0.0,0.0,16.88,LOW,NORMAL_CUSTOMER,NO_MAJOR_RISK_SIGNAL
C003893,Gabriel,Durham,United Kingdom,Premium,1,2343.0,1,0,1,0,40.0,40.0,1,0,0,1,40.0,0.0,0.0,1.0,2.5,1.0,30.0,25.75,MEDIUM,NORMAL_CUSTOMER,NO_MAJOR_RISK_SIGNAL
C003894,Willie,Sanchez,United Arab Emirates,Standard,3,7716.4,4,1,3,1,38.33,70.0,2,1,0,2,70.0,0.33,0.33,0.67,7.08,0.67,65.67,49.82,HIGH,FRICTION_PRONE_CUSTOMER,HIGH_SEVERITY | PERSISTENT_BEHAVIOR | MULTIPLE_PROBLEMATIC_JOURNEYS
C003895,Sean,Carey,United Kingdom,Standard,1,3962.95,1,0,1,0,0.0,0.0,0,0,0,0,0.0,0.0,0.0,0.0,0.0,0.0,0.0,0.0,LOW,NORMAL_CUSTOMER,NO_MAJOR_RISK_SIGNAL
C003896,Harold,Brown,United States,Standard,2,6794.58,2,0,2,0,20.0,40.0,1,0,0,1,40.0,0.0,0.0,0.5,1.25,0.5,30.0,25.38,MEDIUM,NORMAL_CUSTOMER,NO_MAJOR_RISK_SIGNAL
C003897,Stacy,Taylor,Saudi Arabia,Standard,2,9048.98,2,0,2,0,22.5,45.0,1,0,0,1,45.0,0.0,0.0,0.5,1.25,0.5,30.0,27.38,MEDIUM,NORMAL_CUSTOMER,NO_MAJOR_RISK_SIGNAL
C003898,Donna,Hayden,United States,Standard,3,7428.88,3,0,3,0,0.0,0.0,0,0,0,0,0.0,0.0,0.0,0.0,0.0,0.0,0.0,0.0,LOW,LOYAL_LOW_FRICTION_CUSTOMER,NO_MAJOR_RISK_SIGNAL
C003900,Jill,Bennett,United States,Standard,3,8089.05,4,1,3,1,10.0,30.0,0,0,0,0,30.0,0.33,0.33,0.0,5.42,0.0,0.0,13.63,LOW,LOYAL_LOW_FRICTION_CUSTOMER,NO_MAJOR_RISK_SIGNAL
C003901,Timothy,Johnson,United Arab Emirates,Premium,1,2054.63,1,0,1,0,40.0,40.0,1,0,0,1,40.0,0.0,0.0,1.0,2.5,1.0,30.0,25.75,MEDIUM,NORMAL_CUSTOMER,NO_MAJOR_RISK_SIGNAL
C003902,Michael,Hanna,United Arab Emirates,VIP,3,7612.62,5,2,3,2,63.33,75.0,3,2,0,3,75.0,0.67,0.67,1.0,13.33,1.0,91.0,61.3,HIGH,FRICTION_PRONE_CUSTOMER,HIGH_SEVERITY | PERSISTENT_BEHAVIOR | REPEATED_PAYMENT_FAILURES | MULTIPLE_PROBLEMATIC_JOURNEYS
C003903,Jeffery,Watson,Other,Standard,1,1834.01,1,0,1,0,0.0,0.0,0,0,0,0,0.0,0.0,0.0,0.0,0.0,0.0,0.0,0.0,LOW,NORMAL_CUSTOMER,NO_MAJOR_RISK_SIGNAL
C003904,Tony,Miles,Saudi Arabia,Standard,1,3705.63,1,0,1,0,0.0,0.0,0,0,0,0,0.0,0.0,0.0,0.0,0.0,0.0,0.0,0.0,LOW,NORMAL_CUSTOMER,NO_MAJOR_RISK_SIGNAL
C003905,Bryan,Bates,United States,Premium,3,7517.56,4,1,3,1,10.0,30.0,0,0,0,0,30.0,0.33,0.33,0.0,5.42,0.0,0.0,13.63,LOW,LOYAL_LOW_FRICTION_CUSTOMER,NO_MAJOR_RISK_SIGNAL
C003906,Mike,Jones,United Arab Emirates,Standard,1,3765.63,1,0,1,0,0.0,0.0,0,0,0,0,0.0,0.0,0.0,0.0,0.0,0.0,0.0,0.0,LOW,NORMAL_CUSTOMER,NO_MAJOR_RISK_SIGNAL
C003907,Brad,Monroe,Pakistan,Standard,6,14442.11,9,3,6,3,15.83,65.0,3,1,0,1,65.0,0.5,0.5,0.5,9.38,0.17,24.67,36.22,MEDIUM,LOYAL_LOW_FRICTION_CUSTOMER,REPEATED_PAYMENT_FAILURES
C003908,Jamie,Harrell,United Arab Emirates,Premium,2,5040.94,3,1,2,1,15.0,30.0,0,0,0,0,30.0,0.5,0.5,0.0,8.12,0.0,0.0,14.44,LOW,NORMAL_CUSTOMER,NO_MAJOR_RISK_SIGNAL
C003909,Rebecca,Johnson,Pakistan,Standard,2,7184.64,5,3,2,3,50.0,65.0,2,1,0,1,65.0,1.5,1.5,1.0,26.88,0.5,30.0,43.06,MEDIUM,NORMAL_CUSTOMER,REPEATED_PAYMENT_FAILURES
C003912,Shawn,Jones,Saudi Arabia,Standard,1,4308.11,1,0,1,0,0.0,0.0,0,0,0,0,0.0,0.0,0.0,0.0,0.0,0.0,0.0,0.0,LOW,NORMAL_CUSTOMER,NO_MAJOR_RISK_SIGNAL
C003914,Tina,Cervantes,Other,Standard,1,1896.25,1,0,1,0,0.0,0.0,0,0,0,0,0.0,0.0,0.0,0.0,0.0,0.0,0.0,0.0,LOW,NORMAL_CUSTOMER,NO_MAJOR_RISK_SIGNAL
C003916,Jane,White,United Arab Emirates,Standard,1,2877.52,1,0,1,0,40.0,40.0,1,0,0,1,40.0,0.0,0.0,1.0,2.5,1.0,30.0,25.75,MEDIUM,NORMAL_CUSTOMER,NO_MAJOR_RISK_SIGNAL
C003917,Adrienne,Manning,United Kingdom,VIP,1,1098.0,1,0,1,0,0.0,0.0,0,0,0,0,0.0,0.0,0.0,0.0,0.0,0.0,0.0,0.0,LOW,NORMAL_CUSTOMER,NO_MAJOR_RISK_SIGNAL
C003918,Maria,Adkins,United Arab Emirates,Premium,2,6795.08,2,0,2,0,22.5,45.0,1,0,0,1,45.0,0.0,0.0,0.5,1.25,0.5,30.0,27.38,MEDIUM,NORMAL_CUSTOMER,NO_MAJOR_RISK_SIGNAL
C003919,Mary,Hale,United Kingdom,Standard,1,4666.28,1,0,1,0,45.0,45.0,1,0,0,1,45.0,0.0,0.0,1.0,2.5,1.0,30.0,27.75,MEDIUM,NORMAL_CUSTOMER,NO_MAJOR_RISK_SIGNAL
C003920,Jose,Evans,United States,Standard,1,3431.65,1,0,1,0,0.0,0.0,0,0,0,0,0.0,0.0,0.0,0.0,0.0,0.0,0.0,0.0,LOW,NORMAL_CUSTOMER,NO_MAJOR_RISK_SIGNAL
C003921,Amy,Jenkins,Other,Standard,3,8306.56,3,0,3,0,15.0,45.0,1,0,0,1,45.0,0.0,0.0,0.33,0.83,0.33,30.0,27.25,MEDIUM,LOYAL_LOW_FRICTION_CUSTOMER,NO_MAJOR_RISK_SIGNAL
C003923,Desiree,Harrington,United States,Premium,1,2422.63,2,1,1,1,35.0,35.0,0,0,0,0,35.0,1.0,1.0,0.0,16.25,0.0,0.0,18.88,LOW,NORMAL_CUSTOMER,NO_MAJOR_RISK_SIGNAL
C003924,Michael,Dominguez,Saudi Arabia,Standard,3,8545.62,5,2,3,2,21.67,65.0,2,1,0,1,65.0,0.67,0.67,0.67,12.5,0.33,30.0,38.75,MEDIUM,LOYAL_LOW_FRICTION_CUSTOMER,REPEATED_PAYMENT_FAILURES
C003925,Denise,Mitchell,Other,Standard,3,5266.05,5,2,3,2,35.0,65.0,3,1,0,2,65.0,0.67,0.67,1.0,13.33,0.67,65.67,49.7,HIGH,FRICTION_PRONE_CUSTOMER,PERSISTENT_BEHAVIOR | REPEATED_PAYMENT_FAILURES | MULTIPLE_PROBLEMATIC_JOURNEYS
C003926,Mary,Moore,Saudi Arabia,Standard,2,9010.53,2,0,2,0,0.0,0.0,0,0,0,0,0.0,0.0,0.0,0.0,0.0,0.0,0.0,0.0,LOW,NORMAL_CUSTOMER,NO_MAJOR_RISK_SIGNAL
C003927,Zachary,Ibarra,Pakistan,Premium,2,3170.34,6,4,2,4,80.0,100.0,5,2,1,2,100.0,2.0,2.0,2.5,38.75,1.0,79.0,75.32,CRITICAL,HIGH_RISK_CUSTOMER,HIGH_SEVERITY | PERSISTENT_BEHAVIOR | REPEATED_PAYMENT_FAILURES | MULTIPLE_PROBLEMATIC_JOURNEYS | CRITICAL_JOURNEY
C003928,Nicholas,Johnson,United Kingdom,Premium,1,4823.4,1,0,1,0,0.0,0.0,0,0,0,0,0.0,0.0,0.0,0.0,0.0,0.0,0.0,0.0,LOW,NORMAL_CUSTOMER,NO_MAJOR_RISK_SIGNAL
C003929,Rebecca,Potter,United Kingdom,Standard,2,4199.99,2,0,2,0,0.0,0.0,0,0,0,0,0.0,0.0,0.0,0.0,0.0,0.0,0.0,0.0,LOW,NORMAL_CUSTOMER,NO_MAJOR_RISK_SIGNAL
C003930,Zachary,Gordon,Saudi Arabia,Standard,1,897.34,1,0,1,0,0.0,0.0,0,0,0,0,0.0,0.0,0.0,0.0,0.0,0.0,0.0,0.0,LOW,NORMAL_CUSTOMER,NO_MAJOR_RISK_SIGNAL
C003931,Michael,Smith,Other,Standard,2,2528.99,3,1,2,1,35.0,70.0,1,1,0,1,70.0,0.5,0.5,0.5,9.38,0.5,30.0,39.81,MEDIUM,NORMAL_CUSTOMER,HIGH_SEVERITY
C003933,Tommy,Frazier,Pakistan,Standard,3,8617.2,4,1,3,1,11.67,35.0,0,0,0,0,35.0,0.33,0.33,0.0,5.42,0.0,0.0,15.63,LOW,LOYAL_LOW_FRICTION_CUSTOMER,NO_MAJOR_RISK_SIGNAL
C003934,Timothy,Liu,Saudi Arabia,Premium,1,3987.67,1,0,1,0,0.0,0.0,0,0,0,0,0.0,0.0,0.0,0.0,0.0,0.0,0.0,0.0,LOW,NORMAL_CUSTOMER,NO_MAJOR_RISK_SIGNAL
C003935,Cassandra,Spencer,United Arab Emirates,Standard,1,2439.88,2,1,1,1,30.0,30.0,0,0,0,0,30.0,1.0,1.0,0.0,16.25,0.0,0.0,16.88,LOW,NORMAL_CUSTOMER,NO_MAJOR_RISK_SIGNAL
C003936,Warren,Gallegos,Pakistan,Premium,4,10032.9,4,0,4,0,0.0,0.0,0,0,0,0,0.0,0.0,0.0,0.0,0.0,0.0,0.0,0.0,LOW,LOYAL_LOW_FRICTION_CUSTOMER,NO_MAJOR_RISK_SIGNAL
C003937,Don,Ellison,United Arab Emirates,VIP,1,3999.27,2,1,1,1,35.0,35.0,0,0,0,0,35.0,1.0,1.0,0.0,16.25,0.0,0.0,18.88,LOW,NORMAL_CUSTOMER,NO_MAJOR_RISK_SIGNAL
C003938,Gabriel,Shaw,Saudi Arabia,Standard,1,1433.57,3,2,1,2,100.0,100.0,3,1,1,1,100.0,2.0,2.0,3.0,40.0,1.0,30.0,61.0,HIGH,FRICTION_PRONE_CUSTOMER,HIGH_SEVERITY | REPEATED_PAYMENT_FAILURES | CRITICAL_JOURNEY
C003939,Chris,Fletcher,Saudi Arabia,Standard,1,570.12,3,2,1,2,100.0,100.0,4,1,1,1,100.0,2.0,2.0,4.0,42.5,1.0,30.0,61.75,HIGH,FRICTION_PRONE_CUSTOMER,HIGH_SEVERITY | REPEATED_PAYMENT_FAILURES | CRITICAL_JOURNEY
C003940,Dawn,Henderson,United Arab Emirates,Premium,1,2642.43,1,0,1,0,0.0,0.0,0,0,0,0,0.0,0.0,0.0,0.0,0.0,0.0,0.0,0.0,LOW,NORMAL_CUSTOMER,NO_MAJOR_RISK_SIGNAL
C003941,Jason,Moore,United States,Standard,2,3825.48,2,0,2,0,0.0,0.0,0,0,0,0,0.0,0.0,0.0,0.0,0.0,0.0,0.0,0.0,LOW,NORMAL_CUSTOMER,NO_MAJOR_RISK_SIGNAL
C003944,Jennifer,Spence,United Arab Emirates,Standard,2,5207.12,2,0,2,0,0.0,0.0,0,0,0,0,0.0,0.0,0.0,0.0,0.0,0.0,0.0,0.0,LOW,NORMAL_CUSTOMER,NO_MAJOR_RISK_SIGNAL
C003946,Jerry,Lewis,Saudi Arabia,Standard,1,2849.03,1,0,1,0,0.0,0.0,0,0,0,0,0.0,0.0,0.0,0.0,0.0,0.0,0.0,0.0,LOW,NORMAL_CUSTOMER,NO_MAJOR_RISK_SIGNAL
C003948,Jennifer,Robinson,Pakistan,Standard,1,4924.37,2,1,1,1,30.0,30.0,0,0,0,0,30.0,1.0,1.0,0.0,16.25,0.0,0.0,16.88,LOW,NORMAL_CUSTOMER,NO_MAJOR_RISK_SIGNAL
C003950,Timothy,Reese,Saudi Arabia,Standard,1,1385.09,1,0,1,0,0.0,0.0,0,0,0,0,0.0,0.0,0.0,0.0,0.0,0.0,0.0,0.0,LOW,NORMAL_CUSTOMER,NO_MAJOR_RISK_SIGNAL
C003951,Jason,Hansen,Saudi Arabia,Standard,1,1707.3,1,0,1,0,40.0,40.0,1,0,0,1,40.0,0.0,0.0,1.0,2.5,1.0,30.0,25.75,MEDIUM,NORMAL_CUSTOMER,NO_MAJOR_RISK_SIGNAL
C003952,Evan,Skinner,United States,Standard,2,4010.97,2,0,2,0,20.0,40.0,1,0,0,1,40.0,0.0,0.0,0.5,1.25,0.5,30.0,25.38,MEDIUM,NORMAL_CUSTOMER,NO_MAJOR_RISK_SIGNAL
C003953,Martha,Velasquez,Other,Standard,3,8231.01,3,0,3,0,28.33,45.0,2,0,0,2,45.0,0.0,0.0,0.67,1.67,0.67,65.67,38.2,MEDIUM,NORMAL_CUSTOMER,PERSISTENT_BEHAVIOR | MULTIPLE_PROBLEMATIC_JOURNEYS
C003954,Andrew,Mcdonald,Saudi Arabia,Premium,3,6684.73,4,1,3,1,40.0,45.0,2,0,0,2,45.0,0.33,0.33,0.67,7.08,0.67,65.67,39.83,MEDIUM,NORMAL_CUSTOMER,PERSISTENT_BEHAVIOR | MULTIPLE_PROBLEMATIC_JOURNEYS
C003955,Bradley,Edwards,Saudi Arabia,Premium,1,3413.2,1,0,1,0,0.0,0.0,0,0,0,0,0.0,0.0,0.0,0.0,0.0,0.0,0.0,0.0,LOW,NORMAL_CUSTOMER,NO_MAJOR_RISK_SIGNAL
C003957,Evan,Wilcox,Other,Premium,1,644.43,2,1,1,1,30.0,30.0,0,0,0,0,30.0,1.0,1.0,0.0,16.25,0.0,0.0,16.88,LOW,NORMAL_CUSTOMER,NO_MAJOR_RISK_SIGNAL
C003958,Crystal,Martin,United Arab Emirates,Standard,3,7026.33,4,1,3,1,23.33,40.0,1,0,0,1,40.0,0.33,0.33,0.33,6.25,0.33,30.0,26.88,MEDIUM,LOYAL_LOW_FRICTION_CUSTOMER,NO_MAJOR_RISK_SIGNAL
C003959,Benjamin,Pratt,Saudi Arabia,Standard,1,1415.99,2,1,1,1,75.0,75.0,1,1,0,1,75.0,1.0,1.0,1.0,18.75,1.0,30.0,44.62,MEDIUM,NORMAL_CUSTOMER,HIGH_SEVERITY
C003960,Ashley,Lucas,Saudi Arabia,Standard,5,13362.49,6,1,5,1,6.0,30.0,0,0,0,0,30.0,0.2,0.2,0.0,3.25,0.0,0.0,12.98,LOW,LOYAL_LOW_FRICTION_CUSTOMER,NO_MAJOR_RISK_SIGNAL
C003961,Brian,Lee,Pakistan,Premium,1,3847.57,1,0,1,0,0.0,0.0,0,0,0,0,0.0,0.0,0.0,0.0,0.0,0.0,0.0,0.0,LOW,NORMAL_CUSTOMER,NO_MAJOR_RISK_SIGNAL
C003962,Jonathan,Rodriguez,United Arab Emirates,Premium,2,2989.93,2,0,2,0,0.0,0.0,0,0,0,0,0.0,0.0,0.0,0.0,0.0,0.0,0.0,0.0,LOW,NORMAL_CUSTOMER,NO_MAJOR_RISK_SIGNAL
C003963,Hector,Miller,Saudi Arabia,Standard,2,3447.51,4,2,2,2,32.5,65.0,2,1,0,1,65.0,1.0,1.0,1.0,18.75,0.5,30.0,40.62,MEDIUM,NORMAL_CUSTOMER,REPEATED_PAYMENT_FAILURES
C003964,Susan,Morrison,Pakistan,Standard,1,4393.36,1,0,1,0,0.0,0.0,0,0,0,0,0.0,0.0,0.0,0.0,0.0,0.0,0.0,0.0,LOW,NORMAL_CUSTOMER,NO_MAJOR_RISK_SIGNAL
C003965,Carol,Bradford,Saudi Arabia,Standard,1,2257.32,1,0,1,0,0.0,0.0,0,0,0,0,0.0,0.0,0.0,0.0,0.0,0.0,0.0,0.0,LOW,NORMAL_CUSTOMER,NO_MAJOR_RISK_SIGNAL
C003966,Anne,Johnson,United States,Standard,2,3568.23,3,1,2,1,35.0,40.0,1,0,0,1,40.0,0.5,0.5,0.5,9.38,0.5,30.0,27.81,MEDIUM,NORMAL_CUSTOMER,NO_MAJOR_RISK_SIGNAL
C003967,Andrew,Campbell,United Arab Emirates,Standard,2,2498.17,2,0,2,0,22.5,45.0,1,0,0,1,45.0,0.0,0.0,0.5,1.25,0.5,30.0,27.38,MEDIUM,NORMAL_CUSTOMER,NO_MAJOR_RISK_SIGNAL
C003968,Jennifer,Weaver,Saudi Arabia,Premium,2,5710.92,2,0,2,0,20.0,40.0,1,0,0,1,40.0,0.0,0.0,0.5,1.25,0.5,30.0,25.38,MEDIUM,NORMAL_CUSTOMER,NO_MAJOR_RISK_SIGNAL
C003969,Dorothy,Jones,Pakistan,Standard,2,5800.6,2,0,2,0,22.5,45.0,1,0,0,1,45.0,0.0,0.0,0.5,1.25,0.5,30.0,27.38,MEDIUM,NORMAL_CUSTOMER,NO_MAJOR_RISK_SIGNAL
C003970,Justin,Harper,United Arab Emirates,Premium,4,7299.81,8,4,4,4,63.75,100.0,5,2,1,3,100.0,1.0,1.0,1.25,19.38,0.75,81.0,70.11,HIGH,FRICTION_PRONE_CUSTOMER,HIGH_SEVERITY | PERSISTENT_BEHAVIOR | REPEATED_PAYMENT_FAILURES | MULTIPLE_PROBLEMATIC_JOURNEYS | CRITICAL_JOURNEY
C003971,Christopher,Avila,Other,Standard,3,5651.56,3,0,3,0,13.33,40.0,1,0,0,1,40.0,0.0,0.0,0.33,0.83,0.33,30.0,25.25,MEDIUM,LOYAL_LOW_FRICTION_CUSTOMER,NO_MAJOR_RISK_SIGNAL
C003973,Victoria,Arnold,Saudi Arabia,Premium,1,1304.75,1,0,1,0,40.0,40.0,1,0,0,1,40.0,0.0,0.0,1.0,2.5,1.0,30.0,25.75,MEDIUM,NORMAL_CUSTOMER,NO_MAJOR_RISK_SIGNAL
C003975,George,Johnson,Saudi Arabia,Standard,1,4502.33,2,1,1,1,35.0,35.0,0,0,0,0,35.0,1.0,1.0,0.0,16.25,0.0,0.0,18.88,LOW,NORMAL_CUSTOMER,NO_MAJOR_RISK_SIGNAL
C003976,Maria,Adams,Other,Premium,1,1236.35,1,0,1,0,40.0,40.0,1,0,0,1,40.0,0.0,0.0,1.0,2.5,1.0,30.0,25.75,MEDIUM,NORMAL_CUSTOMER,NO_MAJOR_RISK_SIGNAL
C003977,Carolyn,Davila,United Arab Emirates,Premium,4,5960.63,7,3,4,3,33.75,65.0,3,1,0,2,65.0,0.75,0.75,0.75,14.06,0.5,59.0,47.92,MEDIUM,NORMAL_CUSTOMER,PERSISTENT_BEHAVIOR | REPEATED_PAYMENT_FAILURES | MULTIPLE_PROBLEMATIC_JOURNEYS
C003978,Laura,Cunningham,Pakistan,Standard,1,2415.41,1,0,1,0,40.0,40.0,1,0,0,1,40.0,0.0,0.0,1.0,2.5,1.0,30.0,25.75,MEDIUM,NORMAL_CUSTOMER,NO_MAJOR_RISK_SIGNAL
C003979,Lori,Elliott,Saudi Arabia,Standard,1,723.61,1,0,1,0,0.0,0.0,0,0,0,0,0.0,0.0,0.0,0.0,0.0,0.0,0.0,0.0,LOW,NORMAL_CUSTOMER,NO_MAJOR_RISK_SIGNAL
C003980,Hunter,Tyler,United Arab Emirates,Standard,1,2815.49,1,0,1,0,0.0,0.0,0,0,0,0,0.0,0.0,0.0,0.0,0.0,0.0,0.0,0.0,LOW,NORMAL_CUSTOMER,NO_MAJOR_RISK_SIGNAL
C003981,Donna,Williams,United States,Premium,1,2222.25,2,1,1,1,75.0,75.0,1,1,0,1,75.0,1.0,1.0,1.0,18.75,1.0,30.0,44.62,MEDIUM,NORMAL_CUSTOMER,HIGH_SEVERITY
C003982,Joseph,Edwards,United States,VIP,5,12940.89,8,3,5,3,29.0,80.0,3,2,1,2,80.0,0.6,0.6,0.6,11.25,0.4,55.0,51.88,HIGH,FRICTION_PRONE_CUSTOMER,HIGH_SEVERITY | PERSISTENT_BEHAVIOR | REPEATED_PAYMENT_FAILURES | MULTIPLE_PROBLEMATIC_JOURNEYS | CRITICAL_JOURNEY
C003983,Jennifer,Harding,Saudi Arabia,Standard,2,7301.41,2,0,2,0,0.0,0.0,0,0,0,0,0.0,0.0,0.0,0.0,0.0,0.0,0.0,0.0,LOW,NORMAL_CUSTOMER,NO_MAJOR_RISK_SIGNAL
C003984,Matthew,Smith,Saudi Arabia,Standard,3,7901.48,4,1,3,1,36.67,70.0,2,1,0,2,70.0,0.33,0.33,0.67,7.08,0.67,65.67,49.82,HIGH,FRICTION_PRONE_CUSTOMER,HIGH_SEVERITY | PERSISTENT_BEHAVIOR | MULTIPLE_PROBLEMATIC_JOURNEYS
C003986,Brittany,Campbell,Other,Standard,4,10844.66,5,1,4,1,20.0,45.0,1,0,0,1,45.0,0.25,0.25,0.25,4.69,0.25,28.0,27.81,MEDIUM,LOYAL_LOW_FRICTION_CUSTOMER,NO_MAJOR_RISK_SIGNAL
C003987,Jerry,Sanders,Saudi Arabia,Standard,4,8868.82,5,1,4,1,8.75,35.0,0,0,0,0,35.0,0.25,0.25,0.0,4.06,0.0,0.0,15.22,LOW,LOYAL_LOW_FRICTION_CUSTOMER,NO_MAJOR_RISK_SIGNAL
C003988,Paul,Lee,United Arab Emirates,Standard,1,4565.29,1,0,1,0,0.0,0.0,0,0,0,0,0.0,0.0,0.0,0.0,0.0,0.0,0.0,0.0,LOW,NORMAL_CUSTOMER,NO_MAJOR_RISK_SIGNAL
C003989,Daniel,Walton,United Arab Emirates,Standard,3,6208.14,3,0,3,0,26.67,40.0,2,0,0,2,40.0,0.0,0.0,0.67,1.67,0.67,65.67,36.2,MEDIUM,NORMAL_CUSTOMER,PERSISTENT_BEHAVIOR | MULTIPLE_PROBLEMATIC_JOURNEYS
C003991,Michele,Dickson,Saudi Arabia,Standard,3,5393.39,4,1,3,1,25.0,40.0,1,0,0,1,40.0,0.33,0.33,0.33,6.25,0.33,30.0,26.88,MEDIUM,LOYAL_LOW_FRICTION_CUSTOMER,NO_MAJOR_RISK_SIGNAL
C003992,William,Park,Saudi Arabia,Standard,1,927.94,1,0,1,0,0.0,0.0,0,0,0,0,0.0,0.0,0.0,0.0,0.0,0.0,0.0,0.0,LOW,NORMAL_CUSTOMER,NO_MAJOR_RISK_SIGNAL
C003993,Robert,Davis,United States,Premium,2,5135.59,2,0,2,0,0.0,0.0,0,0,0,0,0.0,0.0,0.0,0.0,0.0,0.0,0.0,0.0,LOW,NORMAL_CUSTOMER,NO_MAJOR_RISK_SIGNAL
C003994,Edward,Russell,Saudi Arabia,Standard,3,9884.06,4,1,3,1,11.67,35.0,0,0,0,0,35.0,0.33,0.33,0.0,5.42,0.0,0.0,15.63,LOW,LOYAL_LOW_FRICTION_CUSTOMER,NO_MAJOR_RISK_SIGNAL
C003995,Cole,Figueroa,United Arab Emirates,Standard,1,876.46,1,0,1,0,0.0,0.0,0,0,0,0,0.0,0.0,0.0,0.0,0.0,0.0,0.0,0.0,LOW,NORMAL_CUSTOMER,NO_MAJOR_RISK_SIGNAL
C003997,Christina,Aguirre,United Arab Emirates,Premium,2,7283.4,2,0,2,0,22.5,45.0,1,0,0,1,45.0,0.0,0.0,0.5,1.25,0.5,30.0,27.38,MEDIUM,NORMAL_CUSTOMER,NO_MAJOR_RISK_SIGNAL
C003999,Kristen,Matthews,Pakistan,Standard,4,8797.57,4,0,4,0,10.0,40.0,1,0,0,1,40.0,0.0,0.0,0.25,0.62,0.25,28.0,24.59,MEDIUM,LOYAL_LOW_FRICTION_CUSTOMER,NO_MAJOR_RISK_SIGNAL
C004000,Wesley,Reyes,Saudi Arabia,Standard,2,3536.38,3,1,2,1,37.5,75.0,1,1,0,1,75.0,0.5,0.5,0.5,9.38,0.5,30.0,41.81,MEDIUM,NORMAL_CUSTOMER,HIGH_SEVERITY
C004001,David,Willis,Pakistan,Standard,5,15986.11,5,0,5,0,9.0,45.0,1,0,0,1,45.0,0.0,0.0,0.2,0.5,0.2,26.0,25.95,MEDIUM,LOYAL_LOW_FRICTION_CUSTOMER,NO_MAJOR_RISK_SIGNAL
C004002,Timothy,Christian,United States,Standard,1,931.07,1,0,1,0,0.0,0.0,0,0,0,0,0.0,0.0,0.0,0.0,0.0,0.0,0.0,0.0,LOW,NORMAL_CUSTOMER,NO_MAJOR_RISK_SIGNAL
C004003,David,Roberts,United States,Standard,1,3610.11,1,0,1,0,0.0,0.0,0,0,0,0,0.0,0.0,0.0,0.0,0.0,0.0,0.0,0.0,LOW,NORMAL_CUSTOMER,NO_MAJOR_RISK_SIGNAL
C004006,Penny,Mcclure,Saudi Arabia,Standard,4,14705.9,6,2,4,2,35.0,100.0,4,1,1,2,100.0,0.5,0.5,1.0,10.62,0.5,59.0,60.89,HIGH,FRICTION_PRONE_CUSTOMER,HIGH_SEVERITY | PERSISTENT_BEHAVIOR | REPEATED_PAYMENT_FAILURES | MULTIPLE_PROBLEMATIC_JOURNEYS | CRITICAL_JOURNEY
C004007,Kimberly,Davis,United Arab Emirates,Standard,3,6022.87,5,2,3,2,33.33,70.0,1,1,0,1,70.0,0.67,0.67,0.33,11.67,0.33,30.0,40.5,MEDIUM,NORMAL_CUSTOMER,HIGH_SEVERITY | REPEATED_PAYMENT_FAILURES
C004008,Debra,Higgins,United Arab Emirates,Standard,1,2954.9,2,1,1,1,75.0,75.0,1,1,0,1,75.0,1.0,1.0,1.0,18.75,1.0,30.0,44.62,MEDIUM,NORMAL_CUSTOMER,HIGH_SEVERITY
C004009,Alexa,Wilkerson,United Kingdom,Standard,4,10320.35,6,2,4,2,25.0,60.0,3,1,0,2,60.0,0.5,0.5,0.75,10.0,0.5,59.0,44.7,MEDIUM,NORMAL_CUSTOMER,PERSISTENT_BEHAVIOR | REPEATED_PAYMENT_FAILURES | MULTIPLE_PROBLEMATIC_JOURNEYS
C004010,Mitchell,Aguirre,Saudi Arabia,Standard,4,7026.4,6,2,4,2,15.0,30.0,0,0,0,0,30.0,0.5,0.5,0.0,8.12,0.0,0.0,14.44,LOW,LOYAL_LOW_FRICTION_CUSTOMER,REPEATED_PAYMENT_FAILURES
C004012,Alyssa,Mack,United Arab Emirates,Premium,1,2006.58,1,0,1,0,0.0,0.0,0,0,0,0,0.0,0.0,0.0,0.0,0.0,0.0,0.0,0.0,LOW,NORMAL_CUSTOMER,NO_MAJOR_RISK_SIGNAL
C004014,Leah,Stuart,Saudi Arabia,Standard,2,6739.66,2,0,2,0,0.0,0.0,0,0,0,0,0.0,0.0,0.0,0.0,0.0,0.0,0.0,0.0,LOW,NORMAL_CUSTOMER,NO_MAJOR_RISK_SIGNAL
C004015,Kristine,Black,Pakistan,Standard,2,6548.25,3,1,2,1,15.0,30.0,0,0,0,0,30.0,0.5,0.5,0.0,8.12,0.0,0.0,14.44,LOW,NORMAL_CUSTOMER,NO_MAJOR_RISK_SIGNAL
C004016,Patrick,Chandler,Saudi Arabia,Standard,1,1315.6,2,1,1,1,35.0,35.0,0,0,0,0,35.0,1.0,1.0,0.0,16.25,0.0,0.0,18.88,LOW,NORMAL_CUSTOMER,NO_MAJOR_RISK_SIGNAL
C004017,Brianna,Curtis,Other,Standard,5,9722.02,6,1,5,1,7.0,35.0,0,0,0,0,35.0,0.2,0.2,0.0,3.25,0.0,0.0,14.98,LOW,LOYAL_LOW_FRICTION_CUSTOMER,NO_MAJOR_RISK_SIGNAL
C004018,Judith,Conrad,Other,Premium,1,3490.82,1,0,1,0,0.0,0.0,0,0,0,0,0.0,0.0,0.0,0.0,0.0,0.0,0.0,0.0,LOW,NORMAL_CUSTOMER,NO_MAJOR_RISK_SIGNAL
C004019,Kathleen,Peterson,Saudi Arabia,Premium,2,7367.02,2,0,2,0,0.0,0.0,0,0,0,0,0.0,0.0,0.0,0.0,0.0,0.0,0.0,0.0,LOW,NORMAL_CUSTOMER,NO_MAJOR_RISK_SIGNAL
C004020,Heather,Floyd,Saudi Arabia,Premium,1,3047.39,1,0,1,0,0.0,0.0,0,0,0,0,0.0,0.0,0.0,0.0,0.0,0.0,0.0,0.0,LOW,NORMAL_CUSTOMER,NO_MAJOR_RISK_SIGNAL
C004021,Connor,Morgan,United Arab Emirates,Premium,2,5525.05,4,2,2,2,32.5,65.0,2,1,0,1,65.0,1.0,1.0,1.0,18.75,0.5,30.0,40.62,MEDIUM,NORMAL_CUSTOMER,REPEATED_PAYMENT_FAILURES
C004022,Dennis,Ward,Saudi Arabia,VIP,1,4975.98,1,0,1,0,0.0,0.0,0,0,0,0,0.0,0.0,0.0,0.0,0.0,0.0,0.0,0.0,LOW,NORMAL_CUSTOMER,NO_MAJOR_RISK_SIGNAL
C004023,Thomas,Chase,United Kingdom,Standard,1,822.43,1,0,1,0,0.0,0.0,0,0,0,0,0.0,0.0,0.0,0.0,0.0,0.0,0.0,0.0,LOW,NORMAL_CUSTOMER,NO_MAJOR_RISK_SIGNAL
C004024,Jesse,Jordan,United States,VIP,1,4086.62,2,1,1,1,30.0,30.0,0,0,0,0,30.0,1.0,1.0,0.0,16.25,0.0,0.0,16.88,LOW,NORMAL_CUSTOMER,NO_MAJOR_RISK_SIGNAL
C004026,Justin,Schroeder,United States,Premium,3,9189.37,3,0,3,0,13.33,40.0,1,0,0,1,40.0,0.0,0.0,0.33,0.83,0.33,30.0,25.25,MEDIUM,LOYAL_LOW_FRICTION_CUSTOMER,NO_MAJOR_RISK_SIGNAL
C004027,Nancy,Hughes,United Arab Emirates,Standard,2,1312.44,2,0,2,0,22.5,45.0,1,0,0,1,45.0,0.0,0.0,0.5,1.25,0.5,30.0,27.38,MEDIUM,NORMAL_CUSTOMER,NO_MAJOR_RISK_SIGNAL
C004028,Ricky,Clark,Saudi Arabia,Standard,2,7273.73,2,0,2,0,0.0,0.0,0,0,0,0,0.0,0.0,0.0,0.0,0.0,0.0,0.0,0.0,LOW,NORMAL_CUSTOMER,NO_MAJOR_RISK_SIGNAL
C004030,Jenna,Jones,United Arab Emirates,Standard,1,2574.54,1,0,1,0,0.0,0.0,0,0,0,0,0.0,0.0,0.0,0.0,0.0,0.0,0.0,0.0,LOW,NORMAL_CUSTOMER,NO_MAJOR_RISK_SIGNAL
C004033,David,Jimenez,Saudi Arabia,Standard,1,4552.3,3,2,1,2,65.0,65.0,2,1,0,1,65.0,2.0,2.0,2.0,37.5,1.0,30.0,46.25,MEDIUM,NORMAL_CUSTOMER,REPEATED_PAYMENT_FAILURES
C004034,Adrian,Ballard,Other,Standard,5,10392.68,6,1,5,1,23.0,45.0,2,0,0,2,45.0,0.2,0.2,0.4,4.25,0.4,55.0,35.78,MEDIUM,NORMAL_CUSTOMER,PERSISTENT_BEHAVIOR | MULTIPLE_PROBLEMATIC_JOURNEYS
C004035,Diamond,Thomas,Saudi Arabia,Standard,2,5733.35,4,2,2,2,50.0,100.0,3,1,1,1,100.0,1.0,1.0,1.5,20.0,0.5,30.0,55.0,HIGH,FRICTION_PRONE_CUSTOMER,HIGH_SEVERITY | REPEATED_PAYMENT_FAILURES | CRITICAL_JOURNEY
C004037,Leslie,Payne,Other,Standard,2,5156.62,4,2,2,2,32.5,65.0,2,1,0,1,65.0,1.0,1.0,1.0,18.75,0.5,30.0,40.62,MEDIUM,NORMAL_CUSTOMER,REPEATED_PAYMENT_FAILURES
C004038,Michael,Novak,United States,Standard,2,4153.91,2,0,2,0,20.0,40.0,1,0,0,1,40.0,0.0,0.0,0.5,1.25,0.5,30.0,25.38,MEDIUM,NORMAL_CUSTOMER,NO_MAJOR_RISK_SIGNAL
C004039,Eric,Harrington,United Kingdom,Standard,1,2256.71,3,2,1,2,65.0,65.0,2,1,0,1,65.0,2.0,2.0,2.0,37.5,1.0,30.0,46.25,MEDIUM,NORMAL_CUSTOMER,REPEATED_PAYMENT_FAILURES
C004040,Denise,Miller,Pakistan,Standard,2,5162.83,2,0,2,0,0.0,0.0,0,0,0,0,0.0,0.0,0.0,0.0,0.0,0.0,0.0,0.0,LOW,NORMAL_CUSTOMER,NO_MAJOR_RISK_SIGNAL
C004041,Jon,Davis,Other,Standard,1,860.98,1,0,1,0,0.0,0.0,0,0,0,0,0.0,0.0,0.0,0.0,0.0,0.0,0.0,0.0,LOW,NORMAL_CUSTOMER,NO_MAJOR_RISK_SIGNAL
C004042,Melissa,Edwards,Saudi Arabia,VIP,1,1517.73,1,0,1,0,0.0,0.0,0,0,0,0,0.0,0.0,0.0,0.0,0.0,0.0,0.0,0.0,LOW,NORMAL_CUSTOMER,NO_MAJOR_RISK_SIGNAL
C004043,Rodney,Villa,United Arab Emirates,Standard,5,14138.64,8,3,5,3,35.0,100.0,4,1,1,2,100.0,0.6,0.6,0.8,11.75,0.4,55.0,60.02,HIGH,FRICTION_PRONE_CUSTOMER,HIGH_SEVERITY | PERSISTENT_BEHAVIOR | REPEATED_PAYMENT_FAILURES | MULTIPLE_PROBLEMATIC_JOURNEYS | CRITICAL_JOURNEY
C004045,Joshua,Ramirez,United Arab Emirates,Standard,3,13634.75,4,1,3,1,38.33,40.0,2,0,0,2,40.0,0.33,0.33,0.67,7.08,0.67,65.67,37.83,MEDIUM,NORMAL_CUSTOMER,PERSISTENT_BEHAVIOR | MULTIPLE_PROBLEMATIC_JOURNEYS
C004046,Erin,Cox,United Arab Emirates,Standard,3,6294.47,3,0,3,0,0.0,0.0,0,0,0,0,0.0,0.0,0.0,0.0,0.0,0.0,0.0,0.0,LOW,LOYAL_LOW_FRICTION_CUSTOMER,NO_MAJOR_RISK_SIGNAL
C004050,Timothy,Scott,Saudi Arabia,Standard,1,4468.82,1,0,1,0,45.0,45.0,1,0,0,1,45.0,0.0,0.0,1.0,2.5,1.0,30.0,27.75,MEDIUM,NORMAL_CUSTOMER,NO_MAJOR_RISK_SIGNAL
C004051,Mitchell,Kennedy,Other,Standard,1,3543.18,1,0,1,0,0.0,0.0,0,0,0,0,0.0,0.0,0.0,0.0,0.0,0.0,0.0,0.0,LOW,NORMAL_CUSTOMER,NO_MAJOR_RISK_SIGNAL
C004052,Angela,Scott,United Kingdom,Premium,1,817.22,2,1,1,1,35.0,35.0,0,0,0,0,35.0,1.0,1.0,0.0,16.25,0.0,0.0,18.88,LOW,NORMAL_CUSTOMER,NO_MAJOR_RISK_SIGNAL
C004053,Jon,Mcdowell,United States,Standard,2,7820.42,2,0,2,0,0.0,0.0,0,0,0,0,0.0,0.0,0.0,0.0,0.0,0.0,0.0,0.0,LOW,NORMAL_CUSTOMER,NO_MAJOR_RISK_SIGNAL
C004055,Maxwell,Taylor,United States,Standard,1,4927.94,1,0,1,0,0.0,0.0,0,0,0,0,0.0,0.0,0.0,0.0,0.0,0.0,0.0,0.0,LOW,NORMAL_CUSTOMER,NO_MAJOR_RISK_SIGNAL
C004056,Janice,Martinez,Saudi Arabia,Standard,1,687.48,1,0,1,0,0.0,0.0,0,0,0,0,0.0,0.0,0.0,0.0,0.0,0.0,0.0,0.0,LOW,NORMAL_CUSTOMER,NO_MAJOR_RISK_SIGNAL
C004057,Jill,Carroll,United States,Standard,1,1233.73,2,1,1,1,30.0,30.0,0,0,0,0,30.0,1.0,1.0,0.0,16.25,0.0,0.0,16.88,LOW,NORMAL_CUSTOMER,NO_MAJOR_RISK_SIGNAL
C004058,Melissa,Williams,Saudi Arabia,Standard,2,5119.98,5,3,2,3,47.5,65.0,2,1,0,1,65.0,1.5,1.5,1.0,26.88,0.5,30.0,43.06,MEDIUM,NORMAL_CUSTOMER,REPEATED_PAYMENT_FAILURES
C004060,Julie,Morales,Other,Standard,3,6163.06,3,0,3,0,26.67,40.0,2,0,0,2,40.0,0.0,0.0,0.67,1.67,0.67,65.67,36.2,MEDIUM,NORMAL_CUSTOMER,PERSISTENT_BEHAVIOR | MULTIPLE_PROBLEMATIC_JOURNEYS
C004061,Sean,Vincent,Saudi Arabia,Standard,1,1177.85,1,0,1,0,40.0,40.0,1,0,0,1,40.0,0.0,0.0,1.0,2.5,1.0,30.0,25.75,MEDIUM,NORMAL_CUSTOMER,NO_MAJOR_RISK_SIGNAL
C004062,Holly,Stark,Saudi Arabia,Standard,2,5102.64,2,0,2,0,0.0,0.0,0,0,0,0,0.0,0.0,0.0,0.0,0.0,0.0,0.0,0.0,LOW,NORMAL_CUSTOMER,NO_MAJOR_RISK_SIGNAL
C004063,Evan,Anderson,United States,Standard,2,4701.98,2,0,2,0,20.0,40.0,1,0,0,1,40.0,0.0,0.0,0.5,1.25,0.5,30.0,25.38,MEDIUM,NORMAL_CUSTOMER,NO_MAJOR_RISK_SIGNAL
C004064,Jason,Richardson,Saudi Arabia,Standard,1,1690.33,1,0,1,0,0.0,0.0,0,0,0,0,0.0,0.0,0.0,0.0,0.0,0.0,0.0,0.0,LOW,NORMAL_CUSTOMER,NO_MAJOR_RISK_SIGNAL
C004065,Richard,Kirk,Other,Standard,1,4601.22,1,0,1,0,0.0,0.0,0,0,0,0,0.0,0.0,0.0,0.0,0.0,0.0,0.0,0.0,LOW,NORMAL_CUSTOMER,NO_MAJOR_RISK_SIGNAL
C004066,Matthew,Crane,Saudi Arabia,Standard,2,4094.46,3,1,2,1,15.0,30.0,0,0,0,0,30.0,0.5,0.5,0.0,8.12,0.0,0.0,14.44,LOW,NORMAL_CUSTOMER,NO_MAJOR_RISK_SIGNAL
C004067,Andrea,Brooks,Saudi Arabia,Premium,3,5735.51,4,1,3,1,10.0,30.0,0,0,0,0,30.0,0.33,0.33,0.0,5.42,0.0,0.0,13.63,LOW,LOYAL_LOW_FRICTION_CUSTOMER,NO_MAJOR_RISK_SIGNAL
C004068,Heidi,Fleming,Other,Premium,2,5680.34,3,1,2,1,57.5,75.0,2,1,0,2,75.0,0.5,0.5,1.0,10.62,1.0,79.0,56.89,HIGH,FRICTION_PRONE_CUSTOMER,HIGH_SEVERITY | PERSISTENT_BEHAVIOR | MULTIPLE_PROBLEMATIC_JOURNEYS
C004069,Jasmine,Hunter,United Kingdom,Standard,2,3444.72,5,3,2,3,67.5,70.0,3,2,0,2,70.0,1.5,1.5,1.5,28.12,1.0,79.0,60.14,HIGH,FRICTION_PRONE_CUSTOMER,HIGH_SEVERITY | PERSISTENT_BEHAVIOR | REPEATED_PAYMENT_FAILURES | MULTIPLE_PROBLEMATIC_JOURNEYS
C004070,Eugene,Baker,United States,Premium,2,2934.43,2,0,2,0,22.5,45.0,1,0,0,1,45.0,0.0,0.0,0.5,1.25,0.5,30.0,27.38,MEDIUM,NORMAL_CUSTOMER,NO_MAJOR_RISK_SIGNAL
C004071,Tamara,Hutchinson,United Arab Emirates,Standard,2,4760.81,2,0,2,0,20.0,40.0,1,0,0,1,40.0,0.0,0.0,0.5,1.25,0.5,30.0,25.38,MEDIUM,NORMAL_CUSTOMER,NO_MAJOR_RISK_SIGNAL
C004072,Adam,Fleming,United Kingdom,Standard,2,5367.43,3,1,2,1,40.0,45.0,1,0,0,1,45.0,0.5,0.5,0.5,9.38,0.5,30.0,29.81,MEDIUM,NORMAL_CUSTOMER,NO_MAJOR_RISK_SIGNAL
C004073,Christopher,Oliver,Pakistan,Standard,1,2672.46,2,1,1,1,30.0,30.0,0,0,0,0,30.0,1.0,1.0,0.0,16.25,0.0,0.0,16.88,LOW,NORMAL_CUSTOMER,NO_MAJOR_RISK_SIGNAL
C004074,Dustin,Schneider,Pakistan,Standard,2,5619.46,2,0,2,0,0.0,0.0,0,0,0,0,0.0,0.0,0.0,0.0,0.0,0.0,0.0,0.0,LOW,NORMAL_CUSTOMER,NO_MAJOR_RISK_SIGNAL
C004077,Caleb,Nicholson,United Arab Emirates,Standard,2,5459.51,4,2,2,2,32.5,65.0,2,1,0,1,65.0,1.0,1.0,1.0,18.75,0.5,30.0,40.62,MEDIUM,NORMAL_CUSTOMER,REPEATED_PAYMENT_FAILURES
C004079,Christopher,Farrell,United States,Standard,3,10170.05,3,0,3,0,15.0,45.0,1,0,0,1,45.0,0.0,0.0,0.33,0.83,0.33,30.0,27.25,MEDIUM,LOYAL_LOW_FRICTION_CUSTOMER,NO_MAJOR_RISK_SIGNAL
C004080,Benjamin,Roberts,Saudi Arabia,VIP,3,3315.15,3,0,3,0,13.33,40.0,1,0,0,1,40.0,0.0,0.0,0.33,0.83,0.33,30.0,25.25,MEDIUM,LOYAL_LOW_FRICTION_CUSTOMER,NO_MAJOR_RISK_SIGNAL
C004081,Patrick,Moore,United Kingdom,Standard,1,783.2,1,0,1,0,0.0,0.0,0,0,0,0,0.0,0.0,0.0,0.0,0.0,0.0,0.0,0.0,LOW,NORMAL_CUSTOMER,NO_MAJOR_RISK_SIGNAL
C004083,Christina,Jones,Pakistan,Standard,2,6708.39,4,2,2,2,50.0,100.0,3,1,1,1,100.0,1.0,1.0,1.5,20.0,0.5,30.0,55.0,HIGH,FRICTION_PRONE_CUSTOMER,HIGH_SEVERITY | REPEATED_PAYMENT_FAILURES | CRITICAL_JOURNEY
C004084,Abigail,Price,United Kingdom,Standard,1,1979.43,1,0,1,0,0.0,0.0,0,0,0,0,0.0,0.0,0.0,0.0,0.0,0.0,0.0,0.0,LOW,NORMAL_CUSTOMER,NO_MAJOR_RISK_SIGNAL
C004086,Carla,Davis,Saudi Arabia,Standard,1,2848.16,1,0,1,0,0.0,0.0,0,0,0,0,0.0,0.0,0.0,0.0,0.0,0.0,0.0,0.0,LOW,NORMAL_CUSTOMER,NO_MAJOR_RISK_SIGNAL
C004087,Sonya,Owens,Saudi Arabia,Standard,5,13352.34,8,3,5,3,28.0,65.0,3,1,0,2,65.0,0.6,0.6,0.6,11.25,0.4,55.0,45.88,MEDIUM,NORMAL_CUSTOMER,PERSISTENT_BEHAVIOR | REPEATED_PAYMENT_FAILURES | MULTIPLE_PROBLEMATIC_JOURNEYS
C004088,Lori,Day,Pakistan,Standard,1,2956.24,1,0,1,0,0.0,0.0,0,0,0,0,0.0,0.0,0.0,0.0,0.0,0.0,0.0,0.0,LOW,NORMAL_CUSTOMER,NO_MAJOR_RISK_SIGNAL
C004089,Danielle,Mccullough,United States,Standard,1,2369.73,1,0,1,0,0.0,0.0,0,0,0,0,0.0,0.0,0.0,0.0,0.0,0.0,0.0,0.0,LOW,NORMAL_CUSTOMER,NO_MAJOR_RISK_SIGNAL
C004090,Scott,Marshall,Saudi Arabia,Standard,1,884.94,2,1,1,1,80.0,80.0,1,1,1,1,80.0,1.0,1.0,1.0,18.75,1.0,30.0,46.62,MEDIUM,NORMAL_CUSTOMER,HIGH_SEVERITY | CRITICAL_JOURNEY
C004091,James,Miller,United Kingdom,VIP,3,12283.46,6,3,3,3,48.33,80.0,3,2,1,2,80.0,1.0,1.0,1.0,18.75,0.67,65.67,57.33,HIGH,FRICTION_PRONE_CUSTOMER,HIGH_SEVERITY | PERSISTENT_BEHAVIOR | REPEATED_PAYMENT_FAILURES | MULTIPLE_PROBLEMATIC_JOURNEYS | CRITICAL_JOURNEY
C004094,Justin,Nielsen,Other,Standard,1,3529.13,1,0,1,0,0.0,0.0,0,0,0,0,0.0,0.0,0.0,0.0,0.0,0.0,0.0,0.0,LOW,NORMAL_CUSTOMER,NO_MAJOR_RISK_SIGNAL
C004096,Carol,Gonzalez,United Arab Emirates,Standard,2,2556.43,3,1,2,1,17.5,35.0,0,0,0,0,35.0,0.5,0.5,0.0,8.12,0.0,0.0,16.44,LOW,NORMAL_CUSTOMER,NO_MAJOR_RISK_SIGNAL
C004097,Zachary,Murphy,Saudi Arabia,Standard,1,1113.0,1,0,1,0,0.0,0.0,0,0,0,0,0.0,0.0,0.0,0.0,0.0,0.0,0.0,0.0,LOW,NORMAL_CUSTOMER,NO_MAJOR_RISK_SIGNAL
C004098,Jesse,Stewart,Saudi Arabia,VIP,2,5074.67,2,0,2,0,22.5,45.0,1,0,0,1,45.0,0.0,0.0,0.5,1.25,0.5,30.0,27.38,MEDIUM,NORMAL_CUSTOMER,NO_MAJOR_RISK_SIGNAL
C004102,Aaron,Alvarez,United Arab Emirates,Standard,1,2435.11,1,0,1,0,0.0,0.0,0,0,0,0,0.0,0.0,0.0,0.0,0.0,0.0,0.0,0.0,LOW,NORMAL_CUSTOMER,NO_MAJOR_RISK_SIGNAL
C004104,Wendy,Johnson,Saudi Arabia,Standard,1,4087.98,1,0,1,0,0.0,0.0,0,0,0,0,0.0,0.0,0.0,0.0,0.0,0.0,0.0,0.0,LOW,NORMAL_CUSTOMER,NO_MAJOR_RISK_SIGNAL
C004106,Michael,Harrison,United Kingdom,Standard,2,5569.06,2,0,2,0,0.0,0.0,0,0,0,0,0.0,0.0,0.0,0.0,0.0,0.0,0.0,0.0,LOW,NORMAL_CUSTOMER,NO_MAJOR_RISK_SIGNAL
C004107,Randall,Bowman,Other,Standard,2,8998.71,3,1,2,1,15.0,30.0,0,0,0,0,30.0,0.5,0.5,0.0,8.12,0.0,0.0,14.44,LOW,NORMAL_CUSTOMER,NO_MAJOR_RISK_SIGNAL
C004108,Brenda,Flores,Saudi Arabia,Standard,3,3297.27,4,1,3,1,23.33,40.0,1,0,0,1,40.0,0.33,0.33,0.33,6.25,0.33,30.0,26.88,MEDIUM,LOYAL_LOW_FRICTION_CUSTOMER,NO_MAJOR_RISK_SIGNAL
C004109,April,Johnson,Other,Standard,2,3216.82,2,0,2,0,20.0,40.0,1,0,0,1,40.0,0.0,0.0,0.5,1.25,0.5,30.0,25.38,MEDIUM,NORMAL_CUSTOMER,NO_MAJOR_RISK_SIGNAL
C004110,Jillian,Burke,Pakistan,Standard,2,5838.72,2,0,2,0,0.0,0.0,0,0,0,0,0.0,0.0,0.0,0.0,0.0,0.0,0.0,0.0,LOW,NORMAL_CUSTOMER,NO_MAJOR_RISK_SIGNAL
C004112,Christopher,Mayer,Pakistan,Standard,1,3157.41,1,0,1,0,45.0,45.0,1,0,0,1,45.0,0.0,0.0,1.0,2.5,1.0,30.0,27.75,MEDIUM,NORMAL_CUSTOMER,NO_MAJOR_RISK_SIGNAL
C004114,Maria,Jordan,Saudi Arabia,Standard,1,4057.97,2,1,1,1,35.0,35.0,0,0,0,0,35.0,1.0,1.0,0.0,16.25,0.0,0.0,18.88,LOW,NORMAL_CUSTOMER,NO_MAJOR_RISK_SIGNAL
C004115,Robyn,Kennedy,Pakistan,Premium,4,8777.74,6,2,4,2,47.5,75.0,3,2,0,3,75.0,0.5,0.5,0.75,10.0,0.75,81.0,57.3,HIGH,FRICTION_PRONE_CUSTOMER,HIGH_SEVERITY | PERSISTENT_BEHAVIOR | REPEATED_PAYMENT_FAILURES | MULTIPLE_PROBLEMATIC_JOURNEYS
C004116,Michael,Brown,United Arab Emirates,Standard,1,2811.16,3,2,1,2,65.0,65.0,2,1,0,1,65.0,2.0,2.0,2.0,37.5,1.0,30.0,46.25,MEDIUM,NORMAL_CUSTOMER,REPEATED_PAYMENT_FAILURES
C004117,Sylvia,Parrish,Other,VIP,1,2660.93,2,1,1,1,35.0,35.0,0,0,0,0,35.0,1.0,1.0,0.0,16.25,0.0,0.0,18.88,LOW,NORMAL_CUSTOMER,NO_MAJOR_RISK_SIGNAL
C004118,Joshua,Cisneros,United Arab Emirates,VIP,4,9226.37,5,1,4,1,8.75,35.0,0,0,0,0,35.0,0.25,0.25,0.0,4.06,0.0,0.0,15.22,LOW,LOYAL_LOW_FRICTION_CUSTOMER,NO_MAJOR_RISK_SIGNAL
C004119,Catherine,Sutton,Saudi Arabia,Premium,1,3321.39,2,1,1,1,30.0,30.0,0,0,0,0,30.0,1.0,1.0,0.0,16.25,0.0,0.0,16.88,LOW,NORMAL_CUSTOMER,NO_MAJOR_RISK_SIGNAL
C004121,Sarah,Reid,Saudi Arabia,Standard,4,13494.9,9,5,4,5,51.25,75.0,5,3,0,3,75.0,1.25,1.25,1.25,23.44,0.75,81.0,61.33,HIGH,FRICTION_PRONE_CUSTOMER,HIGH_SEVERITY | PERSISTENT_BEHAVIOR | REPEATED_PAYMENT_FAILURES | MULTIPLE_PROBLEMATIC_JOURNEYS
C004122,Bailey,Miller,Pakistan,Premium,1,1935.69,1,0,1,0,0.0,0.0,0,0,0,0,0.0,0.0,0.0,0.0,0.0,0.0,0.0,0.0,LOW,NORMAL_CUSTOMER,NO_MAJOR_RISK_SIGNAL
C004124,Richard,Sullivan,Other,Premium,1,4669.21,2,1,1,1,35.0,35.0,0,0,0,0,35.0,1.0,1.0,0.0,16.25,0.0,0.0,18.88,LOW,NORMAL_CUSTOMER,NO_MAJOR_RISK_SIGNAL
C004125,Daniel,Evans,United States,Standard,3,7901.17,3,0,3,0,13.33,40.0,1,0,0,1,40.0,0.0,0.0,0.33,0.83,0.33,30.0,25.25,MEDIUM,LOYAL_LOW_FRICTION_CUSTOMER,NO_MAJOR_RISK_SIGNAL
C004126,Charles,Joseph,United Kingdom,Standard,1,3514.98,1,0,1,0,45.0,45.0,1,0,0,1,45.0,0.0,0.0,1.0,2.5,1.0,30.0,27.75,MEDIUM,NORMAL_CUSTOMER,NO_MAJOR_RISK_SIGNAL
C004127,Kelly,Savage,United Kingdom,Standard,2,5460.51,3,1,2,1,35.0,70.0,1,1,0,1,70.0,0.5,0.5,0.5,9.38,0.5,30.0,39.81,MEDIUM,NORMAL_CUSTOMER,HIGH_SEVERITY
C004131,Nancy,Rivas,Saudi Arabia,Standard,2,9128.21,4,2,2,2,30.0,30.0,0,0,0,0,30.0,1.0,1.0,0.0,16.25,0.0,0.0,16.88,LOW,NORMAL_CUSTOMER,REPEATED_PAYMENT_FAILURES
C004132,Lisa,Davis,Saudi Arabia,Standard,4,13810.08,4,0,4,0,32.5,45.0,3,0,0,3,45.0,0.0,0.0,0.75,1.88,0.75,81.0,42.86,MEDIUM,NORMAL_CUSTOMER,PERSISTENT_BEHAVIOR | MULTIPLE_PROBLEMATIC_JOURNEYS
C004133,Bailey,Valenzuela,United Kingdom,Standard,1,2712.98,1,0,1,0,0.0,0.0,0,0,0,0,0.0,0.0,0.0,0.0,0.0,0.0,0.0,0.0,LOW,NORMAL_CUSTOMER,NO_MAJOR_RISK_SIGNAL
C004134,Heather,Peterson,Pakistan,Standard,3,5524.51,4,1,3,1,11.67,35.0,0,0,0,0,35.0,0.33,0.33,0.0,5.42,0.0,0.0,15.63,LOW,LOYAL_LOW_FRICTION_CUSTOMER,NO_MAJOR_RISK_SIGNAL
C004135,Tammy,Mullins,Pakistan,Standard,3,6859.72,3,0,3,0,28.33,45.0,2,0,0,2,45.0,0.0,0.0,0.67,1.67,0.67,65.67,38.2,MEDIUM,NORMAL_CUSTOMER,PERSISTENT_BEHAVIOR | MULTIPLE_PROBLEMATIC_JOURNEYS
C004136,Anna,Martin,Saudi Arabia,Standard,5,16598.66,8,3,5,3,26.0,70.0,1,1,0,1,70.0,0.6,0.6,0.2,10.25,0.2,26.0,38.88,MEDIUM,LOYAL_LOW_FRICTION_CUSTOMER,HIGH_SEVERITY | REPEATED_PAYMENT_FAILURES
C004137,Kayla,Bailey,United Kingdom,Standard,3,9493.73,3,0,3,0,15.0,45.0,1,0,0,1,45.0,0.0,0.0,0.33,0.83,0.33,30.0,27.25,MEDIUM,LOYAL_LOW_FRICTION_CUSTOMER,NO_MAJOR_RISK_SIGNAL
C004138,Katherine,Barnes,United Arab Emirates,Premium,2,3649.2,2,0,2,0,22.5,45.0,1,0,0,1,45.0,0.0,0.0,0.5,1.25,0.5,30.0,27.38,MEDIUM,NORMAL_CUSTOMER,NO_MAJOR_RISK_SIGNAL
C004139,Susan,Alvarez,United Kingdom,Premium,4,10922.8,4,0,4,0,10.0,40.0,1,0,0,1,40.0,0.0,0.0,0.25,0.62,0.25,28.0,24.59,MEDIUM,LOYAL_LOW_FRICTION_CUSTOMER,NO_MAJOR_RISK_SIGNAL
C004141,Steven,Martin,United Arab Emirates,Premium,1,3226.19,1,0,1,0,0.0,0.0,0,0,0,0,0.0,0.0,0.0,0.0,0.0,0.0,0.0,0.0,LOW,NORMAL_CUSTOMER,NO_MAJOR_RISK_SIGNAL
C004142,Brenda,Horton,Saudi Arabia,Standard,2,6671.09,3,1,2,1,15.0,30.0,0,0,0,0,30.0,0.5,0.5,0.0,8.12,0.0,0.0,14.44,LOW,NORMAL_CUSTOMER,NO_MAJOR_RISK_SIGNAL
C004143,Anthony,Gomez,Saudi Arabia,Premium,2,5246.11,4,2,2,2,32.5,65.0,2,1,0,1,65.0,1.0,1.0,1.0,18.75,0.5,30.0,40.62,MEDIUM,NORMAL_CUSTOMER,REPEATED_PAYMENT_FAILURES
C004144,Darren,Schwartz,United States,VIP,2,6498.51,2,0,2,0,0.0,0.0,0,0,0,0,0.0,0.0,0.0,0.0,0.0,0.0,0.0,0.0,LOW,NORMAL_CUSTOMER,NO_MAJOR_RISK_SIGNAL
C004145,Carlos,Price,Other,Standard,2,6981.83,2,0,2,0,0.0,0.0,0,0,0,0,0.0,0.0,0.0,0.0,0.0,0.0,0.0,0.0,LOW,NORMAL_CUSTOMER,NO_MAJOR_RISK_SIGNAL
C004146,Cynthia,Smith,Pakistan,Standard,2,6858.43,2,0,2,0,20.0,40.0,1,0,0,1,40.0,0.0,0.0,0.5,1.25,0.5,30.0,25.38,MEDIUM,NORMAL_CUSTOMER,NO_MAJOR_RISK_SIGNAL
C004147,Virginia,Logan,Saudi Arabia,Premium,4,12725.2,6,2,4,2,26.25,65.0,3,1,0,2,65.0,0.5,0.5,0.75,10.0,0.5,59.0,46.7,MEDIUM,NORMAL_CUSTOMER,PERSISTENT_BEHAVIOR | REPEATED_PAYMENT_FAILURES | MULTIPLE_PROBLEMATIC_JOURNEYS
C004151,Stephanie,Jensen,Saudi Arabia,Premium,3,3773.33,3,0,3,0,15.0,45.0,1,0,0,1,45.0,0.0,0.0,0.33,0.83,0.33,30.0,27.25,MEDIUM,LOYAL_LOW_FRICTION_CUSTOMER,NO_MAJOR_RISK_SIGNAL
C004152,Zachary,Morris,Saudi Arabia,Premium,2,8317.27,2,0,2,0,20.0,40.0,1,0,0,1,40.0,0.0,0.0,0.5,1.25,0.5,30.0,25.38,MEDIUM,NORMAL_CUSTOMER,NO_MAJOR_RISK_SIGNAL
C004153,Alec,Downs,United Kingdom,Standard,2,7408.62,2,0,2,0,0.0,0.0,0,0,0,0,0.0,0.0,0.0,0.0,0.0,0.0,0.0,0.0,LOW,NORMAL_CUSTOMER,NO_MAJOR_RISK_SIGNAL
C004154,Marilyn,Mcmillan,United Arab Emirates,Standard,2,4997.09,2,0,2,0,0.0,0.0,0,0,0,0,0.0,0.0,0.0,0.0,0.0,0.0,0.0,0.0,LOW,NORMAL_CUSTOMER,NO_MAJOR_RISK_SIGNAL
C004155,John,Newton,Saudi Arabia,Standard,1,1829.79,1,0,1,0,0.0,0.0,0,0,0,0,0.0,0.0,0.0,0.0,0.0,0.0,0.0,0.0,LOW,NORMAL_CUSTOMER,NO_MAJOR_RISK_SIGNAL
C004156,Christopher,Doyle,Saudi Arabia,Standard,3,10667.68,3,0,3,0,30.0,45.0,2,0,0,2,45.0,0.0,0.0,0.67,1.67,0.67,65.67,38.2,MEDIUM,NORMAL_CUSTOMER,PERSISTENT_BEHAVIOR | MULTIPLE_PROBLEMATIC_JOURNEYS
C004157,Emily,Stewart,Pakistan,Premium,1,1251.29,1,0,1,0,0.0,0.0,0,0,0,0,0.0,0.0,0.0,0.0,0.0,0.0,0.0,0.0,LOW,NORMAL_CUSTOMER,NO_MAJOR_RISK_SIGNAL
C004158,Lori,Hernandez,Other,Standard,4,11848.25,4,0,4,0,11.25,45.0,1,0,0,1,45.0,0.0,0.0,0.25,0.62,0.25,28.0,26.59,MEDIUM,LOYAL_LOW_FRICTION_CUSTOMER,NO_MAJOR_RISK_SIGNAL
C004159,Charles,Ellis,Other,Standard,2,7883.72,3,1,2,1,37.5,45.0,1,0,0,1,45.0,0.5,0.5,0.5,9.38,0.5,30.0,29.81,MEDIUM,NORMAL_CUSTOMER,NO_MAJOR_RISK_SIGNAL
C004160,Sarah,Hernandez,Pakistan,Premium,2,3752.65,5,3,2,3,50.0,65.0,2,1,0,1,65.0,1.5,1.5,1.0,26.88,0.5,30.0,43.06,MEDIUM,NORMAL_CUSTOMER,REPEATED_PAYMENT_FAILURES
C004161,Thomas,Lin,Pakistan,Standard,2,4254.16,3,1,2,1,40.0,80.0,1,1,1,1,80.0,0.5,0.5,0.5,9.38,0.5,30.0,43.81,MEDIUM,NORMAL_CUSTOMER,HIGH_SEVERITY | CRITICAL_JOURNEY
C004162,Michael,Wilson,Saudi Arabia,Premium,1,3874.68,1,0,1,0,0.0,0.0,0,0,0,0,0.0,0.0,0.0,0.0,0.0,0.0,0.0,0.0,LOW,NORMAL_CUSTOMER,NO_MAJOR_RISK_SIGNAL
C004164,Joseph,Russell,United Arab Emirates,Premium,3,5645.08,3,0,3,0,0.0,0.0,0,0,0,0,0.0,0.0,0.0,0.0,0.0,0.0,0.0,0.0,LOW,LOYAL_LOW_FRICTION_CUSTOMER,NO_MAJOR_RISK_SIGNAL
C004165,Stacey,Meyer,Pakistan,VIP,5,13936.35,7,2,5,2,30.0,65.0,4,1,0,3,65.0,0.4,0.4,0.8,8.5,0.6,75.0,51.05,HIGH,FRICTION_PRONE_CUSTOMER,PERSISTENT_BEHAVIOR | REPEATED_PAYMENT_FAILURES | MULTIPLE_PROBLEMATIC_JOURNEYS
C004167,Renee,Hayes,Saudi Arabia,Premium,2,5832.87,2,0,2,0,0.0,0.0,0,0,0,0,0.0,0.0,0.0,0.0,0.0,0.0,0.0,0.0,LOW,NORMAL_CUSTOMER,NO_MAJOR_RISK_SIGNAL
C004168,Victor,Wall,Saudi Arabia,VIP,1,3837.87,1,0,1,0,0.0,0.0,0,0,0,0,0.0,0.0,0.0,0.0,0.0,0.0,0.0,0.0,LOW,NORMAL_CUSTOMER,NO_MAJOR_RISK_SIGNAL
C004169,James,Martinez,United Arab Emirates,VIP,1,3176.24,1,0,1,0,0.0,0.0,0,0,0,0,0.0,0.0,0.0,0.0,0.0,0.0,0.0,0.0,LOW,NORMAL_CUSTOMER,NO_MAJOR_RISK_SIGNAL
C004170,Jill,Cole,Saudi Arabia,Standard,1,1574.49,1,0,1,0,0.0,0.0,0,0,0,0,0.0,0.0,0.0,0.0,0.0,0.0,0.0,0.0,LOW,NORMAL_CUSTOMER,NO_MAJOR_RISK_SIGNAL
C004171,Monique,Montes,Saudi Arabia,Standard,1,3825.96,1,0,1,0,0.0,0.0,0,0,0,0,0.0,0.0,0.0,0.0,0.0,0.0,0.0,0.0,LOW,NORMAL_CUSTOMER,NO_MAJOR_RISK_SIGNAL
C004172,Jamie,Davis,Other,Standard,2,6210.11,3,1,2,1,35.0,70.0,1,1,0,1,70.0,0.5,0.5,0.5,9.38,0.5,30.0,39.81,MEDIUM,NORMAL_CUSTOMER,HIGH_SEVERITY
C004173,James,Robinson,United Arab Emirates,Standard,2,4935.6,4,2,2,2,30.0,60.0,2,1,0,1,60.0,1.0,1.0,1.0,18.75,0.5,30.0,38.62,MEDIUM,NORMAL_CUSTOMER,REPEATED_PAYMENT_FAILURES
C004174,John,Werner,Pakistan,Standard,1,2788.27,2,1,1,1,75.0,75.0,1,1,0,1,75.0,1.0,1.0,1.0,18.75,1.0,30.0,44.62,MEDIUM,NORMAL_CUSTOMER,HIGH_SEVERITY
C004175,Christine,Fisher,Other,Standard,1,1170.92,2,1,1,1,35.0,35.0,0,0,0,0,35.0,1.0,1.0,0.0,16.25,0.0,0.0,18.88,LOW,NORMAL_CUSTOMER,NO_MAJOR_RISK_SIGNAL
C004176,Eric,Payne,Other,Premium,2,3425.78,2,0,2,0,20.0,40.0,1,0,0,1,40.0,0.0,0.0,0.5,1.25,0.5,30.0,25.38,MEDIUM,NORMAL_CUSTOMER,NO_MAJOR_RISK_SIGNAL
C004178,Samantha,Gray,United States,Premium,3,7099.32,3,0,3,0,13.33,40.0,1,0,0,1,40.0,0.0,0.0,0.33,0.83,0.33,30.0,25.25,MEDIUM,LOYAL_LOW_FRICTION_CUSTOMER,NO_MAJOR_RISK_SIGNAL
C004179,Emma,Bailey,United Arab Emirates,Premium,4,9263.34,4,0,4,0,11.25,45.0,1,0,0,1,45.0,0.0,0.0,0.25,0.62,0.25,28.0,26.59,MEDIUM,LOYAL_LOW_FRICTION_CUSTOMER,NO_MAJOR_RISK_SIGNAL
C004180,Elizabeth,Farley,United Arab Emirates,Standard,2,6449.23,3,1,2,1,15.0,30.0,0,0,0,0,30.0,0.5,0.5,0.0,8.12,0.0,0.0,14.44,LOW,NORMAL_CUSTOMER,NO_MAJOR_RISK_SIGNAL
C004181,Christina,Bonilla,United Arab Emirates,Standard,2,5684.78,3,1,2,1,17.5,35.0,0,0,0,0,35.0,0.5,0.5,0.0,8.12,0.0,0.0,16.44,LOW,NORMAL_CUSTOMER,NO_MAJOR_RISK_SIGNAL
C004182,Kathryn,Ray,United Kingdom,Premium,2,4254.32,2,0,2,0,22.5,45.0,1,0,0,1,45.0,0.0,0.0,0.5,1.25,0.5,30.0,27.38,MEDIUM,NORMAL_CUSTOMER,NO_MAJOR_RISK_SIGNAL
C004183,Amber,Smith,United Kingdom,Standard,2,6502.87,3,1,2,1,15.0,30.0,0,0,0,0,30.0,0.5,0.5,0.0,8.12,0.0,0.0,14.44,LOW,NORMAL_CUSTOMER,NO_MAJOR_RISK_SIGNAL
C004184,Bobby,Cervantes,United Arab Emirates,Standard,1,4543.62,1,0,1,0,0.0,0.0,0,0,0,0,0.0,0.0,0.0,0.0,0.0,0.0,0.0,0.0,LOW,NORMAL_CUSTOMER,NO_MAJOR_RISK_SIGNAL
C004186,Christine,Mosley,Pakistan,Standard,3,9114.08,5,2,3,2,50.0,65.0,4,1,0,3,65.0,0.67,0.67,1.33,14.17,1.0,91.0,57.55,HIGH,FRICTION_PRONE_CUSTOMER,PERSISTENT_BEHAVIOR | REPEATED_PAYMENT_FAILURES | MULTIPLE_PROBLEMATIC_JOURNEYS
C004187,Travis,Shaw,Saudi Arabia,Premium,1,1691.48,1,0,1,0,0.0,0.0,0,0,0,0,0.0,0.0,0.0,0.0,0.0,0.0,0.0,0.0,LOW,NORMAL_CUSTOMER,NO_MAJOR_RISK_SIGNAL
C004188,Tricia,Parrish,Pakistan,Premium,2,5542.69,3,1,2,1,17.5,35.0,0,0,0,0,35.0,0.5,0.5,0.0,8.12,0.0,0.0,16.44,LOW,NORMAL_CUSTOMER,NO_MAJOR_RISK_SIGNAL
C004189,Penny,Lyons,United Kingdom,Standard,3,9911.52,3,0,3,0,0.0,0.0,0,0,0,0,0.0,0.0,0.0,0.0,0.0,0.0,0.0,0.0,LOW,LOYAL_LOW_FRICTION_CUSTOMER,NO_MAJOR_RISK_SIGNAL
C004192,Tracey,Jenkins,Other,Premium,1,2547.51,1,0,1,0,0.0,0.0,0,0,0,0,0.0,0.0,0.0,0.0,0.0,0.0,0.0,0.0,LOW,NORMAL_CUSTOMER,NO_MAJOR_RISK_SIGNAL
C004194,Juan,Daniels,United Kingdom,Standard,1,4501.52,1,0,1,0,0.0,0.0,0,0,0,0,0.0,0.0,0.0,0.0,0.0,0.0,0.0,0.0,LOW,NORMAL_CUSTOMER,NO_MAJOR_RISK_SIGNAL
C004196,Barbara,Hubbard,Saudi Arabia,Standard,2,5801.37,2,0,2,0,0.0,0.0,0,0,0,0,0.0,0.0,0.0,0.0,0.0,0.0,0.0,0.0,LOW,NORMAL_CUSTOMER,NO_MAJOR_RISK_SIGNAL
C004197,Brian,Wilson,Saudi Arabia,Standard,4,16145.0,7,3,4,3,43.75,70.0,2,1,0,2,70.0,0.75,0.75,0.5,13.44,0.5,59.0,49.73,HIGH,FRICTION_PRONE_CUSTOMER,HIGH_SEVERITY | PERSISTENT_BEHAVIOR | REPEATED_PAYMENT_FAILURES | MULTIPLE_PROBLEMATIC_JOURNEYS
C004198,Lauren,Thompson,Saudi Arabia,VIP,2,7779.13,2,0,2,0,0.0,0.0,0,0,0,0,0.0,0.0,0.0,0.0,0.0,0.0,0.0,0.0,LOW,NORMAL_CUSTOMER,NO_MAJOR_RISK_SIGNAL
C004199,Timothy,Patterson,United Arab Emirates,Standard,3,8477.77,3,0,3,0,0.0,0.0,0,0,0,0,0.0,0.0,0.0,0.0,0.0,0.0,0.0,0.0,LOW,LOYAL_LOW_FRICTION_CUSTOMER,NO_MAJOR_RISK_SIGNAL
C004200,Amber,Thompson,Pakistan,Standard,4,14568.97,5,1,4,1,7.5,30.0,0,0,0,0,30.0,0.25,0.25,0.0,4.06,0.0,0.0,13.22,LOW,LOYAL_LOW_FRICTION_CUSTOMER,NO_MAJOR_RISK_SIGNAL
C004201,Wayne,Larson,United States,Standard,6,21999.58,10,4,6,4,41.67,100.0,7,2,1,4,100.0,0.67,0.67,1.17,13.75,0.67,86.67,70.13,HIGH,FRICTION_PRONE_CUSTOMER,HIGH_SEVERITY | PERSISTENT_BEHAVIOR | REPEATED_PAYMENT_FAILURES | MULTIPLE_PROBLEMATIC_JOURNEYS | CRITICAL_JOURNEY
C004203,Gina,James,Saudi Arabia,Premium,1,2073.21,1,0,1,0,0.0,0.0,0,0,0,0,0.0,0.0,0.0,0.0,0.0,0.0,0.0,0.0,LOW,NORMAL_CUSTOMER,NO_MAJOR_RISK_SIGNAL
C004204,Gregory,Bruce,Other,Standard,1,4337.5,1,0,1,0,0.0,0.0,0,0,0,0,0.0,0.0,0.0,0.0,0.0,0.0,0.0,0.0,LOW,NORMAL_CUSTOMER,NO_MAJOR_RISK_SIGNAL
C004205,Tiffany,Barker,Saudi Arabia,Premium,1,3509.68,1,0,1,0,0.0,0.0,0,0,0,0,0.0,0.0,0.0,0.0,0.0,0.0,0.0,0.0,LOW,NORMAL_CUSTOMER,NO_MAJOR_RISK_SIGNAL
C004207,Steve,Campbell,Pakistan,Standard,3,11316.96,5,2,3,2,21.67,65.0,2,1,0,1,65.0,0.67,0.67,0.67,12.5,0.33,30.0,38.75,MEDIUM,LOYAL_LOW_FRICTION_CUSTOMER,REPEATED_PAYMENT_FAILURES
C004208,Hannah,Oliver,Pakistan,Standard,2,8784.62,2,0,2,0,0.0,0.0,0,0,0,0,0.0,0.0,0.0,0.0,0.0,0.0,0.0,0.0,LOW,NORMAL_CUSTOMER,NO_MAJOR_RISK_SIGNAL
C004209,Alexander,Buckley,Saudi Arabia,Standard,2,5437.14,2,0,2,0,0.0,0.0,0,0,0,0,0.0,0.0,0.0,0.0,0.0,0.0,0.0,0.0,LOW,NORMAL_CUSTOMER,NO_MAJOR_RISK_SIGNAL
C004211,Bianca,Cowan,Saudi Arabia,Standard,2,5119.66,4,2,2,2,52.5,75.0,1,1,0,1,75.0,1.0,1.0,0.5,17.5,0.5,30.0,44.25,MEDIUM,NORMAL_CUSTOMER,HIGH_SEVERITY | REPEATED_PAYMENT_FAILURES
C004212,Mark,Shaffer,Pakistan,Premium,2,2391.94,2,0,2,0,0.0,0.0,0,0,0,0,0.0,0.0,0.0,0.0,0.0,0.0,0.0,0.0,LOW,NORMAL_CUSTOMER,NO_MAJOR_RISK_SIGNAL
C004213,Chloe,Garcia,Pakistan,VIP,3,7312.04,3,0,3,0,0.0,0.0,0,0,0,0,0.0,0.0,0.0,0.0,0.0,0.0,0.0,0.0,LOW,LOYAL_LOW_FRICTION_CUSTOMER,NO_MAJOR_RISK_SIGNAL
C004214,Jordan,Banks,Saudi Arabia,Standard,3,6350.85,5,2,3,2,35.0,65.0,3,1,0,2,65.0,0.67,0.67,1.0,13.33,0.67,65.67,49.7,HIGH,FRICTION_PRONE_CUSTOMER,PERSISTENT_BEHAVIOR | REPEATED_PAYMENT_FAILURES | MULTIPLE_PROBLEMATIC_JOURNEYS
C004215,Amy,Jensen,Pakistan,Standard,2,2125.91,3,1,2,1,15.0,30.0,0,0,0,0,30.0,0.5,0.5,0.0,8.12,0.0,0.0,14.44,LOW,NORMAL_CUSTOMER,NO_MAJOR_RISK_SIGNAL
C004219,Michael,Ho,United Kingdom,Standard,3,3959.25,3,0,3,0,0.0,0.0,0,0,0,0,0.0,0.0,0.0,0.0,0.0,0.0,0.0,0.0,LOW,LOYAL_LOW_FRICTION_CUSTOMER,NO_MAJOR_RISK_SIGNAL
C004220,Victor,Garcia,Saudi Arabia,Standard,2,6294.97,2,0,2,0,20.0,40.0,1,0,0,1,40.0,0.0,0.0,0.5,1.25,0.5,30.0,25.38,MEDIUM,NORMAL_CUSTOMER,NO_MAJOR_RISK_SIGNAL
C004222,Jaclyn,Perkins,Pakistan,Standard,3,7566.32,3,0,3,0,13.33,40.0,1,0,0,1,40.0,0.0,0.0,0.33,0.83,0.33,30.0,25.25,MEDIUM,LOYAL_LOW_FRICTION_CUSTOMER,NO_MAJOR_RISK_SIGNAL
C004223,Nathan,Johnson,Other,Standard,1,3595.07,1,0,1,0,45.0,45.0,1,0,0,1,45.0,0.0,0.0,1.0,2.5,1.0,30.0,27.75,MEDIUM,NORMAL_CUSTOMER,NO_MAJOR_RISK_SIGNAL
C004224,Melissa,Roberts,United States,Standard,3,7108.88,3,0,3,0,15.0,45.0,1,0,0,1,45.0,0.0,0.0,0.33,0.83,0.33,30.0,27.25,MEDIUM,LOYAL_LOW_FRICTION_CUSTOMER,NO_MAJOR_RISK_SIGNAL
C004225,Joshua,Fisher,Pakistan,Standard,1,3517.22,3,2,1,2,65.0,65.0,2,1,0,1,65.0,2.0,2.0,2.0,37.5,1.0,30.0,46.25,MEDIUM,NORMAL_CUSTOMER,REPEATED_PAYMENT_FAILURES
C004226,Hector,Walker,United Kingdom,Premium,5,10872.55,7,2,5,2,29.0,65.0,4,1,0,3,65.0,0.4,0.4,0.8,8.5,0.6,75.0,51.05,HIGH,FRICTION_PRONE_CUSTOMER,PERSISTENT_BEHAVIOR | REPEATED_PAYMENT_FAILURES | MULTIPLE_PROBLEMATIC_JOURNEYS
C004227,David,Gibson,United Arab Emirates,Standard,1,629.47,1,0,1,0,0.0,0.0,0,0,0,0,0.0,0.0,0.0,0.0,0.0,0.0,0.0,0.0,LOW,NORMAL_CUSTOMER,NO_MAJOR_RISK_SIGNAL
C004228,Barbara,James,Pakistan,Standard,2,3358.28,2,0,2,0,22.5,45.0,1,0,0,1,45.0,0.0,0.0,0.5,1.25,0.5,30.0,27.38,MEDIUM,NORMAL_CUSTOMER,NO_MAJOR_RISK_SIGNAL
C004229,Jeremy,Gonzalez,United Arab Emirates,Premium,2,6573.58,2,0,2,0,20.0,40.0,1,0,0,1,40.0,0.0,0.0,0.5,1.25,0.5,30.0,25.38,MEDIUM,NORMAL_CUSTOMER,NO_MAJOR_RISK_SIGNAL
C004230,Cory,Harrison,Saudi Arabia,Standard,1,4616.3,1,0,1,0,0.0,0.0,0,0,0,0,0.0,0.0,0.0,0.0,0.0,0.0,0.0,0.0,LOW,NORMAL_CUSTOMER,NO_MAJOR_RISK_SIGNAL
C004231,Joseph,Martinez,United Kingdom,Standard,1,1932.69,1,0,1,0,40.0,40.0,1,0,0,1,40.0,0.0,0.0,1.0,2.5,1.0,30.0,25.75,MEDIUM,NORMAL_CUSTOMER,NO_MAJOR_RISK_SIGNAL
C004232,Joe,Ponce,Pakistan,Premium,1,4892.82,1,0,1,0,40.0,40.0,1,0,0,1,40.0,0.0,0.0,1.0,2.5,1.0,30.0,25.75,MEDIUM,NORMAL_CUSTOMER,NO_MAJOR_RISK_SIGNAL
C004233,Ryan,Sloan,United Arab Emirates,Premium,6,11922.98,8,2,6,2,16.67,60.0,3,1,0,2,60.0,0.33,0.33,0.5,6.67,0.33,52.33,41.7,MEDIUM,NORMAL_CUSTOMER,PERSISTENT_BEHAVIOR | REPEATED_PAYMENT_FAILURES | MULTIPLE_PROBLEMATIC_JOURNEYS
C004235,Dustin,Hoover,Saudi Arabia,Premium,4,6320.23,5,1,4,1,8.75,35.0,0,0,0,0,35.0,0.25,0.25,0.0,4.06,0.0,0.0,15.22,LOW,LOYAL_LOW_FRICTION_CUSTOMER,NO_MAJOR_RISK_SIGNAL
C004236,Susan,Padilla,United Arab Emirates,Premium,2,4823.69,2,0,2,0,22.5,45.0,1,0,0,1,45.0,0.0,0.0,0.5,1.25,0.5,30.0,27.38,MEDIUM,NORMAL_CUSTOMER,NO_MAJOR_RISK_SIGNAL
C004237,Edward,Figueroa,Saudi Arabia,Standard,2,7254.14,3,1,2,1,37.5,75.0,1,1,0,1,75.0,0.5,0.5,0.5,9.38,0.5,30.0,41.81,MEDIUM,NORMAL_CUSTOMER,HIGH_SEVERITY
C004239,Gregory,Brooks,United Kingdom,Standard,1,917.35,3,2,1,2,100.0,100.0,3,1,1,1,100.0,2.0,2.0,3.0,40.0,1.0,30.0,61.0,HIGH,FRICTION_PRONE_CUSTOMER,HIGH_SEVERITY | REPEATED_PAYMENT_FAILURES | CRITICAL_JOURNEY
C004240,Victor,Walker,United Arab Emirates,VIP,2,7467.6,2,0,2,0,20.0,40.0,1,0,0,1,40.0,0.0,0.0,0.5,1.25,0.5,30.0,25.38,MEDIUM,NORMAL_CUSTOMER,NO_MAJOR_RISK_SIGNAL
C004241,Wendy,Campbell,United Kingdom,VIP,1,2932.36,1,0,1,0,0.0,0.0,0,0,0,0,0.0,0.0,0.0,0.0,0.0,0.0,0.0,0.0,LOW,NORMAL_CUSTOMER,NO_MAJOR_RISK_SIGNAL
C004242,Melissa,Hobbs,United Arab Emirates,Standard,2,4380.62,2,0,2,0,0.0,0.0,0,0,0,0,0.0,0.0,0.0,0.0,0.0,0.0,0.0,0.0,LOW,NORMAL_CUSTOMER,NO_MAJOR_RISK_SIGNAL
C004243,Zachary,Baker,United States,Standard,1,3387.06,1,0,1,0,0.0,0.0,0,0,0,0,0.0,0.0,0.0,0.0,0.0,0.0,0.0,0.0,LOW,NORMAL_CUSTOMER,NO_MAJOR_RISK_SIGNAL
C004244,Jennifer,Roberson,United Arab Emirates,Standard,4,9349.05,7,3,4,3,36.25,80.0,3,2,1,2,80.0,0.75,0.75,0.75,14.06,0.5,59.0,53.92,HIGH,FRICTION_PRONE_CUSTOMER,HIGH_SEVERITY | PERSISTENT_BEHAVIOR | REPEATED_PAYMENT_FAILURES | MULTIPLE_PROBLEMATIC_JOURNEYS | CRITICAL_JOURNEY
C004245,Kristen,Pope,United Arab Emirates,Standard,2,3349.29,4,2,2,2,55.0,65.0,3,1,0,2,65.0,1.0,1.0,1.5,20.0,1.0,79.0,55.7,HIGH,FRICTION_PRONE_CUSTOMER,PERSISTENT_BEHAVIOR | REPEATED_PAYMENT_FAILURES | MULTIPLE_PROBLEMATIC_JOURNEYS
C004248,Ashley,Mccullough,Saudi Arabia,Standard,1,969.64,1,0,1,0,40.0,40.0,1,0,0,1,40.0,0.0,0.0,1.0,2.5,1.0,30.0,25.75,MEDIUM,NORMAL_CUSTOMER,NO_MAJOR_RISK_SIGNAL
C004249,Raymond,Perry,Pakistan,Standard,1,2558.02,1,0,1,0,0.0,0.0,0,0,0,0,0.0,0.0,0.0,0.0,0.0,0.0,0.0,0.0,LOW,NORMAL_CUSTOMER,NO_MAJOR_RISK_SIGNAL
C004250,Hannah,Smith,Other,Premium,2,6157.5,3,1,2,1,35.0,70.0,1,1,0,1,70.0,0.5,0.5,0.5,9.38,0.5,30.0,39.81,MEDIUM,NORMAL_CUSTOMER,HIGH_SEVERITY
C004252,Lisa,Brooks,Saudi Arabia,Premium,1,1303.92,1,0,1,0,0.0,0.0,0,0,0,0,0.0,0.0,0.0,0.0,0.0,0.0,0.0,0.0,LOW,NORMAL_CUSTOMER,NO_MAJOR_RISK_SIGNAL
C004253,Thomas,Montoya,United Arab Emirates,Standard,1,1989.57,1,0,1,0,0.0,0.0,0,0,0,0,0.0,0.0,0.0,0.0,0.0,0.0,0.0,0.0,LOW,NORMAL_CUSTOMER,NO_MAJOR_RISK_SIGNAL
C004254,Crystal,Wilkins,Pakistan,Premium,1,2999.35,2,1,1,1,30.0,30.0,0,0,0,0,30.0,1.0,1.0,0.0,16.25,0.0,0.0,16.88,LOW,NORMAL_CUSTOMER,NO_MAJOR_RISK_SIGNAL
C004255,Shannon,Greene,Saudi Arabia,Premium,1,3959.88,1,0,1,0,45.0,45.0,1,0,0,1,45.0,0.0,0.0,1.0,2.5,1.0,30.0,27.75,MEDIUM,NORMAL_CUSTOMER,NO_MAJOR_RISK_SIGNAL
C004256,Matthew,Rogers,United Kingdom,Standard,2,3113.48,3,1,2,1,37.5,45.0,1,0,0,1,45.0,0.5,0.5,0.5,9.38,0.5,30.0,29.81,MEDIUM,NORMAL_CUSTOMER,NO_MAJOR_RISK_SIGNAL
C004257,Michael,Haley,Other,Standard,1,712.59,2,1,1,1,30.0,30.0,0,0,0,0,30.0,1.0,1.0,0.0,16.25,0.0,0.0,16.88,LOW,NORMAL_CUSTOMER,NO_MAJOR_RISK_SIGNAL
C004258,Ann,Haney,United Arab Emirates,VIP,1,4615.29,1,0,1,0,0.0,0.0,0,0,0,0,0.0,0.0,0.0,0.0,0.0,0.0,0.0,0.0,LOW,NORMAL_CUSTOMER,NO_MAJOR_RISK_SIGNAL
C004259,Sarah,Allen,United Arab Emirates,Standard,3,9063.08,3,0,3,0,0.0,0.0,0,0,0,0,0.0,0.0,0.0,0.0,0.0,0.0,0.0,0.0,LOW,LOYAL_LOW_FRICTION_CUSTOMER,NO_MAJOR_RISK_SIGNAL
C004260,Jonathan,Beltran,United Arab Emirates,Standard,3,8703.1,5,2,3,2,33.33,100.0,3,1,1,1,100.0,0.67,0.67,1.0,13.33,0.33,30.0,53.0,HIGH,FRICTION_PRONE_CUSTOMER,HIGH_SEVERITY | REPEATED_PAYMENT_FAILURES | CRITICAL_JOURNEY
C004261,Andrew,Lee,Saudi Arabia,Standard,2,7990.18,2,0,2,0,0.0,0.0,0,0,0,0,0.0,0.0,0.0,0.0,0.0,0.0,0.0,0.0,LOW,NORMAL_CUSTOMER,NO_MAJOR_RISK_SIGNAL
C004262,David,Newman,Other,Standard,3,8452.79,3,0,3,0,0.0,0.0,0,0,0,0,0.0,0.0,0.0,0.0,0.0,0.0,0.0,0.0,LOW,LOYAL_LOW_FRICTION_CUSTOMER,NO_MAJOR_RISK_SIGNAL
C004263,Michelle,Poole,United Arab Emirates,Standard,1,4701.15,1,0,1,0,45.0,45.0,1,0,0,1,45.0,0.0,0.0,1.0,2.5,1.0,30.0,27.75,MEDIUM,NORMAL_CUSTOMER,NO_MAJOR_RISK_SIGNAL
C004264,Sylvia,Solis,United Arab Emirates,Standard,2,5627.99,2,0,2,0,22.5,45.0,1,0,0,1,45.0,0.0,0.0,0.5,1.25,0.5,30.0,27.38,MEDIUM,NORMAL_CUSTOMER,NO_MAJOR_RISK_SIGNAL
C004265,James,Lane,United Kingdom,Standard,2,7960.08,2,0,2,0,0.0,0.0,0,0,0,0,0.0,0.0,0.0,0.0,0.0,0.0,0.0,0.0,LOW,NORMAL_CUSTOMER,NO_MAJOR_RISK_SIGNAL
C004266,Barbara,Anderson,United Arab Emirates,Standard,1,2921.99,1,0,1,0,0.0,0.0,0,0,0,0,0.0,0.0,0.0,0.0,0.0,0.0,0.0,0.0,LOW,NORMAL_CUSTOMER,NO_MAJOR_RISK_SIGNAL
C004267,Debra,Fields,Pakistan,Premium,4,13981.85,5,1,4,1,18.75,45.0,1,0,0,1,45.0,0.25,0.25,0.25,4.69,0.25,28.0,27.81,MEDIUM,LOYAL_LOW_FRICTION_CUSTOMER,NO_MAJOR_RISK_SIGNAL
C004268,Greg,Madden,Saudi Arabia,VIP,1,4091.79,1,0,1,0,40.0,40.0,1,0,0,1,40.0,0.0,0.0,1.0,2.5,1.0,30.0,25.75,MEDIUM,NORMAL_CUSTOMER,NO_MAJOR_RISK_SIGNAL
C004269,Kimberly,Thompson,United States,Standard,2,6496.1,2,0,2,0,0.0,0.0,0,0,0,0,0.0,0.0,0.0,0.0,0.0,0.0,0.0,0.0,LOW,NORMAL_CUSTOMER,NO_MAJOR_RISK_SIGNAL
C004271,Emily,Holmes,Pakistan,Standard,2,4710.81,2,0,2,0,0.0,0.0,0,0,0,0,0.0,0.0,0.0,0.0,0.0,0.0,0.0,0.0,LOW,NORMAL_CUSTOMER,NO_MAJOR_RISK_SIGNAL
C004272,Tony,Kim,Other,Standard,1,3771.74,1,0,1,0,0.0,0.0,0,0,0,0,0.0,0.0,0.0,0.0,0.0,0.0,0.0,0.0,LOW,NORMAL_CUSTOMER,NO_MAJOR_RISK_SIGNAL
C004273,Jill,Garcia,Saudi Arabia,VIP,3,6600.72,5,2,3,2,33.33,60.0,3,1,0,2,60.0,0.67,0.67,1.0,13.33,0.67,65.67,47.7,MEDIUM,NORMAL_CUSTOMER,PERSISTENT_BEHAVIOR | REPEATED_PAYMENT_FAILURES | MULTIPLE_PROBLEMATIC_JOURNEYS
C004274,Pamela,Owen,United Arab Emirates,Standard,1,3785.43,1,0,1,0,0.0,0.0,0,0,0,0,0.0,0.0,0.0,0.0,0.0,0.0,0.0,0.0,LOW,NORMAL_CUSTOMER,NO_MAJOR_RISK_SIGNAL
C004275,Patrick,Gordon,Pakistan,Standard,3,7084.31,3,0,3,0,0.0,0.0,0,0,0,0,0.0,0.0,0.0,0.0,0.0,0.0,0.0,0.0,LOW,LOYAL_LOW_FRICTION_CUSTOMER,NO_MAJOR_RISK_SIGNAL
C004276,Justin,Welch,Pakistan,Standard,2,7311.62,2,0,2,0,42.5,45.0,2,0,0,2,45.0,0.0,0.0,1.0,2.5,1.0,79.0,42.45,MEDIUM,NORMAL_CUSTOMER,PERSISTENT_BEHAVIOR | MULTIPLE_PROBLEMATIC_JOURNEYS
C004277,Crystal,Mueller,United Arab Emirates,Standard,3,5450.2,3,0,3,0,13.33,40.0,1,0,0,1,40.0,0.0,0.0,0.33,0.83,0.33,30.0,25.25,MEDIUM,LOYAL_LOW_FRICTION_CUSTOMER,NO_MAJOR_RISK_SIGNAL
C004278,Duane,Cameron,United Arab Emirates,Standard,4,10584.73,4,0,4,0,10.0,40.0,1,0,0,1,40.0,0.0,0.0,0.25,0.62,0.25,28.0,24.59,MEDIUM,LOYAL_LOW_FRICTION_CUSTOMER,NO_MAJOR_RISK_SIGNAL
C004279,Gary,Burton,Saudi Arabia,Standard,4,15010.24,5,1,4,1,8.75,35.0,0,0,0,0,35.0,0.25,0.25,0.0,4.06,0.0,0.0,15.22,LOW,LOYAL_LOW_FRICTION_CUSTOMER,NO_MAJOR_RISK_SIGNAL
C004281,Matthew,Tran,Saudi Arabia,Standard,1,3336.12,1,0,1,0,0.0,0.0,0,0,0,0,0.0,0.0,0.0,0.0,0.0,0.0,0.0,0.0,LOW,NORMAL_CUSTOMER,NO_MAJOR_RISK_SIGNAL
C004282,Crystal,Fry,United Kingdom,Standard,1,3179.11,1,0,1,0,0.0,0.0,0,0,0,0,0.0,0.0,0.0,0.0,0.0,0.0,0.0,0.0,LOW,NORMAL_CUSTOMER,NO_MAJOR_RISK_SIGNAL
C004283,Ashley,Harris,Saudi Arabia,Standard,3,12290.13,4,1,3,1,38.33,70.0,2,1,0,2,70.0,0.33,0.33,0.67,7.08,0.67,65.67,49.82,HIGH,FRICTION_PRONE_CUSTOMER,HIGH_SEVERITY | PERSISTENT_BEHAVIOR | MULTIPLE_PROBLEMATIC_JOURNEYS
C004284,Melinda,Davis,Saudi Arabia,Standard,2,6978.48,3,1,2,1,15.0,30.0,0,0,0,0,30.0,0.5,0.5,0.0,8.12,0.0,0.0,14.44,LOW,NORMAL_CUSTOMER,NO_MAJOR_RISK_SIGNAL
C004285,Charles,Kim,Pakistan,Standard,3,9015.89,3,0,3,0,30.0,45.0,2,0,0,2,45.0,0.0,0.0,0.67,1.67,0.67,65.67,38.2,MEDIUM,NORMAL_CUSTOMER,PERSISTENT_BEHAVIOR | MULTIPLE_PROBLEMATIC_JOURNEYS
C004286,Fernando,Fuller,Pakistan,Standard,3,11195.28,3,0,3,0,15.0,45.0,1,0,0,1,45.0,0.0,0.0,0.33,0.83,0.33,30.0,27.25,MEDIUM,LOYAL_LOW_FRICTION_CUSTOMER,NO_MAJOR_RISK_SIGNAL
C004287,Jeremy,Watkins,Other,Premium,3,6845.46,4,1,3,1,11.67,35.0,0,0,0,0,35.0,0.33,0.33,0.0,5.42,0.0,0.0,15.63,LOW,LOYAL_LOW_FRICTION_CUSTOMER,NO_MAJOR_RISK_SIGNAL
C004288,Logan,Johnson,Pakistan,Standard,3,8080.07,4,1,3,1,10.0,30.0,0,0,0,0,30.0,0.33,0.33,0.0,5.42,0.0,0.0,13.63,LOW,LOYAL_LOW_FRICTION_CUSTOMER,NO_MAJOR_RISK_SIGNAL
C004290,Joseph,Knapp,United States,Standard,2,6904.84,2,0,2,0,0.0,0.0,0,0,0,0,0.0,0.0,0.0,0.0,0.0,0.0,0.0,0.0,LOW,NORMAL_CUSTOMER,NO_MAJOR_RISK_SIGNAL
C004291,Deanna,Miller,Pakistan,Standard,2,5903.7,2,0,2,0,20.0,40.0,1,0,0,1,40.0,0.0,0.0,0.5,1.25,0.5,30.0,25.38,MEDIUM,NORMAL_CUSTOMER,NO_MAJOR_RISK_SIGNAL
C004294,Michelle,Anderson,Other,Standard,4,11651.43,5,1,4,1,18.75,40.0,1,0,0,1,40.0,0.25,0.25,0.25,4.69,0.25,28.0,25.81,MEDIUM,LOYAL_LOW_FRICTION_CUSTOMER,NO_MAJOR_RISK_SIGNAL
C004295,Michael,Chavez,United Arab Emirates,Standard,1,2807.43,1,0,1,0,40.0,40.0,1,0,0,1,40.0,0.0,0.0,1.0,2.5,1.0,30.0,25.75,MEDIUM,NORMAL_CUSTOMER,NO_MAJOR_RISK_SIGNAL
C004297,Tammy,Howard,Saudi Arabia,Standard,1,2895.73,3,2,1,2,65.0,65.0,2,1,0,1,65.0,2.0,2.0,2.0,37.5,1.0,30.0,46.25,MEDIUM,NORMAL_CUSTOMER,REPEATED_PAYMENT_FAILURES
C004298,Robert,Allen,Saudi Arabia,Standard,1,558.4,1,0,1,0,0.0,0.0,0,0,0,0,0.0,0.0,0.0,0.0,0.0,0.0,0.0,0.0,LOW,NORMAL_CUSTOMER,NO_MAJOR_RISK_SIGNAL
C004299,Ivan,Hurst,United Arab Emirates,Standard,2,6197.01,3,1,2,1,15.0,30.0,0,0,0,0,30.0,0.5,0.5,0.0,8.12,0.0,0.0,14.44,LOW,NORMAL_CUSTOMER,NO_MAJOR_RISK_SIGNAL
C004301,Jessica,Nichols,Saudi Arabia,Standard,1,2613.1,1,0,1,0,0.0,0.0,0,0,0,0,0.0,0.0,0.0,0.0,0.0,0.0,0.0,0.0,LOW,NORMAL_CUSTOMER,NO_MAJOR_RISK_SIGNAL
C004303,Shelby,Deleon,United States,Standard,1,3803.66,3,2,1,2,65.0,65.0,3,1,0,1,65.0,2.0,2.0,3.0,40.0,1.0,30.0,47.0,MEDIUM,NORMAL_CUSTOMER,REPEATED_PAYMENT_FAILURES
C004305,Christopher,Townsend,United States,Premium,1,1423.93,1,0,1,0,0.0,0.0,0,0,0,0,0.0,0.0,0.0,0.0,0.0,0.0,0.0,0.0,LOW,NORMAL_CUSTOMER,NO_MAJOR_RISK_SIGNAL
C004306,Garrett,Hopkins,Saudi Arabia,VIP,3,12654.14,4,1,3,1,10.0,30.0,0,0,0,0,30.0,0.33,0.33,0.0,5.42,0.0,0.0,13.63,LOW,LOYAL_LOW_FRICTION_CUSTOMER,NO_MAJOR_RISK_SIGNAL
C004307,Dakota,Hill,United Arab Emirates,Standard,1,842.22,1,0,1,0,0.0,0.0,0,0,0,0,0.0,0.0,0.0,0.0,0.0,0.0,0.0,0.0,LOW,NORMAL_CUSTOMER,NO_MAJOR_RISK_SIGNAL
C004308,Caleb,Donovan,Pakistan,Standard,1,1152.79,1,0,1,0,0.0,0.0,0,0,0,0,0.0,0.0,0.0,0.0,0.0,0.0,0.0,0.0,LOW,NORMAL_CUSTOMER,NO_MAJOR_RISK_SIGNAL
C004309,Natasha,Burton,United States,Standard,2,7558.69,2,0,2,0,20.0,40.0,1,0,0,1,40.0,0.0,0.0,0.5,1.25,0.5,30.0,25.38,MEDIUM,NORMAL_CUSTOMER,NO_MAJOR_RISK_SIGNAL
C004310,Amy,Little,United States,Standard,2,4457.82,4,2,2,2,32.5,65.0,2,1,0,1,65.0,1.0,1.0,1.0,18.75,0.5,30.0,40.62,MEDIUM,NORMAL_CUSTOMER,REPEATED_PAYMENT_FAILURES
C004311,Anthony,Riley,Saudi Arabia,Standard,2,5189.89,5,3,2,3,47.5,65.0,2,1,0,1,65.0,1.5,1.5,1.0,26.88,0.5,30.0,43.06,MEDIUM,NORMAL_CUSTOMER,REPEATED_PAYMENT_FAILURES
C004312,Randy,Garcia,Other,Premium,2,1524.89,3,1,2,1,37.5,45.0,1,0,0,1,45.0,0.5,0.5,0.5,9.38,0.5,30.0,29.81,MEDIUM,NORMAL_CUSTOMER,NO_MAJOR_RISK_SIGNAL
C004313,Kathy,Stevens,Saudi Arabia,Standard,4,10116.66,6,2,4,2,15.0,30.0,0,0,0,0,30.0,0.5,0.5,0.0,8.12,0.0,0.0,14.44,LOW,LOYAL_LOW_FRICTION_CUSTOMER,REPEATED_PAYMENT_FAILURES
C004315,Jose,Rodriguez,Other,Standard,2,5768.69,2,0,2,0,0.0,0.0,0,0,0,0,0.0,0.0,0.0,0.0,0.0,0.0,0.0,0.0,LOW,NORMAL_CUSTOMER,NO_MAJOR_RISK_SIGNAL
C004317,Diana,Kline,United Kingdom,Premium,2,6247.76,2,0,2,0,20.0,40.0,1,0,0,1,40.0,0.0,0.0,0.5,1.25,0.5,30.0,25.38,MEDIUM,NORMAL_CUSTOMER,NO_MAJOR_RISK_SIGNAL
C004318,Nicole,Davis,Saudi Arabia,Premium,1,2480.38,1,0,1,0,0.0,0.0,0,0,0,0,0.0,0.0,0.0,0.0,0.0,0.0,0.0,0.0,LOW,NORMAL_CUSTOMER,NO_MAJOR_RISK_SIGNAL
C004319,Kyle,Snyder,United Arab Emirates,Premium,1,4765.86,2,1,1,1,75.0,75.0,1,1,0,1,75.0,1.0,1.0,1.0,18.75,1.0,30.0,44.62,MEDIUM,NORMAL_CUSTOMER,HIGH_SEVERITY
C004320,John,Ward,Pakistan,Premium,1,4193.15,1,0,1,0,40.0,40.0,1,0,0,1,40.0,0.0,0.0,1.0,2.5,1.0,30.0,25.75,MEDIUM,NORMAL_CUSTOMER,NO_MAJOR_RISK_SIGNAL
C004321,Justin,Massey,Pakistan,Standard,1,2074.6,2,1,1,1,30.0,30.0,0,0,0,0,30.0,1.0,1.0,0.0,16.25,0.0,0.0,16.88,LOW,NORMAL_CUSTOMER,NO_MAJOR_RISK_SIGNAL
C004322,Courtney,Myers,Other,Standard,3,8632.46,6,3,3,3,30.0,60.0,2,1,0,1,60.0,1.0,1.0,0.67,17.92,0.33,30.0,38.38,MEDIUM,NORMAL_CUSTOMER,REPEATED_PAYMENT_FAILURES
C004323,David,Henry,United Kingdom,Standard,1,1756.43,1,0,1,0,0.0,0.0,0,0,0,0,0.0,0.0,0.0,0.0,0.0,0.0,0.0,0.0,LOW,NORMAL_CUSTOMER,NO_MAJOR_RISK_SIGNAL
C004324,Mary,Johnson,United Arab Emirates,Standard,2,7596.07,2,0,2,0,20.0,40.0,1,0,0,1,40.0,0.0,0.0,0.5,1.25,0.5,30.0,25.38,MEDIUM,NORMAL_CUSTOMER,NO_MAJOR_RISK_SIGNAL
C004325,Anthony,Jones,United States,VIP,2,6282.55,2,0,2,0,0.0,0.0,0,0,0,0,0.0,0.0,0.0,0.0,0.0,0.0,0.0,0.0,LOW,NORMAL_CUSTOMER,NO_MAJOR_RISK_SIGNAL
C004326,Elizabeth,Chung,Other,Premium,1,3703.93,1,0,1,0,0.0,0.0,0,0,0,0,0.0,0.0,0.0,0.0,0.0,0.0,0.0,0.0,LOW,NORMAL_CUSTOMER,NO_MAJOR_RISK_SIGNAL
C004327,Michelle,Jones,Saudi Arabia,Premium,3,10174.3,3,0,3,0,13.33,40.0,1,0,0,1,40.0,0.0,0.0,0.33,0.83,0.33,30.0,25.25,MEDIUM,LOYAL_LOW_FRICTION_CUSTOMER,NO_MAJOR_RISK_SIGNAL
C004328,Mark,Mcdaniel,Other,Standard,2,4480.5,2,0,2,0,22.5,45.0,1,0,0,1,45.0,0.0,0.0,0.5,1.25,0.5,30.0,27.38,MEDIUM,NORMAL_CUSTOMER,NO_MAJOR_RISK_SIGNAL
C004331,Amber,Odonnell,Saudi Arabia,Standard,3,3047.62,3,0,3,0,15.0,45.0,1,0,0,1,45.0,0.0,0.0,0.33,0.83,0.33,30.0,27.25,MEDIUM,LOYAL_LOW_FRICTION_CUSTOMER,NO_MAJOR_RISK_SIGNAL
C004332,Joseph,Stokes,Saudi Arabia,Standard,1,4033.73,1,0,1,0,0.0,0.0,0,0,0,0,0.0,0.0,0.0,0.0,0.0,0.0,0.0,0.0,LOW,NORMAL_CUSTOMER,NO_MAJOR_RISK_SIGNAL
C004333,Sean,White,United Arab Emirates,Premium,1,1231.19,1,0,1,0,45.0,45.0,1,0,0,1,45.0,0.0,0.0,1.0,2.5,1.0,30.0,27.75,MEDIUM,NORMAL_CUSTOMER,NO_MAJOR_RISK_SIGNAL
C004335,Heidi,White,United Arab Emirates,VIP,1,2411.21,1,0,1,0,40.0,40.0,1,0,0,1,40.0,0.0,0.0,1.0,2.5,1.0,30.0,25.75,MEDIUM,NORMAL_CUSTOMER,NO_MAJOR_RISK_SIGNAL
C004336,Gregory,Bradley,Saudi Arabia,Standard,1,3833.54,2,1,1,1,30.0,30.0,0,0,0,0,30.0,1.0,1.0,0.0,16.25,0.0,0.0,16.88,LOW,NORMAL_CUSTOMER,NO_MAJOR_RISK_SIGNAL
C004338,Crystal,Johnson,Other,Standard,1,3455.37,2,1,1,1,30.0,30.0,0,0,0,0,30.0,1.0,1.0,0.0,16.25,0.0,0.0,16.88,LOW,NORMAL_CUSTOMER,NO_MAJOR_RISK_SIGNAL
C004341,Alexandra,Webb,United Arab Emirates,Standard,3,6347.34,5,2,3,2,21.67,65.0,2,1,0,1,65.0,0.67,0.67,0.67,12.5,0.33,30.0,38.75,MEDIUM,LOYAL_LOW_FRICTION_CUSTOMER,REPEATED_PAYMENT_FAILURES
C004342,Danielle,Mendez,Saudi Arabia,Premium,1,4161.25,1,0,1,0,0.0,0.0,0,0,0,0,0.0,0.0,0.0,0.0,0.0,0.0,0.0,0.0,LOW,NORMAL_CUSTOMER,NO_MAJOR_RISK_SIGNAL
C004344,Michael,Moore,United States,Standard,1,616.42,3,2,1,2,100.0,100.0,3,1,1,1,100.0,2.0,2.0,3.0,40.0,1.0,30.0,61.0,HIGH,FRICTION_PRONE_CUSTOMER,HIGH_SEVERITY | REPEATED_PAYMENT_FAILURES | CRITICAL_JOURNEY
C004345,Amber,Harmon,Pakistan,Standard,1,846.65,1,0,1,0,0.0,0.0,0,0,0,0,0.0,0.0,0.0,0.0,0.0,0.0,0.0,0.0,LOW,NORMAL_CUSTOMER,NO_MAJOR_RISK_SIGNAL
C004346,Linda,House,United Arab Emirates,Standard,2,2932.73,2,0,2,0,0.0,0.0,0,0,0,0,0.0,0.0,0.0,0.0,0.0,0.0,0.0,0.0,LOW,NORMAL_CUSTOMER,NO_MAJOR_RISK_SIGNAL
C004347,Scott,Lee,United States,Premium,1,1389.58,1,0,1,0,45.0,45.0,1,0,0,1,45.0,0.0,0.0,1.0,2.5,1.0,30.0,27.75,MEDIUM,NORMAL_CUSTOMER,NO_MAJOR_RISK_SIGNAL
C004349,Jordan,Johnson,United States,Standard,1,1438.67,1,0,1,0,45.0,45.0,1,0,0,1,45.0,0.0,0.0,1.0,2.5,1.0,30.0,27.75,MEDIUM,NORMAL_CUSTOMER,NO_MAJOR_RISK_SIGNAL
C004350,Kevin,Hunt,Pakistan,Standard,2,6662.37,2,0,2,0,0.0,0.0,0,0,0,0,0.0,0.0,0.0,0.0,0.0,0.0,0.0,0.0,LOW,NORMAL_CUSTOMER,NO_MAJOR_RISK_SIGNAL
C004351,Aaron,Hernandez,United States,Standard,2,3409.68,4,2,2,2,32.5,65.0,2,1,0,1,65.0,1.0,1.0,1.0,18.75,0.5,30.0,40.62,MEDIUM,NORMAL_CUSTOMER,REPEATED_PAYMENT_FAILURES
C004352,Lisa,Camacho,Pakistan,Standard,2,8841.63,2,0,2,0,0.0,0.0,0,0,0,0,0.0,0.0,0.0,0.0,0.0,0.0,0.0,0.0,LOW,NORMAL_CUSTOMER,NO_MAJOR_RISK_SIGNAL
C004355,Taylor,Murphy,Pakistan,Standard,4,5857.37,5,1,4,1,7.5,30.0,0,0,0,0,30.0,0.25,0.25,0.0,4.06,0.0,0.0,13.22,LOW,LOYAL_LOW_FRICTION_CUSTOMER,NO_MAJOR_RISK_SIGNAL
C004356,Alan,Robinson,Pakistan,Standard,1,3167.65,1,0,1,0,45.0,45.0,1,0,0,1,45.0,0.0,0.0,1.0,2.5,1.0,30.0,27.75,MEDIUM,NORMAL_CUSTOMER,NO_MAJOR_RISK_SIGNAL
C004357,Sandra,Luna,Saudi Arabia,Standard,1,3879.83,1,0,1,0,0.0,0.0,0,0,0,0,0.0,0.0,0.0,0.0,0.0,0.0,0.0,0.0,LOW,NORMAL_CUSTOMER,NO_MAJOR_RISK_SIGNAL
C004358,Stacey,Case,Pakistan,Standard,3,9344.91,5,2,3,2,46.67,100.0,4,1,1,2,100.0,0.67,0.67,1.33,14.17,0.67,65.67,63.95,HIGH,FRICTION_PRONE_CUSTOMER,HIGH_SEVERITY | PERSISTENT_BEHAVIOR | REPEATED_PAYMENT_FAILURES | MULTIPLE_PROBLEMATIC_JOURNEYS | CRITICAL_JOURNEY
C004359,Thomas,Adams,Pakistan,Standard,1,2767.15,1,0,1,0,0.0,0.0,0,0,0,0,0.0,0.0,0.0,0.0,0.0,0.0,0.0,0.0,LOW,NORMAL_CUSTOMER,NO_MAJOR_RISK_SIGNAL
C004361,Russell,Ashley,Saudi Arabia,Premium,1,1315.0,1,0,1,0,0.0,0.0,0,0,0,0,0.0,0.0,0.0,0.0,0.0,0.0,0.0,0.0,LOW,NORMAL_CUSTOMER,NO_MAJOR_RISK_SIGNAL
C004362,Kelly,Bailey,Pakistan,Standard,2,8764.65,2,0,2,0,20.0,40.0,1,0,0,1,40.0,0.0,0.0,0.5,1.25,0.5,30.0,25.38,MEDIUM,NORMAL_CUSTOMER,NO_MAJOR_RISK_SIGNAL
C004363,Jerry,Arnold,United States,Standard,2,6120.77,2,0,2,0,0.0,0.0,0,0,0,0,0.0,0.0,0.0,0.0,0.0,0.0,0.0,0.0,LOW,NORMAL_CUSTOMER,NO_MAJOR_RISK_SIGNAL
C004364,Adrian,Phillips,Pakistan,Standard,2,3106.51,2,0,2,0,0.0,0.0,0,0,0,0,0.0,0.0,0.0,0.0,0.0,0.0,0.0,0.0,LOW,NORMAL_CUSTOMER,NO_MAJOR_RISK_SIGNAL
C004365,Nathaniel,Mcgee,Saudi Arabia,Standard,2,6368.79,3,1,2,1,35.0,70.0,1,1,0,1,70.0,0.5,0.5,0.5,9.38,0.5,30.0,39.81,MEDIUM,NORMAL_CUSTOMER,HIGH_SEVERITY
C004366,Robert,Simpson,United Kingdom,Standard,1,663.33,2,1,1,1,70.0,70.0,1,1,0,1,70.0,1.0,1.0,1.0,18.75,1.0,30.0,42.62,MEDIUM,NORMAL_CUSTOMER,HIGH_SEVERITY
C004367,Ann,Hunt,Saudi Arabia,Standard,2,2649.59,2,0,2,0,0.0,0.0,0,0,0,0,0.0,0.0,0.0,0.0,0.0,0.0,0.0,0.0,LOW,NORMAL_CUSTOMER,NO_MAJOR_RISK_SIGNAL
C004369,Frank,Lee,Saudi Arabia,Premium,2,5288.56,2,0,2,0,22.5,45.0,1,0,0,1,45.0,0.0,0.0,0.5,1.25,0.5,30.0,27.38,MEDIUM,NORMAL_CUSTOMER,NO_MAJOR_RISK_SIGNAL
C004370,Jillian,Thompson,Saudi Arabia,Standard,1,2277.76,1,0,1,0,0.0,0.0,0,0,0,0,0.0,0.0,0.0,0.0,0.0,0.0,0.0,0.0,LOW,NORMAL_CUSTOMER,NO_MAJOR_RISK_SIGNAL
C004371,Peter,Mcdaniel,Saudi Arabia,Standard,1,1214.05,1,0,1,0,0.0,0.0,0,0,0,0,0.0,0.0,0.0,0.0,0.0,0.0,0.0,0.0,LOW,NORMAL_CUSTOMER,NO_MAJOR_RISK_SIGNAL
C004372,Nicholas,Clay,United Arab Emirates,Standard,2,6424.52,2,0,2,0,0.0,0.0,0,0,0,0,0.0,0.0,0.0,0.0,0.0,0.0,0.0,0.0,LOW,NORMAL_CUSTOMER,NO_MAJOR_RISK_SIGNAL
C004373,Jose,Campbell,Saudi Arabia,Standard,2,3444.59,4,2,2,2,30.0,60.0,2,1,0,1,60.0,1.0,1.0,1.0,18.75,0.5,30.0,38.62,MEDIUM,NORMAL_CUSTOMER,REPEATED_PAYMENT_FAILURES
C004374,Robert,Long,United Arab Emirates,Standard,1,3877.96,1,0,1,0,40.0,40.0,1,0,0,1,40.0,0.0,0.0,1.0,2.5,1.0,30.0,25.75,MEDIUM,NORMAL_CUSTOMER,NO_MAJOR_RISK_SIGNAL
C004377,Renee,Collins,United Arab Emirates,Standard,2,4554.07,3,1,2,1,15.0,30.0,0,0,0,0,30.0,0.5,0.5,0.0,8.12,0.0,0.0,14.44,LOW,NORMAL_CUSTOMER,NO_MAJOR_RISK_SIGNAL
C004378,Lindsey,Bauer,United States,Standard,1,1169.08,1,0,1,0,0.0,0.0,0,0,0,0,0.0,0.0,0.0,0.0,0.0,0.0,0.0,0.0,LOW,NORMAL_CUSTOMER,NO_MAJOR_RISK_SIGNAL
C004379,Gail,Mckay,Saudi Arabia,Standard,3,4499.47,4,1,3,1,10.0,30.0,0,0,0,0,30.0,0.33,0.33,0.0,5.42,0.0,0.0,13.63,LOW,LOYAL_LOW_FRICTION_CUSTOMER,NO_MAJOR_RISK_SIGNAL
C004380,Justin,Freeman,Pakistan,Standard,2,4403.65,2,0,2,0,0.0,0.0,0,0,0,0,0.0,0.0,0.0,0.0,0.0,0.0,0.0,0.0,LOW,NORMAL_CUSTOMER,NO_MAJOR_RISK_SIGNAL
C004381,Julia,Andrade,Saudi Arabia,Premium,2,1986.64,3,1,2,1,17.5,35.0,0,0,0,0,35.0,0.5,0.5,0.0,8.12,0.0,0.0,16.44,LOW,NORMAL_CUSTOMER,NO_MAJOR_RISK_SIGNAL
C004382,Lisa,Henderson,Saudi Arabia,Standard,1,3431.97,2,1,1,1,30.0,30.0,0,0,0,0,30.0,1.0,1.0,0.0,16.25,0.0,0.0,16.88,LOW,NORMAL_CUSTOMER,NO_MAJOR_RISK_SIGNAL
C004384,Melissa,Cabrera,Pakistan,Standard,1,3287.16,1,0,1,0,0.0,0.0,0,0,0,0,0.0,0.0,0.0,0.0,0.0,0.0,0.0,0.0,LOW,NORMAL_CUSTOMER,NO_MAJOR_RISK_SIGNAL
C004385,Ian,Dean,Other,Standard,3,7753.77,3,0,3,0,26.67,40.0,2,0,0,2,40.0,0.0,0.0,0.67,1.67,0.67,65.67,36.2,MEDIUM,NORMAL_CUSTOMER,PERSISTENT_BEHAVIOR | MULTIPLE_PROBLEMATIC_JOURNEYS
C004387,Dana,Patterson,Other,Standard,1,2360.14,1,0,1,0,0.0,0.0,0,0,0,0,0.0,0.0,0.0,0.0,0.0,0.0,0.0,0.0,LOW,NORMAL_CUSTOMER,NO_MAJOR_RISK_SIGNAL
C004389,Joseph,Brooks,Saudi Arabia,Premium,2,5713.75,2,0,2,0,40.0,40.0,2,0,0,2,40.0,0.0,0.0,1.0,2.5,1.0,79.0,40.45,MEDIUM,NORMAL_CUSTOMER,PERSISTENT_BEHAVIOR | MULTIPLE_PROBLEMATIC_JOURNEYS
C004390,Cindy,Chen,Saudi Arabia,Standard,2,5392.5,3,1,2,1,35.0,70.0,1,1,0,1,70.0,0.5,0.5,0.5,9.38,0.5,30.0,39.81,MEDIUM,NORMAL_CUSTOMER,HIGH_SEVERITY
C004391,Jacob,Brown,Saudi Arabia,Standard,2,3811.31,2,0,2,0,0.0,0.0,0,0,0,0,0.0,0.0,0.0,0.0,0.0,0.0,0.0,0.0,LOW,NORMAL_CUSTOMER,NO_MAJOR_RISK_SIGNAL
C004392,Andrew,Jackson,Pakistan,Premium,2,5982.3,3,1,2,1,15.0,30.0,0,0,0,0,30.0,0.5,0.5,0.0,8.12,0.0,0.0,14.44,LOW,NORMAL_CUSTOMER,NO_MAJOR_RISK_SIGNAL
C004397,Joseph,Serrano,Saudi Arabia,Standard,2,8563.94,2,0,2,0,0.0,0.0,0,0,0,0,0.0,0.0,0.0,0.0,0.0,0.0,0.0,0.0,LOW,NORMAL_CUSTOMER,NO_MAJOR_RISK_SIGNAL
C004400,Jesse,Bell,Saudi Arabia,Premium,2,4351.32,2,0,2,0,0.0,0.0,0,0,0,0,0.0,0.0,0.0,0.0,0.0,0.0,0.0,0.0,LOW,NORMAL_CUSTOMER,NO_MAJOR_RISK_SIGNAL
C004401,Edward,Johnson,Saudi Arabia,Standard,2,3691.45,3,1,2,1,17.5,35.0,0,0,0,0,35.0,0.5,0.5,0.0,8.12,0.0,0.0,16.44,LOW,NORMAL_CUSTOMER,NO_MAJOR_RISK_SIGNAL
C004403,Matthew,Morris,Saudi Arabia,Standard,4,9662.53,7,3,4,3,23.75,60.0,2,1,0,1,60.0,0.75,0.75,0.5,13.44,0.25,28.0,36.43,MEDIUM,LOYAL_LOW_FRICTION_CUSTOMER,REPEATED_PAYMENT_FAILURES
C004404,Larry,Gibbs,United Arab Emirates,Standard,1,3616.85,1,0,1,0,0.0,0.0,0,0,0,0,0.0,0.0,0.0,0.0,0.0,0.0,0.0,0.0,LOW,NORMAL_CUSTOMER,NO_MAJOR_RISK_SIGNAL
C004406,Whitney,Jones,United Kingdom,Standard,1,1574.06,1,0,1,0,0.0,0.0,0,0,0,0,0.0,0.0,0.0,0.0,0.0,0.0,0.0,0.0,LOW,NORMAL_CUSTOMER,NO_MAJOR_RISK_SIGNAL
C004407,Steven,Sandoval,Other,Premium,2,6742.25,4,2,2,2,32.5,65.0,2,1,0,1,65.0,1.0,1.0,1.0,18.75,0.5,30.0,40.62,MEDIUM,NORMAL_CUSTOMER,REPEATED_PAYMENT_FAILURES
C004409,Mark,Chan,United Arab Emirates,VIP,3,9973.06,4,1,3,1,23.33,70.0,1,1,0,1,70.0,0.33,0.33,0.33,6.25,0.33,30.0,38.88,MEDIUM,LOYAL_LOW_FRICTION_CUSTOMER,HIGH_SEVERITY
C004410,Megan,Martinez,Pakistan,Standard,2,7680.72,4,2,2,2,32.5,65.0,2,1,0,1,65.0,1.0,1.0,1.0,18.75,0.5,30.0,40.62,MEDIUM,NORMAL_CUSTOMER,REPEATED_PAYMENT_FAILURES
C004411,Stephanie,Flores,Saudi Arabia,VIP,1,2388.26,1,0,1,0,0.0,0.0,0,0,0,0,0.0,0.0,0.0,0.0,0.0,0.0,0.0,0.0,LOW,NORMAL_CUSTOMER,NO_MAJOR_RISK_SIGNAL
C004414,Charles,Marshall,Pakistan,Premium,3,9397.82,5,2,3,2,21.67,65.0,2,1,0,1,65.0,0.67,0.67,0.67,12.5,0.33,30.0,38.75,MEDIUM,LOYAL_LOW_FRICTION_CUSTOMER,REPEATED_PAYMENT_FAILURES
C004416,James,Roach,United Arab Emirates,Premium,2,6110.82,4,2,2,2,50.0,100.0,3,1,1,1,100.0,1.0,1.0,1.5,20.0,0.5,30.0,55.0,HIGH,FRICTION_PRONE_CUSTOMER,HIGH_SEVERITY | REPEATED_PAYMENT_FAILURES | CRITICAL_JOURNEY
C004417,Mckenzie,Hoffman,United Arab Emirates,Standard,1,2663.61,2,1,1,1,75.0,75.0,1,1,0,1,75.0,1.0,1.0,1.0,18.75,1.0,30.0,44.62,MEDIUM,NORMAL_CUSTOMER,HIGH_SEVERITY
C004419,Maria,Guzman,United Arab Emirates,Standard,1,3539.92,1,0,1,0,0.0,0.0,0,0,0,0,0.0,0.0,0.0,0.0,0.0,0.0,0.0,0.0,LOW,NORMAL_CUSTOMER,NO_MAJOR_RISK_SIGNAL
C004420,David,Rose,Saudi Arabia,Standard,2,5874.51,2,0,2,0,20.0,40.0,1,0,0,1,40.0,0.0,0.0,0.5,1.25,0.5,30.0,25.38,MEDIUM,NORMAL_CUSTOMER,NO_MAJOR_RISK_SIGNAL
C004422,John,Ramirez,Other,Premium,2,6466.86,4,2,2,2,32.5,65.0,2,1,0,1,65.0,1.0,1.0,1.0,18.75,0.5,30.0,40.62,MEDIUM,NORMAL_CUSTOMER,REPEATED_PAYMENT_FAILURES
C004423,Kelsey,Franklin,Pakistan,Standard,2,6731.77,3,1,2,1,15.0,30.0,0,0,0,0,30.0,0.5,0.5,0.0,8.12,0.0,0.0,14.44,LOW,NORMAL_CUSTOMER,NO_MAJOR_RISK_SIGNAL
C004424,Scott,Ware,United Kingdom,Standard,2,7037.12,2,0,2,0,20.0,40.0,1,0,0,1,40.0,0.0,0.0,0.5,1.25,0.5,30.0,25.38,MEDIUM,NORMAL_CUSTOMER,NO_MAJOR_RISK_SIGNAL
C004425,Joan,Heath,United Arab Emirates,Standard,1,3338.65,1,0,1,0,40.0,40.0,1,0,0,1,40.0,0.0,0.0,1.0,2.5,1.0,30.0,25.75,MEDIUM,NORMAL_CUSTOMER,NO_MAJOR_RISK_SIGNAL
C004426,Arthur,Jones,United Arab Emirates,Standard,2,7721.88,5,3,2,3,50.0,65.0,2,1,0,1,65.0,1.5,1.5,1.0,26.88,0.5,30.0,43.06,MEDIUM,NORMAL_CUSTOMER,REPEATED_PAYMENT_FAILURES
C004427,Steven,Stafford,Saudi Arabia,Standard,3,7167.05,4,1,3,1,25.0,75.0,1,1,0,1,75.0,0.33,0.33,0.33,6.25,0.33,30.0,40.88,MEDIUM,LOYAL_LOW_FRICTION_CUSTOMER,HIGH_SEVERITY
C004428,Kelli,Fisher,Saudi Arabia,Standard,1,1763.99,1,0,1,0,0.0,0.0,0,0,0,0,0.0,0.0,0.0,0.0,0.0,0.0,0.0,0.0,LOW,NORMAL_CUSTOMER,NO_MAJOR_RISK_SIGNAL
C004429,Adriana,Avila,Saudi Arabia,Standard,1,2419.96,1,0,1,0,0.0,0.0,0,0,0,0,0.0,0.0,0.0,0.0,0.0,0.0,0.0,0.0,LOW,NORMAL_CUSTOMER,NO_MAJOR_RISK_SIGNAL
C004430,Tina,Stewart,United States,Standard,1,2013.53,1,0,1,0,45.0,45.0,1,0,0,1,45.0,0.0,0.0,1.0,2.5,1.0,30.0,27.75,MEDIUM,NORMAL_CUSTOMER,NO_MAJOR_RISK_SIGNAL
C004431,Thomas,Flores,United Kingdom,Premium,1,3303.22,1,0,1,0,0.0,0.0,0,0,0,0,0.0,0.0,0.0,0.0,0.0,0.0,0.0,0.0,LOW,NORMAL_CUSTOMER,NO_MAJOR_RISK_SIGNAL
C004432,Erin,Gonzalez,Pakistan,Standard,3,7391.74,3,0,3,0,0.0,0.0,0,0,0,0,0.0,0.0,0.0,0.0,0.0,0.0,0.0,0.0,LOW,LOYAL_LOW_FRICTION_CUSTOMER,NO_MAJOR_RISK_SIGNAL
C004433,Larry,Lang,United Arab Emirates,Standard,1,614.71,2,1,1,1,30.0,30.0,0,0,0,0,30.0,1.0,1.0,0.0,16.25,0.0,0.0,16.88,LOW,NORMAL_CUSTOMER,NO_MAJOR_RISK_SIGNAL
C004434,Marcus,Jimenez,Other,Standard,5,15497.26,7,2,5,2,22.0,45.0,1,0,0,1,45.0,0.4,0.4,0.2,7.0,0.2,26.0,27.9,MEDIUM,LOYAL_LOW_FRICTION_CUSTOMER,REPEATED_PAYMENT_FAILURES
C004435,Crystal,Mooney,Saudi Arabia,Standard,2,4054.78,2,0,2,0,22.5,45.0,1,0,0,1,45.0,0.0,0.0,0.5,1.25,0.5,30.0,27.38,MEDIUM,NORMAL_CUSTOMER,NO_MAJOR_RISK_SIGNAL
C004436,Bobby,Fisher,Saudi Arabia,Standard,2,5196.57,2,0,2,0,0.0,0.0,0,0,0,0,0.0,0.0,0.0,0.0,0.0,0.0,0.0,0.0,LOW,NORMAL_CUSTOMER,NO_MAJOR_RISK_SIGNAL
C004438,Abigail,Jackson,United States,Standard,2,3711.66,4,2,2,2,32.5,65.0,2,1,0,1,65.0,1.0,1.0,1.0,18.75,0.5,30.0,40.62,MEDIUM,NORMAL_CUSTOMER,REPEATED_PAYMENT_FAILURES
C004440,Danielle,Reyes,Saudi Arabia,Standard,1,1322.32,2,1,1,1,35.0,35.0,0,0,0,0,35.0,1.0,1.0,0.0,16.25,0.0,0.0,18.88,LOW,NORMAL_CUSTOMER,NO_MAJOR_RISK_SIGNAL
C004441,James,Ray,Other,Premium,3,9540.1,3,0,3,0,13.33,40.0,1,0,0,1,40.0,0.0,0.0,0.33,0.83,0.33,30.0,25.25,MEDIUM,LOYAL_LOW_FRICTION_CUSTOMER,NO_MAJOR_RISK_SIGNAL
C004444,Jeff,Chase,United Arab Emirates,Standard,2,7535.34,2,0,2,0,0.0,0.0,0,0,0,0,0.0,0.0,0.0,0.0,0.0,0.0,0.0,0.0,LOW,NORMAL_CUSTOMER,NO_MAJOR_RISK_SIGNAL
C004445,Daniel,Travis,United Arab Emirates,Standard,2,1403.2,3,1,2,1,40.0,80.0,1,1,1,1,80.0,0.5,0.5,0.5,9.38,0.5,30.0,43.81,MEDIUM,NORMAL_CUSTOMER,HIGH_SEVERITY | CRITICAL_JOURNEY
C004446,Cynthia,Buck,Other,Standard,1,3662.33,1,0,1,0,0.0,0.0,0,0,0,0,0.0,0.0,0.0,0.0,0.0,0.0,0.0,0.0,LOW,NORMAL_CUSTOMER,NO_MAJOR_RISK_SIGNAL
C004447,Mark,Mitchell,Saudi Arabia,Standard,2,4906.92,3,1,2,1,15.0,30.0,0,0,0,0,30.0,0.5,0.5,0.0,8.12,0.0,0.0,14.44,LOW,NORMAL_CUSTOMER,NO_MAJOR_RISK_SIGNAL
C004449,Joshua,Powell,United Arab Emirates,Standard,1,4901.3,1,0,1,0,40.0,40.0,1,0,0,1,40.0,0.0,0.0,1.0,2.5,1.0,30.0,25.75,MEDIUM,NORMAL_CUSTOMER,NO_MAJOR_RISK_SIGNAL
C004450,David,Huang,United Kingdom,Premium,2,7233.77,3,1,2,1,15.0,30.0,0,0,0,0,30.0,0.5,0.5,0.0,8.12,0.0,0.0,14.44,LOW,NORMAL_CUSTOMER,NO_MAJOR_RISK_SIGNAL
C004452,Albert,Williams,Pakistan,Premium,2,6177.25,2,0,2,0,0.0,0.0,0,0,0,0,0.0,0.0,0.0,0.0,0.0,0.0,0.0,0.0,LOW,NORMAL_CUSTOMER,NO_MAJOR_RISK_SIGNAL
C004453,Bobby,Newman,United States,Standard,2,4521.76,2,0,2,0,22.5,45.0,1,0,0,1,45.0,0.0,0.0,0.5,1.25,0.5,30.0,27.38,MEDIUM,NORMAL_CUSTOMER,NO_MAJOR_RISK_SIGNAL
C004454,Kristen,Jones,United States,Standard,1,2526.96,2,1,1,1,75.0,75.0,1,1,0,1,75.0,1.0,1.0,1.0,18.75,1.0,30.0,44.62,MEDIUM,NORMAL_CUSTOMER,HIGH_SEVERITY
C004456,Caitlyn,Lang,Saudi Arabia,Standard,3,5024.94,3,0,3,0,0.0,0.0,0,0,0,0,0.0,0.0,0.0,0.0,0.0,0.0,0.0,0.0,LOW,LOYAL_LOW_FRICTION_CUSTOMER,NO_MAJOR_RISK_SIGNAL
C004457,Nathan,Cummings,United Kingdom,Standard,1,2554.19,1,0,1,0,0.0,0.0,0,0,0,0,0.0,0.0,0.0,0.0,0.0,0.0,0.0,0.0,LOW,NORMAL_CUSTOMER,NO_MAJOR_RISK_SIGNAL
C004458,Christopher,Hill,Saudi Arabia,Standard,1,1138.96,1,0,1,0,0.0,0.0,0,0,0,0,0.0,0.0,0.0,0.0,0.0,0.0,0.0,0.0,LOW,NORMAL_CUSTOMER,NO_MAJOR_RISK_SIGNAL
C004459,Eric,Molina,United Arab Emirates,Standard,3,9830.08,4,1,3,1,10.0,30.0,0,0,0,0,30.0,0.33,0.33,0.0,5.42,0.0,0.0,13.63,LOW,LOYAL_LOW_FRICTION_CUSTOMER,NO_MAJOR_RISK_SIGNAL
C004460,Christopher,Ross,Pakistan,Standard,1,967.17,1,0,1,0,40.0,40.0,1,0,0,1,40.0,0.0,0.0,1.0,2.5,1.0,30.0,25.75,MEDIUM,NORMAL_CUSTOMER,NO_MAJOR_RISK_SIGNAL
C004461,Christine,Hawkins,United Arab Emirates,Premium,2,5081.02,4,2,2,2,50.0,100.0,3,1,1,1,100.0,1.0,1.0,1.5,20.0,0.5,30.0,55.0,HIGH,FRICTION_PRONE_CUSTOMER,HIGH_SEVERITY | REPEATED_PAYMENT_FAILURES | CRITICAL_JOURNEY
C004462,Sarah,Edwards,Pakistan,Standard,1,801.28,2,1,1,1,30.0,30.0,0,0,0,0,30.0,1.0,1.0,0.0,16.25,0.0,0.0,16.88,LOW,NORMAL_CUSTOMER,NO_MAJOR_RISK_SIGNAL
C004463,Wendy,Salazar,Other,Standard,2,5333.01,2,0,2,0,0.0,0.0,0,0,0,0,0.0,0.0,0.0,0.0,0.0,0.0,0.0,0.0,LOW,NORMAL_CUSTOMER,NO_MAJOR_RISK_SIGNAL
C004466,Deanna,Gibson,United Arab Emirates,Standard,1,2608.32,1,0,1,0,0.0,0.0,0,0,0,0,0.0,0.0,0.0,0.0,0.0,0.0,0.0,0.0,LOW,NORMAL_CUSTOMER,NO_MAJOR_RISK_SIGNAL
C004467,Jacqueline,Allison,Saudi Arabia,Standard,2,4345.33,2,0,2,0,20.0,40.0,1,0,0,1,40.0,0.0,0.0,0.5,1.25,0.5,30.0,25.38,MEDIUM,NORMAL_CUSTOMER,NO_MAJOR_RISK_SIGNAL
C004469,David,Martinez,Other,Standard,2,3245.94,2,0,2,0,0.0,0.0,0,0,0,0,0.0,0.0,0.0,0.0,0.0,0.0,0.0,0.0,LOW,NORMAL_CUSTOMER,NO_MAJOR_RISK_SIGNAL
C004470,Jesse,Brooks,Other,Standard,2,5382.44,2,0,2,0,20.0,40.0,1,0,0,1,40.0,0.0,0.0,0.5,1.25,0.5,30.0,25.38,MEDIUM,NORMAL_CUSTOMER,NO_MAJOR_RISK_SIGNAL
C004471,Tina,Williamson,Other,Standard,2,5229.86,4,2,2,2,50.0,100.0,3,1,1,1,100.0,1.0,1.0,1.5,20.0,0.5,30.0,55.0,HIGH,FRICTION_PRONE_CUSTOMER,HIGH_SEVERITY | REPEATED_PAYMENT_FAILURES | CRITICAL_JOURNEY
C004472,Kristina,Johnson,Other,Standard,2,5804.58,2,0,2,0,20.0,40.0,1,0,0,1,40.0,0.0,0.0,0.5,1.25,0.5,30.0,25.38,MEDIUM,NORMAL_CUSTOMER,NO_MAJOR_RISK_SIGNAL
C004473,Katherine,Williams,Saudi Arabia,Standard,1,4828.06,1,0,1,0,0.0,0.0,0,0,0,0,0.0,0.0,0.0,0.0,0.0,0.0,0.0,0.0,LOW,NORMAL_CUSTOMER,NO_MAJOR_RISK_SIGNAL
C004474,Linda,Smith,United Arab Emirates,Standard,2,6026.51,3,1,2,1,37.5,45.0,1,0,0,1,45.0,0.5,0.5,0.5,9.38,0.5,30.0,29.81,MEDIUM,NORMAL_CUSTOMER,NO_MAJOR_RISK_SIGNAL
C004475,Samuel,Garcia,United Kingdom,Standard,3,4918.77,5,2,3,2,33.33,100.0,3,1,1,1,100.0,0.67,0.67,1.0,13.33,0.33,30.0,53.0,HIGH,FRICTION_PRONE_CUSTOMER,HIGH_SEVERITY | REPEATED_PAYMENT_FAILURES | CRITICAL_JOURNEY
C004477,Hannah,Watts,United Arab Emirates,Standard,3,6784.02,4,1,3,1,25.0,40.0,1,0,0,1,40.0,0.33,0.33,0.33,6.25,0.33,30.0,26.88,MEDIUM,LOYAL_LOW_FRICTION_CUSTOMER,NO_MAJOR_RISK_SIGNAL
C004479,Dennis,Jackson,Pakistan,Standard,3,7288.48,3,0,3,0,13.33,40.0,1,0,0,1,40.0,0.0,0.0,0.33,0.83,0.33,30.0,25.25,MEDIUM,LOYAL_LOW_FRICTION_CUSTOMER,NO_MAJOR_RISK_SIGNAL
C004480,Rachel,Lee,Pakistan,Standard,3,9857.46,3,0,3,0,13.33,40.0,1,0,0,1,40.0,0.0,0.0,0.33,0.83,0.33,30.0,25.25,MEDIUM,LOYAL_LOW_FRICTION_CUSTOMER,NO_MAJOR_RISK_SIGNAL
C004482,Samuel,Wood,United Arab Emirates,Standard,2,5611.76,4,2,2,2,57.5,80.0,1,1,1,1,80.0,1.0,1.0,0.5,17.5,0.5,30.0,46.25,MEDIUM,NORMAL_CUSTOMER,HIGH_SEVERITY | REPEATED_PAYMENT_FAILURES | CRITICAL_JOURNEY
C004483,Kenneth,Leach,Pakistan,Standard,3,12176.47,3,0,3,0,0.0,0.0,0,0,0,0,0.0,0.0,0.0,0.0,0.0,0.0,0.0,0.0,LOW,LOYAL_LOW_FRICTION_CUSTOMER,NO_MAJOR_RISK_SIGNAL
C004484,Heidi,Mayo,Pakistan,Premium,1,1022.85,1,0,1,0,45.0,45.0,1,0,0,1,45.0,0.0,0.0,1.0,2.5,1.0,30.0,27.75,MEDIUM,NORMAL_CUSTOMER,NO_MAJOR_RISK_SIGNAL
C004485,James,Villa,Saudi Arabia,Standard,1,4474.71,3,2,1,2,100.0,100.0,3,1,1,1,100.0,2.0,2.0,3.0,40.0,1.0,30.0,61.0,HIGH,FRICTION_PRONE_CUSTOMER,HIGH_SEVERITY | REPEATED_PAYMENT_FAILURES | CRITICAL_JOURNEY
C004486,Jacob,Parrish,United Kingdom,Standard,5,17929.72,7,2,5,2,30.0,75.0,2,1,0,2,75.0,0.4,0.4,0.4,7.5,0.4,55.0,48.75,MEDIUM,NORMAL_CUSTOMER,HIGH_SEVERITY | PERSISTENT_BEHAVIOR | REPEATED_PAYMENT_FAILURES | MULTIPLE_PROBLEMATIC_JOURNEYS
C004487,Michael,Green,Saudi Arabia,Premium,1,586.22,1,0,1,0,0.0,0.0,0,0,0,0,0.0,0.0,0.0,0.0,0.0,0.0,0.0,0.0,LOW,NORMAL_CUSTOMER,NO_MAJOR_RISK_SIGNAL
C004488,Jessica,Glover,United Arab Emirates,Standard,3,10998.72,6,3,3,3,31.67,65.0,2,1,0,1,65.0,1.0,1.0,0.67,17.92,0.33,30.0,40.38,MEDIUM,NORMAL_CUSTOMER,REPEATED_PAYMENT_FAILURES
C004489,Joshua,Rodriguez,United States,Premium,1,1261.47,1,0,1,0,0.0,0.0,0,0,0,0,0.0,0.0,0.0,0.0,0.0,0.0,0.0,0.0,LOW,NORMAL_CUSTOMER,NO_MAJOR_RISK_SIGNAL
C004491,Robin,Jones,Saudi Arabia,Standard,2,1547.06,2,0,2,0,0.0,0.0,0,0,0,0,0.0,0.0,0.0,0.0,0.0,0.0,0.0,0.0,LOW,NORMAL_CUSTOMER,NO_MAJOR_RISK_SIGNAL
C004492,Angela,Murphy,United Kingdom,Standard,4,6179.05,5,1,4,1,7.5,30.0,0,0,0,0,30.0,0.25,0.25,0.0,4.06,0.0,0.0,13.22,LOW,LOYAL_LOW_FRICTION_CUSTOMER,NO_MAJOR_RISK_SIGNAL
C004493,Casey,Salazar,Pakistan,Standard,3,6384.52,6,3,3,3,31.67,35.0,0,0,0,0,35.0,1.0,1.0,0.0,16.25,0.0,0.0,18.88,LOW,NORMAL_CUSTOMER,REPEATED_PAYMENT_FAILURES
C004494,Eric,Burnett,United States,Premium,5,14844.84,7,2,5,2,29.0,40.0,2,0,0,2,40.0,0.4,0.4,0.4,7.5,0.4,55.0,34.75,MEDIUM,NORMAL_CUSTOMER,PERSISTENT_BEHAVIOR | REPEATED_PAYMENT_FAILURES | MULTIPLE_PROBLEMATIC_JOURNEYS
C004495,Kenneth,Nelson,United Kingdom,Premium,4,9172.26,4,0,4,0,0.0,0.0,0,0,0,0,0.0,0.0,0.0,0.0,0.0,0.0,0.0,0.0,LOW,LOYAL_LOW_FRICTION_CUSTOMER,NO_MAJOR_RISK_SIGNAL
C004496,Jose,Jackson,Pakistan,Standard,1,1733.09,1,0,1,0,40.0,40.0,1,0,0,1,40.0,0.0,0.0,1.0,2.5,1.0,30.0,25.75,MEDIUM,NORMAL_CUSTOMER,NO_MAJOR_RISK_SIGNAL
C004497,Michael,Taylor,United Arab Emirates,Premium,2,7688.09,2,0,2,0,0.0,0.0,0,0,0,0,0.0,0.0,0.0,0.0,0.0,0.0,0.0,0.0,LOW,NORMAL_CUSTOMER,NO_MAJOR_RISK_SIGNAL
C004498,Aaron,Murray,Saudi Arabia,Standard,2,6506.33,2,0,2,0,0.0,0.0,0,0,0,0,0.0,0.0,0.0,0.0,0.0,0.0,0.0,0.0,LOW,NORMAL_CUSTOMER,NO_MAJOR_RISK_SIGNAL
C004499,Dana,Martinez,Saudi Arabia,Premium,2,5762.87,2,0,2,0,0.0,0.0,0,0,0,0,0.0,0.0,0.0,0.0,0.0,0.0,0.0,0.0,LOW,NORMAL_CUSTOMER,NO_MAJOR_RISK_SIGNAL
C004500,Nicholas,Atkins,United Arab Emirates,Premium,2,8249.51,2,0,2,0,42.5,45.0,2,0,0,2,45.0,0.0,0.0,1.0,2.5,1.0,79.0,42.45,MEDIUM,NORMAL_CUSTOMER,PERSISTENT_BEHAVIOR | MULTIPLE_PROBLEMATIC_JOURNEYS
C004501,Jacob,Mullins,Pakistan,Standard,4,11395.75,4,0,4,0,10.0,40.0,1,0,0,1,40.0,0.0,0.0,0.25,0.62,0.25,28.0,24.59,MEDIUM,LOYAL_LOW_FRICTION_CUSTOMER,NO_MAJOR_RISK_SIGNAL
C004502,Andrew,Barron,Pakistan,Standard,3,9776.89,3,0,3,0,0.0,0.0,0,0,0,0,0.0,0.0,0.0,0.0,0.0,0.0,0.0,0.0,LOW,LOYAL_LOW_FRICTION_CUSTOMER,NO_MAJOR_RISK_SIGNAL
C004504,Kimberly,Gutierrez,Saudi Arabia,Standard,1,1780.24,1,0,1,0,0.0,0.0,0,0,0,0,0.0,0.0,0.0,0.0,0.0,0.0,0.0,0.0,LOW,NORMAL_CUSTOMER,NO_MAJOR_RISK_SIGNAL
C004506,Jennifer,Martinez,Saudi Arabia,Standard,1,2790.03,1,0,1,0,40.0,40.0,1,0,0,1,40.0,0.0,0.0,1.0,2.5,1.0,30.0,25.75,MEDIUM,NORMAL_CUSTOMER,NO_MAJOR_RISK_SIGNAL
C004507,Dominique,Rose,United Kingdom,Standard,1,523.86,3,2,1,2,100.0,100.0,3,1,1,1,100.0,2.0,2.0,3.0,40.0,1.0,30.0,61.0,HIGH,FRICTION_PRONE_CUSTOMER,HIGH_SEVERITY | REPEATED_PAYMENT_FAILURES | CRITICAL_JOURNEY
C004508,Amber,Lane,Saudi Arabia,Standard,2,5334.2,3,1,2,1,40.0,80.0,1,1,1,1,80.0,0.5,0.5,0.5,9.38,0.5,30.0,43.81,MEDIUM,NORMAL_CUSTOMER,HIGH_SEVERITY | CRITICAL_JOURNEY
C004509,Paul,Stanley,Pakistan,Standard,1,1153.24,2,1,1,1,30.0,30.0,0,0,0,0,30.0,1.0,1.0,0.0,16.25,0.0,0.0,16.88,LOW,NORMAL_CUSTOMER,NO_MAJOR_RISK_SIGNAL
C004511,Tyler,Morris,Saudi Arabia,Standard,2,4012.01,4,2,2,2,50.0,100.0,3,1,1,1,100.0,1.0,1.0,1.5,20.0,0.5,30.0,55.0,HIGH,FRICTION_PRONE_CUSTOMER,HIGH_SEVERITY | REPEATED_PAYMENT_FAILURES | CRITICAL_JOURNEY
C004512,Andrea,Simon,United Arab Emirates,Standard,1,2234.48,2,1,1,1,35.0,35.0,0,0,0,0,35.0,1.0,1.0,0.0,16.25,0.0,0.0,18.88,LOW,NORMAL_CUSTOMER,NO_MAJOR_RISK_SIGNAL
C004513,Chloe,Perez,Saudi Arabia,Premium,1,3866.54,1,0,1,0,0.0,0.0,0,0,0,0,0.0,0.0,0.0,0.0,0.0,0.0,0.0,0.0,LOW,NORMAL_CUSTOMER,NO_MAJOR_RISK_SIGNAL
C004515,Danielle,Phillips,Pakistan,Premium,2,5401.12,2,0,2,0,0.0,0.0,0,0,0,0,0.0,0.0,0.0,0.0,0.0,0.0,0.0,0.0,LOW,NORMAL_CUSTOMER,NO_MAJOR_RISK_SIGNAL
C004516,Daniel,Miller,United Arab Emirates,Standard,1,3288.43,2,1,1,1,30.0,30.0,0,0,0,0,30.0,1.0,1.0,0.0,16.25,0.0,0.0,16.88,LOW,NORMAL_CUSTOMER,NO_MAJOR_RISK_SIGNAL
C004517,Alexandra,Hansen,Pakistan,Standard,4,11008.53,4,0,4,0,11.25,45.0,1,0,0,1,45.0,0.0,0.0,0.25,0.62,0.25,28.0,26.59,MEDIUM,LOYAL_LOW_FRICTION_CUSTOMER,NO_MAJOR_RISK_SIGNAL
C004518,Carl,Salas,Other,Premium,3,7637.1,4,1,3,1,23.33,40.0,1,0,0,1,40.0,0.33,0.33,0.33,6.25,0.33,30.0,26.88,MEDIUM,LOYAL_LOW_FRICTION_CUSTOMER,NO_MAJOR_RISK_SIGNAL
C004519,Mary,Keller,Saudi Arabia,Standard,1,4126.49,2,1,1,1,80.0,80.0,1,1,1,1,80.0,1.0,1.0,1.0,18.75,1.0,30.0,46.62,MEDIUM,NORMAL_CUSTOMER,HIGH_SEVERITY | CRITICAL_JOURNEY
C004521,Morgan,Harris,Other,Standard,1,3466.52,1,0,1,0,0.0,0.0,0,0,0,0,0.0,0.0,0.0,0.0,0.0,0.0,0.0,0.0,LOW,NORMAL_CUSTOMER,NO_MAJOR_RISK_SIGNAL
C004522,James,Miller,Pakistan,Standard,1,1461.03,2,1,1,1,30.0,30.0,0,0,0,0,30.0,1.0,1.0,0.0,16.25,0.0,0.0,16.88,LOW,NORMAL_CUSTOMER,NO_MAJOR_RISK_SIGNAL
C004523,Todd,Bonilla,Other,Premium,3,9461.79,5,2,3,2,35.0,65.0,3,1,0,2,65.0,0.67,0.67,1.0,13.33,0.67,65.67,49.7,HIGH,FRICTION_PRONE_CUSTOMER,PERSISTENT_BEHAVIOR | REPEATED_PAYMENT_FAILURES | MULTIPLE_PROBLEMATIC_JOURNEYS
C004524,Corey,Brown,Pakistan,Standard,1,1594.23,1,0,1,0,0.0,0.0,0,0,0,0,0.0,0.0,0.0,0.0,0.0,0.0,0.0,0.0,LOW,NORMAL_CUSTOMER,NO_MAJOR_RISK_SIGNAL
C004525,Ashley,Smith,United States,Standard,8,18755.27,8,0,8,0,16.25,45.0,3,0,0,3,45.0,0.0,0.0,0.38,0.94,0.38,66.0,38.08,MEDIUM,NORMAL_CUSTOMER,PERSISTENT_BEHAVIOR | MULTIPLE_PROBLEMATIC_JOURNEYS
C004526,Mary,Robinson,United Arab Emirates,Standard,1,2815.37,1,0,1,0,40.0,40.0,1,0,0,1,40.0,0.0,0.0,1.0,2.5,1.0,30.0,25.75,MEDIUM,NORMAL_CUSTOMER,NO_MAJOR_RISK_SIGNAL
C004527,Diane,Cardenas,United Kingdom,Premium,1,4065.06,1,0,1,0,0.0,0.0,0,0,0,0,0.0,0.0,0.0,0.0,0.0,0.0,0.0,0.0,LOW,NORMAL_CUSTOMER,NO_MAJOR_RISK_SIGNAL
C004528,Alicia,Lopez,Other,Premium,1,4084.83,2,1,1,1,35.0,35.0,0,0,0,0,35.0,1.0,1.0,0.0,16.25,0.0,0.0,18.88,LOW,NORMAL_CUSTOMER,NO_MAJOR_RISK_SIGNAL
C004529,Jacqueline,Garcia,Pakistan,Standard,2,4347.56,2,0,2,0,0.0,0.0,0,0,0,0,0.0,0.0,0.0,0.0,0.0,0.0,0.0,0.0,LOW,NORMAL_CUSTOMER,NO_MAJOR_RISK_SIGNAL
C004530,Jonathan,Clark,Saudi Arabia,VIP,3,4600.06,5,2,3,2,35.0,65.0,3,1,0,2,65.0,0.67,0.67,1.0,13.33,0.67,65.67,49.7,HIGH,FRICTION_PRONE_CUSTOMER,PERSISTENT_BEHAVIOR | REPEATED_PAYMENT_FAILURES | MULTIPLE_PROBLEMATIC_JOURNEYS
C004531,Michael,Garza,Saudi Arabia,Premium,4,11162.34,4,0,4,0,0.0,0.0,0,0,0,0,0.0,0.0,0.0,0.0,0.0,0.0,0.0,0.0,LOW,LOYAL_LOW_FRICTION_CUSTOMER,NO_MAJOR_RISK_SIGNAL
C004532,Catherine,Rose,Saudi Arabia,Premium,1,1082.58,1,0,1,0,0.0,0.0,0,0,0,0,0.0,0.0,0.0,0.0,0.0,0.0,0.0,0.0,LOW,NORMAL_CUSTOMER,NO_MAJOR_RISK_SIGNAL
C004533,Chad,Garrison,Saudi Arabia,Standard,1,4364.18,1,0,1,0,0.0,0.0,0,0,0,0,0.0,0.0,0.0,0.0,0.0,0.0,0.0,0.0,LOW,NORMAL_CUSTOMER,NO_MAJOR_RISK_SIGNAL
C004534,Sarah,Hodges,United Arab Emirates,Standard,1,579.29,1,0,1,0,0.0,0.0,0,0,0,0,0.0,0.0,0.0,0.0,0.0,0.0,0.0,0.0,LOW,NORMAL_CUSTOMER,NO_MAJOR_RISK_SIGNAL
C004535,Jason,Collins,Pakistan,Premium,3,7619.31,4,1,3,1,25.0,40.0,1,0,0,1,40.0,0.33,0.33,0.33,6.25,0.33,30.0,26.88,MEDIUM,LOYAL_LOW_FRICTION_CUSTOMER,NO_MAJOR_RISK_SIGNAL
C004536,Travis,Gibson,Pakistan,Standard,1,1024.28,1,0,1,0,0.0,0.0,0,0,0,0,0.0,0.0,0.0,0.0,0.0,0.0,0.0,0.0,LOW,NORMAL_CUSTOMER,NO_MAJOR_RISK_SIGNAL
C004537,Pamela,Moore,United Arab Emirates,VIP,1,4351.18,1,0,1,0,0.0,0.0,0,0,0,0,0.0,0.0,0.0,0.0,0.0,0.0,0.0,0.0,LOW,NORMAL_CUSTOMER,NO_MAJOR_RISK_SIGNAL
C004538,Christopher,Wagner,Pakistan,Standard,1,2530.98,1,0,1,0,45.0,45.0,1,0,0,1,45.0,0.0,0.0,1.0,2.5,1.0,30.0,27.75,MEDIUM,NORMAL_CUSTOMER,NO_MAJOR_RISK_SIGNAL
C004539,Laurie,Sloan,Saudi Arabia,Standard,3,9157.47,4,1,3,1,36.67,70.0,2,1,0,2,70.0,0.33,0.33,0.67,7.08,0.67,65.67,49.82,HIGH,FRICTION_PRONE_CUSTOMER,HIGH_SEVERITY | PERSISTENT_BEHAVIOR | MULTIPLE_PROBLEMATIC_JOURNEYS
C004540,Bruce,Robinson,Saudi Arabia,Premium,1,3416.13,2,1,1,1,30.0,30.0,0,0,0,0,30.0,1.0,1.0,0.0,16.25,0.0,0.0,16.88,LOW,NORMAL_CUSTOMER,NO_MAJOR_RISK_SIGNAL
C004541,Angela,Cox,Saudi Arabia,VIP,1,2825.46,1,0,1,0,0.0,0.0,0,0,0,0,0.0,0.0,0.0,0.0,0.0,0.0,0.0,0.0,LOW,NORMAL_CUSTOMER,NO_MAJOR_RISK_SIGNAL
C004542,Sharon,Hester,Pakistan,Standard,1,2279.27,2,1,1,1,35.0,35.0,0,0,0,0,35.0,1.0,1.0,0.0,16.25,0.0,0.0,18.88,LOW,NORMAL_CUSTOMER,NO_MAJOR_RISK_SIGNAL
C004543,Robert,Parrish,Saudi Arabia,Standard,3,11337.88,5,2,3,2,35.0,45.0,1,0,0,1,45.0,0.67,0.67,0.33,11.67,0.33,30.0,30.5,MEDIUM,NORMAL_CUSTOMER,REPEATED_PAYMENT_FAILURES
C004544,Miguel,Palmer,Saudi Arabia,Premium,1,3899.25,1,0,1,0,0.0,0.0,0,0,0,0,0.0,0.0,0.0,0.0,0.0,0.0,0.0,0.0,LOW,NORMAL_CUSTOMER,NO_MAJOR_RISK_SIGNAL
C004545,Jeanette,Deleon,United Arab Emirates,Premium,1,2008.37,1,0,1,0,0.0,0.0,0,0,0,0,0.0,0.0,0.0,0.0,0.0,0.0,0.0,0.0,LOW,NORMAL_CUSTOMER,NO_MAJOR_RISK_SIGNAL
C004546,Madison,Lopez,United States,Standard,3,7425.45,6,3,3,3,43.33,100.0,3,1,1,1,100.0,1.0,1.0,1.0,18.75,0.33,30.0,54.62,HIGH,FRICTION_PRONE_CUSTOMER,HIGH_SEVERITY | REPEATED_PAYMENT_FAILURES | CRITICAL_JOURNEY
C004547,Joseph,Ramirez,Saudi Arabia,Standard,2,5857.38,4,2,2,2,30.0,30.0,0,0,0,0,30.0,1.0,1.0,0.0,16.25,0.0,0.0,16.88,LOW,NORMAL_CUSTOMER,REPEATED_PAYMENT_FAILURES
C004548,Billy,Martin,Pakistan,Premium,1,639.41,2,1,1,1,80.0,80.0,1,1,1,1,80.0,1.0,1.0,1.0,18.75,1.0,30.0,46.62,MEDIUM,NORMAL_CUSTOMER,HIGH_SEVERITY | CRITICAL_JOURNEY
C004549,Chad,Parker,United Kingdom,Standard,4,10454.72,5,1,4,1,20.0,45.0,1,0,0,1,45.0,0.25,0.25,0.25,4.69,0.25,28.0,27.81,MEDIUM,LOYAL_LOW_FRICTION_CUSTOMER,NO_MAJOR_RISK_SIGNAL
C004550,Kevin,Kane,United States,VIP,1,2312.39,1,0,1,0,0.0,0.0,0,0,0,0,0.0,0.0,0.0,0.0,0.0,0.0,0.0,0.0,LOW,NORMAL_CUSTOMER,NO_MAJOR_RISK_SIGNAL
C004551,Shirley,Wong,Other,Standard,2,4686.68,2,0,2,0,22.5,45.0,1,0,0,1,45.0,0.0,0.0,0.5,1.25,0.5,30.0,27.38,MEDIUM,NORMAL_CUSTOMER,NO_MAJOR_RISK_SIGNAL
C004552,Susan,Thomas,Saudi Arabia,Standard,4,7300.98,7,3,4,3,35.0,65.0,3,1,0,2,65.0,0.75,0.75,0.75,14.06,0.5,59.0,47.92,MEDIUM,NORMAL_CUSTOMER,PERSISTENT_BEHAVIOR | REPEATED_PAYMENT_FAILURES | MULTIPLE_PROBLEMATIC_JOURNEYS
C004553,Colton,Walter,Saudi Arabia,Standard,3,10260.3,3,0,3,0,0.0,0.0,0,0,0,0,0.0,0.0,0.0,0.0,0.0,0.0,0.0,0.0,LOW,LOYAL_LOW_FRICTION_CUSTOMER,NO_MAJOR_RISK_SIGNAL
C004555,Amanda,Allen,United Arab Emirates,Premium,1,2805.29,1,0,1,0,0.0,0.0,0,0,0,0,0.0,0.0,0.0,0.0,0.0,0.0,0.0,0.0,LOW,NORMAL_CUSTOMER,NO_MAJOR_RISK_SIGNAL
C004556,Jake,Shannon,Pakistan,VIP,5,17289.73,8,3,5,3,34.0,100.0,4,1,1,2,100.0,0.6,0.6,0.8,11.75,0.4,55.0,60.02,HIGH,FRICTION_PRONE_CUSTOMER,HIGH_SEVERITY | PERSISTENT_BEHAVIOR | REPEATED_PAYMENT_FAILURES | MULTIPLE_PROBLEMATIC_JOURNEYS | CRITICAL_JOURNEY
C004557,Alicia,Lopez,United Kingdom,Standard,1,3496.33,2,1,1,1,30.0,30.0,0,0,0,0,30.0,1.0,1.0,0.0,16.25,0.0,0.0,16.88,LOW,NORMAL_CUSTOMER,NO_MAJOR_RISK_SIGNAL
C004558,John,Johnson,United Kingdom,Premium,1,3163.88,1,0,1,0,0.0,0.0,0,0,0,0,0.0,0.0,0.0,0.0,0.0,0.0,0.0,0.0,LOW,NORMAL_CUSTOMER,NO_MAJOR_RISK_SIGNAL
C004559,Colleen,Stanley,Other,Standard,2,3816.34,4,2,2,2,32.5,65.0,2,1,0,1,65.0,1.0,1.0,1.0,18.75,0.5,30.0,40.62,MEDIUM,NORMAL_CUSTOMER,REPEATED_PAYMENT_FAILURES
C004560,Harold,Chavez,Other,Premium,1,4379.06,1,0,1,0,0.0,0.0,0,0,0,0,0.0,0.0,0.0,0.0,0.0,0.0,0.0,0.0,LOW,NORMAL_CUSTOMER,NO_MAJOR_RISK_SIGNAL
C004564,Danielle,Reynolds,Saudi Arabia,Standard,3,6373.41,4,1,3,1,23.33,70.0,1,1,0,1,70.0,0.33,0.33,0.33,6.25,0.33,30.0,38.88,MEDIUM,LOYAL_LOW_FRICTION_CUSTOMER,HIGH_SEVERITY
C004565,Michael,Hernandez,Saudi Arabia,VIP,1,3485.32,1,0,1,0,40.0,40.0,1,0,0,1,40.0,0.0,0.0,1.0,2.5,1.0,30.0,25.75,MEDIUM,NORMAL_CUSTOMER,NO_MAJOR_RISK_SIGNAL
C004566,Stephen,Shaw,Other,Standard,3,6425.65,5,2,3,2,50.0,65.0,4,1,0,3,65.0,0.67,0.67,1.33,14.17,1.0,91.0,57.55,HIGH,FRICTION_PRONE_CUSTOMER,PERSISTENT_BEHAVIOR | REPEATED_PAYMENT_FAILURES | MULTIPLE_PROBLEMATIC_JOURNEYS
C004567,Elizabeth,Romero,Saudi Arabia,Standard,3,6986.15,5,2,3,2,50.0,75.0,2,1,0,2,75.0,0.67,0.67,0.67,12.5,0.67,65.67,53.45,HIGH,FRICTION_PRONE_CUSTOMER,HIGH_SEVERITY | PERSISTENT_BEHAVIOR | REPEATED_PAYMENT_FAILURES | MULTIPLE_PROBLEMATIC_JOURNEYS
C004568,Nicole,Brown,Saudi Arabia,Standard,3,4060.83,4,1,3,1,10.0,30.0,0,0,0,0,30.0,0.33,0.33,0.0,5.42,0.0,0.0,13.63,LOW,LOYAL_LOW_FRICTION_CUSTOMER,NO_MAJOR_RISK_SIGNAL
C004569,Garrett,Nelson,Saudi Arabia,Standard,1,1774.64,2,1,1,1,70.0,70.0,1,1,0,1,70.0,1.0,1.0,1.0,18.75,1.0,30.0,42.62,MEDIUM,NORMAL_CUSTOMER,HIGH_SEVERITY
C004570,Henry,Davis,Other,Standard,3,8192.57,4,1,3,1,10.0,30.0,0,0,0,0,30.0,0.33,0.33,0.0,5.42,0.0,0.0,13.63,LOW,LOYAL_LOW_FRICTION_CUSTOMER,NO_MAJOR_RISK_SIGNAL
C004571,Richard,Wong,Pakistan,Standard,1,2657.59,2,1,1,1,70.0,70.0,1,1,0,1,70.0,1.0,1.0,1.0,18.75,1.0,30.0,42.62,MEDIUM,NORMAL_CUSTOMER,HIGH_SEVERITY
C004572,Matthew,Dennis,United Kingdom,Standard,3,7830.08,5,2,3,2,36.67,45.0,1,0,0,1,45.0,0.67,0.67,0.33,11.67,0.33,30.0,30.5,MEDIUM,NORMAL_CUSTOMER,REPEATED_PAYMENT_FAILURES
C004573,Eric,Henderson,Saudi Arabia,VIP,2,6161.13,3,1,2,1,17.5,35.0,0,0,0,0,35.0,0.5,0.5,0.0,8.12,0.0,0.0,16.44,LOW,NORMAL_CUSTOMER,NO_MAJOR_RISK_SIGNAL
C004574,Yesenia,Carter,United States,Standard,2,5024.83,2,0,2,0,0.0,0.0,0,0,0,0,0.0,0.0,0.0,0.0,0.0,0.0,0.0,0.0,LOW,NORMAL_CUSTOMER,NO_MAJOR_RISK_SIGNAL
C004575,Scott,Powell,United States,Standard,1,4733.74,2,1,1,1,30.0,30.0,0,0,0,0,30.0,1.0,1.0,0.0,16.25,0.0,0.0,16.88,LOW,NORMAL_CUSTOMER,NO_MAJOR_RISK_SIGNAL
C004576,Michael,Wheeler,United Arab Emirates,Premium,1,4252.96,2,1,1,1,30.0,30.0,0,0,0,0,30.0,1.0,1.0,0.0,16.25,0.0,0.0,16.88,LOW,NORMAL_CUSTOMER,NO_MAJOR_RISK_SIGNAL
C004577,Leslie,Moreno,United Arab Emirates,Premium,4,9391.07,4,0,4,0,11.25,45.0,1,0,0,1,45.0,0.0,0.0,0.25,0.62,0.25,28.0,26.59,MEDIUM,LOYAL_LOW_FRICTION_CUSTOMER,NO_MAJOR_RISK_SIGNAL
C004578,Victoria,Snyder,Saudi Arabia,Premium,1,4362.51,2,1,1,1,30.0,30.0,0,0,0,0,30.0,1.0,1.0,0.0,16.25,0.0,0.0,16.88,LOW,NORMAL_CUSTOMER,NO_MAJOR_RISK_SIGNAL
C004579,Mark,Hamilton,Other,Standard,2,6687.82,2,0,2,0,0.0,0.0,0,0,0,0,0.0,0.0,0.0,0.0,0.0,0.0,0.0,0.0,LOW,NORMAL_CUSTOMER,NO_MAJOR_RISK_SIGNAL
C004580,Nathan,Maldonado,Pakistan,Standard,2,4738.26,2,0,2,0,0.0,0.0,0,0,0,0,0.0,0.0,0.0,0.0,0.0,0.0,0.0,0.0,LOW,NORMAL_CUSTOMER,NO_MAJOR_RISK_SIGNAL
C004581,Kathryn,Lucas,Other,VIP,1,2657.35,1,0,1,0,0.0,0.0,0,0,0,0,0.0,0.0,0.0,0.0,0.0,0.0,0.0,0.0,LOW,NORMAL_CUSTOMER,NO_MAJOR_RISK_SIGNAL
C004582,Ryan,Haley,United Arab Emirates,Standard,2,6781.63,2,0,2,0,0.0,0.0,0,0,0,0,0.0,0.0,0.0,0.0,0.0,0.0,0.0,0.0,LOW,NORMAL_CUSTOMER,NO_MAJOR_RISK_SIGNAL
C004583,Jessica,Robinson,United States,Standard,1,861.16,1,0,1,0,0.0,0.0,0,0,0,0,0.0,0.0,0.0,0.0,0.0,0.0,0.0,0.0,LOW,NORMAL_CUSTOMER,NO_MAJOR_RISK_SIGNAL
C004584,Charlene,Brown,United States,Standard,3,9104.55,5,2,3,2,33.33,100.0,3,1,1,1,100.0,0.67,0.67,1.0,13.33,0.33,30.0,53.0,HIGH,FRICTION_PRONE_CUSTOMER,HIGH_SEVERITY | REPEATED_PAYMENT_FAILURES | CRITICAL_JOURNEY
C004585,Anna,Johnson,United Kingdom,Standard,1,2147.06,1,0,1,0,0.0,0.0,0,0,0,0,0.0,0.0,0.0,0.0,0.0,0.0,0.0,0.0,LOW,NORMAL_CUSTOMER,NO_MAJOR_RISK_SIGNAL
C004586,Jason,Adams,Other,Premium,2,6762.29,2,0,2,0,40.0,40.0,2,0,0,2,40.0,0.0,0.0,1.0,2.5,1.0,79.0,40.45,MEDIUM,NORMAL_CUSTOMER,PERSISTENT_BEHAVIOR | MULTIPLE_PROBLEMATIC_JOURNEYS
C004587,Katie,Jones,United Arab Emirates,Standard,2,1787.44,5,3,2,3,65.0,100.0,3,1,1,1,100.0,1.5,1.5,1.5,28.12,0.5,30.0,57.44,HIGH,FRICTION_PRONE_CUSTOMER,HIGH_SEVERITY | REPEATED_PAYMENT_FAILURES | CRITICAL_JOURNEY
C004588,Sara,Garcia,Saudi Arabia,Premium,1,3892.32,2,1,1,1,30.0,30.0,0,0,0,0,30.0,1.0,1.0,0.0,16.25,0.0,0.0,16.88,LOW,NORMAL_CUSTOMER,NO_MAJOR_RISK_SIGNAL
C004589,Jonathan,Perez,United Kingdom,Standard,1,3673.82,1,0,1,0,40.0,40.0,1,0,0,1,40.0,0.0,0.0,1.0,2.5,1.0,30.0,25.75,MEDIUM,NORMAL_CUSTOMER,NO_MAJOR_RISK_SIGNAL
C004590,Suzanne,Oliver,United Kingdom,VIP,3,5745.13,5,2,3,2,20.0,30.0,0,0,0,0,30.0,0.67,0.67,0.0,10.83,0.0,0.0,15.25,LOW,LOYAL_LOW_FRICTION_CUSTOMER,REPEATED_PAYMENT_FAILURES
C004591,Seth,Baldwin,Pakistan,Standard,3,5561.9,3,0,3,0,0.0,0.0,0,0,0,0,0.0,0.0,0.0,0.0,0.0,0.0,0.0,0.0,LOW,LOYAL_LOW_FRICTION_CUSTOMER,NO_MAJOR_RISK_SIGNAL
C004592,Randy,Myers,Saudi Arabia,Standard,2,4616.42,3,1,2,1,17.5,35.0,0,0,0,0,35.0,0.5,0.5,0.0,8.12,0.0,0.0,16.44,LOW,NORMAL_CUSTOMER,NO_MAJOR_RISK_SIGNAL
C004593,Jessica,Garcia,Pakistan,Standard,2,2533.83,2,0,2,0,20.0,40.0,1,0,0,1,40.0,0.0,0.0,0.5,1.25,0.5,30.0,25.38,MEDIUM,NORMAL_CUSTOMER,NO_MAJOR_RISK_SIGNAL
C004594,Tonya,Gross,United Arab Emirates,Premium,1,858.82,1,0,1,0,0.0,0.0,0,0,0,0,0.0,0.0,0.0,0.0,0.0,0.0,0.0,0.0,LOW,NORMAL_CUSTOMER,NO_MAJOR_RISK_SIGNAL
C004595,Caitlin,Suarez,United Arab Emirates,Premium,1,1666.36,1,0,1,0,0.0,0.0,0,0,0,0,0.0,0.0,0.0,0.0,0.0,0.0,0.0,0.0,LOW,NORMAL_CUSTOMER,NO_MAJOR_RISK_SIGNAL
C004596,Zachary,Adams,Pakistan,Standard,1,4919.85,2,1,1,1,70.0,70.0,1,1,0,1,70.0,1.0,1.0,1.0,18.75,1.0,30.0,42.62,MEDIUM,NORMAL_CUSTOMER,HIGH_SEVERITY
C004597,Victoria,Harris,United Kingdom,Standard,1,1437.54,3,2,1,2,65.0,65.0,2,1,0,1,65.0,2.0,2.0,2.0,37.5,1.0,30.0,46.25,MEDIUM,NORMAL_CUSTOMER,REPEATED_PAYMENT_FAILURES
C004598,Kevin,Floyd,Saudi Arabia,Premium,1,2395.56,1,0,1,0,0.0,0.0,0,0,0,0,0.0,0.0,0.0,0.0,0.0,0.0,0.0,0.0,LOW,NORMAL_CUSTOMER,NO_MAJOR_RISK_SIGNAL
C004599,Kevin,Bailey,United Arab Emirates,Premium,4,9450.3,6,2,4,2,16.25,65.0,2,1,0,1,65.0,0.5,0.5,0.5,9.38,0.25,28.0,37.21,MEDIUM,LOYAL_LOW_FRICTION_CUSTOMER,REPEATED_PAYMENT_FAILURES
C004600,Jeffrey,Roberts,Saudi Arabia,Standard,1,3593.37,1,0,1,0,0.0,0.0,0,0,0,0,0.0,0.0,0.0,0.0,0.0,0.0,0.0,0.0,LOW,NORMAL_CUSTOMER,NO_MAJOR_RISK_SIGNAL
C004601,Melissa,Carlson,Saudi Arabia,Premium,1,1046.5,1,0,1,0,40.0,40.0,1,0,0,1,40.0,0.0,0.0,1.0,2.5,1.0,30.0,25.75,MEDIUM,NORMAL_CUSTOMER,NO_MAJOR_RISK_SIGNAL
C004602,Andrew,Gross,United States,Standard,1,1944.89,3,2,1,2,65.0,65.0,2,1,0,1,65.0,2.0,2.0,2.0,37.5,1.0,30.0,46.25,MEDIUM,NORMAL_CUSTOMER,REPEATED_PAYMENT_FAILURES
C004604,Hannah,Gordon,United Arab Emirates,Standard,3,7578.42,4,1,3,1,11.67,35.0,0,0,0,0,35.0,0.33,0.33,0.0,5.42,0.0,0.0,15.63,LOW,LOYAL_LOW_FRICTION_CUSTOMER,NO_MAJOR_RISK_SIGNAL
C004606,Angela,Woods,Other,Standard,1,2527.12,1,0,1,0,0.0,0.0,0,0,0,0,0.0,0.0,0.0,0.0,0.0,0.0,0.0,0.0,LOW,NORMAL_CUSTOMER,NO_MAJOR_RISK_SIGNAL
C004608,Sara,Knox,Saudi Arabia,Premium,2,6397.29,2,0,2,0,20.0,40.0,1,0,0,1,40.0,0.0,0.0,0.5,1.25,0.5,30.0,25.38,MEDIUM,NORMAL_CUSTOMER,NO_MAJOR_RISK_SIGNAL
C004611,Michael,Jones,United Arab Emirates,Premium,1,4355.42,1,0,1,0,0.0,0.0,0,0,0,0,0.0,0.0,0.0,0.0,0.0,0.0,0.0,0.0,LOW,NORMAL_CUSTOMER,NO_MAJOR_RISK_SIGNAL
C004612,Devon,Lopez,Saudi Arabia,VIP,4,5762.92,5,1,4,1,20.0,45.0,1,0,0,1,45.0,0.25,0.25,0.25,4.69,0.25,28.0,27.81,MEDIUM,LOYAL_LOW_FRICTION_CUSTOMER,NO_MAJOR_RISK_SIGNAL
C004613,Michael,Yoder,United Arab Emirates,Standard,2,7937.06,2,0,2,0,0.0,0.0,0,0,0,0,0.0,0.0,0.0,0.0,0.0,0.0,0.0,0.0,LOW,NORMAL_CUSTOMER,NO_MAJOR_RISK_SIGNAL
C004614,Brandi,Thomas,Saudi Arabia,Standard,3,10380.01,3,0,3,0,0.0,0.0,0,0,0,0,0.0,0.0,0.0,0.0,0.0,0.0,0.0,0.0,LOW,LOYAL_LOW_FRICTION_CUSTOMER,NO_MAJOR_RISK_SIGNAL
C004616,Lisa,Wells,United Arab Emirates,Standard,2,2603.8,4,2,2,2,32.5,65.0,2,1,0,1,65.0,1.0,1.0,1.0,18.75,0.5,30.0,40.62,MEDIUM,NORMAL_CUSTOMER,REPEATED_PAYMENT_FAILURES
C004617,Christopher,Cook,United States,Standard,4,8329.11,4,0,4,0,10.0,40.0,1,0,0,1,40.0,0.0,0.0,0.25,0.62,0.25,28.0,24.59,MEDIUM,LOYAL_LOW_FRICTION_CUSTOMER,NO_MAJOR_RISK_SIGNAL
C004620,Jessica,Jones,Other,Premium,2,6673.63,4,2,2,2,52.5,65.0,3,1,0,2,65.0,1.0,1.0,1.5,20.0,1.0,79.0,55.7,HIGH,FRICTION_PRONE_CUSTOMER,PERSISTENT_BEHAVIOR | REPEATED_PAYMENT_FAILURES | MULTIPLE_PROBLEMATIC_JOURNEYS
C004621,Jennifer,Shelton,Other,Standard,3,8496.2,4,1,3,1,25.0,40.0,1,0,0,1,40.0,0.33,0.33,0.33,6.25,0.33,30.0,26.88,MEDIUM,LOYAL_LOW_FRICTION_CUSTOMER,NO_MAJOR_RISK_SIGNAL
C004622,Laura,Castaneda,United States,Standard,3,4730.97,3,0,3,0,0.0,0.0,0,0,0,0,0.0,0.0,0.0,0.0,0.0,0.0,0.0,0.0,LOW,LOYAL_LOW_FRICTION_CUSTOMER,NO_MAJOR_RISK_SIGNAL
C004624,Margaret,Montes,United Kingdom,Standard,1,4487.54,1,0,1,0,0.0,0.0,0,0,0,0,0.0,0.0,0.0,0.0,0.0,0.0,0.0,0.0,LOW,NORMAL_CUSTOMER,NO_MAJOR_RISK_SIGNAL
C004625,Hannah,Aguilar,Other,Standard,3,4193.7,3,0,3,0,28.33,45.0,2,0,0,2,45.0,0.0,0.0,0.67,1.67,0.67,65.67,38.2,MEDIUM,NORMAL_CUSTOMER,PERSISTENT_BEHAVIOR | MULTIPLE_PROBLEMATIC_JOURNEYS
C004626,Barbara,Freeman,United Kingdom,Premium,1,3688.94,1,0,1,0,0.0,0.0,0,0,0,0,0.0,0.0,0.0,0.0,0.0,0.0,0.0,0.0,LOW,NORMAL_CUSTOMER,NO_MAJOR_RISK_SIGNAL
C004627,Rebecca,Wright,United Arab Emirates,Standard,1,807.72,1,0,1,0,45.0,45.0,1,0,0,1,45.0,0.0,0.0,1.0,2.5,1.0,30.0,27.75,MEDIUM,NORMAL_CUSTOMER,NO_MAJOR_RISK_SIGNAL
C004628,Caitlin,Rodriguez,Pakistan,Standard,3,8841.84,6,3,3,3,31.67,65.0,2,1,0,1,65.0,1.0,1.0,0.67,17.92,0.33,30.0,40.38,MEDIUM,NORMAL_CUSTOMER,REPEATED_PAYMENT_FAILURES
C004629,Kevin,Fuentes,Pakistan,Premium,2,2584.69,3,1,2,1,62.5,80.0,2,1,1,2,80.0,0.5,0.5,1.0,10.62,1.0,79.0,58.89,HIGH,FRICTION_PRONE_CUSTOMER,HIGH_SEVERITY | PERSISTENT_BEHAVIOR | MULTIPLE_PROBLEMATIC_JOURNEYS | CRITICAL_JOURNEY
C004632,Christian,Conley,United Arab Emirates,VIP,2,5403.9,2,0,2,0,0.0,0.0,0,0,0,0,0.0,0.0,0.0,0.0,0.0,0.0,0.0,0.0,LOW,NORMAL_CUSTOMER,NO_MAJOR_RISK_SIGNAL
C004633,Brian,Fox,United States,Standard,1,2623.71,3,2,1,2,65.0,65.0,2,1,0,1,65.0,2.0,2.0,2.0,37.5,1.0,30.0,46.25,MEDIUM,NORMAL_CUSTOMER,REPEATED_PAYMENT_FAILURES
C004634,Kelli,Jackson,Other,Premium,2,7064.56,2,0,2,0,0.0,0.0,0,0,0,0,0.0,0.0,0.0,0.0,0.0,0.0,0.0,0.0,LOW,NORMAL_CUSTOMER,NO_MAJOR_RISK_SIGNAL
C004635,Michael,Thomas,Saudi Arabia,Premium,1,4225.28,1,0,1,0,0.0,0.0,0,0,0,0,0.0,0.0,0.0,0.0,0.0,0.0,0.0,0.0,LOW,NORMAL_CUSTOMER,NO_MAJOR_RISK_SIGNAL
C004637,Robert,Torres,United Arab Emirates,Premium,3,7630.09,4,1,3,1,11.67,35.0,0,0,0,0,35.0,0.33,0.33,0.0,5.42,0.0,0.0,15.63,LOW,LOYAL_LOW_FRICTION_CUSTOMER,NO_MAJOR_RISK_SIGNAL
C004638,Mindy,Fitzgerald,United Kingdom,Standard,3,6450.51,7,4,3,4,55.0,65.0,5,2,0,3,65.0,1.33,1.33,1.67,25.83,1.0,91.0,61.05,HIGH,FRICTION_PRONE_CUSTOMER,PERSISTENT_BEHAVIOR | REPEATED_PAYMENT_FAILURES | MULTIPLE_PROBLEMATIC_JOURNEYS
C004643,Alexander,Tucker,Other,Premium,2,5805.56,2,0,2,0,0.0,0.0,0,0,0,0,0.0,0.0,0.0,0.0,0.0,0.0,0.0,0.0,LOW,NORMAL_CUSTOMER,NO_MAJOR_RISK_SIGNAL
C004644,Kimberly,Diaz,Saudi Arabia,Standard,1,1738.07,2,1,1,1,30.0,30.0,0,0,0,0,30.0,1.0,1.0,0.0,16.25,0.0,0.0,16.88,LOW,NORMAL_CUSTOMER,NO_MAJOR_RISK_SIGNAL
C004645,Patrick,Smith,United Kingdom,Premium,1,2244.84,1,0,1,0,0.0,0.0,0,0,0,0,0.0,0.0,0.0,0.0,0.0,0.0,0.0,0.0,LOW,NORMAL_CUSTOMER,NO_MAJOR_RISK_SIGNAL
C004646,Kevin,Gomez,United Kingdom,Standard,1,4793.31,1,0,1,0,0.0,0.0,0,0,0,0,0.0,0.0,0.0,0.0,0.0,0.0,0.0,0.0,LOW,NORMAL_CUSTOMER,NO_MAJOR_RISK_SIGNAL
C004647,Blake,Mckinney,United Kingdom,Standard,2,7148.41,3,1,2,1,15.0,30.0,0,0,0,0,30.0,0.5,0.5,0.0,8.12,0.0,0.0,14.44,LOW,NORMAL_CUSTOMER,NO_MAJOR_RISK_SIGNAL
C004648,Amber,Vance,Saudi Arabia,Standard,4,8796.63,7,3,4,3,23.75,65.0,2,1,0,1,65.0,0.75,0.75,0.5,13.44,0.25,28.0,38.43,MEDIUM,LOYAL_LOW_FRICTION_CUSTOMER,REPEATED_PAYMENT_FAILURES
C004649,Edward,Hampton,Other,Standard,2,5072.06,2,0,2,0,0.0,0.0,0,0,0,0,0.0,0.0,0.0,0.0,0.0,0.0,0.0,0.0,LOW,NORMAL_CUSTOMER,NO_MAJOR_RISK_SIGNAL
C004651,Jeffrey,Barrera,Saudi Arabia,Standard,1,4376.74,1,0,1,0,40.0,40.0,1,0,0,1,40.0,0.0,0.0,1.0,2.5,1.0,30.0,25.75,MEDIUM,NORMAL_CUSTOMER,NO_MAJOR_RISK_SIGNAL
C004652,Brent,Larson,United Kingdom,Standard,3,9194.18,4,1,3,1,25.0,75.0,1,1,0,1,75.0,0.33,0.33,0.33,6.25,0.33,30.0,40.88,MEDIUM,LOYAL_LOW_FRICTION_CUSTOMER,HIGH_SEVERITY
C004653,Jessica,Rodriguez,United Arab Emirates,Premium,2,4001.2,2,0,2,0,0.0,0.0,0,0,0,0,0.0,0.0,0.0,0.0,0.0,0.0,0.0,0.0,LOW,NORMAL_CUSTOMER,NO_MAJOR_RISK_SIGNAL
C004654,Philip,Jennings,United States,Standard,1,4579.95,1,0,1,0,0.0,0.0,0,0,0,0,0.0,0.0,0.0,0.0,0.0,0.0,0.0,0.0,LOW,NORMAL_CUSTOMER,NO_MAJOR_RISK_SIGNAL
C004655,Sean,Chandler,United Arab Emirates,Premium,4,11122.62,5,1,4,1,28.75,75.0,2,1,0,2,75.0,0.25,0.25,0.5,5.31,0.5,59.0,49.29,HIGH,FRICTION_PRONE_CUSTOMER,HIGH_SEVERITY | PERSISTENT_BEHAVIOR | MULTIPLE_PROBLEMATIC_JOURNEYS
C004656,Brooke,Smith,Saudi Arabia,Standard,2,6197.6,2,0,2,0,0.0,0.0,0,0,0,0,0.0,0.0,0.0,0.0,0.0,0.0,0.0,0.0,LOW,NORMAL_CUSTOMER,NO_MAJOR_RISK_SIGNAL
C004657,William,Irwin,United States,Standard,2,6679.09,2,0,2,0,20.0,40.0,1,0,0,1,40.0,0.0,0.0,0.5,1.25,0.5,30.0,25.38,MEDIUM,NORMAL_CUSTOMER,NO_MAJOR_RISK_SIGNAL
C004658,Jeffrey,Chase,Pakistan,Standard,1,863.83,1,0,1,0,0.0,0.0,0,0,0,0,0.0,0.0,0.0,0.0,0.0,0.0,0.0,0.0,LOW,NORMAL_CUSTOMER,NO_MAJOR_RISK_SIGNAL
C004659,Keith,Hopkins,Saudi Arabia,Standard,3,6004.7,3,0,3,0,0.0,0.0,0,0,0,0,0.0,0.0,0.0,0.0,0.0,0.0,0.0,0.0,LOW,LOYAL_LOW_FRICTION_CUSTOMER,NO_MAJOR_RISK_SIGNAL
C004660,Phillip,Thomas,United Kingdom,Standard,2,8215.63,3,1,2,1,15.0,30.0,0,0,0,0,30.0,0.5,0.5,0.0,8.12,0.0,0.0,14.44,LOW,NORMAL_CUSTOMER,NO_MAJOR_RISK_SIGNAL
C004661,David,Jimenez,Pakistan,Standard,1,1657.4,1,0,1,0,0.0,0.0,0,0,0,0,0.0,0.0,0.0,0.0,0.0,0.0,0.0,0.0,LOW,NORMAL_CUSTOMER,NO_MAJOR_RISK_SIGNAL
C004662,Christopher,Sanchez,Pakistan,Standard,2,5159.89,2,0,2,0,20.0,40.0,1,0,0,1,40.0,0.0,0.0,0.5,1.25,0.5,30.0,25.38,MEDIUM,NORMAL_CUSTOMER,NO_MAJOR_RISK_SIGNAL
C004663,Ashley,Figueroa,United Arab Emirates,Standard,3,12127.25,5,2,3,2,21.67,65.0,2,1,0,1,65.0,0.67,0.67,0.67,12.5,0.33,30.0,38.75,MEDIUM,LOYAL_LOW_FRICTION_CUSTOMER,REPEATED_PAYMENT_FAILURES
C004664,Brandon,Mcpherson,United States,Standard,1,4871.5,1,0,1,0,45.0,45.0,1,0,0,1,45.0,0.0,0.0,1.0,2.5,1.0,30.0,27.75,MEDIUM,NORMAL_CUSTOMER,NO_MAJOR_RISK_SIGNAL
C004665,Raymond,Howard,United States,VIP,2,7251.7,2,0,2,0,0.0,0.0,0,0,0,0,0.0,0.0,0.0,0.0,0.0,0.0,0.0,0.0,LOW,NORMAL_CUSTOMER,NO_MAJOR_RISK_SIGNAL
C004666,Christopher,Garner,United Kingdom,Standard,2,4232.72,2,0,2,0,0.0,0.0,0,0,0,0,0.0,0.0,0.0,0.0,0.0,0.0,0.0,0.0,LOW,NORMAL_CUSTOMER,NO_MAJOR_RISK_SIGNAL
C004667,Warren,Lee,Saudi Arabia,Premium,1,813.89,1,0,1,0,40.0,40.0,1,0,0,1,40.0,0.0,0.0,1.0,2.5,1.0,30.0,25.75,MEDIUM,NORMAL_CUSTOMER,NO_MAJOR_RISK_SIGNAL
C004669,David,Fowler,United Kingdom,Standard,1,1068.39,1,0,1,0,0.0,0.0,0,0,0,0,0.0,0.0,0.0,0.0,0.0,0.0,0.0,0.0,LOW,NORMAL_CUSTOMER,NO_MAJOR_RISK_SIGNAL
C004670,Dennis,Sheppard,United Kingdom,Standard,4,9353.14,4,0,4,0,0.0,0.0,0,0,0,0,0.0,0.0,0.0,0.0,0.0,0.0,0.0,0.0,LOW,LOYAL_LOW_FRICTION_CUSTOMER,NO_MAJOR_RISK_SIGNAL
C004671,Anita,Wiley,United Arab Emirates,Standard,3,9133.18,5,2,3,2,35.0,65.0,3,1,0,2,65.0,0.67,0.67,1.0,13.33,0.67,65.67,49.7,HIGH,FRICTION_PRONE_CUSTOMER,PERSISTENT_BEHAVIOR | REPEATED_PAYMENT_FAILURES | MULTIPLE_PROBLEMATIC_JOURNEYS
C004674,James,Cole,Saudi Arabia,Standard,2,5557.36,2,0,2,0,0.0,0.0,0,0,0,0,0.0,0.0,0.0,0.0,0.0,0.0,0.0,0.0,LOW,NORMAL_CUSTOMER,NO_MAJOR_RISK_SIGNAL
C004675,Christina,Mullen,United Arab Emirates,Standard,2,5177.49,2,0,2,0,22.5,45.0,1,0,0,1,45.0,0.0,0.0,0.5,1.25,0.5,30.0,27.38,MEDIUM,NORMAL_CUSTOMER,NO_MAJOR_RISK_SIGNAL
C004676,Jill,Rose,Other,Standard,5,8996.53,8,3,5,3,36.0,75.0,4,2,0,3,75.0,0.6,0.6,0.8,11.75,0.6,75.0,56.02,HIGH,FRICTION_PRONE_CUSTOMER,HIGH_SEVERITY | PERSISTENT_BEHAVIOR | REPEATED_PAYMENT_FAILURES | MULTIPLE_PROBLEMATIC_JOURNEYS
C004677,John,Baker,Saudi Arabia,Premium,2,2004.55,2,0,2,0,0.0,0.0,0,0,0,0,0.0,0.0,0.0,0.0,0.0,0.0,0.0,0.0,LOW,NORMAL_CUSTOMER,NO_MAJOR_RISK_SIGNAL
C004678,Charles,Shelton,Other,Standard,3,9511.99,7,4,3,4,43.33,65.0,4,2,0,2,65.0,1.33,1.33,1.33,25.0,0.67,65.67,53.2,HIGH,FRICTION_PRONE_CUSTOMER,PERSISTENT_BEHAVIOR | REPEATED_PAYMENT_FAILURES | MULTIPLE_PROBLEMATIC_JOURNEYS
C004679,Kimberly,Barron,United Kingdom,Standard,1,2543.57,1,0,1,0,40.0,40.0,1,0,0,1,40.0,0.0,0.0,1.0,2.5,1.0,30.0,25.75,MEDIUM,NORMAL_CUSTOMER,NO_MAJOR_RISK_SIGNAL
C004680,Marcus,Myers,Pakistan,Standard,1,2155.61,1,0,1,0,0.0,0.0,0,0,0,0,0.0,0.0,0.0,0.0,0.0,0.0,0.0,0.0,LOW,NORMAL_CUSTOMER,NO_MAJOR_RISK_SIGNAL
C004681,Sandra,Butler,Saudi Arabia,Standard,1,3672.31,1,0,1,0,45.0,45.0,1,0,0,1,45.0,0.0,0.0,1.0,2.5,1.0,30.0,27.75,MEDIUM,NORMAL_CUSTOMER,NO_MAJOR_RISK_SIGNAL
C004682,Christopher,Mcknight,Saudi Arabia,Standard,2,7521.08,3,1,2,1,15.0,30.0,0,0,0,0,30.0,0.5,0.5,0.0,8.12,0.0,0.0,14.44,LOW,NORMAL_CUSTOMER,NO_MAJOR_RISK_SIGNAL
C004683,Emily,Parker,Other,Standard,1,4067.62,1,0,1,0,0.0,0.0,0,0,0,0,0.0,0.0,0.0,0.0,0.0,0.0,0.0,0.0,LOW,NORMAL_CUSTOMER,NO_MAJOR_RISK_SIGNAL
C004684,Rodney,Williams,Saudi Arabia,Standard,5,18507.82,8,3,5,3,18.0,60.0,2,1,0,1,60.0,0.6,0.6,0.4,10.75,0.2,26.0,35.02,MEDIUM,LOYAL_LOW_FRICTION_CUSTOMER,REPEATED_PAYMENT_FAILURES
C004687,Brittney,Salazar,Saudi Arabia,Standard,1,564.5,1,0,1,0,0.0,0.0,0,0,0,0,0.0,0.0,0.0,0.0,0.0,0.0,0.0,0.0,LOW,NORMAL_CUSTOMER,NO_MAJOR_RISK_SIGNAL
C004688,Andrew,Hamilton,Saudi Arabia,Standard,1,4204.49,1,0,1,0,0.0,0.0,0,0,0,0,0.0,0.0,0.0,0.0,0.0,0.0,0.0,0.0,LOW,NORMAL_CUSTOMER,NO_MAJOR_RISK_SIGNAL
C004689,Kevin,Gibson,Pakistan,Standard,3,7782.88,3,0,3,0,0.0,0.0,0,0,0,0,0.0,0.0,0.0,0.0,0.0,0.0,0.0,0.0,LOW,LOYAL_LOW_FRICTION_CUSTOMER,NO_MAJOR_RISK_SIGNAL
C004690,Vanessa,Donaldson,Other,Premium,2,2935.76,2,0,2,0,20.0,40.0,1,0,0,1,40.0,0.0,0.0,0.5,1.25,0.5,30.0,25.38,MEDIUM,NORMAL_CUSTOMER,NO_MAJOR_RISK_SIGNAL
C004691,Christina,Sparks,United Arab Emirates,Standard,1,3365.49,1,0,1,0,0.0,0.0,0,0,0,0,0.0,0.0,0.0,0.0,0.0,0.0,0.0,0.0,LOW,NORMAL_CUSTOMER,NO_MAJOR_RISK_SIGNAL
C004692,Veronica,Roberts,United Arab Emirates,Premium,1,1977.55,1,0,1,0,0.0,0.0,0,0,0,0,0.0,0.0,0.0,0.0,0.0,0.0,0.0,0.0,LOW,NORMAL_CUSTOMER,NO_MAJOR_RISK_SIGNAL
C004693,Scott,Montes,United Arab Emirates,Standard,1,4705.56,2,1,1,1,30.0,30.0,0,0,0,0,30.0,1.0,1.0,0.0,16.25,0.0,0.0,16.88,LOW,NORMAL_CUSTOMER,NO_MAJOR_RISK_SIGNAL
C004695,Brady,Jennings,United Arab Emirates,Standard,2,4866.9,3,1,2,1,57.5,75.0,2,1,0,2,75.0,0.5,0.5,1.0,10.62,1.0,79.0,56.89,HIGH,FRICTION_PRONE_CUSTOMER,HIGH_SEVERITY | PERSISTENT_BEHAVIOR | MULTIPLE_PROBLEMATIC_JOURNEYS
C004698,Nathaniel,Levy,Pakistan,Standard,2,6038.44,2,0,2,0,0.0,0.0,0,0,0,0,0.0,0.0,0.0,0.0,0.0,0.0,0.0,0.0,LOW,NORMAL_CUSTOMER,NO_MAJOR_RISK_SIGNAL
C004699,Katherine,Hanson,Saudi Arabia,Standard,1,985.4,1,0,1,0,0.0,0.0,0,0,0,0,0.0,0.0,0.0,0.0,0.0,0.0,0.0,0.0,LOW,NORMAL_CUSTOMER,NO_MAJOR_RISK_SIGNAL
C004700,Melissa,Beck,Other,Premium,2,4633.83,3,1,2,1,15.0,30.0,0,0,0,0,30.0,0.5,0.5,0.0,8.12,0.0,0.0,14.44,LOW,NORMAL_CUSTOMER,NO_MAJOR_RISK_SIGNAL
C004701,Daniel,Torres,Saudi Arabia,Premium,1,3652.8,1,0,1,0,0.0,0.0,0,0,0,0,0.0,0.0,0.0,0.0,0.0,0.0,0.0,0.0,LOW,NORMAL_CUSTOMER,NO_MAJOR_RISK_SIGNAL
C004702,Brian,Roberts,Saudi Arabia,Standard,2,2970.11,4,2,2,2,32.5,65.0,2,1,0,1,65.0,1.0,1.0,1.0,18.75,0.5,30.0,40.62,MEDIUM,NORMAL_CUSTOMER,REPEATED_PAYMENT_FAILURES
C004703,Stacy,Marsh,United Kingdom,Standard,1,4261.07,1,0,1,0,45.0,45.0,1,0,0,1,45.0,0.0,0.0,1.0,2.5,1.0,30.0,27.75,MEDIUM,NORMAL_CUSTOMER,NO_MAJOR_RISK_SIGNAL
C004704,Sara,Smith,Pakistan,Standard,3,6269.64,4,1,3,1,11.67,35.0,0,0,0,0,35.0,0.33,0.33,0.0,5.42,0.0,0.0,15.63,LOW,LOYAL_LOW_FRICTION_CUSTOMER,NO_MAJOR_RISK_SIGNAL
C004705,Misty,Williams,United Arab Emirates,Premium,1,4505.82,1,0,1,0,0.0,0.0,0,0,0,0,0.0,0.0,0.0,0.0,0.0,0.0,0.0,0.0,LOW,NORMAL_CUSTOMER,NO_MAJOR_RISK_SIGNAL
C004708,Heather,Brown,Saudi Arabia,Standard,1,4165.63,1,0,1,0,0.0,0.0,0,0,0,0,0.0,0.0,0.0,0.0,0.0,0.0,0.0,0.0,LOW,NORMAL_CUSTOMER,NO_MAJOR_RISK_SIGNAL
C004710,Shannon,Jordan,Pakistan,Premium,2,6273.6,3,1,2,1,15.0,30.0,0,0,0,0,30.0,0.5,0.5,0.0,8.12,0.0,0.0,14.44,LOW,NORMAL_CUSTOMER,NO_MAJOR_RISK_SIGNAL
C004711,Andrew,Keller,United Arab Emirates,Premium,1,1616.42,3,2,1,2,65.0,65.0,2,1,0,1,65.0,2.0,2.0,2.0,37.5,1.0,30.0,46.25,MEDIUM,NORMAL_CUSTOMER,REPEATED_PAYMENT_FAILURES
C004712,Jason,Smith,United Arab Emirates,Standard,3,3734.03,4,1,3,1,38.33,70.0,2,1,0,2,70.0,0.33,0.33,0.67,7.08,0.67,65.67,49.82,HIGH,FRICTION_PRONE_CUSTOMER,HIGH_SEVERITY | PERSISTENT_BEHAVIOR | MULTIPLE_PROBLEMATIC_JOURNEYS
C004713,Amanda,King,Saudi Arabia,Standard,2,2157.1,2,0,2,0,22.5,45.0,1,0,0,1,45.0,0.0,0.0,0.5,1.25,0.5,30.0,27.38,MEDIUM,NORMAL_CUSTOMER,NO_MAJOR_RISK_SIGNAL
C004714,James,Bell,United States,Standard,4,12937.21,7,3,4,3,33.75,65.0,3,1,0,2,65.0,0.75,0.75,0.75,14.06,0.5,59.0,47.92,MEDIUM,NORMAL_CUSTOMER,PERSISTENT_BEHAVIOR | REPEATED_PAYMENT_FAILURES | MULTIPLE_PROBLEMATIC_JOURNEYS
C004715,Alexandra,Campbell,Pakistan,Standard,1,1103.08,1,0,1,0,0.0,0.0,0,0,0,0,0.0,0.0,0.0,0.0,0.0,0.0,0.0,0.0,LOW,NORMAL_CUSTOMER,NO_MAJOR_RISK_SIGNAL
C004716,Jonathan,Trevino,United Arab Emirates,Standard,1,4369.74,2,1,1,1,30.0,30.0,0,0,0,0,30.0,1.0,1.0,0.0,16.25,0.0,0.0,16.88,LOW,NORMAL_CUSTOMER,NO_MAJOR_RISK_SIGNAL
C004718,Jessica,Mack,Other,Premium,2,6794.02,3,1,2,1,17.5,35.0,0,0,0,0,35.0,0.5,0.5,0.0,8.12,0.0,0.0,16.44,LOW,NORMAL_CUSTOMER,NO_MAJOR_RISK_SIGNAL
C004719,Donald,Moore,United Arab Emirates,Premium,2,3307.83,2,0,2,0,22.5,45.0,1,0,0,1,45.0,0.0,0.0,0.5,1.25,0.5,30.0,27.38,MEDIUM,NORMAL_CUSTOMER,NO_MAJOR_RISK_SIGNAL
C004720,Holly,Miller,Other,Standard,2,7490.71,2,0,2,0,0.0,0.0,0,0,0,0,0.0,0.0,0.0,0.0,0.0,0.0,0.0,0.0,LOW,NORMAL_CUSTOMER,NO_MAJOR_RISK_SIGNAL
C004721,Andrew,Nelson,United Arab Emirates,Standard,1,1687.81,1,0,1,0,0.0,0.0,0,0,0,0,0.0,0.0,0.0,0.0,0.0,0.0,0.0,0.0,LOW,NORMAL_CUSTOMER,NO_MAJOR_RISK_SIGNAL
C004722,Brandy,Ferrell,Saudi Arabia,Standard,1,1290.98,1,0,1,0,0.0,0.0,0,0,0,0,0.0,0.0,0.0,0.0,0.0,0.0,0.0,0.0,LOW,NORMAL_CUSTOMER,NO_MAJOR_RISK_SIGNAL
C004724,Bradley,Richards,United Arab Emirates,Premium,3,7484.5,6,3,3,3,46.67,75.0,3,2,0,2,75.0,1.0,1.0,1.0,18.75,0.67,65.67,55.33,HIGH,FRICTION_PRONE_CUSTOMER,HIGH_SEVERITY | PERSISTENT_BEHAVIOR | REPEATED_PAYMENT_FAILURES | MULTIPLE_PROBLEMATIC_JOURNEYS
C004725,George,Miller,Saudi Arabia,Standard,4,14280.08,7,3,4,3,43.75,100.0,4,1,1,2,100.0,0.75,0.75,1.0,14.69,0.5,59.0,62.11,HIGH,FRICTION_PRONE_CUSTOMER,HIGH_SEVERITY | PERSISTENT_BEHAVIOR | REPEATED_PAYMENT_FAILURES | MULTIPLE_PROBLEMATIC_JOURNEYS | CRITICAL_JOURNEY
C004726,Justin,Robinson,Saudi Arabia,Premium,3,8029.08,5,2,3,2,48.33,70.0,2,1,0,2,70.0,0.67,0.67,0.67,12.5,0.67,65.67,51.45,HIGH,FRICTION_PRONE_CUSTOMER,HIGH_SEVERITY | PERSISTENT_BEHAVIOR | REPEATED_PAYMENT_FAILURES | MULTIPLE_PROBLEMATIC_JOURNEYS
C004727,Kristina,Kennedy,Other,Premium,1,4638.61,1,0,1,0,0.0,0.0,0,0,0,0,0.0,0.0,0.0,0.0,0.0,0.0,0.0,0.0,LOW,NORMAL_CUSTOMER,NO_MAJOR_RISK_SIGNAL
C004728,Christine,Gomez,United States,Standard,2,5343.67,3,1,2,1,15.0,30.0,0,0,0,0,30.0,0.5,0.5,0.0,8.12,0.0,0.0,14.44,LOW,NORMAL_CUSTOMER,NO_MAJOR_RISK_SIGNAL
C004729,Brian,Cain,United Kingdom,Standard,2,5513.08,4,2,2,2,32.5,65.0,3,1,0,1,65.0,1.0,1.0,1.5,20.0,0.5,30.0,41.0,MEDIUM,NORMAL_CUSTOMER,REPEATED_PAYMENT_FAILURES
C004730,Diana,Walsh,Saudi Arabia,Standard,4,10685.13,6,2,4,2,25.0,70.0,1,1,0,1,70.0,0.5,0.5,0.25,8.75,0.25,28.0,39.02,MEDIUM,LOYAL_LOW_FRICTION_CUSTOMER,HIGH_SEVERITY | REPEATED_PAYMENT_FAILURES
C004733,Joseph,Garcia,United Kingdom,Standard,4,11249.73,5,1,4,1,18.75,75.0,1,1,0,1,75.0,0.25,0.25,0.25,4.69,0.25,28.0,39.81,MEDIUM,LOYAL_LOW_FRICTION_CUSTOMER,HIGH_SEVERITY
C004734,Melissa,Green,Other,Standard,2,2299.89,4,2,2,2,50.0,100.0,3,1,1,1,100.0,1.0,1.0,1.5,20.0,0.5,30.0,55.0,HIGH,FRICTION_PRONE_CUSTOMER,HIGH_SEVERITY | REPEATED_PAYMENT_FAILURES | CRITICAL_JOURNEY
C004735,Donna,Turner,United Arab Emirates,Premium,2,3880.8,4,2,2,2,55.0,65.0,3,1,0,2,65.0,1.0,1.0,1.5,20.0,1.0,79.0,55.7,HIGH,FRICTION_PRONE_CUSTOMER,PERSISTENT_BEHAVIOR | REPEATED_PAYMENT_FAILURES | MULTIPLE_PROBLEMATIC_JOURNEYS
C004736,Michelle,Collins,Saudi Arabia,Standard,2,3243.61,3,1,2,1,15.0,30.0,0,0,0,0,30.0,0.5,0.5,0.0,8.12,0.0,0.0,14.44,LOW,NORMAL_CUSTOMER,NO_MAJOR_RISK_SIGNAL
C004737,Andrew,Elliott,Pakistan,Standard,3,10293.18,3,0,3,0,28.33,45.0,2,0,0,2,45.0,0.0,0.0,0.67,1.67,0.67,65.67,38.2,MEDIUM,NORMAL_CUSTOMER,PERSISTENT_BEHAVIOR | MULTIPLE_PROBLEMATIC_JOURNEYS
C004738,Michelle,Shelton,United Arab Emirates,Standard,2,6837.92,3,1,2,1,40.0,45.0,1,0,0,1,45.0,0.5,0.5,0.5,9.38,0.5,30.0,29.81,MEDIUM,NORMAL_CUSTOMER,NO_MAJOR_RISK_SIGNAL
C004740,Jerry,Lane,Pakistan,Standard,2,7410.66,2,0,2,0,0.0,0.0,0,0,0,0,0.0,0.0,0.0,0.0,0.0,0.0,0.0,0.0,LOW,NORMAL_CUSTOMER,NO_MAJOR_RISK_SIGNAL
C004742,Tiffany,Gonzalez,Saudi Arabia,Standard,1,4482.77,1,0,1,0,0.0,0.0,0,0,0,0,0.0,0.0,0.0,0.0,0.0,0.0,0.0,0.0,LOW,NORMAL_CUSTOMER,NO_MAJOR_RISK_SIGNAL
C004744,Leslie,Spencer,Other,Premium,1,4402.24,2,1,1,1,30.0,30.0,0,0,0,0,30.0,1.0,1.0,0.0,16.25,0.0,0.0,16.88,LOW,NORMAL_CUSTOMER,NO_MAJOR_RISK_SIGNAL
C004745,Michelle,Turner,Saudi Arabia,Premium,4,6260.55,4,0,4,0,10.0,40.0,1,0,0,1,40.0,0.0,0.0,0.25,0.62,0.25,28.0,24.59,MEDIUM,LOYAL_LOW_FRICTION_CUSTOMER,NO_MAJOR_RISK_SIGNAL
C004746,Amanda,Miller,Saudi Arabia,Standard,1,2381.48,1,0,1,0,0.0,0.0,0,0,0,0,0.0,0.0,0.0,0.0,0.0,0.0,0.0,0.0,LOW,NORMAL_CUSTOMER,NO_MAJOR_RISK_SIGNAL
C004747,Jacob,Knight,Saudi Arabia,Standard,1,1988.41,1,0,1,0,0.0,0.0,0,0,0,0,0.0,0.0,0.0,0.0,0.0,0.0,0.0,0.0,LOW,NORMAL_CUSTOMER,NO_MAJOR_RISK_SIGNAL
C004749,Stephen,Gardner,United Arab Emirates,Premium,2,6796.29,2,0,2,0,0.0,0.0,0,0,0,0,0.0,0.0,0.0,0.0,0.0,0.0,0.0,0.0,LOW,NORMAL_CUSTOMER,NO_MAJOR_RISK_SIGNAL
C004750,Sara,Bennett,United States,Standard,3,9293.04,3,0,3,0,13.33,40.0,1,0,0,1,40.0,0.0,0.0,0.33,0.83,0.33,30.0,25.25,MEDIUM,LOYAL_LOW_FRICTION_CUSTOMER,NO_MAJOR_RISK_SIGNAL
C004751,Andrew,Liu,United Arab Emirates,Premium,1,753.86,3,2,1,2,60.0,60.0,2,1,0,1,60.0,2.0,2.0,2.0,37.5,1.0,30.0,44.25,MEDIUM,NORMAL_CUSTOMER,REPEATED_PAYMENT_FAILURES
C004752,John,Kim,United Arab Emirates,Standard,1,3820.55,1,0,1,0,0.0,0.0,0,0,0,0,0.0,0.0,0.0,0.0,0.0,0.0,0.0,0.0,LOW,NORMAL_CUSTOMER,NO_MAJOR_RISK_SIGNAL
C004753,Alyssa,Taylor,United Kingdom,Premium,4,12830.09,9,5,4,5,38.75,65.0,4,2,0,2,65.0,1.25,1.25,1.0,22.81,0.5,59.0,50.54,HIGH,FRICTION_PRONE_CUSTOMER,PERSISTENT_BEHAVIOR | REPEATED_PAYMENT_FAILURES | MULTIPLE_PROBLEMATIC_JOURNEYS
C004754,Matthew,Ramos,Pakistan,Premium,3,9149.44,5,2,3,2,21.67,35.0,0,0,0,0,35.0,0.67,0.67,0.0,10.83,0.0,0.0,17.25,LOW,LOYAL_LOW_FRICTION_CUSTOMER,REPEATED_PAYMENT_FAILURES
C004755,Phillip,Edwards,Other,Standard,2,4872.38,2,0,2,0,0.0,0.0,0,0,0,0,0.0,0.0,0.0,0.0,0.0,0.0,0.0,0.0,LOW,NORMAL_CUSTOMER,NO_MAJOR_RISK_SIGNAL
C004757,Michael,Marquez,Saudi Arabia,Standard,2,7267.0,2,0,2,0,0.0,0.0,0,0,0,0,0.0,0.0,0.0,0.0,0.0,0.0,0.0,0.0,LOW,NORMAL_CUSTOMER,NO_MAJOR_RISK_SIGNAL
C004758,Michael,Mcdonald,United States,VIP,5,15101.88,6,1,5,1,15.0,75.0,1,1,0,1,75.0,0.2,0.2,0.2,3.75,0.2,26.0,38.92,MEDIUM,LOYAL_LOW_FRICTION_CUSTOMER,HIGH_SEVERITY
C004759,Colleen,Patterson,United Arab Emirates,Premium,3,7317.66,6,3,3,3,30.0,60.0,2,1,0,1,60.0,1.0,1.0,0.67,17.92,0.33,30.0,38.38,MEDIUM,NORMAL_CUSTOMER,REPEATED_PAYMENT_FAILURES
C004760,Joel,Fisher,Other,VIP,1,3848.9,1,0,1,0,0.0,0.0,0,0,0,0,0.0,0.0,0.0,0.0,0.0,0.0,0.0,0.0,LOW,NORMAL_CUSTOMER,NO_MAJOR_RISK_SIGNAL
C004761,Tiffany,Jenkins,United Arab Emirates,Standard,3,8950.98,3,0,3,0,28.33,45.0,2,0,0,2,45.0,0.0,0.0,0.67,1.67,0.67,65.67,38.2,MEDIUM,NORMAL_CUSTOMER,PERSISTENT_BEHAVIOR | MULTIPLE_PROBLEMATIC_JOURNEYS
C004762,Walter,Johnson,Other,Standard,1,2894.08,1,0,1,0,0.0,0.0,0,0,0,0,0.0,0.0,0.0,0.0,0.0,0.0,0.0,0.0,LOW,NORMAL_CUSTOMER,NO_MAJOR_RISK_SIGNAL
C004763,Lisa,Hansen,United States,Premium,1,3658.86,2,1,1,1,30.0,30.0,0,0,0,0,30.0,1.0,1.0,0.0,16.25,0.0,0.0,16.88,LOW,NORMAL_CUSTOMER,NO_MAJOR_RISK_SIGNAL
C004764,Connie,Bernard,Saudi Arabia,Premium,4,10402.62,5,1,4,1,28.75,75.0,2,1,0,2,75.0,0.25,0.25,0.5,5.31,0.5,59.0,49.29,HIGH,FRICTION_PRONE_CUSTOMER,HIGH_SEVERITY | PERSISTENT_BEHAVIOR | MULTIPLE_PROBLEMATIC_JOURNEYS
C004765,Natasha,Fisher,Pakistan,Standard,1,4092.55,2,1,1,1,35.0,35.0,0,0,0,0,35.0,1.0,1.0,0.0,16.25,0.0,0.0,18.88,LOW,NORMAL_CUSTOMER,NO_MAJOR_RISK_SIGNAL
C004766,Pamela,Campos,Other,Standard,1,2568.7,2,1,1,1,30.0,30.0,0,0,0,0,30.0,1.0,1.0,0.0,16.25,0.0,0.0,16.88,LOW,NORMAL_CUSTOMER,NO_MAJOR_RISK_SIGNAL
C004767,Lisa,Gilbert,Other,Standard,1,3785.51,1,0,1,0,40.0,40.0,1,0,0,1,40.0,0.0,0.0,1.0,2.5,1.0,30.0,25.75,MEDIUM,NORMAL_CUSTOMER,NO_MAJOR_RISK_SIGNAL
C004769,Angela,Sanchez,United Kingdom,Premium,1,4255.59,3,2,1,2,65.0,65.0,2,1,0,1,65.0,2.0,2.0,2.0,37.5,1.0,30.0,46.25,MEDIUM,NORMAL_CUSTOMER,REPEATED_PAYMENT_FAILURES
C004770,Joshua,Hunt,United Arab Emirates,Standard,4,11858.87,5,1,4,1,8.75,35.0,0,0,0,0,35.0,0.25,0.25,0.0,4.06,0.0,0.0,15.22,LOW,LOYAL_LOW_FRICTION_CUSTOMER,NO_MAJOR_RISK_SIGNAL
C004771,Edward,Martinez,Saudi Arabia,Standard,2,2855.05,3,1,2,1,15.0,30.0,0,0,0,0,30.0,0.5,0.5,0.0,8.12,0.0,0.0,14.44,LOW,NORMAL_CUSTOMER,NO_MAJOR_RISK_SIGNAL
C004772,Penny,Daniels,United Arab Emirates,Standard,1,2515.55,1,0,1,0,0.0,0.0,0,0,0,0,0.0,0.0,0.0,0.0,0.0,0.0,0.0,0.0,LOW,NORMAL_CUSTOMER,NO_MAJOR_RISK_SIGNAL
C004774,Christopher,Carter,United States,Premium,1,1378.44,1,0,1,0,0.0,0.0,0,0,0,0,0.0,0.0,0.0,0.0,0.0,0.0,0.0,0.0,LOW,NORMAL_CUSTOMER,NO_MAJOR_RISK_SIGNAL
C004775,Patrick,Campos,United Arab Emirates,Standard,2,5496.0,3,1,2,1,15.0,30.0,0,0,0,0,30.0,0.5,0.5,0.0,8.12,0.0,0.0,14.44,LOW,NORMAL_CUSTOMER,NO_MAJOR_RISK_SIGNAL
C004776,Susan,Long,United States,Standard,2,4003.49,4,2,2,2,30.0,60.0,2,1,0,1,60.0,1.0,1.0,1.0,18.75,0.5,30.0,38.62,MEDIUM,NORMAL_CUSTOMER,REPEATED_PAYMENT_FAILURES
C004777,Cheyenne,Powell,Saudi Arabia,Premium,2,6650.27,3,1,2,1,35.0,40.0,1,0,0,1,40.0,0.5,0.5,0.5,9.38,0.5,30.0,27.81,MEDIUM,NORMAL_CUSTOMER,NO_MAJOR_RISK_SIGNAL
C004778,Connie,Smith,United Arab Emirates,Standard,3,4723.92,3,0,3,0,13.33,40.0,1,0,0,1,40.0,0.0,0.0,0.33,0.83,0.33,30.0,25.25,MEDIUM,LOYAL_LOW_FRICTION_CUSTOMER,NO_MAJOR_RISK_SIGNAL
C004779,Jeremy,Aguirre,Saudi Arabia,Standard,1,1116.39,1,0,1,0,0.0,0.0,0,0,0,0,0.0,0.0,0.0,0.0,0.0,0.0,0.0,0.0,LOW,NORMAL_CUSTOMER,NO_MAJOR_RISK_SIGNAL
C004780,John,Golden,Saudi Arabia,Premium,1,720.9,1,0,1,0,0.0,0.0,0,0,0,0,0.0,0.0,0.0,0.0,0.0,0.0,0.0,0.0,LOW,NORMAL_CUSTOMER,NO_MAJOR_RISK_SIGNAL
C004781,Eric,Stevens,Saudi Arabia,Standard,8,23806.7,10,2,8,2,18.75,40.0,2,0,0,2,40.0,0.25,0.25,0.25,4.69,0.25,49.0,32.11,MEDIUM,NORMAL_CUSTOMER,REPEATED_PAYMENT_FAILURES | MULTIPLE_PROBLEMATIC_JOURNEYS
C004782,Tara,Brown,Saudi Arabia,Premium,1,3575.63,3,2,1,2,60.0,60.0,2,1,0,1,60.0,2.0,2.0,2.0,37.5,1.0,30.0,44.25,MEDIUM,NORMAL_CUSTOMER,REPEATED_PAYMENT_FAILURES
C004783,Renee,Brown,Pakistan,Standard,1,1935.5,1,0,1,0,0.0,0.0,0,0,0,0,0.0,0.0,0.0,0.0,0.0,0.0,0.0,0.0,LOW,NORMAL_CUSTOMER,NO_MAJOR_RISK_SIGNAL
C004784,Mark,Gallegos,Saudi Arabia,Premium,1,3619.05,2,1,1,1,30.0,30.0,0,0,0,0,30.0,1.0,1.0,0.0,16.25,0.0,0.0,16.88,LOW,NORMAL_CUSTOMER,NO_MAJOR_RISK_SIGNAL
C004785,Amy,Santos,United Arab Emirates,Standard,2,1553.03,4,2,2,2,52.5,65.0,3,1,0,2,65.0,1.0,1.0,1.5,20.0,1.0,79.0,55.7,HIGH,FRICTION_PRONE_CUSTOMER,PERSISTENT_BEHAVIOR | REPEATED_PAYMENT_FAILURES | MULTIPLE_PROBLEMATIC_JOURNEYS
C004786,Jamie,Cook,United Arab Emirates,Standard,2,6243.7,2,0,2,0,20.0,40.0,1,0,0,1,40.0,0.0,0.0,0.5,1.25,0.5,30.0,25.38,MEDIUM,NORMAL_CUSTOMER,NO_MAJOR_RISK_SIGNAL
C004788,Amber,Roberts,Other,VIP,1,2292.98,1,0,1,0,0.0,0.0,0,0,0,0,0.0,0.0,0.0,0.0,0.0,0.0,0.0,0.0,LOW,NORMAL_CUSTOMER,NO_MAJOR_RISK_SIGNAL
C004789,Lauren,Olson,United Arab Emirates,VIP,1,1197.31,1,0,1,0,40.0,40.0,1,0,0,1,40.0,0.0,0.0,1.0,2.5,1.0,30.0,25.75,MEDIUM,NORMAL_CUSTOMER,NO_MAJOR_RISK_SIGNAL
C004791,Kyle,Brown,Saudi Arabia,Standard,4,12357.0,5,1,4,1,28.75,70.0,2,1,0,2,70.0,0.25,0.25,0.5,5.31,0.5,59.0,47.29,MEDIUM,NORMAL_CUSTOMER,HIGH_SEVERITY | PERSISTENT_BEHAVIOR | MULTIPLE_PROBLEMATIC_JOURNEYS
C004793,Alexandria,Craig,Saudi Arabia,Standard,2,1915.27,3,1,2,1,15.0,30.0,0,0,0,0,30.0,0.5,0.5,0.0,8.12,0.0,0.0,14.44,LOW,NORMAL_CUSTOMER,NO_MAJOR_RISK_SIGNAL
C004796,Theresa,Harris,United Arab Emirates,Premium,4,11387.49,4,0,4,0,11.25,45.0,1,0,0,1,45.0,0.0,0.0,0.25,0.62,0.25,28.0,26.59,MEDIUM,LOYAL_LOW_FRICTION_CUSTOMER,NO_MAJOR_RISK_SIGNAL
C004797,Dustin,Thomas,Saudi Arabia,Premium,2,6124.88,4,2,2,2,32.5,35.0,0,0,0,0,35.0,1.0,1.0,0.0,16.25,0.0,0.0,18.88,LOW,NORMAL_CUSTOMER,REPEATED_PAYMENT_FAILURES
C004798,Sarah,Yang,United States,Standard,3,7408.93,5,2,3,2,21.67,65.0,2,1,0,1,65.0,0.67,0.67,0.67,12.5,0.33,30.0,38.75,MEDIUM,LOYAL_LOW_FRICTION_CUSTOMER,REPEATED_PAYMENT_FAILURES
C004799,Sally,Simpson,Saudi Arabia,Premium,2,4392.44,2,0,2,0,0.0,0.0,0,0,0,0,0.0,0.0,0.0,0.0,0.0,0.0,0.0,0.0,LOW,NORMAL_CUSTOMER,NO_MAJOR_RISK_SIGNAL
C004800,Lonnie,Walker,Pakistan,Standard,3,7410.83,6,3,3,3,31.67,65.0,2,1,0,1,65.0,1.0,1.0,0.67,17.92,0.33,30.0,40.38,MEDIUM,NORMAL_CUSTOMER,REPEATED_PAYMENT_FAILURES
C004801,Angela,Lowe,Saudi Arabia,Standard,1,905.63,2,1,1,1,30.0,30.0,0,0,0,0,30.0,1.0,1.0,0.0,16.25,0.0,0.0,16.88,LOW,NORMAL_CUSTOMER,NO_MAJOR_RISK_SIGNAL
C004802,Stacy,Phelps,Saudi Arabia,Premium,1,1297.56,2,1,1,1,35.0,35.0,0,0,0,0,35.0,1.0,1.0,0.0,16.25,0.0,0.0,18.88,LOW,NORMAL_CUSTOMER,NO_MAJOR_RISK_SIGNAL
C004803,David,Turner,Other,Standard,1,2965.05,3,2,1,2,60.0,60.0,2,1,0,1,60.0,2.0,2.0,2.0,37.5,1.0,30.0,44.25,MEDIUM,NORMAL_CUSTOMER,REPEATED_PAYMENT_FAILURES
C004804,Lonnie,Collins,Saudi Arabia,Standard,2,8510.04,2,0,2,0,0.0,0.0,0,0,0,0,0.0,0.0,0.0,0.0,0.0,0.0,0.0,0.0,LOW,NORMAL_CUSTOMER,NO_MAJOR_RISK_SIGNAL
C004805,Nichole,Hays,United States,Premium,3,8846.31,6,3,3,3,41.67,95.0,3,1,1,1,95.0,1.0,1.0,1.0,18.75,0.33,30.0,52.62,HIGH,FRICTION_PRONE_CUSTOMER,HIGH_SEVERITY | REPEATED_PAYMENT_FAILURES | CRITICAL_JOURNEY
C004806,Jessica,Smith,Pakistan,Standard,3,8899.98,3,0,3,0,0.0,0.0,0,0,0,0,0.0,0.0,0.0,0.0,0.0,0.0,0.0,0.0,LOW,LOYAL_LOW_FRICTION_CUSTOMER,NO_MAJOR_RISK_SIGNAL
C004807,Kathy,Washington,Saudi Arabia,Standard,2,7621.85,4,2,2,2,32.5,65.0,2,1,0,1,65.0,1.0,1.0,1.0,18.75,0.5,30.0,40.62,MEDIUM,NORMAL_CUSTOMER,REPEATED_PAYMENT_FAILURES
C004808,Nicole,Watts,Other,Premium,1,4619.92,2,1,1,1,30.0,30.0,0,0,0,0,30.0,1.0,1.0,0.0,16.25,0.0,0.0,16.88,LOW,NORMAL_CUSTOMER,NO_MAJOR_RISK_SIGNAL
C004809,Robert,Wilson,Saudi Arabia,Standard,1,3765.3,1,0,1,0,0.0,0.0,0,0,0,0,0.0,0.0,0.0,0.0,0.0,0.0,0.0,0.0,LOW,NORMAL_CUSTOMER,NO_MAJOR_RISK_SIGNAL
C004810,Robert,Smith,Other,VIP,2,5768.92,2,0,2,0,0.0,0.0,0,0,0,0,0.0,0.0,0.0,0.0,0.0,0.0,0.0,0.0,LOW,NORMAL_CUSTOMER,NO_MAJOR_RISK_SIGNAL
C004811,Scott,Munoz,Saudi Arabia,Standard,1,3327.73,1,0,1,0,0.0,0.0,0,0,0,0,0.0,0.0,0.0,0.0,0.0,0.0,0.0,0.0,LOW,NORMAL_CUSTOMER,NO_MAJOR_RISK_SIGNAL
C004812,Sarah,Martinez,Other,Standard,1,1105.1,1,0,1,0,40.0,40.0,1,0,0,1,40.0,0.0,0.0,1.0,2.5,1.0,30.0,25.75,MEDIUM,NORMAL_CUSTOMER,NO_MAJOR_RISK_SIGNAL
C004813,Patricia,Davis,Saudi Arabia,Premium,1,1531.58,1,0,1,0,0.0,0.0,0,0,0,0,0.0,0.0,0.0,0.0,0.0,0.0,0.0,0.0,LOW,NORMAL_CUSTOMER,NO_MAJOR_RISK_SIGNAL
C004814,Sarah,Harris,Pakistan,Standard,1,4783.02,2,1,1,1,30.0,30.0,0,0,0,0,30.0,1.0,1.0,0.0,16.25,0.0,0.0,16.88,LOW,NORMAL_CUSTOMER,NO_MAJOR_RISK_SIGNAL
C004815,Joshua,Wells,United States,Premium,1,1850.76,1,0,1,0,45.0,45.0,1,0,0,1,45.0,0.0,0.0,1.0,2.5,1.0,30.0,27.75,MEDIUM,NORMAL_CUSTOMER,NO_MAJOR_RISK_SIGNAL
C004816,Kimberly,Wall,Other,Premium,4,3707.29,4,0,4,0,0.0,0.0,0,0,0,0,0.0,0.0,0.0,0.0,0.0,0.0,0.0,0.0,LOW,LOYAL_LOW_FRICTION_CUSTOMER,NO_MAJOR_RISK_SIGNAL
C004818,Jack,Brown,United States,Standard,1,2887.67,1,0,1,0,0.0,0.0,0,0,0,0,0.0,0.0,0.0,0.0,0.0,0.0,0.0,0.0,LOW,NORMAL_CUSTOMER,NO_MAJOR_RISK_SIGNAL
C004819,Kathryn,Martinez,Other,Standard,1,555.76,1,0,1,0,0.0,0.0,0,0,0,0,0.0,0.0,0.0,0.0,0.0,0.0,0.0,0.0,LOW,NORMAL_CUSTOMER,NO_MAJOR_RISK_SIGNAL
C004821,Joseph,Mcgrath,Saudi Arabia,Standard,3,5990.79,4,1,3,1,11.67,35.0,0,0,0,0,35.0,0.33,0.33,0.0,5.42,0.0,0.0,15.63,LOW,LOYAL_LOW_FRICTION_CUSTOMER,NO_MAJOR_RISK_SIGNAL
C004822,Ashley,Wilkins,Saudi Arabia,Standard,2,3177.61,4,2,2,2,50.0,100.0,3,1,1,1,100.0,1.0,1.0,1.5,20.0,0.5,30.0,55.0,HIGH,FRICTION_PRONE_CUSTOMER,HIGH_SEVERITY | REPEATED_PAYMENT_FAILURES | CRITICAL_JOURNEY
C004823,Jerry,Skinner,United Arab Emirates,Standard,1,3384.27,1,0,1,0,45.0,45.0,1,0,0,1,45.0,0.0,0.0,1.0,2.5,1.0,30.0,27.75,MEDIUM,NORMAL_CUSTOMER,NO_MAJOR_RISK_SIGNAL
C004824,Jesse,Payne,United Arab Emirates,Standard,1,4505.73,1,0,1,0,40.0,40.0,1,0,0,1,40.0,0.0,0.0,1.0,2.5,1.0,30.0,25.75,MEDIUM,NORMAL_CUSTOMER,NO_MAJOR_RISK_SIGNAL
C004825,Grace,Underwood,Pakistan,Standard,1,4832.07,1,0,1,0,45.0,45.0,1,0,0,1,45.0,0.0,0.0,1.0,2.5,1.0,30.0,27.75,MEDIUM,NORMAL_CUSTOMER,NO_MAJOR_RISK_SIGNAL
C004826,Michael,Maldonado,Saudi Arabia,VIP,1,3941.97,1,0,1,0,40.0,40.0,1,0,0,1,40.0,0.0,0.0,1.0,2.5,1.0,30.0,25.75,MEDIUM,NORMAL_CUSTOMER,NO_MAJOR_RISK_SIGNAL
C004827,Hailey,Villarreal,United Kingdom,Standard,2,3576.11,3,1,2,1,15.0,30.0,0,0,0,0,30.0,0.5,0.5,0.0,8.12,0.0,0.0,14.44,LOW,NORMAL_CUSTOMER,NO_MAJOR_RISK_SIGNAL
C004828,Thomas,Williamson,Saudi Arabia,Standard,1,914.25,1,0,1,0,0.0,0.0,0,0,0,0,0.0,0.0,0.0,0.0,0.0,0.0,0.0,0.0,LOW,NORMAL_CUSTOMER,NO_MAJOR_RISK_SIGNAL
C004832,Nathaniel,Cardenas,United Kingdom,Standard,1,3142.94,1,0,1,0,0.0,0.0,0,0,0,0,0.0,0.0,0.0,0.0,0.0,0.0,0.0,0.0,LOW,NORMAL_CUSTOMER,NO_MAJOR_RISK_SIGNAL
C004834,Travis,Jackson,Saudi Arabia,Standard,2,8235.82,2,0,2,0,20.0,40.0,1,0,0,1,40.0,0.0,0.0,0.5,1.25,0.5,30.0,25.38,MEDIUM,NORMAL_CUSTOMER,NO_MAJOR_RISK_SIGNAL
C004835,Devin,Harmon,Pakistan,Premium,1,1093.65,1,0,1,0,45.0,45.0,1,0,0,1,45.0,0.0,0.0,1.0,2.5,1.0,30.0,27.75,MEDIUM,NORMAL_CUSTOMER,NO_MAJOR_RISK_SIGNAL
C004836,James,Payne,Saudi Arabia,Standard,2,5476.58,2,0,2,0,0.0,0.0,0,0,0,0,0.0,0.0,0.0,0.0,0.0,0.0,0.0,0.0,LOW,NORMAL_CUSTOMER,NO_MAJOR_RISK_SIGNAL
C004837,Antonio,Alvarez,United Arab Emirates,Standard,1,965.62,1,0,1,0,45.0,45.0,1,0,0,1,45.0,0.0,0.0,1.0,2.5,1.0,30.0,27.75,MEDIUM,NORMAL_CUSTOMER,NO_MAJOR_RISK_SIGNAL
C004838,Kathy,Roberts,United Arab Emirates,Standard,4,8088.06,6,2,4,2,26.25,65.0,3,1,0,2,65.0,0.5,0.5,0.75,10.0,0.5,59.0,46.7,MEDIUM,NORMAL_CUSTOMER,PERSISTENT_BEHAVIOR | REPEATED_PAYMENT_FAILURES | MULTIPLE_PROBLEMATIC_JOURNEYS
C004840,Joseph,Haley,Saudi Arabia,Standard,2,8039.75,2,0,2,0,0.0,0.0,0,0,0,0,0.0,0.0,0.0,0.0,0.0,0.0,0.0,0.0,LOW,NORMAL_CUSTOMER,NO_MAJOR_RISK_SIGNAL
C004841,Robert,Vasquez,Other,Premium,2,6032.19,3,1,2,1,60.0,80.0,2,1,1,2,80.0,0.5,0.5,1.0,10.62,1.0,79.0,58.89,HIGH,FRICTION_PRONE_CUSTOMER,HIGH_SEVERITY | PERSISTENT_BEHAVIOR | MULTIPLE_PROBLEMATIC_JOURNEYS | CRITICAL_JOURNEY
C004842,Julia,Contreras,Other,Standard,3,11134.63,3,0,3,0,15.0,45.0,1,0,0,1,45.0,0.0,0.0,0.33,0.83,0.33,30.0,27.25,MEDIUM,LOYAL_LOW_FRICTION_CUSTOMER,NO_MAJOR_RISK_SIGNAL
C004844,Katherine,Wolfe,Saudi Arabia,Standard,2,6866.12,2,0,2,0,20.0,40.0,1,0,0,1,40.0,0.0,0.0,0.5,1.25,0.5,30.0,25.38,MEDIUM,NORMAL_CUSTOMER,NO_MAJOR_RISK_SIGNAL
C004845,Carl,Rodriguez,Saudi Arabia,Premium,1,1627.27,2,1,1,1,75.0,75.0,1,1,0,1,75.0,1.0,1.0,1.0,18.75,1.0,30.0,44.62,MEDIUM,NORMAL_CUSTOMER,HIGH_SEVERITY
C004846,Sara,Butler,United Arab Emirates,Premium,1,3511.66,1,0,1,0,0.0,0.0,0,0,0,0,0.0,0.0,0.0,0.0,0.0,0.0,0.0,0.0,LOW,NORMAL_CUSTOMER,NO_MAJOR_RISK_SIGNAL
C004847,Valerie,Coleman,Other,VIP,2,5375.33,2,0,2,0,0.0,0.0,0,0,0,0,0.0,0.0,0.0,0.0,0.0,0.0,0.0,0.0,LOW,NORMAL_CUSTOMER,NO_MAJOR_RISK_SIGNAL
C004848,Michelle,Johnson,Saudi Arabia,Premium,1,1531.98,1,0,1,0,0.0,0.0,0,0,0,0,0.0,0.0,0.0,0.0,0.0,0.0,0.0,0.0,LOW,NORMAL_CUSTOMER,NO_MAJOR_RISK_SIGNAL
C004849,Tracy,Bryant,United States,Standard,1,4556.25,1,0,1,0,0.0,0.0,0,0,0,0,0.0,0.0,0.0,0.0,0.0,0.0,0.0,0.0,LOW,NORMAL_CUSTOMER,NO_MAJOR_RISK_SIGNAL
C004850,Mark,Elliott,Saudi Arabia,Premium,3,8020.59,5,2,3,2,33.33,40.0,1,0,0,1,40.0,0.67,0.67,0.33,11.67,0.33,30.0,28.5,MEDIUM,NORMAL_CUSTOMER,REPEATED_PAYMENT_FAILURES
C004851,Stephen,Smith,Other,Standard,1,3535.67,1,0,1,0,0.0,0.0,0,0,0,0,0.0,0.0,0.0,0.0,0.0,0.0,0.0,0.0,LOW,NORMAL_CUSTOMER,NO_MAJOR_RISK_SIGNAL
C004853,Richard,Brewer,United States,Standard,1,1420.28,1,0,1,0,0.0,0.0,0,0,0,0,0.0,0.0,0.0,0.0,0.0,0.0,0.0,0.0,LOW,NORMAL_CUSTOMER,NO_MAJOR_RISK_SIGNAL
C004854,Bobby,Barry,United Arab Emirates,Premium,2,3296.55,2,0,2,0,0.0,0.0,0,0,0,0,0.0,0.0,0.0,0.0,0.0,0.0,0.0,0.0,LOW,NORMAL_CUSTOMER,NO_MAJOR_RISK_SIGNAL
C004855,Jill,Harvey,Pakistan,Standard,5,12456.73,8,3,5,3,28.0,45.0,1,0,0,1,45.0,0.6,0.6,0.2,10.25,0.2,26.0,28.88,MEDIUM,LOYAL_LOW_FRICTION_CUSTOMER,REPEATED_PAYMENT_FAILURES
C004856,Omar,Williams,Saudi Arabia,Standard,1,1442.28,1,0,1,0,0.0,0.0,0,0,0,0,0.0,0.0,0.0,0.0,0.0,0.0,0.0,0.0,LOW,NORMAL_CUSTOMER,NO_MAJOR_RISK_SIGNAL
C004857,Lawrence,Meadows,Saudi Arabia,Standard,2,7526.77,3,1,2,1,15.0,30.0,0,0,0,0,30.0,0.5,0.5,0.0,8.12,0.0,0.0,14.44,LOW,NORMAL_CUSTOMER,NO_MAJOR_RISK_SIGNAL
C004858,Cheryl,Estes,Other,Standard,1,4058.85,2,1,1,1,35.0,35.0,0,0,0,0,35.0,1.0,1.0,0.0,16.25,0.0,0.0,18.88,LOW,NORMAL_CUSTOMER,NO_MAJOR_RISK_SIGNAL
C004859,Julia,Mcdonald,Other,Standard,3,8795.56,3,0,3,0,13.33,40.0,1,0,0,1,40.0,0.0,0.0,0.33,0.83,0.33,30.0,25.25,MEDIUM,LOYAL_LOW_FRICTION_CUSTOMER,NO_MAJOR_RISK_SIGNAL
C004860,Brittney,Sharp,Other,Premium,3,10269.65,5,2,3,2,48.33,100.0,4,1,1,2,100.0,0.67,0.67,1.33,14.17,0.67,65.67,63.95,HIGH,FRICTION_PRONE_CUSTOMER,HIGH_SEVERITY | PERSISTENT_BEHAVIOR | REPEATED_PAYMENT_FAILURES | MULTIPLE_PROBLEMATIC_JOURNEYS | CRITICAL_JOURNEY
C004862,Nancy,Holden,United States,Standard,1,4610.1,1,0,1,0,0.0,0.0,0,0,0,0,0.0,0.0,0.0,0.0,0.0,0.0,0.0,0.0,LOW,NORMAL_CUSTOMER,NO_MAJOR_RISK_SIGNAL
C004865,Shannon,Gordon,United Arab Emirates,Premium,1,832.48,1,0,1,0,0.0,0.0,0,0,0,0,0.0,0.0,0.0,0.0,0.0,0.0,0.0,0.0,LOW,NORMAL_CUSTOMER,NO_MAJOR_RISK_SIGNAL
C004866,Margaret,Bailey,Pakistan,Standard,3,9484.86,3,0,3,0,0.0,0.0,0,0,0,0,0.0,0.0,0.0,0.0,0.0,0.0,0.0,0.0,LOW,LOYAL_LOW_FRICTION_CUSTOMER,NO_MAJOR_RISK_SIGNAL
C004867,Bobby,Mccarthy,United Arab Emirates,Standard,2,6712.82,2,0,2,0,0.0,0.0,0,0,0,0,0.0,0.0,0.0,0.0,0.0,0.0,0.0,0.0,LOW,NORMAL_CUSTOMER,NO_MAJOR_RISK_SIGNAL
C004868,Wendy,Myers,Saudi Arabia,Standard,2,6073.46,3,1,2,1,15.0,30.0,0,0,0,0,30.0,0.5,0.5,0.0,8.12,0.0,0.0,14.44,LOW,NORMAL_CUSTOMER,NO_MAJOR_RISK_SIGNAL
C004869,April,Brown,Pakistan,Standard,2,5422.42,3,1,2,1,15.0,30.0,0,0,0,0,30.0,0.5,0.5,0.0,8.12,0.0,0.0,14.44,LOW,NORMAL_CUSTOMER,NO_MAJOR_RISK_SIGNAL
C004870,Randall,Rios,United States,Standard,3,8815.4,6,3,3,3,70.0,95.0,5,2,1,3,95.0,1.0,1.0,1.67,20.42,1.0,91.0,71.43,HIGH,FRICTION_PRONE_CUSTOMER,HIGH_SEVERITY | PERSISTENT_BEHAVIOR | REPEATED_PAYMENT_FAILURES | MULTIPLE_PROBLEMATIC_JOURNEYS | CRITICAL_JOURNEY
C004874,Crystal,Espinoza,Saudi Arabia,Standard,6,17046.78,6,0,6,0,6.67,40.0,1,0,0,1,40.0,0.0,0.0,0.17,0.42,0.17,24.67,23.53,LOW,LOYAL_LOW_FRICTION_CUSTOMER,NO_MAJOR_RISK_SIGNAL
C004875,Brandon,Buchanan,Saudi Arabia,Standard,1,4322.0,1,0,1,0,45.0,45.0,1,0,0,1,45.0,0.0,0.0,1.0,2.5,1.0,30.0,27.75,MEDIUM,NORMAL_CUSTOMER,NO_MAJOR_RISK_SIGNAL
C004876,Kelly,Ramirez,Pakistan,Standard,5,15577.32,8,3,5,3,28.0,75.0,1,1,0,1,75.0,0.6,0.6,0.2,10.25,0.2,26.0,40.88,MEDIUM,LOYAL_LOW_FRICTION_CUSTOMER,HIGH_SEVERITY | REPEATED_PAYMENT_FAILURES
C004877,Raymond,Farmer,Pakistan,Standard,3,4841.98,3,0,3,0,13.33,40.0,1,0,0,1,40.0,0.0,0.0,0.33,0.83,0.33,30.0,25.25,MEDIUM,LOYAL_LOW_FRICTION_CUSTOMER,NO_MAJOR_RISK_SIGNAL
C004879,Maria,Long,United Arab Emirates,Premium,2,5513.81,4,2,2,2,32.5,65.0,2,1,0,1,65.0,1.0,1.0,1.0,18.75,0.5,30.0,40.62,MEDIUM,NORMAL_CUSTOMER,REPEATED_PAYMENT_FAILURES
C004880,Steven,Hendricks,United States,Standard,1,1055.1,1,0,1,0,0.0,0.0,0,0,0,0,0.0,0.0,0.0,0.0,0.0,0.0,0.0,0.0,LOW,NORMAL_CUSTOMER,NO_MAJOR_RISK_SIGNAL
C004881,Roberto,Brewer,Saudi Arabia,Premium,2,4601.38,4,2,2,2,35.0,35.0,0,0,0,0,35.0,1.0,1.0,0.0,16.25,0.0,0.0,18.88,LOW,NORMAL_CUSTOMER,REPEATED_PAYMENT_FAILURES
C004883,Brian,Ruiz,United States,Standard,2,3204.32,3,1,2,1,37.5,40.0,1,0,0,1,40.0,0.5,0.5,0.5,9.38,0.5,30.0,27.81,MEDIUM,NORMAL_CUSTOMER,NO_MAJOR_RISK_SIGNAL
C004884,Zachary,Hopkins,Saudi Arabia,Standard,2,6452.89,2,0,2,0,0.0,0.0,0,0,0,0,0.0,0.0,0.0,0.0,0.0,0.0,0.0,0.0,LOW,NORMAL_CUSTOMER,NO_MAJOR_RISK_SIGNAL
C004885,Douglas,Johnston,Saudi Arabia,Standard,1,1495.53,1,0,1,0,0.0,0.0,0,0,0,0,0.0,0.0,0.0,0.0,0.0,0.0,0.0,0.0,LOW,NORMAL_CUSTOMER,NO_MAJOR_RISK_SIGNAL
C004887,Shannon,Rowe,United Arab Emirates,Premium,2,6585.32,2,0,2,0,22.5,45.0,1,0,0,1,45.0,0.0,0.0,0.5,1.25,0.5,30.0,27.38,MEDIUM,NORMAL_CUSTOMER,NO_MAJOR_RISK_SIGNAL
C004888,Jennifer,Fox,United Kingdom,Premium,3,9029.62,3,0,3,0,0.0,0.0,0,0,0,0,0.0,0.0,0.0,0.0,0.0,0.0,0.0,0.0,LOW,LOYAL_LOW_FRICTION_CUSTOMER,NO_MAJOR_RISK_SIGNAL
C004889,Daniel,Anderson,Saudi Arabia,Standard,1,881.15,2,1,1,1,30.0,30.0,0,0,0,0,30.0,1.0,1.0,0.0,16.25,0.0,0.0,16.88,LOW,NORMAL_CUSTOMER,NO_MAJOR_RISK_SIGNAL
C004890,Kimberly,Nguyen,United Kingdom,Standard,2,5012.48,2,0,2,0,22.5,45.0,1,0,0,1,45.0,0.0,0.0,0.5,1.25,0.5,30.0,27.38,MEDIUM,NORMAL_CUSTOMER,NO_MAJOR_RISK_SIGNAL
C004892,Heather,Bailey,Saudi Arabia,Standard,2,4118.47,3,1,2,1,17.5,35.0,0,0,0,0,35.0,0.5,0.5,0.0,8.12,0.0,0.0,16.44,LOW,NORMAL_CUSTOMER,NO_MAJOR_RISK_SIGNAL
C004893,Derek,Williamson,Pakistan,Premium,1,1298.51,1,0,1,0,0.0,0.0,0,0,0,0,0.0,0.0,0.0,0.0,0.0,0.0,0.0,0.0,LOW,NORMAL_CUSTOMER,NO_MAJOR_RISK_SIGNAL
C004894,Robert,Powell,Saudi Arabia,Standard,2,5082.76,2,0,2,0,22.5,45.0,1,0,0,1,45.0,0.0,0.0,0.5,1.25,0.5,30.0,27.38,MEDIUM,NORMAL_CUSTOMER,NO_MAJOR_RISK_SIGNAL
C004896,Harold,Christian,Saudi Arabia,Standard,4,10065.95,5,1,4,1,18.75,75.0,1,1,0,1,75.0,0.25,0.25,0.25,4.69,0.25,28.0,39.81,MEDIUM,LOYAL_LOW_FRICTION_CUSTOMER,HIGH_SEVERITY
C004898,Jennifer,Davis,Saudi Arabia,Standard,3,8688.24,3,0,3,0,15.0,45.0,1,0,0,1,45.0,0.0,0.0,0.33,0.83,0.33,30.0,27.25,MEDIUM,LOYAL_LOW_FRICTION_CUSTOMER,NO_MAJOR_RISK_SIGNAL
C004899,James,Rodriguez,Saudi Arabia,Standard,1,4414.02,3,2,1,2,65.0,65.0,2,1,0,1,65.0,2.0,2.0,2.0,37.5,1.0,30.0,46.25,MEDIUM,NORMAL_CUSTOMER,REPEATED_PAYMENT_FAILURES
C004900,Shawn,Villa,Other,Standard,1,2664.13,3,2,1,2,65.0,65.0,3,1,0,1,65.0,2.0,2.0,3.0,40.0,1.0,30.0,47.0,MEDIUM,NORMAL_CUSTOMER,REPEATED_PAYMENT_FAILURES
C004904,Laura,Stokes,United Arab Emirates,Standard,1,2105.85,1,0,1,0,0.0,0.0,0,0,0,0,0.0,0.0,0.0,0.0,0.0,0.0,0.0,0.0,LOW,NORMAL_CUSTOMER,NO_MAJOR_RISK_SIGNAL
C004905,Jennifer,Oconnor,Other,Standard,1,2064.81,1,0,1,0,40.0,40.0,1,0,0,1,40.0,0.0,0.0,1.0,2.5,1.0,30.0,25.75,MEDIUM,NORMAL_CUSTOMER,NO_MAJOR_RISK_SIGNAL
C004906,David,Young,Saudi Arabia,Premium,1,1210.97,1,0,1,0,0.0,0.0,0,0,0,0,0.0,0.0,0.0,0.0,0.0,0.0,0.0,0.0,LOW,NORMAL_CUSTOMER,NO_MAJOR_RISK_SIGNAL
C004907,Danny,Yoder,Other,Premium,1,3928.42,2,1,1,1,75.0,75.0,1,1,0,1,75.0,1.0,1.0,1.0,18.75,1.0,30.0,44.62,MEDIUM,NORMAL_CUSTOMER,HIGH_SEVERITY
C004908,Shannon,Thompson,Saudi Arabia,Standard,1,951.65,1,0,1,0,0.0,0.0,0,0,0,0,0.0,0.0,0.0,0.0,0.0,0.0,0.0,0.0,LOW,NORMAL_CUSTOMER,NO_MAJOR_RISK_SIGNAL
C004909,Michael,Stafford,United Kingdom,Standard,2,7710.23,2,0,2,0,0.0,0.0,0,0,0,0,0.0,0.0,0.0,0.0,0.0,0.0,0.0,0.0,LOW,NORMAL_CUSTOMER,NO_MAJOR_RISK_SIGNAL
C004910,Alexandria,Campos,Pakistan,Standard,1,4057.49,1,0,1,0,0.0,0.0,0,0,0,0,0.0,0.0,0.0,0.0,0.0,0.0,0.0,0.0,LOW,NORMAL_CUSTOMER,NO_MAJOR_RISK_SIGNAL
C004911,Patrick,Fisher,Other,Premium,2,5938.82,2,0,2,0,0.0,0.0,0,0,0,0,0.0,0.0,0.0,0.0,0.0,0.0,0.0,0.0,LOW,NORMAL_CUSTOMER,NO_MAJOR_RISK_SIGNAL
C004912,Kylie,Brown,Pakistan,Standard,4,12359.33,4,0,4,0,0.0,0.0,0,0,0,0,0.0,0.0,0.0,0.0,0.0,0.0,0.0,0.0,LOW,LOYAL_LOW_FRICTION_CUSTOMER,NO_MAJOR_RISK_SIGNAL
C004913,William,Salazar,Pakistan,Standard,2,3589.72,5,3,2,3,47.5,65.0,2,1,0,1,65.0,1.5,1.5,1.0,26.88,0.5,30.0,43.06,MEDIUM,NORMAL_CUSTOMER,REPEATED_PAYMENT_FAILURES
C004914,Stephanie,Wilson,Saudi Arabia,Standard,1,798.35,1,0,1,0,0.0,0.0,0,0,0,0,0.0,0.0,0.0,0.0,0.0,0.0,0.0,0.0,LOW,NORMAL_CUSTOMER,NO_MAJOR_RISK_SIGNAL
C004916,Oscar,Jones,Other,Standard,4,14375.68,4,0,4,0,10.0,40.0,1,0,0,1,40.0,0.0,0.0,0.25,0.62,0.25,28.0,24.59,MEDIUM,LOYAL_LOW_FRICTION_CUSTOMER,NO_MAJOR_RISK_SIGNAL
C004917,Kayla,Hines,United Arab Emirates,Standard,4,11917.76,4,0,4,0,31.25,45.0,3,0,0,3,45.0,0.0,0.0,0.75,1.88,0.75,81.0,42.86,MEDIUM,NORMAL_CUSTOMER,PERSISTENT_BEHAVIOR | MULTIPLE_PROBLEMATIC_JOURNEYS
C004918,Rhonda,Obrien,United Arab Emirates,Standard,6,12198.93,7,1,6,1,11.67,40.0,1,0,0,1,40.0,0.17,0.17,0.17,3.12,0.17,24.67,24.34,MEDIUM,LOYAL_LOW_FRICTION_CUSTOMER,NO_MAJOR_RISK_SIGNAL
C004921,Edward,Morris,Other,Standard,6,18309.27,6,0,6,0,0.0,0.0,0,0,0,0,0.0,0.0,0.0,0.0,0.0,0.0,0.0,0.0,LOW,LOYAL_LOW_FRICTION_CUSTOMER,NO_MAJOR_RISK_SIGNAL
C004923,Harold,Gray,Pakistan,Standard,2,1675.64,2,0,2,0,0.0,0.0,0,0,0,0,0.0,0.0,0.0,0.0,0.0,0.0,0.0,0.0,LOW,NORMAL_CUSTOMER,NO_MAJOR_RISK_SIGNAL
C004925,Robert,Berry,Saudi Arabia,Premium,2,7992.39,4,2,2,2,52.5,65.0,3,1,0,2,65.0,1.0,1.0,1.5,20.0,1.0,79.0,55.7,HIGH,FRICTION_PRONE_CUSTOMER,PERSISTENT_BEHAVIOR | REPEATED_PAYMENT_FAILURES | MULTIPLE_PROBLEMATIC_JOURNEYS
C004926,Kyle,Gonzalez,Saudi Arabia,Standard,1,2878.26,1,0,1,0,0.0,0.0,0,0,0,0,0.0,0.0,0.0,0.0,0.0,0.0,0.0,0.0,LOW,NORMAL_CUSTOMER,NO_MAJOR_RISK_SIGNAL
C004927,Kayla,King,United Arab Emirates,Standard,2,8455.36,3,1,2,1,15.0,30.0,0,0,0,0,30.0,0.5,0.5,0.0,8.12,0.0,0.0,14.44,LOW,NORMAL_CUSTOMER,NO_MAJOR_RISK_SIGNAL
C004928,Sean,Kim,Saudi Arabia,Standard,1,4716.79,1,0,1,0,0.0,0.0,0,0,0,0,0.0,0.0,0.0,0.0,0.0,0.0,0.0,0.0,LOW,NORMAL_CUSTOMER,NO_MAJOR_RISK_SIGNAL
C004929,Courtney,Mitchell,United Kingdom,Premium,4,12679.21,6,2,4,2,16.25,65.0,2,1,0,1,65.0,0.5,0.5,0.5,9.38,0.25,28.0,37.21,MEDIUM,LOYAL_LOW_FRICTION_CUSTOMER,REPEATED_PAYMENT_FAILURES
C004930,David,Harris,Other,Standard,2,5716.22,3,1,2,1,37.5,75.0,1,1,0,1,75.0,0.5,0.5,0.5,9.38,0.5,30.0,41.81,MEDIUM,NORMAL_CUSTOMER,HIGH_SEVERITY
C004931,David,Martin,United Arab Emirates,Premium,4,10203.39,4,0,4,0,10.0,40.0,1,0,0,1,40.0,0.0,0.0,0.25,0.62,0.25,28.0,24.59,MEDIUM,LOYAL_LOW_FRICTION_CUSTOMER,NO_MAJOR_RISK_SIGNAL
C004932,James,Cervantes,United Arab Emirates,Standard,2,2296.4,3,1,2,1,15.0,30.0,0,0,0,0,30.0,0.5,0.5,0.0,8.12,0.0,0.0,14.44,LOW,NORMAL_CUSTOMER,NO_MAJOR_RISK_SIGNAL
C004933,Cindy,Stokes,Other,Premium,1,3589.23,1,0,1,0,0.0,0.0,0,0,0,0,0.0,0.0,0.0,0.0,0.0,0.0,0.0,0.0,LOW,NORMAL_CUSTOMER,NO_MAJOR_RISK_SIGNAL
C004934,Johnny,Lee,United Arab Emirates,Standard,4,12900.99,6,2,4,2,35.0,100.0,4,1,1,2,100.0,0.5,0.5,1.0,10.62,0.5,59.0,60.89,HIGH,FRICTION_PRONE_CUSTOMER,HIGH_SEVERITY | PERSISTENT_BEHAVIOR | REPEATED_PAYMENT_FAILURES | MULTIPLE_PROBLEMATIC_JOURNEYS | CRITICAL_JOURNEY
C004935,Stephen,Perkins,United Arab Emirates,Standard,1,2347.62,1,0,1,0,0.0,0.0,0,0,0,0,0.0,0.0,0.0,0.0,0.0,0.0,0.0,0.0,LOW,NORMAL_CUSTOMER,NO_MAJOR_RISK_SIGNAL
C004936,Melissa,Soto,United Arab Emirates,Standard,3,13726.31,4,1,3,1,10.0,30.0,0,0,0,0,30.0,0.33,0.33,0.0,5.42,0.0,0.0,13.63,LOW,LOYAL_LOW_FRICTION_CUSTOMER,NO_MAJOR_RISK_SIGNAL
C004937,Amy,Barnett,Other,VIP,1,3261.55,3,2,1,2,100.0,100.0,3,1,1,1,100.0,2.0,2.0,3.0,40.0,1.0,30.0,61.0,HIGH,FRICTION_PRONE_CUSTOMER,HIGH_SEVERITY | REPEATED_PAYMENT_FAILURES | CRITICAL_JOURNEY
C004938,Adam,Harris,Pakistan,Premium,1,4472.26,1,0,1,0,0.0,0.0,0,0,0,0,0.0,0.0,0.0,0.0,0.0,0.0,0.0,0.0,LOW,NORMAL_CUSTOMER,NO_MAJOR_RISK_SIGNAL
C004939,Nicole,Patrick,United States,Standard,3,8706.73,4,1,3,1,26.67,80.0,1,1,1,1,80.0,0.33,0.33,0.33,6.25,0.33,30.0,42.88,MEDIUM,LOYAL_LOW_FRICTION_CUSTOMER,HIGH_SEVERITY | CRITICAL_JOURNEY
C004940,John,Barry,United States,Standard,3,7890.63,3,0,3,0,0.0,0.0,0,0,0,0,0.0,0.0,0.0,0.0,0.0,0.0,0.0,0.0,LOW,LOYAL_LOW_FRICTION_CUSTOMER,NO_MAJOR_RISK_SIGNAL
C004941,Brianna,Ward,United Arab Emirates,Standard,2,4836.91,3,1,2,1,17.5,35.0,0,0,0,0,35.0,0.5,0.5,0.0,8.12,0.0,0.0,16.44,LOW,NORMAL_CUSTOMER,NO_MAJOR_RISK_SIGNAL
C004942,Thomas,Russell,United Arab Emirates,Standard,1,863.17,1,0,1,0,0.0,0.0,0,0,0,0,0.0,0.0,0.0,0.0,0.0,0.0,0.0,0.0,LOW,NORMAL_CUSTOMER,NO_MAJOR_RISK_SIGNAL
C004943,Robert,Payne,United States,Standard,1,3911.79,1,0,1,0,0.0,0.0,0,0,0,0,0.0,0.0,0.0,0.0,0.0,0.0,0.0,0.0,LOW,NORMAL_CUSTOMER,NO_MAJOR_RISK_SIGNAL
C004944,Christopher,Jones,United Arab Emirates,Standard,4,15082.49,5,1,4,1,18.75,75.0,1,1,0,1,75.0,0.25,0.25,0.25,4.69,0.25,28.0,39.81,MEDIUM,LOYAL_LOW_FRICTION_CUSTOMER,HIGH_SEVERITY
C004945,Carol,Lopez,United States,Standard,2,3888.33,3,1,2,1,15.0,30.0,0,0,0,0,30.0,0.5,0.5,0.0,8.12,0.0,0.0,14.44,LOW,NORMAL_CUSTOMER,NO_MAJOR_RISK_SIGNAL
C004946,John,Blair,Other,Standard,1,1331.55,1,0,1,0,0.0,0.0,0,0,0,0,0.0,0.0,0.0,0.0,0.0,0.0,0.0,0.0,LOW,NORMAL_CUSTOMER,NO_MAJOR_RISK_SIGNAL
C004947,Amy,Bartlett,Pakistan,Premium,2,7249.71,2,0,2,0,20.0,40.0,1,0,0,1,40.0,0.0,0.0,0.5,1.25,0.5,30.0,25.38,MEDIUM,NORMAL_CUSTOMER,NO_MAJOR_RISK_SIGNAL
C004948,Christine,May,United Kingdom,Standard,1,4359.41,2,1,1,1,30.0,30.0,0,0,0,0,30.0,1.0,1.0,0.0,16.25,0.0,0.0,16.88,LOW,NORMAL_CUSTOMER,NO_MAJOR_RISK_SIGNAL
C004949,Angela,Crawford,United States,Standard,3,7181.89,5,2,3,2,63.33,75.0,3,2,0,3,75.0,0.67,0.67,1.0,13.33,1.0,91.0,61.3,HIGH,FRICTION_PRONE_CUSTOMER,HIGH_SEVERITY | PERSISTENT_BEHAVIOR | REPEATED_PAYMENT_FAILURES | MULTIPLE_PROBLEMATIC_JOURNEYS
C004952,Eddie,Wells,Saudi Arabia,Standard,2,4419.23,2,0,2,0,0.0,0.0,0,0,0,0,0.0,0.0,0.0,0.0,0.0,0.0,0.0,0.0,LOW,NORMAL_CUSTOMER,NO_MAJOR_RISK_SIGNAL
C004954,Benjamin,Montgomery,United Kingdom,Standard,1,2395.04,1,0,1,0,0.0,0.0,0,0,0,0,0.0,0.0,0.0,0.0,0.0,0.0,0.0,0.0,LOW,NORMAL_CUSTOMER,NO_MAJOR_RISK_SIGNAL
C004955,Melissa,Hansen,United Arab Emirates,Standard,2,3140.11,2,0,2,0,20.0,40.0,1,0,0,1,40.0,0.0,0.0,0.5,1.25,0.5,30.0,25.38,MEDIUM,NORMAL_CUSTOMER,NO_MAJOR_RISK_SIGNAL
C004956,Elizabeth,Taylor,United Kingdom,Premium,1,3224.51,1,0,1,0,0.0,0.0,0,0,0,0,0.0,0.0,0.0,0.0,0.0,0.0,0.0,0.0,LOW,NORMAL_CUSTOMER,NO_MAJOR_RISK_SIGNAL
C004957,Mary,Jones,United Arab Emirates,Standard,1,4593.03,1,0,1,0,45.0,45.0,1,0,0,1,45.0,0.0,0.0,1.0,2.5,1.0,30.0,27.75,MEDIUM,NORMAL_CUSTOMER,NO_MAJOR_RISK_SIGNAL
C004958,Kenneth,Patterson,Pakistan,Standard,2,5890.94,2,0,2,0,22.5,45.0,1,0,0,1,45.0,0.0,0.0,0.5,1.25,0.5,30.0,27.38,MEDIUM,NORMAL_CUSTOMER,NO_MAJOR_RISK_SIGNAL
C004959,Samantha,Bennett,Saudi Arabia,Premium,3,13115.75,5,2,3,2,48.33,70.0,2,1,0,2,70.0,0.67,0.67,0.67,12.5,0.67,65.67,51.45,HIGH,FRICTION_PRONE_CUSTOMER,HIGH_SEVERITY | PERSISTENT_BEHAVIOR | REPEATED_PAYMENT_FAILURES | MULTIPLE_PROBLEMATIC_JOURNEYS
C004960,Brandon,Jones,United Kingdom,Standard,1,1073.4,1,0,1,0,0.0,0.0,0,0,0,0,0.0,0.0,0.0,0.0,0.0,0.0,0.0,0.0,LOW,NORMAL_CUSTOMER,NO_MAJOR_RISK_SIGNAL
C004962,Gregory,Patton,Saudi Arabia,Standard,1,2276.61,1,0,1,0,0.0,0.0,0,0,0,0,0.0,0.0,0.0,0.0,0.0,0.0,0.0,0.0,LOW,NORMAL_CUSTOMER,NO_MAJOR_RISK_SIGNAL
C004963,Emily,Evans,Saudi Arabia,Standard,1,2627.49,1,0,1,0,0.0,0.0,0,0,0,0,0.0,0.0,0.0,0.0,0.0,0.0,0.0,0.0,LOW,NORMAL_CUSTOMER,NO_MAJOR_RISK_SIGNAL
C004965,Heather,Hall,United Arab Emirates,Standard,4,11073.32,6,2,4,2,16.25,65.0,2,1,0,1,65.0,0.5,0.5,0.5,9.38,0.25,28.0,37.21,MEDIUM,LOYAL_LOW_FRICTION_CUSTOMER,REPEATED_PAYMENT_FAILURES
C004966,Brooke,Guzman,Saudi Arabia,Premium,1,3416.63,2,1,1,1,30.0,30.0,0,0,0,0,30.0,1.0,1.0,0.0,16.25,0.0,0.0,16.88,LOW,NORMAL_CUSTOMER,NO_MAJOR_RISK_SIGNAL
C004967,Kristin,Rivera,Other,Standard,2,3936.08,4,2,2,2,32.5,65.0,2,1,0,1,65.0,1.0,1.0,1.0,18.75,0.5,30.0,40.62,MEDIUM,NORMAL_CUSTOMER,REPEATED_PAYMENT_FAILURES
C004968,Gregory,Walker,United Kingdom,Standard,2,5843.57,3,1,2,1,35.0,40.0,1,0,0,1,40.0,0.5,0.5,0.5,9.38,0.5,30.0,27.81,MEDIUM,NORMAL_CUSTOMER,NO_MAJOR_RISK_SIGNAL
C004969,Stanley,Shepard,Other,Standard,2,3775.55,3,1,2,1,40.0,45.0,1,0,0,1,45.0,0.5,0.5,0.5,9.38,0.5,30.0,29.81,MEDIUM,NORMAL_CUSTOMER,NO_MAJOR_RISK_SIGNAL
C004970,Beth,Nielsen,United Arab Emirates,Standard,5,16890.23,6,1,5,1,6.0,30.0,0,0,0,0,30.0,0.2,0.2,0.0,3.25,0.0,0.0,12.98,LOW,LOYAL_LOW_FRICTION_CUSTOMER,NO_MAJOR_RISK_SIGNAL
C004971,Sarah,King,United Arab Emirates,Standard,2,3107.31,2,0,2,0,22.5,45.0,1,0,0,1,45.0,0.0,0.0,0.5,1.25,0.5,30.0,27.38,MEDIUM,NORMAL_CUSTOMER,NO_MAJOR_RISK_SIGNAL
C004972,Christopher,Warner,Other,Premium,2,7027.64,2,0,2,0,0.0,0.0,0,0,0,0,0.0,0.0,0.0,0.0,0.0,0.0,0.0,0.0,LOW,NORMAL_CUSTOMER,NO_MAJOR_RISK_SIGNAL
C004973,Kevin,Jones,Pakistan,Premium,1,642.19,1,0,1,0,45.0,45.0,1,0,0,1,45.0,0.0,0.0,1.0,2.5,1.0,30.0,27.75,MEDIUM,NORMAL_CUSTOMER,NO_MAJOR_RISK_SIGNAL
C004974,Miguel,Savage,United Kingdom,Standard,1,3900.1,2,1,1,1,70.0,70.0,1,1,0,1,70.0,1.0,1.0,1.0,18.75,1.0,30.0,42.62,MEDIUM,NORMAL_CUSTOMER,HIGH_SEVERITY
C004976,Carlos,Jones,United Arab Emirates,Premium,1,589.02,1,0,1,0,0.0,0.0,0,0,0,0,0.0,0.0,0.0,0.0,0.0,0.0,0.0,0.0,LOW,NORMAL_CUSTOMER,NO_MAJOR_RISK_SIGNAL
C004977,Ronald,Johnston,Saudi Arabia,Standard,7,18914.49,10,3,7,3,32.86,65.0,5,1,0,4,65.0,0.43,0.43,0.71,8.75,0.57,82.86,53.48,HIGH,FRICTION_PRONE_CUSTOMER,PERSISTENT_BEHAVIOR | REPEATED_PAYMENT_FAILURES | MULTIPLE_PROBLEMATIC_JOURNEYS
C004978,Andrea,Castaneda,Saudi Arabia,Standard,1,3070.73,1,0,1,0,0.0,0.0,0,0,0,0,0.0,0.0,0.0,0.0,0.0,0.0,0.0,0.0,LOW,NORMAL_CUSTOMER,NO_MAJOR_RISK_SIGNAL
C004979,Kelly,Frederick,Saudi Arabia,Standard,1,1405.85,2,1,1,1,35.0,35.0,0,0,0,0,35.0,1.0,1.0,0.0,16.25,0.0,0.0,18.88,LOW,NORMAL_CUSTOMER,NO_MAJOR_RISK_SIGNAL
C004980,Dennis,Porter,Saudi Arabia,Premium,3,8206.08,3,0,3,0,0.0,0.0,0,0,0,0,0.0,0.0,0.0,0.0,0.0,0.0,0.0,0.0,LOW,LOYAL_LOW_FRICTION_CUSTOMER,NO_MAJOR_RISK_SIGNAL
C004981,Heather,Ross,Other,Standard,1,519.62,1,0,1,0,0.0,0.0,0,0,0,0,0.0,0.0,0.0,0.0,0.0,0.0,0.0,0.0,LOW,NORMAL_CUSTOMER,NO_MAJOR_RISK_SIGNAL
C004987,Daniel,Baker,United Kingdom,Premium,2,6557.7,3,1,2,1,15.0,30.0,0,0,0,0,30.0,0.5,0.5,0.0,8.12,0.0,0.0,14.44,LOW,NORMAL_CUSTOMER,NO_MAJOR_RISK_SIGNAL
C004988,Jessica,Johnson,Pakistan,Standard,3,10099.19,3,0,3,0,28.33,45.0,2,0,0,2,45.0,0.0,0.0,0.67,1.67,0.67,65.67,38.2,MEDIUM,NORMAL_CUSTOMER,PERSISTENT_BEHAVIOR | MULTIPLE_PROBLEMATIC_JOURNEYS
C004989,Cristina,Morgan,United Kingdom,Standard,2,4444.96,4,2,2,2,52.5,60.0,3,1,0,2,60.0,1.0,1.0,1.5,20.0,1.0,79.0,53.7,HIGH,FRICTION_PRONE_CUSTOMER,PERSISTENT_BEHAVIOR | REPEATED_PAYMENT_FAILURES | MULTIPLE_PROBLEMATIC_JOURNEYS
C004990,Vanessa,Green,United States,Standard,1,4110.19,1,0,1,0,45.0,45.0,1,0,0,1,45.0,0.0,0.0,1.0,2.5,1.0,30.0,27.75,MEDIUM,NORMAL_CUSTOMER,NO_MAJOR_RISK_SIGNAL
C004991,Timothy,Cook,Other,Standard,2,7239.14,2,0,2,0,20.0,40.0,1,0,0,1,40.0,0.0,0.0,0.5,1.25,0.5,30.0,25.38,MEDIUM,NORMAL_CUSTOMER,NO_MAJOR_RISK_SIGNAL
C004992,Haley,Hubbard,Pakistan,Standard,1,1880.14,1,0,1,0,0.0,0.0,0,0,0,0,0.0,0.0,0.0,0.0,0.0,0.0,0.0,0.0,LOW,NORMAL_CUSTOMER,NO_MAJOR_RISK_SIGNAL
C004993,Sarah,Taylor,United Arab Emirates,Standard,3,7659.56,3,0,3,0,0.0,0.0,0,0,0,0,0.0,0.0,0.0,0.0,0.0,0.0,0.0,0.0,LOW,LOYAL_LOW_FRICTION_CUSTOMER,NO_MAJOR_RISK_SIGNAL
C004995,Justin,Gross,Saudi Arabia,Premium,4,17284.35,5,1,4,1,18.75,40.0,1,0,0,1,40.0,0.25,0.25,0.25,4.69,0.25,28.0,25.81,MEDIUM,LOYAL_LOW_FRICTION_CUSTOMER,NO_MAJOR_RISK_SIGNAL
C004996,Chelsea,Glass,Other,Standard,1,1118.75,1,0,1,0,0.0,0.0,0,0,0,0,0.0,0.0,0.0,0.0,0.0,0.0,0.0,0.0,LOW,NORMAL_CUSTOMER,NO_MAJOR_RISK_SIGNAL
C004997,Leslie,Alvarado,Saudi Arabia,Premium,1,4037.64,3,2,1,2,65.0,65.0,2,1,0,1,65.0,2.0,2.0,2.0,37.5,1.0,30.0,46.25,MEDIUM,NORMAL_CUSTOMER,REPEATED_PAYMENT_FAILURES
C004998,Alicia,Johns,United Arab Emirates,Standard,1,4151.03,1,0,1,0,0.0,0.0,0,0,0,0,0.0,0.0,0.0,0.0,0.0,0.0,0.0,0.0,LOW,NORMAL_CUSTOMER,NO_MAJOR_RISK_SIGNAL
C004999,Wanda,Young,United States,Standard,1,1768.37,1,0,1,0,0.0,0.0,0,0,0,0,0.0,0.0,0.0,0.0,0.0,0.0,0.0,0.0,LOW,NORMAL_CUSTOMER,NO_MAJOR_RISK_SIGNAL
