customer_id,first_booking_date,last_booking_date,total_bookings,total_revenue,average_booking_value,cohort_month,recency_days,repeat_booking_flag,active_span_days,booking_frequency,cohort_status
C000001,,,,,,,,,,,NO_BOOKING
C000002,2026-04-13,2026-09-04,3.0,7712.4,2570.7999999999997,2026-04,109.0,1.0,144.0,0.625,ACTIVE_COHORT_MEMBER
C000003,2026-03-28,2026-07-23,2.0,5780.57,2890.285,2026-03,152.0,1.0,117.0,0.5128205128205129,ACTIVE_COHORT_MEMBER
C000004,2026-02-19,2026-02-19,1.0,1842.96,1842.96,2026-02,306.0,0.0,0.0,1.0,ACTIVE_COHORT_MEMBER
C000005,2025-12-02,2025-12-24,2.0,3260.06,1630.03,2025-12,363.0,1.0,22.0,2.0,ACTIVE_COHORT_MEMBER
C000006,2026-11-06,2026-11-06,1.0,4497.45,4497.45,2026-11,46.0,0.0,0.0,1.0,ACTIVE_COHORT_MEMBER
C000007,2026-06-25,2026-06-25,1.0,3455.41,3455.41,2026-06,180.0,0.0,0.0,1.0,ACTIVE_COHORT_MEMBER
C000008,2026-08-28,2026-09-08,2.0,5822.62,2911.31,2026-08,105.0,1.0,11.0,2.0,ACTIVE_COHORT_MEMBER
C000009,,,,,,,,,,,NO_BOOKING
C000010,2026-01-25,2026-08-09,3.0,12121.17,4040.39,2026-01,135.0,1.0,196.0,0.45918367346938777,ACTIVE_COHORT_MEMBER
C000011,2026-01-24,2026-01-24,1.0,2406.1,2406.1,2026-01,332.0,0.0,0.0,1.0,ACTIVE_COHORT_MEMBER
C000012,2025-12-03,2026-08-22,2.0,6927.23,3463.615,2025-12,122.0,1.0,262.0,0.22900763358778628,ACTIVE_COHORT_MEMBER
C000013,2025-12-25,2025-12-25,1.0,1750.67,1750.67,2025-12,362.0,0.0,0.0,1.0,ACTIVE_COHORT_MEMBER
C000014,2026-04-29,2026-04-29,1.0,589.09,589.09,2026-04,237.0,0.0,0.0,1.0,ACTIVE_COHORT_MEMBER
C000015,,,,,,,,,,,NO_BOOKING
C000016,2025-11-06,2025-11-06,1.0,3101.8,3101.8,2025-11,411.0,0.0,0.0,1.0,ACTIVE_COHORT_MEMBER
C000017,2026-06-11,2026-10-16,3.0,7188.97,2396.3233333333333,2026-06,67.0,1.0,127.0,0.7086614173228346,ACTIVE_COHORT_MEMBER
C000018,,,,,,,,,,,NO_BOOKING
C000019,2026-01-07,2026-08-17,7.0,19257.99,2751.1414285714286,2026-01,127.0,1.0,222.0,0.9459459459459459,ACTIVE_COHORT_MEMBER
C000020,,,,,,,,,,,NO_BOOKING
C000021,2026-01-15,2026-02-12,2.0,2187.7400000000002,1093.8700000000001,2026-01,313.0,1.0,28.0,2.0,ACTIVE_COHORT_MEMBER
C000022,2026-01-05,2026-05-08,3.0,6247.24,2082.4133333333334,2026-01,228.0,1.0,123.0,0.7317073170731708,ACTIVE_COHORT_MEMBER
C000023,2026-01-16,2026-01-16,1.0,1485.49,1485.49,2026-01,340.0,0.0,0.0,1.0,ACTIVE_COHORT_MEMBER
C000024,,,,,,,,,,,NO_BOOKING
C000025,2026-05-20,2026-06-13,2.0,6066.5599999999995,3033.2799999999997,2026-05,192.0,1.0,24.0,2.0,ACTIVE_COHORT_MEMBER
C000026,2026-09-26,2026-09-26,1.0,2902.33,2902.33,2026-09,87.0,0.0,0.0,1.0,ACTIVE_COHORT_MEMBER
C000027,2026-04-08,2026-04-08,1.0,2273.86,2273.86,2026-04,258.0,0.0,0.0,1.0,ACTIVE_COHORT_MEMBER
C000028,2026-04-13,2026-07-12,2.0,6859.040000000001,3429.5200000000004,2026-04,163.0,1.0,90.0,0.6666666666666666,ACTIVE_COHORT_MEMBER
C000029,2025-11-19,2026-04-06,3.0,11903.060000000001,3967.686666666667,2025-11,260.0,1.0,138.0,0.6521739130434783,ACTIVE_COHORT_MEMBER
C000030,,,,,,,,,,,NO_BOOKING
C000031,2026-05-31,2026-05-31,1.0,4021.81,4021.81,2026-05,205.0,0.0,0.0,1.0,ACTIVE_COHORT_MEMBER
C000032,,,,,,,,,,,NO_BOOKING
C000033,2026-06-28,2026-06-28,1.0,1287.64,1287.64,2026-06,177.0,0.0,0.0,1.0,ACTIVE_COHORT_MEMBER
C000034,,,,,,,,,,,NO_BOOKING
C000035,2025-10-05,2026-02-18,2.0,3213.44,1606.72,2025-10,307.0,1.0,136.0,0.4411764705882353,ACTIVE_COHORT_MEMBER
C000036,2026-06-30,2026-06-30,1.0,4185.64,4185.64,2026-06,175.0,0.0,0.0,1.0,ACTIVE_COHORT_MEMBER
C000037,2026-04-14,2026-04-14,1.0,1355.17,1355.17,2026-04,252.0,0.0,0.0,1.0,ACTIVE_COHORT_MEMBER
C000038,,,,,,,,,,,NO_BOOKING
C000039,2025-12-19,2026-06-21,3.0,8115.3,2705.1,2025-12,184.0,1.0,184.0,0.48913043478260865,ACTIVE_COHORT_MEMBER
C000040,,,,,,,,,,,NO_BOOKING
C000041,2026-02-04,2026-10-15,2.0,4848.79,2424.395,2026-02,68.0,1.0,253.0,0.23715415019762845,ACTIVE_COHORT_MEMBER
C000042,,,,,,,,,,,NO_BOOKING
C000043,2026-06-17,2026-08-18,2.0,2654.1899999999996,1327.0949999999998,2026-06,126.0,1.0,62.0,0.9677419354838709,ACTIVE_COHORT_MEMBER
C000044,2026-03-07,2026-03-07,1.0,4920.14,4920.14,2026-03,290.0,0.0,0.0,1.0,ACTIVE_COHORT_MEMBER
C000045,2025-10-16,2026-09-23,3.0,4953.3099999999995,1651.1033333333332,2025-10,90.0,1.0,342.0,0.2631578947368421,ACTIVE_COHORT_MEMBER
C000046,,,,,,,,,,,NO_BOOKING
C000047,2026-05-02,2026-05-02,1.0,4009.48,4009.48,2026-05,234.0,0.0,0.0,1.0,ACTIVE_COHORT_MEMBER
C000048,,,,,,,,,,,NO_BOOKING
C000049,2025-10-29,2025-12-08,2.0,5359.21,2679.605,2025-10,379.0,1.0,40.0,1.5,ACTIVE_COHORT_MEMBER
C000050,2026-04-14,2026-04-14,1.0,1035.62,1035.62,2026-04,252.0,0.0,0.0,1.0,ACTIVE_COHORT_MEMBER
C000051,,,,,,,,,,,NO_BOOKING
C000052,2026-05-26,2026-05-26,1.0,2532.53,2532.53,2026-05,210.0,0.0,0.0,1.0,ACTIVE_COHORT_MEMBER
C000053,2025-11-27,2026-01-31,2.0,5431.52,2715.76,2025-11,325.0,1.0,65.0,0.9230769230769231,ACTIVE_COHORT_MEMBER
C000054,2025-11-15,2026-05-17,2.0,3924.74,1962.37,2025-11,219.0,1.0,183.0,0.3278688524590164,ACTIVE_COHORT_MEMBER
C000055,2025-12-04,2025-12-04,1.0,3005.0,3005.0,2025-12,383.0,0.0,0.0,1.0,ACTIVE_COHORT_MEMBER
C000056,2026-03-13,2026-03-13,1.0,4975.45,4975.45,2026-03,284.0,0.0,0.0,1.0,ACTIVE_COHORT_MEMBER
C000057,,,,,,,,,,,NO_BOOKING
C000058,2026-02-16,2026-02-16,1.0,741.2,741.2,2026-02,309.0,0.0,0.0,1.0,ACTIVE_COHORT_MEMBER
C000059,2026-08-01,2026-08-01,1.0,1028.04,1028.04,2026-08,143.0,0.0,0.0,1.0,ACTIVE_COHORT_MEMBER
C000060,,,,,,,,,,,NO_BOOKING
C000061,2025-08-07,2026-05-02,4.0,13033.24,3258.31,2025-08,234.0,1.0,268.0,0.44776119402985076,ACTIVE_COHORT_MEMBER
C000062,,,,,,,,,,,NO_BOOKING
C000063,2025-09-12,2025-09-12,1.0,2375.54,2375.54,2025-09,466.0,0.0,0.0,1.0,ACTIVE_COHORT_MEMBER
C000064,,,,,,,,,,,NO_BOOKING
C000065,2026-08-28,2026-09-13,2.0,5323.120000000001,2661.5600000000004,2026-08,100.0,1.0,16.0,2.0,ACTIVE_COHORT_MEMBER
C000066,2025-10-20,2025-10-20,1.0,4813.96,4813.96,2025-10,428.0,0.0,0.0,1.0,ACTIVE_COHORT_MEMBER
C000067,2025-12-26,2026-11-18,4.0,8420.78,2105.195,2025-12,34.0,1.0,327.0,0.36697247706422015,ACTIVE_COHORT_MEMBER
C000068,2025-08-29,2026-03-16,3.0,9919.119999999999,3306.373333333333,2025-08,281.0,1.0,199.0,0.4522613065326633,ACTIVE_COHORT_MEMBER
C000069,,,,,,,,,,,NO_BOOKING
C000070,2026-09-08,2026-09-08,1.0,4199.51,4199.51,2026-09,105.0,0.0,0.0,1.0,ACTIVE_COHORT_MEMBER
C000071,,,,,,,,,,,NO_BOOKING
C000072,2025-12-19,2026-02-07,3.0,8351.73,2783.91,2025-12,318.0,1.0,50.0,1.7999999999999998,ACTIVE_COHORT_MEMBER
C000073,2026-02-16,2026-10-30,4.0,8678.76,2169.69,2026-02,53.0,1.0,256.0,0.46875,ACTIVE_COHORT_MEMBER
C000074,,,,,,,,,,,NO_BOOKING
C000075,2026-01-06,2026-08-21,4.0,7737.76,1934.44,2026-01,123.0,1.0,227.0,0.5286343612334802,ACTIVE_COHORT_MEMBER
C000076,2026-07-04,2026-09-06,2.0,6203.280000000001,3101.6400000000003,2026-07,107.0,1.0,64.0,0.9375,ACTIVE_COHORT_MEMBER
C000077,,,,,,,,,,,NO_BOOKING
C000078,2025-12-22,2026-02-10,2.0,4388.19,2194.095,2025-12,315.0,1.0,50.0,1.2,ACTIVE_COHORT_MEMBER
C000079,2026-03-09,2026-03-25,2.0,3500.91,1750.455,2026-03,272.0,1.0,16.0,2.0,ACTIVE_COHORT_MEMBER
C000080,,,,,,,,,,,NO_BOOKING
C000081,,,,,,,,,,,NO_BOOKING
C000082,2026-06-10,2026-06-10,1.0,2925.28,2925.28,2026-06,195.0,0.0,0.0,1.0,ACTIVE_COHORT_MEMBER
C000083,2026-01-10,2026-02-22,2.0,6669.9400000000005,3334.9700000000003,2026-01,303.0,1.0,43.0,1.3953488372093024,ACTIVE_COHORT_MEMBER
C000084,2026-09-03,2026-09-03,1.0,4153.24,4153.24,2026-09,110.0,0.0,0.0,1.0,ACTIVE_COHORT_MEMBER
C000085,2026-01-29,2026-01-29,1.0,2171.27,2171.27,2026-01,327.0,0.0,0.0,1.0,ACTIVE_COHORT_MEMBER
C000086,2025-12-02,2025-12-02,1.0,4809.67,4809.67,2025-12,385.0,0.0,0.0,1.0,ACTIVE_COHORT_MEMBER
C000087,2026-02-15,2026-12-07,2.0,5301.37,2650.685,2026-02,15.0,1.0,295.0,0.20338983050847456,ACTIVE_COHORT_MEMBER
C000088,2026-08-13,2026-08-13,1.0,715.88,715.88,2026-08,131.0,0.0,0.0,1.0,ACTIVE_COHORT_MEMBER
C000089,,,,,,,,,,,NO_BOOKING
C000090,2025-11-02,2026-09-05,4.0,10761.5,2690.375,2025-11,108.0,1.0,307.0,0.39087947882736157,ACTIVE_COHORT_MEMBER
C000091,2026-08-07,2026-08-07,1.0,1342.12,1342.12,2026-08,137.0,0.0,0.0,1.0,ACTIVE_COHORT_MEMBER
C000092,2025-12-15,2025-12-15,1.0,552.89,552.89,2025-12,372.0,0.0,0.0,1.0,ACTIVE_COHORT_MEMBER
C000093,,,,,,,,,,,NO_BOOKING
C000094,,,,,,,,,,,NO_BOOKING
C000095,2025-12-10,2026-06-15,2.0,7167.530000000001,3583.7650000000003,2025-12,190.0,1.0,187.0,0.32085561497326204,ACTIVE_COHORT_MEMBER
C000096,,,,,,,,,,,NO_BOOKING
C000097,,,,,,,,,,,NO_BOOKING
C000098,2026-11-03,2026-11-03,1.0,2817.88,2817.88,2026-11,49.0,0.0,0.0,1.0,ACTIVE_COHORT_MEMBER
C000099,2026-06-27,2026-08-29,3.0,5185.179999999999,1728.3933333333332,2026-06,115.0,1.0,63.0,1.4285714285714286,ACTIVE_COHORT_MEMBER
C000100,,,,,,,,,,,NO_BOOKING
C000101,2025-11-21,2025-11-21,1.0,3306.38,3306.38,2025-11,396.0,0.0,0.0,1.0,ACTIVE_COHORT_MEMBER
C000102,,,,,,,,,,,NO_BOOKING
C000103,,,,,,,,,,,NO_BOOKING
C000104,,,,,,,,,,,NO_BOOKING
C000105,2026-01-07,2026-01-07,1.0,3872.77,3872.77,2026-01,349.0,0.0,0.0,1.0,ACTIVE_COHORT_MEMBER
C000106,2025-11-22,2026-08-25,3.0,9051.36,3017.1200000000003,2025-11,119.0,1.0,276.0,0.32608695652173914,ACTIVE_COHORT_MEMBER
C000107,,,,,,,,,,,NO_BOOKING
C000108,,,,,,,,,,,NO_BOOKING
C000109,,,,,,,,,,,NO_BOOKING
C000110,2025-11-30,2026-07-19,2.0,8469.369999999999,4234.6849999999995,2025-11,156.0,1.0,231.0,0.2597402597402597,ACTIVE_COHORT_MEMBER
C000111,2026-02-12,2026-02-12,1.0,1198.43,1198.43,2026-02,313.0,0.0,0.0,1.0,ACTIVE_COHORT_MEMBER
C000112,,,,,,,,,,,NO_BOOKING
C000113,2026-08-02,2026-08-02,1.0,3974.09,3974.09,2026-08,142.0,0.0,0.0,1.0,ACTIVE_COHORT_MEMBER
C000114,2026-08-21,2026-08-21,1.0,3205.08,3205.08,2026-08,123.0,0.0,0.0,1.0,ACTIVE_COHORT_MEMBER
C000115,2026-05-14,2026-07-07,2.0,2002.8600000000001,1001.4300000000001,2026-05,168.0,1.0,54.0,1.1111111111111112,ACTIVE_COHORT_MEMBER
C000116,2025-12-17,2026-05-17,4.0,13661.220000000001,3415.3050000000003,2025-12,219.0,1.0,151.0,0.794701986754967,ACTIVE_COHORT_MEMBER
C000117,2025-12-03,2026-04-30,2.0,9096.21,4548.105,2025-12,236.0,1.0,148.0,0.4054054054054054,ACTIVE_COHORT_MEMBER
C000118,2025-10-13,2025-10-13,1.0,1960.71,1960.71,2025-10,435.0,0.0,0.0,1.0,ACTIVE_COHORT_MEMBER
C000119,2025-10-16,2025-10-16,1.0,1975.99,1975.99,2025-10,432.0,0.0,0.0,1.0,ACTIVE_COHORT_MEMBER
C000120,2026-07-24,2026-07-24,1.0,1215.17,1215.17,2026-07,151.0,0.0,0.0,1.0,ACTIVE_COHORT_MEMBER
C000121,2026-01-01,2026-09-04,2.0,5188.59,2594.295,2026-01,109.0,1.0,246.0,0.24390243902439027,ACTIVE_COHORT_MEMBER
C000122,2026-11-07,2026-11-07,1.0,1000.36,1000.36,2026-11,45.0,0.0,0.0,1.0,ACTIVE_COHORT_MEMBER
C000123,2025-10-31,2026-06-09,2.0,6724.139999999999,3362.0699999999997,2025-10,196.0,1.0,221.0,0.2714932126696833,ACTIVE_COHORT_MEMBER
C000124,2026-09-30,2026-09-30,1.0,4389.49,4389.49,2026-09,83.0,0.0,0.0,1.0,ACTIVE_COHORT_MEMBER
C000125,2025-10-13,2026-01-28,2.0,3277.29,1638.645,2025-10,328.0,1.0,107.0,0.5607476635514018,ACTIVE_COHORT_MEMBER
C000126,2026-01-09,2026-04-09,2.0,5793.15,2896.575,2026-01,257.0,1.0,90.0,0.6666666666666666,ACTIVE_COHORT_MEMBER
C000127,2025-11-22,2026-03-08,2.0,3784.95,1892.475,2025-11,289.0,1.0,106.0,0.5660377358490566,ACTIVE_COHORT_MEMBER
C000128,2026-01-09,2026-08-23,2.0,3218.27,1609.135,2026-01,121.0,1.0,226.0,0.26548672566371684,ACTIVE_COHORT_MEMBER
C000129,2026-03-15,2026-07-09,4.0,14637.69,3659.4225,2026-03,166.0,1.0,116.0,1.0344827586206897,ACTIVE_COHORT_MEMBER
C000130,2025-12-24,2026-01-27,3.0,6434.57,2144.8566666666666,2025-12,329.0,1.0,34.0,2.6470588235294117,ACTIVE_COHORT_MEMBER
C000131,2025-12-15,2026-09-15,2.0,3600.31,1800.155,2025-12,98.0,1.0,274.0,0.21897810218978103,ACTIVE_COHORT_MEMBER
C000132,,,,,,,,,,,NO_BOOKING
C000133,2025-10-11,2025-10-11,1.0,1787.45,1787.45,2025-10,437.0,0.0,0.0,1.0,ACTIVE_COHORT_MEMBER
C000134,2026-05-02,2026-09-15,2.0,5263.18,2631.59,2026-05,98.0,1.0,136.0,0.4411764705882353,ACTIVE_COHORT_MEMBER
C000135,2026-08-16,2026-08-16,1.0,2583.08,2583.08,2026-08,128.0,0.0,0.0,1.0,ACTIVE_COHORT_MEMBER
C000136,,,,,,,,,,,NO_BOOKING
C000137,2025-10-29,2026-09-09,3.0,10341.14,3447.0466666666666,2025-10,104.0,1.0,315.0,0.2857142857142857,ACTIVE_COHORT_MEMBER
C000138,2026-02-27,2026-04-02,2.0,7878.379999999999,3939.1899999999996,2026-02,264.0,1.0,34.0,1.7647058823529411,ACTIVE_COHORT_MEMBER
C000139,2026-04-27,2026-05-01,2.0,3050.1400000000003,1525.0700000000002,2026-04,235.0,1.0,4.0,2.0,ACTIVE_COHORT_MEMBER
C000140,2026-08-02,2026-08-02,1.0,3223.48,3223.48,2026-08,142.0,0.0,0.0,1.0,ACTIVE_COHORT_MEMBER
C000141,2025-08-18,2026-09-19,2.0,4409.67,2204.835,2025-08,94.0,1.0,397.0,0.15113350125944586,ACTIVE_COHORT_MEMBER
C000142,2026-01-05,2026-02-13,2.0,4035.61,2017.805,2026-01,312.0,1.0,39.0,1.5384615384615383,ACTIVE_COHORT_MEMBER
C000143,2025-08-31,2026-01-04,3.0,11440.24,3813.4133333333334,2025-08,352.0,1.0,126.0,0.7142857142857143,ACTIVE_COHORT_MEMBER
C000144,2026-01-20,2026-10-18,3.0,7060.15,2353.383333333333,2026-01,65.0,1.0,271.0,0.33210332103321033,ACTIVE_COHORT_MEMBER
C000145,,,,,,,,,,,NO_BOOKING
C000146,2025-11-17,2026-08-01,3.0,10454.89,3484.963333333333,2025-11,143.0,1.0,257.0,0.3501945525291829,ACTIVE_COHORT_MEMBER
C000147,2026-03-16,2026-06-22,2.0,7282.3,3641.15,2026-03,183.0,1.0,98.0,0.6122448979591837,ACTIVE_COHORT_MEMBER
C000148,2025-10-31,2026-06-17,2.0,8844.59,4422.295,2025-10,188.0,1.0,229.0,0.26200873362445415,ACTIVE_COHORT_MEMBER
C000149,2026-03-21,2026-07-09,3.0,6067.91,2022.6366666666665,2026-03,166.0,1.0,110.0,0.8181818181818182,ACTIVE_COHORT_MEMBER
C000150,,,,,,,,,,,NO_BOOKING
C000151,2026-06-10,2026-06-10,1.0,3678.85,3678.85,2026-06,195.0,0.0,0.0,1.0,ACTIVE_COHORT_MEMBER
C000152,2025-11-16,2026-07-28,3.0,7375.33,2458.443333333333,2025-11,147.0,1.0,254.0,0.3543307086614173,ACTIVE_COHORT_MEMBER
C000153,2026-08-18,2026-08-18,1.0,1152.56,1152.56,2026-08,126.0,0.0,0.0,1.0,ACTIVE_COHORT_MEMBER
C000154,2025-08-28,2026-09-02,4.0,14499.98,3624.995,2025-08,111.0,1.0,370.0,0.3243243243243243,ACTIVE_COHORT_MEMBER
C000155,2026-07-04,2026-09-09,3.0,9734.09,3244.6966666666667,2026-07,104.0,1.0,67.0,1.3432835820895521,ACTIVE_COHORT_MEMBER
C000156,2025-11-17,2026-03-13,3.0,7193.1,2397.7000000000003,2025-11,284.0,1.0,116.0,0.7758620689655172,ACTIVE_COHORT_MEMBER
C000157,2026-08-03,2026-08-03,1.0,4774.29,4774.29,2026-08,141.0,0.0,0.0,1.0,ACTIVE_COHORT_MEMBER
C000158,,,,,,,,,,,NO_BOOKING
C000159,2025-12-24,2026-06-12,2.0,4576.049999999999,2288.0249999999996,2025-12,193.0,1.0,170.0,0.3529411764705882,ACTIVE_COHORT_MEMBER
C000160,2025-12-31,2025-12-31,1.0,2568.77,2568.77,2025-12,356.0,0.0,0.0,1.0,ACTIVE_COHORT_MEMBER
C000161,2026-04-13,2026-09-28,2.0,7349.26,3674.63,2026-04,85.0,1.0,168.0,0.35714285714285715,ACTIVE_COHORT_MEMBER
C000162,2025-09-30,2026-11-11,4.0,15068.61,3767.1525,2025-09,41.0,1.0,407.0,0.29484029484029484,ACTIVE_COHORT_MEMBER
C000163,2026-04-26,2026-07-15,2.0,7488.33,3744.165,2026-04,160.0,1.0,80.0,0.75,ACTIVE_COHORT_MEMBER
C000164,2026-09-23,2026-09-23,1.0,4912.84,4912.84,2026-09,90.0,0.0,0.0,1.0,ACTIVE_COHORT_MEMBER
C000165,2025-11-25,2026-05-14,2.0,5173.74,2586.87,2025-11,222.0,1.0,170.0,0.3529411764705882,ACTIVE_COHORT_MEMBER
C000166,2025-11-11,2026-06-04,3.0,5352.37,1784.1233333333332,2025-11,201.0,1.0,205.0,0.43902439024390244,ACTIVE_COHORT_MEMBER
C000167,2026-09-01,2026-09-01,1.0,1583.2,1583.2,2026-09,112.0,0.0,0.0,1.0,ACTIVE_COHORT_MEMBER
C000168,,,,,,,,,,,NO_BOOKING
C000169,,,,,,,,,,,NO_BOOKING
C000170,,,,,,,,,,,NO_BOOKING
C000171,2026-01-11,2026-08-13,2.0,6936.26,3468.13,2026-01,131.0,1.0,214.0,0.2803738317757009,ACTIVE_COHORT_MEMBER
C000172,2025-08-24,2026-09-26,3.0,11551.03,3850.3433333333337,2025-08,87.0,1.0,398.0,0.22613065326633164,ACTIVE_COHORT_MEMBER
C000173,2026-01-20,2026-01-20,1.0,1193.9,1193.9,2026-01,336.0,0.0,0.0,1.0,ACTIVE_COHORT_MEMBER
C000174,2026-01-30,2026-01-30,1.0,2475.51,2475.51,2026-01,326.0,0.0,0.0,1.0,ACTIVE_COHORT_MEMBER
C000175,2026-02-09,2026-02-09,1.0,1732.86,1732.86,2026-02,316.0,0.0,0.0,1.0,ACTIVE_COHORT_MEMBER
C000176,2025-12-05,2026-07-27,2.0,7623.12,3811.56,2025-12,148.0,1.0,234.0,0.25641025641025644,ACTIVE_COHORT_MEMBER
C000177,2026-08-24,2026-08-24,1.0,1545.34,1545.34,2026-08,120.0,0.0,0.0,1.0,ACTIVE_COHORT_MEMBER
C000178,,,,,,,,,,,NO_BOOKING
C000179,2026-04-15,2026-04-26,2.0,6386.3,3193.15,2026-04,240.0,1.0,11.0,2.0,ACTIVE_COHORT_MEMBER
C000180,2025-11-03,2025-11-03,1.0,1959.22,1959.22,2025-11,414.0,0.0,0.0,1.0,ACTIVE_COHORT_MEMBER
C000181,,,,,,,,,,,NO_BOOKING
C000182,,,,,,,,,,,NO_BOOKING
C000183,2026-04-05,2026-05-09,2.0,5043.02,2521.51,2026-04,227.0,1.0,34.0,1.7647058823529411,ACTIVE_COHORT_MEMBER
C000184,2026-04-17,2026-04-17,1.0,1849.84,1849.84,2026-04,249.0,0.0,0.0,1.0,ACTIVE_COHORT_MEMBER
C000185,2026-05-20,2026-05-20,1.0,1445.47,1445.47,2026-05,216.0,0.0,0.0,1.0,ACTIVE_COHORT_MEMBER
C000186,,,,,,,,,,,NO_BOOKING
C000187,2025-08-06,2026-04-26,4.0,10807.23,2701.8075,2025-08,240.0,1.0,263.0,0.4562737642585551,ACTIVE_COHORT_MEMBER
C000188,2026-01-07,2026-01-07,1.0,3231.89,3231.89,2026-01,349.0,0.0,0.0,1.0,ACTIVE_COHORT_MEMBER
C000189,,,,,,,,,,,NO_BOOKING
C000190,2026-03-26,2026-10-12,2.0,3511.1400000000003,1755.5700000000002,2026-03,71.0,1.0,200.0,0.3,ACTIVE_COHORT_MEMBER
C000191,2026-02-12,2026-03-02,2.0,5527.25,2763.625,2026-02,295.0,1.0,18.0,2.0,ACTIVE_COHORT_MEMBER
C000192,2025-12-13,2026-07-05,4.0,7147.36,1786.84,2025-12,170.0,1.0,204.0,0.5882352941176471,ACTIVE_COHORT_MEMBER
C000193,2026-01-27,2026-11-20,2.0,4713.51,2356.755,2026-01,32.0,1.0,297.0,0.20202020202020202,ACTIVE_COHORT_MEMBER
C000194,2026-01-12,2026-05-12,3.0,9341.57,3113.8566666666666,2026-01,224.0,1.0,120.0,0.75,ACTIVE_COHORT_MEMBER
C000195,2026-01-07,2026-05-30,3.0,12308.81,4102.9366666666665,2026-01,206.0,1.0,143.0,0.6293706293706294,ACTIVE_COHORT_MEMBER
C000196,2026-05-03,2026-05-03,1.0,600.65,600.65,2026-05,233.0,0.0,0.0,1.0,ACTIVE_COHORT_MEMBER
C000197,2026-08-20,2026-08-20,1.0,1607.91,1607.91,2026-08,124.0,0.0,0.0,1.0,ACTIVE_COHORT_MEMBER
C000198,2025-11-14,2026-10-04,3.0,12264.48,4088.16,2025-11,79.0,1.0,324.0,0.27777777777777773,ACTIVE_COHORT_MEMBER
C000199,2026-02-26,2026-02-26,1.0,1625.6,1625.6,2026-02,299.0,0.0,0.0,1.0,ACTIVE_COHORT_MEMBER
C000200,2026-04-06,2026-04-06,1.0,591.04,591.04,2026-04,260.0,0.0,0.0,1.0,ACTIVE_COHORT_MEMBER
C000201,2025-09-20,2026-01-31,2.0,6609.73,3304.865,2025-09,325.0,1.0,133.0,0.45112781954887216,ACTIVE_COHORT_MEMBER
C000202,2025-11-25,2026-07-15,3.0,4336.67,1445.5566666666666,2025-11,160.0,1.0,232.0,0.3879310344827586,ACTIVE_COHORT_MEMBER
C000203,2026-05-22,2026-05-22,1.0,2921.1,2921.1,2026-05,214.0,0.0,0.0,1.0,ACTIVE_COHORT_MEMBER
C000204,2025-11-13,2026-06-21,2.0,6371.0599999999995,3185.5299999999997,2025-11,184.0,1.0,220.0,0.27272727272727276,ACTIVE_COHORT_MEMBER
C000205,2025-11-12,2026-05-02,2.0,4785.83,2392.915,2025-11,234.0,1.0,171.0,0.3508771929824561,ACTIVE_COHORT_MEMBER
C000206,2026-01-17,2026-08-19,2.0,5252.76,2626.38,2026-01,125.0,1.0,214.0,0.2803738317757009,ACTIVE_COHORT_MEMBER
C000207,2026-04-03,2026-07-23,2.0,4373.5199999999995,2186.7599999999998,2026-04,152.0,1.0,111.0,0.5405405405405405,ACTIVE_COHORT_MEMBER
C000208,2026-04-08,2026-05-20,4.0,16527.760000000002,4131.9400000000005,2026-04,216.0,1.0,42.0,2.857142857142857,ACTIVE_COHORT_MEMBER
C000209,2025-11-16,2025-11-16,1.0,3159.13,3159.13,2025-11,401.0,0.0,0.0,1.0,ACTIVE_COHORT_MEMBER
C000210,2026-08-21,2026-09-11,2.0,2608.61,1304.305,2026-08,102.0,1.0,21.0,2.0,ACTIVE_COHORT_MEMBER
C000211,,,,,,,,,,,NO_BOOKING
C000212,2026-07-20,2026-07-20,1.0,3216.33,3216.33,2026-07,155.0,0.0,0.0,1.0,ACTIVE_COHORT_MEMBER
C000213,2026-01-20,2026-01-20,1.0,4773.36,4773.36,2026-01,336.0,0.0,0.0,1.0,ACTIVE_COHORT_MEMBER
C000214,2025-11-23,2026-02-15,2.0,6034.37,3017.185,2025-11,310.0,1.0,84.0,0.7142857142857143,ACTIVE_COHORT_MEMBER
C000215,,,,,,,,,,,NO_BOOKING
C000216,2025-12-12,2026-08-06,3.0,9863.71,3287.903333333333,2025-12,138.0,1.0,237.0,0.37974683544303794,ACTIVE_COHORT_MEMBER
C000217,,,,,,,,,,,NO_BOOKING
C000218,,,,,,,,,,,NO_BOOKING
C000219,,,,,,,,,,,NO_BOOKING
C000220,2025-11-12,2026-08-30,3.0,7345.24,2448.4133333333334,2025-11,114.0,1.0,291.0,0.30927835051546393,ACTIVE_COHORT_MEMBER
C000221,2026-01-13,2026-07-30,2.0,5599.13,2799.565,2026-01,145.0,1.0,198.0,0.30303030303030304,ACTIVE_COHORT_MEMBER
C000222,,,,,,,,,,,NO_BOOKING
C000223,2026-03-22,2026-03-22,1.0,3391.58,3391.58,2026-03,275.0,0.0,0.0,1.0,ACTIVE_COHORT_MEMBER
C000224,2025-12-21,2026-10-17,4.0,17973.9,4493.475,2025-12,66.0,1.0,300.0,0.4,ACTIVE_COHORT_MEMBER
C000225,2025-10-23,2026-06-14,3.0,3315.27,1105.09,2025-10,191.0,1.0,234.0,0.38461538461538464,ACTIVE_COHORT_MEMBER
C000226,2025-11-28,2026-10-20,5.0,13313.98,2662.796,2025-11,63.0,1.0,326.0,0.460122699386503,ACTIVE_COHORT_MEMBER
C000227,2025-12-09,2026-08-22,5.0,17905.28,3581.0559999999996,2025-12,122.0,1.0,256.0,0.5859375,ACTIVE_COHORT_MEMBER
C000228,,,,,,,,,,,NO_BOOKING
C000229,2026-05-19,2026-10-16,2.0,5720.73,2860.365,2026-05,67.0,1.0,150.0,0.4,ACTIVE_COHORT_MEMBER
C000230,2026-09-01,2026-09-01,1.0,3861.66,3861.66,2026-09,112.0,0.0,0.0,1.0,ACTIVE_COHORT_MEMBER
C000231,,,,,,,,,,,NO_BOOKING
C000232,2025-12-17,2025-12-17,1.0,2888.87,2888.87,2025-12,370.0,0.0,0.0,1.0,ACTIVE_COHORT_MEMBER
C000233,2025-09-04,2026-09-07,3.0,7859.87,2619.9566666666665,2025-09,106.0,1.0,368.0,0.24456521739130432,ACTIVE_COHORT_MEMBER
C000234,2025-09-27,2025-09-27,1.0,3994.62,3994.62,2025-09,451.0,0.0,0.0,1.0,ACTIVE_COHORT_MEMBER
C000235,2026-01-16,2026-08-18,2.0,7603.7,3801.85,2026-01,126.0,1.0,214.0,0.2803738317757009,ACTIVE_COHORT_MEMBER
C000236,2025-09-22,2026-08-22,4.0,11780.86,2945.215,2025-09,122.0,1.0,334.0,0.3592814371257485,ACTIVE_COHORT_MEMBER
C000237,2025-12-06,2026-07-28,3.0,11809.93,3936.6433333333334,2025-12,147.0,1.0,234.0,0.38461538461538464,ACTIVE_COHORT_MEMBER
C000238,2025-11-12,2026-05-05,3.0,8539.57,2846.523333333333,2025-11,231.0,1.0,174.0,0.5172413793103449,ACTIVE_COHORT_MEMBER
C000239,2026-02-26,2026-03-20,2.0,8537.05,4268.525,2026-02,277.0,1.0,22.0,2.0,ACTIVE_COHORT_MEMBER
C000240,,,,,,,,,,,NO_BOOKING
C000241,2026-02-06,2026-05-28,2.0,4002.88,2001.44,2026-02,208.0,1.0,111.0,0.5405405405405405,ACTIVE_COHORT_MEMBER
C000242,2025-11-07,2026-12-02,5.0,12249.11,2449.822,2025-11,20.0,1.0,390.0,0.38461538461538464,ACTIVE_COHORT_MEMBER
C000243,2026-04-24,2026-10-03,3.0,7456.28,2485.4266666666667,2026-04,80.0,1.0,162.0,0.5555555555555555,ACTIVE_COHORT_MEMBER
C000244,2026-01-12,2026-06-07,2.0,3410.09,1705.045,2026-01,198.0,1.0,146.0,0.4109589041095891,ACTIVE_COHORT_MEMBER
C000245,2025-11-09,2026-04-10,3.0,3497.73,1165.91,2025-11,256.0,1.0,152.0,0.5921052631578948,ACTIVE_COHORT_MEMBER
C000246,,,,,,,,,,,NO_BOOKING
C000247,2026-05-20,2026-08-17,2.0,4014.91,2007.455,2026-05,127.0,1.0,89.0,0.6741573033707865,ACTIVE_COHORT_MEMBER
C000248,,,,,,,,,,,NO_BOOKING
C000249,,,,,,,,,,,NO_BOOKING
C000250,2025-12-24,2026-07-14,3.0,5419.379999999999,1806.4599999999998,2025-12,161.0,1.0,202.0,0.44554455445544555,ACTIVE_COHORT_MEMBER
C000251,2025-12-14,2026-09-22,4.0,9736.810000000001,2434.2025000000003,2025-12,91.0,1.0,282.0,0.425531914893617,ACTIVE_COHORT_MEMBER
C000252,,,,,,,,,,,NO_BOOKING
C000253,,,,,,,,,,,NO_BOOKING
C000254,2025-09-21,2026-08-28,4.0,13098.949999999999,3274.7374999999997,2025-09,116.0,1.0,341.0,0.3519061583577712,ACTIVE_COHORT_MEMBER
C000255,2026-06-04,2026-08-24,2.0,2558.6400000000003,1279.3200000000002,2026-06,120.0,1.0,81.0,0.7407407407407407,ACTIVE_COHORT_MEMBER
C000256,2025-09-07,2026-05-09,2.0,6042.98,3021.49,2025-09,227.0,1.0,244.0,0.24590163934426232,ACTIVE_COHORT_MEMBER
C000257,2026-08-09,2026-08-29,2.0,5986.53,2993.265,2026-08,115.0,1.0,20.0,2.0,ACTIVE_COHORT_MEMBER
C000258,2026-04-11,2026-04-11,1.0,1828.77,1828.77,2026-04,255.0,0.0,0.0,1.0,ACTIVE_COHORT_MEMBER
C000259,2026-03-18,2026-12-07,2.0,7318.91,3659.455,2026-03,15.0,1.0,264.0,0.22727272727272727,ACTIVE_COHORT_MEMBER
C000260,,,,,,,,,,,NO_BOOKING
C000261,2026-05-29,2026-05-29,1.0,1413.63,1413.63,2026-05,207.0,0.0,0.0,1.0,ACTIVE_COHORT_MEMBER
C000262,2025-11-15,2026-04-17,2.0,3845.98,1922.99,2025-11,249.0,1.0,153.0,0.3921568627450981,ACTIVE_COHORT_MEMBER
C000263,2026-07-17,2026-07-26,2.0,3665.69,1832.845,2026-07,149.0,1.0,9.0,2.0,ACTIVE_COHORT_MEMBER
C000264,,,,,,,,,,,NO_BOOKING
C000265,2025-11-24,2026-08-13,4.0,13717.380000000001,3429.3450000000003,2025-11,131.0,1.0,262.0,0.45801526717557256,ACTIVE_COHORT_MEMBER
C000266,,,,,,,,,,,NO_BOOKING
C000267,2025-12-31,2026-09-01,2.0,4516.78,2258.39,2025-12,112.0,1.0,244.0,0.24590163934426232,ACTIVE_COHORT_MEMBER
C000268,,,,,,,,,,,NO_BOOKING
C000269,2026-10-18,2026-10-18,1.0,2530.45,2530.45,2026-10,65.0,0.0,0.0,1.0,ACTIVE_COHORT_MEMBER
C000270,2025-09-02,2026-07-16,4.0,8736.23,2184.0575,2025-09,159.0,1.0,317.0,0.37854889589905366,ACTIVE_COHORT_MEMBER
C000271,2025-11-18,2026-08-19,3.0,6385.76,2128.5866666666666,2025-11,125.0,1.0,274.0,0.3284671532846716,ACTIVE_COHORT_MEMBER
C000272,2025-11-17,2026-06-27,3.0,8246.17,2748.7233333333334,2025-11,178.0,1.0,222.0,0.4054054054054054,ACTIVE_COHORT_MEMBER
C000273,2026-07-04,2026-07-27,2.0,2880.92,1440.46,2026-07,148.0,1.0,23.0,2.0,ACTIVE_COHORT_MEMBER
C000274,2026-02-14,2026-10-17,3.0,6031.21,2010.4033333333334,2026-02,66.0,1.0,245.0,0.3673469387755102,ACTIVE_COHORT_MEMBER
C000275,,,,,,,,,,,NO_BOOKING
C000276,2026-03-29,2026-08-11,2.0,2623.33,1311.665,2026-03,133.0,1.0,135.0,0.4444444444444444,ACTIVE_COHORT_MEMBER
C000277,2026-05-21,2026-06-24,2.0,8345.880000000001,4172.9400000000005,2026-05,181.0,1.0,34.0,1.7647058823529411,ACTIVE_COHORT_MEMBER
C000278,2026-01-04,2026-07-02,5.0,15769.57,3153.9139999999998,2026-01,173.0,1.0,179.0,0.8379888268156425,ACTIVE_COHORT_MEMBER
C000279,2026-09-18,2026-09-18,1.0,1703.43,1703.43,2026-09,95.0,0.0,0.0,1.0,ACTIVE_COHORT_MEMBER
C000280,2026-06-15,2026-06-15,1.0,1041.79,1041.79,2026-06,190.0,0.0,0.0,1.0,ACTIVE_COHORT_MEMBER
C000281,2025-12-25,2026-07-03,2.0,5285.18,2642.59,2025-12,172.0,1.0,190.0,0.31578947368421056,ACTIVE_COHORT_MEMBER
C000282,2026-03-11,2026-03-11,1.0,3418.54,3418.54,2026-03,286.0,0.0,0.0,1.0,ACTIVE_COHORT_MEMBER
C000283,2026-02-03,2026-08-27,3.0,8712.46,2904.153333333333,2026-02,117.0,1.0,205.0,0.43902439024390244,ACTIVE_COHORT_MEMBER
C000284,2025-10-08,2026-04-12,3.0,4680.7,1560.2333333333333,2025-10,254.0,1.0,186.0,0.48387096774193544,ACTIVE_COHORT_MEMBER
C000285,2026-05-03,2026-06-18,2.0,4301.73,2150.865,2026-05,187.0,1.0,46.0,1.3043478260869565,ACTIVE_COHORT_MEMBER
C000286,2026-01-01,2026-04-27,3.0,11957.259999999998,3985.7533333333326,2026-01,239.0,1.0,116.0,0.7758620689655172,ACTIVE_COHORT_MEMBER
C000287,,,,,,,,,,,NO_BOOKING
C000288,2026-03-29,2026-09-16,2.0,8638.27,4319.135,2026-03,97.0,1.0,171.0,0.3508771929824561,ACTIVE_COHORT_MEMBER
C000289,,,,,,,,,,,NO_BOOKING
C000290,2026-04-20,2026-04-20,1.0,2108.51,2108.51,2026-04,246.0,0.0,0.0,1.0,ACTIVE_COHORT_MEMBER
C000291,,,,,,,,,,,NO_BOOKING
C000292,,,,,,,,,,,NO_BOOKING
C000293,,,,,,,,,,,NO_BOOKING
C000294,,,,,,,,,,,NO_BOOKING
C000295,2025-12-07,2026-11-29,4.0,7867.67,1966.9175,2025-12,23.0,1.0,357.0,0.3361344537815126,ACTIVE_COHORT_MEMBER
C000296,,,,,,,,,,,NO_BOOKING
C000297,2025-09-09,2026-09-05,2.0,6885.719999999999,3442.8599999999997,2025-09,108.0,1.0,361.0,0.16620498614958448,ACTIVE_COHORT_MEMBER
C000298,2026-04-18,2026-04-18,1.0,3298.28,3298.28,2026-04,248.0,0.0,0.0,1.0,ACTIVE_COHORT_MEMBER
C000299,2026-01-18,2026-09-17,3.0,5798.549999999999,1932.8499999999997,2026-01,96.0,1.0,242.0,0.37190082644628103,ACTIVE_COHORT_MEMBER
C000300,2026-08-05,2026-08-05,1.0,2216.84,2216.84,2026-08,139.0,0.0,0.0,1.0,ACTIVE_COHORT_MEMBER
C000301,2026-05-27,2026-05-27,1.0,1164.55,1164.55,2026-05,209.0,0.0,0.0,1.0,ACTIVE_COHORT_MEMBER
C000302,2025-12-27,2026-07-21,2.0,4253.82,2126.91,2025-12,154.0,1.0,206.0,0.29126213592233013,ACTIVE_COHORT_MEMBER
C000303,2025-10-04,2026-02-04,2.0,5779.32,2889.66,2025-10,321.0,1.0,123.0,0.48780487804878053,ACTIVE_COHORT_MEMBER
C000304,,,,,,,,,,,NO_BOOKING
C000305,,,,,,,,,,,NO_BOOKING
C000306,2025-08-19,2026-09-11,3.0,7649.7,2549.9,2025-08,102.0,1.0,388.0,0.23195876288659795,ACTIVE_COHORT_MEMBER
C000307,2026-01-08,2026-04-05,2.0,6575.59,3287.795,2026-01,261.0,1.0,87.0,0.6896551724137931,ACTIVE_COHORT_MEMBER
C000308,2025-10-04,2026-04-28,2.0,2985.69,1492.845,2025-10,238.0,1.0,206.0,0.29126213592233013,ACTIVE_COHORT_MEMBER
C000309,2026-09-19,2026-09-19,1.0,4768.37,4768.37,2026-09,94.0,0.0,0.0,1.0,ACTIVE_COHORT_MEMBER
C000310,2026-01-11,2026-08-21,2.0,5290.92,2645.46,2026-01,123.0,1.0,222.0,0.27027027027027023,ACTIVE_COHORT_MEMBER
C000311,2025-12-11,2026-08-18,2.0,4706.88,2353.44,2025-12,126.0,1.0,250.0,0.24,ACTIVE_COHORT_MEMBER
C000312,2026-04-04,2026-04-04,1.0,2588.5,2588.5,2026-04,262.0,0.0,0.0,1.0,ACTIVE_COHORT_MEMBER
C000313,2025-10-30,2026-05-06,2.0,1793.15,896.575,2025-10,230.0,1.0,188.0,0.3191489361702128,ACTIVE_COHORT_MEMBER
C000314,2025-11-19,2026-08-21,2.0,8593.41,4296.705,2025-11,123.0,1.0,275.0,0.2181818181818182,ACTIVE_COHORT_MEMBER
C000315,2025-11-07,2026-01-28,2.0,6882.5599999999995,3441.2799999999997,2025-11,328.0,1.0,82.0,0.7317073170731707,ACTIVE_COHORT_MEMBER
C000316,,,,,,,,,,,NO_BOOKING
C000317,2026-04-24,2026-04-24,1.0,3745.49,3745.49,2026-04,242.0,0.0,0.0,1.0,ACTIVE_COHORT_MEMBER
C000318,2026-05-25,2026-08-17,2.0,3735.7200000000003,1867.8600000000001,2026-05,127.0,1.0,84.0,0.7142857142857143,ACTIVE_COHORT_MEMBER
C000319,,,,,,,,,,,NO_BOOKING
C000320,2026-05-09,2026-05-09,1.0,3021.37,3021.37,2026-05,227.0,0.0,0.0,1.0,ACTIVE_COHORT_MEMBER
C000321,2025-09-09,2026-06-29,3.0,10461.17,3487.056666666667,2025-09,176.0,1.0,293.0,0.3071672354948805,ACTIVE_COHORT_MEMBER
C000322,,,,,,,,,,,NO_BOOKING
C000323,2026-05-08,2026-05-08,1.0,4402.45,4402.45,2026-05,228.0,0.0,0.0,1.0,ACTIVE_COHORT_MEMBER
C000324,,,,,,,,,,,NO_BOOKING
C000325,2026-05-16,2026-10-07,2.0,6258.99,3129.495,2026-05,76.0,1.0,144.0,0.4166666666666667,ACTIVE_COHORT_MEMBER
C000326,2026-05-15,2026-05-15,1.0,573.83,573.83,2026-05,221.0,0.0,0.0,1.0,ACTIVE_COHORT_MEMBER
C000327,2026-04-12,2026-04-12,1.0,3820.25,3820.25,2026-04,254.0,0.0,0.0,1.0,ACTIVE_COHORT_MEMBER
C000328,2026-05-14,2026-06-10,2.0,4534.17,2267.085,2026-05,195.0,1.0,27.0,2.0,ACTIVE_COHORT_MEMBER
C000329,2025-09-06,2026-08-30,2.0,6558.37,3279.185,2025-09,114.0,1.0,358.0,0.16759776536312848,ACTIVE_COHORT_MEMBER
C000330,2025-11-03,2026-01-15,2.0,6713.0599999999995,3356.5299999999997,2025-11,341.0,1.0,73.0,0.8219178082191781,ACTIVE_COHORT_MEMBER
C000331,,,,,,,,,,,NO_BOOKING
C000332,2026-02-17,2026-07-21,2.0,5581.88,2790.94,2026-02,154.0,1.0,154.0,0.3896103896103896,ACTIVE_COHORT_MEMBER
C000333,2026-07-27,2026-07-27,1.0,1423.38,1423.38,2026-07,148.0,0.0,0.0,1.0,ACTIVE_COHORT_MEMBER
C000334,,,,,,,,,,,NO_BOOKING
C000335,2026-03-13,2026-03-13,1.0,2776.53,2776.53,2026-03,284.0,0.0,0.0,1.0,ACTIVE_COHORT_MEMBER
C000336,2025-12-22,2025-12-22,1.0,1588.16,1588.16,2025-12,365.0,0.0,0.0,1.0,ACTIVE_COHORT_MEMBER
C000337,2026-05-31,2026-05-31,1.0,2164.43,2164.43,2026-05,205.0,0.0,0.0,1.0,ACTIVE_COHORT_MEMBER
C000338,2026-07-07,2026-09-27,2.0,6156.16,3078.08,2026-07,86.0,1.0,82.0,0.7317073170731707,ACTIVE_COHORT_MEMBER
C000339,2026-05-28,2026-05-28,1.0,912.0,912.0,2026-05,208.0,0.0,0.0,1.0,ACTIVE_COHORT_MEMBER
C000340,2026-01-21,2026-01-21,1.0,1909.76,1909.76,2026-01,335.0,0.0,0.0,1.0,ACTIVE_COHORT_MEMBER
C000341,2026-01-22,2026-05-29,5.0,17146.11,3429.222,2026-01,207.0,1.0,127.0,1.1811023622047243,ACTIVE_COHORT_MEMBER
C000342,2026-01-03,2026-09-19,4.0,15194.939999999999,3798.7349999999997,2026-01,94.0,1.0,259.0,0.46332046332046334,ACTIVE_COHORT_MEMBER
C000343,2026-01-13,2026-07-24,3.0,11053.49,3684.4966666666664,2026-01,151.0,1.0,192.0,0.46875,ACTIVE_COHORT_MEMBER
C000344,2025-12-02,2026-08-23,3.0,8377.79,2792.596666666667,2025-12,121.0,1.0,264.0,0.3409090909090909,ACTIVE_COHORT_MEMBER
C000345,2026-04-24,2026-10-23,2.0,6165.3099999999995,3082.6549999999997,2026-04,60.0,1.0,182.0,0.32967032967032966,ACTIVE_COHORT_MEMBER
C000346,2026-03-14,2026-03-14,1.0,4551.85,4551.85,2026-03,283.0,0.0,0.0,1.0,ACTIVE_COHORT_MEMBER
C000347,,,,,,,,,,,NO_BOOKING
C000348,2026-02-26,2026-02-26,1.0,4454.92,4454.92,2026-02,299.0,0.0,0.0,1.0,ACTIVE_COHORT_MEMBER
C000349,2026-08-22,2026-10-24,2.0,3032.8599999999997,1516.4299999999998,2026-08,59.0,1.0,63.0,0.9523809523809523,ACTIVE_COHORT_MEMBER
C000350,,,,,,,,,,,NO_BOOKING
C000351,2026-01-03,2026-01-03,1.0,1925.17,1925.17,2026-01,353.0,0.0,0.0,1.0,ACTIVE_COHORT_MEMBER
C000352,2026-04-25,2026-04-25,1.0,1450.92,1450.92,2026-04,241.0,0.0,0.0,1.0,ACTIVE_COHORT_MEMBER
C000353,2026-05-10,2026-05-10,1.0,2851.32,2851.32,2026-05,226.0,0.0,0.0,1.0,ACTIVE_COHORT_MEMBER
C000354,,,,,,,,,,,NO_BOOKING
C000355,2026-03-24,2026-03-24,1.0,1152.23,1152.23,2026-03,273.0,0.0,0.0,1.0,ACTIVE_COHORT_MEMBER
C000356,2026-01-13,2026-11-07,3.0,11301.66,3767.22,2026-01,45.0,1.0,298.0,0.30201342281879195,ACTIVE_COHORT_MEMBER
C000357,2025-11-15,2026-11-30,2.0,5317.96,2658.98,2025-11,22.0,1.0,380.0,0.15789473684210528,ACTIVE_COHORT_MEMBER
C000358,2025-12-13,2026-05-24,2.0,3604.12,1802.06,2025-12,212.0,1.0,162.0,0.37037037037037035,ACTIVE_COHORT_MEMBER
C000359,2026-08-20,2026-08-20,1.0,952.39,952.39,2026-08,124.0,0.0,0.0,1.0,ACTIVE_COHORT_MEMBER
C000360,2026-08-12,2026-09-11,3.0,5676.95,1892.3166666666666,2026-08,102.0,1.0,30.0,3.0,ACTIVE_COHORT_MEMBER
C000361,,,,,,,,,,,NO_BOOKING
C000362,2026-08-03,2026-08-31,2.0,5454.87,2727.435,2026-08,113.0,1.0,28.0,2.0,ACTIVE_COHORT_MEMBER
C000363,2025-10-28,2026-03-24,2.0,5439.88,2719.94,2025-10,273.0,1.0,147.0,0.4081632653061224,ACTIVE_COHORT_MEMBER
C000364,2025-08-22,2026-05-13,2.0,5632.02,2816.01,2025-08,223.0,1.0,264.0,0.22727272727272727,ACTIVE_COHORT_MEMBER
C000365,2025-12-10,2026-06-05,4.0,13247.21,3311.8025,2025-12,200.0,1.0,177.0,0.6779661016949152,ACTIVE_COHORT_MEMBER
C000366,2025-10-23,2026-03-17,3.0,7687.76,2562.5866666666666,2025-10,280.0,1.0,145.0,0.6206896551724138,ACTIVE_COHORT_MEMBER
C000367,2026-07-07,2026-10-28,2.0,7798.26,3899.13,2026-07,55.0,1.0,113.0,0.5309734513274337,ACTIVE_COHORT_MEMBER
C000368,,,,,,,,,,,NO_BOOKING
C000369,2026-04-15,2026-07-26,3.0,5619.72,1873.24,2026-04,149.0,1.0,102.0,0.8823529411764706,ACTIVE_COHORT_MEMBER
C000370,2026-05-28,2026-09-06,2.0,4646.1,2323.05,2026-05,107.0,1.0,101.0,0.594059405940594,ACTIVE_COHORT_MEMBER
C000371,2026-03-26,2026-04-01,2.0,2735.08,1367.54,2026-03,265.0,1.0,6.0,2.0,ACTIVE_COHORT_MEMBER
C000372,2026-01-07,2026-04-03,3.0,8760.06,2920.02,2026-01,263.0,1.0,86.0,1.0465116279069768,ACTIVE_COHORT_MEMBER
C000373,2026-11-21,2026-11-25,2.0,4157.12,2078.56,2026-11,27.0,1.0,4.0,2.0,ACTIVE_COHORT_MEMBER
C000374,,,,,,,,,,,NO_BOOKING
C000375,2025-11-25,2026-09-16,4.0,13663.070000000002,3415.7675000000004,2025-11,97.0,1.0,295.0,0.4067796610169491,ACTIVE_COHORT_MEMBER
C000376,2026-04-11,2026-10-24,3.0,6434.17,2144.7233333333334,2026-04,59.0,1.0,196.0,0.45918367346938777,ACTIVE_COHORT_MEMBER
C000377,,,,,,,,,,,NO_BOOKING
C000378,2026-02-27,2026-05-27,2.0,3370.03,1685.015,2026-02,209.0,1.0,89.0,0.6741573033707865,ACTIVE_COHORT_MEMBER
C000379,2025-12-02,2026-09-18,2.0,5736.51,2868.255,2025-12,95.0,1.0,290.0,0.20689655172413796,ACTIVE_COHORT_MEMBER
C000380,2025-11-16,2025-11-16,1.0,4571.27,4571.27,2025-11,401.0,0.0,0.0,1.0,ACTIVE_COHORT_MEMBER
C000381,2026-01-04,2026-01-04,1.0,2204.62,2204.62,2026-01,352.0,0.0,0.0,1.0,ACTIVE_COHORT_MEMBER
C000382,,,,,,,,,,,NO_BOOKING
C000383,2026-01-20,2026-02-01,2.0,5573.75,2786.875,2026-01,324.0,1.0,12.0,2.0,ACTIVE_COHORT_MEMBER
C000384,2025-11-14,2026-09-02,3.0,12128.68,4042.8933333333334,2025-11,111.0,1.0,292.0,0.3082191780821918,ACTIVE_COHORT_MEMBER
C000385,2026-12-12,2026-12-12,1.0,2329.55,2329.55,2026-12,10.0,0.0,0.0,1.0,ACTIVE_COHORT_MEMBER
C000386,2026-08-07,2026-08-07,1.0,1414.88,1414.88,2026-08,137.0,0.0,0.0,1.0,ACTIVE_COHORT_MEMBER
C000387,2025-12-16,2026-08-25,3.0,7020.540000000001,2340.1800000000003,2025-12,119.0,1.0,252.0,0.35714285714285715,ACTIVE_COHORT_MEMBER
C000388,2026-07-02,2026-07-02,1.0,1729.93,1729.93,2026-07,173.0,0.0,0.0,1.0,ACTIVE_COHORT_MEMBER
C000389,2026-07-12,2026-07-12,1.0,4457.36,4457.36,2026-07,163.0,0.0,0.0,1.0,ACTIVE_COHORT_MEMBER
C000390,2026-06-02,2026-06-02,1.0,3140.22,3140.22,2026-06,203.0,0.0,0.0,1.0,ACTIVE_COHORT_MEMBER
C000391,2025-12-02,2026-03-30,2.0,1321.0300000000002,660.5150000000001,2025-12,267.0,1.0,118.0,0.5084745762711864,ACTIVE_COHORT_MEMBER
C000392,2025-09-22,2026-03-29,2.0,7068.66,3534.33,2025-09,268.0,1.0,188.0,0.3191489361702128,ACTIVE_COHORT_MEMBER
C000393,2025-09-30,2026-10-13,4.0,13335.349999999999,3333.8374999999996,2025-09,70.0,1.0,378.0,0.31746031746031744,ACTIVE_COHORT_MEMBER
C000394,2026-01-09,2026-01-09,1.0,1584.37,1584.37,2026-01,347.0,0.0,0.0,1.0,ACTIVE_COHORT_MEMBER
C000395,2026-08-17,2026-08-17,1.0,3407.32,3407.32,2026-08,127.0,0.0,0.0,1.0,ACTIVE_COHORT_MEMBER
C000396,2025-12-16,2026-06-30,3.0,7340.66,2446.8866666666668,2025-12,175.0,1.0,196.0,0.45918367346938777,ACTIVE_COHORT_MEMBER
C000397,2026-01-01,2026-01-01,1.0,3271.44,3271.44,2026-01,355.0,0.0,0.0,1.0,ACTIVE_COHORT_MEMBER
C000398,2025-12-16,2025-12-16,1.0,1333.07,1333.07,2025-12,371.0,0.0,0.0,1.0,ACTIVE_COHORT_MEMBER
C000399,2026-01-13,2026-01-13,1.0,1337.41,1337.41,2026-01,343.0,0.0,0.0,1.0,ACTIVE_COHORT_MEMBER
C000400,2026-03-04,2026-03-04,1.0,2777.64,2777.64,2026-03,293.0,0.0,0.0,1.0,ACTIVE_COHORT_MEMBER
C000401,2025-12-09,2026-10-28,2.0,4282.93,2141.465,2025-12,55.0,1.0,323.0,0.18575851393188852,ACTIVE_COHORT_MEMBER
C000402,2026-03-22,2026-03-22,1.0,2039.27,2039.27,2026-03,275.0,0.0,0.0,1.0,ACTIVE_COHORT_MEMBER
C000403,2026-02-01,2026-02-01,1.0,2509.62,2509.62,2026-02,324.0,0.0,0.0,1.0,ACTIVE_COHORT_MEMBER
C000404,2026-04-10,2026-05-03,2.0,3735.3,1867.65,2026-04,233.0,1.0,23.0,2.0,ACTIVE_COHORT_MEMBER
C000405,2025-10-15,2026-06-10,3.0,9850.53,3283.51,2025-10,195.0,1.0,238.0,0.37815126050420167,ACTIVE_COHORT_MEMBER
C000406,2026-02-24,2026-05-16,3.0,4103.1900000000005,1367.7300000000002,2026-02,220.0,1.0,81.0,1.111111111111111,ACTIVE_COHORT_MEMBER
C000407,2025-10-19,2026-06-24,4.0,10342.36,2585.59,2025-10,181.0,1.0,248.0,0.48387096774193544,ACTIVE_COHORT_MEMBER
C000408,2026-05-28,2026-05-28,1.0,4917.59,4917.59,2026-05,208.0,0.0,0.0,1.0,ACTIVE_COHORT_MEMBER
C000409,,,,,,,,,,,NO_BOOKING
C000410,2025-11-09,2025-11-09,1.0,2445.52,2445.52,2025-11,408.0,0.0,0.0,1.0,ACTIVE_COHORT_MEMBER
C000411,,,,,,,,,,,NO_BOOKING
C000412,,,,,,,,,,,NO_BOOKING
C000413,2026-06-11,2026-06-11,1.0,4843.19,4843.19,2026-06,194.0,0.0,0.0,1.0,ACTIVE_COHORT_MEMBER
C000414,2025-12-16,2026-05-29,2.0,8893.3,4446.65,2025-12,207.0,1.0,164.0,0.36585365853658536,ACTIVE_COHORT_MEMBER
C000415,,,,,,,,,,,NO_BOOKING
C000416,,,,,,,,,,,NO_BOOKING
C000417,,,,,,,,,,,NO_BOOKING
C000418,2025-12-15,2026-07-18,3.0,4816.36,1605.4533333333331,2025-12,157.0,1.0,215.0,0.41860465116279066,ACTIVE_COHORT_MEMBER
C000419,2026-04-20,2026-04-20,1.0,3437.86,3437.86,2026-04,246.0,0.0,0.0,1.0,ACTIVE_COHORT_MEMBER
C000420,2025-10-06,2026-09-21,4.0,11211.24,2802.81,2025-10,92.0,1.0,350.0,0.34285714285714286,ACTIVE_COHORT_MEMBER
C000421,,,,,,,,,,,NO_BOOKING
C000422,2025-11-18,2026-12-15,3.0,6375.1900000000005,2125.0633333333335,2025-11,7.0,1.0,392.0,0.22959183673469388,ACTIVE_COHORT_MEMBER
C000423,2025-09-20,2025-09-20,1.0,2534.06,2534.06,2025-09,458.0,0.0,0.0,1.0,ACTIVE_COHORT_MEMBER
C000424,2025-09-22,2025-12-31,2.0,6574.11,3287.055,2025-09,356.0,1.0,100.0,0.6,ACTIVE_COHORT_MEMBER
C000425,2025-10-14,2026-09-25,2.0,4532.54,2266.27,2025-10,88.0,1.0,346.0,0.17341040462427745,ACTIVE_COHORT_MEMBER
C000426,2026-08-10,2026-08-10,1.0,4176.24,4176.24,2026-08,134.0,0.0,0.0,1.0,ACTIVE_COHORT_MEMBER
C000427,,,,,,,,,,,NO_BOOKING
C000428,2026-01-25,2026-01-25,1.0,4799.58,4799.58,2026-01,331.0,0.0,0.0,1.0,ACTIVE_COHORT_MEMBER
C000429,,,,,,,,,,,NO_BOOKING
C000430,,,,,,,,,,,NO_BOOKING
C000431,2025-10-18,2025-10-18,1.0,2138.05,2138.05,2025-10,430.0,0.0,0.0,1.0,ACTIVE_COHORT_MEMBER
C000432,2026-07-16,2026-09-01,2.0,4853.27,2426.635,2026-07,112.0,1.0,47.0,1.2765957446808511,ACTIVE_COHORT_MEMBER
C000433,2025-12-04,2026-02-26,2.0,7012.09,3506.045,2025-12,299.0,1.0,84.0,0.7142857142857143,ACTIVE_COHORT_MEMBER
C000434,2025-09-15,2025-09-15,1.0,3751.19,3751.19,2025-09,463.0,0.0,0.0,1.0,ACTIVE_COHORT_MEMBER
C000435,,,,,,,,,,,NO_BOOKING
C000436,2026-04-04,2026-04-04,1.0,903.0,903.0,2026-04,262.0,0.0,0.0,1.0,ACTIVE_COHORT_MEMBER
C000437,2026-02-15,2026-02-15,1.0,3944.32,3944.32,2026-02,310.0,0.0,0.0,1.0,ACTIVE_COHORT_MEMBER
C000438,2026-06-12,2026-06-30,2.0,9052.97,4526.485,2026-06,175.0,1.0,18.0,2.0,ACTIVE_COHORT_MEMBER
C000439,,,,,,,,,,,NO_BOOKING
C000440,,,,,,,,,,,NO_BOOKING
C000441,2026-04-07,2026-04-07,1.0,1488.86,1488.86,2026-04,259.0,0.0,0.0,1.0,ACTIVE_COHORT_MEMBER
C000442,2026-03-28,2026-06-23,4.0,11429.89,2857.4725,2026-03,182.0,1.0,87.0,1.3793103448275863,ACTIVE_COHORT_MEMBER
C000443,2025-10-31,2026-09-05,2.0,6987.1,3493.55,2025-10,108.0,1.0,309.0,0.1941747572815534,ACTIVE_COHORT_MEMBER
C000444,2026-08-12,2026-08-12,1.0,1371.82,1371.82,2026-08,132.0,0.0,0.0,1.0,ACTIVE_COHORT_MEMBER
C000445,2025-12-27,2026-06-26,3.0,8405.14,2801.713333333333,2025-12,179.0,1.0,181.0,0.4972375690607735,ACTIVE_COHORT_MEMBER
C000446,2026-02-26,2026-02-26,1.0,4882.57,4882.57,2026-02,299.0,0.0,0.0,1.0,ACTIVE_COHORT_MEMBER
C000447,2026-05-10,2026-08-16,3.0,5086.71,1695.57,2026-05,128.0,1.0,98.0,0.9183673469387755,ACTIVE_COHORT_MEMBER
C000448,,,,,,,,,,,NO_BOOKING
C000449,2026-09-25,2026-10-13,2.0,7794.04,3897.02,2026-09,70.0,1.0,18.0,2.0,ACTIVE_COHORT_MEMBER
C000450,,,,,,,,,,,NO_BOOKING
C000451,,,,,,,,,,,NO_BOOKING
C000452,2026-07-04,2026-07-08,2.0,2295.21,1147.605,2026-07,167.0,1.0,4.0,2.0,ACTIVE_COHORT_MEMBER
C000453,2026-02-15,2026-04-03,2.0,6753.49,3376.745,2026-02,263.0,1.0,47.0,1.2765957446808511,ACTIVE_COHORT_MEMBER
C000454,2026-04-22,2026-04-22,1.0,3663.57,3663.57,2026-04,244.0,0.0,0.0,1.0,ACTIVE_COHORT_MEMBER
C000455,2025-12-26,2026-02-05,3.0,6845.410000000001,2281.8033333333337,2025-12,320.0,1.0,41.0,2.1951219512195124,ACTIVE_COHORT_MEMBER
C000456,2026-02-17,2026-02-17,1.0,4804.64,4804.64,2026-02,308.0,0.0,0.0,1.0,ACTIVE_COHORT_MEMBER
C000457,2026-07-03,2026-08-17,2.0,8972.51,4486.255,2026-07,127.0,1.0,45.0,1.3333333333333333,ACTIVE_COHORT_MEMBER
C000458,,,,,,,,,,,NO_BOOKING
C000459,2026-03-04,2026-03-04,1.0,1870.65,1870.65,2026-03,293.0,0.0,0.0,1.0,ACTIVE_COHORT_MEMBER
C000460,2026-01-14,2026-01-14,1.0,2240.52,2240.52,2026-01,342.0,0.0,0.0,1.0,ACTIVE_COHORT_MEMBER
C000461,2026-04-03,2026-04-21,3.0,8373.21,2791.0699999999997,2026-04,245.0,1.0,18.0,3.0,ACTIVE_COHORT_MEMBER
C000462,,,,,,,,,,,NO_BOOKING
C000463,2026-03-20,2026-03-20,1.0,4549.11,4549.11,2026-03,277.0,0.0,0.0,1.0,ACTIVE_COHORT_MEMBER
C000464,2026-10-30,2026-10-30,1.0,1040.31,1040.31,2026-10,53.0,0.0,0.0,1.0,ACTIVE_COHORT_MEMBER
C000465,2025-11-27,2026-04-02,3.0,10432.0,3477.3333333333335,2025-11,264.0,1.0,126.0,0.7142857142857143,ACTIVE_COHORT_MEMBER
C000466,,,,,,,,,,,NO_BOOKING
C000467,2026-02-25,2026-02-25,1.0,542.95,542.95,2026-02,300.0,0.0,0.0,1.0,ACTIVE_COHORT_MEMBER
C000468,2026-08-19,2026-08-19,1.0,2816.35,2816.35,2026-08,125.0,0.0,0.0,1.0,ACTIVE_COHORT_MEMBER
C000469,,,,,,,,,,,NO_BOOKING
C000470,,,,,,,,,,,NO_BOOKING
C000471,2025-11-13,2026-10-03,4.0,13365.91,3341.4775,2025-11,80.0,1.0,324.0,0.37037037037037035,ACTIVE_COHORT_MEMBER
C000472,2026-05-23,2026-05-23,1.0,972.8,972.8,2026-05,213.0,0.0,0.0,1.0,ACTIVE_COHORT_MEMBER
C000473,,,,,,,,,,,NO_BOOKING
C000474,,,,,,,,,,,NO_BOOKING
C000475,2025-12-08,2026-07-10,2.0,1752.4099999999999,876.2049999999999,2025-12,165.0,1.0,214.0,0.2803738317757009,ACTIVE_COHORT_MEMBER
C000476,2026-01-31,2026-10-30,3.0,6315.49,2105.1633333333334,2026-01,53.0,1.0,272.0,0.33088235294117646,ACTIVE_COHORT_MEMBER
C000477,,,,,,,,,,,NO_BOOKING
C000478,2025-09-29,2025-12-21,2.0,4601.74,2300.87,2025-09,366.0,1.0,83.0,0.7228915662650602,ACTIVE_COHORT_MEMBER
C000479,2026-05-02,2026-05-02,1.0,4035.97,4035.97,2026-05,234.0,0.0,0.0,1.0,ACTIVE_COHORT_MEMBER
C000480,2025-10-11,2026-05-05,2.0,4908.62,2454.31,2025-10,231.0,1.0,206.0,0.29126213592233013,ACTIVE_COHORT_MEMBER
C000481,,,,,,,,,,,NO_BOOKING
C000482,2026-11-17,2026-11-17,1.0,2194.34,2194.34,2026-11,35.0,0.0,0.0,1.0,ACTIVE_COHORT_MEMBER
C000483,2026-09-29,2026-09-29,1.0,3977.4,3977.4,2026-09,84.0,0.0,0.0,1.0,ACTIVE_COHORT_MEMBER
C000484,,,,,,,,,,,NO_BOOKING
C000485,2025-12-22,2026-04-23,2.0,7142.530000000001,3571.2650000000003,2025-12,243.0,1.0,122.0,0.49180327868852464,ACTIVE_COHORT_MEMBER
C000486,2026-03-06,2026-03-06,1.0,2033.96,2033.96,2026-03,291.0,0.0,0.0,1.0,ACTIVE_COHORT_MEMBER
C000487,,,,,,,,,,,NO_BOOKING
C000488,,,,,,,,,,,NO_BOOKING
C000489,2026-04-01,2026-09-21,4.0,11139.42,2784.855,2026-04,92.0,1.0,173.0,0.6936416184971098,ACTIVE_COHORT_MEMBER
C000490,2026-03-10,2026-10-29,3.0,10124.76,3374.92,2026-03,54.0,1.0,233.0,0.38626609442060084,ACTIVE_COHORT_MEMBER
C000491,2025-11-28,2026-07-31,3.0,12755.46,4251.82,2025-11,144.0,1.0,245.0,0.3673469387755102,ACTIVE_COHORT_MEMBER
C000492,2026-09-29,2026-09-29,1.0,508.72,508.72,2026-09,84.0,0.0,0.0,1.0,ACTIVE_COHORT_MEMBER
C000493,2025-12-22,2026-09-02,5.0,20032.120000000003,4006.4240000000004,2025-12,111.0,1.0,254.0,0.5905511811023622,ACTIVE_COHORT_MEMBER
C000494,2026-10-22,2026-10-22,1.0,676.68,676.68,2026-10,61.0,0.0,0.0,1.0,ACTIVE_COHORT_MEMBER
C000495,2026-05-30,2026-05-30,1.0,1601.35,1601.35,2026-05,206.0,0.0,0.0,1.0,ACTIVE_COHORT_MEMBER
C000496,2026-06-13,2026-10-01,2.0,4429.35,2214.675,2026-06,82.0,1.0,110.0,0.5454545454545455,ACTIVE_COHORT_MEMBER
C000497,,,,,,,,,,,NO_BOOKING
C000498,2026-06-12,2026-06-12,1.0,1343.75,1343.75,2026-06,193.0,0.0,0.0,1.0,ACTIVE_COHORT_MEMBER
C000499,2025-07-31,2026-05-08,3.0,7194.33,2398.11,2025-07,228.0,1.0,281.0,0.32028469750889677,ACTIVE_COHORT_MEMBER
C000500,2025-10-12,2026-02-16,2.0,5988.34,2994.17,2025-10,309.0,1.0,127.0,0.47244094488188976,ACTIVE_COHORT_MEMBER
C000501,,,,,,,,,,,NO_BOOKING
C000502,2025-12-04,2026-01-12,2.0,9403.380000000001,4701.6900000000005,2025-12,344.0,1.0,39.0,1.5384615384615383,ACTIVE_COHORT_MEMBER
C000503,2026-03-14,2026-03-14,1.0,4170.62,4170.62,2026-03,283.0,0.0,0.0,1.0,ACTIVE_COHORT_MEMBER
C000504,2026-01-10,2026-01-10,1.0,3243.39,3243.39,2026-01,346.0,0.0,0.0,1.0,ACTIVE_COHORT_MEMBER
C000505,2025-12-23,2026-10-06,2.0,7005.209999999999,3502.6049999999996,2025-12,77.0,1.0,287.0,0.20905923344947736,ACTIVE_COHORT_MEMBER
C000506,2026-05-15,2026-07-25,2.0,6284.91,3142.455,2026-05,150.0,1.0,71.0,0.8450704225352113,ACTIVE_COHORT_MEMBER
C000507,2025-12-23,2025-12-23,1.0,4053.04,4053.04,2025-12,364.0,0.0,0.0,1.0,ACTIVE_COHORT_MEMBER
C000508,2025-11-12,2025-12-09,2.0,5840.450000000001,2920.2250000000004,2025-11,378.0,1.0,27.0,2.0,ACTIVE_COHORT_MEMBER
C000509,2025-11-19,2026-04-10,2.0,8605.02,4302.51,2025-11,256.0,1.0,142.0,0.4225352112676056,ACTIVE_COHORT_MEMBER
C000510,2026-11-03,2026-11-03,1.0,3839.8,3839.8,2026-11,49.0,0.0,0.0,1.0,ACTIVE_COHORT_MEMBER
C000511,2026-03-29,2026-06-21,2.0,6523.91,3261.955,2026-03,184.0,1.0,84.0,0.7142857142857143,ACTIVE_COHORT_MEMBER
C000512,,,,,,,,,,,NO_BOOKING
C000513,2026-01-28,2026-06-12,2.0,7883.09,3941.545,2026-01,193.0,1.0,135.0,0.4444444444444444,ACTIVE_COHORT_MEMBER
C000514,2026-06-14,2026-06-14,1.0,771.94,771.94,2026-06,191.0,0.0,0.0,1.0,ACTIVE_COHORT_MEMBER
C000515,2026-06-02,2026-11-25,4.0,13420.61,3355.1525,2026-06,27.0,1.0,176.0,0.6818181818181819,ACTIVE_COHORT_MEMBER
C000516,2026-08-10,2026-08-31,3.0,8481.51,2827.17,2026-08,113.0,1.0,21.0,3.0,ACTIVE_COHORT_MEMBER
C000517,2025-12-25,2026-06-29,2.0,6838.8,3419.4,2025-12,176.0,1.0,186.0,0.3225806451612903,ACTIVE_COHORT_MEMBER
C000518,2026-02-06,2026-02-06,1.0,628.12,628.12,2026-02,319.0,0.0,0.0,1.0,ACTIVE_COHORT_MEMBER
C000519,,,,,,,,,,,NO_BOOKING
C000520,2025-11-06,2026-08-16,3.0,7399.3,2466.4333333333334,2025-11,128.0,1.0,283.0,0.31802120141342755,ACTIVE_COHORT_MEMBER
C000521,2025-11-26,2026-11-02,3.0,6842.700000000001,2280.9,2025-11,50.0,1.0,341.0,0.26392961876832843,ACTIVE_COHORT_MEMBER
C000522,2026-01-14,2026-06-25,2.0,5829.99,2914.995,2026-01,180.0,1.0,162.0,0.37037037037037035,ACTIVE_COHORT_MEMBER
C000523,2026-03-06,2026-06-29,3.0,4860.360000000001,1620.1200000000001,2026-03,176.0,1.0,115.0,0.7826086956521738,ACTIVE_COHORT_MEMBER
C000524,2025-11-21,2026-09-05,2.0,5964.63,2982.315,2025-11,108.0,1.0,288.0,0.20833333333333334,ACTIVE_COHORT_MEMBER
C000525,2026-03-15,2026-05-08,2.0,4365.89,2182.945,2026-03,228.0,1.0,54.0,1.1111111111111112,ACTIVE_COHORT_MEMBER
C000526,2026-02-22,2026-06-28,2.0,3911.2400000000002,1955.6200000000001,2026-02,177.0,1.0,126.0,0.47619047619047616,ACTIVE_COHORT_MEMBER
C000527,2025-10-23,2026-05-05,3.0,9253.73,3084.5766666666664,2025-10,231.0,1.0,194.0,0.4639175257731959,ACTIVE_COHORT_MEMBER
C000528,2025-12-25,2026-04-26,2.0,3828.53,1914.265,2025-12,240.0,1.0,122.0,0.49180327868852464,ACTIVE_COHORT_MEMBER
C000529,2026-04-05,2026-04-05,1.0,3309.69,3309.69,2026-04,261.0,0.0,0.0,1.0,ACTIVE_COHORT_MEMBER
C000530,2026-03-17,2026-10-28,3.0,7726.1,2575.366666666667,2026-03,55.0,1.0,225.0,0.4,ACTIVE_COHORT_MEMBER
C000531,,,,,,,,,,,NO_BOOKING
C000532,2026-01-06,2026-01-06,1.0,4008.16,4008.16,2026-01,350.0,0.0,0.0,1.0,ACTIVE_COHORT_MEMBER
C000533,,,,,,,,,,,NO_BOOKING
C000534,,,,,,,,,,,NO_BOOKING
C000535,2026-01-07,2026-05-28,2.0,2482.71,1241.355,2026-01,208.0,1.0,141.0,0.425531914893617,ACTIVE_COHORT_MEMBER
C000536,,,,,,,,,,,NO_BOOKING
C000537,2026-01-08,2026-05-12,3.0,9345.369999999999,3115.123333333333,2026-01,224.0,1.0,124.0,0.7258064516129031,ACTIVE_COHORT_MEMBER
C000538,2026-03-11,2026-03-11,1.0,2337.13,2337.13,2026-03,286.0,0.0,0.0,1.0,ACTIVE_COHORT_MEMBER
C000539,,,,,,,,,,,NO_BOOKING
C000540,2025-11-08,2026-06-12,2.0,6067.8,3033.9,2025-11,193.0,1.0,216.0,0.2777777777777778,ACTIVE_COHORT_MEMBER
C000541,2026-04-25,2026-04-25,1.0,1296.74,1296.74,2026-04,241.0,0.0,0.0,1.0,ACTIVE_COHORT_MEMBER
C000542,2025-12-02,2026-08-27,4.0,11679.08,2919.77,2025-12,117.0,1.0,268.0,0.44776119402985076,ACTIVE_COHORT_MEMBER
C000543,2026-03-30,2026-03-30,1.0,727.43,727.43,2026-03,267.0,0.0,0.0,1.0,ACTIVE_COHORT_MEMBER
C000544,,,,,,,,,,,NO_BOOKING
C000545,2026-03-02,2026-03-02,1.0,805.48,805.48,2026-03,295.0,0.0,0.0,1.0,ACTIVE_COHORT_MEMBER
C000546,2026-02-18,2026-11-13,7.0,21160.190000000002,3022.884285714286,2026-02,39.0,1.0,268.0,0.7835820895522387,ACTIVE_COHORT_MEMBER
C000547,2026-05-03,2026-07-14,3.0,9038.04,3012.6800000000003,2026-05,161.0,1.0,72.0,1.25,ACTIVE_COHORT_MEMBER
C000548,2026-11-15,2026-11-15,1.0,2228.06,2228.06,2026-11,37.0,0.0,0.0,1.0,ACTIVE_COHORT_MEMBER
C000549,2025-09-11,2026-03-27,2.0,4024.54,2012.27,2025-09,270.0,1.0,197.0,0.30456852791878175,ACTIVE_COHORT_MEMBER
C000550,,,,,,,,,,,NO_BOOKING
C000551,2026-07-26,2026-07-26,1.0,2106.05,2106.05,2026-07,149.0,0.0,0.0,1.0,ACTIVE_COHORT_MEMBER
C000552,2026-01-05,2026-01-05,1.0,1950.44,1950.44,2026-01,351.0,0.0,0.0,1.0,ACTIVE_COHORT_MEMBER
C000553,2025-12-25,2025-12-25,1.0,2881.57,2881.57,2025-12,362.0,0.0,0.0,1.0,ACTIVE_COHORT_MEMBER
C000554,2025-10-02,2025-10-02,1.0,1375.68,1375.68,2025-10,446.0,0.0,0.0,1.0,ACTIVE_COHORT_MEMBER
C000555,,,,,,,,,,,NO_BOOKING
C000556,2026-05-11,2026-08-10,3.0,9551.380000000001,3183.7933333333335,2026-05,134.0,1.0,91.0,0.989010989010989,ACTIVE_COHORT_MEMBER
C000557,2026-05-03,2026-08-01,3.0,5128.58,1709.5266666666666,2026-05,143.0,1.0,90.0,1.0,ACTIVE_COHORT_MEMBER
C000558,2026-06-14,2026-06-14,1.0,1172.13,1172.13,2026-06,191.0,0.0,0.0,1.0,ACTIVE_COHORT_MEMBER
C000559,2025-08-23,2025-08-23,1.0,3991.23,3991.23,2025-08,486.0,0.0,0.0,1.0,ACTIVE_COHORT_MEMBER
C000560,2025-10-09,2026-06-11,2.0,6527.68,3263.84,2025-10,194.0,1.0,245.0,0.2448979591836735,ACTIVE_COHORT_MEMBER
C000561,2025-12-15,2026-01-01,2.0,3702.33,1851.165,2025-12,355.0,1.0,17.0,2.0,ACTIVE_COHORT_MEMBER
C000562,2026-03-16,2026-03-16,1.0,4732.18,4732.18,2026-03,281.0,0.0,0.0,1.0,ACTIVE_COHORT_MEMBER
C000563,2025-09-23,2026-01-10,2.0,4052.4300000000003,2026.2150000000001,2025-09,346.0,1.0,109.0,0.5504587155963303,ACTIVE_COHORT_MEMBER
C000564,2025-09-21,2025-09-21,1.0,3820.18,3820.18,2025-09,457.0,0.0,0.0,1.0,ACTIVE_COHORT_MEMBER
C000565,2026-01-07,2026-11-10,2.0,3743.33,1871.665,2026-01,42.0,1.0,307.0,0.19543973941368079,ACTIVE_COHORT_MEMBER
C000566,,,,,,,,,,,NO_BOOKING
C000567,2025-10-30,2026-02-18,2.0,5251.349999999999,2625.6749999999997,2025-10,307.0,1.0,111.0,0.5405405405405405,ACTIVE_COHORT_MEMBER
C000568,,,,,,,,,,,NO_BOOKING
C000569,,,,,,,,,,,NO_BOOKING
C000570,2025-09-12,2026-02-05,2.0,3910.6800000000003,1955.3400000000001,2025-09,320.0,1.0,146.0,0.4109589041095891,ACTIVE_COHORT_MEMBER
C000571,2026-07-21,2026-07-21,1.0,4559.58,4559.58,2026-07,154.0,0.0,0.0,1.0,ACTIVE_COHORT_MEMBER
C000572,2026-03-29,2026-10-13,3.0,11712.74,3904.2466666666664,2026-03,70.0,1.0,198.0,0.4545454545454546,ACTIVE_COHORT_MEMBER
C000573,2025-09-15,2026-08-08,3.0,9191.8,3063.933333333333,2025-09,136.0,1.0,327.0,0.27522935779816515,ACTIVE_COHORT_MEMBER
C000574,,,,,,,,,,,NO_BOOKING
C000575,2025-10-22,2026-08-09,5.0,16159.5,3231.9,2025-10,135.0,1.0,291.0,0.5154639175257733,ACTIVE_COHORT_MEMBER
C000576,2025-12-10,2026-09-27,2.0,6878.81,3439.405,2025-12,86.0,1.0,291.0,0.2061855670103093,ACTIVE_COHORT_MEMBER
C000577,,,,,,,,,,,NO_BOOKING
C000578,,,,,,,,,,,NO_BOOKING
C000579,2026-01-13,2026-01-13,1.0,1645.17,1645.17,2026-01,343.0,0.0,0.0,1.0,ACTIVE_COHORT_MEMBER
C000580,2025-10-05,2025-10-05,1.0,4642.33,4642.33,2025-10,443.0,0.0,0.0,1.0,ACTIVE_COHORT_MEMBER
C000581,2025-10-28,2026-05-21,3.0,9662.210000000001,3220.736666666667,2025-10,215.0,1.0,205.0,0.43902439024390244,ACTIVE_COHORT_MEMBER
C000582,2025-11-30,2026-02-17,2.0,6062.26,3031.13,2025-11,308.0,1.0,79.0,0.759493670886076,ACTIVE_COHORT_MEMBER
C000583,,,,,,,,,,,NO_BOOKING
C000584,2026-07-29,2026-08-06,2.0,8184.959999999999,4092.4799999999996,2026-07,138.0,1.0,8.0,2.0,ACTIVE_COHORT_MEMBER
C000585,2026-04-07,2026-04-07,1.0,2919.16,2919.16,2026-04,259.0,0.0,0.0,1.0,ACTIVE_COHORT_MEMBER
C000586,2026-01-01,2026-11-12,2.0,6705.03,3352.515,2026-01,40.0,1.0,315.0,0.19047619047619047,ACTIVE_COHORT_MEMBER
C000587,,,,,,,,,,,NO_BOOKING
C000588,2026-06-06,2026-06-07,2.0,6001.0,3000.5,2026-06,198.0,1.0,1.0,2.0,ACTIVE_COHORT_MEMBER
C000589,2025-11-02,2026-01-23,2.0,6344.9400000000005,3172.4700000000003,2025-11,333.0,1.0,82.0,0.7317073170731707,ACTIVE_COHORT_MEMBER
C000590,2026-07-16,2026-07-16,1.0,2345.51,2345.51,2026-07,159.0,0.0,0.0,1.0,ACTIVE_COHORT_MEMBER
C000591,2026-09-21,2026-09-21,1.0,3397.85,3397.85,2026-09,92.0,0.0,0.0,1.0,ACTIVE_COHORT_MEMBER
C000592,2026-08-03,2026-08-03,1.0,1640.11,1640.11,2026-08,141.0,0.0,0.0,1.0,ACTIVE_COHORT_MEMBER
C000593,,,,,,,,,,,NO_BOOKING
C000594,2026-02-05,2026-07-19,4.0,10333.52,2583.38,2026-02,156.0,1.0,164.0,0.7317073170731707,ACTIVE_COHORT_MEMBER
C000595,,,,,,,,,,,NO_BOOKING
C000596,2026-03-17,2026-10-11,5.0,15186.31,3037.2619999999997,2026-03,72.0,1.0,208.0,0.7211538461538461,ACTIVE_COHORT_MEMBER
C000597,2026-03-23,2026-05-21,3.0,11793.23,3931.0766666666664,2026-03,215.0,1.0,59.0,1.5254237288135595,ACTIVE_COHORT_MEMBER
C000598,2025-12-25,2026-07-28,3.0,7882.860000000001,2627.6200000000003,2025-12,147.0,1.0,215.0,0.41860465116279066,ACTIVE_COHORT_MEMBER
C000599,2026-06-15,2026-06-15,1.0,3846.91,3846.91,2026-06,190.0,0.0,0.0,1.0,ACTIVE_COHORT_MEMBER
C000600,2026-07-27,2026-07-27,1.0,4077.21,4077.21,2026-07,148.0,0.0,0.0,1.0,ACTIVE_COHORT_MEMBER
C000601,2025-11-03,2026-02-18,5.0,14266.119999999999,2853.2239999999997,2025-11,307.0,1.0,107.0,1.4018691588785046,ACTIVE_COHORT_MEMBER
C000602,2026-03-27,2026-03-27,1.0,2098.82,2098.82,2026-03,270.0,0.0,0.0,1.0,ACTIVE_COHORT_MEMBER
C000603,2025-11-09,2025-11-09,1.0,4560.33,4560.33,2025-11,408.0,0.0,0.0,1.0,ACTIVE_COHORT_MEMBER
C000604,2026-05-02,2026-06-21,2.0,3550.56,1775.28,2026-05,184.0,1.0,50.0,1.2,ACTIVE_COHORT_MEMBER
C000605,2025-12-26,2025-12-26,1.0,4723.86,4723.86,2025-12,361.0,0.0,0.0,1.0,ACTIVE_COHORT_MEMBER
C000606,,,,,,,,,,,NO_BOOKING
C000607,2026-01-21,2026-01-21,1.0,4975.17,4975.17,2026-01,335.0,0.0,0.0,1.0,ACTIVE_COHORT_MEMBER
C000608,2025-11-01,2026-04-05,2.0,5348.13,2674.065,2025-11,261.0,1.0,155.0,0.3870967741935484,ACTIVE_COHORT_MEMBER
C000609,2026-03-02,2026-10-13,2.0,6045.99,3022.995,2026-03,70.0,1.0,225.0,0.26666666666666666,ACTIVE_COHORT_MEMBER
C000610,2025-11-18,2026-06-10,3.0,7815.4800000000005,2605.1600000000003,2025-11,195.0,1.0,204.0,0.4411764705882353,ACTIVE_COHORT_MEMBER
C000611,2025-09-22,2026-08-24,4.0,8396.73,2099.1825,2025-09,120.0,1.0,336.0,0.35714285714285715,ACTIVE_COHORT_MEMBER
C000612,,,,,,,,,,,NO_BOOKING
C000613,2026-01-02,2026-08-25,3.0,10636.619999999999,3545.5399999999995,2026-01,119.0,1.0,235.0,0.3829787234042553,ACTIVE_COHORT_MEMBER
C000614,,,,,,,,,,,NO_BOOKING
C000615,2026-03-29,2026-06-27,3.0,8779.53,2926.51,2026-03,178.0,1.0,90.0,1.0,ACTIVE_COHORT_MEMBER
C000616,2025-12-03,2026-07-17,5.0,12266.79,2453.358,2025-12,158.0,1.0,226.0,0.6637168141592921,ACTIVE_COHORT_MEMBER
C000617,2025-10-28,2026-05-20,3.0,6784.09,2261.3633333333332,2025-10,216.0,1.0,204.0,0.4411764705882353,ACTIVE_COHORT_MEMBER
C000618,2026-10-20,2026-10-20,1.0,4716.39,4716.39,2026-10,63.0,0.0,0.0,1.0,ACTIVE_COHORT_MEMBER
C000619,2026-09-14,2026-09-14,1.0,1558.14,1558.14,2026-09,99.0,0.0,0.0,1.0,ACTIVE_COHORT_MEMBER
C000620,2026-02-08,2026-06-17,3.0,10235.439999999999,3411.813333333333,2026-02,188.0,1.0,129.0,0.6976744186046512,ACTIVE_COHORT_MEMBER
C000621,,,,,,,,,,,NO_BOOKING
C000622,,,,,,,,,,,NO_BOOKING
C000623,2026-03-28,2026-03-28,1.0,4443.7,4443.7,2026-03,269.0,0.0,0.0,1.0,ACTIVE_COHORT_MEMBER
C000624,2025-12-15,2025-12-15,1.0,2293.03,2293.03,2025-12,372.0,0.0,0.0,1.0,ACTIVE_COHORT_MEMBER
C000625,,,,,,,,,,,NO_BOOKING
C000626,2026-07-14,2026-07-14,1.0,636.04,636.04,2026-07,161.0,0.0,0.0,1.0,ACTIVE_COHORT_MEMBER
C000627,2026-01-12,2026-01-12,1.0,2387.38,2387.38,2026-01,344.0,0.0,0.0,1.0,ACTIVE_COHORT_MEMBER
C000628,2026-05-27,2026-05-27,1.0,4539.01,4539.01,2026-05,209.0,0.0,0.0,1.0,ACTIVE_COHORT_MEMBER
C000629,2026-02-04,2026-05-12,2.0,5961.09,2980.545,2026-02,224.0,1.0,97.0,0.6185567010309279,ACTIVE_COHORT_MEMBER
C000630,2026-08-09,2026-08-09,1.0,3733.02,3733.02,2026-08,135.0,0.0,0.0,1.0,ACTIVE_COHORT_MEMBER
C000631,2026-01-14,2026-06-14,2.0,4338.48,2169.24,2026-01,191.0,1.0,151.0,0.3973509933774835,ACTIVE_COHORT_MEMBER
C000632,2026-06-17,2026-06-17,1.0,2203.26,2203.26,2026-06,188.0,0.0,0.0,1.0,ACTIVE_COHORT_MEMBER
C000633,2026-04-05,2026-04-05,1.0,2044.37,2044.37,2026-04,261.0,0.0,0.0,1.0,ACTIVE_COHORT_MEMBER
C000634,,,,,,,,,,,NO_BOOKING
C000635,2026-03-03,2026-03-09,2.0,5620.23,2810.115,2026-03,288.0,1.0,6.0,2.0,ACTIVE_COHORT_MEMBER
C000636,2026-01-10,2026-01-10,1.0,4140.43,4140.43,2026-01,346.0,0.0,0.0,1.0,ACTIVE_COHORT_MEMBER
C000637,2026-01-04,2026-10-21,2.0,5422.91,2711.455,2026-01,62.0,1.0,290.0,0.20689655172413796,ACTIVE_COHORT_MEMBER
C000638,,,,,,,,,,,NO_BOOKING
C000639,2026-01-25,2026-01-25,1.0,2091.23,2091.23,2026-01,331.0,0.0,0.0,1.0,ACTIVE_COHORT_MEMBER
C000640,2026-11-03,2026-11-18,2.0,4232.8099999999995,2116.4049999999997,2026-11,34.0,1.0,15.0,2.0,ACTIVE_COHORT_MEMBER
C000641,2026-04-01,2026-04-01,1.0,2568.98,2568.98,2026-04,265.0,0.0,0.0,1.0,ACTIVE_COHORT_MEMBER
C000642,2026-01-01,2026-01-01,1.0,2279.92,2279.92,2026-01,355.0,0.0,0.0,1.0,ACTIVE_COHORT_MEMBER
C000643,2026-09-10,2026-09-10,1.0,4104.31,4104.31,2026-09,103.0,0.0,0.0,1.0,ACTIVE_COHORT_MEMBER
C000644,2026-03-01,2026-05-04,2.0,5574.92,2787.46,2026-03,232.0,1.0,64.0,0.9375,ACTIVE_COHORT_MEMBER
C000645,2026-08-15,2026-08-15,1.0,558.83,558.83,2026-08,129.0,0.0,0.0,1.0,ACTIVE_COHORT_MEMBER
C000646,2025-10-10,2026-06-08,4.0,11700.550000000001,2925.1375000000003,2025-10,197.0,1.0,241.0,0.4979253112033195,ACTIVE_COHORT_MEMBER
C000647,2025-11-04,2026-01-28,2.0,8391.29,4195.645,2025-11,328.0,1.0,85.0,0.7058823529411764,ACTIVE_COHORT_MEMBER
C000648,,,,,,,,,,,NO_BOOKING
C000649,2026-01-24,2026-01-24,1.0,2504.69,2504.69,2026-01,332.0,0.0,0.0,1.0,ACTIVE_COHORT_MEMBER
C000650,2025-10-28,2026-01-29,3.0,6929.9800000000005,2309.9933333333333,2025-10,327.0,1.0,93.0,0.9677419354838709,ACTIVE_COHORT_MEMBER
C000651,2026-06-09,2026-06-09,1.0,3561.06,3561.06,2026-06,196.0,0.0,0.0,1.0,ACTIVE_COHORT_MEMBER
C000652,2026-01-04,2026-01-04,1.0,1565.08,1565.08,2026-01,352.0,0.0,0.0,1.0,ACTIVE_COHORT_MEMBER
C000653,2026-01-28,2026-01-28,1.0,2124.97,2124.97,2026-01,328.0,0.0,0.0,1.0,ACTIVE_COHORT_MEMBER
C000654,,,,,,,,,,,NO_BOOKING
C000655,2026-07-27,2026-10-27,2.0,5068.18,2534.09,2026-07,56.0,1.0,92.0,0.6521739130434783,ACTIVE_COHORT_MEMBER
C000656,,,,,,,,,,,NO_BOOKING
C000657,2026-02-15,2026-09-12,2.0,7133.07,3566.535,2026-02,101.0,1.0,209.0,0.28708133971291866,ACTIVE_COHORT_MEMBER
C000658,2026-10-28,2026-10-28,1.0,4119.45,4119.45,2026-10,55.0,0.0,0.0,1.0,ACTIVE_COHORT_MEMBER
C000659,2026-05-15,2026-10-03,2.0,3179.58,1589.79,2026-05,80.0,1.0,141.0,0.425531914893617,ACTIVE_COHORT_MEMBER
C000660,2025-09-15,2026-08-28,4.0,13860.98,3465.245,2025-09,116.0,1.0,347.0,0.345821325648415,ACTIVE_COHORT_MEMBER
C000661,2025-10-29,2026-04-28,2.0,7848.599999999999,3924.2999999999997,2025-10,238.0,1.0,181.0,0.3314917127071823,ACTIVE_COHORT_MEMBER
C000662,2025-08-27,2026-05-19,5.0,11871.93,2374.386,2025-08,217.0,1.0,265.0,0.5660377358490566,ACTIVE_COHORT_MEMBER
C000663,2026-07-19,2026-07-19,1.0,3214.93,3214.93,2026-07,156.0,0.0,0.0,1.0,ACTIVE_COHORT_MEMBER
C000664,2025-11-06,2026-10-31,2.0,8641.33,4320.665,2025-11,52.0,1.0,359.0,0.1671309192200557,ACTIVE_COHORT_MEMBER
C000665,2026-01-30,2026-01-30,1.0,3364.9,3364.9,2026-01,326.0,0.0,0.0,1.0,ACTIVE_COHORT_MEMBER
C000666,2026-10-26,2026-10-26,1.0,3051.66,3051.66,2026-10,57.0,0.0,0.0,1.0,ACTIVE_COHORT_MEMBER
C000667,2025-10-25,2026-09-21,3.0,10573.19,3524.396666666667,2025-10,92.0,1.0,331.0,0.2719033232628399,ACTIVE_COHORT_MEMBER
C000668,2025-09-08,2026-08-05,3.0,6685.41,2228.47,2025-09,139.0,1.0,331.0,0.2719033232628399,ACTIVE_COHORT_MEMBER
C000669,,,,,,,,,,,NO_BOOKING
C000670,2026-02-06,2026-12-03,2.0,6011.35,3005.675,2026-02,19.0,1.0,300.0,0.2,ACTIVE_COHORT_MEMBER
C000671,2026-08-19,2026-08-19,1.0,2026.93,2026.93,2026-08,125.0,0.0,0.0,1.0,ACTIVE_COHORT_MEMBER
C000672,2026-03-10,2026-10-09,3.0,6531.76,2177.2533333333336,2026-03,74.0,1.0,213.0,0.4225352112676057,ACTIVE_COHORT_MEMBER
C000673,2025-08-25,2026-03-22,2.0,6869.44,3434.72,2025-08,275.0,1.0,209.0,0.28708133971291866,ACTIVE_COHORT_MEMBER
C000674,2026-05-19,2026-05-19,1.0,1118.72,1118.72,2026-05,217.0,0.0,0.0,1.0,ACTIVE_COHORT_MEMBER
C000675,2025-11-30,2025-11-30,1.0,4396.42,4396.42,2025-11,387.0,0.0,0.0,1.0,ACTIVE_COHORT_MEMBER
C000676,2026-07-21,2026-08-01,2.0,5776.25,2888.125,2026-07,143.0,1.0,11.0,2.0,ACTIVE_COHORT_MEMBER
C000677,,,,,,,,,,,NO_BOOKING
C000678,2025-12-02,2026-04-02,2.0,7939.67,3969.835,2025-12,264.0,1.0,121.0,0.49586776859504134,ACTIVE_COHORT_MEMBER
C000679,2026-08-24,2026-08-24,1.0,3015.99,3015.99,2026-08,120.0,0.0,0.0,1.0,ACTIVE_COHORT_MEMBER
C000680,2025-12-23,2025-12-23,1.0,1258.95,1258.95,2025-12,364.0,0.0,0.0,1.0,ACTIVE_COHORT_MEMBER
C000681,2025-12-06,2025-12-17,2.0,6674.07,3337.035,2025-12,370.0,1.0,11.0,2.0,ACTIVE_COHORT_MEMBER
C000682,2026-04-26,2026-05-13,2.0,4602.46,2301.23,2026-04,223.0,1.0,17.0,2.0,ACTIVE_COHORT_MEMBER
C000683,2025-12-06,2025-12-06,1.0,2172.93,2172.93,2025-12,381.0,0.0,0.0,1.0,ACTIVE_COHORT_MEMBER
C000684,,,,,,,,,,,NO_BOOKING
C000685,2026-02-01,2026-02-01,1.0,853.33,853.33,2026-02,324.0,0.0,0.0,1.0,ACTIVE_COHORT_MEMBER
C000686,2026-03-29,2026-09-25,2.0,4005.4300000000003,2002.7150000000001,2026-03,88.0,1.0,180.0,0.3333333333333333,ACTIVE_COHORT_MEMBER
C000687,2025-11-29,2026-08-31,2.0,6218.26,3109.13,2025-11,113.0,1.0,275.0,0.2181818181818182,ACTIVE_COHORT_MEMBER
C000688,2025-10-31,2026-08-13,5.0,9121.55,1824.31,2025-10,131.0,1.0,286.0,0.5244755244755245,ACTIVE_COHORT_MEMBER
C000689,2025-12-15,2026-08-12,3.0,8808.48,2936.16,2025-12,132.0,1.0,240.0,0.375,ACTIVE_COHORT_MEMBER
C000690,2025-12-31,2026-09-06,4.0,14266.0,3566.5,2025-12,107.0,1.0,249.0,0.48192771084337344,ACTIVE_COHORT_MEMBER
C000691,2026-05-28,2026-05-28,1.0,777.87,777.87,2026-05,208.0,0.0,0.0,1.0,ACTIVE_COHORT_MEMBER
C000692,2026-09-19,2026-09-19,1.0,2424.76,2424.76,2026-09,94.0,0.0,0.0,1.0,ACTIVE_COHORT_MEMBER
C000693,2025-12-10,2026-02-19,3.0,8753.119999999999,2917.7066666666665,2025-12,306.0,1.0,71.0,1.267605633802817,ACTIVE_COHORT_MEMBER
C000694,2026-07-28,2026-07-28,1.0,1416.8,1416.8,2026-07,147.0,0.0,0.0,1.0,ACTIVE_COHORT_MEMBER
C000695,,,,,,,,,,,NO_BOOKING
C000696,2026-07-19,2026-07-19,1.0,4909.51,4909.51,2026-07,156.0,0.0,0.0,1.0,ACTIVE_COHORT_MEMBER
C000697,,,,,,,,,,,NO_BOOKING
C000698,2026-10-24,2026-10-24,1.0,4743.55,4743.55,2026-10,59.0,0.0,0.0,1.0,ACTIVE_COHORT_MEMBER
C000699,2025-11-02,2026-06-06,4.0,11417.18,2854.295,2025-11,199.0,1.0,216.0,0.5555555555555556,ACTIVE_COHORT_MEMBER
C000700,2025-10-30,2026-10-13,3.0,9036.58,3012.193333333333,2025-10,70.0,1.0,348.0,0.25862068965517243,ACTIVE_COHORT_MEMBER
C000701,,,,,,,,,,,NO_BOOKING
C000702,2026-07-29,2026-08-17,2.0,7353.77,3676.885,2026-07,127.0,1.0,19.0,2.0,ACTIVE_COHORT_MEMBER
C000703,2025-11-25,2026-05-24,2.0,5936.58,2968.29,2025-11,212.0,1.0,180.0,0.3333333333333333,ACTIVE_COHORT_MEMBER
C000704,2026-05-29,2026-12-06,5.0,15537.96,3107.5919999999996,2026-05,16.0,1.0,191.0,0.7853403141361257,ACTIVE_COHORT_MEMBER
C000705,2025-11-19,2025-11-19,1.0,747.42,747.42,2025-11,398.0,0.0,0.0,1.0,ACTIVE_COHORT_MEMBER
C000706,,,,,,,,,,,NO_BOOKING
C000707,2026-05-08,2026-05-08,1.0,2624.64,2624.64,2026-05,228.0,0.0,0.0,1.0,ACTIVE_COHORT_MEMBER
C000708,2026-09-15,2026-09-15,1.0,3569.37,3569.37,2026-09,98.0,0.0,0.0,1.0,ACTIVE_COHORT_MEMBER
C000709,,,,,,,,,,,NO_BOOKING
C000710,2026-03-16,2026-12-01,4.0,9928.11,2482.0275,2026-03,21.0,1.0,260.0,0.46153846153846156,ACTIVE_COHORT_MEMBER
C000711,,,,,,,,,,,NO_BOOKING
C000712,2026-01-10,2026-01-10,1.0,1827.07,1827.07,2026-01,346.0,0.0,0.0,1.0,ACTIVE_COHORT_MEMBER
C000713,,,,,,,,,,,NO_BOOKING
C000714,2026-02-18,2026-05-05,3.0,6845.43,2281.81,2026-02,231.0,1.0,76.0,1.1842105263157896,ACTIVE_COHORT_MEMBER
C000715,2026-09-15,2026-09-26,2.0,2835.04,1417.52,2026-09,87.0,1.0,11.0,2.0,ACTIVE_COHORT_MEMBER
C000716,2026-09-27,2026-09-27,1.0,3672.85,3672.85,2026-09,86.0,0.0,0.0,1.0,ACTIVE_COHORT_MEMBER
C000717,2026-09-27,2026-09-27,1.0,927.4,927.4,2026-09,86.0,0.0,0.0,1.0,ACTIVE_COHORT_MEMBER
C000718,2026-02-25,2026-07-31,3.0,8301.74,2767.2466666666664,2026-02,144.0,1.0,156.0,0.5769230769230769,ACTIVE_COHORT_MEMBER
C000719,,,,,,,,,,,NO_BOOKING
C000720,2025-12-23,2026-09-16,4.0,15430.3,3857.575,2025-12,97.0,1.0,267.0,0.449438202247191,ACTIVE_COHORT_MEMBER
C000721,2025-11-01,2025-11-01,1.0,2782.36,2782.36,2025-11,416.0,0.0,0.0,1.0,ACTIVE_COHORT_MEMBER
C000722,2026-04-05,2026-04-05,1.0,1140.99,1140.99,2026-04,261.0,0.0,0.0,1.0,ACTIVE_COHORT_MEMBER
C000723,2025-11-20,2025-12-16,2.0,1281.65,640.825,2025-11,371.0,1.0,26.0,2.0,ACTIVE_COHORT_MEMBER
C000724,2025-10-26,2026-05-13,3.0,10733.849999999999,3577.9499999999994,2025-10,223.0,1.0,199.0,0.4522613065326633,ACTIVE_COHORT_MEMBER
C000725,,,,,,,,,,,NO_BOOKING
C000726,2026-01-03,2026-01-03,1.0,2465.68,2465.68,2026-01,353.0,0.0,0.0,1.0,ACTIVE_COHORT_MEMBER
C000727,2025-09-05,2026-02-06,3.0,8555.3,2851.7666666666664,2025-09,319.0,1.0,154.0,0.5844155844155844,ACTIVE_COHORT_MEMBER
C000728,2025-11-29,2026-08-09,3.0,8539.09,2846.3633333333332,2025-11,135.0,1.0,253.0,0.3557312252964427,ACTIVE_COHORT_MEMBER
C000729,2026-04-24,2026-11-22,3.0,11611.11,3870.3700000000003,2026-04,30.0,1.0,212.0,0.42452830188679247,ACTIVE_COHORT_MEMBER
C000730,2025-12-31,2026-01-07,2.0,5476.1,2738.05,2025-12,349.0,1.0,7.0,2.0,ACTIVE_COHORT_MEMBER
C000731,,,,,,,,,,,NO_BOOKING
C000732,2025-11-18,2026-10-22,3.0,6348.76,2116.2533333333336,2025-11,61.0,1.0,338.0,0.2662721893491124,ACTIVE_COHORT_MEMBER
C000733,2025-09-30,2025-11-21,2.0,4790.58,2395.29,2025-09,396.0,1.0,52.0,1.1538461538461537,ACTIVE_COHORT_MEMBER
C000734,,,,,,,,,,,NO_BOOKING
C000735,2025-10-18,2026-02-18,2.0,3882.1800000000003,1941.0900000000001,2025-10,307.0,1.0,123.0,0.48780487804878053,ACTIVE_COHORT_MEMBER
C000736,2026-05-14,2026-05-14,1.0,3545.45,3545.45,2026-05,222.0,0.0,0.0,1.0,ACTIVE_COHORT_MEMBER
C000737,,,,,,,,,,,NO_BOOKING
C000738,2026-04-19,2026-08-04,2.0,6798.200000000001,3399.1000000000004,2026-04,140.0,1.0,107.0,0.5607476635514018,ACTIVE_COHORT_MEMBER
C000739,2025-08-23,2025-08-23,1.0,4773.18,4773.18,2025-08,486.0,0.0,0.0,1.0,ACTIVE_COHORT_MEMBER
C000740,2026-01-12,2026-07-15,2.0,3112.98,1556.49,2026-01,160.0,1.0,184.0,0.32608695652173914,ACTIVE_COHORT_MEMBER
C000741,2025-09-23,2025-09-23,1.0,3371.25,3371.25,2025-09,455.0,0.0,0.0,1.0,ACTIVE_COHORT_MEMBER
C000742,2026-04-26,2026-04-26,1.0,3515.73,3515.73,2026-04,240.0,0.0,0.0,1.0,ACTIVE_COHORT_MEMBER
C000743,,,,,,,,,,,NO_BOOKING
C000744,2025-10-03,2025-10-03,1.0,4813.67,4813.67,2025-10,445.0,0.0,0.0,1.0,ACTIVE_COHORT_MEMBER
C000745,,,,,,,,,,,NO_BOOKING
C000746,,,,,,,,,,,NO_BOOKING
C000747,2025-11-30,2026-06-14,2.0,7771.17,3885.585,2025-11,191.0,1.0,196.0,0.30612244897959184,ACTIVE_COHORT_MEMBER
C000748,,,,,,,,,,,NO_BOOKING
C000749,2026-08-26,2026-08-26,1.0,1923.93,1923.93,2026-08,118.0,0.0,0.0,1.0,ACTIVE_COHORT_MEMBER
C000750,2026-09-28,2026-09-28,1.0,1928.25,1928.25,2026-09,85.0,0.0,0.0,1.0,ACTIVE_COHORT_MEMBER
C000751,2026-07-28,2026-07-28,1.0,3932.44,3932.44,2026-07,147.0,0.0,0.0,1.0,ACTIVE_COHORT_MEMBER
C000752,2026-11-02,2026-11-02,1.0,3277.75,3277.75,2026-11,50.0,0.0,0.0,1.0,ACTIVE_COHORT_MEMBER
C000753,2025-12-07,2025-12-07,1.0,613.56,613.56,2025-12,380.0,0.0,0.0,1.0,ACTIVE_COHORT_MEMBER
C000754,2026-07-19,2026-11-17,2.0,1166.69,583.345,2026-07,35.0,1.0,121.0,0.49586776859504134,ACTIVE_COHORT_MEMBER
C000755,2026-04-12,2026-08-23,3.0,6839.01,2279.67,2026-04,121.0,1.0,133.0,0.6766917293233082,ACTIVE_COHORT_MEMBER
C000756,2025-08-21,2025-08-26,2.0,2823.08,1411.54,2025-08,483.0,1.0,5.0,2.0,ACTIVE_COHORT_MEMBER
C000757,,,,,,,,,,,NO_BOOKING
C000758,2025-08-12,2026-06-26,3.0,4558.4,1519.4666666666665,2025-08,179.0,1.0,318.0,0.2830188679245283,ACTIVE_COHORT_MEMBER
C000759,,,,,,,,,,,NO_BOOKING
C000760,2026-06-01,2026-06-01,1.0,804.67,804.67,2026-06,204.0,0.0,0.0,1.0,ACTIVE_COHORT_MEMBER
C000761,2026-08-08,2026-08-08,1.0,1002.32,1002.32,2026-08,136.0,0.0,0.0,1.0,ACTIVE_COHORT_MEMBER
C000762,,,,,,,,,,,NO_BOOKING
C000763,2025-08-14,2025-12-17,2.0,3950.77,1975.385,2025-08,370.0,1.0,125.0,0.48,ACTIVE_COHORT_MEMBER
C000764,,,,,,,,,,,NO_BOOKING
C000765,,,,,,,,,,,NO_BOOKING
C000766,,,,,,,,,,,NO_BOOKING
C000767,2026-04-21,2026-06-09,2.0,7722.139999999999,3861.0699999999997,2026-04,196.0,1.0,49.0,1.2244897959183674,ACTIVE_COHORT_MEMBER
C000768,2026-08-10,2026-10-23,3.0,5329.84,1776.6133333333335,2026-08,60.0,1.0,74.0,1.2162162162162162,ACTIVE_COHORT_MEMBER
C000769,2026-06-28,2026-09-30,2.0,6747.139999999999,3373.5699999999997,2026-06,83.0,1.0,94.0,0.6382978723404256,ACTIVE_COHORT_MEMBER
C000770,2025-11-19,2026-08-06,5.0,15421.48,3084.296,2025-11,138.0,1.0,260.0,0.576923076923077,ACTIVE_COHORT_MEMBER
C000771,2026-03-15,2026-09-03,2.0,7118.88,3559.44,2026-03,110.0,1.0,172.0,0.3488372093023256,ACTIVE_COHORT_MEMBER
C000772,2026-02-20,2026-03-14,2.0,8249.92,4124.96,2026-02,283.0,1.0,22.0,2.0,ACTIVE_COHORT_MEMBER
C000773,2026-03-24,2026-03-24,1.0,1318.2,1318.2,2026-03,273.0,0.0,0.0,1.0,ACTIVE_COHORT_MEMBER
C000774,2026-06-02,2026-06-02,1.0,2022.95,2022.95,2026-06,203.0,0.0,0.0,1.0,ACTIVE_COHORT_MEMBER
C000775,2026-07-16,2026-07-16,1.0,3453.05,3453.05,2026-07,159.0,0.0,0.0,1.0,ACTIVE_COHORT_MEMBER
C000776,2025-10-16,2026-10-03,4.0,8155.59,2038.8975,2025-10,80.0,1.0,352.0,0.34090909090909094,ACTIVE_COHORT_MEMBER
C000777,2025-11-03,2025-11-03,1.0,2142.4,2142.4,2025-11,414.0,0.0,0.0,1.0,ACTIVE_COHORT_MEMBER
C000778,,,,,,,,,,,NO_BOOKING
C000779,2026-01-05,2026-07-22,3.0,8238.41,2746.1366666666668,2026-01,153.0,1.0,198.0,0.4545454545454546,ACTIVE_COHORT_MEMBER
C000780,2025-08-17,2026-08-03,2.0,4744.6900000000005,2372.3450000000003,2025-08,141.0,1.0,351.0,0.17094017094017094,ACTIVE_COHORT_MEMBER
C000781,2026-03-15,2026-03-15,1.0,2400.46,2400.46,2026-03,282.0,0.0,0.0,1.0,ACTIVE_COHORT_MEMBER
C000782,2026-01-19,2026-01-19,1.0,1174.62,1174.62,2026-01,337.0,0.0,0.0,1.0,ACTIVE_COHORT_MEMBER
C000783,,,,,,,,,,,NO_BOOKING
C000784,2026-06-04,2026-07-14,2.0,7421.59,3710.795,2026-06,161.0,1.0,40.0,1.5,ACTIVE_COHORT_MEMBER
C000785,2026-06-15,2026-07-09,2.0,5645.2300000000005,2822.6150000000002,2026-06,166.0,1.0,24.0,2.0,ACTIVE_COHORT_MEMBER
C000786,2026-06-26,2026-06-26,1.0,2558.96,2558.96,2026-06,179.0,0.0,0.0,1.0,ACTIVE_COHORT_MEMBER
C000787,2026-02-04,2026-02-04,1.0,1838.36,1838.36,2026-02,321.0,0.0,0.0,1.0,ACTIVE_COHORT_MEMBER
C000788,2026-01-16,2026-03-20,2.0,4939.99,2469.995,2026-01,277.0,1.0,63.0,0.9523809523809523,ACTIVE_COHORT_MEMBER
C000789,2026-07-09,2026-07-09,1.0,3443.85,3443.85,2026-07,166.0,0.0,0.0,1.0,ACTIVE_COHORT_MEMBER
C000790,,,,,,,,,,,NO_BOOKING
C000791,2026-01-12,2026-06-17,2.0,6603.26,3301.63,2026-01,188.0,1.0,156.0,0.3846153846153846,ACTIVE_COHORT_MEMBER
C000792,2026-03-20,2026-03-20,1.0,4363.9,4363.9,2026-03,277.0,0.0,0.0,1.0,ACTIVE_COHORT_MEMBER
C000793,2025-12-24,2026-02-01,3.0,9013.57,3004.523333333333,2025-12,324.0,1.0,39.0,2.3076923076923075,ACTIVE_COHORT_MEMBER
C000794,2026-09-29,2026-09-29,1.0,2135.0,2135.0,2026-09,84.0,0.0,0.0,1.0,ACTIVE_COHORT_MEMBER
C000795,,,,,,,,,,,NO_BOOKING
C000796,2026-04-14,2026-04-14,1.0,1227.55,1227.55,2026-04,252.0,0.0,0.0,1.0,ACTIVE_COHORT_MEMBER
C000797,2025-07-25,2026-04-06,2.0,8960.55,4480.275,2025-07,260.0,1.0,255.0,0.23529411764705882,ACTIVE_COHORT_MEMBER
C000798,2026-08-23,2026-10-15,4.0,12044.259999999998,3011.0649999999996,2026-08,68.0,1.0,53.0,2.2641509433962264,ACTIVE_COHORT_MEMBER
C000799,2026-03-17,2026-03-17,1.0,3767.39,3767.39,2026-03,280.0,0.0,0.0,1.0,ACTIVE_COHORT_MEMBER
C000800,,,,,,,,,,,NO_BOOKING
C000801,2026-02-05,2026-02-05,1.0,2563.88,2563.88,2026-02,320.0,0.0,0.0,1.0,ACTIVE_COHORT_MEMBER
C000802,,,,,,,,,,,NO_BOOKING
C000803,2026-08-14,2026-08-14,1.0,2853.81,2853.81,2026-08,130.0,0.0,0.0,1.0,ACTIVE_COHORT_MEMBER
C000804,2026-02-24,2026-06-20,2.0,7353.389999999999,3676.6949999999997,2026-02,185.0,1.0,116.0,0.5172413793103449,ACTIVE_COHORT_MEMBER
C000805,2025-11-14,2026-06-25,5.0,13479.91,2695.982,2025-11,180.0,1.0,223.0,0.6726457399103138,ACTIVE_COHORT_MEMBER
C000806,2026-01-16,2026-01-16,1.0,2452.88,2452.88,2026-01,340.0,0.0,0.0,1.0,ACTIVE_COHORT_MEMBER
C000807,2026-08-15,2026-11-09,2.0,8051.52,4025.76,2026-08,43.0,1.0,86.0,0.6976744186046512,ACTIVE_COHORT_MEMBER
C000808,2026-11-12,2026-11-12,1.0,4997.83,4997.83,2026-11,40.0,0.0,0.0,1.0,ACTIVE_COHORT_MEMBER
C000809,2025-08-30,2026-06-27,2.0,7791.47,3895.735,2025-08,178.0,1.0,301.0,0.19933554817275748,ACTIVE_COHORT_MEMBER
C000810,2025-12-26,2025-12-26,1.0,4101.41,4101.41,2025-12,361.0,0.0,0.0,1.0,ACTIVE_COHORT_MEMBER
C000811,2026-03-03,2026-03-03,1.0,1898.98,1898.98,2026-03,294.0,0.0,0.0,1.0,ACTIVE_COHORT_MEMBER
C000812,,,,,,,,,,,NO_BOOKING
C000813,,,,,,,,,,,NO_BOOKING
C000814,2026-01-25,2026-07-30,3.0,8841.31,2947.103333333333,2026-01,145.0,1.0,186.0,0.48387096774193544,ACTIVE_COHORT_MEMBER
C000815,2026-04-29,2026-04-29,1.0,1957.68,1957.68,2026-04,237.0,0.0,0.0,1.0,ACTIVE_COHORT_MEMBER
C000816,2026-02-28,2026-11-25,2.0,7818.860000000001,3909.4300000000003,2026-02,27.0,1.0,270.0,0.2222222222222222,ACTIVE_COHORT_MEMBER
C000817,2025-10-17,2026-10-26,3.0,7668.75,2556.25,2025-10,57.0,1.0,374.0,0.24064171122994651,ACTIVE_COHORT_MEMBER
C000818,2025-07-26,2025-11-08,2.0,2908.39,1454.195,2025-07,409.0,1.0,105.0,0.5714285714285714,ACTIVE_COHORT_MEMBER
C000819,2026-02-19,2026-07-31,2.0,5188.01,2594.005,2026-02,144.0,1.0,162.0,0.37037037037037035,ACTIVE_COHORT_MEMBER
C000820,2025-12-22,2026-01-28,2.0,4027.5199999999995,2013.7599999999998,2025-12,328.0,1.0,37.0,1.6216216216216215,ACTIVE_COHORT_MEMBER
C000821,2026-06-12,2026-06-12,1.0,1547.85,1547.85,2026-06,193.0,0.0,0.0,1.0,ACTIVE_COHORT_MEMBER
C000822,2026-03-01,2026-10-04,2.0,2465.7,1232.85,2026-03,79.0,1.0,217.0,0.2764976958525346,ACTIVE_COHORT_MEMBER
C000823,2025-09-18,2026-06-05,2.0,7126.03,3563.015,2025-09,200.0,1.0,260.0,0.23076923076923078,ACTIVE_COHORT_MEMBER
C000824,2025-11-20,2026-03-01,2.0,4393.75,2196.875,2025-11,296.0,1.0,101.0,0.594059405940594,ACTIVE_COHORT_MEMBER
C000825,2026-05-10,2026-05-28,2.0,2294.77,1147.385,2026-05,208.0,1.0,18.0,2.0,ACTIVE_COHORT_MEMBER
C000826,2025-09-19,2026-11-27,4.0,12213.71,3053.4275,2025-09,25.0,1.0,434.0,0.2764976958525346,ACTIVE_COHORT_MEMBER
C000827,2026-01-24,2026-08-13,3.0,5423.219999999999,1807.7399999999998,2026-01,131.0,1.0,201.0,0.44776119402985076,ACTIVE_COHORT_MEMBER
C000828,2026-04-15,2026-10-27,2.0,9031.6,4515.8,2026-04,56.0,1.0,195.0,0.3076923076923077,ACTIVE_COHORT_MEMBER
C000829,,,,,,,,,,,NO_BOOKING
C000830,2025-12-15,2025-12-15,1.0,3144.69,3144.69,2025-12,372.0,0.0,0.0,1.0,ACTIVE_COHORT_MEMBER
C000831,2025-10-25,2025-11-03,2.0,3700.69,1850.345,2025-10,414.0,1.0,9.0,2.0,ACTIVE_COHORT_MEMBER
C000832,2026-08-26,2026-08-26,1.0,3101.37,3101.37,2026-08,118.0,0.0,0.0,1.0,ACTIVE_COHORT_MEMBER
C000833,2026-08-18,2026-08-18,1.0,4572.95,4572.95,2026-08,126.0,0.0,0.0,1.0,ACTIVE_COHORT_MEMBER
C000834,,,,,,,,,,,NO_BOOKING
C000835,2025-11-11,2026-03-09,2.0,5738.6,2869.3,2025-11,288.0,1.0,118.0,0.5084745762711864,ACTIVE_COHORT_MEMBER
C000836,2026-09-05,2026-09-05,1.0,2455.75,2455.75,2026-09,108.0,0.0,0.0,1.0,ACTIVE_COHORT_MEMBER
C000837,2025-12-13,2025-12-13,1.0,3826.72,3826.72,2025-12,374.0,0.0,0.0,1.0,ACTIVE_COHORT_MEMBER
C000838,2026-03-30,2026-03-30,1.0,3234.93,3234.93,2026-03,267.0,0.0,0.0,1.0,ACTIVE_COHORT_MEMBER
C000839,2025-12-10,2026-05-06,2.0,7798.5599999999995,3899.2799999999997,2025-12,230.0,1.0,147.0,0.4081632653061224,ACTIVE_COHORT_MEMBER
C000840,2026-08-27,2026-08-27,1.0,3234.41,3234.41,2026-08,117.0,0.0,0.0,1.0,ACTIVE_COHORT_MEMBER
C000841,2026-05-12,2026-05-15,2.0,5170.84,2585.42,2026-05,221.0,1.0,3.0,2.0,ACTIVE_COHORT_MEMBER
C000842,2026-06-16,2026-06-16,1.0,4907.47,4907.47,2026-06,189.0,0.0,0.0,1.0,ACTIVE_COHORT_MEMBER
C000843,2026-09-12,2026-09-12,1.0,1826.27,1826.27,2026-09,101.0,0.0,0.0,1.0,ACTIVE_COHORT_MEMBER
C000844,2025-08-20,2026-09-06,2.0,5420.53,2710.265,2025-08,107.0,1.0,382.0,0.15706806282722513,ACTIVE_COHORT_MEMBER
C000845,2025-12-29,2026-02-26,2.0,2443.2,1221.6,2025-12,299.0,1.0,59.0,1.0169491525423728,ACTIVE_COHORT_MEMBER
C000846,2025-10-12,2026-07-04,3.0,8477.96,2825.986666666666,2025-10,171.0,1.0,265.0,0.33962264150943394,ACTIVE_COHORT_MEMBER
C000847,2026-06-03,2026-06-03,1.0,2277.39,2277.39,2026-06,202.0,0.0,0.0,1.0,ACTIVE_COHORT_MEMBER
C000848,2026-09-18,2026-09-18,1.0,4913.98,4913.98,2026-09,95.0,0.0,0.0,1.0,ACTIVE_COHORT_MEMBER
C000849,2025-12-01,2026-05-02,2.0,6222.19,3111.095,2025-12,234.0,1.0,152.0,0.39473684210526316,ACTIVE_COHORT_MEMBER
C000850,2025-11-28,2026-07-18,2.0,3526.62,1763.31,2025-11,157.0,1.0,232.0,0.25862068965517243,ACTIVE_COHORT_MEMBER
C000851,2026-09-13,2026-09-13,1.0,4025.4,4025.4,2026-09,100.0,0.0,0.0,1.0,ACTIVE_COHORT_MEMBER
C000852,2026-01-10,2026-08-01,2.0,5161.389999999999,2580.6949999999997,2026-01,143.0,1.0,203.0,0.2955665024630542,ACTIVE_COHORT_MEMBER
C000853,,,,,,,,,,,NO_BOOKING
C000854,2026-02-21,2026-10-04,2.0,8721.5,4360.75,2026-02,79.0,1.0,225.0,0.26666666666666666,ACTIVE_COHORT_MEMBER
C000855,2025-11-21,2026-02-09,2.0,5017.58,2508.79,2025-11,316.0,1.0,80.0,0.75,ACTIVE_COHORT_MEMBER
C000856,2025-10-17,2026-04-18,2.0,6140.790000000001,3070.3950000000004,2025-10,248.0,1.0,183.0,0.3278688524590164,ACTIVE_COHORT_MEMBER
C000857,,,,,,,,,,,NO_BOOKING
C000858,2026-01-29,2026-07-12,2.0,9178.29,4589.145,2026-01,163.0,1.0,164.0,0.36585365853658536,ACTIVE_COHORT_MEMBER
C000859,2026-10-10,2026-10-10,1.0,4600.59,4600.59,2026-10,73.0,0.0,0.0,1.0,ACTIVE_COHORT_MEMBER
C000860,2026-03-02,2026-03-02,1.0,3887.52,3887.52,2026-03,295.0,0.0,0.0,1.0,ACTIVE_COHORT_MEMBER
C000861,2026-06-10,2026-06-10,1.0,885.7,885.7,2026-06,195.0,0.0,0.0,1.0,ACTIVE_COHORT_MEMBER
C000862,2025-12-30,2026-07-06,3.0,11762.64,3920.8799999999997,2025-12,169.0,1.0,188.0,0.4787234042553192,ACTIVE_COHORT_MEMBER
C000863,,,,,,,,,,,NO_BOOKING
C000864,2026-06-26,2026-06-26,1.0,4032.94,4032.94,2026-06,179.0,0.0,0.0,1.0,ACTIVE_COHORT_MEMBER
C000865,2025-12-09,2025-12-09,1.0,994.39,994.39,2025-12,378.0,0.0,0.0,1.0,ACTIVE_COHORT_MEMBER
C000866,2026-01-08,2026-08-24,3.0,11802.35,3934.116666666667,2026-01,120.0,1.0,228.0,0.39473684210526316,ACTIVE_COHORT_MEMBER
C000867,,,,,,,,,,,NO_BOOKING
C000868,2026-04-30,2026-08-31,2.0,7571.5599999999995,3785.7799999999997,2026-04,113.0,1.0,123.0,0.48780487804878053,ACTIVE_COHORT_MEMBER
C000869,,,,,,,,,,,NO_BOOKING
C000870,2025-11-19,2026-05-15,2.0,3268.24,1634.12,2025-11,221.0,1.0,177.0,0.3389830508474576,ACTIVE_COHORT_MEMBER
C000871,2025-10-17,2026-08-24,5.0,16190.76,3238.152,2025-10,120.0,1.0,311.0,0.4823151125401929,ACTIVE_COHORT_MEMBER
C000872,2026-02-18,2026-06-22,2.0,7713.85,3856.925,2026-02,183.0,1.0,124.0,0.48387096774193544,ACTIVE_COHORT_MEMBER
C000873,2026-03-07,2026-03-07,1.0,765.09,765.09,2026-03,290.0,0.0,0.0,1.0,ACTIVE_COHORT_MEMBER
C000874,2026-07-20,2026-12-02,3.0,7006.15,2335.383333333333,2026-07,20.0,1.0,135.0,0.6666666666666666,ACTIVE_COHORT_MEMBER
C000875,2026-05-20,2026-05-20,1.0,4272.35,4272.35,2026-05,216.0,0.0,0.0,1.0,ACTIVE_COHORT_MEMBER
C000876,2025-09-02,2026-09-20,2.0,9207.18,4603.59,2025-09,93.0,1.0,383.0,0.15665796344647517,ACTIVE_COHORT_MEMBER
C000877,2026-07-16,2026-07-28,2.0,4748.12,2374.06,2026-07,147.0,1.0,12.0,2.0,ACTIVE_COHORT_MEMBER
C000878,2026-05-21,2026-05-21,1.0,4145.97,4145.97,2026-05,215.0,0.0,0.0,1.0,ACTIVE_COHORT_MEMBER
C000879,2026-07-16,2026-07-16,1.0,1177.96,1177.96,2026-07,159.0,0.0,0.0,1.0,ACTIVE_COHORT_MEMBER
C000880,,,,,,,,,,,NO_BOOKING
C000881,2026-03-07,2026-03-07,1.0,3237.84,3237.84,2026-03,290.0,0.0,0.0,1.0,ACTIVE_COHORT_MEMBER
C000882,,,,,,,,,,,NO_BOOKING
C000883,2025-11-14,2026-07-12,6.0,21166.34,3527.7233333333334,2025-11,163.0,1.0,240.0,0.75,ACTIVE_COHORT_MEMBER
C000884,,,,,,,,,,,NO_BOOKING
C000885,2025-12-21,2026-09-30,2.0,8591.13,4295.565,2025-12,83.0,1.0,283.0,0.21201413427561838,ACTIVE_COHORT_MEMBER
C000886,2025-09-12,2025-12-24,3.0,7831.38,2610.46,2025-09,363.0,1.0,103.0,0.8737864077669903,ACTIVE_COHORT_MEMBER
C000887,2025-11-14,2026-06-21,5.0,13900.17,2780.034,2025-11,184.0,1.0,219.0,0.684931506849315,ACTIVE_COHORT_MEMBER
C000888,2025-10-25,2026-03-02,2.0,6486.25,3243.125,2025-10,295.0,1.0,128.0,0.46875,ACTIVE_COHORT_MEMBER
C000889,2025-11-08,2026-10-31,5.0,11301.010000000002,2260.202,2025-11,52.0,1.0,357.0,0.42016806722689076,ACTIVE_COHORT_MEMBER
C000890,2025-11-29,2026-01-04,2.0,3933.08,1966.54,2025-11,352.0,1.0,36.0,1.6666666666666667,ACTIVE_COHORT_MEMBER
C000891,2026-01-16,2026-11-07,2.0,4024.21,2012.105,2026-01,45.0,1.0,295.0,0.20338983050847456,ACTIVE_COHORT_MEMBER
C000892,2026-03-25,2026-08-05,2.0,3341.1000000000004,1670.5500000000002,2026-03,139.0,1.0,133.0,0.45112781954887216,ACTIVE_COHORT_MEMBER
C000893,2025-09-22,2025-09-22,1.0,3929.54,3929.54,2025-09,456.0,0.0,0.0,1.0,ACTIVE_COHORT_MEMBER
C000894,2026-02-13,2026-02-13,1.0,687.34,687.34,2026-02,312.0,0.0,0.0,1.0,ACTIVE_COHORT_MEMBER
C000895,2025-08-18,2026-12-17,3.0,12798.41,4266.136666666666,2025-08,5.0,1.0,486.0,0.1851851851851852,ACTIVE_COHORT_MEMBER
C000896,2026-01-28,2026-05-18,2.0,4004.75,2002.375,2026-01,218.0,1.0,110.0,0.5454545454545455,ACTIVE_COHORT_MEMBER
C000897,2026-01-15,2026-02-18,2.0,5385.05,2692.525,2026-01,307.0,1.0,34.0,1.7647058823529411,ACTIVE_COHORT_MEMBER
C000898,2025-12-11,2026-04-23,3.0,12304.16,4101.386666666666,2025-12,243.0,1.0,133.0,0.6766917293233082,ACTIVE_COHORT_MEMBER
C000899,,,,,,,,,,,NO_BOOKING
C000900,2025-12-23,2026-11-15,2.0,8258.5,4129.25,2025-12,37.0,1.0,327.0,0.18348623853211007,ACTIVE_COHORT_MEMBER
C000901,2026-03-28,2026-03-28,1.0,3362.19,3362.19,2026-03,269.0,0.0,0.0,1.0,ACTIVE_COHORT_MEMBER
C000902,2025-09-05,2026-01-11,3.0,5797.59,1932.53,2025-09,345.0,1.0,128.0,0.703125,ACTIVE_COHORT_MEMBER
C000903,2026-02-03,2026-09-18,2.0,6976.17,3488.085,2026-02,95.0,1.0,227.0,0.2643171806167401,ACTIVE_COHORT_MEMBER
C000904,2025-09-29,2026-09-22,3.0,7037.2,2345.733333333333,2025-09,91.0,1.0,358.0,0.25139664804469275,ACTIVE_COHORT_MEMBER
C000905,2026-04-23,2026-09-01,2.0,6461.5,3230.75,2026-04,112.0,1.0,131.0,0.45801526717557256,ACTIVE_COHORT_MEMBER
C000906,2026-03-08,2026-03-08,1.0,3616.78,3616.78,2026-03,289.0,0.0,0.0,1.0,ACTIVE_COHORT_MEMBER
C000907,2026-02-22,2026-02-22,1.0,3657.45,3657.45,2026-02,303.0,0.0,0.0,1.0,ACTIVE_COHORT_MEMBER
C000908,2026-10-03,2026-10-03,1.0,4626.61,4626.61,2026-10,80.0,0.0,0.0,1.0,ACTIVE_COHORT_MEMBER
C000909,,,,,,,,,,,NO_BOOKING
C000910,2025-09-13,2026-05-17,2.0,2670.74,1335.37,2025-09,219.0,1.0,246.0,0.24390243902439027,ACTIVE_COHORT_MEMBER
C000911,2025-11-07,2026-05-16,2.0,6189.23,3094.615,2025-11,220.0,1.0,190.0,0.31578947368421056,ACTIVE_COHORT_MEMBER
C000912,2026-07-14,2026-07-14,1.0,3920.95,3920.95,2026-07,161.0,0.0,0.0,1.0,ACTIVE_COHORT_MEMBER
C000913,2025-11-25,2026-06-01,3.0,8160.6900000000005,2720.23,2025-11,204.0,1.0,188.0,0.4787234042553192,ACTIVE_COHORT_MEMBER
C000914,2025-11-05,2026-07-23,3.0,8123.05,2707.6833333333334,2025-11,152.0,1.0,260.0,0.3461538461538462,ACTIVE_COHORT_MEMBER
C000915,2026-04-04,2026-04-04,1.0,1706.15,1706.15,2026-04,262.0,0.0,0.0,1.0,ACTIVE_COHORT_MEMBER
C000916,2026-06-05,2026-09-22,3.0,5236.219999999999,1745.4066666666665,2026-06,91.0,1.0,109.0,0.8256880733944955,ACTIVE_COHORT_MEMBER
C000917,2025-11-09,2025-11-09,1.0,4397.42,4397.42,2025-11,408.0,0.0,0.0,1.0,ACTIVE_COHORT_MEMBER
C000918,2025-11-28,2026-03-24,3.0,4815.57,1605.1899999999998,2025-11,273.0,1.0,116.0,0.7758620689655172,ACTIVE_COHORT_MEMBER
C000919,2025-11-22,2026-06-28,5.0,17877.34,3575.468,2025-11,177.0,1.0,218.0,0.6880733944954128,ACTIVE_COHORT_MEMBER
C000920,2025-09-22,2026-09-16,5.0,13360.01,2672.002,2025-09,97.0,1.0,359.0,0.4178272980501393,ACTIVE_COHORT_MEMBER
C000921,2025-11-15,2026-10-26,6.0,13568.07,2261.345,2025-11,57.0,1.0,345.0,0.5217391304347826,ACTIVE_COHORT_MEMBER
C000922,,,,,,,,,,,NO_BOOKING
C000923,2025-10-18,2026-11-18,5.0,11287.52,2257.504,2025-10,34.0,1.0,396.0,0.3787878787878788,ACTIVE_COHORT_MEMBER
C000924,2026-02-16,2026-03-22,2.0,3609.96,1804.98,2026-02,275.0,1.0,34.0,1.7647058823529411,ACTIVE_COHORT_MEMBER
C000925,2025-10-26,2026-09-06,5.0,15463.149999999998,3092.6299999999997,2025-10,107.0,1.0,315.0,0.47619047619047616,ACTIVE_COHORT_MEMBER
C000926,2026-04-02,2026-04-02,1.0,1076.94,1076.94,2026-04,264.0,0.0,0.0,1.0,ACTIVE_COHORT_MEMBER
C000927,2025-11-06,2026-05-19,3.0,8442.17,2814.056666666667,2025-11,217.0,1.0,194.0,0.4639175257731959,ACTIVE_COHORT_MEMBER
C000928,,,,,,,,,,,NO_BOOKING
C000929,2025-12-28,2026-06-01,3.0,9635.119999999999,3211.7066666666665,2025-12,204.0,1.0,155.0,0.5806451612903225,ACTIVE_COHORT_MEMBER
C000930,2026-03-21,2026-10-15,3.0,11638.14,3879.3799999999997,2026-03,68.0,1.0,208.0,0.43269230769230765,ACTIVE_COHORT_MEMBER
C000931,2026-10-24,2026-10-24,1.0,3271.91,3271.91,2026-10,59.0,0.0,0.0,1.0,ACTIVE_COHORT_MEMBER
C000932,2026-04-07,2026-04-07,1.0,3661.7,3661.7,2026-04,259.0,0.0,0.0,1.0,ACTIVE_COHORT_MEMBER
C000933,,,,,,,,,,,NO_BOOKING
C000934,2026-08-14,2026-08-16,2.0,8466.74,4233.37,2026-08,128.0,1.0,2.0,2.0,ACTIVE_COHORT_MEMBER
C000935,2026-03-18,2026-03-22,2.0,7107.880000000001,3553.9400000000005,2026-03,275.0,1.0,4.0,2.0,ACTIVE_COHORT_MEMBER
C000936,2026-01-11,2026-10-28,5.0,10290.94,2058.188,2026-01,55.0,1.0,290.0,0.5172413793103449,ACTIVE_COHORT_MEMBER
C000937,2026-04-09,2026-04-09,1.0,2569.3,2569.3,2026-04,257.0,0.0,0.0,1.0,ACTIVE_COHORT_MEMBER
C000938,,,,,,,,,,,NO_BOOKING
C000939,2025-11-14,2026-10-11,4.0,13360.939999999999,3340.2349999999997,2025-11,72.0,1.0,331.0,0.36253776435045315,ACTIVE_COHORT_MEMBER
C000940,2025-12-21,2026-05-09,3.0,10184.86,3394.9533333333334,2025-12,227.0,1.0,139.0,0.6474820143884892,ACTIVE_COHORT_MEMBER
C000941,2026-02-09,2026-02-09,1.0,2255.9,2255.9,2026-02,316.0,0.0,0.0,1.0,ACTIVE_COHORT_MEMBER
C000942,2026-02-01,2026-06-10,3.0,9971.16,3323.72,2026-02,195.0,1.0,129.0,0.6976744186046512,ACTIVE_COHORT_MEMBER
C000943,2026-06-17,2026-08-26,2.0,5774.44,2887.22,2026-06,118.0,1.0,70.0,0.8571428571428571,ACTIVE_COHORT_MEMBER
C000944,2025-12-14,2026-06-25,6.0,19671.51,3278.5849999999996,2025-12,180.0,1.0,193.0,0.9326424870466321,ACTIVE_COHORT_MEMBER
C000945,2026-06-08,2026-06-08,1.0,626.98,626.98,2026-06,197.0,0.0,0.0,1.0,ACTIVE_COHORT_MEMBER
C000946,2025-08-06,2025-12-23,2.0,6171.78,3085.89,2025-08,364.0,1.0,139.0,0.4316546762589928,ACTIVE_COHORT_MEMBER
C000947,2026-01-02,2026-07-05,3.0,11099.99,3699.9966666666664,2026-01,170.0,1.0,184.0,0.48913043478260865,ACTIVE_COHORT_MEMBER
C000948,2026-02-12,2026-07-22,3.0,6333.0599999999995,2111.02,2026-02,153.0,1.0,160.0,0.5625,ACTIVE_COHORT_MEMBER
C000949,2026-06-12,2026-06-12,1.0,3378.4,3378.4,2026-06,193.0,0.0,0.0,1.0,ACTIVE_COHORT_MEMBER
C000950,2026-06-25,2026-07-08,2.0,7416.7,3708.35,2026-06,167.0,1.0,13.0,2.0,ACTIVE_COHORT_MEMBER
C000951,2026-05-22,2026-10-10,2.0,4845.79,2422.895,2026-05,73.0,1.0,141.0,0.425531914893617,ACTIVE_COHORT_MEMBER
C000952,2026-07-03,2026-07-03,1.0,520.92,520.92,2026-07,172.0,0.0,0.0,1.0,ACTIVE_COHORT_MEMBER
C000953,,,,,,,,,,,NO_BOOKING
C000954,2025-11-30,2026-09-02,3.0,10938.84,3646.28,2025-11,111.0,1.0,276.0,0.32608695652173914,ACTIVE_COHORT_MEMBER
C000955,2025-10-21,2026-08-27,6.0,20498.66,3416.443333333333,2025-10,117.0,1.0,310.0,0.5806451612903225,ACTIVE_COHORT_MEMBER
C000956,2026-01-14,2026-01-14,1.0,2972.05,2972.05,2026-01,342.0,0.0,0.0,1.0,ACTIVE_COHORT_MEMBER
C000957,2025-11-30,2026-10-21,4.0,17033.74,4258.435,2025-11,62.0,1.0,325.0,0.3692307692307692,ACTIVE_COHORT_MEMBER
C000958,,,,,,,,,,,NO_BOOKING
C000959,,,,,,,,,,,NO_BOOKING
C000960,2026-09-26,2026-10-24,2.0,6284.22,3142.11,2026-09,59.0,1.0,28.0,2.0,ACTIVE_COHORT_MEMBER
C000961,,,,,,,,,,,NO_BOOKING
C000962,2025-10-22,2026-02-09,2.0,6663.389999999999,3331.6949999999997,2025-10,316.0,1.0,110.0,0.5454545454545455,ACTIVE_COHORT_MEMBER
C000963,2026-05-22,2026-05-23,2.0,4144.88,2072.44,2026-05,213.0,1.0,1.0,2.0,ACTIVE_COHORT_MEMBER
C000964,2025-12-04,2026-02-06,3.0,7834.469999999999,2611.49,2025-12,319.0,1.0,64.0,1.40625,ACTIVE_COHORT_MEMBER
C000965,2026-05-15,2026-05-15,1.0,4005.15,4005.15,2026-05,221.0,0.0,0.0,1.0,ACTIVE_COHORT_MEMBER
C000966,,,,,,,,,,,NO_BOOKING
C000967,2025-12-09,2026-07-13,3.0,7389.73,2463.2433333333333,2025-12,162.0,1.0,216.0,0.41666666666666663,ACTIVE_COHORT_MEMBER
C000968,,,,,,,,,,,NO_BOOKING
C000969,2025-12-16,2026-06-13,3.0,9334.380000000001,3111.4600000000005,2025-12,192.0,1.0,179.0,0.5027932960893855,ACTIVE_COHORT_MEMBER
C000970,2026-07-27,2026-11-04,3.0,9210.35,3070.116666666667,2026-07,48.0,1.0,100.0,0.8999999999999999,ACTIVE_COHORT_MEMBER
C000971,,,,,,,,,,,NO_BOOKING
C000972,2025-12-22,2025-12-22,1.0,1280.12,1280.12,2025-12,365.0,0.0,0.0,1.0,ACTIVE_COHORT_MEMBER
C000973,2025-12-11,2026-10-24,3.0,4541.75,1513.9166666666667,2025-12,59.0,1.0,317.0,0.28391167192429023,ACTIVE_COHORT_MEMBER
C000974,2026-09-29,2026-09-29,1.0,1688.85,1688.85,2026-09,84.0,0.0,0.0,1.0,ACTIVE_COHORT_MEMBER
C000975,2025-10-12,2026-11-09,5.0,17358.36,3471.672,2025-10,43.0,1.0,393.0,0.3816793893129771,ACTIVE_COHORT_MEMBER
C000976,2025-08-09,2026-06-27,3.0,6761.64,2253.88,2025-08,178.0,1.0,322.0,0.27950310559006214,ACTIVE_COHORT_MEMBER
C000977,2026-04-30,2026-06-03,3.0,10915.53,3638.51,2026-04,202.0,1.0,34.0,2.6470588235294117,ACTIVE_COHORT_MEMBER
C000978,2026-07-16,2026-07-16,1.0,3710.39,3710.39,2026-07,159.0,0.0,0.0,1.0,ACTIVE_COHORT_MEMBER
C000979,2026-10-02,2026-10-02,1.0,525.37,525.37,2026-10,81.0,0.0,0.0,1.0,ACTIVE_COHORT_MEMBER
C000980,2026-06-09,2026-09-18,2.0,7773.280000000001,3886.6400000000003,2026-06,95.0,1.0,101.0,0.594059405940594,ACTIVE_COHORT_MEMBER
C000981,2026-04-05,2026-06-14,2.0,3944.17,1972.085,2026-04,191.0,1.0,70.0,0.8571428571428571,ACTIVE_COHORT_MEMBER
C000982,,,,,,,,,,,NO_BOOKING
C000983,2026-11-26,2026-11-26,1.0,4105.59,4105.59,2026-11,26.0,0.0,0.0,1.0,ACTIVE_COHORT_MEMBER
C000984,2025-11-01,2026-03-04,3.0,5335.03,1778.3433333333332,2025-11,293.0,1.0,123.0,0.7317073170731708,ACTIVE_COHORT_MEMBER
C000985,2026-04-06,2026-06-19,2.0,4714.73,2357.365,2026-04,186.0,1.0,74.0,0.8108108108108107,ACTIVE_COHORT_MEMBER
C000986,2025-12-23,2026-04-11,2.0,5681.69,2840.845,2025-12,255.0,1.0,109.0,0.5504587155963303,ACTIVE_COHORT_MEMBER
C000987,2026-09-19,2026-09-19,1.0,2396.88,2396.88,2026-09,94.0,0.0,0.0,1.0,ACTIVE_COHORT_MEMBER
C000988,2025-10-16,2026-08-16,5.0,11677.42,2335.484,2025-10,128.0,1.0,304.0,0.493421052631579,ACTIVE_COHORT_MEMBER
C000989,2026-05-17,2026-08-08,2.0,2817.1400000000003,1408.5700000000002,2026-05,136.0,1.0,83.0,0.7228915662650602,ACTIVE_COHORT_MEMBER
C000990,2026-01-07,2026-08-19,3.0,11310.17,3770.056666666667,2026-01,125.0,1.0,224.0,0.4017857142857143,ACTIVE_COHORT_MEMBER
C000991,2025-10-22,2026-01-09,3.0,3727.32,1242.44,2025-10,347.0,1.0,79.0,1.139240506329114,ACTIVE_COHORT_MEMBER
C000992,2025-12-30,2026-04-01,2.0,8820.79,4410.395,2025-12,265.0,1.0,92.0,0.6521739130434783,ACTIVE_COHORT_MEMBER
C000993,2026-01-15,2026-07-12,4.0,11834.49,2958.6225,2026-01,163.0,1.0,178.0,0.6741573033707865,ACTIVE_COHORT_MEMBER
C000994,,,,,,,,,,,NO_BOOKING
C000995,2026-04-10,2026-04-10,1.0,3418.66,3418.66,2026-04,256.0,0.0,0.0,1.0,ACTIVE_COHORT_MEMBER
C000996,2026-02-19,2026-02-19,1.0,684.52,684.52,2026-02,306.0,0.0,0.0,1.0,ACTIVE_COHORT_MEMBER
C000997,2026-11-28,2026-11-28,1.0,1326.31,1326.31,2026-11,24.0,0.0,0.0,1.0,ACTIVE_COHORT_MEMBER
C000998,2026-07-23,2026-07-23,1.0,4804.15,4804.15,2026-07,152.0,0.0,0.0,1.0,ACTIVE_COHORT_MEMBER
C000999,2025-11-22,2026-08-27,3.0,7525.82,2508.6066666666666,2025-11,117.0,1.0,278.0,0.3237410071942446,ACTIVE_COHORT_MEMBER
C001000,2026-04-05,2026-04-05,1.0,1474.07,1474.07,2026-04,261.0,0.0,0.0,1.0,ACTIVE_COHORT_MEMBER
C001001,2025-12-02,2025-12-02,1.0,4898.55,4898.55,2025-12,385.0,0.0,0.0,1.0,ACTIVE_COHORT_MEMBER
C001002,2026-06-10,2026-06-21,2.0,3059.65,1529.825,2026-06,184.0,1.0,11.0,2.0,ACTIVE_COHORT_MEMBER
C001003,,,,,,,,,,,NO_BOOKING
C001004,2025-12-15,2025-12-15,1.0,3468.52,3468.52,2025-12,372.0,0.0,0.0,1.0,ACTIVE_COHORT_MEMBER
C001005,2025-10-18,2026-08-19,3.0,7377.849999999999,2459.2833333333333,2025-10,125.0,1.0,305.0,0.29508196721311475,ACTIVE_COHORT_MEMBER
C001006,2025-08-16,2025-08-16,1.0,4079.8,4079.8,2025-08,493.0,0.0,0.0,1.0,ACTIVE_COHORT_MEMBER
C001007,2026-07-05,2026-07-05,1.0,3023.28,3023.28,2026-07,170.0,0.0,0.0,1.0,ACTIVE_COHORT_MEMBER
C001008,2025-12-17,2026-04-04,2.0,7332.5,3666.25,2025-12,262.0,1.0,108.0,0.5555555555555556,ACTIVE_COHORT_MEMBER
C001009,2026-01-14,2026-07-24,3.0,11296.51,3765.5033333333336,2026-01,151.0,1.0,191.0,0.47120418848167545,ACTIVE_COHORT_MEMBER
C001010,2026-04-09,2026-04-09,1.0,3569.04,3569.04,2026-04,257.0,0.0,0.0,1.0,ACTIVE_COHORT_MEMBER
C001011,,,,,,,,,,,NO_BOOKING
C001012,2026-04-11,2026-06-10,2.0,4039.48,2019.74,2026-04,195.0,1.0,60.0,1.0,ACTIVE_COHORT_MEMBER
C001013,2025-12-20,2026-01-28,3.0,7609.0,2536.3333333333335,2025-12,328.0,1.0,39.0,2.3076923076923075,ACTIVE_COHORT_MEMBER
C001014,2025-08-03,2026-07-30,3.0,9506.1,3168.7000000000003,2025-08,145.0,1.0,361.0,0.24930747922437674,ACTIVE_COHORT_MEMBER
C001015,2025-12-27,2026-10-25,4.0,10192.869999999999,2548.2174999999997,2025-12,58.0,1.0,302.0,0.3973509933774835,ACTIVE_COHORT_MEMBER
C001016,2026-02-10,2026-09-11,4.0,14907.57,3726.8925,2026-02,102.0,1.0,213.0,0.5633802816901409,ACTIVE_COHORT_MEMBER
C001017,2026-02-04,2026-09-14,7.0,23384.91,3340.7014285714286,2026-02,99.0,1.0,222.0,0.9459459459459459,ACTIVE_COHORT_MEMBER
C001018,2025-12-08,2025-12-08,1.0,2150.98,2150.98,2025-12,379.0,0.0,0.0,1.0,ACTIVE_COHORT_MEMBER
C001019,,,,,,,,,,,NO_BOOKING
C001020,2026-02-04,2026-03-10,2.0,6509.68,3254.84,2026-02,287.0,1.0,34.0,1.7647058823529411,ACTIVE_COHORT_MEMBER
C001021,,,,,,,,,,,NO_BOOKING
C001022,2026-08-10,2026-08-10,1.0,1431.29,1431.29,2026-08,134.0,0.0,0.0,1.0,ACTIVE_COHORT_MEMBER
C001023,,,,,,,,,,,NO_BOOKING
C001024,2025-11-25,2026-01-07,2.0,4297.02,2148.51,2025-11,349.0,1.0,43.0,1.3953488372093024,ACTIVE_COHORT_MEMBER
C001025,2026-10-10,2026-10-10,1.0,1812.58,1812.58,2026-10,73.0,0.0,0.0,1.0,ACTIVE_COHORT_MEMBER
C001026,2026-02-15,2026-02-15,1.0,2353.32,2353.32,2026-02,310.0,0.0,0.0,1.0,ACTIVE_COHORT_MEMBER
C001027,2026-02-26,2026-02-26,1.0,3202.83,3202.83,2026-02,299.0,0.0,0.0,1.0,ACTIVE_COHORT_MEMBER
C001028,2026-05-29,2026-05-29,1.0,4017.55,4017.55,2026-05,207.0,0.0,0.0,1.0,ACTIVE_COHORT_MEMBER
C001029,2026-01-13,2026-08-17,2.0,4210.44,2105.22,2026-01,127.0,1.0,216.0,0.2777777777777778,ACTIVE_COHORT_MEMBER
C001030,2025-09-29,2026-05-30,3.0,9159.24,3053.08,2025-09,206.0,1.0,243.0,0.3703703703703704,ACTIVE_COHORT_MEMBER
C001031,2025-12-30,2026-09-29,3.0,6701.72,2233.9066666666668,2025-12,84.0,1.0,273.0,0.32967032967032966,ACTIVE_COHORT_MEMBER
C001032,2026-05-29,2026-05-29,1.0,3574.94,3574.94,2026-05,207.0,0.0,0.0,1.0,ACTIVE_COHORT_MEMBER
C001033,2025-09-26,2026-09-21,2.0,5172.66,2586.33,2025-09,92.0,1.0,360.0,0.16666666666666666,ACTIVE_COHORT_MEMBER
C001034,2025-12-14,2026-05-14,2.0,6052.0199999999995,3026.0099999999998,2025-12,222.0,1.0,151.0,0.3973509933774835,ACTIVE_COHORT_MEMBER
C001035,,,,,,,,,,,NO_BOOKING
C001036,2025-12-29,2026-10-14,2.0,4674.59,2337.295,2025-12,69.0,1.0,289.0,0.20761245674740486,ACTIVE_COHORT_MEMBER
C001037,2025-09-22,2025-11-27,2.0,2691.76,1345.88,2025-09,390.0,1.0,66.0,0.9090909090909091,ACTIVE_COHORT_MEMBER
C001038,2026-06-17,2026-09-06,2.0,6635.76,3317.88,2026-06,107.0,1.0,81.0,0.7407407407407407,ACTIVE_COHORT_MEMBER
C001039,2026-06-16,2026-06-16,1.0,2506.06,2506.06,2026-06,189.0,0.0,0.0,1.0,ACTIVE_COHORT_MEMBER
C001040,,,,,,,,,,,NO_BOOKING
C001041,2026-04-10,2026-07-19,3.0,11319.26,3773.0866666666666,2026-04,156.0,1.0,100.0,0.8999999999999999,ACTIVE_COHORT_MEMBER
C001042,,,,,,,,,,,NO_BOOKING
C001043,,,,,,,,,,,NO_BOOKING
C001044,2025-11-20,2025-12-05,2.0,3302.18,1651.09,2025-11,382.0,1.0,15.0,2.0,ACTIVE_COHORT_MEMBER
C001045,2025-11-27,2025-11-27,1.0,3696.25,3696.25,2025-11,390.0,0.0,0.0,1.0,ACTIVE_COHORT_MEMBER
C001046,2026-01-04,2026-07-16,2.0,3455.16,1727.58,2026-01,159.0,1.0,193.0,0.31088082901554404,ACTIVE_COHORT_MEMBER
C001047,,,,,,,,,,,NO_BOOKING
C001048,,,,,,,,,,,NO_BOOKING
C001049,2025-12-24,2026-03-18,2.0,5296.55,2648.275,2025-12,279.0,1.0,84.0,0.7142857142857143,ACTIVE_COHORT_MEMBER
C001050,2026-03-19,2026-07-16,2.0,6490.52,3245.26,2026-03,159.0,1.0,119.0,0.5042016806722689,ACTIVE_COHORT_MEMBER
C001051,2025-09-21,2026-08-03,2.0,6207.200000000001,3103.6000000000004,2025-09,141.0,1.0,316.0,0.189873417721519,ACTIVE_COHORT_MEMBER
C001052,2026-04-17,2026-04-17,1.0,3091.01,3091.01,2026-04,249.0,0.0,0.0,1.0,ACTIVE_COHORT_MEMBER
C001053,2026-05-09,2026-10-19,2.0,4711.45,2355.725,2026-05,64.0,1.0,163.0,0.36809815950920244,ACTIVE_COHORT_MEMBER
C001054,,,,,,,,,,,NO_BOOKING
C001055,2026-03-08,2026-08-24,2.0,4925.27,2462.635,2026-03,120.0,1.0,169.0,0.35502958579881655,ACTIVE_COHORT_MEMBER
C001056,2026-05-02,2026-05-02,1.0,652.05,652.05,2026-05,234.0,0.0,0.0,1.0,ACTIVE_COHORT_MEMBER
C001057,,,,,,,,,,,NO_BOOKING
C001058,,,,,,,,,,,NO_BOOKING
C001059,2025-09-22,2026-10-06,3.0,9983.55,3327.85,2025-09,77.0,1.0,379.0,0.237467018469657,ACTIVE_COHORT_MEMBER
C001060,2025-09-15,2025-09-15,1.0,3805.34,3805.34,2025-09,463.0,0.0,0.0,1.0,ACTIVE_COHORT_MEMBER
C001061,2026-11-26,2026-11-26,1.0,3111.45,3111.45,2026-11,26.0,0.0,0.0,1.0,ACTIVE_COHORT_MEMBER
C001062,,,,,,,,,,,NO_BOOKING
C001063,2026-01-11,2026-08-29,2.0,6654.33,3327.165,2026-01,115.0,1.0,230.0,0.2608695652173913,ACTIVE_COHORT_MEMBER
C001064,2026-10-10,2026-10-10,1.0,2086.77,2086.77,2026-10,73.0,0.0,0.0,1.0,ACTIVE_COHORT_MEMBER
C001065,2026-01-08,2026-11-12,3.0,11732.71,3910.903333333333,2026-01,40.0,1.0,308.0,0.2922077922077922,ACTIVE_COHORT_MEMBER
C001066,2025-11-10,2026-10-09,3.0,11690.1,3896.7000000000003,2025-11,74.0,1.0,333.0,0.2702702702702703,ACTIVE_COHORT_MEMBER
C001067,2025-11-12,2025-11-12,1.0,3415.14,3415.14,2025-11,405.0,0.0,0.0,1.0,ACTIVE_COHORT_MEMBER
C001068,2025-09-25,2026-10-18,4.0,11229.41,2807.3525,2025-09,65.0,1.0,388.0,0.30927835051546393,ACTIVE_COHORT_MEMBER
C001069,,,,,,,,,,,NO_BOOKING
C001070,2026-03-16,2026-08-17,2.0,6119.76,3059.88,2026-03,127.0,1.0,154.0,0.3896103896103896,ACTIVE_COHORT_MEMBER
C001071,2026-03-17,2026-08-16,3.0,11429.71,3809.903333333333,2026-03,128.0,1.0,152.0,0.5921052631578948,ACTIVE_COHORT_MEMBER
C001072,,,,,,,,,,,NO_BOOKING
C001073,2025-08-21,2025-12-07,2.0,5163.759999999999,2581.8799999999997,2025-08,380.0,1.0,108.0,0.5555555555555556,ACTIVE_COHORT_MEMBER
C001074,2025-11-07,2026-10-03,3.0,8838.2,2946.066666666667,2025-11,80.0,1.0,330.0,0.2727272727272727,ACTIVE_COHORT_MEMBER
C001075,2026-04-10,2026-09-20,2.0,6694.150000000001,3347.0750000000003,2026-04,93.0,1.0,163.0,0.36809815950920244,ACTIVE_COHORT_MEMBER
C001076,2025-11-11,2025-12-31,2.0,2565.45,1282.725,2025-11,356.0,1.0,50.0,1.2,ACTIVE_COHORT_MEMBER
C001077,2026-07-01,2026-07-01,1.0,4453.84,4453.84,2026-07,174.0,0.0,0.0,1.0,ACTIVE_COHORT_MEMBER
C001078,2025-12-19,2026-04-15,3.0,9002.69,3000.896666666667,2025-12,251.0,1.0,117.0,0.7692307692307693,ACTIVE_COHORT_MEMBER
C001079,,,,,,,,,,,NO_BOOKING
C001080,2026-05-15,2026-08-10,2.0,6768.049999999999,3384.0249999999996,2026-05,134.0,1.0,87.0,0.6896551724137931,ACTIVE_COHORT_MEMBER
C001081,2025-11-30,2025-11-30,1.0,4770.04,4770.04,2025-11,387.0,0.0,0.0,1.0,ACTIVE_COHORT_MEMBER
C001082,2026-01-30,2026-04-12,3.0,10401.17,3467.056666666667,2026-01,254.0,1.0,72.0,1.25,ACTIVE_COHORT_MEMBER
C001083,2026-04-28,2026-10-02,2.0,8324.42,4162.21,2026-04,81.0,1.0,157.0,0.38216560509554137,ACTIVE_COHORT_MEMBER
C001084,2026-09-18,2026-11-19,2.0,6394.0599999999995,3197.0299999999997,2026-09,33.0,1.0,62.0,0.9677419354838709,ACTIVE_COHORT_MEMBER
C001085,,,,,,,,,,,NO_BOOKING
C001086,2026-05-08,2026-06-26,2.0,3072.0299999999997,1536.0149999999999,2026-05,179.0,1.0,49.0,1.2244897959183674,ACTIVE_COHORT_MEMBER
C001087,2025-12-17,2025-12-17,1.0,2641.24,2641.24,2025-12,370.0,0.0,0.0,1.0,ACTIVE_COHORT_MEMBER
C001088,,,,,,,,,,,NO_BOOKING
C001089,2025-12-27,2026-08-24,2.0,5949.9,2974.95,2025-12,120.0,1.0,240.0,0.25,ACTIVE_COHORT_MEMBER
C001090,2026-01-19,2026-06-19,3.0,4046.21,1348.7366666666667,2026-01,186.0,1.0,151.0,0.5960264900662252,ACTIVE_COHORT_MEMBER
C001091,,,,,,,,,,,NO_BOOKING
C001092,2025-12-17,2026-03-12,2.0,4897.46,2448.73,2025-12,285.0,1.0,85.0,0.7058823529411764,ACTIVE_COHORT_MEMBER
C001093,2026-12-01,2026-12-01,1.0,4339.29,4339.29,2026-12,21.0,0.0,0.0,1.0,ACTIVE_COHORT_MEMBER
C001094,2025-12-17,2026-09-21,3.0,7982.23,2660.7433333333333,2025-12,92.0,1.0,278.0,0.3237410071942446,ACTIVE_COHORT_MEMBER
C001095,2026-04-13,2026-10-03,2.0,5625.18,2812.59,2026-04,80.0,1.0,173.0,0.3468208092485549,ACTIVE_COHORT_MEMBER
C001096,2026-03-07,2026-03-07,1.0,2487.75,2487.75,2026-03,290.0,0.0,0.0,1.0,ACTIVE_COHORT_MEMBER
C001097,2025-12-04,2026-05-17,3.0,8510.04,2836.6800000000003,2025-12,219.0,1.0,164.0,0.5487804878048781,ACTIVE_COHORT_MEMBER
C001098,,,,,,,,,,,NO_BOOKING
C001099,2025-10-10,2026-08-03,7.0,23480.15,3354.307142857143,2025-10,141.0,1.0,297.0,0.7070707070707071,ACTIVE_COHORT_MEMBER
C001100,2026-01-15,2026-02-03,2.0,6402.31,3201.155,2026-01,322.0,1.0,19.0,2.0,ACTIVE_COHORT_MEMBER
C001101,2026-08-12,2026-08-12,1.0,1267.85,1267.85,2026-08,132.0,0.0,0.0,1.0,ACTIVE_COHORT_MEMBER
C001102,2026-09-01,2026-09-01,1.0,4104.34,4104.34,2026-09,112.0,0.0,0.0,1.0,ACTIVE_COHORT_MEMBER
C001103,2026-01-29,2026-05-07,2.0,2535.05,1267.525,2026-01,229.0,1.0,98.0,0.6122448979591837,ACTIVE_COHORT_MEMBER
C001104,,,,,,,,,,,NO_BOOKING
C001105,2025-08-19,2026-05-29,3.0,10188.970000000001,3396.3233333333337,2025-08,207.0,1.0,283.0,0.31802120141342755,ACTIVE_COHORT_MEMBER
C001106,2026-06-06,2026-07-03,2.0,3556.78,1778.39,2026-06,172.0,1.0,27.0,2.0,ACTIVE_COHORT_MEMBER
C001107,2026-04-15,2026-09-20,2.0,6259.139999999999,3129.5699999999997,2026-04,93.0,1.0,158.0,0.379746835443038,ACTIVE_COHORT_MEMBER
C001108,2026-01-01,2026-01-01,1.0,808.28,808.28,2026-01,355.0,0.0,0.0,1.0,ACTIVE_COHORT_MEMBER
C001109,2026-09-05,2026-09-05,1.0,1356.72,1356.72,2026-09,108.0,0.0,0.0,1.0,ACTIVE_COHORT_MEMBER
C001110,2025-11-20,2026-05-17,2.0,6142.67,3071.335,2025-11,219.0,1.0,178.0,0.33707865168539325,ACTIVE_COHORT_MEMBER
C001111,2025-12-06,2025-12-06,1.0,3326.08,3326.08,2025-12,381.0,0.0,0.0,1.0,ACTIVE_COHORT_MEMBER
C001112,,,,,,,,,,,NO_BOOKING
C001113,,,,,,,,,,,NO_BOOKING
C001114,,,,,,,,,,,NO_BOOKING
C001115,2026-09-21,2026-09-21,1.0,2658.16,2658.16,2026-09,92.0,0.0,0.0,1.0,ACTIVE_COHORT_MEMBER
C001116,2026-02-25,2026-02-25,1.0,2912.19,2912.19,2026-02,300.0,0.0,0.0,1.0,ACTIVE_COHORT_MEMBER
C001117,2026-01-26,2026-09-07,2.0,6129.95,3064.975,2026-01,106.0,1.0,224.0,0.26785714285714285,ACTIVE_COHORT_MEMBER
C001118,2025-11-01,2026-06-22,2.0,6174.7,3087.35,2025-11,183.0,1.0,233.0,0.2575107296137339,ACTIVE_COHORT_MEMBER
C001119,2026-01-31,2026-01-31,1.0,2570.09,2570.09,2026-01,325.0,0.0,0.0,1.0,ACTIVE_COHORT_MEMBER
C001120,2025-09-16,2025-09-16,1.0,4319.24,4319.24,2025-09,462.0,0.0,0.0,1.0,ACTIVE_COHORT_MEMBER
C001121,2026-01-16,2026-04-25,2.0,4081.42,2040.71,2026-01,241.0,1.0,99.0,0.6060606060606061,ACTIVE_COHORT_MEMBER
C001122,,,,,,,,,,,NO_BOOKING
C001123,2026-01-31,2026-05-15,2.0,4455.86,2227.93,2026-01,221.0,1.0,104.0,0.5769230769230769,ACTIVE_COHORT_MEMBER
C001124,,,,,,,,,,,NO_BOOKING
C001125,2025-11-15,2026-11-12,4.0,9731.62,2432.905,2025-11,40.0,1.0,362.0,0.3314917127071823,ACTIVE_COHORT_MEMBER
C001126,2025-11-23,2026-09-10,3.0,10864.24,3621.4133333333334,2025-11,103.0,1.0,291.0,0.30927835051546393,ACTIVE_COHORT_MEMBER
C001127,2026-06-06,2026-06-06,1.0,4779.67,4779.67,2026-06,199.0,0.0,0.0,1.0,ACTIVE_COHORT_MEMBER
C001128,2026-07-29,2026-07-29,1.0,4534.26,4534.26,2026-07,146.0,0.0,0.0,1.0,ACTIVE_COHORT_MEMBER
C001129,2026-11-09,2026-11-09,1.0,800.49,800.49,2026-11,43.0,0.0,0.0,1.0,ACTIVE_COHORT_MEMBER
C001130,2026-05-18,2026-06-14,3.0,9211.34,3070.4466666666667,2026-05,191.0,1.0,27.0,3.0,ACTIVE_COHORT_MEMBER
C001131,2026-06-17,2026-08-02,2.0,3795.91,1897.955,2026-06,142.0,1.0,46.0,1.3043478260869565,ACTIVE_COHORT_MEMBER
C001132,2026-01-09,2026-10-02,3.0,3770.6,1256.8666666666666,2026-01,81.0,1.0,266.0,0.3383458646616541,ACTIVE_COHORT_MEMBER
C001133,2025-12-16,2026-06-29,5.0,13646.21,2729.2419999999997,2025-12,176.0,1.0,195.0,0.7692307692307693,ACTIVE_COHORT_MEMBER
C001134,2026-02-10,2026-06-30,2.0,7515.969999999999,3757.9849999999997,2026-02,175.0,1.0,140.0,0.42857142857142855,ACTIVE_COHORT_MEMBER
C001135,2026-03-14,2026-08-31,3.0,9546.02,3182.0066666666667,2026-03,113.0,1.0,170.0,0.5294117647058824,ACTIVE_COHORT_MEMBER
C001136,2026-05-06,2026-06-28,3.0,5988.26,1996.0866666666668,2026-05,177.0,1.0,53.0,1.6981132075471699,ACTIVE_COHORT_MEMBER
C001137,2025-09-08,2026-07-08,3.0,8575.85,2858.616666666667,2025-09,167.0,1.0,303.0,0.297029702970297,ACTIVE_COHORT_MEMBER
C001138,2026-03-05,2026-03-05,1.0,4574.79,4574.79,2026-03,292.0,0.0,0.0,1.0,ACTIVE_COHORT_MEMBER
C001139,2026-06-11,2026-07-17,2.0,7792.82,3896.41,2026-06,158.0,1.0,36.0,1.6666666666666667,ACTIVE_COHORT_MEMBER
C001140,2026-05-17,2026-05-17,1.0,3763.11,3763.11,2026-05,219.0,0.0,0.0,1.0,ACTIVE_COHORT_MEMBER
C001141,2025-10-28,2026-02-07,2.0,5404.71,2702.355,2025-10,318.0,1.0,102.0,0.5882352941176471,ACTIVE_COHORT_MEMBER
C001142,2025-10-19,2026-07-06,4.0,15547.15,3886.7875,2025-10,169.0,1.0,260.0,0.46153846153846156,ACTIVE_COHORT_MEMBER
C001143,,,,,,,,,,,NO_BOOKING
C001144,2026-01-19,2026-06-24,2.0,4718.18,2359.09,2026-01,181.0,1.0,156.0,0.3846153846153846,ACTIVE_COHORT_MEMBER
C001145,2026-04-21,2026-04-21,1.0,3190.35,3190.35,2026-04,245.0,0.0,0.0,1.0,ACTIVE_COHORT_MEMBER
C001146,2026-05-29,2026-05-29,1.0,4602.24,4602.24,2026-05,207.0,0.0,0.0,1.0,ACTIVE_COHORT_MEMBER
C001147,,,,,,,,,,,NO_BOOKING
C001148,2025-10-07,2025-10-07,1.0,2685.84,2685.84,2025-10,441.0,0.0,0.0,1.0,ACTIVE_COHORT_MEMBER
C001149,2026-01-30,2026-01-30,1.0,3000.49,3000.49,2026-01,326.0,0.0,0.0,1.0,ACTIVE_COHORT_MEMBER
C001150,,,,,,,,,,,NO_BOOKING
C001151,2026-05-31,2026-07-08,2.0,3020.63,1510.315,2026-05,167.0,1.0,38.0,1.5789473684210527,ACTIVE_COHORT_MEMBER
C001152,2026-05-07,2026-10-06,2.0,7496.1,3748.05,2026-05,77.0,1.0,152.0,0.39473684210526316,ACTIVE_COHORT_MEMBER
C001153,2025-12-23,2026-04-17,2.0,5168.51,2584.255,2025-12,249.0,1.0,115.0,0.5217391304347826,ACTIVE_COHORT_MEMBER
C001154,,,,,,,,,,,NO_BOOKING
C001155,2026-04-10,2026-05-03,2.0,6307.39,3153.695,2026-04,233.0,1.0,23.0,2.0,ACTIVE_COHORT_MEMBER
C001156,2026-06-10,2026-06-10,1.0,3534.31,3534.31,2026-06,195.0,0.0,0.0,1.0,ACTIVE_COHORT_MEMBER
C001157,2026-02-14,2026-02-14,1.0,3176.95,3176.95,2026-02,311.0,0.0,0.0,1.0,ACTIVE_COHORT_MEMBER
C001158,,,,,,,,,,,NO_BOOKING
C001159,2026-05-07,2026-09-08,2.0,8902.21,4451.105,2026-05,105.0,1.0,124.0,0.48387096774193544,ACTIVE_COHORT_MEMBER
C001160,2025-09-15,2026-02-28,3.0,7521.950000000001,2507.316666666667,2025-09,297.0,1.0,166.0,0.5421686746987951,ACTIVE_COHORT_MEMBER
C001161,2025-12-09,2025-12-09,1.0,3334.59,3334.59,2025-12,378.0,0.0,0.0,1.0,ACTIVE_COHORT_MEMBER
C001162,2026-08-23,2026-08-23,1.0,4320.05,4320.05,2026-08,121.0,0.0,0.0,1.0,ACTIVE_COHORT_MEMBER
C001163,2026-02-20,2026-02-20,1.0,1635.13,1635.13,2026-02,305.0,0.0,0.0,1.0,ACTIVE_COHORT_MEMBER
C001164,2025-11-17,2025-11-17,1.0,860.07,860.07,2025-11,400.0,0.0,0.0,1.0,ACTIVE_COHORT_MEMBER
C001165,2026-03-24,2026-10-30,4.0,9872.23,2468.0575,2026-03,53.0,1.0,220.0,0.5454545454545455,ACTIVE_COHORT_MEMBER
C001166,2025-11-12,2025-11-12,1.0,1070.56,1070.56,2025-11,405.0,0.0,0.0,1.0,ACTIVE_COHORT_MEMBER
C001167,2025-10-14,2025-10-14,1.0,4572.41,4572.41,2025-10,434.0,0.0,0.0,1.0,ACTIVE_COHORT_MEMBER
C001168,2026-03-01,2026-08-12,3.0,5422.48,1807.493333333333,2026-03,132.0,1.0,164.0,0.5487804878048781,ACTIVE_COHORT_MEMBER
C001169,2026-03-03,2026-03-03,1.0,2634.33,2634.33,2026-03,294.0,0.0,0.0,1.0,ACTIVE_COHORT_MEMBER
C001170,2026-02-13,2026-03-28,2.0,4988.83,2494.415,2026-02,269.0,1.0,43.0,1.3953488372093024,ACTIVE_COHORT_MEMBER
C001171,2026-10-27,2026-10-27,1.0,1749.28,1749.28,2026-10,56.0,0.0,0.0,1.0,ACTIVE_COHORT_MEMBER
C001172,2026-06-12,2026-06-12,1.0,1763.69,1763.69,2026-06,193.0,0.0,0.0,1.0,ACTIVE_COHORT_MEMBER
C001173,2026-03-14,2026-03-14,1.0,2346.4,2346.4,2026-03,283.0,0.0,0.0,1.0,ACTIVE_COHORT_MEMBER
C001174,2026-01-15,2026-02-01,2.0,4253.15,2126.575,2026-01,324.0,1.0,17.0,2.0,ACTIVE_COHORT_MEMBER
C001175,2025-11-26,2026-10-11,2.0,3935.6899999999996,1967.8449999999998,2025-11,72.0,1.0,319.0,0.18808777429467086,ACTIVE_COHORT_MEMBER
C001176,,,,,,,,,,,NO_BOOKING
C001177,2026-02-13,2026-06-25,2.0,5005.799999999999,2502.8999999999996,2026-02,180.0,1.0,132.0,0.45454545454545453,ACTIVE_COHORT_MEMBER
C001178,2025-10-16,2026-02-05,4.0,11181.66,2795.415,2025-10,320.0,1.0,112.0,1.0714285714285714,ACTIVE_COHORT_MEMBER
C001179,2026-01-02,2026-01-02,1.0,3985.11,3985.11,2026-01,354.0,0.0,0.0,1.0,ACTIVE_COHORT_MEMBER
C001180,2026-05-14,2026-05-14,1.0,2607.15,2607.15,2026-05,222.0,0.0,0.0,1.0,ACTIVE_COHORT_MEMBER
C001181,,,,,,,,,,,NO_BOOKING
C001182,2026-02-16,2026-04-25,2.0,8592.49,4296.245,2026-02,241.0,1.0,68.0,0.8823529411764706,ACTIVE_COHORT_MEMBER
C001183,2025-10-19,2026-07-10,2.0,4878.7,2439.35,2025-10,165.0,1.0,264.0,0.22727272727272727,ACTIVE_COHORT_MEMBER
C001184,,,,,,,,,,,NO_BOOKING
C001185,2026-01-24,2026-12-07,4.0,11174.23,2793.5575,2026-01,15.0,1.0,317.0,0.37854889589905366,ACTIVE_COHORT_MEMBER
C001186,2026-05-06,2026-05-06,1.0,3221.27,3221.27,2026-05,230.0,0.0,0.0,1.0,ACTIVE_COHORT_MEMBER
C001187,2026-10-06,2026-10-06,1.0,2631.49,2631.49,2026-10,77.0,0.0,0.0,1.0,ACTIVE_COHORT_MEMBER
C001188,2026-05-29,2026-08-29,2.0,6650.43,3325.215,2026-05,115.0,1.0,92.0,0.6521739130434783,ACTIVE_COHORT_MEMBER
C001189,,,,,,,,,,,NO_BOOKING
C001190,2026-01-19,2026-09-01,2.0,4916.81,2458.405,2026-01,112.0,1.0,225.0,0.26666666666666666,ACTIVE_COHORT_MEMBER
C001191,2026-03-16,2026-03-16,1.0,2078.33,2078.33,2026-03,281.0,0.0,0.0,1.0,ACTIVE_COHORT_MEMBER
C001192,2026-03-01,2026-10-17,4.0,14204.34,3551.085,2026-03,66.0,1.0,230.0,0.5217391304347826,ACTIVE_COHORT_MEMBER
C001193,2026-10-29,2026-10-29,1.0,4861.72,4861.72,2026-10,54.0,0.0,0.0,1.0,ACTIVE_COHORT_MEMBER
C001194,,,,,,,,,,,NO_BOOKING
C001195,,,,,,,,,,,NO_BOOKING
C001196,,,,,,,,,,,NO_BOOKING
C001197,2025-12-30,2026-09-16,3.0,10425.98,3475.3266666666664,2025-12,97.0,1.0,260.0,0.3461538461538462,ACTIVE_COHORT_MEMBER
C001198,,,,,,,,,,,NO_BOOKING
C001199,2025-10-31,2025-10-31,1.0,2496.16,2496.16,2025-10,417.0,0.0,0.0,1.0,ACTIVE_COHORT_MEMBER
C001200,,,,,,,,,,,NO_BOOKING
C001201,2026-08-16,2026-08-16,1.0,4112.6,4112.6,2026-08,128.0,0.0,0.0,1.0,ACTIVE_COHORT_MEMBER
C001202,,,,,,,,,,,NO_BOOKING
C001203,2026-10-28,2026-10-28,1.0,3420.93,3420.93,2026-10,55.0,0.0,0.0,1.0,ACTIVE_COHORT_MEMBER
C001204,2025-08-10,2025-08-10,1.0,4413.33,4413.33,2025-08,499.0,0.0,0.0,1.0,ACTIVE_COHORT_MEMBER
C001205,2026-02-19,2026-02-19,1.0,3644.28,3644.28,2026-02,306.0,0.0,0.0,1.0,ACTIVE_COHORT_MEMBER
C001206,2025-10-26,2026-12-15,3.0,8021.28,2673.7599999999998,2025-10,7.0,1.0,415.0,0.21686746987951808,ACTIVE_COHORT_MEMBER
C001207,2026-07-31,2026-07-31,1.0,2685.25,2685.25,2026-07,144.0,0.0,0.0,1.0,ACTIVE_COHORT_MEMBER
C001208,2025-11-28,2026-08-24,2.0,5762.82,2881.41,2025-11,120.0,1.0,269.0,0.22304832713754646,ACTIVE_COHORT_MEMBER
C001209,2025-12-24,2025-12-24,1.0,3579.08,3579.08,2025-12,363.0,0.0,0.0,1.0,ACTIVE_COHORT_MEMBER
C001210,2026-01-15,2026-04-08,2.0,6367.49,3183.745,2026-01,258.0,1.0,83.0,0.7228915662650602,ACTIVE_COHORT_MEMBER
C001211,,,,,,,,,,,NO_BOOKING
C001212,2026-04-14,2026-06-28,2.0,5460.79,2730.395,2026-04,177.0,1.0,75.0,0.8,ACTIVE_COHORT_MEMBER
C001213,2025-12-13,2025-12-13,1.0,2564.83,2564.83,2025-12,374.0,0.0,0.0,1.0,ACTIVE_COHORT_MEMBER
C001214,2025-12-17,2025-12-17,1.0,1147.49,1147.49,2025-12,370.0,0.0,0.0,1.0,ACTIVE_COHORT_MEMBER
C001215,2026-04-06,2026-05-07,2.0,5377.82,2688.91,2026-04,229.0,1.0,31.0,1.9354838709677418,ACTIVE_COHORT_MEMBER
C001216,2026-10-27,2026-10-27,1.0,4066.81,4066.81,2026-10,56.0,0.0,0.0,1.0,ACTIVE_COHORT_MEMBER
C001217,2025-12-15,2026-05-08,4.0,9049.76,2262.44,2025-12,228.0,1.0,144.0,0.8333333333333334,ACTIVE_COHORT_MEMBER
C001218,2025-11-19,2025-11-19,1.0,2771.95,2771.95,2025-11,398.0,0.0,0.0,1.0,ACTIVE_COHORT_MEMBER
C001219,2026-01-01,2026-08-25,3.0,8095.92,2698.64,2026-01,119.0,1.0,236.0,0.38135593220338987,ACTIVE_COHORT_MEMBER
C001220,,,,,,,,,,,NO_BOOKING
C001221,2026-02-27,2026-02-27,1.0,832.31,832.31,2026-02,298.0,0.0,0.0,1.0,ACTIVE_COHORT_MEMBER
C001222,2025-09-17,2026-07-13,2.0,8511.68,4255.84,2025-09,162.0,1.0,299.0,0.20066889632107024,ACTIVE_COHORT_MEMBER
C001223,2025-12-19,2025-12-19,1.0,1968.06,1968.06,2025-12,368.0,0.0,0.0,1.0,ACTIVE_COHORT_MEMBER
C001224,2026-10-12,2026-10-12,1.0,576.47,576.47,2026-10,71.0,0.0,0.0,1.0,ACTIVE_COHORT_MEMBER
C001225,,,,,,,,,,,NO_BOOKING
C001226,2026-07-13,2026-07-13,1.0,1981.79,1981.79,2026-07,162.0,0.0,0.0,1.0,ACTIVE_COHORT_MEMBER
C001227,,,,,,,,,,,NO_BOOKING
C001228,2025-12-09,2025-12-09,1.0,2568.79,2568.79,2025-12,378.0,0.0,0.0,1.0,ACTIVE_COHORT_MEMBER
C001229,2026-03-19,2026-05-31,2.0,6081.02,3040.51,2026-03,205.0,1.0,73.0,0.8219178082191781,ACTIVE_COHORT_MEMBER
C001230,2026-04-14,2026-05-07,2.0,6770.83,3385.415,2026-04,229.0,1.0,23.0,2.0,ACTIVE_COHORT_MEMBER
C001231,2025-11-20,2026-07-10,3.0,11175.64,3725.213333333333,2025-11,165.0,1.0,232.0,0.3879310344827586,ACTIVE_COHORT_MEMBER
C001232,2026-02-26,2026-12-02,2.0,8272.07,4136.035,2026-02,20.0,1.0,279.0,0.2150537634408602,ACTIVE_COHORT_MEMBER
C001233,2025-11-09,2026-03-15,2.0,6413.09,3206.545,2025-11,282.0,1.0,126.0,0.47619047619047616,ACTIVE_COHORT_MEMBER
C001234,,,,,,,,,,,NO_BOOKING
C001235,2025-10-12,2025-10-12,1.0,1904.59,1904.59,2025-10,436.0,0.0,0.0,1.0,ACTIVE_COHORT_MEMBER
C001236,2025-12-23,2026-01-11,2.0,2885.64,1442.82,2025-12,345.0,1.0,19.0,2.0,ACTIVE_COHORT_MEMBER
C001237,2025-11-29,2026-05-02,2.0,4705.58,2352.79,2025-11,234.0,1.0,154.0,0.3896103896103896,ACTIVE_COHORT_MEMBER
C001238,2026-02-28,2026-02-28,1.0,3479.04,3479.04,2026-02,297.0,0.0,0.0,1.0,ACTIVE_COHORT_MEMBER
C001239,2026-03-25,2026-07-03,2.0,6125.2300000000005,3062.6150000000002,2026-03,172.0,1.0,100.0,0.6,ACTIVE_COHORT_MEMBER
C001240,2026-06-22,2026-06-22,1.0,2443.02,2443.02,2026-06,183.0,0.0,0.0,1.0,ACTIVE_COHORT_MEMBER
C001241,2026-04-17,2026-04-17,1.0,4958.04,4958.04,2026-04,249.0,0.0,0.0,1.0,ACTIVE_COHORT_MEMBER
C001242,2025-12-15,2026-06-25,3.0,10057.17,3352.39,2025-12,180.0,1.0,192.0,0.46875,ACTIVE_COHORT_MEMBER
C001243,2026-07-22,2026-07-22,1.0,3067.18,3067.18,2026-07,153.0,0.0,0.0,1.0,ACTIVE_COHORT_MEMBER
C001244,2025-11-09,2026-08-25,6.0,13595.02,2265.8366666666666,2025-11,119.0,1.0,289.0,0.6228373702422145,ACTIVE_COHORT_MEMBER
C001245,2025-11-24,2026-09-12,2.0,4065.01,2032.505,2025-11,101.0,1.0,292.0,0.20547945205479454,ACTIVE_COHORT_MEMBER
C001246,2026-04-30,2026-04-30,1.0,4310.48,4310.48,2026-04,236.0,0.0,0.0,1.0,ACTIVE_COHORT_MEMBER
C001247,2026-06-19,2026-06-19,1.0,2558.56,2558.56,2026-06,186.0,0.0,0.0,1.0,ACTIVE_COHORT_MEMBER
C001248,2026-05-10,2026-05-10,1.0,2280.52,2280.52,2026-05,226.0,0.0,0.0,1.0,ACTIVE_COHORT_MEMBER
C001249,2026-03-03,2026-04-26,2.0,4350.02,2175.01,2026-03,240.0,1.0,54.0,1.1111111111111112,ACTIVE_COHORT_MEMBER
C001250,2025-12-10,2025-12-10,1.0,4031.21,4031.21,2025-12,377.0,0.0,0.0,1.0,ACTIVE_COHORT_MEMBER
C001251,2026-07-23,2026-09-08,2.0,6100.46,3050.23,2026-07,105.0,1.0,47.0,1.2765957446808511,ACTIVE_COHORT_MEMBER
C001252,2026-07-06,2026-07-06,1.0,2032.01,2032.01,2026-07,169.0,0.0,0.0,1.0,ACTIVE_COHORT_MEMBER
C001253,2026-03-13,2026-11-14,5.0,13147.85,2629.57,2026-03,38.0,1.0,246.0,0.6097560975609757,ACTIVE_COHORT_MEMBER
C001254,,,,,,,,,,,NO_BOOKING
C001255,2026-06-20,2026-06-20,1.0,870.65,870.65,2026-06,185.0,0.0,0.0,1.0,ACTIVE_COHORT_MEMBER
C001256,2026-04-15,2026-04-15,1.0,3276.74,3276.74,2026-04,251.0,0.0,0.0,1.0,ACTIVE_COHORT_MEMBER
C001257,2025-11-07,2026-01-23,3.0,10635.22,3545.0733333333333,2025-11,333.0,1.0,77.0,1.1688311688311688,ACTIVE_COHORT_MEMBER
C001258,2026-09-25,2026-10-28,2.0,4606.78,2303.39,2026-09,55.0,1.0,33.0,1.8181818181818181,ACTIVE_COHORT_MEMBER
C001259,2026-05-12,2026-05-12,1.0,1473.15,1473.15,2026-05,224.0,0.0,0.0,1.0,ACTIVE_COHORT_MEMBER
C001260,2026-01-08,2026-01-08,1.0,1618.38,1618.38,2026-01,348.0,0.0,0.0,1.0,ACTIVE_COHORT_MEMBER
C001261,2026-02-28,2026-03-21,2.0,4085.9399999999996,2042.9699999999998,2026-02,276.0,1.0,21.0,2.0,ACTIVE_COHORT_MEMBER
C001262,,,,,,,,,,,NO_BOOKING
C001263,2026-02-24,2026-07-30,3.0,4109.21,1369.7366666666667,2026-02,145.0,1.0,156.0,0.5769230769230769,ACTIVE_COHORT_MEMBER
C001264,2026-10-05,2026-10-05,1.0,653.97,653.97,2026-10,78.0,0.0,0.0,1.0,ACTIVE_COHORT_MEMBER
C001265,2026-05-25,2026-08-07,2.0,6001.49,3000.745,2026-05,137.0,1.0,74.0,0.8108108108108107,ACTIVE_COHORT_MEMBER
C001266,2026-01-11,2026-01-11,1.0,501.29,501.29,2026-01,345.0,0.0,0.0,1.0,ACTIVE_COHORT_MEMBER
C001267,2026-02-08,2026-02-08,1.0,2338.97,2338.97,2026-02,317.0,0.0,0.0,1.0,ACTIVE_COHORT_MEMBER
C001268,2026-03-15,2026-03-15,1.0,716.11,716.11,2026-03,282.0,0.0,0.0,1.0,ACTIVE_COHORT_MEMBER
C001269,2026-02-27,2026-12-02,2.0,8735.71,4367.855,2026-02,20.0,1.0,278.0,0.2158273381294964,ACTIVE_COHORT_MEMBER
C001270,2026-01-06,2026-05-03,5.0,9431.18,1886.236,2026-01,233.0,1.0,117.0,1.2820512820512822,ACTIVE_COHORT_MEMBER
C001271,2025-11-01,2025-11-01,1.0,4418.13,4418.13,2025-11,416.0,0.0,0.0,1.0,ACTIVE_COHORT_MEMBER
C001272,2026-05-16,2026-05-16,1.0,1034.06,1034.06,2026-05,220.0,0.0,0.0,1.0,ACTIVE_COHORT_MEMBER
C001273,,,,,,,,,,,NO_BOOKING
C001274,2025-09-16,2026-07-12,3.0,8966.29,2988.763333333334,2025-09,163.0,1.0,299.0,0.3010033444816054,ACTIVE_COHORT_MEMBER
C001275,2025-12-29,2025-12-29,1.0,646.01,646.01,2025-12,358.0,0.0,0.0,1.0,ACTIVE_COHORT_MEMBER
C001276,2026-01-13,2026-03-09,2.0,6554.77,3277.385,2026-01,288.0,1.0,55.0,1.090909090909091,ACTIVE_COHORT_MEMBER
C001277,2025-12-26,2025-12-26,1.0,798.84,798.84,2025-12,361.0,0.0,0.0,1.0,ACTIVE_COHORT_MEMBER
C001278,,,,,,,,,,,NO_BOOKING
C001279,2026-02-18,2026-02-18,1.0,2077.86,2077.86,2026-02,307.0,0.0,0.0,1.0,ACTIVE_COHORT_MEMBER
C001280,2026-04-12,2026-09-13,3.0,3912.88,1304.2933333333333,2026-04,100.0,1.0,154.0,0.5844155844155844,ACTIVE_COHORT_MEMBER
C001281,2026-07-22,2026-08-09,2.0,4055.67,2027.835,2026-07,135.0,1.0,18.0,2.0,ACTIVE_COHORT_MEMBER
C001282,,,,,,,,,,,NO_BOOKING
C001283,2026-01-03,2026-01-03,1.0,1989.28,1989.28,2026-01,353.0,0.0,0.0,1.0,ACTIVE_COHORT_MEMBER
C001284,2025-10-30,2026-08-16,5.0,16019.189999999999,3203.8379999999997,2025-10,128.0,1.0,290.0,0.5172413793103449,ACTIVE_COHORT_MEMBER
C001285,2026-08-19,2026-08-19,1.0,2094.08,2094.08,2026-08,125.0,0.0,0.0,1.0,ACTIVE_COHORT_MEMBER
C001286,2026-11-17,2026-11-17,1.0,2346.51,2346.51,2026-11,35.0,0.0,0.0,1.0,ACTIVE_COHORT_MEMBER
C001287,2026-07-21,2026-07-21,1.0,1939.33,1939.33,2026-07,154.0,0.0,0.0,1.0,ACTIVE_COHORT_MEMBER
C001288,2025-10-31,2025-10-31,1.0,2620.51,2620.51,2025-10,417.0,0.0,0.0,1.0,ACTIVE_COHORT_MEMBER
C001289,2026-02-26,2026-04-01,2.0,3080.77,1540.385,2026-02,265.0,1.0,34.0,1.7647058823529411,ACTIVE_COHORT_MEMBER
C001290,2025-09-27,2025-09-27,1.0,4551.53,4551.53,2025-09,451.0,0.0,0.0,1.0,ACTIVE_COHORT_MEMBER
C001291,2026-04-28,2026-04-28,1.0,3180.59,3180.59,2026-04,238.0,0.0,0.0,1.0,ACTIVE_COHORT_MEMBER
C001292,2026-08-10,2026-08-10,1.0,553.25,553.25,2026-08,134.0,0.0,0.0,1.0,ACTIVE_COHORT_MEMBER
C001293,2026-08-07,2026-09-25,2.0,3284.26,1642.13,2026-08,88.0,1.0,49.0,1.2244897959183674,ACTIVE_COHORT_MEMBER
C001294,2026-03-25,2026-06-22,2.0,1512.1599999999999,756.0799999999999,2026-03,183.0,1.0,89.0,0.6741573033707865,ACTIVE_COHORT_MEMBER
C001295,2026-04-28,2026-11-11,2.0,6090.84,3045.42,2026-04,41.0,1.0,197.0,0.30456852791878175,ACTIVE_COHORT_MEMBER
C001296,2025-10-21,2025-10-21,1.0,520.22,520.22,2025-10,427.0,0.0,0.0,1.0,ACTIVE_COHORT_MEMBER
C001297,2026-03-08,2026-08-04,3.0,7588.34,2529.4466666666667,2026-03,140.0,1.0,149.0,0.6040268456375839,ACTIVE_COHORT_MEMBER
C001298,,,,,,,,,,,NO_BOOKING
C001299,2025-11-07,2025-11-07,1.0,2499.77,2499.77,2025-11,410.0,0.0,0.0,1.0,ACTIVE_COHORT_MEMBER
C001300,2026-01-13,2026-04-03,3.0,6428.16,2142.72,2026-01,263.0,1.0,80.0,1.125,ACTIVE_COHORT_MEMBER
C001301,2026-02-18,2026-04-20,2.0,4791.43,2395.715,2026-02,246.0,1.0,61.0,0.9836065573770493,ACTIVE_COHORT_MEMBER
C001302,2025-10-23,2026-05-25,6.0,18467.4,3077.9,2025-10,211.0,1.0,214.0,0.8411214953271028,ACTIVE_COHORT_MEMBER
C001303,2026-06-24,2026-06-24,1.0,2130.93,2130.93,2026-06,181.0,0.0,0.0,1.0,ACTIVE_COHORT_MEMBER
C001304,2026-03-13,2026-03-13,1.0,4342.76,4342.76,2026-03,284.0,0.0,0.0,1.0,ACTIVE_COHORT_MEMBER
C001305,2025-10-16,2026-09-05,4.0,14564.25,3641.0625,2025-10,108.0,1.0,324.0,0.37037037037037035,ACTIVE_COHORT_MEMBER
C001306,2025-11-29,2026-01-15,2.0,7687.25,3843.625,2025-11,341.0,1.0,47.0,1.2765957446808511,ACTIVE_COHORT_MEMBER
C001307,2026-02-08,2026-08-29,2.0,3281.4700000000003,1640.7350000000001,2026-02,115.0,1.0,202.0,0.297029702970297,ACTIVE_COHORT_MEMBER
C001308,2025-11-08,2026-11-19,4.0,7660.0599999999995,1915.0149999999999,2025-11,33.0,1.0,376.0,0.3191489361702128,ACTIVE_COHORT_MEMBER
C001309,2025-12-12,2026-06-22,2.0,6847.889999999999,3423.9449999999997,2025-12,183.0,1.0,192.0,0.3125,ACTIVE_COHORT_MEMBER
C001310,2026-08-20,2026-08-20,1.0,1126.75,1126.75,2026-08,124.0,0.0,0.0,1.0,ACTIVE_COHORT_MEMBER
C001311,,,,,,,,,,,NO_BOOKING
C001312,2025-08-21,2026-09-04,5.0,12823.15,2564.63,2025-08,109.0,1.0,379.0,0.395778364116095,ACTIVE_COHORT_MEMBER
C001313,2026-01-11,2026-07-14,3.0,7610.5199999999995,2536.8399999999997,2026-01,161.0,1.0,184.0,0.48913043478260865,ACTIVE_COHORT_MEMBER
C001314,2026-04-27,2026-04-30,2.0,4298.22,2149.11,2026-04,236.0,1.0,3.0,2.0,ACTIVE_COHORT_MEMBER
C001315,2025-11-24,2026-09-09,2.0,4768.09,2384.045,2025-11,104.0,1.0,289.0,0.20761245674740486,ACTIVE_COHORT_MEMBER
C001316,,,,,,,,,,,NO_BOOKING
C001317,2025-12-24,2026-09-25,5.0,13429.75,2685.95,2025-12,88.0,1.0,275.0,0.5454545454545455,ACTIVE_COHORT_MEMBER
C001318,2026-05-28,2026-05-28,1.0,4849.96,4849.96,2026-05,208.0,0.0,0.0,1.0,ACTIVE_COHORT_MEMBER
C001319,2026-09-08,2026-09-08,1.0,3044.86,3044.86,2026-09,105.0,0.0,0.0,1.0,ACTIVE_COHORT_MEMBER
C001320,2025-10-23,2025-10-23,1.0,2768.28,2768.28,2025-10,425.0,0.0,0.0,1.0,ACTIVE_COHORT_MEMBER
C001321,,,,,,,,,,,NO_BOOKING
C001322,2026-04-24,2026-04-24,1.0,4675.6,4675.6,2026-04,242.0,0.0,0.0,1.0,ACTIVE_COHORT_MEMBER
C001323,2025-11-14,2025-11-14,1.0,3562.47,3562.47,2025-11,403.0,0.0,0.0,1.0,ACTIVE_COHORT_MEMBER
C001324,,,,,,,,,,,NO_BOOKING
C001325,2026-02-05,2026-10-28,2.0,6393.41,3196.705,2026-02,55.0,1.0,265.0,0.22641509433962262,ACTIVE_COHORT_MEMBER
C001326,2025-12-07,2026-07-22,4.0,14167.18,3541.795,2025-12,153.0,1.0,227.0,0.5286343612334802,ACTIVE_COHORT_MEMBER
C001327,2026-06-16,2026-10-12,2.0,2513.1800000000003,1256.5900000000001,2026-06,71.0,1.0,118.0,0.5084745762711864,ACTIVE_COHORT_MEMBER
C001328,2026-03-09,2026-03-18,2.0,5446.73,2723.365,2026-03,279.0,1.0,9.0,2.0,ACTIVE_COHORT_MEMBER
C001329,,,,,,,,,,,NO_BOOKING
C001330,2026-01-23,2026-03-27,2.0,8566.57,4283.285,2026-01,270.0,1.0,63.0,0.9523809523809523,ACTIVE_COHORT_MEMBER
C001331,,,,,,,,,,,NO_BOOKING
C001332,2026-04-05,2026-07-28,2.0,7886.9,3943.45,2026-04,147.0,1.0,114.0,0.5263157894736842,ACTIVE_COHORT_MEMBER
C001333,2026-02-13,2026-05-02,2.0,8039.72,4019.86,2026-02,234.0,1.0,78.0,0.7692307692307692,ACTIVE_COHORT_MEMBER
C001334,2026-02-06,2026-02-06,1.0,4373.24,4373.24,2026-02,319.0,0.0,0.0,1.0,ACTIVE_COHORT_MEMBER
C001335,2026-08-09,2026-08-09,1.0,3881.7,3881.7,2026-08,135.0,0.0,0.0,1.0,ACTIVE_COHORT_MEMBER
C001336,2025-11-15,2025-11-15,1.0,3097.75,3097.75,2025-11,402.0,0.0,0.0,1.0,ACTIVE_COHORT_MEMBER
C001337,2026-05-02,2026-05-02,1.0,1022.29,1022.29,2026-05,234.0,0.0,0.0,1.0,ACTIVE_COHORT_MEMBER
C001338,2026-05-21,2026-05-21,1.0,3459.91,3459.91,2026-05,215.0,0.0,0.0,1.0,ACTIVE_COHORT_MEMBER
C001339,2026-09-01,2026-09-01,1.0,1799.67,1799.67,2026-09,112.0,0.0,0.0,1.0,ACTIVE_COHORT_MEMBER
C001340,,,,,,,,,,,NO_BOOKING
C001341,2026-02-07,2026-02-07,1.0,4406.56,4406.56,2026-02,318.0,0.0,0.0,1.0,ACTIVE_COHORT_MEMBER
C001342,2025-10-30,2026-10-25,4.0,13657.949999999999,3414.4874999999997,2025-10,58.0,1.0,360.0,0.3333333333333333,ACTIVE_COHORT_MEMBER
C001343,2026-05-07,2026-06-14,2.0,1911.3200000000002,955.6600000000001,2026-05,191.0,1.0,38.0,1.5789473684210527,ACTIVE_COHORT_MEMBER
C001344,2025-09-29,2025-09-29,1.0,4671.1,4671.1,2025-09,449.0,0.0,0.0,1.0,ACTIVE_COHORT_MEMBER
C001345,2026-01-16,2026-01-16,1.0,891.92,891.92,2026-01,340.0,0.0,0.0,1.0,ACTIVE_COHORT_MEMBER
C001346,,,,,,,,,,,NO_BOOKING
C001347,,,,,,,,,,,NO_BOOKING
C001348,2026-05-12,2026-05-12,1.0,2124.5,2124.5,2026-05,224.0,0.0,0.0,1.0,ACTIVE_COHORT_MEMBER
C001349,2025-11-26,2026-05-02,3.0,7235.23,2411.7433333333333,2025-11,234.0,1.0,157.0,0.5732484076433121,ACTIVE_COHORT_MEMBER
C001350,,,,,,,,,,,NO_BOOKING
C001351,,,,,,,,,,,NO_BOOKING
C001352,,,,,,,,,,,NO_BOOKING
C001353,2026-04-17,2026-04-17,1.0,2895.78,2895.78,2026-04,249.0,0.0,0.0,1.0,ACTIVE_COHORT_MEMBER
C001354,2025-08-14,2026-04-29,3.0,9648.01,3216.0033333333336,2025-08,237.0,1.0,258.0,0.3488372093023256,ACTIVE_COHORT_MEMBER
C001355,2026-12-07,2026-12-07,1.0,1446.5,1446.5,2026-12,15.0,0.0,0.0,1.0,ACTIVE_COHORT_MEMBER
C001356,2026-02-11,2026-02-11,1.0,4765.33,4765.33,2026-02,314.0,0.0,0.0,1.0,ACTIVE_COHORT_MEMBER
C001357,2025-10-29,2026-10-06,4.0,9379.36,2344.84,2025-10,77.0,1.0,342.0,0.3508771929824561,ACTIVE_COHORT_MEMBER
C001358,2025-07-26,2026-10-17,6.0,19079.879999999997,3179.9799999999996,2025-07,66.0,1.0,448.0,0.4017857142857143,ACTIVE_COHORT_MEMBER
C001359,2026-01-12,2026-05-23,3.0,9404.14,3134.713333333333,2026-01,213.0,1.0,131.0,0.6870229007633588,ACTIVE_COHORT_MEMBER
C001360,2026-03-27,2026-03-27,1.0,1059.08,1059.08,2026-03,270.0,0.0,0.0,1.0,ACTIVE_COHORT_MEMBER
C001361,,,,,,,,,,,NO_BOOKING
C001362,2026-10-24,2026-10-24,1.0,4593.88,4593.88,2026-10,59.0,0.0,0.0,1.0,ACTIVE_COHORT_MEMBER
C001363,2026-04-24,2026-04-24,1.0,1432.61,1432.61,2026-04,242.0,0.0,0.0,1.0,ACTIVE_COHORT_MEMBER
C001364,2026-01-14,2026-07-22,4.0,12148.02,3037.005,2026-01,153.0,1.0,189.0,0.6349206349206349,ACTIVE_COHORT_MEMBER
C001365,2026-04-24,2026-09-03,3.0,8786.220000000001,2928.7400000000002,2026-04,110.0,1.0,132.0,0.6818181818181818,ACTIVE_COHORT_MEMBER
C001366,2026-05-12,2026-09-06,3.0,9538.289999999999,3179.43,2026-05,107.0,1.0,117.0,0.7692307692307693,ACTIVE_COHORT_MEMBER
C001367,2026-09-01,2026-09-01,1.0,2223.89,2223.89,2026-09,112.0,0.0,0.0,1.0,ACTIVE_COHORT_MEMBER
C001368,2025-11-22,2026-09-12,2.0,6508.05,3254.025,2025-11,101.0,1.0,294.0,0.2040816326530612,ACTIVE_COHORT_MEMBER
C001369,2026-12-07,2026-12-07,1.0,3150.67,3150.67,2026-12,15.0,0.0,0.0,1.0,ACTIVE_COHORT_MEMBER
C001370,2026-02-18,2026-07-30,2.0,9513.259999999998,4756.629999999999,2026-02,145.0,1.0,162.0,0.37037037037037035,ACTIVE_COHORT_MEMBER
C001371,2026-02-18,2026-02-18,1.0,2143.73,2143.73,2026-02,307.0,0.0,0.0,1.0,ACTIVE_COHORT_MEMBER
C001372,2026-03-14,2026-03-14,1.0,3643.6,3643.6,2026-03,283.0,0.0,0.0,1.0,ACTIVE_COHORT_MEMBER
C001373,,,,,,,,,,,NO_BOOKING
C001374,,,,,,,,,,,NO_BOOKING
C001375,,,,,,,,,,,NO_BOOKING
C001376,2026-06-15,2026-06-15,1.0,2391.06,2391.06,2026-06,190.0,0.0,0.0,1.0,ACTIVE_COHORT_MEMBER
C001377,2026-06-07,2026-06-07,1.0,3183.53,3183.53,2026-06,198.0,0.0,0.0,1.0,ACTIVE_COHORT_MEMBER
C001378,2025-09-24,2026-04-22,3.0,9690.7,3230.2333333333336,2025-09,244.0,1.0,210.0,0.42857142857142855,ACTIVE_COHORT_MEMBER
C001379,2025-12-17,2026-09-30,3.0,10184.060000000001,3394.686666666667,2025-12,83.0,1.0,287.0,0.31358885017421606,ACTIVE_COHORT_MEMBER
C001380,,,,,,,,,,,NO_BOOKING
C001381,2025-11-24,2026-08-14,2.0,6912.8099999999995,3456.4049999999997,2025-11,130.0,1.0,263.0,0.22813688212927755,ACTIVE_COHORT_MEMBER
C001382,2026-01-24,2026-10-13,3.0,6057.3,2019.1000000000001,2026-01,70.0,1.0,262.0,0.3435114503816794,ACTIVE_COHORT_MEMBER
C001383,2025-12-26,2025-12-26,1.0,2643.0,2643.0,2025-12,361.0,0.0,0.0,1.0,ACTIVE_COHORT_MEMBER
C001384,,,,,,,,,,,NO_BOOKING
C001385,2025-11-08,2026-10-19,2.0,2419.65,1209.825,2025-11,64.0,1.0,345.0,0.17391304347826086,ACTIVE_COHORT_MEMBER
C001386,,,,,,,,,,,NO_BOOKING
C001387,2026-05-11,2026-07-18,2.0,6344.27,3172.135,2026-05,157.0,1.0,68.0,0.8823529411764706,ACTIVE_COHORT_MEMBER
C001388,2026-01-12,2026-09-24,4.0,11296.09,2824.0225,2026-01,89.0,1.0,255.0,0.47058823529411764,ACTIVE_COHORT_MEMBER
C001389,2026-05-22,2026-12-15,3.0,11107.08,3702.36,2026-05,7.0,1.0,207.0,0.43478260869565216,ACTIVE_COHORT_MEMBER
C001390,2026-01-19,2026-04-23,2.0,9689.36,4844.68,2026-01,243.0,1.0,94.0,0.6382978723404256,ACTIVE_COHORT_MEMBER
C001391,2026-04-26,2026-10-23,4.0,13101.2,3275.3,2026-04,60.0,1.0,180.0,0.6666666666666666,ACTIVE_COHORT_MEMBER
C001392,2025-09-23,2026-06-03,3.0,11099.650000000001,3699.8833333333337,2025-09,202.0,1.0,253.0,0.3557312252964427,ACTIVE_COHORT_MEMBER
C001393,2026-08-15,2026-08-15,1.0,4859.7,4859.7,2026-08,129.0,0.0,0.0,1.0,ACTIVE_COHORT_MEMBER
C001394,,,,,,,,,,,NO_BOOKING
C001395,2026-04-25,2026-07-12,2.0,3643.74,1821.87,2026-04,163.0,1.0,78.0,0.7692307692307692,ACTIVE_COHORT_MEMBER
C001396,2026-04-02,2026-04-02,1.0,4389.52,4389.52,2026-04,264.0,0.0,0.0,1.0,ACTIVE_COHORT_MEMBER
C001397,2025-11-25,2025-11-25,1.0,4553.58,4553.58,2025-11,392.0,0.0,0.0,1.0,ACTIVE_COHORT_MEMBER
C001398,2026-02-22,2026-06-30,3.0,5383.83,1794.61,2026-02,175.0,1.0,128.0,0.703125,ACTIVE_COHORT_MEMBER
C001399,2025-08-08,2025-08-08,1.0,4730.99,4730.99,2025-08,501.0,0.0,0.0,1.0,ACTIVE_COHORT_MEMBER
C001400,2026-06-02,2026-06-02,1.0,1887.46,1887.46,2026-06,203.0,0.0,0.0,1.0,ACTIVE_COHORT_MEMBER
C001401,2026-04-03,2026-04-03,1.0,2983.85,2983.85,2026-04,263.0,0.0,0.0,1.0,ACTIVE_COHORT_MEMBER
C001402,2025-07-29,2025-07-29,1.0,726.27,726.27,2025-07,511.0,0.0,0.0,1.0,ACTIVE_COHORT_MEMBER
C001403,,,,,,,,,,,NO_BOOKING
C001404,2025-09-03,2025-09-03,1.0,1229.64,1229.64,2025-09,475.0,0.0,0.0,1.0,ACTIVE_COHORT_MEMBER
C001405,2026-07-25,2026-09-07,2.0,1284.44,642.22,2026-07,106.0,1.0,44.0,1.3636363636363638,ACTIVE_COHORT_MEMBER
C001406,,,,,,,,,,,NO_BOOKING
C001407,,,,,,,,,,,NO_BOOKING
C001408,2026-01-17,2026-03-01,2.0,4164.41,2082.205,2026-01,296.0,1.0,43.0,1.3953488372093024,ACTIVE_COHORT_MEMBER
C001409,2026-07-15,2026-07-15,1.0,2305.24,2305.24,2026-07,160.0,0.0,0.0,1.0,ACTIVE_COHORT_MEMBER
C001410,2026-01-18,2026-10-05,3.0,9761.58,3253.86,2026-01,78.0,1.0,260.0,0.3461538461538462,ACTIVE_COHORT_MEMBER
C001411,2025-12-15,2026-03-29,3.0,11562.95,3854.316666666667,2025-12,268.0,1.0,104.0,0.8653846153846153,ACTIVE_COHORT_MEMBER
C001412,2026-01-11,2026-05-02,2.0,3849.08,1924.54,2026-01,234.0,1.0,111.0,0.5405405405405405,ACTIVE_COHORT_MEMBER
C001413,2026-01-14,2026-09-17,3.0,8042.870000000001,2680.956666666667,2026-01,96.0,1.0,246.0,0.3658536585365854,ACTIVE_COHORT_MEMBER
C001414,,,,,,,,,,,NO_BOOKING
C001415,,,,,,,,,,,NO_BOOKING
C001416,2026-05-02,2026-07-25,2.0,6957.650000000001,3478.8250000000003,2026-05,150.0,1.0,84.0,0.7142857142857143,ACTIVE_COHORT_MEMBER
C001417,2026-02-28,2026-06-03,2.0,4791.860000000001,2395.9300000000003,2026-02,202.0,1.0,95.0,0.6315789473684211,ACTIVE_COHORT_MEMBER
C001418,2026-02-27,2026-11-03,3.0,6132.41,2044.1366666666665,2026-02,49.0,1.0,249.0,0.36144578313253006,ACTIVE_COHORT_MEMBER
C001419,2026-06-23,2026-06-23,1.0,3786.68,3786.68,2026-06,182.0,0.0,0.0,1.0,ACTIVE_COHORT_MEMBER
C001420,,,,,,,,,,,NO_BOOKING
C001421,2026-09-28,2026-09-28,1.0,3157.39,3157.39,2026-09,85.0,0.0,0.0,1.0,ACTIVE_COHORT_MEMBER
C001422,,,,,,,,,,,NO_BOOKING
C001423,2026-02-14,2026-06-28,3.0,6112.16,2037.3866666666665,2026-02,177.0,1.0,134.0,0.6716417910447761,ACTIVE_COHORT_MEMBER
C001424,2026-01-06,2026-01-06,1.0,2436.97,2436.97,2026-01,350.0,0.0,0.0,1.0,ACTIVE_COHORT_MEMBER
C001425,2026-11-06,2026-11-06,1.0,4648.1,4648.1,2026-11,46.0,0.0,0.0,1.0,ACTIVE_COHORT_MEMBER
C001426,2026-05-24,2026-05-24,1.0,3188.31,3188.31,2026-05,212.0,0.0,0.0,1.0,ACTIVE_COHORT_MEMBER
C001427,,,,,,,,,,,NO_BOOKING
C001428,,,,,,,,,,,NO_BOOKING
C001429,2026-02-18,2026-03-26,2.0,4727.77,2363.885,2026-02,271.0,1.0,36.0,1.6666666666666667,ACTIVE_COHORT_MEMBER
C001430,2026-06-10,2026-06-10,1.0,3064.37,3064.37,2026-06,195.0,0.0,0.0,1.0,ACTIVE_COHORT_MEMBER
C001431,,,,,,,,,,,NO_BOOKING
C001432,2025-11-29,2025-12-16,2.0,6256.49,3128.245,2025-11,371.0,1.0,17.0,2.0,ACTIVE_COHORT_MEMBER
C001433,,,,,,,,,,,NO_BOOKING
C001434,,,,,,,,,,,NO_BOOKING
C001435,,,,,,,,,,,NO_BOOKING
C001436,2026-04-12,2026-11-17,2.0,4905.96,2452.98,2026-04,35.0,1.0,219.0,0.273972602739726,ACTIVE_COHORT_MEMBER
C001437,2025-11-18,2026-02-13,2.0,4753.18,2376.59,2025-11,312.0,1.0,87.0,0.6896551724137931,ACTIVE_COHORT_MEMBER
C001438,,,,,,,,,,,NO_BOOKING
C001439,2025-11-17,2025-11-17,1.0,2472.39,2472.39,2025-11,400.0,0.0,0.0,1.0,ACTIVE_COHORT_MEMBER
C001440,2025-10-05,2026-08-24,3.0,13690.61,4563.536666666667,2025-10,120.0,1.0,323.0,0.2786377708978328,ACTIVE_COHORT_MEMBER
C001441,2026-05-02,2026-05-02,1.0,785.86,785.86,2026-05,234.0,0.0,0.0,1.0,ACTIVE_COHORT_MEMBER
C001442,2025-12-10,2026-05-13,2.0,6411.05,3205.525,2025-12,223.0,1.0,154.0,0.3896103896103896,ACTIVE_COHORT_MEMBER
C001443,2026-06-02,2026-12-19,2.0,3315.7799999999997,1657.8899999999999,2026-06,3.0,1.0,200.0,0.3,ACTIVE_COHORT_MEMBER
C001444,2025-12-10,2025-12-10,1.0,4951.33,4951.33,2025-12,377.0,0.0,0.0,1.0,ACTIVE_COHORT_MEMBER
C001445,,,,,,,,,,,NO_BOOKING
C001446,2026-01-10,2026-05-14,3.0,9016.58,3005.5266666666666,2026-01,222.0,1.0,124.0,0.7258064516129031,ACTIVE_COHORT_MEMBER
C001447,,,,,,,,,,,NO_BOOKING
C001448,2025-09-06,2026-09-09,4.0,11314.03,2828.5075,2025-09,104.0,1.0,368.0,0.32608695652173914,ACTIVE_COHORT_MEMBER
C001449,2026-04-30,2026-04-30,1.0,2484.62,2484.62,2026-04,236.0,0.0,0.0,1.0,ACTIVE_COHORT_MEMBER
C001450,2025-12-05,2026-07-12,6.0,16196.289999999999,2699.3816666666667,2025-12,163.0,1.0,219.0,0.8219178082191781,ACTIVE_COHORT_MEMBER
C001451,2026-10-16,2026-10-16,1.0,2066.71,2066.71,2026-10,67.0,0.0,0.0,1.0,ACTIVE_COHORT_MEMBER
C001452,2026-02-10,2026-06-12,2.0,4706.4,2353.2,2026-02,193.0,1.0,122.0,0.49180327868852464,ACTIVE_COHORT_MEMBER
C001453,2026-09-20,2026-09-20,1.0,3903.05,3903.05,2026-09,93.0,0.0,0.0,1.0,ACTIVE_COHORT_MEMBER
C001454,2026-03-12,2026-03-12,1.0,4948.5,4948.5,2026-03,285.0,0.0,0.0,1.0,ACTIVE_COHORT_MEMBER
C001455,,,,,,,,,,,NO_BOOKING
C001456,2026-02-17,2026-02-17,1.0,2317.8,2317.8,2026-02,308.0,0.0,0.0,1.0,ACTIVE_COHORT_MEMBER
C001457,2026-07-20,2026-07-20,1.0,2334.88,2334.88,2026-07,155.0,0.0,0.0,1.0,ACTIVE_COHORT_MEMBER
C001458,2026-05-29,2026-05-29,1.0,2218.01,2218.01,2026-05,207.0,0.0,0.0,1.0,ACTIVE_COHORT_MEMBER
C001459,2026-04-12,2026-04-12,1.0,2031.25,2031.25,2026-04,254.0,0.0,0.0,1.0,ACTIVE_COHORT_MEMBER
C001460,2025-12-03,2025-12-03,1.0,2153.26,2153.26,2025-12,384.0,0.0,0.0,1.0,ACTIVE_COHORT_MEMBER
C001461,2025-10-26,2026-08-26,4.0,11644.08,2911.02,2025-10,118.0,1.0,304.0,0.39473684210526316,ACTIVE_COHORT_MEMBER
C001462,2026-04-29,2026-10-25,2.0,6612.51,3306.255,2026-04,58.0,1.0,179.0,0.33519553072625696,ACTIVE_COHORT_MEMBER
C001463,2026-02-02,2026-08-27,5.0,11410.470000000001,2282.094,2026-02,117.0,1.0,206.0,0.7281553398058253,ACTIVE_COHORT_MEMBER
C001464,2025-11-17,2026-05-22,2.0,7908.3,3954.15,2025-11,214.0,1.0,186.0,0.3225806451612903,ACTIVE_COHORT_MEMBER
C001465,2026-01-06,2026-01-06,1.0,2017.85,2017.85,2026-01,350.0,0.0,0.0,1.0,ACTIVE_COHORT_MEMBER
C001466,2026-09-11,2026-09-11,1.0,3301.0,3301.0,2026-09,102.0,0.0,0.0,1.0,ACTIVE_COHORT_MEMBER
C001467,2025-12-10,2026-02-06,3.0,8291.15,2763.7166666666667,2025-12,319.0,1.0,58.0,1.5517241379310345,ACTIVE_COHORT_MEMBER
C001468,2026-10-31,2026-10-31,1.0,2473.1,2473.1,2026-10,52.0,0.0,0.0,1.0,ACTIVE_COHORT_MEMBER
C001469,2026-05-24,2026-05-24,1.0,3688.44,3688.44,2026-05,212.0,0.0,0.0,1.0,ACTIVE_COHORT_MEMBER
C001470,2026-02-04,2026-05-27,2.0,2177.91,1088.955,2026-02,209.0,1.0,112.0,0.5357142857142857,ACTIVE_COHORT_MEMBER
C001471,2026-03-29,2026-03-29,1.0,1201.71,1201.71,2026-03,268.0,0.0,0.0,1.0,ACTIVE_COHORT_MEMBER
C001472,2025-11-15,2025-12-30,2.0,6167.96,3083.98,2025-11,357.0,1.0,45.0,1.3333333333333333,ACTIVE_COHORT_MEMBER
C001473,,,,,,,,,,,NO_BOOKING
C001474,2026-01-09,2026-06-14,3.0,8430.65,2810.2166666666667,2026-01,191.0,1.0,156.0,0.5769230769230769,ACTIVE_COHORT_MEMBER
C001475,2025-12-03,2026-02-15,2.0,3686.02,1843.01,2025-12,310.0,1.0,74.0,0.8108108108108107,ACTIVE_COHORT_MEMBER
C001476,2026-03-02,2026-07-30,2.0,4617.48,2308.74,2026-03,145.0,1.0,150.0,0.4,ACTIVE_COHORT_MEMBER
C001477,2026-11-09,2026-11-09,1.0,1520.29,1520.29,2026-11,43.0,0.0,0.0,1.0,ACTIVE_COHORT_MEMBER
C001478,2025-12-27,2025-12-27,1.0,2052.65,2052.65,2025-12,360.0,0.0,0.0,1.0,ACTIVE_COHORT_MEMBER
C001479,2026-05-28,2026-10-21,3.0,11959.08,3986.36,2026-05,62.0,1.0,146.0,0.6164383561643836,ACTIVE_COHORT_MEMBER
C001480,,,,,,,,,,,NO_BOOKING
C001481,2026-05-08,2026-05-08,1.0,3811.23,3811.23,2026-05,228.0,0.0,0.0,1.0,ACTIVE_COHORT_MEMBER
C001482,2026-02-17,2026-07-09,3.0,10994.460000000001,3664.82,2026-02,166.0,1.0,142.0,0.6338028169014085,ACTIVE_COHORT_MEMBER
C001483,,,,,,,,,,,NO_BOOKING
C001484,,,,,,,,,,,NO_BOOKING
C001485,2026-10-05,2026-10-05,1.0,1159.27,1159.27,2026-10,78.0,0.0,0.0,1.0,ACTIVE_COHORT_MEMBER
C001486,2026-03-13,2026-09-09,2.0,8924.720000000001,4462.360000000001,2026-03,104.0,1.0,180.0,0.3333333333333333,ACTIVE_COHORT_MEMBER
C001487,2025-12-16,2025-12-16,1.0,3007.61,3007.61,2025-12,371.0,0.0,0.0,1.0,ACTIVE_COHORT_MEMBER
C001488,2025-12-24,2025-12-24,1.0,3187.08,3187.08,2025-12,363.0,0.0,0.0,1.0,ACTIVE_COHORT_MEMBER
C001489,,,,,,,,,,,NO_BOOKING
C001490,,,,,,,,,,,NO_BOOKING
C001491,2026-08-03,2026-08-03,1.0,4737.89,4737.89,2026-08,141.0,0.0,0.0,1.0,ACTIVE_COHORT_MEMBER
C001492,,,,,,,,,,,NO_BOOKING
C001493,2026-05-06,2026-05-06,1.0,858.37,858.37,2026-05,230.0,0.0,0.0,1.0,ACTIVE_COHORT_MEMBER
C001494,2026-06-10,2026-09-17,2.0,3594.96,1797.48,2026-06,96.0,1.0,99.0,0.6060606060606061,ACTIVE_COHORT_MEMBER
C001495,2026-07-08,2026-07-08,1.0,4991.09,4991.09,2026-07,167.0,0.0,0.0,1.0,ACTIVE_COHORT_MEMBER
C001496,2026-05-21,2026-10-19,2.0,5456.93,2728.465,2026-05,64.0,1.0,151.0,0.3973509933774835,ACTIVE_COHORT_MEMBER
C001497,,,,,,,,,,,NO_BOOKING
C001498,2026-04-05,2026-07-04,2.0,5688.57,2844.285,2026-04,171.0,1.0,90.0,0.6666666666666666,ACTIVE_COHORT_MEMBER
C001499,,,,,,,,,,,NO_BOOKING
C001500,2025-12-17,2025-12-17,1.0,3198.36,3198.36,2025-12,370.0,0.0,0.0,1.0,ACTIVE_COHORT_MEMBER
C001501,2025-10-18,2026-07-03,4.0,12665.98,3166.495,2025-10,172.0,1.0,258.0,0.46511627906976744,ACTIVE_COHORT_MEMBER
C001502,,,,,,,,,,,NO_BOOKING
C001503,2026-01-22,2026-11-14,3.0,10751.61,3583.8700000000003,2026-01,38.0,1.0,296.0,0.30405405405405406,ACTIVE_COHORT_MEMBER
C001504,2025-11-18,2025-11-18,1.0,3821.92,3821.92,2025-11,399.0,0.0,0.0,1.0,ACTIVE_COHORT_MEMBER
C001505,2026-01-19,2026-04-26,2.0,8051.08,4025.54,2026-01,240.0,1.0,97.0,0.6185567010309279,ACTIVE_COHORT_MEMBER
C001506,2025-11-25,2026-06-05,4.0,14521.18,3630.295,2025-11,200.0,1.0,192.0,0.625,ACTIVE_COHORT_MEMBER
C001507,,,,,,,,,,,NO_BOOKING
C001508,2025-10-08,2026-08-02,2.0,2398.11,1199.055,2025-10,142.0,1.0,298.0,0.20134228187919462,ACTIVE_COHORT_MEMBER
C001509,2026-02-19,2026-02-19,1.0,4633.44,4633.44,2026-02,306.0,0.0,0.0,1.0,ACTIVE_COHORT_MEMBER
C001510,,,,,,,,,,,NO_BOOKING
C001511,2025-12-19,2026-02-22,2.0,4941.9400000000005,2470.9700000000003,2025-12,303.0,1.0,65.0,0.9230769230769231,ACTIVE_COHORT_MEMBER
C001512,,,,,,,,,,,NO_BOOKING
C001513,,,,,,,,,,,NO_BOOKING
C001514,,,,,,,,,,,NO_BOOKING
C001515,2026-03-08,2026-09-10,2.0,4832.01,2416.005,2026-03,103.0,1.0,186.0,0.3225806451612903,ACTIVE_COHORT_MEMBER
C001516,2025-11-23,2025-11-23,1.0,1123.17,1123.17,2025-11,394.0,0.0,0.0,1.0,ACTIVE_COHORT_MEMBER
C001517,2025-12-03,2025-12-03,1.0,4959.9,4959.9,2025-12,384.0,0.0,0.0,1.0,ACTIVE_COHORT_MEMBER
C001518,2025-08-20,2026-05-01,4.0,17029.57,4257.3925,2025-08,235.0,1.0,254.0,0.47244094488188976,ACTIVE_COHORT_MEMBER
C001519,2026-06-01,2026-10-28,2.0,6384.139999999999,3192.0699999999997,2026-06,55.0,1.0,149.0,0.40268456375838924,ACTIVE_COHORT_MEMBER
C001520,2026-05-20,2026-05-20,1.0,2937.96,2937.96,2026-05,216.0,0.0,0.0,1.0,ACTIVE_COHORT_MEMBER
C001521,2026-09-22,2026-09-22,1.0,4828.6,4828.6,2026-09,91.0,0.0,0.0,1.0,ACTIVE_COHORT_MEMBER
C001522,2026-01-30,2026-07-16,3.0,13454.82,4484.94,2026-01,159.0,1.0,167.0,0.5389221556886228,ACTIVE_COHORT_MEMBER
C001523,2026-03-11,2026-06-03,2.0,6279.9,3139.95,2026-03,202.0,1.0,84.0,0.7142857142857143,ACTIVE_COHORT_MEMBER
C001524,2025-12-22,2025-12-22,1.0,614.66,614.66,2025-12,365.0,0.0,0.0,1.0,ACTIVE_COHORT_MEMBER
C001525,2025-12-03,2026-08-06,4.0,9293.14,2323.285,2025-12,138.0,1.0,246.0,0.48780487804878053,ACTIVE_COHORT_MEMBER
C001526,2025-11-01,2025-11-01,1.0,3237.81,3237.81,2025-11,416.0,0.0,0.0,1.0,ACTIVE_COHORT_MEMBER
C001527,2025-12-29,2026-07-23,3.0,5968.17,1989.39,2025-12,152.0,1.0,206.0,0.4368932038834952,ACTIVE_COHORT_MEMBER
C001528,2026-01-06,2026-02-15,2.0,7601.17,3800.585,2026-01,310.0,1.0,40.0,1.5,ACTIVE_COHORT_MEMBER
C001529,2026-03-04,2026-03-04,1.0,2005.51,2005.51,2026-03,293.0,0.0,0.0,1.0,ACTIVE_COHORT_MEMBER
C001530,2026-02-02,2026-07-14,2.0,5055.72,2527.86,2026-02,161.0,1.0,162.0,0.37037037037037035,ACTIVE_COHORT_MEMBER
C001531,,,,,,,,,,,NO_BOOKING
C001532,2025-12-09,2026-08-02,4.0,10073.61,2518.4025,2025-12,142.0,1.0,236.0,0.5084745762711864,ACTIVE_COHORT_MEMBER
C001533,2026-09-03,2026-09-03,1.0,3144.68,3144.68,2026-09,110.0,0.0,0.0,1.0,ACTIVE_COHORT_MEMBER
C001534,,,,,,,,,,,NO_BOOKING
C001535,2026-02-07,2026-02-07,1.0,870.63,870.63,2026-02,318.0,0.0,0.0,1.0,ACTIVE_COHORT_MEMBER
C001536,2026-08-24,2026-08-24,1.0,4456.58,4456.58,2026-08,120.0,0.0,0.0,1.0,ACTIVE_COHORT_MEMBER
C001537,,,,,,,,,,,NO_BOOKING
C001538,2025-12-15,2026-07-10,4.0,7664.59,1916.1475,2025-12,165.0,1.0,207.0,0.5797101449275363,ACTIVE_COHORT_MEMBER
C001539,2026-02-21,2026-03-19,2.0,6859.58,3429.79,2026-02,278.0,1.0,26.0,2.0,ACTIVE_COHORT_MEMBER
C001540,2025-08-31,2025-08-31,1.0,1136.77,1136.77,2025-08,478.0,0.0,0.0,1.0,ACTIVE_COHORT_MEMBER
C001541,2025-12-23,2026-06-15,3.0,7582.68,2527.56,2025-12,190.0,1.0,174.0,0.5172413793103449,ACTIVE_COHORT_MEMBER
C001542,2025-12-20,2026-08-19,2.0,7526.36,3763.18,2025-12,125.0,1.0,242.0,0.24793388429752067,ACTIVE_COHORT_MEMBER
C001543,2026-01-22,2026-01-22,1.0,1129.35,1129.35,2026-01,334.0,0.0,0.0,1.0,ACTIVE_COHORT_MEMBER
C001544,2026-06-14,2026-06-14,1.0,3855.84,3855.84,2026-06,191.0,0.0,0.0,1.0,ACTIVE_COHORT_MEMBER
C001545,2026-05-09,2026-05-09,1.0,3869.72,3869.72,2026-05,227.0,0.0,0.0,1.0,ACTIVE_COHORT_MEMBER
C001546,2026-07-11,2026-09-21,2.0,6721.51,3360.755,2026-07,92.0,1.0,72.0,0.8333333333333334,ACTIVE_COHORT_MEMBER
C001547,2025-09-09,2026-08-09,3.0,7717.139999999999,2572.3799999999997,2025-09,135.0,1.0,334.0,0.2694610778443114,ACTIVE_COHORT_MEMBER
C001548,2025-10-25,2026-07-01,2.0,4994.73,2497.365,2025-10,174.0,1.0,249.0,0.24096385542168672,ACTIVE_COHORT_MEMBER
C001549,2026-01-01,2026-07-30,2.0,7496.86,3748.43,2026-01,145.0,1.0,210.0,0.2857142857142857,ACTIVE_COHORT_MEMBER
C001550,2026-10-06,2026-10-14,2.0,8803.54,4401.77,2026-10,69.0,1.0,8.0,2.0,ACTIVE_COHORT_MEMBER
C001551,2026-05-15,2026-05-15,1.0,2177.66,2177.66,2026-05,221.0,0.0,0.0,1.0,ACTIVE_COHORT_MEMBER
C001552,2025-10-07,2026-06-04,3.0,9248.32,3082.773333333333,2025-10,201.0,1.0,240.0,0.375,ACTIVE_COHORT_MEMBER
C001553,2026-01-08,2026-10-21,3.0,9459.43,3153.1433333333334,2026-01,62.0,1.0,286.0,0.3146853146853147,ACTIVE_COHORT_MEMBER
C001554,2025-12-13,2025-12-13,1.0,1895.11,1895.11,2025-12,374.0,0.0,0.0,1.0,ACTIVE_COHORT_MEMBER
C001555,2026-04-19,2026-04-19,1.0,2503.17,2503.17,2026-04,247.0,0.0,0.0,1.0,ACTIVE_COHORT_MEMBER
C001556,2026-02-14,2026-03-01,2.0,7725.55,3862.775,2026-02,296.0,1.0,15.0,2.0,ACTIVE_COHORT_MEMBER
C001557,2026-04-25,2026-07-10,2.0,1708.05,854.025,2026-04,165.0,1.0,76.0,0.7894736842105263,ACTIVE_COHORT_MEMBER
C001558,2026-06-20,2026-06-20,1.0,4366.26,4366.26,2026-06,185.0,0.0,0.0,1.0,ACTIVE_COHORT_MEMBER
C001559,,,,,,,,,,,NO_BOOKING
C001560,2026-11-08,2026-11-08,1.0,2443.64,2443.64,2026-11,44.0,0.0,0.0,1.0,ACTIVE_COHORT_MEMBER
C001561,2026-02-09,2026-06-30,5.0,18283.68,3656.736,2026-02,175.0,1.0,141.0,1.0638297872340425,ACTIVE_COHORT_MEMBER
C001562,2026-02-15,2026-02-15,1.0,4895.67,4895.67,2026-02,310.0,0.0,0.0,1.0,ACTIVE_COHORT_MEMBER
C001563,,,,,,,,,,,NO_BOOKING
C001564,2026-04-04,2026-04-04,1.0,4640.81,4640.81,2026-04,262.0,0.0,0.0,1.0,ACTIVE_COHORT_MEMBER
C001565,2025-12-23,2026-08-04,3.0,6350.3,2116.766666666667,2025-12,140.0,1.0,224.0,0.4017857142857143,ACTIVE_COHORT_MEMBER
C001566,2026-04-30,2026-04-30,1.0,3852.16,3852.16,2026-04,236.0,0.0,0.0,1.0,ACTIVE_COHORT_MEMBER
C001567,,,,,,,,,,,NO_BOOKING
C001568,2025-10-29,2026-11-25,5.0,18213.13,3642.626,2025-10,27.0,1.0,392.0,0.3826530612244898,ACTIVE_COHORT_MEMBER
C001569,2026-06-10,2026-08-23,2.0,6816.76,3408.38,2026-06,121.0,1.0,74.0,0.8108108108108107,ACTIVE_COHORT_MEMBER
C001570,2026-05-17,2026-05-17,1.0,3305.37,3305.37,2026-05,219.0,0.0,0.0,1.0,ACTIVE_COHORT_MEMBER
C001571,2026-05-11,2026-05-15,2.0,6416.22,3208.11,2026-05,221.0,1.0,4.0,2.0,ACTIVE_COHORT_MEMBER
C001572,2025-08-30,2026-03-14,2.0,3314.73,1657.365,2025-08,283.0,1.0,196.0,0.30612244897959184,ACTIVE_COHORT_MEMBER
C001573,2025-12-19,2025-12-19,1.0,3580.87,3580.87,2025-12,368.0,0.0,0.0,1.0,ACTIVE_COHORT_MEMBER
C001574,2025-12-25,2026-08-03,6.0,14721.41,2453.568333333333,2025-12,141.0,1.0,221.0,0.8144796380090498,ACTIVE_COHORT_MEMBER
C001575,2025-09-18,2026-11-04,4.0,13632.07,3408.0175,2025-09,48.0,1.0,412.0,0.29126213592233013,ACTIVE_COHORT_MEMBER
C001576,,,,,,,,,,,NO_BOOKING
C001577,2026-01-24,2026-01-24,1.0,4912.75,4912.75,2026-01,332.0,0.0,0.0,1.0,ACTIVE_COHORT_MEMBER
C001578,2025-11-12,2026-12-07,3.0,8041.030000000001,2680.3433333333337,2025-11,15.0,1.0,390.0,0.23076923076923078,ACTIVE_COHORT_MEMBER
C001579,,,,,,,,,,,NO_BOOKING
C001580,2026-01-18,2026-01-18,1.0,4793.98,4793.98,2026-01,338.0,0.0,0.0,1.0,ACTIVE_COHORT_MEMBER
C001581,2026-07-25,2026-07-25,1.0,3877.53,3877.53,2026-07,150.0,0.0,0.0,1.0,ACTIVE_COHORT_MEMBER
C001582,2025-09-21,2026-06-19,2.0,3470.59,1735.295,2025-09,186.0,1.0,271.0,0.22140221402214022,ACTIVE_COHORT_MEMBER
C001583,2025-10-06,2026-05-14,2.0,3588.2799999999997,1794.1399999999999,2025-10,222.0,1.0,220.0,0.27272727272727276,ACTIVE_COHORT_MEMBER
C001584,2026-01-25,2026-01-25,1.0,1285.84,1285.84,2026-01,331.0,0.0,0.0,1.0,ACTIVE_COHORT_MEMBER
C001585,2026-08-15,2026-08-15,1.0,1116.73,1116.73,2026-08,129.0,0.0,0.0,1.0,ACTIVE_COHORT_MEMBER
C001586,2025-12-11,2026-07-10,3.0,12186.14,4062.0466666666666,2025-12,165.0,1.0,211.0,0.4265402843601896,ACTIVE_COHORT_MEMBER
C001587,,,,,,,,,,,NO_BOOKING
C001588,2025-12-23,2026-06-18,2.0,4468.3,2234.15,2025-12,187.0,1.0,177.0,0.3389830508474576,ACTIVE_COHORT_MEMBER
C001589,2026-06-04,2026-06-04,1.0,4455.3,4455.3,2026-06,201.0,0.0,0.0,1.0,ACTIVE_COHORT_MEMBER
C001590,2025-12-06,2025-12-06,1.0,4158.83,4158.83,2025-12,381.0,0.0,0.0,1.0,ACTIVE_COHORT_MEMBER
C001591,2026-02-28,2026-10-20,2.0,3106.24,1553.12,2026-02,63.0,1.0,234.0,0.25641025641025644,ACTIVE_COHORT_MEMBER
C001592,2025-09-25,2026-07-13,3.0,8249.39,2749.7966666666666,2025-09,162.0,1.0,291.0,0.30927835051546393,ACTIVE_COHORT_MEMBER
C001593,2026-04-02,2026-04-02,1.0,4805.96,4805.96,2026-04,264.0,0.0,0.0,1.0,ACTIVE_COHORT_MEMBER
C001594,,,,,,,,,,,NO_BOOKING
C001595,2025-11-17,2025-11-17,1.0,570.74,570.74,2025-11,400.0,0.0,0.0,1.0,ACTIVE_COHORT_MEMBER
C001596,,,,,,,,,,,NO_BOOKING
C001597,2025-12-02,2026-09-02,2.0,6549.25,3274.625,2025-12,111.0,1.0,274.0,0.21897810218978103,ACTIVE_COHORT_MEMBER
C001598,2026-06-04,2026-06-04,1.0,1494.79,1494.79,2026-06,201.0,0.0,0.0,1.0,ACTIVE_COHORT_MEMBER
C001599,,,,,,,,,,,NO_BOOKING
C001600,,,,,,,,,,,NO_BOOKING
C001601,2026-03-17,2026-03-17,1.0,1720.57,1720.57,2026-03,280.0,0.0,0.0,1.0,ACTIVE_COHORT_MEMBER
C001602,2025-10-09,2026-08-20,4.0,9983.73,2495.9325,2025-10,124.0,1.0,315.0,0.38095238095238093,ACTIVE_COHORT_MEMBER
C001603,2026-07-13,2026-07-13,1.0,871.95,871.95,2026-07,162.0,0.0,0.0,1.0,ACTIVE_COHORT_MEMBER
C001604,2026-01-02,2026-03-09,2.0,5596.93,2798.465,2026-01,288.0,1.0,66.0,0.9090909090909091,ACTIVE_COHORT_MEMBER
C001605,2026-07-20,2026-07-20,1.0,3591.61,3591.61,2026-07,155.0,0.0,0.0,1.0,ACTIVE_COHORT_MEMBER
C001606,2025-12-04,2026-06-04,4.0,8435.11,2108.7775,2025-12,201.0,1.0,182.0,0.6593406593406593,ACTIVE_COHORT_MEMBER
C001607,,,,,,,,,,,NO_BOOKING
C001608,2025-11-24,2026-04-28,4.0,11944.58,2986.145,2025-11,238.0,1.0,155.0,0.7741935483870968,ACTIVE_COHORT_MEMBER
C001609,,,,,,,,,,,NO_BOOKING
C001610,2026-03-21,2026-03-21,1.0,2107.76,2107.76,2026-03,276.0,0.0,0.0,1.0,ACTIVE_COHORT_MEMBER
C001611,2026-02-21,2026-06-12,2.0,7830.7,3915.35,2026-02,193.0,1.0,111.0,0.5405405405405405,ACTIVE_COHORT_MEMBER
C001612,2026-06-02,2026-06-02,1.0,1388.24,1388.24,2026-06,203.0,0.0,0.0,1.0,ACTIVE_COHORT_MEMBER
C001613,,,,,,,,,,,NO_BOOKING
C001614,2026-03-07,2026-03-07,1.0,2347.88,2347.88,2026-03,290.0,0.0,0.0,1.0,ACTIVE_COHORT_MEMBER
C001615,,,,,,,,,,,NO_BOOKING
C001616,2026-05-21,2026-05-21,1.0,3379.24,3379.24,2026-05,215.0,0.0,0.0,1.0,ACTIVE_COHORT_MEMBER
C001617,,,,,,,,,,,NO_BOOKING
C001618,,,,,,,,,,,NO_BOOKING
C001619,2025-11-18,2025-11-18,1.0,1209.99,1209.99,2025-11,399.0,0.0,0.0,1.0,ACTIVE_COHORT_MEMBER
C001620,2026-01-27,2026-05-28,2.0,3085.41,1542.705,2026-01,208.0,1.0,121.0,0.49586776859504134,ACTIVE_COHORT_MEMBER
C001621,2025-11-27,2025-12-20,2.0,4438.83,2219.415,2025-11,367.0,1.0,23.0,2.0,ACTIVE_COHORT_MEMBER
C001622,2025-11-15,2025-11-15,1.0,1364.28,1364.28,2025-11,402.0,0.0,0.0,1.0,ACTIVE_COHORT_MEMBER
C001623,2026-08-17,2026-08-17,1.0,3864.05,3864.05,2026-08,127.0,0.0,0.0,1.0,ACTIVE_COHORT_MEMBER
C001624,,,,,,,,,,,NO_BOOKING
C001625,2026-08-25,2026-08-25,1.0,4326.61,4326.61,2026-08,119.0,0.0,0.0,1.0,ACTIVE_COHORT_MEMBER
C001626,2025-07-25,2026-08-20,5.0,13460.14,2692.028,2025-07,124.0,1.0,391.0,0.3836317135549872,ACTIVE_COHORT_MEMBER
C001627,,,,,,,,,,,NO_BOOKING
C001628,2026-02-13,2026-04-18,2.0,5540.6,2770.3,2026-02,248.0,1.0,64.0,0.9375,ACTIVE_COHORT_MEMBER
C001629,2026-09-20,2026-09-20,1.0,1746.34,1746.34,2026-09,93.0,0.0,0.0,1.0,ACTIVE_COHORT_MEMBER
C001630,2025-12-26,2026-06-30,4.0,10592.880000000001,2648.2200000000003,2025-12,175.0,1.0,186.0,0.6451612903225806,ACTIVE_COHORT_MEMBER
C001631,2026-02-12,2026-10-07,2.0,4079.23,2039.615,2026-02,76.0,1.0,237.0,0.2531645569620253,ACTIVE_COHORT_MEMBER
C001632,2026-03-19,2026-03-19,1.0,2289.58,2289.58,2026-03,278.0,0.0,0.0,1.0,ACTIVE_COHORT_MEMBER
C001633,2026-01-25,2026-01-25,1.0,4074.8,4074.8,2026-01,331.0,0.0,0.0,1.0,ACTIVE_COHORT_MEMBER
C001634,2025-11-08,2026-08-17,3.0,9430.75,3143.5833333333335,2025-11,127.0,1.0,282.0,0.3191489361702127,ACTIVE_COHORT_MEMBER
C001635,,,,,,,,,,,NO_BOOKING
C001636,2026-01-12,2026-08-30,3.0,5994.09,1998.03,2026-01,114.0,1.0,230.0,0.3913043478260869,ACTIVE_COHORT_MEMBER
C001637,2025-12-10,2026-05-06,5.0,9556.5,1911.3,2025-12,230.0,1.0,147.0,1.0204081632653061,ACTIVE_COHORT_MEMBER
C001638,2025-07-30,2026-01-03,3.0,3916.4700000000003,1305.49,2025-07,353.0,1.0,157.0,0.5732484076433121,ACTIVE_COHORT_MEMBER
C001639,2026-04-16,2026-04-30,2.0,4327.73,2163.865,2026-04,236.0,1.0,14.0,2.0,ACTIVE_COHORT_MEMBER
C001640,2026-04-12,2026-10-13,2.0,4693.3,2346.65,2026-04,70.0,1.0,184.0,0.32608695652173914,ACTIVE_COHORT_MEMBER
C001641,2025-12-30,2026-01-06,2.0,8460.15,4230.075,2025-12,350.0,1.0,7.0,2.0,ACTIVE_COHORT_MEMBER
C001642,2026-07-10,2026-10-02,2.0,5999.96,2999.98,2026-07,81.0,1.0,84.0,0.7142857142857143,ACTIVE_COHORT_MEMBER
C001643,,,,,,,,,,,NO_BOOKING
C001644,,,,,,,,,,,NO_BOOKING
C001645,2025-08-28,2026-08-07,3.0,9267.369999999999,3089.123333333333,2025-08,137.0,1.0,344.0,0.2616279069767442,ACTIVE_COHORT_MEMBER
C001646,2026-01-08,2026-04-20,3.0,10795.25,3598.4166666666665,2026-01,246.0,1.0,102.0,0.8823529411764706,ACTIVE_COHORT_MEMBER
C001647,2025-09-30,2026-11-27,2.0,6316.4400000000005,3158.2200000000003,2025-09,25.0,1.0,423.0,0.14184397163120568,ACTIVE_COHORT_MEMBER
C001648,2026-04-27,2026-06-23,2.0,6189.91,3094.955,2026-04,182.0,1.0,57.0,1.0526315789473684,ACTIVE_COHORT_MEMBER
C001649,2025-10-03,2025-10-03,1.0,2461.22,2461.22,2025-10,445.0,0.0,0.0,1.0,ACTIVE_COHORT_MEMBER
C001650,2026-01-17,2026-01-17,1.0,601.87,601.87,2026-01,339.0,0.0,0.0,1.0,ACTIVE_COHORT_MEMBER
C001651,,,,,,,,,,,NO_BOOKING
C001652,2026-09-13,2026-09-13,1.0,1226.94,1226.94,2026-09,100.0,0.0,0.0,1.0,ACTIVE_COHORT_MEMBER
C001653,2025-10-17,2025-10-17,1.0,1020.16,1020.16,2025-10,431.0,0.0,0.0,1.0,ACTIVE_COHORT_MEMBER
C001654,2026-03-27,2026-03-27,1.0,3301.73,3301.73,2026-03,270.0,0.0,0.0,1.0,ACTIVE_COHORT_MEMBER
C001655,2026-03-22,2026-03-22,1.0,2621.43,2621.43,2026-03,275.0,0.0,0.0,1.0,ACTIVE_COHORT_MEMBER
C001656,2026-02-13,2026-02-13,1.0,1384.61,1384.61,2026-02,312.0,0.0,0.0,1.0,ACTIVE_COHORT_MEMBER
C001657,2026-02-07,2026-02-07,1.0,2070.68,2070.68,2026-02,318.0,0.0,0.0,1.0,ACTIVE_COHORT_MEMBER
C001658,2025-08-30,2025-08-30,1.0,4404.83,4404.83,2025-08,479.0,0.0,0.0,1.0,ACTIVE_COHORT_MEMBER
C001659,2025-11-22,2026-01-01,2.0,3882.29,1941.145,2025-11,355.0,1.0,40.0,1.5,ACTIVE_COHORT_MEMBER
C001660,,,,,,,,,,,NO_BOOKING
C001661,2026-09-23,2026-09-23,1.0,4400.53,4400.53,2026-09,90.0,0.0,0.0,1.0,ACTIVE_COHORT_MEMBER
C001662,2026-07-18,2026-07-18,1.0,3769.87,3769.87,2026-07,157.0,0.0,0.0,1.0,ACTIVE_COHORT_MEMBER
C001663,,,,,,,,,,,NO_BOOKING
C001664,2025-09-04,2025-09-04,1.0,1687.03,1687.03,2025-09,474.0,0.0,0.0,1.0,ACTIVE_COHORT_MEMBER
C001665,2025-12-21,2026-03-25,2.0,4188.83,2094.415,2025-12,272.0,1.0,94.0,0.6382978723404256,ACTIVE_COHORT_MEMBER
C001666,,,,,,,,,,,NO_BOOKING
C001667,2026-05-25,2026-06-04,2.0,5889.65,2944.825,2026-05,201.0,1.0,10.0,2.0,ACTIVE_COHORT_MEMBER
C001668,2026-02-26,2026-08-12,2.0,4835.4,2417.7,2026-02,132.0,1.0,167.0,0.3592814371257485,ACTIVE_COHORT_MEMBER
C001669,2025-12-02,2026-02-21,2.0,8920.099999999999,4460.049999999999,2025-12,304.0,1.0,81.0,0.7407407407407407,ACTIVE_COHORT_MEMBER
C001670,,,,,,,,,,,NO_BOOKING
C001671,,,,,,,,,,,NO_BOOKING
C001672,,,,,,,,,,,NO_BOOKING
C001673,2026-02-08,2026-02-08,1.0,1272.95,1272.95,2026-02,317.0,0.0,0.0,1.0,ACTIVE_COHORT_MEMBER
C001674,2025-09-22,2026-10-14,5.0,8655.51,1731.102,2025-09,69.0,1.0,387.0,0.38759689922480617,ACTIVE_COHORT_MEMBER
C001675,2026-05-14,2026-09-15,3.0,5836.95,1945.6499999999999,2026-05,98.0,1.0,124.0,0.7258064516129031,ACTIVE_COHORT_MEMBER
C001676,2025-12-27,2026-09-12,2.0,7176.860000000001,3588.4300000000003,2025-12,101.0,1.0,259.0,0.23166023166023167,ACTIVE_COHORT_MEMBER
C001677,2026-04-16,2026-04-16,1.0,4818.44,4818.44,2026-04,250.0,0.0,0.0,1.0,ACTIVE_COHORT_MEMBER
C001678,2025-09-29,2025-09-29,1.0,2537.08,2537.08,2025-09,449.0,0.0,0.0,1.0,ACTIVE_COHORT_MEMBER
C001679,2026-04-29,2026-11-03,3.0,7852.2,2617.4,2026-04,49.0,1.0,188.0,0.4787234042553192,ACTIVE_COHORT_MEMBER
C001680,2026-03-31,2026-09-30,2.0,5728.03,2864.015,2026-03,83.0,1.0,183.0,0.3278688524590164,ACTIVE_COHORT_MEMBER
C001681,2026-02-19,2026-03-23,2.0,1955.1799999999998,977.5899999999999,2026-02,274.0,1.0,32.0,1.875,ACTIVE_COHORT_MEMBER
C001682,2026-08-15,2026-12-05,3.0,8092.7300000000005,2697.576666666667,2026-08,17.0,1.0,112.0,0.8035714285714286,ACTIVE_COHORT_MEMBER
C001683,2026-01-16,2026-10-18,3.0,8329.31,2776.4366666666665,2026-01,65.0,1.0,275.0,0.32727272727272727,ACTIVE_COHORT_MEMBER
C001684,,,,,,,,,,,NO_BOOKING
C001685,,,,,,,,,,,NO_BOOKING
C001686,2026-11-16,2026-11-16,1.0,4189.07,4189.07,2026-11,36.0,0.0,0.0,1.0,ACTIVE_COHORT_MEMBER
C001687,2025-09-15,2026-01-31,2.0,4789.38,2394.69,2025-09,325.0,1.0,138.0,0.4347826086956522,ACTIVE_COHORT_MEMBER
C001688,2025-12-11,2026-05-01,4.0,11158.06,2789.515,2025-12,235.0,1.0,141.0,0.851063829787234,ACTIVE_COHORT_MEMBER
C001689,,,,,,,,,,,NO_BOOKING
C001690,2025-08-29,2026-05-05,2.0,7538.33,3769.165,2025-08,231.0,1.0,249.0,0.24096385542168672,ACTIVE_COHORT_MEMBER
C001691,2025-10-30,2026-07-29,2.0,7635.18,3817.59,2025-10,146.0,1.0,272.0,0.22058823529411764,ACTIVE_COHORT_MEMBER
C001692,,,,,,,,,,,NO_BOOKING
C001693,2026-08-26,2026-08-26,1.0,1176.64,1176.64,2026-08,118.0,0.0,0.0,1.0,ACTIVE_COHORT_MEMBER
C001694,2026-01-23,2026-10-28,3.0,9944.68,3314.8933333333334,2026-01,55.0,1.0,278.0,0.3237410071942446,ACTIVE_COHORT_MEMBER
C001695,2026-06-02,2026-06-02,1.0,1893.47,1893.47,2026-06,203.0,0.0,0.0,1.0,ACTIVE_COHORT_MEMBER
C001696,2026-04-13,2026-04-13,1.0,1305.69,1305.69,2026-04,253.0,0.0,0.0,1.0,ACTIVE_COHORT_MEMBER
C001697,2025-12-11,2026-10-10,2.0,6351.7,3175.85,2025-12,73.0,1.0,303.0,0.19801980198019803,ACTIVE_COHORT_MEMBER
C001698,2026-03-09,2026-03-09,1.0,966.15,966.15,2026-03,288.0,0.0,0.0,1.0,ACTIVE_COHORT_MEMBER
C001699,2025-09-25,2026-07-05,2.0,2197.23,1098.615,2025-09,170.0,1.0,283.0,0.21201413427561838,ACTIVE_COHORT_MEMBER
C001700,,,,,,,,,,,NO_BOOKING
C001701,2025-10-06,2025-10-06,1.0,4323.68,4323.68,2025-10,442.0,0.0,0.0,1.0,ACTIVE_COHORT_MEMBER
C001702,,,,,,,,,,,NO_BOOKING
C001703,2025-12-20,2025-12-20,1.0,3707.99,3707.99,2025-12,367.0,0.0,0.0,1.0,ACTIVE_COHORT_MEMBER
C001704,,,,,,,,,,,NO_BOOKING
C001705,2025-11-16,2026-08-05,2.0,6272.31,3136.155,2025-11,139.0,1.0,262.0,0.22900763358778628,ACTIVE_COHORT_MEMBER
C001706,2025-12-30,2025-12-30,1.0,4659.83,4659.83,2025-12,357.0,0.0,0.0,1.0,ACTIVE_COHORT_MEMBER
C001707,2026-01-02,2026-07-27,2.0,5526.700000000001,2763.3500000000004,2026-01,148.0,1.0,206.0,0.29126213592233013,ACTIVE_COHORT_MEMBER
C001708,2026-03-29,2026-03-29,1.0,4583.62,4583.62,2026-03,268.0,0.0,0.0,1.0,ACTIVE_COHORT_MEMBER
C001709,2025-10-25,2026-08-23,4.0,14402.35,3600.5875,2025-10,121.0,1.0,302.0,0.3973509933774835,ACTIVE_COHORT_MEMBER
C001710,2026-03-21,2026-03-21,1.0,3661.22,3661.22,2026-03,276.0,0.0,0.0,1.0,ACTIVE_COHORT_MEMBER
C001711,,,,,,,,,,,NO_BOOKING
C001712,2025-08-15,2026-03-13,4.0,15161.53,3790.3825,2025-08,284.0,1.0,210.0,0.5714285714285714,ACTIVE_COHORT_MEMBER
C001713,2026-10-02,2026-10-02,1.0,3224.59,3224.59,2026-10,81.0,0.0,0.0,1.0,ACTIVE_COHORT_MEMBER
C001714,2026-10-13,2026-10-13,1.0,1559.72,1559.72,2026-10,70.0,0.0,0.0,1.0,ACTIVE_COHORT_MEMBER
C001715,2025-12-03,2025-12-03,1.0,3199.32,3199.32,2025-12,384.0,0.0,0.0,1.0,ACTIVE_COHORT_MEMBER
C001716,2025-09-28,2026-01-25,2.0,5479.469999999999,2739.7349999999997,2025-09,331.0,1.0,119.0,0.5042016806722689,ACTIVE_COHORT_MEMBER
C001717,2025-12-11,2026-03-15,5.0,12774.84,2554.968,2025-12,282.0,1.0,94.0,1.5957446808510638,ACTIVE_COHORT_MEMBER
C001718,2026-02-25,2026-10-02,3.0,8890.48,2963.4933333333333,2026-02,81.0,1.0,219.0,0.4109589041095891,ACTIVE_COHORT_MEMBER
C001719,,,,,,,,,,,NO_BOOKING
C001720,2025-11-25,2026-07-27,3.0,11126.17,3708.7233333333334,2025-11,148.0,1.0,244.0,0.36885245901639346,ACTIVE_COHORT_MEMBER
C001721,,,,,,,,,,,NO_BOOKING
C001722,2026-08-04,2026-08-04,1.0,863.42,863.42,2026-08,140.0,0.0,0.0,1.0,ACTIVE_COHORT_MEMBER
C001723,2025-12-21,2025-12-21,1.0,2726.99,2726.99,2025-12,366.0,0.0,0.0,1.0,ACTIVE_COHORT_MEMBER
C001724,2025-10-07,2025-12-19,2.0,6898.25,3449.125,2025-10,368.0,1.0,73.0,0.8219178082191781,ACTIVE_COHORT_MEMBER
C001725,2025-07-31,2026-07-10,6.0,18603.09,3100.515,2025-07,165.0,1.0,344.0,0.5232558139534884,ACTIVE_COHORT_MEMBER
C001726,2025-11-06,2026-03-11,2.0,3923.5200000000004,1961.7600000000002,2025-11,286.0,1.0,125.0,0.48,ACTIVE_COHORT_MEMBER
C001727,2026-08-25,2026-10-09,2.0,8180.83,4090.415,2026-08,74.0,1.0,45.0,1.3333333333333333,ACTIVE_COHORT_MEMBER
C001728,2026-06-03,2026-06-03,1.0,4073.02,4073.02,2026-06,202.0,0.0,0.0,1.0,ACTIVE_COHORT_MEMBER
C001729,,,,,,,,,,,NO_BOOKING
C001730,,,,,,,,,,,NO_BOOKING
C001731,,,,,,,,,,,NO_BOOKING
C001732,,,,,,,,,,,NO_BOOKING
C001733,,,,,,,,,,,NO_BOOKING
C001734,2026-07-11,2026-10-02,3.0,8406.380000000001,2802.126666666667,2026-07,81.0,1.0,83.0,1.0843373493975903,ACTIVE_COHORT_MEMBER
C001735,2025-11-11,2025-11-11,1.0,768.95,768.95,2025-11,406.0,0.0,0.0,1.0,ACTIVE_COHORT_MEMBER
C001736,2025-12-24,2026-02-27,2.0,4884.2300000000005,2442.1150000000002,2025-12,298.0,1.0,65.0,0.9230769230769231,ACTIVE_COHORT_MEMBER
C001737,2026-02-09,2026-10-14,3.0,4526.37,1508.79,2026-02,69.0,1.0,247.0,0.3643724696356276,ACTIVE_COHORT_MEMBER
C001738,2026-07-21,2026-07-21,1.0,3900.63,3900.63,2026-07,154.0,0.0,0.0,1.0,ACTIVE_COHORT_MEMBER
C001739,2025-12-22,2026-07-01,2.0,8075.59,4037.795,2025-12,174.0,1.0,191.0,0.31413612565445026,ACTIVE_COHORT_MEMBER
C001740,,,,,,,,,,,NO_BOOKING
C001741,,,,,,,,,,,NO_BOOKING
C001742,,,,,,,,,,,NO_BOOKING
C001743,2025-12-30,2026-08-05,2.0,8190.15,4095.075,2025-12,139.0,1.0,218.0,0.27522935779816515,ACTIVE_COHORT_MEMBER
C001744,,,,,,,,,,,NO_BOOKING
C001745,,,,,,,,,,,NO_BOOKING
C001746,,,,,,,,,,,NO_BOOKING
C001747,,,,,,,,,,,NO_BOOKING
C001748,,,,,,,,,,,NO_BOOKING
C001749,2026-02-14,2026-02-14,1.0,642.32,642.32,2026-02,311.0,0.0,0.0,1.0,ACTIVE_COHORT_MEMBER
C001750,2025-10-11,2026-06-04,3.0,6919.65,2306.5499999999997,2025-10,201.0,1.0,236.0,0.38135593220338987,ACTIVE_COHORT_MEMBER
C001751,2025-09-01,2026-06-03,2.0,9500.63,4750.315,2025-09,202.0,1.0,275.0,0.2181818181818182,ACTIVE_COHORT_MEMBER
C001752,2025-12-08,2026-07-27,4.0,16165.019999999999,4041.2549999999997,2025-12,148.0,1.0,231.0,0.5194805194805194,ACTIVE_COHORT_MEMBER
C001753,2026-02-07,2026-08-21,2.0,8706.22,4353.11,2026-02,123.0,1.0,195.0,0.3076923076923077,ACTIVE_COHORT_MEMBER
C001754,2025-12-12,2026-10-29,3.0,10874.0,3624.6666666666665,2025-12,54.0,1.0,321.0,0.28037383177570097,ACTIVE_COHORT_MEMBER
C001755,2026-06-09,2026-06-09,1.0,1527.28,1527.28,2026-06,196.0,0.0,0.0,1.0,ACTIVE_COHORT_MEMBER
C001756,2026-02-17,2026-04-21,2.0,6813.610000000001,3406.8050000000003,2026-02,245.0,1.0,63.0,0.9523809523809523,ACTIVE_COHORT_MEMBER
C001757,2025-11-20,2025-11-20,1.0,939.86,939.86,2025-11,397.0,0.0,0.0,1.0,ACTIVE_COHORT_MEMBER
C001758,2026-03-21,2026-06-25,4.0,13715.289999999999,3428.8224999999998,2026-03,180.0,1.0,96.0,1.25,ACTIVE_COHORT_MEMBER
C001759,,,,,,,,,,,NO_BOOKING
C001760,2026-02-05,2026-08-12,4.0,12508.01,3127.0025,2026-02,132.0,1.0,188.0,0.6382978723404256,ACTIVE_COHORT_MEMBER
C001761,2026-02-26,2026-02-26,1.0,1322.17,1322.17,2026-02,299.0,0.0,0.0,1.0,ACTIVE_COHORT_MEMBER
C001762,2025-11-02,2025-12-14,2.0,5826.94,2913.47,2025-11,373.0,1.0,42.0,1.4285714285714286,ACTIVE_COHORT_MEMBER
C001763,2025-12-23,2026-08-28,2.0,5393.88,2696.94,2025-12,116.0,1.0,248.0,0.24193548387096772,ACTIVE_COHORT_MEMBER
C001764,2026-07-08,2026-07-08,1.0,2822.51,2822.51,2026-07,167.0,0.0,0.0,1.0,ACTIVE_COHORT_MEMBER
C001765,2025-11-22,2026-03-19,3.0,7717.3,2572.4333333333334,2025-11,278.0,1.0,117.0,0.7692307692307693,ACTIVE_COHORT_MEMBER
C001766,2026-01-20,2026-01-20,1.0,3543.06,3543.06,2026-01,336.0,0.0,0.0,1.0,ACTIVE_COHORT_MEMBER
C001767,2026-01-16,2026-01-16,1.0,3338.79,3338.79,2026-01,340.0,0.0,0.0,1.0,ACTIVE_COHORT_MEMBER
C001768,2025-09-01,2026-07-06,3.0,8931.239999999998,2977.0799999999995,2025-09,169.0,1.0,308.0,0.2922077922077922,ACTIVE_COHORT_MEMBER
C001769,,,,,,,,,,,NO_BOOKING
C001770,2026-05-16,2026-05-16,1.0,4240.2,4240.2,2026-05,220.0,0.0,0.0,1.0,ACTIVE_COHORT_MEMBER
C001771,2025-12-22,2025-12-22,1.0,3821.85,3821.85,2025-12,365.0,0.0,0.0,1.0,ACTIVE_COHORT_MEMBER
C001772,2025-10-05,2026-09-14,2.0,3592.9700000000003,1796.4850000000001,2025-10,99.0,1.0,344.0,0.1744186046511628,ACTIVE_COHORT_MEMBER
C001773,2025-11-23,2026-08-15,2.0,3633.25,1816.625,2025-11,129.0,1.0,265.0,0.22641509433962262,ACTIVE_COHORT_MEMBER
C001774,2025-10-24,2026-04-26,2.0,8341.77,4170.885,2025-10,240.0,1.0,184.0,0.32608695652173914,ACTIVE_COHORT_MEMBER
C001775,2026-05-14,2026-05-14,1.0,4654.27,4654.27,2026-05,222.0,0.0,0.0,1.0,ACTIVE_COHORT_MEMBER
C001776,,,,,,,,,,,NO_BOOKING
C001777,2025-12-31,2026-06-11,3.0,11737.650000000001,3912.5500000000006,2025-12,194.0,1.0,162.0,0.5555555555555555,ACTIVE_COHORT_MEMBER
C001778,2026-01-30,2026-09-29,3.0,7328.73,2442.91,2026-01,84.0,1.0,242.0,0.37190082644628103,ACTIVE_COHORT_MEMBER
C001779,2026-10-21,2026-10-21,1.0,4344.01,4344.01,2026-10,62.0,0.0,0.0,1.0,ACTIVE_COHORT_MEMBER
C001780,2025-11-27,2026-05-11,3.0,9875.93,3291.976666666667,2025-11,225.0,1.0,165.0,0.5454545454545454,ACTIVE_COHORT_MEMBER
C001781,,,,,,,,,,,NO_BOOKING
C001782,2025-12-05,2026-09-14,3.0,5920.08,1973.36,2025-12,99.0,1.0,283.0,0.31802120141342755,ACTIVE_COHORT_MEMBER
C001783,2026-04-03,2026-04-24,2.0,5932.87,2966.435,2026-04,242.0,1.0,21.0,2.0,ACTIVE_COHORT_MEMBER
C001784,,,,,,,,,,,NO_BOOKING
C001785,2026-02-16,2026-02-16,1.0,4747.54,4747.54,2026-02,309.0,0.0,0.0,1.0,ACTIVE_COHORT_MEMBER
C001786,2026-06-19,2026-06-19,1.0,1042.36,1042.36,2026-06,186.0,0.0,0.0,1.0,ACTIVE_COHORT_MEMBER
C001787,,,,,,,,,,,NO_BOOKING
C001788,2025-10-20,2026-03-03,2.0,7113.33,3556.665,2025-10,294.0,1.0,134.0,0.44776119402985076,ACTIVE_COHORT_MEMBER
C001789,2025-10-03,2026-11-25,2.0,3575.52,1787.76,2025-10,27.0,1.0,418.0,0.14354066985645933,ACTIVE_COHORT_MEMBER
C001790,2026-01-23,2026-02-22,2.0,5701.89,2850.945,2026-01,303.0,1.0,30.0,2.0,ACTIVE_COHORT_MEMBER
C001791,2025-11-29,2025-11-29,1.0,4869.14,4869.14,2025-11,388.0,0.0,0.0,1.0,ACTIVE_COHORT_MEMBER
C001792,,,,,,,,,,,NO_BOOKING
C001793,2025-12-01,2026-02-02,3.0,11019.460000000001,3673.1533333333336,2025-12,323.0,1.0,63.0,1.4285714285714286,ACTIVE_COHORT_MEMBER
C001794,,,,,,,,,,,NO_BOOKING
C001795,2026-06-16,2026-11-06,2.0,6369.04,3184.52,2026-06,46.0,1.0,143.0,0.4195804195804196,ACTIVE_COHORT_MEMBER
C001796,,,,,,,,,,,NO_BOOKING
C001797,2026-01-29,2026-01-29,1.0,2836.98,2836.98,2026-01,327.0,0.0,0.0,1.0,ACTIVE_COHORT_MEMBER
C001798,2025-11-11,2026-05-22,2.0,7494.83,3747.415,2025-11,214.0,1.0,192.0,0.3125,ACTIVE_COHORT_MEMBER
C001799,2026-04-21,2026-06-12,2.0,1559.77,779.885,2026-04,193.0,1.0,52.0,1.1538461538461537,ACTIVE_COHORT_MEMBER
C001800,2026-02-08,2026-08-17,2.0,5135.72,2567.86,2026-02,127.0,1.0,190.0,0.31578947368421056,ACTIVE_COHORT_MEMBER
C001801,2025-11-01,2025-11-01,1.0,1718.34,1718.34,2025-11,416.0,0.0,0.0,1.0,ACTIVE_COHORT_MEMBER
C001802,2026-03-19,2026-03-19,1.0,2212.97,2212.97,2026-03,278.0,0.0,0.0,1.0,ACTIVE_COHORT_MEMBER
C001803,2025-12-23,2026-02-15,2.0,7206.88,3603.44,2025-12,310.0,1.0,54.0,1.1111111111111112,ACTIVE_COHORT_MEMBER
C001804,,,,,,,,,,,NO_BOOKING
C001805,2025-12-25,2026-03-12,2.0,7352.790000000001,3676.3950000000004,2025-12,285.0,1.0,77.0,0.7792207792207791,ACTIVE_COHORT_MEMBER
C001806,,,,,,,,,,,NO_BOOKING
C001807,2026-03-09,2026-05-24,2.0,3647.1400000000003,1823.5700000000002,2026-03,212.0,1.0,76.0,0.7894736842105263,ACTIVE_COHORT_MEMBER
C001808,,,,,,,,,,,NO_BOOKING
C001809,2025-12-30,2025-12-30,1.0,4003.15,4003.15,2025-12,357.0,0.0,0.0,1.0,ACTIVE_COHORT_MEMBER
C001810,2026-01-02,2026-09-06,2.0,4057.84,2028.92,2026-01,107.0,1.0,247.0,0.24291497975708504,ACTIVE_COHORT_MEMBER
C001811,2025-11-23,2026-09-09,4.0,10092.279999999999,2523.0699999999997,2025-11,104.0,1.0,290.0,0.4137931034482759,ACTIVE_COHORT_MEMBER
C001812,2026-07-31,2026-07-31,1.0,737.77,737.77,2026-07,144.0,0.0,0.0,1.0,ACTIVE_COHORT_MEMBER
C001813,2025-11-30,2026-11-26,3.0,10769.13,3589.7099999999996,2025-11,26.0,1.0,361.0,0.24930747922437674,ACTIVE_COHORT_MEMBER
C001814,2026-01-02,2026-11-01,3.0,13346.57,4448.856666666667,2026-01,51.0,1.0,303.0,0.297029702970297,ACTIVE_COHORT_MEMBER
C001815,2025-08-06,2026-10-05,3.0,9667.76,3222.5866666666666,2025-08,78.0,1.0,425.0,0.21176470588235294,ACTIVE_COHORT_MEMBER
C001816,2026-08-09,2026-08-09,1.0,2101.73,2101.73,2026-08,135.0,0.0,0.0,1.0,ACTIVE_COHORT_MEMBER
C001817,2025-09-08,2025-09-08,1.0,1252.55,1252.55,2025-09,470.0,0.0,0.0,1.0,ACTIVE_COHORT_MEMBER
C001818,2025-10-05,2025-10-05,1.0,2987.74,2987.74,2025-10,443.0,0.0,0.0,1.0,ACTIVE_COHORT_MEMBER
C001819,2026-09-23,2026-09-23,1.0,1904.85,1904.85,2026-09,90.0,0.0,0.0,1.0,ACTIVE_COHORT_MEMBER
C001820,2025-12-06,2026-09-14,3.0,5000.3,1666.7666666666667,2025-12,99.0,1.0,282.0,0.3191489361702127,ACTIVE_COHORT_MEMBER
C001821,2026-01-29,2026-06-15,2.0,5514.29,2757.145,2026-01,190.0,1.0,137.0,0.43795620437956206,ACTIVE_COHORT_MEMBER
C001822,2026-07-20,2026-07-20,1.0,4210.77,4210.77,2026-07,155.0,0.0,0.0,1.0,ACTIVE_COHORT_MEMBER
C001823,2026-01-19,2026-01-19,1.0,1565.68,1565.68,2026-01,337.0,0.0,0.0,1.0,ACTIVE_COHORT_MEMBER
C001824,2025-12-12,2026-09-06,6.0,15420.34,2570.056666666667,2025-12,107.0,1.0,268.0,0.6716417910447761,ACTIVE_COHORT_MEMBER
C001825,2026-03-08,2026-09-08,3.0,6045.53,2015.1766666666665,2026-03,105.0,1.0,184.0,0.48913043478260865,ACTIVE_COHORT_MEMBER
C001826,,,,,,,,,,,NO_BOOKING
C001827,2026-01-30,2026-01-30,1.0,1543.08,1543.08,2026-01,326.0,0.0,0.0,1.0,ACTIVE_COHORT_MEMBER
C001828,2026-04-03,2026-07-20,3.0,8044.320000000001,2681.44,2026-04,155.0,1.0,108.0,0.8333333333333333,ACTIVE_COHORT_MEMBER
C001829,2026-04-24,2026-11-27,4.0,9650.58,2412.645,2026-04,25.0,1.0,217.0,0.5529953917050692,ACTIVE_COHORT_MEMBER
C001830,2025-09-21,2025-09-21,1.0,3350.88,3350.88,2025-09,457.0,0.0,0.0,1.0,ACTIVE_COHORT_MEMBER
C001831,2026-03-22,2026-03-22,1.0,2810.02,2810.02,2026-03,275.0,0.0,0.0,1.0,ACTIVE_COHORT_MEMBER
C001832,2025-12-11,2026-03-07,2.0,6431.17,3215.585,2025-12,290.0,1.0,86.0,0.6976744186046512,ACTIVE_COHORT_MEMBER
C001833,2025-11-29,2025-11-29,1.0,1917.05,1917.05,2025-11,388.0,0.0,0.0,1.0,ACTIVE_COHORT_MEMBER
C001834,,,,,,,,,,,NO_BOOKING
C001835,2025-12-08,2025-12-08,1.0,881.4,881.4,2025-12,379.0,0.0,0.0,1.0,ACTIVE_COHORT_MEMBER
C001836,,,,,,,,,,,NO_BOOKING
C001837,2026-06-27,2026-09-07,2.0,6296.42,3148.21,2026-06,106.0,1.0,72.0,0.8333333333333334,ACTIVE_COHORT_MEMBER
C001838,2026-07-23,2026-07-23,1.0,2982.61,2982.61,2026-07,152.0,0.0,0.0,1.0,ACTIVE_COHORT_MEMBER
C001839,2025-08-06,2026-04-04,2.0,5182.389999999999,2591.1949999999997,2025-08,262.0,1.0,241.0,0.24896265560165975,ACTIVE_COHORT_MEMBER
C001840,,,,,,,,,,,NO_BOOKING
C001841,2026-01-21,2026-01-21,1.0,1095.43,1095.43,2026-01,335.0,0.0,0.0,1.0,ACTIVE_COHORT_MEMBER
C001842,2025-09-11,2026-01-18,2.0,3566.3900000000003,1783.1950000000002,2025-09,338.0,1.0,129.0,0.46511627906976744,ACTIVE_COHORT_MEMBER
C001843,2026-03-14,2026-03-14,1.0,1548.04,1548.04,2026-03,283.0,0.0,0.0,1.0,ACTIVE_COHORT_MEMBER
C001844,2026-07-23,2026-07-23,1.0,579.72,579.72,2026-07,152.0,0.0,0.0,1.0,ACTIVE_COHORT_MEMBER
C001845,,,,,,,,,,,NO_BOOKING
C001846,2025-11-22,2026-04-26,2.0,5304.01,2652.005,2025-11,240.0,1.0,155.0,0.3870967741935484,ACTIVE_COHORT_MEMBER
C001847,2026-01-09,2026-01-09,1.0,1496.74,1496.74,2026-01,347.0,0.0,0.0,1.0,ACTIVE_COHORT_MEMBER
C001848,2025-10-30,2026-09-19,3.0,12972.04,4324.013333333333,2025-10,94.0,1.0,324.0,0.27777777777777773,ACTIVE_COHORT_MEMBER
C001849,2025-12-23,2026-05-13,3.0,9041.33,3013.7766666666666,2025-12,223.0,1.0,141.0,0.6382978723404255,ACTIVE_COHORT_MEMBER
C001850,2026-01-23,2026-06-27,2.0,3530.26,1765.13,2026-01,178.0,1.0,155.0,0.3870967741935484,ACTIVE_COHORT_MEMBER
C001851,2026-08-10,2026-08-24,2.0,4010.88,2005.44,2026-08,120.0,1.0,14.0,2.0,ACTIVE_COHORT_MEMBER
C001852,,,,,,,,,,,NO_BOOKING
C001853,2026-08-07,2026-08-07,1.0,1601.71,1601.71,2026-08,137.0,0.0,0.0,1.0,ACTIVE_COHORT_MEMBER
C001854,2026-06-18,2026-06-26,2.0,2993.2,1496.6,2026-06,179.0,1.0,8.0,2.0,ACTIVE_COHORT_MEMBER
C001855,2026-01-23,2026-08-04,3.0,6821.52,2273.84,2026-01,140.0,1.0,193.0,0.46632124352331605,ACTIVE_COHORT_MEMBER
C001856,2026-01-16,2026-11-10,4.0,8437.09,2109.2725,2026-01,42.0,1.0,298.0,0.40268456375838924,ACTIVE_COHORT_MEMBER
C001857,2025-09-02,2025-12-14,2.0,4369.33,2184.665,2025-09,373.0,1.0,103.0,0.5825242718446603,ACTIVE_COHORT_MEMBER
C001858,2026-01-11,2026-06-01,3.0,10361.310000000001,3453.7700000000004,2026-01,204.0,1.0,141.0,0.6382978723404255,ACTIVE_COHORT_MEMBER
C001859,2026-07-22,2026-07-22,1.0,3058.31,3058.31,2026-07,153.0,0.0,0.0,1.0,ACTIVE_COHORT_MEMBER
C001860,2026-04-13,2026-04-13,1.0,3656.77,3656.77,2026-04,253.0,0.0,0.0,1.0,ACTIVE_COHORT_MEMBER
C001861,2026-11-02,2026-11-02,1.0,3116.82,3116.82,2026-11,50.0,0.0,0.0,1.0,ACTIVE_COHORT_MEMBER
C001862,2026-02-02,2026-10-03,2.0,8015.17,4007.585,2026-02,80.0,1.0,243.0,0.2469135802469136,ACTIVE_COHORT_MEMBER
C001863,,,,,,,,,,,NO_BOOKING
C001864,2026-03-12,2026-08-07,3.0,9210.62,3070.206666666667,2026-03,137.0,1.0,148.0,0.6081081081081081,ACTIVE_COHORT_MEMBER
C001865,,,,,,,,,,,NO_BOOKING
C001866,2025-11-28,2026-08-09,2.0,5858.13,2929.065,2025-11,135.0,1.0,254.0,0.23622047244094488,ACTIVE_COHORT_MEMBER
C001867,2026-01-16,2026-01-16,1.0,1688.07,1688.07,2026-01,340.0,0.0,0.0,1.0,ACTIVE_COHORT_MEMBER
C001868,2026-05-26,2026-05-26,1.0,2695.29,2695.29,2026-05,210.0,0.0,0.0,1.0,ACTIVE_COHORT_MEMBER
C001869,2025-11-02,2026-04-21,3.0,6465.46,2155.153333333333,2025-11,245.0,1.0,170.0,0.5294117647058824,ACTIVE_COHORT_MEMBER
C001870,2026-02-03,2026-04-26,3.0,5210.71,1736.9033333333334,2026-02,240.0,1.0,82.0,1.0975609756097562,ACTIVE_COHORT_MEMBER
C001871,,,,,,,,,,,NO_BOOKING
C001872,2026-04-14,2026-04-14,1.0,3384.8,3384.8,2026-04,252.0,0.0,0.0,1.0,ACTIVE_COHORT_MEMBER
C001873,2026-03-21,2026-08-02,3.0,9468.12,3156.0400000000004,2026-03,142.0,1.0,134.0,0.6716417910447761,ACTIVE_COHORT_MEMBER
C001874,2025-11-13,2026-02-24,3.0,7093.91,2364.6366666666668,2025-11,301.0,1.0,103.0,0.8737864077669903,ACTIVE_COHORT_MEMBER
C001875,2025-11-10,2026-02-27,2.0,5996.52,2998.26,2025-11,298.0,1.0,109.0,0.5504587155963303,ACTIVE_COHORT_MEMBER
C001876,2025-09-26,2026-11-15,3.0,7914.780000000001,2638.26,2025-09,37.0,1.0,415.0,0.21686746987951808,ACTIVE_COHORT_MEMBER
C001877,2026-04-19,2026-04-20,2.0,3898.93,1949.465,2026-04,246.0,1.0,1.0,2.0,ACTIVE_COHORT_MEMBER
C001878,,,,,,,,,,,NO_BOOKING
C001879,2026-03-04,2026-07-18,2.0,8471.62,4235.81,2026-03,157.0,1.0,136.0,0.4411764705882353,ACTIVE_COHORT_MEMBER
C001880,2026-05-05,2026-05-05,1.0,4018.7,4018.7,2026-05,231.0,0.0,0.0,1.0,ACTIVE_COHORT_MEMBER
C001881,,,,,,,,,,,NO_BOOKING
C001882,2025-11-17,2026-09-02,4.0,9639.79,2409.9475,2025-11,111.0,1.0,289.0,0.4152249134948097,ACTIVE_COHORT_MEMBER
C001883,2025-12-17,2025-12-17,1.0,3008.0,3008.0,2025-12,370.0,0.0,0.0,1.0,ACTIVE_COHORT_MEMBER
C001884,,,,,,,,,,,NO_BOOKING
C001885,2025-10-07,2025-12-30,3.0,9136.48,3045.4933333333333,2025-10,357.0,1.0,84.0,1.0714285714285714,ACTIVE_COHORT_MEMBER
C001886,2026-04-21,2026-04-21,1.0,1365.18,1365.18,2026-04,245.0,0.0,0.0,1.0,ACTIVE_COHORT_MEMBER
C001887,,,,,,,,,,,NO_BOOKING
C001888,2026-01-12,2026-05-28,3.0,6052.05,2017.3500000000001,2026-01,208.0,1.0,136.0,0.6617647058823529,ACTIVE_COHORT_MEMBER
C001889,2026-10-13,2026-10-13,1.0,4702.18,4702.18,2026-10,70.0,0.0,0.0,1.0,ACTIVE_COHORT_MEMBER
C001890,2026-08-28,2026-08-28,1.0,4473.8,4473.8,2026-08,116.0,0.0,0.0,1.0,ACTIVE_COHORT_MEMBER
C001891,2026-01-04,2026-01-04,1.0,4507.88,4507.88,2026-01,352.0,0.0,0.0,1.0,ACTIVE_COHORT_MEMBER
C001892,,,,,,,,,,,NO_BOOKING
C001893,2025-10-03,2025-10-03,1.0,2511.07,2511.07,2025-10,445.0,0.0,0.0,1.0,ACTIVE_COHORT_MEMBER
C001894,2025-11-28,2026-10-15,4.0,15532.44,3883.11,2025-11,68.0,1.0,321.0,0.3738317757009346,ACTIVE_COHORT_MEMBER
C001895,2025-11-04,2026-05-17,2.0,4899.39,2449.695,2025-11,219.0,1.0,194.0,0.30927835051546393,ACTIVE_COHORT_MEMBER
C001896,2025-10-08,2026-04-05,3.0,11182.58,3727.5266666666666,2025-10,261.0,1.0,179.0,0.5027932960893855,ACTIVE_COHORT_MEMBER
C001897,2026-05-31,2026-05-31,1.0,1308.39,1308.39,2026-05,205.0,0.0,0.0,1.0,ACTIVE_COHORT_MEMBER
C001898,,,,,,,,,,,NO_BOOKING
C001899,2026-07-09,2026-07-09,1.0,1930.83,1930.83,2026-07,166.0,0.0,0.0,1.0,ACTIVE_COHORT_MEMBER
C001900,2025-11-07,2025-11-10,2.0,6377.75,3188.875,2025-11,407.0,1.0,3.0,2.0,ACTIVE_COHORT_MEMBER
C001901,2026-02-07,2026-05-21,2.0,7577.81,3788.905,2026-02,215.0,1.0,103.0,0.5825242718446603,ACTIVE_COHORT_MEMBER
C001902,2026-03-30,2026-03-30,1.0,900.21,900.21,2026-03,267.0,0.0,0.0,1.0,ACTIVE_COHORT_MEMBER
C001903,2025-12-12,2026-08-23,2.0,5490.04,2745.02,2025-12,121.0,1.0,254.0,0.23622047244094488,ACTIVE_COHORT_MEMBER
C001904,2025-09-16,2026-10-26,2.0,4231.97,2115.985,2025-09,57.0,1.0,405.0,0.14814814814814814,ACTIVE_COHORT_MEMBER
C001905,2026-04-17,2026-04-17,1.0,757.52,757.52,2026-04,249.0,0.0,0.0,1.0,ACTIVE_COHORT_MEMBER
C001906,,,,,,,,,,,NO_BOOKING
C001907,2026-06-14,2026-11-03,3.0,8501.6,2833.866666666667,2026-06,49.0,1.0,142.0,0.6338028169014085,ACTIVE_COHORT_MEMBER
C001908,2026-01-10,2026-08-15,5.0,16223.7,3244.7400000000002,2026-01,129.0,1.0,217.0,0.6912442396313364,ACTIVE_COHORT_MEMBER
C001909,2025-12-13,2026-04-05,2.0,7130.5,3565.25,2025-12,261.0,1.0,113.0,0.5309734513274337,ACTIVE_COHORT_MEMBER
C001910,2026-02-14,2026-06-22,3.0,7161.049999999999,2387.0166666666664,2026-02,183.0,1.0,128.0,0.703125,ACTIVE_COHORT_MEMBER
C001911,2025-11-09,2025-11-23,2.0,7565.65,3782.825,2025-11,394.0,1.0,14.0,2.0,ACTIVE_COHORT_MEMBER
C001912,2026-04-26,2026-04-26,1.0,2538.53,2538.53,2026-04,240.0,0.0,0.0,1.0,ACTIVE_COHORT_MEMBER
C001913,2026-10-07,2026-10-07,1.0,2348.26,2348.26,2026-10,76.0,0.0,0.0,1.0,ACTIVE_COHORT_MEMBER
C001914,2025-09-13,2026-06-26,3.0,10241.76,3413.92,2025-09,179.0,1.0,286.0,0.3146853146853147,ACTIVE_COHORT_MEMBER
C001915,2026-02-04,2026-07-31,3.0,9368.98,3122.9933333333333,2026-02,144.0,1.0,177.0,0.5084745762711864,ACTIVE_COHORT_MEMBER
C001916,,,,,,,,,,,NO_BOOKING
C001917,2025-09-16,2025-09-16,1.0,2909.82,2909.82,2025-09,462.0,0.0,0.0,1.0,ACTIVE_COHORT_MEMBER
C001918,2025-09-09,2026-02-14,3.0,10031.8,3343.933333333333,2025-09,311.0,1.0,158.0,0.569620253164557,ACTIVE_COHORT_MEMBER
C001919,2025-09-02,2025-09-02,1.0,2092.84,2092.84,2025-09,476.0,0.0,0.0,1.0,ACTIVE_COHORT_MEMBER
C001920,2026-07-07,2026-07-07,1.0,3495.95,3495.95,2026-07,168.0,0.0,0.0,1.0,ACTIVE_COHORT_MEMBER
C001921,2026-05-17,2026-09-21,3.0,7521.16,2507.0533333333333,2026-05,92.0,1.0,127.0,0.7086614173228346,ACTIVE_COHORT_MEMBER
C001922,,,,,,,,,,,NO_BOOKING
C001923,2025-10-09,2025-10-09,1.0,2231.73,2231.73,2025-10,439.0,0.0,0.0,1.0,ACTIVE_COHORT_MEMBER
C001924,,,,,,,,,,,NO_BOOKING
C001925,2025-11-03,2026-03-23,2.0,5833.57,2916.785,2025-11,274.0,1.0,140.0,0.42857142857142855,ACTIVE_COHORT_MEMBER
C001926,2025-12-29,2026-05-01,3.0,9843.86,3281.286666666667,2025-12,235.0,1.0,123.0,0.7317073170731708,ACTIVE_COHORT_MEMBER
C001927,2026-04-08,2026-04-08,1.0,3558.39,3558.39,2026-04,258.0,0.0,0.0,1.0,ACTIVE_COHORT_MEMBER
C001928,2026-02-13,2026-08-30,2.0,6795.3,3397.65,2026-02,114.0,1.0,198.0,0.30303030303030304,ACTIVE_COHORT_MEMBER
C001929,2026-01-12,2026-01-12,1.0,3129.96,3129.96,2026-01,344.0,0.0,0.0,1.0,ACTIVE_COHORT_MEMBER
C001930,2026-02-18,2026-08-05,2.0,5259.68,2629.84,2026-02,139.0,1.0,168.0,0.35714285714285715,ACTIVE_COHORT_MEMBER
C001931,2026-03-19,2026-10-01,2.0,3080.1400000000003,1540.0700000000002,2026-03,82.0,1.0,196.0,0.30612244897959184,ACTIVE_COHORT_MEMBER
C001932,2026-01-30,2026-07-29,4.0,15562.81,3890.7025,2026-01,146.0,1.0,180.0,0.6666666666666666,ACTIVE_COHORT_MEMBER
C001933,2025-09-01,2026-09-30,4.0,8802.8,2200.7,2025-09,83.0,1.0,394.0,0.30456852791878175,ACTIVE_COHORT_MEMBER
C001934,2026-11-17,2026-11-17,1.0,3790.63,3790.63,2026-11,35.0,0.0,0.0,1.0,ACTIVE_COHORT_MEMBER
C001935,,,,,,,,,,,NO_BOOKING
C001936,,,,,,,,,,,NO_BOOKING
C001937,2025-10-28,2026-09-18,3.0,7346.610000000001,2448.8700000000003,2025-10,95.0,1.0,325.0,0.2769230769230769,ACTIVE_COHORT_MEMBER
C001938,,,,,,,,,,,NO_BOOKING
C001939,2025-12-15,2026-04-07,2.0,4738.92,2369.46,2025-12,259.0,1.0,113.0,0.5309734513274337,ACTIVE_COHORT_MEMBER
C001940,2025-09-15,2026-05-31,4.0,12442.439999999999,3110.6099999999997,2025-09,205.0,1.0,258.0,0.46511627906976744,ACTIVE_COHORT_MEMBER
C001941,2026-09-09,2026-09-09,1.0,1512.94,1512.94,2026-09,104.0,0.0,0.0,1.0,ACTIVE_COHORT_MEMBER
C001942,,,,,,,,,,,NO_BOOKING
C001943,2026-04-04,2026-04-04,1.0,2620.08,2620.08,2026-04,262.0,0.0,0.0,1.0,ACTIVE_COHORT_MEMBER
C001944,2026-05-12,2026-06-09,2.0,2760.7200000000003,1380.3600000000001,2026-05,196.0,1.0,28.0,2.0,ACTIVE_COHORT_MEMBER
C001945,2025-12-22,2026-04-10,2.0,4885.3099999999995,2442.6549999999997,2025-12,256.0,1.0,109.0,0.5504587155963303,ACTIVE_COHORT_MEMBER
C001946,,,,,,,,,,,NO_BOOKING
C001947,2026-02-10,2026-09-22,3.0,8847.82,2949.273333333333,2026-02,91.0,1.0,224.0,0.4017857142857143,ACTIVE_COHORT_MEMBER
C001948,2026-05-06,2026-09-26,2.0,5284.51,2642.255,2026-05,87.0,1.0,143.0,0.4195804195804196,ACTIVE_COHORT_MEMBER
C001949,2026-04-16,2026-06-27,2.0,4035.5099999999998,2017.7549999999999,2026-04,178.0,1.0,72.0,0.8333333333333334,ACTIVE_COHORT_MEMBER
C001950,2025-09-30,2025-09-30,1.0,3452.21,3452.21,2025-09,448.0,0.0,0.0,1.0,ACTIVE_COHORT_MEMBER
C001951,2026-01-27,2026-06-18,2.0,2352.69,1176.345,2026-01,187.0,1.0,142.0,0.4225352112676056,ACTIVE_COHORT_MEMBER
C001952,2026-02-07,2026-05-02,2.0,6774.6900000000005,3387.3450000000003,2026-02,234.0,1.0,84.0,0.7142857142857143,ACTIVE_COHORT_MEMBER
C001953,,,,,,,,,,,NO_BOOKING
C001954,2025-08-28,2025-08-28,1.0,1632.44,1632.44,2025-08,481.0,0.0,0.0,1.0,ACTIVE_COHORT_MEMBER
C001955,,,,,,,,,,,NO_BOOKING
C001956,2026-01-29,2026-10-12,3.0,5540.530000000001,1846.8433333333335,2026-01,71.0,1.0,256.0,0.3515625,ACTIVE_COHORT_MEMBER
C001957,2026-08-20,2026-10-25,2.0,3307.48,1653.74,2026-08,58.0,1.0,66.0,0.9090909090909091,ACTIVE_COHORT_MEMBER
C001958,,,,,,,,,,,NO_BOOKING
C001959,2025-11-30,2026-07-25,3.0,10837.59,3612.53,2025-11,150.0,1.0,237.0,0.37974683544303794,ACTIVE_COHORT_MEMBER
C001960,2025-11-22,2026-06-10,3.0,5222.43,1740.8100000000002,2025-11,195.0,1.0,200.0,0.44999999999999996,ACTIVE_COHORT_MEMBER
C001961,2025-08-12,2026-12-13,4.0,15473.59,3868.3975,2025-08,9.0,1.0,488.0,0.24590163934426232,ACTIVE_COHORT_MEMBER
C001962,2026-02-24,2026-07-29,2.0,5763.879999999999,2881.9399999999996,2026-02,146.0,1.0,155.0,0.3870967741935484,ACTIVE_COHORT_MEMBER
C001963,,,,,,,,,,,NO_BOOKING
C001964,2026-03-30,2026-03-30,1.0,4473.8,4473.8,2026-03,267.0,0.0,0.0,1.0,ACTIVE_COHORT_MEMBER
C001965,,,,,,,,,,,NO_BOOKING
C001966,,,,,,,,,,,NO_BOOKING
C001967,2026-08-18,2026-08-18,1.0,3892.27,3892.27,2026-08,126.0,0.0,0.0,1.0,ACTIVE_COHORT_MEMBER
C001968,2026-09-22,2026-09-22,1.0,2463.74,2463.74,2026-09,91.0,0.0,0.0,1.0,ACTIVE_COHORT_MEMBER
C001969,2026-05-01,2026-07-20,3.0,8184.03,2728.0099999999998,2026-05,155.0,1.0,80.0,1.125,ACTIVE_COHORT_MEMBER
C001970,2025-10-24,2026-07-21,4.0,7760.58,1940.145,2025-10,154.0,1.0,270.0,0.4444444444444444,ACTIVE_COHORT_MEMBER
C001971,2025-12-28,2026-05-15,2.0,4956.78,2478.39,2025-12,221.0,1.0,138.0,0.4347826086956522,ACTIVE_COHORT_MEMBER
C001972,,,,,,,,,,,NO_BOOKING
C001973,2026-02-02,2026-02-02,1.0,4730.04,4730.04,2026-02,323.0,0.0,0.0,1.0,ACTIVE_COHORT_MEMBER
C001974,2026-01-16,2026-11-10,3.0,7452.2699999999995,2484.0899999999997,2026-01,42.0,1.0,298.0,0.30201342281879195,ACTIVE_COHORT_MEMBER
C001975,2025-12-23,2025-12-23,1.0,2010.33,2010.33,2025-12,364.0,0.0,0.0,1.0,ACTIVE_COHORT_MEMBER
C001976,2026-10-15,2026-11-22,2.0,6692.4400000000005,3346.2200000000003,2026-10,30.0,1.0,38.0,1.5789473684210527,ACTIVE_COHORT_MEMBER
C001977,2026-06-21,2026-06-21,1.0,4969.27,4969.27,2026-06,184.0,0.0,0.0,1.0,ACTIVE_COHORT_MEMBER
C001978,2025-11-17,2026-07-24,3.0,6454.25,2151.4166666666665,2025-11,151.0,1.0,249.0,0.36144578313253006,ACTIVE_COHORT_MEMBER
C001979,,,,,,,,,,,NO_BOOKING
C001980,2026-08-17,2026-09-24,2.0,5625.09,2812.545,2026-08,89.0,1.0,38.0,1.5789473684210527,ACTIVE_COHORT_MEMBER
C001981,2026-03-20,2026-03-20,1.0,2258.6,2258.6,2026-03,277.0,0.0,0.0,1.0,ACTIVE_COHORT_MEMBER
C001982,2026-02-19,2026-04-25,2.0,5369.780000000001,2684.8900000000003,2026-02,241.0,1.0,65.0,0.9230769230769231,ACTIVE_COHORT_MEMBER
C001983,2025-12-28,2026-06-29,3.0,8706.66,2902.22,2025-12,176.0,1.0,183.0,0.49180327868852464,ACTIVE_COHORT_MEMBER
C001984,,,,,,,,,,,NO_BOOKING
C001985,2026-05-28,2026-05-28,1.0,4667.19,4667.19,2026-05,208.0,0.0,0.0,1.0,ACTIVE_COHORT_MEMBER
C001986,2026-04-29,2026-09-15,4.0,10282.66,2570.665,2026-04,98.0,1.0,139.0,0.8633093525179856,ACTIVE_COHORT_MEMBER
C001987,2026-04-11,2026-09-09,5.0,19064.97,3812.994,2026-04,104.0,1.0,151.0,0.9933774834437087,ACTIVE_COHORT_MEMBER
C001988,2026-02-12,2026-09-25,2.0,1814.66,907.33,2026-02,88.0,1.0,225.0,0.26666666666666666,ACTIVE_COHORT_MEMBER
C001989,2025-12-02,2026-05-28,2.0,3602.3100000000004,1801.1550000000002,2025-12,208.0,1.0,177.0,0.3389830508474576,ACTIVE_COHORT_MEMBER
C001990,2026-08-08,2026-08-08,1.0,4536.21,4536.21,2026-08,136.0,0.0,0.0,1.0,ACTIVE_COHORT_MEMBER
C001991,2026-04-11,2026-07-27,2.0,5944.73,2972.365,2026-04,148.0,1.0,107.0,0.5607476635514018,ACTIVE_COHORT_MEMBER
C001992,2026-05-02,2026-07-21,3.0,9200.08,3066.693333333333,2026-05,154.0,1.0,80.0,1.125,ACTIVE_COHORT_MEMBER
C001993,2026-02-03,2026-02-03,1.0,852.46,852.46,2026-02,322.0,0.0,0.0,1.0,ACTIVE_COHORT_MEMBER
C001994,2026-04-16,2026-05-23,3.0,11406.96,3802.3199999999997,2026-04,213.0,1.0,37.0,2.4324324324324325,ACTIVE_COHORT_MEMBER
C001995,2026-04-24,2026-08-31,2.0,6841.65,3420.825,2026-04,113.0,1.0,129.0,0.46511627906976744,ACTIVE_COHORT_MEMBER
C001996,2026-03-13,2026-03-13,1.0,3946.46,3946.46,2026-03,284.0,0.0,0.0,1.0,ACTIVE_COHORT_MEMBER
C001997,2026-01-20,2026-07-23,6.0,14576.83,2429.471666666667,2026-01,152.0,1.0,184.0,0.9782608695652173,ACTIVE_COHORT_MEMBER
C001998,2026-01-13,2026-05-15,3.0,6632.74,2210.9133333333334,2026-01,221.0,1.0,122.0,0.7377049180327869,ACTIVE_COHORT_MEMBER
C001999,2026-06-27,2026-09-11,3.0,6941.23,2313.7433333333333,2026-06,102.0,1.0,76.0,1.1842105263157896,ACTIVE_COHORT_MEMBER
C002000,2026-02-08,2026-02-08,1.0,700.05,700.05,2026-02,317.0,0.0,0.0,1.0,ACTIVE_COHORT_MEMBER
C002001,2025-10-03,2026-08-22,2.0,7090.139999999999,3545.0699999999997,2025-10,122.0,1.0,323.0,0.18575851393188852,ACTIVE_COHORT_MEMBER
C002002,2025-12-15,2026-11-02,2.0,3490.45,1745.225,2025-12,50.0,1.0,322.0,0.1863354037267081,ACTIVE_COHORT_MEMBER
C002003,,,,,,,,,,,NO_BOOKING
C002004,2025-12-07,2026-10-20,4.0,12534.939999999999,3133.7349999999997,2025-12,63.0,1.0,317.0,0.37854889589905366,ACTIVE_COHORT_MEMBER
C002005,2026-02-14,2026-02-14,1.0,3980.58,3980.58,2026-02,311.0,0.0,0.0,1.0,ACTIVE_COHORT_MEMBER
C002006,2025-12-02,2026-10-01,2.0,4267.389999999999,2133.6949999999997,2025-12,82.0,1.0,303.0,0.19801980198019803,ACTIVE_COHORT_MEMBER
C002007,2026-03-18,2026-03-18,1.0,3043.44,3043.44,2026-03,279.0,0.0,0.0,1.0,ACTIVE_COHORT_MEMBER
C002008,2026-02-13,2026-05-16,2.0,5327.73,2663.865,2026-02,220.0,1.0,92.0,0.6521739130434783,ACTIVE_COHORT_MEMBER
C002009,2025-12-31,2025-12-31,1.0,1154.24,1154.24,2025-12,356.0,0.0,0.0,1.0,ACTIVE_COHORT_MEMBER
C002010,2026-06-06,2026-06-06,1.0,2553.4,2553.4,2026-06,199.0,0.0,0.0,1.0,ACTIVE_COHORT_MEMBER
C002011,2026-02-11,2026-10-15,2.0,8342.82,4171.41,2026-02,68.0,1.0,246.0,0.24390243902439027,ACTIVE_COHORT_MEMBER
C002012,2025-11-15,2026-03-09,4.0,7481.849999999999,1870.4624999999999,2025-11,288.0,1.0,114.0,1.0526315789473684,ACTIVE_COHORT_MEMBER
C002013,2026-06-12,2026-06-12,1.0,975.97,975.97,2026-06,193.0,0.0,0.0,1.0,ACTIVE_COHORT_MEMBER
C002014,2026-01-18,2026-10-15,2.0,8838.51,4419.255,2026-01,68.0,1.0,270.0,0.2222222222222222,ACTIVE_COHORT_MEMBER
C002015,2026-03-02,2026-06-04,3.0,9580.4,3193.4666666666667,2026-03,201.0,1.0,94.0,0.9574468085106383,ACTIVE_COHORT_MEMBER
C002016,2025-12-07,2025-12-07,1.0,1740.96,1740.96,2025-12,380.0,0.0,0.0,1.0,ACTIVE_COHORT_MEMBER
C002017,2025-12-23,2025-12-23,1.0,2886.32,2886.32,2025-12,364.0,0.0,0.0,1.0,ACTIVE_COHORT_MEMBER
C002018,2025-10-28,2026-01-19,3.0,7495.150000000001,2498.3833333333337,2025-10,337.0,1.0,83.0,1.0843373493975903,ACTIVE_COHORT_MEMBER
C002019,,,,,,,,,,,NO_BOOKING
C002020,2026-10-13,2026-10-13,1.0,971.92,971.92,2026-10,70.0,0.0,0.0,1.0,ACTIVE_COHORT_MEMBER
C002021,,,,,,,,,,,NO_BOOKING
C002022,2026-05-19,2026-05-19,1.0,3786.37,3786.37,2026-05,217.0,0.0,0.0,1.0,ACTIVE_COHORT_MEMBER
C002023,2026-02-16,2026-02-16,1.0,4498.22,4498.22,2026-02,309.0,0.0,0.0,1.0,ACTIVE_COHORT_MEMBER
C002024,2025-12-24,2025-12-24,1.0,4034.6,4034.6,2025-12,363.0,0.0,0.0,1.0,ACTIVE_COHORT_MEMBER
C002025,2025-12-17,2026-03-05,2.0,7573.42,3786.71,2025-12,292.0,1.0,78.0,0.7692307692307692,ACTIVE_COHORT_MEMBER
C002026,,,,,,,,,,,NO_BOOKING
C002027,2025-08-28,2026-03-06,2.0,6840.24,3420.12,2025-08,291.0,1.0,190.0,0.31578947368421056,ACTIVE_COHORT_MEMBER
C002028,2026-10-02,2026-10-02,1.0,2517.25,2517.25,2026-10,81.0,0.0,0.0,1.0,ACTIVE_COHORT_MEMBER
C002029,2026-04-02,2026-04-02,1.0,4071.52,4071.52,2026-04,264.0,0.0,0.0,1.0,ACTIVE_COHORT_MEMBER
C002030,,,,,,,,,,,NO_BOOKING
C002031,2025-12-04,2025-12-04,1.0,3020.47,3020.47,2025-12,383.0,0.0,0.0,1.0,ACTIVE_COHORT_MEMBER
C002032,2026-05-18,2026-05-18,1.0,2999.8,2999.8,2026-05,218.0,0.0,0.0,1.0,ACTIVE_COHORT_MEMBER
C002033,2025-09-22,2026-06-16,4.0,15462.81,3865.7025,2025-09,189.0,1.0,267.0,0.449438202247191,ACTIVE_COHORT_MEMBER
C002034,2026-01-21,2026-09-15,3.0,4718.36,1572.7866666666666,2026-01,98.0,1.0,237.0,0.37974683544303794,ACTIVE_COHORT_MEMBER
C002035,,,,,,,,,,,NO_BOOKING
C002036,2026-01-11,2026-10-01,2.0,3957.4799999999996,1978.7399999999998,2026-01,82.0,1.0,263.0,0.22813688212927755,ACTIVE_COHORT_MEMBER
C002037,,,,,,,,,,,NO_BOOKING
C002038,2026-01-06,2026-01-13,2.0,4062.94,2031.47,2026-01,343.0,1.0,7.0,2.0,ACTIVE_COHORT_MEMBER
C002039,2025-08-19,2026-10-10,4.0,11817.07,2954.2675,2025-08,73.0,1.0,417.0,0.28776978417266186,ACTIVE_COHORT_MEMBER
C002040,2026-10-09,2026-10-09,1.0,1840.77,1840.77,2026-10,74.0,0.0,0.0,1.0,ACTIVE_COHORT_MEMBER
C002041,2025-10-17,2026-08-28,4.0,10039.08,2509.77,2025-10,116.0,1.0,315.0,0.38095238095238093,ACTIVE_COHORT_MEMBER
C002042,2025-12-09,2026-07-09,4.0,16961.120000000003,4240.280000000001,2025-12,166.0,1.0,212.0,0.5660377358490566,ACTIVE_COHORT_MEMBER
C002043,2026-03-06,2026-11-24,3.0,11425.07,3808.3566666666666,2026-03,28.0,1.0,263.0,0.34220532319391633,ACTIVE_COHORT_MEMBER
C002044,2025-09-29,2026-08-08,2.0,6870.139999999999,3435.0699999999997,2025-09,136.0,1.0,313.0,0.19169329073482427,ACTIVE_COHORT_MEMBER
C002045,2025-12-05,2026-06-08,4.0,9557.279999999999,2389.3199999999997,2025-12,197.0,1.0,185.0,0.6486486486486486,ACTIVE_COHORT_MEMBER
C002046,2026-07-15,2026-07-15,1.0,3906.76,3906.76,2026-07,160.0,0.0,0.0,1.0,ACTIVE_COHORT_MEMBER
C002047,2026-02-11,2026-07-10,2.0,2453.45,1226.725,2026-02,165.0,1.0,149.0,0.40268456375838924,ACTIVE_COHORT_MEMBER
C002048,2025-08-10,2025-08-10,1.0,1680.43,1680.43,2025-08,499.0,0.0,0.0,1.0,ACTIVE_COHORT_MEMBER
C002049,2026-01-10,2026-04-20,3.0,9103.95,3034.65,2026-01,246.0,1.0,100.0,0.8999999999999999,ACTIVE_COHORT_MEMBER
C002050,2025-11-05,2025-11-05,1.0,3120.78,3120.78,2025-11,412.0,0.0,0.0,1.0,ACTIVE_COHORT_MEMBER
C002051,2026-02-26,2026-02-26,1.0,899.63,899.63,2026-02,299.0,0.0,0.0,1.0,ACTIVE_COHORT_MEMBER
C002052,2025-10-11,2026-04-06,3.0,7892.76,2630.92,2025-10,260.0,1.0,177.0,0.5084745762711864,ACTIVE_COHORT_MEMBER
C002053,2025-11-15,2026-10-08,2.0,7847.0599999999995,3923.5299999999997,2025-11,75.0,1.0,327.0,0.18348623853211007,ACTIVE_COHORT_MEMBER
C002054,2025-12-08,2026-05-16,2.0,7894.67,3947.335,2025-12,220.0,1.0,159.0,0.37735849056603776,ACTIVE_COHORT_MEMBER
C002055,2026-04-16,2026-04-16,1.0,1786.13,1786.13,2026-04,250.0,0.0,0.0,1.0,ACTIVE_COHORT_MEMBER
C002056,2026-03-23,2026-03-23,1.0,3605.09,3605.09,2026-03,274.0,0.0,0.0,1.0,ACTIVE_COHORT_MEMBER
C002057,2026-01-29,2026-06-12,3.0,7573.370000000001,2524.456666666667,2026-01,193.0,1.0,134.0,0.6716417910447761,ACTIVE_COHORT_MEMBER
C002058,,,,,,,,,,,NO_BOOKING
C002059,2026-06-15,2026-06-15,1.0,3224.76,3224.76,2026-06,190.0,0.0,0.0,1.0,ACTIVE_COHORT_MEMBER
C002060,2026-02-08,2026-02-08,1.0,1387.41,1387.41,2026-02,317.0,0.0,0.0,1.0,ACTIVE_COHORT_MEMBER
C002061,2025-11-10,2026-02-06,2.0,5931.91,2965.955,2025-11,319.0,1.0,88.0,0.6818181818181819,ACTIVE_COHORT_MEMBER
C002062,2026-04-05,2026-06-13,2.0,4768.37,2384.185,2026-04,192.0,1.0,69.0,0.8695652173913044,ACTIVE_COHORT_MEMBER
C002063,2025-10-11,2026-03-24,2.0,5213.530000000001,2606.7650000000003,2025-10,273.0,1.0,164.0,0.36585365853658536,ACTIVE_COHORT_MEMBER
C002064,2025-09-28,2026-08-01,3.0,11526.11,3842.036666666667,2025-09,143.0,1.0,307.0,0.2931596091205212,ACTIVE_COHORT_MEMBER
C002065,2026-01-27,2026-05-11,3.0,6738.13,2246.0433333333335,2026-01,225.0,1.0,104.0,0.8653846153846153,ACTIVE_COHORT_MEMBER
C002066,2026-05-13,2026-06-22,2.0,3206.81,1603.405,2026-05,183.0,1.0,40.0,1.5,ACTIVE_COHORT_MEMBER
C002067,2025-11-19,2026-07-04,2.0,2653.96,1326.98,2025-11,171.0,1.0,227.0,0.2643171806167401,ACTIVE_COHORT_MEMBER
C002068,,,,,,,,,,,NO_BOOKING
C002069,2026-02-06,2026-10-27,4.0,15176.630000000001,3794.1575000000003,2026-02,56.0,1.0,263.0,0.4562737642585551,ACTIVE_COHORT_MEMBER
C002070,,,,,,,,,,,NO_BOOKING
C002071,2026-04-13,2026-05-14,2.0,7186.889999999999,3593.4449999999997,2026-04,222.0,1.0,31.0,1.9354838709677418,ACTIVE_COHORT_MEMBER
C002072,2025-12-23,2025-12-23,1.0,3392.12,3392.12,2025-12,364.0,0.0,0.0,1.0,ACTIVE_COHORT_MEMBER
C002073,2026-03-25,2026-03-25,1.0,1362.42,1362.42,2026-03,272.0,0.0,0.0,1.0,ACTIVE_COHORT_MEMBER
C002074,2026-04-09,2026-06-19,3.0,9414.529999999999,3138.1766666666663,2026-04,186.0,1.0,71.0,1.267605633802817,ACTIVE_COHORT_MEMBER
C002075,2026-02-06,2026-08-24,2.0,5251.0599999999995,2625.5299999999997,2026-02,120.0,1.0,199.0,0.3015075376884422,ACTIVE_COHORT_MEMBER
C002076,2025-10-21,2025-10-21,1.0,2434.51,2434.51,2025-10,427.0,0.0,0.0,1.0,ACTIVE_COHORT_MEMBER
C002077,2026-03-14,2026-09-04,3.0,6303.950000000001,2101.316666666667,2026-03,109.0,1.0,174.0,0.5172413793103449,ACTIVE_COHORT_MEMBER
C002078,2026-01-07,2026-01-07,1.0,2266.28,2266.28,2026-01,349.0,0.0,0.0,1.0,ACTIVE_COHORT_MEMBER
C002079,2025-11-12,2026-05-27,2.0,7721.349999999999,3860.6749999999997,2025-11,209.0,1.0,196.0,0.30612244897959184,ACTIVE_COHORT_MEMBER
C002080,2025-08-30,2026-10-15,4.0,4615.13,1153.7825,2025-08,68.0,1.0,411.0,0.29197080291970806,ACTIVE_COHORT_MEMBER
C002081,2026-09-18,2026-09-18,1.0,3998.04,3998.04,2026-09,95.0,0.0,0.0,1.0,ACTIVE_COHORT_MEMBER
C002082,2025-11-22,2026-06-30,3.0,7150.889999999999,2383.6299999999997,2025-11,175.0,1.0,220.0,0.4090909090909091,ACTIVE_COHORT_MEMBER
C002083,2026-11-15,2026-11-15,1.0,762.19,762.19,2026-11,37.0,0.0,0.0,1.0,ACTIVE_COHORT_MEMBER
C002084,2026-05-22,2026-05-22,1.0,4907.68,4907.68,2026-05,214.0,0.0,0.0,1.0,ACTIVE_COHORT_MEMBER
C002085,2025-12-20,2026-01-14,2.0,8289.1,4144.55,2025-12,342.0,1.0,25.0,2.0,ACTIVE_COHORT_MEMBER
C002086,2025-10-28,2025-10-28,1.0,3151.55,3151.55,2025-10,420.0,0.0,0.0,1.0,ACTIVE_COHORT_MEMBER
C002087,2025-12-20,2026-10-16,2.0,9002.68,4501.34,2025-12,67.0,1.0,300.0,0.2,ACTIVE_COHORT_MEMBER
C002088,,,,,,,,,,,NO_BOOKING
C002089,,,,,,,,,,,NO_BOOKING
C002090,2026-08-12,2026-08-12,1.0,2476.92,2476.92,2026-08,132.0,0.0,0.0,1.0,ACTIVE_COHORT_MEMBER
C002091,2026-08-16,2026-08-16,1.0,1361.5,1361.5,2026-08,128.0,0.0,0.0,1.0,ACTIVE_COHORT_MEMBER
C002092,2025-11-16,2025-11-16,1.0,1724.01,1724.01,2025-11,401.0,0.0,0.0,1.0,ACTIVE_COHORT_MEMBER
C002093,2025-12-24,2025-12-30,2.0,4136.46,2068.23,2025-12,357.0,1.0,6.0,2.0,ACTIVE_COHORT_MEMBER
C002094,2026-10-03,2026-10-03,1.0,4051.4,4051.4,2026-10,80.0,0.0,0.0,1.0,ACTIVE_COHORT_MEMBER
C002095,,,,,,,,,,,NO_BOOKING
C002096,2026-07-18,2026-07-18,1.0,808.67,808.67,2026-07,157.0,0.0,0.0,1.0,ACTIVE_COHORT_MEMBER
C002097,2025-09-28,2026-08-25,4.0,14120.04,3530.01,2025-09,119.0,1.0,331.0,0.36253776435045315,ACTIVE_COHORT_MEMBER
C002098,2026-02-11,2026-02-11,1.0,2279.92,2279.92,2026-02,314.0,0.0,0.0,1.0,ACTIVE_COHORT_MEMBER
C002099,,,,,,,,,,,NO_BOOKING
C002100,2025-11-12,2025-11-12,1.0,2787.25,2787.25,2025-11,405.0,0.0,0.0,1.0,ACTIVE_COHORT_MEMBER
C002101,2026-01-17,2026-09-12,4.0,7783.83,1945.9575,2026-01,101.0,1.0,238.0,0.5042016806722689,ACTIVE_COHORT_MEMBER
C002102,2025-12-06,2026-08-01,2.0,6325.88,3162.94,2025-12,143.0,1.0,238.0,0.25210084033613445,ACTIVE_COHORT_MEMBER
C002103,2026-03-04,2026-03-04,1.0,2884.31,2884.31,2026-03,293.0,0.0,0.0,1.0,ACTIVE_COHORT_MEMBER
C002104,2026-05-11,2026-06-21,2.0,6574.820000000001,3287.4100000000003,2026-05,184.0,1.0,41.0,1.4634146341463414,ACTIVE_COHORT_MEMBER
C002105,2026-05-01,2026-05-08,2.0,3979.66,1989.83,2026-05,228.0,1.0,7.0,2.0,ACTIVE_COHORT_MEMBER
C002106,2025-09-04,2026-07-15,5.0,12814.34,2562.868,2025-09,160.0,1.0,314.0,0.47770700636942676,ACTIVE_COHORT_MEMBER
C002107,2025-08-10,2026-10-27,2.0,1988.06,994.03,2025-08,56.0,1.0,443.0,0.13544018058690743,ACTIVE_COHORT_MEMBER
C002108,,,,,,,,,,,NO_BOOKING
C002109,2026-03-28,2026-03-28,1.0,1459.49,1459.49,2026-03,269.0,0.0,0.0,1.0,ACTIVE_COHORT_MEMBER
C002110,2026-04-14,2026-04-14,1.0,3978.21,3978.21,2026-04,252.0,0.0,0.0,1.0,ACTIVE_COHORT_MEMBER
C002111,,,,,,,,,,,NO_BOOKING
C002112,2026-03-22,2026-03-22,1.0,4550.78,4550.78,2026-03,275.0,0.0,0.0,1.0,ACTIVE_COHORT_MEMBER
C002113,2026-03-19,2026-03-19,1.0,1454.89,1454.89,2026-03,278.0,0.0,0.0,1.0,ACTIVE_COHORT_MEMBER
C002114,2025-08-20,2026-09-02,3.0,5863.1,1954.3666666666668,2025-08,111.0,1.0,378.0,0.2380952380952381,ACTIVE_COHORT_MEMBER
C002115,2026-05-11,2026-05-11,1.0,3154.98,3154.98,2026-05,225.0,0.0,0.0,1.0,ACTIVE_COHORT_MEMBER
C002116,2025-09-28,2025-09-28,1.0,1820.41,1820.41,2025-09,450.0,0.0,0.0,1.0,ACTIVE_COHORT_MEMBER
C002117,2025-12-31,2026-03-27,2.0,4123.34,2061.67,2025-12,270.0,1.0,86.0,0.6976744186046512,ACTIVE_COHORT_MEMBER
C002118,2026-02-09,2026-02-09,1.0,3979.25,3979.25,2026-02,316.0,0.0,0.0,1.0,ACTIVE_COHORT_MEMBER
C002119,2026-02-05,2026-06-17,2.0,4611.6,2305.8,2026-02,188.0,1.0,132.0,0.45454545454545453,ACTIVE_COHORT_MEMBER
C002120,,,,,,,,,,,NO_BOOKING
C002121,2025-11-14,2026-08-01,4.0,9910.17,2477.5425,2025-11,143.0,1.0,260.0,0.46153846153846156,ACTIVE_COHORT_MEMBER
C002122,2026-06-25,2026-07-24,2.0,5137.030000000001,2568.5150000000003,2026-06,151.0,1.0,29.0,2.0,ACTIVE_COHORT_MEMBER
C002123,2026-08-11,2026-08-17,2.0,4834.86,2417.43,2026-08,127.0,1.0,6.0,2.0,ACTIVE_COHORT_MEMBER
C002124,2026-02-18,2026-02-18,1.0,2196.17,2196.17,2026-02,307.0,0.0,0.0,1.0,ACTIVE_COHORT_MEMBER
C002125,,,,,,,,,,,NO_BOOKING
C002126,2026-01-04,2026-01-27,2.0,6936.2,3468.1,2026-01,329.0,1.0,23.0,2.0,ACTIVE_COHORT_MEMBER
C002127,2026-09-11,2026-09-11,1.0,2232.64,2232.64,2026-09,102.0,0.0,0.0,1.0,ACTIVE_COHORT_MEMBER
C002128,,,,,,,,,,,NO_BOOKING
C002129,2026-06-09,2026-06-09,1.0,3196.57,3196.57,2026-06,196.0,0.0,0.0,1.0,ACTIVE_COHORT_MEMBER
C002130,2026-01-01,2026-07-19,2.0,7893.24,3946.62,2026-01,156.0,1.0,199.0,0.3015075376884422,ACTIVE_COHORT_MEMBER
C002131,2025-10-19,2026-05-03,2.0,7777.54,3888.77,2025-10,233.0,1.0,196.0,0.30612244897959184,ACTIVE_COHORT_MEMBER
C002132,2026-01-12,2026-01-12,1.0,4757.07,4757.07,2026-01,344.0,0.0,0.0,1.0,ACTIVE_COHORT_MEMBER
C002133,2025-12-03,2026-06-02,2.0,7991.799999999999,3995.8999999999996,2025-12,203.0,1.0,181.0,0.3314917127071823,ACTIVE_COHORT_MEMBER
C002134,,,,,,,,,,,NO_BOOKING
C002135,2025-08-31,2026-03-27,2.0,5149.99,2574.995,2025-08,270.0,1.0,208.0,0.28846153846153844,ACTIVE_COHORT_MEMBER
C002136,2026-06-28,2026-07-12,2.0,8519.93,4259.965,2026-06,163.0,1.0,14.0,2.0,ACTIVE_COHORT_MEMBER
C002137,2026-06-28,2026-06-28,1.0,551.84,551.84,2026-06,177.0,0.0,0.0,1.0,ACTIVE_COHORT_MEMBER
C002138,2026-01-20,2026-01-20,1.0,731.82,731.82,2026-01,336.0,0.0,0.0,1.0,ACTIVE_COHORT_MEMBER
C002139,,,,,,,,,,,NO_BOOKING
C002140,2026-02-22,2026-09-09,2.0,4380.5599999999995,2190.2799999999997,2026-02,104.0,1.0,199.0,0.3015075376884422,ACTIVE_COHORT_MEMBER
C002141,2026-05-30,2026-05-30,1.0,991.26,991.26,2026-05,206.0,0.0,0.0,1.0,ACTIVE_COHORT_MEMBER
C002142,2025-11-25,2025-11-25,1.0,3273.71,3273.71,2025-11,392.0,0.0,0.0,1.0,ACTIVE_COHORT_MEMBER
C002143,,,,,,,,,,,NO_BOOKING
C002144,2026-07-03,2026-09-28,3.0,7784.469999999999,2594.8233333333333,2026-07,85.0,1.0,87.0,1.0344827586206897,ACTIVE_COHORT_MEMBER
C002145,,,,,,,,,,,NO_BOOKING
C002146,,,,,,,,,,,NO_BOOKING
C002147,2026-05-23,2026-05-23,1.0,2528.26,2528.26,2026-05,213.0,0.0,0.0,1.0,ACTIVE_COHORT_MEMBER
C002148,2026-01-14,2026-07-14,3.0,10473.04,3491.013333333334,2026-01,161.0,1.0,181.0,0.4972375690607735,ACTIVE_COHORT_MEMBER
C002149,2026-02-21,2026-10-14,4.0,14927.41,3731.8525,2026-02,69.0,1.0,235.0,0.5106382978723405,ACTIVE_COHORT_MEMBER
C002150,2026-09-17,2026-09-17,1.0,4965.9,4965.9,2026-09,96.0,0.0,0.0,1.0,ACTIVE_COHORT_MEMBER
C002151,2026-06-14,2026-06-14,1.0,799.05,799.05,2026-06,191.0,0.0,0.0,1.0,ACTIVE_COHORT_MEMBER
C002152,2025-07-26,2026-08-22,3.0,5604.18,1868.0600000000002,2025-07,122.0,1.0,392.0,0.22959183673469388,ACTIVE_COHORT_MEMBER
C002153,2026-05-02,2026-05-02,1.0,503.86,503.86,2026-05,234.0,0.0,0.0,1.0,ACTIVE_COHORT_MEMBER
C002154,2026-01-19,2026-09-04,4.0,14069.099999999999,3517.2749999999996,2026-01,109.0,1.0,228.0,0.5263157894736842,ACTIVE_COHORT_MEMBER
C002155,,,,,,,,,,,NO_BOOKING
C002156,2025-08-15,2026-01-06,2.0,5984.49,2992.245,2025-08,350.0,1.0,144.0,0.4166666666666667,ACTIVE_COHORT_MEMBER
C002157,2026-03-09,2026-08-09,7.0,21152.6,3021.7999999999997,2026-03,135.0,1.0,153.0,1.3725490196078431,ACTIVE_COHORT_MEMBER
C002158,,,,,,,,,,,NO_BOOKING
C002159,2026-03-15,2026-08-23,5.0,15879.15,3175.83,2026-03,121.0,1.0,161.0,0.9316770186335405,ACTIVE_COHORT_MEMBER
C002160,2025-11-15,2026-05-31,3.0,8123.799999999999,2707.933333333333,2025-11,205.0,1.0,197.0,0.4568527918781726,ACTIVE_COHORT_MEMBER
C002161,2025-10-08,2026-08-17,2.0,6848.45,3424.225,2025-10,127.0,1.0,313.0,0.19169329073482427,ACTIVE_COHORT_MEMBER
C002162,2025-11-25,2026-06-19,3.0,6763.42,2254.4733333333334,2025-11,186.0,1.0,206.0,0.4368932038834952,ACTIVE_COHORT_MEMBER
C002163,2026-04-02,2026-04-02,1.0,2089.34,2089.34,2026-04,264.0,0.0,0.0,1.0,ACTIVE_COHORT_MEMBER
C002164,2025-09-22,2026-04-17,2.0,6605.75,3302.875,2025-09,249.0,1.0,207.0,0.2898550724637681,ACTIVE_COHORT_MEMBER
C002165,2026-09-21,2026-09-21,1.0,886.11,886.11,2026-09,92.0,0.0,0.0,1.0,ACTIVE_COHORT_MEMBER
C002166,2026-04-20,2026-10-28,2.0,3212.5,1606.25,2026-04,55.0,1.0,191.0,0.31413612565445026,ACTIVE_COHORT_MEMBER
C002167,2025-12-09,2026-09-19,2.0,5153.6,2576.8,2025-12,94.0,1.0,284.0,0.2112676056338028,ACTIVE_COHORT_MEMBER
C002168,,,,,,,,,,,NO_BOOKING
C002169,,,,,,,,,,,NO_BOOKING
C002170,2026-03-29,2026-09-06,4.0,9981.02,2495.255,2026-03,107.0,1.0,161.0,0.7453416149068324,ACTIVE_COHORT_MEMBER
C002171,2026-01-12,2026-02-15,2.0,2877.12,1438.56,2026-01,310.0,1.0,34.0,1.7647058823529411,ACTIVE_COHORT_MEMBER
C002172,2025-12-07,2025-12-07,1.0,1722.35,1722.35,2025-12,380.0,0.0,0.0,1.0,ACTIVE_COHORT_MEMBER
C002173,2026-03-01,2026-09-17,3.0,10594.86,3531.6200000000003,2026-03,96.0,1.0,200.0,0.44999999999999996,ACTIVE_COHORT_MEMBER
C002174,2026-07-24,2026-07-24,1.0,4950.9,4950.9,2026-07,151.0,0.0,0.0,1.0,ACTIVE_COHORT_MEMBER
C002175,2026-01-12,2026-01-12,1.0,1989.4,1989.4,2026-01,344.0,0.0,0.0,1.0,ACTIVE_COHORT_MEMBER
C002176,2025-09-28,2026-05-18,2.0,7678.0599999999995,3839.0299999999997,2025-09,218.0,1.0,232.0,0.25862068965517243,ACTIVE_COHORT_MEMBER
C002177,2026-03-03,2026-04-12,2.0,6537.92,3268.96,2026-03,254.0,1.0,40.0,1.5,ACTIVE_COHORT_MEMBER
C002178,,,,,,,,,,,NO_BOOKING
C002179,2026-08-03,2026-08-03,1.0,1886.34,1886.34,2026-08,141.0,0.0,0.0,1.0,ACTIVE_COHORT_MEMBER
C002180,2026-01-02,2026-10-04,2.0,5898.56,2949.28,2026-01,79.0,1.0,275.0,0.2181818181818182,ACTIVE_COHORT_MEMBER
C002181,2025-11-15,2026-09-26,2.0,7141.200000000001,3570.6000000000004,2025-11,87.0,1.0,315.0,0.19047619047619047,ACTIVE_COHORT_MEMBER
C002182,2026-04-04,2026-12-18,3.0,8876.92,2958.9733333333334,2026-04,4.0,1.0,258.0,0.3488372093023256,ACTIVE_COHORT_MEMBER
C002183,2026-01-16,2026-01-16,1.0,3031.14,3031.14,2026-01,340.0,0.0,0.0,1.0,ACTIVE_COHORT_MEMBER
C002184,,,,,,,,,,,NO_BOOKING
C002185,,,,,,,,,,,NO_BOOKING
C002186,2025-11-01,2025-11-01,1.0,1058.2,1058.2,2025-11,416.0,0.0,0.0,1.0,ACTIVE_COHORT_MEMBER
C002187,2025-11-20,2026-03-22,2.0,3767.33,1883.665,2025-11,275.0,1.0,122.0,0.49180327868852464,ACTIVE_COHORT_MEMBER
C002188,2025-12-28,2026-03-08,2.0,7563.620000000001,3781.8100000000004,2025-12,289.0,1.0,70.0,0.8571428571428571,ACTIVE_COHORT_MEMBER
C002189,2026-01-28,2026-04-21,2.0,3244.95,1622.475,2026-01,245.0,1.0,83.0,0.7228915662650602,ACTIVE_COHORT_MEMBER
C002190,,,,,,,,,,,NO_BOOKING
C002191,2025-10-05,2026-03-02,3.0,6940.08,2313.36,2025-10,295.0,1.0,148.0,0.6081081081081081,ACTIVE_COHORT_MEMBER
C002192,,,,,,,,,,,NO_BOOKING
C002193,2025-12-18,2025-12-18,1.0,2914.6,2914.6,2025-12,369.0,0.0,0.0,1.0,ACTIVE_COHORT_MEMBER
C002194,2026-05-28,2026-05-28,1.0,2573.15,2573.15,2026-05,208.0,0.0,0.0,1.0,ACTIVE_COHORT_MEMBER
C002195,2026-01-27,2026-03-27,2.0,8054.75,4027.375,2026-01,270.0,1.0,59.0,1.0169491525423728,ACTIVE_COHORT_MEMBER
C002196,2025-10-18,2025-10-18,1.0,4390.28,4390.28,2025-10,430.0,0.0,0.0,1.0,ACTIVE_COHORT_MEMBER
C002197,2026-09-23,2026-11-02,2.0,4309.92,2154.96,2026-09,50.0,1.0,40.0,1.5,ACTIVE_COHORT_MEMBER
C002198,2026-08-23,2026-08-23,1.0,1775.96,1775.96,2026-08,121.0,0.0,0.0,1.0,ACTIVE_COHORT_MEMBER
C002199,2026-01-01,2026-04-13,2.0,8350.91,4175.455,2026-01,253.0,1.0,102.0,0.5882352941176471,ACTIVE_COHORT_MEMBER
C002200,,,,,,,,,,,NO_BOOKING
C002201,2026-10-28,2026-10-28,1.0,2355.5,2355.5,2026-10,55.0,0.0,0.0,1.0,ACTIVE_COHORT_MEMBER
C002202,,,,,,,,,,,NO_BOOKING
C002203,2025-12-27,2025-12-27,2.0,4207.52,2103.76,2025-12,360.0,1.0,0.0,2.0,ACTIVE_COHORT_MEMBER
C002204,2025-12-05,2026-05-17,2.0,7293.82,3646.91,2025-12,219.0,1.0,163.0,0.36809815950920244,ACTIVE_COHORT_MEMBER
C002205,2025-10-01,2026-07-15,3.0,7460.530000000001,2486.8433333333337,2025-10,160.0,1.0,287.0,0.31358885017421606,ACTIVE_COHORT_MEMBER
C002206,2026-05-23,2026-07-14,2.0,3983.8900000000003,1991.9450000000002,2026-05,161.0,1.0,52.0,1.1538461538461537,ACTIVE_COHORT_MEMBER
C002207,2026-03-10,2026-03-10,1.0,4176.99,4176.99,2026-03,287.0,0.0,0.0,1.0,ACTIVE_COHORT_MEMBER
C002208,2025-11-18,2025-11-18,1.0,2725.55,2725.55,2025-11,399.0,0.0,0.0,1.0,ACTIVE_COHORT_MEMBER
C002209,2025-12-01,2026-12-08,2.0,3786.73,1893.365,2025-12,14.0,1.0,372.0,0.16129032258064516,ACTIVE_COHORT_MEMBER
C002210,2026-01-03,2026-06-06,2.0,6795.0599999999995,3397.5299999999997,2026-01,199.0,1.0,154.0,0.3896103896103896,ACTIVE_COHORT_MEMBER
C002211,,,,,,,,,,,NO_BOOKING
C002212,2026-01-08,2026-06-06,2.0,6069.29,3034.645,2026-01,199.0,1.0,149.0,0.40268456375838924,ACTIVE_COHORT_MEMBER
C002213,2026-03-22,2026-09-11,2.0,5269.98,2634.99,2026-03,102.0,1.0,173.0,0.3468208092485549,ACTIVE_COHORT_MEMBER
C002214,2025-10-02,2025-10-02,1.0,3801.89,3801.89,2025-10,446.0,0.0,0.0,1.0,ACTIVE_COHORT_MEMBER
C002215,2026-04-19,2026-04-19,1.0,3498.18,3498.18,2026-04,247.0,0.0,0.0,1.0,ACTIVE_COHORT_MEMBER
C002216,,,,,,,,,,,NO_BOOKING
C002217,2026-04-10,2026-04-10,1.0,1980.08,1980.08,2026-04,256.0,0.0,0.0,1.0,ACTIVE_COHORT_MEMBER
C002218,2025-10-22,2026-07-12,3.0,9088.4,3029.4666666666667,2025-10,163.0,1.0,263.0,0.34220532319391633,ACTIVE_COHORT_MEMBER
C002219,2026-11-04,2026-11-04,1.0,1857.58,1857.58,2026-11,48.0,0.0,0.0,1.0,ACTIVE_COHORT_MEMBER
C002220,2026-03-28,2026-03-28,1.0,3878.74,3878.74,2026-03,269.0,0.0,0.0,1.0,ACTIVE_COHORT_MEMBER
C002221,2025-11-09,2026-05-27,3.0,11586.51,3862.17,2025-11,209.0,1.0,199.0,0.4522613065326633,ACTIVE_COHORT_MEMBER
C002222,,,,,,,,,,,NO_BOOKING
C002223,2026-02-22,2026-02-22,1.0,2774.84,2774.84,2026-02,303.0,0.0,0.0,1.0,ACTIVE_COHORT_MEMBER
C002224,2026-02-09,2026-02-09,1.0,3329.37,3329.37,2026-02,316.0,0.0,0.0,1.0,ACTIVE_COHORT_MEMBER
C002225,2026-05-06,2026-08-10,2.0,7392.16,3696.08,2026-05,134.0,1.0,96.0,0.625,ACTIVE_COHORT_MEMBER
C002226,2026-10-31,2026-10-31,1.0,3378.89,3378.89,2026-10,52.0,0.0,0.0,1.0,ACTIVE_COHORT_MEMBER
C002227,2025-10-10,2026-07-29,2.0,4257.299999999999,2128.6499999999996,2025-10,146.0,1.0,292.0,0.20547945205479454,ACTIVE_COHORT_MEMBER
C002228,,,,,,,,,,,NO_BOOKING
C002229,2025-11-12,2025-11-12,1.0,1012.24,1012.24,2025-11,405.0,0.0,0.0,1.0,ACTIVE_COHORT_MEMBER
C002230,2026-05-01,2026-05-01,1.0,1468.78,1468.78,2026-05,235.0,0.0,0.0,1.0,ACTIVE_COHORT_MEMBER
C002231,2026-05-04,2026-09-08,3.0,7607.429999999999,2535.81,2026-05,105.0,1.0,127.0,0.7086614173228346,ACTIVE_COHORT_MEMBER
C002232,,,,,,,,,,,NO_BOOKING
C002233,,,,,,,,,,,NO_BOOKING
C002234,2026-01-03,2026-01-03,1.0,3375.56,3375.56,2026-01,353.0,0.0,0.0,1.0,ACTIVE_COHORT_MEMBER
C002235,2026-01-29,2026-09-08,2.0,5805.03,2902.515,2026-01,105.0,1.0,222.0,0.27027027027027023,ACTIVE_COHORT_MEMBER
C002236,2026-01-19,2026-06-03,2.0,4539.639999999999,2269.8199999999997,2026-01,202.0,1.0,135.0,0.4444444444444444,ACTIVE_COHORT_MEMBER
C002237,,,,,,,,,,,NO_BOOKING
C002238,2025-08-07,2026-09-08,2.0,4474.64,2237.32,2025-08,105.0,1.0,397.0,0.15113350125944586,ACTIVE_COHORT_MEMBER
C002239,2026-05-11,2026-05-11,1.0,4303.1,4303.1,2026-05,225.0,0.0,0.0,1.0,ACTIVE_COHORT_MEMBER
C002240,,,,,,,,,,,NO_BOOKING
C002241,2025-10-21,2026-06-24,2.0,2629.81,1314.905,2025-10,181.0,1.0,246.0,0.24390243902439027,ACTIVE_COHORT_MEMBER
C002242,2026-03-15,2026-08-27,3.0,6821.74,2273.9133333333334,2026-03,117.0,1.0,165.0,0.5454545454545454,ACTIVE_COHORT_MEMBER
C002243,2025-12-28,2026-07-25,3.0,10427.45,3475.816666666667,2025-12,150.0,1.0,209.0,0.43062200956937796,ACTIVE_COHORT_MEMBER
C002244,2025-12-13,2026-04-08,3.0,9779.83,3259.943333333333,2025-12,258.0,1.0,116.0,0.7758620689655172,ACTIVE_COHORT_MEMBER
C002245,2026-05-02,2026-08-23,2.0,8431.460000000001,4215.7300000000005,2026-05,121.0,1.0,113.0,0.5309734513274337,ACTIVE_COHORT_MEMBER
C002246,,,,,,,,,,,NO_BOOKING
C002247,2026-02-04,2026-02-04,1.0,3644.5,3644.5,2026-02,321.0,0.0,0.0,1.0,ACTIVE_COHORT_MEMBER
C002248,2026-10-23,2026-10-23,1.0,1900.07,1900.07,2026-10,60.0,0.0,0.0,1.0,ACTIVE_COHORT_MEMBER
C002249,2026-05-04,2026-05-04,1.0,4986.77,4986.77,2026-05,232.0,0.0,0.0,1.0,ACTIVE_COHORT_MEMBER
C002250,,,,,,,,,,,NO_BOOKING
C002251,2026-04-06,2026-04-06,1.0,2045.9,2045.9,2026-04,260.0,0.0,0.0,1.0,ACTIVE_COHORT_MEMBER
C002252,2026-04-25,2026-05-26,2.0,5262.8099999999995,2631.4049999999997,2026-04,210.0,1.0,31.0,1.9354838709677418,ACTIVE_COHORT_MEMBER
C002253,,,,,,,,,,,NO_BOOKING
C002254,2026-01-12,2026-07-11,3.0,4618.4400000000005,1539.4800000000002,2026-01,164.0,1.0,180.0,0.5,ACTIVE_COHORT_MEMBER
C002255,,,,,,,,,,,NO_BOOKING
C002256,2026-08-04,2026-10-06,2.0,6847.889999999999,3423.9449999999997,2026-08,77.0,1.0,63.0,0.9523809523809523,ACTIVE_COHORT_MEMBER
C002257,2026-03-03,2026-04-17,2.0,4199.61,2099.805,2026-03,249.0,1.0,45.0,1.3333333333333333,ACTIVE_COHORT_MEMBER
C002258,2025-09-17,2026-06-26,2.0,6448.3,3224.15,2025-09,179.0,1.0,282.0,0.2127659574468085,ACTIVE_COHORT_MEMBER
C002259,2025-10-20,2026-05-10,4.0,13483.96,3370.99,2025-10,226.0,1.0,202.0,0.594059405940594,ACTIVE_COHORT_MEMBER
C002260,2026-04-12,2026-09-21,3.0,6116.86,2038.9533333333331,2026-04,92.0,1.0,162.0,0.5555555555555555,ACTIVE_COHORT_MEMBER
C002261,,,,,,,,,,,NO_BOOKING
C002262,2025-10-04,2026-07-10,4.0,13689.119999999999,3422.2799999999997,2025-10,165.0,1.0,279.0,0.4301075268817204,ACTIVE_COHORT_MEMBER
C002263,2026-01-26,2026-06-22,3.0,10018.34,3339.4466666666667,2026-01,183.0,1.0,147.0,0.6122448979591836,ACTIVE_COHORT_MEMBER
C002264,2025-09-28,2026-04-21,2.0,4614.63,2307.315,2025-09,245.0,1.0,205.0,0.29268292682926833,ACTIVE_COHORT_MEMBER
C002265,,,,,,,,,,,NO_BOOKING
C002266,2026-05-09,2026-08-13,4.0,8627.01,2156.7525,2026-05,131.0,1.0,96.0,1.25,ACTIVE_COHORT_MEMBER
C002267,2026-10-25,2026-10-25,1.0,4031.84,4031.84,2026-10,58.0,0.0,0.0,1.0,ACTIVE_COHORT_MEMBER
C002268,2026-04-26,2026-04-26,1.0,2024.39,2024.39,2026-04,240.0,0.0,0.0,1.0,ACTIVE_COHORT_MEMBER
C002269,2026-02-13,2026-02-13,1.0,3702.63,3702.63,2026-02,312.0,0.0,0.0,1.0,ACTIVE_COHORT_MEMBER
C002270,2025-10-09,2026-03-20,2.0,5073.73,2536.865,2025-10,277.0,1.0,162.0,0.37037037037037035,ACTIVE_COHORT_MEMBER
C002271,2026-01-04,2026-01-04,1.0,2276.52,2276.52,2026-01,352.0,0.0,0.0,1.0,ACTIVE_COHORT_MEMBER
C002272,,,,,,,,,,,NO_BOOKING
C002273,2026-01-24,2026-01-24,1.0,3454.39,3454.39,2026-01,332.0,0.0,0.0,1.0,ACTIVE_COHORT_MEMBER
C002274,2025-12-21,2026-02-28,2.0,6162.700000000001,3081.3500000000004,2025-12,297.0,1.0,69.0,0.8695652173913044,ACTIVE_COHORT_MEMBER
C002275,2025-11-18,2025-11-18,1.0,773.67,773.67,2025-11,399.0,0.0,0.0,1.0,ACTIVE_COHORT_MEMBER
C002276,2025-09-21,2025-09-21,1.0,3121.05,3121.05,2025-09,457.0,0.0,0.0,1.0,ACTIVE_COHORT_MEMBER
C002277,2025-12-09,2026-12-02,2.0,4718.4800000000005,2359.2400000000002,2025-12,20.0,1.0,358.0,0.16759776536312848,ACTIVE_COHORT_MEMBER
C002278,2026-10-28,2026-10-29,2.0,7049.84,3524.92,2026-10,54.0,1.0,1.0,2.0,ACTIVE_COHORT_MEMBER
C002279,2025-10-05,2026-01-31,2.0,6866.46,3433.23,2025-10,325.0,1.0,118.0,0.5084745762711864,ACTIVE_COHORT_MEMBER
C002280,2026-01-26,2026-06-22,2.0,2729.75,1364.875,2026-01,183.0,1.0,147.0,0.4081632653061224,ACTIVE_COHORT_MEMBER
C002281,2025-10-30,2026-08-30,2.0,5859.719999999999,2929.8599999999997,2025-10,114.0,1.0,304.0,0.19736842105263158,ACTIVE_COHORT_MEMBER
C002282,2025-12-08,2026-04-12,2.0,2530.77,1265.385,2025-12,254.0,1.0,125.0,0.48,ACTIVE_COHORT_MEMBER
C002283,2026-07-05,2026-07-05,1.0,2023.45,2023.45,2026-07,170.0,0.0,0.0,1.0,ACTIVE_COHORT_MEMBER
C002284,2026-04-23,2026-08-12,2.0,8769.07,4384.535,2026-04,132.0,1.0,111.0,0.5405405405405405,ACTIVE_COHORT_MEMBER
C002285,2026-07-29,2026-07-29,1.0,1798.93,1798.93,2026-07,146.0,0.0,0.0,1.0,ACTIVE_COHORT_MEMBER
C002286,2026-01-22,2026-01-22,1.0,4114.36,4114.36,2026-01,334.0,0.0,0.0,1.0,ACTIVE_COHORT_MEMBER
C002287,2026-02-18,2026-02-18,1.0,1161.64,1161.64,2026-02,307.0,0.0,0.0,1.0,ACTIVE_COHORT_MEMBER
C002288,,,,,,,,,,,NO_BOOKING
C002289,,,,,,,,,,,NO_BOOKING
C002290,2026-07-02,2026-08-02,2.0,8398.54,4199.27,2026-07,142.0,1.0,31.0,1.9354838709677418,ACTIVE_COHORT_MEMBER
C002291,2025-09-08,2025-09-08,1.0,4531.69,4531.69,2025-09,470.0,0.0,0.0,1.0,ACTIVE_COHORT_MEMBER
C002292,2026-08-17,2026-08-17,1.0,4030.07,4030.07,2026-08,127.0,0.0,0.0,1.0,ACTIVE_COHORT_MEMBER
C002293,2026-06-24,2026-06-24,1.0,3721.31,3721.31,2026-06,181.0,0.0,0.0,1.0,ACTIVE_COHORT_MEMBER
C002294,2026-01-05,2026-05-04,2.0,5876.0,2938.0,2026-01,232.0,1.0,119.0,0.5042016806722689,ACTIVE_COHORT_MEMBER
C002295,2026-01-09,2026-11-13,5.0,16562.56,3312.512,2026-01,39.0,1.0,308.0,0.48701298701298695,ACTIVE_COHORT_MEMBER
C002296,2025-12-30,2026-05-25,2.0,7013.16,3506.58,2025-12,211.0,1.0,146.0,0.4109589041095891,ACTIVE_COHORT_MEMBER
C002297,2026-05-21,2026-08-03,2.0,6867.29,3433.645,2026-05,141.0,1.0,74.0,0.8108108108108107,ACTIVE_COHORT_MEMBER
C002298,2026-01-15,2026-01-15,1.0,2801.59,2801.59,2026-01,341.0,0.0,0.0,1.0,ACTIVE_COHORT_MEMBER
C002299,2026-08-10,2026-08-10,1.0,1515.66,1515.66,2026-08,134.0,0.0,0.0,1.0,ACTIVE_COHORT_MEMBER
C002300,2026-01-21,2026-01-21,1.0,2429.04,2429.04,2026-01,335.0,0.0,0.0,1.0,ACTIVE_COHORT_MEMBER
C002301,2025-10-23,2026-08-19,3.0,9364.210000000001,3121.4033333333336,2025-10,125.0,1.0,300.0,0.3,ACTIVE_COHORT_MEMBER
C002302,,,,,,,,,,,NO_BOOKING
C002303,2026-02-22,2026-02-22,1.0,3908.1,3908.1,2026-02,303.0,0.0,0.0,1.0,ACTIVE_COHORT_MEMBER
C002304,,,,,,,,,,,NO_BOOKING
C002305,,,,,,,,,,,NO_BOOKING
C002306,2026-08-22,2026-08-22,1.0,4061.13,4061.13,2026-08,122.0,0.0,0.0,1.0,ACTIVE_COHORT_MEMBER
C002307,2026-10-23,2026-10-23,1.0,575.5,575.5,2026-10,60.0,0.0,0.0,1.0,ACTIVE_COHORT_MEMBER
C002308,2026-02-23,2026-03-19,2.0,8356.11,4178.055,2026-02,278.0,1.0,24.0,2.0,ACTIVE_COHORT_MEMBER
C002309,2025-10-31,2025-10-31,1.0,1173.96,1173.96,2025-10,417.0,0.0,0.0,1.0,ACTIVE_COHORT_MEMBER
C002310,2026-01-16,2026-01-16,1.0,4480.56,4480.56,2026-01,340.0,0.0,0.0,1.0,ACTIVE_COHORT_MEMBER
C002311,,,,,,,,,,,NO_BOOKING
C002312,2025-12-29,2026-06-30,2.0,6403.88,3201.94,2025-12,175.0,1.0,183.0,0.3278688524590164,ACTIVE_COHORT_MEMBER
C002313,,,,,,,,,,,NO_BOOKING
C002314,2026-01-25,2026-01-25,1.0,1040.96,1040.96,2026-01,331.0,0.0,0.0,1.0,ACTIVE_COHORT_MEMBER
C002315,2026-08-31,2026-08-31,1.0,731.35,731.35,2026-08,113.0,0.0,0.0,1.0,ACTIVE_COHORT_MEMBER
C002316,2026-07-14,2026-07-14,1.0,3267.57,3267.57,2026-07,161.0,0.0,0.0,1.0,ACTIVE_COHORT_MEMBER
C002317,,,,,,,,,,,NO_BOOKING
C002318,,,,,,,,,,,NO_BOOKING
C002319,,,,,,,,,,,NO_BOOKING
C002320,,,,,,,,,,,NO_BOOKING
C002321,2026-07-27,2026-11-16,2.0,6384.860000000001,3192.4300000000003,2026-07,36.0,1.0,112.0,0.5357142857142857,ACTIVE_COHORT_MEMBER
C002322,2026-03-22,2026-12-08,2.0,2920.7,1460.35,2026-03,14.0,1.0,261.0,0.2298850574712644,ACTIVE_COHORT_MEMBER
C002323,2026-01-06,2026-07-11,2.0,5180.04,2590.02,2026-01,164.0,1.0,186.0,0.3225806451612903,ACTIVE_COHORT_MEMBER
C002324,2026-06-16,2026-06-16,1.0,3410.52,3410.52,2026-06,189.0,0.0,0.0,1.0,ACTIVE_COHORT_MEMBER
C002325,2025-11-14,2026-10-20,4.0,8745.380000000001,2186.3450000000003,2025-11,63.0,1.0,340.0,0.3529411764705882,ACTIVE_COHORT_MEMBER
C002326,2025-12-15,2025-12-15,1.0,3989.0,3989.0,2025-12,372.0,0.0,0.0,1.0,ACTIVE_COHORT_MEMBER
C002327,2025-12-12,2026-06-10,2.0,5890.2,2945.1,2025-12,195.0,1.0,180.0,0.3333333333333333,ACTIVE_COHORT_MEMBER
C002328,2025-12-21,2026-07-24,3.0,7774.790000000001,2591.596666666667,2025-12,151.0,1.0,215.0,0.41860465116279066,ACTIVE_COHORT_MEMBER
C002329,,,,,,,,,,,NO_BOOKING
C002330,2026-01-25,2026-10-09,2.0,4544.59,2272.295,2026-01,74.0,1.0,257.0,0.23346303501945526,ACTIVE_COHORT_MEMBER
C002331,2025-08-25,2026-09-13,4.0,13194.65,3298.6625,2025-08,100.0,1.0,384.0,0.3125,ACTIVE_COHORT_MEMBER
C002332,2025-09-27,2025-10-30,2.0,2823.45,1411.725,2025-09,418.0,1.0,33.0,1.8181818181818181,ACTIVE_COHORT_MEMBER
C002333,2025-10-09,2026-08-01,2.0,5236.53,2618.265,2025-10,143.0,1.0,296.0,0.2027027027027027,ACTIVE_COHORT_MEMBER
C002334,,,,,,,,,,,NO_BOOKING
C002335,2026-01-08,2026-06-02,3.0,8746.720000000001,2915.5733333333337,2026-01,203.0,1.0,145.0,0.6206896551724138,ACTIVE_COHORT_MEMBER
C002336,2025-12-26,2025-12-26,1.0,3552.3,3552.3,2025-12,361.0,0.0,0.0,1.0,ACTIVE_COHORT_MEMBER
C002337,2026-01-08,2026-07-06,2.0,3040.08,1520.04,2026-01,169.0,1.0,179.0,0.33519553072625696,ACTIVE_COHORT_MEMBER
C002338,,,,,,,,,,,NO_BOOKING
C002339,2026-08-08,2026-08-08,1.0,2720.57,2720.57,2026-08,136.0,0.0,0.0,1.0,ACTIVE_COHORT_MEMBER
C002340,2025-10-26,2026-02-09,3.0,9611.24,3203.7466666666664,2025-10,316.0,1.0,106.0,0.8490566037735849,ACTIVE_COHORT_MEMBER
C002341,2026-09-12,2026-09-12,1.0,2009.96,2009.96,2026-09,101.0,0.0,0.0,1.0,ACTIVE_COHORT_MEMBER
C002342,2026-08-30,2026-10-14,2.0,9095.630000000001,4547.8150000000005,2026-08,69.0,1.0,45.0,1.3333333333333333,ACTIVE_COHORT_MEMBER
C002343,2026-01-12,2026-01-12,1.0,2764.85,2764.85,2026-01,344.0,0.0,0.0,1.0,ACTIVE_COHORT_MEMBER
C002344,2025-12-18,2026-01-12,2.0,4900.04,2450.02,2025-12,344.0,1.0,25.0,2.0,ACTIVE_COHORT_MEMBER
C002345,,,,,,,,,,,NO_BOOKING
C002346,2026-04-01,2026-04-01,1.0,3839.73,3839.73,2026-04,265.0,0.0,0.0,1.0,ACTIVE_COHORT_MEMBER
C002347,2026-05-13,2026-05-13,1.0,2748.02,2748.02,2026-05,223.0,0.0,0.0,1.0,ACTIVE_COHORT_MEMBER
C002348,2026-10-07,2026-10-07,1.0,4605.12,4605.12,2026-10,76.0,0.0,0.0,1.0,ACTIVE_COHORT_MEMBER
C002349,,,,,,,,,,,NO_BOOKING
C002350,2025-11-19,2026-06-11,5.0,17839.18,3567.8360000000002,2025-11,194.0,1.0,204.0,0.7352941176470589,ACTIVE_COHORT_MEMBER
C002351,2026-05-13,2026-06-23,2.0,7283.23,3641.615,2026-05,182.0,1.0,41.0,1.4634146341463414,ACTIVE_COHORT_MEMBER
C002352,,,,,,,,,,,NO_BOOKING
C002353,2026-04-16,2026-10-28,4.0,13178.369999999999,3294.5924999999997,2026-04,55.0,1.0,195.0,0.6153846153846154,ACTIVE_COHORT_MEMBER
C002354,2026-02-04,2026-02-04,1.0,1346.94,1346.94,2026-02,321.0,0.0,0.0,1.0,ACTIVE_COHORT_MEMBER
C002355,2026-05-05,2026-05-05,1.0,776.79,776.79,2026-05,231.0,0.0,0.0,1.0,ACTIVE_COHORT_MEMBER
C002356,2026-01-01,2026-07-17,2.0,6032.9,3016.45,2026-01,158.0,1.0,197.0,0.30456852791878175,ACTIVE_COHORT_MEMBER
C002357,2026-03-12,2026-03-12,1.0,4049.37,4049.37,2026-03,285.0,0.0,0.0,1.0,ACTIVE_COHORT_MEMBER
C002358,,,,,,,,,,,NO_BOOKING
C002359,2026-02-12,2026-02-12,1.0,2383.16,2383.16,2026-02,313.0,0.0,0.0,1.0,ACTIVE_COHORT_MEMBER
C002360,2026-02-17,2026-07-06,2.0,8940.970000000001,4470.485000000001,2026-02,169.0,1.0,139.0,0.4316546762589928,ACTIVE_COHORT_MEMBER
C002361,2026-07-06,2026-07-06,1.0,4538.69,4538.69,2026-07,169.0,0.0,0.0,1.0,ACTIVE_COHORT_MEMBER
C002362,2026-08-10,2026-08-27,2.0,6175.4400000000005,3087.7200000000003,2026-08,117.0,1.0,17.0,2.0,ACTIVE_COHORT_MEMBER
C002363,2026-05-11,2026-07-20,2.0,3990.37,1995.185,2026-05,155.0,1.0,70.0,0.8571428571428571,ACTIVE_COHORT_MEMBER
C002364,2025-11-26,2026-04-19,2.0,7218.5,3609.25,2025-11,247.0,1.0,144.0,0.4166666666666667,ACTIVE_COHORT_MEMBER
C002365,2026-05-02,2026-05-02,1.0,2482.17,2482.17,2026-05,234.0,0.0,0.0,1.0,ACTIVE_COHORT_MEMBER
C002366,2026-02-05,2026-02-21,2.0,5261.4,2630.7,2026-02,304.0,1.0,16.0,2.0,ACTIVE_COHORT_MEMBER
C002367,2026-02-17,2026-02-17,1.0,1772.44,1772.44,2026-02,308.0,0.0,0.0,1.0,ACTIVE_COHORT_MEMBER
C002368,2026-05-04,2026-09-11,2.0,5771.42,2885.71,2026-05,102.0,1.0,130.0,0.46153846153846156,ACTIVE_COHORT_MEMBER
C002369,2026-03-26,2026-07-29,3.0,7743.79,2581.2633333333333,2026-03,146.0,1.0,125.0,0.72,ACTIVE_COHORT_MEMBER
C002370,2025-11-28,2026-06-12,2.0,8759.849999999999,4379.924999999999,2025-11,193.0,1.0,196.0,0.30612244897959184,ACTIVE_COHORT_MEMBER
C002371,2026-06-16,2026-10-26,2.0,9714.98,4857.49,2026-06,57.0,1.0,132.0,0.45454545454545453,ACTIVE_COHORT_MEMBER
C002372,2026-03-07,2026-05-05,3.0,9298.94,3099.646666666667,2026-03,231.0,1.0,59.0,1.5254237288135595,ACTIVE_COHORT_MEMBER
C002373,,,,,,,,,,,NO_BOOKING
C002374,2026-05-25,2026-05-25,1.0,1393.29,1393.29,2026-05,211.0,0.0,0.0,1.0,ACTIVE_COHORT_MEMBER
C002375,2026-01-19,2026-01-19,2.0,6879.48,3439.74,2026-01,337.0,1.0,0.0,2.0,ACTIVE_COHORT_MEMBER
C002376,,,,,,,,,,,NO_BOOKING
C002377,2026-01-14,2026-10-31,4.0,8014.039999999999,2003.5099999999998,2026-01,52.0,1.0,290.0,0.4137931034482759,ACTIVE_COHORT_MEMBER
C002378,,,,,,,,,,,NO_BOOKING
C002379,2025-09-18,2026-04-07,3.0,12129.71,4043.236666666666,2025-09,259.0,1.0,201.0,0.44776119402985076,ACTIVE_COHORT_MEMBER
C002380,2025-12-17,2026-02-28,2.0,5348.69,2674.345,2025-12,297.0,1.0,73.0,0.8219178082191781,ACTIVE_COHORT_MEMBER
C002381,2026-02-27,2026-02-27,1.0,1532.01,1532.01,2026-02,298.0,0.0,0.0,1.0,ACTIVE_COHORT_MEMBER
C002382,2026-01-12,2026-07-09,4.0,11310.49,2827.6225,2026-01,166.0,1.0,178.0,0.6741573033707865,ACTIVE_COHORT_MEMBER
C002383,2026-01-24,2026-08-17,3.0,10242.17,3414.056666666667,2026-01,127.0,1.0,205.0,0.43902439024390244,ACTIVE_COHORT_MEMBER
C002384,2025-11-28,2025-11-28,1.0,4422.69,4422.69,2025-11,389.0,0.0,0.0,1.0,ACTIVE_COHORT_MEMBER
C002385,2026-02-03,2026-07-02,3.0,8274.8,2758.2666666666664,2026-02,173.0,1.0,149.0,0.6040268456375839,ACTIVE_COHORT_MEMBER
C002386,2025-10-10,2025-11-22,2.0,7114.88,3557.44,2025-10,395.0,1.0,43.0,1.3953488372093024,ACTIVE_COHORT_MEMBER
C002387,2025-11-17,2026-11-18,3.0,5168.02,1722.6733333333334,2025-11,34.0,1.0,366.0,0.24590163934426232,ACTIVE_COHORT_MEMBER
C002388,2026-05-16,2026-08-24,2.0,5063.18,2531.59,2026-05,120.0,1.0,100.0,0.6,ACTIVE_COHORT_MEMBER
C002389,,,,,,,,,,,NO_BOOKING
C002390,,,,,,,,,,,NO_BOOKING
C002391,2025-11-30,2026-04-25,2.0,5840.49,2920.245,2025-11,241.0,1.0,146.0,0.4109589041095891,ACTIVE_COHORT_MEMBER
C002392,2025-10-26,2025-10-26,1.0,4323.83,4323.83,2025-10,422.0,0.0,0.0,1.0,ACTIVE_COHORT_MEMBER
C002393,,,,,,,,,,,NO_BOOKING
C002394,2026-02-25,2026-02-25,1.0,3109.53,3109.53,2026-02,300.0,0.0,0.0,1.0,ACTIVE_COHORT_MEMBER
C002395,2025-12-16,2026-08-19,2.0,6840.16,3420.08,2025-12,125.0,1.0,246.0,0.24390243902439027,ACTIVE_COHORT_MEMBER
C002396,2025-10-19,2026-03-26,2.0,9288.5,4644.25,2025-10,271.0,1.0,158.0,0.379746835443038,ACTIVE_COHORT_MEMBER
C002397,2026-01-28,2026-01-28,1.0,4574.33,4574.33,2026-01,328.0,0.0,0.0,1.0,ACTIVE_COHORT_MEMBER
C002398,2026-04-18,2026-08-29,3.0,4275.65,1425.2166666666665,2026-04,115.0,1.0,133.0,0.6766917293233082,ACTIVE_COHORT_MEMBER
C002399,2026-05-11,2026-05-11,1.0,4710.06,4710.06,2026-05,225.0,0.0,0.0,1.0,ACTIVE_COHORT_MEMBER
C002400,2026-08-27,2026-08-27,1.0,1890.97,1890.97,2026-08,117.0,0.0,0.0,1.0,ACTIVE_COHORT_MEMBER
C002401,2026-02-16,2026-02-16,1.0,4748.3,4748.3,2026-02,309.0,0.0,0.0,1.0,ACTIVE_COHORT_MEMBER
C002402,2026-02-05,2026-05-20,2.0,4323.26,2161.63,2026-02,216.0,1.0,104.0,0.5769230769230769,ACTIVE_COHORT_MEMBER
C002403,2025-10-29,2025-10-29,1.0,2010.96,2010.96,2025-10,419.0,0.0,0.0,1.0,ACTIVE_COHORT_MEMBER
C002404,2025-10-12,2026-04-10,2.0,4891.25,2445.625,2025-10,256.0,1.0,180.0,0.3333333333333333,ACTIVE_COHORT_MEMBER
C002405,,,,,,,,,,,NO_BOOKING
C002406,,,,,,,,,,,NO_BOOKING
C002407,,,,,,,,,,,NO_BOOKING
C002408,,,,,,,,,,,NO_BOOKING
C002409,2026-03-15,2026-04-02,2.0,4093.3999999999996,2046.6999999999998,2026-03,264.0,1.0,18.0,2.0,ACTIVE_COHORT_MEMBER
C002410,2026-06-07,2026-10-09,2.0,5446.1,2723.05,2026-06,74.0,1.0,124.0,0.48387096774193544,ACTIVE_COHORT_MEMBER
C002411,2025-12-01,2026-03-27,3.0,7512.78,2504.2599999999998,2025-12,270.0,1.0,116.0,0.7758620689655172,ACTIVE_COHORT_MEMBER
C002412,2026-04-19,2026-05-24,2.0,8372.93,4186.465,2026-04,212.0,1.0,35.0,1.7142857142857142,ACTIVE_COHORT_MEMBER
C002413,,,,,,,,,,,NO_BOOKING
C002414,2026-04-21,2026-04-21,1.0,1083.79,1083.79,2026-04,245.0,0.0,0.0,1.0,ACTIVE_COHORT_MEMBER
C002415,2025-12-31,2026-08-14,2.0,7492.4400000000005,3746.2200000000003,2025-12,130.0,1.0,226.0,0.26548672566371684,ACTIVE_COHORT_MEMBER
C002416,2026-01-30,2026-08-13,4.0,11197.75,2799.4375,2026-01,131.0,1.0,195.0,0.6153846153846154,ACTIVE_COHORT_MEMBER
C002417,2025-11-26,2025-11-26,1.0,1946.36,1946.36,2025-11,391.0,0.0,0.0,1.0,ACTIVE_COHORT_MEMBER
C002418,,,,,,,,,,,NO_BOOKING
C002419,2026-01-19,2026-08-22,2.0,5600.89,2800.445,2026-01,122.0,1.0,215.0,0.27906976744186046,ACTIVE_COHORT_MEMBER
C002420,2026-04-01,2026-04-14,2.0,5584.73,2792.365,2026-04,252.0,1.0,13.0,2.0,ACTIVE_COHORT_MEMBER
C002421,,,,,,,,,,,NO_BOOKING
C002422,2026-04-07,2026-11-19,2.0,3237.56,1618.78,2026-04,33.0,1.0,226.0,0.26548672566371684,ACTIVE_COHORT_MEMBER
C002423,2026-09-05,2026-09-05,1.0,2206.46,2206.46,2026-09,108.0,0.0,0.0,1.0,ACTIVE_COHORT_MEMBER
C002424,2026-06-25,2026-06-25,1.0,3090.86,3090.86,2026-06,180.0,0.0,0.0,1.0,ACTIVE_COHORT_MEMBER
C002425,2026-05-16,2026-07-17,2.0,5156.39,2578.195,2026-05,158.0,1.0,62.0,0.9677419354838709,ACTIVE_COHORT_MEMBER
C002426,2026-06-12,2026-06-12,1.0,2866.19,2866.19,2026-06,193.0,0.0,0.0,1.0,ACTIVE_COHORT_MEMBER
C002427,2026-04-17,2026-06-10,3.0,6438.34,2146.1133333333332,2026-04,195.0,1.0,54.0,1.6666666666666665,ACTIVE_COHORT_MEMBER
C002428,2026-09-02,2026-09-08,2.0,5251.9,2625.95,2026-09,105.0,1.0,6.0,2.0,ACTIVE_COHORT_MEMBER
C002429,2025-10-27,2026-04-08,3.0,8062.11,2687.37,2025-10,258.0,1.0,163.0,0.5521472392638036,ACTIVE_COHORT_MEMBER
C002430,2025-11-14,2026-06-23,2.0,6212.4,3106.2,2025-11,182.0,1.0,221.0,0.2714932126696833,ACTIVE_COHORT_MEMBER
C002431,2025-10-26,2026-10-18,3.0,7906.43,2635.476666666667,2025-10,65.0,1.0,357.0,0.25210084033613445,ACTIVE_COHORT_MEMBER
C002432,2026-05-15,2026-10-17,2.0,6346.139999999999,3173.0699999999997,2026-05,66.0,1.0,155.0,0.3870967741935484,ACTIVE_COHORT_MEMBER
C002433,2025-08-08,2025-08-08,1.0,1978.99,1978.99,2025-08,501.0,0.0,0.0,1.0,ACTIVE_COHORT_MEMBER
C002434,2025-12-18,2026-08-11,3.0,8505.86,2835.286666666667,2025-12,133.0,1.0,236.0,0.38135593220338987,ACTIVE_COHORT_MEMBER
C002435,2025-12-31,2026-07-30,3.0,9791.2,3263.7333333333336,2025-12,145.0,1.0,211.0,0.4265402843601896,ACTIVE_COHORT_MEMBER
C002436,2025-09-15,2026-11-03,2.0,6517.83,3258.915,2025-09,49.0,1.0,414.0,0.14492753623188406,ACTIVE_COHORT_MEMBER
C002437,2026-07-14,2026-07-14,1.0,4195.7,4195.7,2026-07,161.0,0.0,0.0,1.0,ACTIVE_COHORT_MEMBER
C002438,2025-12-17,2025-12-17,1.0,3338.22,3338.22,2025-12,370.0,0.0,0.0,1.0,ACTIVE_COHORT_MEMBER
C002439,2026-02-12,2026-02-12,1.0,1685.31,1685.31,2026-02,313.0,0.0,0.0,1.0,ACTIVE_COHORT_MEMBER
C002440,,,,,,,,,,,NO_BOOKING
C002441,2026-09-19,2026-10-20,2.0,6650.88,3325.44,2026-09,63.0,1.0,31.0,1.9354838709677418,ACTIVE_COHORT_MEMBER
C002442,2025-11-18,2025-11-18,1.0,2759.41,2759.41,2025-11,399.0,0.0,0.0,1.0,ACTIVE_COHORT_MEMBER
C002443,2025-12-24,2025-12-24,1.0,4446.64,4446.64,2025-12,363.0,0.0,0.0,1.0,ACTIVE_COHORT_MEMBER
C002444,2026-05-27,2026-11-24,3.0,7442.360000000001,2480.786666666667,2026-05,28.0,1.0,181.0,0.4972375690607735,ACTIVE_COHORT_MEMBER
C002445,2026-01-13,2026-05-23,2.0,6381.860000000001,3190.9300000000003,2026-01,213.0,1.0,130.0,0.46153846153846156,ACTIVE_COHORT_MEMBER
C002446,2025-12-23,2026-05-10,2.0,4227.64,2113.82,2025-12,226.0,1.0,138.0,0.4347826086956522,ACTIVE_COHORT_MEMBER
C002447,2025-10-22,2025-10-22,1.0,2518.94,2518.94,2025-10,426.0,0.0,0.0,1.0,ACTIVE_COHORT_MEMBER
C002448,,,,,,,,,,,NO_BOOKING
C002449,2025-11-12,2026-04-14,4.0,12023.72,3005.93,2025-11,252.0,1.0,153.0,0.7843137254901962,ACTIVE_COHORT_MEMBER
C002450,2026-06-07,2026-08-11,2.0,7791.66,3895.83,2026-06,133.0,1.0,65.0,0.9230769230769231,ACTIVE_COHORT_MEMBER
C002451,2025-12-09,2025-12-09,1.0,2851.56,2851.56,2025-12,378.0,0.0,0.0,1.0,ACTIVE_COHORT_MEMBER
C002452,2025-11-03,2026-03-19,3.0,6006.5599999999995,2002.1866666666665,2025-11,278.0,1.0,136.0,0.6617647058823529,ACTIVE_COHORT_MEMBER
C002453,2026-08-03,2026-08-03,1.0,1477.09,1477.09,2026-08,141.0,0.0,0.0,1.0,ACTIVE_COHORT_MEMBER
C002454,,,,,,,,,,,NO_BOOKING
C002455,2025-11-26,2026-10-08,3.0,7507.66,2502.5533333333333,2025-11,75.0,1.0,316.0,0.2848101265822785,ACTIVE_COHORT_MEMBER
C002456,2025-12-11,2025-12-11,1.0,626.83,626.83,2025-12,376.0,0.0,0.0,1.0,ACTIVE_COHORT_MEMBER
C002457,,,,,,,,,,,NO_BOOKING
C002458,,,,,,,,,,,NO_BOOKING
C002459,,,,,,,,,,,NO_BOOKING
C002460,2026-03-08,2026-03-08,1.0,1157.32,1157.32,2026-03,289.0,0.0,0.0,1.0,ACTIVE_COHORT_MEMBER
C002461,2025-11-21,2026-04-18,3.0,5261.63,1753.8766666666668,2025-11,248.0,1.0,148.0,0.6081081081081081,ACTIVE_COHORT_MEMBER
C002462,2026-03-06,2026-08-19,4.0,3483.92,870.98,2026-03,125.0,1.0,166.0,0.7228915662650602,ACTIVE_COHORT_MEMBER
C002463,2025-09-26,2026-09-25,3.0,6922.23,2307.41,2025-09,88.0,1.0,364.0,0.24725274725274726,ACTIVE_COHORT_MEMBER
C002464,2025-12-31,2026-02-06,3.0,8567.57,2855.8566666666666,2025-12,319.0,1.0,37.0,2.4324324324324325,ACTIVE_COHORT_MEMBER
C002465,,,,,,,,,,,NO_BOOKING
C002466,,,,,,,,,,,NO_BOOKING
C002467,2025-11-24,2026-09-08,5.0,10296.740000000002,2059.3480000000004,2025-11,105.0,1.0,288.0,0.5208333333333334,ACTIVE_COHORT_MEMBER
C002468,2026-01-21,2026-11-08,2.0,2707.4,1353.7,2026-01,44.0,1.0,291.0,0.2061855670103093,ACTIVE_COHORT_MEMBER
C002469,2026-04-22,2026-07-11,3.0,7798.74,2599.58,2026-04,164.0,1.0,80.0,1.125,ACTIVE_COHORT_MEMBER
C002470,2026-01-12,2026-09-09,3.0,10504.91,3501.6366666666668,2026-01,104.0,1.0,240.0,0.375,ACTIVE_COHORT_MEMBER
C002471,,,,,,,,,,,NO_BOOKING
C002472,,,,,,,,,,,NO_BOOKING
C002473,2025-11-27,2026-10-24,4.0,10120.49,2530.1225,2025-11,59.0,1.0,331.0,0.36253776435045315,ACTIVE_COHORT_MEMBER
C002474,,,,,,,,,,,NO_BOOKING
C002475,2025-08-25,2025-08-25,1.0,1969.54,1969.54,2025-08,484.0,0.0,0.0,1.0,ACTIVE_COHORT_MEMBER
C002476,2026-03-19,2026-07-19,3.0,6123.5199999999995,2041.1733333333332,2026-03,156.0,1.0,122.0,0.7377049180327869,ACTIVE_COHORT_MEMBER
C002477,2025-11-05,2026-10-30,3.0,9083.64,3027.8799999999997,2025-11,53.0,1.0,359.0,0.25069637883008355,ACTIVE_COHORT_MEMBER
C002478,2026-01-20,2026-01-20,1.0,1310.1,1310.1,2026-01,336.0,0.0,0.0,1.0,ACTIVE_COHORT_MEMBER
C002479,,,,,,,,,,,NO_BOOKING
C002480,2026-03-12,2026-05-31,2.0,5976.74,2988.37,2026-03,205.0,1.0,80.0,0.75,ACTIVE_COHORT_MEMBER
C002481,2026-08-20,2026-11-03,2.0,8868.349999999999,4434.174999999999,2026-08,49.0,1.0,75.0,0.8,ACTIVE_COHORT_MEMBER
C002482,2025-12-12,2025-12-12,1.0,4279.59,4279.59,2025-12,375.0,0.0,0.0,1.0,ACTIVE_COHORT_MEMBER
C002483,2025-11-13,2026-07-31,3.0,9617.64,3205.8799999999997,2025-11,144.0,1.0,260.0,0.3461538461538462,ACTIVE_COHORT_MEMBER
C002484,,,,,,,,,,,NO_BOOKING
C002485,,,,,,,,,,,NO_BOOKING
C002486,2026-09-06,2026-09-06,1.0,3935.03,3935.03,2026-09,107.0,0.0,0.0,1.0,ACTIVE_COHORT_MEMBER
C002487,2026-01-19,2026-05-31,2.0,2130.38,1065.19,2026-01,205.0,1.0,132.0,0.45454545454545453,ACTIVE_COHORT_MEMBER
C002488,,,,,,,,,,,NO_BOOKING
C002489,2025-07-29,2025-09-14,2.0,3161.92,1580.96,2025-07,464.0,1.0,47.0,1.2765957446808511,ACTIVE_COHORT_MEMBER
C002490,2026-01-28,2026-04-26,3.0,6043.82,2014.6066666666666,2026-01,240.0,1.0,88.0,1.0227272727272727,ACTIVE_COHORT_MEMBER
C002491,2026-03-31,2026-07-10,2.0,7658.15,3829.075,2026-03,165.0,1.0,101.0,0.594059405940594,ACTIVE_COHORT_MEMBER
C002492,2026-05-04,2026-09-27,2.0,5169.07,2584.535,2026-05,86.0,1.0,146.0,0.4109589041095891,ACTIVE_COHORT_MEMBER
C002493,,,,,,,,,,,NO_BOOKING
C002494,2026-04-01,2026-04-03,2.0,2006.13,1003.065,2026-04,263.0,1.0,2.0,2.0,ACTIVE_COHORT_MEMBER
C002495,2025-09-16,2026-08-12,4.0,5889.23,1472.3075,2025-09,132.0,1.0,330.0,0.36363636363636365,ACTIVE_COHORT_MEMBER
C002496,,,,,,,,,,,NO_BOOKING
C002497,2026-06-08,2026-06-18,2.0,7330.09,3665.045,2026-06,187.0,1.0,10.0,2.0,ACTIVE_COHORT_MEMBER
C002498,2026-04-19,2026-04-19,1.0,3197.19,3197.19,2026-04,247.0,0.0,0.0,1.0,ACTIVE_COHORT_MEMBER
C002499,,,,,,,,,,,NO_BOOKING
C002500,2025-12-06,2025-12-06,1.0,2614.43,2614.43,2025-12,381.0,0.0,0.0,1.0,ACTIVE_COHORT_MEMBER
C002501,2025-10-24,2026-06-02,3.0,7984.22,2661.4066666666668,2025-10,203.0,1.0,221.0,0.4072398190045249,ACTIVE_COHORT_MEMBER
C002502,2025-11-23,2026-04-14,4.0,14585.58,3646.395,2025-11,252.0,1.0,142.0,0.8450704225352113,ACTIVE_COHORT_MEMBER
C002503,2026-01-24,2026-01-31,2.0,2729.45,1364.725,2026-01,325.0,1.0,7.0,2.0,ACTIVE_COHORT_MEMBER
C002504,2025-08-01,2025-08-01,1.0,2780.98,2780.98,2025-08,508.0,0.0,0.0,1.0,ACTIVE_COHORT_MEMBER
C002505,2026-02-03,2026-05-20,4.0,12173.43,3043.3575,2026-02,216.0,1.0,106.0,1.1320754716981132,ACTIVE_COHORT_MEMBER
C002506,2026-05-03,2026-09-04,2.0,4139.099999999999,2069.5499999999997,2026-05,109.0,1.0,124.0,0.48387096774193544,ACTIVE_COHORT_MEMBER
C002507,2026-04-21,2026-08-18,3.0,9237.779999999999,3079.2599999999998,2026-04,126.0,1.0,119.0,0.7563025210084033,ACTIVE_COHORT_MEMBER
C002508,2025-12-31,2026-07-30,2.0,4387.6900000000005,2193.8450000000003,2025-12,145.0,1.0,211.0,0.2843601895734597,ACTIVE_COHORT_MEMBER
C002509,2026-05-23,2026-06-26,2.0,6047.879999999999,3023.9399999999996,2026-05,179.0,1.0,34.0,1.7647058823529411,ACTIVE_COHORT_MEMBER
C002510,2025-12-26,2026-02-17,2.0,3254.98,1627.49,2025-12,308.0,1.0,53.0,1.1320754716981132,ACTIVE_COHORT_MEMBER
C002511,2026-03-11,2026-03-14,2.0,6353.64,3176.82,2026-03,283.0,1.0,3.0,2.0,ACTIVE_COHORT_MEMBER
C002512,2026-05-05,2026-09-09,3.0,10125.54,3375.1800000000003,2026-05,104.0,1.0,127.0,0.7086614173228346,ACTIVE_COHORT_MEMBER
C002513,2025-12-30,2026-09-07,3.0,10869.74,3623.2466666666664,2025-12,106.0,1.0,251.0,0.3585657370517928,ACTIVE_COHORT_MEMBER
C002514,2026-02-12,2026-07-29,2.0,6774.32,3387.16,2026-02,146.0,1.0,167.0,0.3592814371257485,ACTIVE_COHORT_MEMBER
C002515,2025-11-08,2025-11-08,1.0,2999.26,2999.26,2025-11,409.0,0.0,0.0,1.0,ACTIVE_COHORT_MEMBER
C002516,2026-02-25,2026-02-25,1.0,4198.56,4198.56,2026-02,300.0,0.0,0.0,1.0,ACTIVE_COHORT_MEMBER
C002517,,,,,,,,,,,NO_BOOKING
C002518,,,,,,,,,,,NO_BOOKING
C002519,2026-06-08,2026-06-08,1.0,2385.81,2385.81,2026-06,197.0,0.0,0.0,1.0,ACTIVE_COHORT_MEMBER
C002520,,,,,,,,,,,NO_BOOKING
C002521,2025-10-22,2025-10-22,1.0,3631.81,3631.81,2025-10,426.0,0.0,0.0,1.0,ACTIVE_COHORT_MEMBER
C002522,2026-04-21,2026-05-10,2.0,5355.9400000000005,2677.9700000000003,2026-04,226.0,1.0,19.0,2.0,ACTIVE_COHORT_MEMBER
C002523,,,,,,,,,,,NO_BOOKING
C002524,2026-06-03,2026-06-03,1.0,3506.65,3506.65,2026-06,202.0,0.0,0.0,1.0,ACTIVE_COHORT_MEMBER
C002525,2025-09-15,2026-03-09,3.0,6856.37,2285.4566666666665,2025-09,288.0,1.0,175.0,0.5142857142857143,ACTIVE_COHORT_MEMBER
C002526,2025-12-28,2026-01-15,2.0,3130.74,1565.37,2025-12,341.0,1.0,18.0,2.0,ACTIVE_COHORT_MEMBER
C002527,2026-09-10,2026-09-10,1.0,3846.64,3846.64,2026-09,103.0,0.0,0.0,1.0,ACTIVE_COHORT_MEMBER
C002528,2026-04-21,2026-07-02,2.0,4369.52,2184.76,2026-04,173.0,1.0,72.0,0.8333333333333334,ACTIVE_COHORT_MEMBER
C002529,2026-02-15,2026-08-01,2.0,6116.55,3058.275,2026-02,143.0,1.0,167.0,0.3592814371257485,ACTIVE_COHORT_MEMBER
C002530,2026-05-05,2026-07-24,2.0,4948.92,2474.46,2026-05,151.0,1.0,80.0,0.75,ACTIVE_COHORT_MEMBER
C002531,2026-04-12,2026-04-12,1.0,3752.81,3752.81,2026-04,254.0,0.0,0.0,1.0,ACTIVE_COHORT_MEMBER
C002532,,,,,,,,,,,NO_BOOKING
C002533,2026-02-01,2026-02-19,2.0,7084.6900000000005,3542.3450000000003,2026-02,306.0,1.0,18.0,2.0,ACTIVE_COHORT_MEMBER
C002534,2025-12-24,2025-12-24,1.0,1528.07,1528.07,2025-12,363.0,0.0,0.0,1.0,ACTIVE_COHORT_MEMBER
C002535,,,,,,,,,,,NO_BOOKING
C002536,2026-06-12,2026-10-06,2.0,3467.99,1733.995,2026-06,77.0,1.0,116.0,0.5172413793103449,ACTIVE_COHORT_MEMBER
C002537,2026-04-14,2026-04-14,1.0,2336.2,2336.2,2026-04,252.0,0.0,0.0,1.0,ACTIVE_COHORT_MEMBER
C002538,2026-03-31,2026-08-31,2.0,2773.8199999999997,1386.9099999999999,2026-03,113.0,1.0,153.0,0.3921568627450981,ACTIVE_COHORT_MEMBER
C002539,2026-06-14,2026-06-14,1.0,3320.46,3320.46,2026-06,191.0,0.0,0.0,1.0,ACTIVE_COHORT_MEMBER
C002540,2026-02-21,2026-03-01,2.0,6646.43,3323.215,2026-02,296.0,1.0,8.0,2.0,ACTIVE_COHORT_MEMBER
C002541,,,,,,,,,,,NO_BOOKING
C002542,2025-12-10,2026-05-29,3.0,4411.54,1470.5133333333333,2025-12,207.0,1.0,170.0,0.5294117647058824,ACTIVE_COHORT_MEMBER
C002543,2025-10-23,2025-10-23,1.0,4938.9,4938.9,2025-10,425.0,0.0,0.0,1.0,ACTIVE_COHORT_MEMBER
C002544,,,,,,,,,,,NO_BOOKING
C002545,2025-08-28,2026-05-28,2.0,6443.93,3221.965,2025-08,208.0,1.0,273.0,0.21978021978021978,ACTIVE_COHORT_MEMBER
C002546,2026-07-28,2026-08-08,2.0,5662.11,2831.055,2026-07,136.0,1.0,11.0,2.0,ACTIVE_COHORT_MEMBER
C002547,2026-01-28,2026-09-16,3.0,5680.92,1893.64,2026-01,97.0,1.0,231.0,0.38961038961038963,ACTIVE_COHORT_MEMBER
C002548,2026-03-25,2026-10-08,3.0,5765.66,1921.8866666666665,2026-03,75.0,1.0,197.0,0.4568527918781726,ACTIVE_COHORT_MEMBER
C002549,2025-10-07,2025-10-07,1.0,1971.4,1971.4,2025-10,441.0,0.0,0.0,1.0,ACTIVE_COHORT_MEMBER
C002550,2026-02-14,2026-02-14,1.0,2578.7,2578.7,2026-02,311.0,0.0,0.0,1.0,ACTIVE_COHORT_MEMBER
C002551,2026-02-21,2026-02-21,1.0,1269.03,1269.03,2026-02,304.0,0.0,0.0,1.0,ACTIVE_COHORT_MEMBER
C002552,2025-08-10,2026-08-14,3.0,4783.6,1594.5333333333335,2025-08,130.0,1.0,369.0,0.24390243902439024,ACTIVE_COHORT_MEMBER
C002553,2026-10-14,2026-12-09,3.0,9328.8,3109.6,2026-10,13.0,1.0,56.0,1.6071428571428572,ACTIVE_COHORT_MEMBER
C002554,2026-01-15,2026-04-13,3.0,8089.2699999999995,2696.423333333333,2026-01,253.0,1.0,88.0,1.0227272727272727,ACTIVE_COHORT_MEMBER
C002555,,,,,,,,,,,NO_BOOKING
C002556,2025-12-20,2026-09-11,4.0,12302.369999999999,3075.5924999999997,2025-12,102.0,1.0,265.0,0.45283018867924524,ACTIVE_COHORT_MEMBER
C002557,2025-10-05,2026-05-04,4.0,10814.45,2703.6125,2025-10,232.0,1.0,211.0,0.5687203791469194,ACTIVE_COHORT_MEMBER
C002558,2026-03-12,2026-04-30,2.0,5423.0599999999995,2711.5299999999997,2026-03,236.0,1.0,49.0,1.2244897959183674,ACTIVE_COHORT_MEMBER
C002559,2025-10-17,2026-06-19,4.0,11348.65,2837.1625,2025-10,186.0,1.0,245.0,0.489795918367347,ACTIVE_COHORT_MEMBER
C002560,2026-02-03,2026-02-03,1.0,4381.71,4381.71,2026-02,322.0,0.0,0.0,1.0,ACTIVE_COHORT_MEMBER
C002561,2026-08-30,2026-11-17,2.0,5447.01,2723.505,2026-08,35.0,1.0,79.0,0.759493670886076,ACTIVE_COHORT_MEMBER
C002562,2026-03-29,2026-03-29,1.0,3494.26,3494.26,2026-03,268.0,0.0,0.0,1.0,ACTIVE_COHORT_MEMBER
C002563,2026-09-25,2026-11-08,2.0,2618.5699999999997,1309.2849999999999,2026-09,44.0,1.0,44.0,1.3636363636363638,ACTIVE_COHORT_MEMBER
C002564,2026-03-10,2026-08-29,2.0,2787.89,1393.945,2026-03,115.0,1.0,172.0,0.3488372093023256,ACTIVE_COHORT_MEMBER
C002565,2026-01-14,2026-01-14,1.0,4338.27,4338.27,2026-01,342.0,0.0,0.0,1.0,ACTIVE_COHORT_MEMBER
C002566,2026-01-04,2026-04-26,3.0,7011.05,2337.016666666667,2026-01,240.0,1.0,112.0,0.8035714285714286,ACTIVE_COHORT_MEMBER
C002567,2026-03-14,2026-07-28,3.0,10781.4,3593.7999999999997,2026-03,147.0,1.0,136.0,0.6617647058823529,ACTIVE_COHORT_MEMBER
C002568,2025-12-11,2026-07-13,4.0,8256.19,2064.0475,2025-12,162.0,1.0,214.0,0.5607476635514018,ACTIVE_COHORT_MEMBER
C002569,2026-01-13,2026-10-06,3.0,4381.709999999999,1460.5699999999997,2026-01,77.0,1.0,266.0,0.3383458646616541,ACTIVE_COHORT_MEMBER
C002570,2026-04-27,2026-04-27,1.0,1666.0,1666.0,2026-04,239.0,0.0,0.0,1.0,ACTIVE_COHORT_MEMBER
C002571,2026-05-21,2026-07-19,2.0,4601.94,2300.97,2026-05,156.0,1.0,59.0,1.0169491525423728,ACTIVE_COHORT_MEMBER
C002572,2026-07-08,2026-07-08,1.0,809.27,809.27,2026-07,167.0,0.0,0.0,1.0,ACTIVE_COHORT_MEMBER
C002573,2026-05-22,2026-05-22,1.0,932.5,932.5,2026-05,214.0,0.0,0.0,1.0,ACTIVE_COHORT_MEMBER
C002574,2026-06-03,2026-06-03,1.0,1650.4,1650.4,2026-06,202.0,0.0,0.0,1.0,ACTIVE_COHORT_MEMBER
C002575,,,,,,,,,,,NO_BOOKING
C002576,2026-05-13,2026-08-06,3.0,4384.3,1461.4333333333334,2026-05,138.0,1.0,85.0,1.0588235294117647,ACTIVE_COHORT_MEMBER
C002577,,,,,,,,,,,NO_BOOKING
C002578,,,,,,,,,,,NO_BOOKING
C002579,2025-11-12,2025-11-12,1.0,1034.45,1034.45,2025-11,405.0,0.0,0.0,1.0,ACTIVE_COHORT_MEMBER
C002580,2026-10-13,2026-11-25,2.0,8128.5599999999995,4064.2799999999997,2026-10,27.0,1.0,43.0,1.3953488372093024,ACTIVE_COHORT_MEMBER
C002581,2026-09-17,2026-09-17,1.0,4988.19,4988.19,2026-09,96.0,0.0,0.0,1.0,ACTIVE_COHORT_MEMBER
C002582,2025-10-31,2026-10-02,5.0,17351.22,3470.244,2025-10,81.0,1.0,336.0,0.44642857142857145,ACTIVE_COHORT_MEMBER
C002583,,,,,,,,,,,NO_BOOKING
C002584,2026-03-08,2026-09-22,4.0,8070.55,2017.6375,2026-03,91.0,1.0,198.0,0.6060606060606061,ACTIVE_COHORT_MEMBER
C002585,2026-04-20,2026-07-20,3.0,5724.91,1908.3033333333333,2026-04,155.0,1.0,91.0,0.989010989010989,ACTIVE_COHORT_MEMBER
C002586,,,,,,,,,,,NO_BOOKING
C002587,,,,,,,,,,,NO_BOOKING
C002588,2026-07-13,2026-11-11,2.0,3878.2200000000003,1939.1100000000001,2026-07,41.0,1.0,121.0,0.49586776859504134,ACTIVE_COHORT_MEMBER
C002589,,,,,,,,,,,NO_BOOKING
C002590,,,,,,,,,,,NO_BOOKING
C002591,2025-10-11,2026-08-13,2.0,7598.959999999999,3799.4799999999996,2025-10,131.0,1.0,306.0,0.19607843137254904,ACTIVE_COHORT_MEMBER
C002592,2025-12-18,2026-01-26,3.0,11318.27,3772.7566666666667,2025-12,330.0,1.0,39.0,2.3076923076923075,ACTIVE_COHORT_MEMBER
C002593,,,,,,,,,,,NO_BOOKING
C002594,2026-01-16,2026-10-02,5.0,16391.87,3278.374,2026-01,81.0,1.0,259.0,0.5791505791505792,ACTIVE_COHORT_MEMBER
C002595,2026-02-03,2026-10-12,2.0,6124.7,3062.35,2026-02,71.0,1.0,251.0,0.2390438247011952,ACTIVE_COHORT_MEMBER
C002596,2026-10-08,2026-10-08,1.0,883.62,883.62,2026-10,75.0,0.0,0.0,1.0,ACTIVE_COHORT_MEMBER
C002597,2026-05-08,2026-05-08,1.0,1291.83,1291.83,2026-05,228.0,0.0,0.0,1.0,ACTIVE_COHORT_MEMBER
C002598,2025-08-22,2026-08-22,5.0,11484.6,2296.92,2025-08,122.0,1.0,365.0,0.4109589041095891,ACTIVE_COHORT_MEMBER
C002599,2026-07-31,2026-07-31,1.0,2545.25,2545.25,2026-07,144.0,0.0,0.0,1.0,ACTIVE_COHORT_MEMBER
C002600,2026-10-25,2026-10-25,1.0,3798.36,3798.36,2026-10,58.0,0.0,0.0,1.0,ACTIVE_COHORT_MEMBER
C002601,2026-02-13,2026-02-17,2.0,6866.63,3433.315,2026-02,308.0,1.0,4.0,2.0,ACTIVE_COHORT_MEMBER
C002602,2025-11-14,2026-08-11,3.0,5542.13,1847.3766666666668,2025-11,133.0,1.0,270.0,0.3333333333333333,ACTIVE_COHORT_MEMBER
C002603,2026-09-02,2026-09-02,1.0,542.1,542.1,2026-09,111.0,0.0,0.0,1.0,ACTIVE_COHORT_MEMBER
C002604,2026-05-02,2026-05-08,2.0,3421.45,1710.725,2026-05,228.0,1.0,6.0,2.0,ACTIVE_COHORT_MEMBER
C002605,2026-10-07,2026-12-07,2.0,4449.47,2224.735,2026-10,15.0,1.0,61.0,0.9836065573770493,ACTIVE_COHORT_MEMBER
C002606,2026-07-03,2026-07-03,1.0,4875.44,4875.44,2026-07,172.0,0.0,0.0,1.0,ACTIVE_COHORT_MEMBER
C002607,2025-11-18,2026-07-21,3.0,9048.31,3016.103333333333,2025-11,154.0,1.0,245.0,0.3673469387755102,ACTIVE_COHORT_MEMBER
C002608,2025-09-03,2026-09-12,3.0,7460.82,2486.94,2025-09,101.0,1.0,374.0,0.24064171122994651,ACTIVE_COHORT_MEMBER
C002609,2026-05-12,2026-05-12,1.0,1356.62,1356.62,2026-05,224.0,0.0,0.0,1.0,ACTIVE_COHORT_MEMBER
C002610,,,,,,,,,,,NO_BOOKING
C002611,2026-01-30,2026-03-08,2.0,4134.59,2067.295,2026-01,289.0,1.0,37.0,1.6216216216216215,ACTIVE_COHORT_MEMBER
C002612,,,,,,,,,,,NO_BOOKING
C002613,2026-07-19,2026-07-19,1.0,2718.57,2718.57,2026-07,156.0,0.0,0.0,1.0,ACTIVE_COHORT_MEMBER
C002614,2026-06-28,2026-10-24,2.0,5720.5599999999995,2860.2799999999997,2026-06,59.0,1.0,118.0,0.5084745762711864,ACTIVE_COHORT_MEMBER
C002615,,,,,,,,,,,NO_BOOKING
C002616,,,,,,,,,,,NO_BOOKING
C002617,2026-02-14,2026-05-11,2.0,4591.74,2295.87,2026-02,225.0,1.0,86.0,0.6976744186046512,ACTIVE_COHORT_MEMBER
C002618,2026-01-20,2026-01-20,1.0,2171.31,2171.31,2026-01,336.0,0.0,0.0,1.0,ACTIVE_COHORT_MEMBER
C002619,2026-07-11,2026-09-28,2.0,5966.52,2983.26,2026-07,85.0,1.0,79.0,0.759493670886076,ACTIVE_COHORT_MEMBER
C002620,,,,,,,,,,,NO_BOOKING
C002621,,,,,,,,,,,NO_BOOKING
C002622,2026-02-07,2026-07-16,3.0,7740.49,2580.1633333333334,2026-02,159.0,1.0,159.0,0.5660377358490566,ACTIVE_COHORT_MEMBER
C002623,2026-05-16,2026-05-16,1.0,1355.15,1355.15,2026-05,220.0,0.0,0.0,1.0,ACTIVE_COHORT_MEMBER
C002624,2026-03-03,2026-03-03,1.0,1960.52,1960.52,2026-03,294.0,0.0,0.0,1.0,ACTIVE_COHORT_MEMBER
C002625,2026-03-24,2026-10-16,3.0,6474.18,2158.06,2026-03,67.0,1.0,206.0,0.4368932038834952,ACTIVE_COHORT_MEMBER
C002626,2025-08-30,2026-07-24,2.0,7107.629999999999,3553.8149999999996,2025-08,151.0,1.0,328.0,0.18292682926829268,ACTIVE_COHORT_MEMBER
C002627,2026-11-01,2026-11-01,1.0,3037.76,3037.76,2026-11,51.0,0.0,0.0,1.0,ACTIVE_COHORT_MEMBER
C002628,,,,,,,,,,,NO_BOOKING
C002629,,,,,,,,,,,NO_BOOKING
C002630,,,,,,,,,,,NO_BOOKING
C002631,2025-12-03,2026-02-06,2.0,7660.53,3830.265,2025-12,319.0,1.0,65.0,0.9230769230769231,ACTIVE_COHORT_MEMBER
C002632,2026-08-03,2026-08-03,1.0,1681.41,1681.41,2026-08,141.0,0.0,0.0,1.0,ACTIVE_COHORT_MEMBER
C002633,2025-08-12,2025-12-09,2.0,3163.23,1581.615,2025-08,378.0,1.0,119.0,0.5042016806722689,ACTIVE_COHORT_MEMBER
C002634,2026-02-27,2026-02-27,1.0,2597.15,2597.15,2026-02,298.0,0.0,0.0,1.0,ACTIVE_COHORT_MEMBER
C002635,2025-10-11,2025-10-11,1.0,2893.14,2893.14,2025-10,437.0,0.0,0.0,1.0,ACTIVE_COHORT_MEMBER
C002636,2026-06-12,2026-07-24,2.0,6182.99,3091.495,2026-06,151.0,1.0,42.0,1.4285714285714286,ACTIVE_COHORT_MEMBER
C002637,2026-01-12,2026-06-14,2.0,6774.889999999999,3387.4449999999997,2026-01,191.0,1.0,153.0,0.3921568627450981,ACTIVE_COHORT_MEMBER
C002638,2026-07-28,2026-10-21,2.0,7654.76,3827.38,2026-07,62.0,1.0,85.0,0.7058823529411764,ACTIVE_COHORT_MEMBER
C002639,,,,,,,,,,,NO_BOOKING
C002640,2025-12-16,2026-11-23,2.0,7906.93,3953.465,2025-12,29.0,1.0,342.0,0.17543859649122806,ACTIVE_COHORT_MEMBER
C002641,2026-03-28,2026-05-03,2.0,4390.9,2195.45,2026-03,233.0,1.0,36.0,1.6666666666666667,ACTIVE_COHORT_MEMBER
C002642,2026-05-03,2026-08-01,2.0,3029.59,1514.795,2026-05,143.0,1.0,90.0,0.6666666666666666,ACTIVE_COHORT_MEMBER
C002643,2025-10-23,2026-04-08,2.0,6584.9400000000005,3292.4700000000003,2025-10,258.0,1.0,167.0,0.3592814371257485,ACTIVE_COHORT_MEMBER
C002644,2026-05-02,2026-05-02,1.0,3179.97,3179.97,2026-05,234.0,0.0,0.0,1.0,ACTIVE_COHORT_MEMBER
C002645,2026-10-08,2026-10-08,1.0,4952.53,4952.53,2026-10,75.0,0.0,0.0,1.0,ACTIVE_COHORT_MEMBER
C002646,2025-12-26,2026-09-15,4.0,9355.939999999999,2338.9849999999997,2025-12,98.0,1.0,263.0,0.4562737642585551,ACTIVE_COHORT_MEMBER
C002647,2025-12-29,2025-12-29,1.0,1408.7,1408.7,2025-12,358.0,0.0,0.0,1.0,ACTIVE_COHORT_MEMBER
C002648,2025-10-21,2025-10-21,1.0,3413.92,3413.92,2025-10,427.0,0.0,0.0,1.0,ACTIVE_COHORT_MEMBER
C002649,,,,,,,,,,,NO_BOOKING
C002650,2025-09-25,2026-11-20,2.0,4880.33,2440.165,2025-09,32.0,1.0,421.0,0.14251781472684086,ACTIVE_COHORT_MEMBER
C002651,2026-03-06,2026-03-06,1.0,3905.8,3905.8,2026-03,291.0,0.0,0.0,1.0,ACTIVE_COHORT_MEMBER
C002652,,,,,,,,,,,NO_BOOKING
C002653,2026-01-07,2026-01-07,1.0,4261.64,4261.64,2026-01,349.0,0.0,0.0,1.0,ACTIVE_COHORT_MEMBER
C002654,2026-10-13,2026-10-13,1.0,3691.28,3691.28,2026-10,70.0,0.0,0.0,1.0,ACTIVE_COHORT_MEMBER
C002655,2026-04-12,2026-08-11,3.0,9047.73,3015.91,2026-04,133.0,1.0,121.0,0.7438016528925621,ACTIVE_COHORT_MEMBER
C002656,2026-05-17,2026-05-17,1.0,1791.99,1791.99,2026-05,219.0,0.0,0.0,1.0,ACTIVE_COHORT_MEMBER
C002657,2026-11-22,2026-11-22,1.0,2149.37,2149.37,2026-11,30.0,0.0,0.0,1.0,ACTIVE_COHORT_MEMBER
C002658,2026-04-18,2026-10-31,6.0,14715.23,2452.5383333333334,2026-04,52.0,1.0,196.0,0.9183673469387755,ACTIVE_COHORT_MEMBER
C002659,2026-04-13,2026-08-22,3.0,2815.67,938.5566666666667,2026-04,122.0,1.0,131.0,0.6870229007633588,ACTIVE_COHORT_MEMBER
C002660,2026-01-02,2026-06-17,3.0,8540.9,2846.9666666666667,2026-01,188.0,1.0,166.0,0.5421686746987951,ACTIVE_COHORT_MEMBER
C002661,2025-11-25,2026-12-18,5.0,13440.119999999999,2688.024,2025-11,4.0,1.0,388.0,0.3865979381443299,ACTIVE_COHORT_MEMBER
C002662,2026-04-12,2026-07-07,2.0,6235.39,3117.695,2026-04,168.0,1.0,86.0,0.6976744186046512,ACTIVE_COHORT_MEMBER
C002663,2025-12-25,2025-12-25,1.0,2750.29,2750.29,2025-12,362.0,0.0,0.0,1.0,ACTIVE_COHORT_MEMBER
C002664,2026-06-28,2026-06-28,1.0,2701.99,2701.99,2026-06,177.0,0.0,0.0,1.0,ACTIVE_COHORT_MEMBER
C002665,,,,,,,,,,,NO_BOOKING
C002666,2025-11-07,2026-10-23,4.0,11754.5,2938.625,2025-11,60.0,1.0,350.0,0.34285714285714286,ACTIVE_COHORT_MEMBER
C002667,2026-01-01,2026-01-01,1.0,4758.45,4758.45,2026-01,355.0,0.0,0.0,1.0,ACTIVE_COHORT_MEMBER
C002668,2025-09-16,2026-03-21,2.0,2845.02,1422.51,2025-09,276.0,1.0,186.0,0.3225806451612903,ACTIVE_COHORT_MEMBER
C002669,2025-10-31,2026-09-05,5.0,9849.83,1969.966,2025-10,108.0,1.0,309.0,0.48543689320388345,ACTIVE_COHORT_MEMBER
C002670,2026-01-21,2026-04-30,2.0,3569.14,1784.57,2026-01,236.0,1.0,99.0,0.6060606060606061,ACTIVE_COHORT_MEMBER
C002671,2026-07-01,2026-07-01,1.0,3071.82,3071.82,2026-07,174.0,0.0,0.0,1.0,ACTIVE_COHORT_MEMBER
C002672,2026-01-23,2026-10-05,2.0,6431.77,3215.885,2026-01,78.0,1.0,255.0,0.23529411764705882,ACTIVE_COHORT_MEMBER
C002673,2026-01-24,2026-04-29,2.0,4756.07,2378.035,2026-01,237.0,1.0,95.0,0.6315789473684211,ACTIVE_COHORT_MEMBER
C002674,,,,,,,,,,,NO_BOOKING
C002675,2026-08-25,2026-08-25,1.0,2786.33,2786.33,2026-08,119.0,0.0,0.0,1.0,ACTIVE_COHORT_MEMBER
C002676,2026-03-12,2026-06-06,3.0,8408.55,2802.85,2026-03,199.0,1.0,86.0,1.0465116279069768,ACTIVE_COHORT_MEMBER
C002677,,,,,,,,,,,NO_BOOKING
C002678,2026-02-04,2026-02-04,1.0,1457.11,1457.11,2026-02,321.0,0.0,0.0,1.0,ACTIVE_COHORT_MEMBER
C002679,,,,,,,,,,,NO_BOOKING
C002680,2026-04-20,2026-07-04,3.0,6635.88,2211.96,2026-04,171.0,1.0,75.0,1.2,ACTIVE_COHORT_MEMBER
C002681,,,,,,,,,,,NO_BOOKING
C002682,2026-02-13,2026-09-19,4.0,10594.07,2648.5175,2026-02,94.0,1.0,218.0,0.5504587155963303,ACTIVE_COHORT_MEMBER
C002683,2025-08-23,2026-02-16,3.0,7151.62,2383.8733333333334,2025-08,309.0,1.0,177.0,0.5084745762711864,ACTIVE_COHORT_MEMBER
C002684,2025-11-03,2025-11-03,1.0,4620.17,4620.17,2025-11,414.0,0.0,0.0,1.0,ACTIVE_COHORT_MEMBER
C002685,,,,,,,,,,,NO_BOOKING
C002686,,,,,,,,,,,NO_BOOKING
C002687,2025-10-27,2026-10-24,6.0,13290.39,2215.065,2025-10,59.0,1.0,362.0,0.4972375690607735,ACTIVE_COHORT_MEMBER
C002688,2026-09-21,2026-09-21,1.0,4791.08,4791.08,2026-09,92.0,0.0,0.0,1.0,ACTIVE_COHORT_MEMBER
C002689,,,,,,,,,,,NO_BOOKING
C002690,2026-02-26,2026-02-26,1.0,2676.48,2676.48,2026-02,299.0,0.0,0.0,1.0,ACTIVE_COHORT_MEMBER
C002691,2026-07-01,2026-11-12,2.0,5665.74,2832.87,2026-07,40.0,1.0,134.0,0.44776119402985076,ACTIVE_COHORT_MEMBER
C002692,,,,,,,,,,,NO_BOOKING
C002693,,,,,,,,,,,NO_BOOKING
C002694,2025-11-14,2026-01-22,2.0,5556.99,2778.495,2025-11,334.0,1.0,69.0,0.8695652173913044,ACTIVE_COHORT_MEMBER
C002695,2025-10-16,2026-05-16,3.0,7649.549999999999,2549.85,2025-10,220.0,1.0,212.0,0.42452830188679247,ACTIVE_COHORT_MEMBER
C002696,2025-11-08,2025-11-08,1.0,939.19,939.19,2025-11,409.0,0.0,0.0,1.0,ACTIVE_COHORT_MEMBER
C002697,2026-02-01,2026-03-05,2.0,2513.8199999999997,1256.9099999999999,2026-02,292.0,1.0,32.0,1.875,ACTIVE_COHORT_MEMBER
C002698,2025-11-12,2025-11-12,1.0,4125.17,4125.17,2025-11,405.0,0.0,0.0,1.0,ACTIVE_COHORT_MEMBER
C002699,,,,,,,,,,,NO_BOOKING
C002700,2026-11-28,2026-11-28,1.0,3661.15,3661.15,2026-11,24.0,0.0,0.0,1.0,ACTIVE_COHORT_MEMBER
C002701,2026-01-04,2026-06-08,2.0,8155.200000000001,4077.6000000000004,2026-01,197.0,1.0,155.0,0.3870967741935484,ACTIVE_COHORT_MEMBER
C002702,2026-03-03,2026-03-03,1.0,4083.27,4083.27,2026-03,294.0,0.0,0.0,1.0,ACTIVE_COHORT_MEMBER
C002703,2025-10-30,2025-12-02,2.0,2660.94,1330.47,2025-10,385.0,1.0,33.0,1.8181818181818181,ACTIVE_COHORT_MEMBER
C002704,2026-12-05,2026-12-05,1.0,4636.83,4636.83,2026-12,17.0,0.0,0.0,1.0,ACTIVE_COHORT_MEMBER
C002705,2026-06-09,2026-06-09,1.0,2124.53,2124.53,2026-06,196.0,0.0,0.0,1.0,ACTIVE_COHORT_MEMBER
C002706,2026-03-02,2026-06-09,2.0,5188.12,2594.06,2026-03,196.0,1.0,99.0,0.6060606060606061,ACTIVE_COHORT_MEMBER
C002707,2026-03-01,2026-03-01,1.0,2581.66,2581.66,2026-03,296.0,0.0,0.0,1.0,ACTIVE_COHORT_MEMBER
C002708,2026-02-15,2026-02-15,1.0,2180.24,2180.24,2026-02,310.0,0.0,0.0,1.0,ACTIVE_COHORT_MEMBER
C002709,2026-01-07,2026-10-19,7.0,21530.629999999997,3075.8042857142855,2026-01,64.0,1.0,285.0,0.7368421052631579,ACTIVE_COHORT_MEMBER
C002710,2026-01-01,2026-01-01,1.0,1501.63,1501.63,2026-01,355.0,0.0,0.0,1.0,ACTIVE_COHORT_MEMBER
C002711,2026-03-22,2026-09-05,2.0,6880.1900000000005,3440.0950000000003,2026-03,108.0,1.0,167.0,0.3592814371257485,ACTIVE_COHORT_MEMBER
C002712,2025-11-22,2026-09-15,3.0,9014.539999999999,3004.8466666666664,2025-11,98.0,1.0,297.0,0.30303030303030304,ACTIVE_COHORT_MEMBER
C002713,2026-10-13,2026-10-13,1.0,4646.87,4646.87,2026-10,70.0,0.0,0.0,1.0,ACTIVE_COHORT_MEMBER
C002714,2025-09-05,2025-12-23,3.0,9772.279999999999,3257.4266666666663,2025-09,364.0,1.0,109.0,0.8256880733944955,ACTIVE_COHORT_MEMBER
C002715,2026-07-15,2026-07-15,1.0,1094.5,1094.5,2026-07,160.0,0.0,0.0,1.0,ACTIVE_COHORT_MEMBER
C002716,,,,,,,,,,,NO_BOOKING
C002717,2026-03-17,2026-03-17,1.0,508.62,508.62,2026-03,280.0,0.0,0.0,1.0,ACTIVE_COHORT_MEMBER
C002718,2026-01-11,2026-01-11,1.0,2320.32,2320.32,2026-01,345.0,0.0,0.0,1.0,ACTIVE_COHORT_MEMBER
C002719,2026-01-19,2026-01-19,1.0,1068.21,1068.21,2026-01,337.0,0.0,0.0,1.0,ACTIVE_COHORT_MEMBER
C002720,2025-09-11,2026-03-24,2.0,6169.889999999999,3084.9449999999997,2025-09,273.0,1.0,194.0,0.30927835051546393,ACTIVE_COHORT_MEMBER
C002721,2026-01-01,2026-07-18,2.0,4461.3,2230.65,2026-01,157.0,1.0,198.0,0.30303030303030304,ACTIVE_COHORT_MEMBER
C002722,2026-02-02,2026-07-24,3.0,7819.3,2606.4333333333334,2026-02,151.0,1.0,172.0,0.5232558139534884,ACTIVE_COHORT_MEMBER
C002723,2025-11-07,2026-08-25,3.0,13629.029999999999,4543.009999999999,2025-11,119.0,1.0,291.0,0.30927835051546393,ACTIVE_COHORT_MEMBER
C002724,2026-07-09,2026-07-09,1.0,1588.79,1588.79,2026-07,166.0,0.0,0.0,1.0,ACTIVE_COHORT_MEMBER
C002725,2025-12-17,2026-11-20,2.0,6090.41,3045.205,2025-12,32.0,1.0,338.0,0.17751479289940827,ACTIVE_COHORT_MEMBER
C002726,2025-12-19,2026-10-21,3.0,4827.969999999999,1609.323333333333,2025-12,62.0,1.0,306.0,0.29411764705882354,ACTIVE_COHORT_MEMBER
C002727,2026-11-03,2026-11-03,1.0,1176.33,1176.33,2026-11,49.0,0.0,0.0,1.0,ACTIVE_COHORT_MEMBER
C002728,2026-03-13,2026-03-13,1.0,4891.92,4891.92,2026-03,284.0,0.0,0.0,1.0,ACTIVE_COHORT_MEMBER
C002729,2025-12-19,2026-08-10,2.0,6865.16,3432.58,2025-12,134.0,1.0,234.0,0.25641025641025644,ACTIVE_COHORT_MEMBER
C002730,2025-10-31,2026-11-10,2.0,2098.92,1049.46,2025-10,42.0,1.0,375.0,0.16,ACTIVE_COHORT_MEMBER
C002731,2026-03-09,2026-04-23,2.0,7418.53,3709.265,2026-03,243.0,1.0,45.0,1.3333333333333333,ACTIVE_COHORT_MEMBER
C002732,2026-01-14,2026-06-27,2.0,5911.35,2955.675,2026-01,178.0,1.0,164.0,0.36585365853658536,ACTIVE_COHORT_MEMBER
C002733,,,,,,,,,,,NO_BOOKING
C002734,2026-01-09,2026-01-09,1.0,1648.0,1648.0,2026-01,347.0,0.0,0.0,1.0,ACTIVE_COHORT_MEMBER
C002735,2025-11-16,2026-04-19,2.0,5096.24,2548.12,2025-11,247.0,1.0,154.0,0.3896103896103896,ACTIVE_COHORT_MEMBER
C002736,2025-11-17,2026-05-28,4.0,11861.07,2965.2675,2025-11,208.0,1.0,192.0,0.625,ACTIVE_COHORT_MEMBER
C002737,2026-03-29,2026-03-29,1.0,3755.85,3755.85,2026-03,268.0,0.0,0.0,1.0,ACTIVE_COHORT_MEMBER
C002738,2026-05-18,2026-07-21,2.0,4007.2799999999997,2003.6399999999999,2026-05,154.0,1.0,64.0,0.9375,ACTIVE_COHORT_MEMBER
C002739,2025-09-28,2026-11-20,4.0,7575.18,1893.795,2025-09,32.0,1.0,418.0,0.28708133971291866,ACTIVE_COHORT_MEMBER
C002740,2025-12-18,2026-08-19,4.0,13482.6,3370.65,2025-12,125.0,1.0,244.0,0.49180327868852464,ACTIVE_COHORT_MEMBER
C002741,2026-05-19,2026-06-14,2.0,5545.09,2772.545,2026-05,191.0,1.0,26.0,2.0,ACTIVE_COHORT_MEMBER
C002742,2026-07-19,2026-07-19,1.0,4351.44,4351.44,2026-07,156.0,0.0,0.0,1.0,ACTIVE_COHORT_MEMBER
C002743,,,,,,,,,,,NO_BOOKING
C002744,2026-04-07,2026-11-07,2.0,4698.360000000001,2349.1800000000003,2026-04,45.0,1.0,214.0,0.2803738317757009,ACTIVE_COHORT_MEMBER
C002745,2026-08-19,2026-09-24,2.0,3561.02,1780.51,2026-08,89.0,1.0,36.0,1.6666666666666667,ACTIVE_COHORT_MEMBER
C002746,2025-11-08,2026-08-04,4.0,8932.93,2233.2325,2025-11,140.0,1.0,269.0,0.44609665427509293,ACTIVE_COHORT_MEMBER
C002747,2026-01-23,2026-01-23,1.0,2962.32,2962.32,2026-01,333.0,0.0,0.0,1.0,ACTIVE_COHORT_MEMBER
C002748,2025-09-17,2026-09-04,3.0,6828.58,2276.193333333333,2025-09,109.0,1.0,352.0,0.2556818181818182,ACTIVE_COHORT_MEMBER
C002749,2025-08-28,2025-08-28,1.0,2751.96,2751.96,2025-08,481.0,0.0,0.0,1.0,ACTIVE_COHORT_MEMBER
C002750,2025-12-23,2026-04-01,2.0,9669.25,4834.625,2025-12,265.0,1.0,99.0,0.6060606060606061,ACTIVE_COHORT_MEMBER
C002751,2026-07-25,2026-07-25,1.0,1743.59,1743.59,2026-07,150.0,0.0,0.0,1.0,ACTIVE_COHORT_MEMBER
C002752,,,,,,,,,,,NO_BOOKING
C002753,2026-02-03,2026-05-15,2.0,8379.220000000001,4189.610000000001,2026-02,221.0,1.0,101.0,0.594059405940594,ACTIVE_COHORT_MEMBER
C002754,,,,,,,,,,,NO_BOOKING
C002755,,,,,,,,,,,NO_BOOKING
C002756,,,,,,,,,,,NO_BOOKING
C002757,2026-08-20,2026-08-27,2.0,3707.35,1853.675,2026-08,117.0,1.0,7.0,2.0,ACTIVE_COHORT_MEMBER
C002758,2026-03-30,2026-09-15,3.0,8451.89,2817.2966666666666,2026-03,98.0,1.0,169.0,0.5325443786982248,ACTIVE_COHORT_MEMBER
C002759,2026-08-10,2026-08-10,1.0,2322.18,2322.18,2026-08,134.0,0.0,0.0,1.0,ACTIVE_COHORT_MEMBER
C002760,,,,,,,,,,,NO_BOOKING
C002761,,,,,,,,,,,NO_BOOKING
C002762,2026-02-14,2026-07-02,4.0,11142.439999999999,2785.6099999999997,2026-02,173.0,1.0,138.0,0.8695652173913044,ACTIVE_COHORT_MEMBER
C002763,2026-11-16,2026-11-16,1.0,3425.81,3425.81,2026-11,36.0,0.0,0.0,1.0,ACTIVE_COHORT_MEMBER
C002764,2026-01-27,2026-09-07,3.0,5653.99,1884.6633333333332,2026-01,106.0,1.0,223.0,0.40358744394618834,ACTIVE_COHORT_MEMBER
C002765,2025-10-26,2026-08-04,2.0,4808.200000000001,2404.1000000000004,2025-10,140.0,1.0,282.0,0.2127659574468085,ACTIVE_COHORT_MEMBER
C002766,2025-12-22,2026-07-31,3.0,7031.41,2343.8033333333333,2025-12,144.0,1.0,221.0,0.4072398190045249,ACTIVE_COHORT_MEMBER
C002767,2026-01-06,2026-01-06,1.0,564.58,564.58,2026-01,350.0,0.0,0.0,1.0,ACTIVE_COHORT_MEMBER
C002768,2026-06-25,2026-06-25,1.0,1827.06,1827.06,2026-06,180.0,0.0,0.0,1.0,ACTIVE_COHORT_MEMBER
C002769,2026-01-12,2026-05-14,2.0,3788.91,1894.455,2026-01,222.0,1.0,122.0,0.49180327868852464,ACTIVE_COHORT_MEMBER
C002770,2025-10-23,2025-10-23,1.0,4581.1,4581.1,2025-10,425.0,0.0,0.0,1.0,ACTIVE_COHORT_MEMBER
C002771,2026-06-28,2026-06-28,1.0,641.79,641.79,2026-06,177.0,0.0,0.0,1.0,ACTIVE_COHORT_MEMBER
C002772,,,,,,,,,,,NO_BOOKING
C002773,2026-05-09,2026-09-06,3.0,9815.61,3271.8700000000003,2026-05,107.0,1.0,120.0,0.75,ACTIVE_COHORT_MEMBER
C002774,2026-02-16,2026-09-30,5.0,13939.56,2787.912,2026-02,83.0,1.0,226.0,0.6637168141592921,ACTIVE_COHORT_MEMBER
C002775,2025-09-30,2026-11-04,5.0,14970.31,2994.062,2025-09,48.0,1.0,400.0,0.375,ACTIVE_COHORT_MEMBER
C002776,2026-04-05,2026-08-12,3.0,7345.030000000001,2448.3433333333337,2026-04,132.0,1.0,129.0,0.6976744186046512,ACTIVE_COHORT_MEMBER
C002777,2026-06-11,2026-06-11,1.0,4657.15,4657.15,2026-06,194.0,0.0,0.0,1.0,ACTIVE_COHORT_MEMBER
C002778,2026-08-24,2026-08-24,1.0,934.07,934.07,2026-08,120.0,0.0,0.0,1.0,ACTIVE_COHORT_MEMBER
C002779,2026-06-25,2026-09-06,2.0,4011.12,2005.56,2026-06,107.0,1.0,73.0,0.8219178082191781,ACTIVE_COHORT_MEMBER
C002780,2026-05-17,2026-08-15,5.0,19713.870000000003,3942.7740000000003,2026-05,129.0,1.0,90.0,1.6666666666666667,ACTIVE_COHORT_MEMBER
C002781,2025-11-28,2026-07-21,4.0,7292.5599999999995,1823.1399999999999,2025-11,154.0,1.0,235.0,0.5106382978723405,ACTIVE_COHORT_MEMBER
C002782,2026-10-15,2026-10-15,1.0,554.62,554.62,2026-10,68.0,0.0,0.0,1.0,ACTIVE_COHORT_MEMBER
C002783,2025-12-12,2026-02-14,2.0,5678.75,2839.375,2025-12,311.0,1.0,64.0,0.9375,ACTIVE_COHORT_MEMBER
C002784,2026-05-14,2026-06-09,2.0,5734.52,2867.26,2026-05,196.0,1.0,26.0,2.0,ACTIVE_COHORT_MEMBER
C002785,2026-05-15,2026-10-11,2.0,6823.25,3411.625,2026-05,72.0,1.0,149.0,0.40268456375838924,ACTIVE_COHORT_MEMBER
C002786,2026-05-10,2026-08-16,3.0,6671.28,2223.7599999999998,2026-05,128.0,1.0,98.0,0.9183673469387755,ACTIVE_COHORT_MEMBER
C002787,2025-11-05,2026-02-10,3.0,8802.93,2934.31,2025-11,315.0,1.0,97.0,0.9278350515463918,ACTIVE_COHORT_MEMBER
C002788,2026-08-04,2026-08-04,1.0,3967.46,3967.46,2026-08,140.0,0.0,0.0,1.0,ACTIVE_COHORT_MEMBER
C002789,2026-06-17,2026-06-17,1.0,506.15,506.15,2026-06,188.0,0.0,0.0,1.0,ACTIVE_COHORT_MEMBER
C002790,2026-06-04,2026-06-04,1.0,2035.32,2035.32,2026-06,201.0,0.0,0.0,1.0,ACTIVE_COHORT_MEMBER
C002791,2026-09-08,2026-09-12,2.0,4641.58,2320.79,2026-09,101.0,1.0,4.0,2.0,ACTIVE_COHORT_MEMBER
C002792,2026-02-04,2026-02-04,1.0,1007.07,1007.07,2026-02,321.0,0.0,0.0,1.0,ACTIVE_COHORT_MEMBER
C002793,2025-11-04,2025-11-04,1.0,3980.42,3980.42,2025-11,413.0,0.0,0.0,1.0,ACTIVE_COHORT_MEMBER
C002794,2025-10-31,2026-02-19,3.0,6209.76,2069.92,2025-10,306.0,1.0,111.0,0.8108108108108107,ACTIVE_COHORT_MEMBER
C002795,2026-03-19,2026-03-19,1.0,4228.96,4228.96,2026-03,278.0,0.0,0.0,1.0,ACTIVE_COHORT_MEMBER
C002796,2025-10-27,2026-04-09,2.0,6180.070000000001,3090.0350000000003,2025-10,257.0,1.0,164.0,0.36585365853658536,ACTIVE_COHORT_MEMBER
C002797,2025-10-06,2025-10-06,1.0,3736.95,3736.95,2025-10,442.0,0.0,0.0,1.0,ACTIVE_COHORT_MEMBER
C002798,2026-11-23,2026-11-23,1.0,3752.84,3752.84,2026-11,29.0,0.0,0.0,1.0,ACTIVE_COHORT_MEMBER
C002799,2025-09-23,2025-09-24,2.0,9361.49,4680.745,2025-09,454.0,1.0,1.0,2.0,ACTIVE_COHORT_MEMBER
C002800,2026-03-04,2026-08-10,2.0,4783.35,2391.675,2026-03,134.0,1.0,159.0,0.37735849056603776,ACTIVE_COHORT_MEMBER
C002801,2025-12-11,2026-09-19,4.0,11425.44,2856.36,2025-12,94.0,1.0,282.0,0.425531914893617,ACTIVE_COHORT_MEMBER
C002802,2026-05-21,2026-05-21,1.0,2467.53,2467.53,2026-05,215.0,0.0,0.0,1.0,ACTIVE_COHORT_MEMBER
C002803,,,,,,,,,,,NO_BOOKING
C002804,2025-10-30,2026-03-27,3.0,3729.9300000000003,1243.3100000000002,2025-10,270.0,1.0,148.0,0.6081081081081081,ACTIVE_COHORT_MEMBER
C002805,2026-05-20,2026-05-20,1.0,4120.44,4120.44,2026-05,216.0,0.0,0.0,1.0,ACTIVE_COHORT_MEMBER
C002806,2025-11-09,2025-11-09,1.0,3330.64,3330.64,2025-11,408.0,0.0,0.0,1.0,ACTIVE_COHORT_MEMBER
C002807,2025-12-11,2026-10-22,4.0,16578.16,4144.54,2025-12,61.0,1.0,315.0,0.38095238095238093,ACTIVE_COHORT_MEMBER
C002808,,,,,,,,,,,NO_BOOKING
C002809,2025-10-12,2026-09-20,3.0,12696.130000000001,4232.043333333334,2025-10,93.0,1.0,343.0,0.26239067055393583,ACTIVE_COHORT_MEMBER
C002810,2026-02-14,2026-06-28,2.0,7465.18,3732.59,2026-02,177.0,1.0,134.0,0.44776119402985076,ACTIVE_COHORT_MEMBER
C002811,2025-09-30,2026-07-09,5.0,17278.61,3455.722,2025-09,166.0,1.0,282.0,0.5319148936170213,ACTIVE_COHORT_MEMBER
C002812,2026-06-10,2026-07-25,2.0,8869.95,4434.975,2026-06,150.0,1.0,45.0,1.3333333333333333,ACTIVE_COHORT_MEMBER
C002813,2025-08-01,2025-08-01,1.0,3845.75,3845.75,2025-08,508.0,0.0,0.0,1.0,ACTIVE_COHORT_MEMBER
C002814,2026-03-07,2026-03-07,1.0,3144.96,3144.96,2026-03,290.0,0.0,0.0,1.0,ACTIVE_COHORT_MEMBER
C002815,2026-08-05,2026-08-05,1.0,680.27,680.27,2026-08,139.0,0.0,0.0,1.0,ACTIVE_COHORT_MEMBER
C002816,2026-08-23,2026-08-23,1.0,3073.81,3073.81,2026-08,121.0,0.0,0.0,1.0,ACTIVE_COHORT_MEMBER
C002817,2026-02-18,2026-02-18,1.0,4593.69,4593.69,2026-02,307.0,0.0,0.0,1.0,ACTIVE_COHORT_MEMBER
C002818,2025-11-07,2026-07-01,4.0,16546.309999999998,4136.577499999999,2025-11,174.0,1.0,236.0,0.5084745762711864,ACTIVE_COHORT_MEMBER
C002819,,,,,,,,,,,NO_BOOKING
C002820,2025-07-31,2025-07-31,1.0,515.71,515.71,2025-07,509.0,0.0,0.0,1.0,ACTIVE_COHORT_MEMBER
C002821,,,,,,,,,,,NO_BOOKING
C002822,2026-06-26,2026-06-26,1.0,4409.42,4409.42,2026-06,179.0,0.0,0.0,1.0,ACTIVE_COHORT_MEMBER
C002823,2025-12-13,2026-05-21,2.0,8228.93,4114.465,2025-12,215.0,1.0,159.0,0.37735849056603776,ACTIVE_COHORT_MEMBER
C002824,2025-11-19,2026-02-27,2.0,3975.1800000000003,1987.5900000000001,2025-11,298.0,1.0,100.0,0.6,ACTIVE_COHORT_MEMBER
C002825,2025-11-22,2026-03-28,3.0,10920.349999999999,3640.1166666666663,2025-11,269.0,1.0,126.0,0.7142857142857143,ACTIVE_COHORT_MEMBER
C002826,2025-10-07,2025-10-31,2.0,2398.8999999999996,1199.4499999999998,2025-10,417.0,1.0,24.0,2.0,ACTIVE_COHORT_MEMBER
C002827,,,,,,,,,,,NO_BOOKING
C002828,2026-08-15,2026-08-15,1.0,2460.24,2460.24,2026-08,129.0,0.0,0.0,1.0,ACTIVE_COHORT_MEMBER
C002829,2026-02-01,2026-10-17,3.0,3863.94,1287.98,2026-02,66.0,1.0,258.0,0.3488372093023256,ACTIVE_COHORT_MEMBER
C002830,2026-09-01,2026-09-01,1.0,1469.2,1469.2,2026-09,112.0,0.0,0.0,1.0,ACTIVE_COHORT_MEMBER
C002831,2026-03-28,2026-07-22,2.0,8066.81,4033.405,2026-03,153.0,1.0,116.0,0.5172413793103449,ACTIVE_COHORT_MEMBER
C002832,2026-02-22,2026-09-13,4.0,14366.11,3591.5275,2026-02,100.0,1.0,203.0,0.5911330049261084,ACTIVE_COHORT_MEMBER
C002833,2026-02-26,2026-08-28,3.0,3739.42,1246.4733333333334,2026-02,116.0,1.0,183.0,0.49180327868852464,ACTIVE_COHORT_MEMBER
C002834,2025-11-16,2025-11-16,1.0,2478.01,2478.01,2025-11,401.0,0.0,0.0,1.0,ACTIVE_COHORT_MEMBER
C002835,2026-07-01,2026-07-01,1.0,4550.06,4550.06,2026-07,174.0,0.0,0.0,1.0,ACTIVE_COHORT_MEMBER
C002836,2026-04-12,2026-09-14,2.0,1172.2,586.1,2026-04,99.0,1.0,155.0,0.3870967741935484,ACTIVE_COHORT_MEMBER
C002837,,,,,,,,,,,NO_BOOKING
C002838,2025-12-04,2026-01-25,3.0,8712.95,2904.316666666667,2025-12,331.0,1.0,52.0,1.7307692307692306,ACTIVE_COHORT_MEMBER
C002839,2026-04-26,2026-10-25,4.0,12931.74,3232.935,2026-04,58.0,1.0,182.0,0.6593406593406593,ACTIVE_COHORT_MEMBER
C002840,2026-02-04,2026-05-04,2.0,4990.68,2495.34,2026-02,232.0,1.0,89.0,0.6741573033707865,ACTIVE_COHORT_MEMBER
C002841,,,,,,,,,,,NO_BOOKING
C002842,2025-12-17,2026-02-07,3.0,7665.250000000001,2555.0833333333335,2025-12,318.0,1.0,52.0,1.7307692307692306,ACTIVE_COHORT_MEMBER
C002843,2026-01-08,2026-09-19,2.0,6936.26,3468.13,2026-01,94.0,1.0,254.0,0.23622047244094488,ACTIVE_COHORT_MEMBER
C002844,2026-01-24,2026-09-12,2.0,4997.3099999999995,2498.6549999999997,2026-01,101.0,1.0,231.0,0.2597402597402597,ACTIVE_COHORT_MEMBER
C002845,2026-03-10,2026-05-27,2.0,5239.01,2619.505,2026-03,209.0,1.0,78.0,0.7692307692307692,ACTIVE_COHORT_MEMBER
C002846,2025-12-17,2025-12-17,1.0,1638.29,1638.29,2025-12,370.0,0.0,0.0,1.0,ACTIVE_COHORT_MEMBER
C002847,,,,,,,,,,,NO_BOOKING
C002848,,,,,,,,,,,NO_BOOKING
C002849,2026-03-21,2026-03-21,1.0,635.33,635.33,2026-03,276.0,0.0,0.0,1.0,ACTIVE_COHORT_MEMBER
C002850,2025-11-04,2026-05-26,4.0,9301.35,2325.3375,2025-11,210.0,1.0,203.0,0.5911330049261084,ACTIVE_COHORT_MEMBER
C002851,2026-05-13,2026-09-13,4.0,15250.39,3812.5975,2026-05,100.0,1.0,123.0,0.9756097560975611,ACTIVE_COHORT_MEMBER
C002852,2026-04-12,2026-04-12,1.0,1415.42,1415.42,2026-04,254.0,0.0,0.0,1.0,ACTIVE_COHORT_MEMBER
C002853,2025-11-30,2025-11-30,1.0,4978.78,4978.78,2025-11,387.0,0.0,0.0,1.0,ACTIVE_COHORT_MEMBER
C002854,2025-12-26,2026-09-07,3.0,8030.08,2676.693333333333,2025-12,106.0,1.0,255.0,0.35294117647058826,ACTIVE_COHORT_MEMBER
C002855,2026-03-09,2026-10-19,3.0,7460.639999999999,2486.8799999999997,2026-03,64.0,1.0,224.0,0.4017857142857143,ACTIVE_COHORT_MEMBER
C002856,,,,,,,,,,,NO_BOOKING
C002857,2025-12-12,2025-12-12,1.0,4616.39,4616.39,2025-12,375.0,0.0,0.0,1.0,ACTIVE_COHORT_MEMBER
C002858,2026-01-26,2026-07-03,4.0,14471.9,3617.975,2026-01,172.0,1.0,158.0,0.759493670886076,ACTIVE_COHORT_MEMBER
C002859,,,,,,,,,,,NO_BOOKING
C002860,,,,,,,,,,,NO_BOOKING
C002861,2025-07-30,2026-03-07,2.0,5735.93,2867.965,2025-07,290.0,1.0,220.0,0.27272727272727276,ACTIVE_COHORT_MEMBER
C002862,2025-11-11,2025-11-11,1.0,3355.34,3355.34,2025-11,406.0,0.0,0.0,1.0,ACTIVE_COHORT_MEMBER
C002863,2025-10-19,2025-10-19,1.0,1390.22,1390.22,2025-10,429.0,0.0,0.0,1.0,ACTIVE_COHORT_MEMBER
C002864,2025-08-27,2026-06-15,2.0,4661.54,2330.77,2025-08,190.0,1.0,292.0,0.20547945205479454,ACTIVE_COHORT_MEMBER
C002865,,,,,,,,,,,NO_BOOKING
C002866,,,,,,,,,,,NO_BOOKING
C002867,2026-01-01,2026-09-14,3.0,7566.45,2522.15,2026-01,99.0,1.0,256.0,0.3515625,ACTIVE_COHORT_MEMBER
C002868,2026-09-03,2026-09-03,1.0,4441.47,4441.47,2026-09,110.0,0.0,0.0,1.0,ACTIVE_COHORT_MEMBER
C002869,2026-12-04,2026-12-04,1.0,1488.91,1488.91,2026-12,18.0,0.0,0.0,1.0,ACTIVE_COHORT_MEMBER
C002870,2026-02-26,2026-07-24,4.0,7206.36,1801.59,2026-02,151.0,1.0,148.0,0.8108108108108107,ACTIVE_COHORT_MEMBER
C002871,2026-04-23,2026-04-23,1.0,563.37,563.37,2026-04,243.0,0.0,0.0,1.0,ACTIVE_COHORT_MEMBER
C002872,2026-01-17,2026-10-24,2.0,7651.63,3825.815,2026-01,59.0,1.0,280.0,0.21428571428571427,ACTIVE_COHORT_MEMBER
C002873,2026-02-14,2026-05-07,2.0,6796.52,3398.26,2026-02,229.0,1.0,82.0,0.7317073170731707,ACTIVE_COHORT_MEMBER
C002874,2026-01-10,2026-01-10,1.0,2524.72,2524.72,2026-01,346.0,0.0,0.0,1.0,ACTIVE_COHORT_MEMBER
C002875,,,,,,,,,,,NO_BOOKING
C002876,2026-07-22,2026-09-21,2.0,6601.889999999999,3300.9449999999997,2026-07,92.0,1.0,61.0,0.9836065573770493,ACTIVE_COHORT_MEMBER
C002877,,,,,,,,,,,NO_BOOKING
C002878,2025-09-17,2025-09-17,1.0,3174.21,3174.21,2025-09,461.0,0.0,0.0,1.0,ACTIVE_COHORT_MEMBER
C002879,2026-02-27,2026-08-09,2.0,5642.4,2821.2,2026-02,135.0,1.0,163.0,0.36809815950920244,ACTIVE_COHORT_MEMBER
C002880,,,,,,,,,,,NO_BOOKING
C002881,2026-01-09,2026-01-09,1.0,4304.39,4304.39,2026-01,347.0,0.0,0.0,1.0,ACTIVE_COHORT_MEMBER
C002882,2025-11-03,2026-03-10,2.0,8907.39,4453.695,2025-11,287.0,1.0,127.0,0.47244094488188976,ACTIVE_COHORT_MEMBER
C002883,,,,,,,,,,,NO_BOOKING
C002884,2026-04-15,2026-08-04,2.0,4753.98,2376.99,2026-04,140.0,1.0,111.0,0.5405405405405405,ACTIVE_COHORT_MEMBER
C002885,,,,,,,,,,,NO_BOOKING
C002886,2026-09-07,2026-09-07,1.0,3294.92,3294.92,2026-09,106.0,0.0,0.0,1.0,ACTIVE_COHORT_MEMBER
C002887,2026-05-18,2026-05-18,1.0,4749.18,4749.18,2026-05,218.0,0.0,0.0,1.0,ACTIVE_COHORT_MEMBER
C002888,2025-09-08,2025-11-25,2.0,6065.620000000001,3032.8100000000004,2025-09,392.0,1.0,78.0,0.7692307692307692,ACTIVE_COHORT_MEMBER
C002889,2025-09-03,2026-08-21,2.0,6890.880000000001,3445.4400000000005,2025-09,123.0,1.0,352.0,0.17045454545454547,ACTIVE_COHORT_MEMBER
C002890,2025-12-16,2025-12-16,1.0,4178.89,4178.89,2025-12,371.0,0.0,0.0,1.0,ACTIVE_COHORT_MEMBER
C002891,2026-01-22,2026-01-22,1.0,1490.45,1490.45,2026-01,334.0,0.0,0.0,1.0,ACTIVE_COHORT_MEMBER
C002892,2025-10-31,2026-07-15,3.0,9198.24,3066.08,2025-10,160.0,1.0,257.0,0.3501945525291829,ACTIVE_COHORT_MEMBER
C002893,2026-05-20,2026-09-02,4.0,11987.84,2996.96,2026-05,111.0,1.0,105.0,1.1428571428571428,ACTIVE_COHORT_MEMBER
C002894,2026-05-23,2026-05-23,1.0,4135.83,4135.83,2026-05,213.0,0.0,0.0,1.0,ACTIVE_COHORT_MEMBER
C002895,,,,,,,,,,,NO_BOOKING
C002896,2025-09-16,2026-07-10,4.0,11439.82,2859.955,2025-09,165.0,1.0,297.0,0.40404040404040403,ACTIVE_COHORT_MEMBER
C002897,2025-10-16,2026-08-13,5.0,21764.77,4352.954,2025-10,131.0,1.0,301.0,0.4983388704318937,ACTIVE_COHORT_MEMBER
C002898,2025-11-03,2026-05-25,3.0,10741.82,3580.6066666666666,2025-11,211.0,1.0,203.0,0.4433497536945813,ACTIVE_COHORT_MEMBER
C002899,2026-06-12,2026-06-12,1.0,2631.29,2631.29,2026-06,193.0,0.0,0.0,1.0,ACTIVE_COHORT_MEMBER
C002900,,,,,,,,,,,NO_BOOKING
C002901,,,,,,,,,,,NO_BOOKING
C002902,2026-01-06,2026-06-25,3.0,8560.16,2853.3866666666668,2026-01,180.0,1.0,170.0,0.5294117647058824,ACTIVE_COHORT_MEMBER
C002903,2025-12-17,2026-03-14,2.0,5597.79,2798.895,2025-12,283.0,1.0,87.0,0.6896551724137931,ACTIVE_COHORT_MEMBER
C002904,2025-10-19,2025-10-19,1.0,4713.7,4713.7,2025-10,429.0,0.0,0.0,1.0,ACTIVE_COHORT_MEMBER
C002905,2026-02-08,2026-05-12,2.0,5256.040000000001,2628.0200000000004,2026-02,224.0,1.0,93.0,0.6451612903225806,ACTIVE_COHORT_MEMBER
C002906,2025-12-05,2025-12-05,1.0,3191.46,3191.46,2025-12,382.0,0.0,0.0,1.0,ACTIVE_COHORT_MEMBER
C002907,,,,,,,,,,,NO_BOOKING
C002908,2026-06-08,2026-06-08,1.0,1676.14,1676.14,2026-06,197.0,0.0,0.0,1.0,ACTIVE_COHORT_MEMBER
C002909,2026-02-26,2026-07-20,2.0,5019.389999999999,2509.6949999999997,2026-02,155.0,1.0,144.0,0.4166666666666667,ACTIVE_COHORT_MEMBER
C002910,2026-04-02,2026-04-02,1.0,2877.31,2877.31,2026-04,264.0,0.0,0.0,1.0,ACTIVE_COHORT_MEMBER
C002911,,,,,,,,,,,NO_BOOKING
C002912,2025-10-17,2026-05-03,2.0,2418.65,1209.325,2025-10,233.0,1.0,198.0,0.30303030303030304,ACTIVE_COHORT_MEMBER
C002913,2026-05-02,2026-06-16,2.0,7524.49,3762.245,2026-05,189.0,1.0,45.0,1.3333333333333333,ACTIVE_COHORT_MEMBER
C002914,,,,,,,,,,,NO_BOOKING
C002915,2026-05-31,2026-07-15,3.0,6623.469999999999,2207.8233333333333,2026-05,160.0,1.0,45.0,2.0,ACTIVE_COHORT_MEMBER
C002916,2025-10-14,2026-06-13,2.0,5107.24,2553.62,2025-10,192.0,1.0,242.0,0.24793388429752067,ACTIVE_COHORT_MEMBER
C002917,2026-10-08,2026-10-08,1.0,1024.36,1024.36,2026-10,75.0,0.0,0.0,1.0,ACTIVE_COHORT_MEMBER
C002918,2026-03-16,2026-03-16,1.0,4755.01,4755.01,2026-03,281.0,0.0,0.0,1.0,ACTIVE_COHORT_MEMBER
C002919,2026-01-28,2026-08-01,2.0,5502.41,2751.205,2026-01,143.0,1.0,185.0,0.3243243243243243,ACTIVE_COHORT_MEMBER
C002920,2025-11-29,2026-05-03,3.0,12087.720000000001,4029.2400000000002,2025-11,233.0,1.0,155.0,0.5806451612903225,ACTIVE_COHORT_MEMBER
C002921,2025-11-10,2025-11-22,2.0,5298.83,2649.415,2025-11,395.0,1.0,12.0,2.0,ACTIVE_COHORT_MEMBER
C002922,2026-05-30,2026-05-30,1.0,2942.35,2942.35,2026-05,206.0,0.0,0.0,1.0,ACTIVE_COHORT_MEMBER
C002923,,,,,,,,,,,NO_BOOKING
C002924,2026-02-16,2026-07-19,4.0,6497.81,1624.4525,2026-02,156.0,1.0,153.0,0.7843137254901962,ACTIVE_COHORT_MEMBER
C002925,2026-05-15,2026-06-06,3.0,6052.360000000001,2017.4533333333336,2026-05,199.0,1.0,22.0,3.0,ACTIVE_COHORT_MEMBER
C002926,2025-11-12,2026-05-29,2.0,8227.2,4113.6,2025-11,207.0,1.0,198.0,0.30303030303030304,ACTIVE_COHORT_MEMBER
C002927,2026-08-04,2026-08-04,1.0,4922.84,4922.84,2026-08,140.0,0.0,0.0,1.0,ACTIVE_COHORT_MEMBER
C002928,,,,,,,,,,,NO_BOOKING
C002929,2026-01-02,2026-08-08,3.0,6002.209999999999,2000.7366666666665,2026-01,136.0,1.0,218.0,0.41284403669724773,ACTIVE_COHORT_MEMBER
C002930,,,,,,,,,,,NO_BOOKING
C002931,2026-03-22,2026-08-27,2.0,6786.49,3393.245,2026-03,117.0,1.0,158.0,0.379746835443038,ACTIVE_COHORT_MEMBER
C002932,2026-01-20,2026-03-16,2.0,5881.19,2940.595,2026-01,281.0,1.0,55.0,1.090909090909091,ACTIVE_COHORT_MEMBER
C002933,,,,,,,,,,,NO_BOOKING
C002934,2026-05-01,2026-06-20,3.0,10557.130000000001,3519.0433333333335,2026-05,185.0,1.0,50.0,1.7999999999999998,ACTIVE_COHORT_MEMBER
C002935,2026-03-24,2026-08-21,3.0,7519.93,2506.6433333333334,2026-03,123.0,1.0,150.0,0.6,ACTIVE_COHORT_MEMBER
C002936,2026-03-04,2026-03-04,1.0,3622.73,3622.73,2026-03,293.0,0.0,0.0,1.0,ACTIVE_COHORT_MEMBER
C002937,2025-09-10,2026-06-18,3.0,5755.889999999999,1918.6299999999999,2025-09,187.0,1.0,281.0,0.32028469750889677,ACTIVE_COHORT_MEMBER
C002938,2026-03-29,2026-03-29,1.0,3133.24,3133.24,2026-03,268.0,0.0,0.0,1.0,ACTIVE_COHORT_MEMBER
C002939,2025-12-01,2026-07-25,5.0,13469.85,2693.9700000000003,2025-12,150.0,1.0,236.0,0.6355932203389831,ACTIVE_COHORT_MEMBER
C002940,2025-11-09,2026-05-23,2.0,5976.530000000001,2988.2650000000003,2025-11,213.0,1.0,195.0,0.3076923076923077,ACTIVE_COHORT_MEMBER
C002941,2026-02-09,2026-03-13,2.0,8749.529999999999,4374.764999999999,2026-02,284.0,1.0,32.0,1.875,ACTIVE_COHORT_MEMBER
C002942,2025-10-23,2026-09-12,3.0,5315.98,1771.993333333333,2025-10,101.0,1.0,324.0,0.27777777777777773,ACTIVE_COHORT_MEMBER
C002943,2025-12-07,2026-06-23,3.0,11243.23,3747.7433333333333,2025-12,182.0,1.0,198.0,0.4545454545454546,ACTIVE_COHORT_MEMBER
C002944,,,,,,,,,,,NO_BOOKING
C002945,2026-03-18,2026-03-18,1.0,1893.4,1893.4,2026-03,279.0,0.0,0.0,1.0,ACTIVE_COHORT_MEMBER
C002946,2025-12-07,2025-12-07,1.0,4991.07,4991.07,2025-12,380.0,0.0,0.0,1.0,ACTIVE_COHORT_MEMBER
C002947,2026-03-29,2026-09-30,4.0,13086.789999999999,3271.6974999999998,2026-03,83.0,1.0,185.0,0.6486486486486486,ACTIVE_COHORT_MEMBER
C002948,2025-11-30,2026-03-18,2.0,4471.78,2235.89,2025-11,279.0,1.0,108.0,0.5555555555555556,ACTIVE_COHORT_MEMBER
C002949,,,,,,,,,,,NO_BOOKING
C002950,2026-02-23,2026-07-17,3.0,9751.96,3250.653333333333,2026-02,158.0,1.0,144.0,0.625,ACTIVE_COHORT_MEMBER
C002951,2026-02-14,2026-09-17,4.0,10081.72,2520.43,2026-02,96.0,1.0,215.0,0.5581395348837209,ACTIVE_COHORT_MEMBER
C002952,2025-11-05,2026-05-23,2.0,6515.43,3257.715,2025-11,213.0,1.0,199.0,0.3015075376884422,ACTIVE_COHORT_MEMBER
C002953,,,,,,,,,,,NO_BOOKING
C002954,2026-04-15,2026-09-02,3.0,8616.37,2872.1233333333334,2026-04,111.0,1.0,140.0,0.6428571428571428,ACTIVE_COHORT_MEMBER
C002955,,,,,,,,,,,NO_BOOKING
C002956,,,,,,,,,,,NO_BOOKING
C002957,2025-12-10,2026-03-07,2.0,6891.4,3445.7,2025-12,290.0,1.0,87.0,0.6896551724137931,ACTIVE_COHORT_MEMBER
C002958,,,,,,,,,,,NO_BOOKING
C002959,2026-02-21,2026-05-15,3.0,10466.22,3488.74,2026-02,221.0,1.0,83.0,1.0843373493975903,ACTIVE_COHORT_MEMBER
C002960,2025-11-14,2026-09-04,4.0,11922.16,2980.54,2025-11,109.0,1.0,294.0,0.4081632653061224,ACTIVE_COHORT_MEMBER
C002961,,,,,,,,,,,NO_BOOKING
C002962,2025-12-31,2026-01-18,2.0,2537.15,1268.575,2025-12,338.0,1.0,18.0,2.0,ACTIVE_COHORT_MEMBER
C002963,2025-10-17,2026-05-14,4.0,13511.54,3377.885,2025-10,222.0,1.0,209.0,0.5741626794258373,ACTIVE_COHORT_MEMBER
C002964,,,,,,,,,,,NO_BOOKING
C002965,2025-10-26,2026-11-02,6.0,16082.33,2680.3883333333333,2025-10,50.0,1.0,372.0,0.48387096774193544,ACTIVE_COHORT_MEMBER
C002966,2025-12-10,2026-04-21,2.0,7441.41,3720.705,2025-12,245.0,1.0,132.0,0.45454545454545453,ACTIVE_COHORT_MEMBER
C002967,2026-08-06,2026-08-06,1.0,4617.12,4617.12,2026-08,138.0,0.0,0.0,1.0,ACTIVE_COHORT_MEMBER
C002968,2026-01-22,2026-02-04,2.0,5545.200000000001,2772.6000000000004,2026-01,321.0,1.0,13.0,2.0,ACTIVE_COHORT_MEMBER
C002969,,,,,,,,,,,NO_BOOKING
C002970,2025-08-02,2025-11-20,2.0,6551.9,3275.95,2025-08,397.0,1.0,110.0,0.5454545454545455,ACTIVE_COHORT_MEMBER
C002971,2026-01-29,2026-01-29,1.0,4234.97,4234.97,2026-01,327.0,0.0,0.0,1.0,ACTIVE_COHORT_MEMBER
C002972,2026-01-21,2026-10-01,5.0,14837.19,2967.438,2026-01,82.0,1.0,253.0,0.5928853754940712,ACTIVE_COHORT_MEMBER
C002973,2025-08-31,2026-11-07,4.0,9478.14,2369.535,2025-08,45.0,1.0,433.0,0.27713625866050806,ACTIVE_COHORT_MEMBER
C002974,,,,,,,,,,,NO_BOOKING
C002975,2025-12-13,2025-12-13,1.0,4315.07,4315.07,2025-12,374.0,0.0,0.0,1.0,ACTIVE_COHORT_MEMBER
C002976,2026-03-11,2026-05-19,2.0,3573.73,1786.865,2026-03,217.0,1.0,69.0,0.8695652173913044,ACTIVE_COHORT_MEMBER
C002977,2025-10-06,2026-07-25,3.0,13197.11,4399.036666666667,2025-10,150.0,1.0,292.0,0.3082191780821918,ACTIVE_COHORT_MEMBER
C002978,2025-11-30,2025-12-10,2.0,5121.15,2560.575,2025-11,377.0,1.0,10.0,2.0,ACTIVE_COHORT_MEMBER
C002979,2025-12-29,2026-05-22,2.0,9544.18,4772.09,2025-12,214.0,1.0,144.0,0.4166666666666667,ACTIVE_COHORT_MEMBER
C002980,2025-10-21,2026-08-11,4.0,9507.85,2376.9625,2025-10,133.0,1.0,294.0,0.4081632653061224,ACTIVE_COHORT_MEMBER
C002981,2026-04-22,2026-04-22,1.0,1985.57,1985.57,2026-04,244.0,0.0,0.0,1.0,ACTIVE_COHORT_MEMBER
C002982,2025-11-13,2025-11-13,1.0,4375.12,4375.12,2025-11,404.0,0.0,0.0,1.0,ACTIVE_COHORT_MEMBER
C002983,2026-05-15,2026-05-15,1.0,1567.82,1567.82,2026-05,221.0,0.0,0.0,1.0,ACTIVE_COHORT_MEMBER
C002984,2026-02-08,2026-07-01,3.0,11170.369999999999,3723.4566666666665,2026-02,174.0,1.0,143.0,0.6293706293706294,ACTIVE_COHORT_MEMBER
C002985,,,,,,,,,,,NO_BOOKING
C002986,2025-12-24,2026-06-28,2.0,5067.4400000000005,2533.7200000000003,2025-12,177.0,1.0,186.0,0.3225806451612903,ACTIVE_COHORT_MEMBER
C002987,,,,,,,,,,,NO_BOOKING
C002988,2026-11-19,2026-11-19,1.0,4856.79,4856.79,2026-11,33.0,0.0,0.0,1.0,ACTIVE_COHORT_MEMBER
C002989,2025-11-06,2025-11-06,1.0,2687.74,2687.74,2025-11,411.0,0.0,0.0,1.0,ACTIVE_COHORT_MEMBER
C002990,2025-10-06,2026-03-07,4.0,11401.060000000001,2850.2650000000003,2025-10,290.0,1.0,152.0,0.7894736842105263,ACTIVE_COHORT_MEMBER
C002991,2025-12-11,2026-06-08,5.0,12595.42,2519.084,2025-12,197.0,1.0,179.0,0.8379888268156425,ACTIVE_COHORT_MEMBER
C002992,,,,,,,,,,,NO_BOOKING
C002993,,,,,,,,,,,NO_BOOKING
C002994,2026-01-16,2026-03-20,3.0,8203.24,2734.4133333333334,2026-01,277.0,1.0,63.0,1.4285714285714286,ACTIVE_COHORT_MEMBER
C002995,2025-11-09,2026-09-11,4.0,11638.32,2909.58,2025-11,102.0,1.0,306.0,0.3921568627450981,ACTIVE_COHORT_MEMBER
C002996,,,,,,,,,,,NO_BOOKING
C002997,,,,,,,,,,,NO_BOOKING
C002998,2026-04-10,2026-04-10,1.0,1340.53,1340.53,2026-04,256.0,0.0,0.0,1.0,ACTIVE_COHORT_MEMBER
C002999,2026-04-24,2026-04-24,1.0,3172.23,3172.23,2026-04,242.0,0.0,0.0,1.0,ACTIVE_COHORT_MEMBER
C003000,2026-03-23,2026-06-09,2.0,4211.360000000001,2105.6800000000003,2026-03,196.0,1.0,78.0,0.7692307692307692,ACTIVE_COHORT_MEMBER
C003001,,,,,,,,,,,NO_BOOKING
C003002,2025-11-01,2025-11-01,1.0,2919.32,2919.32,2025-11,416.0,0.0,0.0,1.0,ACTIVE_COHORT_MEMBER
C003003,,,,,,,,,,,NO_BOOKING
C003004,,,,,,,,,,,NO_BOOKING
C003005,2026-01-19,2026-07-10,3.0,8891.310000000001,2963.7700000000004,2026-01,165.0,1.0,172.0,0.5232558139534884,ACTIVE_COHORT_MEMBER
C003006,2025-07-27,2026-07-18,4.0,11000.630000000001,2750.1575000000003,2025-07,157.0,1.0,356.0,0.33707865168539325,ACTIVE_COHORT_MEMBER
C003007,,,,,,,,,,,NO_BOOKING
C003008,2026-09-05,2026-09-05,1.0,4692.03,4692.03,2026-09,108.0,0.0,0.0,1.0,ACTIVE_COHORT_MEMBER
C003009,2026-01-30,2026-01-30,1.0,4446.06,4446.06,2026-01,326.0,0.0,0.0,1.0,ACTIVE_COHORT_MEMBER
C003010,2025-12-12,2026-07-23,3.0,11167.960000000001,3722.6533333333336,2025-12,152.0,1.0,223.0,0.40358744394618834,ACTIVE_COHORT_MEMBER
C003011,2025-10-07,2026-04-23,4.0,8356.19,2089.0475,2025-10,243.0,1.0,198.0,0.6060606060606061,ACTIVE_COHORT_MEMBER
C003012,,,,,,,,,,,NO_BOOKING
C003013,2026-04-23,2026-04-23,1.0,3954.48,3954.48,2026-04,243.0,0.0,0.0,1.0,ACTIVE_COHORT_MEMBER
C003014,2025-12-11,2025-12-11,1.0,815.39,815.39,2025-12,376.0,0.0,0.0,1.0,ACTIVE_COHORT_MEMBER
C003015,,,,,,,,,,,NO_BOOKING
C003016,2026-01-18,2026-01-18,1.0,2767.19,2767.19,2026-01,338.0,0.0,0.0,1.0,ACTIVE_COHORT_MEMBER
C003017,,,,,,,,,,,NO_BOOKING
C003018,,,,,,,,,,,NO_BOOKING
C003019,2026-04-11,2026-04-11,1.0,4483.66,4483.66,2026-04,255.0,0.0,0.0,1.0,ACTIVE_COHORT_MEMBER
C003020,2026-04-24,2026-09-05,3.0,13130.29,4376.763333333333,2026-04,108.0,1.0,134.0,0.6716417910447761,ACTIVE_COHORT_MEMBER
C003021,2026-01-12,2026-07-16,3.0,6075.73,2025.243333333333,2026-01,159.0,1.0,185.0,0.48648648648648646,ACTIVE_COHORT_MEMBER
C003022,,,,,,,,,,,NO_BOOKING
C003023,2026-01-05,2026-03-05,2.0,6298.0599999999995,3149.0299999999997,2026-01,292.0,1.0,59.0,1.0169491525423728,ACTIVE_COHORT_MEMBER
C003024,,,,,,,,,,,NO_BOOKING
C003025,,,,,,,,,,,NO_BOOKING
C003026,,,,,,,,,,,NO_BOOKING
C003027,,,,,,,,,,,NO_BOOKING
C003028,,,,,,,,,,,NO_BOOKING
C003029,2026-03-29,2026-04-04,2.0,5895.34,2947.67,2026-03,262.0,1.0,6.0,2.0,ACTIVE_COHORT_MEMBER
C003030,2026-07-03,2026-08-12,2.0,3614.94,1807.47,2026-07,132.0,1.0,40.0,1.5,ACTIVE_COHORT_MEMBER
C003031,2025-12-09,2026-04-22,2.0,7379.12,3689.56,2025-12,244.0,1.0,134.0,0.44776119402985076,ACTIVE_COHORT_MEMBER
C003032,2026-04-27,2026-04-27,1.0,1239.8,1239.8,2026-04,239.0,0.0,0.0,1.0,ACTIVE_COHORT_MEMBER
C003033,2026-02-19,2026-02-19,1.0,4530.34,4530.34,2026-02,306.0,0.0,0.0,1.0,ACTIVE_COHORT_MEMBER
C003034,,,,,,,,,,,NO_BOOKING
C003035,,,,,,,,,,,NO_BOOKING
C003036,,,,,,,,,,,NO_BOOKING
C003037,2025-12-07,2026-08-13,2.0,1806.02,903.01,2025-12,131.0,1.0,249.0,0.24096385542168672,ACTIVE_COHORT_MEMBER
C003038,2026-04-26,2026-04-26,1.0,3654.09,3654.09,2026-04,240.0,0.0,0.0,1.0,ACTIVE_COHORT_MEMBER
C003039,,,,,,,,,,,NO_BOOKING
C003040,2026-07-07,2026-07-07,1.0,2044.99,2044.99,2026-07,168.0,0.0,0.0,1.0,ACTIVE_COHORT_MEMBER
C003041,2026-01-23,2026-01-25,2.0,6368.64,3184.32,2026-01,331.0,1.0,2.0,2.0,ACTIVE_COHORT_MEMBER
C003042,2026-04-15,2026-04-15,1.0,4591.67,4591.67,2026-04,251.0,0.0,0.0,1.0,ACTIVE_COHORT_MEMBER
C003043,2026-02-19,2026-05-12,2.0,5773.0,2886.5,2026-02,224.0,1.0,82.0,0.7317073170731707,ACTIVE_COHORT_MEMBER
C003044,,,,,,,,,,,NO_BOOKING
C003045,2025-09-06,2025-09-06,1.0,2027.58,2027.58,2025-09,472.0,0.0,0.0,1.0,ACTIVE_COHORT_MEMBER
C003046,,,,,,,,,,,NO_BOOKING
C003047,2026-01-29,2026-08-04,3.0,8001.58,2667.193333333333,2026-01,140.0,1.0,187.0,0.48128342245989303,ACTIVE_COHORT_MEMBER
C003048,2026-02-19,2026-02-19,1.0,2717.82,2717.82,2026-02,306.0,0.0,0.0,1.0,ACTIVE_COHORT_MEMBER
C003049,2025-12-08,2026-10-31,2.0,5421.62,2710.81,2025-12,52.0,1.0,327.0,0.18348623853211007,ACTIVE_COHORT_MEMBER
C003050,2025-11-13,2026-03-24,2.0,5691.74,2845.87,2025-11,273.0,1.0,131.0,0.45801526717557256,ACTIVE_COHORT_MEMBER
C003051,2026-05-11,2026-05-11,1.0,1527.46,1527.46,2026-05,225.0,0.0,0.0,1.0,ACTIVE_COHORT_MEMBER
C003052,2026-03-23,2026-03-23,1.0,534.52,534.52,2026-03,274.0,0.0,0.0,1.0,ACTIVE_COHORT_MEMBER
C003053,2026-03-13,2026-05-31,3.0,10848.64,3616.213333333333,2026-03,205.0,1.0,79.0,1.139240506329114,ACTIVE_COHORT_MEMBER
C003054,2026-02-08,2026-02-08,1.0,3589.28,3589.28,2026-02,317.0,0.0,0.0,1.0,ACTIVE_COHORT_MEMBER
C003055,2025-09-16,2026-08-25,3.0,8126.8099999999995,2708.9366666666665,2025-09,119.0,1.0,343.0,0.26239067055393583,ACTIVE_COHORT_MEMBER
C003056,2026-02-07,2026-02-07,1.0,1726.57,1726.57,2026-02,318.0,0.0,0.0,1.0,ACTIVE_COHORT_MEMBER
C003057,2025-11-08,2025-12-06,2.0,5685.87,2842.935,2025-11,381.0,1.0,28.0,2.0,ACTIVE_COHORT_MEMBER
C003058,2025-11-17,2026-03-15,2.0,6328.83,3164.415,2025-11,282.0,1.0,118.0,0.5084745762711864,ACTIVE_COHORT_MEMBER
C003059,,,,,,,,,,,NO_BOOKING
C003060,2026-03-18,2026-03-18,1.0,1655.69,1655.69,2026-03,279.0,0.0,0.0,1.0,ACTIVE_COHORT_MEMBER
C003061,2026-02-16,2026-02-16,1.0,3239.99,3239.99,2026-02,309.0,0.0,0.0,1.0,ACTIVE_COHORT_MEMBER
C003062,2025-08-15,2025-11-17,2.0,5572.7699999999995,2786.3849999999998,2025-08,400.0,1.0,94.0,0.6382978723404256,ACTIVE_COHORT_MEMBER
C003063,2026-02-17,2026-03-28,3.0,12302.9,4100.966666666666,2026-02,269.0,1.0,39.0,2.3076923076923075,ACTIVE_COHORT_MEMBER
C003064,,,,,,,,,,,NO_BOOKING
C003065,2026-02-11,2026-02-11,1.0,1202.16,1202.16,2026-02,314.0,0.0,0.0,1.0,ACTIVE_COHORT_MEMBER
C003066,,,,,,,,,,,NO_BOOKING
C003067,2025-11-07,2025-12-14,2.0,5630.92,2815.46,2025-11,373.0,1.0,37.0,1.6216216216216215,ACTIVE_COHORT_MEMBER
C003068,2025-08-19,2026-03-24,3.0,6822.51,2274.17,2025-08,273.0,1.0,217.0,0.4147465437788018,ACTIVE_COHORT_MEMBER
C003069,2025-11-25,2025-11-25,1.0,3942.96,3942.96,2025-11,392.0,0.0,0.0,1.0,ACTIVE_COHORT_MEMBER
C003070,2026-02-11,2026-02-26,2.0,4311.12,2155.56,2026-02,299.0,1.0,15.0,2.0,ACTIVE_COHORT_MEMBER
C003071,,,,,,,,,,,NO_BOOKING
C003072,2026-08-03,2026-08-03,1.0,3523.09,3523.09,2026-08,141.0,0.0,0.0,1.0,ACTIVE_COHORT_MEMBER
C003073,2026-01-18,2026-11-09,6.0,20367.77,3394.6283333333336,2026-01,43.0,1.0,295.0,0.6101694915254237,ACTIVE_COHORT_MEMBER
C003074,2025-12-29,2026-06-24,2.0,4164.47,2082.235,2025-12,181.0,1.0,177.0,0.3389830508474576,ACTIVE_COHORT_MEMBER
C003075,2026-02-04,2026-02-04,1.0,3114.43,3114.43,2026-02,321.0,0.0,0.0,1.0,ACTIVE_COHORT_MEMBER
C003076,2026-02-09,2026-07-22,3.0,7586.9,2528.9666666666667,2026-02,153.0,1.0,163.0,0.5521472392638036,ACTIVE_COHORT_MEMBER
C003077,2026-04-13,2026-04-13,1.0,4668.63,4668.63,2026-04,253.0,0.0,0.0,1.0,ACTIVE_COHORT_MEMBER
C003078,,,,,,,,,,,NO_BOOKING
C003079,2026-01-02,2026-01-02,1.0,4796.87,4796.87,2026-01,354.0,0.0,0.0,1.0,ACTIVE_COHORT_MEMBER
C003080,2026-01-25,2026-01-25,1.0,1599.42,1599.42,2026-01,331.0,0.0,0.0,1.0,ACTIVE_COHORT_MEMBER
C003081,,,,,,,,,,,NO_BOOKING
C003082,2026-02-02,2026-07-10,4.0,7556.6900000000005,1889.1725000000001,2026-02,165.0,1.0,158.0,0.759493670886076,ACTIVE_COHORT_MEMBER
C003083,,,,,,,,,,,NO_BOOKING
C003084,2025-11-11,2026-04-18,5.0,10936.52,2187.304,2025-11,248.0,1.0,158.0,0.949367088607595,ACTIVE_COHORT_MEMBER
C003085,2026-03-06,2026-08-16,2.0,5792.13,2896.065,2026-03,128.0,1.0,163.0,0.36809815950920244,ACTIVE_COHORT_MEMBER
C003086,2026-08-05,2026-08-05,1.0,4919.34,4919.34,2026-08,139.0,0.0,0.0,1.0,ACTIVE_COHORT_MEMBER
C003087,2025-12-28,2026-07-19,2.0,6431.41,3215.705,2025-12,156.0,1.0,203.0,0.2955665024630542,ACTIVE_COHORT_MEMBER
C003088,2026-02-17,2026-04-10,2.0,9119.39,4559.695,2026-02,256.0,1.0,52.0,1.1538461538461537,ACTIVE_COHORT_MEMBER
C003089,2026-06-29,2026-06-29,1.0,1264.74,1264.74,2026-06,176.0,0.0,0.0,1.0,ACTIVE_COHORT_MEMBER
C003090,2026-02-17,2026-08-24,2.0,8767.43,4383.715,2026-02,120.0,1.0,188.0,0.3191489361702128,ACTIVE_COHORT_MEMBER
C003091,,,,,,,,,,,NO_BOOKING
C003092,2025-08-29,2025-08-29,1.0,1381.33,1381.33,2025-08,480.0,0.0,0.0,1.0,ACTIVE_COHORT_MEMBER
C003093,2025-09-09,2026-01-24,2.0,2292.12,1146.06,2025-09,332.0,1.0,137.0,0.43795620437956206,ACTIVE_COHORT_MEMBER
C003094,2026-01-29,2026-07-25,2.0,6639.21,3319.605,2026-01,150.0,1.0,177.0,0.3389830508474576,ACTIVE_COHORT_MEMBER
C003095,,,,,,,,,,,NO_BOOKING
C003096,2026-02-11,2026-02-11,1.0,1466.56,1466.56,2026-02,314.0,0.0,0.0,1.0,ACTIVE_COHORT_MEMBER
C003097,2025-10-04,2026-08-01,3.0,7490.07,2496.69,2025-10,143.0,1.0,301.0,0.29900332225913623,ACTIVE_COHORT_MEMBER
C003098,2026-05-28,2026-05-28,1.0,2654.24,2654.24,2026-05,208.0,0.0,0.0,1.0,ACTIVE_COHORT_MEMBER
C003099,,,,,,,,,,,NO_BOOKING
C003100,2026-06-23,2026-08-17,2.0,5075.79,2537.895,2026-06,127.0,1.0,55.0,1.090909090909091,ACTIVE_COHORT_MEMBER
C003101,,,,,,,,,,,NO_BOOKING
C003102,,,,,,,,,,,NO_BOOKING
C003103,2025-10-01,2025-10-01,1.0,1912.56,1912.56,2025-10,447.0,0.0,0.0,1.0,ACTIVE_COHORT_MEMBER
C003104,2026-09-20,2026-09-20,1.0,2411.53,2411.53,2026-09,93.0,0.0,0.0,1.0,ACTIVE_COHORT_MEMBER
C003105,2026-02-04,2026-10-26,4.0,9706.92,2426.73,2026-02,57.0,1.0,264.0,0.45454545454545453,ACTIVE_COHORT_MEMBER
C003106,,,,,,,,,,,NO_BOOKING
C003107,2026-03-08,2026-03-08,1.0,1370.43,1370.43,2026-03,289.0,0.0,0.0,1.0,ACTIVE_COHORT_MEMBER
C003108,,,,,,,,,,,NO_BOOKING
C003109,2026-01-06,2026-08-01,2.0,2699.4300000000003,1349.7150000000001,2026-01,143.0,1.0,207.0,0.2898550724637681,ACTIVE_COHORT_MEMBER
C003110,2026-01-05,2026-03-11,2.0,1735.6100000000001,867.8050000000001,2026-01,286.0,1.0,65.0,0.9230769230769231,ACTIVE_COHORT_MEMBER
C003111,2025-12-10,2026-10-27,2.0,3276.63,1638.315,2025-12,56.0,1.0,321.0,0.1869158878504673,ACTIVE_COHORT_MEMBER
C003112,2025-11-04,2025-11-10,2.0,4809.16,2404.58,2025-11,407.0,1.0,6.0,2.0,ACTIVE_COHORT_MEMBER
C003113,2026-01-18,2026-01-18,1.0,4957.06,4957.06,2026-01,338.0,0.0,0.0,1.0,ACTIVE_COHORT_MEMBER
C003114,2026-05-04,2026-06-26,2.0,7346.72,3673.36,2026-05,179.0,1.0,53.0,1.1320754716981132,ACTIVE_COHORT_MEMBER
C003115,2026-08-27,2026-08-27,1.0,2899.05,2899.05,2026-08,117.0,0.0,0.0,1.0,ACTIVE_COHORT_MEMBER
C003116,2025-10-02,2026-11-28,2.0,4740.68,2370.34,2025-10,24.0,1.0,422.0,0.14218009478672985,ACTIVE_COHORT_MEMBER
C003117,2025-12-31,2025-12-31,1.0,1422.59,1422.59,2025-12,356.0,0.0,0.0,1.0,ACTIVE_COHORT_MEMBER
C003118,2025-12-02,2026-11-14,4.0,13484.58,3371.145,2025-12,38.0,1.0,347.0,0.345821325648415,ACTIVE_COHORT_MEMBER
C003119,2025-12-21,2025-12-21,1.0,894.36,894.36,2025-12,366.0,0.0,0.0,1.0,ACTIVE_COHORT_MEMBER
C003120,2026-01-23,2026-01-23,1.0,3477.22,3477.22,2026-01,333.0,0.0,0.0,1.0,ACTIVE_COHORT_MEMBER
C003121,2026-01-21,2026-07-15,3.0,8720.349999999999,2906.783333333333,2026-01,160.0,1.0,175.0,0.5142857142857143,ACTIVE_COHORT_MEMBER
C003122,2026-05-23,2026-05-23,1.0,3270.93,3270.93,2026-05,213.0,0.0,0.0,1.0,ACTIVE_COHORT_MEMBER
C003123,2025-12-15,2026-06-11,2.0,1565.3899999999999,782.6949999999999,2025-12,194.0,1.0,178.0,0.33707865168539325,ACTIVE_COHORT_MEMBER
C003124,2026-01-04,2026-01-04,1.0,3650.7,3650.7,2026-01,352.0,0.0,0.0,1.0,ACTIVE_COHORT_MEMBER
C003125,2026-02-17,2026-08-22,3.0,13404.279999999999,4468.093333333333,2026-02,122.0,1.0,186.0,0.48387096774193544,ACTIVE_COHORT_MEMBER
C003126,2026-01-27,2026-01-27,1.0,1012.46,1012.46,2026-01,329.0,0.0,0.0,1.0,ACTIVE_COHORT_MEMBER
C003127,,,,,,,,,,,NO_BOOKING
C003128,2025-11-25,2025-11-25,1.0,1034.4,1034.4,2025-11,392.0,0.0,0.0,1.0,ACTIVE_COHORT_MEMBER
C003129,,,,,,,,,,,NO_BOOKING
C003130,2025-10-25,2026-07-01,3.0,6565.32,2188.44,2025-10,174.0,1.0,249.0,0.36144578313253006,ACTIVE_COHORT_MEMBER
C003131,,,,,,,,,,,NO_BOOKING
C003132,,,,,,,,,,,NO_BOOKING
C003133,,,,,,,,,,,NO_BOOKING
C003134,,,,,,,,,,,NO_BOOKING
C003135,2025-12-20,2026-05-18,2.0,6221.6900000000005,3110.8450000000003,2025-12,218.0,1.0,149.0,0.40268456375838924,ACTIVE_COHORT_MEMBER
C003136,2026-04-27,2026-04-27,1.0,4226.68,4226.68,2026-04,239.0,0.0,0.0,1.0,ACTIVE_COHORT_MEMBER
C003137,2025-09-19,2026-09-12,3.0,10097.76,3365.92,2025-09,101.0,1.0,358.0,0.25139664804469275,ACTIVE_COHORT_MEMBER
C003138,2026-04-08,2026-12-20,2.0,5336.629999999999,2668.3149999999996,2026-04,2.0,1.0,256.0,0.234375,ACTIVE_COHORT_MEMBER
C003139,2026-04-20,2026-05-24,2.0,5845.26,2922.63,2026-04,212.0,1.0,34.0,1.7647058823529411,ACTIVE_COHORT_MEMBER
C003140,,,,,,,,,,,NO_BOOKING
C003141,2026-02-24,2026-07-06,5.0,7954.96,1590.992,2026-02,169.0,1.0,132.0,1.1363636363636362,ACTIVE_COHORT_MEMBER
C003142,2026-02-25,2026-05-02,2.0,7868.539999999999,3934.2699999999995,2026-02,234.0,1.0,66.0,0.9090909090909091,ACTIVE_COHORT_MEMBER
C003143,2025-08-23,2026-03-30,2.0,3592.53,1796.265,2025-08,267.0,1.0,219.0,0.273972602739726,ACTIVE_COHORT_MEMBER
C003144,,,,,,,,,,,NO_BOOKING
C003145,2025-09-09,2026-08-05,3.0,9451.34,3150.4466666666667,2025-09,139.0,1.0,330.0,0.2727272727272727,ACTIVE_COHORT_MEMBER
C003146,2026-05-29,2026-05-29,1.0,4067.55,4067.55,2026-05,207.0,0.0,0.0,1.0,ACTIVE_COHORT_MEMBER
C003147,2026-04-09,2026-04-09,1.0,1106.4,1106.4,2026-04,257.0,0.0,0.0,1.0,ACTIVE_COHORT_MEMBER
C003148,2025-11-20,2026-04-26,2.0,6293.23,3146.615,2025-11,240.0,1.0,157.0,0.38216560509554137,ACTIVE_COHORT_MEMBER
C003149,,,,,,,,,,,NO_BOOKING
C003150,2026-07-16,2026-07-16,1.0,1355.22,1355.22,2026-07,159.0,0.0,0.0,1.0,ACTIVE_COHORT_MEMBER
C003151,2026-10-21,2026-10-21,1.0,2105.99,2105.99,2026-10,62.0,0.0,0.0,1.0,ACTIVE_COHORT_MEMBER
C003152,2025-11-07,2025-11-07,1.0,3768.46,3768.46,2025-11,410.0,0.0,0.0,1.0,ACTIVE_COHORT_MEMBER
C003153,2026-01-28,2026-09-13,3.0,9493.64,3164.5466666666666,2026-01,100.0,1.0,228.0,0.39473684210526316,ACTIVE_COHORT_MEMBER
C003154,2026-02-16,2026-02-16,1.0,2665.63,2665.63,2026-02,309.0,0.0,0.0,1.0,ACTIVE_COHORT_MEMBER
C003155,,,,,,,,,,,NO_BOOKING
C003156,2025-11-23,2026-08-03,5.0,13545.419999999998,2709.084,2025-11,141.0,1.0,253.0,0.5928853754940712,ACTIVE_COHORT_MEMBER
C003157,2026-01-03,2026-08-08,3.0,5176.28,1725.4266666666665,2026-01,136.0,1.0,217.0,0.4147465437788018,ACTIVE_COHORT_MEMBER
C003158,2025-10-31,2026-04-01,4.0,10137.99,2534.4975,2025-10,265.0,1.0,152.0,0.7894736842105263,ACTIVE_COHORT_MEMBER
C003159,2025-12-08,2026-09-06,3.0,7938.14,2646.0466666666666,2025-12,107.0,1.0,272.0,0.33088235294117646,ACTIVE_COHORT_MEMBER
C003160,2026-05-02,2026-09-17,2.0,6571.219999999999,3285.6099999999997,2026-05,96.0,1.0,138.0,0.4347826086956522,ACTIVE_COHORT_MEMBER
C003161,2026-09-01,2026-09-01,1.0,4553.06,4553.06,2026-09,112.0,0.0,0.0,1.0,ACTIVE_COHORT_MEMBER
C003162,2025-09-03,2026-07-18,3.0,11466.57,3822.19,2025-09,157.0,1.0,318.0,0.2830188679245283,ACTIVE_COHORT_MEMBER
C003163,2025-09-28,2026-04-29,2.0,1822.41,911.205,2025-09,237.0,1.0,213.0,0.28169014084507044,ACTIVE_COHORT_MEMBER
C003164,2026-05-07,2026-05-07,1.0,4419.06,4419.06,2026-05,229.0,0.0,0.0,1.0,ACTIVE_COHORT_MEMBER
C003165,2026-01-08,2026-11-29,3.0,5562.9400000000005,1854.3133333333335,2026-01,23.0,1.0,325.0,0.2769230769230769,ACTIVE_COHORT_MEMBER
C003166,2026-01-29,2026-01-29,1.0,3023.39,3023.39,2026-01,327.0,0.0,0.0,1.0,ACTIVE_COHORT_MEMBER
C003167,,,,,,,,,,,NO_BOOKING
C003168,2026-04-12,2026-04-12,1.0,3530.1,3530.1,2026-04,254.0,0.0,0.0,1.0,ACTIVE_COHORT_MEMBER
C003169,2026-07-28,2026-08-25,3.0,7849.789999999999,2616.5966666666664,2026-07,119.0,1.0,28.0,3.0,ACTIVE_COHORT_MEMBER
C003170,,,,,,,,,,,NO_BOOKING
C003171,2025-10-20,2026-03-27,6.0,18941.6,3156.933333333333,2025-10,270.0,1.0,158.0,1.139240506329114,ACTIVE_COHORT_MEMBER
C003172,2025-11-03,2026-10-04,3.0,10384.86,3461.6200000000003,2025-11,79.0,1.0,335.0,0.26865671641791045,ACTIVE_COHORT_MEMBER
C003173,2025-11-29,2025-11-29,1.0,1381.88,1381.88,2025-11,388.0,0.0,0.0,1.0,ACTIVE_COHORT_MEMBER
C003174,2025-12-09,2026-07-03,3.0,7932.79,2644.2633333333333,2025-12,172.0,1.0,206.0,0.4368932038834952,ACTIVE_COHORT_MEMBER
C003175,2025-12-11,2026-07-28,4.0,12525.57,3131.3925,2025-12,147.0,1.0,229.0,0.5240174672489083,ACTIVE_COHORT_MEMBER
C003176,2026-01-08,2026-09-19,4.0,14740.01,3685.0025,2026-01,94.0,1.0,254.0,0.47244094488188976,ACTIVE_COHORT_MEMBER
C003177,2026-01-20,2026-01-20,1.0,1682.39,1682.39,2026-01,336.0,0.0,0.0,1.0,ACTIVE_COHORT_MEMBER
C003178,2026-05-02,2026-06-07,3.0,12352.98,4117.66,2026-05,198.0,1.0,36.0,2.5,ACTIVE_COHORT_MEMBER
C003179,2026-05-03,2026-07-12,2.0,3227.04,1613.52,2026-05,163.0,1.0,70.0,0.8571428571428571,ACTIVE_COHORT_MEMBER
C003180,2025-10-07,2026-06-23,3.0,11416.97,3805.6566666666663,2025-10,182.0,1.0,259.0,0.3474903474903475,ACTIVE_COHORT_MEMBER
C003181,2025-09-29,2026-09-27,4.0,8632.6,2158.15,2025-09,86.0,1.0,363.0,0.3305785123966942,ACTIVE_COHORT_MEMBER
C003182,,,,,,,,,,,NO_BOOKING
C003183,2026-05-27,2026-05-27,1.0,1613.5,1613.5,2026-05,209.0,0.0,0.0,1.0,ACTIVE_COHORT_MEMBER
C003184,2025-12-04,2026-05-30,4.0,7711.14,1927.785,2025-12,206.0,1.0,177.0,0.6779661016949152,ACTIVE_COHORT_MEMBER
C003185,,,,,,,,,,,NO_BOOKING
C003186,2026-01-26,2026-06-19,3.0,8230.59,2743.53,2026-01,186.0,1.0,144.0,0.625,ACTIVE_COHORT_MEMBER
C003187,2025-12-03,2025-12-03,1.0,3516.69,3516.69,2025-12,384.0,0.0,0.0,1.0,ACTIVE_COHORT_MEMBER
C003188,,,,,,,,,,,NO_BOOKING
C003189,2026-01-04,2026-05-21,3.0,10810.68,3603.56,2026-01,215.0,1.0,137.0,0.6569343065693432,ACTIVE_COHORT_MEMBER
C003190,2025-10-11,2026-10-11,3.0,9094.55,3031.5166666666664,2025-10,72.0,1.0,365.0,0.24657534246575344,ACTIVE_COHORT_MEMBER
C003191,2025-12-11,2026-03-24,4.0,7666.43,1916.6075,2025-12,273.0,1.0,103.0,1.1650485436893205,ACTIVE_COHORT_MEMBER
C003192,2026-03-22,2026-10-12,5.0,15738.09,3147.618,2026-03,71.0,1.0,204.0,0.7352941176470589,ACTIVE_COHORT_MEMBER
C003193,2026-04-16,2026-10-30,3.0,7884.5,2628.1666666666665,2026-04,53.0,1.0,197.0,0.4568527918781726,ACTIVE_COHORT_MEMBER
C003194,2026-04-30,2026-04-30,1.0,1851.4,1851.4,2026-04,236.0,0.0,0.0,1.0,ACTIVE_COHORT_MEMBER
C003195,,,,,,,,,,,NO_BOOKING
C003196,2026-09-04,2026-09-04,1.0,4852.43,4852.43,2026-09,109.0,0.0,0.0,1.0,ACTIVE_COHORT_MEMBER
C003197,2026-06-07,2026-06-07,1.0,2306.79,2306.79,2026-06,198.0,0.0,0.0,1.0,ACTIVE_COHORT_MEMBER
C003198,2025-10-19,2026-09-09,4.0,12125.81,3031.4525,2025-10,104.0,1.0,325.0,0.3692307692307692,ACTIVE_COHORT_MEMBER
C003199,2025-11-17,2026-06-09,2.0,7074.950000000001,3537.4750000000004,2025-11,196.0,1.0,204.0,0.29411764705882354,ACTIVE_COHORT_MEMBER
C003200,2025-12-03,2026-08-03,3.0,7921.92,2640.64,2025-12,141.0,1.0,243.0,0.3703703703703704,ACTIVE_COHORT_MEMBER
C003201,2026-09-19,2026-09-19,1.0,3709.47,3709.47,2026-09,94.0,0.0,0.0,1.0,ACTIVE_COHORT_MEMBER
C003202,2025-11-29,2026-10-01,5.0,13303.29,2660.6580000000004,2025-11,82.0,1.0,306.0,0.4901960784313726,ACTIVE_COHORT_MEMBER
C003203,2026-02-17,2026-05-03,2.0,5356.65,2678.325,2026-02,233.0,1.0,75.0,0.8,ACTIVE_COHORT_MEMBER
C003204,2025-11-12,2026-08-21,3.0,10639.49,3546.4966666666664,2025-11,123.0,1.0,282.0,0.3191489361702127,ACTIVE_COHORT_MEMBER
C003205,,,,,,,,,,,NO_BOOKING
C003206,2026-03-09,2026-08-26,2.0,7903.860000000001,3951.9300000000003,2026-03,118.0,1.0,170.0,0.3529411764705882,ACTIVE_COHORT_MEMBER
C003207,,,,,,,,,,,NO_BOOKING
C003208,,,,,,,,,,,NO_BOOKING
C003209,,,,,,,,,,,NO_BOOKING
C003210,2026-02-04,2026-02-04,1.0,4263.15,4263.15,2026-02,321.0,0.0,0.0,1.0,ACTIVE_COHORT_MEMBER
C003211,,,,,,,,,,,NO_BOOKING
C003212,2026-06-30,2026-06-30,1.0,4361.52,4361.52,2026-06,175.0,0.0,0.0,1.0,ACTIVE_COHORT_MEMBER
C003213,2025-12-17,2026-07-04,4.0,14159.24,3539.81,2025-12,171.0,1.0,199.0,0.6030150753768844,ACTIVE_COHORT_MEMBER
C003214,2026-06-23,2026-06-23,1.0,1963.74,1963.74,2026-06,182.0,0.0,0.0,1.0,ACTIVE_COHORT_MEMBER
C003215,2026-03-30,2026-03-30,1.0,1355.4,1355.4,2026-03,267.0,0.0,0.0,1.0,ACTIVE_COHORT_MEMBER
C003216,2026-01-22,2026-05-15,2.0,5576.12,2788.06,2026-01,221.0,1.0,113.0,0.5309734513274337,ACTIVE_COHORT_MEMBER
C003217,2026-01-09,2026-04-17,2.0,4006.7200000000003,2003.3600000000001,2026-01,249.0,1.0,98.0,0.6122448979591837,ACTIVE_COHORT_MEMBER
C003218,2025-10-19,2025-10-19,1.0,1963.8,1963.8,2025-10,429.0,0.0,0.0,1.0,ACTIVE_COHORT_MEMBER
C003219,2026-02-16,2026-08-24,3.0,8833.720000000001,2944.5733333333337,2026-02,120.0,1.0,189.0,0.4761904761904762,ACTIVE_COHORT_MEMBER
C003220,2026-05-04,2026-09-19,2.0,3451.0,1725.5,2026-05,94.0,1.0,138.0,0.4347826086956522,ACTIVE_COHORT_MEMBER
C003221,2026-06-09,2026-06-30,2.0,3314.89,1657.445,2026-06,175.0,1.0,21.0,2.0,ACTIVE_COHORT_MEMBER
C003222,2026-04-30,2026-04-30,1.0,2878.22,2878.22,2026-04,236.0,0.0,0.0,1.0,ACTIVE_COHORT_MEMBER
C003223,2026-01-30,2026-07-21,2.0,4218.4400000000005,2109.2200000000003,2026-01,154.0,1.0,172.0,0.3488372093023256,ACTIVE_COHORT_MEMBER
C003224,2026-02-19,2026-02-19,1.0,2594.82,2594.82,2026-02,306.0,0.0,0.0,1.0,ACTIVE_COHORT_MEMBER
C003225,2026-05-31,2026-05-31,1.0,983.96,983.96,2026-05,205.0,0.0,0.0,1.0,ACTIVE_COHORT_MEMBER
C003226,2026-01-17,2026-03-29,2.0,4357.7300000000005,2178.8650000000002,2026-01,268.0,1.0,71.0,0.8450704225352113,ACTIVE_COHORT_MEMBER
C003227,2025-11-22,2025-11-22,1.0,3732.76,3732.76,2025-11,395.0,0.0,0.0,1.0,ACTIVE_COHORT_MEMBER
C003228,2025-12-16,2025-12-16,1.0,1049.14,1049.14,2025-12,371.0,0.0,0.0,1.0,ACTIVE_COHORT_MEMBER
C003229,2026-04-01,2026-09-24,3.0,10000.599999999999,3333.533333333333,2026-04,89.0,1.0,176.0,0.5113636363636364,ACTIVE_COHORT_MEMBER
C003230,2026-04-23,2026-08-02,2.0,4134.22,2067.11,2026-04,142.0,1.0,101.0,0.594059405940594,ACTIVE_COHORT_MEMBER
C003231,2025-12-10,2026-07-28,2.0,6166.18,3083.09,2025-12,147.0,1.0,230.0,0.2608695652173913,ACTIVE_COHORT_MEMBER
C003232,,,,,,,,,,,NO_BOOKING
C003233,2025-09-22,2026-08-13,3.0,10043.689999999999,3347.896666666666,2025-09,131.0,1.0,325.0,0.2769230769230769,ACTIVE_COHORT_MEMBER
C003234,2026-02-23,2026-02-23,1.0,4313.04,4313.04,2026-02,302.0,0.0,0.0,1.0,ACTIVE_COHORT_MEMBER
C003235,2025-11-24,2026-08-23,3.0,9976.66,3325.5533333333333,2025-11,121.0,1.0,272.0,0.33088235294117646,ACTIVE_COHORT_MEMBER
C003236,2026-10-03,2026-10-03,1.0,729.2,729.2,2026-10,80.0,0.0,0.0,1.0,ACTIVE_COHORT_MEMBER
C003237,2025-12-19,2026-07-24,3.0,4686.83,1562.2766666666666,2025-12,151.0,1.0,217.0,0.4147465437788018,ACTIVE_COHORT_MEMBER
C003238,2025-11-04,2026-08-19,3.0,6141.41,2047.1366666666665,2025-11,125.0,1.0,288.0,0.3125,ACTIVE_COHORT_MEMBER
C003239,,,,,,,,,,,NO_BOOKING
C003240,2025-10-17,2026-06-07,2.0,4916.99,2458.495,2025-10,198.0,1.0,233.0,0.2575107296137339,ACTIVE_COHORT_MEMBER
C003241,2026-01-12,2026-08-31,2.0,4785.53,2392.765,2026-01,113.0,1.0,231.0,0.2597402597402597,ACTIVE_COHORT_MEMBER
C003242,2025-11-11,2025-11-11,1.0,1334.02,1334.02,2025-11,406.0,0.0,0.0,1.0,ACTIVE_COHORT_MEMBER
C003243,2026-07-26,2026-10-29,3.0,11846.150000000001,3948.716666666667,2026-07,54.0,1.0,95.0,0.9473684210526316,ACTIVE_COHORT_MEMBER
C003244,2025-10-04,2026-11-04,4.0,10715.17,2678.7925,2025-10,48.0,1.0,396.0,0.30303030303030304,ACTIVE_COHORT_MEMBER
C003245,,,,,,,,,,,NO_BOOKING
C003246,2025-12-25,2025-12-25,1.0,1678.95,1678.95,2025-12,362.0,0.0,0.0,1.0,ACTIVE_COHORT_MEMBER
C003247,2026-10-11,2026-10-11,1.0,2255.21,2255.21,2026-10,72.0,0.0,0.0,1.0,ACTIVE_COHORT_MEMBER
C003248,2025-09-30,2025-09-30,1.0,4512.13,4512.13,2025-09,448.0,0.0,0.0,1.0,ACTIVE_COHORT_MEMBER
C003249,2026-03-02,2026-03-02,1.0,3688.02,3688.02,2026-03,295.0,0.0,0.0,1.0,ACTIVE_COHORT_MEMBER
C003250,2026-01-04,2026-02-06,2.0,4828.25,2414.125,2026-01,319.0,1.0,33.0,1.8181818181818181,ACTIVE_COHORT_MEMBER
C003251,2026-01-15,2026-08-29,2.0,4003.94,2001.97,2026-01,115.0,1.0,226.0,0.26548672566371684,ACTIVE_COHORT_MEMBER
C003252,2026-01-12,2026-01-12,1.0,4469.48,4469.48,2026-01,344.0,0.0,0.0,1.0,ACTIVE_COHORT_MEMBER
C003253,2026-03-10,2026-03-10,1.0,1078.43,1078.43,2026-03,287.0,0.0,0.0,1.0,ACTIVE_COHORT_MEMBER
C003254,2025-11-27,2026-07-31,5.0,16298.939999999999,3259.7879999999996,2025-11,144.0,1.0,246.0,0.6097560975609757,ACTIVE_COHORT_MEMBER
C003255,,,,,,,,,,,NO_BOOKING
C003256,2026-03-20,2026-04-13,2.0,9368.630000000001,4684.3150000000005,2026-03,253.0,1.0,24.0,2.0,ACTIVE_COHORT_MEMBER
C003257,2025-10-27,2025-10-27,1.0,1378.73,1378.73,2025-10,421.0,0.0,0.0,1.0,ACTIVE_COHORT_MEMBER
C003258,2026-01-03,2026-04-07,2.0,1422.3400000000001,711.1700000000001,2026-01,259.0,1.0,94.0,0.6382978723404256,ACTIVE_COHORT_MEMBER
C003259,2025-11-05,2026-04-29,3.0,4849.86,1616.62,2025-11,237.0,1.0,175.0,0.5142857142857143,ACTIVE_COHORT_MEMBER
C003260,2025-08-31,2026-11-26,4.0,10900.97,2725.2425,2025-08,26.0,1.0,452.0,0.26548672566371684,ACTIVE_COHORT_MEMBER
C003261,2026-06-29,2026-06-29,1.0,4408.45,4408.45,2026-06,176.0,0.0,0.0,1.0,ACTIVE_COHORT_MEMBER
C003262,2026-02-15,2026-03-03,2.0,2933.25,1466.625,2026-02,294.0,1.0,16.0,2.0,ACTIVE_COHORT_MEMBER
C003263,2026-04-06,2026-07-27,3.0,9973.26,3324.42,2026-04,148.0,1.0,112.0,0.8035714285714286,ACTIVE_COHORT_MEMBER
C003264,2026-09-30,2026-09-30,1.0,4360.53,4360.53,2026-09,83.0,0.0,0.0,1.0,ACTIVE_COHORT_MEMBER
C003265,2026-05-04,2026-05-04,1.0,4057.17,4057.17,2026-05,232.0,0.0,0.0,1.0,ACTIVE_COHORT_MEMBER
C003266,,,,,,,,,,,NO_BOOKING
C003267,2025-11-21,2026-06-10,3.0,7578.240000000001,2526.0800000000004,2025-11,195.0,1.0,201.0,0.44776119402985076,ACTIVE_COHORT_MEMBER
C003268,2025-08-28,2026-07-22,4.0,9538.61,2384.6525,2025-08,153.0,1.0,328.0,0.36585365853658536,ACTIVE_COHORT_MEMBER
C003269,2025-11-10,2025-11-10,1.0,2346.7,2346.7,2025-11,407.0,0.0,0.0,1.0,ACTIVE_COHORT_MEMBER
C003270,2026-02-02,2026-02-02,1.0,1417.83,1417.83,2026-02,323.0,0.0,0.0,1.0,ACTIVE_COHORT_MEMBER
C003271,2026-03-24,2026-08-31,2.0,5489.7300000000005,2744.8650000000002,2026-03,113.0,1.0,160.0,0.375,ACTIVE_COHORT_MEMBER
C003272,2026-04-13,2026-11-28,2.0,6129.69,3064.845,2026-04,24.0,1.0,229.0,0.26200873362445415,ACTIVE_COHORT_MEMBER
C003273,2026-08-25,2026-08-25,1.0,1466.66,1466.66,2026-08,119.0,0.0,0.0,1.0,ACTIVE_COHORT_MEMBER
C003274,2026-01-27,2026-07-26,3.0,10631.22,3543.74,2026-01,149.0,1.0,180.0,0.5,ACTIVE_COHORT_MEMBER
C003275,,,,,,,,,,,NO_BOOKING
C003276,2026-07-31,2026-10-06,2.0,3695.13,1847.565,2026-07,77.0,1.0,67.0,0.8955223880597015,ACTIVE_COHORT_MEMBER
C003277,2025-12-09,2026-07-14,3.0,5669.59,1889.8633333333335,2025-12,161.0,1.0,217.0,0.4147465437788018,ACTIVE_COHORT_MEMBER
C003278,2025-12-18,2026-04-11,2.0,7126.860000000001,3563.4300000000003,2025-12,255.0,1.0,114.0,0.5263157894736842,ACTIVE_COHORT_MEMBER
C003279,2026-03-24,2026-07-25,3.0,7224.88,2408.2933333333335,2026-03,150.0,1.0,123.0,0.7317073170731708,ACTIVE_COHORT_MEMBER
C003280,,,,,,,,,,,NO_BOOKING
C003281,2026-01-19,2026-05-07,3.0,6300.01,2100.0033333333336,2026-01,229.0,1.0,108.0,0.8333333333333333,ACTIVE_COHORT_MEMBER
C003282,2026-02-26,2026-06-04,3.0,8790.32,2930.1066666666666,2026-02,201.0,1.0,98.0,0.9183673469387755,ACTIVE_COHORT_MEMBER
C003283,,,,,,,,,,,NO_BOOKING
C003284,2026-01-18,2026-09-16,2.0,7519.3099999999995,3759.6549999999997,2026-01,97.0,1.0,241.0,0.24896265560165975,ACTIVE_COHORT_MEMBER
C003285,2026-07-29,2026-07-29,1.0,3721.19,3721.19,2026-07,146.0,0.0,0.0,1.0,ACTIVE_COHORT_MEMBER
C003286,2025-09-17,2026-05-28,2.0,2790.85,1395.425,2025-09,208.0,1.0,253.0,0.23715415019762845,ACTIVE_COHORT_MEMBER
C003287,,,,,,,,,,,NO_BOOKING
C003288,2025-11-11,2026-08-19,3.0,10374.14,3458.0466666666666,2025-11,125.0,1.0,281.0,0.32028469750889677,ACTIVE_COHORT_MEMBER
C003289,,,,,,,,,,,NO_BOOKING
C003290,2026-03-18,2026-03-18,1.0,2159.35,2159.35,2026-03,279.0,0.0,0.0,1.0,ACTIVE_COHORT_MEMBER
C003291,,,,,,,,,,,NO_BOOKING
C003292,2026-06-18,2026-08-08,4.0,10002.23,2500.5575,2026-06,136.0,1.0,51.0,2.3529411764705883,ACTIVE_COHORT_MEMBER
C003293,2026-01-10,2026-08-18,3.0,4664.01,1554.67,2026-01,126.0,1.0,220.0,0.4090909090909091,ACTIVE_COHORT_MEMBER
C003294,2026-01-25,2026-06-12,3.0,11214.18,3738.06,2026-01,193.0,1.0,138.0,0.6521739130434783,ACTIVE_COHORT_MEMBER
C003295,2025-11-02,2026-09-04,5.0,11184.59,2236.918,2025-11,109.0,1.0,306.0,0.4901960784313726,ACTIVE_COHORT_MEMBER
C003296,,,,,,,,,,,NO_BOOKING
C003297,2026-10-11,2026-10-11,1.0,2840.94,2840.94,2026-10,72.0,0.0,0.0,1.0,ACTIVE_COHORT_MEMBER
C003298,,,,,,,,,,,NO_BOOKING
C003299,2026-05-11,2026-05-11,1.0,688.38,688.38,2026-05,225.0,0.0,0.0,1.0,ACTIVE_COHORT_MEMBER
C003300,,,,,,,,,,,NO_BOOKING
C003301,2025-10-08,2026-04-21,3.0,8049.86,2683.2866666666664,2025-10,245.0,1.0,195.0,0.46153846153846156,ACTIVE_COHORT_MEMBER
C003302,2026-06-18,2026-08-21,2.0,7092.5199999999995,3546.2599999999998,2026-06,123.0,1.0,64.0,0.9375,ACTIVE_COHORT_MEMBER
C003303,2025-12-06,2026-05-02,3.0,8581.77,2860.59,2025-12,234.0,1.0,147.0,0.6122448979591836,ACTIVE_COHORT_MEMBER
C003304,2026-05-23,2026-05-23,1.0,4023.06,4023.06,2026-05,213.0,0.0,0.0,1.0,ACTIVE_COHORT_MEMBER
C003305,2025-11-09,2026-04-13,2.0,4289.530000000001,2144.7650000000003,2025-11,253.0,1.0,155.0,0.3870967741935484,ACTIVE_COHORT_MEMBER
C003306,,,,,,,,,,,NO_BOOKING
C003307,2026-02-19,2026-04-12,3.0,5095.75,1698.5833333333333,2026-02,254.0,1.0,52.0,1.7307692307692306,ACTIVE_COHORT_MEMBER
C003308,,,,,,,,,,,NO_BOOKING
C003309,2025-10-17,2026-07-16,3.0,10655.609999999999,3551.8699999999994,2025-10,159.0,1.0,272.0,0.33088235294117646,ACTIVE_COHORT_MEMBER
C003310,2025-12-30,2026-12-09,3.0,6109.549999999999,2036.5166666666664,2025-12,13.0,1.0,344.0,0.2616279069767442,ACTIVE_COHORT_MEMBER
C003311,2026-01-24,2026-08-12,3.0,10454.84,3484.9466666666667,2026-01,132.0,1.0,200.0,0.44999999999999996,ACTIVE_COHORT_MEMBER
C003312,2026-03-04,2026-03-04,1.0,2602.63,2602.63,2026-03,293.0,0.0,0.0,1.0,ACTIVE_COHORT_MEMBER
C003313,,,,,,,,,,,NO_BOOKING
C003314,2026-02-02,2026-02-02,1.0,1529.65,1529.65,2026-02,323.0,0.0,0.0,1.0,ACTIVE_COHORT_MEMBER
C003315,2026-05-04,2026-05-04,1.0,581.3,581.3,2026-05,232.0,0.0,0.0,1.0,ACTIVE_COHORT_MEMBER
C003316,,,,,,,,,,,NO_BOOKING
C003317,,,,,,,,,,,NO_BOOKING
C003318,2026-09-14,2026-09-14,1.0,2506.81,2506.81,2026-09,99.0,0.0,0.0,1.0,ACTIVE_COHORT_MEMBER
C003319,2026-03-18,2026-08-11,3.0,7844.03,2614.6766666666667,2026-03,133.0,1.0,146.0,0.6164383561643836,ACTIVE_COHORT_MEMBER
C003320,2025-11-17,2025-11-17,1.0,1502.42,1502.42,2025-11,400.0,0.0,0.0,1.0,ACTIVE_COHORT_MEMBER
C003321,2025-12-29,2025-12-29,1.0,750.08,750.08,2025-12,358.0,0.0,0.0,1.0,ACTIVE_COHORT_MEMBER
C003322,2026-12-11,2026-12-11,1.0,2102.53,2102.53,2026-12,11.0,0.0,0.0,1.0,ACTIVE_COHORT_MEMBER
C003323,2026-09-06,2026-09-06,1.0,3014.14,3014.14,2026-09,107.0,0.0,0.0,1.0,ACTIVE_COHORT_MEMBER
C003324,2025-10-15,2025-10-15,1.0,4450.78,4450.78,2025-10,433.0,0.0,0.0,1.0,ACTIVE_COHORT_MEMBER
C003325,2026-01-12,2026-10-17,3.0,11082.380000000001,3694.126666666667,2026-01,66.0,1.0,278.0,0.3237410071942446,ACTIVE_COHORT_MEMBER
C003326,2026-06-13,2026-06-13,1.0,1715.92,1715.92,2026-06,192.0,0.0,0.0,1.0,ACTIVE_COHORT_MEMBER
C003327,2025-12-01,2026-03-15,2.0,6549.87,3274.935,2025-12,282.0,1.0,104.0,0.5769230769230769,ACTIVE_COHORT_MEMBER
C003328,2026-01-04,2026-03-30,2.0,4004.19,2002.095,2026-01,267.0,1.0,85.0,0.7058823529411764,ACTIVE_COHORT_MEMBER
C003329,,,,,,,,,,,NO_BOOKING
C003330,2025-11-22,2026-04-02,2.0,4346.77,2173.385,2025-11,264.0,1.0,131.0,0.45801526717557256,ACTIVE_COHORT_MEMBER
C003331,2026-01-11,2026-01-11,1.0,1693.83,1693.83,2026-01,345.0,0.0,0.0,1.0,ACTIVE_COHORT_MEMBER
C003332,2025-12-26,2026-05-15,2.0,5716.72,2858.36,2025-12,221.0,1.0,140.0,0.42857142857142855,ACTIVE_COHORT_MEMBER
C003333,2025-10-26,2025-10-26,1.0,2062.29,2062.29,2025-10,422.0,0.0,0.0,1.0,ACTIVE_COHORT_MEMBER
C003334,2026-05-04,2026-05-04,1.0,3794.41,3794.41,2026-05,232.0,0.0,0.0,1.0,ACTIVE_COHORT_MEMBER
C003335,,,,,,,,,,,NO_BOOKING
C003336,2026-01-20,2026-01-20,1.0,712.13,712.13,2026-01,336.0,0.0,0.0,1.0,ACTIVE_COHORT_MEMBER
C003337,2026-08-03,2026-12-02,2.0,6104.17,3052.085,2026-08,20.0,1.0,121.0,0.49586776859504134,ACTIVE_COHORT_MEMBER
C003338,2026-03-10,2026-03-10,1.0,1999.06,1999.06,2026-03,287.0,0.0,0.0,1.0,ACTIVE_COHORT_MEMBER
C003339,2025-12-20,2026-10-14,3.0,10535.45,3511.816666666667,2025-12,69.0,1.0,298.0,0.30201342281879195,ACTIVE_COHORT_MEMBER
C003340,2025-11-15,2026-10-04,3.0,10873.87,3624.6233333333334,2025-11,79.0,1.0,323.0,0.2786377708978328,ACTIVE_COHORT_MEMBER
C003341,2026-03-08,2026-10-23,2.0,6461.25,3230.625,2026-03,60.0,1.0,229.0,0.26200873362445415,ACTIVE_COHORT_MEMBER
C003342,2026-03-07,2026-03-07,1.0,4248.13,4248.13,2026-03,290.0,0.0,0.0,1.0,ACTIVE_COHORT_MEMBER
C003343,2025-10-14,2026-08-21,5.0,13163.39,2632.678,2025-10,123.0,1.0,311.0,0.4823151125401929,ACTIVE_COHORT_MEMBER
C003344,2026-04-06,2026-05-20,2.0,2390.6899999999996,1195.3449999999998,2026-04,216.0,1.0,44.0,1.3636363636363638,ACTIVE_COHORT_MEMBER
C003345,2026-09-27,2026-09-27,1.0,4938.21,4938.21,2026-09,86.0,0.0,0.0,1.0,ACTIVE_COHORT_MEMBER
C003346,2026-01-23,2026-02-24,2.0,4721.51,2360.755,2026-01,301.0,1.0,32.0,1.875,ACTIVE_COHORT_MEMBER
C003347,2026-02-17,2026-06-09,2.0,2372.43,1186.215,2026-02,196.0,1.0,112.0,0.5357142857142857,ACTIVE_COHORT_MEMBER
C003348,2026-06-29,2026-09-01,2.0,7650.8099999999995,3825.4049999999997,2026-06,112.0,1.0,64.0,0.9375,ACTIVE_COHORT_MEMBER
C003349,2026-02-03,2026-09-07,2.0,5192.530000000001,2596.2650000000003,2026-02,106.0,1.0,216.0,0.2777777777777778,ACTIVE_COHORT_MEMBER
C003350,,,,,,,,,,,NO_BOOKING
C003351,2025-08-31,2025-08-31,1.0,1040.1,1040.1,2025-08,478.0,0.0,0.0,1.0,ACTIVE_COHORT_MEMBER
C003352,2026-10-06,2026-10-06,1.0,4112.02,4112.02,2026-10,77.0,0.0,0.0,1.0,ACTIVE_COHORT_MEMBER
C003353,,,,,,,,,,,NO_BOOKING
C003354,,,,,,,,,,,NO_BOOKING
C003355,2026-03-11,2026-10-11,3.0,9534.39,3178.1299999999997,2026-03,72.0,1.0,214.0,0.4205607476635514,ACTIVE_COHORT_MEMBER
C003356,,,,,,,,,,,NO_BOOKING
C003357,2026-05-04,2026-07-09,2.0,5480.46,2740.23,2026-05,166.0,1.0,66.0,0.9090909090909091,ACTIVE_COHORT_MEMBER
C003358,2025-10-28,2026-01-22,2.0,8408.17,4204.085,2025-10,334.0,1.0,86.0,0.6976744186046512,ACTIVE_COHORT_MEMBER
C003359,2025-11-03,2025-11-03,1.0,3106.13,3106.13,2025-11,414.0,0.0,0.0,1.0,ACTIVE_COHORT_MEMBER
C003360,2025-10-06,2026-06-15,4.0,12165.5,3041.375,2025-10,190.0,1.0,252.0,0.47619047619047616,ACTIVE_COHORT_MEMBER
C003361,2025-09-30,2025-09-30,1.0,1458.16,1458.16,2025-09,448.0,0.0,0.0,1.0,ACTIVE_COHORT_MEMBER
C003362,2025-11-21,2026-07-02,2.0,5346.860000000001,2673.4300000000003,2025-11,173.0,1.0,223.0,0.26905829596412556,ACTIVE_COHORT_MEMBER
C003363,2025-11-20,2025-12-08,2.0,6722.97,3361.485,2025-11,379.0,1.0,18.0,2.0,ACTIVE_COHORT_MEMBER
C003364,2026-04-26,2026-05-18,2.0,7035.1,3517.55,2026-04,218.0,1.0,22.0,2.0,ACTIVE_COHORT_MEMBER
C003365,2025-08-22,2026-01-22,3.0,7288.46,2429.4866666666667,2025-08,334.0,1.0,153.0,0.5882352941176471,ACTIVE_COHORT_MEMBER
C003366,2026-06-01,2026-06-01,1.0,4310.41,4310.41,2026-06,204.0,0.0,0.0,1.0,ACTIVE_COHORT_MEMBER
C003367,2026-04-12,2026-04-12,1.0,1277.85,1277.85,2026-04,254.0,0.0,0.0,1.0,ACTIVE_COHORT_MEMBER
C003368,2025-12-18,2026-06-26,4.0,10089.23,2522.3075,2025-12,179.0,1.0,190.0,0.6315789473684211,ACTIVE_COHORT_MEMBER
C003369,2025-10-03,2026-06-01,3.0,9865.439999999999,3288.4799999999996,2025-10,204.0,1.0,241.0,0.37344398340248963,ACTIVE_COHORT_MEMBER
C003370,2025-11-27,2026-06-12,2.0,6601.42,3300.71,2025-11,193.0,1.0,197.0,0.30456852791878175,ACTIVE_COHORT_MEMBER
C003371,2026-09-08,2026-09-08,1.0,838.85,838.85,2026-09,105.0,0.0,0.0,1.0,ACTIVE_COHORT_MEMBER
C003372,2026-04-01,2026-07-01,2.0,5485.62,2742.81,2026-04,174.0,1.0,91.0,0.6593406593406593,ACTIVE_COHORT_MEMBER
C003373,2025-12-13,2025-12-13,1.0,1359.36,1359.36,2025-12,374.0,0.0,0.0,1.0,ACTIVE_COHORT_MEMBER
C003374,2025-11-30,2026-06-24,4.0,9928.66,2482.165,2025-11,181.0,1.0,206.0,0.5825242718446603,ACTIVE_COHORT_MEMBER
C003375,2026-01-15,2026-06-14,4.0,10097.84,2524.46,2026-01,191.0,1.0,150.0,0.8,ACTIVE_COHORT_MEMBER
C003376,,,,,,,,,,,NO_BOOKING
C003377,2025-11-01,2026-01-30,2.0,5020.45,2510.225,2025-11,326.0,1.0,90.0,0.6666666666666666,ACTIVE_COHORT_MEMBER
C003378,2026-01-19,2026-01-19,1.0,1202.22,1202.22,2026-01,337.0,0.0,0.0,1.0,ACTIVE_COHORT_MEMBER
C003379,,,,,,,,,,,NO_BOOKING
C003380,,,,,,,,,,,NO_BOOKING
C003381,2026-02-12,2026-07-18,2.0,3906.8999999999996,1953.4499999999998,2026-02,157.0,1.0,156.0,0.3846153846153846,ACTIVE_COHORT_MEMBER
C003382,2025-09-23,2025-09-23,1.0,3933.58,3933.58,2025-09,455.0,0.0,0.0,1.0,ACTIVE_COHORT_MEMBER
C003383,2026-08-08,2026-08-30,2.0,4722.24,2361.12,2026-08,114.0,1.0,22.0,2.0,ACTIVE_COHORT_MEMBER
C003384,2026-05-12,2026-05-12,1.0,839.37,839.37,2026-05,224.0,0.0,0.0,1.0,ACTIVE_COHORT_MEMBER
C003385,2025-12-24,2026-07-17,2.0,8547.880000000001,4273.9400000000005,2025-12,158.0,1.0,205.0,0.29268292682926833,ACTIVE_COHORT_MEMBER
C003386,2025-09-13,2026-11-10,5.0,17437.9,3487.5800000000004,2025-09,42.0,1.0,423.0,0.3546099290780142,ACTIVE_COHORT_MEMBER
C003387,2026-08-20,2026-08-20,1.0,696.65,696.65,2026-08,124.0,0.0,0.0,1.0,ACTIVE_COHORT_MEMBER
C003388,2026-05-16,2026-05-16,1.0,3977.01,3977.01,2026-05,220.0,0.0,0.0,1.0,ACTIVE_COHORT_MEMBER
C003389,2025-12-18,2026-05-14,3.0,10490.67,3496.89,2025-12,222.0,1.0,147.0,0.6122448979591836,ACTIVE_COHORT_MEMBER
C003390,2026-03-06,2026-09-26,3.0,8845.66,2948.5533333333333,2026-03,87.0,1.0,204.0,0.4411764705882353,ACTIVE_COHORT_MEMBER
C003391,2026-02-09,2026-09-30,2.0,5798.65,2899.325,2026-02,83.0,1.0,233.0,0.2575107296137339,ACTIVE_COHORT_MEMBER
C003392,2026-01-27,2026-09-05,2.0,4280.03,2140.015,2026-01,108.0,1.0,221.0,0.2714932126696833,ACTIVE_COHORT_MEMBER
C003393,2026-01-03,2026-01-03,1.0,3276.18,3276.18,2026-01,353.0,0.0,0.0,1.0,ACTIVE_COHORT_MEMBER
C003394,,,,,,,,,,,NO_BOOKING
C003395,2026-01-19,2026-11-04,2.0,8732.76,4366.38,2026-01,48.0,1.0,289.0,0.20761245674740486,ACTIVE_COHORT_MEMBER
C003396,2026-02-12,2026-04-23,2.0,7714.33,3857.165,2026-02,243.0,1.0,70.0,0.8571428571428571,ACTIVE_COHORT_MEMBER
C003397,2026-09-04,2026-09-04,1.0,3334.3,3334.3,2026-09,109.0,0.0,0.0,1.0,ACTIVE_COHORT_MEMBER
C003398,2025-12-29,2026-09-07,2.0,6295.42,3147.71,2025-12,106.0,1.0,252.0,0.23809523809523808,ACTIVE_COHORT_MEMBER
C003399,2025-12-28,2026-03-23,4.0,14404.41,3601.1025,2025-12,274.0,1.0,85.0,1.4117647058823528,ACTIVE_COHORT_MEMBER
C003400,,,,,,,,,,,NO_BOOKING
C003401,,,,,,,,,,,NO_BOOKING
C003402,2026-03-31,2026-09-03,3.0,9545.85,3181.9500000000003,2026-03,110.0,1.0,156.0,0.5769230769230769,ACTIVE_COHORT_MEMBER
C003403,2026-07-07,2026-08-21,2.0,2496.25,1248.125,2026-07,123.0,1.0,45.0,1.3333333333333333,ACTIVE_COHORT_MEMBER
C003404,2026-01-10,2026-02-25,2.0,6732.0,3366.0,2026-01,300.0,1.0,46.0,1.3043478260869565,ACTIVE_COHORT_MEMBER
C003405,,,,,,,,,,,NO_BOOKING
C003406,,,,,,,,,,,NO_BOOKING
C003407,2025-08-13,2025-12-30,4.0,8992.439999999999,2248.1099999999997,2025-08,357.0,1.0,139.0,0.8633093525179856,ACTIVE_COHORT_MEMBER
C003408,2025-09-05,2025-11-13,3.0,7938.0599999999995,2646.02,2025-09,404.0,1.0,69.0,1.3043478260869565,ACTIVE_COHORT_MEMBER
C003409,2026-02-18,2026-07-12,2.0,5462.94,2731.47,2026-02,163.0,1.0,144.0,0.4166666666666667,ACTIVE_COHORT_MEMBER
C003410,2026-08-25,2026-08-25,1.0,2399.02,2399.02,2026-08,119.0,0.0,0.0,1.0,ACTIVE_COHORT_MEMBER
C003411,2026-07-03,2026-07-03,1.0,2336.41,2336.41,2026-07,172.0,0.0,0.0,1.0,ACTIVE_COHORT_MEMBER
C003412,,,,,,,,,,,NO_BOOKING
C003413,,,,,,,,,,,NO_BOOKING
C003414,,,,,,,,,,,NO_BOOKING
C003415,2026-02-21,2026-08-11,4.0,13695.31,3423.8275,2026-02,133.0,1.0,171.0,0.7017543859649122,ACTIVE_COHORT_MEMBER
C003416,2025-12-01,2026-01-09,2.0,5693.5,2846.75,2025-12,347.0,1.0,39.0,1.5384615384615383,ACTIVE_COHORT_MEMBER
C003417,2026-03-10,2026-05-01,2.0,6036.179999999999,3018.0899999999997,2026-03,235.0,1.0,52.0,1.1538461538461537,ACTIVE_COHORT_MEMBER
C003418,2026-05-05,2026-08-03,2.0,3139.88,1569.94,2026-05,141.0,1.0,90.0,0.6666666666666666,ACTIVE_COHORT_MEMBER
C003419,,,,,,,,,,,NO_BOOKING
C003420,2026-07-27,2026-09-04,2.0,4412.65,2206.325,2026-07,109.0,1.0,39.0,1.5384615384615383,ACTIVE_COHORT_MEMBER
C003421,2025-10-21,2026-04-30,2.0,6032.4400000000005,3016.2200000000003,2025-10,236.0,1.0,191.0,0.31413612565445026,ACTIVE_COHORT_MEMBER
C003422,2025-10-31,2026-03-19,2.0,3864.26,1932.13,2025-10,278.0,1.0,139.0,0.4316546762589928,ACTIVE_COHORT_MEMBER
C003423,,,,,,,,,,,NO_BOOKING
C003424,2025-12-11,2026-06-04,2.0,7015.49,3507.745,2025-12,201.0,1.0,175.0,0.34285714285714286,ACTIVE_COHORT_MEMBER
C003425,,,,,,,,,,,NO_BOOKING
C003426,2026-08-13,2026-08-13,1.0,4759.29,4759.29,2026-08,131.0,0.0,0.0,1.0,ACTIVE_COHORT_MEMBER
C003427,2026-01-05,2026-08-26,7.0,14124.79,2017.827142857143,2026-01,118.0,1.0,233.0,0.9012875536480687,ACTIVE_COHORT_MEMBER
C003428,2025-07-26,2026-10-21,2.0,4563.95,2281.975,2025-07,62.0,1.0,452.0,0.13274336283185842,ACTIVE_COHORT_MEMBER
C003429,2026-01-25,2026-01-25,1.0,3041.67,3041.67,2026-01,331.0,0.0,0.0,1.0,ACTIVE_COHORT_MEMBER
C003430,,,,,,,,,,,NO_BOOKING
C003431,2026-04-14,2026-11-12,3.0,4022.5699999999997,1340.8566666666666,2026-04,40.0,1.0,212.0,0.42452830188679247,ACTIVE_COHORT_MEMBER
C003432,2026-01-26,2026-02-06,2.0,9509.95,4754.975,2026-01,319.0,1.0,11.0,2.0,ACTIVE_COHORT_MEMBER
C003433,2025-10-14,2026-07-19,3.0,7824.35,2608.116666666667,2025-10,156.0,1.0,278.0,0.3237410071942446,ACTIVE_COHORT_MEMBER
C003434,,,,,,,,,,,NO_BOOKING
C003435,,,,,,,,,,,NO_BOOKING
C003436,2026-02-06,2026-10-30,3.0,6569.24,2189.7466666666664,2026-02,53.0,1.0,266.0,0.3383458646616541,ACTIVE_COHORT_MEMBER
C003437,2026-07-08,2026-07-08,1.0,3321.37,3321.37,2026-07,167.0,0.0,0.0,1.0,ACTIVE_COHORT_MEMBER
C003438,,,,,,,,,,,NO_BOOKING
C003439,2025-12-05,2026-08-08,3.0,10312.89,3437.6299999999997,2025-12,136.0,1.0,246.0,0.3658536585365854,ACTIVE_COHORT_MEMBER
C003440,2025-08-28,2025-08-28,1.0,4737.81,4737.81,2025-08,481.0,0.0,0.0,1.0,ACTIVE_COHORT_MEMBER
C003441,2025-12-27,2026-06-21,4.0,10725.51,2681.3775,2025-12,184.0,1.0,176.0,0.6818181818181819,ACTIVE_COHORT_MEMBER
C003442,,,,,,,,,,,NO_BOOKING
C003443,2026-05-09,2026-05-09,1.0,3911.82,3911.82,2026-05,227.0,0.0,0.0,1.0,ACTIVE_COHORT_MEMBER
C003444,2026-06-20,2026-06-20,1.0,901.5,901.5,2026-06,185.0,0.0,0.0,1.0,ACTIVE_COHORT_MEMBER
C003445,2025-10-19,2026-10-24,2.0,8276.76,4138.38,2025-10,59.0,1.0,370.0,0.16216216216216214,ACTIVE_COHORT_MEMBER
C003446,2026-01-26,2026-03-26,2.0,5654.48,2827.24,2026-01,271.0,1.0,59.0,1.0169491525423728,ACTIVE_COHORT_MEMBER
C003447,2026-03-08,2026-05-15,3.0,8226.029999999999,2742.0099999999998,2026-03,221.0,1.0,68.0,1.3235294117647058,ACTIVE_COHORT_MEMBER
C003448,2026-03-25,2026-03-25,1.0,4555.7,4555.7,2026-03,272.0,0.0,0.0,1.0,ACTIVE_COHORT_MEMBER
C003449,2025-12-01,2025-12-01,1.0,2318.03,2318.03,2025-12,386.0,0.0,0.0,1.0,ACTIVE_COHORT_MEMBER
C003450,2025-12-27,2026-02-28,2.0,5945.42,2972.71,2025-12,297.0,1.0,63.0,0.9523809523809523,ACTIVE_COHORT_MEMBER
C003451,2025-11-23,2025-11-23,1.0,4853.97,4853.97,2025-11,394.0,0.0,0.0,1.0,ACTIVE_COHORT_MEMBER
C003452,2026-03-26,2026-05-29,2.0,4548.75,2274.375,2026-03,207.0,1.0,64.0,0.9375,ACTIVE_COHORT_MEMBER
C003453,2026-07-23,2026-07-23,1.0,2660.86,2660.86,2026-07,152.0,0.0,0.0,1.0,ACTIVE_COHORT_MEMBER
C003454,2026-01-18,2026-08-27,3.0,10548.11,3516.036666666667,2026-01,117.0,1.0,221.0,0.4072398190045249,ACTIVE_COHORT_MEMBER
C003455,2026-07-26,2026-10-23,3.0,11200.880000000001,3733.626666666667,2026-07,60.0,1.0,89.0,1.0112359550561798,ACTIVE_COHORT_MEMBER
C003456,,,,,,,,,,,NO_BOOKING
C003457,2026-02-20,2026-07-04,2.0,8671.52,4335.76,2026-02,171.0,1.0,134.0,0.44776119402985076,ACTIVE_COHORT_MEMBER
C003458,2026-03-10,2026-06-21,2.0,4855.01,2427.505,2026-03,184.0,1.0,103.0,0.5825242718446603,ACTIVE_COHORT_MEMBER
C003459,,,,,,,,,,,NO_BOOKING
C003460,2026-07-22,2026-07-22,1.0,1711.93,1711.93,2026-07,153.0,0.0,0.0,1.0,ACTIVE_COHORT_MEMBER
C003461,2025-10-06,2026-06-18,3.0,11043.720000000001,3681.2400000000002,2025-10,187.0,1.0,255.0,0.35294117647058826,ACTIVE_COHORT_MEMBER
C003462,2026-08-04,2026-09-22,2.0,3991.7200000000003,1995.8600000000001,2026-08,91.0,1.0,49.0,1.2244897959183674,ACTIVE_COHORT_MEMBER
C003463,2026-04-13,2026-08-04,3.0,13565.869999999999,4521.956666666666,2026-04,140.0,1.0,113.0,0.7964601769911505,ACTIVE_COHORT_MEMBER
C003464,,,,,,,,,,,NO_BOOKING
C003465,,,,,,,,,,,NO_BOOKING
C003466,2026-09-08,2026-09-08,1.0,3666.29,3666.29,2026-09,105.0,0.0,0.0,1.0,ACTIVE_COHORT_MEMBER
C003467,2026-11-11,2026-11-11,1.0,2869.33,2869.33,2026-11,41.0,0.0,0.0,1.0,ACTIVE_COHORT_MEMBER
C003468,,,,,,,,,,,NO_BOOKING
C003469,2026-04-07,2026-04-07,1.0,2714.37,2714.37,2026-04,259.0,0.0,0.0,1.0,ACTIVE_COHORT_MEMBER
C003470,,,,,,,,,,,NO_BOOKING
C003471,,,,,,,,,,,NO_BOOKING
C003472,2025-12-18,2026-06-30,4.0,9583.43,2395.8575,2025-12,175.0,1.0,194.0,0.6185567010309279,ACTIVE_COHORT_MEMBER
C003473,2025-11-04,2026-09-24,4.0,8285.33,2071.3325,2025-11,89.0,1.0,324.0,0.37037037037037035,ACTIVE_COHORT_MEMBER
C003474,,,,,,,,,,,NO_BOOKING
C003475,2025-09-09,2025-12-31,2.0,3480.86,1740.43,2025-09,356.0,1.0,113.0,0.5309734513274337,ACTIVE_COHORT_MEMBER
C003476,2026-04-09,2026-04-09,1.0,1576.4,1576.4,2026-04,257.0,0.0,0.0,1.0,ACTIVE_COHORT_MEMBER
C003477,2026-04-26,2026-04-26,1.0,3933.25,3933.25,2026-04,240.0,0.0,0.0,1.0,ACTIVE_COHORT_MEMBER
C003478,2026-09-17,2026-09-17,1.0,2728.41,2728.41,2026-09,96.0,0.0,0.0,1.0,ACTIVE_COHORT_MEMBER
C003479,2025-11-13,2025-11-13,1.0,3604.76,3604.76,2025-11,404.0,0.0,0.0,1.0,ACTIVE_COHORT_MEMBER
C003480,2026-06-03,2026-09-07,2.0,8655.38,4327.69,2026-06,106.0,1.0,96.0,0.625,ACTIVE_COHORT_MEMBER
C003481,2026-05-20,2026-05-20,1.0,1660.14,1660.14,2026-05,216.0,0.0,0.0,1.0,ACTIVE_COHORT_MEMBER
C003482,2025-12-11,2025-12-11,1.0,1216.04,1216.04,2025-12,376.0,0.0,0.0,1.0,ACTIVE_COHORT_MEMBER
C003483,,,,,,,,,,,NO_BOOKING
C003484,2025-12-03,2026-08-15,4.0,11182.52,2795.63,2025-12,129.0,1.0,255.0,0.47058823529411764,ACTIVE_COHORT_MEMBER
C003485,2026-06-22,2026-08-15,2.0,5322.92,2661.46,2026-06,129.0,1.0,54.0,1.1111111111111112,ACTIVE_COHORT_MEMBER
C003486,2026-04-24,2026-04-24,1.0,1788.53,1788.53,2026-04,242.0,0.0,0.0,1.0,ACTIVE_COHORT_MEMBER
C003487,2026-01-28,2026-08-29,3.0,6589.37,2196.4566666666665,2026-01,115.0,1.0,213.0,0.4225352112676057,ACTIVE_COHORT_MEMBER
C003488,,,,,,,,,,,NO_BOOKING
C003489,2026-04-28,2026-04-28,1.0,1303.8,1303.8,2026-04,238.0,0.0,0.0,1.0,ACTIVE_COHORT_MEMBER
C003490,2025-08-15,2026-02-04,2.0,1905.1399999999999,952.5699999999999,2025-08,321.0,1.0,173.0,0.3468208092485549,ACTIVE_COHORT_MEMBER
C003491,2026-07-16,2026-11-10,3.0,3992.35,1330.7833333333333,2026-07,42.0,1.0,117.0,0.7692307692307693,ACTIVE_COHORT_MEMBER
C003492,2025-09-02,2026-09-08,3.0,6697.369999999999,2232.4566666666665,2025-09,105.0,1.0,371.0,0.2425876010781671,ACTIVE_COHORT_MEMBER
C003493,2026-01-12,2026-01-12,1.0,4314.02,4314.02,2026-01,344.0,0.0,0.0,1.0,ACTIVE_COHORT_MEMBER
C003494,2026-11-01,2026-11-01,1.0,1660.19,1660.19,2026-11,51.0,0.0,0.0,1.0,ACTIVE_COHORT_MEMBER
C003495,2025-11-05,2026-04-19,2.0,6602.97,3301.485,2025-11,247.0,1.0,165.0,0.36363636363636365,ACTIVE_COHORT_MEMBER
C003496,2026-02-26,2026-02-26,1.0,1767.57,1767.57,2026-02,299.0,0.0,0.0,1.0,ACTIVE_COHORT_MEMBER
C003497,2026-05-05,2026-06-02,2.0,3905.0299999999997,1952.5149999999999,2026-05,203.0,1.0,28.0,2.0,ACTIVE_COHORT_MEMBER
C003498,2026-05-21,2026-07-27,2.0,4909.6900000000005,2454.8450000000003,2026-05,148.0,1.0,67.0,0.8955223880597015,ACTIVE_COHORT_MEMBER
C003499,2026-05-17,2026-06-27,3.0,10455.029999999999,3485.0099999999998,2026-05,178.0,1.0,41.0,2.1951219512195124,ACTIVE_COHORT_MEMBER
C003500,2026-01-29,2026-01-29,1.0,4610.17,4610.17,2026-01,327.0,0.0,0.0,1.0,ACTIVE_COHORT_MEMBER
C003501,2026-01-18,2026-10-09,3.0,6720.07,2240.023333333333,2026-01,74.0,1.0,264.0,0.3409090909090909,ACTIVE_COHORT_MEMBER
C003502,,,,,,,,,,,NO_BOOKING
C003503,2026-05-17,2026-10-23,2.0,2355.26,1177.63,2026-05,60.0,1.0,159.0,0.37735849056603776,ACTIVE_COHORT_MEMBER
C003504,2026-02-15,2026-10-16,3.0,6969.8,2323.266666666667,2026-02,67.0,1.0,243.0,0.3703703703703704,ACTIVE_COHORT_MEMBER
C003505,2026-03-03,2026-06-19,2.0,3197.3,1598.65,2026-03,186.0,1.0,108.0,0.5555555555555556,ACTIVE_COHORT_MEMBER
C003506,2025-11-12,2025-11-12,1.0,4662.16,4662.16,2025-11,405.0,0.0,0.0,1.0,ACTIVE_COHORT_MEMBER
C003507,2026-07-16,2026-11-29,2.0,4561.43,2280.715,2026-07,23.0,1.0,136.0,0.4411764705882353,ACTIVE_COHORT_MEMBER
C003508,2025-12-12,2025-12-12,1.0,1070.16,1070.16,2025-12,375.0,0.0,0.0,1.0,ACTIVE_COHORT_MEMBER
C003509,2025-10-26,2025-10-26,1.0,1610.17,1610.17,2025-10,422.0,0.0,0.0,1.0,ACTIVE_COHORT_MEMBER
C003510,,,,,,,,,,,NO_BOOKING
C003511,2026-08-06,2026-12-06,3.0,9496.449999999999,3165.483333333333,2026-08,16.0,1.0,122.0,0.7377049180327869,ACTIVE_COHORT_MEMBER
C003512,2026-01-27,2026-07-30,3.0,9679.39,3226.463333333333,2026-01,145.0,1.0,184.0,0.48913043478260865,ACTIVE_COHORT_MEMBER
C003513,2025-11-11,2026-05-09,3.0,9643.85,3214.616666666667,2025-11,227.0,1.0,179.0,0.5027932960893855,ACTIVE_COHORT_MEMBER
C003514,2026-01-05,2026-11-08,2.0,1943.0,971.5,2026-01,44.0,1.0,307.0,0.19543973941368079,ACTIVE_COHORT_MEMBER
C003515,2025-12-22,2026-05-05,2.0,2110.3199999999997,1055.1599999999999,2025-12,231.0,1.0,134.0,0.44776119402985076,ACTIVE_COHORT_MEMBER
C003516,2025-12-10,2026-05-03,4.0,12819.27,3204.8175,2025-12,233.0,1.0,144.0,0.8333333333333334,ACTIVE_COHORT_MEMBER
C003517,2025-12-11,2026-06-16,4.0,11059.64,2764.91,2025-12,189.0,1.0,187.0,0.6417112299465241,ACTIVE_COHORT_MEMBER
C003518,2025-12-27,2025-12-27,1.0,4566.8,4566.8,2025-12,360.0,0.0,0.0,1.0,ACTIVE_COHORT_MEMBER
C003519,2026-04-24,2026-04-24,1.0,934.93,934.93,2026-04,242.0,0.0,0.0,1.0,ACTIVE_COHORT_MEMBER
C003520,,,,,,,,,,,NO_BOOKING
C003521,,,,,,,,,,,NO_BOOKING
C003522,2025-11-27,2026-06-24,2.0,6634.58,3317.29,2025-11,181.0,1.0,209.0,0.28708133971291866,ACTIVE_COHORT_MEMBER
C003523,2026-02-09,2026-02-09,1.0,2672.76,2672.76,2026-02,316.0,0.0,0.0,1.0,ACTIVE_COHORT_MEMBER
C003524,2026-05-28,2026-05-28,1.0,2077.3,2077.3,2026-05,208.0,0.0,0.0,1.0,ACTIVE_COHORT_MEMBER
C003525,,,,,,,,,,,NO_BOOKING
C003526,2026-09-03,2026-09-03,1.0,4529.59,4529.59,2026-09,110.0,0.0,0.0,1.0,ACTIVE_COHORT_MEMBER
C003527,2026-05-28,2026-05-28,1.0,519.24,519.24,2026-05,208.0,0.0,0.0,1.0,ACTIVE_COHORT_MEMBER
C003528,,,,,,,,,,,NO_BOOKING
C003529,,,,,,,,,,,NO_BOOKING
C003530,,,,,,,,,,,NO_BOOKING
C003531,2026-04-12,2026-08-24,3.0,6281.67,2093.89,2026-04,120.0,1.0,134.0,0.6716417910447761,ACTIVE_COHORT_MEMBER
C003532,2026-03-08,2026-09-03,2.0,8816.47,4408.235,2026-03,110.0,1.0,179.0,0.33519553072625696,ACTIVE_COHORT_MEMBER
C003533,,,,,,,,,,,NO_BOOKING
C003534,2026-05-25,2026-11-05,2.0,6060.34,3030.17,2026-05,47.0,1.0,164.0,0.36585365853658536,ACTIVE_COHORT_MEMBER
C003535,2025-10-29,2025-10-29,1.0,3850.28,3850.28,2025-10,419.0,0.0,0.0,1.0,ACTIVE_COHORT_MEMBER
C003536,2026-10-06,2026-10-06,1.0,1852.03,1852.03,2026-10,77.0,0.0,0.0,1.0,ACTIVE_COHORT_MEMBER
C003537,2025-11-13,2026-09-05,2.0,6042.459999999999,3021.2299999999996,2025-11,108.0,1.0,296.0,0.2027027027027027,ACTIVE_COHORT_MEMBER
C003538,2026-04-15,2026-04-15,1.0,3234.37,3234.37,2026-04,251.0,0.0,0.0,1.0,ACTIVE_COHORT_MEMBER
C003539,2026-05-05,2026-05-05,1.0,2344.68,2344.68,2026-05,231.0,0.0,0.0,1.0,ACTIVE_COHORT_MEMBER
C003540,2026-04-17,2026-05-27,2.0,6886.05,3443.025,2026-04,209.0,1.0,40.0,1.5,ACTIVE_COHORT_MEMBER
C003541,,,,,,,,,,,NO_BOOKING
C003542,,,,,,,,,,,NO_BOOKING
C003543,,,,,,,,,,,NO_BOOKING
C003544,2026-08-12,2026-08-12,1.0,840.66,840.66,2026-08,132.0,0.0,0.0,1.0,ACTIVE_COHORT_MEMBER
C003545,,,,,,,,,,,NO_BOOKING
C003546,2025-12-13,2026-03-12,2.0,2521.35,1260.675,2025-12,285.0,1.0,89.0,0.6741573033707865,ACTIVE_COHORT_MEMBER
C003547,2026-05-24,2026-09-09,2.0,4990.08,2495.04,2026-05,104.0,1.0,108.0,0.5555555555555556,ACTIVE_COHORT_MEMBER
C003548,2026-02-16,2026-02-16,1.0,1029.66,1029.66,2026-02,309.0,0.0,0.0,1.0,ACTIVE_COHORT_MEMBER
C003549,2026-05-29,2026-06-20,2.0,6785.74,3392.87,2026-05,185.0,1.0,22.0,2.0,ACTIVE_COHORT_MEMBER
C003550,2026-07-09,2026-08-19,2.0,4136.2,2068.1,2026-07,125.0,1.0,41.0,1.4634146341463414,ACTIVE_COHORT_MEMBER
C003551,,,,,,,,,,,NO_BOOKING
C003552,2026-04-20,2026-06-13,2.0,4615.77,2307.885,2026-04,192.0,1.0,54.0,1.1111111111111112,ACTIVE_COHORT_MEMBER
C003553,2026-03-05,2026-08-28,2.0,5758.41,2879.205,2026-03,116.0,1.0,176.0,0.34090909090909094,ACTIVE_COHORT_MEMBER
C003554,2025-11-04,2026-10-29,4.0,9900.38,2475.095,2025-11,54.0,1.0,359.0,0.3342618384401114,ACTIVE_COHORT_MEMBER
C003555,2025-12-16,2026-01-12,2.0,5818.52,2909.26,2025-12,344.0,1.0,27.0,2.0,ACTIVE_COHORT_MEMBER
C003556,2026-05-29,2026-05-29,1.0,1545.32,1545.32,2026-05,207.0,0.0,0.0,1.0,ACTIVE_COHORT_MEMBER
C003557,2026-04-09,2026-10-18,3.0,10944.47,3648.1566666666663,2026-04,65.0,1.0,192.0,0.46875,ACTIVE_COHORT_MEMBER
C003558,2026-04-26,2026-06-03,3.0,9784.779999999999,3261.593333333333,2026-04,202.0,1.0,38.0,2.368421052631579,ACTIVE_COHORT_MEMBER
C003559,2025-11-30,2026-06-07,2.0,3574.23,1787.115,2025-11,198.0,1.0,189.0,0.31746031746031744,ACTIVE_COHORT_MEMBER
C003560,2026-07-30,2026-07-30,1.0,816.49,816.49,2026-07,145.0,0.0,0.0,1.0,ACTIVE_COHORT_MEMBER
C003561,2026-04-29,2026-09-05,2.0,3606.98,1803.49,2026-04,108.0,1.0,129.0,0.46511627906976744,ACTIVE_COHORT_MEMBER
C003562,2025-11-13,2026-04-21,3.0,9669.34,3223.1133333333332,2025-11,245.0,1.0,159.0,0.5660377358490566,ACTIVE_COHORT_MEMBER
C003563,2025-12-08,2026-03-16,2.0,3764.25,1882.125,2025-12,281.0,1.0,98.0,0.6122448979591837,ACTIVE_COHORT_MEMBER
C003564,2026-06-28,2026-07-10,2.0,3363.51,1681.755,2026-06,165.0,1.0,12.0,2.0,ACTIVE_COHORT_MEMBER
C003565,2026-01-18,2026-01-18,1.0,1134.66,1134.66,2026-01,338.0,0.0,0.0,1.0,ACTIVE_COHORT_MEMBER
C003566,2025-10-11,2026-11-18,4.0,13489.5,3372.375,2025-10,34.0,1.0,403.0,0.2977667493796526,ACTIVE_COHORT_MEMBER
C003567,2025-12-06,2026-07-21,2.0,3195.74,1597.87,2025-12,154.0,1.0,227.0,0.2643171806167401,ACTIVE_COHORT_MEMBER
C003568,2025-11-04,2026-08-21,2.0,5676.92,2838.46,2025-11,123.0,1.0,290.0,0.20689655172413796,ACTIVE_COHORT_MEMBER
C003569,2026-04-22,2026-07-18,2.0,6171.93,3085.965,2026-04,157.0,1.0,87.0,0.6896551724137931,ACTIVE_COHORT_MEMBER
C003570,2025-11-20,2026-03-24,3.0,4761.4800000000005,1587.16,2025-11,273.0,1.0,124.0,0.7258064516129031,ACTIVE_COHORT_MEMBER
C003571,,,,,,,,,,,NO_BOOKING
C003572,2025-12-29,2025-12-29,1.0,3963.23,3963.23,2025-12,358.0,0.0,0.0,1.0,ACTIVE_COHORT_MEMBER
C003573,2026-08-07,2026-08-07,1.0,4916.99,4916.99,2026-08,137.0,0.0,0.0,1.0,ACTIVE_COHORT_MEMBER
C003574,,,,,,,,,,,NO_BOOKING
C003575,,,,,,,,,,,NO_BOOKING
C003576,2026-01-07,2026-08-10,5.0,12466.5,2493.3,2026-01,134.0,1.0,215.0,0.6976744186046512,ACTIVE_COHORT_MEMBER
C003577,2026-01-02,2026-10-22,2.0,1851.68,925.84,2026-01,61.0,1.0,293.0,0.20477815699658702,ACTIVE_COHORT_MEMBER
C003578,2026-03-06,2026-07-01,3.0,4572.96,1524.32,2026-03,174.0,1.0,117.0,0.7692307692307693,ACTIVE_COHORT_MEMBER
C003579,,,,,,,,,,,NO_BOOKING
C003580,2025-12-10,2025-12-10,1.0,2589.5,2589.5,2025-12,377.0,0.0,0.0,1.0,ACTIVE_COHORT_MEMBER
C003581,2025-12-20,2026-09-12,3.0,6496.08,2165.36,2025-12,101.0,1.0,266.0,0.3383458646616541,ACTIVE_COHORT_MEMBER
C003582,2026-04-01,2026-04-01,1.0,775.94,775.94,2026-04,265.0,0.0,0.0,1.0,ACTIVE_COHORT_MEMBER
C003583,2026-05-15,2026-11-05,2.0,6029.43,3014.715,2026-05,47.0,1.0,174.0,0.3448275862068966,ACTIVE_COHORT_MEMBER
C003584,2026-07-14,2026-07-14,1.0,1995.53,1995.53,2026-07,161.0,0.0,0.0,1.0,ACTIVE_COHORT_MEMBER
C003585,2025-09-16,2025-09-16,1.0,3723.62,3723.62,2025-09,462.0,0.0,0.0,1.0,ACTIVE_COHORT_MEMBER
C003586,2026-03-07,2026-03-07,1.0,4718.48,4718.48,2026-03,290.0,0.0,0.0,1.0,ACTIVE_COHORT_MEMBER
C003587,2026-04-01,2026-04-01,1.0,1144.19,1144.19,2026-04,265.0,0.0,0.0,1.0,ACTIVE_COHORT_MEMBER
C003588,2026-01-01,2026-07-19,3.0,9589.84,3196.6133333333332,2026-01,156.0,1.0,199.0,0.4522613065326633,ACTIVE_COHORT_MEMBER
C003589,2025-11-30,2026-08-29,3.0,11988.03,3996.01,2025-11,115.0,1.0,272.0,0.33088235294117646,ACTIVE_COHORT_MEMBER
C003590,2026-08-10,2026-08-10,1.0,3505.6,3505.6,2026-08,134.0,0.0,0.0,1.0,ACTIVE_COHORT_MEMBER
C003591,2026-02-04,2026-02-04,1.0,1320.84,1320.84,2026-02,321.0,0.0,0.0,1.0,ACTIVE_COHORT_MEMBER
C003592,2026-03-13,2026-07-24,2.0,8480.81,4240.405,2026-03,151.0,1.0,133.0,0.45112781954887216,ACTIVE_COHORT_MEMBER
C003593,,,,,,,,,,,NO_BOOKING
C003594,2026-11-27,2026-11-27,1.0,4502.0,4502.0,2026-11,25.0,0.0,0.0,1.0,ACTIVE_COHORT_MEMBER
C003595,2026-09-24,2026-09-24,1.0,4975.83,4975.83,2026-09,89.0,0.0,0.0,1.0,ACTIVE_COHORT_MEMBER
C003596,2025-12-20,2025-12-20,1.0,1299.65,1299.65,2025-12,367.0,0.0,0.0,1.0,ACTIVE_COHORT_MEMBER
C003597,2025-12-13,2025-12-20,2.0,2874.67,1437.335,2025-12,367.0,1.0,7.0,2.0,ACTIVE_COHORT_MEMBER
C003598,2026-02-24,2026-04-09,2.0,5102.7,2551.35,2026-02,257.0,1.0,44.0,1.3636363636363638,ACTIVE_COHORT_MEMBER
C003599,2025-12-12,2026-06-17,3.0,12721.08,4240.36,2025-12,188.0,1.0,187.0,0.48128342245989303,ACTIVE_COHORT_MEMBER
C003600,2025-12-12,2025-12-12,1.0,3323.45,3323.45,2025-12,375.0,0.0,0.0,1.0,ACTIVE_COHORT_MEMBER
C003601,2025-12-31,2025-12-31,1.0,3498.06,3498.06,2025-12,356.0,0.0,0.0,1.0,ACTIVE_COHORT_MEMBER
C003602,,,,,,,,,,,NO_BOOKING
C003603,2025-08-29,2026-06-26,2.0,5273.25,2636.625,2025-08,179.0,1.0,301.0,0.19933554817275748,ACTIVE_COHORT_MEMBER
C003604,2025-10-28,2026-08-01,3.0,6415.42,2138.4733333333334,2025-10,143.0,1.0,277.0,0.3249097472924188,ACTIVE_COHORT_MEMBER
C003605,2025-11-24,2026-09-18,3.0,5765.969999999999,1921.9899999999998,2025-11,95.0,1.0,298.0,0.30201342281879195,ACTIVE_COHORT_MEMBER
C003606,2026-01-12,2026-05-17,2.0,5551.98,2775.99,2026-01,219.0,1.0,125.0,0.48,ACTIVE_COHORT_MEMBER
C003607,2025-12-14,2026-03-18,2.0,2825.4300000000003,1412.7150000000001,2025-12,279.0,1.0,94.0,0.6382978723404256,ACTIVE_COHORT_MEMBER
C003608,2026-01-19,2026-09-07,2.0,2519.71,1259.855,2026-01,106.0,1.0,231.0,0.2597402597402597,ACTIVE_COHORT_MEMBER
C003609,,,,,,,,,,,NO_BOOKING
C003610,2026-07-06,2026-09-18,3.0,8691.96,2897.3199999999997,2026-07,95.0,1.0,74.0,1.2162162162162162,ACTIVE_COHORT_MEMBER
C003611,2025-12-21,2026-04-26,3.0,10284.36,3428.1200000000003,2025-12,240.0,1.0,126.0,0.7142857142857143,ACTIVE_COHORT_MEMBER
C003612,2025-10-30,2026-09-25,2.0,5843.4,2921.7,2025-10,88.0,1.0,330.0,0.18181818181818182,ACTIVE_COHORT_MEMBER
C003613,2026-06-19,2026-06-19,1.0,4775.85,4775.85,2026-06,186.0,0.0,0.0,1.0,ACTIVE_COHORT_MEMBER
C003614,2025-10-10,2025-10-10,1.0,881.46,881.46,2025-10,438.0,0.0,0.0,1.0,ACTIVE_COHORT_MEMBER
C003615,,,,,,,,,,,NO_BOOKING
C003616,,,,,,,,,,,NO_BOOKING
C003617,,,,,,,,,,,NO_BOOKING
C003618,,,,,,,,,,,NO_BOOKING
C003619,2026-02-16,2026-10-16,4.0,13584.75,3396.1875,2026-02,67.0,1.0,242.0,0.49586776859504134,ACTIVE_COHORT_MEMBER
C003620,2026-01-25,2026-03-04,2.0,6566.99,3283.495,2026-01,293.0,1.0,38.0,1.5789473684210527,ACTIVE_COHORT_MEMBER
C003621,2025-09-25,2025-09-25,1.0,2510.69,2510.69,2025-09,453.0,0.0,0.0,1.0,ACTIVE_COHORT_MEMBER
C003622,,,,,,,,,,,NO_BOOKING
C003623,2025-10-25,2026-11-24,4.0,16097.99,4024.4975,2025-10,28.0,1.0,395.0,0.3037974683544304,ACTIVE_COHORT_MEMBER
C003624,2025-11-06,2026-10-26,2.0,6541.09,3270.545,2025-11,57.0,1.0,354.0,0.1694915254237288,ACTIVE_COHORT_MEMBER
C003625,2025-09-07,2025-09-07,1.0,4973.75,4973.75,2025-09,471.0,0.0,0.0,1.0,ACTIVE_COHORT_MEMBER
C003626,2025-11-05,2025-11-05,1.0,2429.76,2429.76,2025-11,412.0,0.0,0.0,1.0,ACTIVE_COHORT_MEMBER
C003627,2025-08-29,2026-02-05,2.0,4155.469999999999,2077.7349999999997,2025-08,320.0,1.0,160.0,0.375,ACTIVE_COHORT_MEMBER
C003628,2026-03-30,2026-11-16,3.0,11245.62,3748.5400000000004,2026-03,36.0,1.0,231.0,0.38961038961038963,ACTIVE_COHORT_MEMBER
C003629,2026-10-24,2026-10-24,1.0,2229.48,2229.48,2026-10,59.0,0.0,0.0,1.0,ACTIVE_COHORT_MEMBER
C003630,2026-02-17,2026-09-20,6.0,18020.46,3003.41,2026-02,93.0,1.0,215.0,0.8372093023255813,ACTIVE_COHORT_MEMBER
C003631,2026-03-06,2026-03-18,2.0,5697.049999999999,2848.5249999999996,2026-03,279.0,1.0,12.0,2.0,ACTIVE_COHORT_MEMBER
C003632,2025-12-31,2025-12-31,1.0,3155.61,3155.61,2025-12,356.0,0.0,0.0,1.0,ACTIVE_COHORT_MEMBER
C003633,2025-09-26,2026-05-17,2.0,7824.98,3912.49,2025-09,219.0,1.0,233.0,0.2575107296137339,ACTIVE_COHORT_MEMBER
C003634,2026-04-21,2026-04-21,1.0,4935.47,4935.47,2026-04,245.0,0.0,0.0,1.0,ACTIVE_COHORT_MEMBER
C003635,2025-11-03,2026-07-30,4.0,11690.34,2922.585,2025-11,145.0,1.0,269.0,0.44609665427509293,ACTIVE_COHORT_MEMBER
C003636,2025-12-06,2025-12-06,1.0,2231.83,2231.83,2025-12,381.0,0.0,0.0,1.0,ACTIVE_COHORT_MEMBER
C003637,2026-01-16,2026-05-03,3.0,5962.030000000001,1987.3433333333335,2026-01,233.0,1.0,107.0,0.8411214953271028,ACTIVE_COHORT_MEMBER
C003638,2025-11-18,2025-12-15,3.0,3959.4800000000005,1319.8266666666668,2025-11,372.0,1.0,27.0,3.0,ACTIVE_COHORT_MEMBER
C003639,2025-12-11,2026-01-28,2.0,6450.4,3225.2,2025-12,328.0,1.0,48.0,1.25,ACTIVE_COHORT_MEMBER
C003640,2026-01-13,2026-02-04,2.0,3433.45,1716.725,2026-01,321.0,1.0,22.0,2.0,ACTIVE_COHORT_MEMBER
C003641,2026-03-31,2026-03-31,1.0,2011.8,2011.8,2026-03,266.0,0.0,0.0,1.0,ACTIVE_COHORT_MEMBER
C003642,2026-04-02,2026-11-23,2.0,5264.12,2632.06,2026-04,29.0,1.0,235.0,0.25531914893617025,ACTIVE_COHORT_MEMBER
C003643,2026-01-27,2026-06-02,5.0,12152.71,2430.542,2026-01,203.0,1.0,126.0,1.1904761904761905,ACTIVE_COHORT_MEMBER
C003644,2026-02-24,2026-03-15,2.0,5759.95,2879.975,2026-02,282.0,1.0,19.0,2.0,ACTIVE_COHORT_MEMBER
C003645,2025-09-07,2026-07-19,5.0,14208.82,2841.764,2025-09,156.0,1.0,315.0,0.47619047619047616,ACTIVE_COHORT_MEMBER
C003646,2025-10-16,2026-11-10,5.0,15893.95,3178.79,2025-10,42.0,1.0,390.0,0.38461538461538464,ACTIVE_COHORT_MEMBER
C003647,,,,,,,,,,,NO_BOOKING
C003648,,,,,,,,,,,NO_BOOKING
C003649,2026-04-02,2026-04-02,1.0,4987.29,4987.29,2026-04,264.0,0.0,0.0,1.0,ACTIVE_COHORT_MEMBER
C003650,,,,,,,,,,,NO_BOOKING
C003651,2026-08-22,2026-11-08,2.0,5377.36,2688.68,2026-08,44.0,1.0,78.0,0.7692307692307692,ACTIVE_COHORT_MEMBER
C003652,,,,,,,,,,,NO_BOOKING
C003653,2026-04-30,2026-04-30,1.0,1258.86,1258.86,2026-04,236.0,0.0,0.0,1.0,ACTIVE_COHORT_MEMBER
C003654,2026-07-21,2026-07-21,1.0,2704.62,2704.62,2026-07,154.0,0.0,0.0,1.0,ACTIVE_COHORT_MEMBER
C003655,2025-12-13,2026-06-14,2.0,5328.98,2664.49,2025-12,191.0,1.0,183.0,0.3278688524590164,ACTIVE_COHORT_MEMBER
C003656,2026-01-25,2026-05-25,2.0,3421.99,1710.995,2026-01,211.0,1.0,120.0,0.5,ACTIVE_COHORT_MEMBER
C003657,,,,,,,,,,,NO_BOOKING
C003658,2026-04-18,2026-09-14,3.0,6004.33,2001.4433333333334,2026-04,99.0,1.0,149.0,0.6040268456375839,ACTIVE_COHORT_MEMBER
C003659,,,,,,,,,,,NO_BOOKING
C003660,2026-02-02,2026-03-30,2.0,7134.33,3567.165,2026-02,267.0,1.0,56.0,1.0714285714285714,ACTIVE_COHORT_MEMBER
C003661,,,,,,,,,,,NO_BOOKING
C003662,2026-06-18,2026-06-18,1.0,2250.37,2250.37,2026-06,187.0,0.0,0.0,1.0,ACTIVE_COHORT_MEMBER
C003663,2026-08-28,2026-08-28,1.0,4904.05,4904.05,2026-08,116.0,0.0,0.0,1.0,ACTIVE_COHORT_MEMBER
C003664,2026-07-05,2026-09-02,2.0,3533.9,1766.95,2026-07,111.0,1.0,59.0,1.0169491525423728,ACTIVE_COHORT_MEMBER
C003665,2026-01-05,2026-01-05,1.0,1461.01,1461.01,2026-01,351.0,0.0,0.0,1.0,ACTIVE_COHORT_MEMBER
C003666,2026-01-12,2026-04-08,2.0,7695.5,3847.75,2026-01,258.0,1.0,86.0,0.6976744186046512,ACTIVE_COHORT_MEMBER
C003667,2026-08-12,2026-08-12,1.0,1737.68,1737.68,2026-08,132.0,0.0,0.0,1.0,ACTIVE_COHORT_MEMBER
C003668,2025-11-12,2026-08-03,2.0,4618.32,2309.16,2025-11,141.0,1.0,264.0,0.22727272727272727,ACTIVE_COHORT_MEMBER
C003669,,,,,,,,,,,NO_BOOKING
C003670,2026-08-08,2026-08-08,1.0,4310.6,4310.6,2026-08,136.0,0.0,0.0,1.0,ACTIVE_COHORT_MEMBER
C003671,2026-05-18,2026-07-11,3.0,10619.45,3539.816666666667,2026-05,164.0,1.0,54.0,1.6666666666666665,ACTIVE_COHORT_MEMBER
C003672,2026-04-13,2026-04-13,1.0,1995.07,1995.07,2026-04,253.0,0.0,0.0,1.0,ACTIVE_COHORT_MEMBER
C003673,2025-08-12,2026-07-20,4.0,12143.27,3035.8175,2025-08,155.0,1.0,342.0,0.3508771929824561,ACTIVE_COHORT_MEMBER
C003674,2026-03-16,2026-06-18,2.0,7722.33,3861.165,2026-03,187.0,1.0,94.0,0.6382978723404256,ACTIVE_COHORT_MEMBER
C003675,2025-11-19,2026-02-15,2.0,4041.09,2020.545,2025-11,310.0,1.0,88.0,0.6818181818181819,ACTIVE_COHORT_MEMBER
C003676,2025-11-12,2026-09-30,5.0,9452.84,1890.568,2025-11,83.0,1.0,322.0,0.46583850931677023,ACTIVE_COHORT_MEMBER
C003677,2025-09-14,2026-05-03,3.0,7848.6900000000005,2616.23,2025-09,233.0,1.0,231.0,0.38961038961038963,ACTIVE_COHORT_MEMBER
C003678,2025-08-28,2025-10-23,3.0,6264.73,2088.2433333333333,2025-08,425.0,1.0,56.0,1.6071428571428572,ACTIVE_COHORT_MEMBER
C003679,2026-06-23,2026-06-23,1.0,1340.96,1340.96,2026-06,182.0,0.0,0.0,1.0,ACTIVE_COHORT_MEMBER
C003680,2026-06-12,2026-06-12,1.0,1725.94,1725.94,2026-06,193.0,0.0,0.0,1.0,ACTIVE_COHORT_MEMBER
C003681,,,,,,,,,,,NO_BOOKING
C003682,2025-09-16,2026-11-25,4.0,9167.6,2291.9,2025-09,27.0,1.0,435.0,0.27586206896551724,ACTIVE_COHORT_MEMBER
C003683,2026-04-03,2026-04-25,2.0,5406.570000000001,2703.2850000000003,2026-04,241.0,1.0,22.0,2.0,ACTIVE_COHORT_MEMBER
C003684,2025-12-18,2026-03-16,2.0,8061.0,4030.5,2025-12,281.0,1.0,88.0,0.6818181818181819,ACTIVE_COHORT_MEMBER
C003685,,,,,,,,,,,NO_BOOKING
C003686,,,,,,,,,,,NO_BOOKING
C003687,2026-02-19,2026-02-19,1.0,1384.03,1384.03,2026-02,306.0,0.0,0.0,1.0,ACTIVE_COHORT_MEMBER
C003688,2026-02-20,2026-05-15,2.0,7674.39,3837.195,2026-02,221.0,1.0,84.0,0.7142857142857143,ACTIVE_COHORT_MEMBER
C003689,,,,,,,,,,,NO_BOOKING
C003690,,,,,,,,,,,NO_BOOKING
C003691,2026-01-28,2026-11-20,3.0,4883.74,1627.9133333333332,2026-01,32.0,1.0,296.0,0.30405405405405406,ACTIVE_COHORT_MEMBER
C003692,2025-08-26,2025-08-26,1.0,4500.38,4500.38,2025-08,483.0,0.0,0.0,1.0,ACTIVE_COHORT_MEMBER
C003693,,,,,,,,,,,NO_BOOKING
C003694,,,,,,,,,,,NO_BOOKING
C003695,2025-10-03,2025-10-03,1.0,2803.27,2803.27,2025-10,445.0,0.0,0.0,1.0,ACTIVE_COHORT_MEMBER
C003696,2026-08-01,2026-08-01,1.0,730.22,730.22,2026-08,143.0,0.0,0.0,1.0,ACTIVE_COHORT_MEMBER
C003697,2026-01-07,2026-09-23,3.0,8059.3099999999995,2686.4366666666665,2026-01,90.0,1.0,259.0,0.3474903474903475,ACTIVE_COHORT_MEMBER
C003698,2026-02-28,2026-09-07,4.0,10704.75,2676.1875,2026-02,106.0,1.0,191.0,0.6282722513089005,ACTIVE_COHORT_MEMBER
C003699,,,,,,,,,,,NO_BOOKING
C003700,2026-03-08,2026-05-30,3.0,5207.66,1735.8866666666665,2026-03,206.0,1.0,83.0,1.0843373493975903,ACTIVE_COHORT_MEMBER
C003701,2025-11-14,2026-04-12,2.0,8791.51,4395.755,2025-11,254.0,1.0,149.0,0.40268456375838924,ACTIVE_COHORT_MEMBER
C003702,2025-10-19,2026-05-14,3.0,8477.5,2825.8333333333335,2025-10,222.0,1.0,207.0,0.43478260869565216,ACTIVE_COHORT_MEMBER
C003703,2025-10-22,2026-07-09,2.0,1899.77,949.885,2025-10,166.0,1.0,260.0,0.23076923076923078,ACTIVE_COHORT_MEMBER
C003704,,,,,,,,,,,NO_BOOKING
C003705,,,,,,,,,,,NO_BOOKING
C003706,2026-03-24,2026-03-24,1.0,2293.19,2293.19,2026-03,273.0,0.0,0.0,1.0,ACTIVE_COHORT_MEMBER
C003707,,,,,,,,,,,NO_BOOKING
C003708,,,,,,,,,,,NO_BOOKING
C003709,,,,,,,,,,,NO_BOOKING
C003710,2026-01-14,2026-04-05,2.0,7603.97,3801.985,2026-01,261.0,1.0,81.0,0.7407407407407407,ACTIVE_COHORT_MEMBER
C003711,,,,,,,,,,,NO_BOOKING
C003712,2026-01-29,2026-01-29,1.0,2162.34,2162.34,2026-01,327.0,0.0,0.0,1.0,ACTIVE_COHORT_MEMBER
C003713,2026-06-07,2026-06-07,1.0,618.59,618.59,2026-06,198.0,0.0,0.0,1.0,ACTIVE_COHORT_MEMBER
C003714,2025-12-07,2026-10-02,3.0,8667.61,2889.2033333333334,2025-12,81.0,1.0,299.0,0.3010033444816054,ACTIVE_COHORT_MEMBER
C003715,2026-09-21,2026-09-21,1.0,1083.36,1083.36,2026-09,92.0,0.0,0.0,1.0,ACTIVE_COHORT_MEMBER
C003716,2026-01-24,2026-10-31,2.0,8139.53,4069.765,2026-01,52.0,1.0,280.0,0.21428571428571427,ACTIVE_COHORT_MEMBER
C003717,2025-12-19,2026-12-11,3.0,10139.39,3379.7966666666666,2025-12,11.0,1.0,357.0,0.25210084033613445,ACTIVE_COHORT_MEMBER
C003718,,,,,,,,,,,NO_BOOKING
C003719,2025-12-01,2026-04-06,4.0,9344.44,2336.11,2025-12,260.0,1.0,126.0,0.9523809523809523,ACTIVE_COHORT_MEMBER
C003720,2025-09-22,2026-11-27,8.0,22381.16,2797.645,2025-09,25.0,1.0,431.0,0.5568445475638051,ACTIVE_COHORT_MEMBER
C003721,2025-11-11,2026-06-10,2.0,4227.38,2113.69,2025-11,195.0,1.0,211.0,0.2843601895734597,ACTIVE_COHORT_MEMBER
C003722,,,,,,,,,,,NO_BOOKING
C003723,2026-02-21,2026-11-14,3.0,11765.470000000001,3921.8233333333337,2026-02,38.0,1.0,266.0,0.3383458646616541,ACTIVE_COHORT_MEMBER
C003724,2026-03-05,2026-03-16,2.0,6317.02,3158.51,2026-03,281.0,1.0,11.0,2.0,ACTIVE_COHORT_MEMBER
C003725,2026-01-30,2026-01-30,1.0,967.72,967.72,2026-01,326.0,0.0,0.0,1.0,ACTIVE_COHORT_MEMBER
C003726,2026-02-25,2026-02-25,1.0,1407.29,1407.29,2026-02,300.0,0.0,0.0,1.0,ACTIVE_COHORT_MEMBER
C003727,2025-10-14,2026-07-18,4.0,9056.390000000001,2264.0975000000003,2025-10,157.0,1.0,277.0,0.43321299638989175,ACTIVE_COHORT_MEMBER
C003728,2026-01-30,2026-06-16,3.0,5510.05,1836.6833333333334,2026-01,189.0,1.0,137.0,0.6569343065693432,ACTIVE_COHORT_MEMBER
C003729,,,,,,,,,,,NO_BOOKING
C003730,2026-03-15,2026-09-24,2.0,4458.05,2229.025,2026-03,89.0,1.0,193.0,0.31088082901554404,ACTIVE_COHORT_MEMBER
C003731,2026-01-10,2026-05-31,2.0,5357.07,2678.535,2026-01,205.0,1.0,141.0,0.425531914893617,ACTIVE_COHORT_MEMBER
C003732,2026-01-10,2026-05-12,3.0,8965.63,2988.543333333333,2026-01,224.0,1.0,122.0,0.7377049180327869,ACTIVE_COHORT_MEMBER
C003733,2025-09-20,2026-06-08,2.0,7320.59,3660.295,2025-09,197.0,1.0,261.0,0.2298850574712644,ACTIVE_COHORT_MEMBER
C003734,2026-07-30,2026-07-30,1.0,1326.4,1326.4,2026-07,145.0,0.0,0.0,1.0,ACTIVE_COHORT_MEMBER
C003735,2025-10-18,2026-05-26,5.0,17152.41,3430.482,2025-10,210.0,1.0,220.0,0.6818181818181819,ACTIVE_COHORT_MEMBER
C003736,2025-09-08,2026-06-19,6.0,14673.16,2445.5266666666666,2025-09,186.0,1.0,284.0,0.6338028169014085,ACTIVE_COHORT_MEMBER
C003737,2026-03-06,2026-05-09,2.0,2612.31,1306.155,2026-03,227.0,1.0,64.0,0.9375,ACTIVE_COHORT_MEMBER
C003738,2026-04-05,2026-05-28,2.0,1642.19,821.095,2026-04,208.0,1.0,53.0,1.1320754716981132,ACTIVE_COHORT_MEMBER
C003739,2026-06-19,2026-10-14,2.0,3973.8900000000003,1986.9450000000002,2026-06,69.0,1.0,117.0,0.5128205128205129,ACTIVE_COHORT_MEMBER
C003740,2025-12-10,2025-12-10,1.0,2645.03,2645.03,2025-12,377.0,0.0,0.0,1.0,ACTIVE_COHORT_MEMBER
C003741,2025-10-08,2026-06-06,2.0,1233.12,616.56,2025-10,199.0,1.0,241.0,0.24896265560165975,ACTIVE_COHORT_MEMBER
C003742,2026-05-23,2026-07-14,2.0,6928.27,3464.135,2026-05,161.0,1.0,52.0,1.1538461538461537,ACTIVE_COHORT_MEMBER
C003743,,,,,,,,,,,NO_BOOKING
C003744,2025-11-02,2026-04-02,2.0,6142.53,3071.265,2025-11,264.0,1.0,151.0,0.3973509933774835,ACTIVE_COHORT_MEMBER
C003745,2026-04-21,2026-09-15,3.0,11079.93,3693.31,2026-04,98.0,1.0,147.0,0.6122448979591836,ACTIVE_COHORT_MEMBER
C003746,,,,,,,,,,,NO_BOOKING
C003747,2026-03-22,2026-03-22,1.0,1016.1,1016.1,2026-03,275.0,0.0,0.0,1.0,ACTIVE_COHORT_MEMBER
C003748,2025-12-02,2026-04-29,4.0,8956.97,2239.2425,2025-12,237.0,1.0,148.0,0.8108108108108107,ACTIVE_COHORT_MEMBER
C003749,2025-11-26,2026-08-18,5.0,15913.460000000001,3182.692,2025-11,126.0,1.0,265.0,0.5660377358490566,ACTIVE_COHORT_MEMBER
C003750,2025-08-24,2025-08-24,1.0,972.63,972.63,2025-08,485.0,0.0,0.0,1.0,ACTIVE_COHORT_MEMBER
C003751,2026-06-13,2026-06-13,1.0,3906.93,3906.93,2026-06,192.0,0.0,0.0,1.0,ACTIVE_COHORT_MEMBER
C003752,2026-07-21,2026-07-21,1.0,4039.0,4039.0,2026-07,154.0,0.0,0.0,1.0,ACTIVE_COHORT_MEMBER
C003753,2026-07-14,2026-07-25,2.0,7328.7,3664.35,2026-07,150.0,1.0,11.0,2.0,ACTIVE_COHORT_MEMBER
C003754,,,,,,,,,,,NO_BOOKING
C003755,2026-05-11,2026-05-11,1.0,1253.89,1253.89,2026-05,225.0,0.0,0.0,1.0,ACTIVE_COHORT_MEMBER
C003756,,,,,,,,,,,NO_BOOKING
C003757,2026-04-30,2026-09-20,2.0,4998.37,2499.185,2026-04,93.0,1.0,143.0,0.4195804195804196,ACTIVE_COHORT_MEMBER
C003758,2026-01-25,2026-05-04,3.0,7797.59,2599.1966666666667,2026-01,232.0,1.0,99.0,0.9090909090909092,ACTIVE_COHORT_MEMBER
C003759,2026-02-21,2026-09-11,3.0,8163.23,2721.0766666666664,2026-02,102.0,1.0,202.0,0.44554455445544555,ACTIVE_COHORT_MEMBER
C003760,2025-12-20,2026-02-28,2.0,9330.66,4665.33,2025-12,297.0,1.0,70.0,0.8571428571428571,ACTIVE_COHORT_MEMBER
C003761,2026-05-11,2026-05-26,2.0,5563.780000000001,2781.8900000000003,2026-05,210.0,1.0,15.0,2.0,ACTIVE_COHORT_MEMBER
C003762,2025-12-03,2025-12-03,1.0,4678.14,4678.14,2025-12,384.0,0.0,0.0,1.0,ACTIVE_COHORT_MEMBER
C003763,2025-10-07,2026-07-01,3.0,10940.65,3646.883333333333,2025-10,174.0,1.0,267.0,0.33707865168539325,ACTIVE_COHORT_MEMBER
C003764,2026-07-15,2026-07-15,1.0,1146.54,1146.54,2026-07,160.0,0.0,0.0,1.0,ACTIVE_COHORT_MEMBER
C003765,2025-08-30,2026-11-05,5.0,9432.29,1886.458,2025-08,47.0,1.0,432.0,0.3472222222222222,ACTIVE_COHORT_MEMBER
C003766,2025-10-29,2026-06-19,2.0,5712.6900000000005,2856.3450000000003,2025-10,186.0,1.0,233.0,0.2575107296137339,ACTIVE_COHORT_MEMBER
C003767,2026-03-06,2026-07-09,2.0,3241.6499999999996,1620.8249999999998,2026-03,166.0,1.0,125.0,0.48,ACTIVE_COHORT_MEMBER
C003768,2026-03-11,2026-03-11,1.0,2160.18,2160.18,2026-03,286.0,0.0,0.0,1.0,ACTIVE_COHORT_MEMBER
C003769,2026-09-05,2026-09-05,1.0,871.27,871.27,2026-09,108.0,0.0,0.0,1.0,ACTIVE_COHORT_MEMBER
C003770,2026-03-21,2026-06-07,2.0,6415.61,3207.805,2026-03,198.0,1.0,78.0,0.7692307692307692,ACTIVE_COHORT_MEMBER
C003771,2025-12-06,2026-03-14,3.0,6078.38,2026.1266666666668,2025-12,283.0,1.0,98.0,0.9183673469387755,ACTIVE_COHORT_MEMBER
C003772,2026-09-20,2026-09-20,1.0,968.85,968.85,2026-09,93.0,0.0,0.0,1.0,ACTIVE_COHORT_MEMBER
C003773,2026-06-27,2026-06-27,1.0,1126.88,1126.88,2026-06,178.0,0.0,0.0,1.0,ACTIVE_COHORT_MEMBER
C003774,,,,,,,,,,,NO_BOOKING
C003775,2026-03-17,2026-03-17,1.0,2461.09,2461.09,2026-03,280.0,0.0,0.0,1.0,ACTIVE_COHORT_MEMBER
C003776,2025-08-09,2026-01-30,2.0,7950.18,3975.09,2025-08,326.0,1.0,174.0,0.3448275862068966,ACTIVE_COHORT_MEMBER
C003777,2025-11-30,2025-11-30,1.0,617.3,617.3,2025-11,387.0,0.0,0.0,1.0,ACTIVE_COHORT_MEMBER
C003778,2026-07-25,2026-07-25,1.0,2043.61,2043.61,2026-07,150.0,0.0,0.0,1.0,ACTIVE_COHORT_MEMBER
C003779,2026-04-07,2026-05-20,3.0,7257.74,2419.2466666666664,2026-04,216.0,1.0,43.0,2.0930232558139537,ACTIVE_COHORT_MEMBER
C003780,2025-12-29,2026-04-16,2.0,3131.4800000000005,1565.7400000000002,2025-12,250.0,1.0,108.0,0.5555555555555556,ACTIVE_COHORT_MEMBER
C003781,,,,,,,,,,,NO_BOOKING
C003782,,,,,,,,,,,NO_BOOKING
C003783,2025-09-08,2025-09-08,1.0,1249.88,1249.88,2025-09,470.0,0.0,0.0,1.0,ACTIVE_COHORT_MEMBER
C003784,2026-02-15,2026-09-07,3.0,7741.05,2580.35,2026-02,106.0,1.0,204.0,0.4411764705882353,ACTIVE_COHORT_MEMBER
C003785,,,,,,,,,,,NO_BOOKING
C003786,,,,,,,,,,,NO_BOOKING
C003787,2026-01-30,2026-08-15,3.0,7684.83,2561.61,2026-01,129.0,1.0,197.0,0.4568527918781726,ACTIVE_COHORT_MEMBER
C003788,2026-02-15,2026-02-15,1.0,3358.12,3358.12,2026-02,310.0,0.0,0.0,1.0,ACTIVE_COHORT_MEMBER
C003789,2025-10-07,2026-02-08,2.0,7200.48,3600.24,2025-10,317.0,1.0,124.0,0.48387096774193544,ACTIVE_COHORT_MEMBER
C003790,2025-12-04,2026-08-03,3.0,7381.700000000001,2460.566666666667,2025-12,141.0,1.0,242.0,0.37190082644628103,ACTIVE_COHORT_MEMBER
C003791,,,,,,,,,,,NO_BOOKING
C003792,2026-06-09,2026-12-01,3.0,6321.8099999999995,2107.27,2026-06,21.0,1.0,175.0,0.5142857142857143,ACTIVE_COHORT_MEMBER
C003793,2025-12-11,2026-07-24,3.0,13257.49,4419.163333333333,2025-12,151.0,1.0,225.0,0.4,ACTIVE_COHORT_MEMBER
C003794,2025-11-17,2026-08-15,4.0,10415.380000000001,2603.8450000000003,2025-11,129.0,1.0,271.0,0.44280442804428044,ACTIVE_COHORT_MEMBER
C003795,,,,,,,,,,,NO_BOOKING
C003796,2026-02-05,2026-02-05,1.0,3379.75,3379.75,2026-02,320.0,0.0,0.0,1.0,ACTIVE_COHORT_MEMBER
C003797,2026-04-15,2026-04-15,1.0,4547.95,4547.95,2026-04,251.0,0.0,0.0,1.0,ACTIVE_COHORT_MEMBER
C003798,2026-01-06,2026-08-02,5.0,13587.67,2717.534,2026-01,142.0,1.0,208.0,0.7211538461538461,ACTIVE_COHORT_MEMBER
C003799,2026-03-09,2026-08-19,2.0,4857.9,2428.95,2026-03,125.0,1.0,163.0,0.36809815950920244,ACTIVE_COHORT_MEMBER
C003800,2026-02-15,2026-06-07,2.0,6598.87,3299.435,2026-02,198.0,1.0,112.0,0.5357142857142857,ACTIVE_COHORT_MEMBER
C003801,2026-07-16,2026-07-16,1.0,4941.54,4941.54,2026-07,159.0,0.0,0.0,1.0,ACTIVE_COHORT_MEMBER
C003802,2026-10-14,2026-10-14,1.0,3914.09,3914.09,2026-10,69.0,0.0,0.0,1.0,ACTIVE_COHORT_MEMBER
C003803,2025-12-16,2026-08-24,3.0,8045.049999999999,2681.683333333333,2025-12,120.0,1.0,251.0,0.3585657370517928,ACTIVE_COHORT_MEMBER
C003804,2025-08-28,2026-04-19,3.0,8352.77,2784.2566666666667,2025-08,247.0,1.0,234.0,0.38461538461538464,ACTIVE_COHORT_MEMBER
C003805,2026-05-30,2026-07-20,3.0,7924.17,2641.39,2026-05,155.0,1.0,51.0,1.7647058823529411,ACTIVE_COHORT_MEMBER
C003806,2026-09-03,2026-09-03,1.0,2015.56,2015.56,2026-09,110.0,0.0,0.0,1.0,ACTIVE_COHORT_MEMBER
C003807,2026-04-14,2026-08-16,3.0,11504.44,3834.8133333333335,2026-04,128.0,1.0,124.0,0.7258064516129031,ACTIVE_COHORT_MEMBER
C003808,2025-12-29,2026-02-09,2.0,7862.73,3931.365,2025-12,316.0,1.0,42.0,1.4285714285714286,ACTIVE_COHORT_MEMBER
C003809,2025-12-02,2025-12-20,2.0,5441.15,2720.575,2025-12,367.0,1.0,18.0,2.0,ACTIVE_COHORT_MEMBER
C003810,2026-03-05,2026-06-15,2.0,8388.54,4194.27,2026-03,190.0,1.0,102.0,0.5882352941176471,ACTIVE_COHORT_MEMBER
C003811,2026-02-22,2026-09-08,2.0,8891.220000000001,4445.610000000001,2026-02,105.0,1.0,198.0,0.30303030303030304,ACTIVE_COHORT_MEMBER
C003812,2026-01-04,2026-05-17,2.0,5393.67,2696.835,2026-01,219.0,1.0,133.0,0.45112781954887216,ACTIVE_COHORT_MEMBER
C003813,2026-02-15,2026-02-15,1.0,904.19,904.19,2026-02,310.0,0.0,0.0,1.0,ACTIVE_COHORT_MEMBER
C003814,,,,,,,,,,,NO_BOOKING
C003815,2025-10-17,2026-09-25,3.0,13097.48,4365.826666666667,2025-10,88.0,1.0,343.0,0.26239067055393583,ACTIVE_COHORT_MEMBER
C003816,2026-02-17,2026-08-18,3.0,5440.84,1813.6133333333335,2026-02,126.0,1.0,182.0,0.4945054945054945,ACTIVE_COHORT_MEMBER
C003817,2026-05-18,2026-05-18,1.0,991.01,991.01,2026-05,218.0,0.0,0.0,1.0,ACTIVE_COHORT_MEMBER
C003818,,,,,,,,,,,NO_BOOKING
C003819,2026-02-26,2026-02-26,1.0,3345.66,3345.66,2026-02,299.0,0.0,0.0,1.0,ACTIVE_COHORT_MEMBER
C003820,,,,,,,,,,,NO_BOOKING
C003821,2026-01-30,2026-01-30,1.0,3633.96,3633.96,2026-01,326.0,0.0,0.0,1.0,ACTIVE_COHORT_MEMBER
C003822,2026-03-26,2026-03-26,1.0,3596.78,3596.78,2026-03,271.0,0.0,0.0,1.0,ACTIVE_COHORT_MEMBER
C003823,2026-09-02,2026-09-02,1.0,663.98,663.98,2026-09,111.0,0.0,0.0,1.0,ACTIVE_COHORT_MEMBER
C003824,2026-05-06,2026-09-04,4.0,8666.689999999999,2166.6724999999997,2026-05,109.0,1.0,121.0,0.9917355371900827,ACTIVE_COHORT_MEMBER
C003825,2025-12-28,2026-04-23,2.0,4687.79,2343.895,2025-12,243.0,1.0,116.0,0.5172413793103449,ACTIVE_COHORT_MEMBER
C003826,2025-11-28,2026-10-02,2.0,3880.13,1940.065,2025-11,81.0,1.0,308.0,0.1948051948051948,ACTIVE_COHORT_MEMBER
C003827,2025-09-19,2025-09-19,1.0,1238.05,1238.05,2025-09,459.0,0.0,0.0,1.0,ACTIVE_COHORT_MEMBER
C003828,,,,,,,,,,,NO_BOOKING
C003829,2026-02-27,2026-05-14,3.0,6678.99,2226.33,2026-02,222.0,1.0,76.0,1.1842105263157896,ACTIVE_COHORT_MEMBER
C003830,2026-01-24,2026-07-11,3.0,9250.25,3083.4166666666665,2026-01,164.0,1.0,168.0,0.5357142857142857,ACTIVE_COHORT_MEMBER
C003831,2026-03-03,2026-08-26,2.0,8406.97,4203.485,2026-03,118.0,1.0,176.0,0.34090909090909094,ACTIVE_COHORT_MEMBER
C003832,2026-08-09,2026-08-09,1.0,3791.52,3791.52,2026-08,135.0,0.0,0.0,1.0,ACTIVE_COHORT_MEMBER
C003833,2025-12-15,2026-01-21,3.0,14126.599999999999,4708.866666666666,2025-12,335.0,1.0,37.0,2.4324324324324325,ACTIVE_COHORT_MEMBER
C003834,,,,,,,,,,,NO_BOOKING
C003835,,,,,,,,,,,NO_BOOKING
C003836,2025-12-04,2026-05-23,2.0,6465.1,3232.55,2025-12,213.0,1.0,170.0,0.3529411764705882,ACTIVE_COHORT_MEMBER
C003837,2026-08-13,2026-08-29,2.0,6608.5599999999995,3304.2799999999997,2026-08,115.0,1.0,16.0,2.0,ACTIVE_COHORT_MEMBER
C003838,,,,,,,,,,,NO_BOOKING
C003839,,,,,,,,,,,NO_BOOKING
C003840,2025-12-26,2026-10-30,4.0,12304.22,3076.055,2025-12,53.0,1.0,308.0,0.3896103896103896,ACTIVE_COHORT_MEMBER
C003841,2025-09-04,2026-03-29,2.0,1832.2800000000002,916.1400000000001,2025-09,268.0,1.0,206.0,0.29126213592233013,ACTIVE_COHORT_MEMBER
C003842,2026-01-27,2026-04-24,2.0,3621.1000000000004,1810.5500000000002,2026-01,242.0,1.0,87.0,0.6896551724137931,ACTIVE_COHORT_MEMBER
C003843,,,,,,,,,,,NO_BOOKING
C003844,2026-01-11,2026-01-11,1.0,3542.47,3542.47,2026-01,345.0,0.0,0.0,1.0,ACTIVE_COHORT_MEMBER
C003845,,,,,,,,,,,NO_BOOKING
C003846,2025-12-18,2026-03-20,3.0,5010.77,1670.256666666667,2025-12,277.0,1.0,92.0,0.9782608695652173,ACTIVE_COHORT_MEMBER
C003847,,,,,,,,,,,NO_BOOKING
C003848,2026-04-07,2026-09-27,2.0,6463.4,3231.7,2026-04,86.0,1.0,173.0,0.3468208092485549,ACTIVE_COHORT_MEMBER
C003849,2026-01-05,2026-11-26,2.0,3425.61,1712.805,2026-01,26.0,1.0,325.0,0.1846153846153846,ACTIVE_COHORT_MEMBER
C003850,2025-11-28,2025-11-28,1.0,3092.77,3092.77,2025-11,389.0,0.0,0.0,1.0,ACTIVE_COHORT_MEMBER
C003851,2025-11-10,2026-11-14,3.0,4850.6,1616.8666666666668,2025-11,38.0,1.0,369.0,0.24390243902439024,ACTIVE_COHORT_MEMBER
C003852,2026-01-08,2026-03-25,2.0,7565.469999999999,3782.7349999999997,2026-01,272.0,1.0,76.0,0.7894736842105263,ACTIVE_COHORT_MEMBER
C003853,,,,,,,,,,,NO_BOOKING
C003854,2026-02-16,2026-02-16,1.0,4603.82,4603.82,2026-02,309.0,0.0,0.0,1.0,ACTIVE_COHORT_MEMBER
C003855,2025-11-04,2026-09-22,8.0,20527.56,2565.945,2025-11,91.0,1.0,322.0,0.7453416149068324,ACTIVE_COHORT_MEMBER
C003856,,,,,,,,,,,NO_BOOKING
C003857,2026-06-04,2026-10-10,3.0,8759.4,2919.7999999999997,2026-06,73.0,1.0,128.0,0.703125,ACTIVE_COHORT_MEMBER
C003858,,,,,,,,,,,NO_BOOKING
C003859,2026-01-29,2026-01-29,1.0,1984.98,1984.98,2026-01,327.0,0.0,0.0,1.0,ACTIVE_COHORT_MEMBER
C003860,,,,,,,,,,,NO_BOOKING
C003861,2026-01-04,2026-01-04,1.0,2134.63,2134.63,2026-01,352.0,0.0,0.0,1.0,ACTIVE_COHORT_MEMBER
C003862,2026-01-25,2026-07-23,2.0,5305.950000000001,2652.9750000000004,2026-01,152.0,1.0,179.0,0.33519553072625696,ACTIVE_COHORT_MEMBER
C003863,2026-01-19,2026-02-24,2.0,4246.4,2123.2,2026-01,301.0,1.0,36.0,1.6666666666666667,ACTIVE_COHORT_MEMBER
C003864,2025-12-19,2025-12-19,1.0,2988.67,2988.67,2025-12,368.0,0.0,0.0,1.0,ACTIVE_COHORT_MEMBER
C003865,2026-03-06,2026-03-06,1.0,815.44,815.44,2026-03,291.0,0.0,0.0,1.0,ACTIVE_COHORT_MEMBER
C003866,2025-08-29,2026-07-31,3.0,7410.23,2470.0766666666664,2025-08,144.0,1.0,336.0,0.26785714285714285,ACTIVE_COHORT_MEMBER
C003867,2026-05-18,2026-11-06,2.0,8085.5,4042.75,2026-05,46.0,1.0,172.0,0.3488372093023256,ACTIVE_COHORT_MEMBER
C003868,2025-10-11,2026-10-02,3.0,5039.74,1679.9133333333332,2025-10,81.0,1.0,356.0,0.25280898876404495,ACTIVE_COHORT_MEMBER
C003869,2026-02-06,2026-10-19,3.0,12730.86,4243.62,2026-02,64.0,1.0,255.0,0.35294117647058826,ACTIVE_COHORT_MEMBER
C003870,2026-07-09,2026-07-09,1.0,1606.68,1606.68,2026-07,166.0,0.0,0.0,1.0,ACTIVE_COHORT_MEMBER
C003871,2026-01-13,2026-07-19,2.0,2349.94,1174.97,2026-01,156.0,1.0,187.0,0.32085561497326204,ACTIVE_COHORT_MEMBER
C003872,2026-05-20,2026-06-11,2.0,7511.84,3755.92,2026-05,194.0,1.0,22.0,2.0,ACTIVE_COHORT_MEMBER
C003873,,,,,,,,,,,NO_BOOKING
C003874,2026-04-07,2026-04-07,1.0,2374.41,2374.41,2026-04,259.0,0.0,0.0,1.0,ACTIVE_COHORT_MEMBER
C003875,2026-04-30,2026-07-27,2.0,6011.97,3005.985,2026-04,148.0,1.0,88.0,0.6818181818181819,ACTIVE_COHORT_MEMBER
C003876,2025-12-10,2026-06-16,4.0,12809.029999999999,3202.2574999999997,2025-12,189.0,1.0,188.0,0.6382978723404256,ACTIVE_COHORT_MEMBER
C003877,2026-04-18,2026-07-16,2.0,7802.65,3901.325,2026-04,159.0,1.0,89.0,0.6741573033707865,ACTIVE_COHORT_MEMBER
C003878,2026-04-02,2026-04-02,1.0,4146.33,4146.33,2026-04,264.0,0.0,0.0,1.0,ACTIVE_COHORT_MEMBER
C003879,2026-04-12,2026-05-25,2.0,1834.08,917.04,2026-04,211.0,1.0,43.0,1.3953488372093024,ACTIVE_COHORT_MEMBER
C003880,2026-03-05,2026-08-17,2.0,3801.1899999999996,1900.5949999999998,2026-03,127.0,1.0,165.0,0.36363636363636365,ACTIVE_COHORT_MEMBER
C003881,2026-09-05,2026-09-05,1.0,2069.25,2069.25,2026-09,108.0,0.0,0.0,1.0,ACTIVE_COHORT_MEMBER
C003882,,,,,,,,,,,NO_BOOKING
C003883,2026-04-06,2026-04-06,1.0,2927.34,2927.34,2026-04,260.0,0.0,0.0,1.0,ACTIVE_COHORT_MEMBER
C003884,2025-08-10,2025-09-18,2.0,3302.0,1651.0,2025-08,460.0,1.0,39.0,1.5384615384615383,ACTIVE_COHORT_MEMBER
C003885,2026-01-09,2026-01-09,1.0,3242.51,3242.51,2026-01,347.0,0.0,0.0,1.0,ACTIVE_COHORT_MEMBER
C003886,2026-08-28,2026-08-28,1.0,3550.01,3550.01,2026-08,116.0,0.0,0.0,1.0,ACTIVE_COHORT_MEMBER
C003887,,,,,,,,,,,NO_BOOKING
C003888,,,,,,,,,,,NO_BOOKING
C003889,2026-05-29,2026-08-23,3.0,6191.98,2063.9933333333333,2026-05,121.0,1.0,86.0,1.0465116279069768,ACTIVE_COHORT_MEMBER
C003890,,,,,,,,,,,NO_BOOKING
C003891,2026-08-08,2026-08-08,1.0,1355.99,1355.99,2026-08,136.0,0.0,0.0,1.0,ACTIVE_COHORT_MEMBER
C003892,,,,,,,,,,,NO_BOOKING
C003893,2026-07-11,2026-07-11,1.0,2343.0,2343.0,2026-07,164.0,0.0,0.0,1.0,ACTIVE_COHORT_MEMBER
C003894,2026-01-04,2026-08-12,3.0,7716.4,2572.133333333333,2026-01,132.0,1.0,220.0,0.4090909090909091,ACTIVE_COHORT_MEMBER
C003895,2025-11-22,2025-11-22,1.0,3962.95,3962.95,2025-11,395.0,0.0,0.0,1.0,ACTIVE_COHORT_MEMBER
C003896,2025-12-14,2026-07-01,2.0,6794.58,3397.29,2025-12,174.0,1.0,199.0,0.3015075376884422,ACTIVE_COHORT_MEMBER
C003897,2025-10-30,2026-05-30,2.0,9048.98,4524.49,2025-10,206.0,1.0,212.0,0.2830188679245283,ACTIVE_COHORT_MEMBER
C003898,2025-12-31,2026-08-17,3.0,7428.88,2476.2933333333335,2025-12,127.0,1.0,229.0,0.3930131004366812,ACTIVE_COHORT_MEMBER
C003899,,,,,,,,,,,NO_BOOKING
C003900,2025-12-13,2026-08-29,3.0,8089.05,2696.35,2025-12,115.0,1.0,259.0,0.3474903474903475,ACTIVE_COHORT_MEMBER
C003901,2026-09-01,2026-09-01,1.0,2054.63,2054.63,2026-09,112.0,0.0,0.0,1.0,ACTIVE_COHORT_MEMBER
C003902,2025-11-20,2026-06-10,3.0,7612.62,2537.54,2025-11,195.0,1.0,202.0,0.44554455445544555,ACTIVE_COHORT_MEMBER
C003903,2026-07-11,2026-07-11,1.0,1834.01,1834.01,2026-07,164.0,0.0,0.0,1.0,ACTIVE_COHORT_MEMBER
C003904,2026-10-15,2026-10-15,1.0,3705.63,3705.63,2026-10,68.0,0.0,0.0,1.0,ACTIVE_COHORT_MEMBER
C003905,2025-11-13,2026-03-19,3.0,7517.5599999999995,2505.853333333333,2025-11,278.0,1.0,126.0,0.7142857142857143,ACTIVE_COHORT_MEMBER
C003906,2026-06-13,2026-06-13,1.0,3765.63,3765.63,2026-06,192.0,0.0,0.0,1.0,ACTIVE_COHORT_MEMBER
C003907,2026-01-12,2026-07-28,6.0,14442.11,2407.0183333333334,2026-01,147.0,1.0,197.0,0.9137055837563453,ACTIVE_COHORT_MEMBER
C003908,2026-03-06,2026-06-04,2.0,5040.9400000000005,2520.4700000000003,2026-03,201.0,1.0,90.0,0.6666666666666666,ACTIVE_COHORT_MEMBER
C003909,2026-07-31,2026-09-18,2.0,7184.639999999999,3592.3199999999997,2026-07,95.0,1.0,49.0,1.2244897959183674,ACTIVE_COHORT_MEMBER
C003910,,,,,,,,,,,NO_BOOKING
C003911,,,,,,,,,,,NO_BOOKING
C003912,2025-09-22,2025-09-22,1.0,4308.11,4308.11,2025-09,456.0,0.0,0.0,1.0,ACTIVE_COHORT_MEMBER
C003913,,,,,,,,,,,NO_BOOKING
C003914,2026-04-01,2026-04-01,1.0,1896.25,1896.25,2026-04,265.0,0.0,0.0,1.0,ACTIVE_COHORT_MEMBER
C003915,,,,,,,,,,,NO_BOOKING
C003916,2026-06-11,2026-06-11,1.0,2877.52,2877.52,2026-06,194.0,0.0,0.0,1.0,ACTIVE_COHORT_MEMBER
C003917,2026-03-16,2026-03-16,1.0,1098.0,1098.0,2026-03,281.0,0.0,0.0,1.0,ACTIVE_COHORT_MEMBER
C003918,2026-01-29,2026-04-14,2.0,6795.08,3397.54,2026-01,252.0,1.0,75.0,0.8,ACTIVE_COHORT_MEMBER
C003919,2026-11-14,2026-11-14,1.0,4666.28,4666.28,2026-11,38.0,0.0,0.0,1.0,ACTIVE_COHORT_MEMBER
C003920,2026-08-11,2026-08-11,1.0,3431.65,3431.65,2026-08,133.0,0.0,0.0,1.0,ACTIVE_COHORT_MEMBER
C003921,2026-03-25,2026-11-24,3.0,8306.56,2768.853333333333,2026-03,28.0,1.0,244.0,0.36885245901639346,ACTIVE_COHORT_MEMBER
C003922,,,,,,,,,,,NO_BOOKING
C003923,2025-11-11,2025-11-11,1.0,2422.63,2422.63,2025-11,406.0,0.0,0.0,1.0,ACTIVE_COHORT_MEMBER
C003924,2026-02-21,2026-04-07,3.0,8545.619999999999,2848.5399999999995,2026-02,259.0,1.0,45.0,2.0,ACTIVE_COHORT_MEMBER
C003925,2026-02-06,2026-07-09,3.0,5266.05,1755.3500000000001,2026-02,166.0,1.0,153.0,0.5882352941176471,ACTIVE_COHORT_MEMBER
C003926,2026-04-01,2026-12-01,2.0,9010.529999999999,4505.264999999999,2026-04,21.0,1.0,244.0,0.24590163934426232,ACTIVE_COHORT_MEMBER
C003927,2025-12-02,2026-08-05,2.0,3170.34,1585.17,2025-12,139.0,1.0,246.0,0.24390243902439027,ACTIVE_COHORT_MEMBER
C003928,2026-02-10,2026-02-10,1.0,4823.4,4823.4,2026-02,315.0,0.0,0.0,1.0,ACTIVE_COHORT_MEMBER
C003929,2026-05-03,2026-05-24,2.0,4199.99,2099.995,2026-05,212.0,1.0,21.0,2.0,ACTIVE_COHORT_MEMBER
C003930,2026-05-02,2026-05-02,1.0,897.34,897.34,2026-05,234.0,0.0,0.0,1.0,ACTIVE_COHORT_MEMBER
C003931,2026-07-21,2026-10-02,2.0,2528.99,1264.495,2026-07,81.0,1.0,73.0,0.8219178082191781,ACTIVE_COHORT_MEMBER
C003932,,,,,,,,,,,NO_BOOKING
C003933,2025-10-02,2026-11-06,3.0,8617.2,2872.4,2025-10,46.0,1.0,400.0,0.22499999999999998,ACTIVE_COHORT_MEMBER
C003934,2026-02-08,2026-02-08,1.0,3987.67,3987.67,2026-02,317.0,0.0,0.0,1.0,ACTIVE_COHORT_MEMBER
C003935,2026-01-13,2026-01-13,1.0,2439.88,2439.88,2026-01,343.0,0.0,0.0,1.0,ACTIVE_COHORT_MEMBER
C003936,2025-12-20,2026-08-28,4.0,10032.9,2508.225,2025-12,116.0,1.0,251.0,0.4780876494023904,ACTIVE_COHORT_MEMBER
C003937,2025-12-28,2025-12-28,1.0,3999.27,3999.27,2025-12,359.0,0.0,0.0,1.0,ACTIVE_COHORT_MEMBER
C003938,2026-02-27,2026-02-27,1.0,1433.57,1433.57,2026-02,298.0,0.0,0.0,1.0,ACTIVE_COHORT_MEMBER
C003939,2026-04-01,2026-04-01,1.0,570.12,570.12,2026-04,265.0,0.0,0.0,1.0,ACTIVE_COHORT_MEMBER
C003940,2026-03-07,2026-03-07,1.0,2642.43,2642.43,2026-03,290.0,0.0,0.0,1.0,ACTIVE_COHORT_MEMBER
C003941,2026-07-30,2026-08-10,2.0,3825.48,1912.74,2026-07,134.0,1.0,11.0,2.0,ACTIVE_COHORT_MEMBER
C003942,,,,,,,,,,,NO_BOOKING
C003943,,,,,,,,,,,NO_BOOKING
C003944,2025-10-30,2026-06-21,2.0,5207.12,2603.56,2025-10,184.0,1.0,234.0,0.25641025641025644,ACTIVE_COHORT_MEMBER
C003945,,,,,,,,,,,NO_BOOKING
C003946,2026-05-03,2026-05-03,1.0,2849.03,2849.03,2026-05,233.0,0.0,0.0,1.0,ACTIVE_COHORT_MEMBER
C003947,,,,,,,,,,,NO_BOOKING
C003948,2026-03-01,2026-03-01,1.0,4924.37,4924.37,2026-03,296.0,0.0,0.0,1.0,ACTIVE_COHORT_MEMBER
C003949,,,,,,,,,,,NO_BOOKING
C003950,2026-07-27,2026-07-27,1.0,1385.09,1385.09,2026-07,148.0,0.0,0.0,1.0,ACTIVE_COHORT_MEMBER
C003951,2026-04-28,2026-04-28,1.0,1707.3,1707.3,2026-04,238.0,0.0,0.0,1.0,ACTIVE_COHORT_MEMBER
C003952,2026-04-06,2026-07-13,2.0,4010.9700000000003,2005.4850000000001,2026-04,162.0,1.0,98.0,0.6122448979591837,ACTIVE_COHORT_MEMBER
C003953,2026-02-12,2026-06-10,3.0,8231.01,2743.67,2026-02,195.0,1.0,118.0,0.7627118644067797,ACTIVE_COHORT_MEMBER
C003954,2025-08-23,2026-04-10,3.0,6684.73,2228.2433333333333,2025-08,256.0,1.0,230.0,0.3913043478260869,ACTIVE_COHORT_MEMBER
C003955,2026-07-10,2026-07-10,1.0,3413.2,3413.2,2026-07,165.0,0.0,0.0,1.0,ACTIVE_COHORT_MEMBER
C003956,,,,,,,,,,,NO_BOOKING
C003957,2026-08-20,2026-08-20,1.0,644.43,644.43,2026-08,124.0,0.0,0.0,1.0,ACTIVE_COHORT_MEMBER
C003958,2025-11-15,2026-09-03,3.0,7026.33,2342.11,2025-11,110.0,1.0,292.0,0.3082191780821918,ACTIVE_COHORT_MEMBER
C003959,2026-09-18,2026-09-18,1.0,1415.99,1415.99,2026-09,95.0,0.0,0.0,1.0,ACTIVE_COHORT_MEMBER
C003960,2026-01-15,2026-07-15,5.0,13362.490000000002,2672.4980000000005,2026-01,160.0,1.0,181.0,0.8287292817679558,ACTIVE_COHORT_MEMBER
C003961,2026-09-07,2026-09-07,1.0,3847.57,3847.57,2026-09,106.0,0.0,0.0,1.0,ACTIVE_COHORT_MEMBER
C003962,2025-11-08,2026-05-10,2.0,2989.9300000000003,1494.9650000000001,2025-11,226.0,1.0,183.0,0.3278688524590164,ACTIVE_COHORT_MEMBER
C003963,2025-09-02,2025-12-31,2.0,3447.51,1723.755,2025-09,356.0,1.0,120.0,0.5,ACTIVE_COHORT_MEMBER
C003964,2026-08-11,2026-08-11,1.0,4393.36,4393.36,2026-08,133.0,0.0,0.0,1.0,ACTIVE_COHORT_MEMBER
C003965,2026-04-12,2026-04-12,1.0,2257.32,2257.32,2026-04,254.0,0.0,0.0,1.0,ACTIVE_COHORT_MEMBER
C003966,2025-11-27,2026-05-28,2.0,3568.23,1784.115,2025-11,208.0,1.0,182.0,0.32967032967032966,ACTIVE_COHORT_MEMBER
C003967,2025-11-03,2026-08-28,2.0,2498.17,1249.085,2025-11,116.0,1.0,298.0,0.20134228187919462,ACTIVE_COHORT_MEMBER
C003968,2026-08-13,2026-10-31,2.0,5710.92,2855.46,2026-08,52.0,1.0,79.0,0.759493670886076,ACTIVE_COHORT_MEMBER
C003969,2025-08-08,2026-08-03,2.0,5800.6,2900.3,2025-08,141.0,1.0,360.0,0.16666666666666666,ACTIVE_COHORT_MEMBER
C003970,2026-01-06,2026-05-26,4.0,7299.8099999999995,1824.9524999999999,2026-01,210.0,1.0,140.0,0.8571428571428571,ACTIVE_COHORT_MEMBER
C003971,2025-12-02,2026-09-28,3.0,5651.5599999999995,1883.8533333333332,2025-12,85.0,1.0,300.0,0.3,ACTIVE_COHORT_MEMBER
C003972,,,,,,,,,,,NO_BOOKING
C003973,2026-03-12,2026-03-12,1.0,1304.75,1304.75,2026-03,285.0,0.0,0.0,1.0,ACTIVE_COHORT_MEMBER
C003974,,,,,,,,,,,NO_BOOKING
C003975,2026-02-28,2026-02-28,1.0,4502.33,4502.33,2026-02,297.0,0.0,0.0,1.0,ACTIVE_COHORT_MEMBER
C003976,2026-04-19,2026-04-19,1.0,1236.35,1236.35,2026-04,247.0,0.0,0.0,1.0,ACTIVE_COHORT_MEMBER
C003977,2025-10-16,2026-09-09,4.0,5960.63,1490.1575,2025-10,104.0,1.0,328.0,0.36585365853658536,ACTIVE_COHORT_MEMBER
C003978,2026-03-16,2026-03-16,1.0,2415.41,2415.41,2026-03,281.0,0.0,0.0,1.0,ACTIVE_COHORT_MEMBER
C003979,2026-03-15,2026-03-15,1.0,723.61,723.61,2026-03,282.0,0.0,0.0,1.0,ACTIVE_COHORT_MEMBER
C003980,2025-10-01,2025-10-01,1.0,2815.49,2815.49,2025-10,447.0,0.0,0.0,1.0,ACTIVE_COHORT_MEMBER
C003981,2025-11-28,2025-11-28,1.0,2222.25,2222.25,2025-11,389.0,0.0,0.0,1.0,ACTIVE_COHORT_MEMBER
C003982,2025-10-06,2026-09-20,5.0,12940.89,2588.178,2025-10,93.0,1.0,349.0,0.42979942693409745,ACTIVE_COHORT_MEMBER
C003983,2026-01-02,2026-04-04,2.0,7301.41,3650.705,2026-01,262.0,1.0,92.0,0.6521739130434783,ACTIVE_COHORT_MEMBER
C003984,2025-11-25,2026-06-22,3.0,7901.4800000000005,2633.826666666667,2025-11,183.0,1.0,209.0,0.43062200956937796,ACTIVE_COHORT_MEMBER
C003985,,,,,,,,,,,NO_BOOKING
C003986,2025-11-06,2026-06-23,4.0,10844.66,2711.165,2025-11,182.0,1.0,229.0,0.5240174672489083,ACTIVE_COHORT_MEMBER
C003987,2026-01-26,2026-04-26,4.0,8868.82,2217.205,2026-01,240.0,1.0,90.0,1.3333333333333333,ACTIVE_COHORT_MEMBER
C003988,2026-06-29,2026-06-29,1.0,4565.29,4565.29,2026-06,176.0,0.0,0.0,1.0,ACTIVE_COHORT_MEMBER
C003989,2026-08-06,2026-10-31,3.0,6208.14,2069.38,2026-08,52.0,1.0,86.0,1.0465116279069768,ACTIVE_COHORT_MEMBER
C003990,,,,,,,,,,,NO_BOOKING
C003991,2025-12-16,2026-03-09,3.0,5393.39,1797.7966666666669,2025-12,288.0,1.0,83.0,1.0843373493975903,ACTIVE_COHORT_MEMBER
C003992,2026-02-17,2026-02-17,1.0,927.94,927.94,2026-02,308.0,0.0,0.0,1.0,ACTIVE_COHORT_MEMBER
C003993,2026-01-20,2026-11-20,2.0,5135.59,2567.795,2026-01,32.0,1.0,304.0,0.19736842105263158,ACTIVE_COHORT_MEMBER
C003994,2025-10-14,2026-08-14,3.0,9884.060000000001,3294.686666666667,2025-10,130.0,1.0,304.0,0.2960526315789474,ACTIVE_COHORT_MEMBER
C003995,2026-06-21,2026-06-21,1.0,876.46,876.46,2026-06,184.0,0.0,0.0,1.0,ACTIVE_COHORT_MEMBER
C003996,,,,,,,,,,,NO_BOOKING
C003997,2025-12-05,2026-05-22,2.0,7283.4,3641.7,2025-12,214.0,1.0,168.0,0.35714285714285715,ACTIVE_COHORT_MEMBER
C003998,,,,,,,,,,,NO_BOOKING
C003999,2025-11-16,2026-03-10,4.0,8797.57,2199.3925,2025-11,287.0,1.0,114.0,1.0526315789473684,ACTIVE_COHORT_MEMBER
C004000,2026-04-15,2026-08-31,2.0,3536.38,1768.19,2026-04,113.0,1.0,138.0,0.4347826086956522,ACTIVE_COHORT_MEMBER
C004001,2025-12-04,2026-10-07,5.0,15986.11,3197.222,2025-12,76.0,1.0,307.0,0.488599348534202,ACTIVE_COHORT_MEMBER
C004002,2026-11-10,2026-11-10,1.0,931.07,931.07,2026-11,42.0,0.0,0.0,1.0,ACTIVE_COHORT_MEMBER
C004003,2025-12-03,2025-12-03,1.0,3610.11,3610.11,2025-12,384.0,0.0,0.0,1.0,ACTIVE_COHORT_MEMBER
C004004,,,,,,,,,,,NO_BOOKING
C004005,,,,,,,,,,,NO_BOOKING
C004006,2025-11-04,2026-09-02,4.0,14705.9,3676.475,2025-11,111.0,1.0,302.0,0.3973509933774835,ACTIVE_COHORT_MEMBER
C004007,2026-02-12,2026-04-21,3.0,6022.87,2007.6233333333332,2026-02,245.0,1.0,68.0,1.3235294117647058,ACTIVE_COHORT_MEMBER
C004008,2026-10-04,2026-10-04,1.0,2954.9,2954.9,2026-10,79.0,0.0,0.0,1.0,ACTIVE_COHORT_MEMBER
C004009,2026-01-07,2026-08-09,4.0,10320.349999999999,2580.0874999999996,2026-01,135.0,1.0,214.0,0.5607476635514018,ACTIVE_COHORT_MEMBER
C004010,2026-01-23,2026-09-21,4.0,7026.4,1756.6,2026-01,92.0,1.0,241.0,0.4979253112033195,ACTIVE_COHORT_MEMBER
C004011,,,,,,,,,,,NO_BOOKING
C004012,2026-08-19,2026-08-19,1.0,2006.58,2006.58,2026-08,125.0,0.0,0.0,1.0,ACTIVE_COHORT_MEMBER
C004013,,,,,,,,,,,NO_BOOKING
C004014,2025-11-05,2026-08-08,2.0,6739.66,3369.83,2025-11,136.0,1.0,276.0,0.2173913043478261,ACTIVE_COHORT_MEMBER
C004015,2025-11-03,2026-11-07,2.0,6548.25,3274.125,2025-11,45.0,1.0,369.0,0.16260162601626016,ACTIVE_COHORT_MEMBER
C004016,2025-08-27,2025-08-27,1.0,1315.6,1315.6,2025-08,482.0,0.0,0.0,1.0,ACTIVE_COHORT_MEMBER
C004017,2025-08-16,2026-04-29,5.0,9722.02,1944.404,2025-08,237.0,1.0,256.0,0.5859375,ACTIVE_COHORT_MEMBER
C004018,2026-07-29,2026-07-29,1.0,3490.82,3490.82,2026-07,146.0,0.0,0.0,1.0,ACTIVE_COHORT_MEMBER
C004019,2026-01-02,2026-10-27,2.0,7367.02,3683.51,2026-01,56.0,1.0,298.0,0.20134228187919462,ACTIVE_COHORT_MEMBER
C004020,2025-11-13,2025-11-13,1.0,3047.39,3047.39,2025-11,404.0,0.0,0.0,1.0,ACTIVE_COHORT_MEMBER
C004021,2025-07-25,2025-11-30,2.0,5525.049999999999,2762.5249999999996,2025-07,387.0,1.0,128.0,0.46875,ACTIVE_COHORT_MEMBER
C004022,2025-09-26,2025-09-26,1.0,4975.98,4975.98,2025-09,452.0,0.0,0.0,1.0,ACTIVE_COHORT_MEMBER
C004023,2026-01-09,2026-01-09,1.0,822.43,822.43,2026-01,347.0,0.0,0.0,1.0,ACTIVE_COHORT_MEMBER
C004024,2026-02-08,2026-02-08,1.0,4086.62,4086.62,2026-02,317.0,0.0,0.0,1.0,ACTIVE_COHORT_MEMBER
C004025,,,,,,,,,,,NO_BOOKING
C004026,2025-12-09,2026-09-28,3.0,9189.369999999999,3063.123333333333,2025-12,85.0,1.0,293.0,0.3071672354948805,ACTIVE_COHORT_MEMBER
C004027,2025-10-30,2025-11-21,2.0,1312.44,656.22,2025-10,396.0,1.0,22.0,2.0,ACTIVE_COHORT_MEMBER
C004028,2026-01-12,2026-07-07,2.0,7273.73,3636.865,2026-01,168.0,1.0,176.0,0.34090909090909094,ACTIVE_COHORT_MEMBER
C004029,,,,,,,,,,,NO_BOOKING
C004030,2026-09-17,2026-09-17,1.0,2574.54,2574.54,2026-09,96.0,0.0,0.0,1.0,ACTIVE_COHORT_MEMBER
C004031,,,,,,,,,,,NO_BOOKING
C004032,,,,,,,,,,,NO_BOOKING
C004033,2026-09-28,2026-09-28,1.0,4552.3,4552.3,2026-09,85.0,0.0,0.0,1.0,ACTIVE_COHORT_MEMBER
C004034,2025-12-14,2026-05-25,5.0,10392.68,2078.536,2025-12,211.0,1.0,162.0,0.9259259259259258,ACTIVE_COHORT_MEMBER
C004035,2025-11-15,2026-09-27,2.0,5733.35,2866.675,2025-11,86.0,1.0,316.0,0.189873417721519,ACTIVE_COHORT_MEMBER
C004036,,,,,,,,,,,NO_BOOKING
C004037,2025-11-29,2026-04-18,2.0,5156.62,2578.31,2025-11,248.0,1.0,140.0,0.42857142857142855,ACTIVE_COHORT_MEMBER
C004038,2025-12-17,2026-05-14,2.0,4153.91,2076.955,2025-12,222.0,1.0,148.0,0.4054054054054054,ACTIVE_COHORT_MEMBER
C004039,2026-02-18,2026-02-18,1.0,2256.71,2256.71,2026-02,307.0,0.0,0.0,1.0,ACTIVE_COHORT_MEMBER
C004040,2026-03-28,2026-09-11,2.0,5162.83,2581.415,2026-03,102.0,1.0,167.0,0.3592814371257485,ACTIVE_COHORT_MEMBER
C004041,2026-05-11,2026-05-11,1.0,860.98,860.98,2026-05,225.0,0.0,0.0,1.0,ACTIVE_COHORT_MEMBER
C004042,2026-10-13,2026-10-13,1.0,1517.73,1517.73,2026-10,70.0,0.0,0.0,1.0,ACTIVE_COHORT_MEMBER
C004043,2026-01-08,2026-09-27,5.0,14138.64,2827.728,2026-01,86.0,1.0,262.0,0.5725190839694657,ACTIVE_COHORT_MEMBER
C004044,,,,,,,,,,,NO_BOOKING
C004045,2026-06-28,2026-09-04,3.0,13634.75,4544.916666666667,2026-06,109.0,1.0,68.0,1.3235294117647058,ACTIVE_COHORT_MEMBER
C004046,2025-10-30,2026-09-24,3.0,6294.47,2098.1566666666668,2025-10,89.0,1.0,329.0,0.2735562310030395,ACTIVE_COHORT_MEMBER
C004047,,,,,,,,,,,NO_BOOKING
C004048,,,,,,,,,,,NO_BOOKING
C004049,,,,,,,,,,,NO_BOOKING
C004050,2026-08-18,2026-08-18,1.0,4468.82,4468.82,2026-08,126.0,0.0,0.0,1.0,ACTIVE_COHORT_MEMBER
C004051,2026-09-19,2026-09-19,1.0,3543.18,3543.18,2026-09,94.0,0.0,0.0,1.0,ACTIVE_COHORT_MEMBER
C004052,2025-11-22,2025-11-22,1.0,817.22,817.22,2025-11,395.0,0.0,0.0,1.0,ACTIVE_COHORT_MEMBER
C004053,2025-09-29,2026-07-14,2.0,7820.42,3910.21,2025-09,161.0,1.0,288.0,0.20833333333333334,ACTIVE_COHORT_MEMBER
C004054,,,,,,,,,,,NO_BOOKING
C004055,2026-02-23,2026-02-23,1.0,4927.94,4927.94,2026-02,302.0,0.0,0.0,1.0,ACTIVE_COHORT_MEMBER
C004056,2026-03-23,2026-03-23,1.0,687.48,687.48,2026-03,274.0,0.0,0.0,1.0,ACTIVE_COHORT_MEMBER
C004057,2026-04-26,2026-04-26,1.0,1233.73,1233.73,2026-04,240.0,0.0,0.0,1.0,ACTIVE_COHORT_MEMBER
C004058,2026-02-03,2026-10-06,2.0,5119.9800000000005,2559.9900000000002,2026-02,77.0,1.0,245.0,0.2448979591836735,ACTIVE_COHORT_MEMBER
C004059,,,,,,,,,,,NO_BOOKING
C004060,2026-02-03,2026-10-16,3.0,6163.0599999999995,2054.353333333333,2026-02,67.0,1.0,255.0,0.35294117647058826,ACTIVE_COHORT_MEMBER
C004061,2026-04-21,2026-04-21,1.0,1177.85,1177.85,2026-04,245.0,0.0,0.0,1.0,ACTIVE_COHORT_MEMBER
C004062,2025-12-05,2026-07-20,2.0,5102.639999999999,2551.3199999999997,2025-12,155.0,1.0,227.0,0.2643171806167401,ACTIVE_COHORT_MEMBER
C004063,2026-04-15,2026-09-14,2.0,4701.9800000000005,2350.9900000000002,2026-04,99.0,1.0,152.0,0.39473684210526316,ACTIVE_COHORT_MEMBER
C004064,2026-06-12,2026-06-12,1.0,1690.33,1690.33,2026-06,193.0,0.0,0.0,1.0,ACTIVE_COHORT_MEMBER
C004065,2026-07-28,2026-07-28,1.0,4601.22,4601.22,2026-07,147.0,0.0,0.0,1.0,ACTIVE_COHORT_MEMBER
C004066,2026-05-23,2026-05-31,2.0,4094.46,2047.23,2026-05,205.0,1.0,8.0,2.0,ACTIVE_COHORT_MEMBER
C004067,2026-05-20,2026-10-23,3.0,5735.51,1911.8366666666668,2026-05,60.0,1.0,156.0,0.5769230769230769,ACTIVE_COHORT_MEMBER
C004068,2026-07-20,2026-08-22,2.0,5680.34,2840.17,2026-07,122.0,1.0,33.0,1.8181818181818181,ACTIVE_COHORT_MEMBER
C004069,2025-10-13,2025-11-29,2.0,3444.72,1722.36,2025-10,388.0,1.0,47.0,1.2765957446808511,ACTIVE_COHORT_MEMBER
C004070,2026-05-21,2026-05-29,2.0,2934.43,1467.215,2026-05,207.0,1.0,8.0,2.0,ACTIVE_COHORT_MEMBER
C004071,2025-09-03,2026-12-02,2.0,4760.8099999999995,2380.4049999999997,2025-09,20.0,1.0,455.0,0.13186813186813187,ACTIVE_COHORT_MEMBER
C004072,2026-05-12,2026-06-20,2.0,5367.43,2683.715,2026-05,185.0,1.0,39.0,1.5384615384615383,ACTIVE_COHORT_MEMBER
C004073,2026-05-28,2026-05-28,1.0,2672.46,2672.46,2026-05,208.0,0.0,0.0,1.0,ACTIVE_COHORT_MEMBER
C004074,2026-07-02,2026-07-04,2.0,5619.459999999999,2809.7299999999996,2026-07,171.0,1.0,2.0,2.0,ACTIVE_COHORT_MEMBER
C004075,,,,,,,,,,,NO_BOOKING
C004076,,,,,,,,,,,NO_BOOKING
C004077,2025-12-07,2026-03-08,2.0,5459.51,2729.755,2025-12,289.0,1.0,91.0,0.6593406593406593,ACTIVE_COHORT_MEMBER
C004078,,,,,,,,,,,NO_BOOKING
C004079,2026-01-02,2026-04-08,3.0,10170.05,3390.0166666666664,2026-01,258.0,1.0,96.0,0.9375,ACTIVE_COHORT_MEMBER
C004080,2026-03-24,2026-06-28,3.0,3315.15,1105.05,2026-03,177.0,1.0,96.0,0.9375,ACTIVE_COHORT_MEMBER
C004081,2026-03-27,2026-03-27,1.0,783.2,783.2,2026-03,270.0,0.0,0.0,1.0,ACTIVE_COHORT_MEMBER
C004082,,,,,,,,,,,NO_BOOKING
C004083,2026-07-05,2026-11-21,2.0,6708.389999999999,3354.1949999999997,2026-07,31.0,1.0,139.0,0.4316546762589928,ACTIVE_COHORT_MEMBER
C004084,2026-01-17,2026-01-17,1.0,1979.43,1979.43,2026-01,339.0,0.0,0.0,1.0,ACTIVE_COHORT_MEMBER
C004085,,,,,,,,,,,NO_BOOKING
C004086,2026-04-13,2026-04-13,1.0,2848.16,2848.16,2026-04,253.0,0.0,0.0,1.0,ACTIVE_COHORT_MEMBER
C004087,2025-09-20,2026-12-11,5.0,13352.34,2670.468,2025-09,11.0,1.0,447.0,0.33557046979865773,ACTIVE_COHORT_MEMBER
C004088,2026-12-09,2026-12-09,1.0,2956.24,2956.24,2026-12,13.0,0.0,0.0,1.0,ACTIVE_COHORT_MEMBER
C004089,2026-05-08,2026-05-08,1.0,2369.73,2369.73,2026-05,228.0,0.0,0.0,1.0,ACTIVE_COHORT_MEMBER
C004090,2026-05-03,2026-05-03,1.0,884.94,884.94,2026-05,233.0,0.0,0.0,1.0,ACTIVE_COHORT_MEMBER
C004091,2025-10-05,2026-06-27,3.0,12283.460000000001,4094.486666666667,2025-10,178.0,1.0,265.0,0.33962264150943394,ACTIVE_COHORT_MEMBER
C004092,,,,,,,,,,,NO_BOOKING
C004093,,,,,,,,,,,NO_BOOKING
C004094,2026-11-12,2026-11-12,1.0,3529.13,3529.13,2026-11,40.0,0.0,0.0,1.0,ACTIVE_COHORT_MEMBER
C004095,,,,,,,,,,,NO_BOOKING
C004096,2026-04-03,2026-05-28,2.0,2556.43,1278.215,2026-04,208.0,1.0,55.0,1.090909090909091,ACTIVE_COHORT_MEMBER
C004097,2026-08-08,2026-08-08,1.0,1113.0,1113.0,2026-08,136.0,0.0,0.0,1.0,ACTIVE_COHORT_MEMBER
C004098,2026-03-08,2026-09-03,2.0,5074.67,2537.335,2026-03,110.0,1.0,179.0,0.33519553072625696,ACTIVE_COHORT_MEMBER
C004099,,,,,,,,,,,NO_BOOKING
C004100,,,,,,,,,,,NO_BOOKING
C004101,,,,,,,,,,,NO_BOOKING
C004102,2026-05-11,2026-05-11,1.0,2435.11,2435.11,2026-05,225.0,0.0,0.0,1.0,ACTIVE_COHORT_MEMBER
C004103,,,,,,,,,,,NO_BOOKING
C004104,2026-01-23,2026-01-23,1.0,4087.98,4087.98,2026-01,333.0,0.0,0.0,1.0,ACTIVE_COHORT_MEMBER
C004105,,,,,,,,,,,NO_BOOKING
C004106,2026-06-07,2026-06-20,2.0,5569.0599999999995,2784.5299999999997,2026-06,185.0,1.0,13.0,2.0,ACTIVE_COHORT_MEMBER
C004107,2026-04-29,2026-05-27,2.0,8998.71,4499.355,2026-04,209.0,1.0,28.0,2.0,ACTIVE_COHORT_MEMBER
C004108,2025-12-27,2026-04-16,3.0,3297.27,1099.09,2025-12,250.0,1.0,110.0,0.8181818181818182,ACTIVE_COHORT_MEMBER
C004109,2026-01-15,2026-04-08,2.0,3216.8199999999997,1608.4099999999999,2026-01,258.0,1.0,83.0,0.7228915662650602,ACTIVE_COHORT_MEMBER
C004110,2025-11-21,2026-07-06,2.0,5838.719999999999,2919.3599999999997,2025-11,169.0,1.0,227.0,0.2643171806167401,ACTIVE_COHORT_MEMBER
C004111,,,,,,,,,,,NO_BOOKING
C004112,2025-10-13,2025-10-13,1.0,3157.41,3157.41,2025-10,435.0,0.0,0.0,1.0,ACTIVE_COHORT_MEMBER
C004113,,,,,,,,,,,NO_BOOKING
C004114,2025-12-22,2025-12-22,1.0,4057.97,4057.97,2025-12,365.0,0.0,0.0,1.0,ACTIVE_COHORT_MEMBER
C004115,2025-09-12,2026-08-27,4.0,8777.74,2194.435,2025-09,117.0,1.0,349.0,0.34383954154727797,ACTIVE_COHORT_MEMBER
C004116,2026-05-26,2026-05-26,1.0,2811.16,2811.16,2026-05,210.0,0.0,0.0,1.0,ACTIVE_COHORT_MEMBER
C004117,2025-10-03,2025-10-03,1.0,2660.93,2660.93,2025-10,445.0,0.0,0.0,1.0,ACTIVE_COHORT_MEMBER
C004118,2026-01-13,2026-05-28,4.0,9226.37,2306.5925,2026-01,208.0,1.0,135.0,0.8888888888888888,ACTIVE_COHORT_MEMBER
C004119,2025-12-30,2025-12-30,1.0,3321.39,3321.39,2025-12,357.0,0.0,0.0,1.0,ACTIVE_COHORT_MEMBER
C004120,,,,,,,,,,,NO_BOOKING
C004121,2025-10-12,2026-08-17,4.0,13494.9,3373.725,2025-10,127.0,1.0,309.0,0.3883495145631068,ACTIVE_COHORT_MEMBER
C004122,2026-12-11,2026-12-11,1.0,1935.69,1935.69,2026-12,11.0,0.0,0.0,1.0,ACTIVE_COHORT_MEMBER
C004123,,,,,,,,,,,NO_BOOKING
C004124,2026-03-12,2026-03-12,1.0,4669.21,4669.21,2026-03,285.0,0.0,0.0,1.0,ACTIVE_COHORT_MEMBER
C004125,2026-02-24,2026-06-20,3.0,7901.17,2633.7233333333334,2026-02,185.0,1.0,116.0,0.7758620689655172,ACTIVE_COHORT_MEMBER
C004126,2026-06-30,2026-06-30,1.0,3514.98,3514.98,2026-06,175.0,0.0,0.0,1.0,ACTIVE_COHORT_MEMBER
C004127,2026-03-02,2026-05-25,2.0,5460.51,2730.255,2026-03,211.0,1.0,84.0,0.7142857142857143,ACTIVE_COHORT_MEMBER
C004128,,,,,,,,,,,NO_BOOKING
C004129,,,,,,,,,,,NO_BOOKING
C004130,,,,,,,,,,,NO_BOOKING
C004131,2026-01-02,2026-09-17,2.0,9128.21,4564.105,2026-01,96.0,1.0,258.0,0.23255813953488372,ACTIVE_COHORT_MEMBER
C004132,2025-12-10,2026-08-10,4.0,13810.08,3452.52,2025-12,134.0,1.0,243.0,0.4938271604938272,ACTIVE_COHORT_MEMBER
C004133,2026-04-08,2026-04-08,1.0,2712.98,2712.98,2026-04,258.0,0.0,0.0,1.0,ACTIVE_COHORT_MEMBER
C004134,2025-11-06,2026-04-20,3.0,5524.509999999999,1841.503333333333,2025-11,246.0,1.0,165.0,0.5454545454545454,ACTIVE_COHORT_MEMBER
C004135,2025-09-15,2026-02-22,3.0,6859.719999999999,2286.5733333333333,2025-09,303.0,1.0,160.0,0.5625,ACTIVE_COHORT_MEMBER
C004136,2026-02-08,2026-08-24,5.0,16598.66,3319.732,2026-02,120.0,1.0,197.0,0.7614213197969544,ACTIVE_COHORT_MEMBER
C004137,2026-06-13,2026-07-13,3.0,9493.73,3164.5766666666664,2026-06,162.0,1.0,30.0,3.0,ACTIVE_COHORT_MEMBER
C004138,2025-12-18,2026-04-14,2.0,3649.2,1824.6,2025-12,252.0,1.0,117.0,0.5128205128205129,ACTIVE_COHORT_MEMBER
C004139,2026-05-10,2026-07-15,4.0,10922.8,2730.7,2026-05,160.0,1.0,66.0,1.8181818181818181,ACTIVE_COHORT_MEMBER
C004140,,,,,,,,,,,NO_BOOKING
C004141,2026-04-14,2026-04-14,1.0,3226.19,3226.19,2026-04,252.0,0.0,0.0,1.0,ACTIVE_COHORT_MEMBER
C004142,2026-01-03,2026-02-02,2.0,6671.09,3335.545,2026-01,323.0,1.0,30.0,2.0,ACTIVE_COHORT_MEMBER
C004143,2026-03-21,2026-05-17,2.0,5246.110000000001,2623.0550000000003,2026-03,219.0,1.0,57.0,1.0526315789473684,ACTIVE_COHORT_MEMBER
C004144,2026-06-11,2026-07-05,2.0,6498.51,3249.255,2026-06,170.0,1.0,24.0,2.0,ACTIVE_COHORT_MEMBER
C004145,2025-10-11,2026-10-09,2.0,6981.83,3490.915,2025-10,74.0,1.0,363.0,0.1652892561983471,ACTIVE_COHORT_MEMBER
C004146,2026-07-11,2026-12-03,2.0,6858.43,3429.215,2026-07,19.0,1.0,145.0,0.4137931034482759,ACTIVE_COHORT_MEMBER
C004147,2025-09-27,2026-11-09,4.0,12725.2,3181.3,2025-09,43.0,1.0,408.0,0.29411764705882354,ACTIVE_COHORT_MEMBER
C004148,,,,,,,,,,,NO_BOOKING
C004149,,,,,,,,,,,NO_BOOKING
C004150,,,,,,,,,,,NO_BOOKING
C004151,2025-10-22,2026-04-19,3.0,3773.33,1257.7766666666666,2025-10,247.0,1.0,179.0,0.5027932960893855,ACTIVE_COHORT_MEMBER
C004152,2026-01-17,2026-07-23,2.0,8317.27,4158.635,2026-01,152.0,1.0,187.0,0.32085561497326204,ACTIVE_COHORT_MEMBER
C004153,2025-10-26,2026-05-25,2.0,7408.62,3704.31,2025-10,211.0,1.0,211.0,0.2843601895734597,ACTIVE_COHORT_MEMBER
C004154,2026-01-12,2026-05-15,2.0,4997.09,2498.545,2026-01,221.0,1.0,123.0,0.48780487804878053,ACTIVE_COHORT_MEMBER
C004155,2026-05-02,2026-05-02,1.0,1829.79,1829.79,2026-05,234.0,0.0,0.0,1.0,ACTIVE_COHORT_MEMBER
C004156,2026-04-17,2026-07-07,3.0,10667.68,3555.8933333333334,2026-04,168.0,1.0,81.0,1.111111111111111,ACTIVE_COHORT_MEMBER
C004157,2026-01-27,2026-01-27,1.0,1251.29,1251.29,2026-01,329.0,0.0,0.0,1.0,ACTIVE_COHORT_MEMBER
C004158,2025-11-13,2026-08-21,4.0,11848.25,2962.0625,2025-11,123.0,1.0,281.0,0.4270462633451957,ACTIVE_COHORT_MEMBER
C004159,2026-04-19,2026-05-05,2.0,7883.719999999999,3941.8599999999997,2026-04,231.0,1.0,16.0,2.0,ACTIVE_COHORT_MEMBER
C004160,2025-11-10,2026-01-14,2.0,3752.65,1876.325,2025-11,342.0,1.0,65.0,0.9230769230769231,ACTIVE_COHORT_MEMBER
C004161,2026-05-09,2026-11-23,2.0,4254.16,2127.08,2026-05,29.0,1.0,198.0,0.30303030303030304,ACTIVE_COHORT_MEMBER
C004162,2026-01-12,2026-01-12,1.0,3874.68,3874.68,2026-01,344.0,0.0,0.0,1.0,ACTIVE_COHORT_MEMBER
C004163,,,,,,,,,,,NO_BOOKING
C004164,2026-07-28,2026-08-22,3.0,5645.08,1881.6933333333334,2026-07,122.0,1.0,25.0,3.0,ACTIVE_COHORT_MEMBER
C004165,2025-12-05,2026-11-09,5.0,13936.349999999999,2787.2699999999995,2025-12,43.0,1.0,339.0,0.44247787610619466,ACTIVE_COHORT_MEMBER
C004166,,,,,,,,,,,NO_BOOKING
C004167,2026-03-31,2026-04-12,2.0,5832.870000000001,2916.4350000000004,2026-03,254.0,1.0,12.0,2.0,ACTIVE_COHORT_MEMBER
C004168,2026-08-13,2026-08-13,1.0,3837.87,3837.87,2026-08,131.0,0.0,0.0,1.0,ACTIVE_COHORT_MEMBER
C004169,2026-07-02,2026-07-02,1.0,3176.24,3176.24,2026-07,173.0,0.0,0.0,1.0,ACTIVE_COHORT_MEMBER
C004170,2026-02-19,2026-02-19,1.0,1574.49,1574.49,2026-02,306.0,0.0,0.0,1.0,ACTIVE_COHORT_MEMBER
C004171,2026-04-10,2026-04-10,1.0,3825.96,3825.96,2026-04,256.0,0.0,0.0,1.0,ACTIVE_COHORT_MEMBER
C004172,2026-01-01,2026-07-28,2.0,6210.110000000001,3105.0550000000003,2026-01,147.0,1.0,208.0,0.28846153846153844,ACTIVE_COHORT_MEMBER
C004173,2025-12-17,2026-03-21,2.0,4935.6,2467.8,2025-12,276.0,1.0,94.0,0.6382978723404256,ACTIVE_COHORT_MEMBER
C004174,2025-12-05,2025-12-05,1.0,2788.27,2788.27,2025-12,382.0,0.0,0.0,1.0,ACTIVE_COHORT_MEMBER
C004175,2026-11-14,2026-11-14,1.0,1170.92,1170.92,2026-11,38.0,0.0,0.0,1.0,ACTIVE_COHORT_MEMBER
C004176,2026-05-11,2026-07-30,2.0,3425.7799999999997,1712.8899999999999,2026-05,145.0,1.0,80.0,0.75,ACTIVE_COHORT_MEMBER
C004177,,,,,,,,,,,NO_BOOKING
C004178,2025-09-18,2026-12-13,3.0,7099.32,2366.44,2025-09,9.0,1.0,451.0,0.19955654101995565,ACTIVE_COHORT_MEMBER
C004179,2026-03-11,2026-08-27,4.0,9263.34,2315.835,2026-03,117.0,1.0,169.0,0.7100591715976331,ACTIVE_COHORT_MEMBER
C004180,2026-06-08,2026-08-07,2.0,6449.2300000000005,3224.6150000000002,2026-06,137.0,1.0,60.0,1.0,ACTIVE_COHORT_MEMBER
C004181,2025-11-24,2026-04-10,2.0,5684.780000000001,2842.3900000000003,2025-11,256.0,1.0,137.0,0.43795620437956206,ACTIVE_COHORT_MEMBER
C004182,2025-12-22,2026-04-23,2.0,4254.32,2127.16,2025-12,243.0,1.0,122.0,0.49180327868852464,ACTIVE_COHORT_MEMBER
C004183,2026-05-04,2026-05-14,2.0,6502.87,3251.435,2026-05,222.0,1.0,10.0,2.0,ACTIVE_COHORT_MEMBER
C004184,2026-02-16,2026-02-16,1.0,4543.62,4543.62,2026-02,309.0,0.0,0.0,1.0,ACTIVE_COHORT_MEMBER
C004185,,,,,,,,,,,NO_BOOKING
C004186,2026-03-01,2026-11-03,3.0,9114.08,3038.0266666666666,2026-03,49.0,1.0,247.0,0.3643724696356276,ACTIVE_COHORT_MEMBER
C004187,2026-07-02,2026-07-02,1.0,1691.48,1691.48,2026-07,173.0,0.0,0.0,1.0,ACTIVE_COHORT_MEMBER
C004188,2026-01-18,2026-04-14,2.0,5542.6900000000005,2771.3450000000003,2026-01,252.0,1.0,86.0,0.6976744186046512,ACTIVE_COHORT_MEMBER
C004189,2026-05-08,2026-09-15,3.0,9911.52,3303.84,2026-05,98.0,1.0,130.0,0.6923076923076924,ACTIVE_COHORT_MEMBER
C004190,,,,,,,,,,,NO_BOOKING
C004191,,,,,,,,,,,NO_BOOKING
C004192,2026-07-09,2026-07-09,1.0,2547.51,2547.51,2026-07,166.0,0.0,0.0,1.0,ACTIVE_COHORT_MEMBER
C004193,,,,,,,,,,,NO_BOOKING
C004194,2026-12-04,2026-12-04,1.0,4501.52,4501.52,2026-12,18.0,0.0,0.0,1.0,ACTIVE_COHORT_MEMBER
C004195,,,,,,,,,,,NO_BOOKING
C004196,2026-05-17,2026-08-02,2.0,5801.37,2900.685,2026-05,142.0,1.0,77.0,0.7792207792207791,ACTIVE_COHORT_MEMBER
C004197,2025-09-13,2026-02-15,4.0,16145.000000000002,4036.2500000000005,2025-09,310.0,1.0,155.0,0.7741935483870968,ACTIVE_COHORT_MEMBER
C004198,2025-12-28,2026-03-01,2.0,7779.129999999999,3889.5649999999996,2025-12,296.0,1.0,63.0,0.9523809523809523,ACTIVE_COHORT_MEMBER
C004199,2025-10-31,2026-06-23,3.0,8477.77,2825.9233333333336,2025-10,182.0,1.0,235.0,0.3829787234042553,ACTIVE_COHORT_MEMBER
C004200,2026-01-26,2026-07-28,4.0,14568.970000000001,3642.2425000000003,2026-01,147.0,1.0,183.0,0.6557377049180328,ACTIVE_COHORT_MEMBER
C004201,2026-01-08,2026-11-18,6.0,21999.58,3666.596666666667,2026-01,34.0,1.0,314.0,0.5732484076433121,ACTIVE_COHORT_MEMBER
C004202,,,,,,,,,,,NO_BOOKING
C004203,2026-02-14,2026-02-14,1.0,2073.21,2073.21,2026-02,311.0,0.0,0.0,1.0,ACTIVE_COHORT_MEMBER
C004204,2026-09-05,2026-09-05,1.0,4337.5,4337.5,2026-09,108.0,0.0,0.0,1.0,ACTIVE_COHORT_MEMBER
C004205,2025-08-11,2025-08-11,1.0,3509.68,3509.68,2025-08,498.0,0.0,0.0,1.0,ACTIVE_COHORT_MEMBER
C004206,,,,,,,,,,,NO_BOOKING
C004207,2026-02-04,2026-10-29,3.0,11316.96,3772.3199999999997,2026-02,54.0,1.0,267.0,0.33707865168539325,ACTIVE_COHORT_MEMBER
C004208,2026-01-03,2026-08-08,2.0,8784.619999999999,4392.3099999999995,2026-01,136.0,1.0,217.0,0.2764976958525346,ACTIVE_COHORT_MEMBER
C004209,2026-01-16,2026-04-13,2.0,5437.14,2718.57,2026-01,253.0,1.0,87.0,0.6896551724137931,ACTIVE_COHORT_MEMBER
C004210,,,,,,,,,,,NO_BOOKING
C004211,2025-12-20,2026-05-31,2.0,5119.66,2559.83,2025-12,205.0,1.0,162.0,0.37037037037037035,ACTIVE_COHORT_MEMBER
C004212,2025-12-26,2026-04-25,2.0,2391.9399999999996,1195.9699999999998,2025-12,241.0,1.0,120.0,0.5,ACTIVE_COHORT_MEMBER
C004213,2025-12-05,2026-06-15,3.0,7312.04,2437.346666666667,2025-12,190.0,1.0,192.0,0.46875,ACTIVE_COHORT_MEMBER
C004214,2025-09-05,2026-08-25,3.0,6350.85,2116.9500000000003,2025-09,119.0,1.0,354.0,0.2542372881355932,ACTIVE_COHORT_MEMBER
C004215,2026-02-14,2026-04-18,2.0,2125.91,1062.955,2026-02,248.0,1.0,63.0,0.9523809523809523,ACTIVE_COHORT_MEMBER
C004216,,,,,,,,,,,NO_BOOKING
C004217,,,,,,,,,,,NO_BOOKING
C004218,,,,,,,,,,,NO_BOOKING
C004219,2025-08-17,2026-03-16,3.0,3959.25,1319.75,2025-08,281.0,1.0,211.0,0.4265402843601896,ACTIVE_COHORT_MEMBER
C004220,2026-03-13,2026-06-16,2.0,6294.969999999999,3147.4849999999997,2026-03,189.0,1.0,95.0,0.6315789473684211,ACTIVE_COHORT_MEMBER
C004221,,,,,,,,,,,NO_BOOKING
C004222,2026-01-02,2026-03-11,3.0,7566.32,2522.1066666666666,2026-01,286.0,1.0,68.0,1.3235294117647058,ACTIVE_COHORT_MEMBER
C004223,2026-03-07,2026-03-07,1.0,3595.07,3595.07,2026-03,290.0,0.0,0.0,1.0,ACTIVE_COHORT_MEMBER
C004224,2025-10-18,2026-10-01,3.0,7108.879999999999,2369.6266666666666,2025-10,82.0,1.0,348.0,0.25862068965517243,ACTIVE_COHORT_MEMBER
C004225,2026-08-04,2026-08-04,1.0,3517.22,3517.22,2026-08,140.0,0.0,0.0,1.0,ACTIVE_COHORT_MEMBER
C004226,2025-09-23,2026-07-03,5.0,10872.55,2174.5099999999998,2025-09,172.0,1.0,283.0,0.5300353356890459,ACTIVE_COHORT_MEMBER
C004227,2026-09-20,2026-09-20,1.0,629.47,629.47,2026-09,93.0,0.0,0.0,1.0,ACTIVE_COHORT_MEMBER
C004228,2026-06-16,2026-06-30,2.0,3358.28,1679.14,2026-06,175.0,1.0,14.0,2.0,ACTIVE_COHORT_MEMBER
C004229,2025-10-02,2025-12-17,2.0,6573.58,3286.79,2025-10,370.0,1.0,76.0,0.7894736842105263,ACTIVE_COHORT_MEMBER
C004230,2026-05-28,2026-05-28,1.0,4616.3,4616.3,2026-05,208.0,0.0,0.0,1.0,ACTIVE_COHORT_MEMBER
C004231,2026-02-21,2026-02-21,1.0,1932.69,1932.69,2026-02,304.0,0.0,0.0,1.0,ACTIVE_COHORT_MEMBER
C004232,2026-05-26,2026-05-26,1.0,4892.82,4892.82,2026-05,210.0,0.0,0.0,1.0,ACTIVE_COHORT_MEMBER
C004233,2025-10-20,2026-09-17,6.0,11922.98,1987.1633333333332,2025-10,96.0,1.0,332.0,0.5421686746987951,ACTIVE_COHORT_MEMBER
C004234,,,,,,,,,,,NO_BOOKING
C004235,2026-04-15,2026-09-19,4.0,6320.23,1580.0575,2026-04,94.0,1.0,157.0,0.7643312101910827,ACTIVE_COHORT_MEMBER
C004236,2025-10-07,2026-03-06,2.0,4823.6900000000005,2411.8450000000003,2025-10,291.0,1.0,150.0,0.4,ACTIVE_COHORT_MEMBER
C004237,2026-02-08,2026-04-22,2.0,7254.139999999999,3627.0699999999997,2026-02,244.0,1.0,73.0,0.8219178082191781,ACTIVE_COHORT_MEMBER
C004238,,,,,,,,,,,NO_BOOKING
C004239,2026-08-18,2026-08-18,1.0,917.35,917.35,2026-08,126.0,0.0,0.0,1.0,ACTIVE_COHORT_MEMBER
C004240,2025-10-11,2026-05-05,2.0,7467.6,3733.8,2025-10,231.0,1.0,206.0,0.29126213592233013,ACTIVE_COHORT_MEMBER
C004241,2026-01-11,2026-01-11,1.0,2932.36,2932.36,2026-01,345.0,0.0,0.0,1.0,ACTIVE_COHORT_MEMBER
C004242,2025-11-26,2026-11-20,2.0,4380.62,2190.31,2025-11,32.0,1.0,359.0,0.1671309192200557,ACTIVE_COHORT_MEMBER
C004243,2026-10-01,2026-10-01,1.0,3387.06,3387.06,2026-10,82.0,0.0,0.0,1.0,ACTIVE_COHORT_MEMBER
C004244,2025-09-30,2026-08-18,4.0,9349.05,2337.2625,2025-09,126.0,1.0,322.0,0.3726708074534162,ACTIVE_COHORT_MEMBER
C004245,2026-09-13,2026-12-01,2.0,3349.29,1674.645,2026-09,21.0,1.0,79.0,0.759493670886076,ACTIVE_COHORT_MEMBER
C004246,,,,,,,,,,,NO_BOOKING
C004247,,,,,,,,,,,NO_BOOKING
C004248,2026-08-30,2026-08-30,1.0,969.64,969.64,2026-08,114.0,0.0,0.0,1.0,ACTIVE_COHORT_MEMBER
C004249,2026-09-24,2026-09-24,1.0,2558.02,2558.02,2026-09,89.0,0.0,0.0,1.0,ACTIVE_COHORT_MEMBER
C004250,2026-01-29,2026-03-02,2.0,6157.5,3078.75,2026-01,295.0,1.0,32.0,1.875,ACTIVE_COHORT_MEMBER
C004251,,,,,,,,,,,NO_BOOKING
C004252,2026-08-12,2026-08-12,1.0,1303.92,1303.92,2026-08,132.0,0.0,0.0,1.0,ACTIVE_COHORT_MEMBER
C004253,2026-10-12,2026-10-12,1.0,1989.57,1989.57,2026-10,71.0,0.0,0.0,1.0,ACTIVE_COHORT_MEMBER
C004254,2026-06-26,2026-06-26,1.0,2999.35,2999.35,2026-06,179.0,0.0,0.0,1.0,ACTIVE_COHORT_MEMBER
C004255,2026-10-10,2026-10-10,1.0,3959.88,3959.88,2026-10,73.0,0.0,0.0,1.0,ACTIVE_COHORT_MEMBER
C004256,2026-06-17,2026-09-22,2.0,3113.48,1556.74,2026-06,91.0,1.0,97.0,0.6185567010309279,ACTIVE_COHORT_MEMBER
C004257,2026-08-31,2026-08-31,1.0,712.59,712.59,2026-08,113.0,0.0,0.0,1.0,ACTIVE_COHORT_MEMBER
C004258,2026-01-10,2026-01-10,1.0,4615.29,4615.29,2026-01,346.0,0.0,0.0,1.0,ACTIVE_COHORT_MEMBER
C004259,2025-12-03,2026-09-17,3.0,9063.08,3021.0266666666666,2025-12,96.0,1.0,288.0,0.3125,ACTIVE_COHORT_MEMBER
C004260,2025-11-16,2026-08-15,3.0,8703.1,2901.0333333333333,2025-11,129.0,1.0,272.0,0.33088235294117646,ACTIVE_COHORT_MEMBER
C004261,2026-02-22,2026-03-11,2.0,7990.18,3995.09,2026-02,286.0,1.0,17.0,2.0,ACTIVE_COHORT_MEMBER
C004262,2026-01-09,2026-06-22,3.0,8452.79,2817.596666666667,2026-01,183.0,1.0,164.0,0.5487804878048781,ACTIVE_COHORT_MEMBER
C004263,2026-04-23,2026-04-23,1.0,4701.15,4701.15,2026-04,243.0,0.0,0.0,1.0,ACTIVE_COHORT_MEMBER
C004264,2025-11-03,2026-02-02,2.0,5627.99,2813.995,2025-11,323.0,1.0,91.0,0.6593406593406593,ACTIVE_COHORT_MEMBER
C004265,2026-02-20,2026-02-26,2.0,7960.08,3980.04,2026-02,299.0,1.0,6.0,2.0,ACTIVE_COHORT_MEMBER
C004266,2026-10-19,2026-10-19,1.0,2921.99,2921.99,2026-10,64.0,0.0,0.0,1.0,ACTIVE_COHORT_MEMBER
C004267,2025-10-04,2026-09-07,4.0,13981.85,3495.4625,2025-10,106.0,1.0,338.0,0.35502958579881655,ACTIVE_COHORT_MEMBER
C004268,2026-05-04,2026-05-04,1.0,4091.79,4091.79,2026-05,232.0,0.0,0.0,1.0,ACTIVE_COHORT_MEMBER
C004269,2026-01-21,2026-08-08,2.0,6496.1,3248.05,2026-01,136.0,1.0,199.0,0.3015075376884422,ACTIVE_COHORT_MEMBER
C004270,,,,,,,,,,,NO_BOOKING
C004271,2026-04-03,2026-11-16,2.0,4710.81,2355.405,2026-04,36.0,1.0,227.0,0.2643171806167401,ACTIVE_COHORT_MEMBER
C004272,2026-05-16,2026-05-16,1.0,3771.74,3771.74,2026-05,220.0,0.0,0.0,1.0,ACTIVE_COHORT_MEMBER
C004273,2026-04-01,2026-12-22,3.0,6600.72,2200.2400000000002,2026-04,0.0,1.0,265.0,0.33962264150943394,ACTIVE_COHORT_MEMBER
C004274,2026-01-22,2026-01-22,1.0,3785.43,3785.43,2026-01,334.0,0.0,0.0,1.0,ACTIVE_COHORT_MEMBER
C004275,2026-01-09,2026-05-05,3.0,7084.31,2361.436666666667,2026-01,231.0,1.0,116.0,0.7758620689655172,ACTIVE_COHORT_MEMBER
C004276,2025-11-17,2026-08-15,2.0,7311.620000000001,3655.8100000000004,2025-11,129.0,1.0,271.0,0.22140221402214022,ACTIVE_COHORT_MEMBER
C004277,2026-01-01,2026-03-07,3.0,5450.2,1816.7333333333333,2026-01,290.0,1.0,65.0,1.3846153846153848,ACTIVE_COHORT_MEMBER
C004278,2026-01-05,2026-09-18,4.0,10584.73,2646.1825,2026-01,95.0,1.0,256.0,0.46875,ACTIVE_COHORT_MEMBER
C004279,2025-12-23,2026-10-11,4.0,15010.24,3752.56,2025-12,72.0,1.0,292.0,0.4109589041095891,ACTIVE_COHORT_MEMBER
C004280,,,,,,,,,,,NO_BOOKING
C004281,2026-02-16,2026-02-16,1.0,3336.12,3336.12,2026-02,309.0,0.0,0.0,1.0,ACTIVE_COHORT_MEMBER
C004282,2026-11-21,2026-11-21,1.0,3179.11,3179.11,2026-11,31.0,0.0,0.0,1.0,ACTIVE_COHORT_MEMBER
C004283,2026-07-26,2026-08-23,3.0,12290.130000000001,4096.71,2026-07,121.0,1.0,28.0,3.0,ACTIVE_COHORT_MEMBER
C004284,2026-02-07,2026-08-26,2.0,6978.4800000000005,3489.2400000000002,2026-02,118.0,1.0,200.0,0.3,ACTIVE_COHORT_MEMBER
C004285,2026-01-13,2026-06-16,3.0,9015.89,3005.2966666666666,2026-01,189.0,1.0,154.0,0.5844155844155844,ACTIVE_COHORT_MEMBER
C004286,2025-11-22,2026-04-26,3.0,11195.279999999999,3731.7599999999998,2025-11,240.0,1.0,155.0,0.5806451612903225,ACTIVE_COHORT_MEMBER
C004287,2026-02-05,2026-07-05,3.0,6845.46,2281.82,2026-02,170.0,1.0,150.0,0.6,ACTIVE_COHORT_MEMBER
C004288,2025-08-26,2026-04-22,3.0,8080.070000000001,2693.356666666667,2025-08,244.0,1.0,239.0,0.37656903765690375,ACTIVE_COHORT_MEMBER
C004289,,,,,,,,,,,NO_BOOKING
C004290,2026-03-20,2026-06-09,2.0,6904.84,3452.42,2026-03,196.0,1.0,81.0,0.7407407407407407,ACTIVE_COHORT_MEMBER
C004291,2026-04-11,2026-09-08,2.0,5903.700000000001,2951.8500000000004,2026-04,105.0,1.0,150.0,0.4,ACTIVE_COHORT_MEMBER
C004292,,,,,,,,,,,NO_BOOKING
C004293,,,,,,,,,,,NO_BOOKING
C004294,2025-10-07,2026-06-29,4.0,11651.43,2912.8575,2025-10,176.0,1.0,265.0,0.45283018867924524,ACTIVE_COHORT_MEMBER
C004295,2026-08-09,2026-08-09,1.0,2807.43,2807.43,2026-08,135.0,0.0,0.0,1.0,ACTIVE_COHORT_MEMBER
C004296,,,,,,,,,,,NO_BOOKING
C004297,2026-11-14,2026-11-14,1.0,2895.73,2895.73,2026-11,38.0,0.0,0.0,1.0,ACTIVE_COHORT_MEMBER
C004298,2026-03-02,2026-03-02,1.0,558.4,558.4,2026-03,295.0,0.0,0.0,1.0,ACTIVE_COHORT_MEMBER
C004299,2025-11-05,2026-06-25,2.0,6197.01,3098.505,2025-11,180.0,1.0,232.0,0.25862068965517243,ACTIVE_COHORT_MEMBER
C004300,,,,,,,,,,,NO_BOOKING
C004301,2025-10-15,2025-10-15,1.0,2613.1,2613.1,2025-10,433.0,0.0,0.0,1.0,ACTIVE_COHORT_MEMBER
C004302,,,,,,,,,,,NO_BOOKING
C004303,2026-03-03,2026-03-03,1.0,3803.66,3803.66,2026-03,294.0,0.0,0.0,1.0,ACTIVE_COHORT_MEMBER
C004304,,,,,,,,,,,NO_BOOKING
C004305,2026-01-29,2026-01-29,1.0,1423.93,1423.93,2026-01,327.0,0.0,0.0,1.0,ACTIVE_COHORT_MEMBER
C004306,2026-01-27,2026-06-13,3.0,12654.14,4218.046666666666,2026-01,192.0,1.0,137.0,0.6569343065693432,ACTIVE_COHORT_MEMBER
C004307,2026-03-18,2026-03-18,1.0,842.22,842.22,2026-03,279.0,0.0,0.0,1.0,ACTIVE_COHORT_MEMBER
C004308,2025-10-12,2025-10-12,1.0,1152.79,1152.79,2025-10,436.0,0.0,0.0,1.0,ACTIVE_COHORT_MEMBER
C004309,2026-02-25,2026-03-24,2.0,7558.69,3779.345,2026-02,273.0,1.0,27.0,2.0,ACTIVE_COHORT_MEMBER
C004310,2025-12-21,2026-10-17,2.0,4457.82,2228.91,2025-12,66.0,1.0,300.0,0.2,ACTIVE_COHORT_MEMBER
C004311,2025-10-24,2026-09-04,2.0,5189.889999999999,2594.9449999999997,2025-10,109.0,1.0,315.0,0.19047619047619047,ACTIVE_COHORT_MEMBER
C004312,2025-12-27,2026-09-20,2.0,1524.8899999999999,762.4449999999999,2025-12,93.0,1.0,267.0,0.2247191011235955,ACTIVE_COHORT_MEMBER
C004313,2026-01-28,2026-09-19,4.0,10116.66,2529.165,2026-01,94.0,1.0,234.0,0.5128205128205129,ACTIVE_COHORT_MEMBER
C004314,,,,,,,,,,,NO_BOOKING
C004315,2026-04-15,2026-06-27,2.0,5768.6900000000005,2884.3450000000003,2026-04,178.0,1.0,73.0,0.8219178082191781,ACTIVE_COHORT_MEMBER
C004316,,,,,,,,,,,NO_BOOKING
C004317,2026-05-01,2026-06-22,2.0,6247.76,3123.88,2026-05,183.0,1.0,52.0,1.1538461538461537,ACTIVE_COHORT_MEMBER
C004318,2026-02-10,2026-02-10,1.0,2480.38,2480.38,2026-02,315.0,0.0,0.0,1.0,ACTIVE_COHORT_MEMBER
C004319,2026-04-03,2026-04-03,1.0,4765.86,4765.86,2026-04,263.0,0.0,0.0,1.0,ACTIVE_COHORT_MEMBER
C004320,2026-08-11,2026-08-11,1.0,4193.15,4193.15,2026-08,133.0,0.0,0.0,1.0,ACTIVE_COHORT_MEMBER
C004321,2026-08-21,2026-08-21,1.0,2074.6,2074.6,2026-08,123.0,0.0,0.0,1.0,ACTIVE_COHORT_MEMBER
C004322,2025-11-07,2026-08-12,3.0,8632.46,2877.486666666666,2025-11,132.0,1.0,278.0,0.3237410071942446,ACTIVE_COHORT_MEMBER
C004323,2025-09-03,2025-09-03,1.0,1756.43,1756.43,2025-09,475.0,0.0,0.0,1.0,ACTIVE_COHORT_MEMBER
C004324,2025-09-03,2026-09-14,2.0,7596.07,3798.035,2025-09,99.0,1.0,376.0,0.1595744680851064,ACTIVE_COHORT_MEMBER
C004325,2026-02-04,2026-09-10,2.0,6282.55,3141.275,2026-02,103.0,1.0,218.0,0.27522935779816515,ACTIVE_COHORT_MEMBER
C004326,2025-09-04,2025-09-04,1.0,3703.93,3703.93,2025-09,474.0,0.0,0.0,1.0,ACTIVE_COHORT_MEMBER
C004327,2026-01-12,2026-06-06,3.0,10174.3,3391.433333333333,2026-01,199.0,1.0,145.0,0.6206896551724138,ACTIVE_COHORT_MEMBER
C004328,2026-07-11,2026-08-01,2.0,4480.5,2240.25,2026-07,143.0,1.0,21.0,2.0,ACTIVE_COHORT_MEMBER
C004329,,,,,,,,,,,NO_BOOKING
C004330,,,,,,,,,,,NO_BOOKING
C004331,2026-02-05,2026-08-02,3.0,3047.62,1015.8733333333333,2026-02,142.0,1.0,178.0,0.5056179775280899,ACTIVE_COHORT_MEMBER
C004332,2026-03-18,2026-03-18,1.0,4033.73,4033.73,2026-03,279.0,0.0,0.0,1.0,ACTIVE_COHORT_MEMBER
C004333,2025-11-30,2025-11-30,1.0,1231.19,1231.19,2025-11,387.0,0.0,0.0,1.0,ACTIVE_COHORT_MEMBER
C004334,,,,,,,,,,,NO_BOOKING
C004335,2026-04-03,2026-04-03,1.0,2411.21,2411.21,2026-04,263.0,0.0,0.0,1.0,ACTIVE_COHORT_MEMBER
C004336,2026-01-05,2026-01-05,1.0,3833.54,3833.54,2026-01,351.0,0.0,0.0,1.0,ACTIVE_COHORT_MEMBER
C004337,,,,,,,,,,,NO_BOOKING
C004338,2026-07-16,2026-07-16,1.0,3455.37,3455.37,2026-07,159.0,0.0,0.0,1.0,ACTIVE_COHORT_MEMBER
C004339,,,,,,,,,,,NO_BOOKING
C004340,,,,,,,,,,,NO_BOOKING
C004341,2026-05-03,2026-09-04,3.0,6347.34,2115.78,2026-05,109.0,1.0,124.0,0.7258064516129031,ACTIVE_COHORT_MEMBER
C004342,2026-07-05,2026-07-05,1.0,4161.25,4161.25,2026-07,170.0,0.0,0.0,1.0,ACTIVE_COHORT_MEMBER
C004343,,,,,,,,,,,NO_BOOKING
C004344,2026-06-26,2026-06-26,1.0,616.42,616.42,2026-06,179.0,0.0,0.0,1.0,ACTIVE_COHORT_MEMBER
C004345,2025-10-12,2025-10-12,1.0,846.65,846.65,2025-10,436.0,0.0,0.0,1.0,ACTIVE_COHORT_MEMBER
C004346,2026-01-18,2026-02-14,2.0,2932.73,1466.365,2026-01,311.0,1.0,27.0,2.0,ACTIVE_COHORT_MEMBER
C004347,2026-03-18,2026-03-18,1.0,1389.58,1389.58,2026-03,279.0,0.0,0.0,1.0,ACTIVE_COHORT_MEMBER
C004348,,,,,,,,,,,NO_BOOKING
C004349,2026-02-01,2026-02-01,1.0,1438.67,1438.67,2026-02,324.0,0.0,0.0,1.0,ACTIVE_COHORT_MEMBER
C004350,2025-11-16,2026-01-20,2.0,6662.370000000001,3331.1850000000004,2025-11,336.0,1.0,65.0,0.9230769230769231,ACTIVE_COHORT_MEMBER
C004351,2026-07-02,2026-08-27,2.0,3409.68,1704.84,2026-07,117.0,1.0,56.0,1.0714285714285714,ACTIVE_COHORT_MEMBER
C004352,2025-10-09,2026-03-28,2.0,8841.630000000001,4420.8150000000005,2025-10,269.0,1.0,170.0,0.3529411764705882,ACTIVE_COHORT_MEMBER
C004353,,,,,,,,,,,NO_BOOKING
C004354,,,,,,,,,,,NO_BOOKING
C004355,2025-10-14,2026-09-19,4.0,5857.37,1464.3425,2025-10,94.0,1.0,340.0,0.3529411764705882,ACTIVE_COHORT_MEMBER
C004356,2026-06-02,2026-06-02,1.0,3167.65,3167.65,2026-06,203.0,0.0,0.0,1.0,ACTIVE_COHORT_MEMBER
C004357,2025-10-30,2025-10-30,1.0,3879.83,3879.83,2025-10,418.0,0.0,0.0,1.0,ACTIVE_COHORT_MEMBER
C004358,2026-03-09,2026-11-02,3.0,9344.91,3114.97,2026-03,50.0,1.0,238.0,0.37815126050420167,ACTIVE_COHORT_MEMBER
C004359,2026-01-12,2026-01-12,1.0,2767.15,2767.15,2026-01,344.0,0.0,0.0,1.0,ACTIVE_COHORT_MEMBER
C004360,,,,,,,,,,,NO_BOOKING
C004361,2026-03-04,2026-03-04,1.0,1315.0,1315.0,2026-03,293.0,0.0,0.0,1.0,ACTIVE_COHORT_MEMBER
C004362,2026-07-16,2026-08-02,2.0,8764.650000000001,4382.325000000001,2026-07,142.0,1.0,17.0,2.0,ACTIVE_COHORT_MEMBER
C004363,2025-09-08,2026-02-18,2.0,6120.77,3060.385,2025-09,307.0,1.0,163.0,0.36809815950920244,ACTIVE_COHORT_MEMBER
C004364,2026-03-20,2026-07-24,2.0,3106.51,1553.255,2026-03,151.0,1.0,126.0,0.47619047619047616,ACTIVE_COHORT_MEMBER
C004365,2025-10-15,2026-07-01,2.0,6368.79,3184.395,2025-10,174.0,1.0,259.0,0.23166023166023167,ACTIVE_COHORT_MEMBER
C004366,2026-03-28,2026-03-28,1.0,663.33,663.33,2026-03,269.0,0.0,0.0,1.0,ACTIVE_COHORT_MEMBER
C004367,2025-08-17,2026-10-09,2.0,2649.59,1324.795,2025-08,74.0,1.0,418.0,0.14354066985645933,ACTIVE_COHORT_MEMBER
C004368,,,,,,,,,,,NO_BOOKING
C004369,2025-10-21,2026-11-02,2.0,5288.5599999999995,2644.2799999999997,2025-10,50.0,1.0,377.0,0.15915119363395225,ACTIVE_COHORT_MEMBER
C004370,2026-03-20,2026-03-20,1.0,2277.76,2277.76,2026-03,277.0,0.0,0.0,1.0,ACTIVE_COHORT_MEMBER
C004371,2026-09-10,2026-09-10,1.0,1214.05,1214.05,2026-09,103.0,0.0,0.0,1.0,ACTIVE_COHORT_MEMBER
C004372,2025-09-09,2026-05-21,2.0,6424.52,3212.26,2025-09,215.0,1.0,254.0,0.23622047244094488,ACTIVE_COHORT_MEMBER
C004373,2025-12-02,2026-04-20,2.0,3444.59,1722.295,2025-12,246.0,1.0,139.0,0.4316546762589928,ACTIVE_COHORT_MEMBER
C004374,2025-09-26,2025-09-26,1.0,3877.96,3877.96,2025-09,452.0,0.0,0.0,1.0,ACTIVE_COHORT_MEMBER
C004375,,,,,,,,,,,NO_BOOKING
C004376,,,,,,,,,,,NO_BOOKING
C004377,2025-12-27,2026-06-16,2.0,4554.07,2277.035,2025-12,189.0,1.0,171.0,0.3508771929824561,ACTIVE_COHORT_MEMBER
C004378,2025-08-28,2025-08-28,1.0,1169.08,1169.08,2025-08,481.0,0.0,0.0,1.0,ACTIVE_COHORT_MEMBER
C004379,2025-10-10,2026-11-01,3.0,4499.47,1499.8233333333335,2025-10,51.0,1.0,387.0,0.23255813953488372,ACTIVE_COHORT_MEMBER
C004380,2025-10-05,2026-08-07,2.0,4403.650000000001,2201.8250000000003,2025-10,137.0,1.0,306.0,0.19607843137254904,ACTIVE_COHORT_MEMBER
C004381,2026-02-10,2026-04-08,2.0,1986.64,993.32,2026-02,258.0,1.0,57.0,1.0526315789473684,ACTIVE_COHORT_MEMBER
C004382,2025-09-16,2025-09-16,1.0,3431.97,3431.97,2025-09,462.0,0.0,0.0,1.0,ACTIVE_COHORT_MEMBER
C004383,,,,,,,,,,,NO_BOOKING
C004384,2026-05-30,2026-05-30,1.0,3287.16,3287.16,2026-05,206.0,0.0,0.0,1.0,ACTIVE_COHORT_MEMBER
C004385,2025-12-11,2026-09-23,3.0,7753.77,2584.59,2025-12,90.0,1.0,286.0,0.3146853146853147,ACTIVE_COHORT_MEMBER
C004386,,,,,,,,,,,NO_BOOKING
C004387,2026-11-01,2026-11-01,1.0,2360.14,2360.14,2026-11,51.0,0.0,0.0,1.0,ACTIVE_COHORT_MEMBER
C004388,,,,,,,,,,,NO_BOOKING
C004389,2025-09-07,2026-09-28,2.0,5713.75,2856.875,2025-09,85.0,1.0,386.0,0.15544041450777202,ACTIVE_COHORT_MEMBER
C004390,2026-11-20,2026-11-25,2.0,5392.5,2696.25,2026-11,27.0,1.0,5.0,2.0,ACTIVE_COHORT_MEMBER
C004391,2026-03-13,2026-07-19,2.0,3811.31,1905.655,2026-03,156.0,1.0,128.0,0.46875,ACTIVE_COHORT_MEMBER
C004392,2026-02-08,2026-11-06,2.0,5982.3,2991.15,2026-02,46.0,1.0,271.0,0.22140221402214022,ACTIVE_COHORT_MEMBER
C004393,,,,,,,,,,,NO_BOOKING
C004394,,,,,,,,,,,NO_BOOKING
C004395,,,,,,,,,,,NO_BOOKING
C004396,,,,,,,,,,,NO_BOOKING
C004397,2025-11-22,2026-01-29,2.0,8563.94,4281.97,2025-11,327.0,1.0,68.0,0.8823529411764706,ACTIVE_COHORT_MEMBER
C004398,,,,,,,,,,,NO_BOOKING
C004399,,,,,,,,,,,NO_BOOKING
C004400,2026-05-21,2026-10-19,2.0,4351.32,2175.66,2026-05,64.0,1.0,151.0,0.3973509933774835,ACTIVE_COHORT_MEMBER
C004401,2026-03-18,2026-06-08,2.0,3691.45,1845.725,2026-03,197.0,1.0,82.0,0.7317073170731707,ACTIVE_COHORT_MEMBER
C004402,,,,,,,,,,,NO_BOOKING
C004403,2025-12-26,2026-09-13,4.0,9662.53,2415.6325,2025-12,100.0,1.0,261.0,0.4597701149425288,ACTIVE_COHORT_MEMBER
C004404,2026-09-26,2026-09-26,1.0,3616.85,3616.85,2026-09,87.0,0.0,0.0,1.0,ACTIVE_COHORT_MEMBER
C004405,,,,,,,,,,,NO_BOOKING
C004406,2026-05-03,2026-05-03,1.0,1574.06,1574.06,2026-05,233.0,0.0,0.0,1.0,ACTIVE_COHORT_MEMBER
C004407,2026-01-13,2026-08-08,2.0,6742.25,3371.125,2026-01,136.0,1.0,207.0,0.2898550724637681,ACTIVE_COHORT_MEMBER
C004408,,,,,,,,,,,NO_BOOKING
C004409,2026-04-19,2026-09-23,3.0,9973.06,3324.353333333333,2026-04,90.0,1.0,157.0,0.5732484076433121,ACTIVE_COHORT_MEMBER
C004410,2025-12-29,2026-02-13,2.0,7680.719999999999,3840.3599999999997,2025-12,312.0,1.0,46.0,1.3043478260869565,ACTIVE_COHORT_MEMBER
C004411,2026-01-31,2026-01-31,1.0,2388.26,2388.26,2026-01,325.0,0.0,0.0,1.0,ACTIVE_COHORT_MEMBER
C004412,,,,,,,,,,,NO_BOOKING
C004413,,,,,,,,,,,NO_BOOKING
C004414,2025-10-04,2026-08-24,3.0,9397.82,3132.6066666666666,2025-10,120.0,1.0,324.0,0.27777777777777773,ACTIVE_COHORT_MEMBER
C004415,,,,,,,,,,,NO_BOOKING
C004416,2025-11-30,2026-06-02,2.0,6110.82,3055.41,2025-11,203.0,1.0,184.0,0.32608695652173914,ACTIVE_COHORT_MEMBER
C004417,2026-01-15,2026-01-15,1.0,2663.61,2663.61,2026-01,341.0,0.0,0.0,1.0,ACTIVE_COHORT_MEMBER
C004418,,,,,,,,,,,NO_BOOKING
C004419,2026-10-27,2026-10-27,1.0,3539.92,3539.92,2026-10,56.0,0.0,0.0,1.0,ACTIVE_COHORT_MEMBER
C004420,2026-01-16,2026-10-15,2.0,5874.51,2937.255,2026-01,68.0,1.0,272.0,0.22058823529411764,ACTIVE_COHORT_MEMBER
C004421,,,,,,,,,,,NO_BOOKING
C004422,2026-03-09,2026-07-12,2.0,6466.860000000001,3233.4300000000003,2026-03,163.0,1.0,125.0,0.48,ACTIVE_COHORT_MEMBER
C004423,2025-08-30,2025-11-03,2.0,6731.77,3365.885,2025-08,414.0,1.0,65.0,0.9230769230769231,ACTIVE_COHORT_MEMBER
C004424,2026-01-27,2026-03-08,2.0,7037.12,3518.56,2026-01,289.0,1.0,40.0,1.5,ACTIVE_COHORT_MEMBER
C004425,2025-11-15,2025-11-15,1.0,3338.65,3338.65,2025-11,402.0,0.0,0.0,1.0,ACTIVE_COHORT_MEMBER
C004426,2026-03-23,2026-05-16,2.0,7721.88,3860.94,2026-03,220.0,1.0,54.0,1.1111111111111112,ACTIVE_COHORT_MEMBER
C004427,2026-03-11,2026-07-20,3.0,7167.05,2389.016666666667,2026-03,155.0,1.0,131.0,0.6870229007633588,ACTIVE_COHORT_MEMBER
C004428,2026-03-28,2026-03-28,1.0,1763.99,1763.99,2026-03,269.0,0.0,0.0,1.0,ACTIVE_COHORT_MEMBER
C004429,2026-03-24,2026-03-24,1.0,2419.96,2419.96,2026-03,273.0,0.0,0.0,1.0,ACTIVE_COHORT_MEMBER
C004430,2026-02-12,2026-02-12,1.0,2013.53,2013.53,2026-02,313.0,0.0,0.0,1.0,ACTIVE_COHORT_MEMBER
C004431,2025-12-06,2025-12-06,1.0,3303.22,3303.22,2025-12,381.0,0.0,0.0,1.0,ACTIVE_COHORT_MEMBER
C004432,2026-03-27,2026-07-25,3.0,7391.74,2463.9133333333334,2026-03,150.0,1.0,120.0,0.75,ACTIVE_COHORT_MEMBER
C004433,2026-01-06,2026-01-06,1.0,614.71,614.71,2026-01,350.0,0.0,0.0,1.0,ACTIVE_COHORT_MEMBER
C004434,2025-11-22,2026-08-22,5.0,15497.26,3099.452,2025-11,122.0,1.0,273.0,0.5494505494505495,ACTIVE_COHORT_MEMBER
C004435,2025-09-10,2026-06-03,2.0,4054.78,2027.39,2025-09,202.0,1.0,266.0,0.22556390977443608,ACTIVE_COHORT_MEMBER
C004436,2025-12-22,2026-01-22,2.0,5196.57,2598.285,2025-12,334.0,1.0,31.0,1.9354838709677418,ACTIVE_COHORT_MEMBER
C004437,,,,,,,,,,,NO_BOOKING
C004438,2025-12-10,2026-02-28,2.0,3711.66,1855.83,2025-12,297.0,1.0,80.0,0.75,ACTIVE_COHORT_MEMBER
C004439,,,,,,,,,,,NO_BOOKING
C004440,2026-06-09,2026-06-09,1.0,1322.32,1322.32,2026-06,196.0,0.0,0.0,1.0,ACTIVE_COHORT_MEMBER
C004441,2026-01-10,2026-03-23,3.0,9540.1,3180.0333333333333,2026-01,274.0,1.0,72.0,1.25,ACTIVE_COHORT_MEMBER
C004442,,,,,,,,,,,NO_BOOKING
C004443,,,,,,,,,,,NO_BOOKING
C004444,2026-07-14,2026-09-02,2.0,7535.34,3767.67,2026-07,111.0,1.0,50.0,1.2,ACTIVE_COHORT_MEMBER
C004445,2025-12-27,2026-07-07,2.0,1403.2,701.6,2025-12,168.0,1.0,192.0,0.3125,ACTIVE_COHORT_MEMBER
C004446,2026-06-29,2026-06-29,1.0,3662.33,3662.33,2026-06,176.0,0.0,0.0,1.0,ACTIVE_COHORT_MEMBER
C004447,2026-02-21,2026-08-25,2.0,4906.92,2453.46,2026-02,119.0,1.0,185.0,0.3243243243243243,ACTIVE_COHORT_MEMBER
C004448,,,,,,,,,,,NO_BOOKING
C004449,2026-07-30,2026-07-30,1.0,4901.3,4901.3,2026-07,145.0,0.0,0.0,1.0,ACTIVE_COHORT_MEMBER
C004450,2026-06-23,2026-07-22,2.0,7233.77,3616.885,2026-06,153.0,1.0,29.0,2.0,ACTIVE_COHORT_MEMBER
C004451,,,,,,,,,,,NO_BOOKING
C004452,2026-02-02,2026-08-30,2.0,6177.25,3088.625,2026-02,114.0,1.0,209.0,0.28708133971291866,ACTIVE_COHORT_MEMBER
C004453,2026-06-21,2026-08-30,2.0,4521.76,2260.88,2026-06,114.0,1.0,70.0,0.8571428571428571,ACTIVE_COHORT_MEMBER
C004454,2025-10-09,2025-10-09,1.0,2526.96,2526.96,2025-10,439.0,0.0,0.0,1.0,ACTIVE_COHORT_MEMBER
C004455,,,,,,,,,,,NO_BOOKING
C004456,2026-03-14,2026-08-17,3.0,5024.9400000000005,1674.9800000000002,2026-03,127.0,1.0,156.0,0.5769230769230769,ACTIVE_COHORT_MEMBER
C004457,2025-12-06,2025-12-06,1.0,2554.19,2554.19,2025-12,381.0,0.0,0.0,1.0,ACTIVE_COHORT_MEMBER
C004458,2026-12-03,2026-12-03,1.0,1138.96,1138.96,2026-12,19.0,0.0,0.0,1.0,ACTIVE_COHORT_MEMBER
C004459,2026-05-31,2026-10-08,3.0,9830.08,3276.693333333333,2026-05,75.0,1.0,130.0,0.6923076923076924,ACTIVE_COHORT_MEMBER
C004460,2026-02-25,2026-02-25,1.0,967.17,967.17,2026-02,300.0,0.0,0.0,1.0,ACTIVE_COHORT_MEMBER
C004461,2025-10-06,2026-03-28,2.0,5081.02,2540.51,2025-10,269.0,1.0,173.0,0.3468208092485549,ACTIVE_COHORT_MEMBER
C004462,2026-05-07,2026-05-07,1.0,801.28,801.28,2026-05,229.0,0.0,0.0,1.0,ACTIVE_COHORT_MEMBER
C004463,2025-09-07,2026-08-20,2.0,5333.01,2666.505,2025-09,124.0,1.0,347.0,0.1729106628242075,ACTIVE_COHORT_MEMBER
C004464,,,,,,,,,,,NO_BOOKING
C004465,,,,,,,,,,,NO_BOOKING
C004466,2025-08-16,2025-08-16,1.0,2608.32,2608.32,2025-08,493.0,0.0,0.0,1.0,ACTIVE_COHORT_MEMBER
C004467,2026-05-05,2026-06-27,2.0,4345.33,2172.665,2026-05,178.0,1.0,53.0,1.1320754716981132,ACTIVE_COHORT_MEMBER
C004468,,,,,,,,,,,NO_BOOKING
C004469,2025-11-09,2026-07-22,2.0,3245.9399999999996,1622.9699999999998,2025-11,153.0,1.0,255.0,0.23529411764705882,ACTIVE_COHORT_MEMBER
C004470,2026-03-09,2026-07-24,2.0,5382.4400000000005,2691.2200000000003,2026-03,151.0,1.0,137.0,0.43795620437956206,ACTIVE_COHORT_MEMBER
C004471,2025-12-17,2026-06-12,2.0,5229.860000000001,2614.9300000000003,2025-12,193.0,1.0,177.0,0.3389830508474576,ACTIVE_COHORT_MEMBER
C004472,2026-05-07,2026-09-13,2.0,5804.58,2902.29,2026-05,100.0,1.0,129.0,0.46511627906976744,ACTIVE_COHORT_MEMBER
C004473,2025-12-30,2025-12-30,1.0,4828.06,4828.06,2025-12,357.0,0.0,0.0,1.0,ACTIVE_COHORT_MEMBER
C004474,2025-10-30,2026-06-04,2.0,6026.51,3013.255,2025-10,201.0,1.0,217.0,0.2764976958525346,ACTIVE_COHORT_MEMBER
C004475,2026-04-01,2026-05-12,3.0,4918.77,1639.5900000000001,2026-04,224.0,1.0,41.0,2.1951219512195124,ACTIVE_COHORT_MEMBER
C004476,,,,,,,,,,,NO_BOOKING
C004477,2026-02-11,2026-11-11,3.0,6784.02,2261.34,2026-02,41.0,1.0,273.0,0.32967032967032966,ACTIVE_COHORT_MEMBER
C004478,,,,,,,,,,,NO_BOOKING
C004479,2026-04-13,2026-08-09,3.0,7288.4800000000005,2429.4933333333333,2026-04,135.0,1.0,118.0,0.7627118644067797,ACTIVE_COHORT_MEMBER
C004480,2026-04-06,2026-12-01,3.0,9857.46,3285.8199999999997,2026-04,21.0,1.0,239.0,0.37656903765690375,ACTIVE_COHORT_MEMBER
C004481,,,,,,,,,,,NO_BOOKING
C004482,2025-11-28,2025-12-09,2.0,5611.759999999999,2805.8799999999997,2025-11,378.0,1.0,11.0,2.0,ACTIVE_COHORT_MEMBER
C004483,2026-01-11,2026-07-04,3.0,12176.470000000001,4058.8233333333337,2026-01,171.0,1.0,174.0,0.5172413793103449,ACTIVE_COHORT_MEMBER
C004484,2026-10-08,2026-10-08,1.0,1022.85,1022.85,2026-10,75.0,0.0,0.0,1.0,ACTIVE_COHORT_MEMBER
C004485,2026-03-02,2026-03-02,1.0,4474.71,4474.71,2026-03,295.0,0.0,0.0,1.0,ACTIVE_COHORT_MEMBER
C004486,2025-08-24,2026-07-22,5.0,17929.72,3585.9440000000004,2025-08,153.0,1.0,332.0,0.45180722891566266,ACTIVE_COHORT_MEMBER
C004487,2026-07-04,2026-07-04,1.0,586.22,586.22,2026-07,171.0,0.0,0.0,1.0,ACTIVE_COHORT_MEMBER
C004488,2025-09-24,2026-09-22,3.0,10998.72,3666.24,2025-09,91.0,1.0,363.0,0.24793388429752067,ACTIVE_COHORT_MEMBER
C004489,2025-12-06,2025-12-06,1.0,1261.47,1261.47,2025-12,381.0,0.0,0.0,1.0,ACTIVE_COHORT_MEMBER
C004490,,,,,,,,,,,NO_BOOKING
C004491,2025-12-22,2026-04-19,2.0,1547.06,773.53,2025-12,247.0,1.0,118.0,0.5084745762711864,ACTIVE_COHORT_MEMBER
C004492,2025-07-27,2026-06-23,4.0,6179.049999999999,1544.7624999999998,2025-07,182.0,1.0,331.0,0.36253776435045315,ACTIVE_COHORT_MEMBER
C004493,2025-10-03,2026-09-03,3.0,6384.52,2128.1733333333336,2025-10,110.0,1.0,335.0,0.26865671641791045,ACTIVE_COHORT_MEMBER
C004494,2025-11-06,2026-07-28,5.0,14844.84,2968.968,2025-11,147.0,1.0,264.0,0.5681818181818181,ACTIVE_COHORT_MEMBER
C004495,2025-10-18,2026-06-17,4.0,9172.26,2293.065,2025-10,188.0,1.0,242.0,0.49586776859504134,ACTIVE_COHORT_MEMBER
C004496,2026-03-08,2026-03-08,1.0,1733.09,1733.09,2026-03,289.0,0.0,0.0,1.0,ACTIVE_COHORT_MEMBER
C004497,2026-03-09,2026-07-30,2.0,7688.09,3844.045,2026-03,145.0,1.0,143.0,0.4195804195804196,ACTIVE_COHORT_MEMBER
C004498,2025-10-07,2026-01-12,2.0,6506.33,3253.165,2025-10,344.0,1.0,97.0,0.6185567010309279,ACTIVE_COHORT_MEMBER
C004499,2026-02-27,2026-07-29,2.0,5762.87,2881.435,2026-02,146.0,1.0,152.0,0.39473684210526316,ACTIVE_COHORT_MEMBER
C004500,2025-11-28,2026-01-02,2.0,8249.51,4124.755,2025-11,354.0,1.0,35.0,1.7142857142857142,ACTIVE_COHORT_MEMBER
C004501,2026-02-10,2026-05-07,4.0,11395.75,2848.9375,2026-02,229.0,1.0,86.0,1.3953488372093024,ACTIVE_COHORT_MEMBER
C004502,2025-11-25,2026-10-22,3.0,9776.89,3258.963333333333,2025-11,61.0,1.0,331.0,0.2719033232628399,ACTIVE_COHORT_MEMBER
C004503,,,,,,,,,,,NO_BOOKING
C004504,2026-09-29,2026-09-29,1.0,1780.24,1780.24,2026-09,84.0,0.0,0.0,1.0,ACTIVE_COHORT_MEMBER
C004505,,,,,,,,,,,NO_BOOKING
C004506,2026-02-24,2026-02-24,1.0,2790.03,2790.03,2026-02,301.0,0.0,0.0,1.0,ACTIVE_COHORT_MEMBER
C004507,2025-11-13,2025-11-13,1.0,523.86,523.86,2025-11,404.0,0.0,0.0,1.0,ACTIVE_COHORT_MEMBER
C004508,2026-03-11,2026-08-17,2.0,5334.2,2667.1,2026-03,127.0,1.0,159.0,0.37735849056603776,ACTIVE_COHORT_MEMBER
C004509,2025-11-03,2025-11-03,1.0,1153.24,1153.24,2025-11,414.0,0.0,0.0,1.0,ACTIVE_COHORT_MEMBER
C004510,,,,,,,,,,,NO_BOOKING
C004511,2025-10-05,2026-04-10,2.0,4012.01,2006.005,2025-10,256.0,1.0,187.0,0.32085561497326204,ACTIVE_COHORT_MEMBER
C004512,2026-08-23,2026-08-23,1.0,2234.48,2234.48,2026-08,121.0,0.0,0.0,1.0,ACTIVE_COHORT_MEMBER
C004513,2026-07-28,2026-07-28,1.0,3866.54,3866.54,2026-07,147.0,0.0,0.0,1.0,ACTIVE_COHORT_MEMBER
C004514,,,,,,,,,,,NO_BOOKING
C004515,2025-12-29,2026-02-18,2.0,5401.12,2700.56,2025-12,307.0,1.0,51.0,1.1764705882352942,ACTIVE_COHORT_MEMBER
C004516,2025-09-03,2025-09-03,1.0,3288.43,3288.43,2025-09,475.0,0.0,0.0,1.0,ACTIVE_COHORT_MEMBER
C004517,2026-02-17,2026-09-22,4.0,11008.53,2752.1325,2026-02,91.0,1.0,217.0,0.5529953917050692,ACTIVE_COHORT_MEMBER
C004518,2026-04-27,2026-08-09,3.0,7637.1,2545.7000000000003,2026-04,135.0,1.0,104.0,0.8653846153846153,ACTIVE_COHORT_MEMBER
C004519,2025-11-24,2025-11-24,1.0,4126.49,4126.49,2025-11,393.0,0.0,0.0,1.0,ACTIVE_COHORT_MEMBER
C004520,,,,,,,,,,,NO_BOOKING
C004521,2026-03-05,2026-03-05,1.0,3466.52,3466.52,2026-03,292.0,0.0,0.0,1.0,ACTIVE_COHORT_MEMBER
C004522,2026-07-20,2026-07-20,1.0,1461.03,1461.03,2026-07,155.0,0.0,0.0,1.0,ACTIVE_COHORT_MEMBER
C004523,2025-09-19,2026-10-04,3.0,9461.79,3153.9300000000003,2025-09,79.0,1.0,380.0,0.2368421052631579,ACTIVE_COHORT_MEMBER
C004524,2026-05-04,2026-05-04,1.0,1594.23,1594.23,2026-05,232.0,0.0,0.0,1.0,ACTIVE_COHORT_MEMBER
C004525,2025-08-22,2026-04-23,8.0,18755.27,2344.40875,2025-08,243.0,1.0,244.0,0.9836065573770493,ACTIVE_COHORT_MEMBER
C004526,2026-01-01,2026-01-01,1.0,2815.37,2815.37,2026-01,355.0,0.0,0.0,1.0,ACTIVE_COHORT_MEMBER
C004527,2026-05-03,2026-05-03,1.0,4065.06,4065.06,2026-05,233.0,0.0,0.0,1.0,ACTIVE_COHORT_MEMBER
C004528,2026-04-06,2026-04-06,1.0,4084.83,4084.83,2026-04,260.0,0.0,0.0,1.0,ACTIVE_COHORT_MEMBER
C004529,2026-08-13,2026-08-29,2.0,4347.5599999999995,2173.7799999999997,2026-08,115.0,1.0,16.0,2.0,ACTIVE_COHORT_MEMBER
C004530,2025-12-13,2026-06-22,3.0,4600.0599999999995,1533.3533333333332,2025-12,183.0,1.0,191.0,0.47120418848167545,ACTIVE_COHORT_MEMBER
C004531,2025-11-24,2026-02-10,4.0,11162.34,2790.585,2025-11,315.0,1.0,78.0,1.5384615384615383,ACTIVE_COHORT_MEMBER
C004532,2026-01-17,2026-01-17,1.0,1082.58,1082.58,2026-01,339.0,0.0,0.0,1.0,ACTIVE_COHORT_MEMBER
C004533,2026-02-25,2026-02-25,1.0,4364.18,4364.18,2026-02,300.0,0.0,0.0,1.0,ACTIVE_COHORT_MEMBER
C004534,2026-11-11,2026-11-11,1.0,579.29,579.29,2026-11,41.0,0.0,0.0,1.0,ACTIVE_COHORT_MEMBER
C004535,2025-08-19,2026-08-18,3.0,7619.3099999999995,2539.77,2025-08,126.0,1.0,364.0,0.24725274725274726,ACTIVE_COHORT_MEMBER
C004536,2026-06-18,2026-06-18,1.0,1024.28,1024.28,2026-06,187.0,0.0,0.0,1.0,ACTIVE_COHORT_MEMBER
C004537,2026-02-05,2026-02-05,1.0,4351.18,4351.18,2026-02,320.0,0.0,0.0,1.0,ACTIVE_COHORT_MEMBER
C004538,2026-07-24,2026-07-24,1.0,2530.98,2530.98,2026-07,151.0,0.0,0.0,1.0,ACTIVE_COHORT_MEMBER
C004539,2025-09-14,2026-06-17,3.0,9157.470000000001,3052.4900000000002,2025-09,188.0,1.0,276.0,0.32608695652173914,ACTIVE_COHORT_MEMBER
C004540,2026-02-10,2026-02-10,1.0,3416.13,3416.13,2026-02,315.0,0.0,0.0,1.0,ACTIVE_COHORT_MEMBER
C004541,2026-04-01,2026-04-01,1.0,2825.46,2825.46,2026-04,265.0,0.0,0.0,1.0,ACTIVE_COHORT_MEMBER
C004542,2026-02-20,2026-02-20,1.0,2279.27,2279.27,2026-02,305.0,0.0,0.0,1.0,ACTIVE_COHORT_MEMBER
C004543,2025-08-11,2026-08-11,3.0,11337.880000000001,3779.2933333333335,2025-08,133.0,1.0,365.0,0.24657534246575344,ACTIVE_COHORT_MEMBER
C004544,2026-06-24,2026-06-24,1.0,3899.25,3899.25,2026-06,181.0,0.0,0.0,1.0,ACTIVE_COHORT_MEMBER
C004545,2026-01-20,2026-01-20,1.0,2008.37,2008.37,2026-01,336.0,0.0,0.0,1.0,ACTIVE_COHORT_MEMBER
C004546,2026-07-12,2026-09-03,3.0,7425.45,2475.15,2026-07,110.0,1.0,53.0,1.6981132075471699,ACTIVE_COHORT_MEMBER
C004547,2026-04-17,2026-08-05,2.0,5857.38,2928.69,2026-04,139.0,1.0,110.0,0.5454545454545455,ACTIVE_COHORT_MEMBER
C004548,2025-12-24,2025-12-24,1.0,639.41,639.41,2025-12,363.0,0.0,0.0,1.0,ACTIVE_COHORT_MEMBER
C004549,2025-08-03,2026-06-08,4.0,10454.72,2613.68,2025-08,197.0,1.0,309.0,0.3883495145631068,ACTIVE_COHORT_MEMBER
C004550,2025-11-18,2025-11-18,1.0,2312.39,2312.39,2025-11,399.0,0.0,0.0,1.0,ACTIVE_COHORT_MEMBER
C004551,2026-02-03,2026-08-27,2.0,4686.68,2343.34,2026-02,117.0,1.0,205.0,0.29268292682926833,ACTIVE_COHORT_MEMBER
C004552,2025-11-07,2026-11-04,4.0,7300.98,1825.245,2025-11,48.0,1.0,362.0,0.3314917127071823,ACTIVE_COHORT_MEMBER
C004553,2025-12-04,2026-06-08,3.0,10260.3,3420.1,2025-12,197.0,1.0,186.0,0.48387096774193544,ACTIVE_COHORT_MEMBER
C004554,,,,,,,,,,,NO_BOOKING
C004555,2026-07-28,2026-07-28,1.0,2805.29,2805.29,2026-07,147.0,0.0,0.0,1.0,ACTIVE_COHORT_MEMBER
C004556,2025-09-07,2026-09-23,5.0,17289.73,3457.946,2025-09,90.0,1.0,381.0,0.3937007874015748,ACTIVE_COHORT_MEMBER
C004557,2026-08-11,2026-08-11,1.0,3496.33,3496.33,2026-08,133.0,0.0,0.0,1.0,ACTIVE_COHORT_MEMBER
C004558,2025-08-24,2025-08-24,1.0,3163.88,3163.88,2025-08,485.0,0.0,0.0,1.0,ACTIVE_COHORT_MEMBER
C004559,2026-02-19,2026-07-18,2.0,3816.3399999999997,1908.1699999999998,2026-02,157.0,1.0,149.0,0.40268456375838924,ACTIVE_COHORT_MEMBER
C004560,2026-10-31,2026-10-31,1.0,4379.06,4379.06,2026-10,52.0,0.0,0.0,1.0,ACTIVE_COHORT_MEMBER
C004561,,,,,,,,,,,NO_BOOKING
C004562,,,,,,,,,,,NO_BOOKING
C004563,,,,,,,,,,,NO_BOOKING
C004564,2026-01-19,2026-07-15,3.0,6373.41,2124.47,2026-01,160.0,1.0,177.0,0.5084745762711864,ACTIVE_COHORT_MEMBER
C004565,2025-12-01,2025-12-01,1.0,3485.32,3485.32,2025-12,386.0,0.0,0.0,1.0,ACTIVE_COHORT_MEMBER
C004566,2025-09-26,2026-06-01,3.0,6425.65,2141.883333333333,2025-09,204.0,1.0,248.0,0.36290322580645157,ACTIVE_COHORT_MEMBER
C004567,2026-02-21,2026-09-10,3.0,6986.15,2328.7166666666667,2026-02,103.0,1.0,201.0,0.44776119402985076,ACTIVE_COHORT_MEMBER
C004568,2026-02-22,2026-07-05,3.0,4060.83,1353.61,2026-02,170.0,1.0,133.0,0.6766917293233082,ACTIVE_COHORT_MEMBER
C004569,2025-09-17,2025-09-17,1.0,1774.64,1774.64,2025-09,461.0,0.0,0.0,1.0,ACTIVE_COHORT_MEMBER
C004570,2025-12-19,2026-11-22,3.0,8192.57,2730.8566666666666,2025-12,30.0,1.0,338.0,0.2662721893491124,ACTIVE_COHORT_MEMBER
C004571,2026-04-11,2026-04-11,1.0,2657.59,2657.59,2026-04,255.0,0.0,0.0,1.0,ACTIVE_COHORT_MEMBER
C004572,2025-11-23,2026-06-30,3.0,7830.08,2610.0266666666666,2025-11,175.0,1.0,219.0,0.4109589041095891,ACTIVE_COHORT_MEMBER
C004573,2025-11-22,2026-03-18,2.0,6161.13,3080.565,2025-11,279.0,1.0,116.0,0.5172413793103449,ACTIVE_COHORT_MEMBER
C004574,2025-10-31,2026-08-17,2.0,5024.83,2512.415,2025-10,127.0,1.0,290.0,0.20689655172413796,ACTIVE_COHORT_MEMBER
C004575,2026-10-22,2026-10-22,1.0,4733.74,4733.74,2026-10,61.0,0.0,0.0,1.0,ACTIVE_COHORT_MEMBER
C004576,2025-11-10,2025-11-10,1.0,4252.96,4252.96,2025-11,407.0,0.0,0.0,1.0,ACTIVE_COHORT_MEMBER
C004577,2025-12-01,2026-09-19,4.0,9391.07,2347.7675,2025-12,94.0,1.0,292.0,0.4109589041095891,ACTIVE_COHORT_MEMBER
C004578,2026-07-31,2026-07-31,1.0,4362.51,4362.51,2026-07,144.0,0.0,0.0,1.0,ACTIVE_COHORT_MEMBER
C004579,2025-10-27,2026-07-24,2.0,6687.82,3343.91,2025-10,151.0,1.0,270.0,0.2222222222222222,ACTIVE_COHORT_MEMBER
C004580,2026-07-09,2026-07-10,2.0,4738.26,2369.13,2026-07,165.0,1.0,1.0,2.0,ACTIVE_COHORT_MEMBER
C004581,2026-06-21,2026-06-21,1.0,2657.35,2657.35,2026-06,184.0,0.0,0.0,1.0,ACTIVE_COHORT_MEMBER
C004582,2026-02-04,2026-08-25,2.0,6781.63,3390.815,2026-02,119.0,1.0,202.0,0.297029702970297,ACTIVE_COHORT_MEMBER
C004583,2026-10-12,2026-10-12,1.0,861.16,861.16,2026-10,71.0,0.0,0.0,1.0,ACTIVE_COHORT_MEMBER
C004584,2025-12-12,2026-03-24,3.0,9104.55,3034.85,2025-12,273.0,1.0,102.0,0.8823529411764706,ACTIVE_COHORT_MEMBER
C004585,2026-07-05,2026-07-05,1.0,2147.06,2147.06,2026-07,170.0,0.0,0.0,1.0,ACTIVE_COHORT_MEMBER
C004586,2026-01-29,2026-10-25,2.0,6762.29,3381.145,2026-01,58.0,1.0,269.0,0.22304832713754646,ACTIVE_COHORT_MEMBER
C004587,2025-12-25,2026-05-16,2.0,1787.44,893.72,2025-12,220.0,1.0,142.0,0.4225352112676056,ACTIVE_COHORT_MEMBER
C004588,2026-03-25,2026-03-25,1.0,3892.32,3892.32,2026-03,272.0,0.0,0.0,1.0,ACTIVE_COHORT_MEMBER
C004589,2026-04-24,2026-04-24,1.0,3673.82,3673.82,2026-04,242.0,0.0,0.0,1.0,ACTIVE_COHORT_MEMBER
C004590,2026-02-13,2026-10-15,3.0,5745.13,1915.0433333333333,2026-02,68.0,1.0,244.0,0.36885245901639346,ACTIVE_COHORT_MEMBER
C004591,2026-03-05,2026-05-27,3.0,5561.9,1853.9666666666665,2026-03,209.0,1.0,83.0,1.0843373493975903,ACTIVE_COHORT_MEMBER
C004592,2026-03-15,2026-05-03,2.0,4616.42,2308.21,2026-03,233.0,1.0,49.0,1.2244897959183674,ACTIVE_COHORT_MEMBER
C004593,2026-03-28,2026-07-09,2.0,2533.83,1266.915,2026-03,166.0,1.0,103.0,0.5825242718446603,ACTIVE_COHORT_MEMBER
C004594,2026-01-25,2026-01-25,1.0,858.82,858.82,2026-01,331.0,0.0,0.0,1.0,ACTIVE_COHORT_MEMBER
C004595,2025-11-07,2025-11-07,1.0,1666.36,1666.36,2025-11,410.0,0.0,0.0,1.0,ACTIVE_COHORT_MEMBER
C004596,2026-05-26,2026-05-26,1.0,4919.85,4919.85,2026-05,210.0,0.0,0.0,1.0,ACTIVE_COHORT_MEMBER
C004597,2026-02-09,2026-02-09,1.0,1437.54,1437.54,2026-02,316.0,0.0,0.0,1.0,ACTIVE_COHORT_MEMBER
C004598,2026-08-11,2026-08-11,1.0,2395.56,2395.56,2026-08,133.0,0.0,0.0,1.0,ACTIVE_COHORT_MEMBER
C004599,2025-11-12,2026-11-01,4.0,9450.3,2362.575,2025-11,51.0,1.0,354.0,0.3389830508474576,ACTIVE_COHORT_MEMBER
C004600,2026-04-23,2026-04-23,1.0,3593.37,3593.37,2026-04,243.0,0.0,0.0,1.0,ACTIVE_COHORT_MEMBER
C004601,2026-03-17,2026-03-17,1.0,1046.5,1046.5,2026-03,280.0,0.0,0.0,1.0,ACTIVE_COHORT_MEMBER
C004602,2026-06-24,2026-06-24,1.0,1944.89,1944.89,2026-06,181.0,0.0,0.0,1.0,ACTIVE_COHORT_MEMBER
C004603,,,,,,,,,,,NO_BOOKING
C004604,2025-12-02,2026-05-21,3.0,7578.42,2526.14,2025-12,215.0,1.0,170.0,0.5294117647058824,ACTIVE_COHORT_MEMBER
C004605,,,,,,,,,,,NO_BOOKING
C004606,2026-01-15,2026-01-15,1.0,2527.12,2527.12,2026-01,341.0,0.0,0.0,1.0,ACTIVE_COHORT_MEMBER
C004607,,,,,,,,,,,NO_BOOKING
C004608,2025-08-26,2026-01-26,2.0,6397.29,3198.645,2025-08,330.0,1.0,153.0,0.3921568627450981,ACTIVE_COHORT_MEMBER
C004609,,,,,,,,,,,NO_BOOKING
C004610,,,,,,,,,,,NO_BOOKING
C004611,2026-07-26,2026-07-26,1.0,4355.42,4355.42,2026-07,149.0,0.0,0.0,1.0,ACTIVE_COHORT_MEMBER
C004612,2026-01-03,2026-09-12,4.0,5762.92,1440.73,2026-01,101.0,1.0,252.0,0.47619047619047616,ACTIVE_COHORT_MEMBER
C004613,2026-01-18,2026-07-20,2.0,7937.0599999999995,3968.5299999999997,2026-01,155.0,1.0,183.0,0.3278688524590164,ACTIVE_COHORT_MEMBER
C004614,2026-01-29,2026-08-26,3.0,10380.01,3460.0033333333336,2026-01,118.0,1.0,209.0,0.43062200956937796,ACTIVE_COHORT_MEMBER
C004615,,,,,,,,,,,NO_BOOKING
C004616,2025-12-18,2026-04-29,2.0,2603.8,1301.9,2025-12,237.0,1.0,132.0,0.45454545454545453,ACTIVE_COHORT_MEMBER
C004617,2026-04-14,2026-11-27,4.0,8329.11,2082.2775,2026-04,25.0,1.0,227.0,0.5286343612334802,ACTIVE_COHORT_MEMBER
C004618,,,,,,,,,,,NO_BOOKING
C004619,,,,,,,,,,,NO_BOOKING
C004620,2025-12-16,2026-11-29,2.0,6673.63,3336.815,2025-12,23.0,1.0,348.0,0.1724137931034483,ACTIVE_COHORT_MEMBER
C004621,2025-11-16,2026-04-01,3.0,8496.2,2832.066666666667,2025-11,265.0,1.0,136.0,0.6617647058823529,ACTIVE_COHORT_MEMBER
C004622,2026-08-15,2026-09-18,3.0,4730.97,1576.99,2026-08,95.0,1.0,34.0,2.6470588235294117,ACTIVE_COHORT_MEMBER
C004623,,,,,,,,,,,NO_BOOKING
C004624,2025-10-30,2025-10-30,1.0,4487.54,4487.54,2025-10,418.0,0.0,0.0,1.0,ACTIVE_COHORT_MEMBER
C004625,2025-08-01,2026-07-27,3.0,4193.7,1397.8999999999999,2025-08,148.0,1.0,360.0,0.25,ACTIVE_COHORT_MEMBER
C004626,2026-02-11,2026-02-11,1.0,3688.94,3688.94,2026-02,314.0,0.0,0.0,1.0,ACTIVE_COHORT_MEMBER
C004627,2026-02-09,2026-02-09,1.0,807.72,807.72,2026-02,316.0,0.0,0.0,1.0,ACTIVE_COHORT_MEMBER
C004628,2026-04-26,2026-07-21,3.0,8841.84,2947.28,2026-04,154.0,1.0,86.0,1.0465116279069768,ACTIVE_COHORT_MEMBER
C004629,2026-05-28,2026-10-18,2.0,2584.6899999999996,1292.3449999999998,2026-05,65.0,1.0,143.0,0.4195804195804196,ACTIVE_COHORT_MEMBER
C004630,,,,,,,,,,,NO_BOOKING
C004631,,,,,,,,,,,NO_BOOKING
C004632,2026-05-17,2026-06-05,2.0,5403.9,2701.95,2026-05,200.0,1.0,19.0,2.0,ACTIVE_COHORT_MEMBER
C004633,2026-11-04,2026-11-04,1.0,2623.71,2623.71,2026-11,48.0,0.0,0.0,1.0,ACTIVE_COHORT_MEMBER
C004634,2026-01-27,2026-05-16,2.0,7064.5599999999995,3532.2799999999997,2026-01,220.0,1.0,109.0,0.5504587155963303,ACTIVE_COHORT_MEMBER
C004635,2026-04-23,2026-04-23,1.0,4225.28,4225.28,2026-04,243.0,0.0,0.0,1.0,ACTIVE_COHORT_MEMBER
C004636,,,,,,,,,,,NO_BOOKING
C004637,2025-12-03,2026-11-30,3.0,7630.09,2543.3633333333332,2025-12,22.0,1.0,362.0,0.24861878453038674,ACTIVE_COHORT_MEMBER
C004638,2026-05-05,2026-07-15,3.0,6450.51,2150.17,2026-05,160.0,1.0,71.0,1.267605633802817,ACTIVE_COHORT_MEMBER
C004639,,,,,,,,,,,NO_BOOKING
C004640,,,,,,,,,,,NO_BOOKING
C004641,,,,,,,,,,,NO_BOOKING
C004642,,,,,,,,,,,NO_BOOKING
C004643,2026-02-03,2026-05-24,2.0,5805.5599999999995,2902.7799999999997,2026-02,212.0,1.0,110.0,0.5454545454545455,ACTIVE_COHORT_MEMBER
C004644,2026-05-22,2026-05-22,1.0,1738.07,1738.07,2026-05,214.0,0.0,0.0,1.0,ACTIVE_COHORT_MEMBER
C004645,2026-01-29,2026-01-29,1.0,2244.84,2244.84,2026-01,327.0,0.0,0.0,1.0,ACTIVE_COHORT_MEMBER
C004646,2025-11-04,2025-11-04,1.0,4793.31,4793.31,2025-11,413.0,0.0,0.0,1.0,ACTIVE_COHORT_MEMBER
C004647,2026-06-02,2026-12-02,2.0,7148.41,3574.205,2026-06,20.0,1.0,183.0,0.3278688524590164,ACTIVE_COHORT_MEMBER
C004648,2026-02-28,2026-08-21,4.0,8796.63,2199.1575,2026-02,123.0,1.0,174.0,0.6896551724137931,ACTIVE_COHORT_MEMBER
C004649,2026-03-31,2026-08-03,2.0,5072.0599999999995,2536.0299999999997,2026-03,141.0,1.0,125.0,0.48,ACTIVE_COHORT_MEMBER
C004650,,,,,,,,,,,NO_BOOKING
C004651,2026-02-27,2026-02-27,1.0,4376.74,4376.74,2026-02,298.0,0.0,0.0,1.0,ACTIVE_COHORT_MEMBER
C004652,2026-02-16,2026-10-21,3.0,9194.18,3064.726666666667,2026-02,62.0,1.0,247.0,0.3643724696356276,ACTIVE_COHORT_MEMBER
C004653,2025-11-20,2026-02-25,2.0,4001.2,2000.6,2025-11,300.0,1.0,97.0,0.6185567010309279,ACTIVE_COHORT_MEMBER
C004654,2026-06-06,2026-06-06,1.0,4579.95,4579.95,2026-06,199.0,0.0,0.0,1.0,ACTIVE_COHORT_MEMBER
C004655,2026-04-07,2026-09-23,4.0,11122.619999999999,2780.6549999999997,2026-04,90.0,1.0,169.0,0.7100591715976331,ACTIVE_COHORT_MEMBER
C004656,2025-11-02,2026-05-24,2.0,6197.599999999999,3098.7999999999997,2025-11,212.0,1.0,203.0,0.2955665024630542,ACTIVE_COHORT_MEMBER
C004657,2026-02-07,2026-10-17,2.0,6679.09,3339.545,2026-02,66.0,1.0,252.0,0.23809523809523808,ACTIVE_COHORT_MEMBER
C004658,2026-04-18,2026-04-18,1.0,863.83,863.83,2026-04,248.0,0.0,0.0,1.0,ACTIVE_COHORT_MEMBER
C004659,2026-01-20,2026-06-24,3.0,6004.7,2001.5666666666666,2026-01,181.0,1.0,155.0,0.5806451612903225,ACTIVE_COHORT_MEMBER
C004660,2026-03-26,2026-04-22,2.0,8215.630000000001,4107.8150000000005,2026-03,244.0,1.0,27.0,2.0,ACTIVE_COHORT_MEMBER
C004661,2026-03-05,2026-03-05,1.0,1657.4,1657.4,2026-03,292.0,0.0,0.0,1.0,ACTIVE_COHORT_MEMBER
C004662,2026-01-13,2026-04-13,2.0,5159.889999999999,2579.9449999999997,2026-01,253.0,1.0,90.0,0.6666666666666666,ACTIVE_COHORT_MEMBER
C004663,2026-01-13,2026-08-05,3.0,12127.25,4042.4166666666665,2026-01,139.0,1.0,204.0,0.4411764705882353,ACTIVE_COHORT_MEMBER
C004664,2026-10-01,2026-10-01,1.0,4871.5,4871.5,2026-10,82.0,0.0,0.0,1.0,ACTIVE_COHORT_MEMBER
C004665,2025-12-13,2026-01-29,2.0,7251.7,3625.85,2025-12,327.0,1.0,47.0,1.2765957446808511,ACTIVE_COHORT_MEMBER
C004666,2025-12-25,2026-06-07,2.0,4232.719999999999,2116.3599999999997,2025-12,198.0,1.0,164.0,0.36585365853658536,ACTIVE_COHORT_MEMBER
C004667,2026-05-05,2026-05-05,1.0,813.89,813.89,2026-05,231.0,0.0,0.0,1.0,ACTIVE_COHORT_MEMBER
C004668,,,,,,,,,,,NO_BOOKING
C004669,2026-04-09,2026-04-09,1.0,1068.39,1068.39,2026-04,257.0,0.0,0.0,1.0,ACTIVE_COHORT_MEMBER
C004670,2026-02-07,2026-08-14,4.0,9353.14,2338.285,2026-02,130.0,1.0,188.0,0.6382978723404256,ACTIVE_COHORT_MEMBER
C004671,2025-12-16,2026-11-29,3.0,9133.18,3044.3933333333334,2025-12,23.0,1.0,348.0,0.25862068965517243,ACTIVE_COHORT_MEMBER
C004672,,,,,,,,,,,NO_BOOKING
C004673,,,,,,,,,,,NO_BOOKING
C004674,2026-04-17,2026-09-05,2.0,5557.360000000001,2778.6800000000003,2026-04,108.0,1.0,141.0,0.425531914893617,ACTIVE_COHORT_MEMBER
C004675,2025-11-21,2026-10-12,2.0,5177.49,2588.745,2025-11,71.0,1.0,325.0,0.1846153846153846,ACTIVE_COHORT_MEMBER
C004676,2025-11-14,2026-09-22,5.0,8996.529999999999,1799.3059999999998,2025-11,91.0,1.0,312.0,0.4807692307692307,ACTIVE_COHORT_MEMBER
C004677,2026-03-17,2026-06-10,2.0,2004.55,1002.275,2026-03,195.0,1.0,85.0,0.7058823529411764,ACTIVE_COHORT_MEMBER
C004678,2026-07-17,2026-12-01,3.0,9511.99,3170.6633333333334,2026-07,21.0,1.0,137.0,0.6569343065693432,ACTIVE_COHORT_MEMBER
C004679,2026-04-04,2026-04-04,1.0,2543.57,2543.57,2026-04,262.0,0.0,0.0,1.0,ACTIVE_COHORT_MEMBER
C004680,2025-11-23,2025-11-23,1.0,2155.61,2155.61,2025-11,394.0,0.0,0.0,1.0,ACTIVE_COHORT_MEMBER
C004681,2025-12-12,2025-12-12,1.0,3672.31,3672.31,2025-12,375.0,0.0,0.0,1.0,ACTIVE_COHORT_MEMBER
C004682,2025-12-31,2026-08-30,2.0,7521.08,3760.54,2025-12,114.0,1.0,242.0,0.24793388429752067,ACTIVE_COHORT_MEMBER
C004683,2026-06-23,2026-06-23,1.0,4067.62,4067.62,2026-06,182.0,0.0,0.0,1.0,ACTIVE_COHORT_MEMBER
C004684,2025-12-04,2026-11-14,5.0,18507.82,3701.564,2025-12,38.0,1.0,345.0,0.43478260869565216,ACTIVE_COHORT_MEMBER
C004685,,,,,,,,,,,NO_BOOKING
C004686,,,,,,,,,,,NO_BOOKING
C004687,2026-01-02,2026-01-02,1.0,564.5,564.5,2026-01,354.0,0.0,0.0,1.0,ACTIVE_COHORT_MEMBER
C004688,2026-07-09,2026-07-09,1.0,4204.49,4204.49,2026-07,166.0,0.0,0.0,1.0,ACTIVE_COHORT_MEMBER
C004689,2025-12-08,2026-07-08,3.0,7782.879999999999,2594.293333333333,2025-12,167.0,1.0,212.0,0.42452830188679247,ACTIVE_COHORT_MEMBER
C004690,2026-03-31,2026-08-12,2.0,2935.7599999999998,1467.8799999999999,2026-03,132.0,1.0,134.0,0.44776119402985076,ACTIVE_COHORT_MEMBER
C004691,2026-01-27,2026-01-27,1.0,3365.49,3365.49,2026-01,329.0,0.0,0.0,1.0,ACTIVE_COHORT_MEMBER
C004692,2026-08-19,2026-08-19,1.0,1977.55,1977.55,2026-08,125.0,0.0,0.0,1.0,ACTIVE_COHORT_MEMBER
C004693,2026-09-06,2026-09-06,1.0,4705.56,4705.56,2026-09,107.0,0.0,0.0,1.0,ACTIVE_COHORT_MEMBER
C004694,,,,,,,,,,,NO_BOOKING
C004695,2026-03-01,2026-06-08,2.0,4866.9,2433.45,2026-03,197.0,1.0,99.0,0.6060606060606061,ACTIVE_COHORT_MEMBER
C004696,,,,,,,,,,,NO_BOOKING
C004697,,,,,,,,,,,NO_BOOKING
C004698,2026-08-13,2026-08-19,2.0,6038.4400000000005,3019.2200000000003,2026-08,125.0,1.0,6.0,2.0,ACTIVE_COHORT_MEMBER
C004699,2026-05-24,2026-05-24,1.0,985.4,985.4,2026-05,212.0,0.0,0.0,1.0,ACTIVE_COHORT_MEMBER
C004700,2026-01-26,2026-08-30,2.0,4633.83,2316.915,2026-01,114.0,1.0,216.0,0.2777777777777778,ACTIVE_COHORT_MEMBER
C004701,2026-10-04,2026-10-04,1.0,3652.8,3652.8,2026-10,79.0,0.0,0.0,1.0,ACTIVE_COHORT_MEMBER
C004702,2026-02-23,2026-06-28,2.0,2970.11,1485.055,2026-02,177.0,1.0,125.0,0.48,ACTIVE_COHORT_MEMBER
C004703,2026-10-16,2026-10-16,1.0,4261.07,4261.07,2026-10,67.0,0.0,0.0,1.0,ACTIVE_COHORT_MEMBER
C004704,2026-03-26,2026-09-03,3.0,6269.64,2089.88,2026-03,110.0,1.0,161.0,0.5590062111801243,ACTIVE_COHORT_MEMBER
C004705,2026-07-27,2026-07-27,1.0,4505.82,4505.82,2026-07,148.0,0.0,0.0,1.0,ACTIVE_COHORT_MEMBER
C004706,,,,,,,,,,,NO_BOOKING
C004707,,,,,,,,,,,NO_BOOKING
C004708,2026-03-21,2026-03-21,1.0,4165.63,4165.63,2026-03,276.0,0.0,0.0,1.0,ACTIVE_COHORT_MEMBER
C004709,,,,,,,,,,,NO_BOOKING
C004710,2026-01-29,2026-04-15,2.0,6273.6,3136.8,2026-01,251.0,1.0,76.0,0.7894736842105263,ACTIVE_COHORT_MEMBER
C004711,2026-11-09,2026-11-09,1.0,1616.42,1616.42,2026-11,43.0,0.0,0.0,1.0,ACTIVE_COHORT_MEMBER
C004712,2026-04-29,2026-08-24,3.0,3734.0299999999997,1244.6766666666665,2026-04,120.0,1.0,117.0,0.7692307692307693,ACTIVE_COHORT_MEMBER
C004713,2026-07-24,2026-08-26,2.0,2157.1,1078.55,2026-07,118.0,1.0,33.0,1.8181818181818181,ACTIVE_COHORT_MEMBER
C004714,2026-01-05,2026-10-16,4.0,12937.21,3234.3025,2026-01,67.0,1.0,284.0,0.4225352112676056,ACTIVE_COHORT_MEMBER
C004715,2025-09-29,2025-09-29,1.0,1103.08,1103.08,2025-09,449.0,0.0,0.0,1.0,ACTIVE_COHORT_MEMBER
C004716,2026-03-02,2026-03-02,1.0,4369.74,4369.74,2026-03,295.0,0.0,0.0,1.0,ACTIVE_COHORT_MEMBER
C004717,,,,,,,,,,,NO_BOOKING
C004718,2026-01-11,2026-04-17,2.0,6794.02,3397.01,2026-01,249.0,1.0,96.0,0.625,ACTIVE_COHORT_MEMBER
C004719,2026-01-09,2026-05-03,2.0,3307.83,1653.915,2026-01,233.0,1.0,114.0,0.5263157894736842,ACTIVE_COHORT_MEMBER
C004720,2025-10-21,2026-07-08,2.0,7490.71,3745.355,2025-10,167.0,1.0,260.0,0.23076923076923078,ACTIVE_COHORT_MEMBER
C004721,2026-05-04,2026-05-04,1.0,1687.81,1687.81,2026-05,232.0,0.0,0.0,1.0,ACTIVE_COHORT_MEMBER
C004722,2026-01-09,2026-01-09,1.0,1290.98,1290.98,2026-01,347.0,0.0,0.0,1.0,ACTIVE_COHORT_MEMBER
C004723,,,,,,,,,,,NO_BOOKING
C004724,2026-03-18,2026-10-10,3.0,7484.5,2494.8333333333335,2026-03,73.0,1.0,206.0,0.4368932038834952,ACTIVE_COHORT_MEMBER
C004725,2025-10-10,2026-07-24,4.0,14280.08,3570.02,2025-10,151.0,1.0,287.0,0.4181184668989547,ACTIVE_COHORT_MEMBER
C004726,2026-01-23,2026-03-06,3.0,8029.08,2676.36,2026-01,291.0,1.0,42.0,2.142857142857143,ACTIVE_COHORT_MEMBER
C004727,2026-03-10,2026-03-10,1.0,4638.61,4638.61,2026-03,287.0,0.0,0.0,1.0,ACTIVE_COHORT_MEMBER
C004728,2025-09-25,2026-04-07,2.0,5343.67,2671.835,2025-09,259.0,1.0,194.0,0.30927835051546393,ACTIVE_COHORT_MEMBER
C004729,2026-03-26,2026-11-20,2.0,5513.08,2756.54,2026-03,32.0,1.0,239.0,0.2510460251046025,ACTIVE_COHORT_MEMBER
C004730,2025-10-29,2026-11-23,4.0,10685.13,2671.2825,2025-10,29.0,1.0,390.0,0.3076923076923077,ACTIVE_COHORT_MEMBER
C004731,,,,,,,,,,,NO_BOOKING
C004732,,,,,,,,,,,NO_BOOKING
C004733,2025-10-26,2026-09-20,4.0,11249.730000000001,2812.4325000000003,2025-10,93.0,1.0,329.0,0.364741641337386,ACTIVE_COHORT_MEMBER
C004734,2026-07-20,2026-08-25,2.0,2299.89,1149.945,2026-07,119.0,1.0,36.0,1.6666666666666667,ACTIVE_COHORT_MEMBER
C004735,2025-09-04,2026-09-22,2.0,3880.8,1940.4,2025-09,91.0,1.0,383.0,0.15665796344647517,ACTIVE_COHORT_MEMBER
C004736,2026-05-18,2026-10-06,2.0,3243.61,1621.805,2026-05,77.0,1.0,141.0,0.425531914893617,ACTIVE_COHORT_MEMBER
C004737,2026-01-31,2026-11-02,3.0,10293.18,3431.06,2026-01,50.0,1.0,275.0,0.32727272727272727,ACTIVE_COHORT_MEMBER
C004738,2025-12-15,2026-05-31,2.0,6837.92,3418.96,2025-12,205.0,1.0,167.0,0.3592814371257485,ACTIVE_COHORT_MEMBER
C004739,,,,,,,,,,,NO_BOOKING
C004740,2026-01-06,2026-06-20,2.0,7410.66,3705.33,2026-01,185.0,1.0,165.0,0.36363636363636365,ACTIVE_COHORT_MEMBER
C004741,,,,,,,,,,,NO_BOOKING
C004742,2026-01-28,2026-01-28,1.0,4482.77,4482.77,2026-01,328.0,0.0,0.0,1.0,ACTIVE_COHORT_MEMBER
C004743,,,,,,,,,,,NO_BOOKING
C004744,2026-01-06,2026-01-06,1.0,4402.24,4402.24,2026-01,350.0,0.0,0.0,1.0,ACTIVE_COHORT_MEMBER
C004745,2026-02-20,2026-09-24,4.0,6260.55,1565.1375,2026-02,89.0,1.0,216.0,0.5555555555555556,ACTIVE_COHORT_MEMBER
C004746,2026-04-17,2026-04-17,1.0,2381.48,2381.48,2026-04,249.0,0.0,0.0,1.0,ACTIVE_COHORT_MEMBER
C004747,2026-01-26,2026-01-26,1.0,1988.41,1988.41,2026-01,330.0,0.0,0.0,1.0,ACTIVE_COHORT_MEMBER
C004748,,,,,,,,,,,NO_BOOKING
C004749,2026-02-19,2026-06-24,2.0,6796.29,3398.145,2026-02,181.0,1.0,125.0,0.48,ACTIVE_COHORT_MEMBER
C004750,2025-10-21,2026-01-22,3.0,9293.04,3097.6800000000003,2025-10,334.0,1.0,93.0,0.9677419354838709,ACTIVE_COHORT_MEMBER
C004751,2025-09-21,2025-09-21,1.0,753.86,753.86,2025-09,457.0,0.0,0.0,1.0,ACTIVE_COHORT_MEMBER
C004752,2025-12-06,2025-12-06,1.0,3820.55,3820.55,2025-12,381.0,0.0,0.0,1.0,ACTIVE_COHORT_MEMBER
C004753,2026-01-03,2026-07-03,4.0,12830.089999999998,3207.5224999999996,2026-01,172.0,1.0,181.0,0.6629834254143646,ACTIVE_COHORT_MEMBER
C004754,2025-11-08,2026-10-21,3.0,9149.44,3049.8133333333335,2025-11,62.0,1.0,347.0,0.25936599423631124,ACTIVE_COHORT_MEMBER
C004755,2026-01-24,2026-09-07,2.0,4872.38,2436.19,2026-01,106.0,1.0,226.0,0.26548672566371684,ACTIVE_COHORT_MEMBER
C004756,,,,,,,,,,,NO_BOOKING
C004757,2026-03-16,2026-03-22,2.0,7267.0,3633.5,2026-03,275.0,1.0,6.0,2.0,ACTIVE_COHORT_MEMBER
C004758,2025-11-02,2026-10-19,5.0,15101.880000000001,3020.376,2025-11,64.0,1.0,351.0,0.4273504273504274,ACTIVE_COHORT_MEMBER
C004759,2026-04-09,2026-08-30,3.0,7317.66,2439.22,2026-04,114.0,1.0,143.0,0.6293706293706294,ACTIVE_COHORT_MEMBER
C004760,2026-02-02,2026-02-02,1.0,3848.9,3848.9,2026-02,323.0,0.0,0.0,1.0,ACTIVE_COHORT_MEMBER
C004761,2025-12-10,2026-07-20,3.0,8950.98,2983.66,2025-12,155.0,1.0,222.0,0.4054054054054054,ACTIVE_COHORT_MEMBER
C004762,2026-06-18,2026-06-18,1.0,2894.08,2894.08,2026-06,187.0,0.0,0.0,1.0,ACTIVE_COHORT_MEMBER
C004763,2026-03-01,2026-03-01,1.0,3658.86,3658.86,2026-03,296.0,0.0,0.0,1.0,ACTIVE_COHORT_MEMBER
C004764,2026-02-13,2026-08-26,4.0,10402.62,2600.655,2026-02,118.0,1.0,194.0,0.6185567010309279,ACTIVE_COHORT_MEMBER
C004765,2026-01-03,2026-01-03,1.0,4092.55,4092.55,2026-01,353.0,0.0,0.0,1.0,ACTIVE_COHORT_MEMBER
C004766,2026-05-30,2026-05-30,1.0,2568.7,2568.7,2026-05,206.0,0.0,0.0,1.0,ACTIVE_COHORT_MEMBER
C004767,2026-10-02,2026-10-02,1.0,3785.51,3785.51,2026-10,81.0,0.0,0.0,1.0,ACTIVE_COHORT_MEMBER
C004768,,,,,,,,,,,NO_BOOKING
C004769,2025-09-09,2025-09-09,1.0,4255.59,4255.59,2025-09,469.0,0.0,0.0,1.0,ACTIVE_COHORT_MEMBER
C004770,2025-12-25,2026-11-23,4.0,11858.869999999999,2964.7174999999997,2025-12,29.0,1.0,333.0,0.3603603603603604,ACTIVE_COHORT_MEMBER
C004771,2026-05-19,2026-10-23,2.0,2855.05,1427.525,2026-05,60.0,1.0,157.0,0.38216560509554137,ACTIVE_COHORT_MEMBER
C004772,2025-10-28,2025-10-28,1.0,2515.55,2515.55,2025-10,420.0,0.0,0.0,1.0,ACTIVE_COHORT_MEMBER
C004773,,,,,,,,,,,NO_BOOKING
C004774,2026-03-24,2026-03-24,1.0,1378.44,1378.44,2026-03,273.0,0.0,0.0,1.0,ACTIVE_COHORT_MEMBER
C004775,2025-09-30,2026-09-04,2.0,5496.0,2748.0,2025-09,109.0,1.0,339.0,0.17699115044247787,ACTIVE_COHORT_MEMBER
C004776,2025-10-22,2026-08-30,2.0,4003.49,2001.745,2025-10,114.0,1.0,312.0,0.1923076923076923,ACTIVE_COHORT_MEMBER
C004777,2026-01-26,2026-05-10,2.0,6650.27,3325.135,2026-01,226.0,1.0,104.0,0.5769230769230769,ACTIVE_COHORT_MEMBER
C004778,2025-07-31,2026-08-22,3.0,4723.92,1574.64,2025-07,122.0,1.0,387.0,0.23255813953488372,ACTIVE_COHORT_MEMBER
C004779,2026-05-04,2026-05-04,1.0,1116.39,1116.39,2026-05,232.0,0.0,0.0,1.0,ACTIVE_COHORT_MEMBER
C004780,2026-01-27,2026-01-27,1.0,720.9,720.9,2026-01,329.0,0.0,0.0,1.0,ACTIVE_COHORT_MEMBER
C004781,2025-10-07,2026-10-12,8.0,23806.7,2975.8375,2025-10,71.0,1.0,370.0,0.6486486486486486,ACTIVE_COHORT_MEMBER
C004782,2025-11-21,2025-11-21,1.0,3575.63,3575.63,2025-11,396.0,0.0,0.0,1.0,ACTIVE_COHORT_MEMBER
C004783,2026-07-06,2026-07-06,1.0,1935.5,1935.5,2026-07,169.0,0.0,0.0,1.0,ACTIVE_COHORT_MEMBER
C004784,2026-04-15,2026-04-15,1.0,3619.05,3619.05,2026-04,251.0,0.0,0.0,1.0,ACTIVE_COHORT_MEMBER
C004785,2026-03-30,2026-05-30,2.0,1553.0300000000002,776.5150000000001,2026-03,206.0,1.0,61.0,0.9836065573770493,ACTIVE_COHORT_MEMBER
C004786,2026-01-06,2026-04-29,2.0,6243.7,3121.85,2026-01,237.0,1.0,113.0,0.5309734513274337,ACTIVE_COHORT_MEMBER
C004787,,,,,,,,,,,NO_BOOKING
C004788,2026-03-10,2026-03-10,1.0,2292.98,2292.98,2026-03,287.0,0.0,0.0,1.0,ACTIVE_COHORT_MEMBER
C004789,2025-11-14,2025-11-14,1.0,1197.31,1197.31,2025-11,403.0,0.0,0.0,1.0,ACTIVE_COHORT_MEMBER
C004790,,,,,,,,,,,NO_BOOKING
C004791,2025-12-04,2026-11-14,4.0,12357.0,3089.25,2025-12,38.0,1.0,345.0,0.34782608695652173,ACTIVE_COHORT_MEMBER
C004792,,,,,,,,,,,NO_BOOKING
C004793,2025-12-29,2026-05-18,2.0,1915.27,957.635,2025-12,218.0,1.0,140.0,0.42857142857142855,ACTIVE_COHORT_MEMBER
C004794,,,,,,,,,,,NO_BOOKING
C004795,,,,,,,,,,,NO_BOOKING
C004796,2025-11-29,2026-08-29,4.0,11387.49,2846.8725,2025-11,115.0,1.0,273.0,0.43956043956043955,ACTIVE_COHORT_MEMBER
C004797,2025-11-12,2026-06-17,2.0,6124.88,3062.44,2025-11,188.0,1.0,217.0,0.2764976958525346,ACTIVE_COHORT_MEMBER
C004798,2025-12-27,2026-09-03,3.0,7408.93,2469.6433333333334,2025-12,110.0,1.0,250.0,0.36,ACTIVE_COHORT_MEMBER
C004799,2025-11-03,2026-02-06,2.0,4392.44,2196.22,2025-11,319.0,1.0,95.0,0.6315789473684211,ACTIVE_COHORT_MEMBER
C004800,2026-04-11,2026-06-28,3.0,7410.83,2470.2766666666666,2026-04,177.0,1.0,78.0,1.1538461538461537,ACTIVE_COHORT_MEMBER
C004801,2026-04-11,2026-04-11,1.0,905.63,905.63,2026-04,255.0,0.0,0.0,1.0,ACTIVE_COHORT_MEMBER
C004802,2026-12-02,2026-12-02,1.0,1297.56,1297.56,2026-12,20.0,0.0,0.0,1.0,ACTIVE_COHORT_MEMBER
C004803,2026-02-25,2026-02-25,1.0,2965.05,2965.05,2026-02,300.0,0.0,0.0,1.0,ACTIVE_COHORT_MEMBER
C004804,2026-01-06,2026-02-01,2.0,8510.04,4255.02,2026-01,324.0,1.0,26.0,2.0,ACTIVE_COHORT_MEMBER
C004805,2026-02-08,2026-09-10,3.0,8846.310000000001,2948.7700000000004,2026-02,103.0,1.0,214.0,0.4205607476635514,ACTIVE_COHORT_MEMBER
C004806,2025-08-01,2026-09-20,3.0,8899.98,2966.66,2025-08,93.0,1.0,415.0,0.21686746987951808,ACTIVE_COHORT_MEMBER
C004807,2026-06-04,2026-06-12,2.0,7621.85,3810.925,2026-06,193.0,1.0,8.0,2.0,ACTIVE_COHORT_MEMBER
C004808,2025-11-22,2025-11-22,1.0,4619.92,4619.92,2025-11,395.0,0.0,0.0,1.0,ACTIVE_COHORT_MEMBER
C004809,2026-02-14,2026-02-14,1.0,3765.3,3765.3,2026-02,311.0,0.0,0.0,1.0,ACTIVE_COHORT_MEMBER
C004810,2026-01-17,2026-08-01,2.0,5768.92,2884.46,2026-01,143.0,1.0,196.0,0.30612244897959184,ACTIVE_COHORT_MEMBER
C004811,2026-07-21,2026-07-21,1.0,3327.73,3327.73,2026-07,154.0,0.0,0.0,1.0,ACTIVE_COHORT_MEMBER
C004812,2026-01-21,2026-01-21,1.0,1105.1,1105.1,2026-01,335.0,0.0,0.0,1.0,ACTIVE_COHORT_MEMBER
C004813,2026-10-29,2026-10-29,1.0,1531.58,1531.58,2026-10,54.0,0.0,0.0,1.0,ACTIVE_COHORT_MEMBER
C004814,2026-01-20,2026-01-20,1.0,4783.02,4783.02,2026-01,336.0,0.0,0.0,1.0,ACTIVE_COHORT_MEMBER
C004815,2026-01-03,2026-01-03,1.0,1850.76,1850.76,2026-01,353.0,0.0,0.0,1.0,ACTIVE_COHORT_MEMBER
C004816,2025-11-13,2026-07-27,4.0,3707.29,926.8225,2025-11,148.0,1.0,256.0,0.46875,ACTIVE_COHORT_MEMBER
C004817,,,,,,,,,,,NO_BOOKING
C004818,2026-01-29,2026-01-29,1.0,2887.67,2887.67,2026-01,327.0,0.0,0.0,1.0,ACTIVE_COHORT_MEMBER
C004819,2025-11-17,2025-11-17,1.0,555.76,555.76,2025-11,400.0,0.0,0.0,1.0,ACTIVE_COHORT_MEMBER
C004820,,,,,,,,,,,NO_BOOKING
C004821,2026-04-14,2026-09-21,3.0,5990.79,1996.93,2026-04,92.0,1.0,160.0,0.5625,ACTIVE_COHORT_MEMBER
C004822,2026-04-03,2026-07-23,2.0,3177.6099999999997,1588.8049999999998,2026-04,152.0,1.0,111.0,0.5405405405405405,ACTIVE_COHORT_MEMBER
C004823,2026-12-16,2026-12-16,1.0,3384.27,3384.27,2026-12,6.0,0.0,0.0,1.0,ACTIVE_COHORT_MEMBER
C004824,2026-06-24,2026-06-24,1.0,4505.73,4505.73,2026-06,181.0,0.0,0.0,1.0,ACTIVE_COHORT_MEMBER
C004825,2025-10-05,2025-10-05,1.0,4832.07,4832.07,2025-10,443.0,0.0,0.0,1.0,ACTIVE_COHORT_MEMBER
C004826,2026-03-27,2026-03-27,1.0,3941.97,3941.97,2026-03,270.0,0.0,0.0,1.0,ACTIVE_COHORT_MEMBER
C004827,2025-11-28,2026-09-08,2.0,3576.1099999999997,1788.0549999999998,2025-11,105.0,1.0,284.0,0.2112676056338028,ACTIVE_COHORT_MEMBER
C004828,2026-10-04,2026-10-04,1.0,914.25,914.25,2026-10,79.0,0.0,0.0,1.0,ACTIVE_COHORT_MEMBER
C004829,,,,,,,,,,,NO_BOOKING
C004830,,,,,,,,,,,NO_BOOKING
C004831,,,,,,,,,,,NO_BOOKING
C004832,2025-12-17,2025-12-17,1.0,3142.94,3142.94,2025-12,370.0,0.0,0.0,1.0,ACTIVE_COHORT_MEMBER
C004833,,,,,,,,,,,NO_BOOKING
C004834,2026-02-18,2026-09-21,2.0,8235.82,4117.91,2026-02,92.0,1.0,215.0,0.27906976744186046,ACTIVE_COHORT_MEMBER
C004835,2025-11-15,2025-11-15,1.0,1093.65,1093.65,2025-11,402.0,0.0,0.0,1.0,ACTIVE_COHORT_MEMBER
C004836,2025-07-25,2026-08-11,2.0,5476.58,2738.29,2025-07,133.0,1.0,382.0,0.15706806282722513,ACTIVE_COHORT_MEMBER
C004837,2026-10-05,2026-10-05,1.0,965.62,965.62,2026-10,78.0,0.0,0.0,1.0,ACTIVE_COHORT_MEMBER
C004838,2025-10-22,2026-09-06,4.0,8088.0599999999995,2022.0149999999999,2025-10,107.0,1.0,319.0,0.3761755485893417,ACTIVE_COHORT_MEMBER
C004839,,,,,,,,,,,NO_BOOKING
C004840,2026-04-08,2026-04-20,2.0,8039.75,4019.875,2026-04,246.0,1.0,12.0,2.0,ACTIVE_COHORT_MEMBER
C004841,2026-06-07,2026-06-22,2.0,6032.1900000000005,3016.0950000000003,2026-06,183.0,1.0,15.0,2.0,ACTIVE_COHORT_MEMBER
C004842,2025-12-13,2026-06-02,3.0,11134.630000000001,3711.5433333333335,2025-12,203.0,1.0,171.0,0.5263157894736842,ACTIVE_COHORT_MEMBER
C004843,,,,,,,,,,,NO_BOOKING
C004844,2025-10-08,2026-02-18,2.0,6866.12,3433.06,2025-10,307.0,1.0,133.0,0.45112781954887216,ACTIVE_COHORT_MEMBER
C004845,2026-05-08,2026-05-08,1.0,1627.27,1627.27,2026-05,228.0,0.0,0.0,1.0,ACTIVE_COHORT_MEMBER
C004846,2025-09-03,2025-09-03,1.0,3511.66,3511.66,2025-09,475.0,0.0,0.0,1.0,ACTIVE_COHORT_MEMBER
C004847,2026-03-01,2026-04-02,2.0,5375.33,2687.665,2026-03,264.0,1.0,32.0,1.875,ACTIVE_COHORT_MEMBER
C004848,2025-12-31,2025-12-31,1.0,1531.98,1531.98,2025-12,356.0,0.0,0.0,1.0,ACTIVE_COHORT_MEMBER
C004849,2025-12-05,2025-12-05,1.0,4556.25,4556.25,2025-12,382.0,0.0,0.0,1.0,ACTIVE_COHORT_MEMBER
C004850,2025-10-14,2026-06-09,3.0,8020.59,2673.53,2025-10,196.0,1.0,238.0,0.37815126050420167,ACTIVE_COHORT_MEMBER
C004851,2026-06-01,2026-06-01,1.0,3535.67,3535.67,2026-06,204.0,0.0,0.0,1.0,ACTIVE_COHORT_MEMBER
C004852,,,,,,,,,,,NO_BOOKING
C004853,2026-09-17,2026-09-17,1.0,1420.28,1420.28,2026-09,96.0,0.0,0.0,1.0,ACTIVE_COHORT_MEMBER
C004854,2025-12-18,2026-01-25,2.0,3296.55,1648.275,2025-12,331.0,1.0,38.0,1.5789473684210527,ACTIVE_COHORT_MEMBER
C004855,2026-01-17,2026-09-10,5.0,12456.73,2491.346,2026-01,103.0,1.0,236.0,0.6355932203389831,ACTIVE_COHORT_MEMBER
C004856,2026-02-28,2026-02-28,1.0,1442.28,1442.28,2026-02,297.0,0.0,0.0,1.0,ACTIVE_COHORT_MEMBER
C004857,2025-12-21,2026-07-24,2.0,7526.7699999999995,3763.3849999999998,2025-12,151.0,1.0,215.0,0.27906976744186046,ACTIVE_COHORT_MEMBER
C004858,2026-08-13,2026-08-13,1.0,4058.85,4058.85,2026-08,131.0,0.0,0.0,1.0,ACTIVE_COHORT_MEMBER
C004859,2025-10-20,2026-10-24,3.0,8795.56,2931.853333333333,2025-10,59.0,1.0,369.0,0.24390243902439024,ACTIVE_COHORT_MEMBER
C004860,2025-08-20,2026-05-22,3.0,10269.65,3423.2166666666667,2025-08,214.0,1.0,275.0,0.32727272727272727,ACTIVE_COHORT_MEMBER
C004861,,,,,,,,,,,NO_BOOKING
C004862,2026-06-06,2026-06-06,1.0,4610.1,4610.1,2026-06,199.0,0.0,0.0,1.0,ACTIVE_COHORT_MEMBER
C004863,,,,,,,,,,,NO_BOOKING
C004864,,,,,,,,,,,NO_BOOKING
C004865,2026-06-23,2026-06-23,1.0,832.48,832.48,2026-06,182.0,0.0,0.0,1.0,ACTIVE_COHORT_MEMBER
C004866,2025-09-16,2026-05-21,3.0,9484.86,3161.6200000000003,2025-09,215.0,1.0,247.0,0.3643724696356276,ACTIVE_COHORT_MEMBER
C004867,2026-02-19,2026-06-01,2.0,6712.82,3356.41,2026-02,204.0,1.0,102.0,0.5882352941176471,ACTIVE_COHORT_MEMBER
C004868,2026-02-13,2026-05-26,2.0,6073.459999999999,3036.7299999999996,2026-02,210.0,1.0,102.0,0.5882352941176471,ACTIVE_COHORT_MEMBER
C004869,2026-01-10,2026-03-08,2.0,5422.42,2711.21,2026-01,289.0,1.0,57.0,1.0526315789473684,ACTIVE_COHORT_MEMBER
C004870,2025-10-13,2026-08-14,3.0,8815.4,2938.4666666666667,2025-10,130.0,1.0,305.0,0.29508196721311475,ACTIVE_COHORT_MEMBER
C004871,,,,,,,,,,,NO_BOOKING
C004872,,,,,,,,,,,NO_BOOKING
C004873,,,,,,,,,,,NO_BOOKING
C004874,2025-12-21,2026-09-02,6.0,17046.78,2841.1299999999997,2025-12,111.0,1.0,255.0,0.7058823529411765,ACTIVE_COHORT_MEMBER
C004875,2026-09-25,2026-09-25,1.0,4322.0,4322.0,2026-09,88.0,0.0,0.0,1.0,ACTIVE_COHORT_MEMBER
C004876,2025-08-28,2026-10-11,5.0,15577.32,3115.464,2025-08,72.0,1.0,409.0,0.36674816625916873,ACTIVE_COHORT_MEMBER
C004877,2026-01-04,2026-05-08,3.0,4841.98,1613.993333333333,2026-01,228.0,1.0,124.0,0.7258064516129031,ACTIVE_COHORT_MEMBER
C004878,,,,,,,,,,,NO_BOOKING
C004879,2026-08-07,2026-10-19,2.0,5513.8099999999995,2756.9049999999997,2026-08,64.0,1.0,73.0,0.8219178082191781,ACTIVE_COHORT_MEMBER
C004880,2026-05-01,2026-05-01,1.0,1055.1,1055.1,2026-05,235.0,0.0,0.0,1.0,ACTIVE_COHORT_MEMBER
C004881,2026-06-08,2026-07-03,2.0,4601.38,2300.69,2026-06,172.0,1.0,25.0,2.0,ACTIVE_COHORT_MEMBER
C004882,,,,,,,,,,,NO_BOOKING
C004883,2025-12-05,2026-07-28,2.0,3204.32,1602.16,2025-12,147.0,1.0,235.0,0.25531914893617025,ACTIVE_COHORT_MEMBER
C004884,2025-11-10,2026-02-17,2.0,6452.889999999999,3226.4449999999997,2025-11,308.0,1.0,99.0,0.6060606060606061,ACTIVE_COHORT_MEMBER
C004885,2026-01-03,2026-01-03,1.0,1495.53,1495.53,2026-01,353.0,0.0,0.0,1.0,ACTIVE_COHORT_MEMBER
C004886,,,,,,,,,,,NO_BOOKING
C004887,2025-08-18,2026-05-11,2.0,6585.32,3292.66,2025-08,225.0,1.0,266.0,0.22556390977443608,ACTIVE_COHORT_MEMBER
C004888,2026-04-05,2026-05-14,3.0,9029.62,3009.8733333333334,2026-04,222.0,1.0,39.0,2.3076923076923075,ACTIVE_COHORT_MEMBER
C004889,2026-11-02,2026-11-02,1.0,881.15,881.15,2026-11,50.0,0.0,0.0,1.0,ACTIVE_COHORT_MEMBER
C004890,2026-03-09,2026-05-15,2.0,5012.4800000000005,2506.2400000000002,2026-03,221.0,1.0,67.0,0.8955223880597015,ACTIVE_COHORT_MEMBER
C004891,,,,,,,,,,,NO_BOOKING
C004892,2026-05-22,2026-10-01,2.0,4118.469999999999,2059.2349999999997,2026-05,82.0,1.0,132.0,0.45454545454545453,ACTIVE_COHORT_MEMBER
C004893,2026-08-13,2026-08-13,1.0,1298.51,1298.51,2026-08,131.0,0.0,0.0,1.0,ACTIVE_COHORT_MEMBER
C004894,2026-06-21,2026-07-13,2.0,5082.76,2541.38,2026-06,162.0,1.0,22.0,2.0,ACTIVE_COHORT_MEMBER
C004895,,,,,,,,,,,NO_BOOKING
C004896,2025-10-16,2026-08-11,4.0,10065.95,2516.4875,2025-10,133.0,1.0,299.0,0.4013377926421405,ACTIVE_COHORT_MEMBER
C004897,,,,,,,,,,,NO_BOOKING
C004898,2025-12-01,2026-10-08,3.0,8688.24,2896.08,2025-12,75.0,1.0,311.0,0.28938906752411575,ACTIVE_COHORT_MEMBER
C004899,2026-01-26,2026-01-26,1.0,4414.02,4414.02,2026-01,330.0,0.0,0.0,1.0,ACTIVE_COHORT_MEMBER
C004900,2026-11-08,2026-11-08,1.0,2664.13,2664.13,2026-11,44.0,0.0,0.0,1.0,ACTIVE_COHORT_MEMBER
C004901,,,,,,,,,,,NO_BOOKING
C004902,,,,,,,,,,,NO_BOOKING
C004903,,,,,,,,,,,NO_BOOKING
C004904,2025-11-11,2025-11-11,1.0,2105.85,2105.85,2025-11,406.0,0.0,0.0,1.0,ACTIVE_COHORT_MEMBER
C004905,2025-09-20,2025-09-20,1.0,2064.81,2064.81,2025-09,458.0,0.0,0.0,1.0,ACTIVE_COHORT_MEMBER
C004906,2026-03-24,2026-03-24,1.0,1210.97,1210.97,2026-03,273.0,0.0,0.0,1.0,ACTIVE_COHORT_MEMBER
C004907,2026-05-08,2026-05-08,1.0,3928.42,3928.42,2026-05,228.0,0.0,0.0,1.0,ACTIVE_COHORT_MEMBER
C004908,2025-10-07,2025-10-07,1.0,951.65,951.65,2025-10,441.0,0.0,0.0,1.0,ACTIVE_COHORT_MEMBER
C004909,2026-08-21,2026-10-11,2.0,7710.23,3855.115,2026-08,72.0,1.0,51.0,1.1764705882352942,ACTIVE_COHORT_MEMBER
C004910,2026-04-08,2026-04-08,1.0,4057.49,4057.49,2026-04,258.0,0.0,0.0,1.0,ACTIVE_COHORT_MEMBER
C004911,2026-07-30,2026-11-18,2.0,5938.82,2969.41,2026-07,34.0,1.0,111.0,0.5405405405405405,ACTIVE_COHORT_MEMBER
C004912,2025-09-21,2026-06-05,4.0,12359.330000000002,3089.8325000000004,2025-09,200.0,1.0,257.0,0.4669260700389105,ACTIVE_COHORT_MEMBER
C004913,2025-10-23,2026-07-29,2.0,3589.7200000000003,1794.8600000000001,2025-10,146.0,1.0,279.0,0.2150537634408602,ACTIVE_COHORT_MEMBER
C004914,2026-07-19,2026-07-19,1.0,798.35,798.35,2026-07,156.0,0.0,0.0,1.0,ACTIVE_COHORT_MEMBER
C004915,,,,,,,,,,,NO_BOOKING
C004916,2025-12-08,2026-08-11,4.0,14375.68,3593.92,2025-12,133.0,1.0,246.0,0.48780487804878053,ACTIVE_COHORT_MEMBER
C004917,2026-02-20,2026-10-09,4.0,11917.76,2979.44,2026-02,74.0,1.0,231.0,0.5194805194805194,ACTIVE_COHORT_MEMBER
C004918,2025-11-05,2026-08-23,6.0,12198.93,2033.155,2025-11,121.0,1.0,291.0,0.6185567010309279,ACTIVE_COHORT_MEMBER
C004919,,,,,,,,,,,NO_BOOKING
C004920,,,,,,,,,,,NO_BOOKING
C004921,2025-10-16,2026-07-19,6.0,18309.27,3051.545,2025-10,156.0,1.0,276.0,0.6521739130434783,ACTIVE_COHORT_MEMBER
C004922,,,,,,,,,,,NO_BOOKING
C004923,2025-11-04,2026-10-20,2.0,1675.6399999999999,837.8199999999999,2025-11,63.0,1.0,350.0,0.17142857142857143,ACTIVE_COHORT_MEMBER
C004924,,,,,,,,,,,NO_BOOKING
C004925,2025-10-03,2026-04-10,2.0,7992.39,3996.195,2025-10,256.0,1.0,189.0,0.31746031746031744,ACTIVE_COHORT_MEMBER
C004926,2026-04-22,2026-04-22,1.0,2878.26,2878.26,2026-04,244.0,0.0,0.0,1.0,ACTIVE_COHORT_MEMBER
C004927,2026-01-11,2026-02-08,2.0,8455.36,4227.68,2026-01,317.0,1.0,28.0,2.0,ACTIVE_COHORT_MEMBER
C004928,2026-02-18,2026-02-18,1.0,4716.79,4716.79,2026-02,307.0,0.0,0.0,1.0,ACTIVE_COHORT_MEMBER
C004929,2025-10-21,2026-08-21,4.0,12679.21,3169.8025,2025-10,123.0,1.0,304.0,0.39473684210526316,ACTIVE_COHORT_MEMBER
C004930,2026-04-03,2026-04-11,2.0,5716.219999999999,2858.1099999999997,2026-04,255.0,1.0,8.0,2.0,ACTIVE_COHORT_MEMBER
C004931,2025-10-05,2026-04-02,4.0,10203.39,2550.8475,2025-10,264.0,1.0,179.0,0.6703910614525139,ACTIVE_COHORT_MEMBER
C004932,2025-11-21,2026-05-17,2.0,2296.3999999999996,1148.1999999999998,2025-11,219.0,1.0,177.0,0.3389830508474576,ACTIVE_COHORT_MEMBER
C004933,2025-12-09,2025-12-09,1.0,3589.23,3589.23,2025-12,378.0,0.0,0.0,1.0,ACTIVE_COHORT_MEMBER
C004934,2025-12-18,2026-09-14,4.0,12900.99,3225.2475,2025-12,99.0,1.0,270.0,0.4444444444444444,ACTIVE_COHORT_MEMBER
C004935,2026-02-10,2026-02-10,1.0,2347.62,2347.62,2026-02,315.0,0.0,0.0,1.0,ACTIVE_COHORT_MEMBER
C004936,2025-12-31,2026-03-15,3.0,13726.310000000001,4575.436666666667,2025-12,282.0,1.0,74.0,1.2162162162162162,ACTIVE_COHORT_MEMBER
C004937,2026-03-25,2026-03-25,1.0,3261.55,3261.55,2026-03,272.0,0.0,0.0,1.0,ACTIVE_COHORT_MEMBER
C004938,2026-02-05,2026-02-05,1.0,4472.26,4472.26,2026-02,320.0,0.0,0.0,1.0,ACTIVE_COHORT_MEMBER
C004939,2025-12-11,2026-05-30,3.0,8706.73,2902.2433333333333,2025-12,206.0,1.0,170.0,0.5294117647058824,ACTIVE_COHORT_MEMBER
C004940,2025-10-27,2026-02-14,3.0,7890.63,2630.21,2025-10,311.0,1.0,110.0,0.8181818181818182,ACTIVE_COHORT_MEMBER
C004941,2026-05-08,2026-08-19,2.0,4836.91,2418.455,2026-05,125.0,1.0,103.0,0.5825242718446603,ACTIVE_COHORT_MEMBER
C004942,2026-01-06,2026-01-06,1.0,863.17,863.17,2026-01,350.0,0.0,0.0,1.0,ACTIVE_COHORT_MEMBER
C004943,2025-10-01,2025-10-01,1.0,3911.79,3911.79,2025-10,447.0,0.0,0.0,1.0,ACTIVE_COHORT_MEMBER
C004944,2026-02-13,2026-05-23,4.0,15082.49,3770.6225,2026-02,213.0,1.0,99.0,1.2121212121212122,ACTIVE_COHORT_MEMBER
C004945,2026-02-02,2026-03-13,2.0,3888.33,1944.165,2026-02,284.0,1.0,39.0,1.5384615384615383,ACTIVE_COHORT_MEMBER
C004946,2026-09-05,2026-09-05,1.0,1331.55,1331.55,2026-09,108.0,0.0,0.0,1.0,ACTIVE_COHORT_MEMBER
C004947,2025-10-20,2026-11-11,2.0,7249.71,3624.855,2025-10,41.0,1.0,387.0,0.15503875968992248,ACTIVE_COHORT_MEMBER
C004948,2026-04-14,2026-04-14,1.0,4359.41,4359.41,2026-04,252.0,0.0,0.0,1.0,ACTIVE_COHORT_MEMBER
C004949,2026-01-20,2026-04-21,3.0,7181.89,2393.9633333333336,2026-01,245.0,1.0,91.0,0.989010989010989,ACTIVE_COHORT_MEMBER
C004950,,,,,,,,,,,NO_BOOKING
C004951,,,,,,,,,,,NO_BOOKING
C004952,2025-12-08,2026-10-11,2.0,4419.23,2209.615,2025-12,72.0,1.0,307.0,0.19543973941368079,ACTIVE_COHORT_MEMBER
C004953,,,,,,,,,,,NO_BOOKING
C004954,2026-12-11,2026-12-11,1.0,2395.04,2395.04,2026-12,11.0,0.0,0.0,1.0,ACTIVE_COHORT_MEMBER
C004955,2026-03-16,2026-05-18,2.0,3140.1099999999997,1570.0549999999998,2026-03,218.0,1.0,63.0,0.9523809523809523,ACTIVE_COHORT_MEMBER
C004956,2026-09-20,2026-09-20,1.0,3224.51,3224.51,2026-09,93.0,0.0,0.0,1.0,ACTIVE_COHORT_MEMBER
C004957,2026-02-08,2026-02-08,1.0,4593.03,4593.03,2026-02,317.0,0.0,0.0,1.0,ACTIVE_COHORT_MEMBER
C004958,2025-11-25,2026-06-18,2.0,5890.9400000000005,2945.4700000000003,2025-11,187.0,1.0,205.0,0.29268292682926833,ACTIVE_COHORT_MEMBER
C004959,2026-06-17,2026-11-20,3.0,13115.75,4371.916666666667,2026-06,32.0,1.0,156.0,0.5769230769230769,ACTIVE_COHORT_MEMBER
C004960,2026-04-10,2026-04-10,1.0,1073.4,1073.4,2026-04,256.0,0.0,0.0,1.0,ACTIVE_COHORT_MEMBER
C004961,,,,,,,,,,,NO_BOOKING
C004962,2026-01-09,2026-01-09,1.0,2276.61,2276.61,2026-01,347.0,0.0,0.0,1.0,ACTIVE_COHORT_MEMBER
C004963,2026-08-12,2026-08-12,1.0,2627.49,2627.49,2026-08,132.0,0.0,0.0,1.0,ACTIVE_COHORT_MEMBER
C004964,,,,,,,,,,,NO_BOOKING
C004965,2025-08-10,2026-09-05,4.0,11073.32,2768.33,2025-08,108.0,1.0,391.0,0.3069053708439898,ACTIVE_COHORT_MEMBER
C004966,2026-07-04,2026-07-04,1.0,3416.63,3416.63,2026-07,171.0,0.0,0.0,1.0,ACTIVE_COHORT_MEMBER
C004967,2026-01-27,2026-06-10,2.0,3936.08,1968.04,2026-01,195.0,1.0,134.0,0.44776119402985076,ACTIVE_COHORT_MEMBER
C004968,2026-01-22,2026-04-19,2.0,5843.57,2921.785,2026-01,247.0,1.0,87.0,0.6896551724137931,ACTIVE_COHORT_MEMBER
C004969,2026-02-01,2026-07-31,2.0,3775.55,1887.775,2026-02,144.0,1.0,180.0,0.3333333333333333,ACTIVE_COHORT_MEMBER
C004970,2025-11-29,2026-07-17,5.0,16890.23,3378.046,2025-11,158.0,1.0,230.0,0.6521739130434783,ACTIVE_COHORT_MEMBER
C004971,2026-07-26,2026-10-05,2.0,3107.31,1553.655,2026-07,78.0,1.0,71.0,0.8450704225352113,ACTIVE_COHORT_MEMBER
C004972,2026-03-05,2026-05-06,2.0,7027.639999999999,3513.8199999999997,2026-03,230.0,1.0,62.0,0.9677419354838709,ACTIVE_COHORT_MEMBER
C004973,2025-11-12,2025-11-12,1.0,642.19,642.19,2025-11,405.0,0.0,0.0,1.0,ACTIVE_COHORT_MEMBER
C004974,2026-04-06,2026-04-06,1.0,3900.1,3900.1,2026-04,260.0,0.0,0.0,1.0,ACTIVE_COHORT_MEMBER
C004975,,,,,,,,,,,NO_BOOKING
C004976,2026-03-11,2026-03-11,1.0,589.02,589.02,2026-03,286.0,0.0,0.0,1.0,ACTIVE_COHORT_MEMBER
C004977,2025-10-03,2026-08-10,7.0,18914.49,2702.07,2025-10,134.0,1.0,311.0,0.67524115755627,ACTIVE_COHORT_MEMBER
C004978,2026-09-25,2026-09-25,1.0,3070.73,3070.73,2026-09,88.0,0.0,0.0,1.0,ACTIVE_COHORT_MEMBER
C004979,2025-11-08,2025-11-08,1.0,1405.85,1405.85,2025-11,409.0,0.0,0.0,1.0,ACTIVE_COHORT_MEMBER
C004980,2026-04-15,2026-09-04,3.0,8206.08,2735.36,2026-04,109.0,1.0,142.0,0.6338028169014085,ACTIVE_COHORT_MEMBER
C004981,2026-07-22,2026-07-22,1.0,519.62,519.62,2026-07,153.0,0.0,0.0,1.0,ACTIVE_COHORT_MEMBER
C004982,,,,,,,,,,,NO_BOOKING
C004983,,,,,,,,,,,NO_BOOKING
C004984,,,,,,,,,,,NO_BOOKING
C004985,,,,,,,,,,,NO_BOOKING
C004986,,,,,,,,,,,NO_BOOKING
C004987,2026-01-13,2026-04-14,2.0,6557.7,3278.85,2026-01,252.0,1.0,91.0,0.6593406593406593,ACTIVE_COHORT_MEMBER
C004988,2026-04-12,2026-06-27,3.0,10099.19,3366.396666666667,2026-04,178.0,1.0,76.0,1.1842105263157896,ACTIVE_COHORT_MEMBER
C004989,2026-02-18,2026-08-11,2.0,4444.96,2222.48,2026-02,133.0,1.0,174.0,0.3448275862068966,ACTIVE_COHORT_MEMBER
C004990,2025-12-05,2025-12-05,1.0,4110.19,4110.19,2025-12,382.0,0.0,0.0,1.0,ACTIVE_COHORT_MEMBER
C004991,2025-08-30,2026-01-22,2.0,7239.139999999999,3619.5699999999997,2025-08,334.0,1.0,145.0,0.4137931034482759,ACTIVE_COHORT_MEMBER
C004992,2025-10-24,2025-10-24,1.0,1880.14,1880.14,2025-10,424.0,0.0,0.0,1.0,ACTIVE_COHORT_MEMBER
C004993,2025-08-24,2025-11-18,3.0,7659.5599999999995,2553.1866666666665,2025-08,399.0,1.0,86.0,1.0465116279069768,ACTIVE_COHORT_MEMBER
C004994,,,,,,,,,,,NO_BOOKING
C004995,2025-09-01,2026-10-16,4.0,17284.35,4321.0875,2025-09,67.0,1.0,410.0,0.29268292682926833,ACTIVE_COHORT_MEMBER
C004996,2025-10-22,2025-10-22,1.0,1118.75,1118.75,2025-10,426.0,0.0,0.0,1.0,ACTIVE_COHORT_MEMBER
C004997,2026-07-15,2026-07-15,1.0,4037.64,4037.64,2026-07,160.0,0.0,0.0,1.0,ACTIVE_COHORT_MEMBER
C004998,2025-11-04,2025-11-04,1.0,4151.03,4151.03,2025-11,413.0,0.0,0.0,1.0,ACTIVE_COHORT_MEMBER
C004999,2026-09-10,2026-09-10,1.0,1768.37,1768.37,2026-09,103.0,0.0,0.0,1.0,ACTIVE_COHORT_MEMBER
C005000,,,,,,,,,,,NO_BOOKING
