booking_id,customer_id,trip_id,booking_date,booking_amount,booking_status
B000001,C000861,T000048,2026-06-10,885.7,Confirmed
B000002,C003773,T000043,2026-06-27,1126.88,Confirmed
B000003,C003093,T000039,2025-09-09,520.88,Confirmed
B000004,C000467,T000049,2026-02-25,542.95,Confirmed
B000005,C004427,T000049,2026-03-11,2211.3,Confirmed
B000006,C003445,T000012,2025-10-19,4141.24,Confirmed
B000007,C003172,T000045,2025-11-03,3141.52,Confirmed
B000008,C002920,T000010,2026-05-03,3357.11,Confirmed
B000009,C000131,T000007,2025-12-15,2836.62,Confirmed
B000010,C001686,T000046,2026-11-16,4189.07,Confirmed
B000011,C000770,T000001,2026-03-08,4461.7,Confirmed
B000012,C002392,T000049,2025-10-26,4323.83,Confirmed
B000013,C002434,T000036,2026-03-11,4154.59,Confirmed
B000014,C001185,T000021,2026-06-03,1322.21,Confirmed
B000015,C004556,T000037,2025-09-07,3172.44,Cancelled
B000016,C003386,T000024,2025-12-16,3119.73,Confirmed
B000017,C004118,T000025,2026-05-28,2875.75,Confirmed
B000018,C004844,T000007,2025-10-08,2663.66,Confirmed
B000019,C002905,T000042,2026-02-08,901.27,Confirmed
B000020,C000475,T000017,2025-12-08,959.73,Confirmed
B000021,C001083,T000029,2026-10-02,4560.27,Pending
B000022,C002559,T000030,2025-10-17,3335.84,Cancelled
B000023,C002048,T000007,2025-08-10,1680.43,Confirmed
B000024,C002748,T000033,2026-03-09,1756.85,Confirmed
B000025,C000976,T000007,2025-08-09,3245.88,Confirmed
B000026,C001807,T000024,2026-03-09,2331.21,Pending
B000027,C000190,T000011,2026-10-12,2485.96,Confirmed
B000028,C002735,T000009,2025-11-16,772.92,Confirmed
B000029,C003006,T000012,2026-02-26,1124.33,Confirmed
B000030,C004659,T000035,2026-01-20,2270.08,Confirmed
B000031,C001900,T000004,2025-11-10,3648.59,Confirmed
B000032,C001268,T000036,2026-03-15,716.11,Confirmed
B000033,C001529,T000028,2026-03-04,2005.51,Confirmed
B000034,C003203,T000013,2026-02-17,3627.82,Confirmed
B000035,C003557,T000023,2026-05-13,4064.23,Confirmed
B000036,C003891,T000019,2026-08-08,1355.99,Confirmed
B000037,C000647,T000042,2026-01-28,3791.69,Confirmed
B000038,C002889,T000037,2025-09-03,4799.35,Cancelled
B000039,C002436,T000039,2025-09-15,4580.65,Confirmed
B000040,C000601,T000024,2026-01-11,4052.19,Confirmed
B000041,C002364,T000016,2026-04-19,3705.47,Confirmed
B000042,C002062,T000033,2026-06-13,1558.12,Confirmed
B000043,C000242,T000012,2025-11-07,3352.56,Cancelled
B000044,C002042,T000034,2026-07-09,3394.73,Confirmed
B000045,C002825,T000007,2026-01-14,2330.7,Confirmed
B000046,C002613,T000011,2026-07-19,2718.57,Confirmed
B000047,C001364,T000031,2026-01-15,3623.13,Confirmed
B000048,C001479,T000029,2026-10-21,4784.46,Confirmed
B000049,C002557,T000013,2026-01-13,1828.88,Confirmed
B000050,C000776,T000031,2025-10-16,1608.63,Confirmed
B000051,C004015,T000002,2026-11-07,3208.13,Confirmed
B000052,C000035,T000039,2025-10-05,1088.6,Confirmed
B000053,C003153,T000015,2026-01-28,3121.4,Confirmed
B000054,C001956,T000011,2026-10-12,899.83,Confirmed
B000055,C001586,T000034,2026-07-10,2707.63,Confirmed
B000056,C003944,T000039,2025-10-30,3291.86,Confirmed
B000057,C003074,T000004,2025-12-29,815.49,Cancelled
B000058,C001022,T000011,2026-08-10,1431.29,Confirmed
B000059,C003462,T000029,2026-09-22,2009.18,Cancelled
B000060,C002614,T000002,2026-06-28,2158.69,Confirmed
B000061,C003844,T000016,2026-01-11,3542.47,Confirmed
B000062,C001501,T000039,2025-10-18,2880.6,Confirmed
B000063,C004799,T000013,2026-02-06,2219.49,Confirmed
B000064,C000162,T000037,2025-12-02,2528.04,Confirmed
B000065,C004298,T000017,2026-03-02,558.4,Confirmed
B000066,C001982,T000021,2026-04-25,3967.36,Confirmed
B000067,C000996,T000044,2026-02-19,684.52,Confirmed
B000068,C004912,T000019,2026-05-02,4231.93,Confirmed
B000069,C003343,T000007,2025-10-14,2934.48,Confirmed
B000070,C004552,T000038,2026-11-04,2875.19,Confirmed
B000071,C003799,T000008,2026-03-09,3670.6,Cancelled
B000072,C001276,T000013,2026-01-13,4368.02,Cancelled
B000073,C001017,T000037,2026-02-04,4741.91,Pending
B000074,C000338,T000002,2026-07-07,2945.16,Confirmed
B000075,C000879,T000041,2026-07-16,1177.96,Cancelled
B000076,C001077,T000011,2026-07-01,4453.84,Cancelled
B000077,C004888,T000024,2026-04-05,683.02,Confirmed
B000078,C003994,T000006,2026-01-24,4133.02,Confirmed
B000079,C004860,T000026,2025-08-20,3561.9,Pending
B000080,C000380,T000007,2025-11-16,4571.27,Pending
B000081,C000493,T000039,2025-12-22,4538.58,Confirmed
B000082,C002063,T000019,2026-03-24,739.19,Confirmed
B000083,C003885,T000006,2026-01-09,3242.51,Cancelled
B000084,C000065,T000043,2026-09-13,1061.02,Confirmed
B000085,C002569,T000029,2026-08-03,853.11,Confirmed
B000086,C002028,T000043,2026-10-02,2517.25,Pending
B000087,C002696,T000039,2025-11-08,939.19,Cancelled
B000088,C001496,T000002,2026-10-19,3775.56,Pending
B000089,C000392,T000019,2026-03-29,4860.23,Confirmed
B000090,C004515,T000004,2026-02-18,3063.12,Confirmed
B000091,C004475,T000006,2026-05-12,1558.26,Pending
B000092,C003562,T000049,2025-11-13,4294.43,Confirmed
B000093,C002279,T000037,2026-01-31,4338.97,Cancelled
B000094,C003100,T000028,2026-08-17,3797.54,Confirmed
B000095,C000201,T000030,2025-09-20,3268.09,Confirmed
B000096,C004876,T000007,2026-01-01,4405.07,Confirmed
B000097,C003105,T000009,2026-02-04,1234.81,Confirmed
B000098,C004599,T000025,2026-11-01,4692.2,Confirmed
B000099,C002455,T000033,2026-03-25,4762.41,Confirmed
B000100,C003646,T000001,2026-02-26,4423.97,Confirmed
B000101,C000805,T000006,2026-04-04,1627.98,Confirmed
B000102,C002732,T000018,2026-06-27,4361.8,Confirmed
B000103,C002774,T000010,2026-02-16,2739.37,Confirmed
B000104,C001571,T000028,2026-05-15,3177.19,Confirmed
B000105,C002691,T000011,2026-11-12,4282.7,Confirmed
B000106,C003841,T000033,2026-03-29,633.12,Confirmed
B000107,C001029,T000001,2026-01-13,2133.24,Confirmed
B000108,C000503,T000013,2026-03-14,4170.62,Confirmed
B000109,C004494,T000037,2026-01-20,4162.8,Confirmed
B000110,C000871,T000020,2026-08-24,4319.1,Confirmed
B000111,C004489,T000001,2025-12-06,1261.47,Confirmed
B000112,C000207,T000003,2026-04-03,3676.49,Pending
B000113,C001485,T000018,2026-10-05,1159.27,Pending
B000114,C000864,T000041,2026-06-26,4032.94,Confirmed
B000115,C002791,T000014,2026-09-08,1603.07,Confirmed
B000116,C000564,T000031,2025-09-21,3820.18,Pending
B000117,C004192,T000027,2026-07-09,2547.51,Confirmed
B000118,C001758,T000017,2026-04-17,4938.19,Confirmed
B000119,C001679,T000046,2026-11-03,3109.52,Confirmed
B000120,C003243,T000029,2026-10-29,3346.61,Pending
B000121,C004637,T000036,2026-04-03,2156.74,Confirmed
B000122,C001060,T000037,2025-09-15,3805.34,Confirmed
B000123,C001723,T000026,2025-12-21,2726.99,Confirmed
B000124,C003315,T000017,2026-05-04,581.3,Pending
B000125,C003158,T000022,2026-02-18,3238.62,Confirmed
B000126,C002626,T000025,2026-07-24,4237.07,Confirmed
B000127,C002730,T000002,2026-11-10,1565.61,Confirmed
B000128,C001598,T000022,2026-06-04,1494.79,Cancelled
B000129,C003061,T000005,2026-02-16,3239.99,Confirmed
B000130,C002694,T000004,2025-11-14,4180.91,Cancelled
B000131,C004892,T000036,2026-05-22,1623.29,Confirmed
B000132,C003628,T000006,2026-03-30,4695.18,Confirmed
B000133,C001364,T000021,2026-07-22,4673.24,Confirmed
B000134,C001982,T000013,2026-02-19,1402.42,Cancelled
B000135,C001664,T000037,2025-09-04,1687.03,Confirmed
B000136,C001530,T000025,2026-07-14,3652.69,Confirmed
B000137,C002039,T000026,2025-08-19,4782.8,Confirmed
B000138,C003303,T000039,2025-12-06,3694.47,Confirmed
B000139,C002238,T000020,2026-09-08,2502.05,Confirmed
B000140,C001307,T000033,2026-02-08,1260.51,Confirmed
B000141,C004030,T000014,2026-09-17,2574.54,Confirmed
B000142,C002676,T000036,2026-03-12,3230.46,Confirmed
B000143,C001283,T000017,2026-01-03,1989.28,Confirmed
B000144,C000710,T000021,2026-06-05,2796.16,Pending
B000145,C004745,T000046,2026-09-24,1085.96,Confirmed
B000146,C004414,T000016,2025-12-05,2534.85,Confirmed
B000147,C003749,T000046,2026-08-14,908.49,Confirmed
B000148,C004780,T000016,2026-01-27,720.9,Confirmed
B000149,C000664,T000020,2026-10-31,4357.58,Confirmed
B000150,C001999,T000029,2026-08-27,1422.87,Confirmed
B000151,C003446,T000028,2026-03-26,3088.2,Cancelled
B000152,C003744,T000008,2025-11-02,1170.42,Confirmed
B000153,C001496,T000024,2026-05-21,1681.37,Confirmed
B000154,C003305,T000003,2026-04-13,2126.03,Confirmed
B000155,C003764,T000025,2026-07-15,1146.54,Confirmed
B000156,C001854,T000019,2026-06-26,706.83,Confirmed
B000157,C004660,T000033,2026-03-26,4447.22,Confirmed
B000158,C001292,T000002,2026-08-10,553.25,Confirmed
B000159,C003582,T000015,2026-04-01,775.94,Confirmed
B000160,C003458,T000022,2026-03-10,4122.82,Confirmed
B000161,C001637,T000010,2026-04-26,1769.04,Confirmed
B000162,C003697,T000018,2026-09-23,3752.69,Pending
B000163,C003000,T000022,2026-06-09,1158.02,Confirmed
B000164,C003153,T000046,2026-09-13,1567.77,Confirmed
B000165,C000699,T000049,2025-12-30,3077.49,Confirmed
B000166,C002161,T000027,2026-08-17,4948.86,Confirmed
B000167,C004098,T000013,2026-03-08,830.5,Confirmed
B000168,C004738,T000033,2026-05-31,2302.5,Confirmed
B000169,C000855,T000005,2025-11-21,693.86,Confirmed
B000170,C003475,T000026,2025-09-09,1396.52,Confirmed
B000171,C001708,T000013,2026-03-29,4583.62,Confirmed
B000172,C002778,T000027,2026-08-24,934.07,Confirmed
B000173,C001734,T000014,2026-07-11,4355.85,Confirmed
B000174,C004932,T000024,2026-05-17,1300.11,Confirmed
B000175,C003511,T000003,2026-09-01,4378.03,Pending
B000176,C000203,T000047,2026-05-22,2921.1,Confirmed
B000177,C003256,T000049,2026-03-20,4451.93,Confirmed
B000178,C004219,T000030,2025-11-27,1182.67,Confirmed
B000179,C004497,T000035,2026-03-09,3929.16,Confirmed
B000180,C000767,T000048,2026-04-21,3563.14,Cancelled
B000181,C004390,T000014,2026-11-25,2943.2,Cancelled
B000182,C002328,T000012,2026-01-05,4147.64,Confirmed
B000183,C002932,T000028,2026-03-16,3417.24,Cancelled
B000184,C000198,T000044,2026-03-21,4446.71,Confirmed
B000185,C001931,T000029,2026-10-01,2214.78,Cancelled
B000186,C003583,T000043,2026-05-15,3154.65,Confirmed
B000187,C000609,T000017,2026-03-02,4417.7,Confirmed
B000188,C003273,T000040,2026-08-25,1466.66,Cancelled
B000189,C001148,T000049,2025-10-07,2685.84,Confirmed
B000190,C004283,T000021,2026-07-26,4823.34,Pending
B000191,C003398,T000023,2026-09-07,2631.21,Confirmed
B000192,C002512,T000020,2026-09-09,1637.73,Confirmed
B000193,C001795,T000011,2026-11-06,2079.84,Confirmed
B000194,C000660,T000034,2026-08-03,4482.88,Confirmed
B000195,C002812,T000010,2026-06-10,4796.97,Confirmed
B000196,C001370,T000010,2026-02-18,4775.48,Confirmed
B000197,C001987,T000043,2026-09-09,3645.24,Pending
B000198,C000147,T000006,2026-03-16,2793.21,Cancelled
B000199,C003220,T000036,2026-05-04,1322.1,Confirmed
B000200,C002912,T000024,2026-05-03,1054.49,Confirmed
B000201,C001735,T000012,2025-11-11,768.95,Confirmed
B000202,C001844,T000043,2026-07-23,579.72,Confirmed
B000203,C000489,T000023,2026-07-10,4451.53,Pending
B000204,C002977,T000027,2026-04-11,4140.89,Confirmed
B000205,C001960,T000045,2025-11-22,3055.2,Confirmed
B000206,C002386,T000037,2025-10-10,4994.25,Confirmed
B000207,C002920,T000006,2026-02-18,4788.73,Pending
B000208,C004737,T000001,2026-01-31,3447.99,Confirmed
B000209,C001803,T000006,2026-02-15,2590.59,Pending
B000210,C004062,T000050,2026-07-20,1184.77,Confirmed
B000211,C003370,T000022,2026-06-12,2820.17,Confirmed
B000212,C000263,T000041,2026-07-26,1209.85,Confirmed
B000213,C000624,T000024,2025-12-15,2293.03,Confirmed
B000214,C001017,T000025,2026-09-14,4741.92,Confirmed
B000215,C003644,T000015,2026-03-15,2038.91,Confirmed
B000216,C004977,T000026,2025-10-05,1187.54,Confirmed
B000217,C002050,T000008,2025-11-05,3120.78,Pending
B000218,C003724,T000024,2026-03-16,3210.64,Confirmed
B000219,C004549,T000048,2026-04-15,1372.12,Pending
B000220,C003109,T000038,2026-08-01,1384.64,Confirmed
B000221,C004091,T000006,2026-06-14,4952.97,Confirmed
B000222,C002057,T000035,2026-01-29,1594.76,Pending
B000223,C003171,T000042,2025-12-13,4271.86,Cancelled
B000224,C001683,T000001,2026-01-16,2616.46,Confirmed
B000225,C002256,T000046,2026-08-04,2457.45,Confirmed
B000226,C001155,T000036,2026-04-10,1827.33,Cancelled
B000227,C004500,T000012,2026-01-02,3982.22,Cancelled
B000228,C003192,T000038,2026-08-03,4462.97,Cancelled
B000229,C001697,T000011,2026-10-10,1675.07,Confirmed
B000230,C003992,T000012,2026-02-17,927.94,Confirmed
B000231,C004724,T000042,2026-03-18,1116.14,Cancelled
B000232,C004683,T000050,2026-06-23,4067.62,Confirmed
B000233,C001649,T000039,2025-10-03,2461.22,Confirmed
B000234,C001446,T000007,2026-01-10,1093.62,Confirmed
B000235,C004200,T000011,2026-07-28,2031.3,Confirmed
B000236,C003924,T000036,2026-02-21,2814.06,Confirmed
B000237,C000254,T000031,2025-09-21,4334.23,Confirmed
B000238,C003184,T000033,2026-03-15,3387.84,Confirmed
B000239,C002558,T000013,2026-03-12,1292.15,Confirmed
B000240,C000099,T000018,2026-08-29,1214.16,Confirmed
B000241,C002201,T000041,2026-10-28,2355.5,Confirmed
B000242,C002962,T000024,2026-01-18,838.37,Confirmed
B000243,C004974,T000009,2026-04-06,3900.1,Cancelled
B000244,C004434,T000031,2025-11-22,2306.54,Confirmed
B000245,C003778,T000041,2026-07-25,2043.61,Confirmed
B000246,C002870,T000010,2026-02-26,2790.99,Pending
B000247,C003235,T000002,2026-08-23,3690.31,Confirmed
B000248,C003792,T000038,2026-11-21,3062.06,Confirmed
B000249,C000957,T000015,2025-12-29,4110.81,Confirmed
B000250,C004068,T000003,2026-07-20,3332.13,Cancelled
B000251,C000161,T000043,2026-09-28,4045.87,Cancelled
B000252,C004494,T000031,2025-11-06,3635.52,Confirmed
B000253,C001301,T000006,2026-04-20,1369.05,Confirmed
B000254,C004912,T000003,2026-06-05,735.6,Confirmed
B000255,C003988,T000011,2026-06-29,4565.29,Confirmed
B000256,C001528,T000015,2026-02-15,4755.45,Confirmed
B000257,C001219,T000045,2026-01-01,3771.2,Confirmed
B000258,C004497,T000028,2026-07-30,3758.93,Confirmed
B000259,C004736,T000010,2026-05-18,1715.66,Confirmed
B000260,C003105,T000038,2026-10-26,2940.99,Confirmed
B000261,C002736,T000047,2026-03-05,4965.08,Confirmed
B000262,C004556,T000050,2026-09-23,4352.65,Confirmed
B000263,C000955,T000050,2026-05-30,1869.77,Confirmed
B000264,C004566,T000007,2025-09-26,1854.71,Confirmed
B000265,C003447,T000015,2026-05-15,2676.1,Pending
B000266,C001046,T000018,2026-07-16,2320.69,Confirmed
B000267,C001694,T000018,2026-10-28,2170.19,Confirmed
B000268,C003437,T000041,2026-07-08,3321.37,Pending
B000269,C000563,T000024,2026-01-10,551.72,Cancelled
B000270,C002486,T000002,2026-09-06,3935.03,Confirmed
B000271,C003355,T000040,2026-03-11,3830.24,Confirmed
B000272,C000226,T000020,2026-06-13,4236.47,Confirmed
B000273,C004894,T000034,2026-06-21,4286.53,Pending
B000274,C000960,T000043,2026-10-24,3048.8,Confirmed
B000275,C004549,T000026,2025-08-03,4010.33,Confirmed
B000276,C003068,T000007,2025-11-13,2715.78,Cancelled
B000277,C000816,T000038,2026-11-25,4781.88,Confirmed
B000278,C004755,T000030,2026-01-24,1358.14,Confirmed
B000279,C004643,T000042,2026-02-03,4620.28,Confirmed
B000280,C003121,T000005,2026-02-06,1663.39,Confirmed
B000281,C000017,T000011,2026-06-11,962.26,Confirmed
B000282,C001244,T000001,2025-12-12,2475.97,Confirmed
B000283,C002206,T000034,2026-07-14,3267.13,Confirmed
B000284,C002525,T000001,2025-12-05,1539.45,Cancelled
B000285,C001070,T000019,2026-08-17,3001.08,Cancelled
B000286,C003445,T000002,2026-10-24,4135.52,Confirmed
B000287,C002566,T000021,2026-04-26,1656.88,Confirmed
B000288,C001061,T000020,2026-11-26,3111.45,Confirmed
B000289,C002328,T000023,2026-07-24,2026.91,Confirmed
B000290,C003421,T000021,2026-04-30,2883.96,Confirmed
B000291,C000302,T000024,2025-12-27,3501.14,Confirmed
B000292,C004277,T000004,2026-01-01,2076.9,Confirmed
B000293,C000607,T000012,2026-01-21,4975.17,Confirmed
B000294,C003171,T000022,2026-03-15,3036.99,Cancelled
B000295,C000700,T000020,2026-10-13,4210.08,Confirmed
B000296,C001140,T000018,2026-05-17,3763.11,Confirmed
B000297,C000191,T000001,2026-03-02,4337.62,Confirmed
B000298,C002301,T000030,2025-10-23,1282.1,Pending
B000299,C000981,T000033,2026-04-05,1501.49,Confirmed
B000300,C002976,T000024,2026-03-11,2693.35,Confirmed
B000301,C001185,T000014,2026-12-07,4335.48,Pending
B000302,C003328,T000036,2026-01-04,1389.23,Cancelled
B000303,C003395,T000005,2026-01-19,4869.8,Cancelled
B000304,C000128,T000011,2026-08-23,1074.21,Confirmed
B000305,C002066,T000024,2026-05-13,1287.85,Cancelled
B000306,C001817,T000031,2025-09-08,1252.55,Confirmed
B000307,C000570,T000013,2026-02-05,3137.03,Confirmed
B000308,C001896,T000016,2026-04-05,4628.93,Confirmed
B000309,C002734,T000024,2026-01-09,1648.0,Confirmed
B000310,C003864,T000013,2025-12-19,2988.67,Confirmed
B000311,C004722,T000024,2026-01-09,1290.98,Confirmed
B000312,C004015,T000026,2025-11-03,3340.12,Confirmed
B000313,C002902,T000002,2026-06-25,1054.61,Confirmed
B000314,C001687,T000016,2026-01-31,2710.9,Confirmed
B000315,C003010,T000038,2026-07-23,3448.32,Confirmed
B000316,C000155,T000046,2026-09-09,3106.08,Cancelled
B000317,C002538,T000001,2026-03-31,1130.0,Confirmed
B000318,C001410,T000049,2026-01-18,1226.18,Cancelled
B000319,C004058,T000011,2026-10-06,3521.26,Confirmed
B000320,C000785,T000035,2026-06-15,4140.09,Confirmed
B000321,C003176,T000043,2026-06-09,4586.33,Confirmed
B000322,C004342,T000029,2026-07-05,4161.25,Confirmed
B000323,C002807,T000037,2026-02-06,4882.66,Confirmed
B000324,C000538,T000017,2026-03-11,2337.13,Confirmed
B000325,C001842,T000039,2025-09-11,1990.25,Confirmed
B000326,C002456,T000042,2025-12-11,626.83,Pending
B000327,C000525,T000028,2026-05-08,2524.53,Confirmed
B000328,C002951,T000029,2026-09-17,3431.17,Confirmed
B000329,C004132,T000043,2026-08-10,4169.34,Pending
B000330,C004781,T000003,2026-05-24,1703.55,Cancelled
B000331,C004116,T000010,2026-05-26,2811.16,Confirmed
B000332,C002369,T000042,2026-03-26,3479.04,Confirmed
B000333,C003848,T000014,2026-09-27,2982.21,Confirmed
B000334,C004496,T000012,2026-03-08,1733.09,Cancelled
B000335,C002702,T000047,2026-03-03,4083.27,Confirmed
B000336,C000972,T000042,2025-12-22,1280.12,Cancelled
B000337,C001167,T000030,2025-10-14,4572.41,Pending
B000338,C004930,T000032,2026-04-11,4786.69,Pending
B000339,C002775,T000032,2026-01-28,2145.08,Cancelled
B000340,C001983,T000042,2025-12-28,2192.82,Confirmed
B000341,C000854,T000032,2026-02-21,3844.75,Confirmed
B000342,C004147,T000026,2025-09-27,2553.3,Confirmed
B000343,C003737,T000001,2026-03-06,628.75,Confirmed
B000344,C003770,T000042,2026-03-21,4639.45,Confirmed
B000345,C000575,T000002,2026-08-09,2438.38,Confirmed
B000346,C003262,T000017,2026-03-03,1415.73,Pending
B000347,C001149,T000030,2026-01-30,3000.49,Cancelled
B000348,C001716,T000039,2026-01-25,1485.08,Confirmed
B000349,C004778,T000007,2025-07-31,1427.1,Confirmed
B000350,C004934,T000027,2026-08-21,2955.79,Confirmed
B000351,C003855,T000009,2026-02-15,2259.69,Cancelled
B000352,C002492,T000022,2026-05-04,3078.47,Confirmed
B000353,C002661,T000034,2026-05-25,4985.71,Pending
B000354,C003125,T000046,2026-08-22,4365.58,Cancelled
B000355,C003052,T000049,2026-03-23,534.52,Pending
B000356,C000005,T000001,2025-12-02,727.5,Confirmed
B000357,C004870,T000009,2026-03-25,3245.36,Cancelled
B000358,C000877,T000020,2026-07-16,3318.15,Cancelled
B000359,C000992,T000019,2026-04-01,4451.86,Confirmed
B000360,C004143,T000036,2026-05-17,3330.76,Confirmed
B000361,C004365,T000040,2026-07-01,1524.72,Cancelled
B000362,C004466,T000045,2025-08-16,2608.32,Confirmed
B000363,C000636,T000004,2026-01-10,4140.43,Confirmed
B000364,C001694,T000009,2026-04-22,4652.71,Cancelled
B000365,C001683,T000041,2026-10-18,1566.12,Cancelled
B000366,C004753,T000022,2026-06-06,2928.22,Confirmed
B000367,C000120,T000018,2026-07-24,1215.17,Confirmed
B000368,C000831,T000012,2025-10-25,2736.5,Confirmed
B000369,C003676,T000042,2026-04-05,905.51,Confirmed
B000370,C001370,T000043,2026-07-30,4737.78,Pending
B000371,C000741,T000039,2025-09-23,3371.25,Confirmed
B000372,C000117,T000009,2025-12-03,4343.98,Pending
B000373,C002839,T000006,2026-04-26,4992.33,Confirmed
B000374,C001151,T000019,2026-05-31,1322.0,Confirmed
B000375,C001932,T000048,2026-07-29,3623.65,Cancelled
B000376,C001013,T000047,2025-12-20,4491.44,Confirmed
B000377,C001665,T000007,2025-12-21,3091.72,Confirmed
B000378,C001082,T000016,2026-04-12,3378.63,Pending
B000379,C004730,T000005,2025-10-29,2334.52,Cancelled
B000380,C000513,T000016,2026-01-28,3536.42,Confirmed
B000381,C002850,T000001,2025-11-15,2280.1,Confirmed
B000382,C000560,T000037,2025-10-09,2644.79,Confirmed
B000383,C003673,T000039,2025-11-29,963.1,Pending
B000384,C004584,T000019,2026-03-24,535.14,Cancelled
B000385,C004993,T000037,2025-08-26,748.18,Confirmed
B000386,C003344,T000017,2026-05-20,1366.35,Confirmed
B000387,C004071,T000026,2025-09-03,2554.72,Cancelled
B000388,C004800,T000022,2026-05-20,594.47,Confirmed
B000389,C001471,T000008,2026-03-29,1201.71,Pending
B000390,C000581,T000033,2026-01-21,4016.5,Pending
B000391,C002295,T000002,2026-11-06,3929.75,Cancelled
B000392,C003148,T000030,2025-11-20,4053.79,Confirmed
B000393,C004250,T000047,2026-01-29,4646.93,Confirmed
B000394,C001680,T000020,2026-09-30,1035.82,Confirmed
B000395,C003507,T000018,2026-07-16,1234.13,Confirmed
B000396,C002745,T000043,2026-09-24,2000.99,Confirmed
B000397,C003357,T000010,2026-05-04,4618.14,Confirmed
B000398,C004046,T000024,2026-03-08,3989.65,Confirmed
B000399,C001244,T000004,2025-11-09,1958.55,Confirmed
B000400,C003119,T000037,2025-12-21,894.36,Confirmed
B000401,C002142,T000004,2025-11-25,3273.71,Cancelled
B000402,C003060,T000013,2026-03-18,1655.69,Confirmed
B000403,C004549,T000025,2026-06-08,2890.19,Confirmed
B000404,C002960,T000013,2025-11-14,4738.12,Confirmed
B000405,C002266,T000018,2026-06-21,3076.78,Confirmed
B000406,C002480,T000024,2026-05-31,4657.25,Cancelled
B000407,C004647,T000002,2026-12-02,2268.67,Confirmed
B000408,C001636,T000048,2026-08-30,3350.08,Confirmed
B000409,C001758,T000033,2026-06-07,4522.5,Confirmed
B000410,C004453,T000019,2026-08-30,3145.94,Pending
B000411,C002071,T000009,2026-04-13,3267.04,Confirmed
B000412,C002850,T000028,2026-04-15,3723.39,Confirmed
B000413,C003252,T000035,2026-01-12,4469.48,Confirmed
B000414,C003731,T000039,2026-01-10,896.81,Confirmed
B000415,C002490,T000010,2026-03-03,2015.87,Confirmed
B000416,C001632,T000001,2026-03-19,2289.58,Cancelled
B000417,C002817,T000042,2026-02-18,4593.69,Confirmed
B000418,C001016,T000021,2026-08-24,4802.04,Cancelled
B000419,C001349,T000009,2025-12-27,1041.71,Confirmed
B000420,C004612,T000047,2026-01-03,1035.98,Confirmed
B000421,C003088,T000015,2026-04-10,4706.88,Cancelled
B000422,C002840,T000035,2026-02-04,1830.97,Confirmed
B000423,C000336,T000005,2025-12-22,1588.16,Confirmed
B000424,C004593,T000041,2026-07-09,660.3,Cancelled
B000425,C000896,T000022,2026-05-18,1740.18,Pending
B000426,C003547,T000041,2026-09-09,3620.87,Confirmed
B000427,C000852,T000023,2026-08-01,2417.16,Confirmed
B000428,C001688,T000007,2025-12-28,2825.92,Confirmed
B000429,C001932,T000023,2026-06-12,4627.83,Confirmed
B000430,C003747,T000044,2026-03-22,1016.1,Confirmed
B000431,C002428,T000025,2026-09-02,820.58,Confirmed
B000432,C001569,T000027,2026-08-23,4333.69,Confirmed
B000433,C004001,T000041,2026-10-07,3986.85,Confirmed
B000434,C002739,T000006,2026-03-22,1686.8,Cancelled
B000435,C003499,T000034,2026-06-27,1959.05,Cancelled
B000436,C003914,T000009,2026-04-01,1896.25,Confirmed
B000437,C001067,T000049,2025-11-12,3415.14,Cancelled
B000438,C004381,T000033,2026-02-10,775.45,Confirmed
B000439,C002445,T000006,2026-01-13,2702.31,Confirmed
B000440,C004108,T000037,2025-12-27,1102.43,Confirmed
B000441,C003374,T000031,2025-12-06,4188.82,Cancelled
B000442,C003970,T000034,2026-05-09,2212.98,Confirmed
B000443,C002547,T000041,2026-09-16,2874.07,Confirmed
B000444,C000754,T000029,2026-11-17,631.93,Pending
B000445,C002083,T000014,2026-11-15,762.19,Confirmed
B000446,C002775,T000036,2026-01-09,3537.75,Pending
B000447,C002897,T000036,2026-01-17,3950.47,Confirmed
B000448,C004186,T000015,2026-05-19,3695.16,Cancelled
B000449,C000776,T000008,2026-03-25,3816.58,Confirmed
B000450,C001626,T000026,2025-09-12,970.79,Cancelled
B000451,C003070,T000036,2026-02-26,3620.53,Pending
B000452,C000418,T000048,2026-07-18,1317.86,Cancelled
B000453,C000115,T000021,2026-07-07,941.07,Confirmed
B000454,C000617,T000028,2026-05-20,3907.22,Cancelled
B000455,C003975,T000004,2026-02-28,4502.33,Confirmed
B000456,C003268,T000016,2026-01-16,3725.19,Confirmed
B000457,C000826,T000022,2026-01-27,4125.08,Pending
B000458,C001517,T000012,2025-12-03,4959.9,Confirmed
B000459,C003147,T000016,2026-04-09,1106.4,Confirmed
B000460,C000413,T000040,2026-06-11,4843.19,Confirmed
B000461,C000729,T000038,2026-11-22,3205.39,Confirmed
B000462,C003349,T000042,2026-02-03,4159.64,Confirmed
B000463,C002809,T000037,2025-10-12,3425.76,Confirmed
B000464,C000676,T000029,2026-08-01,3065.17,Confirmed
B000465,C003466,T000018,2026-09-08,3666.29,Confirmed
B000466,C002505,T000010,2026-03-02,1941.16,Pending
B000467,C002968,T000042,2026-01-22,4659.22,Confirmed
B000468,C002787,T000039,2025-11-05,1018.82,Confirmed
B000469,C001123,T000018,2026-05-15,1931.14,Confirmed
B000470,C004080,T000001,2026-03-24,640.23,Confirmed
B000471,C001572,T000039,2025-08-30,1720.95,Confirmed
B000472,C002144,T000021,2026-07-03,1481.96,Confirmed
B000473,C001688,T000001,2025-12-11,723.34,Confirmed
B000474,C004133,T000015,2026-04-08,2712.98,Confirmed
B000475,C003852,T000004,2026-01-08,2608.86,Confirmed
B000476,C003441,T000020,2026-06-16,849.85,Confirmed
B000477,C003767,T000010,2026-03-06,1678.33,Pending
B000478,C002327,T000023,2026-06-10,4789.95,Confirmed
B000479,C002915,T000041,2026-05-31,998.31,Confirmed
B000480,C004969,T000034,2026-07-31,1872.58,Pending
B000481,C003953,T000046,2026-06-10,661.38,Pending
B000482,C000596,T000048,2026-09-22,1169.99,Confirmed
B000483,C000729,T000033,2026-04-24,3647.29,Confirmed
B000484,C001366,T000034,2026-05-12,2150.22,Confirmed
B000485,C004493,T000039,2025-10-03,2534.34,Confirmed
B000486,C000699,T000010,2026-06-06,1206.4,Confirmed
B000487,C000396,T000020,2026-06-30,3569.63,Confirmed
B000488,C004172,T000001,2026-01-01,3881.85,Cancelled
B000489,C004361,T000013,2026-03-04,1315.0,Confirmed
B000490,C002503,T000001,2026-01-31,702.47,Confirmed
B000491,C001820,T000005,2025-12-06,864.24,Confirmed
B000492,C000718,T000016,2026-02-25,3456.71,Confirmed
B000493,C002783,T000015,2025-12-12,1109.8,Confirmed
B000494,C004947,T000049,2025-10-20,2722.63,Cancelled
B000495,C003578,T000028,2026-05-23,1186.89,Pending
B000496,C000144,T000031,2026-01-20,1265.67,Pending
B000497,C004981,T000023,2026-07-22,519.62,Confirmed
B000498,C003141,T000048,2026-06-29,1943.71,Cancelled
B000499,C004492,T000045,2025-07-27,904.09,Confirmed
B000500,C002939,T000043,2026-07-25,2272.83,Confirmed
B000501,C003637,T000017,2026-02-05,3190.03,Confirmed
B000502,C003223,T000049,2026-01-30,2153.89,Confirmed
B000503,C001168,T000034,2026-07-10,3672.87,Confirmed
B000504,C002617,T000013,2026-02-14,3836.53,Cancelled
B000505,C001063,T000014,2026-08-29,3634.73,Pending
B000506,C002157,T000011,2026-07-30,4715.21,Confirmed
B000507,C002983,T000028,2026-05-15,1567.82,Confirmed
B000508,C003295,T000042,2026-04-10,1352.55,Confirmed
B000509,C004730,T000032,2026-02-01,3243.7,Confirmed
B000510,C001157,T000035,2026-02-14,3176.95,Confirmed
B000511,C000733,T000031,2025-09-30,2795.44,Pending
B000512,C004331,T000017,2026-02-05,519.59,Confirmed
B000513,C004847,T000047,2026-04-02,2998.57,Confirmed
B000514,C000954,T000009,2026-02-01,4697.59,Cancelled
B000515,C002540,T000010,2026-02-21,2005.6,Confirmed
B000516,C003325,T000008,2026-01-12,4854.2,Confirmed
B000517,C003302,T000021,2026-06-18,2105.41,Confirmed
B000518,C001543,T000013,2026-01-22,1129.35,Confirmed
B000519,C001192,T000050,2026-10-17,2292.82,Confirmed
B000520,C002994,T000005,2026-02-08,2725.75,Confirmed
B000521,C002682,T000006,2026-06-24,3332.59,Confirmed
B000522,C001218,T000030,2025-11-19,2771.95,Confirmed
B000523,C001541,T000031,2025-12-23,2915.23,Confirmed
B000524,C003237,T000017,2025-12-19,608.3,Confirmed
B000525,C002387,T000011,2026-11-18,1641.29,Pending
B000526,C003720,T000020,2026-11-27,1898.13,Confirmed
B000527,C001389,T000048,2026-09-21,4941.9,Cancelled
B000528,C001857,T000009,2025-12-14,1830.05,Cancelled
B000529,C001366,T000002,2026-07-23,4534.6,Cancelled
B000530,C000500,T000037,2025-10-12,1871.31,Pending
B000531,C001681,T000001,2026-03-23,932.5,Confirmed
B000532,C000511,T000004,2026-03-29,1614.28,Confirmed
B000533,C004313,T000036,2026-02-20,1727.73,Confirmed
B000534,C001325,T000025,2026-10-28,4902.12,Confirmed
B000535,C001156,T000003,2026-06-10,3534.31,Confirmed
B000536,C001828,T000009,2026-04-20,4692.56,Confirmed
B000537,C003142,T000022,2026-05-02,4257.48,Confirmed
B000538,C003487,T000023,2026-08-29,3103.69,Cancelled
B000539,C001811,T000012,2026-03-01,3539.25,Pending
B000540,C002924,T000010,2026-02-25,3311.77,Cancelled
B000541,C002215,T000034,2026-04-19,3498.18,Confirmed
B000542,C004187,T000043,2026-07-02,1691.48,Confirmed
B000543,C000714,T000010,2026-05-05,2336.56,Cancelled
B000544,C003603,T000030,2025-08-29,3166.77,Confirmed
B000545,C004135,T000022,2026-02-22,661.68,Cancelled
B000546,C003523,T000006,2026-02-09,2672.76,Cancelled
B000547,C004269,T000050,2026-08-08,4368.77,Confirmed
B000548,C004749,T000002,2026-06-24,2715.65,Confirmed
B000549,C004850,T000030,2025-10-14,2985.46,Confirmed
B000550,C001244,T000002,2026-08-25,1408.57,Confirmed
B000551,C003710,T000032,2026-04-05,4074.55,Confirmed
B000552,C001082,T000042,2026-01-30,2114.95,Pending
B000553,C000456,T000016,2026-02-17,4804.64,Confirmed
B000554,C004925,T000012,2025-10-03,4971.72,Confirmed
B000555,C000895,T000001,2026-04-06,4622.0,Confirmed
B000556,C001385,T000008,2025-11-08,881.95,Confirmed
B000557,C001959,T000048,2026-07-25,1999.32,Cancelled
B000558,C003073,T000050,2026-06-05,4753.12,Confirmed
B000559,C001997,T000013,2026-03-17,4120.4,Pending
B000560,C004286,T000015,2026-04-08,4600.33,Pending
B000561,C000505,T000044,2025-12-23,3076.49,Cancelled
B000562,C001215,T000008,2026-04-06,2661.79,Confirmed
B000563,C001532,T000010,2026-03-13,979.23,Confirmed
B000564,C003441,T000046,2026-06-21,4277.62,Cancelled
B000565,C000824,T000005,2025-11-20,3853.14,Cancelled
B000566,C000929,T000050,2026-05-17,764.94,Confirmed
B000567,C000134,T000019,2026-05-02,1442.37,Confirmed
B000568,C002106,T000047,2026-01-19,3007.75,Confirmed
B000569,C003628,T000038,2026-11-16,3579.81,Pending
B000570,C004781,T000011,2026-10-12,1119.52,Confirmed
B000571,C001853,T000043,2026-08-07,1601.71,Confirmed
B000572,C004911,T000020,2026-11-18,1369.0,Confirmed
B000573,C004176,T000020,2026-07-30,1489.99,Cancelled
B000574,C002934,T000021,2026-06-20,4643.21,Confirmed
B000575,C003285,T000018,2026-07-29,3721.19,Confirmed
B000576,C004299,T000050,2026-06-25,3816.98,Confirmed
B000577,C002812,T000010,2026-07-25,4072.98,Confirmed
B000578,C001251,T000034,2026-09-08,2104.58,Confirmed
B000579,C003513,T000026,2025-11-11,3952.33,Confirmed
B000580,C001257,T000030,2025-11-09,4902.86,Confirmed
B000581,C003377,T000009,2026-01-30,3642.77,Confirmed
B000582,C003487,T000046,2026-07-28,2375.39,Confirmed
B000583,C003585,T000031,2025-09-16,3723.62,Confirmed
B000584,C001397,T000042,2025-11-25,4553.58,Pending
B000585,C003638,T000004,2025-12-03,1079.43,Pending
B000586,C003331,T000006,2026-01-11,1693.83,Confirmed
B000587,C002704,T000014,2026-12-05,4636.83,Confirmed
B000588,C000471,T000004,2026-03-05,4758.05,Confirmed
B000589,C001354,T000026,2025-08-14,2678.63,Cancelled
B000590,C002784,T000047,2026-05-14,2185.48,Confirmed
B000591,C002832,T000048,2026-09-13,1772.52,Confirmed
B000592,C000358,T000039,2025-12-13,2744.38,Cancelled
B000593,C003020,T000017,2026-04-24,4705.39,Confirmed
B000594,C000668,T000019,2026-06-05,1174.14,Confirmed
B000595,C004469,T000049,2025-11-09,2389.24,Confirmed
B000596,C001146,T000006,2026-05-29,4602.24,Confirmed
B000597,C004186,T000029,2026-11-03,2071.04,Pending
B000598,C003720,T000011,2026-07-27,3956.37,Confirmed
B000599,C002746,T000016,2026-03-27,2251.67,Confirmed
B000600,C000540,T000030,2025-11-08,4122.17,Confirmed
B000601,C002780,T000025,2026-05-17,4914.51,Confirmed
B000602,C004965,T000040,2026-03-08,2245.2,Confirmed
B000603,C004137,T000011,2026-07-13,4302.94,Confirmed
B000604,C004836,T000007,2025-07-25,4947.88,Confirmed
B000605,C003776,T000026,2025-08-09,4927.24,Confirmed
B000606,C002509,T000022,2026-05-23,2451.97,Confirmed
B000607,C002780,T000025,2026-08-15,2685.93,Confirmed
B000608,C000925,T000019,2026-09-06,1865.31,Confirmed
B000609,C002957,T000031,2025-12-10,1913.08,Confirmed
B000610,C001582,T000026,2025-09-21,2716.12,Confirmed
B000611,C003325,T000042,2026-03-03,1402.33,Confirmed
B000612,C004486,T000041,2026-07-22,3700.05,Confirmed
B000613,C000256,T000036,2026-05-09,2913.39,Confirmed
B000614,C004805,T000023,2026-09-10,4541.31,Confirmed
B000615,C001839,T000047,2026-04-04,4147.62,Confirmed
B000616,C001945,T000013,2025-12-22,1951.12,Confirmed
B000617,C000010,T000025,2026-06-19,2776.12,Confirmed
B000618,C002872,T000002,2026-10-24,3877.32,Cancelled
B000619,C000798,T000002,2026-10-15,1369.4,Confirmed
B000620,C004973,T000016,2025-11-12,642.19,Pending
B000621,C001016,T000009,2026-02-10,4335.37,Cancelled
B000622,C001825,T000028,2026-05-13,1118.98,Confirmed
B000623,C004470,T000013,2026-03-09,4502.35,Cancelled
B000624,C003137,T000035,2026-01-29,4611.24,Confirmed
B000625,C002194,T000041,2026-05-28,2573.15,Confirmed
B000626,C000224,T000013,2026-03-13,4130.52,Confirmed
B000627,C004949,T000031,2026-01-27,2134.36,Pending
B000628,C004159,T000021,2026-05-05,4362.19,Confirmed
B000629,C003926,T000032,2026-04-01,4211.07,Confirmed
B000630,C004785,T000034,2026-05-30,853.33,Cancelled
B000631,C004001,T000008,2026-02-15,3121.71,Pending
B000632,C001634,T000041,2026-07-20,3380.0,Confirmed
B000633,C002153,T000048,2026-05-02,503.86,Confirmed
B000634,C000511,T000002,2026-06-21,4909.63,Confirmed
B000635,C000385,T000038,2026-12-12,2329.55,Confirmed
B000636,C000405,T000032,2026-06-10,2828.04,Pending
B000637,C004614,T000040,2026-04-28,1376.62,Confirmed
B000638,C004572,T000028,2026-04-05,3249.13,Pending
B000639,C002001,T000037,2025-10-03,4147.79,Cancelled
B000640,C002757,T000041,2026-08-20,3136.52,Confirmed
B000641,C001669,T000001,2026-02-21,4046.16,Confirmed
B000642,C001461,T000041,2026-07-06,3789.99,Confirmed
B000643,C003637,T000010,2026-05-03,1569.46,Confirmed
B000644,C002725,T000004,2025-12-17,2461.16,Confirmed
B000645,C004810,T000035,2026-01-17,1168.82,Confirmed
B000646,C004179,T000010,2026-07-19,688.71,Confirmed
B000647,C002049,T000047,2026-01-10,783.81,Confirmed
B000648,C004147,T000011,2026-11-09,4741.25,Confirmed
B000649,C004781,T000014,2026-08-26,4930.42,Confirmed
B000650,C000717,T000038,2026-09-27,927.4,Confirmed
B000651,C004545,T000012,2026-01-20,2008.37,Confirmed
B000652,C004977,T000045,2025-10-03,1014.89,Confirmed
B000653,C004584,T000017,2026-03-12,4254.03,Confirmed
B000654,C001824,T000016,2026-02-17,2733.34,Confirmed
B000655,C002082,T000035,2026-05-24,3295.68,Pending
B000656,C003420,T000002,2026-07-27,2929.6,Confirmed
B000657,C001575,T000011,2026-11-04,3696.14,Confirmed
B000658,C000250,T000041,2026-07-14,1936.1,Confirmed
B000659,C000674,T000003,2026-05-19,1118.72,Confirmed
B000660,C004534,T000029,2026-11-11,579.29,Confirmed
B000661,C002166,T000018,2026-10-28,2505.62,Confirmed
B000662,C000771,T000020,2026-09-03,4585.25,Confirmed
B000663,C003963,T000047,2025-12-31,1873.7,Confirmed
B000664,C004364,T000014,2026-07-24,1381.81,Confirmed
B000665,C001985,T000034,2026-05-28,4667.19,Confirmed
B000666,C001078,T000049,2026-01-30,974.52,Confirmed
B000667,C000236,T000031,2026-01-07,733.1,Cancelled
B000668,C000389,T000040,2026-07-12,4457.36,Cancelled
B000669,C003038,T000042,2026-04-26,3654.09,Confirmed
B000670,C004859,T000018,2026-10-24,2399.31,Cancelled
B000671,C001849,T000030,2025-12-23,3885.55,Confirmed
B000672,C004720,T000025,2026-07-08,3836.48,Confirmed
B000673,C002815,T000019,2026-08-05,680.27,Confirmed
B000674,C003375,T000008,2026-01-15,3543.11,Pending
B000675,C003279,T000028,2026-03-24,3383.93,Confirmed
B000676,C001253,T000008,2026-03-13,4837.01,Confirmed
B000677,C003982,T000031,2025-10-06,4849.8,Pending
B000678,C004674,T000003,2026-09-05,2200.1,Confirmed
B000679,C002123,T000003,2026-08-17,3154.29,Cancelled
B000680,C004531,T000044,2026-02-02,1136.11,Confirmed
B000681,C002151,T000022,2026-06-14,799.05,Confirmed
B000682,C004860,T000017,2026-05-06,2447.51,Pending
B000683,C001330,T000036,2026-01-23,3604.47,Confirmed
B000684,C001359,T000017,2026-05-23,3054.93,Cancelled
B000685,C002483,T000014,2026-07-31,2433.46,Pending
B000686,C004543,T000009,2025-12-11,4181.51,Confirmed
B000687,C002018,T000030,2025-12-23,4074.92,Confirmed
B000688,C001332,T000021,2026-07-28,3793.74,Confirmed
B000689,C004345,T000012,2025-10-12,846.65,Confirmed
B000690,C004262,T000037,2026-01-09,4084.11,Confirmed
B000691,C001359,T000032,2026-04-12,4637.4,Pending
B000692,C004638,T000011,2026-07-15,767.49,Confirmed
B000693,C004855,T000020,2026-09-10,2307.52,Pending
B000694,C003178,T000035,2026-05-22,4947.6,Cancelled
B000695,C002129,T000047,2026-06-09,3196.57,Pending
B000696,C002181,T000046,2026-09-26,2811.1,Pending
B000697,C004893,T000011,2026-08-13,1298.51,Confirmed
B000698,C000138,T000008,2026-02-27,3044.69,Cancelled
B000699,C003473,T000004,2025-11-04,2475.69,Confirmed
B000700,C002833,T000027,2026-08-28,1073.49,Confirmed
B000701,C003580,T000044,2025-12-10,2589.5,Confirmed
B000702,C003032,T000040,2026-04-27,1239.8,Confirmed
B000703,C004165,T000038,2026-11-09,3787.99,Confirmed
B000704,C002594,T000047,2026-03-28,4881.42,Confirmed
B000705,C004301,T000030,2025-10-15,2613.1,Confirmed
B000706,C003819,T000044,2026-02-26,3345.66,Confirmed
B000707,C004139,T000048,2026-05-10,2439.39,Confirmed
B000708,C003824,T000048,2026-05-06,1123.04,Cancelled
B000709,C004043,T000027,2026-07-20,4867.5,Confirmed
B000710,C001907,T000021,2026-06-14,1083.1,Confirmed
B000711,C000761,T000020,2026-08-08,1002.32,Cancelled
B000712,C003446,T000004,2026-01-26,2566.28,Pending
B000713,C000900,T000011,2026-11-15,3464.99,Cancelled
B000714,C004456,T000013,2026-03-14,2097.15,Confirmed
B000715,C002948,T000009,2025-11-30,1366.33,Confirmed
B000716,C001720,T000004,2025-12-29,4185.34,Confirmed
B000717,C000281,T000012,2025-12-25,2133.96,Confirmed
B000718,C003267,T000009,2026-01-17,1374.44,Confirmed
B000719,C001888,T000013,2026-02-01,2142.88,Confirmed
B000720,C003267,T000048,2026-06-10,1465.49,Pending
B000721,C000667,T000026,2025-10-25,2837.51,Confirmed
B000722,C004189,T000038,2026-07-25,3507.3,Confirmed
B000723,C000672,T000042,2026-03-10,4098.01,Confirmed
B000724,C001970,T000013,2025-10-24,1524.03,Confirmed
B000725,C004157,T000039,2026-01-27,1251.29,Confirmed
B000726,C003123,T000028,2026-06-11,588.22,Confirmed
B000727,C004700,T000019,2026-08-30,1526.39,Confirmed
B000728,C004778,T000024,2026-03-30,607.57,Cancelled
B000729,C003901,T000019,2026-09-01,2054.63,Cancelled
B000730,C000524,T000049,2025-11-21,1155.62,Confirmed
B000731,C002394,T000013,2026-02-25,3109.53,Cancelled
B000732,C003118,T000013,2025-12-02,2226.77,Confirmed
B000733,C002594,T000028,2026-06-17,921.13,Confirmed
B000734,C001969,T000002,2026-07-06,2299.4,Confirmed
B000735,C001754,T000010,2026-03-12,1442.07,Confirmed
B000736,C002297,T000022,2026-05-21,3560.8,Confirmed
B000737,C002262,T000013,2026-01-29,2139.96,Confirmed
B000738,C002287,T000009,2026-02-18,1161.64,Confirmed
B000739,C004203,T000033,2026-02-14,2073.21,Confirmed
B000740,C002879,T000014,2026-08-09,1509.7,Cancelled
B000741,C004144,T000048,2026-06-11,4081.01,Confirmed
B000742,C003645,T000020,2026-07-19,4925.15,Cancelled
B000743,C004433,T000015,2026-01-06,614.71,Confirmed
B000744,C002056,T000032,2026-03-23,3605.09,Cancelled
B000745,C004721,T000033,2026-05-04,1687.81,Confirmed
B000746,C001277,T000017,2025-12-26,798.84,Confirmed
B000747,C002767,T000024,2026-01-06,564.58,Confirmed
B000748,C000303,T000030,2025-10-04,4464.54,Confirmed
B000749,C000639,T000013,2026-01-25,2091.23,Confirmed
B000750,C000056,T000047,2026-03-13,4975.45,Cancelled
B000751,C004822,T000048,2026-07-23,2490.7,Pending
B000752,C000526,T000016,2026-02-22,1344.19,Confirmed
B000753,C004570,T000002,2026-11-22,3997.15,Confirmed
B000754,C004124,T000017,2026-03-12,4669.21,Confirmed
B000755,C002126,T000032,2026-01-04,4170.29,Pending
B000756,C003288,T000043,2026-08-19,3853.4,Confirmed
B000757,C000365,T000008,2025-12-15,2006.15,Confirmed
B000758,C004622,T000003,2026-09-01,790.21,Confirmed
B000759,C004979,T000012,2025-11-08,1405.85,Confirmed
B000760,C001647,T000020,2026-11-27,2510.65,Confirmed
B000761,C000919,T000016,2026-01-14,4802.9,Confirmed
B000762,C002798,T000014,2026-11-23,3752.84,Confirmed
B000763,C001532,T000016,2026-04-27,4227.27,Confirmed
B000764,C003346,T000049,2026-02-24,1747.82,Cancelled
B000765,C001907,T000043,2026-09-11,3577.2,Pending
B000766,C003087,T000049,2025-12-28,4380.97,Confirmed
B000767,C004581,T000033,2026-06-21,2657.35,Confirmed
B000768,C002076,T000030,2025-10-21,2434.51,Confirmed
B000769,C000714,T000012,2026-02-18,3737.32,Confirmed
B000770,C001063,T000015,2026-01-11,3019.6,Confirmed
B000771,C001977,T000018,2026-06-21,4969.27,Confirmed
B000772,C001297,T000028,2026-08-04,2412.96,Confirmed
B000773,C000126,T000023,2026-04-09,1291.74,Confirmed
B000774,C004633,T000014,2026-11-04,2623.71,Confirmed
B000775,C003597,T000030,2025-12-13,1558.42,Confirmed
B000776,C003284,T000033,2026-01-18,3025.64,Cancelled
B000777,C001604,T000045,2026-01-02,1066.09,Confirmed
B000778,C000067,T000015,2026-05-10,4774.89,Pending
B000779,C000233,T000007,2025-09-04,4369.2,Cancelled
B000780,C002157,T000015,2026-04-18,1200.04,Confirmed
B000781,C001170,T000042,2026-03-28,1275.77,Confirmed
B000782,C002159,T000046,2026-08-08,2805.97,Confirmed
B000783,C004207,T000038,2026-10-29,3977.97,Confirmed
B000784,C001494,T000046,2026-09-17,1485.86,Confirmed
B000785,C004719,T000044,2026-01-09,774.37,Confirmed
B000786,C004008,T000011,2026-10-04,2954.9,Pending
B000787,C002473,T000029,2026-08-22,3612.19,Cancelled
B000788,C002661,T000031,2025-12-25,1599.64,Confirmed
B000789,C002740,T000025,2026-08-19,3828.96,Confirmed
B000790,C001762,T000024,2025-12-14,4777.9,Cancelled
B000791,C003515,T000019,2026-05-05,1116.83,Confirmed
B000792,C001976,T000002,2026-10-15,2799.63,Confirmed
B000793,C002363,T000022,2026-05-11,755.79,Confirmed
B000794,C000877,T000020,2026-07-28,1429.97,Cancelled
B000795,C003813,T000033,2026-02-15,904.19,Confirmed
B000796,C003449,T000008,2025-12-01,2318.03,Cancelled
B000797,C001313,T000025,2026-06-25,4193.74,Confirmed
B000798,C001461,T000046,2026-08-26,3097.09,Confirmed
B000799,C002710,T000009,2026-01-01,1501.63,Confirmed
B000800,C002325,T000034,2026-07-26,680.5,Confirmed
B000801,C001734,T000023,2026-08-22,2990.29,Confirmed
B000802,C001606,T000005,2026-01-17,1097.59,Confirmed
B000803,C002564,T000025,2026-08-29,2042.3,Confirmed
B000804,C003422,T000008,2026-03-19,2795.87,Confirmed
B000805,C003518,T000016,2025-12-27,4566.8,Confirmed
B000806,C002398,T000048,2026-08-27,868.2,Confirmed
B000807,C003736,T000045,2025-10-20,3508.73,Confirmed
B000808,C002871,T000015,2026-04-23,563.37,Confirmed
B000809,C001161,T000001,2025-12-09,3334.59,Confirmed
B000810,C004855,T000022,2026-01-17,2981.9,Confirmed
B000811,C000243,T000003,2026-04-24,4153.4,Confirmed
B000812,C002591,T000038,2026-08-13,2892.48,Confirmed
B000813,C001064,T000014,2026-10-10,2086.77,Confirmed
B000814,C004325,T000036,2026-02-04,1592.38,Confirmed
B000815,C002596,T000018,2026-10-08,883.62,Pending
B000816,C000920,T000047,2026-03-25,2905.76,Confirmed
B000817,C000006,T000041,2026-11-06,4497.45,Confirmed
B000818,C000468,T000018,2026-08-19,2816.35,Confirmed
B000819,C004171,T000003,2026-04-10,3825.96,Confirmed
B000820,C000004,T000010,2026-02-19,1842.96,Confirmed
B000821,C000646,T000049,2025-10-10,2516.59,Confirmed
B000822,C000118,T000039,2025-10-13,1960.71,Confirmed
B000823,C002929,T000047,2026-04-26,991.7,Pending
B000824,C002552,T000001,2025-11-22,2376.45,Confirmed
B000825,C004290,T000027,2026-03-20,3939.29,Confirmed
B000826,C000847,T000027,2026-06-03,2277.39,Confirmed
B000827,C002763,T000011,2026-11-16,3425.81,Confirmed
B000828,C001142,T000049,2025-10-19,3913.77,Confirmed
B000829,C001811,T000005,2025-11-23,1952.31,Confirmed
B000830,C000724,T000007,2025-10-26,4088.82,Cancelled
B000831,C000225,T000019,2026-06-14,2025.17,Confirmed
B000832,C004628,T000029,2026-07-21,1652.48,Confirmed
B000833,C004209,T000015,2026-01-16,1501.01,Confirmed
B000834,C004655,T000035,2026-05-01,1399.57,Cancelled
B000835,C002049,T000047,2026-04-20,3817.06,Cancelled
B000836,C004750,T000037,2025-10-21,4493.79,Cancelled
B000837,C004416,T000012,2025-11-30,1537.92,Confirmed
B000838,C001574,T000030,2026-01-12,883.58,Confirmed
B000839,C001829,T000020,2026-11-27,1911.95,Confirmed
B000840,C001918,T000037,2025-09-09,3460.31,Pending
B000841,C004235,T000003,2026-09-19,2158.34,Confirmed
B000842,C002027,T000009,2026-03-06,2971.29,Cancelled
B000843,C003745,T000041,2026-09-15,3849.37,Confirmed
B000844,C000902,T000039,2025-12-07,2338.15,Confirmed
B000845,C004786,T000026,2026-01-06,4998.63,Confirmed
B000846,C002040,T000002,2026-10-09,1840.77,Confirmed
B000847,C000010,T000023,2026-08-09,4902.12,Confirmed
B000848,C000261,T000023,2026-05-29,1413.63,Confirmed
B000849,C001674,T000021,2026-10-14,999.19,Confirmed
B000850,C002220,T000016,2026-03-28,3878.74,Cancelled
B000851,C002061,T000009,2026-02-06,3660.39,Confirmed
B000852,C003714,T000013,2026-01-05,4150.26,Cancelled
B000853,C001620,T000028,2026-05-28,2046.16,Confirmed
B000854,C000321,T000027,2026-06-29,4688.63,Cancelled
B000855,C001343,T000017,2026-05-07,1037.67,Confirmed
B000856,C002377,T000038,2026-08-19,636.25,Confirmed
B000857,C002833,T000036,2026-02-26,1852.54,Confirmed
B000858,C002825,T000001,2025-11-22,4087.96,Confirmed
B000859,C001995,T000018,2026-08-31,3528.42,Confirmed
B000860,C002959,T000009,2026-03-17,2462.94,Cancelled
B000861,C002039,T000013,2026-01-05,1653.14,Confirmed
B000862,C003491,T000040,2026-07-16,766.73,Confirmed
B000863,C003678,T000045,2025-08-28,2018.78,Cancelled
B000864,C001119,T000015,2026-01-31,2570.09,Confirmed
B000865,C001605,T000043,2026-07-20,3591.61,Confirmed
B000866,C004028,T000044,2026-01-12,3406.87,Confirmed
B000867,C000236,T000046,2026-08-22,4763.05,Confirmed
B000868,C001970,T000004,2026-01-08,951.78,Confirmed
B000869,C004430,T000033,2026-02-12,2013.53,Pending
B000870,C001909,T000024,2026-04-05,2667.1,Confirmed
B000871,C000376,T000036,2026-04-11,3518.13,Confirmed
B000872,C003531,T000041,2026-08-24,2729.53,Cancelled
B000873,C002636,T000010,2026-06-12,4607.41,Confirmed
B000874,C001571,T000036,2026-05-11,3239.03,Confirmed
B000875,C002561,T000020,2026-11-17,678.49,Confirmed
B000876,C003392,T000041,2026-09-05,1011.45,Confirmed
B000877,C002966,T000045,2025-12-10,3890.73,Confirmed
B000878,C003644,T000044,2026-02-24,3721.04,Cancelled
B000879,C003851,T000011,2026-11-14,1190.74,Confirmed
B000880,C000873,T000012,2026-03-07,765.09,Confirmed
B000881,C001253,T000018,2026-10-16,3104.23,Confirmed
B000882,C001315,T000030,2025-11-24,3360.82,Confirmed
B000883,C004821,T000044,2026-04-14,1108.85,Confirmed
B000884,C002899,T000048,2026-06-12,2631.29,Confirmed
B000885,C000078,T000037,2026-02-10,1876.24,Confirmed
B000886,C002622,T000020,2026-06-30,4690.88,Confirmed
B000887,C004228,T000025,2026-06-30,1486.4,Confirmed
B000888,C000601,T000012,2026-01-26,3799.67,Confirmed
B000889,C001066,T000021,2026-10-09,2831.6,Confirmed
B000890,C002137,T000025,2026-06-28,551.84,Confirmed
B000891,C002450,T000011,2026-06-07,2826.49,Confirmed
B000892,C002344,T000009,2025-12-18,947.62,Confirmed
B000893,C001864,T000050,2026-07-14,3465.78,Confirmed
B000894,C001319,T000025,2026-09-08,3044.86,Cancelled
B000895,C004712,T000035,2026-04-29,546.92,Confirmed
B000896,C003598,T000032,2026-04-09,1421.12,Confirmed
B000897,C003763,T000049,2025-12-11,3993.01,Confirmed
B000898,C004671,T000014,2026-11-29,1740.98,Confirmed
B000899,C002191,T000001,2025-10-31,2746.78,Confirmed
B000900,C000993,T000017,2026-04-21,1903.99,Confirmed
B000901,C002713,T000025,2026-10-13,4646.87,Confirmed
B000902,C002193,T000008,2025-12-18,2914.6,Confirmed
B000903,C001249,T000005,2026-03-03,3632.78,Confirmed
B000904,C003055,T000005,2025-09-16,875.64,Confirmed
B000905,C004599,T000041,2026-06-23,681.51,Confirmed
B000906,C004034,T000035,2026-04-20,1666.53,Confirmed
B000907,C001998,T000019,2026-05-13,1891.1,Confirmed
B000908,C004917,T000023,2026-06-27,3594.56,Confirmed
B000909,C003688,T000009,2026-02-20,3061.09,Confirmed
B000910,C002152,T000030,2025-12-09,2185.61,Pending
B000911,C004019,T000050,2026-10-27,3443.53,Confirmed
B000912,C003111,T000016,2025-12-10,1236.05,Confirmed
B000913,C001971,T000033,2026-05-15,785.7,Confirmed
B000914,C000198,T000002,2026-10-04,4345.27,Confirmed
B000915,C002627,T000014,2026-11-01,3037.76,Confirmed
B000916,C001203,T000046,2026-10-28,3420.93,Confirmed
B000917,C002036,T000001,2026-01-11,1882.59,Confirmed
B000918,C000478,T000026,2025-12-21,2173.8,Confirmed
B000919,C001255,T000025,2026-06-20,870.65,Confirmed
B000920,C000923,T000016,2025-12-07,4356.45,Confirmed
B000921,C000420,T000015,2026-02-20,3165.98,Pending
B000922,C002205,T000026,2025-10-01,876.32,Confirmed
B000923,C002598,T000047,2026-01-27,4120.38,Cancelled
B000924,C001121,T000044,2026-04-25,2498.52,Cancelled
B000925,C003069,T000016,2025-11-25,3942.96,Cancelled
B000926,C000951,T000014,2026-10-10,556.79,Confirmed
B000927,C002337,T000029,2026-07-06,629.33,Confirmed
B000928,C002244,T000024,2026-03-21,1268.52,Confirmed
B000929,C002646,T000047,2026-02-10,1449.12,Confirmed
B000930,C001858,T000015,2026-02-03,3937.8,Confirmed
B000931,C004613,T000019,2026-07-20,3680.12,Confirmed
B000932,C001866,T000008,2025-11-28,3272.4,Confirmed
B000933,C002913,T000034,2026-05-02,4481.87,Confirmed
B000934,C002854,T000002,2026-06-29,1612.17,Confirmed
B000935,C004911,T000027,2026-07-30,4569.82,Confirmed
B000936,C003229,T000010,2026-04-01,4592.62,Confirmed
B000937,C003720,T000035,2026-01-17,2454.17,Confirmed
B000938,C003229,T000023,2026-09-24,924.74,Cancelled
B000939,C002372,T000049,2026-03-18,3769.52,Confirmed
B000940,C002892,T000008,2025-10-31,2016.18,Pending
B000941,C003757,T000028,2026-04-30,4077.18,Confirmed
B000942,C004226,T000023,2026-06-21,1236.61,Cancelled
B000943,C000095,T000004,2025-12-10,2927.82,Confirmed
B000944,C002675,T000014,2026-08-25,2786.33,Pending
B000945,C001956,T000042,2026-01-29,951.42,Confirmed
B000946,C000794,T000029,2026-09-29,2135.0,Confirmed
B000947,C001835,T000001,2025-12-08,881.4,Confirmed
B000948,C002117,T000004,2026-03-27,2591.33,Confirmed
B000949,C004107,T000032,2026-05-27,4293.07,Confirmed
B000950,C003326,T000033,2026-06-13,1715.92,Confirmed
B000951,C002920,T000049,2025-11-29,3941.88,Confirmed
B000952,C002598,T000026,2025-08-22,1325.42,Pending
B000953,C003206,T000017,2026-03-09,3531.81,Confirmed
B000954,C004808,T000039,2025-11-22,4619.92,Confirmed
B000955,C000815,T000023,2026-04-29,1957.68,Confirmed
B000956,C000346,T000032,2026-03-14,4551.85,Confirmed
B000957,C002350,T000015,2026-04-08,2774.39,Confirmed
B000958,C000363,T000013,2025-10-28,1925.62,Cancelled
B000959,C002444,T000002,2026-11-24,4534.29,Confirmed
B000960,C002266,T000019,2026-05-09,644.17,Confirmed
B000961,C002189,T000024,2026-01-28,626.08,Confirmed
B000962,C003006,T000045,2025-07-27,3199.23,Confirmed
B000963,C003282,T000024,2026-02-26,4085.38,Confirmed
B000964,C000985,T000011,2026-06-19,3881.96,Confirmed
B000965,C001640,T000022,2026-04-12,857.61,Confirmed
B000966,C000828,T000015,2026-04-15,4776.13,Pending
B000967,C002731,T000010,2026-04-23,3663.79,Confirmed
B000968,C003532,T000041,2026-09-03,4771.0,Confirmed
B000969,C004452,T000027,2026-08-30,1980.94,Confirmed
B000970,C002936,T000009,2026-03-04,3622.73,Confirmed
B000971,C003877,T000028,2026-04-18,4369.72,Confirmed
B000972,C000127,T000001,2025-11-22,2212.09,Confirmed
B000973,C003178,T000017,2026-05-02,4841.87,Confirmed
B000974,C003057,T000031,2025-11-08,1692.47,Confirmed
B000975,C000604,T000044,2026-05-02,1920.26,Pending
B000976,C003450,T000010,2026-02-28,4641.48,Confirmed
B000977,C004147,T000037,2025-12-30,4863.47,Cancelled
B000978,C003534,T000029,2026-11-05,1783.38,Confirmed
B000979,C003368,T000018,2026-06-26,1113.76,Confirmed
B000980,C003369,T000047,2026-03-01,3915.75,Confirmed
B000981,C003798,T000038,2026-08-02,4683.49,Confirmed
B000982,C001793,T000039,2025-12-01,3203.21,Confirmed
B000983,C002862,T000049,2025-11-11,3355.34,Confirmed
B000984,C003477,T000006,2026-04-26,3933.25,Confirmed
B000985,C003418,T000040,2026-08-03,1188.88,Confirmed
B000986,C001646,T000012,2026-01-08,4880.61,Confirmed
B000987,C001206,T000014,2026-12-15,2139.48,Confirmed
B000988,C003031,T000044,2025-12-09,3327.08,Cancelled
B000989,C002873,T000010,2026-05-07,2608.77,Confirmed
B000990,C003073,T000020,2026-11-09,2606.81,Pending
B000991,C001855,T000015,2026-05-18,3662.35,Confirmed
B000992,C004022,T000031,2025-09-26,4975.98,Confirmed
B000993,C004663,T000007,2026-01-13,3465.77,Confirmed
B000994,C002709,T000041,2026-10-19,4073.27,Confirmed
B000995,C003503,T000010,2026-05-17,624.27,Cancelled
B000996,C001333,T000010,2026-05-02,4146.92,Confirmed
B000997,C000202,T000048,2026-07-15,1849.89,Confirmed
B000998,C003508,T000039,2025-12-12,1070.16,Confirmed
B000999,C004213,T000028,2026-06-15,1010.0,Confirmed
B001000,C000575,T000030,2025-11-10,3559.44,Pending
B001001,C000537,T000037,2026-01-26,4989.28,Cancelled
B001002,C001626,T000003,2026-05-17,3497.88,Confirmed
B001003,C002123,T000050,2026-08-11,1680.57,Confirmed
B001004,C000386,T000043,2026-08-07,1414.88,Cancelled
B001005,C003282,T000015,2026-02-28,2866.81,Confirmed
B001006,C000475,T000021,2026-07-10,792.68,Cancelled
B001007,C000418,T000037,2025-12-24,2296.99,Confirmed
B001008,C003601,T000012,2025-12-31,3498.06,Confirmed
B001009,C000955,T000004,2025-10-21,4854.48,Confirmed
B001010,C004972,T000047,2026-03-05,2415.44,Confirmed
B001011,C004859,T000009,2025-12-12,1401.01,Confirmed
B001012,C001206,T000039,2025-10-26,4178.13,Confirmed
B001013,C004760,T000042,2026-02-02,3848.9,Confirmed
B001014,C004121,T000028,2026-08-17,4368.67,Confirmed
B001015,C001991,T000023,2026-07-27,1466.23,Confirmed
B001016,C004806,T000045,2025-08-01,2321.74,Confirmed
B001017,C003573,T000040,2026-08-07,4916.99,Confirmed
B001018,C004381,T000044,2026-04-08,1211.19,Confirmed
B001019,C004159,T000022,2026-04-19,3521.53,Pending
B001020,C004758,T000024,2026-02-03,1567.33,Confirmed
B001021,C002714,T000026,2025-12-23,2750.72,Confirmed
B001022,C002204,T000030,2025-12-05,4102.29,Confirmed
B001023,C003121,T000033,2026-01-21,2698.64,Confirmed
B001024,C000967,T000016,2026-03-07,4124.67,Cancelled
B001025,C004945,T000022,2026-03-13,2418.51,Confirmed
B001026,C003433,T000049,2025-10-14,4997.09,Confirmed
B001027,C000689,T000050,2026-05-30,2461.23,Confirmed
B001028,C004244,T000043,2026-07-19,1172.21,Confirmed
B001029,C003702,T000018,2026-05-14,2308.41,Confirmed
B001030,C000342,T000007,2026-01-03,3841.67,Confirmed
B001031,C001725,T000050,2026-07-10,4315.72,Confirmed
B001032,C004423,T000026,2025-08-30,2570.46,Confirmed
B001033,C001793,T000008,2025-12-31,3175.15,Confirmed
B001034,C001760,T000006,2026-02-05,4302.01,Confirmed
B001035,C003213,T000030,2025-12-17,4160.96,Confirmed
B001036,C000990,T000039,2026-01-07,3459.76,Confirmed
B001037,C002263,T000023,2026-06-22,4167.62,Confirmed
B001038,C002483,T000032,2026-05-13,3091.6,Confirmed
B001039,C000952,T000022,2026-07-03,520.92,Cancelled
B001040,C000723,T000042,2025-11-20,685.7,Confirmed
B001041,C003390,T000043,2026-09-26,4909.14,Confirmed
B001042,C002080,T000045,2025-08-30,1152.46,Confirmed
B001043,C002718,T000009,2026-01-11,2320.32,Pending
B001044,C002333,T000031,2025-10-09,4702.15,Confirmed
B001045,C003377,T000007,2025-11-01,1377.68,Confirmed
B001046,C004525,T000009,2026-01-11,4297.06,Pending
B001047,C001501,T000013,2025-11-07,4182.2,Confirmed
B001048,C000286,T000003,2026-04-27,4938.48,Confirmed
B001049,C003496,T000035,2026-02-26,1767.57,Confirmed
B001050,C002066,T000033,2026-06-22,1918.96,Cancelled
B001051,C000769,T000021,2026-09-30,4562.95,Confirmed
B001052,C003058,T000031,2025-11-17,1553.36,Cancelled
B001053,C004290,T000034,2026-06-09,2965.55,Confirmed
B001054,C002162,T000032,2026-04-11,3683.05,Cancelled
B001055,C003294,T000035,2026-06-12,1723.48,Confirmed
B001056,C000947,T000015,2026-05-21,4722.86,Confirmed
B001057,C004927,T000032,2026-02-08,3495.64,Confirmed
B001058,C003336,T000006,2026-01-20,712.13,Confirmed
B001059,C004151,T000045,2025-10-22,1110.82,Confirmed
B001060,C004896,T000021,2026-06-24,1358.52,Confirmed
B001061,C004874,T000033,2026-04-12,1602.31,Confirmed
B001062,C001482,T000032,2026-02-17,3788.05,Confirmed
B001063,C001902,T000019,2026-03-30,900.21,Pending
B001064,C003452,T000033,2026-03-26,2077.68,Confirmed
B001065,C004065,T000028,2026-07-28,4601.22,Confirmed
B001066,C000055,T000031,2025-12-04,3005.0,Confirmed
B001067,C001824,T000021,2026-09-06,1694.73,Cancelled
B001068,C003463,T000034,2026-04-13,4806.75,Cancelled
B001069,C003080,T000015,2026-01-25,1599.42,Pending
B001070,C000833,T000014,2026-08-18,4572.95,Confirmed
B001071,C004409,T000019,2026-04-19,3765.96,Cancelled
B001072,C002807,T000043,2026-10-22,3832.34,Confirmed
B001073,C002491,T000015,2026-03-31,3942.23,Confirmed
B001074,C000328,T000006,2026-05-14,2779.56,Cancelled
B001075,C003311,T000009,2026-01-24,4165.6,Confirmed
B001076,C003301,T000037,2025-10-08,4262.87,Cancelled
B001077,C003676,T000020,2026-09-30,2122.19,Confirmed
B001078,C003055,T000034,2026-08-25,2301.55,Confirmed
B001079,C002144,T000038,2026-09-15,4499.41,Confirmed
B001080,C001312,T000026,2025-08-21,2861.28,Confirmed
B001081,C003192,T000018,2026-08-19,4401.25,Confirmed
B001082,C002539,T000028,2026-06-14,3320.46,Confirmed
B001083,C003984,T000009,2026-03-06,3171.05,Cancelled
B001084,C004548,T000032,2025-12-24,639.41,Pending
B001085,C000165,T000006,2026-05-14,1750.52,Confirmed
B001086,C004278,T000014,2026-07-20,2759.26,Confirmed
B001087,C000823,T000028,2026-06-05,3142.93,Confirmed
B001088,C000944,T000024,2025-12-17,3336.96,Confirmed
B001089,C004426,T000013,2026-03-23,3723.0,Confirmed
B001090,C000775,T000043,2026-07-16,3453.05,Confirmed
B001091,C002199,T000012,2026-01-01,4318.6,Confirmed
B001092,C003157,T000019,2026-05-05,1829.62,Cancelled
B001093,C004243,T000021,2026-10-01,3387.06,Confirmed
B001094,C003696,T000027,2026-08-01,730.22,Confirmed
B001095,C003453,T000019,2026-07-23,2660.86,Confirmed
B001096,C000915,T000024,2026-04-04,1706.15,Confirmed
B001097,C001309,T000026,2025-12-12,2213.99,Confirmed
B001098,C004178,T000045,2025-09-18,2095.98,Confirmed
B001099,C000514,T000028,2026-06-14,771.94,Confirmed
B001100,C001921,T000046,2026-09-21,2599.91,Confirmed
B001101,C003595,T000018,2026-09-24,4975.83,Confirmed
B001102,C004842,T000044,2025-12-13,1845.21,Confirmed
B001103,C001410,T000036,2026-05-07,3812.66,Cancelled
B001104,C004803,T000042,2026-02-25,2965.05,Confirmed
B001105,C004567,T000029,2026-07-11,1963.51,Confirmed
B001106,C003191,T000017,2026-02-06,903.23,Confirmed
B001107,C004492,T000004,2026-03-03,1471.36,Confirmed
B001108,C001556,T000044,2026-03-01,4018.34,Confirmed
B001109,C000805,T000045,2026-01-03,1755.59,Confirmed
B001110,C001280,T000029,2026-09-13,1149.36,Confirmed
B001111,C003578,T000004,2026-03-06,1990.84,Confirmed
B001112,C002902,T000010,2026-03-24,3128.19,Confirmed
B001113,C001388,T000025,2026-09-02,3665.58,Cancelled
B001114,C004689,T000031,2025-12-08,2243.14,Confirmed
B001115,C002762,T000003,2026-07-02,2741.66,Confirmed
B001116,C002680,T000047,2026-04-20,2547.13,Confirmed
B001117,C002107,T000002,2026-10-27,540.52,Confirmed
B001118,C004224,T000025,2026-10-01,2280.2,Confirmed
B001119,C004832,T000049,2025-12-17,3142.94,Confirmed
B001120,C002769,T000006,2026-05-14,3064.75,Confirmed
B001121,C003954,T000026,2025-08-23,3873.95,Confirmed
B001122,C003187,T000008,2025-12-03,3516.69,Confirmed
B001123,C003281,T000035,2026-05-07,1745.63,Confirmed
B001124,C002574,T000027,2026-06-03,1650.4,Cancelled
B001125,C004617,T000025,2026-07-18,2588.64,Confirmed
B001126,C002600,T000018,2026-10-25,3798.36,Confirmed
B001127,C004034,T000001,2026-03-14,922.22,Pending
B001128,C000237,T000048,2026-07-28,4767.47,Confirmed
B001129,C001305,T000039,2026-01-11,2944.19,Confirmed
B001130,C003431,T000003,2026-04-14,1878.84,Cancelled
B001131,C001302,T000004,2026-04-01,3620.26,Cancelled
B001132,C002542,T000041,2026-05-29,701.27,Confirmed
B001133,C002052,T000037,2025-10-11,2679.79,Confirmed
B001134,C000442,T000015,2026-05-15,2686.86,Confirmed
B001135,C002077,T000008,2026-03-14,1228.89,Confirmed
B001136,C003181,T000038,2026-09-27,4268.25,Confirmed
B001137,C002658,T000050,2026-07-15,4085.65,Cancelled
B001138,C003799,T000019,2026-08-19,1187.3,Confirmed
B001139,C000805,T000047,2026-01-13,2137.22,Confirmed
B001140,C000075,T000026,2026-01-06,951.93,Confirmed
B001141,C002176,T000039,2025-09-28,4318.74,Confirmed
B001142,C003925,T000010,2026-02-06,1954.94,Confirmed
B001143,C002090,T000038,2026-08-12,2476.92,Pending
B001144,C000041,T000014,2026-10-15,1957.42,Confirmed
B001145,C002082,T000049,2025-11-22,1895.12,Confirmed
B001146,C004684,T000041,2026-07-01,3862.86,Confirmed
B001147,C001623,T000019,2026-08-17,3864.05,Cancelled
B001148,C000342,T000030,2026-01-30,2830.05,Cancelled
B001149,C004053,T000005,2025-09-29,3459.28,Confirmed
B001150,C002075,T000031,2026-02-06,2802.48,Confirmed
B001151,C000646,T000007,2025-12-05,628.65,Cancelled
B001152,C004827,T000019,2026-09-08,797.03,Confirmed
B001153,C004264,T000031,2025-11-03,2226.83,Confirmed
B001154,C000610,T000039,2026-02-06,3873.86,Pending
B001155,C000455,T000024,2026-02-05,4609.52,Cancelled
B001156,C002954,T000034,2026-09-02,633.69,Cancelled
B001157,C001709,T000023,2026-08-23,2156.14,Confirmed
B001158,C003473,T000048,2026-07-08,1507.02,Confirmed
B001159,C002970,T000045,2025-08-02,4168.42,Pending
B001160,C003029,T000040,2026-03-29,4306.86,Confirmed
B001161,C004798,T000006,2026-03-16,1428.84,Confirmed
B001162,C002682,T000038,2026-09-19,3698.72,Confirmed
B001163,C003630,T000041,2026-09-12,3792.9,Confirmed
B001164,C004226,T000036,2026-05-29,1296.76,Confirmed
B001165,C003068,T000027,2026-03-24,2451.63,Cancelled
B001166,C001387,T000011,2026-07-18,3291.52,Confirmed
B001167,C003777,T000005,2025-11-30,617.3,Confirmed
B001168,C002867,T000017,2026-01-01,2320.66,Confirmed
B001169,C004789,T000007,2025-11-14,1197.31,Cancelled
B001170,C003364,T000027,2026-04-26,2938.53,Confirmed
B001171,C004890,T000047,2026-03-09,4293.13,Confirmed
B001172,C004125,T000015,2026-02-24,2861.39,Confirmed
B001173,C000149,T000046,2026-07-09,661.93,Confirmed
B001174,C003851,T000013,2025-12-02,633.46,Confirmed
B001175,C002059,T000011,2026-06-15,3224.76,Confirmed
B001176,C001137,T000045,2025-10-21,1975.92,Pending
B001177,C000187,T000026,2025-08-06,3077.0,Confirmed
B001178,C002855,T000022,2026-03-09,1236.37,Confirmed
B001179,C001251,T000028,2026-07-23,3995.88,Confirmed
B001180,C001334,T000024,2026-02-06,4373.24,Confirmed
B001181,C004194,T000029,2026-12-04,4501.52,Confirmed
B001182,C004151,T000009,2026-04-19,1868.34,Pending
B001183,C002712,T000042,2025-11-22,3473.31,Confirmed
B001184,C004854,T000004,2026-01-25,1755.69,Confirmed
B001185,C004502,T000049,2025-12-27,3932.41,Confirmed
B001186,C001786,T000046,2026-06-19,1042.36,Cancelled
B001187,C000751,T000018,2026-07-28,3932.44,Confirmed
B001188,C001763,T000043,2026-08-28,2478.78,Confirmed
B001189,C003921,T000016,2026-04-06,4349.97,Confirmed
B001190,C004461,T000033,2026-03-28,3825.19,Confirmed
B001191,C000482,T000029,2026-11-17,2194.34,Confirmed
B001192,C000154,T000039,2026-01-08,4565.93,Confirmed
B001193,C001525,T000010,2026-03-03,1775.02,Confirmed
B001194,C002121,T000009,2025-12-15,4851.45,Pending
B001195,C002344,T000031,2026-01-12,3952.42,Cancelled
B001196,C001241,T000028,2026-04-17,4958.04,Confirmed
B001197,C000061,T000003,2026-05-02,742.57,Pending
B001198,C000939,T000014,2026-07-30,1733.16,Confirmed
B001199,C001640,T000025,2026-10-13,3835.69,Cancelled
B001200,C004121,T000015,2025-12-31,4650.12,Confirmed
B001201,C004227,T000002,2026-09-20,629.47,Confirmed
B001202,C003570,T000024,2026-01-25,500.04,Confirmed
B001203,C001253,T000014,2026-11-14,1653.09,Confirmed
B001204,C004204,T000048,2026-09-05,4337.5,Confirmed
B001205,C000172,T000007,2025-08-24,3952.19,Confirmed
B001206,C001459,T000036,2026-04-12,2031.25,Confirmed
B001207,C003550,T000050,2026-07-09,509.05,Confirmed
B001208,C004198,T000024,2025-12-28,2996.18,Confirmed
B001209,C002323,T000027,2026-07-11,1570.8,Confirmed
B001210,C001637,T000037,2025-12-10,3855.24,Confirmed
B001211,C003116,T000038,2026-11-28,2508.57,Confirmed
B001212,C004091,T000030,2025-10-05,3553.71,Confirmed
B001213,C003005,T000027,2026-07-10,4335.39,Confirmed
B001214,C000330,T000039,2026-01-15,2910.92,Pending
B001215,C003641,T000015,2026-03-31,2011.8,Confirmed
B001216,C003895,T000026,2025-11-22,3962.95,Confirmed
B001217,C004108,T000001,2026-03-18,1693.34,Cancelled
B001218,C001342,T000004,2026-02-20,4511.83,Pending
B001219,C003664,T000029,2026-07-05,821.42,Confirmed
B001220,C000216,T000001,2026-01-13,4259.61,Confirmed
B001221,C000339,T000043,2026-05-28,912.0,Cancelled
B001222,C004063,T000050,2026-09-14,752.62,Cancelled
B001223,C002709,T000046,2026-06-30,2134.66,Confirmed
B001224,C003153,T000022,2026-03-16,4804.47,Confirmed
B001225,C001751,T000011,2026-06-03,4925.69,Confirmed
B001226,C002422,T000010,2026-04-07,1409.32,Confirmed
B001227,C000710,T000017,2026-03-16,1168.87,Cancelled
B001228,C003727,T000036,2026-06-16,2088.29,Confirmed
B001229,C003643,T000047,2026-05-25,2016.89,Confirmed
B001230,C003994,T000026,2025-10-14,3918.17,Confirmed
B001231,C000489,T000048,2026-04-07,2498.0,Cancelled
B001232,C000047,T000021,2026-05-02,4009.48,Confirmed
B001233,C003360,T000013,2026-02-18,3869.21,Confirmed
B001234,C004874,T000009,2025-12-21,3102.4,Confirmed
B001235,C004807,T000011,2026-06-04,4250.8,Confirmed
B001236,C000401,T000011,2026-10-28,1380.41,Confirmed
B001237,C003991,T000006,2026-03-09,1228.15,Confirmed
B001238,C003158,T000001,2025-10-31,3877.93,Confirmed
B001239,C004346,T000006,2026-01-18,1601.59,Confirmed
B001240,C000391,T000013,2025-12-02,512.57,Pending
B001241,C003854,T000022,2026-02-16,4603.82,Confirmed
B001242,C004431,T000031,2025-12-06,3303.22,Confirmed
B001243,C000629,T000022,2026-02-04,2502.22,Confirmed
B001244,C004233,T000037,2025-10-20,3765.81,Confirmed
B001245,C002931,T000047,2026-03-22,1999.99,Confirmed
B001246,C001522,T000027,2026-07-16,4791.5,Confirmed
B001247,C000827,T000050,2026-08-13,808.79,Confirmed
B001248,C004823,T000014,2026-12-16,3384.27,Pending
B001249,C001501,T000047,2026-04-10,3997.8,Confirmed
B001250,C003295,T000005,2025-11-16,2611.07,Confirmed
B001251,C002420,T000036,2026-04-01,3897.36,Pending
B001252,C000935,T000032,2026-03-22,4671.1,Confirmed
B001253,C003043,T000034,2026-05-12,3847.97,Confirmed
B001254,C004498,T000007,2025-10-07,1892.15,Confirmed
B001255,C001467,T000042,2025-12-10,3028.31,Confirmed
B001256,C003562,T000048,2026-04-06,4602.22,Confirmed
B001257,C000615,T000010,2026-06-27,2520.94,Confirmed
B001258,C001183,T000050,2026-07-10,3567.64,Confirmed
B001259,C003224,T000017,2026-02-19,2594.82,Confirmed
B001260,C002668,T000030,2025-09-16,1046.05,Confirmed
B001261,C000131,T000021,2026-09-15,763.69,Pending
B001262,C002984,T000013,2026-02-08,4785.23,Confirmed
B001263,C004279,T000001,2025-12-23,3256.44,Confirmed
B001264,C004460,T000001,2026-02-25,967.17,Cancelled
B001265,C000039,T000047,2025-12-19,4358.47,Confirmed
B001266,C003960,T000033,2026-04-18,2852.12,Confirmed
B001267,C003588,T000038,2026-07-19,3973.69,Confirmed
B001268,C000921,T000025,2026-08-19,1070.4,Cancelled
B001269,C002770,T000026,2025-10-23,4581.1,Confirmed
B001270,C004112,T000013,2025-10-13,3157.41,Pending
B001271,C000493,T000028,2026-05-06,3822.17,Confirmed
B001272,C001132,T000033,2026-01-09,641.21,Confirmed
B001273,C003522,T000037,2025-11-27,1918.87,Confirmed
B001274,C000311,T000041,2026-08-18,1703.5,Confirmed
B001275,C000739,T000030,2025-08-23,4773.18,Confirmed
B001276,C003242,T000049,2025-11-11,1334.02,Cancelled
B001277,C000546,T000048,2026-05-24,3681.73,Confirmed
B001278,C002462,T000008,2026-03-06,692.39,Confirmed
B001279,C004347,T000049,2026-03-18,1389.58,Pending
B001280,C004855,T000047,2026-03-08,2023.69,Confirmed
B001281,C001805,T000001,2026-03-12,4075.28,Pending
B001282,C003213,T000012,2026-02-14,4054.89,Confirmed
B001283,C003811,T000005,2026-02-22,4786.71,Confirmed
B001284,C000814,T000024,2026-03-03,4625.45,Cancelled
B001285,C004125,T000006,2026-06-07,866.82,Cancelled
B001286,C002033,T000025,2026-06-16,4234.4,Confirmed
B001287,C004573,T000001,2026-03-18,2530.28,Confirmed
B001288,C004414,T000025,2026-08-24,4396.49,Confirmed
B001289,C000245,T000001,2025-11-09,901.79,Confirmed
B001290,C004844,T000032,2026-02-18,4202.46,Cancelled
B001291,C004793,T000042,2025-12-29,1218.39,Confirmed
B001292,C000272,T000042,2026-04-09,2002.29,Cancelled
B001293,C003512,T000003,2026-07-30,629.82,Confirmed
B001294,C001772,T000049,2025-10-05,1056.78,Confirmed
B001295,C001263,T000019,2026-04-23,2505.77,Cancelled
B001296,C002425,T000043,2026-05-16,4182.52,Confirmed
B001297,C004362,T000029,2026-08-02,3981.51,Cancelled
B001298,C000921,T000050,2026-10-26,1558.84,Confirmed
B001299,C003431,T000002,2026-11-12,1182.61,Confirmed
B001300,C004436,T000009,2026-01-22,2251.69,Confirmed
B001301,C004485,T000017,2026-03-02,4474.71,Cancelled
B001302,C002625,T000046,2026-10-16,911.41,Confirmed
B001303,C003761,T000036,2026-05-11,2943.11,Confirmed
B001304,C002051,T000017,2026-02-26,899.63,Confirmed
B001305,C003501,T000049,2026-01-18,2615.95,Confirmed
B001306,C001166,T000012,2025-11-12,1070.56,Confirmed
B001307,C000376,T000020,2026-07-01,861.52,Confirmed
B001308,C002034,T000050,2026-06-17,1358.82,Confirmed
B001309,C000146,T000003,2026-08-01,1648.65,Confirmed
B001310,C004389,T000043,2026-09-28,1743.19,Cancelled
B001311,C000432,T000050,2026-07-16,3403.71,Cancelled
B001312,C000705,T000004,2025-11-19,747.42,Confirmed
B001313,C002633,T000017,2025-12-09,863.64,Confirmed
B001314,C004495,T000050,2026-06-17,1349.18,Confirmed
B001315,C000964,T000037,2026-02-06,4424.28,Confirmed
B001316,C002235,T000046,2026-09-08,3328.72,Pending
B001317,C002042,T000042,2025-12-09,3786.66,Confirmed
B001318,C001829,T000015,2026-04-24,2166.63,Confirmed
B001319,C002109,T000033,2026-03-28,1459.49,Cancelled
B001320,C004069,T000016,2025-11-29,670.83,Confirmed
B001321,C000939,T000011,2026-10-11,2698.41,Confirmed
B001322,C004806,T000020,2026-09-20,3084.26,Confirmed
B001323,C000807,T000038,2026-11-09,4536.51,Confirmed
B001324,C001464,T000024,2026-05-22,4469.42,Confirmed
B001325,C003416,T000016,2025-12-01,2411.08,Confirmed
B001326,C000011,T000030,2026-01-24,2406.1,Confirmed
B001327,C001869,T000034,2026-04-21,1225.05,Cancelled
B001328,C004868,T000001,2026-02-13,1658.52,Confirmed
B001329,C000885,T000024,2025-12-21,4665.49,Confirmed
B001330,C003565,T000024,2026-01-18,1134.66,Confirmed
B001331,C001390,T000009,2026-04-23,4859.15,Confirmed
B001332,C003402,T000022,2026-03-31,2771.32,Confirmed
B001333,C004322,T000012,2025-11-07,2554.73,Confirmed
B001334,C000825,T000017,2026-05-10,1285.87,Confirmed
B001335,C002266,T000025,2026-07-07,3476.94,Confirmed
B001336,C000937,T000028,2026-04-09,2569.3,Confirmed
B001337,C002801,T000015,2025-12-25,2167.98,Pending
B001338,C002554,T000030,2026-01-30,1690.32,Confirmed
B001339,C003846,T000027,2026-03-17,799.19,Cancelled
B001340,C001797,T000022,2026-01-29,2836.98,Confirmed
B001341,C000054,T000010,2026-05-17,1908.09,Confirmed
B001342,C000727,T000031,2025-09-05,3685.39,Confirmed
B001343,C002737,T000027,2026-03-29,3755.85,Pending
B001344,C003171,T000012,2025-10-20,1994.48,Cancelled
B001345,C001914,T000046,2026-06-26,3511.04,Pending
B001346,C001597,T000031,2025-12-02,1664.04,Cancelled
B001347,C001915,T000032,2026-04-17,3772.28,Confirmed
B001348,C002467,T000032,2026-06-06,572.35,Pending
B001349,C002738,T000041,2026-07-21,1182.24,Pending
B001350,C000850,T000045,2025-11-28,1602.54,Confirmed
B001351,C002110,T000035,2026-04-14,3978.21,Pending
B001352,C000003,T000046,2026-07-23,798.69,Confirmed
B001353,C004256,T000021,2026-06-17,1346.26,Pending
B001354,C004070,T000010,2026-05-29,2113.81,Pending
B001355,C004877,T000016,2026-04-02,541.29,Cancelled
B001356,C000893,T000007,2025-09-22,3929.54,Cancelled
B001357,C002031,T000004,2025-12-04,3020.47,Confirmed
B001358,C003161,T000027,2026-09-01,4553.06,Confirmed
B001359,C002377,T000025,2026-10-31,639.64,Confirmed
B001360,C004676,T000031,2025-11-14,1721.26,Confirmed
B001361,C001934,T000011,2026-11-17,3790.63,Confirmed
B001362,C001381,T000048,2026-08-14,3538.17,Confirmed
B001363,C003682,T000020,2026-11-25,1593.76,Confirmed
B001364,C001291,T000036,2026-04-28,3180.59,Confirmed
B001365,C001641,T000017,2025-12-30,4071.91,Cancelled
B001366,C002683,T000045,2025-08-23,650.21,Confirmed
B001367,C000988,T000011,2026-08-16,3729.33,Confirmed
B001368,C001219,T000030,2026-01-23,1634.44,Confirmed
B001369,C001356,T000035,2026-02-11,4765.33,Confirmed
B001370,C004266,T000041,2026-10-19,2921.99,Confirmed
B001371,C004617,T000038,2026-11-27,650.24,Confirmed
B001372,C004136,T000022,2026-05-23,2315.44,Confirmed
B001373,C001561,T000043,2026-06-19,4848.4,Confirmed
B001374,C001419,T000048,2026-06-23,3786.68,Confirmed
B001375,C000955,T000027,2026-08-27,1852.16,Confirmed
B001376,C000984,T000037,2025-11-20,3088.7,Cancelled
B001377,C000975,T000046,2026-08-22,3195.96,Confirmed
B001378,C004134,T000049,2025-11-06,605.07,Confirmed
B001379,C003973,T000035,2026-03-12,1304.75,Cancelled
B001380,C000914,T000004,2025-11-05,2983.0,Confirmed
B001381,C004550,T000016,2025-11-18,2312.39,Confirmed
B001382,C000037,T000016,2026-04-14,1355.17,Confirmed
B001383,C003388,T000021,2026-05-16,3977.01,Confirmed
B001384,C001712,T000026,2025-08-15,2700.48,Confirmed
B001385,C003021,T000036,2026-06-09,1894.88,Cancelled
B001386,C000796,T000019,2026-04-14,1227.55,Confirmed
B001387,C004037,T000017,2026-04-18,3250.24,Confirmed
B001388,C004689,T000045,2025-12-10,3498.18,Confirmed
B001389,C003112,T000026,2025-11-04,3513.19,Confirmed
B001390,C001325,T000022,2026-02-05,1491.29,Confirmed
B001391,C000318,T000028,2026-08-17,3179.02,Confirmed
B001392,C002397,T000001,2026-01-28,4574.33,Confirmed
B001393,C002163,T000044,2026-04-02,2089.34,Confirmed
B001394,C002746,T000036,2026-04-07,1448.45,Cancelled
B001395,C001592,T000043,2026-07-13,3974.67,Confirmed
B001396,C003112,T000037,2025-11-10,1295.97,Cancelled
B001397,C003931,T000002,2026-07-21,1641.87,Cancelled
B001398,C001997,T000017,2026-03-01,952.9,Confirmed
B001399,C001313,T000040,2026-07-14,1705.43,Confirmed
B001400,C001286,T000038,2026-11-17,2346.51,Confirmed
B001401,C004312,T000021,2026-09-20,788.71,Pending
B001402,C002384,T000009,2025-11-28,4422.69,Confirmed
B001403,C003240,T000013,2025-10-17,2811.54,Pending
B001404,C002140,T000011,2026-09-09,3146.47,Confirmed
B001405,C001705,T000016,2025-11-16,2170.79,Cancelled
B001406,C000363,T000016,2026-03-24,3514.26,Confirmed
B001407,C002605,T000002,2026-12-07,2443.02,Cancelled
B001408,C001717,T000042,2025-12-20,3925.91,Confirmed
B001409,C004452,T000044,2026-02-02,4196.31,Confirmed
B001410,C004287,T000008,2026-02-05,3523.32,Confirmed
B001411,C003739,T000043,2026-10-14,2711.01,Confirmed
B001412,C002470,T000042,2026-01-12,4020.21,Confirmed
B001413,C004796,T000013,2026-01-17,2724.28,Confirmed
B001414,C000557,T000017,2026-05-03,1001.79,Confirmed
B001415,C000826,T000039,2025-09-19,1023.53,Confirmed
B001416,C002809,T000024,2025-12-13,4768.62,Confirmed
B001417,C004522,T000003,2026-07-20,1461.03,Confirmed
B001418,C002720,T000030,2025-09-11,4171.66,Cancelled
B001419,C003509,T000013,2025-10-26,1610.17,Confirmed
B001420,C003742,T000019,2026-07-14,2438.51,Confirmed
B001421,C001575,T000007,2025-09-18,3447.27,Confirmed
B001422,C003999,T000009,2025-11-16,1214.9,Cancelled
B001423,C002130,T000019,2026-07-19,3817.61,Confirmed
B001424,C002404,T000045,2025-10-12,3604.61,Cancelled
B001425,C003330,T000040,2026-04-02,2943.87,Confirmed
B001426,C000589,T000022,2026-01-23,3046.5,Cancelled
B001427,C002013,T000018,2026-06-12,975.97,Confirmed
B001428,C001548,T000023,2026-07-01,2461.77,Cancelled
B001429,C000295,T000002,2026-11-29,889.57,Confirmed
B001430,C001986,T000050,2026-09-15,1885.38,Confirmed
B001431,C003118,T000050,2026-10-03,4551.4,Confirmed
B001432,C001691,T000011,2026-07-29,3085.4,Pending
B001433,C001137,T000031,2025-09-08,3842.17,Confirmed
B001434,C002065,T000033,2026-02-15,3082.49,Cancelled
B001435,C004456,T000014,2026-08-17,1374.07,Confirmed
B001436,C004796,T000016,2025-11-29,3176.64,Confirmed
B001437,C004544,T000011,2026-06-24,3899.25,Confirmed
B001438,C004771,T000033,2026-05-19,1122.82,Confirmed
B001439,C001008,T000007,2025-12-17,4176.08,Cancelled
B001440,C002515,T000031,2025-11-08,2999.26,Confirmed
B001441,C003527,T000048,2026-05-28,519.24,Confirmed
B001442,C004682,T000046,2026-08-30,2839.0,Confirmed
B001443,C001248,T000047,2026-05-10,2280.52,Confirmed
B001444,C003903,T000014,2026-07-11,1834.01,Confirmed
B001445,C001436,T000028,2026-04-12,3970.66,Pending
B001446,C000572,T000043,2026-09-20,4547.75,Confirmed
B001447,C002383,T000016,2026-01-24,3931.94,Cancelled
B001448,C001246,T000019,2026-04-30,4310.48,Confirmed
B001449,C002085,T000017,2026-01-14,4589.51,Confirmed
B001450,C000278,T000026,2026-01-04,4606.83,Cancelled
B001451,C001888,T000006,2026-05-28,1015.87,Confirmed
B001452,C004580,T000043,2026-07-10,2553.73,Confirmed
B001453,C001266,T000049,2026-01-11,501.29,Confirmed
B001454,C004827,T000009,2025-11-28,2779.08,Confirmed
B001455,C001041,T000050,2026-07-19,4659.1,Cancelled
B001456,C000918,T000017,2026-03-24,1395.96,Confirmed
B001457,C000886,T000031,2025-09-12,3379.04,Cancelled
B001458,C002753,T000012,2026-02-03,3399.71,Confirmed
B001459,C000022,T000023,2026-05-08,1221.59,Confirmed
B001460,C004570,T000005,2025-12-26,1573.37,Confirmed
B001461,C003192,T000043,2026-06-07,2579.1,Pending
B001462,C002354,T000036,2026-02-04,1346.94,Pending
B001463,C004800,T000036,2026-04-11,3132.47,Confirmed
B001464,C000687,T000003,2026-08-31,2680.44,Confirmed
B001465,C000285,T000024,2026-05-03,2836.39,Confirmed
B001466,C004812,T000017,2026-01-21,1105.1,Cancelled
B001467,C003748,T000039,2026-01-27,2827.63,Cancelled
B001468,C000763,T000026,2025-08-14,722.65,Confirmed
B001469,C002429,T000004,2025-12-22,4466.91,Confirmed
B001470,C002508,T000045,2025-12-31,2044.62,Confirmed
B001471,C000029,T000012,2025-11-19,4353.52,Confirmed
B001472,C000907,T000001,2026-02-22,3657.45,Cancelled
B001473,C003105,T000021,2026-06-22,3947.78,Confirmed
B001474,C004000,T000019,2026-08-31,1915.45,Cancelled
B001475,C002995,T000021,2026-09-11,1524.85,Confirmed
B001476,C002507,T000018,2026-08-18,2330.33,Confirmed
B001477,C004666,T000043,2026-06-07,609.02,Confirmed
B001478,C003610,T000003,2026-08-08,4634.4,Confirmed
B001479,C003554,T000049,2026-01-11,2241.56,Confirmed
B001480,C001454,T000044,2026-03-12,4948.5,Confirmed
B001481,C004834,T000032,2026-02-18,3926.52,Cancelled
B001482,C003357,T000010,2026-07-09,862.32,Confirmed
B001483,C000516,T000040,2026-08-10,3470.85,Cancelled
B001484,C000039,T000015,2026-03-12,1718.78,Pending
B001485,C003343,T000005,2025-11-21,1596.73,Confirmed
B001486,C000887,T000004,2025-11-26,1654.53,Confirmed
B001487,C002845,T000028,2026-03-10,4622.34,Confirmed
B001488,C002205,T000004,2026-01-27,2749.91,Confirmed
B001489,C001099,T000015,2026-05-08,3512.62,Confirmed
B001490,C001824,T000017,2025-12-12,1764.27,Confirmed
B001491,C003202,T000044,2026-03-27,2853.3,Confirmed
B001492,C003156,T000003,2026-08-03,2075.45,Pending
B001493,C003094,T000010,2026-07-25,1945.13,Confirmed
B001494,C003531,T000047,2026-04-12,1611.36,Pending
B001495,C003779,T000042,2026-04-07,2340.53,Confirmed
B001496,C002897,T000023,2026-08-13,3470.14,Cancelled
B001497,C003454,T000018,2026-08-27,1499.2,Confirmed
B001498,C003512,T000001,2026-01-27,4844.5,Confirmed
B001499,C000989,T000035,2026-05-17,1060.75,Confirmed
B001500,C004117,T000031,2025-10-03,2660.93,Confirmed
B001501,C004965,T000044,2025-12-25,882.63,Confirmed
B001502,C004027,T000001,2025-10-30,601.99,Pending
B001503,C004180,T000003,2026-06-08,4652.05,Confirmed
B001504,C001683,T000003,2026-07-03,4146.73,Confirmed
B001505,C004666,T000037,2025-12-25,3623.7,Confirmed
B001506,C003964,T000019,2026-08-11,4393.36,Confirmed
B001507,C000934,T000029,2026-08-14,4112.82,Confirmed
B001508,C003599,T000025,2026-06-14,3412.57,Pending
B001509,C003234,T000033,2026-02-23,4313.04,Confirmed
B001510,C001981,T000036,2026-03-20,2258.6,Confirmed
B001511,C001856,T000029,2026-11-10,2987.38,Confirmed
B001512,C003057,T000026,2025-12-06,3993.4,Cancelled
B001513,C000793,T000004,2026-02-01,881.59,Confirmed
B001514,C000792,T000049,2026-03-20,4363.9,Confirmed
B001515,C001810,T000014,2026-09-06,1205.74,Confirmed
B001516,C002256,T000050,2026-10-06,4390.44,Cancelled
B001517,C003611,T000027,2026-04-26,1901.0,Confirmed
B001518,C001608,T000033,2026-03-06,1970.52,Confirmed
B001519,C000985,T000022,2026-04-06,832.77,Confirmed
B001520,C003677,T000048,2026-05-03,4486.55,Pending
B001521,C003381,T000003,2026-07-18,1285.3,Confirmed
B001522,C000520,T000023,2026-07-02,3335.22,Cancelled
B001523,C000591,T000021,2026-09-21,3397.85,Confirmed
B001524,C001051,T000041,2026-08-03,1765.18,Confirmed
B001525,C003634,T000023,2026-04-21,4935.47,Cancelled
B001526,C004445,T000004,2025-12-27,788.75,Confirmed
B001527,C000960,T000021,2026-09-26,3235.42,Confirmed
B001528,C000693,T000037,2025-12-10,2657.95,Confirmed
B001529,C003900,T000043,2026-08-29,1604.68,Confirmed
B001530,C004474,T000031,2025-10-30,1235.98,Pending
B001531,C002947,T000021,2026-09-30,3816.88,Pending
B001532,C000527,T000026,2025-10-23,4623.42,Confirmed
B001533,C003225,T000041,2026-05-31,983.96,Pending
B001534,C002254,T000035,2026-01-29,1372.91,Pending
B001535,C003345,T000038,2026-09-27,4938.21,Cancelled
B001536,C003966,T000024,2026-05-28,567.6,Confirmed
B001537,C001876,T000011,2026-11-15,2787.13,Confirmed
B001538,C001764,T000041,2026-07-08,2822.51,Pending
B001539,C000521,T000029,2026-11-02,1684.23,Confirmed
B001540,C001017,T000047,2026-04-13,3483.63,Cancelled
B001541,C000117,T000003,2026-04-30,4752.23,Confirmed
B001542,C002434,T000001,2025-12-18,2525.96,Confirmed
B001543,C000584,T000019,2026-07-29,3872.39,Confirmed
B001544,C000395,T000046,2026-08-17,3407.32,Confirmed
B001545,C003789,T000049,2025-10-07,2628.24,Pending
B001546,C002769,T000022,2026-01-12,724.16,Confirmed
B001547,C004168,T000014,2026-08-13,3837.87,Confirmed
B001548,C003861,T000049,2026-01-04,2134.63,Confirmed
B001549,C000274,T000014,2026-09-16,1510.23,Confirmed
B001550,C002014,T000044,2026-01-18,4767.21,Confirmed
B001551,C004434,T000016,2026-01-28,3980.76,Pending
B001552,C001390,T000033,2026-01-19,4830.21,Cancelled
B001553,C003567,T000013,2025-12-06,1652.98,Confirmed
B001554,C004703,T000038,2026-10-16,4261.07,Pending
B001555,C000166,T000049,2025-11-11,3234.75,Pending
B001556,C001568,T000012,2025-10-29,4916.77,Confirmed
B001557,C000729,T000038,2026-11-02,4758.43,Confirmed
B001558,C002044,T000039,2025-09-29,4878.36,Confirmed
B001559,C004198,T000033,2026-03-01,4782.95,Confirmed
B001560,C003497,T000033,2026-06-02,534.47,Confirmed
B001561,C000779,T000029,2026-07-22,3834.88,Confirmed
B001562,C000214,T000005,2025-11-23,1723.71,Confirmed
B001563,C003763,T000006,2026-07-01,3672.62,Cancelled
B001564,C001577,T000031,2026-01-24,4912.75,Cancelled
B001565,C002449,T000016,2025-11-22,677.12,Confirmed
B001566,C002937,T000031,2025-09-10,3051.45,Cancelled
B001567,C003118,T000025,2026-08-27,3807.29,Cancelled
B001568,C000592,T000048,2026-08-03,1640.11,Confirmed
B001569,C002721,T000046,2026-07-18,1513.05,Confirmed
B001570,C000714,T000033,2026-04-04,771.55,Confirmed
B001571,C000936,T000013,2026-01-11,922.64,Confirmed
B001572,C004338,T000010,2026-07-16,3455.37,Confirmed
B001573,C000002,T000024,2026-04-13,2773.45,Confirmed
B001574,C002849,T000010,2026-03-21,635.33,Confirmed
B001575,C004045,T000041,2026-06-28,4863.48,Confirmed
B001576,C001950,T000031,2025-09-30,3452.21,Pending
B001577,C000918,T000013,2025-11-28,2819.61,Confirmed
B001578,C003175,T000003,2026-04-04,1727.26,Confirmed
B001579,C002242,T000050,2026-08-27,3461.44,Cancelled
B001580,C000090,T000034,2026-09-05,2138.76,Confirmed
B001581,C001710,T000049,2026-03-21,3661.22,Confirmed
B001582,C002170,T000028,2026-07-20,3571.57,Pending
B001583,C004239,T000019,2026-08-18,917.35,Cancelled
B001584,C003042,T000023,2026-04-15,4591.67,Confirmed
B001585,C000106,T000045,2025-11-22,2691.38,Confirmed
B001586,C000887,T000032,2026-02-26,2268.25,Confirmed
B001587,C000428,T000013,2026-01-25,4799.58,Confirmed
B001588,C001896,T000033,2026-01-24,2471.94,Confirmed
B001589,C000317,T000034,2026-04-24,3745.49,Confirmed
B001590,C000635,T000033,2026-03-03,3448.11,Cancelled
B001591,C001926,T000005,2026-01-19,1243.13,Confirmed
B001592,C002057,T000003,2026-04-26,4960.14,Confirmed
B001593,C003145,T000007,2025-12-26,2586.22,Confirmed
B001594,C002271,T000024,2026-01-04,2276.52,Cancelled
B001595,C001440,T000022,2026-02-06,4638.26,Pending
B001596,C000553,T000045,2025-12-25,2881.57,Confirmed
B001597,C000716,T000023,2026-09-27,3672.85,Confirmed
B001598,C003912,T000030,2025-09-22,4308.11,Confirmed
B001599,C001714,T000018,2026-10-13,1559.72,Cancelled
B001600,C003390,T000032,2026-04-23,1262.6,Confirmed
B001601,C001108,T000007,2026-01-01,808.28,Confirmed
B001602,C004207,T000033,2026-05-03,4537.1,Confirmed
B001603,C000251,T000005,2025-12-14,1401.65,Confirmed
B001604,C002431,T000049,2026-02-02,1884.89,Confirmed
B001605,C002055,T000028,2026-04-16,1786.13,Pending
B001606,C000459,T000008,2026-03-04,1870.65,Confirmed
B001607,C000208,T000015,2026-05-20,3506.28,Confirmed
B001608,C000900,T000004,2025-12-23,4793.51,Cancelled
B001609,C003462,T000034,2026-08-04,1982.54,Cancelled
B001610,C003386,T000005,2026-03-01,2334.41,Confirmed
B001611,C000022,T000033,2026-03-06,3970.16,Confirmed
B001612,C000410,T000005,2025-11-09,2445.52,Pending
B001613,C000895,T000038,2026-12-17,4667.19,Pending
B001614,C000515,T000034,2026-06-17,2764.48,Confirmed
B001615,C004905,T000026,2025-09-20,2064.81,Cancelled
B001616,C004970,T000001,2025-11-29,4872.08,Confirmed
B001617,C004110,T000004,2025-11-21,2416.02,Confirmed
B001618,C002135,T000039,2025-08-31,1540.29,Confirmed
B001619,C003596,T000026,2025-12-20,1299.65,Cancelled
B001620,C002957,T000033,2026-03-07,4978.32,Confirmed
B001621,C001561,T000033,2026-02-20,3888.44,Confirmed
B001622,C001267,T000008,2026-02-08,2338.97,Confirmed
B001623,C002170,T000020,2026-09-06,4218.64,Confirmed
B001624,C003639,T000016,2026-01-28,2960.63,Pending
B001625,C000750,T000021,2026-09-28,1928.25,Confirmed
B001626,C003428,T000045,2025-07-26,3845.24,Confirmed
B001627,C004781,T000026,2025-10-07,3856.53,Cancelled
B001628,C001928,T000023,2026-08-30,2750.76,Confirmed
B001629,C003805,T000018,2026-07-20,703.21,Pending
B001630,C003703,T000031,2025-10-22,846.6,Confirmed
B001631,C002357,T000042,2026-03-12,4049.37,Confirmed
B001632,C004791,T000012,2026-02-24,4205.64,Confirmed
B001633,C002336,T000001,2025-12-26,3552.3,Confirmed
B001634,C000307,T000042,2026-01-08,4275.81,Confirmed
B001635,C003666,T000009,2026-01-12,3737.69,Confirmed
B001636,C001990,T000003,2026-08-08,4536.21,Pending
B001637,C000662,T000026,2025-09-24,1176.79,Confirmed
B001638,C004645,T000009,2026-01-29,2244.84,Confirmed
B001639,C000312,T000042,2026-04-04,2588.5,Confirmed
B001640,C002921,T000016,2025-11-22,1839.49,Confirmed
B001641,C001083,T000024,2026-04-28,3764.15,Confirmed
B001642,C002972,T000050,2026-10-01,4605.97,Cancelled
B001643,C000755,T000014,2026-08-23,2356.17,Confirmed
B001644,C004131,T000003,2026-09-17,4736.94,Confirmed
B001645,C004541,T000034,2026-04-01,2825.46,Confirmed
B001646,C000353,T000033,2026-05-10,2851.32,Confirmed
B001647,C000903,T000050,2026-09-18,3200.99,Confirmed
B001648,C003889,T000024,2026-05-29,1707.49,Confirmed
B001649,C000159,T000009,2025-12-24,2225.12,Confirmed
B001650,C001978,T000013,2025-11-17,2989.57,Confirmed
B001651,C000957,T000002,2026-08-13,4738.92,Confirmed
B001652,C002072,T000007,2025-12-23,3392.12,Confirmed
B001653,C000404,T000048,2026-05-03,1999.02,Cancelled
B001654,C004612,T000021,2026-06-27,547.11,Confirmed
B001655,C002780,T000019,2026-07-27,4917.5,Confirmed
B001656,C001388,T000025,2026-09-24,2718.43,Confirmed
B001657,C003454,T000047,2026-01-18,4723.23,Confirmed
B001658,C000956,T000022,2026-01-14,2972.05,Confirmed
B001659,C001713,T000011,2026-10-02,3224.59,Confirmed
B001660,C004704,T000033,2026-05-10,3703.61,Confirmed
B001661,C001274,T000032,2026-04-04,1944.39,Confirmed
B001662,C003812,T000021,2026-05-17,3645.43,Confirmed
B001663,C002626,T000039,2025-08-30,2870.56,Confirmed
B001664,C002383,T000020,2026-08-17,3526.16,Cancelled
B001665,C001442,T000008,2025-12-10,4261.25,Confirmed
B001666,C002980,T000042,2026-01-16,1329.03,Confirmed
B001667,C001798,T000037,2025-11-11,3260.98,Confirmed
B001668,C004391,T000009,2026-03-13,734.5,Confirmed
B001669,C004010,T000025,2026-08-29,959.52,Confirmed
B001670,C004851,T000025,2026-06-01,3535.67,Confirmed
B001671,C001395,T000033,2026-04-25,819.22,Cancelled
B001672,C004282,T000002,2026-11-21,3179.11,Confirmed
B001673,C001270,T000019,2026-04-07,1490.06,Confirmed
B001674,C004733,T000046,2026-09-20,1868.38,Confirmed
B001675,C003715,T000020,2026-09-21,1083.36,Cancelled
B001676,C000530,T000042,2026-03-17,1619.0,Confirmed
B001677,C003624,T000041,2026-10-26,4195.81,Confirmed
B001678,C002959,T000042,2026-02-21,3374.95,Confirmed
B001679,C002915,T000029,2026-07-15,4773.92,Confirmed
B001680,C004890,T000006,2026-05-15,719.35,Pending
B001681,C003592,T000017,2026-03-13,4065.85,Confirmed
B001682,C002148,T000025,2026-07-14,3645.85,Confirmed
B001683,C004574,T000038,2026-08-17,1674.02,Confirmed
B001684,C003370,T000004,2025-11-27,3781.25,Confirmed
B001685,C000940,T000030,2025-12-21,3724.47,Confirmed
B001686,C000526,T000020,2026-06-28,2567.05,Confirmed
B001687,C000002,T000003,2026-09-04,3598.88,Confirmed
B001688,C000375,T000023,2026-09-16,2500.61,Confirmed
B001689,C002341,T000018,2026-09-12,2009.96,Confirmed
B001690,C004006,T000026,2025-12-17,2599.21,Confirmed
B001691,C003053,T000036,2026-03-13,4528.08,Confirmed
B001692,C004649,T000008,2026-03-31,2230.63,Confirmed
B001693,C002366,T000017,2026-02-21,2316.6,Confirmed
B001694,C001526,T000031,2025-11-01,3237.81,Confirmed
B001695,C004477,T000037,2026-02-11,3888.5,Cancelled
B001696,C001647,T000045,2025-09-30,3805.79,Confirmed
B001697,C000014,T000033,2026-04-29,589.09,Confirmed
B001698,C004600,T000027,2026-04-23,3593.37,Confirmed
B001699,C002279,T000045,2025-10-05,2527.49,Confirmed
B001700,C003156,T000004,2026-03-27,2858.4,Confirmed
B001701,C000130,T000022,2026-01-15,3027.49,Cancelled
B001702,C003815,T000026,2025-10-17,3792.74,Pending
B001703,C004934,T000032,2026-03-24,4241.0,Confirmed
B001704,C003217,T000024,2026-01-09,3408.17,Confirmed
B001705,C002939,T000046,2026-06-22,3037.58,Confirmed
B001706,C003929,T000035,2026-05-03,2181.96,Confirmed
B001707,C002041,T000037,2025-10-17,1120.45,Confirmed
B001708,C000028,T000032,2026-04-13,4813.6,Confirmed
B001709,C002114,T000007,2025-11-23,2578.29,Cancelled
B001710,C001253,T000033,2026-06-05,3047.96,Confirmed
B001711,C004357,T000031,2025-10-30,3879.83,Confirmed
B001712,C002047,T000012,2026-02-11,807.85,Confirmed
B001713,C004556,T000011,2026-08-25,4347.55,Confirmed
B001714,C004024,T000024,2026-02-08,4086.62,Confirmed
B001715,C004397,T000008,2025-11-22,3984.93,Confirmed
B001716,C003375,T000032,2026-05-23,598.92,Confirmed
B001717,C003467,T000038,2026-11-11,2869.33,Cancelled
B001718,C003082,T000022,2026-06-14,744.21,Confirmed
B001719,C003779,T000034,2026-05-14,2978.93,Confirmed
B001720,C000630,T000019,2026-08-09,3733.02,Cancelled
B001721,C000270,T000020,2026-07-02,1048.33,Confirmed
B001722,C002640,T000014,2026-11-23,3626.97,Confirmed
B001723,C001994,T000033,2026-04-19,2522.9,Confirmed
B001724,C002892,T000010,2026-04-22,4151.99,Confirmed
B001725,C004958,T000016,2025-11-25,2901.15,Confirmed
B001726,C003433,T000004,2026-01-11,2012.55,Cancelled
B001727,C001281,T000027,2026-07-22,1993.96,Confirmed
B001728,C002361,T000028,2026-07-06,4538.69,Pending
B001729,C000576,T000043,2026-09-27,2537.92,Confirmed
B001730,C001308,T000016,2026-01-08,2325.89,Pending
B001731,C003193,T000033,2026-04-16,679.43,Confirmed
B001732,C003179,T000048,2026-05-03,2139.46,Confirmed
B001733,C002735,T000019,2026-04-19,4323.32,Confirmed
B001734,C002213,T000021,2026-09-11,3924.44,Cancelled
B001735,C002353,T000022,2026-04-16,1494.11,Cancelled
B001736,C003569,T000009,2026-04-22,2358.75,Confirmed
B001737,C001656,T000009,2026-02-13,1384.61,Confirmed
B001738,C001580,T000009,2026-01-18,4793.98,Cancelled
B001739,C002204,T000027,2026-05-17,3191.53,Cancelled
B001740,C001391,T000017,2026-04-26,3894.6,Confirmed
B001741,C001743,T000044,2025-12-30,3712.14,Confirmed
B001742,C001926,T000045,2025-12-29,4431.6,Confirmed
B001743,C000620,T000008,2026-02-08,4771.98,Confirmed
B001744,C001275,T000016,2025-12-29,646.01,Pending
B001745,C000957,T000018,2026-10-21,4888.86,Confirmed
B001746,C001940,T000033,2026-05-31,4417.44,Confirmed
B001747,C003954,T000001,2026-01-09,2223.26,Cancelled
B001748,C002382,T000012,2026-01-20,4266.81,Confirmed
B001749,C000969,T000006,2026-06-13,3814.51,Cancelled
B001750,C001317,T000041,2026-08-21,4069.01,Confirmed
B001751,C001044,T000005,2025-11-20,1493.11,Cancelled
B001752,C000282,T000016,2026-03-11,3418.54,Confirmed
B001753,C002845,T000018,2026-05-27,616.67,Confirmed
B001754,C001059,T000049,2025-12-02,4317.03,Confirmed
B001755,C004294,T000018,2026-06-29,4779.69,Confirmed
B001756,C002533,T000001,2026-02-01,3479.56,Confirmed
B001757,C003829,T000019,2026-05-08,2807.01,Confirmed
B001758,C001009,T000008,2026-04-04,3765.79,Confirmed
B001759,C001230,T000003,2026-05-07,1968.63,Confirmed
B001760,C001036,T000025,2026-10-14,3318.75,Confirmed
B001761,C004586,T000005,2026-01-29,3735.38,Cancelled
B001762,C000276,T000040,2026-08-11,1142.06,Confirmed
B001763,C002741,T000019,2026-06-14,1130.31,Cancelled
B001764,C002290,T000018,2026-07-02,3722.62,Confirmed
B001765,C001240,T000050,2026-06-22,2443.02,Cancelled
B001766,C000126,T000031,2026-01-09,4501.41,Confirmed
B001767,C004066,T000033,2026-05-23,1903.72,Confirmed
B001768,C004313,T000047,2026-01-28,690.94,Confirmed
B001769,C003869,T000018,2026-10-05,3424.44,Confirmed
B001770,C001209,T000039,2025-12-24,3579.08,Confirmed
B001771,C003250,T000016,2026-01-04,2991.16,Confirmed
B001772,C000919,T000016,2026-02-04,3575.0,Confirmed
B001773,C003924,T000047,2026-04-07,2856.89,Confirmed
B001774,C004404,T000038,2026-09-26,3616.85,Confirmed
B001775,C001970,T000041,2026-07-21,697.72,Confirmed
B001776,C002794,T000007,2025-10-31,2157.79,Confirmed
B001777,C000892,T000014,2026-08-05,1448.68,Confirmed
B001778,C004471,T000043,2026-06-12,946.97,Cancelled
B001779,C002034,T000048,2026-09-15,1553.42,Confirmed
B001780,C001365,T000025,2026-09-03,1360.9,Pending
B001781,C000129,T000032,2026-03-15,4879.09,Confirmed
B001782,C001015,T000038,2026-10-25,1789.46,Cancelled
B001783,C001800,T000022,2026-02-08,1539.32,Confirmed
B001784,C004613,T000016,2026-01-18,4256.94,Confirmed
B001785,C001519,T000029,2026-10-28,2386.02,Confirmed
B001786,C004182,T000016,2025-12-22,2396.59,Confirmed
B001787,C001199,T000012,2025-10-31,2496.16,Confirmed
B001788,C003874,T000017,2026-04-07,2374.41,Cancelled
B001789,C002475,T000037,2025-08-25,1969.54,Cancelled
B001790,C003486,T000027,2026-04-24,1788.53,Confirmed
B001791,C004050,T000025,2026-08-18,4468.82,Pending
B001792,C003720,T000013,2026-02-10,1227.68,Pending
B001793,C000303,T000008,2026-02-04,1314.78,Confirmed
B001794,C003953,T000005,2026-02-12,3072.74,Cancelled
B001795,C004684,T000012,2026-02-07,2046.46,Confirmed
B001796,C000987,T000041,2026-09-19,2396.88,Confirmed
B001797,C001864,T000003,2026-08-07,4129.46,Confirmed
B001798,C004441,T000035,2026-02-06,4566.34,Cancelled
B001799,C004910,T000033,2026-04-08,4057.49,Confirmed
B001800,C003073,T000022,2026-05-19,1557.18,Confirmed
B001801,C003125,T000050,2026-08-07,4909.87,Confirmed
B001802,C001328,T000044,2026-03-18,2134.29,Confirmed
B001803,C002409,T000009,2026-04-02,1260.8,Confirmed
B001804,C003674,T000041,2026-06-18,2747.74,Confirmed
B001805,C003292,T000018,2026-08-02,3763.79,Confirmed
B001806,C004034,T000050,2026-05-16,874.72,Confirmed
B001807,C000704,T000029,2026-10-02,3354.29,Confirmed
B001808,C000575,T000039,2025-10-22,4361.35,Cancelled
B001809,C003233,T000027,2026-04-01,1678.02,Pending
B001810,C004784,T000036,2026-04-15,3619.05,Confirmed
B001811,C002633,T000045,2025-08-12,2299.59,Confirmed
B001812,C003829,T000017,2026-02-27,2363.61,Pending
B001813,C003231,T000034,2026-07-28,1763.66,Confirmed
B001814,C000489,T000046,2026-09-21,3309.77,Confirmed
B001815,C001348,T000003,2026-05-12,2124.5,Confirmed
B001816,C003682,T000005,2025-09-16,4239.06,Confirmed
B001817,C003174,T000014,2026-07-03,4833.07,Confirmed
B001818,C004590,T000003,2026-05-20,4707.89,Confirmed
B001819,C001668,T000023,2026-08-12,1234.08,Confirmed
B001820,C001638,T000039,2025-10-20,563.86,Confirmed
B001821,C004115,T000030,2025-09-12,2473.11,Cancelled
B001822,C003554,T000050,2026-07-27,3779.98,Confirmed
B001823,C001001,T000045,2025-12-02,4898.55,Confirmed
B001824,C000851,T000023,2026-09-13,4025.4,Confirmed
B001825,C001389,T000027,2026-05-22,3112.47,Confirmed
B001826,C003713,T000010,2026-06-07,618.59,Confirmed
B001827,C001368,T000025,2026-09-12,4214.93,Confirmed
B001828,C000822,T000013,2026-03-01,1297.15,Confirmed
B001829,C000455,T000016,2026-01-01,750.23,Confirmed
B001830,C001625,T000041,2026-08-25,4326.61,Confirmed
B001831,C002773,T000034,2026-05-09,3048.13,Pending
B001832,C003727,T000037,2025-10-14,1078.48,Pending
B001833,C003148,T000022,2026-04-26,2239.44,Cancelled
B001834,C004090,T000017,2026-05-03,884.94,Pending
B001835,C004807,T000023,2026-06-12,3371.05,Confirmed
B001836,C002191,T000036,2026-03-02,1770.92,Pending
B001837,C000917,T000049,2025-11-09,4397.42,Confirmed
B001838,C003987,T000009,2026-01-26,2110.08,Confirmed
B001839,C002876,T000002,2026-09-21,2725.85,Confirmed
B001840,C001441,T000032,2026-05-02,785.86,Pending
B001841,C004401,T000050,2026-06-08,1740.17,Confirmed
B001842,C000736,T000022,2026-05-14,3545.45,Confirmed
B001843,C003569,T000043,2026-07-18,3813.18,Pending
B001844,C003339,T000013,2025-12-20,1592.7,Confirmed
B001845,C003016,T000008,2026-01-18,2767.19,Confirmed
B001846,C002890,T000001,2025-12-16,4178.89,Confirmed
B001847,C000962,T000017,2026-02-09,2209.6,Cancelled
B001848,C002990,T000012,2026-03-07,1101.97,Pending
B001849,C003849,T000004,2026-01-05,2443.42,Pending
B001850,C001027,T000013,2026-02-26,3202.83,Confirmed
B001851,C003866,T000031,2025-09-29,533.29,Confirmed
B001852,C002864,T000041,2026-06-15,2068.55,Confirmed
B001853,C002502,T000007,2025-11-30,3233.46,Confirmed
B001854,C001948,T000023,2026-09-26,4783.6,Confirmed
B001855,C001178,T000024,2026-02-05,2338.47,Confirmed
B001856,C004761,T000005,2025-12-10,1233.38,Cancelled
B001857,C000012,T000005,2025-12-03,2903.99,Pending
B001858,C004400,T000017,2026-05-21,1785.89,Confirmed
B001859,C003365,T000030,2025-08-22,1466.51,Confirmed
B001860,C003023,T000009,2026-01-05,3156.81,Confirmed
B001861,C003372,T000006,2026-07-01,4621.48,Confirmed
B001862,C002831,T000025,2026-07-22,4258.51,Confirmed
B001863,C000043,T000019,2026-08-18,1320.32,Confirmed
B001864,C000944,T000016,2025-12-14,3946.46,Pending
B001865,C002391,T000021,2026-04-25,1534.41,Confirmed
B001866,C002546,T000002,2026-07-28,1808.16,Confirmed
B001867,C002412,T000010,2026-05-24,4640.23,Confirmed
B001868,C004987,T000016,2026-04-14,4599.73,Confirmed
B001869,C001005,T000037,2026-02-10,1258.84,Confirmed
B001870,C000021,T000015,2026-01-15,788.86,Cancelled
B001871,C000407,T000013,2025-12-12,1819.03,Confirmed
B001872,C001015,T000013,2026-03-05,3117.99,Cancelled
B001873,C004432,T000032,2026-05-13,4446.01,Confirmed
B001874,C001839,T000045,2025-08-06,1034.77,Confirmed
B001875,C003189,T000047,2026-05-21,2367.31,Cancelled
B001876,C000715,T000046,2026-09-26,1722.87,Confirmed
B001877,C004147,T000008,2025-12-02,567.18,Confirmed
B001878,C003855,T000043,2026-05-28,4048.01,Confirmed
B001879,C004420,T000018,2026-10-15,4159.78,Confirmed
B001880,C004885,T000036,2026-01-03,1495.53,Confirmed
B001881,C000141,T000026,2025-08-18,1180.58,Cancelled
B001882,C004566,T000010,2026-06-01,1150.52,Cancelled
B001883,C004883,T000031,2025-12-05,2587.76,Confirmed
B001884,C000964,T000033,2026-01-19,1609.23,Cancelled
B001885,C000373,T000029,2026-11-21,2801.1,Cancelled
B001886,C003636,T000005,2025-12-06,2231.83,Confirmed
B001887,C002542,T000013,2026-03-21,1449.01,Confirmed
B001888,C003611,T000001,2025-12-29,3880.36,Confirmed
B001889,C001693,T000023,2026-08-26,1176.64,Confirmed
B001890,C000106,T000040,2026-08-25,4095.06,Confirmed
B001891,C001682,T000003,2026-08-19,3026.51,Confirmed
B001892,C004098,T000003,2026-09-03,4244.17,Pending
B001893,C004017,T000007,2025-08-16,521.42,Confirmed
B001894,C002637,T000036,2026-06-14,3871.35,Cancelled
B001895,C002138,T000035,2026-01-20,731.82,Confirmed
B001896,C003417,T000015,2026-03-10,4775.44,Confirmed
B001897,C004446,T000040,2026-06-29,3662.33,Confirmed
B001898,C003531,T000003,2026-04-15,1940.78,Pending
B001899,C001287,T000029,2026-07-21,1939.33,Confirmed
B001900,C003180,T000030,2025-11-01,4376.72,Confirmed
B001901,C003655,T000039,2025-12-13,4562.78,Confirmed
B001902,C002360,T000018,2026-07-06,4512.08,Confirmed
B001903,C000445,T000011,2026-06-26,4139.33,Confirmed
B001904,C000036,T000043,2026-06-30,4185.64,Confirmed
B001905,C001476,T000049,2026-03-02,3077.46,Cancelled
B001906,C003958,T000038,2026-09-03,627.04,Confirmed
B001907,C001799,T000040,2026-06-12,890.48,Confirmed
B001908,C001846,T000001,2025-11-22,3422.99,Pending
B001909,C001409,T000029,2026-07-15,2305.24,Confirmed
B001910,C001709,T000010,2026-06-26,3052.89,Cancelled
B001911,C002939,T000028,2026-06-12,1539.85,Confirmed
B001912,C001301,T000031,2026-02-18,3422.38,Cancelled
B001913,C001244,T000019,2026-08-10,1592.73,Confirmed
B001914,C003977,T000003,2026-09-09,2573.66,Confirmed
B001915,C003098,T000036,2026-05-28,2654.24,Confirmed
B001916,C004617,T000043,2026-09-17,1299.51,Confirmed
B001917,C000010,T000015,2026-01-25,4442.93,Confirmed
B001918,C002426,T000033,2026-06-12,2866.19,Cancelled
B001919,C001661,T000041,2026-09-23,4400.53,Confirmed
B001920,C002632,T000043,2026-08-03,1681.41,Pending
B001921,C004816,T000045,2025-11-13,1275.51,Confirmed
B001922,C001073,T000026,2025-08-21,581.07,Confirmed
B001923,C003226,T000016,2026-03-29,922.39,Confirmed
B001924,C004955,T000036,2026-05-18,1163.62,Confirmed
B001925,C001317,T000033,2026-04-18,854.85,Confirmed
B001926,C004146,T000020,2026-07-11,4535.96,Cancelled
B001927,C003684,T000013,2025-12-18,4601.47,Confirmed
B001928,C003274,T000033,2026-03-20,4718.13,Confirmed
B001929,C000146,T000005,2025-11-17,4819.37,Confirmed
B001930,C003041,T000037,2026-01-25,2713.26,Confirmed
B001931,C001463,T000014,2026-08-03,2885.11,Cancelled
B001932,C004677,T000027,2026-06-10,1088.74,Confirmed
B001933,C001585,T000023,2026-08-15,1116.73,Confirmed
B001934,C000483,T000014,2026-09-29,3977.4,Confirmed
B001935,C003180,T000040,2026-06-23,4350.78,Confirmed
B001936,C001250,T000004,2025-12-10,4031.21,Confirmed
B001937,C004769,T000039,2025-09-09,4255.59,Confirmed
B001938,C000631,T000019,2026-06-14,1744.57,Cancelled
B001939,C000662,T000047,2026-04-06,2597.3,Confirmed
B001940,C003504,T000004,2026-02-15,2566.4,Confirmed
B001941,C002853,T000030,2025-11-30,4978.78,Cancelled
B001942,C002467,T000019,2026-05-15,4771.3,Confirmed
B001943,C000988,T000031,2025-10-16,3193.19,Cancelled
B001944,C001547,T000031,2025-09-09,1120.88,Confirmed
B001945,C000650,T000009,2025-12-10,1663.68,Confirmed
B001946,C000969,T000013,2025-12-30,2136.93,Confirmed
B001947,C002638,T000014,2026-07-28,4429.45,Confirmed
B001948,C001101,T000046,2026-08-12,1267.85,Cancelled
B001949,C000441,T000010,2026-04-07,1488.86,Confirmed
B001950,C000770,T000048,2026-08-04,2072.23,Pending
B001951,C001344,T000031,2025-09-29,4671.1,Cancelled
B001952,C004359,T000037,2026-01-12,2767.15,Confirmed
B001953,C003730,T000023,2026-09-24,3410.76,Pending
B001954,C003907,T000027,2026-06-09,2242.5,Confirmed
B001955,C001578,T000006,2026-04-18,1348.35,Confirmed
B001956,C004009,T000026,2026-01-07,1502.6,Confirmed
B001957,C003352,T000002,2026-10-06,4112.02,Confirmed
B001958,C004796,T000045,2025-12-16,4520.67,Pending
B001959,C002350,T000013,2025-11-19,2718.84,Pending
B001960,C003603,T000050,2026-06-26,2106.48,Pending
B001961,C001242,T000019,2026-06-25,4135.26,Pending
B001962,C001126,T000001,2025-11-29,3528.93,Confirmed
B001963,C002602,T000040,2026-08-11,683.93,Confirmed
B001964,C001191,T000032,2026-03-16,2078.33,Confirmed
B001965,C004132,T000022,2026-01-20,3569.78,Cancelled
B001966,C004840,T000048,2026-04-08,3081.56,Confirmed
B001967,C004449,T000029,2026-07-30,4901.3,Cancelled
B001968,C000073,T000002,2026-06-18,4397.52,Pending
B001969,C001915,T000040,2026-07-31,768.82,Confirmed
B001970,C002473,T000038,2026-10-24,3765.96,Confirmed
B001971,C003047,T000048,2026-05-25,2013.47,Confirmed
B001972,C000708,T000011,2026-09-15,3569.37,Cancelled
B001973,C001805,T000017,2025-12-25,3277.51,Cancelled
B001974,C003714,T000043,2026-10-02,2763.73,Confirmed
B001975,C002565,T000008,2026-01-14,4338.27,Cancelled
B001976,C002476,T000022,2026-03-19,3689.1,Confirmed
B001977,C003611,T000004,2025-12-21,4503.0,Confirmed
B001978,C004256,T000011,2026-09-22,1767.22,Confirmed
B001979,C002824,T000008,2026-02-27,2066.57,Confirmed
B001980,C001736,T000009,2025-12-24,3298.78,Confirmed
B001981,C001586,T000026,2025-12-11,4849.09,Cancelled
B001982,C000067,T000002,2026-11-18,2172.12,Pending
B001983,C003062,T000016,2025-11-17,645.32,Confirmed
B001984,C002429,T000031,2025-10-27,2506.5,Pending
B001985,C004154,T000006,2026-05-15,2947.68,Confirmed
B001986,C000342,T000021,2026-09-19,4104.44,Pending
B001987,C002775,T000026,2025-12-11,3778.7,Confirmed
B001988,C002818,T000019,2026-04-10,4840.98,Confirmed
B001989,C002662,T000028,2026-04-12,4022.07,Confirmed
B001990,C001233,T000008,2025-11-09,1843.83,Cancelled
B001991,C003875,T000014,2026-07-27,3386.21,Confirmed
B001992,C002402,T000024,2026-05-20,3525.09,Confirmed
B001993,C001495,T000048,2026-07-08,4991.09,Confirmed
B001994,C004212,T000044,2025-12-26,1124.32,Confirmed
B001995,C000662,T000037,2025-08-27,1360.96,Confirmed
B001996,C003884,T000026,2025-08-10,1199.81,Confirmed
B001997,C003620,T000031,2026-01-25,3150.77,Confirmed
B001998,C001869,T000032,2026-01-28,1108.85,Confirmed
B001999,C002335,T000050,2026-06-02,3452.03,Confirmed
B002000,C003375,T000041,2026-06-14,4116.98,Confirmed
B002001,C001017,T000002,2026-08-11,2447.57,Confirmed
B002002,C004407,T000025,2026-08-08,3023.08,Confirmed
B002003,C000208,T000044,2026-04-08,4607.25,Confirmed
B002004,C002666,T000002,2026-10-23,3063.05,Confirmed
B002005,C002494,T000042,2026-04-01,1438.72,Confirmed
B002006,C000633,T000001,2026-04-05,2044.37,Confirmed
B002007,C002103,T000036,2026-03-04,2884.31,Confirmed
B002008,C002960,T000012,2025-12-19,1197.04,Confirmed
B002009,C003084,T000009,2026-02-13,3256.34,Confirmed
B002010,C004753,T000036,2026-04-27,4996.61,Confirmed
B002011,C001932,T000041,2026-06-28,3436.41,Confirmed
B002012,C003720,T000028,2026-03-24,2175.85,Confirmed
B002013,C002563,T000038,2026-09-25,1992.86,Confirmed
B002014,C001680,T000033,2026-03-31,4692.21,Confirmed
B002015,C000237,T000042,2025-12-13,4421.81,Pending
B002016,C004444,T000046,2026-09-02,2625.61,Confirmed
B002017,C004726,T000022,2026-03-02,2090.37,Confirmed
B002018,C001541,T000025,2026-06-15,3697.09,Confirmed
B002019,C003944,T000018,2026-06-21,1915.26,Confirmed
B002020,C000364,T000006,2026-05-13,1037.31,Confirmed
B002021,C002369,T000018,2026-07-29,1895.68,Confirmed
B002022,C000286,T000016,2026-01-01,2454.33,Confirmed
B002023,C000149,T000015,2026-04-02,1649.35,Cancelled
B002024,C004038,T000048,2026-05-14,1475.66,Confirmed
B002025,C004552,T000008,2025-11-07,527.63,Confirmed
B002026,C001767,T000013,2026-01-16,3338.79,Confirmed
B002027,C004896,T000043,2026-08-11,3265.02,Confirmed
B002028,C001013,T000007,2025-12-26,1346.11,Confirmed
B002029,C002832,T000017,2026-02-22,4746.43,Confirmed
B002030,C002508,T000050,2026-07-30,2343.07,Confirmed
B002031,C001524,T000032,2025-12-22,614.66,Confirmed
B002032,C002786,T000022,2026-05-10,1488.97,Confirmed
B002033,C002557,T000013,2026-04-02,3614.3,Confirmed
B002034,C003726,T000047,2026-02-25,1407.29,Cancelled
B002035,C004577,T000023,2026-04-08,742.61,Pending
B002036,C001602,T000029,2026-06-20,3279.68,Pending
B002037,C002409,T000022,2026-03-15,2832.6,Confirmed
B002038,C000341,T000001,2026-03-14,3925.7,Confirmed
B002039,C002818,T000029,2026-07-01,3976.84,Confirmed
B002040,C002497,T000048,2026-06-08,4819.71,Confirmed
B002041,C004931,T000005,2025-12-29,756.58,Confirmed
B002042,C001726,T000035,2026-03-11,675.45,Confirmed
B002043,C001690,T000010,2026-05-05,4942.39,Confirmed
B002044,C003268,T000019,2026-07-22,3401.82,Confirmed
B002045,C004407,T000037,2026-01-13,3719.17,Confirmed
B002046,C000262,T000007,2025-11-15,934.17,Confirmed
B002047,C001443,T000046,2026-06-02,814.16,Confirmed
B002048,C000406,T000035,2026-02-24,1221.14,Confirmed
B002049,C002191,T000045,2025-10-05,2422.38,Confirmed
B002050,C004438,T000013,2026-02-28,995.79,Confirmed
B002051,C000244,T000010,2026-06-07,2508.5,Confirmed
B002052,C004586,T000002,2026-10-25,3026.91,Cancelled
B002053,C004108,T000006,2026-04-16,501.5,Confirmed
B002054,C000561,T000008,2025-12-15,1014.11,Confirmed
B002055,C004138,T000036,2026-04-14,2188.38,Confirmed
B002056,C002726,T000025,2026-10-21,739.98,Pending
B002057,C000594,T000044,2026-02-05,1100.88,Confirmed
B002058,C001827,T000047,2026-01-30,1543.08,Confirmed
B002059,C003230,T000040,2026-08-02,2433.21,Confirmed
B002060,C003288,T000007,2025-11-11,3716.77,Pending
B002061,C004074,T000046,2026-07-04,1097.1,Confirmed
B002062,C000134,T000023,2026-09-15,3820.81,Confirmed
B002063,C003139,T000019,2026-04-20,4347.77,Confirmed
B002064,C003920,T000046,2026-08-11,3431.65,Confirmed
B002065,C000073,T000022,2026-02-17,696.77,Confirmed
B002066,C004495,T000013,2025-10-18,2482.94,Confirmed
B002067,C004226,T000021,2026-05-17,3470.3,Cancelled
B002068,C002979,T000001,2025-12-29,4903.31,Confirmed
B002069,C004362,T000019,2026-07-16,4783.14,Confirmed
B002070,C001986,T000033,2026-04-29,2280.66,Confirmed
B002071,C000793,T000004,2026-01-30,3271.69,Confirmed
B002072,C004260,T000042,2025-11-16,4508.67,Confirmed
B002073,C000095,T000003,2026-06-15,4239.71,Confirmed
B002074,C001134,T000027,2026-06-30,2657.4,Confirmed
B002075,C004918,T000041,2026-08-23,1675.59,Confirmed
B002076,C000238,T000035,2026-04-21,1116.95,Pending
B002077,C002947,T000028,2026-07-02,2695.91,Cancelled
B002078,C002531,T000006,2026-04-12,3752.81,Confirmed
B002079,C001961,T000006,2026-02-26,4863.96,Confirmed
B002080,C001049,T000044,2026-03-18,4378.17,Pending
B002081,C002530,T000023,2026-05-05,1419.08,Confirmed
B002082,C002965,T000033,2026-02-05,3739.0,Confirmed
B002083,C000964,T000016,2025-12-04,1800.96,Confirmed
B002084,C000537,T000024,2026-05-12,3575.63,Confirmed
B002085,C004224,T000005,2025-10-18,3496.12,Pending
B002086,C003680,T000041,2026-06-12,1725.94,Cancelled
B002087,C004188,T000042,2026-04-14,1554.75,Confirmed
B002088,C003725,T000013,2026-01-30,967.72,Confirmed
B002089,C000543,T000047,2026-03-30,727.43,Confirmed
B002090,C000846,T000012,2025-10-12,4363.03,Confirmed
B002091,C003604,T000005,2025-10-28,724.32,Confirmed
B002092,C003037,T000037,2025-12-07,899.34,Pending
B002093,C002495,T000031,2025-09-16,1574.83,Confirmed
B002094,C004486,T000028,2026-06-11,4494.46,Confirmed
B002095,C002720,T000028,2026-03-24,1998.23,Confirmed
B002096,C001885,T000030,2025-10-07,1363.1,Pending
B002097,C004139,T000018,2026-07-15,3720.0,Confirmed
B002098,C004350,T000044,2026-01-20,1935.81,Confirmed
B002099,C003202,T000027,2026-06-24,2000.15,Confirmed
B002100,C002711,T000035,2026-03-22,3825.39,Confirmed
B002101,C001954,T000026,2025-08-28,1632.44,Confirmed
B002102,C004738,T000039,2025-12-15,4535.42,Pending
B002103,C003851,T000049,2025-11-10,3026.4,Confirmed
B002104,C000690,T000018,2026-07-10,2920.24,Confirmed
B002105,C001951,T000033,2026-01-27,1691.39,Cancelled
B002106,C000457,T000025,2026-08-17,4257.92,Cancelled
B002107,C002131,T000031,2025-10-19,3077.37,Confirmed
B002108,C003977,T000037,2025-10-16,1199.82,Confirmed
B002109,C004245,T000002,2026-09-13,1428.34,Pending
B002110,C001180,T000033,2026-05-14,2607.15,Confirmed
B002111,C004286,T000039,2025-11-22,4008.39,Confirmed
B002112,C003566,T000043,2026-08-21,4726.83,Confirmed
B002113,C000883,T000043,2026-05-09,3485.74,Confirmed
B002114,C000400,T000032,2026-03-04,2777.64,Confirmed
B002115,C000609,T000018,2026-10-13,1628.29,Confirmed
B002116,C001639,T000017,2026-04-16,3527.91,Confirmed
B002117,C002149,T000034,2026-05-07,4920.08,Confirmed
B002118,C001383,T000039,2025-12-26,2643.0,Pending
B002119,C001404,T000007,2025-09-03,1229.64,Cancelled
B002120,C000820,T000042,2025-12-22,965.03,Cancelled
B002121,C003293,T000035,2026-05-12,1711.65,Confirmed
B002122,C000820,T000030,2026-01-28,3062.49,Confirmed
B002123,C000420,T000012,2026-01-14,4760.62,Cancelled
B002124,C004220,T000035,2026-03-13,1846.24,Cancelled
B002125,C004518,T000011,2026-08-09,1874.26,Cancelled
B002126,C003303,T000044,2026-05-02,2665.31,Confirmed
B002127,C001509,T000004,2026-02-19,4633.44,Confirmed
B002128,C000768,T000025,2026-09-07,2385.75,Confirmed
B002129,C002045,T000048,2026-06-08,1504.53,Confirmed
B002130,C002140,T000032,2026-02-22,1234.09,Confirmed
B002131,C003030,T000020,2026-07-03,2556.57,Confirmed
B002132,C001550,T000050,2026-10-06,4103.05,Confirmed
B002133,C001765,T000031,2025-11-22,1811.09,Cancelled
B002134,C002646,T000004,2025-12-26,2806.35,Confirmed
B002135,C003717,T000038,2026-12-11,3213.54,Confirmed
B002136,C004606,T000047,2026-01-15,2527.12,Confirmed
B002137,C004482,T000001,2025-12-09,1362.61,Pending
B002138,C002294,T000003,2026-05-04,4647.86,Confirmed
B002139,C004838,T000037,2025-10-22,3044.52,Cancelled
B002140,C002709,T000022,2026-02-03,3781.1,Confirmed
B002141,C000901,T000017,2026-03-28,3362.19,Confirmed
B002142,C003085,T000014,2026-08-16,4991.22,Confirmed
B002143,C002010,T000041,2026-06-06,2553.4,Pending
B002144,C000242,T000035,2026-05-10,2412.38,Confirmed
B002145,C002386,T000013,2025-11-22,2120.63,Confirmed
B002146,C004269,T000035,2026-01-21,2127.33,Confirmed
B002147,C000672,T000043,2026-10-09,1740.97,Confirmed
B002148,C000164,T000002,2026-09-23,4912.84,Pending
B002149,C000465,T000047,2026-04-02,4418.52,Confirmed
B002150,C003043,T000013,2026-02-19,1925.03,Confirmed
B002151,C004593,T000016,2026-03-28,1873.53,Confirmed
B002152,C004796,T000018,2026-08-29,965.9,Confirmed
B002153,C002443,T000007,2025-12-24,4446.64,Confirmed
B002154,C004799,T000045,2025-11-03,2172.95,Confirmed
B002155,C002356,T000036,2026-01-01,3076.77,Confirmed
B002156,C004279,T000041,2026-06-09,4551.7,Confirmed
B002157,C004725,T000030,2025-10-10,2336.45,Cancelled
B002158,C002558,T000042,2026-04-30,4130.91,Confirmed
B002159,C000546,T000041,2026-09-17,2436.29,Confirmed
B002160,C004720,T000007,2025-10-21,3654.23,Confirmed
B002161,C003836,T000015,2026-05-23,2440.33,Confirmed
B002162,C000594,T000040,2026-07-19,2267.42,Confirmed
B002163,C004840,T000019,2026-04-20,4958.19,Confirmed
B002164,C003805,T000043,2026-06-08,3255.57,Cancelled
B002165,C001460,T000037,2025-12-03,2153.26,Pending
B002166,C003494,T000002,2026-11-01,1660.19,Cancelled
B002167,C002602,T000042,2025-11-14,678.95,Confirmed
B002168,C002445,T000048,2026-05-23,3679.55,Confirmed
B002169,C002673,T000013,2026-01-24,2174.71,Pending
B002170,C004201,T000040,2026-06-22,4195.64,Confirmed
B002171,C000017,T000041,2026-10-16,2137.41,Confirmed
B002172,C003192,T000043,2026-10-12,2179.98,Confirmed
B002173,C000393,T000043,2026-10-13,4006.31,Confirmed
B002174,C000425,T000031,2025-10-14,2702.6,Confirmed
B002175,C000572,T000016,2026-03-29,4482.03,Cancelled
B002176,C003632,T000042,2025-12-31,3155.61,Confirmed
B002177,C001121,T000044,2026-01-16,1582.9,Confirmed
B002178,C000242,T000006,2026-01-17,3057.22,Confirmed
B002179,C003898,T000028,2026-08-17,518.01,Confirmed
B002180,C004096,T000032,2026-04-03,1905.79,Confirmed
B002181,C002280,T000044,2026-01-26,1435.79,Confirmed
B002182,C000789,T000010,2026-07-09,3443.85,Confirmed
B002183,C000715,T000050,2026-09-15,1112.17,Confirmed
B002184,C004855,T000018,2026-07-04,1805.44,Confirmed
B002185,C002850,T000004,2025-11-04,1990.89,Confirmed
B002186,C000776,T000009,2026-01-09,514.82,Confirmed
B002187,C004027,T000007,2025-11-21,710.45,Confirmed
B002188,C002248,T000050,2026-10-23,1900.07,Confirmed
B002189,C000079,T000008,2026-03-25,1500.6,Confirmed
B002190,C003927,T000043,2026-08-05,1026.08,Confirmed
B002191,C000856,T000007,2025-10-17,1193.73,Confirmed
B002192,C002149,T000041,2026-10-14,4259.92,Confirmed
B002193,C001032,T000040,2026-05-29,3574.94,Cancelled
B002194,C004941,T000003,2026-05-08,2678.53,Confirmed
B002195,C003272,T000017,2026-04-13,4589.94,Confirmed
B002196,C003577,T000002,2026-10-22,632.99,Pending
B002197,C004183,T000015,2026-05-14,2052.21,Confirmed
B002198,C003457,T000046,2026-07-04,4205.23,Confirmed
B002199,C003507,T000029,2026-11-29,3327.3,Confirmed
B002200,C000408,T000050,2026-05-28,4917.59,Confirmed
B002201,C002712,T000048,2026-08-15,4750.32,Confirmed
B002202,C003089,T000022,2026-06-29,1264.74,Confirmed
B002203,C001669,T000004,2025-12-02,4873.94,Confirmed
B002204,C000148,T000006,2026-06-17,4754.91,Confirmed
B002205,C004328,T000038,2026-08-01,2181.25,Confirmed
B002206,C003898,T000026,2025-12-31,4922.96,Confirmed
B002207,C001951,T000011,2026-06-18,661.3,Confirmed
B002208,C000366,T000026,2025-10-23,3473.38,Confirmed
B002209,C001675,T000017,2026-05-14,1697.67,Confirmed
B002210,C004532,T000024,2026-01-17,1082.58,Confirmed
B002211,C004495,T000028,2026-04-02,3098.91,Confirmed
B002212,C002547,T000035,2026-01-28,1878.58,Confirmed
B002213,C000563,T000031,2025-09-23,3500.71,Confirmed
B002214,C003563,T000013,2026-03-16,2929.91,Confirmed
B002215,C002490,T000035,2026-04-26,2266.65,Confirmed
B002216,C000773,T000016,2026-03-24,1318.2,Cancelled
B002217,C002038,T000015,2026-01-06,3205.63,Pending
B002218,C003424,T000043,2026-06-04,4231.54,Cancelled
B002219,C002568,T000018,2026-06-01,3200.02,Confirmed
B002220,C001574,T000047,2026-03-18,3247.35,Pending
B002221,C003695,T000037,2025-10-03,2803.27,Confirmed
B002222,C003292,T000048,2026-08-03,2247.08,Confirmed
B002223,C001247,T000048,2026-06-19,2558.56,Pending
B002224,C003720,T000049,2026-02-10,4952.94,Cancelled
B002225,C003840,T000041,2026-10-11,3873.51,Confirmed
B002226,C000360,T000027,2026-08-26,2437.52,Cancelled
B002227,C002377,T000035,2026-01-14,2557.83,Confirmed
B002228,C003010,T000045,2025-12-12,2748.34,Confirmed
B002229,C002994,T000035,2026-01-16,3466.91,Confirmed
B002230,C000963,T000028,2026-05-22,2596.81,Pending
B002231,C003633,T000039,2025-09-26,3587.81,Confirmed
B002232,C001828,T000038,2026-07-20,1981.35,Cancelled
B002233,C001614,T000009,2026-03-07,2347.88,Confirmed
B002234,C001641,T000012,2026-01-06,4388.24,Cancelled
B002235,C002217,T000015,2026-04-10,1980.08,Confirmed
B002236,C004313,T000021,2026-08-30,4839.97,Confirmed
B002237,C000378,T000035,2026-02-27,1276.27,Cancelled
B002238,C004215,T000042,2026-04-18,1587.56,Confirmed
B002239,C004286,T000033,2026-04-26,2586.56,Confirmed
B002240,C000370,T000019,2026-05-28,4088.34,Confirmed
B002241,C002197,T000023,2026-09-23,3792.09,Confirmed
B002242,C003748,T000013,2025-12-02,1285.1,Confirmed
B002243,C000652,T000044,2026-01-04,1565.08,Confirmed
B002244,C000770,T000001,2025-12-16,3088.68,Confirmed
B002245,C002422,T000029,2026-11-19,1828.24,Cancelled
B002246,C000781,T000024,2026-03-15,2400.46,Pending
B002247,C001717,T000016,2026-02-03,2689.67,Confirmed
B002248,C003984,T000025,2026-06-22,3174.11,Confirmed
B002249,C001312,T000023,2026-05-15,1629.73,Cancelled
B002250,C003360,T000028,2026-06-07,1234.13,Confirmed
B002251,C000523,T000047,2026-03-06,2293.54,Cancelled
B002252,C000522,T000016,2026-01-14,869.12,Confirmed
B002253,C004879,T000043,2026-08-07,2870.44,Confirmed
B002254,C002321,T000038,2026-11-16,4278.22,Confirmed
B002255,C000936,T000011,2026-09-28,1035.39,Confirmed
B002256,C002231,T000003,2026-07-08,1007.29,Cancelled
B002257,C004041,T000015,2026-05-11,860.98,Confirmed
B002258,C004584,T000001,2025-12-12,4315.38,Confirmed
B002259,C004942,T000007,2026-01-06,863.17,Confirmed
B002260,C003698,T000001,2026-03-30,4925.58,Confirmed
B002261,C002838,T000049,2025-12-04,2112.49,Confirmed
B002262,C004084,T000032,2026-01-17,1979.43,Confirmed
B002263,C002462,T000009,2026-03-06,912.34,Confirmed
B002264,C003244,T000029,2026-11-04,3135.39,Confirmed
B002265,C003360,T000026,2025-10-06,3136.47,Confirmed
B002266,C000686,T000023,2026-09-25,2722.13,Confirmed
B002267,C002161,T000045,2025-10-08,1899.59,Confirmed
B002268,C003989,T000043,2026-08-06,2158.61,Cancelled
B002269,C004067,T000029,2026-10-23,1942.27,Confirmed
B002270,C001568,T000038,2026-11-25,2417.66,Confirmed
B002271,C000039,T000033,2026-06-21,2038.05,Confirmed
B002272,C002545,T000007,2025-08-28,3539.83,Confirmed
B002273,C004876,T000012,2026-02-05,1831.04,Pending
B002274,C001257,T000031,2026-01-23,2078.77,Confirmed
B002275,C002991,T000032,2026-03-11,2459.57,Cancelled
B002276,C002197,T000020,2026-11-02,517.83,Confirmed
B002277,C003469,T000017,2026-04-07,2714.37,Confirmed
B002278,C002709,T000036,2026-03-22,1651.19,Pending
B002279,C000302,T000003,2026-07-21,752.68,Confirmed
B002280,C000647,T000001,2025-11-04,4599.6,Confirmed
B002281,C004759,T000050,2026-06-28,1950.88,Confirmed
B002282,C001760,T000027,2026-08-12,2417.38,Pending
B002283,C004352,T000047,2026-03-28,4223.04,Confirmed
B002284,C000598,T000040,2026-07-07,1250.55,Confirmed
B002285,C000662,T000033,2026-01-18,4326.39,Confirmed
B002286,C004331,T000020,2026-08-02,1587.37,Pending
B002287,C001369,T000014,2026-12-07,3150.67,Confirmed
B002288,C002582,T000036,2026-02-12,3585.55,Cancelled
B002289,C003869,T000005,2026-02-06,4572.56,Cancelled
B002290,C003538,T000023,2026-04-15,3234.37,Confirmed
B002291,C004866,T000045,2025-09-16,2539.54,Confirmed
B002292,C004309,T000015,2026-02-25,3075.21,Confirmed
B002293,C004559,T000006,2026-02-19,1409.37,Confirmed
B002294,C000283,T000033,2026-02-03,3600.83,Confirmed
B002295,C003679,T000019,2026-06-23,1340.96,Confirmed
B002296,C001487,T000013,2025-12-16,3007.61,Confirmed
B002297,C004083,T000029,2026-11-21,3414.22,Pending
B002298,C004184,T000006,2026-02-16,4543.62,Confirmed
B002299,C000461,T000015,2026-04-08,2525.85,Cancelled
B002300,C002326,T000016,2025-12-15,3989.0,Confirmed
B002301,C003755,T000024,2026-05-11,1253.89,Confirmed
B002302,C002469,T000023,2026-07-11,1202.88,Confirmed
B002303,C001725,T000048,2026-04-16,2861.59,Confirmed
B002304,C001377,T000010,2026-06-07,3183.53,Confirmed
B002305,C002744,T000041,2026-11-07,3345.53,Confirmed
B002306,C000515,T000041,2026-07-05,3855.53,Confirmed
B002307,C000703,T000049,2025-11-25,1827.19,Cancelled
B002308,C001654,T000017,2026-03-27,3301.73,Confirmed
B002309,C002067,T000049,2025-11-19,1346.63,Pending
B002310,C000023,T000044,2026-01-16,1485.49,Cancelled
B002311,C002461,T000045,2025-11-21,802.89,Confirmed
B002312,C001305,T000030,2025-10-16,3861.5,Confirmed
B002313,C003301,T000044,2026-01-09,2781.47,Confirmed
B002314,C000362,T000046,2026-08-31,1571.84,Confirmed
B002315,C003728,T000010,2026-06-16,3003.07,Confirmed
B002316,C001285,T000019,2026-08-19,2094.08,Pending
B002317,C000515,T000029,2026-11-25,4267.44,Confirmed
B002318,C000449,T000002,2026-10-13,2876.67,Cancelled
B002319,C001856,T000036,2026-01-16,634.15,Confirmed
B002320,C004970,T000019,2026-07-15,4932.93,Confirmed
B002321,C003563,T000007,2025-12-08,834.34,Cancelled
B002322,C002521,T000026,2025-10-22,3631.81,Confirmed
B002323,C003082,T000015,2026-02-02,2467.65,Cancelled
B002324,C001429,T000047,2026-02-18,1621.93,Confirmed
B002325,C003968,T000038,2026-10-31,3544.06,Cancelled
B002326,C000923,T000003,2026-08-07,1066.54,Cancelled
B002327,C003138,T000038,2026-12-20,4362.11,Confirmed
B002328,C002160,T000016,2025-11-15,1627.75,Cancelled
B002329,C002548,T000002,2026-10-08,2126.54,Confirmed
B002330,C002980,T000031,2025-10-21,3346.9,Confirmed
B002331,C002282,T000028,2026-04-12,504.63,Confirmed
B002332,C002650,T000007,2025-09-25,2627.37,Confirmed
B002333,C000314,T000030,2025-11-19,4524.12,Confirmed
B002334,C002614,T000043,2026-10-24,3561.87,Cancelled
B002335,C003084,T000007,2025-11-11,2245.55,Confirmed
B002336,C002257,T000036,2026-04-17,3471.91,Pending
B002337,C001038,T000029,2026-09-06,4714.56,Pending
B002338,C003490,T000024,2026-02-04,1345.12,Confirmed
B002339,C002635,T000039,2025-10-11,2893.14,Pending
B002340,C003984,T000004,2025-11-25,1556.32,Cancelled
B002341,C001779,T000029,2026-10-21,4344.01,Confirmed
B002342,C003896,T000044,2025-12-14,3744.73,Confirmed
B002343,C001125,T000005,2025-11-15,4104.84,Confirmed
B002344,C000698,T000029,2026-10-24,4743.55,Confirmed
B002345,C002180,T000030,2026-01-02,1545.39,Confirmed
B002346,C001405,T000029,2026-09-07,719.24,Confirmed
B002347,C001044,T000026,2025-12-05,1809.07,Confirmed
B002348,C001930,T000019,2026-08-05,2296.13,Pending
B002349,C001014,T000026,2025-08-03,3313.22,Confirmed
B002350,C000227,T000037,2025-12-09,4089.67,Confirmed
B002351,C001829,T000027,2026-07-25,2074.11,Confirmed
B002352,C004918,T000030,2025-11-05,2630.74,Confirmed
B002353,C002024,T000030,2025-12-24,4034.6,Confirmed
B002354,C004967,T000003,2026-06-10,1513.98,Confirmed
B002355,C002453,T000043,2026-08-03,1477.09,Pending
B002356,C002086,T000007,2025-10-28,3151.55,Confirmed
B002357,C004284,T000049,2026-02-07,2462.26,Confirmed
B002358,C001081,T000009,2025-11-30,4770.04,Confirmed
B002359,C002321,T000041,2026-07-27,2106.64,Pending
B002360,C003191,T000042,2025-12-11,3918.0,Confirmed
B002361,C002631,T000013,2025-12-03,3123.92,Confirmed
B002362,C002564,T000015,2026-03-10,745.59,Cancelled
B002363,C003293,T000005,2026-01-10,879.73,Confirmed
B002364,C004622,T000029,2026-08-15,1414.2,Confirmed
B002365,C003587,T000035,2026-04-01,1144.19,Confirmed
B002366,C004432,T000027,2026-07-25,1982.17,Confirmed
B002367,C002948,T000027,2026-03-18,3105.45,Confirmed
B002368,C003960,T000008,2026-04-01,3210.63,Confirmed
B002369,C002814,T000032,2026-03-07,3144.96,Cancelled
B002370,C002584,T000020,2026-09-22,1029.24,Confirmed
B002371,C000162,T000010,2026-02-10,3201.01,Confirmed
B002372,C000594,T000013,2026-02-22,2343.86,Pending
B002373,C003260,T000029,2026-11-26,4563.74,Pending
B002374,C004156,T000035,2026-06-25,4603.93,Pending
B002375,C002963,T000008,2025-10-17,3956.78,Confirmed
B002376,C003889,T000029,2026-08-23,3663.98,Confirmed
B002377,C003391,T000031,2026-02-09,1017.29,Cancelled
B002378,C004502,T000041,2026-10-22,881.12,Confirmed
B002379,C000664,T000030,2025-11-06,4283.75,Confirmed
B002380,C001133,T000022,2026-03-31,2421.57,Confirmed
B002381,C000542,T000021,2026-08-27,2531.13,Confirmed
B002382,C002975,T000012,2025-12-13,4315.07,Confirmed
B002383,C000868,T000011,2026-08-31,3296.44,Cancelled
B002384,C002067,T000002,2026-07-04,1307.33,Confirmed
B002385,C000432,T000050,2026-09-01,1449.56,Confirmed
B002386,C004836,T000041,2026-08-11,528.7,Confirmed
B002387,C004279,T000002,2026-10-11,3698.02,Confirmed
B002388,C001207,T000034,2026-07-31,2685.25,Pending
B002389,C002529,T000003,2026-08-01,4774.84,Pending
B002390,C001170,T000016,2026-02-13,3713.06,Confirmed
B002391,C000831,T000004,2025-11-03,964.19,Pending
B002392,C001652,T000023,2026-09-13,1226.94,Confirmed
B002393,C001137,T000050,2026-07-08,2757.76,Confirmed
B002394,C002811,T000020,2026-07-09,4661.93,Confirmed
B002395,C000476,T000025,2026-10-30,1612.63,Pending
B002396,C002811,T000030,2025-09-30,4215.11,Confirmed
B002397,C001327,T000018,2026-10-12,1905.23,Confirmed
B002398,C001020,T000042,2026-03-10,1714.54,Confirmed
B002399,C001837,T000011,2026-09-07,4556.27,Confirmed
B002400,C004257,T000029,2026-08-31,712.59,Confirmed
B002401,C002449,T000017,2026-01-30,3473.33,Confirmed
B002402,C004294,T000026,2025-10-07,694.25,Cancelled
B002403,C001284,T000023,2026-04-08,4103.44,Confirmed
B002404,C000660,T000048,2026-08-28,4232.32,Confirmed
B002405,C002011,T000020,2026-10-15,4520.1,Cancelled
B002406,C000399,T000045,2026-01-13,1337.41,Confirmed
B002407,C001734,T000002,2026-10-02,1060.24,Cancelled
B002408,C002126,T000024,2026-01-27,2765.91,Pending
B002409,C002172,T000031,2025-12-07,1722.35,Pending
B002410,C000075,T000027,2026-08-11,3228.34,Confirmed
B002411,C004698,T000002,2026-08-19,2811.86,Confirmed
B002412,C003472,T000014,2026-06-30,1151.83,Confirmed
B002413,C000837,T000004,2025-12-13,3826.72,Confirmed
B002414,C000500,T000049,2026-02-16,4117.03,Pending
B002415,C000138,T000013,2026-04-02,4833.69,Confirmed
B002416,C002098,T000036,2026-02-11,2279.92,Confirmed
B002417,C003697,T000035,2026-03-20,2019.81,Cancelled
B002418,C001886,T000044,2026-04-21,1365.18,Confirmed
B002419,C002758,T000008,2026-03-30,1313.89,Confirmed
B002420,C003921,T000002,2026-11-24,1944.74,Pending
B002421,C001901,T000006,2026-02-07,4918.18,Confirmed
B002422,C002611,T000031,2026-01-30,915.16,Confirmed
B002423,C003987,T000010,2026-04-26,1667.15,Confirmed
B002424,C001450,T000044,2025-12-05,886.9,Cancelled
B002425,C000547,T000021,2026-05-03,1731.34,Confirmed
B002426,C004677,T000042,2026-03-17,915.81,Confirmed
B002427,C002004,T000010,2026-05-25,2787.39,Confirmed
B002428,C002097,T000023,2026-08-25,2472.6,Confirmed
B002429,C000704,T000003,2026-09-04,1283.23,Confirmed
B002430,C002404,T000032,2026-04-10,1286.64,Confirmed
B002431,C001626,T000020,2026-08-20,3317.49,Confirmed
B002432,C003332,T000010,2026-05-15,2242.05,Cancelled
B002433,C004734,T000029,2026-08-25,752.88,Cancelled
B002434,C002979,T000041,2026-05-22,4640.87,Confirmed
B002435,C004737,T000046,2026-11-02,2322.29,Cancelled
B002436,C002840,T000034,2026-05-04,3159.71,Confirmed
B002437,C003385,T000037,2025-12-24,4484.35,Cancelled
B002438,C002660,T000020,2026-06-17,2309.72,Cancelled
B002439,C001862,T000008,2026-02-02,4192.97,Confirmed
B002440,C002857,T000007,2025-12-12,4616.39,Confirmed
B002441,C000686,T000006,2026-03-29,1283.3,Confirmed
B002442,C004284,T000011,2026-08-26,4516.22,Confirmed
B002443,C001620,T000044,2026-01-27,1039.25,Confirmed
B002444,C004644,T000018,2026-05-22,1738.07,Confirmed
B002445,C001432,T000042,2025-12-16,4136.95,Cancelled
B002446,C000876,T000029,2026-09-20,4553.08,Cancelled
B002447,C004714,T000025,2026-10-16,3578.62,Confirmed
B002448,C002462,T000021,2026-05-31,971.72,Confirmed
B002449,C001366,T000046,2026-09-06,2853.47,Confirmed
B002450,C001244,T000003,2026-04-30,3076.85,Cancelled
B002451,C004999,T000018,2026-09-10,1768.37,Confirmed
B002452,C000163,T000024,2026-04-26,4960.83,Confirmed
B002453,C001975,T000047,2025-12-23,2010.33,Confirmed
B002454,C003292,T000038,2026-08-08,1446.15,Confirmed
B002455,C000270,T000010,2026-07-16,995.61,Pending
B002456,C000632,T000027,2026-06-17,2203.26,Confirmed
B002457,C000906,T000012,2026-03-08,3616.78,Pending
B002458,C003472,T000007,2025-12-18,1541.38,Confirmed
B002459,C003254,T000017,2026-01-12,3962.95,Cancelled
B002460,C002015,T000001,2026-03-02,1109.31,Confirmed
B002461,C001642,T000050,2026-07-10,2482.11,Confirmed
B002462,C000205,T000026,2025-11-12,3660.68,Confirmed
B002463,C000582,T000015,2026-02-17,1108.89,Confirmed
B002464,C000841,T000033,2026-05-15,3190.29,Confirmed
B002465,C001720,T000037,2025-11-25,4095.29,Confirmed
B002466,C002644,T000047,2026-05-02,3179.97,Pending
B002467,C002298,T000031,2026-01-15,2801.59,Confirmed
B002468,C000875,T000035,2026-05-20,4272.35,Confirmed
B002469,C000690,T000001,2025-12-31,4934.39,Pending
B002470,C004001,T000008,2025-12-04,1315.91,Confirmed
B002471,C003142,T000012,2026-02-25,3611.06,Confirmed
B002472,C001423,T000019,2026-03-29,862.96,Cancelled
B002473,C000672,T000025,2026-07-30,692.78,Pending
B002474,C001172,T000032,2026-06-12,1763.69,Confirmed
B002475,C003727,T000012,2026-01-29,4869.14,Cancelled
B002476,C000944,T000013,2026-03-29,2984.88,Confirmed
B002477,C001450,T000028,2026-07-12,1707.22,Confirmed
B002478,C003738,T000001,2026-04-05,1096.64,Confirmed
B002479,C002540,T000006,2026-03-01,4640.83,Confirmed
B002480,C003960,T000008,2026-01-28,2130.65,Confirmed
B002481,C004992,T000004,2025-10-24,1880.14,Confirmed
B002482,C004261,T000005,2026-02-22,4360.84,Confirmed
B002483,C002362,T000025,2026-08-27,3219.81,Confirmed
B002484,C003653,T000022,2026-04-30,1258.86,Confirmed
B002485,C003671,T000028,2026-06-20,2396.8,Cancelled
B002486,C001754,T000039,2025-12-12,4677.04,Confirmed
B002487,C002353,T000023,2026-07-31,4555.42,Cancelled
B002488,C001939,T000004,2025-12-15,815.49,Pending
B002489,C000371,T000004,2026-04-01,1708.76,Confirmed
B002490,C004949,T000047,2026-01-20,1195.43,Cancelled
B002491,C004480,T000021,2026-06-07,2902.15,Confirmed
B002492,C001932,T000037,2026-01-30,3874.92,Pending
B002493,C000425,T000041,2026-09-25,1829.94,Confirmed
B002494,C004725,T000002,2026-07-24,3910.98,Confirmed
B002495,C000895,T000007,2025-08-18,3509.22,Confirmed
B002496,C000598,T000049,2025-12-25,3777.0,Confirmed
B002497,C003063,T000016,2026-02-17,4767.1,Confirmed
B002498,C002337,T000017,2026-01-08,2410.75,Cancelled
B002499,C004689,T000020,2026-07-08,2041.56,Confirmed
B002500,C001688,T000023,2026-05-01,3577.31,Confirmed
B002501,C000573,T000034,2026-06-04,4134.01,Confirmed
B002502,C002091,T000011,2026-08-16,1361.5,Cancelled
B002503,C003670,T000034,2026-08-08,4310.6,Confirmed
B002504,C004273,T000033,2026-04-01,760.34,Cancelled
B002505,C004625,T000026,2025-08-01,528.77,Pending
B002506,C001634,T000002,2026-08-17,1212.92,Confirmed
B002507,C001518,T000023,2026-05-01,4904.0,Cancelled
B002508,C004294,T000041,2026-06-05,2856.04,Confirmed
B002509,C002658,T000022,2026-04-23,709.55,Cancelled
B002510,C003649,T000034,2026-04-02,4987.29,Confirmed
B002511,C004949,T000015,2026-04-21,3852.1,Pending
B002512,C003589,T000010,2026-06-16,4271.02,Confirmed
B002513,C001538,T000015,2026-01-13,1458.23,Confirmed
B002514,C003138,T000042,2026-04-08,974.52,Confirmed
B002515,C000098,T000029,2026-11-03,2817.88,Confirmed
B002516,C003216,T000023,2026-05-15,3974.79,Confirmed
B002517,C004531,T000017,2026-02-10,3370.01,Confirmed
B002518,C004733,T000009,2026-01-31,3339.77,Pending
B002519,C003751,T000050,2026-06-13,3906.93,Confirmed
B002520,C003158,T000036,2026-04-01,1521.59,Confirmed
B002521,C004684,T000009,2025-12-04,3476.84,Confirmed
B002522,C000344,T000016,2025-12-02,2264.5,Confirmed
B002523,C004667,T000036,2026-05-05,813.89,Cancelled
B002524,C000611,T000048,2026-08-24,1409.64,Confirmed
B002525,C001728,T000033,2026-06-03,4073.02,Confirmed
B002526,C002291,T000031,2025-09-08,4531.69,Confirmed
B002527,C001855,T000006,2026-01-23,1772.7,Confirmed
B002528,C002609,T000010,2026-05-12,1356.62,Cancelled
B002529,C002080,T000016,2026-04-17,620.26,Confirmed
B002530,C002325,T000004,2025-12-29,4764.64,Pending
B002531,C004628,T000022,2026-04-26,3577.35,Confirmed
B002532,C001178,T000013,2025-12-06,4806.64,Cancelled
B002533,C001092,T000016,2025-12-17,4387.32,Pending
B002534,C004980,T000029,2026-06-28,2032.1,Confirmed
B002535,C002792,T000006,2026-02-04,1007.07,Cancelled
B002536,C001750,T000026,2025-10-11,2745.76,Confirmed
B002537,C002676,T000011,2026-06-06,620.66,Confirmed
B002538,C000782,T000024,2026-01-19,1174.62,Confirmed
B002539,C003049,T000029,2026-10-31,1550.45,Confirmed
B002540,C002106,T000003,2026-07-15,3495.41,Confirmed
B002541,C003868,T000010,2026-03-24,2794.45,Confirmed
B002542,C004977,T000001,2025-12-29,1860.89,Cancelled
B002543,C004543,T000043,2026-08-11,3041.46,Pending
B002544,C002114,T000026,2025-08-20,1063.41,Confirmed
B002545,C003971,T000012,2025-12-02,3900.69,Confirmed
B002546,C001992,T000014,2026-07-21,3704.16,Cancelled
B002547,C001068,T000025,2026-10-18,1474.26,Cancelled
B002548,C001578,T000008,2025-11-12,3228.76,Confirmed
B002549,C001012,T000043,2026-06-10,2764.86,Confirmed
B002550,C002275,T000004,2025-11-18,773.67,Cancelled
B002551,C004870,T000028,2026-08-14,1751.69,Cancelled
B002552,C001815,T000007,2025-08-06,4997.67,Confirmed
B002553,C002427,T000010,2026-04-27,947.91,Pending
B002554,C004403,T000036,2025-12-26,2778.85,Confirmed
B002555,C004875,T000002,2026-09-25,4322.0,Pending
B002556,C002552,T000026,2025-08-10,1852.93,Confirmed
B002557,C003658,T000050,2026-06-06,1673.19,Confirmed
B002558,C000008,T000014,2026-09-08,4508.57,Confirmed
B002559,C002556,T000016,2026-04-11,1871.73,Cancelled
B002560,C000476,T000043,2026-08-24,3431.72,Confirmed
B002561,C002212,T000042,2026-01-08,3831.41,Cancelled
B002562,C000485,T000017,2025-12-22,4048.78,Confirmed
B002563,C004655,T000046,2026-06-16,4976.42,Cancelled
B002564,C002286,T000022,2026-01-22,4114.36,Confirmed
B002565,C004564,T000004,2026-01-19,3456.55,Confirmed
B002566,C003526,T000019,2026-09-03,4529.59,Confirmed
B002567,C003340,T000002,2026-10-04,4575.85,Confirmed
B002568,C002823,T000039,2025-12-13,4879.25,Cancelled
B002569,C004944,T000009,2026-02-13,3994.09,Confirmed
B002570,C002925,T000019,2026-06-06,1377.17,Confirmed
B002571,C000259,T000016,2026-03-18,3694.13,Confirmed
B002572,C000283,T000025,2026-08-26,838.08,Confirmed
B002573,C001899,T000048,2026-07-09,1930.83,Confirmed
B002574,C004136,T000018,2026-08-24,1021.13,Confirmed
B002575,C002977,T000023,2026-07-25,4774.74,Confirmed
B002576,C002268,T000021,2026-04-26,2024.39,Confirmed
B002577,C003201,T000011,2026-09-19,3709.47,Confirmed
B002578,C000613,T000039,2026-01-03,3070.93,Confirmed
B002579,C000688,T000041,2026-06-16,983.8,Confirmed
B002580,C003691,T000004,2026-01-28,3026.05,Cancelled
B002581,C000613,T000025,2026-08-25,3474.61,Pending
B002582,C002308,T000032,2026-02-23,4466.83,Confirmed
B002583,C003014,T000030,2025-12-11,815.39,Confirmed
B002584,C001782,T000045,2025-12-05,1830.35,Confirmed
B002585,C002592,T000026,2026-01-09,3615.53,Cancelled
B002586,C002697,T000036,2026-02-01,654.49,Confirmed
B002587,C003959,T000034,2026-09-18,1415.99,Cancelled
B002588,C000575,T000009,2026-01-27,1484.02,Confirmed
B002589,C001911,T000012,2025-11-09,3511.97,Confirmed
B002590,C003605,T000002,2026-09-18,1786.82,Confirmed
B002591,C000670,T000038,2026-12-03,3198.18,Confirmed
B002592,C004365,T000005,2025-10-15,4844.07,Confirmed
B002593,C001284,T000005,2025-10-30,4069.59,Confirmed
B002594,C000924,T000022,2026-03-22,1998.06,Cancelled
B002595,C001126,T000005,2025-11-23,2625.8,Pending
B002596,C001530,T000004,2026-02-02,1403.03,Confirmed
B002597,C001595,T000009,2025-11-17,570.74,Confirmed
B002598,C000247,T000029,2026-08-17,1803.72,Pending
B002599,C003712,T000022,2026-01-29,2162.34,Confirmed
B002600,C001561,T000027,2026-06-30,3039.65,Confirmed
B002601,C002401,T000010,2026-02-16,4748.3,Confirmed
B002602,C002244,T000016,2026-04-08,4765.33,Confirmed
B002603,C003865,T000042,2026-03-06,815.44,Pending
B002604,C001940,T000042,2026-01-07,3265.91,Confirmed
B002605,C003070,T000010,2026-02-11,690.59,Confirmed
B002606,C000227,T000006,2026-05-19,3416.36,Confirmed
B002607,C003548,T000049,2026-02-16,1029.66,Confirmed
B002608,C000265,T000005,2026-02-16,4758.81,Cancelled
B002609,C001396,T000006,2026-04-02,4389.52,Confirmed
B002610,C003558,T000047,2026-04-26,600.48,Confirmed
B002611,C000646,T000025,2026-06-08,4019.59,Pending
B002612,C002991,T000050,2026-06-08,3361.54,Confirmed
B002613,C001900,T000004,2025-11-07,2729.16,Confirmed
B002614,C002505,T000040,2026-05-20,3211.86,Confirmed
B002615,C002773,T000048,2026-09-06,3552.13,Confirmed
B002616,C001155,T000032,2026-05-03,4480.06,Confirmed
B002617,C000588,T000035,2026-06-07,3953.11,Confirmed
B002618,C004572,T000010,2026-06-30,3089.2,Confirmed
B002619,C001822,T000034,2026-07-20,4210.77,Confirmed
B002620,C000986,T000036,2026-04-11,4941.15,Confirmed
B002621,C004080,T000006,2026-04-13,1850.82,Confirmed
B002622,C003349,T000043,2026-09-07,1032.89,Confirmed
B002623,C003832,T000046,2026-08-09,3791.52,Pending
B002624,C001242,T000016,2026-04-25,4903.68,Cancelled
B002625,C000190,T000019,2026-03-26,1025.18,Confirmed
B002626,C000981,T000034,2026-06-14,2442.68,Pending
B002627,C001699,T000025,2026-07-05,780.2,Confirmed
B002628,C001716,T000031,2025-09-28,3994.39,Confirmed
B002629,C002594,T000049,2026-01-19,4769.19,Cancelled
B002630,C004137,T000041,2026-07-09,2745.47,Confirmed
B002631,C004434,T000017,2026-05-05,2342.85,Confirmed
B002632,C001099,T000047,2026-03-26,4584.74,Confirmed
B002633,C002327,T000030,2025-12-12,1100.25,Confirmed
B002634,C003248,T000039,2025-09-30,4512.13,Confirmed
B002635,C000896,T000031,2026-01-28,2264.57,Confirmed
B002636,C001675,T000019,2026-06-12,3017.33,Confirmed
B002637,C002910,T000035,2026-04-02,2877.31,Confirmed
B002638,C000931,T000029,2026-10-24,3271.91,Confirmed
B002639,C004385,T000001,2025-12-11,4739.55,Confirmed
B002640,C000724,T000004,2026-03-03,4780.07,Confirmed
B002641,C002941,T000028,2026-03-13,4240.17,Confirmed
B002642,C001090,T000018,2026-06-19,1361.95,Cancelled
B002643,C004579,T000026,2025-10-27,2000.82,Confirmed
B002644,C000936,T000040,2026-04-02,2695.21,Cancelled
B002645,C002296,T000019,2026-05-25,4574.57,Cancelled
B002646,C000156,T000006,2026-03-13,2843.89,Pending
B002647,C001071,T000001,2026-03-17,4898.46,Confirmed
B002648,C001959,T000008,2026-02-16,4927.29,Confirmed
B002649,C002502,T000033,2026-03-02,3193.63,Confirmed
B002650,C004220,T000043,2026-06-16,4448.73,Confirmed
B002651,C003831,T000021,2026-08-26,4996.5,Confirmed
B002652,C000855,T000024,2026-02-09,4323.72,Confirmed
B002653,C000640,T000025,2026-11-03,3456.1,Confirmed
B002654,C002239,T000047,2026-05-11,4303.1,Confirmed
B002655,C001603,T000043,2026-07-13,871.95,Confirmed
B002656,C000442,T000019,2026-03-28,3356.7,Pending
B002657,C004629,T000029,2026-10-18,1474.35,Pending
B002658,C001337,T000010,2026-05-02,1022.29,Confirmed
B002659,C003701,T000012,2025-11-14,4517.92,Confirmed
B002660,C000949,T000033,2026-06-12,3378.4,Pending
B002661,C003374,T000007,2025-11-30,1595.96,Confirmed
B002662,C000460,T000017,2026-01-14,2240.52,Confirmed
B002663,C004647,T000010,2026-06-02,4879.74,Confirmed
B002664,C000393,T000031,2025-09-30,4379.82,Confirmed
B002665,C003939,T000006,2026-04-01,570.12,Cancelled
B002666,C001788,T000017,2026-03-03,4909.1,Cancelled
B002667,C004941,T000050,2026-08-19,2158.38,Confirmed
B002668,C002258,T000037,2025-09-17,3629.38,Pending
B002669,C001139,T000018,2026-07-17,3707.04,Confirmed
B002670,C003809,T000026,2025-12-20,4602.58,Confirmed
B002671,C004742,T000049,2026-01-28,4482.77,Confirmed
B002672,C002455,T000016,2025-11-26,1767.78,Confirmed
B002673,C001467,T000008,2026-02-06,3395.91,Cancelled
B002674,C003675,T000024,2026-02-15,2271.67,Cancelled
B002675,C001378,T000013,2025-10-30,2864.95,Confirmed
B002676,C002598,T000029,2026-07-02,2996.05,Confirmed
B002677,C000142,T000032,2026-02-13,2283.55,Confirmed
B002678,C002660,T000024,2026-01-02,2587.52,Cancelled
B002679,C004597,T000016,2026-02-09,1437.54,Confirmed
B002680,C000840,T000011,2026-08-27,3234.41,Confirmed
B002681,C003619,T000032,2026-02-16,3915.32,Confirmed
B002682,C003918,T000006,2026-01-29,2433.84,Confirmed
B002683,C000596,T000035,2026-03-17,4899.56,Confirmed
B002684,C001905,T000033,2026-04-17,757.52,Pending
B002685,C000281,T000018,2026-07-03,3151.22,Confirmed
B002686,C000424,T000037,2025-09-22,3126.2,Confirmed
B002687,C004366,T000013,2026-03-28,663.33,Cancelled
B002688,C004250,T000010,2026-03-02,1510.57,Cancelled
B002689,C001751,T000037,2025-09-01,4574.94,Confirmed
B002690,C004758,T000026,2025-11-02,2950.31,Confirmed
B002691,C001968,T000046,2026-09-22,2463.74,Pending
B002692,C004089,T000017,2026-05-08,2369.73,Confirmed
B002693,C004179,T000001,2026-03-11,4496.72,Pending
B002694,C002947,T000025,2026-09-14,2151.64,Confirmed
B002695,C001450,T000034,2026-07-09,4366.25,Confirmed
B002696,C002332,T000039,2025-09-27,1891.37,Confirmed
B002697,C002221,T000010,2026-05-02,2891.77,Cancelled
B002698,C003790,T000020,2026-08-03,1147.19,Pending
B002699,C002811,T000007,2025-10-31,4212.64,Confirmed
B002700,C004729,T000016,2026-03-26,3811.89,Confirmed
B002701,C001532,T000037,2025-12-09,2885.42,Confirmed
B002702,C004883,T000029,2026-07-28,616.56,Cancelled
B002703,C002991,T000012,2025-12-11,2665.66,Cancelled
B002704,C004494,T000017,2025-12-23,1513.38,Cancelled
B002705,C001144,T000048,2026-06-24,2360.18,Confirmed
B002706,C000934,T000020,2026-08-16,4353.92,Confirmed
B002707,C001461,T000026,2025-10-26,3963.21,Confirmed
B002708,C002724,T000048,2026-07-09,1588.79,Confirmed
B002709,C002513,T000019,2026-09-07,4932.29,Confirmed
B002710,C000286,T000047,2026-04-06,4564.45,Pending
B002711,C000265,T000012,2026-03-03,2879.03,Confirmed
B002712,C002368,T000021,2026-09-11,2885.68,Confirmed
B002713,C003448,T000042,2026-03-25,4555.7,Cancelled
B002714,C004917,T000034,2026-04-06,3362.65,Cancelled
B002715,C001763,T000007,2025-12-23,2915.1,Confirmed
B002716,C003049,T000045,2025-12-08,3871.17,Confirmed
B002717,C002382,T000035,2026-01-12,1557.94,Confirmed
B002718,C002270,T000015,2026-03-20,4452.7,Confirmed
B002719,C000041,T000001,2026-02-04,2891.37,Cancelled
B002720,C000068,T000026,2025-08-29,3215.75,Confirmed
B002721,C000988,T000035,2026-06-03,904.75,Confirmed
B002722,C004009,T000025,2026-08-09,1892.79,Cancelled
B002723,C003199,T000042,2025-11-17,2420.31,Cancelled
B002724,C004791,T000015,2025-12-29,2362.59,Pending
B002725,C002525,T000022,2026-03-09,4002.28,Cancelled
B002726,C001086,T000006,2026-06-26,1770.45,Confirmed
B002727,C002480,T000015,2026-03-12,1319.49,Confirmed
B002728,C001694,T000024,2026-01-23,3121.78,Confirmed
B002729,C002316,T000021,2026-07-14,3267.57,Confirmed
B002730,C000779,T000007,2026-01-05,1047.12,Confirmed
B002731,C004590,T000029,2026-10-15,511.11,Confirmed
B002732,C001586,T000032,2026-03-12,4629.42,Cancelled
B002733,C001493,T000032,2026-05-06,858.37,Confirmed
B002734,C000661,T000005,2025-10-29,4540.4,Pending
B002735,C001349,T000004,2025-11-26,2296.47,Confirmed
B002736,C001300,T000022,2026-03-25,3438.75,Confirmed
B002737,C003941,T000018,2026-08-10,1335.27,Confirmed
B002738,C001987,T000035,2026-04-11,4207.63,Confirmed
B002739,C002045,T000017,2025-12-14,1310.87,Confirmed
B002740,C003517,T000050,2026-06-16,2239.29,Confirmed
B002741,C001059,T000050,2026-10-06,1571.12,Confirmed
B002742,C000977,T000024,2026-05-14,4268.78,Cancelled
B002743,C004578,T000002,2026-07-31,4362.51,Confirmed
B002744,C000728,T000013,2025-11-29,2174.13,Confirmed
B002745,C002528,T000015,2026-04-21,1883.2,Cancelled
B002746,C003137,T000005,2025-09-19,3981.04,Confirmed
B002747,C000343,T000003,2026-05-01,4453.3,Confirmed
B002748,C001448,T000037,2025-12-31,3308.09,Confirmed
B002749,C002380,T000037,2025-12-17,4673.32,Confirmed
B002750,C003660,T000037,2026-02-02,2223.7,Confirmed
B002751,C000527,T000003,2026-05-05,1183.49,Confirmed
B002752,C001897,T000035,2026-05-31,1308.39,Confirmed
B002753,C004755,T000023,2026-09-07,3514.24,Confirmed
B002754,C002074,T000028,2026-06-19,2333.87,Cancelled
B002755,C004916,T000030,2025-12-22,1203.42,Confirmed
B002756,C000406,T000018,2026-05-16,1815.02,Pending
B002757,C001574,T000036,2026-02-15,2887.72,Confirmed
B002758,C004601,T000033,2026-03-17,1046.5,Cancelled
B002759,C003741,T000026,2025-10-08,515.49,Cancelled
B002760,C004275,T000048,2026-04-24,4627.84,Confirmed
B002761,C004228,T000040,2026-06-16,1871.88,Pending
B002762,C001847,T000017,2026-01-09,1496.74,Confirmed
B002763,C001479,T000040,2026-06-25,3643.16,Confirmed
B002764,C002396,T000007,2025-10-19,4340.31,Confirmed
B002765,C000772,T000008,2026-03-14,3345.25,Pending
B002766,C000579,T000031,2026-01-13,1645.17,Cancelled
B002767,C002902,T000012,2026-01-06,4377.36,Confirmed
B002768,C000194,T000048,2026-05-12,2796.92,Confirmed
B002769,C002008,T000031,2026-02-13,2215.36,Confirmed
B002770,C001186,T000044,2026-05-06,3221.27,Confirmed
B002771,C002395,T000019,2026-08-19,3652.76,Confirmed
B002772,C002999,T000010,2026-04-24,3172.23,Confirmed
B002773,C001793,T000039,2026-02-02,4641.1,Confirmed
B002774,C001111,T000012,2025-12-06,3326.08,Pending
B002775,C004006,T000020,2026-09-02,4453.61,Confirmed
B002776,C002262,T000037,2025-10-04,3141.31,Cancelled
B002777,C003737,T000048,2026-05-09,1983.56,Confirmed
B002778,C003794,T000041,2026-06-06,2895.34,Pending
B002779,C001937,T000007,2025-10-28,888.52,Confirmed
B002780,C004876,T000014,2026-10-11,1535.79,Confirmed
B002781,C004358,T000011,2026-10-04,3948.04,Cancelled
B002782,C000730,T000007,2025-12-31,3476.64,Cancelled
B002783,C004379,T000029,2026-11-01,1249.33,Confirmed
B002784,C003452,T000010,2026-05-29,2471.07,Confirmed
B002785,C004458,T000029,2026-12-03,1138.96,Confirmed
B002786,C004537,T000009,2026-02-05,4351.18,Confirmed
B002787,C002141,T000036,2026-05-30,991.26,Confirmed
B002788,C001645,T000048,2026-08-07,3444.06,Confirmed
B002789,C002801,T000010,2026-05-11,3231.5,Confirmed
B002790,C004963,T000019,2026-08-12,2627.49,Confirmed
B002791,C000142,T000031,2026-01-05,1752.06,Confirmed
B002792,C001456,T000017,2026-02-17,2317.8,Cancelled
B002793,C004797,T000009,2025-11-12,4128.76,Confirmed
B002794,C002097,T000045,2025-09-28,3926.98,Confirmed
B002795,C001326,T000033,2026-04-19,3824.64,Confirmed
B002796,C004977,T000034,2026-06-14,3874.21,Confirmed
B002797,C001214,T000045,2025-12-17,1147.49,Confirmed
B002798,C001160,T000024,2025-12-29,945.93,Confirmed
B002799,C004651,T000009,2026-02-27,4376.74,Cancelled
B002800,C004500,T000007,2025-11-28,4267.29,Pending
B002801,C004988,T000016,2026-04-12,3565.93,Cancelled
B002802,C004698,T000019,2026-08-13,3226.58,Confirmed
B002803,C000341,T000039,2026-02-11,2150.92,Confirmed
B002804,C003829,T000006,2026-05-14,1508.37,Pending
B002805,C001969,T000050,2026-07-20,3504.45,Confirmed
B002806,C000704,T000011,2026-09-14,4608.66,Confirmed
B002807,C004414,T000012,2025-10-04,2466.48,Confirmed
B002808,C002430,T000042,2025-11-14,1864.46,Confirmed
B002809,C001801,T000013,2025-11-01,1718.34,Confirmed
B002810,C004913,T000012,2025-10-23,606.67,Confirmed
B002811,C004649,T000021,2026-08-03,2841.43,Confirmed
B002812,C000856,T000010,2026-04-18,4947.06,Cancelled
B002813,C001813,T000020,2026-11-26,4168.57,Confirmed
B002814,C002867,T000050,2026-09-14,4538.64,Confirmed
B002815,C003643,T000036,2026-01-27,3295.24,Confirmed
B002816,C000183,T000028,2026-04-05,2666.51,Cancelled
B002817,C003113,T000024,2026-01-18,4957.06,Confirmed
B002818,C004493,T000005,2026-03-04,2512.23,Confirmed
B002819,C001518,T000037,2025-11-28,4625.74,Cancelled
B002820,C001357,T000012,2025-10-29,3928.3,Confirmed
B002821,C002175,T000035,2026-01-12,1989.4,Confirmed
B002822,C003630,T000040,2026-06-01,2763.78,Confirmed
B002823,C003629,T000002,2026-10-24,2229.48,Pending
B002824,C004097,T000050,2026-08-08,1113.0,Confirmed
B002825,C003240,T000041,2026-06-07,2105.45,Confirmed
B002826,C003692,T000045,2025-08-26,4500.38,Confirmed
B002827,C000019,T000039,2026-02-09,3886.86,Confirmed
B002828,C003404,T000042,2026-01-10,1749.11,Confirmed
B002829,C004680,T000009,2025-11-23,2155.61,Confirmed
B002830,C004552,T000022,2026-02-25,3273.95,Cancelled
B002831,C003005,T000047,2026-03-27,2372.63,Pending
B002832,C001133,T000005,2025-12-16,2763.7,Cancelled
B002833,C003340,T000012,2025-11-15,3641.76,Confirmed
B002834,C003312,T000001,2026-03-04,2602.63,Confirmed
B002835,C003373,T000044,2025-12-13,1359.36,Confirmed
B002836,C000988,T000022,2026-05-27,2842.58,Confirmed
B002837,C003322,T000038,2026-12-11,2102.53,Confirmed
B002838,C004616,T000019,2026-04-29,1808.3,Confirmed
B002839,C004955,T000016,2026-03-16,1976.49,Cancelled
B002840,C000174,T000031,2026-01-30,2475.51,Confirmed
B002841,C003742,T000003,2026-05-23,4489.76,Confirmed
B002842,C003053,T000023,2026-05-31,3803.26,Confirmed
B002843,C000727,T000042,2026-02-06,3505.47,Confirmed
B002844,C003761,T000018,2026-05-26,2620.67,Confirmed
B002845,C001876,T000026,2025-09-26,508.23,Confirmed
B002846,C004034,T000013,2025-12-14,2032.48,Confirmed
B002847,C000990,T000018,2026-08-19,4159.36,Cancelled
B002848,C003745,T000003,2026-04-21,2246.77,Cancelled
B002849,C002687,T000023,2026-08-02,3037.19,Confirmed
B002850,C000420,T000003,2026-09-21,1421.33,Confirmed
B002851,C000594,T000025,2026-06-01,4621.36,Cancelled
B002852,C001775,T000027,2026-05-14,4654.27,Confirmed
B002853,C002460,T000044,2026-03-08,1157.32,Confirmed
B002854,C000936,T000027,2026-07-19,3758.72,Confirmed
B002855,C003809,T000039,2025-12-02,838.57,Confirmed
B002856,C000332,T000025,2026-07-21,3193.46,Cancelled
B002857,C003450,T000024,2025-12-27,1303.94,Pending
B002858,C002703,T000008,2025-12-02,1155.67,Confirmed
B002859,C004007,T000009,2026-04-21,518.54,Confirmed
B002860,C003869,T000046,2026-10-19,4733.86,Confirmed
B002861,C004201,T000037,2026-01-08,4231.64,Cancelled
B002862,C000202,T000030,2025-11-25,848.64,Confirmed
B002863,C002498,T000019,2026-04-19,3197.19,Confirmed
B002864,C001843,T000016,2026-03-14,1548.04,Confirmed
B002865,C001867,T000024,2026-01-16,1688.07,Cancelled
B002866,C001997,T000044,2026-03-27,4433.77,Confirmed
B002867,C000910,T000021,2026-05-17,1014.47,Pending
B002868,C004306,T000036,2026-05-09,3206.71,Confirmed
B002869,C004659,T000040,2026-06-24,2305.65,Confirmed
B002870,C003190,T000039,2025-10-11,1358.6,Confirmed
B002871,C000771,T000047,2026-03-15,2533.63,Confirmed
B002872,C003156,T000006,2026-04-20,4732.2,Confirmed
B002873,C002502,T000005,2025-11-23,4017.25,Cancelled
B002874,C002715,T000014,2026-07-15,1094.5,Confirmed
B002875,C004725,T000045,2025-12-30,4322.43,Confirmed
B002876,C003586,T000042,2026-03-07,4718.48,Cancelled
B002877,C001629,T000050,2026-09-20,1746.34,Confirmed
B002878,C000387,T000004,2025-12-16,2000.39,Confirmed
B002879,C003422,T000008,2025-10-31,1068.39,Confirmed
B002880,C004009,T000024,2026-02-15,2052.23,Confirmed
B002881,C004094,T000011,2026-11-12,3529.13,Confirmed
B002882,C004364,T000017,2026-03-20,1724.7,Confirmed
B002883,C002467,T000050,2026-09-08,530.71,Confirmed
B002884,C002283,T000021,2026-07-05,2023.45,Pending
B002885,C001857,T000026,2025-09-02,2539.28,Confirmed
B002886,C001999,T000043,2026-06-27,3048.6,Confirmed
B002887,C001237,T000048,2026-05-02,3577.21,Cancelled
B002888,C004670,T000044,2026-02-07,778.03,Confirmed
B002889,C004145,T000045,2025-10-11,2613.88,Confirmed
B002890,C001151,T000027,2026-07-08,1698.63,Confirmed
B002891,C004319,T000016,2026-04-03,4765.86,Pending
B002892,C001432,T000026,2025-11-29,2119.54,Confirmed
B002893,C001820,T000033,2026-05-17,950.56,Pending
B002894,C002325,T000031,2025-11-14,686.71,Confirmed
B002895,C001131,T000048,2026-06-17,1694.33,Confirmed
B002896,C002659,T000047,2026-04-25,1304.95,Confirmed
B002897,C003501,T000006,2026-01-24,3424.1,Confirmed
B002898,C000375,T000044,2025-11-25,4311.35,Confirmed
B002899,C002121,T000008,2025-11-14,1906.51,Confirmed
B002900,C004021,T000007,2025-07-25,3100.06,Confirmed
B002901,C002022,T000034,2026-05-19,3786.37,Pending
B002902,C003706,T000044,2026-03-24,2293.19,Confirmed
B002903,C003260,T000014,2026-08-21,798.47,Confirmed
B002904,C003436,T000016,2026-02-06,1531.33,Cancelled
B002905,C001890,T000043,2026-08-28,4473.8,Pending
B002906,C001824,T000009,2026-03-11,4210.16,Pending
B002907,C001475,T000010,2026-02-15,889.4,Cancelled
B002908,C002243,T000017,2026-03-04,1507.77,Confirmed
B002909,C003244,T000012,2025-10-04,3961.24,Confirmed
B002910,C003135,T000006,2026-05-18,2686.54,Confirmed
B002911,C002071,T000019,2026-05-14,3919.85,Confirmed
B002912,C000360,T000043,2026-09-11,1449.92,Confirmed
B002913,C002042,T000041,2026-06-05,4787.14,Pending
B002914,C001142,T000029,2026-07-06,4026.23,Pending
B002915,C001636,T000006,2026-01-12,1388.54,Confirmed
B002916,C004001,T000025,2026-05-26,3013.02,Confirmed
B002917,C001944,T000024,2026-05-12,1008.94,Confirmed
B002918,C004775,T000025,2026-09-04,2126.46,Confirmed
B002919,C003362,T000016,2025-11-21,3468.3,Pending
B002920,C002981,T000016,2026-04-22,1985.57,Confirmed
B002921,C000007,T000006,2026-06-25,3455.41,Confirmed
B002922,C003268,T000037,2025-08-28,1601.51,Confirmed
B002923,C001592,T000021,2026-05-02,3745.43,Cancelled
B002924,C004929,T000004,2025-10-21,2118.15,Confirmed
B002925,C003265,T000034,2026-05-04,4057.17,Confirmed
B002926,C002607,T000028,2026-07-21,1115.1,Confirmed
B002927,C003220,T000038,2026-09-19,2128.9,Confirmed
B002928,C003274,T000041,2026-07-26,2587.7,Confirmed
B002929,C000914,T000028,2026-05-12,2407.3,Confirmed
B002930,C002012,T000017,2026-02-01,2448.93,Cancelled
B002931,C001443,T000014,2026-12-19,2501.62,Cancelled
B002932,C003055,T000007,2025-12-03,4949.62,Confirmed
B002933,C003547,T000022,2026-05-24,1369.21,Confirmed
B002934,C004222,T000001,2026-01-02,3958.99,Cancelled
B002935,C004913,T000029,2026-07-29,2983.05,Confirmed
B002936,C002929,T000031,2026-01-02,2361.33,Confirmed
B002937,C001830,T000030,2025-09-21,3350.88,Confirmed
B002938,C000576,T000015,2025-12-10,4340.89,Confirmed
B002939,C000930,T000018,2026-10-15,2599.87,Confirmed
B002940,C003760,T000035,2026-02-28,4391.61,Confirmed
B002941,C003700,T000050,2026-05-29,922.09,Confirmed
B002942,C001464,T000030,2025-11-17,3438.88,Confirmed
B002943,C003276,T000034,2026-07-31,1999.31,Confirmed
B002944,C004929,T000042,2025-12-11,2240.22,Confirmed
B002945,C001055,T000011,2026-08-24,3069.59,Cancelled
B002946,C001901,T000027,2026-05-21,2659.63,Confirmed
B002947,C001458,T000024,2026-05-29,2218.01,Confirmed
B002948,C001400,T000035,2026-06-02,1887.46,Confirmed
B002949,C003416,T000039,2026-01-09,3282.42,Confirmed
B002950,C000443,T000008,2025-10-31,2775.11,Confirmed
B002951,C003651,T000018,2026-08-22,1954.89,Pending
B002952,C004653,T000013,2025-11-20,1422.32,Confirmed
B002953,C001179,T000045,2026-01-02,3985.11,Confirmed
B002954,C004459,T000024,2026-05-31,4098.72,Confirmed
B002955,C001258,T000023,2026-09-25,1462.05,Pending
B002956,C003635,T000012,2025-11-03,1677.42,Confirmed
B002957,C001842,T000049,2026-01-18,1576.14,Confirmed
B002958,C002310,T000030,2026-01-16,4480.56,Confirmed
B002959,C000911,T000031,2025-11-07,3983.59,Confirmed
B002960,C004341,T000028,2026-06-29,835.58,Confirmed
B002961,C004638,T000022,2026-06-18,4247.0,Confirmed
B002962,C004010,T000044,2026-04-07,665.83,Confirmed
B002963,C002170,T000028,2026-08-01,1639.4,Confirmed
B002964,C002173,T000013,2026-03-01,4635.46,Confirmed
B002965,C000124,T000025,2026-09-30,4389.49,Confirmed
B002966,C003159,T000044,2025-12-08,4016.46,Confirmed
B002967,C000786,T000046,2026-06-26,2558.96,Confirmed
B002968,C002417,T000007,2025-11-26,1946.36,Pending
B002969,C000797,T000045,2025-07-25,4466.96,Cancelled
B002970,C004173,T000006,2026-03-21,3456.83,Confirmed
B002971,C004155,T000024,2026-05-02,1829.79,Confirmed
B002972,C001937,T000019,2026-06-12,2584.38,Confirmed
B002973,C002157,T000019,2026-04-07,4466.75,Confirmed
B002974,C003808,T000036,2026-02-09,4565.55,Confirmed
B002975,C001302,T000009,2026-01-31,3466.86,Confirmed
B002976,C004164,T000048,2026-07-28,3796.5,Confirmed
B002977,C003141,T000036,2026-06-08,676.84,Confirmed
B002978,C003237,T000038,2026-07-24,3220.7,Confirmed
B002979,C002353,T000040,2026-06-30,3600.47,Confirmed
B002980,C001933,T000029,2026-09-30,591.7,Confirmed
B002981,C002722,T000024,2026-02-05,4297.37,Confirmed
B002982,C000365,T000048,2026-06-05,4677.28,Confirmed
B002983,C004917,T000005,2026-02-20,1570.71,Cancelled
B002984,C002391,T000042,2025-11-30,4306.08,Cancelled
B002985,C000947,T000045,2026-01-02,3494.81,Confirmed
B002986,C001378,T000026,2025-09-24,3113.13,Cancelled
B002987,C001440,T000014,2026-08-24,4294.07,Confirmed
B002988,C003181,T000039,2025-09-29,1785.25,Confirmed
B002989,C004858,T000029,2026-08-13,4058.85,Confirmed
B002990,C000341,T000006,2026-05-29,1915.34,Cancelled
B002991,C002990,T000007,2025-10-06,4043.55,Confirmed
B002992,C000383,T000037,2026-01-20,2529.74,Confirmed
B002993,C001557,T000018,2026-07-10,1026.25,Confirmed
B002994,C000300,T000023,2026-08-05,2216.84,Pending
B002995,C000139,T000044,2026-04-27,1550.72,Confirmed
B002996,C000359,T000038,2026-08-20,952.39,Confirmed
B002997,C004932,T000001,2025-11-21,996.29,Confirmed
B002998,C001523,T000004,2026-03-11,4010.32,Cancelled
B002999,C003457,T000044,2026-02-20,4466.29,Confirmed
B003000,C001628,T000047,2026-04-18,4672.08,Confirmed
B003001,C001304,T000035,2026-03-13,4342.76,Confirmed
B003002,C001135,T000023,2026-08-16,4236.01,Confirmed
B003003,C002187,T000027,2026-03-22,809.76,Confirmed
B003004,C003171,T000026,2025-12-05,4055.56,Confirmed
B003005,C003836,T000008,2025-12-04,4024.77,Cancelled
B003006,C002152,T000043,2026-08-22,1090.81,Confirmed
B003007,C001238,T000016,2026-02-28,3479.04,Pending
B003008,C003736,T000041,2026-06-19,2536.28,Cancelled
B003009,C002835,T000003,2026-07-01,4550.06,Confirmed
B003010,C004261,T000032,2026-03-11,3629.34,Confirmed
B003011,C000999,T000005,2025-11-22,4779.44,Cancelled
B003012,C002568,T000020,2026-07-13,972.15,Confirmed
B003013,C001308,T000014,2026-11-19,682.73,Confirmed
B003014,C000657,T000032,2026-02-15,4881.11,Confirmed
B003015,C002661,T000026,2025-12-19,860.86,Confirmed
B003016,C002212,T000047,2026-06-06,2237.88,Confirmed
B003017,C001910,T000006,2026-02-14,3424.87,Pending
B003018,C003731,T000036,2026-05-31,4460.26,Cancelled
B003019,C002047,T000040,2026-07-10,1645.6,Confirmed
B003020,C003163,T000005,2025-09-28,630.76,Confirmed
B003021,C001141,T000013,2025-10-28,2845.79,Confirmed
B003022,C000267,T000032,2025-12-31,2620.0,Confirmed
B003023,C001846,T000016,2026-04-26,1881.02,Confirmed
B003024,C001709,T000001,2025-10-25,4432.55,Cancelled
B003025,C003631,T000013,2026-03-06,3871.95,Pending
B003026,C003212,T000011,2026-06-30,4361.52,Confirmed
B003027,C002294,T000008,2026-01-05,1228.14,Confirmed
B003028,C003733,T000025,2026-06-08,3615.85,Confirmed
B003029,C003830,T000040,2026-06-23,4887.96,Confirmed
B003030,C001511,T000032,2026-02-22,3253.61,Confirmed
B003031,C000476,T000024,2026-01-31,1271.14,Cancelled
B003032,C000977,T000028,2026-04-30,4981.01,Pending
B003033,C001208,T000014,2026-08-24,2877.46,Pending
B003034,C001961,T000045,2025-08-12,4280.27,Cancelled
B003035,C000558,T000003,2026-06-14,1172.13,Pending
B003036,C000883,T000036,2026-05-18,3497.43,Pending
B003037,C002195,T000027,2026-03-27,4606.78,Confirmed
B003038,C004762,T000020,2026-06-18,2894.08,Confirmed
B003039,C002668,T000047,2026-03-21,1798.97,Confirmed
B003040,C004960,T000015,2026-04-10,1073.4,Confirmed
B003041,C004678,T000027,2026-07-17,1831.75,Confirmed
B003042,C004791,T000045,2025-12-04,2096.98,Cancelled
B003043,C001611,T000041,2026-06-12,3694.8,Confirmed
B003044,C003489,T000028,2026-04-28,1303.8,Confirmed
B003045,C002455,T000025,2026-10-08,977.47,Confirmed
B003046,C004495,T000042,2025-11-26,2241.23,Confirmed
B003047,C001947,T000044,2026-02-10,2563.94,Confirmed
B003048,C004811,T000046,2026-07-21,3327.73,Confirmed
B003049,C004800,T000033,2026-06-28,3683.89,Confirmed
B003050,C002809,T000046,2026-09-20,4501.75,Confirmed
B003051,C003826,T000014,2026-10-02,1800.29,Confirmed
B003052,C003537,T000008,2025-11-13,2878.74,Confirmed
B003053,C003803,T000048,2026-08-24,2147.18,Confirmed
B003054,C004178,T000014,2026-12-13,506.4,Confirmed
B003055,C004700,T000001,2026-01-26,3107.44,Confirmed
B003056,C001971,T000016,2025-12-28,4171.08,Confirmed
B003057,C003823,T000018,2026-09-02,663.98,Confirmed
B003058,C002820,T000007,2025-07-31,515.71,Confirmed
B003059,C000903,T000015,2026-02-03,3775.18,Pending
B003060,C000365,T000024,2026-04-17,3577.37,Confirmed
B003061,C004259,T000049,2025-12-03,2326.33,Confirmed
B003062,C003120,T000013,2026-01-23,3477.22,Cancelled
B003063,C002559,T000009,2025-11-12,4790.24,Pending
B003064,C001864,T000015,2026-03-12,1615.38,Confirmed
B003065,C000116,T000035,2026-04-20,1606.67,Cancelled
B003066,C002385,T000024,2026-02-03,1338.04,Cancelled
B003067,C004977,T000033,2026-05-07,3757.94,Confirmed
B003068,C003936,T000016,2026-03-25,2089.35,Confirmed
B003069,C004936,T000008,2025-12-31,4949.12,Confirmed
B003070,C002491,T000029,2026-07-10,3715.92,Confirmed
B003071,C000943,T000023,2026-08-26,2153.2,Confirmed
B003072,C001725,T000045,2025-07-31,1171.34,Confirmed
B003073,C002335,T000031,2026-01-19,3164.11,Cancelled
B003074,C002768,T000040,2026-06-25,1827.06,Cancelled
B003075,C001138,T000049,2026-03-05,4574.79,Pending
B003076,C002528,T000014,2026-07-02,2486.32,Confirmed
B003077,C004118,T000030,2026-02-02,1816.92,Confirmed
B003078,C003421,T000039,2025-10-21,3148.48,Cancelled
B003079,C004779,T000027,2026-05-04,1116.39,Confirmed
B003080,C003907,T000047,2026-02-26,3026.97,Confirmed
B003081,C003638,T000016,2025-12-15,752.5,Cancelled
B003082,C002954,T000006,2026-06-27,3231.0,Confirmed
B003083,C002368,T000033,2026-05-04,2885.74,Confirmed
B003084,C004222,T000044,2026-03-11,2843.45,Confirmed
B003085,C000277,T000018,2026-06-24,3578.74,Confirmed
B003086,C002000,T000016,2026-02-08,700.05,Confirmed
B003087,C001228,T000012,2025-12-09,2568.79,Confirmed
B003088,C003753,T000020,2026-07-14,2498.17,Confirmed
B003089,C003736,T000045,2025-09-08,2569.02,Cancelled
B003090,C000696,T000040,2026-07-19,4909.51,Confirmed
B003091,C001310,T000029,2026-08-20,1126.75,Confirmed
B003092,C004153,T000030,2025-10-26,3606.93,Confirmed
B003093,C003235,T000026,2025-11-24,2308.98,Confirmed
B003094,C004115,T000022,2026-05-14,2802.77,Pending
B003095,C002312,T000033,2026-06-30,3930.77,Confirmed
B003096,C002842,T000039,2026-02-07,1208.19,Confirmed
B003097,C004209,T000047,2026-04-13,3936.13,Confirmed
B003098,C003560,T000029,2026-07-30,816.49,Confirmed
B003099,C003399,T000022,2026-01-18,2674.89,Cancelled
B003100,C000542,T000045,2025-12-02,3839.32,Cancelled
B003101,C002695,T000013,2026-03-29,1366.48,Confirmed
B003102,C004675,T000009,2025-11-21,3969.12,Pending
B003103,C001089,T000024,2025-12-27,1250.66,Confirmed
B003104,C003364,T000015,2026-05-18,4096.57,Confirmed
B003105,C000025,T000036,2026-06-13,2610.21,Confirmed
B003106,C001573,T000013,2025-12-19,3580.87,Confirmed
B003107,C002959,T000027,2026-05-15,4628.33,Confirmed
B003108,C004237,T000044,2026-04-22,2337.9,Pending
B003109,C001768,T000037,2025-09-01,1548.31,Cancelled
B003110,C004744,T000007,2026-01-06,4402.24,Confirmed
B003111,C002236,T000008,2026-01-19,1227.27,Confirmed
B003112,C000201,T000037,2026-01-31,3341.64,Cancelled
B003113,C003199,T000041,2026-06-09,4654.64,Confirmed
B003114,C000257,T000014,2026-08-29,3534.79,Confirmed
B003115,C003748,T000012,2025-12-22,1380.56,Confirmed
B003116,C004643,T000036,2026-05-24,1185.28,Confirmed
B003117,C002242,T000040,2026-03-15,1635.37,Confirmed
B003118,C003176,T000017,2026-02-15,2261.33,Confirmed
B003119,C003607,T000040,2026-03-18,1216.22,Confirmed
B003120,C003337,T000029,2026-12-02,4090.16,Confirmed
B003121,C004898,T000027,2026-04-18,2106.66,Pending
B003122,C000414,T000001,2025-12-16,4712.39,Cancelled
B003123,C002015,T000034,2026-04-29,4291.21,Confirmed
B003124,C001382,T000004,2026-02-23,4589.68,Confirmed
B003125,C001099,T000024,2025-12-14,1825.22,Confirmed
B003126,C003427,T000021,2026-08-26,3081.79,Confirmed
B003127,C003656,T000033,2026-01-25,1946.52,Confirmed
B003128,C000910,T000007,2025-09-13,1656.27,Confirmed
B003129,C000188,T000001,2026-01-07,3231.89,Confirmed
B003130,C004045,T000041,2026-09-04,4180.98,Cancelled
B003131,C003757,T000003,2026-09-20,921.19,Confirmed
B003132,C002016,T000044,2025-12-07,1740.96,Cancelled
B003133,C002093,T000015,2025-12-30,1423.1,Cancelled
B003134,C003645,T000031,2025-09-07,4092.58,Confirmed
B003135,C002131,T000016,2026-05-03,4700.17,Pending
B003136,C000358,T000010,2026-05-24,859.74,Confirmed
B003137,C002423,T000029,2026-09-05,2206.46,Pending
B003138,C004258,T000006,2026-01-10,4615.29,Confirmed
B003139,C004546,T000029,2026-08-11,2050.87,Cancelled
B003140,C001498,T000017,2026-04-05,3706.98,Confirmed
B003141,C002159,T000022,2026-04-27,953.0,Confirmed
B003142,C002556,T000024,2025-12-20,2499.74,Confirmed
B003143,C002343,T000017,2026-01-12,2764.85,Pending
B003144,C002952,T000021,2026-05-23,3909.49,Pending
B003145,C001239,T000050,2026-07-03,1799.71,Confirmed
B003146,C000974,T000011,2026-09-29,1688.85,Confirmed
B003147,C004728,T000007,2025-09-25,1863.35,Confirmed
B003148,C003966,T000042,2025-11-27,3000.63,Cancelled
B003149,C001051,T000039,2025-09-21,4442.02,Confirmed
B003150,C003702,T000005,2025-10-19,4239.24,Cancelled
B003151,C002781,T000044,2025-11-28,760.76,Confirmed
B003152,C001589,T000048,2026-06-04,4455.3,Confirmed
B003153,C003879,T000021,2026-05-25,927.99,Confirmed
B003154,C002369,T000018,2026-07-08,2369.07,Confirmed
B003155,C000437,T000035,2026-02-15,3944.32,Confirmed
B003156,C002829,T000020,2026-10-17,866.8,Confirmed
B003157,C001557,T000015,2026-04-25,681.8,Confirmed
B003158,C003859,T000005,2026-01-29,1984.98,Confirmed
B003159,C001305,T000013,2025-12-17,3784.67,Confirmed
B003160,C002385,T000012,2026-02-23,2847.9,Confirmed
B003161,C000183,T000021,2026-05-09,2376.51,Confirmed
B003162,C001590,T000037,2025-12-06,4158.83,Confirmed
B003163,C001588,T000006,2026-06-18,3950.19,Confirmed
B003164,C000660,T000007,2025-09-15,4037.19,Confirmed
B003165,C000160,T000026,2025-12-31,2568.77,Confirmed
B003166,C003954,T000042,2026-04-10,587.52,Pending
B003167,C001012,T000048,2026-04-11,1274.62,Confirmed
B003168,C000053,T000008,2026-01-31,3835.85,Cancelled
B003169,C002308,T000009,2026-03-19,3889.28,Pending
B003170,C001229,T000027,2026-03-19,4875.34,Confirmed
B003171,C001036,T000004,2025-12-29,1355.84,Confirmed
B003172,C003703,T000021,2026-07-09,1053.17,Confirmed
B003173,C004046,T000031,2025-10-30,1124.55,Confirmed
B003174,C004946,T000021,2026-09-05,1331.55,Confirmed
B003175,C004450,T000040,2026-06-23,2878.11,Confirmed
B003176,C001265,T000025,2026-08-07,4888.45,Confirmed
B003177,C001885,T000039,2025-11-10,3152.44,Cancelled
B003178,C001810,T000015,2026-01-02,2852.1,Confirmed
B003179,C003168,T000035,2026-04-12,3530.1,Confirmed
B003180,C003798,T000049,2026-01-06,832.69,Confirmed
B003181,C002342,T000043,2026-08-30,4169.09,Confirmed
B003182,C003415,T000041,2026-08-11,3410.96,Confirmed
B003183,C000818,T000037,2025-11-08,1270.36,Confirmed
B003184,C002438,T000042,2025-12-17,3338.22,Confirmed
B003185,C000889,T000047,2026-06-09,3182.94,Confirmed
B003186,C000668,T000028,2026-08-05,791.84,Confirmed
B003187,C004729,T000014,2026-11-20,1701.19,Confirmed
B003188,C002625,T000004,2026-03-24,2259.24,Cancelled
B003189,C004233,T000020,2026-09-17,1602.0,Confirmed
B003190,C004524,T000034,2026-05-04,1594.23,Confirmed
B003191,C000819,T000012,2026-02-19,3078.27,Confirmed
B003192,C002189,T000033,2026-04-21,2618.87,Confirmed
B003193,C001107,T000024,2026-04-15,3502.81,Confirmed
B003194,C002225,T000020,2026-08-10,4803.83,Confirmed
B003195,C000198,T000005,2025-11-14,3472.5,Pending
B003196,C002672,T000038,2026-10-05,3119.43,Confirmed
B003197,C003493,T000030,2026-01-12,4314.02,Confirmed
B003198,C002449,T000024,2026-04-14,3344.33,Confirmed
B003199,C000471,T000043,2026-05-26,1245.03,Confirmed
B003200,C001949,T000040,2026-06-27,1916.37,Confirmed
B003201,C003900,T000007,2025-12-13,3800.12,Confirmed
B003202,C002011,T000036,2026-02-11,3822.72,Confirmed
B003203,C003801,T000038,2026-07-16,4941.54,Confirmed
B003204,C004119,T000016,2025-12-30,3321.39,Confirmed
B003205,C003797,T000015,2026-04-15,4547.95,Confirmed
B003206,C003989,T000046,2026-10-31,745.61,Confirmed
B003207,C000235,T000023,2026-08-18,3048.0,Confirmed
B003208,C000929,T000012,2025-12-28,4639.32,Confirmed
B003209,C003608,T000029,2026-09-07,1792.6,Cancelled
B003210,C000523,T000044,2026-03-28,1196.94,Cancelled
B003211,C003524,T000048,2026-05-28,2077.3,Confirmed
B003212,C004527,T000015,2026-05-03,4065.06,Confirmed
B003213,C004889,T000029,2026-11-02,881.15,Confirmed
B003214,C001630,T000045,2025-12-26,3201.52,Pending
B003215,C004629,T000043,2026-05-28,1110.34,Pending
B003216,C001317,T000049,2025-12-24,2459.9,Confirmed
B003217,C002858,T000021,2026-07-03,4846.9,Confirmed
B003218,C001125,T000015,2026-05-14,1378.15,Confirmed
B003219,C002588,T000014,2026-07-13,653.07,Confirmed
B003220,C001024,T000042,2025-11-25,2422.42,Pending
B003221,C001379,T000044,2025-12-17,3099.63,Confirmed
B003222,C003375,T000016,2026-03-15,1838.83,Cancelled
B003223,C001520,T000015,2026-05-20,2937.96,Confirmed
B003224,C000227,T000042,2026-02-03,4790.31,Confirmed
B003225,C004969,T000004,2026-02-01,1902.97,Confirmed
B003226,C000892,T000027,2026-03-25,1892.42,Confirmed
B003227,C004073,T000023,2026-05-28,2672.46,Confirmed
B003228,C002258,T000029,2026-06-26,2818.92,Confirmed
B003229,C002789,T000041,2026-06-17,506.15,Pending
B003230,C000397,T000009,2026-01-01,3271.44,Pending
B003231,C002079,T000043,2026-05-27,4988.11,Confirmed
B003232,C004745,T000043,2026-07-09,1814.04,Confirmed
B003233,C004425,T000007,2025-11-15,3338.65,Cancelled
B003234,C003238,T000042,2026-01-18,520.8,Confirmed
B003235,C003894,T000004,2026-01-23,3219.47,Cancelled
B003236,C002006,T000005,2025-12-02,2511.81,Confirmed
B003237,C002017,T000005,2025-12-23,2886.32,Cancelled
B003238,C003172,T000011,2026-10-04,2947.57,Confirmed
B003239,C002669,T000041,2026-08-06,1296.29,Confirmed
B003240,C001879,T000028,2026-07-18,3964.86,Confirmed
B003241,C001197,T000016,2026-04-01,2999.61,Cancelled
B003242,C001773,T000041,2026-08-15,1715.88,Confirmed
B003243,C000162,T000030,2025-09-30,4718.22,Pending
B003244,C003977,T000004,2026-01-18,557.48,Confirmed
B003245,C001752,T000002,2026-07-27,3766.72,Confirmed
B003246,C000776,T000046,2026-10-03,2215.56,Confirmed
B003247,C000940,T000003,2026-05-09,2851.45,Confirmed
B003248,C003221,T000050,2026-06-30,1811.79,Confirmed
B003249,C000540,T000021,2026-06-12,1945.63,Confirmed
B003250,C004918,T000006,2026-04-16,568.25,Confirmed
B003251,C001462,T000043,2026-10-25,3784.3,Confirmed
B003252,C000356,T000018,2026-07-30,3698.59,Confirmed
B003253,C003605,T000044,2025-11-24,3444.61,Confirmed
B003254,C003324,T000005,2025-10-15,4450.78,Confirmed
B003255,C000235,T000009,2026-01-16,4555.7,Pending
B003256,C001549,T000020,2026-07-30,3004.0,Confirmed
B003257,C002097,T000028,2026-06-11,3581.71,Confirmed
B003258,C004214,T000026,2025-09-05,549.49,Confirmed
B003259,C002102,T000018,2026-08-01,4308.54,Confirmed
B003260,C001674,T000019,2026-06-12,4173.86,Confirmed
B003261,C002101,T000003,2026-09-12,591.12,Cancelled
B003262,C003658,T000009,2026-04-18,2942.71,Confirmed
B003263,C004654,T000036,2026-06-06,4579.95,Confirmed
B003264,C003597,T000031,2025-12-20,1316.25,Cancelled
B003265,C003749,T000049,2025-11-26,2086.9,Confirmed
B003266,C003174,T000017,2026-03-26,1989.74,Confirmed
B003267,C001816,T000023,2026-08-09,2101.73,Confirmed
B003268,C003842,T000034,2026-04-24,688.49,Confirmed
B003269,C002006,T000041,2026-10-01,1755.58,Pending
B003270,C004494,T000041,2026-07-11,1826.85,Confirmed
B003271,C000675,T000005,2025-11-30,4396.42,Confirmed
B003272,C000387,T000015,2026-01-19,2084.52,Pending
B003273,C002159,T000047,2026-03-15,2512.48,Pending
B003274,C002662,T000003,2026-07-07,2213.32,Confirmed
B003275,C002065,T000019,2026-05-11,1043.03,Cancelled
B003276,C003852,T000028,2026-03-25,4956.61,Confirmed
B003277,C003254,T000003,2026-04-26,4216.21,Cancelled
B003278,C004980,T000038,2026-09-04,2934.14,Confirmed
B003279,C004637,T000004,2025-12-03,2643.64,Confirmed
B003280,C004267,T000024,2025-12-20,3421.65,Confirmed
B003281,C000740,T000031,2026-01-12,1968.94,Pending
B003282,C001402,T000045,2025-07-29,726.27,Confirmed
B003283,C003260,T000045,2025-08-31,2319.43,Confirmed
B003284,C002278,T000011,2026-10-29,4927.9,Confirmed
B003285,C003905,T000037,2025-11-28,1320.56,Confirmed
B003286,C003924,T000001,2026-03-27,2874.67,Confirmed
B003287,C004215,T000009,2026-02-14,538.35,Confirmed
B003288,C003228,T000017,2025-12-16,1049.14,Cancelled
B003289,C002832,T000001,2026-03-12,3142.36,Confirmed
B003290,C003759,T000003,2026-08-23,1838.36,Confirmed
B003291,C002513,T000047,2025-12-30,4575.58,Confirmed
B003292,C002152,T000026,2025-07-26,2327.76,Pending
B003293,C003676,T000031,2025-11-12,1436.15,Confirmed
B003294,C002746,T000026,2025-11-08,2955.16,Confirmed
B003295,C003867,T000023,2026-05-18,4077.38,Confirmed
B003296,C003765,T000030,2025-08-30,587.39,Confirmed
B003297,C002223,T000010,2026-02-22,2774.84,Confirmed
B003298,C002793,T000008,2025-11-04,3980.42,Confirmed
B003299,C001698,T000044,2026-03-09,966.15,Confirmed
B003300,C003463,T000025,2026-07-21,4562.59,Confirmed
B003301,C004064,T000022,2026-06-12,1690.33,Confirmed
B003302,C001525,T000015,2025-12-03,1267.72,Confirmed
B003303,C004761,T000041,2026-07-20,3151.65,Pending
B003304,C000033,T000010,2026-06-28,1287.64,Confirmed
B003305,C004026,T000020,2026-09-28,3558.66,Confirmed
B003306,C002567,T000041,2026-06-02,2705.46,Cancelled
B003307,C002804,T000047,2026-01-30,994.8,Confirmed
B003308,C003897,T000023,2026-05-30,4606.21,Confirmed
B003309,C003710,T000001,2026-01-14,3529.42,Confirmed
B003310,C000720,T000002,2026-06-22,2956.97,Confirmed
B003311,C004580,T000019,2026-07-09,2184.53,Confirmed
B003312,C000973,T000014,2026-10-24,1106.87,Confirmed
B003313,C003719,T000008,2026-04-06,3683.83,Confirmed
B003314,C004403,T000038,2026-09-13,4161.45,Confirmed
B003315,C004553,T000012,2026-01-13,1066.18,Confirmed
B003316,C002208,T000026,2025-11-18,2725.55,Confirmed
B003317,C004427,T000027,2026-07-20,2681.81,Confirmed
B003318,C004321,T000029,2026-08-21,2074.6,Confirmed
B003319,C003031,T000015,2026-04-22,4052.04,Pending
B003320,C003576,T000046,2026-08-10,947.88,Confirmed
B003321,C003117,T000001,2025-12-31,1422.59,Confirmed
B003322,C003286,T000043,2026-05-28,507.21,Confirmed
B003323,C000644,T000028,2026-03-01,2178.43,Cancelled
B003324,C004712,T000003,2026-08-24,1810.3,Pending
B003325,C000195,T000018,2026-05-30,4401.47,Pending
B003326,C003997,T000034,2026-05-22,3856.15,Confirmed
B003327,C000489,T000032,2026-04-01,880.12,Confirmed
B003328,C002205,T000029,2026-07-15,3834.3,Confirmed
B003329,C002658,T000025,2026-10-31,3539.3,Confirmed
B003330,C003277,T000026,2025-12-09,1767.76,Confirmed
B003331,C001103,T000039,2026-01-29,569.57,Confirmed
B003332,C001242,T000008,2025-12-15,1018.23,Confirmed
B003333,C000516,T000019,2026-08-17,1624.73,Pending
B003334,C000393,T000047,2025-12-27,4174.8,Confirmed
B003335,C000631,T000042,2026-01-14,2593.91,Confirmed
B003336,C003717,T000022,2026-02-19,4632.78,Confirmed
B003337,C001848,T000029,2026-06-23,4051.17,Confirmed
B003338,C002656,T000033,2026-05-17,1791.99,Confirmed
B003339,C000980,T000038,2026-09-18,4304.13,Confirmed
B003340,C004530,T000045,2025-12-13,1025.26,Confirmed
B003341,C003403,T000046,2026-07-07,662.53,Confirmed
B003342,C003872,T000035,2026-06-11,3238.42,Cancelled
B003343,C000278,T000043,2026-06-17,2037.84,Confirmed
B003344,C000233,T000003,2026-09-07,1982.42,Cancelled
B003345,C001553,T000019,2026-08-19,3592.44,Cancelled
B003346,C003271,T000010,2026-03-24,4325.47,Confirmed
B003347,C002410,T000027,2026-06-07,1949.79,Confirmed
B003348,C003513,T000015,2026-05-09,1962.56,Confirmed
B003349,C000026,T000011,2026-09-26,2902.33,Confirmed
B003350,C000461,T000047,2026-04-21,3439.33,Cancelled
B003351,C003765,T000026,2025-09-03,1413.08,Confirmed
B003352,C003432,T000024,2026-02-06,4607.06,Confirmed
B003353,C003484,T000013,2025-12-03,3444.87,Confirmed
B003354,C001995,T000032,2026-04-24,3313.23,Confirmed
B003355,C000491,T000037,2025-12-16,4568.88,Confirmed
B003356,C001073,T000004,2025-12-07,4582.69,Confirmed
B003357,C003174,T000013,2025-12-09,1109.98,Confirmed
B003358,C000216,T000009,2025-12-12,1152.84,Confirmed
B003359,C001724,T000049,2025-10-07,3928.77,Confirmed
B003360,C001593,T000034,2026-04-02,4805.96,Pending
B003361,C002607,T000037,2025-11-18,3499.31,Confirmed
B003362,C000159,T000048,2026-06-12,2350.93,Confirmed
B003363,C004782,T000007,2025-11-21,3575.63,Confirmed
B003364,C003314,T000001,2026-02-02,1529.65,Cancelled
B003365,C002842,T000012,2025-12-17,4990.85,Confirmed
B003366,C001777,T000021,2026-04-30,2439.88,Cancelled
B003367,C002053,T000011,2026-10-08,4692.59,Confirmed
B003368,C002296,T000044,2025-12-30,2438.59,Confirmed
B003369,C001697,T000044,2025-12-11,4676.63,Confirmed
B003370,C002994,T000044,2026-03-20,2010.58,Pending
B003371,C002470,T000014,2026-08-31,3922.44,Confirmed
B003372,C001947,T000034,2026-05-08,4779.51,Confirmed
B003373,C003810,T000034,2026-06-15,3406.91,Confirmed
B003374,C002784,T000025,2026-06-09,3549.04,Confirmed
B003375,C003645,T000004,2025-11-16,962.99,Pending
B003376,C002501,T000026,2025-10-24,2633.99,Confirmed
B003377,C003646,T000016,2026-04-05,4490.4,Cancelled
B003378,C002646,T000010,2026-05-24,1584.09,Confirmed
B003379,C002350,T000045,2025-12-22,4047.63,Confirmed
B003380,C001933,T000002,2026-09-10,3540.69,Confirmed
B003381,C003295,T000035,2026-03-19,1503.44,Confirmed
B003382,C001758,T000019,2026-03-21,1772.56,Confirmed
B003383,C001117,T000006,2026-01-26,2424.02,Confirmed
B003384,C002568,T000019,2026-06-24,1063.08,Confirmed
B003385,C003500,T000008,2026-01-29,4610.17,Cancelled
B003386,C000493,T000014,2026-09-02,3827.11,Cancelled
B003387,C003307,T000010,2026-03-05,2142.34,Confirmed
B003388,C000620,T000003,2026-06-17,1848.49,Cancelled
B003389,C003233,T000038,2026-08-13,3603.1,Confirmed
B003390,C003824,T000029,2026-09-04,2408.99,Confirmed
B003391,C002381,T000015,2026-02-27,1532.01,Confirmed
B003392,C001547,T000023,2026-08-09,2435.68,Confirmed
B003393,C004959,T000023,2026-06-17,4420.84,Cancelled
B003394,C003564,T000018,2026-07-10,808.73,Confirmed
B003395,C001606,T000046,2026-06-04,2157.61,Confirmed
B003396,C003753,T000019,2026-07-25,4830.53,Confirmed
B003397,C004676,T000028,2026-08-07,566.74,Confirmed
B003398,C001891,T000026,2026-01-04,4507.88,Confirmed
B003399,C001276,T000010,2026-03-09,2186.75,Confirmed
B003400,C002744,T000047,2026-04-07,1352.83,Confirmed
B003401,C002494,T000004,2026-04-03,567.41,Cancelled
B003402,C000357,T000002,2026-11-30,817.35,Confirmed
B003403,C000870,T000003,2026-05-15,1273.3,Confirmed
B003404,C000886,T000007,2025-10-29,614.34,Confirmed
B003405,C002002,T000016,2025-12-15,2011.32,Confirmed
B003406,C001284,T000031,2026-02-20,702.02,Confirmed
B003407,C000620,T000010,2026-05-15,3614.97,Confirmed
B003408,C000883,T000019,2026-05-01,4185.08,Confirmed
B003409,C000797,T000028,2026-04-06,4493.59,Cancelled
B003410,C003643,T000017,2026-02-26,2971.08,Cancelled
B003411,C003426,T000028,2026-08-13,4759.29,Pending
B003412,C001297,T000019,2026-05-01,525.4,Pending
B003413,C004715,T000037,2025-09-29,1103.08,Confirmed
B003414,C000245,T000023,2026-04-10,1819.25,Cancelled
B003415,C002896,T000020,2026-07-10,4050.61,Confirmed
B003416,C000930,T000013,2026-03-21,4484.25,Confirmed
B003417,C000520,T000013,2025-11-06,3281.61,Confirmed
B003418,C003213,T000043,2026-06-26,2224.56,Confirmed
B003419,C002410,T000011,2026-10-09,3496.31,Pending
B003420,C000008,T000048,2026-08-28,1314.05,Confirmed
B003421,C002526,T000015,2025-12-28,2560.43,Cancelled
B003422,C003424,T000017,2025-12-11,2783.95,Confirmed
B003423,C002020,T000050,2026-10-13,971.92,Confirmed
B003424,C004591,T000028,2026-03-05,652.43,Confirmed
B003425,C004283,T000019,2026-08-23,3875.47,Cancelled
B003426,C003668,T000004,2025-11-12,2906.18,Cancelled
B003427,C003672,T000022,2026-04-13,1995.07,Cancelled
B003428,C002802,T000022,2026-05-21,2467.53,Confirmed
B003429,C000086,T000037,2025-12-02,4809.67,Confirmed
B003430,C003116,T000039,2025-10-02,2232.11,Confirmed
B003431,C004233,T000034,2026-07-23,965.66,Confirmed
B003432,C002469,T000033,2026-05-24,2586.21,Cancelled
B003433,C003620,T000044,2026-03-04,3416.22,Confirmed
B003434,C001637,T000042,2026-04-02,554.51,Confirmed
B003435,C003584,T000040,2026-07-14,1995.53,Confirmed
B003436,C004010,T000033,2026-01-23,2270.81,Confirmed
B003437,C003327,T000012,2025-12-01,2586.72,Confirmed
B003438,C002219,T000002,2026-11-04,1857.58,Pending
B003439,C002218,T000028,2026-07-12,3501.15,Confirmed
B003440,C004968,T000010,2026-04-19,4751.19,Confirmed
B003441,C002370,T000022,2026-06-12,4612.99,Confirmed
B003442,C003639,T000017,2025-12-11,3489.77,Cancelled
B003443,C002504,T000026,2025-08-01,2780.98,Confirmed
B003444,C000944,T000003,2026-06-25,4216.17,Confirmed
B003445,C002838,T000007,2025-12-31,4261.72,Confirmed
B003446,C002661,T000044,2025-11-25,4233.08,Confirmed
B003447,C002937,T000008,2025-11-26,1210.31,Confirmed
B003448,C004445,T000020,2026-07-07,614.45,Pending
B003449,C003948,T000012,2026-03-01,4924.37,Confirmed
B003450,C001677,T000035,2026-04-16,4818.44,Confirmed
B003451,C001197,T000017,2025-12-30,3039.7,Confirmed
B003452,C004106,T000028,2026-06-07,4968.79,Confirmed
B003453,C002788,T000041,2026-08-04,3967.46,Confirmed
B003454,C001462,T000010,2026-04-29,2828.21,Confirmed
B003455,C003319,T000022,2026-03-18,2251.99,Confirmed
B003456,C000667,T000038,2026-09-21,3167.88,Confirmed
B003457,C002177,T000033,2026-04-12,2821.11,Cancelled
B003458,C003744,T000022,2026-04-02,4972.11,Confirmed
B003459,C000601,T000044,2026-02-18,2707.07,Cancelled
B003460,C002653,T000037,2026-01-07,4261.64,Confirmed
B003461,C004423,T000013,2025-11-03,4161.31,Confirmed
B003462,C003825,T000027,2026-04-23,821.33,Confirmed
B003463,C003907,T000015,2026-01-12,891.53,Confirmed
B003464,C000980,T000022,2026-06-09,3469.15,Confirmed
B003465,C002452,T000030,2025-11-03,1665.99,Cancelled
B003466,C000629,T000043,2026-05-12,3458.87,Confirmed
B003467,C001630,T000040,2026-06-12,1150.82,Cancelled
B003468,C003697,T000037,2026-01-07,2286.81,Confirmed
B003469,C003431,T000034,2026-07-01,961.12,Cancelled
B003470,C003675,T000044,2025-11-19,1769.42,Confirmed
B003471,C003930,T000034,2026-05-02,897.34,Confirmed
B003472,C002766,T000048,2026-07-31,4867.6,Cancelled
B003473,C004370,T000035,2026-03-20,2277.76,Confirmed
B003474,C004781,T000042,2026-04-04,4555.35,Confirmed
B003475,C000116,T000019,2026-04-10,4870.27,Confirmed
B003476,C004957,T000008,2026-02-08,4593.03,Pending
B003477,C002004,T000039,2025-12-07,2547.32,Confirmed
B003478,C000693,T000033,2026-02-19,4005.04,Confirmed
B003479,C003163,T000044,2026-04-29,1191.65,Cancelled
B003480,C001106,T000028,2026-06-06,926.75,Cancelled
B003481,C003009,T000037,2026-01-30,4446.06,Confirmed
B003482,C002162,T000048,2026-06-19,640.04,Confirmed
B003483,C000154,T000025,2026-09-02,4875.47,Confirmed
B003484,C003700,T000036,2026-05-30,3524.6,Confirmed
B003485,C004411,T000017,2026-01-31,2388.26,Confirmed
B003486,C003787,T000024,2026-04-02,1136.19,Confirmed
B003487,C001065,T000021,2026-06-21,3754.54,Confirmed
B003488,C004201,T000002,2026-11-18,3034.0,Pending
B003489,C001914,T000031,2025-09-13,3700.07,Confirmed
B003490,C001217,T000044,2025-12-15,2380.65,Confirmed
B003491,C002402,T000033,2026-02-05,798.17,Confirmed
B003492,C001773,T000030,2025-11-23,1917.37,Confirmed
B003493,C001961,T000012,2026-01-16,1917.59,Confirmed
B003494,C002781,T000044,2026-03-05,539.06,Confirmed
B003495,C004805,T000012,2026-02-08,543.11,Cancelled
B003496,C004747,T000049,2026-01-26,1988.41,Confirmed
B003497,C002872,T000024,2026-01-17,3774.31,Confirmed
B003498,C000661,T000024,2026-04-28,3308.2,Confirmed
B003499,C002636,T000011,2026-07-24,1575.58,Confirmed
B003500,C002330,T000013,2026-01-25,3212.43,Confirmed
B003501,C003955,T000027,2026-07-10,3413.2,Confirmed
B003502,C002451,T000008,2025-12-09,2851.56,Confirmed
B003503,C001133,T000010,2026-02-14,2846.09,Cancelled
B003504,C000700,T000008,2025-10-30,2163.87,Confirmed
B003505,C002039,T000020,2026-10-10,1055.27,Confirmed
B003506,C004648,T000008,2026-02-28,2234.68,Confirmed
B003507,C004501,T000009,2026-04-11,2054.0,Cancelled
B003508,C004558,T000007,2025-08-24,3163.88,Confirmed
B003509,C002180,T000014,2026-10-04,4353.17,Pending
B003510,C002839,T000028,2026-06-26,2189.19,Confirmed
B003511,C000874,T000002,2026-12-02,3693.81,Pending
B003512,C000084,T000043,2026-09-03,4153.24,Confirmed
B003513,C001423,T000008,2026-02-14,1452.88,Confirmed
B003514,C002676,T000013,2026-03-31,4557.43,Pending
B003515,C003181,T000021,2026-09-02,817.0,Confirmed
B003516,C004317,T000047,2026-05-01,4557.74,Confirmed
B003517,C003976,T000028,2026-04-19,1236.35,Cancelled
B003518,C001392,T000035,2026-06-03,2017.26,Confirmed
B003519,C003219,T000023,2026-05-13,3223.56,Confirmed
B003520,C004208,T000046,2026-08-08,4575.58,Confirmed
B003521,C000615,T000015,2026-05-19,1650.66,Confirmed
B003522,C002972,T000002,2026-06-28,3936.08,Cancelled
B003523,C003566,T000012,2025-10-11,3696.96,Cancelled
B003524,C003577,T000036,2026-01-02,1218.69,Confirmed
B003525,C004571,T000003,2026-04-11,2657.59,Cancelled
B003526,C000271,T000005,2025-11-18,2666.77,Pending
B003527,C004067,T000003,2026-09-02,1870.75,Confirmed
B003528,C002469,T000047,2026-04-22,4009.65,Confirmed
B003529,C001391,T000019,2026-06-05,4666.7,Confirmed
B003530,C003355,T000002,2026-10-11,3724.58,Cancelled
B003531,C004136,T000044,2026-02-08,4878.3,Confirmed
B003532,C003608,T000037,2026-01-19,727.11,Cancelled
B003533,C002584,T000017,2026-04-18,667.5,Pending
B003534,C004074,T000014,2026-07-02,4522.36,Confirmed
B003535,C003076,T000028,2026-04-14,4540.1,Confirmed
B003536,C003907,T000027,2026-07-23,982.04,Confirmed
B003537,C000290,T000010,2026-04-20,2108.51,Confirmed
B003538,C002481,T000003,2026-08-20,4259.28,Confirmed
B003539,C003253,T000036,2026-03-10,1078.43,Confirmed
B003540,C000279,T000038,2026-09-18,1703.43,Confirmed
B003541,C002925,T000025,2026-05-15,3564.48,Pending
B003542,C000581,T000022,2026-05-21,4918.55,Confirmed
B003543,C004959,T000048,2026-06-29,4087.12,Confirmed
B003544,C000254,T000039,2025-09-28,3997.93,Cancelled
B003545,C004277,T000047,2026-03-07,2041.98,Confirmed
B003546,C004777,T000030,2026-01-26,3476.04,Confirmed
B003547,C000825,T000021,2026-05-28,1008.9,Confirmed
B003548,C003833,T000030,2026-01-21,4965.2,Cancelled
B003549,C000700,T000028,2026-03-20,2662.63,Confirmed
B003550,C001381,T000031,2025-11-24,3374.64,Confirmed
B003551,C003897,T000026,2025-10-30,4442.77,Pending
B003552,C001674,T000043,2026-06-10,504.34,Confirmed
B003553,C002728,T000022,2026-03-13,4891.92,Confirmed
B003554,C003157,T000021,2026-08-08,2116.22,Confirmed
B003555,C003389,T000001,2025-12-18,2028.16,Confirmed
B003556,C004308,T000037,2025-10-12,1152.79,Confirmed
B003557,C000384,T000013,2025-11-14,4361.83,Confirmed
B003558,C000342,T000021,2026-08-19,4418.78,Cancelled
B003559,C001988,T000046,2026-09-25,589.95,Cancelled
B003560,C004060,T000009,2026-02-03,750.76,Confirmed
B003561,C004940,T000017,2026-02-06,4632.54,Confirmed
B003562,C003110,T000047,2026-01-05,1052.91,Cancelled
B003563,C004083,T000021,2026-07-05,3294.17,Confirmed
B003564,C004516,T000031,2025-09-03,3288.43,Confirmed
B003565,C002799,T000039,2025-09-24,4413.79,Confirmed
B003566,C003241,T000022,2026-01-12,3076.94,Confirmed
B003567,C001989,T000012,2025-12-02,2453.05,Confirmed
B003568,C003415,T000006,2026-03-17,4884.71,Confirmed
B003569,C001850,T000016,2026-01-23,1529.67,Confirmed
B003570,C000306,T000026,2026-01-13,1682.23,Confirmed
B003571,C003614,T000005,2025-10-10,881.46,Confirmed
B003572,C002750,T000009,2026-04-01,4888.93,Confirmed
B003573,C004965,T000046,2026-09-05,3678.62,Confirmed
B003574,C001136,T000040,2026-06-26,554.44,Confirmed
B003575,C000206,T000014,2026-08-19,3669.41,Confirmed
B003576,C004592,T000044,2026-03-15,2318.61,Confirmed
B003577,C003451,T000042,2025-11-23,4853.97,Confirmed
B003578,C003812,T000030,2026-01-04,1748.24,Confirmed
B003579,C003623,T000026,2025-10-25,3696.29,Confirmed
B003580,C003600,T000045,2025-12-12,3323.45,Confirmed
B003581,C002552,T000029,2026-08-14,554.22,Confirmed
B003582,C004309,T000019,2026-03-24,4483.48,Cancelled
B003583,C000310,T000047,2026-01-11,1128.26,Cancelled
B003584,C002709,T000008,2026-03-11,3486.15,Confirmed
B003585,C001992,T000023,2026-05-02,3989.97,Confirmed
B003586,C000272,T000042,2025-11-17,3339.17,Confirmed
B003587,C003643,T000035,2026-06-02,937.01,Confirmed
B003588,C004087,T000031,2025-09-20,4888.31,Pending
B003589,C001823,T000035,2026-01-19,1565.68,Confirmed
B003590,C003274,T000032,2026-01-27,3325.39,Confirmed
B003591,C004539,T000005,2025-12-14,4087.3,Confirmed
B003592,C004350,T000016,2025-11-16,4726.56,Confirmed
B003593,C000521,T000017,2025-12-11,3218.05,Confirmed
B003594,C000977,T000032,2026-06-03,1665.74,Confirmed
B003595,C003723,T000038,2026-11-14,4264.88,Confirmed
B003596,C003552,T000032,2026-04-20,1234.49,Pending
B003597,C004106,T000020,2026-06-20,600.27,Confirmed
B003598,C002774,T000048,2026-05-13,4586.67,Cancelled
B003599,C002553,T000002,2026-12-05,3089.25,Cancelled
B003600,C002833,T000020,2026-07-14,813.39,Cancelled
B003601,C003908,T000047,2026-06-04,3108.78,Confirmed
B003602,C000153,T000018,2026-08-18,1152.56,Confirmed
B003603,C002965,T000001,2025-10-26,641.24,Confirmed
B003604,C002917,T000029,2026-10-08,1024.36,Pending
B003605,C002801,T000029,2026-09-19,3987.98,Cancelled
B003606,C001753,T000019,2026-08-21,3900.47,Confirmed
B003607,C002611,T000044,2026-03-08,3219.43,Confirmed
B003608,C003876,T000040,2026-06-16,1441.98,Confirmed
B003609,C001105,T000006,2026-02-14,3825.35,Confirmed
B003610,C002537,T000044,2026-04-14,2336.2,Cancelled
B003611,C004991,T000039,2025-08-30,2798.39,Cancelled
B003612,C004200,T000050,2026-07-02,4539.38,Confirmed
B003613,C003855,T000046,2026-09-22,2560.36,Confirmed
B003614,C003495,T000008,2025-11-05,3318.65,Confirmed
B003615,C001915,T000024,2026-02-04,4827.88,Confirmed
B003616,C003073,T000020,2026-08-15,2531.25,Cancelled
B003617,C001007,T000014,2026-07-05,3023.28,Cancelled
B003618,C000407,T000005,2025-12-21,3129.87,Confirmed
B003619,C000167,T000041,2026-09-01,1583.2,Confirmed
B003620,C000509,T000040,2026-04-10,3816.15,Confirmed
B003621,C001662,T000034,2026-07-18,3769.87,Cancelled
B003622,C003665,T000016,2026-01-05,1461.01,Confirmed
B003623,C003490,T000045,2025-08-15,560.02,Confirmed
B003624,C004859,T000007,2025-10-20,4995.24,Confirmed
B003625,C000681,T000016,2025-12-17,3117.14,Cancelled
B003626,C002525,T000007,2025-09-15,1314.64,Confirmed
B003627,C002121,T000027,2026-03-24,1776.04,Confirmed
B003628,C004678,T000014,2026-11-01,3280.06,Confirmed
B003629,C004358,T000014,2026-11-02,1119.27,Confirmed
B003630,C001364,T000044,2026-01-14,667.76,Cancelled
B003631,C001332,T000033,2026-04-05,4093.16,Confirmed
B003632,C002293,T000033,2026-06-24,3721.31,Confirmed
B003633,C001539,T000044,2026-02-21,1893.21,Confirmed
B003634,C003409,T000020,2026-07-12,763.21,Confirmed
B003635,C000561,T000047,2026-01-01,2688.22,Cancelled
B003636,C001100,T000036,2026-01-15,1742.84,Confirmed
B003637,C001904,T000007,2025-09-16,2290.01,Cancelled
B003638,C000175,T000032,2026-02-09,1732.86,Confirmed
B003639,C002157,T000048,2026-04-28,1288.7,Confirmed
B003640,C002231,T000003,2026-05-04,2241.45,Confirmed
B003641,C004288,T000039,2025-10-16,4842.02,Confirmed
B003642,C004161,T000029,2026-11-23,1698.03,Confirmed
B003643,C003921,T000024,2026-03-25,2011.85,Confirmed
B003644,C001498,T000022,2026-07-04,1981.59,Confirmed
B003645,C003855,T000006,2026-01-22,2661.3,Cancelled
B003646,C003172,T000048,2026-05-29,4295.77,Confirmed
B003647,C001568,T000024,2026-01-13,2309.55,Confirmed
B003648,C001152,T000040,2026-05-07,4127.67,Cancelled
B003649,C000369,T000023,2026-07-26,1017.55,Pending
B003650,C004947,T000038,2026-11-11,4527.08,Confirmed
B003651,C000043,T000010,2026-06-17,1333.87,Cancelled
B003652,C001908,T000016,2026-01-10,676.41,Confirmed
B003653,C003491,T000011,2026-10-13,1212.6,Pending
B003654,C002536,T000032,2026-06-12,1358.37,Confirmed
B003655,C004174,T000045,2025-12-05,2788.27,Pending
B003656,C002874,T000006,2026-01-10,2524.72,Confirmed
B003657,C001825,T000024,2026-03-08,3721.43,Confirmed
B003658,C001294,T000033,2026-03-25,729.28,Confirmed
B003659,C004770,T000012,2025-12-25,2739.68,Confirmed
B003660,C004797,T000027,2026-06-17,1996.12,Confirmed
B003661,C004855,T000038,2026-08-05,3338.18,Confirmed
B003662,C003387,T000018,2026-08-20,696.65,Confirmed
B003663,C002973,T000045,2025-08-31,657.21,Confirmed
B003664,C003923,T000039,2025-11-11,2422.63,Confirmed
B003665,C004998,T000013,2025-11-04,4151.03,Confirmed
B003666,C000993,T000040,2026-03-12,3519.92,Confirmed
B003667,C002387,T000030,2025-11-17,575.18,Confirmed
B003668,C002241,T000049,2025-10-21,1303.12,Confirmed
B003669,C001477,T000041,2026-11-09,1520.29,Confirmed
B003670,C003408,T000013,2025-11-13,2403.77,Cancelled
B003671,C000390,T000034,2026-06-02,3140.22,Confirmed
B003672,C001000,T000036,2026-04-05,1474.07,Confirmed
B003673,C004621,T000030,2025-12-09,2221.31,Confirmed
B003674,C001856,T000025,2026-08-27,3127.75,Confirmed
B003675,C000659,T000002,2026-10-03,2225.46,Confirmed
B003676,C002764,T000036,2026-04-29,1144.26,Pending
B003677,C003664,T000018,2026-09-02,2712.48,Cancelled
B003678,C004987,T000005,2026-01-13,1957.97,Confirmed
B003679,C001482,T000019,2026-06-10,4388.85,Confirmed
B003680,C003732,T000042,2026-01-10,3990.31,Confirmed
B003681,C000452,T000018,2026-07-04,1356.24,Confirmed
B003682,C002476,T000032,2026-04-17,1186.86,Cancelled
B003683,C003223,T000021,2026-07-21,2064.55,Cancelled
B003684,C001538,T000010,2026-07-10,2354.79,Confirmed
B003685,C003094,T000037,2026-01-29,4694.08,Confirmed
B003686,C000883,T000049,2025-11-14,1857.29,Confirmed
B003687,C004409,T000022,2026-06-22,4404.13,Confirmed
B003688,C004069,T000013,2025-10-13,2773.89,Cancelled
B003689,C004936,T000017,2026-03-05,4485.31,Confirmed
B003690,C002567,T000009,2026-03-14,3658.79,Confirmed
B003691,C003278,T000024,2026-04-11,3687.75,Cancelled
B003692,C000375,T000044,2025-12-01,2834.59,Confirmed
B003693,C004547,T000014,2026-08-05,4281.37,Confirmed
B003694,C003698,T000046,2026-09-07,1644.91,Confirmed
B003695,C003063,T000008,2026-02-18,4583.08,Confirmed
B003696,C004691,T000037,2026-01-27,3365.49,Confirmed
B003697,C003251,T000019,2026-08-29,2474.19,Confirmed
B003698,C004596,T000028,2026-05-26,4919.85,Cancelled
B003699,C004560,T000046,2026-10-31,4379.06,Confirmed
B003700,C000113,T000041,2026-08-02,3974.09,Confirmed
B003701,C003198,T000030,2025-10-19,1732.56,Cancelled
B003702,C002379,T000007,2025-10-17,4881.83,Confirmed
B003703,C001925,T000026,2025-11-03,3843.44,Cancelled
B003704,C000140,T000040,2026-08-02,3223.48,Confirmed
B003705,C001425,T000046,2026-11-06,4648.1,Confirmed
B003706,C002950,T000046,2026-07-17,1229.82,Confirmed
B003707,C003169,T000011,2026-07-28,1125.57,Confirmed
B003708,C000517,T000014,2026-06-29,3036.71,Pending
B003709,C002617,T000021,2026-05-11,755.21,Confirmed
B003710,C000888,T000008,2025-10-25,3487.94,Confirmed
B003711,C003105,T000003,2026-07-13,1583.34,Confirmed
B003712,C000050,T000028,2026-04-14,1035.62,Confirmed
B003713,C003952,T000029,2026-07-13,2342.73,Cancelled
B003714,C003561,T000023,2026-04-29,2596.77,Pending
B003715,C000019,T000018,2026-07-03,1267.18,Confirmed
B003716,C004822,T000035,2026-04-03,686.91,Confirmed
B003717,C001474,T000013,2026-01-09,2363.25,Confirmed
B003718,C004062,T000012,2025-12-05,3917.87,Confirmed
B003719,C002607,T000047,2026-02-03,4433.9,Confirmed
B003720,C000452,T000050,2026-07-08,938.97,Confirmed
B003721,C003766,T000005,2025-10-29,2861.04,Cancelled
B003722,C002439,T000039,2026-02-12,1685.31,Confirmed
B003723,C004311,T000011,2026-09-04,2185.85,Confirmed
B003724,C001550,T000011,2026-10-14,4700.49,Confirmed
B003725,C003475,T000047,2025-12-31,2084.34,Confirmed
B003726,C000128,T000042,2026-01-09,2144.06,Confirmed
B003727,C004856,T000047,2026-02-28,1442.28,Confirmed
B003728,C002762,T000031,2026-02-14,4820.08,Confirmed
B003729,C004457,T000031,2025-12-06,2554.19,Confirmed
B003730,C004665,T000013,2025-12-13,3066.76,Confirmed
B003731,C001416,T000014,2026-07-25,2539.26,Pending
B003732,C000202,T000049,2026-01-28,1638.14,Cancelled
B003733,C002370,T000045,2025-11-28,4146.86,Confirmed
B003734,C000518,T000042,2026-02-06,628.12,Cancelled
B003735,C001342,T000025,2026-10-25,3606.1,Confirmed
B003736,C004777,T000033,2026-05-10,3174.23,Cancelled
B003737,C001989,T000033,2026-05-28,1149.26,Confirmed
B003738,C003546,T000015,2025-12-13,1246.57,Confirmed
B003739,C004521,T000016,2026-03-05,3466.52,Confirmed
B003740,C003803,T000044,2025-12-16,1904.62,Confirmed
B003741,C003276,T000038,2026-10-06,1695.82,Confirmed
B003742,C003655,T000006,2026-06-14,766.2,Confirmed
B003743,C002435,T000044,2026-02-27,3949.17,Confirmed
B003744,C004874,T000025,2026-08-10,4472.02,Confirmed
B003745,C000208,T000015,2026-04-24,4189.3,Confirmed
B003746,C002634,T000004,2026-02-27,2597.15,Confirmed
B003747,C004118,T000004,2026-01-18,2902.8,Confirmed
B003748,C000154,T000030,2025-08-28,1590.24,Confirmed
B003749,C003367,T000034,2026-04-12,1277.85,Confirmed
B003750,C004315,T000027,2026-06-27,4203.51,Confirmed
B003751,C004765,T000031,2026-01-03,4092.55,Confirmed
B003752,C001519,T000032,2026-06-01,3998.12,Confirmed
B003753,C002601,T000044,2026-02-13,2585.12,Cancelled
B003754,C002196,T000039,2025-10-18,4390.28,Cancelled
B003755,C004499,T000009,2026-02-27,4668.04,Confirmed
B003756,C004692,T000041,2026-08-19,1977.55,Confirmed
B003757,C003555,T000008,2025-12-16,1511.13,Confirmed
B003758,C002415,T000014,2026-08-14,2589.18,Confirmed
B003759,C002850,T000033,2026-05-26,1306.97,Confirmed
B003760,C001743,T000023,2026-08-05,4478.01,Confirmed
B003761,C001307,T000021,2026-08-29,2020.96,Confirmed
B003762,C003850,T000012,2025-11-28,3092.77,Pending
B003763,C004169,T000002,2026-07-02,3176.24,Confirmed
B003764,C004577,T000013,2025-12-01,2817.45,Confirmed
B003765,C004656,T000004,2025-11-02,1204.37,Confirmed
B003766,C004841,T000020,2026-06-22,4959.5,Cancelled
B003767,C004196,T000050,2026-08-02,1276.71,Confirmed
B003768,C002556,T000048,2026-06-10,3881.78,Pending
B003769,C002306,T000014,2026-08-22,4061.13,Cancelled
B003770,C004509,T000030,2025-11-03,1153.24,Confirmed
B003771,C001089,T000029,2026-08-24,4699.24,Confirmed
B003772,C002643,T000008,2025-10-23,2694.91,Confirmed
B003773,C001178,T000012,2025-10-16,3329.97,Pending
B003774,C004917,T000041,2026-10-09,3389.84,Pending
B003775,C004758,T000038,2026-10-19,2772.3,Confirmed
B003776,C002995,T000026,2026-01-05,1139.1,Confirmed
B003777,C000560,T000050,2026-06-11,3882.89,Confirmed
B003778,C002965,T000002,2026-11-02,3118.04,Confirmed
B003779,C001272,T000040,2026-05-16,1034.06,Cancelled
B003780,C001814,T000014,2026-11-01,3651.45,Confirmed
B003781,C002916,T000006,2026-06-13,3662.43,Cancelled
B003782,C000610,T000042,2025-11-18,2968.19,Confirmed
B003783,C002462,T000040,2026-08-19,907.47,Confirmed
B003784,C004121,T000031,2025-10-12,2086.9,Confirmed
B003785,C000284,T000017,2026-04-12,729.16,Confirmed
B003786,C002929,T000025,2026-08-08,2649.18,Confirmed
B003787,C004397,T000032,2026-01-29,4579.01,Confirmed
B003788,C001092,T000012,2026-03-12,510.14,Confirmed
B003789,C000817,T000049,2025-10-17,1699.87,Confirmed
B003790,C000083,T000013,2026-02-22,4099.37,Confirmed
B003791,C001921,T000019,2026-09-06,544.37,Pending
B003792,C003492,T000044,2026-03-30,545.78,Confirmed
B003793,C003145,T000048,2026-08-05,3248.68,Confirmed
B003794,C002094,T000025,2026-10-03,4051.4,Confirmed
B003795,C004714,T000031,2026-01-05,3994.27,Confirmed
B003796,C000176,T000037,2025-12-05,4008.1,Confirmed
B003797,C002705,T000025,2026-06-09,2124.53,Pending
B003798,C004938,T000016,2026-02-05,4472.26,Confirmed
B003799,C000370,T000038,2026-09-06,557.76,Confirmed
B003800,C001819,T000043,2026-09-23,1904.85,Cancelled
B003801,C002102,T000049,2025-12-06,2017.34,Confirmed
B003802,C004786,T000023,2026-04-29,1245.07,Cancelled
B003803,C003491,T000014,2026-11-10,2013.02,Cancelled
B003804,C001780,T000006,2026-05-11,3136.48,Confirmed
B003805,C001365,T000025,2026-07-15,2841.26,Confirmed
B003806,C004463,T000023,2026-08-20,1937.42,Confirmed
B003807,C003343,T000043,2026-08-21,3871.97,Confirmed
B003808,C004740,T000012,2026-01-06,3716.56,Confirmed
B003809,C003677,T000013,2026-01-29,1763.13,Confirmed
B003810,C002427,T000036,2026-04-17,1954.53,Cancelled
B003811,C000073,T000039,2026-02-16,1793.84,Confirmed
B003812,C002963,T000034,2026-05-11,1079.83,Confirmed
B003813,C000860,T000006,2026-03-02,3887.52,Confirmed
B003814,C003857,T000038,2026-10-10,708.24,Confirmed
B003815,C004139,T000050,2026-05-19,1177.61,Confirmed
B003816,C002425,T000040,2026-07-17,973.87,Cancelled
B003817,C001065,T000008,2026-01-08,4214.03,Confirmed
B003818,C002218,T000008,2025-10-22,698.04,Cancelled
B003819,C004018,T000040,2026-07-29,3490.82,Confirmed
B003820,C002260,T000033,2026-04-12,700.14,Pending
B003821,C003752,T000034,2026-07-21,4039.0,Confirmed
B003822,C002087,T000044,2025-12-20,4607.21,Confirmed
B003823,C000369,T000015,2026-04-15,2690.79,Confirmed
B003824,C002805,T000036,2026-05-20,4120.44,Pending
B003825,C000151,T000035,2026-06-10,3678.85,Confirmed
B003826,C001135,T000046,2026-08-31,4080.36,Confirmed
B003827,C002785,T000022,2026-05-15,3950.49,Confirmed
B003828,C004165,T000023,2026-06-08,1424.16,Confirmed
B003829,C002347,T000040,2026-05-13,2748.02,Confirmed
B003830,C004898,T000045,2025-12-01,4821.86,Confirmed
B003831,C002251,T000022,2026-04-06,2045.9,Confirmed
B003832,C000061,T000005,2025-10-08,4867.19,Confirmed
B003833,C003011,T000031,2025-10-07,3124.23,Confirmed
B003834,C003902,T000013,2025-11-20,2577.25,Pending
B003835,C001338,T000028,2026-05-21,3459.91,Confirmed
B003836,C001185,T000020,2026-11-19,4171.28,Confirmed
B003837,C004427,T000033,2026-04-15,2273.94,Pending
B003838,C001552,T000016,2026-01-19,648.29,Confirmed
B003839,C004434,T000029,2026-06-14,3689.63,Confirmed
B003840,C001630,T000023,2026-06-30,4802.75,Confirmed
B003841,C001328,T000024,2026-03-09,3312.44,Confirmed
B003842,C001527,T000034,2026-07-23,1347.87,Confirmed
B003843,C001674,T000007,2025-09-29,1617.09,Confirmed
B003844,C001362,T000038,2026-10-24,4593.88,Confirmed
B003845,C001574,T000037,2025-12-25,561.03,Confirmed
B003846,C002687,T000004,2025-10-27,2969.36,Confirmed
B003847,C004371,T000034,2026-09-10,1214.05,Confirmed
B003848,C002367,T000042,2026-02-17,1772.44,Confirmed
B003849,C003758,T000022,2026-03-15,1881.42,Pending
B003850,C002435,T000005,2025-12-31,1486.77,Pending
B003851,C001994,T000050,2026-05-23,4065.58,Cancelled
B003852,C000870,T000042,2025-11-19,1994.94,Pending
B003853,C001015,T000023,2026-06-05,2054.68,Confirmed
B003854,C001912,T000015,2026-04-26,2538.53,Cancelled
B003855,C000603,T000031,2025-11-09,4560.33,Confirmed
B003856,C003822,T000009,2026-03-26,3596.78,Confirmed
B003857,C000691,T000043,2026-05-28,777.87,Confirmed
B003858,C000494,T000025,2026-10-22,676.68,Cancelled
B003859,C000490,T000025,2026-06-29,3048.75,Confirmed
B003860,C002557,T000049,2025-10-05,4491.77,Confirmed
B003861,C004486,T000021,2026-07-06,1954.63,Cancelled
B003862,C000295,T000009,2026-02-18,1614.97,Confirmed
B003863,C004028,T000048,2026-07-07,3866.86,Confirmed
B003864,C002844,T000038,2026-09-12,3209.41,Confirmed
B003865,C002913,T000022,2026-06-16,3042.62,Confirmed
B003866,C001718,T000043,2026-05-07,1171.86,Confirmed
B003867,C002597,T000023,2026-05-08,1291.83,Confirmed
B003868,C004745,T000049,2026-02-20,1768.04,Cancelled
B003869,C001874,T000004,2025-11-13,1430.78,Confirmed
B003870,C004664,T000029,2026-10-01,4871.5,Pending
B003871,C003259,T000015,2026-04-29,583.75,Confirmed
B003872,C002818,T000001,2025-11-07,3317.25,Confirmed
B003873,C000445,T000030,2025-12-27,2829.19,Confirmed
B003874,C003642,T000029,2026-11-23,1954.63,Confirmed
B003875,C004459,T000020,2026-09-10,4494.15,Confirmed
B003876,C000742,T000033,2026-04-26,3515.73,Cancelled
B003877,C002042,T000041,2026-06-30,4992.59,Confirmed
B003878,C000680,T000044,2025-12-23,1258.95,Confirmed
B003879,C002468,T000036,2026-01-21,895.41,Confirmed
B003880,C003698,T000022,2026-03-17,1127.29,Confirmed
B003881,C001359,T000013,2026-01-12,1711.81,Confirmed
B003882,C000063,T000007,2025-09-12,2375.54,Cancelled
B003883,C002560,T000008,2026-02-03,4381.71,Confirmed
B003884,C003770,T000028,2026-06-07,1776.16,Confirmed
B003885,C004352,T000045,2025-10-09,4618.59,Confirmed
B003886,C000135,T000043,2026-08-16,2583.08,Cancelled
B003887,C003645,T000009,2026-02-14,3411.82,Confirmed
B003888,C004971,T000025,2026-10-05,1689.83,Pending
B003889,C004918,T000016,2025-12-31,1202.06,Confirmed
B003890,C002136,T000010,2026-07-12,4412.56,Pending
B003891,C003279,T000011,2026-07-11,992.78,Cancelled
B003892,C000823,T000031,2025-09-18,3983.1,Cancelled
B003893,C003075,T000012,2026-02-04,3114.43,Confirmed
B003894,C002982,T000031,2025-11-13,4375.12,Confirmed
B003895,C000121,T000014,2026-09-04,3730.18,Confirmed
B003896,C001638,T000044,2026-01-03,1767.49,Confirmed
B003897,C000925,T000032,2026-05-22,3084.92,Confirmed
B003898,C000645,T000050,2026-08-15,558.83,Confirmed
B003899,C002033,T000017,2025-12-12,2638.48,Pending
B003900,C002762,T000035,2026-05-04,887.06,Confirmed
B003901,C002069,T000001,2026-02-08,2430.25,Confirmed
B003902,C000242,T000029,2026-12-02,993.25,Confirmed
B003903,C002669,T000004,2025-10-31,4799.66,Confirmed
B003904,C000803,T000023,2026-08-14,2853.81,Confirmed
B003905,C004165,T000028,2026-06-29,4609.48,Confirmed
B003906,C000196,T000016,2026-05-03,600.65,Cancelled
B003907,C002188,T000012,2026-03-08,3369.44,Confirmed
B003908,C003516,T000021,2026-05-03,1881.3,Cancelled
B003909,C002331,T000045,2025-08-25,2443.23,Cancelled
B003910,C002360,T000017,2026-02-17,4428.89,Confirmed
B003911,C004842,T000040,2026-06-02,4910.09,Pending
B003912,C003607,T000013,2025-12-14,1609.21,Confirmed
B003913,C000277,T000032,2026-05-21,4767.14,Confirmed
B003914,C000061,T000037,2025-11-07,3599.27,Confirmed
B003915,C003391,T000050,2026-09-30,4781.36,Pending
B003916,C001914,T000015,2026-02-08,3030.65,Pending
B003917,C003928,T000012,2026-02-10,4823.4,Confirmed
B003918,C002592,T000049,2026-01-26,4516.05,Confirmed
B003919,C000567,T000015,2026-02-18,1078.66,Confirmed
B003920,C003936,T000034,2026-08-28,1898.55,Confirmed
B003921,C001572,T000006,2026-03-14,1593.78,Confirmed
B003922,C004718,T000017,2026-04-17,3074.45,Confirmed
B003923,C001201,T000048,2026-08-16,4112.6,Cancelled
B003924,C004410,T000049,2025-12-29,3917.35,Confirmed
B003925,C002855,T000020,2026-10-19,3770.37,Confirmed
B003926,C002896,T000009,2026-01-14,2188.69,Confirmed
B003927,C001237,T000005,2025-11-29,1128.37,Cancelled
B003928,C000137,T000023,2026-09-09,1447.63,Confirmed
B003929,C001030,T000033,2026-04-01,3837.55,Confirmed
B003930,C002157,T000038,2026-08-09,1163.9,Confirmed
B003931,C002595,T000014,2026-10-12,1503.26,Cancelled
B003932,C000662,T000017,2026-05-19,2410.49,Confirmed
B003933,C002473,T000019,2026-04-08,824.51,Confirmed
B003934,C002678,T000033,2026-02-04,1457.11,Confirmed
B003935,C002309,T000001,2025-10-31,1173.96,Confirmed
B003936,C000087,T000013,2026-02-15,4780.95,Confirmed
B003937,C002513,T000046,2026-07-30,1361.87,Confirmed
B003938,C002943,T000027,2026-04-13,4377.96,Confirmed
B003939,C002774,T000006,2026-06-14,1016.59,Confirmed
B003940,C002505,T000006,2026-02-03,4413.53,Confirmed
B003941,C003311,T000033,2026-05-31,3197.45,Cancelled
B003942,C001701,T000030,2025-10-06,4323.68,Confirmed
B003943,C003671,T000046,2026-07-11,4403.07,Cancelled
B003944,C002701,T000035,2026-06-08,3183.68,Confirmed
B003945,C003630,T000023,2026-09-20,4629.62,Confirmed
B003946,C004591,T000010,2026-05-27,3134.52,Confirmed
B003947,C001648,T000019,2026-04-27,3706.54,Confirmed
B003948,C003319,T000028,2026-08-11,2372.36,Confirmed
B003949,C003688,T000023,2026-05-15,4613.3,Confirmed
B003950,C000597,T000004,2026-03-23,4208.73,Confirmed
B003951,C004546,T000020,2026-07-12,1250.21,Confirmed
B003952,C000485,T000019,2026-04-23,3093.75,Cancelled
B003953,C000646,T000042,2026-01-14,4535.72,Confirmed
B003954,C003090,T000027,2026-08-24,4068.79,Confirmed
B003955,C004758,T000034,2026-08-12,4831.49,Confirmed
B003956,C004854,T000004,2025-12-18,1540.86,Confirmed
B003957,C004385,T000038,2026-09-23,2153.57,Cancelled
B003958,C000721,T000007,2025-11-01,2782.36,Confirmed
B003959,C004734,T000048,2026-07-20,1547.01,Confirmed
B003960,C000499,T000007,2025-07-31,2273.2,Cancelled
B003961,C004730,T000050,2026-11-01,2918.93,Confirmed
B003962,C001674,T000026,2025-09-22,1361.03,Confirmed
B003963,C003068,T000026,2025-08-19,1655.1,Cancelled
B003964,C000115,T000019,2026-05-14,1061.79,Confirmed
B003965,C002980,T000009,2025-11-12,3710.22,Confirmed
B003966,C004770,T000020,2026-11-23,2126.98,Confirmed
B003967,C001737,T000042,2026-03-22,1491.2,Cancelled
B003968,C003612,T000045,2025-10-30,2782.96,Confirmed
B003969,C002254,T000050,2026-07-11,807.12,Confirmed
B003970,C002295,T000016,2026-01-09,4655.33,Confirmed
B003971,C003631,T000017,2026-03-18,1825.1,Confirmed
B003972,C000147,T000022,2026-06-22,4489.09,Confirmed
B003973,C003983,T000013,2026-01-02,2739.29,Confirmed
B003974,C003454,T000012,2026-03-12,4325.68,Confirmed
B003975,C004508,T000010,2026-03-11,1611.79,Confirmed
B003976,C002411,T000001,2026-01-12,1288.72,Confirmed
B003977,C000137,T000032,2026-03-20,4322.35,Confirmed
B003978,C003361,T000030,2025-09-30,1458.16,Cancelled
B003979,C003006,T000008,2026-03-21,3857.88,Confirmed
B003980,C003553,T000021,2026-08-28,2050.63,Confirmed
B003981,C000019,T000022,2026-02-13,3866.87,Confirmed
B003982,C002243,T000018,2026-07-25,4584.41,Confirmed
B003983,C000449,T000002,2026-09-25,4917.37,Confirmed
B003984,C001949,T000048,2026-04-16,2119.14,Confirmed
B003985,C000946,T000044,2025-12-23,2153.87,Confirmed
B003986,C004237,T000009,2026-02-08,4916.24,Confirmed
B003987,C001921,T000003,2026-05-17,4376.88,Cancelled
B003988,C002978,T000026,2025-12-10,702.91,Confirmed
B003989,C004189,T000021,2026-09-15,3080.52,Confirmed
B003990,C004016,T000030,2025-08-27,1315.6,Confirmed
B003991,C000239,T000028,2026-02-26,4973.06,Confirmed
B003992,C000205,T000036,2026-05-02,1125.15,Pending
B003993,C002608,T000026,2025-09-03,3017.06,Pending
B003994,C004341,T000034,2026-05-03,3493.39,Confirmed
B003995,C004928,T000008,2026-02-18,4716.79,Confirmed
B003996,C003389,T000010,2026-03-16,4312.66,Confirmed
B003997,C002973,T000048,2026-08-22,1605.9,Pending
B003998,C004391,T000043,2026-07-19,3076.81,Confirmed
B003999,C002688,T000050,2026-09-21,4791.08,Confirmed
B004000,C004952,T000014,2026-10-11,3810.73,Confirmed
B004001,C004167,T000040,2026-04-12,3597.51,Confirmed
B004002,C001349,T000015,2026-05-02,3897.05,Confirmed
B004003,C004401,T000017,2026-03-18,1951.28,Confirmed
B004004,C000817,T000018,2026-10-26,3781.64,Confirmed
B004005,C000821,T000032,2026-06-12,1547.85,Confirmed
B004006,C000193,T000038,2026-11-20,2426.46,Confirmed
B004007,C001777,T000023,2026-06-11,4504.68,Confirmed
B004008,C003646,T000046,2026-11-10,585.37,Cancelled
B004009,C004625,T000023,2026-07-27,2364.43,Confirmed
B004010,C000251,T000035,2026-06-23,1700.7,Confirmed
B004011,C001789,T000039,2025-10-03,1393.65,Confirmed
B004012,C003701,T000015,2026-04-12,4273.59,Confirmed
B004013,C002464,T000024,2026-02-06,3634.24,Confirmed
B004014,C001168,T000028,2026-08-12,1006.85,Confirmed
B004015,C003894,T000016,2026-01-04,2725.08,Confirmed
B004016,C001097,T000016,2025-12-04,2601.08,Confirmed
B004017,C002680,T000040,2026-05-23,1141.38,Confirmed
B004018,C001848,T000039,2025-10-30,4098.93,Confirmed
B004019,C003905,T000006,2026-03-19,2150.03,Confirmed
B004020,C000505,T000002,2026-10-06,3928.72,Confirmed
B004021,C001622,T000013,2025-11-15,1364.28,Confirmed
B004022,C002473,T000044,2025-11-27,1917.83,Confirmed
B004023,C002547,T000047,2026-03-31,928.27,Cancelled
B004024,C001388,T000009,2026-01-12,1145.66,Confirmed
B004025,C002995,T000034,2026-06-25,4474.33,Confirmed
B004026,C003817,T000017,2026-05-18,991.01,Pending
B004027,C000718,T000027,2026-05-17,930.79,Confirmed
B004028,C003485,T000029,2026-08-15,4731.7,Cancelled
B004029,C004435,T000037,2025-09-10,3406.57,Confirmed
B004030,C000659,T000043,2026-05-15,954.12,Confirmed
B004031,C004009,T000022,2026-02-05,4872.73,Confirmed
B004032,C004525,T000024,2026-01-28,1161.95,Cancelled
B004033,C004995,T000007,2025-09-01,3948.56,Confirmed
B004034,C004235,T000034,2026-07-21,656.83,Confirmed
B004035,C003765,T000048,2026-05-07,3310.44,Confirmed
B004036,C002990,T000012,2025-10-19,2960.17,Confirmed
B004037,C004638,T000023,2026-05-05,1436.02,Cancelled
B004038,C002105,T000015,2026-05-08,3394.16,Confirmed
B004039,C001256,T000033,2026-04-15,3276.74,Confirmed
B004040,C002483,T000013,2025-11-13,4092.58,Confirmed
B004041,C000384,T000023,2026-05-12,4441.43,Confirmed
B004042,C002608,T000038,2026-09-12,2795.47,Confirmed
B004043,C000194,T000032,2026-02-16,2706.33,Confirmed
B004044,C003808,T000045,2025-12-29,3297.18,Confirmed
B004045,C003720,T000050,2026-10-23,3781.43,Pending
B004046,C002582,T000035,2026-05-07,2102.77,Confirmed
B004047,C002566,T000001,2026-01-04,2770.89,Cancelled
B004048,C002764,T000047,2026-01-27,3132.97,Cancelled
B004049,C002799,T000045,2025-09-23,4947.7,Confirmed
B004050,C002340,T000005,2025-10-26,3144.7,Cancelled
B004051,C003407,T000013,2025-11-16,1508.84,Confirmed
B004052,C000732,T000005,2025-11-18,3145.95,Cancelled
B004053,C002873,T000032,2026-02-14,4187.75,Confirmed
B004054,C003121,T000021,2026-07-15,4358.32,Cancelled
B004055,C004781,T000024,2026-05-24,4101.13,Confirmed
B004056,C004178,T000018,2026-07-23,4496.94,Cancelled
B004057,C002605,T000021,2026-10-07,2006.45,Cancelled
B004058,C002383,T000010,2026-04-05,2784.07,Confirmed
B004059,C000532,T000024,2026-01-06,4008.16,Confirmed
B004060,C004317,T000040,2026-06-22,1690.02,Cancelled
B004061,C000635,T000047,2026-03-09,2172.12,Confirmed
B004062,C001770,T000021,2026-05-16,4240.2,Confirmed
B004063,C003805,T000025,2026-05-30,3965.39,Confirmed
B004064,C002371,T000023,2026-06-16,4870.4,Confirmed
B004065,C000003,T000022,2026-03-28,4981.88,Confirmed
B004066,C000206,T000004,2026-01-17,1583.35,Confirmed
B004067,C004136,T000034,2026-07-11,4552.02,Confirmed
B004068,C002622,T000006,2026-02-07,925.32,Confirmed
B004069,C004740,T000028,2026-06-20,3694.1,Confirmed
B004070,C002891,T000031,2026-01-22,1490.45,Confirmed
B004071,C003194,T000035,2026-04-30,1851.4,Confirmed
B004072,C002667,T000039,2026-01-01,4758.45,Confirmed
B004073,C003307,T000042,2026-04-12,1684.18,Confirmed
B004074,C000898,T000023,2026-04-23,3529.3,Pending
B004075,C001086,T000006,2026-05-08,1301.58,Confirmed
B004076,C001280,T000016,2026-04-28,920.25,Confirmed
B004077,C000671,T000002,2026-08-19,2026.93,Confirmed
B004078,C001506,T000024,2026-02-18,3308.88,Confirmed
B004079,C003576,T000017,2026-02-15,1615.75,Confirmed
B004080,C004815,T000045,2026-01-03,1850.76,Pending
B004081,C001956,T000001,2026-02-06,3689.28,Confirmed
B004082,C000250,T000006,2026-05-11,962.58,Confirmed
B004083,C001893,T000005,2025-10-03,2511.07,Pending
B004084,C003440,T000045,2025-08-28,4737.81,Confirmed
B004085,C001854,T000050,2026-06-18,2286.37,Pending
B004086,C002855,T000029,2026-09-24,2453.9,Pending
B004087,C001504,T000012,2025-11-18,3821.92,Pending
B004088,C003386,T000039,2025-09-14,4005.55,Cancelled
B004089,C003572,T000047,2025-12-29,3963.23,Confirmed
B004090,C003793,T000003,2026-07-24,4990.4,Confirmed
B004091,C003427,T000048,2026-04-21,821.53,Confirmed
B004092,C000044,T000001,2026-03-07,4920.14,Pending
B004093,C003613,T000027,2026-06-19,4775.85,Confirmed
B004094,C002619,T000048,2026-07-11,4334.63,Confirmed
B004095,C004679,T000024,2026-04-04,2543.57,Cancelled
B004096,C003164,T000044,2026-05-07,4419.06,Confirmed
B004097,C001289,T000019,2026-04-01,1493.75,Confirmed
B004098,C002943,T000008,2025-12-07,4062.45,Pending
B004099,C000220,T000044,2026-03-11,1333.57,Confirmed
B004100,C001926,T000047,2026-05-01,4169.13,Confirmed
B004101,C002973,T000002,2026-11-07,3265.38,Confirmed
B004102,C003514,T000030,2026-01-05,941.14,Confirmed
B004103,C002449,T000030,2025-11-12,4528.94,Confirmed
B004104,C003472,T000049,2025-12-26,3100.81,Confirmed
B004105,C002775,T000039,2025-09-30,3453.12,Confirmed
B004106,C000991,T000045,2025-10-22,1775.8,Confirmed
B004107,C002947,T000032,2026-03-29,4422.36,Confirmed
B004108,C001813,T000001,2025-11-30,2953.4,Confirmed
B004109,C004954,T000038,2026-12-11,2395.04,Confirmed
B004110,C000804,T000013,2026-02-24,2904.27,Confirmed
B004111,C000490,T000011,2026-10-29,3664.91,Confirmed
B004112,C003557,T000010,2026-04-09,3627.72,Confirmed
B004113,C001494,T000048,2026-06-10,2109.1,Cancelled
B004114,C003646,T000026,2025-10-16,2233.66,Cancelled
B004115,C002892,T000020,2026-07-15,3030.07,Confirmed
B004116,C001706,T000017,2025-12-30,4659.83,Confirmed
B004117,C003517,T000017,2026-04-30,3854.44,Confirmed
B004118,C003341,T000004,2026-03-08,2256.87,Cancelled
B004119,C000054,T000005,2025-11-15,2016.65,Confirmed
B004120,C002576,T000023,2026-05-13,2856.37,Pending
B004121,C003592,T000046,2026-07-24,4414.96,Confirmed
B004122,C000616,T000010,2026-03-01,539.06,Confirmed
B004123,C000955,T000046,2026-06-07,3697.19,Confirmed
B004124,C002434,T000028,2026-08-11,1825.31,Confirmed
B004125,C001630,T000033,2026-04-02,1437.79,Confirmed
B004126,C002782,T000043,2026-10-15,554.62,Confirmed
B004127,C000650,T000026,2025-10-28,4534.66,Confirmed
B004128,C002348,T000050,2026-10-07,4605.12,Confirmed
B004129,C004491,T000048,2026-04-19,776.38,Confirmed
B004130,C003279,T000029,2026-07-25,2848.17,Confirmed
B004131,C002641,T000027,2026-03-28,1186.59,Cancelled
B004132,C003802,T000018,2026-10-14,3914.09,Pending
B004133,C002562,T000040,2026-03-29,3494.26,Confirmed
B004134,C003250,T000010,2026-02-06,1837.09,Cancelled
B004135,C000371,T000042,2026-03-26,1026.32,Pending
B004136,C000858,T000005,2026-01-29,4240.49,Confirmed
B004137,C004887,T000010,2026-05-11,3534.14,Pending
B004138,C004754,T000050,2026-10-21,530.69,Confirmed
B004139,C000384,T000021,2026-09-02,3325.42,Confirmed
B004140,C003878,T000024,2026-04-02,4146.33,Confirmed
B004141,C002553,T000038,2026-12-09,3158.46,Cancelled
B004142,C004335,T000003,2026-04-03,2411.21,Cancelled
B004143,C004291,T000040,2026-04-11,3127.63,Confirmed
B004144,C002726,T000031,2025-12-19,3288.7,Confirmed
B004145,C004035,T000041,2026-09-27,3380.16,Cancelled
B004146,C003294,T000037,2026-01-25,4851.7,Cancelled
B004147,C004252,T000002,2026-08-12,1303.92,Confirmed
B004148,C003989,T000002,2026-08-19,3303.92,Cancelled
B004149,C000923,T000039,2025-10-18,1345.97,Confirmed
B004150,C002916,T000049,2025-10-14,1444.81,Confirmed
B004151,C002951,T000042,2026-02-14,3511.66,Confirmed
B004152,C003047,T000044,2026-01-29,4621.79,Confirmed
B004153,C000975,T000034,2026-09-16,1215.7,Confirmed
B004154,C001231,T000042,2026-02-11,4831.09,Confirmed
B004155,C002436,T000020,2026-11-03,1937.18,Confirmed
B004156,C001815,T000033,2026-04-26,2260.91,Confirmed
B004157,C002935,T000004,2026-03-24,1191.56,Cancelled
B004158,C004934,T000045,2025-12-18,3271.26,Pending
B004159,C001364,T000044,2026-03-02,3183.89,Cancelled
B004160,C003941,T000011,2026-07-30,2490.21,Confirmed
B004161,C000204,T000042,2025-11-13,2642.41,Confirmed
B004162,C000161,T000047,2026-04-13,3303.39,Confirmed
B004163,C004488,T000005,2025-09-24,3125.73,Confirmed
B004164,C000769,T000025,2026-06-28,2184.19,Cancelled
B004165,C003749,T000049,2026-02-13,4478.51,Confirmed
B004166,C002582,T000037,2025-10-31,3504.47,Pending
B004167,C001094,T000034,2026-09-21,1424.33,Confirmed
B004168,C004501,T000009,2026-02-10,1939.56,Confirmed
B004169,C000608,T000006,2026-04-05,4045.45,Confirmed
B004170,C001541,T000018,2026-06-10,970.36,Cancelled
B004171,C002876,T000014,2026-07-22,3876.04,Confirmed
B004172,C003192,T000019,2026-03-22,2114.79,Confirmed
B004173,C001838,T000014,2026-07-23,2982.61,Confirmed
B004174,C000690,T000040,2026-06-27,1762.51,Pending
B004175,C003760,T000017,2025-12-20,4939.05,Confirmed
B004176,C002950,T000035,2026-02-23,4576.28,Confirmed
B004177,C002104,T000029,2026-06-21,4678.02,Confirmed
B004178,C000366,T000042,2026-01-15,1331.49,Cancelled
B004179,C003576,T000017,2026-05-05,4287.61,Confirmed
B004180,C004551,T000043,2026-08-27,2909.29,Pending
B004181,C004200,T000008,2026-01-26,3685.37,Confirmed
B004182,C004173,T000001,2025-12-17,1478.77,Confirmed
B004183,C004326,T000045,2025-09-04,3703.93,Confirmed
B004184,C002379,T000036,2026-04-07,4614.2,Confirmed
B004185,C001206,T000007,2025-10-29,1703.67,Confirmed
B004186,C004989,T000046,2026-08-11,1550.12,Pending
B004187,C003840,T000005,2025-12-26,969.87,Confirmed
B004188,C002736,T000024,2026-05-28,1700.63,Confirmed
B004189,C003348,T000028,2026-06-29,2911.07,Confirmed
B004190,C001676,T000043,2026-09-12,4247.22,Confirmed
B004191,C000299,T000017,2026-03-13,1754.6,Confirmed
B004192,C000957,T000037,2025-11-30,3295.15,Confirmed
B004193,C001115,T000020,2026-09-21,2658.16,Confirmed
B004194,C002506,T000003,2026-05-03,1798.61,Confirmed
B004195,C001475,T000037,2025-12-03,2796.62,Confirmed
B004196,C004461,T000026,2025-10-06,1255.83,Cancelled
B004197,C004447,T000015,2026-02-21,3378.1,Confirmed
B004198,C003727,T000048,2026-07-18,1020.48,Confirmed
B004199,C003472,T000008,2026-02-01,3789.41,Confirmed
B004200,C002829,T000013,2026-02-01,1299.71,Confirmed
B004201,C002851,T000048,2026-09-05,4991.72,Confirmed
B004202,C002507,T000003,2026-04-21,4206.53,Confirmed
B004203,C003771,T000001,2026-02-22,2047.28,Confirmed
B004204,C002965,T000009,2026-02-23,2417.92,Confirmed
B004205,C004595,T000031,2025-11-07,1666.36,Confirmed
B004206,C000950,T000041,2026-07-08,3952.02,Confirmed
B004207,C004604,T000026,2025-12-02,2213.27,Confirmed
B004208,C002851,T000017,2026-05-13,3898.33,Cancelled
B004209,C000166,T000034,2026-04-13,582.81,Confirmed
B004210,C003487,T000009,2026-01-28,1110.29,Cancelled
B004211,C002510,T000013,2026-02-17,2142.38,Confirmed
B004212,C000920,T000005,2025-11-15,990.09,Confirmed
B004213,C000114,T000041,2026-08-21,3205.08,Confirmed
B004214,C003505,T000013,2026-03-03,728.74,Confirmed
B004215,C000992,T000001,2025-12-30,4368.93,Pending
B004216,C003840,T000025,2026-10-30,3925.89,Confirmed
B004217,C001259,T000047,2026-05-12,1473.15,Confirmed
B004218,C003427,T000004,2026-02-22,2677.06,Pending
B004219,C000515,T000036,2026-06-02,2533.16,Confirmed
B004220,C004805,T000010,2026-02-25,3761.89,Confirmed
B004221,C003197,T000028,2026-06-07,2306.79,Confirmed
B004222,C004435,T000006,2026-06-03,648.21,Pending
B004223,C002585,T000027,2026-07-20,1731.81,Confirmed
B004224,C000068,T000012,2025-10-21,2597.88,Confirmed
B004225,C001597,T000048,2026-09-02,4885.21,Confirmed
B004226,C004479,T000003,2026-04-13,4465.21,Confirmed
B004227,C000019,T000046,2026-08-17,1316.33,Cancelled
B004228,C002731,T000033,2026-03-09,3754.74,Confirmed
B004229,C003522,T000010,2026-06-24,4715.71,Confirmed
B004230,C000573,T000031,2025-09-15,539.57,Confirmed
B004231,C002259,T000015,2026-01-29,3744.26,Cancelled
B004232,C002903,T000007,2025-12-17,2567.0,Confirmed
B004233,C000651,T000036,2026-06-09,3561.06,Confirmed
B004234,C002588,T000014,2026-11-11,3225.15,Confirmed
B004235,C003263,T000048,2026-05-13,4930.99,Confirmed
B004236,C001339,T000014,2026-09-01,1799.67,Cancelled
B004237,C004997,T000003,2026-07-15,4037.64,Confirmed
B004238,C003635,T000049,2025-11-08,1555.88,Confirmed
B004239,C002828,T000046,2026-08-15,2460.24,Confirmed
B004240,C002218,T000050,2026-07-10,4889.21,Confirmed
B004241,C003540,T000003,2026-05-27,3947.61,Confirmed
B004242,C001038,T000022,2026-06-17,1921.2,Cancelled
B004243,C004384,T000019,2026-05-30,3287.16,Confirmed
B004244,C003979,T000035,2026-03-15,723.61,Confirmed
B004245,C002962,T000012,2025-12-31,1698.78,Confirmed
B004246,C003227,T000005,2025-11-22,3732.76,Pending
B004247,C001099,T000010,2026-07-12,3065.42,Confirmed
B004248,C002325,T000041,2026-10-20,2613.53,Confirmed
B004249,C000940,T000033,2026-02-13,3608.94,Confirmed
B004250,C003717,T000013,2025-12-19,2293.07,Confirmed
B004251,C003415,T000035,2026-02-21,617.7,Cancelled
B004252,C001449,T000032,2026-04-30,2484.62,Confirmed
B004253,C000571,T000011,2026-07-21,4559.58,Confirmed
B004254,C002905,T000048,2026-05-12,4354.77,Pending
B004255,C002506,T000038,2026-09-04,2340.49,Pending
B004256,C000918,T000024,2026-02-07,600.0,Confirmed
B004257,C001875,T000035,2026-02-27,3363.38,Confirmed
B004258,C004929,T000019,2026-08-21,3835.37,Confirmed
B004259,C001679,T000006,2026-04-29,1824.1,Confirmed
B004260,C000616,T000040,2026-07-17,2644.99,Confirmed
B004261,C004502,T000045,2025-11-25,4963.36,Confirmed
B004262,C001750,T000044,2025-12-23,3093.54,Cancelled
B004263,C003826,T000042,2025-11-28,2079.84,Confirmed
B004264,C004189,T000035,2026-05-08,3323.7,Confirmed
B004265,C002478,T000004,2026-01-20,1310.1,Confirmed
B004266,C004750,T000033,2026-01-10,1396.64,Confirmed
B004267,C003506,T000013,2025-11-12,4662.16,Confirmed
B004268,C003476,T000036,2026-04-09,1576.4,Confirmed
B004269,C004530,T000043,2026-06-22,1898.55,Cancelled
B004270,C001136,T000019,2026-05-06,2947.0,Cancelled
B004271,C004001,T000043,2026-08-28,4548.62,Confirmed
B004272,C000375,T000012,2026-01-02,4016.52,Confirmed
B004273,C000207,T000011,2026-07-23,697.03,Cancelled
B004274,C004876,T000006,2026-03-23,3618.63,Confirmed
B004275,C001320,T000012,2025-10-23,2768.28,Pending
B004276,C001142,T000027,2026-06-19,2639.99,Confirmed
B004277,C004628,T000041,2026-06-18,3612.01,Confirmed
B004278,C002691,T000025,2026-07-01,1383.04,Confirmed
B004279,C003256,T000042,2026-04-13,4916.7,Confirmed
B004280,C000090,T000003,2026-07-01,3403.88,Confirmed
B004281,C004109,T000003,2026-04-08,2145.45,Cancelled
B004282,C003021,T000020,2026-07-16,3200.91,Confirmed
B004283,C001858,T000028,2026-06-01,1474.12,Confirmed
B004284,C000805,T000023,2026-06-25,3352.29,Confirmed
B004285,C000945,T000048,2026-06-08,626.98,Confirmed
B004286,C002790,T000003,2026-06-04,2035.32,Confirmed
B004287,C003876,T000042,2026-03-14,3863.83,Confirmed
B004288,C001611,T000024,2026-02-21,4135.9,Confirmed
B004289,C002924,T000043,2026-07-19,1638.14,Confirmed
B004290,C003883,T000040,2026-04-06,2927.34,Confirmed
B004291,C003222,T000006,2026-04-30,2878.22,Confirmed
B004292,C004392,T000020,2026-11-06,2396.55,Confirmed
B004293,C004736,T000011,2026-10-06,1527.95,Confirmed
B004294,C002388,T000032,2026-05-16,3664.53,Confirmed
B004295,C004724,T000027,2026-09-02,1635.63,Confirmed
B004296,C000942,T000021,2026-06-10,4599.62,Cancelled
B004297,C004926,T000044,2026-04-22,2878.26,Confirmed
B004298,C002567,T000048,2026-07-28,4417.15,Confirmed
B004299,C000976,T000050,2026-06-27,1808.34,Confirmed
B004300,C000955,T000013,2026-01-17,4131.86,Confirmed
B004301,C001263,T000022,2026-02-24,1011.49,Confirmed
B004302,C000944,T000035,2026-03-10,3950.74,Confirmed
B004303,C002203,T000047,2025-12-27,2241.26,Confirmed
B004304,C003328,T000022,2026-03-30,2614.96,Pending
B004305,C004275,T000028,2026-05-05,1250.63,Confirmed
B004306,C002260,T000021,2026-09-21,583.82,Confirmed
B004307,C001829,T000046,2026-10-15,3497.89,Cancelled
B004308,C001258,T000018,2026-10-28,3144.73,Confirmed
B004309,C000465,T000031,2026-01-20,3300.93,Pending
B004310,C003295,T000046,2026-09-04,1647.51,Cancelled
B004311,C001231,T000037,2025-11-20,1576.75,Pending
B004312,C002655,T000021,2026-05-30,4236.33,Confirmed
B004313,C000885,T000014,2026-09-30,3925.64,Confirmed
B004314,C003806,T000025,2026-09-03,2015.56,Cancelled
B004315,C003857,T000027,2026-07-23,3370.13,Pending
B004316,C003136,T000040,2026-04-27,4226.68,Pending
B004317,C000925,T000023,2026-07-31,4499.73,Cancelled
B004318,C004590,T000031,2026-02-13,526.13,Confirmed
B004319,C001547,T000047,2026-03-25,4160.58,Confirmed
B004320,C001095,T000029,2026-10-03,2076.77,Confirmed
B004321,C002412,T000047,2026-04-19,3732.7,Confirmed
B004322,C002618,T000030,2026-01-20,2171.31,Confirmed
B004323,C000763,T000026,2025-12-17,3228.12,Confirmed
B004324,C002324,T000020,2026-06-16,3410.52,Confirmed
B004325,C004146,T000038,2026-12-03,2322.47,Confirmed
B004326,C002776,T000019,2026-07-28,2807.53,Pending
B004327,C004660,T000027,2026-04-22,3768.41,Confirmed
B004328,C004879,T000025,2026-10-19,2643.37,Confirmed
B004329,C003156,T000040,2026-08-03,562.91,Confirmed
B004330,C003971,T000038,2026-09-28,558.07,Cancelled
B004331,C002041,T000023,2026-08-28,3475.9,Confirmed
B004332,C000584,T000029,2026-08-06,4312.57,Confirmed
B004333,C004332,T000015,2026-03-18,4033.73,Confirmed
B004334,C002104,T000003,2026-05-11,1896.8,Confirmed
B004335,C001943,T000010,2026-04-04,2620.08,Confirmed
B004336,C004456,T000015,2026-03-28,1553.72,Confirmed
B004337,C000110,T000016,2025-11-30,4951.17,Cancelled
B004338,C000192,T000017,2025-12-29,1672.28,Confirmed
B004339,C000904,T000019,2026-06-24,2373.18,Confirmed
B004340,C000862,T000011,2026-07-06,3565.08,Confirmed
B004341,C001084,T000048,2026-09-18,4442.08,Confirmed
B004342,C000650,T000005,2026-01-29,731.64,Confirmed
B004343,C004135,T000005,2025-09-15,1854.59,Confirmed
B004344,C003612,T000014,2026-09-25,3060.44,Pending
B004345,C000637,T000050,2026-10-21,3282.41,Confirmed
B004346,C001037,T000026,2025-09-22,815.12,Pending
B004347,C004132,T000008,2025-12-10,3488.35,Pending
B004348,C002149,T000005,2026-02-21,2876.29,Confirmed
B004349,C003866,T000007,2025-08-29,4224.32,Confirmed
B004350,C003158,T000016,2026-02-07,1499.85,Confirmed
B004351,C003588,T000014,2026-07-11,1377.62,Confirmed
B004352,C003295,T000037,2025-11-02,4070.02,Confirmed
B004353,C004262,T000041,2026-06-22,3667.41,Confirmed
B004354,C002431,T000004,2025-10-26,4062.53,Pending
B004355,C001880,T000036,2026-05-05,4018.7,Confirmed
B004356,C003967,T000048,2026-08-28,968.0,Confirmed
B004357,C003714,T000017,2025-12-07,1753.62,Cancelled
B004358,C004127,T000047,2026-05-25,1670.38,Cancelled
B004359,C004107,T000036,2026-04-29,4705.64,Confirmed
B004360,C002012,T000006,2026-03-09,2693.6,Confirmed
B004361,C003374,T000016,2025-11-30,999.76,Confirmed
B004362,C002144,T000029,2026-09-28,1803.1,Cancelled
B004363,C002501,T000036,2026-03-18,4423.56,Pending
B004364,C004582,T000038,2026-08-25,4311.8,Confirmed
B004365,C001290,T000037,2025-09-27,4551.53,Confirmed
B004366,C001448,T000048,2026-09-09,2248.38,Confirmed
B004367,C003200,T000048,2026-08-03,3386.03,Pending
B004368,C001944,T000010,2026-06-09,1751.78,Confirmed
B004369,C003184,T000041,2026-05-30,1313.71,Confirmed
B004370,C003217,T000036,2026-04-17,598.55,Confirmed
B004371,C003137,T000029,2026-09-12,1505.48,Confirmed
B004372,C003319,T000014,2026-07-19,3219.68,Confirmed
B004373,C002783,T000004,2026-02-14,4568.95,Confirmed
B004374,C000991,T000044,2026-01-09,1100.39,Confirmed
B004375,C004921,T000042,2026-02-04,4631.05,Confirmed
B004376,C002154,T000036,2026-01-19,2054.23,Cancelled
B004377,C000226,T000050,2026-07-09,2420.73,Confirmed
B004378,C000777,T000045,2025-11-03,2142.4,Cancelled
B004379,C002838,T000013,2026-01-25,2338.74,Confirmed
B004380,C000688,T000046,2026-08-13,1666.37,Confirmed
B004381,C000530,T000018,2026-10-28,3643.72,Confirmed
B004382,C003443,T000033,2026-05-09,3911.82,Cancelled
B004383,C002154,T000021,2026-06-18,4204.01,Confirmed
B004384,C001295,T000016,2026-04-28,2035.8,Confirmed
B004385,C001527,T000015,2025-12-29,3940.82,Confirmed
B004386,C004775,T000005,2025-09-30,3369.54,Confirmed
B004387,C002897,T000006,2026-04-18,4810.62,Confirmed
B004388,C003104,T000038,2026-09-20,2411.53,Pending
B004389,C002441,T000003,2026-09-19,4965.39,Cancelled
B004390,C004136,T000048,2026-07-08,3831.77,Cancelled
B004391,C003803,T000012,2026-03-06,3993.25,Confirmed
B004392,C000845,T000036,2026-02-26,615.67,Pending
B004393,C000447,T000033,2026-05-10,2738.29,Confirmed
B004394,C003916,T000036,2026-06-11,2877.52,Cancelled
B004395,C003110,T000033,2026-03-11,682.7,Confirmed
B004396,C001235,T000031,2025-10-12,1904.59,Confirmed
B004397,C000227,T000021,2026-08-22,4800.4,Cancelled
B004398,C004144,T000027,2026-07-05,2417.5,Confirmed
B004399,C002960,T000027,2026-05-18,1340.16,Pending
B004400,C001831,T000008,2026-03-22,2810.02,Confirmed
B004401,C003780,T000037,2025-12-29,651.95,Pending
B004402,C000187,T000032,2026-04-26,2821.95,Confirmed
B004403,C002878,T000026,2025-09-17,3174.21,Confirmed
B004404,C002536,T000002,2026-10-06,2109.62,Confirmed
B004405,C001933,T000012,2026-02-01,3931.59,Confirmed
B004406,C002925,T000022,2026-05-25,1110.71,Confirmed
B004407,C000849,T000017,2026-05-02,4451.83,Confirmed
B004408,C002033,T000007,2025-09-22,4799.5,Confirmed
B004409,C001253,T000043,2026-10-23,505.56,Confirmed
B004410,C001882,T000004,2025-11-17,4292.25,Confirmed
B004411,C000270,T000037,2025-11-05,2777.47,Confirmed
B004412,C001631,T000038,2026-10-07,2576.33,Confirmed
B004413,C004406,T000032,2026-05-03,1574.06,Confirmed
B004414,C003204,T000011,2026-08-21,2512.96,Pending
B004415,C001575,T000001,2025-10-26,4776.92,Confirmed
B004416,C002893,T000025,2026-05-20,1448.54,Confirmed
B004417,C001696,T000042,2026-04-13,1305.69,Confirmed
B004418,C003259,T000024,2026-04-12,1588.53,Confirmed
B004419,C003263,T000043,2026-07-27,2983.25,Confirmed
B004420,C001446,T000017,2026-05-14,4686.35,Confirmed
B004421,C000220,T000008,2025-11-12,3082.47,Confirmed
B004422,C000053,T000045,2025-11-27,1595.67,Cancelled
B004423,C001758,T000027,2026-06-25,2482.04,Cancelled
B004424,C001667,T000018,2026-05-25,2256.8,Cancelled
B004425,C002786,T000027,2026-08-16,709.56,Confirmed
B004426,C000720,T000022,2026-05-11,2797.89,Confirmed
B004427,C000406,T000016,2026-04-14,1067.03,Confirmed
B004428,C002295,T000002,2026-11-13,4290.1,Confirmed
B004429,C000072,T000005,2026-02-07,2970.33,Confirmed
B004430,C002054,T000018,2026-05-16,4300.73,Confirmed
B004431,C001230,T000003,2026-04-14,4802.2,Confirmed
B004432,C001568,T000027,2026-07-26,4744.35,Confirmed
B004433,C003683,T000017,2026-04-25,951.93,Confirmed
B004434,C002954,T000016,2026-04-15,4751.68,Confirmed
B004435,C004483,T000006,2026-06-12,4080.86,Confirmed
B004436,C000699,T000007,2025-11-02,3999.46,Confirmed
B004437,C000827,T000050,2026-06-19,905.58,Confirmed
B004438,C000349,T000014,2026-08-22,1307.82,Cancelled
B004439,C003909,T000038,2026-09-18,4888.24,Confirmed
B004440,C000308,T000040,2026-04-28,1460.17,Confirmed
B004441,C003417,T000015,2026-05-01,1260.74,Confirmed
B004442,C002335,T000047,2026-01-08,2130.58,Confirmed
B004443,C004862,T000047,2026-06-06,4610.1,Confirmed
B004444,C004821,T000048,2026-09-21,2642.87,Confirmed
B004445,C002810,T000033,2026-02-14,4642.63,Confirmed
B004446,C003559,T000043,2026-06-07,2004.52,Confirmed
B004447,C004479,T000027,2026-08-09,1519.38,Cancelled
B004448,C003478,T000029,2026-09-17,2728.41,Confirmed
B004449,C004621,T000037,2025-11-16,3269.65,Cancelled
B004450,C002687,T000005,2025-12-26,2261.75,Confirmed
B004451,C002986,T000029,2026-06-28,2057.14,Confirmed
B004452,C000276,T000032,2026-03-29,1481.27,Confirmed
B004453,C002548,T000006,2026-03-25,1737.53,Confirmed
B004454,C002765,T000002,2026-08-04,3529.03,Confirmed
B004455,C000337,T000006,2026-05-31,2164.43,Confirmed
B004456,C001974,T000046,2026-11-10,858.91,Confirmed
B004457,C002980,T000043,2026-08-11,1121.7,Confirmed
B004458,C004577,T000004,2026-03-29,2175.71,Confirmed
B004459,C003969,T000029,2026-08-03,4660.26,Pending
B004460,C000911,T000025,2026-05-16,2205.64,Confirmed
B004461,C001997,T000009,2026-01-20,772.89,Confirmed
B004462,C003130,T000003,2026-07-01,2380.97,Pending
B004463,C004205,T000026,2025-08-11,3509.68,Confirmed
B004464,C003758,T000048,2026-05-04,3171.18,Confirmed
B004465,C000328,T000043,2026-06-10,1754.61,Confirmed
B004466,C001800,T000027,2026-08-17,3596.4,Confirmed
B004467,C000315,T000036,2026-01-28,3337.81,Confirmed
B004468,C003546,T000032,2026-03-12,1274.78,Confirmed
B004469,C001135,T000001,2026-03-14,1229.65,Confirmed
B004470,C002747,T000016,2026-01-23,2962.32,Confirmed
B004471,C004877,T000048,2026-05-08,3467.47,Confirmed
B004472,C001521,T000011,2026-09-22,4828.6,Cancelled
B004473,C000156,T000026,2025-11-17,2398.69,Pending
B004474,C001725,T000040,2026-05-18,3942.23,Confirmed
B004475,C003344,T000001,2026-04-06,1024.34,Confirmed
B004476,C000887,T000026,2025-12-04,4503.24,Confirmed
B004477,C003074,T000028,2026-06-24,3348.98,Confirmed
B004478,C002806,T000009,2025-11-09,3330.64,Pending
B004479,C000722,T000044,2026-04-05,1140.99,Cancelled
B004480,C000913,T000022,2026-06-01,678.13,Confirmed
B004481,C003358,T000008,2025-10-28,3656.52,Cancelled
B004482,C000871,T000049,2025-10-17,1026.75,Confirmed
B004483,C004109,T000042,2026-01-15,1071.37,Confirmed
B004484,C000498,T000027,2026-06-12,1343.75,Confirmed
B004485,C001757,T000039,2025-11-20,939.86,Confirmed
B004486,C001118,T000019,2026-06-22,3314.27,Pending
B004487,C003410,T000025,2026-08-25,2399.02,Confirmed
B004488,C002829,T000038,2026-10-14,1697.43,Cancelled
B004489,C001648,T000021,2026-06-23,2483.37,Confirmed
B004490,C002984,T000024,2026-05-06,4298.63,Cancelled
B004491,C000143,T000024,2026-01-04,4671.86,Confirmed
B004492,C002762,T000019,2026-03-31,2693.64,Confirmed
B004493,C003436,T000050,2026-06-16,3050.39,Cancelled
B004494,C004661,T000047,2026-03-05,1657.4,Confirmed
B004495,C002432,T000002,2026-10-17,2811.2,Confirmed
B004496,C004513,T000014,2026-07-28,3866.54,Confirmed
B004497,C001849,T000032,2026-04-10,2714.62,Pending
B004498,C002697,T000042,2026-03-05,1859.33,Confirmed
B004499,C001718,T000032,2026-02-25,3119.15,Confirmed
B004500,C003073,T000028,2026-07-12,4759.95,Cancelled
B004501,C001068,T000048,2026-05-13,4495.93,Confirmed
B004502,C002787,T000039,2026-02-10,3961.59,Pending
B004503,C003792,T000040,2026-06-09,1742.94,Confirmed
B004504,C001289,T000042,2026-02-26,1587.02,Confirmed
B004505,C003872,T000047,2026-05-20,4273.42,Confirmed
B004506,C001807,T000040,2026-05-24,1315.93,Confirmed
B004507,C001505,T000013,2026-01-19,3225.25,Confirmed
B004508,C003309,T000012,2025-10-17,2475.18,Confirmed
B004509,C002952,T000008,2025-11-05,2605.94,Cancelled
B004510,C000072,T000015,2026-01-04,2545.45,Pending
B004511,C001691,T000026,2025-10-30,4549.78,Confirmed
B004512,C001345,T000012,2026-01-16,891.92,Confirmed
B004513,C003304,T000043,2026-05-23,4023.06,Confirmed
B004514,C003114,T000046,2026-06-26,4257.56,Confirmed
B004515,C000883,T000027,2026-07-12,4742.95,Confirmed
B004516,C004235,T000018,2026-07-22,2536.7,Confirmed
B004517,C002663,T000045,2025-12-25,2750.29,Confirmed
B004518,C001505,T000036,2026-04-26,4825.83,Confirmed
B004519,C002464,T000049,2025-12-31,2563.03,Cancelled
B004520,C002554,T000027,2026-04-13,2765.97,Confirmed
B004521,C000733,T000009,2025-11-21,1995.14,Confirmed
B004522,C001749,T000039,2026-02-14,642.32,Confirmed
B004523,C003925,T000001,2026-02-11,2448.75,Confirmed
B004524,C000424,T000007,2025-12-31,3447.91,Confirmed
B004525,C003479,T000026,2025-11-13,3604.76,Confirmed
B004526,C001592,T000007,2025-09-25,529.29,Confirmed
B004527,C004486,T000007,2025-08-24,4104.74,Pending
B004528,C004438,T000008,2025-12-10,2715.87,Confirmed
B004529,C004710,T000016,2026-04-15,2843.35,Confirmed
B004530,C000493,T000003,2026-07-20,4827.85,Confirmed
B004531,C000192,T000045,2025-12-13,1780.08,Confirmed
B004532,C000499,T000010,2026-05-08,3927.43,Confirmed
B004533,C004918,T000050,2026-07-03,3086.49,Confirmed
B004534,C001257,T000007,2025-11-07,3653.59,Confirmed
B004535,C001969,T000021,2026-05-01,2380.18,Confirmed
B004536,C004323,T000037,2025-09-03,1756.43,Confirmed
B004537,C002187,T000031,2025-11-20,2957.57,Cancelled
B004538,C000817,T000023,2026-07-22,2187.24,Confirmed
B004539,C003221,T000027,2026-06-09,1503.1,Confirmed
B004540,C001474,T000022,2026-06-14,4276.56,Confirmed
B004541,C001087,T000039,2025-12-17,2641.24,Confirmed
B004542,C004200,T000027,2026-06-11,4312.92,Confirmed
B004543,C001875,T000049,2025-11-10,2633.14,Confirmed
B004544,C000871,T000004,2026-03-18,3005.59,Confirmed
B004545,C004764,T000024,2026-02-13,4978.76,Cancelled
B004546,C002043,T000023,2026-06-25,4781.77,Confirmed
B004547,C000273,T000048,2026-07-04,1722.6,Confirmed
B004548,C001030,T000019,2026-05-30,4408.95,Confirmed
B004549,C003219,T000042,2026-02-16,2256.82,Cancelled
B004550,C004070,T000003,2026-05-21,820.62,Confirmed
B004551,C001052,T000027,2026-04-17,3091.01,Pending
B004552,C004034,T000003,2026-05-25,4896.73,Cancelled
B004553,C001574,T000028,2026-08-03,4884.41,Cancelled
B004554,C003191,T000017,2026-03-02,1069.09,Confirmed
B004555,C004389,T000031,2025-09-07,3970.56,Cancelled
B004556,C003798,T000010,2026-02-09,4112.75,Confirmed
B004557,C003290,T000049,2026-03-18,2159.35,Cancelled
B004558,C003748,T000022,2026-04-29,3463.68,Cancelled
B004559,C002106,T000030,2025-09-04,2696.72,Confirmed
B004560,C000308,T000049,2025-10-04,1525.52,Confirmed
B004561,C003360,T000021,2026-06-15,3925.69,Confirmed
B004562,C003177,T000036,2026-01-20,1682.39,Confirmed
B004563,C001252,T000023,2026-07-06,2032.01,Confirmed
B004564,C002748,T000038,2026-09-04,1355.08,Pending
B004565,C001518,T000012,2025-10-29,3736.72,Confirmed
B004566,C001379,T000025,2026-06-21,2564.26,Confirmed
B004567,C004892,T000020,2026-10-01,2495.18,Confirmed
B004568,C004993,T000049,2025-11-18,3220.53,Confirmed
B004569,C001962,T000049,2026-02-24,1207.69,Cancelled
B004570,C004306,T000042,2026-01-27,4541.69,Confirmed
B004571,C002864,T000007,2025-08-27,2592.99,Confirmed
B004572,C002657,T000029,2026-11-22,2149.37,Confirmed
B004573,C002495,T000048,2026-04-12,1070.11,Confirmed
B004574,C004568,T000029,2026-07-05,1255.79,Confirmed
B004575,C004006,T000013,2025-11-04,4641.62,Cancelled
B004576,C003564,T000003,2026-06-28,2554.78,Confirmed
B004577,C000923,T000002,2026-11-18,3749.83,Confirmed
B004578,C004233,T000016,2026-03-03,862.32,Cancelled
B004579,C004463,T000030,2025-09-07,3395.59,Confirmed
B004580,C002960,T000038,2026-09-04,4646.84,Confirmed
B004581,C000184,T000006,2026-04-17,1849.84,Confirmed
B004582,C003359,T000045,2025-11-03,3106.13,Confirmed
B004583,C001399,T000007,2025-08-08,4730.99,Confirmed
B004584,C002797,T000005,2025-10-06,3736.95,Cancelled
B004585,C000537,T000007,2026-01-08,780.46,Pending
B004586,C001274,T000034,2026-07-12,2204.32,Confirmed
B004587,C002968,T000032,2026-02-04,885.98,Confirmed
B004588,C003050,T000049,2025-11-13,4375.93,Confirmed
B004589,C001097,T000013,2025-12-21,3297.48,Confirmed
B004590,C001306,T000030,2026-01-15,4803.72,Confirmed
B004591,C000916,T000025,2026-09-22,588.9,Confirmed
B004592,C003082,T000021,2026-07-10,2403.89,Confirmed
B004593,C004248,T000021,2026-08-30,969.64,Cancelled
B004594,C001029,T000028,2026-08-17,2077.2,Pending
B004595,C001978,T000048,2026-04-12,1228.49,Cancelled
B004596,C003355,T000020,2026-08-24,1979.57,Confirmed
B004597,C002512,T000034,2026-08-18,4186.68,Confirmed
B004598,C000271,T000005,2026-01-12,1223.15,Confirmed
B004599,C001187,T000018,2026-10-06,2631.49,Pending
B004600,C004556,T000039,2025-09-15,4647.12,Pending
B004601,C004201,T000043,2026-10-06,4994.51,Pending
B004602,C003765,T000011,2026-11-05,1627.89,Cancelled
B004603,C002399,T000017,2026-05-11,4710.06,Confirmed
B004604,C004530,T000048,2026-06-17,1676.25,Confirmed
B004605,C004236,T000045,2025-10-07,2360.88,Pending
B004606,C004183,T000022,2026-05-04,4450.66,Confirmed
B004607,C001712,T000037,2025-08-27,4037.79,Cancelled
B004608,C002231,T000020,2026-09-08,4358.69,Pending
B004609,C000129,T000048,2026-07-09,4101.16,Confirmed
B004610,C001270,T000048,2026-04-18,1557.77,Confirmed
B004611,C003673,T000048,2026-07-20,3014.58,Confirmed
B004612,C001602,T000046,2026-08-20,2233.63,Confirmed
B004613,C004766,T000006,2026-05-30,2568.7,Confirmed
B004614,C003971,T000034,2026-05-30,1192.8,Confirmed
B004615,C004245,T000014,2026-12-01,1920.95,Confirmed
B004616,C004948,T000048,2026-04-14,4359.41,Confirmed
B004617,C000628,T000023,2026-05-27,4539.01,Pending
B004618,C003798,T000020,2026-07-14,3245.69,Confirmed
B004619,C002045,T000013,2025-12-05,2742.2,Cancelled
B004620,C003553,T000047,2026-03-05,3707.78,Confirmed
B004621,C004980,T000044,2026-04-15,3239.84,Confirmed
B004622,C002342,T000041,2026-10-14,4926.54,Confirmed
B004623,C003215,T000032,2026-03-30,1355.4,Cancelled
B004624,C000250,T000026,2025-12-24,2520.7,Confirmed
B004625,C002926,T000050,2026-05-29,4632.08,Confirmed
B004626,C000975,T000014,2026-11-09,4616.32,Confirmed
B004627,C001326,T000036,2026-04-23,2729.06,Confirmed
B004628,C000984,T000008,2025-11-01,1106.64,Confirmed
B004629,C000889,T000040,2026-03-20,4167.31,Confirmed
B004630,C002938,T000022,2026-03-29,3133.24,Confirmed
B004631,C002118,T000022,2026-02-09,3979.25,Cancelled
B004632,C002673,T000016,2026-04-29,2581.36,Pending
B004633,C004971,T000027,2026-07-26,1417.48,Confirmed
B004634,C001327,T000010,2026-06-16,607.95,Confirmed
B004635,C000471,T000025,2026-10-03,3016.12,Cancelled
B004636,C001988,T000031,2026-02-12,1224.71,Confirmed
B004637,C000091,T000021,2026-08-07,1342.12,Confirmed
B004638,C000530,T000027,2026-08-26,2463.38,Confirmed
B004639,C004757,T000017,2026-03-16,2489.35,Confirmed
B004640,C004060,T000033,2026-02-12,1734.74,Cancelled
B004641,C004835,T000031,2025-11-15,1093.65,Pending
B004642,C002774,T000050,2026-08-24,4752.29,Pending
B004643,C004968,T000042,2026-01-22,1092.38,Cancelled
B004644,C001687,T000026,2025-09-15,2078.48,Cancelled
B004645,C000192,T000021,2026-07-05,1871.91,Confirmed
B004646,C001987,T000036,2026-06-10,4398.52,Cancelled
B004647,C003624,T000001,2025-11-06,2345.28,Confirmed
B004648,C002186,T000004,2025-11-01,1058.2,Confirmed
B004649,C004441,T000004,2026-03-23,546.17,Confirmed
B004650,C001009,T000026,2026-01-14,3748.77,Confirmed
B004651,C003784,T000004,2026-02-15,3715.25,Confirmed
B004652,C004299,T000049,2025-11-05,2380.03,Confirmed
B004653,C004669,T000009,2026-04-09,1068.39,Confirmed
B004654,C004288,T000030,2025-08-26,2172.35,Confirmed
B004655,C002053,T000045,2025-11-15,3154.47,Cancelled
B004656,C003309,T000004,2025-12-01,3667.74,Cancelled
B004657,C001717,T000005,2025-12-11,852.08,Cancelled
B004658,C000311,T000045,2025-12-11,3003.38,Cancelled
B004659,C004539,T000023,2026-06-17,1742.56,Cancelled
B004660,C001261,T000016,2026-02-28,3277.7,Pending
B004661,C004966,T000022,2026-07-04,3416.63,Confirmed
B004662,C003933,T000037,2025-10-02,4597.72,Confirmed
B004663,C003269,T000008,2025-11-10,2346.7,Cancelled
B004664,C000585,T000048,2026-04-07,2919.16,Confirmed
B004665,C002800,T000033,2026-03-04,1706.97,Confirmed
B004666,C000360,T000038,2026-08-12,1789.51,Confirmed
B004667,C002867,T000043,2026-09-03,707.15,Confirmed
B004668,C002012,T000016,2026-01-25,1787.31,Confirmed
B004669,C004940,T000005,2026-02-14,787.23,Confirmed
B004670,C004007,T000016,2026-03-15,4837.62,Cancelled
B004671,C001626,T000007,2025-07-25,3309.18,Pending
B004672,C002765,T000001,2025-10-26,1279.17,Confirmed
B004673,C000891,T000009,2026-01-16,1025.45,Confirmed
B004674,C000732,T000018,2026-10-22,2165.55,Confirmed
B004675,C003962,T000045,2025-11-08,1884.41,Confirmed
B004676,C004702,T000047,2026-02-23,1756.65,Confirmed
B004677,C002505,T000003,2026-05-01,2606.88,Confirmed
B004678,C000615,T000024,2026-03-29,4607.93,Confirmed
B004679,C003807,T000028,2026-08-16,3056.23,Confirmed
B004680,C001720,T000010,2026-07-27,2845.54,Confirmed
B004681,C004770,T000009,2026-04-25,4129.47,Confirmed
B004682,C001588,T000013,2025-12-23,518.11,Confirmed
B004683,C001612,T000048,2026-06-02,1388.24,Confirmed
B004684,C000897,T000035,2026-02-18,2732.84,Confirmed
B004685,C000278,T000023,2026-07-02,3673.89,Confirmed
B004686,C004648,T000047,2026-03-10,2682.63,Confirmed
B004687,C001637,T000017,2026-05-06,1236.72,Confirmed
B004688,C002159,T000046,2026-08-23,4684.92,Confirmed
B004689,C002433,T000007,2025-08-08,1978.99,Cancelled
B004690,C003905,T000016,2025-11-13,4046.97,Confirmed
B004691,C004857,T000040,2026-07-24,4511.36,Confirmed
B004692,C003263,T000036,2026-04-06,2059.02,Confirmed
B004693,C001450,T000020,2026-06-26,4303.9,Confirmed
B004694,C004501,T000024,2026-05-07,3698.48,Confirmed
B004695,C001233,T000047,2026-03-15,4569.26,Confirmed
B004696,C004118,T000005,2026-01-13,1630.9,Confirmed
B004697,C000678,T000045,2025-12-02,4690.75,Confirmed
B004698,C002659,T000006,2026-04-13,793.88,Cancelled
B004699,C002029,T000028,2026-04-02,4071.52,Confirmed
B004700,C003759,T000005,2026-02-21,2460.49,Confirmed
B004701,C004625,T000049,2025-12-11,1300.5,Cancelled
B004702,C002038,T000039,2026-01-13,857.31,Confirmed
B004703,C002650,T000038,2026-11-20,2252.96,Cancelled
B004704,C000657,T000002,2026-09-12,2251.96,Pending
B004705,C000166,T000043,2026-06-04,1534.81,Cancelled
B004706,C004945,T000039,2026-02-02,1469.82,Confirmed
B004707,C004592,T000021,2026-05-03,2297.81,Confirmed
B004708,C000590,T000040,2026-07-16,2345.51,Confirmed
B004709,C004525,T000037,2026-01-20,2490.64,Confirmed
B004710,C002822,T000018,2026-06-26,4409.42,Cancelled
B004711,C004259,T000048,2026-09-17,3250.65,Confirmed
B004712,C001263,T000046,2026-07-30,591.95,Cancelled
B004713,C000072,T000012,2025-12-19,2835.95,Confirmed
B004714,C003517,T000017,2026-03-01,3931.03,Confirmed
B004715,C004751,T000037,2025-09-21,753.86,Confirmed
B004716,C003581,T000046,2026-09-12,2401.74,Confirmed
B004717,C000269,T000038,2026-10-18,2530.45,Confirmed
B004718,C001777,T000015,2025-12-31,4793.09,Confirmed
B004719,C002463,T000007,2025-09-26,2640.58,Confirmed
B004720,C001269,T000014,2026-12-02,3874.55,Confirmed
B004721,C001016,T000050,2026-09-11,1863.06,Confirmed
B004722,C002723,T000001,2025-11-07,4006.88,Confirmed
B004723,C001084,T000038,2026-11-19,1951.98,Confirmed
B004724,C004102,T000003,2026-05-11,2435.11,Confirmed
B004725,C000407,T000037,2025-10-19,2657.67,Confirmed
B004726,C003077,T000044,2026-04-13,4668.63,Confirmed
B004727,C000986,T000031,2025-12-23,740.54,Cancelled
B004728,C003604,T000043,2026-08-01,1385.9,Confirmed
B004729,C004486,T000013,2026-03-20,3675.84,Confirmed
B004730,C000710,T000048,2026-06-26,3099.1,Confirmed
B004731,C002619,T000018,2026-09-28,1631.89,Confirmed
B004732,C004850,T000017,2026-01-04,1801.4,Confirmed
B004733,C001412,T000017,2026-01-11,2152.89,Confirmed
B004734,C004622,T000011,2026-09-18,2526.56,Confirmed
B004735,C001486,T000020,2026-09-09,4181.12,Confirmed
B004736,C002951,T000010,2026-02-23,562.17,Confirmed
B004737,C004652,T000029,2026-10-21,4541.09,Confirmed
B004738,C002935,T000048,2026-08-21,2358.62,Confirmed
B004739,C004115,T000034,2026-08-27,1537.24,Pending
B004740,C004671,T000017,2026-05-01,2787.86,Cancelled
B004741,C001004,T000042,2025-12-15,3468.52,Confirmed
B004742,C002467,T000013,2025-11-24,701.38,Confirmed
B004743,C002467,T000044,2026-04-10,3721.0,Confirmed
B004744,C001939,T000047,2026-04-07,3923.43,Confirmed
B004745,C001940,T000039,2025-09-15,1247.82,Confirmed
B004746,C001636,T000027,2026-03-24,1255.47,Confirmed
B004747,C001699,T000026,2025-09-25,1417.03,Confirmed
B004748,C004528,T000028,2026-04-06,4084.83,Confirmed
B004749,C002092,T000013,2025-11-16,1724.01,Confirmed
B004750,C001896,T000012,2025-10-08,4081.71,Confirmed
B004751,C004241,T000044,2026-01-11,2932.36,Confirmed
B004752,C003399,T000028,2026-03-09,3952.27,Confirmed
B004753,C001074,T000002,2026-10-03,2991.53,Confirmed
B004754,C002403,T000037,2025-10-29,2010.96,Pending
B004755,C004896,T000034,2026-04-01,4598.21,Pending
B004756,C003213,T000023,2026-07-04,3718.83,Confirmed
B004757,C004038,T000045,2025-12-17,2678.25,Cancelled
B004758,C001152,T000029,2026-10-06,3368.43,Confirmed
B004759,C002446,T000035,2026-05-10,3271.3,Confirmed
B004760,C001957,T000011,2026-08-20,2111.52,Confirmed
B004761,C004559,T000048,2026-07-18,2406.97,Confirmed
B004762,C003908,T000033,2026-03-06,1932.16,Confirmed
B004763,C000808,T000011,2026-11-12,4997.83,Confirmed
B004764,C000187,T000009,2025-12-21,3110.29,Confirmed
B004765,C004828,T000014,2026-10-04,914.25,Confirmed
B004766,C004525,T000009,2026-04-16,2835.98,Pending
B004767,C001308,T000039,2025-11-08,724.83,Confirmed
B004768,C002285,T000048,2026-07-29,1798.93,Pending
B004769,C004867,T000003,2026-06-01,2506.83,Confirmed
B004770,C000758,T000029,2026-06-26,2904.22,Pending
B004771,C004232,T000019,2026-05-26,4892.82,Cancelled
B004772,C004888,T000036,2026-05-14,4920.0,Confirmed
B004773,C003855,T000032,2026-03-02,941.31,Confirmed
B004774,C004267,T000007,2025-10-04,2921.6,Confirmed
B004775,C002207,T000028,2026-03-10,4176.99,Pending
B004776,C003559,T000044,2025-11-30,1569.71,Confirmed
B004777,C001581,T000018,2026-07-25,3877.53,Confirmed
B004778,C000962,T000005,2025-10-22,4453.79,Confirmed
B004779,C003848,T000023,2026-04-07,3481.19,Pending
B004780,C003576,T000022,2026-02-13,1974.67,Confirmed
B004781,C000876,T000026,2025-09-02,4654.1,Confirmed
B004782,C002419,T000042,2026-01-19,4475.84,Confirmed
B004783,C004199,T000012,2026-01-11,3721.21,Confirmed
B004784,C001002,T000040,2026-06-10,2136.51,Confirmed
B004785,C003385,T000019,2026-07-17,4063.53,Confirmed
B004786,C004067,T000047,2026-05-20,1922.49,Confirmed
B004787,C002846,T000001,2025-12-17,1638.29,Confirmed
B004788,C001482,T000003,2026-07-09,2817.56,Confirmed
B004789,C003302,T000027,2026-08-21,4987.11,Confirmed
B004790,C000658,T000018,2026-10-28,4119.45,Confirmed
B004791,C002781,T000050,2026-07-21,3784.07,Confirmed
B004792,C000423,T000030,2025-09-20,2534.06,Confirmed
B004793,C003682,T000002,2026-09-22,1903.78,Confirmed
B004794,C004267,T000005,2026-01-18,4351.55,Confirmed
B004795,C002711,T000029,2026-09-05,3054.8,Confirmed
B004796,C000453,T000033,2026-02-15,4159.65,Confirmed
B004797,C002398,T000042,2026-04-18,2694.89,Confirmed
B004798,C001976,T000020,2026-11-22,3892.81,Confirmed
B004799,C001658,T000030,2025-08-30,4404.83,Cancelled
B004800,C002542,T000042,2025-12-10,2261.26,Confirmed
B004801,C003076,T000005,2026-02-09,561.06,Confirmed
B004802,C003165,T000050,2026-09-30,1647.17,Confirmed
B004803,C002967,T000021,2026-08-06,4617.12,Confirmed
B004804,C002054,T000015,2025-12-08,3593.94,Confirmed
B004805,C000288,T000020,2026-09-16,3817.48,Pending
B004806,C003218,T000008,2025-10-19,1963.8,Confirmed
B004807,C003855,T000049,2025-12-24,3655.73,Confirmed
B004808,C001448,T000031,2026-01-12,3408.27,Confirmed
B004809,C000608,T000012,2025-11-01,1302.68,Confirmed
B004810,C004553,T000021,2026-06-08,4859.11,Confirmed
B004811,C001765,T000030,2026-01-26,2093.12,Cancelled
B004812,C001226,T000027,2026-07-13,1981.79,Confirmed
B004813,C001236,T000044,2026-01-11,2161.23,Confirmed
B004814,C001030,T000026,2025-09-29,912.74,Confirmed
B004815,C002672,T000033,2026-01-23,3312.34,Pending
B004816,C003963,T000026,2025-09-02,1573.81,Confirmed
B004817,C004543,T000026,2025-08-11,4114.91,Confirmed
B004818,C004931,T000036,2026-04-02,2273.7,Confirmed
B004819,C003178,T000040,2026-06-07,2563.51,Confirmed
B004820,C003723,T000001,2026-02-21,3408.9,Confirmed
B004821,C004907,T000015,2026-05-08,3928.42,Pending
B004822,C001476,T000050,2026-07-30,1540.02,Confirmed
B004823,C002897,T000001,2025-10-16,4848.32,Confirmed
B004824,C000809,T000011,2026-06-27,3300.45,Confirmed
B004825,C000979,T000002,2026-10-02,525.37,Confirmed
B004826,C002464,T000001,2026-01-14,2370.3,Confirmed
B004827,C000726,T000031,2026-01-03,2465.68,Cancelled
B004828,C002502,T000044,2026-04-14,4141.24,Pending
B004829,C003363,T000016,2025-11-20,1873.13,Confirmed
B004830,C001217,T000022,2026-03-06,1990.52,Pending
B004831,C004052,T000042,2025-11-22,817.22,Confirmed
B004832,C002198,T000018,2026-08-23,1775.96,Confirmed
B004833,C002807,T000047,2026-04-15,3726.33,Cancelled
B004834,C000779,T000017,2026-04-15,3356.41,Confirmed
B004835,C000973,T000030,2025-12-11,866.27,Cancelled
B004836,C002811,T000010,2026-03-22,1016.12,Confirmed
B004837,C002124,T000035,2026-02-18,2196.17,Pending
B004838,C000599,T000021,2026-06-15,3846.91,Cancelled
B004839,C003342,T000016,2026-03-07,4248.13,Confirmed
B004840,C000225,T000006,2026-05-15,565.81,Pending
B004841,C000841,T000003,2026-05-12,1980.55,Pending
B004842,C001815,T000041,2026-10-05,2409.18,Confirmed
B004843,C004810,T000043,2026-08-01,4600.1,Confirmed
B004844,C001107,T000021,2026-09-20,2756.33,Cancelled
B004845,C000125,T000013,2025-10-13,1713.65,Cancelled
B004846,C003247,T000018,2026-10-11,2255.21,Confirmed
B004847,C002932,T000024,2026-01-20,2463.95,Confirmed
B004848,C004126,T000027,2026-06-30,3514.98,Pending
B004849,C002972,T000004,2026-01-21,684.9,Confirmed
B004850,C002018,T000022,2026-01-19,2252.53,Cancelled
B004851,C002416,T000024,2026-01-30,3409.5,Confirmed
B004852,C004591,T000040,2026-04-02,1774.95,Confirmed
B004853,C003097,T000045,2025-10-04,3162.88,Confirmed
B004854,C001610,T000010,2026-03-21,2107.76,Cancelled
B004855,C000718,T000002,2026-07-31,3914.24,Confirmed
B004856,C003562,T000040,2026-04-21,772.69,Confirmed
B004857,C001017,T000006,2026-06-11,4630.83,Confirmed
B004858,C003566,T000048,2026-05-22,1272.26,Confirmed
B004859,C004702,T000018,2026-06-28,1213.46,Confirmed
B004860,C004471,T000017,2025-12-17,4282.89,Confirmed
B004861,C001961,T000038,2026-12-13,4411.77,Confirmed
B004862,C001049,T000045,2025-12-24,918.38,Confirmed
B004863,C001358,T000023,2026-06-09,4589.24,Confirmed
B004864,C003427,T000046,2026-07-17,1729.84,Confirmed
B004865,C000116,T000030,2025-12-17,3283.8,Confirmed
B004866,C002096,T000021,2026-07-18,808.67,Cancelled
B004867,C001802,T000010,2026-03-19,2212.97,Confirmed
B004868,C002147,T000043,2026-05-23,2528.26,Confirmed
B004869,C001621,T000013,2025-11-27,3199.22,Confirmed
B004870,C004781,T000012,2026-02-06,2863.72,Confirmed
B004871,C002951,T000009,2026-03-21,2576.72,Confirmed
B004872,C003793,T000004,2026-01-14,4818.38,Confirmed
B004873,C002942,T000039,2025-10-23,1332.6,Confirmed
B004874,C004906,T000024,2026-03-24,1210.97,Confirmed
B004875,C000978,T000034,2026-07-16,3710.39,Confirmed
B004876,C003067,T000039,2025-11-07,835.48,Cancelled
B004877,C000784,T000041,2026-06-04,2673.01,Confirmed
B004878,C000241,T000005,2026-02-06,2678.24,Cancelled
B004879,C001554,T000015,2025-12-13,1895.11,Confirmed
B004880,C004579,T000050,2026-07-24,4687.0,Confirmed
B004881,C001013,T000004,2026-01-28,1771.45,Confirmed
B004882,C000187,T000039,2025-10-22,1797.99,Confirmed
B004883,C001882,T000008,2026-01-12,1554.35,Confirmed
B004884,C004587,T000049,2025-12-25,1156.05,Confirmed
B004885,C000431,T000045,2025-10-18,2138.05,Cancelled
B004886,C000239,T000024,2026-03-20,3563.99,Confirmed
B004887,C002346,T000028,2026-04-01,3839.73,Confirmed
B004888,C000076,T000043,2026-07-04,4160.39,Confirmed
B004889,C001357,T000027,2026-04-18,1388.95,Confirmed
B004890,C004923,T000001,2025-11-04,660.35,Confirmed
B004891,C002331,T000034,2026-07-31,4886.09,Pending
B004892,C004687,T000017,2026-01-02,564.5,Confirmed
B004893,C001903,T000037,2025-12-12,4823.05,Confirmed
B004894,C004014,T000038,2026-08-08,4229.66,Confirmed
B004895,C004671,T000026,2025-12-16,4604.34,Confirmed
B004896,C004988,T000024,2026-04-29,2242.34,Confirmed
B004897,C002060,T000039,2026-02-08,1387.41,Cancelled
B004898,C000141,T000021,2026-09-19,3229.09,Cancelled
B004899,C001790,T000030,2026-01-23,3835.63,Pending
B004900,C003627,T000047,2026-02-05,1088.87,Confirmed
B004901,C000017,T000048,2026-08-12,4089.3,Confirmed
B004902,C004349,T000013,2026-02-01,1438.67,Pending
B004903,C000465,T000037,2025-11-27,2712.55,Pending
B004904,C004472,T000003,2026-09-13,4354.17,Cancelled
B004905,C001828,T000032,2026-04-03,1370.41,Cancelled
B004906,C003029,T000035,2026-04-04,1588.48,Confirmed
B004907,C000520,T000019,2026-08-16,782.47,Confirmed
B004908,C000090,T000014,2026-08-02,1159.76,Confirmed
B004909,C004816,T000048,2026-07-27,1159.37,Confirmed
B004910,C002852,T000022,2026-04-12,1415.42,Confirmed
B004911,C002844,T000017,2026-01-24,1787.9,Cancelled
B004912,C004726,T000004,2026-01-23,4167.43,Cancelled
B004913,C001885,T000045,2025-12-30,4620.94,Confirmed
B004914,C004172,T000040,2026-07-28,2328.26,Confirmed
B004915,C000926,T000019,2026-04-02,1076.94,Confirmed
B004916,C003735,T000037,2025-10-18,1507.14,Confirmed
B004917,C000970,T000002,2026-11-04,3812.93,Confirmed
B004918,C001095,T000015,2026-04-13,3548.41,Confirmed
B004919,C003196,T000002,2026-09-04,4852.43,Confirmed
B004920,C001405,T000011,2026-07-25,565.2,Confirmed
B004921,C003365,T000045,2025-11-23,3878.41,Confirmed
B004922,C004291,T000023,2026-09-08,2776.07,Cancelled
B004923,C003983,T000010,2026-04-04,4562.12,Confirmed
B004924,C004324,T000003,2026-09-14,3092.75,Cancelled
B004925,C004014,T000005,2025-11-05,2510.0,Confirmed
B004926,C004557,T000003,2026-08-11,3496.33,Confirmed
B004927,C004714,T000038,2026-10-08,4250.86,Confirmed
B004928,C003093,T000013,2026-01-24,1771.24,Pending
B004929,C004160,T000042,2026-01-14,983.87,Confirmed
B004930,C002075,T000019,2026-08-24,2448.58,Confirmed
B004931,C000285,T000040,2026-06-18,1465.34,Cancelled
B004932,C004934,T000050,2026-09-14,2432.94,Cancelled
B004933,C004927,T000035,2026-01-11,4959.72,Confirmed
B004934,C001188,T000024,2026-05-29,3083.55,Confirmed
B004935,C003970,T000024,2026-02-01,3621.2,Pending
B004936,C002966,T000017,2026-04-21,3550.68,Confirmed
B004937,C004320,T000040,2026-08-11,4193.15,Cancelled
B004938,C000784,T000010,2026-07-14,4748.58,Confirmed
B004939,C000950,T000002,2026-06-25,3464.68,Confirmed
B004940,C003940,T000044,2026-03-07,2642.43,Confirmed
B004941,C000045,T000023,2026-09-23,1930.24,Confirmed
B004942,C001811,T000006,2026-03-03,2121.23,Cancelled
B004943,C004567,T000002,2026-09-10,2005.16,Pending
B004944,C002082,T000021,2026-06-30,1960.09,Cancelled
B004945,C003499,T000035,2026-06-17,3625.81,Pending
B004946,C000830,T000049,2025-12-15,3144.69,Confirmed
B004947,C001910,T000029,2026-06-22,1408.98,Cancelled
B004948,C002582,T000007,2025-11-23,4863.32,Confirmed
B004949,C000692,T000029,2026-09-19,2424.76,Confirmed
B004950,C004020,T000037,2025-11-13,3047.39,Confirmed
B004951,C000932,T000023,2026-04-07,3661.7,Confirmed
B004952,C004937,T000033,2026-03-25,3261.55,Pending
B004953,C003407,T000008,2025-12-30,1899.73,Confirmed
B004954,C000148,T000012,2025-10-31,4089.68,Pending
B004955,C001033,T000046,2026-09-21,995.69,Confirmed
B004956,C001312,T000048,2026-05-11,3060.48,Cancelled
B004957,C000388,T000010,2026-07-02,1729.93,Cancelled
B004958,C003122,T000015,2026-05-23,3270.93,Confirmed
B004959,C001874,T000024,2026-02-24,1480.97,Confirmed
B004960,C003589,T000026,2025-11-30,3974.9,Cancelled
B004961,C000916,T000047,2026-06-05,1523.91,Confirmed
B004962,C001879,T000042,2026-03-04,4506.76,Confirmed
B004963,C003749,T000039,2025-11-26,4377.0,Confirmed
B004964,C000278,T000003,2026-05-12,2130.77,Confirmed
B004965,C001978,T000002,2026-07-24,2236.19,Confirmed
B004966,C001860,T000006,2026-04-13,3656.77,Confirmed
B004967,C003037,T000021,2026-08-13,906.68,Pending
B004968,C003372,T000009,2026-04-01,864.14,Confirmed
B004969,C004714,T000010,2026-06-14,1113.46,Cancelled
B004970,C002183,T000036,2026-01-16,3031.14,Confirmed
B004971,C004676,T000003,2026-04-17,1170.51,Pending
B004972,C001171,T000041,2026-10-27,1749.28,Confirmed
B004973,C000490,T000024,2026-03-10,3411.1,Confirmed
B004974,C002526,T000022,2026-01-15,570.31,Cancelled
B004975,C001183,T000049,2025-10-19,1311.06,Confirmed
B004976,C004480,T000014,2026-12-01,4684.69,Confirmed
B004977,C004259,T000042,2026-01-23,3486.1,Confirmed
B004978,C002489,T000045,2025-07-29,1874.98,Confirmed
B004979,C001877,T000044,2026-04-19,703.87,Confirmed
B004980,C002463,T000027,2026-06-17,3137.22,Confirmed
B004981,C001631,T000033,2026-02-12,1502.9,Confirmed
B004982,C000288,T000022,2026-03-29,4820.79,Confirmed
B004983,C004283,T000029,2026-08-06,3591.32,Confirmed
B004984,C001908,T000019,2026-04-10,4883.56,Confirmed
B004985,C001162,T000019,2026-08-23,4320.05,Confirmed
B004986,C000130,T000006,2026-01-27,2673.62,Confirmed
B004987,C002364,T000045,2025-11-26,3513.03,Confirmed
B004988,C000144,T000019,2026-08-30,4154.48,Confirmed
B004989,C000016,T000013,2025-11-06,3101.8,Confirmed
B004990,C000245,T000026,2025-11-19,776.69,Pending
B004991,C000927,T000022,2026-01-24,2617.01,Confirmed
B004992,C003179,T000021,2026-07-12,1087.58,Confirmed
B004993,C002177,T000036,2026-03-03,3716.81,Confirmed
B004994,C000887,T000002,2026-06-21,3562.83,Pending
B004995,C000341,T000047,2026-01-22,4968.09,Confirmed
B004996,C002052,T000044,2026-04-06,3329.64,Confirmed
B004997,C003399,T000030,2025-12-28,4100.62,Confirmed
B004998,C003951,T000027,2026-04-28,1707.3,Cancelled
B004999,C000306,T000007,2025-08-19,2030.11,Confirmed
B005000,C000908,T000020,2026-10-03,4626.61,Confirmed
B005001,C002655,T000050,2026-08-11,3898.37,Pending
B005002,C003793,T000031,2025-12-11,3448.71,Pending
B005003,C004043,T000023,2026-09-27,1643.12,Pending
B005004,C001372,T000013,2026-03-14,3643.6,Confirmed
B005005,C000321,T000017,2026-05-02,4490.44,Confirmed
B005006,C004655,T000004,2026-04-07,1538.59,Confirmed
B005007,C004060,T000014,2026-10-16,3677.56,Cancelled
B005008,C001132,T000020,2026-10-02,2271.62,Confirmed
B005009,C002579,T000013,2025-11-12,1034.45,Cancelled
B005010,C004043,T000003,2026-08-17,3935.57,Pending
B005011,C003368,T000026,2025-12-18,1252.12,Cancelled
B005012,C000818,T000026,2025-07-26,1638.03,Confirmed
B005013,C000012,T000018,2026-08-22,4023.24,Confirmed
B005014,C000195,T000032,2026-01-07,3839.6,Confirmed
B005015,C002538,T000014,2026-08-31,1643.82,Confirmed
B005016,C002843,T000047,2026-01-08,4734.34,Confirmed
B005017,C002230,T000003,2026-05-01,1468.78,Cancelled
B005018,C003010,T000001,2025-12-28,4971.3,Confirmed
B005019,C004752,T000026,2025-12-06,3820.55,Confirmed
B005020,C002078,T000024,2026-01-07,2266.28,Cancelled
B005021,C003868,T000049,2025-10-11,1086.57,Confirmed
B005022,C004874,T000035,2026-05-16,1942.29,Confirmed
B005023,C000444,T000014,2026-08-12,1371.82,Confirmed
B005024,C000298,T000003,2026-04-18,3298.28,Confirmed
B005025,C004904,T000013,2025-11-11,2105.85,Confirmed
B005026,C000845,T000047,2025-12-29,1827.53,Confirmed
B005027,C001016,T000050,2026-07-18,3907.1,Confirmed
B005028,C001385,T000014,2026-10-19,1537.7,Confirmed
B005029,C001398,T000021,2026-06-30,3141.0,Confirmed
B005030,C000554,T000026,2025-10-02,1375.68,Confirmed
B005031,C002351,T000003,2026-05-13,3716.59,Confirmed
B005032,C004517,T000040,2026-05-05,3313.05,Confirmed
B005033,C001270,T000004,2026-02-02,4091.69,Cancelled
B005034,C001261,T000036,2026-03-21,808.24,Confirmed
B005035,C000185,T000043,2026-05-20,1445.47,Cancelled
B005036,C004564,T000001,2026-01-19,1195.07,Confirmed
B005037,C002411,T000040,2026-03-27,1357.53,Confirmed
B005038,C004432,T000047,2026-03-27,963.56,Confirmed
B005039,C002210,T000033,2026-06-06,3029.37,Cancelled
B005040,C003673,T000007,2025-08-12,3170.44,Cancelled
B005041,C004684,T000011,2026-11-14,4295.7,Confirmed
B005042,C001882,T000027,2026-05-14,2379.82,Pending
B005043,C004297,T000014,2026-11-14,2895.73,Confirmed
B005044,C000522,T000022,2026-06-25,4960.87,Confirmed
B005045,C001888,T000016,2026-01-12,2893.3,Confirmed
B005046,C002553,T000046,2026-10-14,3081.09,Confirmed
B005047,C003810,T000012,2026-03-05,4981.63,Confirmed
B005048,C004884,T000049,2025-11-10,4973.58,Confirmed
B005049,C004156,T000046,2026-07-07,2408.14,Pending
B005050,C004674,T000010,2026-04-17,3357.26,Confirmed
B005051,C004417,T000024,2026-01-15,2663.61,Cancelled
B005052,C003480,T000046,2026-06-03,3743.22,Confirmed
B005053,C001410,T000018,2026-10-05,4722.74,Confirmed
B005054,C001695,T000022,2026-06-02,1893.47,Confirmed
B005055,C004665,T000009,2026-01-29,4184.94,Confirmed
B005056,C000527,T000017,2026-03-12,3446.82,Pending
B005057,C002661,T000038,2026-12-18,1760.83,Confirmed
B005058,C002173,T000040,2026-04-11,4087.85,Confirmed
B005059,C004967,T000013,2026-01-27,2422.1,Confirmed
B005060,C000280,T000050,2026-06-15,1041.79,Pending
B005061,C002965,T000037,2025-11-13,4970.37,Confirmed
B005062,C003978,T000006,2026-03-16,2415.41,Cancelled
B005063,C002670,T000021,2026-04-30,2936.99,Confirmed
B005064,C002894,T000036,2026-05-23,4135.83,Confirmed
B005065,C001752,T000007,2025-12-08,4823.94,Confirmed
B005066,C003982,T000036,2026-01-06,4428.0,Confirmed
B005067,C004770,T000025,2026-06-15,2862.74,Confirmed
B005068,C002362,T000011,2026-08-10,2955.63,Confirmed
B005069,C004428,T000044,2026-03-28,1763.99,Confirmed
B005070,C004132,T000014,2026-07-26,2582.61,Confirmed
B005071,C001709,T000045,2025-11-10,4760.77,Confirmed
B005072,C002687,T000029,2026-10-24,3771.23,Cancelled
B005073,C002896,T000010,2026-06-20,553.45,Confirmed
B005074,C004536,T000050,2026-06-18,1024.28,Confirmed
B005075,C002777,T000048,2026-06-11,4657.15,Confirmed
B005076,C001120,T000005,2025-09-16,4319.24,Confirmed
B005077,C002989,T000008,2025-11-06,2687.74,Confirmed
B005078,C004260,T000046,2026-08-15,3276.4,Pending
B005079,C004244,T000005,2025-09-30,1803.41,Confirmed
B005080,C000195,T000024,2026-03-26,4067.74,Confirmed
B005081,C000663,T000040,2026-07-19,3214.93,Confirmed
B005082,C000480,T000026,2025-10-11,3626.72,Confirmed
B005083,C004219,T000006,2026-03-16,2187.09,Confirmed
B005084,C001424,T000016,2026-01-06,2436.97,Pending
B005085,C002709,T000036,2026-01-18,1434.57,Confirmed
B005086,C003176,T000012,2026-01-08,4766.24,Cancelled
B005087,C003815,T000011,2026-09-25,4759.51,Confirmed
B005088,C002015,T000003,2026-06-04,4179.88,Confirmed
B005089,C003790,T000044,2026-02-19,4710.0,Confirmed
B005090,C004806,T000037,2025-09-16,3493.98,Confirmed
B005091,C002444,T000006,2026-05-27,1555.93,Confirmed
B005092,C000912,T000019,2026-07-14,3920.95,Confirmed
B005093,C003214,T000018,2026-06-23,1963.74,Confirmed
B005094,C002365,T000016,2026-05-02,2482.17,Confirmed
B005095,C003630,T000023,2026-09-14,1734.58,Confirmed
B005096,C003473,T000043,2026-09-24,2406.3,Cancelled
B005097,C000681,T000037,2025-12-06,3556.93,Confirmed
B005098,C004652,T000009,2026-02-16,997.75,Cancelled
B005099,C000610,T000003,2026-06-10,973.43,Confirmed
B005100,C002157,T000008,2026-03-09,3576.97,Confirmed
B005101,C003867,T000038,2026-11-06,4008.12,Cancelled
B005102,C000372,T000004,2026-01-07,2981.6,Confirmed
B005103,C000616,T000012,2026-01-03,1317.38,Confirmed
B005104,C002254,T000044,2026-01-12,2438.41,Pending
B005105,C004943,T000031,2025-10-01,3911.79,Confirmed
B005106,C004139,T000025,2026-06-19,3585.8,Cancelled
B005107,C000865,T000016,2025-12-09,994.39,Confirmed
B005108,C001269,T000042,2026-02-27,4861.16,Confirmed
B005109,C000785,T000014,2026-07-09,1505.14,Cancelled
B005110,C004572,T000013,2025-11-23,1491.75,Confirmed
B005111,C004179,T000041,2026-08-27,2569.36,Confirmed
B005112,C002238,T000007,2025-08-07,1972.59,Confirmed
B005113,C004055,T000012,2026-02-23,4927.94,Confirmed
B005114,C004896,T000037,2025-10-16,844.2,Confirmed
B005115,C000936,T000050,2026-10-28,1878.98,Cancelled
B005116,C003981,T000004,2025-11-28,2222.25,Pending
B005117,C002339,T000002,2026-08-08,2720.57,Confirmed
B005118,C000326,T000035,2026-05-15,573.83,Cancelled
B005119,C001535,T000044,2026-02-07,870.63,Confirmed
B005120,C003481,T000003,2026-05-20,1660.14,Confirmed
B005121,C003862,T000004,2026-01-25,2993.01,Cancelled
B005122,C001986,T000038,2026-07-27,3954.97,Confirmed
B005123,C004933,T000012,2025-12-09,3589.23,Confirmed
B005124,C004604,T000019,2026-04-13,3051.61,Confirmed
B005125,C002779,T000010,2026-06-25,2287.55,Cancelled
B005126,C001271,T000001,2025-11-01,4418.13,Confirmed
B005127,C000641,T000017,2026-04-01,2568.98,Confirmed
B005128,C004704,T000016,2026-03-26,1846.64,Confirmed
B005129,C004079,T000009,2026-04-08,3332.01,Pending
B005130,C004662,T000009,2026-04-13,3614.52,Cancelled
B005131,C001368,T000009,2025-11-22,2293.12,Confirmed
B005132,C004043,T000012,2026-01-08,626.64,Confirmed
B005133,C002576,T000041,2026-08-06,923.59,Pending
B005134,C003604,T000015,2026-02-10,4305.2,Confirmed
B005135,C001582,T000002,2026-06-19,754.47,Confirmed
B005136,C001987,T000011,2026-07-13,3164.09,Confirmed
B005137,C002241,T000011,2026-06-24,1326.69,Confirmed
B005138,C003967,T000008,2025-11-03,1530.17,Pending
B005139,C002106,T000032,2026-04-07,1730.0,Cancelled
B005140,C000129,T000006,2026-05-30,672.31,Confirmed
B005141,C004802,T000020,2026-12-02,1297.56,Confirmed
B005142,C003997,T000039,2025-12-05,3427.25,Pending
B005143,C000852,T000035,2026-01-10,2744.23,Confirmed
B005144,C004104,T000008,2026-01-23,4087.98,Confirmed
B005145,C002077,T000050,2026-05-29,775.59,Confirmed
B005146,C002995,T000049,2025-11-09,4500.04,Confirmed
B005147,C003745,T000043,2026-06-07,4983.79,Cancelled
B005148,C002757,T000034,2026-08-27,570.83,Confirmed
B005149,C001645,T000019,2026-04-23,4854.38,Confirmed
B005150,C004372,T000007,2025-09-09,1561.38,Confirmed
B005151,C003145,T000031,2025-09-09,3616.44,Confirmed
B005152,C000243,T000018,2026-10-03,1816.18,Confirmed
B005153,C004086,T000040,2026-04-13,2848.16,Confirmed
B005154,C000171,T000014,2026-08-13,2796.88,Cancelled
B005155,C000653,T000039,2026-01-28,2124.97,Cancelled
B005156,C003513,T000036,2026-03-31,3728.96,Confirmed
B005157,C001500,T000017,2025-12-17,3198.36,Confirmed
B005158,C002100,T000037,2025-11-12,2787.25,Cancelled
B005159,C002159,T000044,2026-05-01,4922.78,Confirmed
B005160,C001973,T000009,2026-02-02,4730.04,Confirmed
B005161,C003926,T000020,2026-12-01,4799.46,Confirmed
B005162,C002259,T000045,2025-11-21,4465.96,Confirmed
B005163,C004040,T000028,2026-03-28,1648.2,Confirmed
B005164,C002036,T000050,2026-10-01,2074.89,Confirmed
B005165,C003272,T000020,2026-11-28,1539.75,Confirmed
B005166,C000858,T000041,2026-07-12,4937.8,Confirmed
B005167,C003824,T000036,2026-05-07,1186.98,Confirmed
B005168,C001050,T000027,2026-07-16,2149.3,Confirmed
B005169,C003991,T000008,2025-12-16,1395.7,Cancelled
B005170,C000299,T000032,2026-01-18,1505.54,Confirmed
B005171,C000924,T000001,2026-02-16,1611.9,Confirmed
B005172,C004233,T000017,2026-04-24,3378.52,Confirmed
B005173,C004307,T000009,2026-03-18,842.22,Confirmed
B005174,C002800,T000020,2026-08-10,3076.38,Cancelled
B005175,C004876,T000045,2025-08-28,4186.79,Confirmed
B005176,C004063,T000032,2026-04-15,3949.36,Confirmed
B005177,C004046,T000002,2026-09-24,1180.27,Confirmed
B005178,C001803,T000032,2025-12-23,4616.29,Confirmed
B005179,C002714,T000045,2025-09-05,3965.41,Confirmed
B005180,C004507,T000009,2025-11-13,523.86,Pending
B005181,C002854,T000030,2025-12-26,3818.18,Confirmed
B005182,C002658,T000020,2026-07-15,3818.4,Confirmed
B005183,C004523,T000038,2026-10-04,2735.67,Cancelled
B005184,C003347,T000001,2026-02-17,706.92,Confirmed
B005185,C001472,T000005,2025-12-30,3109.58,Confirmed
B005186,C002950,T000035,2026-04-17,3945.86,Pending
B005187,C000942,T000036,2026-02-01,1718.93,Confirmed
B005188,C001908,T000001,2026-03-17,3501.81,Pending
B005189,C004838,T000014,2026-09-06,2092.67,Confirmed
B005190,C001244,T000009,2026-02-13,3082.35,Pending
B005191,C004424,T000030,2026-01-27,2230.55,Cancelled
B005192,C001467,T000024,2026-01-11,1866.93,Confirmed
B005193,C003958,T000004,2026-03-14,4351.62,Cancelled
B005194,C001967,T000050,2026-08-18,3892.27,Confirmed
B005195,C000376,T000014,2026-10-24,2054.52,Confirmed
B005196,C000263,T000025,2026-07-17,2455.84,Confirmed
B005197,C004363,T000004,2026-02-18,3612.67,Confirmed
B005198,C003389,T000025,2026-05-14,4149.85,Cancelled
B005199,C003396,T000010,2026-02-12,3579.54,Cancelled
B005200,C001945,T000035,2026-04-10,2934.19,Cancelled
B005201,C001894,T000007,2025-11-28,4794.74,Cancelled
B005202,C003635,T000042,2025-12-29,3983.65,Confirmed
B005203,C001653,T000013,2025-10-17,1020.16,Cancelled
B005204,C004142,T000004,2026-01-03,3011.63,Confirmed
B005205,C003893,T000050,2026-07-11,2343.0,Cancelled
B005206,C000600,T000043,2026-07-27,4077.21,Pending
B005207,C004816,T000036,2026-04-12,700.98,Confirmed
B005208,C001913,T000014,2026-10-07,2348.26,Confirmed
B005209,C001293,T000018,2026-08-07,1932.24,Cancelled
B005210,C000601,T000008,2025-11-03,1135.34,Confirmed
B005211,C000381,T000032,2026-01-04,2204.62,Confirmed
B005212,C004214,T000027,2026-08-25,3527.6,Cancelled
B005213,C003638,T000042,2025-11-18,2127.55,Confirmed
B005214,C002164,T000037,2025-09-22,3110.03,Pending
B005215,C004356,T000023,2026-06-02,3167.65,Pending
B005216,C001099,T000007,2025-10-10,3142.0,Confirmed
B005217,C000366,T000012,2026-03-17,2882.89,Cancelled
B005218,C002571,T000025,2026-05-21,1026.45,Confirmed
B005219,C003420,T000003,2026-09-04,1483.05,Cancelled
B005220,C002477,T000026,2025-11-05,4100.3,Confirmed
B005221,C000791,T000004,2026-01-12,2760.64,Cancelled
B005222,C003570,T000042,2026-03-24,3677.34,Confirmed
B005223,C000747,T000036,2026-06-14,3064.59,Confirmed
B005224,C000313,T000015,2026-05-06,674.11,Cancelled
B005225,C004634,T000032,2026-05-16,4082.96,Confirmed
B005226,C000921,T000029,2026-06-20,789.46,Cancelled
B005227,C001078,T000010,2026-04-15,4744.28,Pending
B005228,C002830,T000021,2026-09-01,1469.2,Confirmed
B005229,C002382,T000016,2026-04-12,2805.83,Cancelled
B005230,C003619,T000047,2026-04-24,786.15,Confirmed
B005231,C000798,T000019,2026-08-27,4527.2,Confirmed
B005232,C004444,T000029,2026-07-14,4909.73,Confirmed
B005233,C000273,T000018,2026-07-27,1158.32,Confirmed
B005234,C003011,T000044,2026-04-23,1831.04,Confirmed
B005235,C004816,T000016,2026-01-06,571.43,Confirmed
B005236,C001774,T000001,2025-10-24,4041.34,Confirmed
B005237,C002548,T000048,2026-05-31,1901.59,Confirmed
B005238,C003165,T000002,2026-11-29,3149.77,Cancelled
B005239,C004781,T000015,2026-01-24,676.48,Confirmed
B005240,C004718,T000039,2026-01-11,3719.57,Confirmed
B005241,C000947,T000028,2026-07-05,2882.32,Confirmed
B005242,C002666,T000001,2026-01-02,3762.41,Confirmed
B005243,C000507,T000005,2025-12-23,4053.04,Pending
B005244,C000244,T000042,2026-01-12,901.59,Cancelled
B005245,C000506,T000022,2026-05-15,3101.41,Confirmed
B005246,C004518,T000036,2026-04-27,3424.75,Confirmed
B005247,C003159,T000046,2026-08-19,2825.23,Pending
B005248,C003591,T000013,2026-02-04,1320.84,Cancelled
B005249,C001873,T000001,2026-03-25,4080.19,Confirmed
B005250,C003794,T000016,2025-11-17,4988.56,Cancelled
B005251,C001193,T000041,2026-10-29,4861.72,Confirmed
B005252,C004426,T000022,2026-05-16,3998.88,Confirmed
B005253,C004746,T000032,2026-04-17,2381.48,Confirmed
B005254,C001465,T000016,2026-01-06,2017.85,Pending
B005255,C000391,T000015,2026-03-30,808.46,Cancelled
B005256,C004477,T000046,2026-11-11,2373.29,Confirmed
B005257,C003378,T000042,2026-01-19,1202.22,Confirmed
B005258,C004838,T000012,2025-11-06,1644.51,Confirmed
B005259,C004916,T000001,2025-12-08,4513.49,Confirmed
B005260,C000673,T000017,2026-03-22,4858.37,Confirmed
B005261,C002561,T000041,2026-08-30,4768.52,Confirmed
B005262,C001212,T000050,2026-06-28,1370.1,Confirmed
B005263,C000930,T000028,2026-08-05,4554.02,Confirmed
B005264,C001540,T000007,2025-08-31,1136.77,Confirmed
B005265,C000913,T000009,2026-03-05,2784.47,Confirmed
B005266,C000644,T000022,2026-05-04,3396.49,Confirmed
B005267,C004523,T000026,2025-09-19,2581.1,Confirmed
B005268,C000502,T000012,2025-12-04,4783.27,Confirmed
B005269,C000730,T000007,2026-01-07,1999.46,Confirmed
B005270,C001284,T000046,2026-08-16,2873.2,Confirmed
B005271,C002119,T000047,2026-02-05,839.52,Pending
B005272,C004553,T000015,2025-12-04,4335.01,Confirmed
B005273,C004387,T000038,2026-11-01,2360.14,Confirmed
B005274,C003837,T000021,2026-08-13,3652.39,Confirmed
B005275,C000920,T000014,2026-09-16,3570.11,Confirmed
B005276,C004051,T000002,2026-09-19,3543.18,Confirmed
B005277,C002340,T000008,2026-02-09,2781.22,Confirmed
B005278,C000756,T000045,2025-08-21,1748.83,Cancelled
B005279,C001870,T000006,2026-04-26,3312.93,Confirmed
B005280,C004473,T000037,2025-12-30,4828.06,Confirmed
B005281,C000508,T000037,2025-11-12,4252.77,Confirmed
B005282,C001437,T000033,2026-02-13,989.46,Cancelled
B005283,C002576,T000041,2026-07-20,604.34,Confirmed
B005284,C003427,T000006,2026-03-31,2745.37,Pending
B005285,C000559,T000026,2025-08-23,3991.23,Confirmed
B005286,C003103,T000039,2025-10-01,1912.56,Cancelled
B005287,C004517,T000041,2026-09-22,3655.57,Confirmed
B005288,C003623,T000037,2026-01-22,4693.65,Confirmed
B005289,C004400,T000014,2026-10-19,2565.43,Confirmed
B005290,C004058,T000037,2026-02-03,1598.72,Confirmed
B005291,C003716,T000008,2026-01-24,4629.91,Pending
B005292,C001302,T000039,2025-10-23,2625.19,Confirmed
B005293,C002156,T000013,2026-01-06,2335.28,Confirmed
B005294,C000693,T000013,2026-01-05,2090.13,Cancelled
B005295,C004351,T000040,2026-07-02,2403.58,Confirmed
B005296,C001479,T000043,2026-05-28,3531.46,Confirmed
B005297,C000257,T000028,2026-08-09,2451.74,Confirmed
B005298,C002431,T000018,2026-10-18,1959.01,Cancelled
B005299,C000442,T000019,2026-04-23,3846.37,Pending
B005300,C001882,T000038,2026-09-02,1413.37,Cancelled
B005301,C002647,T000032,2025-12-29,1408.7,Cancelled
B005302,C003821,T000022,2026-01-30,3633.96,Pending
B005303,C004678,T000002,2026-12-01,4400.18,Confirmed
B005304,C001736,T000013,2026-02-27,1585.45,Confirmed
B005305,C003736,T000023,2026-05-26,1360.06,Cancelled
B005306,C002646,T000025,2026-09-15,3516.38,Confirmed
B005307,C000019,T000028,2026-05-03,3293.61,Confirmed
B005308,C001125,T000011,2026-11-12,2512.64,Cancelled
B005309,C003986,T000033,2026-04-25,931.37,Pending
B005310,C002655,T000024,2026-04-12,913.03,Confirmed
B005311,C002081,T000002,2026-09-18,3998.04,Confirmed
B005312,C001548,T000030,2025-10-25,2532.96,Confirmed
B005313,C000862,T000017,2025-12-30,4360.85,Confirmed
B005314,C000155,T000040,2026-07-04,3086.3,Confirmed
B005315,C003495,T000034,2026-04-19,3284.32,Confirmed
B005316,C000905,T000038,2026-09-01,4703.87,Confirmed
B005317,C001270,T000022,2026-05-03,1240.77,Confirmed
B005318,C000405,T000005,2025-10-15,2943.61,Cancelled
B005319,C000844,T000048,2026-09-06,761.62,Confirmed
B005320,C001783,T000040,2026-04-24,2115.16,Confirmed
B005321,C001565,T000016,2026-02-08,1166.44,Confirmed
B005322,C001185,T000013,2026-01-24,1345.26,Confirmed
B005323,C000747,T000026,2025-11-30,4706.58,Pending
B005324,C001726,T000031,2025-11-06,3248.07,Confirmed
B005325,C003189,T000039,2026-01-29,4514.71,Pending
B005326,C000271,T000048,2026-08-19,2495.84,Cancelled
B005327,C004866,T000023,2026-05-21,3189.4,Confirmed
B005328,C003957,T000048,2026-08-20,644.43,Confirmed
B005329,C000172,T000012,2025-11-10,2612.76,Cancelled
B005330,C000274,T000014,2026-10-17,3038.26,Confirmed
B005331,C002307,T000018,2026-10-23,575.5,Confirmed
B005332,C001159,T000027,2026-05-07,4052.7,Confirmed
B005333,C001707,T000028,2026-07-27,1829.4,Confirmed
B005334,C001772,T000018,2026-09-14,2536.19,Confirmed
B005335,C000422,T000016,2025-11-18,2910.34,Pending
B005336,C001210,T000016,2026-01-15,4964.89,Confirmed
B005337,C004676,T000013,2026-02-17,946.33,Cancelled
B005338,C000891,T000029,2026-11-07,2998.76,Confirmed
B005339,C004818,T000009,2026-01-29,2887.67,Confirmed
B005340,C003268,T000026,2025-12-12,810.09,Confirmed
B005341,C004977,T000028,2026-04-11,3352.72,Pending
B005342,C001474,T000041,2026-06-06,1790.84,Confirmed
B005343,C003244,T000013,2026-03-26,966.96,Confirmed
B005344,C004479,T000036,2026-06-09,1303.89,Confirmed
B005345,C002182,T000009,2026-04-04,4206.21,Cancelled
B005346,C001450,T000047,2026-04-01,968.56,Confirmed
B005347,C003097,T000014,2026-08-01,2601.17,Confirmed
B005348,C003257,T000012,2025-10-27,1378.73,Confirmed
B005349,C003157,T000032,2026-01-03,1230.44,Confirmed
B005350,C001591,T000038,2026-10-20,1425.7,Confirmed
B005351,C004240,T000003,2026-05-05,2717.52,Confirmed
B005352,C003982,T000016,2026-03-23,1570.05,Confirmed
B005353,C001436,T000020,2026-11-17,935.3,Confirmed
B005354,C000224,T000032,2026-04-06,4106.3,Confirmed
B005355,C000220,T000023,2026-08-30,2929.2,Confirmed
B005356,C004275,T000017,2026-01-09,1205.84,Confirmed
B005357,C001655,T000016,2026-03-22,2621.43,Confirmed
B005358,C004529,T000038,2026-08-13,807.63,Confirmed
B005359,C000265,T000008,2025-11-24,3111.93,Pending
B005360,C000954,T000019,2026-09-02,2031.37,Confirmed
B005361,C004525,T000030,2025-08-22,965.88,Confirmed
B005362,C003734,T000034,2026-07-30,1326.4,Confirmed
B005363,C002775,T000014,2026-11-04,2055.66,Confirmed
B005364,C003125,T000022,2026-02-17,4128.83,Confirmed
B005365,C000480,T000044,2026-05-05,1281.9,Confirmed
B005366,C003515,T000017,2025-12-22,993.49,Confirmed
B005367,C001354,T000015,2026-02-24,2821.73,Confirmed
B005368,C003323,T000050,2026-09-06,3014.14,Confirmed
B005369,C003879,T000048,2026-04-12,906.09,Confirmed
B005370,C000890,T000032,2026-01-04,1780.18,Confirmed
B005371,C003855,T000013,2025-11-04,1682.44,Confirmed
B005372,C000925,T000021,2026-06-26,1338.0,Confirmed
B005373,C002171,T000049,2026-02-15,1920.37,Confirmed
B005374,C001903,T000040,2026-08-23,666.99,Confirmed
B005375,C004874,T000033,2026-06-18,3431.97,Confirmed
B005376,C002396,T000027,2026-03-26,4948.19,Confirmed
B005377,C000029,T000035,2026-04-06,3353.21,Cancelled
B005378,C000035,T000016,2026-02-18,2124.84,Pending
B005379,C003590,T000028,2026-08-10,3505.6,Confirmed
B005380,C002671,T000034,2026-07-01,3071.82,Confirmed
B005381,C003366,T000047,2026-06-01,4310.41,Confirmed
B005382,C000589,T000001,2025-11-02,3298.44,Confirmed
B005383,C003219,T000041,2026-08-24,3353.34,Cancelled
B005384,C003139,T000048,2026-05-24,1497.49,Confirmed
B005385,C000904,T000031,2025-09-29,2370.32,Confirmed
B005386,C004087,T000036,2026-05-07,2049.87,Confirmed
B005387,C002170,T000044,2026-03-29,551.41,Confirmed
B005388,C000340,T000033,2026-01-21,1909.76,Confirmed
B005389,C004271,T000033,2026-04-03,2687.28,Confirmed
B005390,C001715,T000039,2025-12-03,3199.32,Confirmed
B005391,C004693,T000018,2026-09-06,4705.56,Confirmed
B005392,C004547,T000023,2026-04-17,1576.01,Confirmed
B005393,C000557,T000023,2026-06-23,1185.93,Cancelled
B005394,C003088,T000015,2026-02-17,4412.51,Confirmed
B005395,C003267,T000026,2025-11-21,4738.31,Confirmed
B005396,C003568,T000030,2025-11-04,2695.79,Confirmed
B005397,C002057,T000025,2026-06-12,1018.47,Confirmed
B005398,C003900,T000045,2026-01-05,2684.25,Confirmed
B005399,C001017,T000016,2026-03-22,992.49,Confirmed
B005400,C002063,T000039,2025-10-11,4474.34,Confirmed
B005401,C000839,T000048,2026-05-06,3686.68,Pending
B005402,C001638,T000045,2025-07-30,1585.12,Cancelled
B005403,C004322,T000014,2026-08-12,4490.11,Confirmed
B005404,C003497,T000017,2026-05-05,3370.56,Confirmed
B005405,C001814,T000012,2026-01-02,4789.69,Confirmed
B005406,C003480,T000029,2026-09-07,4912.16,Confirmed
B005407,C001452,T000032,2026-06-12,514.77,Cancelled
B005408,C002314,T000024,2026-01-25,1040.96,Confirmed
B005409,C001515,T000013,2026-03-08,2961.15,Confirmed
B005410,C001232,T000020,2026-12-02,4801.34,Cancelled
B005411,C001646,T000015,2026-01-08,4974.05,Confirmed
B005412,C003000,T000004,2026-03-23,3053.34,Confirmed
B005413,C003441,T000034,2026-05-04,1282.11,Confirmed
B005414,C004057,T000028,2026-04-26,1233.73,Confirmed
B005415,C000306,T000050,2026-09-11,3937.36,Confirmed
B005416,C003537,T000002,2026-09-05,3163.72,Confirmed
B005417,C001724,T000047,2025-12-19,2969.48,Confirmed
B005418,C001690,T000030,2025-08-29,2595.94,Confirmed
B005419,C001518,T000026,2025-08-20,3763.11,Cancelled
B005420,C003918,T000047,2026-04-14,4361.24,Pending
B005421,C000420,T000026,2025-10-06,1863.31,Confirmed
B005422,C002937,T000020,2026-06-18,1494.13,Confirmed
B005423,C003863,T000042,2026-02-24,3515.9,Cancelled
B005424,C004230,T000028,2026-05-28,4616.3,Confirmed
B005425,C001451,T000020,2026-10-16,2066.71,Confirmed
B005426,C003097,T000011,2026-06-02,1726.02,Confirmed
B005427,C003262,T000010,2026-02-15,1517.52,Confirmed
B005428,C001165,T000023,2026-06-29,1645.21,Confirmed
B005429,C001870,T000037,2026-02-09,1107.2,Confirmed
B005430,C001820,T000041,2026-09-14,3185.5,Confirmed
B005431,C002706,T000019,2026-06-09,1763.72,Confirmed
B005432,C003516,T000045,2025-12-10,3267.25,Confirmed
B005433,C001343,T000018,2026-06-14,873.65,Confirmed
B005434,C002227,T000049,2025-10-10,1019.56,Confirmed
B005435,C001080,T000027,2026-05-15,2912.64,Cancelled
B005436,C004207,T000006,2026-02-04,2801.89,Confirmed
B005437,C004564,T000010,2026-07-15,1721.79,Cancelled
B005438,C002780,T000002,2026-08-09,4222.09,Confirmed
B005439,C002529,T000024,2026-02-15,1341.71,Confirmed
B005440,C000814,T000038,2026-07-30,2122.98,Confirmed
B005441,C002032,T000028,2026-05-18,2999.8,Confirmed
B005442,C000323,T000028,2026-05-08,4402.45,Confirmed
B005443,C002970,T000045,2025-11-20,2383.48,Confirmed
B005444,C000904,T000050,2026-09-22,2293.7,Pending
B005445,C001542,T000039,2025-12-20,3107.92,Cancelled
B005446,C003504,T000002,2026-10-16,1925.13,Confirmed
B005447,C002654,T000046,2026-10-13,3691.28,Confirmed
B005448,C002477,T000005,2026-01-29,1619.13,Confirmed
B005449,C003341,T000050,2026-10-23,4204.38,Confirmed
B005450,C004244,T000011,2026-08-18,1725.59,Confirmed
B005451,C001142,T000010,2026-02-06,4967.16,Confirmed
B005452,C000850,T000043,2026-07-18,1924.08,Confirmed
B005453,C000367,T000002,2026-10-28,4454.72,Confirmed
B005454,C002898,T000015,2026-05-25,2288.1,Confirmed
B005455,C001090,T000039,2026-01-26,1607.25,Pending
B005456,C004042,T000041,2026-10-13,1517.73,Confirmed
B005457,C002039,T000037,2025-10-05,4325.86,Confirmed
B005458,C002861,T000007,2025-07-30,1889.39,Confirmed
B005459,C004271,T000020,2026-11-16,2023.53,Confirmed
B005460,C001855,T000034,2026-08-04,1386.47,Pending
B005461,C004684,T000035,2026-05-17,4825.96,Confirmed
B005462,C000495,T000034,2026-05-30,1601.35,Pending
B005463,C003183,T000022,2026-05-27,1613.5,Confirmed
B005464,C001785,T000031,2026-02-16,4747.54,Cancelled
B005465,C003511,T000023,2026-08-06,4554.04,Confirmed
B005466,C003787,T000019,2026-08-15,1620.1,Pending
B005467,C004131,T000004,2026-01-02,4391.27,Confirmed
B005468,C000999,T000024,2026-03-31,1624.2,Confirmed
B005469,C004470,T000020,2026-07-24,880.09,Confirmed
B005470,C001452,T000039,2026-02-10,4191.63,Cancelled
B005471,C001752,T000028,2026-07-10,3972.01,Cancelled
B005472,C002281,T000039,2025-10-30,1826.0,Confirmed
B005473,C004801,T000017,2026-04-11,905.63,Confirmed
B005474,C004659,T000019,2026-06-19,1428.97,Confirmed
B005475,C002935,T000048,2026-05-25,3969.75,Confirmed
B005476,C003735,T000035,2026-02-20,4841.37,Cancelled
B005477,C003347,T000032,2026-06-09,1665.51,Confirmed
B005478,C001874,T000047,2026-02-22,4182.16,Confirmed
B005479,C004535,T000046,2026-08-18,1525.7,Confirmed
B005480,C003804,T000047,2026-02-01,3558.2,Cancelled
B005481,C001980,T000046,2026-08-17,876.26,Confirmed
B005482,C000699,T000039,2025-12-24,3133.83,Confirmed
B005483,C001313,T000035,2026-01-11,1711.35,Pending
B005484,C002963,T000030,2026-02-09,4666.31,Confirmed
B005485,C002939,T000017,2026-05-02,1803.88,Cancelled
B005486,C004788,T000042,2026-03-10,2292.98,Confirmed
B005487,C002301,T000047,2026-05-23,4283.06,Confirmed
B005488,C003198,T000029,2026-07-05,2472.24,Cancelled
B005489,C000127,T000006,2026-03-08,1572.86,Cancelled
B005490,C001192,T000017,2026-03-01,2963.95,Confirmed
B005491,C002640,T000017,2025-12-16,4279.96,Confirmed
B005492,C004390,T000014,2026-11-20,2449.3,Confirmed
B005493,C003917,T000024,2026-03-16,1098.0,Confirmed
B005494,C001367,T000050,2026-09-01,2223.89,Confirmed
B005495,C001020,T000037,2026-02-04,4795.14,Cancelled
B005496,C004080,T000040,2026-06-28,824.1,Cancelled
B005497,C004515,T000039,2025-12-29,2338.0,Confirmed
B005498,C004540,T000032,2026-02-10,3416.13,Confirmed
B005499,C000685,T000036,2026-02-01,853.33,Confirmed
B005500,C003630,T000050,2026-09-13,2052.29,Confirmed
B005501,C002888,T000037,2025-11-25,4732.6,Confirmed
B005502,C001463,T000048,2026-05-11,637.86,Pending
B005503,C004087,T000014,2026-12-11,3882.84,Confirmed
B005504,C002262,T000027,2026-05-26,4286.19,Confirmed
B005505,C004181,T000019,2026-04-10,1746.77,Confirmed
B005506,C002842,T000031,2026-01-14,1466.21,Confirmed
B005507,C001768,T000046,2026-07-06,4616.69,Cancelled
B005508,C004181,T000009,2025-11-24,3938.01,Confirmed
B005509,C003561,T000038,2026-09-05,1010.21,Cancelled
B005510,C002113,T000017,2026-03-19,1454.89,Confirmed
B005511,C004759,T000019,2026-08-30,3296.1,Confirmed
B005512,C000627,T000044,2026-01-12,2387.38,Cancelled
B005513,C004160,T000004,2025-11-10,2768.78,Confirmed
B005514,C003415,T000048,2026-07-04,4781.94,Confirmed
B005515,C001376,T000011,2026-06-15,2391.06,Confirmed
B005516,C001182,T000022,2026-02-16,4467.57,Confirmed
B005517,C000491,T000004,2025-11-28,3473.35,Confirmed
B005518,C003730,T000017,2026-03-15,1047.29,Confirmed
B005519,C003535,T000008,2025-10-29,3850.28,Confirmed
B005520,C003297,T000046,2026-10-11,2840.94,Confirmed
B005521,C001941,T000034,2026-09-09,1512.94,Confirmed
B005522,C004409,T000011,2026-09-23,1802.97,Confirmed
B005523,C001883,T000031,2025-12-17,3008.0,Confirmed
B005524,C004909,T000011,2026-10-11,3207.66,Confirmed
B005525,C002988,T000038,2026-11-19,4856.79,Confirmed
B005526,C003160,T000021,2026-05-02,4346.24,Confirmed
B005527,C004776,T000046,2026-08-30,1426.28,Confirmed
B005528,C004531,T000030,2026-01-09,3982.96,Confirmed
B005529,C000682,T000010,2026-05-13,537.31,Confirmed
B005530,C001074,T000026,2025-11-07,1084.14,Confirmed
B005531,C002388,T000027,2026-08-24,1398.65,Confirmed
B005532,C002395,T000008,2025-12-16,3187.4,Pending
B005533,C002694,T000039,2026-01-22,1376.08,Confirmed
B005534,C001371,T000008,2026-02-18,2143.73,Confirmed
B005535,C004745,T000008,2026-03-14,1592.51,Confirmed
B005536,C004341,T000034,2026-09-04,2018.37,Confirmed
B005537,C002157,T000016,2026-04-08,4741.03,Confirmed
B005538,C002581,T000041,2026-09-17,4988.19,Confirmed
B005539,C004392,T000013,2026-02-08,3585.75,Confirmed
B005540,C002160,T000023,2026-05-31,3075.39,Confirmed
B005541,C003249,T000012,2026-03-02,3688.02,Confirmed
B005542,C003732,T000027,2026-05-12,3972.43,Confirmed
B005543,C003830,T000022,2026-01-24,3825.56,Confirmed
B005544,C001628,T000032,2026-02-13,868.52,Confirmed
B005545,C003473,T000049,2026-01-25,1896.32,Confirmed
B005546,C000028,T000027,2026-07-12,2045.44,Confirmed
B005547,C001986,T000002,2026-07-16,2161.65,Confirmed
B005548,C004154,T000045,2026-01-12,2049.41,Confirmed
B005549,C001522,T000033,2026-01-30,4041.92,Confirmed
B005550,C000297,T000026,2025-09-09,3864.22,Confirmed
B005551,C002182,T000028,2026-08-12,520.7,Confirmed
B005552,C003403,T000019,2026-08-21,1833.72,Pending
B005553,C002297,T000043,2026-08-03,3306.49,Confirmed
B005554,C002598,T000005,2025-11-12,1041.2,Pending
B005555,C000902,T000033,2026-01-11,820.39,Pending
B005556,C001099,T000020,2026-08-03,4227.79,Confirmed
B005557,C001678,T000030,2025-09-29,2537.08,Confirmed
B005558,C002882,T000045,2025-11-03,4350.59,Cancelled
B005559,C004867,T000008,2026-02-19,4205.99,Confirmed
B005560,C001379,T000038,2026-09-30,4520.17,Confirmed
B005561,C001249,T000017,2026-04-26,717.24,Confirmed
B005562,C003736,T000044,2026-03-24,1337.59,Confirmed
B005563,C004242,T000001,2025-11-26,1832.64,Confirmed
B005564,C001265,T000003,2026-05-25,1113.04,Confirmed
B005565,C001908,T000046,2026-07-06,2684.61,Confirmed
B005566,C001059,T000026,2025-09-22,4095.4,Pending
B005567,C002750,T000031,2025-12-23,4780.32,Confirmed
B005568,C002049,T000008,2026-03-21,4503.08,Confirmed
B005569,C004249,T000043,2026-09-24,2558.02,Confirmed
B005570,C002477,T000046,2026-10-30,3364.21,Confirmed
B005571,C004017,T000008,2025-10-27,1538.13,Confirmed
B005572,C004604,T000035,2026-05-21,2313.54,Confirmed
B005573,C003198,T000039,2026-02-08,4420.32,Confirmed
B005574,C004587,T000028,2026-05-16,631.39,Cancelled
B005575,C003554,T000004,2025-11-04,2897.42,Confirmed
B005576,C004441,T000016,2026-01-10,4427.59,Confirmed
B005577,C001762,T000013,2025-11-02,1049.04,Confirmed
B005578,C000221,T000020,2026-07-30,4921.46,Confirmed
B005579,C004819,T000005,2025-11-17,555.76,Confirmed
B005580,C004624,T000037,2025-10-30,4487.54,Confirmed
B005581,C002889,T000020,2026-08-21,2091.53,Confirmed
B005582,C001665,T000024,2026-03-25,1097.11,Cancelled
B005583,C003987,T000036,2026-03-26,1208.11,Confirmed
B005584,C004577,T000034,2026-09-19,3655.3,Confirmed
B005585,C002978,T000045,2025-11-30,4418.24,Confirmed
B005586,C001872,T000048,2026-04-14,3384.8,Confirmed
B005587,C001463,T000034,2026-08-27,4679.26,Confirmed
B005588,C000345,T000019,2026-04-24,4291.15,Cancelled
B005589,C000045,T000017,2025-12-13,540.64,Confirmed
B005590,C002069,T000005,2026-02-27,3512.43,Confirmed
B005591,C001515,T000025,2026-09-10,1870.86,Confirmed
B005592,C002599,T000018,2026-07-31,2545.25,Cancelled
B005593,C001002,T000050,2026-06-21,923.14,Confirmed
B005594,C001034,T000008,2025-12-14,1769.45,Pending
B005595,C002041,T000027,2026-06-17,3347.09,Confirmed
B005596,C000274,T000015,2026-02-14,1482.72,Confirmed
B005597,C002648,T000045,2025-10-21,3413.92,Confirmed
B005598,C001780,T000013,2026-02-18,4653.64,Confirmed
B005599,C004477,T000016,2026-03-16,522.23,Confirmed
B005600,C000479,T000022,2026-05-02,4035.97,Confirmed
B005601,C000516,T000020,2026-08-31,3385.93,Confirmed
B005602,C004287,T000013,2026-04-02,709.85,Confirmed
B005603,C001192,T000020,2026-06-14,4055.75,Confirmed
B005604,C002669,T000002,2026-09-05,1510.34,Confirmed
B005605,C001412,T000035,2026-05-02,1696.19,Confirmed
B005606,C003281,T000047,2026-01-19,920.82,Confirmed
B005607,C000272,T000019,2026-06-27,2904.71,Confirmed
B005608,C000143,T000045,2025-10-07,2742.01,Confirmed
B005609,C003333,T000037,2025-10-26,2062.29,Confirmed
B005610,C000788,T000006,2026-03-20,1259.39,Confirmed
B005611,C001682,T000014,2026-12-05,4270.79,Confirmed
B005612,C000623,T000004,2026-03-28,4443.7,Confirmed
B005613,C003842,T000022,2026-01-27,2932.61,Confirmed
B005614,C003677,T000039,2025-09-14,1599.01,Confirmed
B005615,C002573,T000036,2026-05-22,932.5,Cancelled
B005616,C003261,T000034,2026-06-29,4408.45,Confirmed
B005617,C004713,T000027,2026-08-26,932.24,Confirmed
B005618,C000067,T000007,2025-12-26,559.31,Confirmed
B005619,C004287,T000003,2026-07-05,2612.29,Confirmed
B005620,C004617,T000047,2026-04-14,3790.72,Cancelled
B005621,C001141,T000033,2026-02-07,2558.92,Confirmed
B005622,C002315,T000002,2026-08-31,731.35,Cancelled
B005623,C002533,T000042,2026-02-19,3605.13,Confirmed
B005624,C003581,T000016,2025-12-20,3390.5,Cancelled
B005625,C001188,T000025,2026-08-29,3566.88,Confirmed
B005626,C004472,T000015,2026-05-07,1450.41,Confirmed
B005627,C004749,T000024,2026-02-19,4080.64,Confirmed
B005628,C003340,T000015,2025-12-13,2656.26,Confirmed
B005629,C000549,T000031,2025-09-11,2913.59,Cancelled
B005630,C004088,T000014,2026-12-09,2956.24,Confirmed
B005631,C000073,T000014,2026-10-30,1790.63,Cancelled
B005632,C000199,T000006,2026-02-26,1625.6,Cancelled
B005633,C003202,T000014,2026-10-01,521.45,Confirmed
B005634,C001782,T000017,2026-03-31,2284.75,Confirmed
B005635,C000572,T000018,2026-10-13,2682.96,Confirmed
B005636,C000791,T000020,2026-06-17,3842.62,Cancelled
B005637,C001639,T000017,2026-04-30,799.82,Confirmed
B005638,C001832,T000016,2025-12-11,4657.95,Confirmed
B005639,C001856,T000040,2026-07-09,1687.81,Cancelled
B005640,C001175,T000039,2025-11-26,2150.24,Confirmed
B005641,C003741,T000032,2026-06-06,717.63,Cancelled
B005642,C003278,T000044,2025-12-18,3439.11,Confirmed
B005643,C000179,T000009,2026-04-15,3690.15,Cancelled
B005644,C002245,T000027,2026-08-23,4679.56,Confirmed
B005645,C004087,T000046,2026-08-01,2015.73,Confirmed
B005646,C000735,T000033,2026-02-18,1658.16,Confirmed
B005647,C000799,T000010,2026-03-17,3767.39,Cancelled
B005648,C000788,T000017,2026-01-16,3680.6,Confirmed
B005649,C002796,T000049,2025-10-27,4717.06,Confirmed
B005650,C004305,T000049,2026-01-29,1423.93,Confirmed
B005651,C004589,T000036,2026-04-24,3673.82,Cancelled
B005652,C003085,T000017,2026-03-06,800.91,Confirmed
B005653,C002919,T000018,2026-08-01,2661.66,Confirmed
B005654,C000732,T000023,2026-06-23,1037.26,Cancelled
B005655,C001130,T000034,2026-05-18,3439.16,Cancelled
B005656,C003447,T000008,2026-03-08,3206.6,Confirmed
B005657,C001606,T000013,2026-03-11,719.75,Confirmed
B005658,C003779,T000023,2026-05-20,1938.28,Confirmed
B005659,C002746,T000020,2026-08-04,2277.65,Cancelled
B005660,C003171,T000022,2026-03-27,1616.27,Cancelled
B005661,C004690,T000047,2026-03-31,674.02,Cancelled
B005662,C002934,T000023,2026-05-01,1934.7,Confirmed
B005663,C001216,T000041,2026-10-27,4066.81,Confirmed
B005664,C000325,T000035,2026-05-16,2120.49,Confirmed
B005665,C001851,T000003,2026-08-24,1955.16,Confirmed
B005666,C001491,T000034,2026-08-03,4737.89,Confirmed
B005667,C000894,T000033,2026-02-13,687.34,Pending
B005668,C001391,T000046,2026-10-23,3952.8,Confirmed
B005669,C003390,T000017,2026-03-06,2673.92,Pending
B005670,C004240,T000045,2025-10-11,4750.08,Cancelled
B005671,C004480,T000019,2026-04-06,2270.62,Cancelled
B005672,C002264,T000030,2025-09-28,3686.19,Confirmed
B005673,C003433,T000023,2026-07-19,814.71,Confirmed
B005674,C002372,T000015,2026-03-07,4679.48,Confirmed
B005675,C003087,T000014,2026-07-19,2050.44,Confirmed
B005676,C004313,T000002,2026-09-19,2858.02,Confirmed
B005677,C001516,T000039,2025-11-23,1123.17,Confirmed
B005678,C002918,T000049,2026-03-16,4755.01,Confirmed
B005679,C002353,T000018,2026-10-28,3528.37,Cancelled
B005680,C001168,T000006,2026-03-01,742.76,Cancelled
B005681,C000111,T000032,2026-02-12,1198.43,Confirmed
B005682,C004328,T000021,2026-07-11,2299.25,Pending
B005683,C003656,T000040,2026-05-25,1475.47,Confirmed
B005684,C003794,T000028,2026-08-15,1870.82,Confirmed
B005685,C001756,T000027,2026-04-21,4988.71,Confirmed
B005686,C001578,T000002,2026-12-07,3463.92,Confirmed
B005687,C001297,T000033,2026-03-08,4649.98,Confirmed
B005688,C003775,T000016,2026-03-17,2461.09,Confirmed
B005689,C002221,T000039,2025-11-09,3696.27,Confirmed
B005690,C000973,T000022,2026-02-07,2568.61,Cancelled
B005691,C001031,T000043,2026-09-29,1977.01,Pending
B005692,C002594,T000047,2026-01-16,2836.28,Cancelled
B005693,C003993,T000013,2026-01-20,2422.9,Confirmed
B005694,C004614,T000002,2026-08-26,4912.43,Confirmed
B005695,C000914,T000014,2026-07-23,2732.75,Confirmed
B005696,C002182,T000038,2026-12-18,4150.01,Confirmed
B005697,C003198,T000041,2026-09-09,3500.69,Cancelled
B005698,C001463,T000028,2026-07-18,2658.32,Confirmed
B005699,C002379,T000007,2025-09-18,2633.68,Pending
B005700,C003455,T000018,2026-10-18,2038.51,Confirmed
B005701,C003554,T000041,2026-10-29,981.42,Confirmed
B005702,C001308,T000036,2026-01-25,3926.61,Confirmed
B005703,C004995,T000041,2026-10-16,4631.43,Confirmed
B005704,C001190,T000036,2026-01-19,1480.8,Confirmed
B005705,C000688,T000044,2026-02-07,4665.53,Confirmed
B005706,C004662,T000004,2026-01-13,1545.37,Confirmed
B005707,C001208,T000030,2025-11-28,2885.36,Confirmed
B005708,C001895,T000024,2026-05-17,2046.3,Confirmed
B005709,C004923,T000020,2026-10-20,1015.29,Confirmed
B005710,C001812,T000046,2026-07-31,737.77,Confirmed
B005711,C003184,T000031,2025-12-04,2144.06,Confirmed
B005712,C003798,T000024,2026-03-28,713.05,Pending
B005713,C001645,T000007,2025-08-28,968.93,Confirmed
B005714,C003969,T000026,2025-08-08,1140.34,Confirmed
B005715,C002717,T000013,2026-03-17,508.62,Confirmed
B005716,C000191,T000008,2026-02-12,1189.63,Cancelled
B005717,C001336,T000005,2025-11-15,3097.75,Confirmed
B005718,C004804,T000044,2026-02-01,4187.85,Confirmed
B005719,C003107,T000013,2026-03-08,1370.43,Confirmed
B005720,C000379,T000029,2026-09-18,863.93,Confirmed
B005721,C004483,T000020,2026-07-04,3782.81,Confirmed
B005722,C003830,T000014,2026-07-11,536.73,Confirmed
B005723,C000616,T000032,2026-03-17,3803.73,Confirmed
B005724,C002331,T000050,2026-09-13,1090.03,Cancelled
B005725,C001755,T000027,2026-06-09,1527.28,Confirmed
B005726,C000464,T000025,2026-10-30,1040.31,Confirmed
B005727,C000967,T000004,2025-12-09,1613.02,Confirmed
B005728,C004268,T000021,2026-05-04,4091.79,Cancelled
B005729,C003159,T000018,2026-09-06,1096.45,Confirmed
B005730,C003625,T000039,2025-09-07,4973.75,Confirmed
B005731,C004939,T000015,2026-04-17,1971.94,Confirmed
B005732,C000690,T000038,2026-09-06,4648.86,Cancelled
B005733,C002623,T000048,2026-05-16,1355.15,Confirmed
B005734,C002213,T000024,2026-03-22,1345.54,Confirmed
B005735,C000383,T000008,2026-02-01,3044.01,Confirmed
B005736,C002257,T000028,2026-03-03,727.7,Cancelled
B005737,C003811,T000021,2026-09-08,4104.51,Pending
B005738,C003504,T000016,2026-02-27,2478.27,Confirmed
B005739,C001413,T000016,2026-01-14,3646.38,Confirmed
B005740,C001584,T000035,2026-01-25,1285.84,Confirmed
B005741,C000372,T000017,2026-01-19,3390.61,Confirmed
B005742,C000611,T000009,2026-01-29,3173.32,Confirmed
B005743,C000116,T000035,2026-05-17,3900.48,Confirmed
B005744,C000447,T000029,2026-07-03,1838.31,Confirmed
B005745,C001392,T000039,2025-09-23,4699.25,Confirmed
B005746,C003325,T000018,2026-10-17,4825.85,Cancelled
B005747,C001341,T000012,2026-02-07,4406.56,Confirmed
B005748,C004511,T000019,2026-04-10,3074.15,Confirmed
B005749,C002940,T000048,2026-05-23,2391.3,Confirmed
B005750,C003700,T000022,2026-03-08,760.97,Cancelled
B005751,C001074,T000049,2025-11-13,4762.53,Cancelled
B005752,C004814,T000015,2026-01-20,4783.02,Confirmed
B005753,C003570,T000001,2025-11-20,584.1,Confirmed
B005754,C003151,T000002,2026-10-21,2105.99,Cancelled
B005755,C001606,T000008,2025-12-04,4460.16,Confirmed
B005756,C004658,T000022,2026-04-18,863.83,Confirmed
B005757,C002295,T000025,2026-06-27,1384.55,Pending
B005758,C003663,T000002,2026-08-28,4904.05,Cancelled
B005759,C004483,T000009,2026-01-11,4312.8,Confirmed
B005760,C004798,T000009,2025-12-27,4604.29,Confirmed
B005761,C000984,T000013,2026-03-04,1139.69,Confirmed
B005762,C000352,T000006,2026-04-25,1450.92,Confirmed
B005763,C001725,T000030,2026-01-06,3224.37,Cancelled
B005764,C001952,T000015,2026-05-02,2757.82,Confirmed
B005765,C001280,T000015,2026-04-12,1843.27,Pending
B005766,C001908,T000050,2026-08-15,4477.31,Confirmed
B005767,C004849,T000007,2025-12-05,4556.25,Confirmed
B005768,C001025,T000011,2026-10-10,1812.58,Confirmed
B005769,C000546,T000040,2026-05-10,1200.89,Confirmed
B005770,C004175,T000038,2026-11-14,1170.92,Confirmed
B005771,C002382,T000040,2026-07-09,2679.91,Confirmed
B005772,C000889,T000002,2026-08-18,1098.13,Confirmed
B005773,C001106,T000048,2026-07-03,2630.03,Cancelled
B005774,C002550,T000039,2026-02-14,2578.7,Confirmed
B005775,C001991,T000010,2026-04-11,4478.5,Confirmed
B005776,C003999,T000044,2026-03-10,1832.95,Confirmed
B005777,C003776,T000017,2026-01-30,3022.94,Confirmed
B005778,C002813,T000007,2025-08-01,3845.75,Confirmed
B005779,C000921,T000040,2026-08-21,3181.62,Confirmed
B005780,C004646,T000039,2025-11-04,4793.31,Confirmed
B005781,C002062,T000004,2026-04-05,3210.25,Confirmed
B005782,C004488,T000035,2026-06-19,4558.38,Confirmed
B005783,C003640,T000047,2026-02-04,1602.75,Confirmed
B005784,C003166,T000036,2026-01-29,3023.39,Confirmed
B005785,C004436,T000031,2025-12-22,2944.88,Confirmed
B005786,C002645,T000025,2026-10-08,4952.53,Confirmed
B005787,C004853,T000041,2026-09-17,1420.28,Confirmed
B005788,C001046,T000013,2026-01-04,1134.47,Confirmed
B005789,C003557,T000018,2026-10-18,3252.52,Cancelled
B005790,C002682,T000021,2026-06-01,1506.61,Cancelled
B005791,C003200,T000048,2026-07-13,3376.2,Confirmed
B005792,C000939,T000001,2025-11-14,4876.2,Confirmed
B005793,C004944,T000036,2026-05-23,4759.28,Confirmed
B005794,C000442,T000050,2026-06-23,1539.96,Cancelled
B005795,C002551,T000008,2026-02-21,1269.03,Confirmed
B005796,C004226,T000048,2026-07-03,3023.33,Confirmed
B005797,C000597,T000021,2026-05-21,3140.5,Cancelled
B005798,C001506,T000043,2026-06-05,3480.13,Cancelled
B005799,C000862,T000021,2026-07-04,3836.71,Confirmed
B005800,C002641,T000027,2026-05-03,3204.31,Confirmed
B005801,C003732,T000019,2026-05-09,1002.89,Confirmed
B005802,C001552,T000023,2026-06-04,4055.71,Confirmed
B005803,C003237,T000050,2026-06-02,857.83,Confirmed
B005804,C001737,T000043,2026-10-14,589.97,Pending
B005805,C001450,T000035,2026-06-16,3963.46,Confirmed
B005806,C000265,T000040,2026-08-13,2967.61,Confirmed
B005807,C002660,T000042,2026-02-01,3643.66,Confirmed
B005808,C002722,T000048,2026-07-24,2222.36,Confirmed
B005809,C001463,T000005,2026-02-02,549.92,Confirmed
B005810,C004253,T000041,2026-10-12,1989.57,Confirmed
B005811,C001446,T000008,2026-03-01,3236.61,Cancelled
B005812,C002299,T000011,2026-08-10,1515.66,Confirmed
B005813,C002926,T000016,2025-11-12,3595.12,Confirmed
B005814,C001633,T000039,2026-01-25,4074.8,Cancelled
B005815,C002375,T000047,2026-01-19,2544.2,Cancelled
B005816,C004991,T000024,2026-01-22,4440.75,Confirmed
B005817,C000513,T000021,2026-06-12,4346.67,Confirmed
B005818,C000216,T000023,2026-08-06,4451.26,Cancelled
B005819,C003332,T000049,2025-12-26,3474.67,Confirmed
B005820,C002173,T000038,2026-09-17,1871.55,Confirmed
B005821,C003154,T000047,2026-02-16,2665.63,Cancelled
B005822,C001707,T000008,2026-01-02,3697.3,Confirmed
B005823,C002107,T000007,2025-08-10,1447.54,Confirmed
B005824,C001568,T000002,2026-08-11,3824.8,Confirmed
B005825,C002209,T000030,2025-12-01,2966.4,Confirmed
B005826,C002332,T000013,2025-10-30,932.08,Confirmed
B005827,C002154,T000023,2026-06-14,3007.79,Confirmed
B005828,C001129,T000029,2026-11-09,800.49,Confirmed
B005829,C003511,T000038,2026-12-06,564.38,Confirmed
B005830,C004324,T000037,2025-09-03,4503.32,Confirmed
B005831,C003654,T000020,2026-07-21,2704.62,Confirmed
B005832,C002366,T000033,2026-02-05,2944.8,Cancelled
B005833,C004898,T000029,2026-10-08,1759.72,Confirmed
B005834,C002922,T000050,2026-05-30,2942.35,Confirmed
B005835,C004568,T000015,2026-02-22,1259.91,Confirmed
B005836,C001080,T000023,2026-08-10,3855.41,Confirmed
B005837,C003512,T000042,2026-02-23,4205.07,Confirmed
B005838,C002742,T000003,2026-07-19,4351.44,Cancelled
B005839,C003021,T000037,2026-01-12,979.94,Pending
B005840,C000229,T000029,2026-10-16,3009.89,Confirmed
B005841,C000171,T000045,2026-01-11,4139.38,Confirmed
B005842,C000295,T000008,2025-12-09,1076.97,Cancelled
B005843,C004285,T000022,2026-04-12,947.85,Confirmed
B005844,C000426,T000029,2026-08-10,4176.24,Cancelled
B005845,C000919,T000002,2026-06-28,4085.31,Confirmed
B005846,C003254,T000041,2026-07-31,2519.12,Confirmed
B005847,C000499,T000049,2025-10-19,993.7,Pending
B005848,C002810,T000050,2026-06-28,2822.55,Confirmed
B005849,C004962,T000045,2026-01-09,2276.61,Confirmed
B005850,C000826,T000001,2025-10-16,2833.46,Confirmed
B005851,C003780,T000044,2026-04-16,2479.53,Pending
B005852,C001859,T000020,2026-07-22,3058.31,Confirmed
B005853,C002119,T000021,2026-06-17,3772.08,Pending
B005854,C000146,T000037,2025-12-15,3986.87,Confirmed
B005855,C004566,T000008,2025-12-28,3420.42,Pending
B005856,C003578,T000027,2026-07-01,1395.23,Confirmed
B005857,C000193,T000047,2026-01-27,2287.05,Confirmed
B005858,C003889,T000035,2026-06-09,820.51,Cancelled
B005859,C000052,T000006,2026-05-26,2532.53,Confirmed
B005860,C002411,T000045,2025-12-01,4866.53,Pending
B005861,C001821,T000044,2026-01-29,3387.79,Confirmed
B005862,C002965,T000019,2026-05-30,1195.76,Confirmed
B005863,C002522,T000018,2026-05-10,1708.6,Confirmed
B005864,C001870,T000001,2026-02-03,790.58,Confirmed
B005865,C002569,T000025,2026-10-06,1320.86,Cancelled
B005866,C001868,T000027,2026-05-26,2695.29,Cancelled
B005867,C002739,T000007,2025-09-28,2051.85,Confirmed
B005868,C003270,T000044,2026-02-02,1417.83,Confirmed
B005869,C003200,T000042,2025-12-03,1159.69,Confirmed
B005870,C002580,T000029,2026-11-25,3452.32,Cancelled
B005871,C004006,T000031,2026-01-18,3011.46,Cancelled
B005872,C004936,T000044,2026-03-15,4291.88,Confirmed
B005873,C000241,T000043,2026-05-28,1324.64,Pending
B005874,C003441,T000036,2025-12-27,4315.93,Confirmed
B005875,C004632,T000019,2026-06-05,3100.6,Confirmed
B005876,C001408,T000006,2026-03-01,1698.0,Confirmed
B005877,C003503,T000025,2026-10-23,1730.99,Confirmed
B005878,C004039,T000031,2026-02-18,2256.71,Confirmed
B005879,C000083,T000009,2026-01-10,2570.57,Confirmed
B005880,C003769,T000020,2026-09-05,871.27,Cancelled
B005881,C000951,T000010,2026-05-22,4289.0,Confirmed
B005882,C000611,T000037,2025-09-22,1046.93,Confirmed
B005883,C004670,T000027,2026-07-01,2675.57,Confirmed
B005884,C003606,T000013,2026-01-12,2223.36,Confirmed
B005885,C004555,T000041,2026-07-28,2805.29,Confirmed
B005886,C003284,T000002,2026-09-16,4493.67,Confirmed
B005887,C002174,T000050,2026-07-24,4950.9,Confirmed
B005888,C003485,T000021,2026-06-22,591.22,Confirmed
B005889,C001523,T000033,2026-06-03,2269.58,Cancelled
B005890,C002602,T000024,2026-05-19,4179.25,Confirmed
B005891,C002658,T000044,2026-04-18,1969.71,Pending
B005892,C002160,T000042,2026-02-17,3420.66,Confirmed
B005893,C002450,T000034,2026-08-11,4965.17,Pending
B005894,C003831,T000009,2026-03-03,3410.47,Confirmed
B005895,C000122,T000002,2026-11-07,1000.36,Cancelled
B005896,C004369,T000030,2025-10-21,4293.19,Confirmed
B005897,C001318,T000022,2026-05-28,4849.96,Confirmed
B005898,C004494,T000046,2026-07-28,3706.29,Cancelled
B005899,C002519,T000011,2026-06-08,2385.81,Cancelled
B005900,C001231,T000043,2026-07-10,4767.8,Cancelled
B005901,C001134,T000017,2026-02-10,4858.57,Confirmed
B005902,C001302,T000036,2026-04-02,4708.03,Confirmed
B005903,C004035,T000013,2025-11-15,2353.19,Confirmed
B005904,C001911,T000007,2025-11-23,4053.68,Confirmed
B005905,C001506,T000016,2025-11-25,3443.81,Cancelled
B005906,C003186,T000033,2026-01-26,1308.68,Confirmed
B005907,C001917,T000045,2025-09-16,2909.82,Pending
B005908,C004916,T000001,2026-04-04,3864.61,Confirmed
B005909,C003549,T000011,2026-06-20,4531.61,Pending
B005910,C002758,T000006,2026-05-09,4381.69,Confirmed
B005911,C001957,T000020,2026-10-25,1195.96,Confirmed
B005912,C000179,T000035,2026-04-26,2696.15,Confirmed
B005913,C000897,T000044,2026-01-15,2652.21,Cancelled
B005914,C001552,T000037,2025-10-07,4544.32,Cancelled
B005915,C000492,T000041,2026-09-29,508.72,Confirmed
B005916,C000061,T000026,2025-08-07,3824.21,Confirmed
B005917,C001078,T000012,2025-12-19,3283.89,Confirmed
B005918,C002896,T000030,2025-09-16,4647.07,Confirmed
B005919,C004161,T000028,2026-05-09,2556.13,Pending
B005920,C003684,T000027,2026-03-16,3459.53,Confirmed
B005921,C000586,T000042,2026-01-01,4877.36,Confirmed
B005922,C003961,T000019,2026-09-07,3847.57,Confirmed
B005923,C003771,T000005,2025-12-06,803.23,Confirmed
B005924,C000535,T000005,2026-01-07,1253.9,Cancelled
B005925,C003463,T000041,2026-08-04,4196.53,Confirmed
B005926,C004012,T000027,2026-08-19,2006.58,Confirmed
B005927,C003399,T000028,2026-03-23,3676.63,Cancelled
B005928,C002156,T000026,2025-08-15,3649.21,Confirmed
B005929,C001005,T000027,2026-08-19,4971.65,Confirmed
B005930,C002500,T000049,2025-12-06,2614.43,Confirmed
B005931,C000327,T000042,2026-04-12,3820.25,Confirmed
B005932,C004704,T000021,2026-09-03,719.39,Confirmed
B005933,C002707,T000001,2026-03-01,2581.66,Confirmed
B005934,C000002,T000028,2026-06-07,1340.07,Confirmed
B005935,C001034,T000048,2026-05-14,4282.57,Confirmed
B005936,C002482,T000015,2025-12-12,4279.59,Confirmed
B005937,C000125,T000017,2026-01-28,1563.64,Confirmed
B005938,C001105,T000026,2025-08-19,1932.28,Confirmed
B005939,C002700,T000020,2026-11-28,3661.15,Confirmed
B005940,C001862,T000025,2026-10-03,3822.2,Confirmed
B005941,C002921,T000013,2025-11-10,3459.34,Pending
B005942,C000129,T000033,2026-05-24,4985.13,Confirmed
B005943,C000438,T000025,2026-06-12,4409.07,Confirmed
B005944,C004847,T000008,2026-03-01,2376.76,Confirmed
B005945,C002549,T000005,2025-10-07,1971.4,Confirmed
B005946,C003130,T000006,2026-05-02,3185.82,Cancelled
B005947,C001222,T000023,2026-07-13,4179.36,Cancelled
B005948,C000902,T000030,2025-09-05,2639.05,Confirmed
B005949,C003169,T000014,2026-08-15,3819.62,Confirmed
B005950,C004487,T000023,2026-07-04,586.22,Confirmed
B005951,C003919,T000011,2026-11-14,4666.28,Pending
B005952,C001068,T000031,2025-09-25,3982.26,Confirmed
B005953,C000027,T000006,2026-04-08,2273.86,Confirmed
B005954,C000548,T000011,2026-11-15,2228.06,Confirmed
B005955,C002669,T000013,2025-11-13,962.99,Confirmed
B005956,C000567,T000012,2025-10-30,4172.69,Cancelled
B005957,C000704,T000002,2026-12-06,3958.83,Pending
B005958,C004281,T000035,2026-02-16,3336.12,Confirmed
B005959,C003141,T000036,2026-05-02,956.55,Cancelled
B005960,C001591,T000017,2026-02-28,1680.54,Pending
B005961,C004944,T000028,2026-05-16,2565.12,Pending
B005962,C004695,T000028,2026-03-01,1696.87,Cancelled
B005963,C000806,T000022,2026-01-16,2452.88,Confirmed
B005964,C003792,T000038,2026-12-01,1516.81,Confirmed
B005965,C001358,T000007,2026-01-12,2073.2,Pending
B005966,C003226,T000015,2026-01-17,3435.34,Confirmed
B005967,C003619,T000032,2026-04-07,4515.62,Confirmed
B005968,C002127,T000011,2026-09-11,2232.64,Confirmed
B005969,C002461,T000024,2026-01-24,3613.59,Confirmed
B005970,C000546,T000003,2026-07-17,1106.57,Confirmed
B005971,C002729,T000030,2025-12-19,2933.68,Cancelled
B005972,C003735,T000006,2026-02-20,4647.67,Confirmed
B005973,C002563,T000002,2026-11-08,625.71,Confirmed
B005974,C002080,T000014,2026-10-15,1704.01,Confirmed
B005975,C002642,T000041,2026-08-01,1096.22,Confirmed
B005976,C003115,T000018,2026-08-27,2899.05,Confirmed
B005977,C001927,T000044,2026-04-08,3558.39,Confirmed
B005978,C000617,T000031,2025-10-28,760.01,Confirmed
B005979,C003645,T000013,2026-01-28,816.28,Cancelled
B005980,C001204,T000026,2025-08-10,4413.33,Confirmed
B005981,C001760,T000044,2026-03-23,2553.05,Confirmed
B005982,C002566,T000012,2026-03-01,2583.28,Confirmed
B005983,C003175,T000018,2026-07-28,4750.61,Confirmed
B005984,C003082,T000009,2026-02-02,1940.94,Confirmed
B005985,C002631,T000049,2026-02-06,4536.61,Confirmed
B005986,C003162,T000021,2026-07-18,4884.15,Confirmed
B005987,C004322,T000048,2026-05-29,1587.62,Confirmed
B005988,C000670,T000049,2026-02-06,2813.17,Pending
B005989,C003169,T000040,2026-08-25,2904.6,Confirmed
B005990,C002122,T000043,2026-07-24,4397.76,Confirmed
B005991,C004079,T000024,2026-01-02,1867.59,Confirmed
B005992,C004152,T000034,2026-07-23,4091.19,Cancelled
B005993,C000720,T000008,2025-12-23,4869.53,Cancelled
B005994,C002601,T000044,2026-02-17,4281.51,Confirmed
B005995,C003599,T000033,2026-06-17,4591.13,Confirmed
B005996,C004670,T000023,2026-08-14,3687.59,Confirmed
B005997,C000667,T000013,2026-01-17,4567.8,Confirmed
B005998,C000284,T000049,2025-10-08,1241.83,Confirmed
B005999,C003904,T000014,2026-10-15,3705.63,Confirmed
B006000,C003566,T000014,2026-11-18,3793.45,Confirmed
B006001,C002235,T000016,2026-01-29,2476.31,Cancelled
B006002,C004594,T000049,2026-01-25,858.82,Confirmed
B006003,C001466,T000038,2026-09-11,3301.0,Cancelled
B006004,C000130,T000039,2025-12-24,733.46,Confirmed
B006005,C004735,T000026,2025-09-04,2220.81,Pending
B006006,C002061,T000026,2025-11-10,2271.52,Pending
B006007,C003673,T000001,2025-12-10,4995.15,Confirmed
B006008,C002495,T000032,2026-05-06,1849.11,Confirmed
B006009,C000993,T000015,2026-01-15,4192.04,Cancelled
B006010,C002122,T000021,2026-06-25,739.27,Cancelled
B006011,C002585,T000018,2026-06-19,2883.95,Pending
B006012,C004197,T000030,2025-09-13,2915.11,Confirmed
B006013,C002224,T000013,2026-02-09,3329.37,Confirmed
B006014,C004523,T000024,2026-05-01,4145.02,Confirmed
B006015,C003189,T000030,2026-01-04,3928.66,Confirmed
B006016,C003238,T000002,2026-08-19,3924.54,Cancelled
B006017,C004137,T000019,2026-06-13,2445.32,Pending
B006018,C004525,T000047,2026-04-23,3773.62,Confirmed
B006019,C000344,T000044,2026-03-21,2710.92,Confirmed
B006020,C004462,T000047,2026-05-07,801.28,Confirmed
B006021,C004705,T000025,2026-07-27,4505.82,Confirmed
B006022,C004824,T000050,2026-06-24,4505.73,Cancelled
B006023,C002277,T000014,2026-12-02,1952.95,Confirmed
B006024,C004921,T000006,2026-04-23,4612.56,Confirmed
B006025,C003202,T000012,2025-11-29,3910.93,Confirmed
B006026,C000889,T000020,2026-10-31,2303.61,Confirmed
B006027,C002044,T000023,2026-08-08,1991.78,Confirmed
B006028,C001342,T000030,2025-10-30,4888.14,Confirmed
B006029,C003721,T000030,2025-11-11,3706.82,Confirmed
B006030,C002884,T000038,2026-08-04,2204.64,Confirmed
B006031,C004213,T000030,2025-12-05,3388.93,Confirmed
B006032,C002416,T000041,2026-08-13,3071.87,Confirmed
B006033,C001118,T000030,2025-11-01,2860.43,Cancelled
B006034,C004264,T000036,2026-02-02,3401.16,Pending
B006035,C003002,T000049,2025-11-01,2919.32,Cancelled
B006036,C001739,T000034,2026-07-01,3446.56,Confirmed
B006037,C001365,T000016,2026-04-24,4584.06,Confirmed
B006038,C002709,T000024,2026-01-07,4969.69,Confirmed
B006039,C004791,T000014,2026-11-14,3691.79,Confirmed
B006040,C000925,T000026,2025-10-26,4675.19,Cancelled
B006041,C000152,T000008,2025-11-16,4362.85,Confirmed
B006042,C000586,T000014,2026-11-12,1827.67,Confirmed
B006043,C000913,T000031,2025-11-25,4698.09,Confirmed
B006044,C002322,T000002,2026-12-08,818.64,Confirmed
B006045,C000496,T000048,2026-06-13,1984.65,Pending
B006046,C003796,T000004,2026-02-05,3379.75,Cancelled
B006047,C002149,T000001,2026-04-06,2871.12,Cancelled
B006048,C000557,T000020,2026-08-01,2940.86,Confirmed
B006049,C001553,T000014,2026-10-21,4077.0,Confirmed
B006050,C002121,T000040,2026-08-01,1376.17,Confirmed
B006051,C003086,T000025,2026-08-05,4919.34,Confirmed
B006052,C003505,T000025,2026-06-19,2468.56,Confirmed
B006053,C000157,T000003,2026-08-03,4774.29,Pending
B006054,C000735,T000005,2025-10-18,2224.02,Confirmed
B006055,C004655,T000038,2026-09-23,3208.04,Confirmed
B006056,C003277,T000026,2025-12-15,2526.4,Confirmed
B006057,C000155,T000040,2026-07-24,3541.71,Confirmed
B006058,C000997,T000038,2026-11-28,1326.31,Pending
B006059,C002295,T000038,2026-11-12,2302.83,Confirmed
B006060,C004627,T000004,2026-02-09,807.72,Pending
B006061,C002906,T000007,2025-12-05,3191.46,Confirmed
B006062,C004825,T000030,2025-10-05,4832.07,Pending
B006063,C001178,T000030,2025-11-05,706.58,Confirmed
B006064,C000154,T000019,2026-06-03,3468.34,Confirmed
B006065,C004188,T000039,2026-01-18,3987.94,Confirmed
B006066,C001717,T000035,2026-02-02,1458.99,Confirmed
B006067,C003203,T000040,2026-05-03,1728.83,Confirmed
B006068,C002858,T000033,2026-01-26,1407.11,Confirmed
B006069,C000787,T000033,2026-02-04,1838.36,Confirmed
B006070,C004369,T000014,2026-11-02,995.37,Pending
B006071,C004273,T000038,2026-12-22,2166.57,Confirmed
B006072,C003768,T000010,2026-03-11,2160.18,Pending
B006073,C002879,T000028,2026-02-27,4132.7,Confirmed
B006074,C000643,T000014,2026-09-10,4104.31,Confirmed
B006075,C004663,T000036,2026-02-10,4085.26,Confirmed
B006076,C000666,T000038,2026-10-26,3051.66,Pending
B006077,C003427,T000016,2026-01-05,1966.46,Confirmed
B006078,C003784,T000021,2026-09-07,2349.34,Confirmed
B006079,C003702,T000028,2026-03-18,1929.85,Confirmed
B006080,C001070,T000033,2026-03-16,3118.68,Confirmed
B006081,C002350,T000006,2026-06-11,4720.91,Cancelled
B006082,C004504,T000041,2026-09-29,1780.24,Confirmed
B006083,C001213,T000015,2025-12-13,2564.83,Confirmed
B006084,C001153,T000044,2025-12-23,3448.03,Confirmed
B006085,C002512,T000003,2026-05-05,4301.13,Confirmed
B006086,C000144,T000043,2026-10-18,1640.0,Confirmed
B006087,C002490,T000047,2026-01-28,1761.3,Confirmed
B006088,C003229,T000035,2026-05-31,4483.24,Cancelled
B006089,C004583,T000014,2026-10-12,861.16,Confirmed
B006090,C004956,T000002,2026-09-20,3224.51,Confirmed
B006091,C003206,T000029,2026-08-26,4372.05,Confirmed
B006092,C004244,T000004,2026-03-13,4647.84,Pending
B006093,C003143,T000026,2025-08-23,557.09,Confirmed
B006094,C003305,T000012,2025-11-09,2163.5,Confirmed
B006095,C001358,T000002,2026-10-17,1657.69,Confirmed
B006096,C002714,T000017,2025-12-15,3056.15,Confirmed
B006097,C004186,T000035,2026-03-01,3347.88,Confirmed
B006098,C001358,T000010,2026-06-16,4998.99,Cancelled
B006099,C004295,T000048,2026-08-09,2807.43,Cancelled
B006100,C004634,T000022,2026-01-27,2981.6,Confirmed
B006101,C003193,T000041,2026-10-30,2364.41,Cancelled
B006102,C000301,T000043,2026-05-27,1164.55,Confirmed
B006103,C000724,T000021,2026-05-13,1864.96,Confirmed
B006104,C003011,T000015,2026-03-04,1611.43,Confirmed
B006105,C000068,T000035,2026-03-16,4105.49,Confirmed
B006106,C003837,T000048,2026-08-29,2956.17,Confirmed
B006107,C003994,T000021,2026-08-14,1832.87,Confirmed
B006108,C002507,T000021,2026-05-20,2700.92,Cancelled
B006109,C001538,T000021,2026-06-06,1484.89,Confirmed
B006110,C000398,T000044,2025-12-16,1333.07,Confirmed
B006111,C004716,T000032,2026-03-02,4369.74,Confirmed
B006112,C003358,T000005,2026-01-22,4751.65,Confirmed
B006113,C001164,T000039,2025-11-17,860.07,Confirmed
B006114,C004826,T000009,2026-03-27,3941.97,Cancelled
B006115,C000556,T000018,2026-05-15,2539.9,Confirmed
B006116,C003662,T000021,2026-06-18,2250.37,Confirmed
B006117,C001752,T000008,2026-03-09,3602.35,Cancelled
B006118,C002942,T000044,2026-04-09,1698.14,Confirmed
B006119,C002658,T000034,2026-06-10,592.62,Confirmed
B006120,C002796,T000010,2026-04-09,1463.01,Confirmed
B006121,C002330,T000041,2026-10-09,1332.16,Confirmed
B006122,C001960,T000024,2026-01-17,653.22,Confirmed
B006123,C001602,T000040,2026-07-06,1945.92,Pending
B006124,C002794,T000024,2026-01-19,2635.33,Confirmed
B006125,C001481,T000032,2026-05-08,3811.23,Confirmed
B006126,C001103,T000033,2026-05-07,1965.48,Confirmed
B006127,C003277,T000038,2026-07-14,1375.43,Confirmed
B006128,C001300,T000044,2026-04-03,1537.79,Confirmed
B006129,C004995,T000049,2026-01-27,4510.3,Cancelled
B006130,C003880,T000034,2026-08-17,1421.24,Confirmed
B006131,C001536,T000011,2026-08-24,4456.58,Pending
B006132,C000078,T000031,2025-12-22,2511.95,Confirmed
B006133,C002832,T000018,2026-07-13,4704.8,Confirmed
B006134,C003411,T000023,2026-07-03,2336.41,Confirmed
B006135,C002722,T000022,2026-02-02,1299.57,Confirmed
B006136,C003628,T000043,2026-08-25,2970.63,Confirmed
B006137,C001533,T000018,2026-09-03,3144.68,Confirmed
B006138,C000238,T000040,2026-05-05,3359.7,Cancelled
B006139,C001997,T000047,2026-04-01,2351.74,Cancelled
B006140,C003428,T000041,2026-10-21,718.71,Confirmed
B006141,C000278,T000047,2026-04-17,3320.24,Cancelled
B006142,C003090,T000039,2026-02-17,4698.64,Confirmed
B006143,C000524,T000020,2026-09-05,4809.01,Confirmed
B006144,C004276,T000013,2025-11-17,3185.98,Cancelled
B006145,C004219,T000045,2025-08-17,589.49,Confirmed
B006146,C003123,T000001,2025-12-15,977.17,Confirmed
B006147,C004576,T000004,2025-11-10,4252.96,Confirmed
B006148,C001798,T000024,2026-05-22,4233.85,Confirmed
B006149,C002132,T000036,2026-01-12,4757.07,Confirmed
B006150,C000816,T000036,2026-02-28,3036.98,Confirmed
B006151,C002695,T000045,2025-10-16,4387.17,Cancelled
B006152,C000443,T000002,2026-09-05,4211.99,Confirmed
B006153,C003141,T000028,2026-07-06,3152.39,Confirmed
B006154,C000143,T000026,2025-08-31,4026.37,Confirmed
B006155,C004288,T000023,2026-04-22,1065.7,Confirmed
B006156,C001411,T000015,2026-03-13,3376.41,Confirmed
B006157,C004474,T000036,2026-06-04,4790.53,Confirmed
B006158,C000535,T000027,2026-05-28,1228.81,Confirmed
B006159,C001717,T000006,2026-03-15,3848.19,Confirmed
B006160,C003365,T000035,2026-01-22,1943.54,Pending
B006161,C001033,T000039,2025-09-26,4176.97,Confirmed
B006162,C003343,T000038,2026-07-28,3637.45,Pending
B006163,C001411,T000035,2026-03-29,4667.78,Confirmed
B006164,C004501,T000036,2026-04-21,3703.71,Confirmed
B006165,C001173,T000010,2026-03-14,2346.4,Confirmed
B006166,C000889,T000030,2025-11-08,549.02,Confirmed
B006167,C003339,T000041,2026-10-03,4068.13,Cancelled
B006168,C004518,T000038,2026-07-23,2338.09,Confirmed
B006169,C001642,T000029,2026-10-02,3517.85,Confirmed
B006170,C000472,T000043,2026-05-23,972.8,Confirmed
B006171,C002941,T000039,2026-02-09,4509.36,Confirmed
B006172,C000547,T000050,2026-07-08,2460.46,Confirmed
B006173,C004727,T000004,2026-03-10,4638.61,Confirmed
B006174,C003598,T000005,2026-02-24,3681.58,Cancelled
B006175,C002826,T000004,2025-10-31,1046.58,Cancelled
B006176,C003724,T000036,2026-03-05,3106.38,Confirmed
B006177,C000364,T000045,2025-08-22,4594.71,Cancelled
B006178,C002167,T000016,2025-12-09,4099.87,Confirmed
B006179,C003310,T000025,2026-08-14,2380.91,Confirmed
B006180,C000546,T000014,2026-11-13,4797.79,Confirmed
B006181,C003241,T000011,2026-08-31,1708.59,Confirmed
B006182,C004730,T000029,2026-11-23,2187.98,Confirmed
B006183,C001937,T000034,2026-09-18,3873.71,Confirmed
B006184,C000963,T000022,2026-05-23,1548.07,Confirmed
B006185,C003006,T000014,2026-07-18,2819.19,Confirmed
B006186,C003807,T000024,2026-04-14,3779.55,Confirmed
B006187,C000883,T000039,2026-02-13,3397.85,Confirmed
B006188,C003841,T000026,2025-09-04,1199.16,Pending
B006189,C000871,T000043,2026-08-02,3333.47,Cancelled
B006190,C004612,T000036,2026-03-04,3077.2,Pending
B006191,C002986,T000039,2025-12-24,3010.3,Confirmed
B006192,C000866,T000016,2026-01-15,4217.21,Confirmed
B006193,C004310,T000038,2026-10-17,1327.53,Confirmed
B006194,C003204,T000032,2026-03-09,3882.05,Cancelled
B006195,C002898,T000006,2026-05-19,3924.17,Confirmed
B006196,C002245,T000034,2026-05-02,3751.9,Confirmed
B006197,C000019,T000008,2026-01-07,2776.86,Confirmed
B006198,C000642,T000030,2026-01-01,2279.92,Confirmed
B006199,C003084,T000027,2026-04-18,2276.05,Confirmed
B006200,C000330,T000007,2025-11-03,3802.14,Pending
B006201,C000866,T000027,2026-08-24,2740.54,Confirmed
B006202,C000774,T000025,2026-06-02,2022.95,Cancelled
B006203,C004488,T000046,2026-09-22,3314.61,Confirmed
B006204,C004733,T000041,2026-07-05,4266.55,Confirmed
B006205,C002355,T000015,2026-05-05,776.79,Confirmed
B006206,C003339,T000025,2026-10-14,4874.62,Confirmed
B006207,C003519,T000022,2026-04-24,934.93,Confirmed
B006208,C002943,T000018,2026-06-23,2802.82,Confirmed
B006209,C002568,T000012,2025-12-11,3020.94,Confirmed
B006210,C001675,T000023,2026-09-15,1121.95,Confirmed
B006211,C002684,T000045,2025-11-03,4620.17,Confirmed
B006212,C003381,T000039,2026-02-12,2621.6,Confirmed
B006213,C000740,T000025,2026-07-15,1144.04,Confirmed
B006214,C001546,T000010,2026-07-11,3702.26,Confirmed
B006215,C004565,T000030,2025-12-01,3485.32,Cancelled
B006216,C002260,T000010,2026-07-16,4832.9,Cancelled
B006217,C001136,T000034,2026-06-28,2486.82,Confirmed
B006218,C000874,T000046,2026-07-20,1705.08,Confirmed
B006219,C004556,T000013,2026-01-24,769.97,Confirmed
B006220,C002301,T000029,2026-08-19,3799.05,Confirmed
B006221,C000752,T000038,2026-11-02,3277.75,Cancelled
B006222,C000854,T000041,2026-10-04,4876.75,Confirmed
B006223,C003733,T000045,2025-09-20,3704.74,Cancelled
B006224,C002284,T000009,2026-04-23,4699.23,Pending
B006225,C001330,T000013,2026-03-27,4962.1,Confirmed
B006226,C000478,T000037,2025-09-29,2427.94,Confirmed
B006227,C002727,T000014,2026-11-03,1176.33,Confirmed
B006228,C003092,T000037,2025-08-29,1381.33,Confirmed
B006229,C004231,T000009,2026-02-21,1932.69,Cancelled
B006230,C004506,T000008,2026-02-24,2790.03,Cancelled
B006231,C001270,T000039,2026-01-06,1050.89,Confirmed
B006232,C004182,T000040,2026-04-23,1857.73,Pending
B006233,C002604,T000003,2026-05-08,1885.07,Confirmed
B006234,C001470,T000047,2026-05-27,518.39,Confirmed
B006235,C000378,T000040,2026-05-27,2093.76,Cancelled
B006236,C001681,T000033,2026-02-19,1022.68,Confirmed
B006237,C000242,T000032,2026-06-11,2433.7,Cancelled
B006238,C000920,T000007,2025-09-22,1384.42,Pending
B006239,C000070,T000019,2026-09-08,4199.51,Confirmed
B006240,C003925,T000034,2026-07-09,862.36,Cancelled
B006241,C002087,T000014,2026-10-16,4395.47,Cancelled
B006242,C002008,T000050,2026-05-16,3112.37,Confirmed
B006243,C000801,T000047,2026-02-05,2563.88,Confirmed
B006244,C002780,T000046,2026-07-07,2973.84,Confirmed
B006245,C004921,T000019,2026-07-05,2192.49,Confirmed
B006246,C000756,T000026,2025-08-26,1074.25,Confirmed
B006247,C001996,T000017,2026-03-13,3946.46,Confirmed
B006248,C001322,T000028,2026-04-24,4675.6,Cancelled
B006249,C002331,T000019,2026-05-11,4775.3,Pending
B006250,C000110,T000027,2026-07-19,3518.2,Confirmed
B006251,C001017,T000048,2026-06-27,2346.56,Confirmed
B006252,C003866,T000019,2026-07-31,2652.62,Cancelled
B006253,C000025,T000033,2026-05-20,3456.35,Confirmed
B006254,C004939,T000007,2025-12-11,4203.83,Pending
B006255,C002839,T000029,2026-10-25,2185.55,Cancelled
B006256,C000738,T000043,2026-08-04,4625.52,Confirmed
B006257,C000180,T000005,2025-11-03,1959.22,Confirmed
B006258,C000232,T000030,2025-12-17,2888.87,Confirmed
B006259,C001918,T000049,2026-02-14,4826.13,Confirmed
B006260,C000343,T000043,2026-07-24,4721.9,Confirmed
B006261,C004573,T000008,2025-11-22,3630.85,Confirmed
B006262,C002624,T000042,2026-03-03,1960.52,Confirmed
B006263,C000455,T000012,2025-12-26,1485.66,Confirmed
B006264,C004385,T000042,2025-12-24,860.65,Cancelled
B006265,C004626,T000013,2026-02-11,3688.94,Confirmed
B006266,C002277,T000026,2025-12-09,2765.53,Confirmed
B006267,C000596,T000018,2026-08-04,3075.29,Cancelled
B006268,C003875,T000042,2026-04-30,2625.76,Confirmed
B006269,C004531,T000049,2025-11-24,2673.26,Confirmed
B006270,C004978,T000020,2026-09-25,3070.73,Confirmed
B006271,C004498,T000016,2026-01-12,4614.18,Confirmed
B006272,C002670,T000037,2026-01-21,632.15,Confirmed
B006273,C002136,T000003,2026-06-28,4107.37,Confirmed
B006274,C003965,T000027,2026-04-12,2257.32,Confirmed
B006275,C001566,T000015,2026-04-30,3852.16,Confirmed
B006276,C000309,T000034,2026-09-19,4768.37,Confirmed
B006277,C000343,T000045,2026-01-13,1878.29,Confirmed
B006278,C000436,T000022,2026-04-04,903.0,Confirmed
B006279,C000177,T000040,2026-08-24,1545.34,Confirmed
B006280,C000139,T000023,2026-05-01,1499.42,Confirmed
B006281,C000194,T000049,2026-01-12,3838.32,Confirmed
B006282,C003258,T000004,2026-04-07,778.36,Cancelled
B006283,C003236,T000041,2026-10-03,729.2,Confirmed
B006284,C000943,T000023,2026-06-17,3621.24,Cancelled
B006285,C004621,T000047,2026-04-01,3005.24,Confirmed
B006286,C003880,T000009,2026-03-05,2379.95,Confirmed
B006287,C003114,T000024,2026-05-04,3089.16,Confirmed
B006288,C002963,T000021,2026-05-14,3808.62,Pending
B006289,C004837,T000041,2026-10-05,965.62,Pending
B006290,C004958,T000046,2026-06-18,2989.79,Pending
B006291,C000954,T000016,2025-11-30,4209.88,Cancelled
B006292,C001303,T000025,2026-06-24,2130.93,Confirmed
B006293,C003382,T000026,2025-09-23,3933.58,Confirmed
B006294,C002881,T000049,2026-01-09,4304.39,Confirmed
B006295,C002188,T000045,2025-12-28,4194.18,Confirmed
B006296,C004888,T000009,2026-04-11,3426.6,Confirmed
B006297,C000546,T000015,2026-02-18,3728.05,Confirmed
B006298,C001928,T000039,2026-02-13,4044.54,Cancelled
B006299,C004153,T000033,2026-05-25,3801.69,Confirmed
B006300,C000005,T000001,2025-12-24,2532.56,Confirmed
B006301,C003482,T000005,2025-12-11,1216.04,Confirmed
B006302,C003254,T000009,2025-11-27,1893.79,Pending
B006303,C001363,T000044,2026-04-24,1432.61,Confirmed
B006304,C001821,T000006,2026-06-15,2126.5,Confirmed
B006305,C002664,T000028,2026-06-28,2701.99,Confirmed
B006306,C002939,T000045,2025-12-01,4815.71,Pending
B006307,C001274,T000026,2025-09-16,4817.58,Confirmed
B006308,C003327,T000028,2026-03-15,3963.15,Confirmed
B006309,C003660,T000040,2026-03-30,4910.63,Confirmed
B006310,C002946,T000015,2025-12-07,4991.07,Confirmed
B006311,C003019,T000006,2026-04-11,4483.66,Confirmed
B006312,C001132,T000027,2026-04-12,857.77,Confirmed
B006313,C004764,T000038,2026-08-11,2417.2,Confirmed
B006314,C002637,T000004,2026-01-12,2903.54,Confirmed
B006315,C003030,T000011,2026-08-12,1058.37,Confirmed
B006316,C003020,T000021,2026-09-05,4138.84,Pending
B006317,C004378,T000030,2025-08-28,1169.08,Confirmed
B006318,C003160,T000018,2026-09-17,2224.98,Confirmed
B006319,C000254,T000035,2026-04-21,810.1,Confirmed
B006320,C000329,T000003,2026-08-30,2860.67,Confirmed
B006321,C002592,T000012,2025-12-18,3186.69,Confirmed
B006322,C002831,T000027,2026-03-28,3808.3,Confirmed
B006323,C003045,T000030,2025-09-06,2027.58,Pending
B006324,C001421,T000021,2026-09-28,3157.39,Confirmed
B006325,C003402,T000038,2026-09-03,3803.66,Pending
B006326,C002893,T000021,2026-07-04,3929.16,Confirmed
B006327,C000655,T000038,2026-10-27,1857.39,Cancelled
B006328,C000760,T000040,2026-06-01,804.67,Confirmed
B006329,C001799,T000015,2026-04-21,669.29,Confirmed
B006330,C002972,T000018,2026-09-30,3956.27,Confirmed
B006331,C004512,T000029,2026-08-23,2234.48,Confirmed
B006332,C003427,T000048,2026-04-13,1102.74,Confirmed
B006333,C000255,T000038,2026-08-24,1330.2,Cancelled
B006334,C003824,T000021,2026-06-03,3947.68,Cancelled
B006335,C001877,T000017,2026-04-20,3195.06,Confirmed
B006336,C002758,T000041,2026-09-15,2756.31,Confirmed
B006337,C002625,T000018,2026-10-05,3303.53,Pending
B006338,C004996,T000037,2025-10-22,1118.75,Confirmed
B006339,C004122,T000038,2026-12-11,1935.69,Confirmed
B006340,C003005,T000012,2026-01-19,2183.29,Confirmed
B006341,C004517,T000011,2026-08-11,1915.24,Pending
B006342,C003735,T000048,2026-05-26,4389.87,Cancelled
B006343,C001245,T000049,2025-11-24,3116.4,Confirmed
B006344,C001009,T000020,2026-07-24,3781.95,Confirmed
B006345,C004315,T000009,2026-04-15,1565.18,Confirmed
B006346,C001511,T000001,2025-12-19,1688.33,Confirmed
B006347,C001960,T000003,2026-06-10,1514.01,Confirmed
B006348,C002509,T000021,2026-06-26,3595.91,Confirmed
B006349,C004759,T000023,2026-04-09,2070.68,Confirmed
B006350,C002683,T000009,2026-02-16,2322.88,Confirmed
B006351,C000990,T000019,2026-05-30,3691.05,Confirmed
B006352,C004285,T000045,2026-01-13,4873.09,Pending
B006353,C000255,T000046,2026-06-04,1228.44,Confirmed
B006354,C004164,T000019,2026-08-03,782.04,Confirmed
B006355,C004712,T000023,2026-06-02,1376.81,Cancelled
B006356,C004970,T000027,2026-07-17,3807.32,Confirmed
B006357,C004453,T000027,2026-06-21,1375.82,Confirmed
B006358,C000256,T000039,2025-09-07,3129.59,Confirmed
B006359,C001008,T000036,2026-04-04,3156.42,Confirmed
B006360,C001756,T000012,2026-02-17,1824.9,Pending
B006361,C002572,T000027,2026-07-08,809.27,Confirmed
B006362,C003909,T000046,2026-07-31,2296.4,Confirmed
B006363,C002998,T000034,2026-04-10,1340.53,Cancelled
B006364,C002804,T000033,2026-03-27,1330.13,Confirmed
B006365,C003766,T000028,2026-06-19,2851.65,Pending
B006366,C004380,T000031,2025-10-05,3529.05,Confirmed
B006367,C003384,T000032,2026-05-12,839.37,Confirmed
B006368,C000099,T000050,2026-06-27,3102.45,Confirmed
B006369,C000197,T000020,2026-08-20,1607.91,Confirmed
B006370,C002530,T000040,2026-07-24,3529.84,Confirmed
B006371,C000878,T000035,2026-05-21,4145.97,Confirmed
B006372,C001869,T000031,2025-11-02,4131.56,Confirmed
B006373,C002666,T000031,2025-11-07,2164.38,Confirmed
B006374,C001389,T000038,2026-12-15,3052.71,Confirmed
B006375,C002416,T000022,2026-03-13,4071.63,Confirmed
B006376,C000570,T000045,2025-09-12,773.65,Confirmed
B006377,C002638,T000041,2026-10-21,3225.31,Confirmed
B006378,C001066,T000009,2025-11-10,4264.35,Confirmed
B006379,C000422,T000009,2025-11-26,2175.61,Cancelled
B006380,C002884,T000015,2026-04-15,2549.34,Confirmed
B006381,C001205,T000013,2026-02-19,3644.28,Confirmed
B006382,C000545,T000022,2026-03-02,805.48,Confirmed
B006383,C004167,T000016,2026-03-31,2235.36,Confirmed
B006384,C003640,T000032,2026-01-13,1830.7,Cancelled
B006385,C001224,T000002,2026-10-12,576.47,Confirmed
B006386,C003173,T000026,2025-11-29,1381.88,Confirmed
B006387,C000768,T000014,2026-10-23,2281.48,Confirmed
B006388,C003658,T000038,2026-09-14,1388.43,Pending
B006389,C000655,T000034,2026-07-27,3210.79,Confirmed
B006390,C002447,T000008,2025-10-22,2518.94,Confirmed
B006391,C000221,T000036,2026-01-13,677.67,Confirmed
B006392,C003667,T000021,2026-08-12,1737.68,Confirmed
B006393,C004278,T000046,2026-09-18,587.65,Confirmed
B006394,C004403,T000043,2026-08-06,2111.61,Confirmed
B006395,C002570,T000028,2026-04-27,1666.0,Confirmed
B006396,C001014,T000046,2026-07-30,3596.84,Confirmed
B006397,C002052,T000044,2026-03-08,1883.33,Confirmed
B006398,C003986,T000048,2026-06-23,2188.21,Confirmed
B006399,C004944,T000006,2026-04-08,3764.0,Confirmed
B006400,C004900,T000020,2026-11-08,2664.13,Confirmed
B006401,C004311,T000031,2025-10-24,3004.04,Confirmed
B006402,C003020,T000033,2026-05-12,4286.06,Confirmed
B006403,C003682,T000044,2026-01-14,1431.0,Confirmed
B006404,C001444,T000007,2025-12-10,4951.33,Confirmed
B006405,C004197,T000008,2025-11-04,4550.47,Confirmed
B006406,C003011,T000009,2026-03-24,1789.49,Confirmed
B006407,C000573,T000002,2026-08-08,4518.22,Pending
B006408,C001333,T000017,2026-02-13,3892.8,Cancelled
B006409,C004754,T000045,2025-11-08,4688.4,Confirmed
B006410,C004003,T000037,2025-12-03,3610.11,Confirmed
B006411,C003135,T000042,2025-12-20,3535.15,Confirmed
B006412,C004087,T000044,2026-04-16,515.59,Confirmed
B006413,C000226,T000017,2026-03-15,2635.75,Cancelled
B006414,C004201,T000038,2026-10-30,1401.21,Confirmed
B006415,C001998,T000035,2026-01-13,1958.37,Confirmed
B006416,C000772,T000047,2026-02-20,4904.67,Confirmed
B006417,C004525,T000039,2025-09-22,884.76,Confirmed
B006418,C000434,T000030,2025-09-15,3751.19,Confirmed
B006419,C003100,T000006,2026-06-23,1278.25,Confirmed
B006420,C002730,T000004,2025-10-31,533.31,Confirmed
B006421,C003408,T000037,2025-09-13,2756.38,Confirmed
B006422,C003141,T000035,2026-02-24,1225.47,Confirmed
B006423,C000866,T000009,2026-01-08,4844.6,Cancelled
B006424,C002794,T000006,2026-02-19,1416.64,Cancelled
B006425,C002912,T000013,2025-10-17,1364.16,Confirmed
B006426,C002416,T000022,2026-02-05,644.75,Confirmed
B006427,C000251,T000028,2026-06-11,1984.19,Confirmed
B006428,C004952,T000030,2025-12-08,608.5,Confirmed
B006429,C003758,T000036,2026-01-25,2744.99,Confirmed
B006430,C004657,T000002,2026-10-17,2775.25,Cancelled
B006431,C000919,T000036,2026-02-10,739.59,Pending
B006432,C001174,T000008,2026-02-01,1580.28,Confirmed
B006433,C003204,T000045,2025-11-12,4244.48,Confirmed
B006434,C000433,T000042,2026-02-26,2581.45,Confirmed
B006435,C000836,T000050,2026-09-05,2455.75,Confirmed
B006436,C002247,T000009,2026-02-04,3644.5,Cancelled
B006437,C002263,T000001,2026-01-26,3716.97,Confirmed
B006438,C000898,T000013,2025-12-11,3928.83,Confirmed
B006439,C003633,T000050,2026-05-17,4237.17,Confirmed
B006440,C004568,T000015,2026-04-04,1545.13,Confirmed
B006441,C003816,T000032,2026-02-17,798.71,Confirmed
B006442,C000247,T000034,2026-05-20,2211.19,Cancelled
B006443,C002430,T000043,2026-06-23,4347.94,Confirmed
B006444,C000991,T000031,2025-12-19,851.13,Cancelled
B006445,C003311,T000014,2026-08-12,3091.79,Confirmed
B006446,C000927,T000047,2026-05-19,3654.87,Confirmed
B006447,C003439,T000014,2026-07-16,2666.33,Pending
B006448,C002608,T000048,2026-04-15,1648.29,Pending
B006449,C001075,T000029,2026-09-20,1968.39,Pending
B006450,C004023,T000047,2026-01-09,822.43,Confirmed
B006451,C003800,T000019,2026-06-07,1816.63,Confirmed
B006452,C004785,T000027,2026-03-30,699.7,Confirmed
B006453,C003152,T000009,2025-11-07,3768.46,Confirmed
B006454,C003439,T000037,2025-12-05,4540.98,Confirmed
B006455,C004574,T000037,2025-10-31,3350.81,Confirmed
B006456,C003492,T000043,2026-09-08,3455.16,Cancelled
B006457,C000707,T000028,2026-05-08,2624.64,Confirmed
B006458,C003065,T000024,2026-02-11,1202.16,Cancelled
B006459,C000754,T000028,2026-07-19,534.76,Confirmed
B006460,C000588,T000036,2026-06-06,2047.89,Cancelled
B006461,C001335,T000018,2026-08-09,3881.7,Confirmed
B006462,C001848,T000025,2026-09-19,4821.94,Confirmed
B006463,C003935,T000035,2026-01-13,2439.88,Confirmed
B006464,C003927,T000004,2025-12-02,2144.26,Cancelled
B006465,C003318,T000014,2026-09-14,2506.81,Pending
B006466,C004021,T000039,2025-11-30,2424.99,Confirmed
B006467,C003156,T000026,2025-11-23,3316.46,Confirmed
B006468,C004303,T000008,2026-03-03,3803.66,Confirmed
B006469,C002199,T000024,2026-04-13,4032.31,Confirmed
B006470,C000165,T000016,2025-11-25,3423.22,Confirmed
B006471,C001999,T000020,2026-09-11,2469.76,Confirmed
B006472,C003058,T000015,2026-03-15,4775.47,Cancelled
B006473,C002085,T000007,2025-12-20,3699.59,Confirmed
B006474,C004429,T000017,2026-03-24,2419.96,Confirmed
B006475,C000403,T000022,2026-02-01,2509.62,Confirmed
B006476,C000414,T000022,2026-05-29,4180.91,Pending
B006477,C000045,T000012,2025-10-16,2482.43,Confirmed
B006478,C004158,T000018,2026-07-27,2823.23,Confirmed
B006479,C002468,T000046,2026-11-08,1811.99,Confirmed
B006480,C000868,T000047,2026-04-30,4275.12,Confirmed
B006481,C000019,T000015,2026-01-13,2850.28,Pending
B006482,C000365,T000037,2025-12-10,2986.41,Confirmed
B006483,C003833,T000016,2025-12-15,4463.04,Cancelled
B006484,C000580,T000005,2025-10-05,4642.33,Pending
B006485,C000546,T000002,2026-06-20,4208.87,Confirmed
B006486,C004151,T000028,2026-03-29,794.17,Confirmed
B006487,C004874,T000041,2026-09-02,2495.79,Cancelled
B006488,C003040,T000027,2026-07-07,2044.99,Cancelled
B006489,C004138,T000031,2025-12-18,1460.82,Pending
B006490,C004045,T000041,2026-09-03,4590.29,Cancelled
B006491,C004327,T000036,2026-06-06,4505.31,Confirmed
B006492,C000453,T000047,2026-04-03,2593.84,Confirmed
B006493,C003962,T000043,2026-05-10,1105.52,Confirmed
B006494,C001382,T000001,2026-01-24,560.15,Confirmed
B006495,C001468,T000050,2026-10-31,2473.1,Confirmed
B006496,C002739,T000029,2026-11-20,679.8,Cancelled
B006497,C001217,T000001,2026-02-24,3243.0,Confirmed
B006498,C000881,T000008,2026-03-07,3237.84,Cancelled
B006499,C003815,T000016,2026-04-29,4545.23,Confirmed
B006500,C003150,T000028,2026-07-16,1355.22,Confirmed
B006501,C000085,T000022,2026-01-29,2171.27,Confirmed
B006502,C004145,T000018,2026-10-09,4367.95,Confirmed
B006503,C001169,T000022,2026-03-03,2634.33,Confirmed
B006504,C004165,T000041,2026-08-08,768.75,Pending
B006505,C003130,T000012,2025-10-25,998.53,Confirmed
B006506,C003646,T000019,2026-06-01,4160.55,Confirmed
B006507,C002527,T000025,2026-09-10,3846.64,Confirmed
B006508,C002868,T000050,2026-09-03,4441.47,Confirmed
B006509,C003517,T000005,2025-12-11,1034.88,Confirmed
B006510,C003368,T000034,2026-04-01,3921.88,Confirmed
B006511,C002195,T000039,2026-01-27,3447.97,Confirmed
B006512,C003556,T000010,2026-05-29,1545.32,Confirmed
B006513,C000446,T000047,2026-02-26,4882.57,Confirmed
B006514,C003627,T000007,2025-08-29,3066.6,Confirmed
B006515,C004017,T000037,2025-12-29,4580.95,Confirmed
B006516,C003876,T000047,2026-01-02,4365.92,Pending
B006517,C003338,T000015,2026-03-10,1999.06,Confirmed
B006518,C000262,T000042,2026-04-17,2911.81,Confirmed
B006519,C001849,T000024,2026-05-13,2441.16,Confirmed
B006520,C004993,T000026,2025-08-24,3690.85,Confirmed
B006521,C004026,T000026,2025-12-09,3146.19,Confirmed
B006522,C002267,T000046,2026-10-25,4031.84,Confirmed
B006523,C000092,T000026,2025-12-15,552.89,Confirmed
B006524,C004223,T000010,2026-03-07,3595.07,Pending
B006525,C004176,T000017,2026-05-11,1935.79,Confirmed
B006526,C003310,T000014,2026-12-09,1509.0,Confirmed
B006527,C000983,T000002,2026-11-26,4105.59,Confirmed
B006528,C003444,T000048,2026-06-20,901.5,Confirmed
B006529,C002534,T000013,2025-12-24,1528.07,Confirmed
B006530,C000694,T000027,2026-07-28,1416.8,Cancelled
B006531,C004121,T000009,2026-04-25,2389.21,Pending
B006532,C000156,T000007,2025-12-07,1950.52,Confirmed
B006533,C003589,T000048,2026-08-29,3742.11,Cancelled
B006534,C001813,T000010,2026-06-22,3647.16,Confirmed
B006535,C004115,T000009,2025-11-17,1964.62,Confirmed
B006536,C001408,T000022,2026-01-17,2466.41,Confirmed
B006537,C001217,T000023,2026-05-08,1435.59,Confirmed
B006538,C001411,T000007,2025-12-15,3518.76,Confirmed
B006539,C003498,T000048,2026-05-21,2283.0,Cancelled
B006540,C004373,T000009,2026-04-20,1097.72,Confirmed
B006541,C004841,T000027,2026-06-07,1072.69,Pending
B006542,C000552,T000024,2026-01-05,1950.44,Confirmed
B006543,C003395,T000029,2026-11-04,3862.96,Confirmed
B006544,C001177,T000017,2026-02-13,614.77,Confirmed
B006545,C004735,T000020,2026-09-22,1659.99,Confirmed
B006546,C004333,T000007,2025-11-30,1231.19,Pending
B006547,C000998,T000043,2026-07-23,4804.15,Confirmed
B006548,C004077,T000040,2026-03-08,3673.77,Confirmed
B006549,C002732,T000007,2026-01-14,1549.55,Confirmed
B006550,C003938,T000028,2026-02-27,1433.57,Cancelled
B006551,C004053,T000019,2026-07-14,4361.14,Confirmed
B006552,C000373,T000020,2026-11-25,1356.02,Confirmed
B006553,C002249,T000044,2026-05-04,4986.77,Cancelled
B006554,C000849,T000039,2025-12-01,1770.36,Confirmed
B006555,C002557,T000040,2026-05-04,879.5,Pending
B006556,C002323,T000007,2026-01-06,3609.24,Cancelled
B006557,C000504,T000006,2026-01-10,3243.39,Confirmed
B006558,C003190,T000025,2026-10-11,4999.2,Confirmed
B006559,C000703,T000041,2026-05-24,4109.39,Cancelled
B006560,C003626,T000013,2025-11-05,2429.76,Cancelled
B006561,C000315,T000039,2025-11-07,3544.75,Confirmed
B006562,C002377,T000040,2026-06-27,4180.32,Confirmed
B006563,C001041,T000022,2026-04-10,2811.77,Confirmed
B006564,C004379,T000049,2025-10-10,1727.92,Confirmed
B006565,C002991,T000017,2026-01-28,1445.48,Cancelled
B006566,C000258,T000048,2026-04-11,1828.77,Cancelled
B006567,C000575,T000022,2026-04-12,4316.31,Confirmed
B006568,C004670,T000034,2026-06-24,2211.95,Confirmed
B006569,C001553,T000008,2026-01-08,1789.99,Confirmed
B006570,C004519,T000049,2025-11-24,4126.49,Pending
B006571,C000758,T000045,2025-08-12,643.64,Confirmed
B006572,C002811,T000018,2026-06-09,3172.81,Confirmed
B006573,C001105,T000024,2026-05-29,4431.34,Cancelled
B006574,C004525,T000042,2026-03-14,2345.38,Confirmed
B006575,C003460,T000002,2026-07-22,1711.93,Confirmed
B006576,C003993,T000002,2026-11-20,2712.69,Confirmed
B006577,C000204,T000027,2026-06-21,3728.65,Confirmed
B006578,C002776,T000014,2026-08-12,2824.73,Confirmed
B006579,C002333,T000048,2026-08-01,534.38,Cancelled
B006580,C001993,T000039,2026-02-03,852.46,Confirmed
B006581,C002244,T000012,2025-12-13,3745.98,Confirmed
B006582,C000307,T000032,2026-04-05,2299.78,Confirmed
B006583,C001688,T000028,2026-03-28,4031.49,Confirmed
B006584,C004110,T000028,2026-07-06,3422.7,Confirmed
B006585,C001861,T000046,2026-11-02,3116.82,Confirmed
B006586,C001962,T000025,2026-07-29,4556.19,Cancelled
B006587,C000723,T000004,2025-12-16,595.95,Cancelled
B006588,C000780,T000026,2025-08-17,1197.65,Confirmed
B006589,C000529,T000036,2026-04-05,3309.69,Confirmed
B006590,C004894,T000050,2026-07-13,796.23,Confirmed
B006591,C000344,T000003,2026-08-23,3402.37,Confirmed
B006592,C003787,T000001,2026-01-30,4928.54,Confirmed
B006593,C003683,T000017,2026-04-03,4454.64,Cancelled
B006594,C000209,T000007,2025-11-16,3159.13,Confirmed
B006595,C004737,T000048,2026-09-22,4522.9,Pending
B006596,C003407,T000005,2025-11-23,1023.21,Confirmed
B006597,C001312,T000019,2026-09-04,2546.12,Cancelled
B006598,C002300,T000039,2026-01-21,2429.04,Confirmed
B006599,C003337,T000046,2026-08-03,2014.01,Confirmed
B006600,C001948,T000034,2026-05-06,500.91,Confirmed
B006601,C000920,T000035,2026-03-24,4509.63,Cancelled
B006602,C002045,T000049,2026-01-07,3999.68,Confirmed
B006603,C000419,T000016,2026-04-20,3437.86,Cancelled
B006604,C001750,T000040,2026-06-04,1080.35,Confirmed
B006605,C002843,T000050,2026-09-19,2201.92,Confirmed
B006606,C001100,T000047,2026-02-03,4659.47,Confirmed
B006607,C003393,T000039,2026-01-03,3276.18,Cancelled
B006608,C002773,T000027,2026-08-07,3215.35,Confirmed
B006609,C002481,T000041,2026-11-03,4609.07,Cancelled
B006610,C001546,T000038,2026-09-21,3019.25,Confirmed
B006611,C001071,T000050,2026-08-16,3189.3,Confirmed
B006612,C001851,T000050,2026-08-10,2055.72,Confirmed
B006613,C004199,T000025,2026-06-23,2171.48,Confirmed
B006614,C002940,T000026,2025-11-09,3585.23,Confirmed
B006615,C001904,T000014,2026-10-26,1941.96,Confirmed
B006616,C000679,T000014,2026-08-24,3015.99,Confirmed
B006617,C000989,T000014,2026-08-08,1756.39,Cancelled
B006618,C002476,T000025,2026-07-19,1247.56,Confirmed
B006619,C001608,T000036,2026-04-28,2544.81,Confirmed
B006620,C002870,T000004,2026-03-04,1478.51,Cancelled
B006621,C001503,T000047,2026-01-22,4543.22,Confirmed
B006622,C001790,T000015,2026-02-22,1866.26,Confirmed
B006623,C001426,T000032,2026-05-24,3188.31,Confirmed
B006624,C002441,T000018,2026-10-20,1685.49,Confirmed
B006625,C002043,T000014,2026-11-24,1661.09,Confirmed
B006626,C001279,T000001,2026-02-18,2077.86,Confirmed
B006627,C002595,T000042,2026-02-03,4621.44,Confirmed
B006628,C004690,T000020,2026-08-12,2261.74,Confirmed
B006629,C002437,T000010,2026-07-14,4195.7,Confirmed
B006630,C003804,T000010,2026-04-19,1387.84,Confirmed
B006631,C002206,T000024,2026-05-23,716.76,Confirmed
B006632,C001028,T000034,2026-05-29,4017.55,Confirmed
B006633,C003540,T000028,2026-04-17,2938.44,Confirmed
B006634,C003484,T000027,2026-08-12,2766.77,Cancelled
B006635,C002242,T000040,2026-06-02,1724.93,Confirmed
B006636,C002766,T000001,2026-01-25,825.43,Cancelled
B006637,C001174,T000033,2026-01-15,2672.87,Confirmed
B006638,C003231,T000004,2025-12-10,4402.52,Confirmed
B006639,C003351,T000007,2025-08-31,1040.1,Confirmed
B006640,C004912,T000009,2026-01-21,4681.27,Confirmed
B006641,C000404,T000016,2026-04-10,1736.28,Confirmed
B006642,C004989,T000005,2026-02-18,2894.84,Confirmed
B006643,C002726,T000034,2026-04-05,799.29,Pending
B006644,C003383,T000023,2026-08-30,2412.71,Pending
B006645,C004164,T000043,2026-08-22,1066.54,Confirmed
B006646,C000088,T000050,2026-08-13,715.88,Confirmed
B006647,C001159,T000025,2026-09-08,4849.51,Confirmed
B006648,C004274,T000013,2026-01-22,3785.43,Confirmed
B006649,C002858,T000024,2026-05-21,3735.76,Confirmed
B006650,C001382,T000011,2026-10-13,907.47,Confirmed
B006651,C004682,T000017,2025-12-31,4682.08,Confirmed
B006652,C002065,T000037,2026-01-27,2612.61,Confirmed
B006653,C002375,T000013,2026-01-19,4335.28,Confirmed
B006654,C000318,T000027,2026-05-25,556.7,Confirmed
B006655,C001503,T000020,2026-11-14,1841.93,Pending
B006656,C002043,T000033,2026-03-06,4982.21,Cancelled
B006657,C004599,T000042,2025-11-12,2425.27,Confirmed
B006658,C002023,T000032,2026-02-16,4498.22,Confirmed
B006659,C000119,T000008,2025-10-16,1975.99,Confirmed
B006660,C000710,T000029,2026-12-01,2863.98,Confirmed
B006661,C003558,T000040,2026-06-03,4343.99,Confirmed
B006662,C004141,T000019,2026-04-14,3226.19,Confirmed
B006663,C004410,T000006,2026-02-13,3763.37,Confirmed
B006664,C003251,T000044,2026-01-15,1529.75,Confirmed
B006665,C000418,T000039,2025-12-15,1201.51,Confirmed
B006666,C002604,T000048,2026-05-02,1536.38,Confirmed
B006667,C003855,T000041,2026-05-27,2718.72,Confirmed
B006668,C001102,T000021,2026-09-01,4104.34,Cancelled
B006669,C004422,T000022,2026-03-09,2092.97,Confirmed
B006670,C003429,T000042,2026-01-25,3041.67,Confirmed
B006671,C002262,T000010,2026-07-10,4121.66,Cancelled
B006672,C004170,T000010,2026-02-19,1574.49,Confirmed
B006673,C003635,T000029,2026-07-30,4473.39,Confirmed
B006674,C000509,T000016,2025-11-19,4788.87,Confirmed
B006675,C002380,T000001,2026-02-28,675.37,Cancelled
B006676,C003165,T000017,2026-01-08,766.0,Confirmed
B006677,C000688,T000030,2025-10-31,909.32,Confirmed
B006678,C004753,T000026,2026-01-03,3995.46,Confirmed
B006679,C001293,T000046,2026-09-25,1352.02,Pending
B006680,C003906,T000019,2026-06-13,3765.63,Confirmed
B006681,C003076,T000021,2026-07-22,2485.74,Confirmed
B006682,C003210,T000017,2026-02-04,4263.15,Confirmed
B006683,C000325,T000046,2026-10-07,4138.5,Confirmed
B006684,C001994,T000040,2026-04-16,4818.48,Confirmed
B006685,C003977,T000021,2026-08-05,1629.67,Cancelled
B006686,C004813,T000041,2026-10-29,1531.58,Confirmed
B006687,C002771,T000040,2026-06-28,641.79,Confirmed
B006688,C004373,T000045,2025-12-02,2346.87,Confirmed
B006689,C002584,T000049,2026-03-08,2565.78,Confirmed
B006690,C003558,T000019,2026-04-28,4840.31,Confirmed
B006691,C003588,T000007,2026-01-01,4238.53,Confirmed
B006692,C000152,T000017,2026-01-29,1250.56,Confirmed
B006693,C000955,T000001,2025-12-16,4093.2,Confirmed
B006694,C004355,T000037,2025-10-14,1302.35,Confirmed
B006695,C002372,T000006,2026-05-05,849.94,Confirmed
B006696,C004965,T000026,2025-08-10,4266.87,Confirmed
B006697,C001192,T000002,2026-06-23,4891.82,Confirmed
B006698,C000688,T000032,2026-02-13,896.53,Confirmed
B006699,C000310,T000048,2026-08-21,4162.66,Confirmed
B006700,C001503,T000005,2026-02-25,4366.46,Cancelled
B006701,C003128,T000037,2025-11-25,1034.4,Confirmed
B006702,C004569,T000031,2025-09-17,1774.64,Cancelled
B006703,C003368,T000012,2026-02-07,3801.47,Confirmed
B006704,C003396,T000035,2026-04-23,4134.79,Confirmed
B006705,C000814,T000030,2026-01-25,2092.88,Confirmed
B006706,C000846,T000048,2026-07-04,1219.68,Confirmed
B006707,C001165,T000006,2026-04-14,3417.55,Confirmed
B006708,C004763,T000015,2026-03-01,3658.86,Confirmed
B006709,C001768,T000015,2025-12-10,2766.24,Confirmed
B006710,C000355,T000016,2026-03-24,1152.23,Cancelled
B006711,C001873,T000020,2026-08-02,4300.19,Confirmed
B006712,C002025,T000013,2026-03-05,3403.7,Confirmed
B006713,C002818,T000044,2026-04-19,4411.24,Pending
B006714,C003833,T000042,2025-12-30,4698.36,Confirmed
B006715,C004276,T000046,2026-08-15,4125.64,Pending
B006716,C000066,T000031,2025-10-20,4813.96,Confirmed
B006717,C004916,T000034,2026-08-11,4794.16,Cancelled
B006718,C004267,T000029,2026-09-07,3287.05,Pending
B006719,C004091,T000003,2026-06-27,3776.78,Pending
B006720,C002522,T000009,2026-04-21,3647.34,Confirmed
B006721,C002582,T000011,2026-10-02,3295.11,Cancelled
B006722,C001391,T000011,2026-10-11,587.1,Confirmed
B006723,C001131,T000025,2026-08-02,2101.58,Confirmed
B006724,C002487,T000022,2026-01-19,950.35,Confirmed
B006725,C000835,T000042,2026-03-09,1851.17,Confirmed
B006726,C000227,T000046,2026-06-07,808.54,Confirmed
B006727,C003516,T000009,2025-12-12,4640.14,Confirmed
B006728,C004538,T000020,2026-07-24,2530.98,Pending
B006729,C002444,T000021,2026-08-25,1352.14,Confirmed
B006730,C000728,T000010,2026-04-13,3131.51,Cancelled
B006731,C003687,T000022,2026-02-19,1384.03,Cancelled
B006732,C003623,T000029,2026-11-24,4119.98,Cancelled
B006733,C001037,T000009,2025-11-27,1876.64,Confirmed
B006734,C001833,T000005,2025-11-29,1917.05,Confirmed
B006735,C002741,T000040,2026-05-19,4414.78,Confirmed
B006736,C000493,T000011,2026-07-05,3016.41,Confirmed
B006737,C001549,T000001,2026-01-01,4492.86,Confirmed
B006738,C001144,T000042,2026-01-19,2358.0,Confirmed
B006739,C003958,T000001,2025-11-15,2047.67,Confirmed
B006740,C003408,T000039,2025-09-05,2777.91,Confirmed
B006741,C000640,T000046,2026-11-18,776.71,Confirmed
B006742,C000173,T000005,2026-01-20,1193.9,Confirmed
B006743,C004355,T000049,2025-12-26,1487.85,Confirmed
B006744,C003960,T000022,2026-01-15,4175.05,Confirmed
B006745,C000517,T000026,2025-12-25,3802.09,Pending
B006746,C000523,T000006,2026-06-29,1369.88,Confirmed
B006747,C001918,T000032,2026-01-22,1745.36,Confirmed
B006748,C002887,T000048,2026-05-18,4749.18,Confirmed
B006749,C002165,T000011,2026-09-21,886.11,Pending
B006750,C001930,T000010,2026-02-18,2963.55,Confirmed
B006751,C003946,T000047,2026-05-03,2849.03,Confirmed
B006752,C002210,T000039,2026-01-03,3765.69,Confirmed
B006753,C003784,T000034,2026-04-05,1676.46,Confirmed
B006754,C002591,T000031,2025-10-11,4706.48,Confirmed
B006755,C004935,T000012,2026-02-10,2347.62,Confirmed
B006756,C004077,T000044,2025-12-07,1785.74,Confirmed
B006757,C001094,T000016,2025-12-17,2015.91,Confirmed
B006758,C003881,T000038,2026-09-05,2069.25,Confirmed
B006759,C002495,T000003,2026-08-12,1395.18,Confirmed
B006760,C002580,T000002,2026-10-13,4676.24,Confirmed
B006761,C002489,T000005,2025-09-14,1286.94,Cancelled
B006762,C002786,T000011,2026-07-21,4472.75,Cancelled
B006763,C002759,T000025,2026-08-10,2322.18,Confirmed
B006764,C001575,T000035,2026-05-01,1711.74,Confirmed
B006765,C002374,T000035,2026-05-25,1393.29,Pending
B006766,C003991,T000022,2026-02-17,2769.54,Confirmed
B006767,C004846,T000037,2025-09-03,3511.66,Confirmed
B006768,C001094,T000022,2026-06-08,4541.99,Confirmed
B006769,C001190,T000011,2026-09-01,3436.01,Confirmed
B006770,C002690,T000032,2026-02-26,2676.48,Confirmed
B006771,C004096,T000035,2026-05-28,650.64,Confirmed
B006772,C001876,T000031,2025-11-29,4619.42,Confirmed
B006773,C003407,T000045,2025-08-13,4560.66,Cancelled
B006774,C001788,T000008,2025-10-20,2204.23,Pending
B006775,C003933,T000020,2026-11-06,630.66,Confirmed
B006776,C001608,T000042,2026-04-19,3800.16,Confirmed
B006777,C003749,T000034,2026-08-18,4062.56,Confirmed
B006778,C000049,T000004,2025-10-29,2941.1,Pending
B006779,C003862,T000018,2026-07-23,2312.94,Confirmed
B006780,C002181,T000004,2025-11-15,4330.1,Confirmed
B006781,C003047,T000020,2026-08-04,1366.32,Confirmed
B006782,C002834,T000009,2025-11-16,2478.01,Confirmed
B006783,C001398,T000016,2026-04-12,610.19,Confirmed
B006784,C003827,T000026,2025-09-19,1238.05,Confirmed
B006785,C004575,T000038,2026-10-22,4733.74,Confirmed
B006786,C000832,T000025,2026-08-26,3101.37,Confirmed
B006787,C002698,T000004,2025-11-12,4125.17,Confirmed
B006788,C004778,T000041,2026-08-22,2689.25,Confirmed
B006789,C002736,T000045,2025-11-17,4256.72,Confirmed
B006790,C000082,T000041,2026-06-10,2925.28,Confirmed
B006791,C000087,T000038,2026-12-07,520.42,Confirmed
B006792,C002064,T000019,2026-08-01,4548.65,Confirmed
B006793,C000822,T000014,2026-10-04,1168.55,Confirmed
B006794,C000163,T000021,2026-07-15,2527.5,Confirmed
B006795,C003740,T000015,2025-12-10,2645.03,Confirmed
B006796,C002398,T000003,2026-08-29,712.56,Pending
B006797,C001933,T000037,2025-09-01,738.82,Confirmed
B006798,C002729,T000050,2026-08-10,3931.48,Confirmed
B006799,C003536,T000046,2026-10-06,1852.03,Confirmed
B006800,C003447,T000016,2026-03-30,2343.33,Confirmed
B006801,C002791,T000014,2026-09-12,3038.51,Confirmed
B006802,C002708,T000009,2026-02-15,2180.24,Confirmed
B006803,C003934,T000047,2026-02-08,3987.67,Confirmed
B006804,C003386,T000007,2025-09-13,4480.09,Cancelled
B006805,C000923,T000014,2026-10-01,768.73,Confirmed
B006806,C002176,T000006,2026-05-18,3359.32,Pending
B006807,C001583,T000021,2026-05-14,1929.47,Confirmed
B006808,C000565,T000015,2026-01-07,3124.74,Confirmed
B006809,C003259,T000008,2025-11-05,2677.58,Confirmed
B006810,C002598,T000034,2026-08-22,2001.55,Confirmed
B006811,C002501,T000040,2026-06-02,926.67,Confirmed
B006812,C004567,T000001,2026-02-21,3017.48,Cancelled
B006813,C000988,T000032,2026-02-18,1007.57,Pending
B006814,C003637,T000049,2026-01-16,1202.54,Confirmed
B006815,C000224,T000005,2025-12-21,4919.79,Confirmed
B006816,C000351,T000030,2026-01-03,1925.17,Confirmed
B006817,C001929,T000022,2026-01-12,3129.96,Confirmed
B006818,C000349,T000020,2026-10-24,1725.04,Confirmed
B006819,C004278,T000016,2026-01-05,4394.79,Confirmed
B006820,C004733,T000007,2025-10-26,1775.03,Confirmed
B006821,C001018,T000007,2025-12-08,2150.98,Confirmed
B006822,C002227,T000050,2026-07-29,3237.74,Confirmed
B006823,C004868,T000050,2026-05-26,4414.94,Confirmed
B006824,C004125,T000002,2026-06-20,4172.96,Confirmed
B006825,C002420,T000047,2026-04-14,1687.37,Pending
B006826,C001894,T000014,2026-10-15,4233.0,Confirmed
B006827,C003041,T000031,2026-01-23,3655.38,Confirmed
B006828,C002069,T000050,2026-10-27,4954.23,Confirmed
B006829,C001126,T000041,2026-09-10,4709.51,Confirmed
B006830,C003118,T000014,2026-11-14,2899.12,Confirmed
B006831,C004162,T000005,2026-01-12,3874.68,Confirmed
B006832,C004043,T000011,2026-08-16,3065.81,Confirmed
B006833,C004434,T000040,2026-08-22,3177.48,Confirmed
B006834,C002171,T000005,2026-01-12,956.75,Confirmed
B006835,C000447,T000029,2026-08-16,510.11,Pending
B006836,C002659,T000011,2026-08-22,716.84,Confirmed
B006837,C003363,T000005,2025-12-08,4849.84,Cancelled
B006838,C002719,T000049,2026-01-19,1068.21,Confirmed
B006839,C003484,T000032,2026-02-14,699.75,Confirmed
B006840,C002945,T000036,2026-03-18,1893.4,Confirmed
B006841,C004377,T000015,2025-12-27,3146.81,Confirmed
B006842,C000596,T000019,2026-04-09,4768.07,Confirmed
B006843,C001987,T000022,2026-04-15,3649.49,Confirmed
B006844,C002751,T000034,2026-07-25,1743.59,Pending
B006845,C001075,T000017,2026-04-10,4725.76,Confirmed
B006846,C003970,T000012,2026-01-06,662.18,Cancelled
B006847,C004306,T000025,2026-06-13,4905.74,Confirmed
B006848,C004222,T000017,2026-02-12,763.88,Confirmed
B006849,C004588,T000010,2026-03-25,3892.32,Confirmed
B006850,C003581,T000028,2026-08-02,703.84,Confirmed
B006851,C003008,T000018,2026-09-05,4692.03,Confirmed
B006852,C000970,T000018,2026-07-27,989.0,Confirmed
B006853,C000581,T000045,2025-10-28,727.16,Confirmed
B006854,C002825,T000032,2026-03-28,4501.69,Confirmed
B006855,C004002,T000014,2026-11-10,931.07,Confirmed
B006856,C001212,T000016,2026-04-14,4090.69,Confirmed
B006857,C000230,T000050,2026-09-01,3861.66,Confirmed
B006858,C004285,T000018,2026-06-16,3194.95,Pending
B006859,C003186,T000016,2026-04-25,2200.83,Confirmed
B006860,C000502,T000017,2026-01-12,4620.11,Confirmed
B006861,C002133,T000007,2025-12-03,4419.87,Pending
B006862,C000049,T000012,2025-12-08,2418.11,Confirmed
B006863,C003567,T000034,2026-07-21,1542.76,Confirmed
B006864,C003056,T000010,2026-02-07,1726.57,Confirmed
B006865,C000689,T000005,2025-12-15,1491.46,Pending
B006866,C000387,T000021,2026-08-25,2935.63,Confirmed
B006867,C000970,T000003,2026-07-28,4408.42,Confirmed
B006868,C003461,T000019,2026-03-22,3981.25,Confirmed
B006869,C001006,T000045,2025-08-16,4079.8,Confirmed
B006870,C003053,T000044,2026-04-05,2517.3,Confirmed
B006871,C003418,T000035,2026-05-05,1951.0,Cancelled
B006872,C002303,T000006,2026-02-22,3908.1,Confirmed
B006873,C002284,T000014,2026-08-12,4069.84,Confirmed
B006874,C001608,T000004,2025-11-24,3629.09,Cancelled
B006875,C004367,T000045,2025-08-17,644.48,Confirmed
B006876,C000123,T000018,2026-06-09,3153.58,Confirmed
B006877,C001281,T000029,2026-08-09,2061.71,Confirmed
B006878,C003728,T000035,2026-02-25,1382.87,Cancelled
B006879,C000259,T000038,2026-12-07,3624.78,Confirmed
B006880,C000948,T000016,2026-02-12,1708.37,Confirmed
B006881,C004959,T000020,2026-11-20,4607.79,Pending
B006882,C000525,T000024,2026-03-15,1841.36,Confirmed
B006883,C000888,T000035,2026-03-02,2998.31,Confirmed
B006884,C000208,T000044,2026-04-23,4224.93,Confirmed
B006885,C003383,T000019,2026-08-08,2309.53,Confirmed
B006886,C002795,T000004,2026-03-19,4228.96,Confirmed
B006887,C000149,T000033,2026-03-21,3756.63,Confirmed
B006888,C000438,T000002,2026-06-30,4643.9,Confirmed
B006889,C002203,T000013,2025-12-27,1966.26,Confirmed
B006890,C003750,T000045,2025-08-24,972.63,Cancelled
B006891,C003162,T000030,2025-09-03,2436.57,Confirmed
B006892,C003902,T000034,2026-06-10,4036.16,Cancelled
B006893,C004454,T000030,2025-10-09,2526.96,Pending
B006894,C003246,T000024,2025-12-25,1678.95,Confirmed
B006895,C004552,T000048,2026-07-19,624.21,Confirmed
B006896,C002824,T000044,2025-11-19,1908.61,Confirmed
B006897,C004725,T000033,2026-04-28,3710.22,Cancelled
B006898,C003271,T000041,2026-08-31,1164.26,Confirmed
B006899,C000486,T000049,2026-03-06,2033.96,Confirmed
B006900,C000200,T000010,2026-04-06,591.04,Pending
B006901,C004467,T000018,2026-06-27,3747.9,Confirmed
B006902,C001983,T000019,2026-05-05,4463.07,Pending
B006903,C001472,T000007,2025-11-15,3058.38,Confirmed
B006904,C004344,T000019,2026-06-26,616.42,Cancelled
B006905,C004884,T000024,2026-02-17,1479.31,Confirmed
B006906,C002312,T000015,2025-12-29,2473.11,Confirmed
B006907,C003374,T000041,2026-06-24,3144.12,Cancelled
B006908,C002079,T000042,2025-11-12,2733.24,Confirmed
B006909,C001522,T000023,2026-07-09,4621.4,Confirmed
B006910,C000605,T000004,2025-12-26,4723.86,Confirmed
B006911,C003849,T000038,2026-11-26,982.19,Cancelled
B006912,C003343,T000004,2025-10-30,1122.76,Confirmed
B006913,C001418,T000005,2026-02-27,2111.25,Cancelled
B006914,C004598,T000041,2026-08-11,2395.56,Confirmed
B006915,C003876,T000044,2025-12-10,3137.3,Confirmed
B006916,C002934,T000023,2026-05-30,3979.22,Confirmed
B006917,C000549,T000040,2026-03-27,1110.95,Cancelled
B006918,C000839,T000037,2025-12-10,4111.88,Confirmed
B006919,C003816,T000011,2026-08-18,3245.13,Confirmed
B006920,C000848,T000011,2026-09-18,4913.98,Confirmed
B006921,C004710,T000013,2026-01-29,3430.25,Confirmed
B006922,C004508,T000014,2026-08-17,3722.41,Pending
B006923,C004774,T000008,2026-03-24,1378.44,Confirmed
B006924,C004255,T000025,2026-10-10,3959.88,Pending
B006925,C004469,T000018,2026-07-22,856.7,Confirmed
B006926,C002273,T000044,2026-01-24,3454.39,Confirmed
B006927,C003321,T000044,2025-12-29,750.08,Confirmed
B006928,C002559,T000018,2026-06-19,1018.52,Confirmed
B006929,C004699,T000010,2026-05-24,985.4,Confirmed
B006930,C004312,T000007,2025-12-27,736.18,Confirmed
B006931,C001997,T000050,2026-07-23,1945.13,Pending
B006932,C003674,T000044,2026-03-16,4974.59,Confirmed
B006933,C001565,T000014,2026-08-04,2067.01,Confirmed
B006934,C004019,T000015,2026-01-02,3923.49,Confirmed
B006935,C001841,T000016,2026-01-21,1095.43,Confirmed
B006936,C003292,T000002,2026-06-18,2545.21,Confirmed
B006937,C002888,T000030,2025-09-08,1333.02,Confirmed
B006938,C000727,T000030,2026-01-28,1364.44,Confirmed
B006939,C001245,T000018,2026-09-12,948.61,Confirmed
B006940,C003461,T000031,2025-10-06,2444.2,Cancelled
B006941,C003719,T000044,2026-04-05,839.91,Confirmed
B006942,C001066,T000048,2026-04-14,4594.15,Confirmed
B006943,C004772,T000013,2025-10-28,2515.55,Confirmed
B006944,C000283,T000020,2026-08-27,4273.55,Confirmed
B006945,C001082,T000049,2026-03-05,4907.59,Pending
B006946,C003886,T000050,2026-08-28,3550.01,Confirmed
B006947,C002882,T000035,2026-03-10,4556.8,Confirmed
B006948,C002585,T000023,2026-04-20,1109.15,Confirmed
B006949,C002971,T000042,2026-01-29,4234.97,Confirmed
B006950,C001153,T000033,2026-04-17,1720.48,Confirmed
B006951,C003498,T000038,2026-07-27,2626.69,Pending
B006952,C000948,T000035,2026-05-28,3409.62,Confirmed
B006953,C004761,T000036,2026-01-18,4565.95,Confirmed
B006954,C001718,T000020,2026-10-02,4599.47,Confirmed
B006955,C000067,T000003,2026-04-21,914.46,Cancelled
B006956,C000637,T000008,2026-01-04,2140.5,Confirmed
B006957,C000314,T000040,2026-08-21,4069.29,Confirmed
B006958,C003398,T000032,2025-12-29,3664.21,Confirmed
B006959,C000565,T000029,2026-11-10,618.59,Confirmed
B006960,C001602,T000007,2025-10-09,2524.5,Confirmed
B006961,C000826,T000002,2026-11-27,4231.64,Pending
B006962,C003671,T000021,2026-05-18,3819.58,Confirmed
B006963,C001026,T000006,2026-02-15,2353.32,Confirmed
B006964,C002252,T000028,2026-05-26,3808.23,Confirmed
B006965,C004758,T000048,2026-08-27,2980.45,Cancelled
B006966,C000805,T000042,2025-11-14,4606.83,Confirmed
B006967,C002452,T000036,2026-03-01,3142.07,Confirmed
B006968,C004632,T000032,2026-05-17,2303.3,Confirmed
B006969,C001392,T000045,2025-11-21,4383.14,Pending
B006970,C001236,T000042,2025-12-23,724.41,Confirmed
B006971,C004033,T000046,2026-09-28,4552.3,Confirmed
B006972,C003281,T000009,2026-04-13,3633.56,Confirmed
B006973,C004724,T000011,2026-10-10,4732.73,Confirmed
B006974,C004845,T000023,2026-05-08,1627.27,Cancelled
B006975,C003550,T000050,2026-08-19,3627.15,Confirmed
B006976,C004201,T000011,2026-11-03,4142.58,Confirmed
B006977,C004142,T000049,2026-02-02,3659.46,Confirmed
B006978,C001355,T000002,2026-12-07,1446.5,Confirmed
B006979,C001837,T000003,2026-06-27,1740.15,Confirmed
B006980,C002893,T000011,2026-08-06,3050.34,Confirmed
B006981,C002497,T000050,2026-06-18,2510.38,Confirmed
B006982,C002584,T000035,2026-05-17,3808.03,Confirmed
B006983,C002559,T000015,2026-02-26,2204.05,Confirmed
B006984,C003619,T000043,2026-10-16,4367.66,Cancelled
B006985,C001560,T000011,2026-11-08,2443.64,Cancelled
B006986,C001508,T000031,2025-10-08,680.19,Confirmed
B006987,C004072,T000028,2026-06-20,578.14,Confirmed
B006988,C002064,T000028,2026-02-26,3410.34,Pending
B006989,C003643,T000032,2026-05-01,2932.49,Confirmed
B006990,C002001,T000025,2026-08-22,2942.35,Confirmed
B006991,C001295,T000020,2026-11-11,4055.04,Confirmed
B006992,C004066,T000028,2026-05-31,2190.74,Confirmed
B006993,C002753,T000025,2026-05-15,4979.51,Confirmed
B006994,C001754,T000011,2026-10-29,4754.89,Cancelled
B006995,C004211,T000019,2026-05-31,558.33,Confirmed
B006996,C001604,T000028,2026-03-09,4530.84,Confirmed
B006997,C001323,T000001,2025-11-14,3562.47,Confirmed
B006998,C002442,T000005,2025-11-18,2759.41,Pending
B006999,C001099,T000010,2026-04-08,3122.36,Confirmed
B007000,C001506,T000042,2025-11-26,4288.36,Cancelled
B007001,C001127,T000046,2026-06-06,4779.67,Confirmed
B007002,C000297,T000034,2026-09-05,3021.5,Confirmed
B007003,C003050,T000036,2026-03-24,1315.81,Confirmed
B007004,C002226,T000002,2026-10-31,3378.89,Cancelled
B007005,C004355,T000018,2026-09-19,842.99,Confirmed
B007006,C003788,T000013,2026-02-15,3358.12,Cancelled
B007007,C002097,T000005,2025-10-02,4138.75,Confirmed
B007008,C003610,T000020,2026-09-18,2089.99,Cancelled
B007009,C002209,T000002,2026-12-08,820.33,Confirmed
B007010,C000176,T000011,2026-07-27,3615.02,Confirmed
B007011,C002503,T000030,2026-01-24,2026.98,Confirmed
B007012,C004000,T000032,2026-04-15,1620.93,Confirmed
B007013,C001668,T000032,2026-02-26,3601.32,Confirmed
B007014,C004372,T000050,2026-05-21,4863.14,Confirmed
B007015,C002546,T000038,2026-08-08,3853.95,Confirmed
B007016,C000676,T000028,2026-07-21,2711.08,Confirmed
B007017,C001824,T000010,2026-06-24,3202.3,Confirmed
B007018,C001357,T000022,2026-05-27,1140.26,Confirmed
B007019,C003073,T000017,2026-01-18,4159.46,Pending
B007020,C003260,T000022,2026-04-13,3219.33,Confirmed
B007021,C000547,T000043,2026-07-14,4846.24,Cancelled
B007022,C002084,T000019,2026-05-22,4907.68,Confirmed
B007023,C002041,T000017,2026-01-23,2095.64,Confirmed
B007024,C004535,T000024,2026-02-17,4948.46,Confirmed
B007025,C001753,T000036,2026-02-07,4805.75,Confirmed
B007026,C001616,T000032,2026-05-21,3379.24,Confirmed
B007027,C001850,T000046,2026-06-27,2000.59,Confirmed
B007028,C002643,T000036,2026-04-08,3890.03,Confirmed
B007029,C001601,T000028,2026-03-17,1720.57,Confirmed
B007030,C003397,T000014,2026-09-04,3334.3,Cancelled
B007031,C004403,T000036,2026-01-23,610.62,Confirmed
B007032,C003606,T000006,2026-05-17,3328.62,Confirmed
B007033,C003800,T000009,2026-02-15,4782.24,Confirmed
B007034,C000619,T000021,2026-09-14,1558.14,Cancelled
B007035,C001133,T000012,2025-12-20,4001.81,Confirmed
B007036,C002116,T000030,2025-09-28,1820.41,Confirmed
B007037,C002340,T000031,2025-10-27,3685.32,Confirmed
B007038,C002740,T000040,2026-03-16,3649.88,Confirmed
B007039,C004277,T000004,2026-01-20,1331.32,Cancelled
B007040,C001488,T000031,2025-12-24,3187.08,Confirmed
B007041,C001558,T000027,2026-06-20,4366.26,Pending
B007042,C002114,T000025,2026-09-02,2221.4,Cancelled
B007043,C001045,T000005,2025-11-27,3696.25,Confirmed
B007044,C002432,T000006,2026-05-15,3534.94,Confirmed
B007045,C001583,T000005,2025-10-06,1658.81,Pending
B007046,C001309,T000027,2026-06-22,4633.9,Confirmed
B007047,C004918,T000008,2026-02-08,3035.8,Cancelled
B007048,C000602,T000009,2026-03-27,2098.82,Pending
B007049,C001621,T000015,2025-12-20,1239.61,Cancelled
B007050,C004881,T000036,2026-06-08,2630.56,Confirmed
B007051,C004767,T000041,2026-10-02,3785.51,Cancelled
B007052,C000101,T000007,2025-11-21,3306.38,Confirmed
B007053,C004272,T000032,2026-05-16,3771.74,Confirmed
B007054,C000238,T000008,2025-11-12,4062.92,Confirmed
B007055,C004026,T000047,2025-12-23,2484.52,Cancelled
B007056,C002919,T000015,2026-01-28,2840.75,Pending
B007057,C002543,T000037,2025-10-23,4938.9,Confirmed
B007058,C002004,T000019,2026-06-26,4856.23,Confirmed
B007059,C001538,T000039,2025-12-15,2366.68,Confirmed
B007060,C000755,T000006,2026-04-12,3583.31,Cancelled
B007061,C003369,T000019,2026-06-01,1704.16,Confirmed
B007062,C002259,T000028,2026-05-10,1187.14,Confirmed
B007063,C003666,T000017,2026-04-08,3957.81,Pending
B007064,C004236,T000042,2026-03-06,2462.81,Confirmed
B007065,C000541,T000019,2026-04-25,1296.74,Pending
B007066,C000270,T000031,2025-09-02,3914.82,Pending
B007067,C003461,T000011,2026-06-18,4618.27,Pending
B007068,C003409,T000015,2026-02-18,4699.73,Confirmed
B007069,C000506,T000010,2026-07-25,3183.5,Confirmed
B007070,C001130,T000043,2026-06-14,2658.39,Confirmed
B007071,C002080,T000023,2026-06-06,1138.4,Confirmed
B007072,C003146,T000003,2026-05-29,4067.55,Confirmed
B007073,C003243,T000003,2026-07-26,4753.95,Pending
B007074,C004909,T000018,2026-08-21,4502.57,Confirmed
B007075,C000362,T000025,2026-08-03,3883.03,Confirmed
B007076,C003721,T000043,2026-06-10,520.56,Confirmed
B007077,C001457,T000020,2026-07-20,2334.88,Confirmed
B007078,C004068,T000029,2026-08-22,2348.21,Cancelled
B007079,C004196,T000022,2026-05-17,4524.66,Confirmed
B007080,C001682,T000050,2026-08-15,795.43,Confirmed
B007081,C001053,T000015,2026-05-09,2890.5,Confirmed
B007082,C002510,T000039,2025-12-26,1112.6,Confirmed
B007083,C004728,T000010,2026-04-07,3480.32,Confirmed
B007084,C000682,T000021,2026-04-26,4065.15,Confirmed
B007085,C003933,T000029,2026-06-28,3388.82,Confirmed
B007086,C002130,T000032,2026-01-01,4075.63,Confirmed
B007087,C004850,T000010,2026-06-09,3233.73,Cancelled
B007088,C004017,T000013,2025-11-11,1354.28,Confirmed
B007089,C003303,T000047,2026-03-17,2221.99,Pending
B007090,C000720,T000023,2026-09-16,4805.91,Cancelled
B007091,C000075,T000050,2026-07-03,1796.79,Confirmed
B007092,C001294,T000023,2026-06-22,782.88,Confirmed
B007093,C001923,T000031,2025-10-09,2231.73,Cancelled
B007094,C004158,T000004,2025-11-13,2148.38,Pending
B007095,C004970,T000049,2026-02-04,2616.39,Confirmed
B007096,C000320,T000003,2026-05-09,3021.37,Confirmed
B007097,C002150,T000021,2026-09-17,4965.9,Confirmed
B007098,C001453,T000002,2026-09-20,3903.05,Confirmed
B007099,C004970,T000004,2026-04-01,661.51,Confirmed
B007100,C001556,T000001,2026-02-14,3707.21,Confirmed
B007101,C004208,T000015,2026-01-03,4209.04,Confirmed
B007102,C003033,T000033,2026-02-19,4530.34,Confirmed
B007103,C000461,T000006,2026-04-03,2408.03,Cancelled
B007104,C000887,T000007,2025-11-14,1911.32,Cancelled
B007105,C003534,T000019,2026-05-25,4276.96,Pending
B007106,C003937,T000044,2025-12-28,3999.27,Confirmed
B007107,C001116,T000001,2026-02-25,2912.19,Confirmed
B007108,C001076,T000039,2025-11-11,1030.47,Cancelled
B007109,C003877,T000019,2026-07-16,3432.93,Confirmed
B007110,C004616,T000045,2025-12-18,795.5,Confirmed
B007111,C004908,T000026,2025-10-07,951.65,Confirmed
B007112,C001925,T000044,2026-03-23,1990.13,Pending
B007113,C000927,T000012,2025-11-06,2170.29,Confirmed
B007114,C004653,T000022,2026-02-25,2578.88,Confirmed
B007115,C002282,T000013,2025-12-08,2026.14,Confirmed
B007116,C001056,T000028,2026-05-02,652.05,Pending
B007117,C004675,T000014,2026-10-12,1208.37,Confirmed
B007118,C000542,T000022,2026-06-07,1018.0,Confirmed
B007119,C002162,T000030,2025-11-25,2440.33,Confirmed
B007120,C002252,T000044,2026-04-25,1454.58,Confirmed
B007121,C001053,T000020,2026-10-19,1820.95,Confirmed
B007122,C004570,T000044,2025-12-19,2622.05,Confirmed
B007123,C002745,T000027,2026-08-19,1560.03,Pending
B007124,C003870,T000038,2026-07-09,1606.68,Cancelled
B007125,C004482,T000042,2025-11-28,4249.15,Confirmed
B007126,C004158,T000041,2026-08-21,2966.39,Confirmed
B007127,C004611,T000034,2026-07-26,4355.42,Confirmed
B007128,C004526,T000039,2026-01-01,2815.37,Cancelled
B007129,C004676,T000041,2026-09-22,4591.69,Confirmed
B007130,C001561,T000044,2026-02-09,1646.34,Confirmed
B007131,C003763,T000037,2025-10-07,3275.02,Confirmed
B007132,C001165,T000001,2026-03-24,2764.54,Confirmed
B007133,C002723,T000015,2026-02-12,4634.11,Confirmed
B007134,C002359,T000032,2026-02-12,2383.16,Confirmed
B007135,C000471,T000008,2025-11-13,4346.71,Confirmed
B007136,C001417,T000033,2026-02-28,3037.57,Cancelled
B007137,C001469,T000018,2026-05-24,3688.44,Pending
B007138,C000809,T000045,2025-08-30,4491.02,Confirmed
B007139,C000172,T000029,2026-09-26,4986.08,Confirmed
B007140,C004127,T000032,2026-03-02,3790.13,Confirmed
B007141,C004143,T000033,2026-03-21,1915.35,Confirmed
B007142,C004226,T000005,2025-09-23,1845.55,Confirmed
B007143,C002400,T000018,2026-08-27,1890.97,Confirmed
B007144,C001646,T000048,2026-04-20,940.59,Cancelled
B007145,C000058,T000010,2026-02-16,741.2,Confirmed
B007146,C001130,T000036,2026-05-31,3113.79,Confirmed
B007147,C001354,T000033,2026-04-29,4147.65,Confirmed
B007148,C000768,T000023,2026-08-10,662.61,Confirmed
B007149,C003896,T000040,2026-07-01,3049.85,Cancelled
B007150,C000683,T000005,2025-12-06,2172.93,Cancelled
B007151,C003455,T000034,2026-07-26,4516.18,Confirmed
B007152,C002009,T000024,2025-12-31,1154.24,Cancelled
B007153,C003143,T000017,2026-03-30,3035.44,Confirmed
B007154,C001791,T000031,2025-11-29,4869.14,Cancelled
B007155,C001478,T000007,2025-12-27,2052.65,Confirmed
B007156,C000886,T000017,2025-12-24,3838.0,Confirmed
B007157,C003907,T000028,2026-05-07,4471.03,Confirmed
B007158,C004493,T000038,2026-09-03,1337.95,Confirmed
B007159,C001539,T000022,2026-03-19,4966.37,Pending
B007160,C002074,T000015,2026-04-09,4142.24,Confirmed
B007161,C000313,T000037,2025-10-30,1119.04,Confirmed
B007162,C000811,T000015,2026-03-03,1898.98,Pending
B007163,C002236,T000050,2026-06-03,3312.37,Confirmed
B007164,C002858,T000050,2026-07-01,4482.13,Confirmed
B007165,C002764,T000025,2026-09-07,1376.76,Cancelled
B007166,C002033,T000021,2026-05-25,3790.43,Pending
B007167,C001508,T000038,2026-08-02,1717.92,Confirmed
B007168,C004546,T000002,2026-09-03,4124.37,Confirmed
B007169,C002571,T000027,2026-07-19,3575.49,Pending
B007170,C001895,T000049,2025-11-04,2853.09,Confirmed
B007171,C002706,T000032,2026-03-02,3424.4,Confirmed
B007172,C000597,T000021,2026-04-27,4444.0,Confirmed
B007173,C002148,T000004,2026-01-17,2238.92,Confirmed
B007174,C000616,T000044,2025-12-03,3961.63,Confirmed
B007175,C000948,T000019,2026-07-22,1215.07,Confirmed
B007176,C004652,T000002,2026-07-31,3655.34,Confirmed
B007177,C004374,T000026,2025-09-26,3877.96,Cancelled
B007178,C003765,T000034,2026-07-24,2493.49,Confirmed
B007179,C002014,T000014,2026-10-15,4071.3,Confirmed
B007180,C003698,T000015,2026-02-28,3006.97,Confirmed
B007181,C000491,T000020,2026-07-31,4713.23,Cancelled
B007182,C004351,T000034,2026-08-27,1006.1,Confirmed
B007183,C002429,T000036,2026-04-08,1088.7,Confirmed
B007184,C004988,T000019,2026-06-27,4290.92,Pending
B007185,C000542,T000009,2026-03-10,4290.63,Pending
B007186,C001288,T000007,2025-10-31,2620.51,Confirmed
B007187,C001634,T000030,2025-11-08,4837.83,Confirmed
B007188,C004921,T000013,2025-10-16,3557.25,Confirmed
B007189,C002927,T000027,2026-08-04,4922.84,Confirmed
B007190,C001353,T000044,2026-04-17,2895.78,Pending
B007191,C004377,T000035,2026-06-16,1407.26,Confirmed
B007192,C001299,T000013,2025-11-07,2499.77,Confirmed
B007193,C004869,T000015,2026-01-10,4912.19,Confirmed
B007194,C003968,T000046,2026-08-13,2166.86,Confirmed
B007195,C004424,T000009,2026-03-08,4806.57,Confirmed
B007196,C002259,T000045,2025-10-20,4086.6,Cancelled
B007197,C004648,T000023,2026-08-21,2489.48,Confirmed
B007198,C002074,T000036,2026-04-26,2938.42,Confirmed
B007199,C000702,T000040,2026-07-29,3233.48,Confirmed
B007200,C001920,T000003,2026-07-07,3495.95,Confirmed
B007201,C002461,T000034,2026-04-18,845.15,Confirmed
B007202,C004263,T000019,2026-04-23,4701.15,Pending
B007203,C004265,T000028,2026-02-26,3186.5,Confirmed
B007204,C004325,T000023,2026-09-10,4690.17,Confirmed
B007205,C000367,T000040,2026-07-07,3343.54,Confirmed
B007206,C000528,T000049,2025-12-25,2439.57,Confirmed
B007207,C004887,T000045,2025-08-18,3051.18,Confirmed
B007208,C003719,T000007,2025-12-01,4232.76,Confirmed
B007209,C003610,T000041,2026-07-06,1967.57,Confirmed
B007210,C003936,T000012,2025-12-20,4804.07,Confirmed
B007211,C004620,T000014,2026-11-29,2596.8,Confirmed
B007212,C002154,T000046,2026-09-04,4803.07,Confirmed
B007213,C001909,T000015,2025-12-13,4463.4,Confirmed
B007214,C003013,T000003,2026-04-23,3954.48,Confirmed
B007215,C004229,T000015,2025-12-17,2603.47,Cancelled
B007216,C003023,T000024,2026-03-05,3141.25,Cancelled
B007217,C003484,T000046,2026-08-15,4271.13,Pending
B007218,C002721,T000008,2026-01-01,2948.25,Confirmed
B007219,C001771,T000005,2025-12-22,3821.85,Confirmed
B007220,C004114,T000004,2025-12-22,4057.97,Confirmed
B007221,C001778,T000014,2026-09-29,2808.93,Confirmed
B007222,C004213,T000016,2025-12-28,2913.11,Confirmed
B007223,C000798,T000020,2026-08-23,1390.26,Confirmed
B007224,C003216,T000024,2026-01-22,1601.33,Cancelled
B007225,C003789,T000006,2026-02-08,4572.24,Confirmed
B007226,C002977,T000031,2025-10-06,4281.48,Pending
B007227,C003738,T000006,2026-05-28,545.55,Confirmed
B007228,C001712,T000035,2026-03-13,4412.24,Confirmed
B007229,C000753,T000015,2025-12-07,613.56,Cancelled
B007230,C002470,T000029,2026-09-09,2562.26,Confirmed
B007231,C003970,T000003,2026-05-26,803.45,Cancelled
B007232,C001393,T000011,2026-08-15,4859.7,Confirmed
B007233,C002606,T000003,2026-07-03,4875.44,Confirmed
B007234,C000678,T000028,2026-04-02,3248.92,Confirmed
B007235,C000106,T000010,2026-05-07,2264.92,Confirmed
B007236,C003288,T000050,2026-06-23,2803.97,Confirmed
B007237,C004754,T000033,2026-06-05,3930.35,Confirmed
B007238,C001947,T000048,2026-09-22,1504.37,Confirmed
B007239,C001096,T000016,2026-03-07,2487.75,Cancelled
B007240,C001783,T000010,2026-04-03,3817.71,Pending
B007241,C004542,T000033,2026-02-20,2279.27,Confirmed
B007242,C003258,T000036,2026-01-03,643.98,Confirmed
B007243,C001998,T000003,2026-05-15,2783.27,Confirmed
B007244,C004870,T000005,2025-10-13,3818.35,Cancelled
B007245,C001562,T000012,2026-02-15,4895.67,Pending
B007246,C004007,T000044,2026-02-12,666.71,Confirmed
B007247,C001676,T000013,2025-12-27,2929.64,Confirmed
B007248,C001123,T000024,2026-01-31,2524.72,Confirmed
B007249,C003982,T000044,2026-02-25,1591.02,Confirmed
B007250,C001302,T000032,2026-02-23,3369.93,Confirmed
B007251,C000944,T000016,2026-01-03,1236.3,Confirmed
B007252,C004551,T000032,2026-02-03,1777.39,Confirmed
B007253,C000946,T000045,2025-08-06,4017.91,Confirmed
B007254,C000601,T000037,2026-01-18,2571.85,Cancelled
B007255,C002701,T000036,2026-01-04,4971.52,Confirmed
B007256,C004821,T000021,2026-05-18,2239.07,Confirmed
B007257,C001418,T000047,2026-04-03,2584.67,Cancelled
B007258,C001525,T000012,2026-03-09,1851.16,Pending
B007259,C003767,T000021,2026-07-09,1563.32,Confirmed
B007260,C000251,T000021,2026-09-22,4650.27,Confirmed
B007261,C001545,T000043,2026-05-09,3869.72,Confirmed
B007262,C000079,T000006,2026-03-09,2000.31,Confirmed
B007263,C003124,T000009,2026-01-04,3650.7,Confirmed
B007264,C000898,T000001,2026-01-01,4846.03,Confirmed
B007265,C004877,T000012,2026-01-04,833.22,Confirmed
B007266,C000226,T000014,2026-10-20,1690.27,Confirmed
B007267,C001210,T000006,2026-04-08,1402.6,Confirmed
B007268,C004899,T000001,2026-01-26,4414.02,Confirmed
B007269,C004838,T000022,2026-04-11,1306.36,Confirmed
B007270,C002179,T000034,2026-08-03,1886.34,Confirmed
B007271,C002680,T000011,2026-07-04,2947.37,Confirmed
B007272,C002886,T000003,2026-09-07,3294.92,Cancelled
B007273,C002807,T000042,2025-12-11,4136.83,Confirmed
B007274,C000704,T000006,2026-05-29,2332.95,Confirmed
B007275,C002545,T000006,2026-05-28,2904.1,Pending
B007276,C002371,T000020,2026-10-26,4844.58,Cancelled
B007277,C003282,T000021,2026-06-04,1838.13,Confirmed
B007278,C004711,T000002,2026-11-09,1616.42,Confirmed
B007279,C000329,T000026,2025-09-06,3697.7,Confirmed
B007280,C004229,T000031,2025-10-02,3970.11,Confirmed
B007281,C004931,T000026,2025-10-05,2366.51,Confirmed
B007282,C000121,T000032,2026-01-01,1458.41,Confirmed
B007283,C000965,T000010,2026-05-15,4005.15,Cancelled
B007284,C004225,T000023,2026-08-04,3517.22,Confirmed
B007285,C003676,T000006,2026-05-03,4443.03,Confirmed
B007286,C002077,T000023,2026-09-04,4299.47,Confirmed
B007287,C000333,T000028,2026-07-27,1423.38,Pending
B007288,C003369,T000049,2025-10-03,4245.53,Confirmed
B007289,C001317,T000030,2026-01-11,1288.28,Confirmed
B007290,C001197,T000014,2026-09-16,4386.67,Confirmed
B007291,C003171,T000037,2025-11-23,3966.44,Confirmed
B007292,C001430,T000032,2026-06-10,3064.37,Confirmed
B007293,C000356,T000049,2026-01-13,3390.0,Cancelled
B007294,C004235,T000034,2026-04-15,968.36,Confirmed
B007295,C001527,T000041,2026-07-03,679.48,Confirmed
B007296,C003898,T000044,2026-02-10,1987.91,Confirmed
B007297,C000029,T000022,2026-03-18,4196.33,Cancelled
B007298,C001014,T000031,2025-12-25,2596.04,Confirmed
B007299,C002703,T000007,2025-10-30,1505.27,Cancelled
B007300,C000828,T000041,2026-10-27,4255.47,Confirmed
B007301,C004447,T000021,2026-08-25,1528.82,Confirmed
B007302,C002025,T000016,2025-12-17,4169.72,Cancelled
B007303,C000299,T000020,2026-09-17,2538.41,Confirmed
B007304,C001866,T000043,2026-08-09,2585.73,Confirmed
B007305,C004017,T000044,2026-04-29,1727.24,Confirmed
B007306,C002112,T000047,2026-03-22,4550.78,Confirmed
B007307,C000755,T000050,2026-07-05,899.53,Confirmed
B007308,C000770,T000019,2026-08-06,1149.83,Confirmed
B007309,C003736,T000048,2026-05-27,3361.48,Confirmed
B007310,C001239,T000032,2026-03-25,4325.52,Confirmed
B007311,C004930,T000015,2026-04-03,929.53,Confirmed
B007312,C002214,T000005,2025-10-02,3801.89,Confirmed
B007313,C001907,T000011,2026-11-03,3841.3,Confirmed
B007314,C001565,T000015,2025-12-23,3116.85,Confirmed
B007315,C001219,T000029,2026-08-25,2690.28,Confirmed
B007316,C004602,T000050,2026-06-24,1944.89,Confirmed
B007317,C001358,T000045,2025-07-26,2081.58,Confirmed
B007318,C003840,T000004,2026-01-03,3534.95,Confirmed
B007319,C001461,T000049,2026-02-07,793.79,Confirmed
B007320,C003986,T000036,2026-05-14,3132.21,Confirmed
B007321,C001417,T000048,2026-06-03,1754.29,Confirmed
B007322,C002854,T000023,2026-09-07,2599.73,Confirmed
B007323,C004857,T000015,2025-12-21,3015.41,Confirmed
B007324,C004929,T000046,2026-08-15,4485.47,Confirmed
B007325,C001429,T000044,2026-03-26,3105.84,Confirmed
B007326,C004379,T000003,2026-07-04,1522.22,Confirmed
B007327,C004475,T000032,2026-04-18,857.57,Confirmed
B007328,C004294,T000010,2026-03-12,3321.45,Confirmed
B007329,C003063,T000040,2026-03-28,2952.72,Pending
B007330,C003072,T000038,2026-08-03,3523.09,Confirmed
B007331,C000556,T000022,2026-05-11,2567.28,Confirmed
B007332,C000356,T000014,2026-11-07,4213.07,Cancelled
B007333,C001564,T000017,2026-04-04,4640.81,Confirmed
B007334,C003501,T000021,2026-10-09,680.02,Pending
B007335,C001041,T000048,2026-04-17,3848.39,Confirmed
B007336,C002687,T000015,2026-03-25,658.22,Confirmed
B007337,C004475,T000015,2026-04-01,2502.94,Confirmed
B007338,C004776,T000001,2025-10-22,2577.21,Confirmed
B007339,C002554,T000024,2026-01-15,3632.98,Pending
B007340,C001780,T000012,2025-11-27,2085.81,Cancelled
B007341,C004995,T000010,2026-06-27,4194.06,Confirmed
B007342,C000076,T000046,2026-09-06,2042.89,Confirmed
B007343,C004327,T000042,2026-04-01,2041.33,Cancelled
B007344,C003320,T000042,2025-11-17,1502.42,Cancelled
B007345,C002350,T000031,2026-02-12,3577.41,Confirmed
B007346,C002774,T000011,2026-09-30,844.64,Cancelled
B007347,C002263,T000016,2026-02-16,2133.75,Cancelled
B007348,C003230,T000009,2026-04-23,1701.01,Confirmed
B007349,C002117,T000047,2025-12-31,1532.01,Confirmed
B007350,C000393,T000014,2026-08-07,774.42,Pending
B007351,C001109,T000019,2026-09-05,1356.72,Confirmed
B007352,C004363,T000031,2025-09-08,2508.1,Confirmed
B007353,C000611,T000009,2026-03-09,2766.84,Confirmed
B007354,C002776,T000036,2026-04-05,1712.77,Pending
B007355,C003999,T000039,2025-12-01,3426.1,Confirmed
B007356,C000673,T000026,2025-08-25,2011.07,Confirmed
B007357,C003678,T000008,2025-10-23,2152.61,Confirmed
B007358,C000031,T000024,2026-05-31,4021.81,Confirmed
B007359,C001401,T000008,2026-04-03,2983.85,Pending
B007360,C004072,T000019,2026-05-12,4789.29,Pending
B007361,C000617,T000047,2026-02-11,2116.86,Confirmed
B007362,C004635,T000048,2026-04-23,4225.28,Confirmed
B007363,C002787,T000030,2026-01-26,3822.52,Confirmed
B007364,C000871,T000022,2026-03-31,4505.85,Confirmed
B007365,C004197,T000009,2026-02-15,4805.56,Cancelled
B007366,C003605,T000044,2026-02-01,534.54,Confirmed
B007367,C001413,T000048,2026-09-17,897.34,Confirmed
B007368,C002740,T000004,2025-12-18,3534.52,Confirmed
B007369,C000941,T000037,2026-02-09,2255.9,Confirmed
B007370,C000341,T000008,2026-02-19,4186.06,Confirmed
B007371,C002909,T000001,2026-02-26,553.91,Confirmed
B007372,C004134,T000028,2026-04-18,4131.4,Confirmed
B007373,C000660,T000006,2026-02-17,1108.59,Confirmed
B007374,C002034,T000047,2026-01-21,1806.12,Confirmed
B007375,C001561,T000036,2026-03-16,4860.85,Pending
B007376,C003458,T000011,2026-06-21,732.19,Confirmed
B007377,C001657,T000005,2026-02-07,2070.68,Cancelled
B007378,C002976,T000050,2026-05-19,880.38,Confirmed
B007379,C001050,T000024,2026-03-19,4341.22,Confirmed
B007380,C000454,T000047,2026-04-22,3663.57,Confirmed
B007381,C001705,T000018,2026-08-05,4101.52,Confirmed
B007382,C002785,T000020,2026-10-11,2872.76,Confirmed
B007383,C000819,T000028,2026-07-31,2109.74,Confirmed
B007384,C004869,T000013,2026-03-08,510.23,Confirmed
B007385,C000013,T000005,2025-12-25,1750.67,Pending
B007386,C003980,T000030,2025-10-01,2815.49,Confirmed
B007387,C000921,T000001,2025-12-06,3489.63,Confirmed
B007388,C004921,T000022,2026-03-22,1530.22,Confirmed
B007389,C002419,T000018,2026-08-22,1125.05,Confirmed
B007390,C001315,T000046,2026-09-09,1407.27,Confirmed
B007391,C003678,T000005,2025-10-08,2093.34,Cancelled
B007392,C002018,T000031,2025-10-28,1167.7,Confirmed
B007393,C001229,T000006,2026-05-31,1205.68,Cancelled
B007394,C004793,T000027,2026-05-18,696.88,Confirmed
B007395,C002435,T000025,2026-07-30,4355.26,Confirmed
B007396,C002869,T000029,2026-12-04,1488.91,Confirmed
B007397,C002516,T000028,2026-02-25,4198.56,Confirmed
B007398,C001439,T000016,2025-11-17,2472.39,Pending
B007399,C004165,T000012,2025-12-05,3345.97,Cancelled
B007400,C003544,T000020,2026-08-12,840.66,Confirmed
B007401,C003176,T000018,2026-09-19,3126.11,Pending
B007402,C001782,T000034,2026-09-14,1804.98,Confirmed
B007403,C002264,T000023,2026-04-21,928.44,Confirmed
B007404,C001970,T000045,2025-12-16,4587.05,Cancelled
B007405,C000212,T000027,2026-07-20,3216.33,Confirmed
B007406,C000508,T000049,2025-12-09,1587.68,Confirmed
B007407,C000332,T000017,2026-02-17,2388.42,Confirmed
B007408,C000551,T000048,2026-07-26,2106.05,Confirmed
B007409,C000942,T000021,2026-05-27,3652.61,Confirmed
B007410,C000728,T000050,2026-08-09,3233.45,Confirmed
B007411,C004976,T000040,2026-03-11,589.02,Confirmed
B007412,C002863,T000031,2025-10-19,1390.22,Confirmed
B007413,C003244,T000003,2026-07-23,2651.58,Confirmed
B007414,C000649,T000017,2026-01-24,2504.69,Cancelled
B007415,C002738,T000050,2026-05-18,2825.04,Confirmed
B007416,C002748,T000026,2025-09-17,3716.65,Confirmed
B007417,C001010,T000023,2026-04-09,3569.04,Confirmed
B007418,C001551,T000006,2026-05-15,2177.66,Confirmed
B007419,C000804,T000028,2026-06-20,4449.12,Confirmed
B007420,C004081,T000008,2026-03-27,783.2,Confirmed
B007421,C004310,T000045,2025-12-21,3130.29,Confirmed
B007422,C004265,T000008,2026-02-20,4773.58,Confirmed
B007423,C003402,T000019,2026-07-17,2970.87,Confirmed
B007424,C004242,T000038,2026-11-20,2547.98,Confirmed
B007425,C004612,T000029,2026-09-12,1102.63,Confirmed
B007426,C003162,T000023,2026-05-16,4145.85,Confirmed
B007427,C004549,T000047,2026-04-09,2182.08,Confirmed
B007428,C004156,T000032,2026-04-17,3655.61,Confirmed
B007429,C000528,T000010,2026-04-26,1388.96,Confirmed
B007430,C003299,T000027,2026-05-11,688.38,Confirmed
B007431,C001024,T000049,2026-01-07,1874.6,Confirmed
B007432,C003735,T000001,2025-11-25,1766.36,Cancelled
B007433,C000433,T000039,2025-12-04,4430.64,Confirmed
B007434,C001177,T000029,2026-06-25,4391.03,Confirmed
B007435,C000401,T000045,2025-12-09,2902.52,Confirmed
B007436,C002105,T000003,2026-05-01,585.5,Confirmed
B007437,C003051,T000047,2026-05-11,1527.46,Confirmed
B007438,C002234,T000037,2026-01-03,3375.56,Confirmed
B007439,C002446,T000031,2025-12-23,956.34,Confirmed
B007440,C004701,T000011,2026-10-04,3652.8,Confirmed
B007441,C002836,T000022,2026-04-12,553.83,Confirmed
B007442,C002514,T000018,2026-07-29,3571.42,Confirmed
B007443,C001774,T000035,2026-04-26,4300.43,Cancelled
B007444,C001097,T000006,2026-05-17,2611.48,Cancelled
B007445,C000929,T000003,2026-06-01,4230.86,Cancelled
B007446,C001952,T000005,2026-02-07,4016.87,Confirmed
B007447,C001974,T000009,2026-02-08,3521.39,Cancelled
B007448,C001555,T000028,2026-04-19,2503.17,Cancelled
B007449,C002779,T000019,2026-09-06,1723.57,Confirmed
B007450,C004422,T000028,2026-07-12,4373.89,Confirmed
B007451,C000995,T000027,2026-04-10,3418.66,Confirmed
B007452,C000613,T000013,2026-01-02,4091.08,Pending
B007453,C002594,T000038,2026-10-02,2983.85,Pending
B007454,C000596,T000043,2026-10-11,1273.4,Confirmed
B007455,C000842,T000021,2026-06-16,4907.47,Pending
B007456,C004440,T000027,2026-06-09,1322.32,Confirmed
B007457,C000859,T000046,2026-10-10,4600.59,Confirmed
B007458,C000445,T000006,2026-04-20,1436.62,Pending
B007459,C001789,T000038,2026-11-25,2181.87,Cancelled
B007460,C004318,T000049,2026-02-10,2480.38,Confirmed
B007461,C003455,T000011,2026-10-23,4646.19,Cancelled
B007462,C003953,T000047,2026-04-05,4496.89,Confirmed
B007463,C004688,T000041,2026-07-09,4204.49,Confirmed
B007464,C001031,T000017,2025-12-30,2195.04,Pending
B007465,C001296,T000039,2025-10-21,520.22,Pending
B007466,C002064,T000007,2025-09-28,3567.12,Confirmed
B007467,C001448,T000030,2025-09-06,2349.29,Confirmed
B007468,C002046,T000021,2026-07-15,3906.76,Confirmed
B007469,C004620,T000001,2025-12-16,4076.83,Cancelled
B007470,C002851,T000025,2026-09-13,2478.76,Cancelled
B007471,C003825,T000032,2025-12-28,3866.46,Pending
B007472,C002069,T000008,2026-02-06,4279.72,Confirmed
B007473,C003762,T000005,2025-12-03,4678.14,Confirmed
B007474,C002276,T000030,2025-09-21,3121.05,Cancelled
B007475,C001809,T000008,2025-12-30,4003.15,Confirmed
B007476,C001312,T000049,2026-03-10,2725.54,Confirmed
B007477,C004056,T000019,2026-03-23,687.48,Confirmed
B007478,C002452,T000044,2026-03-19,1198.5,Confirmed
B007479,C001090,T000030,2026-01-19,1077.01,Confirmed
B007480,C001673,T000015,2026-02-08,1272.95,Cancelled
B007481,C003676,T000036,2025-12-29,545.96,Confirmed
B007482,C004533,T000044,2026-02-25,4364.18,Confirmed
B007483,C004925,T000027,2026-04-10,3020.67,Cancelled
B007484,C004355,T000013,2026-01-10,2224.18,Confirmed
B007485,C002004,T000014,2026-10-20,2344.0,Confirmed
B007486,C004199,T000037,2025-10-31,2585.08,Confirmed
B007487,C004865,T000048,2026-06-23,832.48,Confirmed
B007488,C001125,T000030,2025-12-11,1735.99,Cancelled
B007489,C001222,T000039,2025-09-17,4332.32,Confirmed
B007490,C002861,T000047,2026-03-07,3846.54,Confirmed
B007491,C002274,T000013,2026-02-28,3035.32,Confirmed
B007492,C002991,T000016,2026-02-27,2663.17,Confirmed
B007493,C002511,T000044,2026-03-14,1665.38,Confirmed
B007494,C000237,T000007,2025-12-06,2620.65,Cancelled
B007495,C001145,T000048,2026-04-21,3190.35,Confirmed
B007496,C003254,T000027,2026-04-23,3706.87,Confirmed
B007497,C003783,T000045,2025-09-08,1249.88,Confirmed
B007498,C000767,T000035,2026-06-09,4159.0,Confirmed
B007499,C002682,T000015,2026-02-13,2056.15,Confirmed
B007500,C002666,T000028,2026-03-09,2764.66,Confirmed
B007501,C001760,T000035,2026-03-10,3235.57,Pending
B007502,C003492,T000007,2025-09-02,2696.43,Confirmed
B007503,C002816,T000050,2026-08-23,3073.81,Confirmed
B007504,C003514,T000046,2026-11-08,1001.86,Cancelled
B007505,C000496,T000050,2026-10-01,2444.7,Cancelled
B007506,C003181,T000046,2026-06-24,1762.1,Confirmed
B007507,C003931,T000020,2026-10-02,887.12,Confirmed
B007508,C002073,T000032,2026-03-25,1362.42,Confirmed
B007509,C000338,T000038,2026-09-27,3211.0,Confirmed
B007510,C003950,T000040,2026-07-27,1385.09,Confirmed
B007511,C003109,T000032,2026-01-06,1314.79,Confirmed
B007512,C001818,T000026,2025-10-05,2987.74,Confirmed
B007513,C000137,T000039,2025-10-29,4571.16,Confirmed
B007514,C002556,T000020,2026-09-11,4049.12,Confirmed
B007515,C004416,T000018,2026-06-02,4572.9,Pending
B007516,C000916,T000050,2026-07-24,3123.41,Confirmed
B007517,C003539,T000015,2026-05-05,2344.68,Confirmed
B007518,C002101,T000022,2026-05-29,3783.39,Cancelled
B007519,C002908,T000022,2026-06-08,1676.14,Confirmed
B007520,C002915,T000021,2026-07-05,851.24,Confirmed
B007521,C001983,T000002,2026-06-29,2050.77,Cancelled
B007522,C003871,T000040,2026-07-19,1846.57,Confirmed
B007523,C004529,T000043,2026-08-29,3539.93,Confirmed
B007524,C003568,T000018,2026-08-21,2981.13,Cancelled
B007525,C000999,T000023,2026-08-27,1122.18,Confirmed
B007526,C002148,T000013,2026-01-14,4588.27,Cancelled
B007527,C004695,T000041,2026-06-08,3170.03,Cancelled
B007528,C000396,T000009,2025-12-16,2559.58,Confirmed
B007529,C003599,T000049,2025-12-12,4717.38,Confirmed
B007530,C004511,T000007,2025-10-05,937.86,Pending
B007531,C000939,T000041,2026-10-11,4053.17,Confirmed
B007532,C001637,T000001,2026-03-16,2140.99,Confirmed
B007533,C002725,T000002,2026-11-20,3629.25,Confirmed
B007534,C002511,T000004,2026-03-11,4688.26,Confirmed
B007535,C004637,T000014,2026-11-30,2829.71,Confirmed
B007536,C001650,T000032,2026-01-17,601.87,Confirmed
B007537,C003691,T000036,2026-02-08,629.82,Confirmed
B007538,C003436,T000002,2026-10-30,1987.52,Confirmed
B007539,C003202,T000040,2026-03-12,4017.46,Pending
B007540,C004180,T000050,2026-08-07,1797.18,Confirmed
B007541,C004367,T000014,2026-10-09,2005.11,Confirmed
B007542,C002292,T000020,2026-08-17,4030.07,Confirmed
B007543,C004484,T000025,2026-10-08,1022.85,Pending
B007544,C000214,T000042,2026-02-15,4310.66,Confirmed
B007545,C003238,T000049,2025-11-04,1696.07,Cancelled
B007546,C003863,T000008,2026-01-19,730.5,Confirmed
B007547,C000059,T000028,2026-08-01,1028.04,Confirmed
B007548,C002931,T000046,2026-08-27,4786.5,Confirmed
B007549,C004939,T000021,2026-05-30,2530.96,Confirmed
B007550,C002972,T000023,2026-05-04,1653.97,Confirmed
B007551,C001528,T000032,2026-01-06,2845.72,Confirmed
B007552,C000123,T000008,2025-10-31,3570.56,Confirmed
B007553,C003720,T000031,2025-09-22,1934.59,Confirmed
B007554,C001437,T000037,2025-11-18,3763.72,Confirmed
B007555,C001163,T000016,2026-02-20,1635.13,Confirmed
B007556,C003301,T000040,2026-04-21,1005.52,Confirmed
B007557,C003346,T000042,2026-01-23,2973.69,Confirmed
B007558,C002487,T000027,2026-05-31,1180.03,Confirmed
B007559,C000562,T000040,2026-03-16,4732.18,Pending
B007560,C003982,T000041,2026-09-20,502.02,Confirmed
B007561,C001738,T000018,2026-07-21,3900.63,Confirmed
B007562,C000905,T000035,2026-04-23,1757.63,Confirmed
B007563,C003555,T000049,2026-01-12,4307.39,Cancelled
B007564,C004491,T000015,2025-12-22,770.68,Confirmed
B007565,C001727,T000027,2026-08-25,4788.5,Confirmed
B007566,C002924,T000017,2026-02-16,956.28,Confirmed
B007567,C003532,T000040,2026-03-08,4045.47,Confirmed
B007568,C003907,T000002,2026-07-28,2828.04,Confirmed
B007569,C000935,T000049,2026-03-18,2436.78,Confirmed
B007570,C000075,T000050,2026-08-21,1760.7,Confirmed
B007571,C000295,T000031,2025-12-07,4286.16,Confirmed
B007572,C000021,T000037,2026-02-12,1398.88,Confirmed
B007573,C003243,T000041,2026-09-20,3745.59,Pending
B007574,C001039,T000041,2026-06-16,2506.06,Pending
B007575,C004656,T000034,2026-05-24,4993.23,Confirmed
B007576,C001110,T000034,2026-05-17,3251.3,Cancelled
B007577,C003772,T000003,2026-09-20,968.85,Confirmed
B007578,C000372,T000017,2026-04-03,2387.85,Cancelled
B007579,C004914,T000014,2026-07-19,798.35,Confirmed
B007580,C001175,T000014,2026-10-11,1785.45,Confirmed
B007581,C001165,T000046,2026-10-30,2044.93,Cancelled
B007582,C001093,T000038,2026-12-01,4339.29,Pending
B007583,C001284,T000035,2026-05-10,4270.94,Confirmed
B007584,C002012,T000001,2025-11-15,552.01,Confirmed
B007585,C000846,T000048,2026-05-14,2895.25,Pending
B007586,C001992,T000029,2026-06-25,1505.95,Confirmed
B007587,C000521,T000004,2025-11-26,1940.42,Pending
B007588,C004467,T000033,2026-05-05,597.43,Cancelled
B007589,C004197,T000017,2026-01-29,3873.86,Cancelled
B007590,C004757,T000028,2026-03-22,4777.65,Confirmed
B007591,C000243,T000050,2026-07-06,1486.7,Confirmed
B007592,C002801,T000026,2025-12-11,2037.98,Confirmed
B007593,C004608,T000008,2026-01-26,1428.95,Cancelled
B007594,C002897,T000034,2026-07-15,4685.22,Confirmed
B007595,C002603,T000018,2026-09-02,542.1,Confirmed
B007596,C002274,T000031,2025-12-21,3127.38,Cancelled
B007597,C001542,T000027,2026-08-19,4418.44,Confirmed
B007598,C002766,T000016,2025-12-22,1338.38,Pending
B007599,C002115,T000010,2026-05-11,3154.98,Confirmed
B007600,C004492,T000040,2026-04-26,727.92,Confirmed
B007601,C004708,T000012,2026-03-21,4165.63,Confirmed
B007602,C003084,T000022,2026-03-13,1734.93,Confirmed
B007603,C001858,T000016,2026-01-11,4949.39,Pending
B007604,C000770,T000012,2025-11-19,4649.04,Confirmed
B007605,C001423,T000011,2026-06-28,3796.32,Pending
B007606,C000407,T000020,2026-06-24,2735.79,Pending
B007607,C002973,T000001,2026-01-11,3949.65,Confirmed
B007608,C001873,T000027,2026-03-21,1087.74,Cancelled
B007609,C002695,T000003,2026-05-16,1895.9,Confirmed
B007610,C002270,T000012,2025-10-09,621.03,Cancelled
B007611,C004750,T000030,2026-01-22,3402.61,Confirmed
B007612,C001182,T000009,2026-04-25,4124.92,Pending
B007613,C001440,T000037,2025-10-05,4758.28,Confirmed
B007614,C003054,T000001,2026-02-08,3589.28,Cancelled
B007615,C003334,T000042,2026-05-04,3794.41,Confirmed
B007616,C002898,T000049,2025-11-03,4529.55,Confirmed
B007617,C002904,T000004,2025-10-19,4713.7,Confirmed
B007618,C000229,T000015,2026-05-19,2710.84,Confirmed
B007619,C003960,T000027,2026-07-15,994.04,Confirmed
B007620,C001894,T000008,2026-04-04,2598.88,Cancelled
B007621,C001314,T000023,2026-04-27,3002.33,Confirmed
B007622,C001071,T000015,2026-04-25,3341.95,Pending
B007623,C000975,T000027,2026-05-27,4951.78,Cancelled
B007624,C001739,T000031,2025-12-22,4629.03,Confirmed
B007625,C003286,T000039,2025-09-17,2283.64,Confirmed
B007626,C000758,T000047,2026-02-22,1010.54,Pending
B007627,C003096,T000008,2026-02-11,1466.56,Confirmed
B007628,C000321,T000030,2025-09-09,1282.1,Confirmed
B007629,C002322,T000042,2026-03-22,2102.06,Confirmed
B007630,C000556,T000018,2026-08-10,4444.2,Pending
B007631,C004940,T000004,2025-10-27,2470.86,Confirmed
B007632,C001387,T000047,2026-05-11,3052.75,Confirmed
B007633,C004764,T000043,2026-08-23,1306.25,Confirmed
B007634,C003048,T000022,2026-02-19,2717.82,Confirmed
B007635,C002428,T000003,2026-09-08,4431.32,Confirmed
B007636,C002005,T000015,2026-02-14,3980.58,Cancelled
B007637,C001931,T000035,2026-03-19,865.36,Confirmed
B007638,C004842,T000047,2026-02-27,4379.33,Confirmed
B007639,C004771,T000038,2026-10-23,1732.23,Confirmed
B007640,C002164,T000033,2026-04-17,3495.72,Confirmed
B007641,C003868,T000014,2026-10-02,1158.72,Confirmed
B007642,C002427,T000048,2026-06-10,3535.9,Cancelled
B007643,C003794,T000001,2026-01-01,660.66,Cancelled
B007644,C002514,T000049,2026-02-12,3202.9,Confirmed
B007645,C003804,T000026,2025-08-28,3406.73,Confirmed
B007646,C002328,T000008,2025-12-21,1600.24,Cancelled
B007647,C000618,T000050,2026-10-20,4716.39,Confirmed
B007648,C002166,T000016,2026-04-20,706.88,Confirmed
B007649,C003309,T000038,2026-07-16,4512.69,Confirmed
B007650,C000993,T000010,2026-07-12,2218.54,Confirmed
B007651,C001378,T000042,2026-04-22,3712.62,Confirmed
B007652,C004382,T000037,2025-09-16,3431.97,Confirmed
B007653,C003175,T000026,2025-12-11,1257.11,Confirmed
B007654,C004783,T000028,2026-07-06,1935.5,Confirmed
B007655,C001306,T000012,2025-11-29,2883.53,Cancelled
B007656,C004834,T000020,2026-09-21,4309.3,Confirmed
B007657,C003079,T000049,2026-01-02,4796.87,Confirmed
B007658,C002687,T000014,2026-09-17,592.64,Confirmed
B007659,C002984,T000046,2026-07-01,2086.51,Cancelled
B007660,C002524,T000035,2026-06-03,3506.65,Confirmed
B007661,C003583,T000029,2026-11-05,2874.78,Cancelled
B007662,C001486,T000012,2026-03-13,4743.6,Confirmed
B007663,C002101,T000018,2026-07-23,576.36,Cancelled
B007664,C004582,T000044,2026-02-04,2469.83,Confirmed
B007665,C003716,T000002,2026-10-31,3509.62,Confirmed
B007666,C002002,T000002,2026-11-02,1479.13,Cancelled
B007667,C001388,T000017,2026-01-13,3766.42,Confirmed
B007668,C003184,T000010,2026-04-30,865.53,Cancelled
B007669,C001031,T000018,2026-05-21,2529.67,Confirmed
B007670,C001766,T000022,2026-01-20,3543.06,Confirmed
B007671,C004764,T000019,2026-08-26,1700.41,Cancelled
B007672,C001221,T000001,2026-02-27,832.31,Cancelled
B007673,C004931,T000024,2026-01-25,4806.6,Cancelled
B007674,C004972,T000036,2026-05-06,4612.2,Confirmed
B007675,C003807,T000025,2026-06-26,4668.66,Pending
B007676,C002415,T000036,2025-12-31,4903.26,Confirmed
B007677,C004346,T000031,2026-02-14,1331.14,Confirmed
B007678,C001619,T000031,2025-11-18,1209.99,Confirmed
B007679,C001264,T000002,2026-10-05,653.97,Pending
B007680,C000872,T000019,2026-06-22,4513.2,Confirmed
B007681,C000835,T000012,2025-11-11,3887.43,Cancelled
B007682,C002823,T000010,2026-05-21,3349.68,Confirmed
B007683,C000919,T000031,2025-11-22,4674.54,Confirmed
B007684,C001725,T000045,2026-01-05,3087.84,Confirmed
B007685,C002414,T000022,2026-04-21,1083.79,Confirmed
B007686,C001314,T000023,2026-04-30,1295.89,Confirmed
B007687,C004499,T000023,2026-07-29,1094.83,Confirmed
B007688,C002106,T000015,2026-04-09,1884.46,Confirmed
B007689,C002569,T000026,2026-01-13,2207.74,Confirmed
B007690,C001139,T000003,2026-06-11,4085.78,Confirmed
B007691,C000210,T000023,2026-09-11,1360.64,Confirmed
B007692,C001065,T000020,2026-11-12,3764.14,Confirmed
B007693,C004912,T000045,2025-09-21,2710.53,Confirmed
B007694,C002221,T000040,2026-05-27,4998.47,Confirmed
B007695,C000234,T000039,2025-09-27,3994.62,Confirmed
B007696,C000793,T000008,2025-12-24,4860.29,Confirmed
B007697,C003111,T000018,2026-10-27,2040.58,Cancelled
B007698,C002167,T000041,2026-09-19,1053.73,Confirmed
B007699,C000335,T000006,2026-03-13,2776.53,Pending
B007700,C001360,T000027,2026-03-27,1059.08,Pending
B007701,C001215,T000036,2026-05-07,2716.03,Confirmed
B007702,C004420,T000015,2026-01-16,1714.73,Cancelled
B007703,C000284,T000037,2026-01-06,2709.71,Confirmed
B007704,C000213,T000005,2026-01-20,4773.36,Confirmed
B007705,C001659,T000039,2026-01-01,1800.65,Confirmed
B007706,C004079,T000009,2026-03-30,4970.45,Confirmed
B007707,C004848,T000007,2025-12-31,1531.98,Confirmed
B007708,C001418,T000041,2026-11-03,1436.49,Confirmed
B007709,C002387,T000020,2026-08-17,2951.55,Confirmed
B007710,C001795,T000010,2026-06-16,4289.2,Confirmed
B007711,C000105,T000026,2026-01-07,3872.77,Confirmed
B007712,C004866,T000004,2025-12-27,3755.92,Confirmed
B007713,C003894,T000038,2026-08-12,1771.85,Pending
B007714,C003846,T000024,2026-03-20,601.33,Confirmed
B007715,C003691,T000014,2026-11-20,1227.87,Confirmed
B007716,C003293,T000041,2026-08-18,2072.63,Pending
B007717,C000379,T000001,2025-12-02,4872.58,Confirmed
B007718,C003294,T000017,2026-03-01,4639.0,Cancelled
B007719,C003330,T000045,2025-11-22,1402.9,Cancelled
B007720,C004809,T000024,2026-02-14,3765.3,Confirmed
B007721,C003439,T000027,2026-08-08,3105.58,Confirmed
B007722,C000225,T000007,2025-10-23,724.29,Confirmed
B007723,C000738,T000009,2026-04-19,2172.68,Confirmed
B007724,C000236,T000043,2026-05-13,2687.33,Pending
B007725,C004279,T000035,2026-03-21,3504.08,Confirmed
B007726,C000712,T000012,2026-01-10,1827.07,Pending
B007727,C001889,T000021,2026-10-13,4702.18,Confirmed
B007728,C004719,T000003,2026-05-03,2533.46,Pending
B007729,C001260,T000015,2026-01-08,1618.38,Confirmed
B007730,C000749,T000021,2026-08-26,1923.93,Confirmed
B007731,C003987,T000010,2026-03-04,3883.48,Confirmed
B007732,C003552,T000033,2026-06-13,3381.28,Confirmed
B007733,C000510,T000046,2026-11-03,3839.8,Confirmed
B007734,C001824,T000006,2026-05-11,1815.54,Confirmed
B007735,C004881,T000002,2026-07-03,1970.82,Confirmed
B007736,C002942,T000029,2026-09-12,2285.24,Confirmed
B007737,C004233,T000040,2026-03-28,1348.67,Confirmed
B007738,C002135,T000033,2026-03-27,3609.7,Confirmed
B007739,C001778,T000004,2026-02-28,1982.07,Confirmed
B007740,C001223,T000004,2025-12-19,1968.06,Cancelled
B007741,C003668,T000029,2026-08-03,1712.14,Cancelled
B007742,C001778,T000037,2026-01-30,2537.73,Cancelled
B007743,C001305,T000020,2026-09-05,3973.89,Confirmed
B007744,C004860,T000041,2026-05-22,4260.24,Confirmed
B007745,C000702,T000023,2026-08-17,4120.29,Confirmed
B007746,C002990,T000045,2025-12-01,3295.37,Confirmed
B007747,C000152,T000018,2026-07-28,1761.92,Confirmed
B007748,C001326,T000049,2025-12-07,3806.85,Confirmed
B007749,C001302,T000025,2026-05-25,677.13,Confirmed
B007750,C003723,T000001,2026-03-16,4091.69,Confirmed
B007751,C001712,T000015,2026-01-18,4011.02,Confirmed
B007752,C000807,T000034,2026-08-15,3515.01,Confirmed
B007753,C004331,T000048,2026-06-20,940.66,Confirmed
B007754,C002723,T000020,2026-08-25,4988.04,Confirmed
B007755,C004657,T000037,2026-02-07,3903.84,Confirmed
B007756,C001326,T000027,2026-07-22,3806.63,Confirmed
B007757,C004134,T000022,2026-04-20,788.04,Confirmed
B007758,C001160,T000005,2026-02-28,2294.17,Confirmed
B007759,C002870,T000034,2026-07-24,887.78,Confirmed
B007760,C004517,T000039,2026-02-17,2124.67,Confirmed
B007761,C001243,T000003,2026-07-22,3067.18,Confirmed
B007762,C000348,T000017,2026-02-26,4454.92,Confirmed
B007763,C001832,T000024,2026-03-07,1773.22,Cancelled
B007764,C001570,T000024,2026-05-17,3305.37,Confirmed
B007765,C003936,T000003,2026-06-06,1240.93,Confirmed
B007766,C001919,T000045,2025-09-02,2092.84,Confirmed
B007767,C003233,T000007,2025-09-22,4762.57,Confirmed
B007768,C003759,T000025,2026-09-11,3864.38,Pending
B007769,C002356,T000003,2026-07-17,2956.13,Confirmed
B007770,C001398,T000015,2026-02-22,1632.64,Confirmed
B007771,C002781,T000029,2026-07-20,2208.67,Confirmed
B007772,C001825,T000050,2026-09-08,1205.12,Cancelled
B007773,C002492,T000029,2026-09-27,2090.6,Pending
B007774,C004061,T000010,2026-04-21,1177.85,Cancelled
B007775,C000405,T000032,2026-06-05,4078.88,Confirmed
B007776,C001722,T000023,2026-08-04,863.42,Pending
B007777,C002826,T000039,2025-10-07,1352.32,Confirmed
B007778,C003846,T000009,2025-12-18,3610.25,Confirmed
B007779,C004211,T000037,2025-12-20,4561.33,Pending
B007780,C003193,T000040,2026-05-14,4840.66,Cancelled
B007781,C000065,T000014,2026-08-28,4262.1,Confirmed
B007782,C001300,T000004,2026-01-13,1451.62,Confirmed
B007783,C004921,T000020,2026-07-19,1785.7,Confirmed
B007784,C001416,T000028,2026-05-02,4418.39,Confirmed
B007785,C003594,T000014,2026-11-27,4502.0,Confirmed
B007786,C000969,T000044,2025-12-16,3382.94,Confirmed
B007787,C000369,T000034,2026-06-13,1911.38,Confirmed
B007788,C000233,T000013,2025-11-11,1508.25,Confirmed
B007789,C002243,T000031,2025-12-28,4335.27,Confirmed
B007790,C003084,T000033,2026-03-15,1423.65,Confirmed
B007791,C000921,T000039,2025-11-15,3478.12,Confirmed
B007792,C000689,T000028,2026-08-12,4855.79,Cancelled
B007793,C004273,T000025,2026-10-05,3673.81,Confirmed
B007794,C001470,T000032,2026-02-04,1659.52,Confirmed
B007795,C004726,T000009,2026-03-06,1771.28,Pending
B007796,C004260,T000028,2026-05-04,918.03,Confirmed
B007797,C003623,T000031,2025-11-25,3588.07,Confirmed
B007798,C002101,T000017,2026-01-17,2832.96,Confirmed
B007799,C002266,T000023,2026-08-13,1429.12,Confirmed
B007800,C003790,T000013,2025-12-04,1524.51,Cancelled
B007801,C000824,T000010,2026-03-01,540.61,Confirmed
B007802,C003432,T000016,2026-01-26,4902.89,Confirmed
B007803,C004152,T000006,2026-01-17,4226.08,Confirmed
B007804,C004214,T000048,2026-07-18,2273.76,Confirmed
B007805,C000798,T000011,2026-09-19,4757.4,Confirmed
B007806,C000780,T000003,2026-08-03,3547.04,Confirmed
B007807,C002851,T000028,2026-08-06,3881.58,Confirmed
B007808,C002893,T000041,2026-09-02,3559.8,Cancelled
B007809,C001894,T000015,2026-03-14,3905.82,Confirmed
B007810,C003307,T000013,2026-02-19,1269.23,Cancelled
B007811,C002903,T000042,2026-03-14,3030.79,Confirmed
B007812,C004804,T000045,2026-01-06,4322.19,Confirmed
B007813,C003719,T000017,2026-01-26,587.94,Confirmed
B007814,C000022,T000007,2026-01-05,1055.49,Confirmed
B007815,C001501,T000028,2026-07-03,1605.38,Cancelled
B007816,C000843,T000038,2026-09-12,1826.27,Confirmed
B007817,C001761,T000013,2026-02-26,1322.17,Confirmed
B007818,C003642,T000017,2026-04-02,3309.49,Confirmed
B007819,C000192,T000015,2026-02-16,1823.09,Confirmed
B007820,C000396,T000036,2026-03-29,1211.45,Cancelled
B007821,C004663,T000028,2026-08-05,4576.22,Confirmed
B007822,C004327,T000015,2026-01-12,3627.66,Confirmed
B007823,C000874,T000046,2026-08-10,1607.26,Confirmed
B007824,C002622,T000011,2026-07-16,2124.29,Confirmed
B007825,C004336,T000031,2026-01-05,3833.54,Confirmed
B007826,C000090,T000004,2025-11-02,4059.1,Confirmed
B007827,C002280,T000035,2026-06-22,1293.96,Confirmed
B007828,C000457,T000034,2026-07-03,4714.59,Confirmed
B007829,C002281,T000027,2026-08-30,4033.72,Cancelled
B007830,C004450,T000010,2026-07-22,4355.66,Confirmed
B007831,C001005,T000030,2025-10-18,1147.36,Pending
B007832,C004535,T000045,2025-08-19,1145.15,Cancelled
B007833,C000345,T000020,2026-10-23,1874.16,Confirmed
B007834,C002712,T000029,2026-09-15,790.91,Confirmed
B007835,C004753,T000029,2026-07-03,909.8,Confirmed
B007836,C002463,T000023,2026-09-25,1144.43,Confirmed
B007837,C001117,T000050,2026-09-07,3705.93,Confirmed
B007838,C000626,T000021,2026-07-14,636.04,Confirmed
B007839,C004380,T000048,2026-08-07,874.6,Confirmed
B007840,C001980,T000043,2026-09-24,4748.83,Confirmed
B007841,C003995,T000010,2026-06-21,876.46,Confirmed
B007842,C001679,T000041,2026-09-29,2918.58,Pending
B007843,C000223,T000012,2026-03-22,3391.58,Confirmed
B007844,C000744,T000030,2025-10-03,4813.67,Confirmed
B007845,C000463,T000033,2026-03-20,4549.11,Confirmed
B007846,C001569,T000018,2026-06-10,2483.07,Confirmed
B007847,C003348,T000014,2026-09-01,4739.74,Confirmed
B007848,C001737,T000022,2026-02-09,2445.2,Confirmed
B007849,C004040,T000021,2026-09-11,3514.63,Confirmed
B007850,C003952,T000001,2026-04-06,1668.24,Confirmed
B007851,C000665,T000049,2026-01-30,3364.9,Confirmed
B007852,C001357,T000043,2026-10-06,2921.85,Confirmed
B007853,C001015,T000015,2025-12-27,3230.74,Confirmed
B007854,C002133,T000036,2026-06-02,3571.93,Confirmed
B007855,C002669,T000047,2026-01-05,1280.55,Confirmed
B007856,C001055,T000022,2026-03-08,1855.68,Confirmed
B007857,C001765,T000032,2026-03-19,3813.09,Confirmed
B007858,C004459,T000046,2026-10-08,1237.21,Confirmed
B007859,C002870,T000033,2026-04-21,2049.08,Confirmed
B007860,C001413,T000041,2026-07-16,3499.15,Pending
B007861,C000668,T000039,2025-09-08,4719.43,Confirmed
B007862,C003371,T000023,2026-09-08,838.85,Confirmed
B007863,C001395,T000043,2026-07-12,2824.52,Confirmed
B007864,C000099,T000002,2026-08-01,868.57,Confirmed
B007865,C004071,T000002,2026-12-02,2206.09,Confirmed
B007866,C000422,T000038,2026-12-15,1289.24,Confirmed
B007867,C003651,T000029,2026-11-08,3422.47,Pending
B007868,C004158,T000046,2026-07-12,3910.25,Confirmed
B007869,C001133,T000003,2026-06-29,1613.04,Confirmed
B007870,C001703,T000039,2025-12-20,3707.99,Confirmed
B007871,C003621,T000007,2025-09-25,2510.69,Cancelled
B007872,C003191,T000036,2026-03-24,1776.11,Confirmed
B007873,C000598,T000029,2026-07-28,2855.31,Pending
B007874,C000392,T000037,2025-09-22,2208.43,Pending
B007875,C001076,T000049,2025-12-31,1534.98,Pending
B007876,C002651,T000036,2026-03-06,3905.8,Cancelled
B007877,C002385,T000023,2026-07-02,4088.86,Cancelled
B007878,C000810,T000045,2025-12-26,4101.41,Confirmed
B007879,C003310,T000016,2025-12-30,2219.64,Cancelled
B007880,C003739,T000048,2026-06-19,1262.88,Confirmed
B007881,C001160,T000031,2025-09-15,4281.85,Confirmed
B007882,C001532,T000034,2026-08-02,1981.69,Confirmed
B007883,C004977,T000050,2026-08-10,3866.3,Pending
B007884,C002683,T000001,2025-10-19,4178.53,Confirmed
B007885,C000254,T000018,2026-08-28,3956.69,Cancelled
B007886,C003549,T000040,2026-05-29,2254.13,Confirmed
B007887,C003186,T000043,2026-06-19,4721.08,Confirmed
B007888,C001232,T000015,2026-02-26,3470.73,Confirmed
B007889,C002424,T000048,2026-06-25,3090.86,Confirmed
B007890,C003576,T000049,2026-01-07,3640.59,Pending
B007891,C004262,T000017,2026-04-28,701.27,Confirmed
B007892,C001574,T000044,2026-01-21,2257.32,Confirmed
B007893,C002909,T000010,2026-07-20,4465.48,Confirmed
B007894,C004713,T000020,2026-07-24,1224.86,Pending
B007895,C001626,T000006,2026-02-13,2364.8,Cancelled
B007896,C003999,T000008,2026-02-24,2323.62,Confirmed
B007897,C003884,T000045,2025-09-18,2102.19,Confirmed
B007898,C003516,T000034,2026-04-06,3030.58,Confirmed
B007899,C003404,T000032,2026-02-25,4982.89,Confirmed
B007900,C004599,T000042,2025-12-09,1651.32,Confirmed
B007901,C004681,T000004,2025-12-12,3672.31,Pending
B007902,C001959,T000044,2025-11-30,3910.98,Cancelled
B007903,C004010,T000050,2026-09-21,3130.24,Confirmed
B007904,C002736,T000039,2025-11-18,938.64,Pending
B007905,C004492,T000020,2026-06-23,3075.68,Confirmed
B007906,C003175,T000024,2026-01-09,4790.59,Confirmed
B007907,C000402,T000024,2026-03-22,2039.27,Confirmed
B007908,C000975,T000026,2025-10-12,3378.6,Confirmed
B007909,C000224,T000025,2026-10-17,4817.29,Confirmed
B007910,C004614,T000036,2026-01-29,4090.96,Confirmed
B007911,C000236,T000007,2025-09-22,3597.38,Confirmed
B007912,C003499,T000010,2026-05-17,4870.17,Pending
B007913,C004212,T000047,2026-04-25,1267.62,Confirmed
B007914,C003235,T000012,2026-02-13,3977.37,Confirmed
B007915,C000226,T000001,2025-11-28,2330.76,Confirmed
B007916,C002278,T000050,2026-10-28,2121.94,Confirmed
B007917,C004278,T000025,2026-07-19,2843.03,Cancelled
B007918,C001342,T000016,2025-12-23,651.88,Confirmed
B007919,C004037,T000005,2025-11-29,1906.38,Confirmed
B007920,C000210,T000019,2026-08-21,1247.97,Confirmed
B007921,C003728,T000004,2026-01-30,1124.11,Pending
B007922,C003929,T000006,2026-05-24,2018.03,Confirmed
B007923,C004990,T000026,2025-12-05,4110.19,Pending
B007924,C002804,T000049,2025-10-30,1405.0,Confirmed
B007925,C001110,T000039,2025-11-20,2891.37,Confirmed
B007926,C002027,T000039,2025-08-28,3868.95,Confirmed
B007927,C000394,T000009,2026-01-09,1584.37,Cancelled
B007928,C000844,T000045,2025-08-20,4658.91,Confirmed
B007929,C001525,T000014,2026-08-06,4399.24,Confirmed
B007930,C000604,T000048,2026-06-21,1630.3,Confirmed
B007931,C000582,T000009,2025-11-30,4953.37,Confirmed
B007932,C001940,T000015,2026-04-24,3511.27,Cancelled
B007933,C000133,T000037,2025-10-11,1787.45,Cancelled
B007934,C002839,T000050,2026-06-12,3564.67,Cancelled
B007935,C003386,T000020,2026-11-10,3498.12,Confirmed
B007936,C003771,T000008,2026-03-14,3227.87,Confirmed
B007937,C002269,T000032,2026-02-13,3702.63,Pending
B007938,C000976,T000047,2026-05-23,1707.42,Cancelled
B007939,C001814,T000021,2026-05-28,4905.43,Confirmed
B007940,C003264,T000041,2026-09-30,4360.53,Confirmed
B007941,C001544,T000019,2026-06-14,3855.84,Confirmed
B007942,C002836,T000029,2026-09-14,618.37,Confirmed
B007943,C002739,T000031,2025-10-01,3156.73,Confirmed
B007944,C001358,T000006,2026-02-01,3679.18,Confirmed
B007945,C004135,T000004,2025-10-26,4343.45,Pending
B007946,C001317,T000043,2026-09-25,4757.71,Confirmed
B007947,C000162,T000029,2026-11-11,4621.34,Confirmed
B007948,C001910,T000042,2026-03-05,2327.2,Cancelled
B007949,C001128,T000003,2026-07-29,4534.26,Confirmed
B007950,C003871,T000001,2026-01-13,503.37,Pending
B007951,C001659,T000044,2025-11-22,2081.64,Confirmed
B007952,C003126,T000015,2026-01-27,1012.46,Confirmed
B007953,C001964,T000047,2026-03-30,4473.8,Confirmed
B007954,C002290,T000021,2026-08-02,4675.92,Confirmed
B007955,C000967,T000046,2026-07-13,1652.04,Confirmed
B007956,C000890,T000031,2025-11-29,2152.9,Confirmed
B007957,C003062,T000007,2025-08-15,4927.45,Confirmed
B007958,C003630,T000017,2026-02-17,3047.29,Confirmed
B007959,C003190,T000019,2026-07-18,2736.75,Confirmed
B007960,C002749,T000039,2025-08-28,2751.96,Confirmed
B007961,C001667,T000003,2026-06-04,3632.85,Confirmed
B007962,C003067,T000030,2025-12-14,4795.44,Confirmed
B007963,C001442,T000035,2026-05-13,2149.8,Confirmed
B007964,C001068,T000029,2026-08-06,1276.96,Confirmed
B007965,C004224,T000050,2026-08-25,1332.56,Confirmed
B007966,C002924,T000014,2026-07-05,591.62,Confirmed
B007967,C004254,T000035,2026-06-26,2999.35,Confirmed
B007968,C003857,T000028,2026-06-04,4681.03,Cancelled
B007969,C000827,T000030,2026-01-24,3708.85,Confirmed
B007970,C004608,T000026,2025-08-26,4968.34,Confirmed
B007971,C003986,T000007,2025-11-06,4592.87,Confirmed
B007972,C002093,T000039,2025-12-24,2713.36,Confirmed
B007973,C003180,T000031,2025-10-07,2689.47,Confirmed
B007974,C004539,T000005,2025-09-14,3327.61,Cancelled
B007975,C003902,T000035,2026-04-14,999.21,Pending
B007976,C002363,T000050,2026-07-20,3234.58,Pending
B007977,C002225,T000047,2026-05-06,2588.33,Confirmed
B007978,C001727,T000014,2026-10-09,3392.33,Confirmed
B007979,C002007,T000036,2026-03-18,3043.44,Confirmed
B007980,C000267,T000027,2026-09-01,1896.78,Cancelled
B007981,C000838,T000024,2026-03-30,3234.93,Confirmed
B007982,C004585,T000040,2026-07-05,2147.06,Confirmed
B007983,C004798,T000029,2026-09-03,1375.8,Confirmed
B007984,C000687,T000045,2025-11-29,3537.82,Confirmed
B007985,C003362,T000022,2026-07-02,1878.56,Confirmed
B007986,C000357,T000008,2025-11-15,4500.61,Confirmed
B007987,C003816,T000015,2026-03-03,1397.0,Confirmed
B007988,C000872,T000049,2026-02-18,3200.65,Confirmed
B007989,C001974,T000005,2026-01-16,3071.97,Confirmed
B007990,C004648,T000004,2026-03-09,1389.84,Confirmed
B007991,C001811,T000011,2026-09-09,2479.49,Confirmed
B007992,C004419,T000018,2026-10-27,3539.92,Confirmed
B007993,C002642,T000042,2026-05-03,1933.37,Cancelled
B007994,C002229,T000049,2025-11-12,1012.24,Confirmed
B007995,C003392,T000030,2026-01-27,3268.58,Confirmed
B007996,C004179,T000015,2026-04-23,1508.55,Confirmed
B007997,C002351,T000006,2026-06-23,3566.64,Confirmed
B007998,C004358,T000016,2026-03-09,4277.6,Pending
B007999,C004880,T000047,2026-05-01,1055.1,Confirmed
B008000,C002740,T000040,2026-07-05,2469.24,Confirmed
