customer_id,first_name,last_name,country,signup_date,date_of_birth,customer_segment
C000001,Danielle,Anderson,United Arab Emirates,2025-12-10,2001-07-01,Premium
C000002,Angel,Hart,Other,2025-12-30,1982-02-27,Standard
C000003,Joshua,Stone,United Kingdom,2024-04-24,1970-10-07,Premium
C000004,Jeffrey,Welch,Pakistan,2025-11-08,1991-08-18,Standard
C000005,Jill,Vasquez,Saudi Arabia,2023-03-25,1975-05-10,Standard
C000006,Erica,White,Saudi Arabia,2026-03-24,1995-04-26,Standard
C000007,Patricia,Lynch,Saudi Arabia,2024-07-18,1985-06-10,Standard
C000008,Christopher,Erickson,Other,2024-09-10,1987-01-01,Standard
C000009,Robert,Krause,Pakistan,2023-12-23,1975-02-22,Premium
C000010,Anthony,Smith,United Kingdom,2025-03-26,1988-07-04,Standard
C000011,Jeffery,Johnson,Saudi Arabia,2024-10-08,1977-05-15,Standard
C000012,William,Garrett,Other,2024-03-18,2005-11-19,Standard
C000013,Anthony,Wilson,United States,2025-12-28,1981-08-05,Premium
C000014,James,Charles,Saudi Arabia,2024-06-06,2004-03-28,Premium
C000015,Debra,Marsh,Saudi Arabia,2023-05-23,1970-01-27,Standard
C000016,Amy,Duarte,Saudi Arabia,2023-07-11,1980-08-23,Premium
C000017,Jeffrey,Gutierrez,United Arab Emirates,2024-01-13,1985-12-23,Standard
C000018,Bridget,Cook,Pakistan,2024-08-03,1979-05-15,Standard
C000019,Lisa,Castro,United Arab Emirates,2024-06-18,1970-12-10,Premium
C000020,Adam,Walsh,Saudi Arabia,2025-10-29,1975-08-05,Standard
C000021,Linda,Smith,Pakistan,2023-04-03,1998-12-22,VIP
C000022,Helen,Harris,Saudi Arabia,2024-06-12,1966-06-24,Standard
C000023,Matthew,Campbell,Saudi Arabia,2026-03-23,1998-10-12,Standard
C000024,Eric,Tyler,United Arab Emirates,2024-02-09,1978-07-09,Premium
C000025,Susan,Parker,United Arab Emirates,2025-04-19,2002-07-06,Premium
C000026,Matthew,Hunter,United States,2026-03-18,2004-08-09,Standard
C000027,Christopher,Nguyen,Saudi Arabia,2025-06-07,1964-06-02,Standard
C000028,Colin,Smith,Pakistan,2024-02-26,1999-06-01,Premium
C000029,Melanie,Jennings,Pakistan,2024-04-16,1975-09-12,Standard
C000030,Cassandra,Peterson,Saudi Arabia,2025-06-11,1968-10-21,Premium
C000031,Lindsay,Ramsey,Pakistan,2024-06-30,1971-12-13,Premium
C000032,Jessica,Gilbert,Saudi Arabia,2024-09-22,1993-08-04,Standard
C000033,Amanda,Johnson,Saudi Arabia,2025-11-03,1997-11-11,Standard
C000034,Teresa,Thompson,Other,2025-02-16,1973-07-31,Standard
C000035,Nicholas,Rivera,Other,2023-12-30,1982-09-23,Standard
C000036,Andrea,Morgan,United States,2023-04-29,1984-03-16,Premium
C000037,Maria,Chambers,United Arab Emirates,2026-06-15,1981-03-01,VIP
C000038,Christine,Hendricks,Saudi Arabia,2024-06-29,1962-09-05,Standard
C000039,Michelle,Robles,United Kingdom,2026-04-07,1961-12-31,Standard
C000040,Barbara,Brewer,United Arab Emirates,2024-06-05,1960-02-26,Standard
C000041,Janet,Olson,Saudi Arabia,2024-09-25,1966-02-21,Standard
C000042,Brandon,Burton,United Arab Emirates,2025-08-20,1964-08-28,Standard
C000043,Jeremy,Mcclain,Saudi Arabia,2025-08-15,1982-09-25,Standard
C000044,Keith,Herrera,Other,2025-06-01,2001-05-05,Standard
C000045,Christopher,Rogers,Saudi Arabia,2025-02-18,1995-08-03,Premium
C000046,Jesse,Bowers,United Kingdom,2025-05-20,1985-09-19,Standard
C000047,Craig,Gutierrez,United Arab Emirates,2024-05-30,1962-08-05,Premium
C000048,Joshua,Newton,Pakistan,2025-07-26,1977-12-10,Premium
C000049,Cynthia,Conley,Pakistan,2025-05-15,1962-01-27,Standard
C000050,Michael,Evans,Saudi Arabia,2023-04-16,2000-09-13,Standard
C000051,Mitchell,Hardy,Other,2026-01-13,1991-09-15,Standard
C000052,Jason,Stewart,United States,2023-08-02,1975-06-22,Standard
C000053,Joseph,Herrera,Other,2026-02-18,1979-11-30,Premium
C000054,Sharon,Clark,Other,2026-03-01,1987-06-21,Standard
C000055,Deborah,Jennings,Pakistan,2025-04-29,1969-09-05,Standard
C000056,Chelsea,Marsh,Other,2023-07-16,1984-03-28,Standard
C000057,George,Barron,Saudi Arabia,2023-01-19,1962-06-27,Premium
C000058,Jessica,Gomez,Saudi Arabia,2024-10-03,1972-08-22,Standard
C000059,Frank,Montes,Saudi Arabia,2025-11-01,1987-07-06,Standard
C000060,Noah,Ramirez,United Arab Emirates,2026-01-09,1966-04-30,Standard
C000061,Veronica,Johnson,United Arab Emirates,2023-11-26,2003-11-11,Premium
C000062,Danielle,Terrell,Saudi Arabia,2025-05-15,1997-03-12,Standard
C000063,Angela,Sims,United States,2025-02-12,1998-05-18,Standard
C000064,Gabrielle,Kirby,United Arab Emirates,2024-01-27,2005-04-29,Standard
C000065,Megan,Duncan,Saudi Arabia,2024-09-28,1994-05-14,Standard
C000066,Kimberly,Price,Pakistan,2023-11-03,1996-07-07,Standard
C000067,Jeremy,Larson,Saudi Arabia,2025-06-13,1965-02-28,Standard
C000068,Antonio,Hancock,United States,2024-10-13,1962-11-15,Standard
C000069,Leslie,Walton,Saudi Arabia,2025-04-20,1988-10-03,Standard
C000070,Joseph,Thornton,Other,2025-10-22,1963-03-07,Standard
C000071,Jason,Edwards,United States,2024-06-03,1962-03-26,Standard
C000072,Sherri,Johnson,Saudi Arabia,2024-09-27,1970-04-24,Standard
C000073,Nancy,Gutierrez,Saudi Arabia,2025-01-09,1968-11-13,Standard
C000074,Leonard,Crawford,United States,2024-04-13,1998-03-04,Premium
C000075,Diana,Young,United Kingdom,2023-07-31,1982-08-25,Standard
C000076,Randall,Hayes,United Kingdom,2026-02-09,1962-05-19,Standard
C000077,Robin,Sampson,United States,2025-10-28,1975-02-17,Standard
C000078,Stephen,Robinson,Saudi Arabia,2025-03-14,1981-03-12,Standard
C000079,Joseph,Turner,United Arab Emirates,2024-04-21,1972-11-07,Standard
C000080,John,Rodriguez,Saudi Arabia,2025-05-23,1965-04-18,Standard
C000081,Anna,Glover,Other,2024-04-04,2004-09-04,VIP
C000082,Jose,Strickland,Pakistan,2023-09-10,1976-11-11,Premium
C000083,Brenda,Gentry,United Arab Emirates,2025-01-21,2003-01-14,Premium
C000084,Rachael,Wallace,Saudi Arabia,2025-09-07,1995-07-29,VIP
C000085,Reginald,Johnson,United Arab Emirates,2025-05-03,1997-10-26,Premium
C000086,Jeffrey,Webb,United Arab Emirates,2023-08-24,1963-03-10,Premium
C000087,Whitney,Porter,United Kingdom,2024-04-22,1961-09-11,Standard
C000088,William,Lee,Pakistan,2024-11-09,1981-11-08,Standard
C000089,Christopher,Mclean,Other,2025-11-09,1968-05-24,Standard
C000090,Brandon,Oconnor,United Arab Emirates,2023-08-04,1983-08-26,Standard
C000091,Daniel,Mills,Saudi Arabia,2025-05-04,1966-05-26,Standard
C000092,Courtney,Rowe,United Kingdom,2023-05-15,1975-04-26,VIP
C000093,Laura,Thomas,United States,2025-06-23,1966-09-26,Standard
C000094,Robert,Wiggins,Pakistan,2026-02-26,1978-09-03,Standard
C000095,Bryan,Short,United States,2024-02-14,1969-06-04,Standard
C000096,Patrick,Hurley,United Arab Emirates,2026-06-23,2004-04-30,Standard
C000097,Wendy,Rhodes,Pakistan,2023-03-27,2004-09-12,Standard
C000098,Allison,Anderson,United Arab Emirates,2024-07-09,1988-10-29,Standard
C000099,Tasha,Hardy,Saudi Arabia,2024-01-13,1988-06-12,Standard
C000100,Michelle,Stevens,Saudi Arabia,2025-12-10,1998-05-31,Standard
C000101,Alexander,Reeves,Saudi Arabia,2023-08-30,1974-09-18,Standard
C000102,Jennifer,Boyd,Pakistan,2025-07-08,1995-12-25,Standard
C000103,Erin,Smith,United Arab Emirates,2023-09-23,1993-05-31,Standard
C000104,Amanda,Randolph,Pakistan,2026-02-17,1980-03-30,Standard
C000105,Joseph,Mcdaniel,Other,2024-12-12,1962-04-05,Standard
C000106,Danielle,Wheeler,Saudi Arabia,2026-06-25,1985-03-06,Standard
C000107,Daniel,Miller,United Arab Emirates,2023-03-11,1991-11-26,Standard
C000108,Ryan,Owens,United States,2023-02-26,2005-11-20,Standard
C000109,Shawn,Williams,Saudi Arabia,2023-02-08,1962-08-30,Standard
C000110,Stephanie,Meyer,Saudi Arabia,2025-03-11,1990-11-07,Standard
C000111,Nancy,Hopkins,Saudi Arabia,2025-11-07,1961-03-19,Premium
C000112,Jose,Edwards,Saudi Arabia,2025-01-01,1962-01-24,Standard
C000113,Vincent,Lane,Other,2025-04-04,2003-11-14,Standard
C000114,Guy,Collins,United States,2025-01-25,1988-05-16,Standard
C000115,Rita,Mcclain,Pakistan,2023-12-18,1989-11-01,Standard
C000116,Monica,Flores,Other,2023-10-10,1974-10-10,Standard
C000117,Kenneth,Lee,United States,2023-04-20,1969-06-27,Premium
C000118,Danielle,Hill,Saudi Arabia,2025-10-13,1967-06-04,Premium
C000119,Chelsea,Flores,Other,2026-04-18,1975-09-26,Standard
C000120,Eric,Alexander,Pakistan,2024-06-27,1965-04-03,Premium
C000121,Kathryn,Wilson,United States,2023-01-25,1996-11-20,Standard
C000122,Amber,Hernandez,Other,2025-04-22,1998-12-22,Standard
C000123,Kimberly,Hill,United Arab Emirates,2025-03-01,2003-01-05,Standard
C000124,Alyssa,Smith,Saudi Arabia,2025-01-07,1999-07-09,Standard
C000125,Aaron,Dean,Saudi Arabia,2023-02-26,1996-11-25,Standard
C000126,Mario,Palmer,United Arab Emirates,2023-06-29,1970-08-17,Standard
C000127,Andrew,Clark,United States,2023-08-20,1965-06-22,Standard
C000128,Sarah,Bell,Other,2023-12-09,2000-08-27,Standard
C000129,Natasha,Flores,Saudi Arabia,2024-04-21,1989-11-07,Standard
C000130,Marie,Thomas,Pakistan,2024-07-29,2005-12-14,Standard
C000131,Kyle,Bush,United Arab Emirates,2024-03-30,2000-03-31,Standard
C000132,Brian,Campbell,Saudi Arabia,2026-06-09,1974-11-28,Standard
C000133,Natalie,Sanchez,Saudi Arabia,2023-10-16,1967-03-13,Standard
C000134,Stacey,Jones,United Arab Emirates,2026-05-21,1960-09-03,Premium
C000135,Christopher,Austin,Other,2023-09-15,1974-04-09,Standard
C000136,Todd,Morgan,United Arab Emirates,2024-06-13,1969-02-21,Premium
C000137,Chad,Wallace,Pakistan,2024-11-17,1966-06-26,Standard
C000138,Kathleen,Anderson,United Kingdom,2025-07-17,1993-05-13,Standard
C000139,Katie,Ruiz,United Arab Emirates,2023-08-17,1965-01-13,Premium
C000140,David,Lowe,Other,2026-06-03,1976-12-27,Standard
C000141,Thomas,Rodriguez,Other,2024-08-18,1972-01-13,Standard
C000142,Andrea,Brown,Saudi Arabia,2024-03-10,2001-11-11,Standard
C000143,Joseph,Simmons,United Arab Emirates,2025-05-31,1970-02-08,Standard
C000144,Monique,White,United Arab Emirates,2025-10-17,1980-06-14,Standard
C000145,Rodney,Carlson,Saudi Arabia,2024-02-06,1970-07-08,Standard
C000146,Jason,Watkins,Saudi Arabia,2024-09-13,1971-11-27,Premium
C000147,Amber,Huff,Pakistan,2023-03-29,1976-08-04,Standard
C000148,Jessica,Lyons,Pakistan,2024-08-06,2002-07-04,Standard
C000149,James,Jensen,Saudi Arabia,2023-11-05,1971-10-10,Premium
C000150,Larry,Edwards,Saudi Arabia,2025-06-24,1969-02-20,Standard
C000151,Wanda,Roth,Other,2023-12-09,1975-01-09,Standard
C000152,Debra,Marquez,Saudi Arabia,2024-03-11,1969-08-15,Standard
C000153,Samuel,Lambert,Saudi Arabia,2023-06-26,1990-11-19,Standard
C000154,Zachary,Ferguson,United Arab Emirates,2023-05-19,1988-03-21,Standard
C000155,David,Beltran,Other,2023-07-13,1987-02-23,Standard
C000156,Jeffrey,Campos,Saudi Arabia,2026-04-24,1990-07-20,Standard
C000157,Matthew,Owens,United Kingdom,2026-05-26,1983-08-09,VIP
C000158,Brianna,Anderson,United States,2026-04-02,1988-11-16,Premium
C000159,Jerry,Hess,Saudi Arabia,2026-03-30,1996-12-02,Standard
C000160,Jeffrey,Gillespie,United Kingdom,2025-07-31,1966-09-25,Premium
C000161,Chad,Mcdonald,United Arab Emirates,2024-06-08,1974-06-09,Standard
C000162,Crystal,Bryant,Pakistan,2025-12-01,1985-11-22,Standard
C000163,Jeremy,Cohen,Pakistan,2025-07-03,1974-11-06,Standard
C000164,Rebecca,Mckinney,Pakistan,2023-07-29,1975-01-01,Standard
C000165,Michele,Marshall,Saudi Arabia,2025-01-10,2002-03-20,Premium
C000166,Chad,Hall,United States,2025-05-11,1966-02-27,Standard
C000167,John,Walker,United Arab Emirates,2025-08-11,1967-09-10,Standard
C000168,Elizabeth,Callahan,Saudi Arabia,2026-06-28,1967-12-31,Standard
C000169,Jason,Jensen,Saudi Arabia,2025-04-12,1972-10-20,Standard
C000170,David,Durham,Pakistan,2023-05-20,1966-08-14,Standard
C000171,Selena,Myers,United Kingdom,2025-03-02,1996-11-10,Premium
C000172,Ashley,Lyons,Saudi Arabia,2024-06-29,1982-05-12,VIP
C000173,Thomas,Ortega,Pakistan,2025-10-13,1964-01-09,Standard
C000174,Kristen,Mccormick,Saudi Arabia,2023-02-26,1979-12-19,Standard
C000175,Lindsey,Khan,Pakistan,2023-04-22,1978-12-23,Standard
C000176,James,Chavez,Saudi Arabia,2023-01-05,1962-12-27,Premium
C000177,Collin,Johnson,United Kingdom,2026-04-20,2004-10-19,Standard
C000178,Ryan,Alvarez,United Arab Emirates,2025-11-02,1960-09-17,Standard
C000179,Rodney,Bell,Other,2023-03-31,1988-08-17,Premium
C000180,Stuart,Murray,Saudi Arabia,2024-09-07,1996-10-13,Standard
C000181,Jessica,Jackson,United Arab Emirates,2025-06-09,1985-09-03,Standard
C000182,Emily,Tate,Saudi Arabia,2024-11-28,2003-04-18,Standard
C000183,Tracey,Munoz,Other,2026-06-27,1971-10-11,Standard
C000184,Corey,Anderson,Other,2025-06-16,1979-09-25,Standard
C000185,Richard,Garcia,Saudi Arabia,2025-08-28,2005-02-09,Standard
C000186,Matthew,Roth,United Kingdom,2026-02-05,1983-06-05,Standard
C000187,Michelle,Robles,United States,2024-10-29,1997-10-08,Standard
C000188,John,Nguyen,Pakistan,2024-08-16,1976-10-08,Premium
C000189,James,Banks,Pakistan,2024-08-11,1965-04-08,Standard
C000190,Shane,Sparks,Saudi Arabia,2024-04-29,1978-04-19,Premium
C000191,Robert,Patel,Saudi Arabia,2025-09-08,1996-07-01,Standard
C000192,Joshua,Morales,Other,2025-08-29,1987-03-25,Standard
C000193,John,Gutierrez,Other,2024-09-30,1960-11-02,Standard
C000194,Sandra,Oliver,Pakistan,2025-09-23,1971-08-02,Standard
C000195,Scott,Kelley,United Arab Emirates,2023-10-09,1976-07-03,Standard
C000196,Michelle,Dickson,United Arab Emirates,2025-09-12,1993-06-03,Standard
C000197,Andrea,Reyes,United Kingdom,2026-01-16,1978-03-25,Standard
C000198,Brent,Peterson,Other,2026-05-12,1977-05-07,Standard
C000199,Yvette,Cervantes,Other,2023-01-16,1998-01-17,VIP
C000200,Mary,Garza,United States,2026-03-20,1986-05-14,Standard
C000201,Tanya,Mueller,Pakistan,2025-07-24,1963-02-15,Standard
C000202,Sara,Graham,Saudi Arabia,2023-09-11,1982-12-31,Standard
C000203,Melinda,Cobb,Saudi Arabia,2026-04-26,1962-08-09,Standard
C000204,Gabriel,Stephens,Other,2023-11-25,1985-04-28,Premium
C000205,Todd,Young,Pakistan,2024-06-27,1995-06-02,Standard
C000206,Jason,Bates,Saudi Arabia,2025-02-21,1999-07-30,Standard
C000207,Richard,Miller,Saudi Arabia,2025-09-23,1972-12-05,Standard
C000208,Brian,Galvan,United Kingdom,2025-04-24,1995-01-29,Premium
C000209,Nicholas,Andrews,Saudi Arabia,2026-04-07,1970-12-22,Standard
C000210,Tricia,Tucker,Saudi Arabia,2024-01-01,1987-07-18,Standard
C000211,Joseph,Vargas,Pakistan,2026-04-16,1995-09-30,Standard
C000212,Kristen,Ford,United Kingdom,2024-10-16,1978-03-22,Standard
C000213,Spencer,Peters,United Kingdom,2025-01-29,1995-09-01,Standard
C000214,Rodney,Short,Saudi Arabia,2024-09-30,1971-01-13,Premium
C000215,Susan,Thompson,United Kingdom,2025-11-29,1961-06-05,Premium
C000216,Wendy,Blanchard,Saudi Arabia,2025-07-12,1963-11-01,Standard
C000217,Angela,Jones,United Arab Emirates,2024-02-20,1992-08-30,Standard
C000218,Jennifer,Rodriguez,United Kingdom,2023-09-12,1970-03-12,Standard
C000219,Eric,Cervantes,Pakistan,2026-03-12,1978-01-05,Standard
C000220,Kenneth,Wise,United States,2024-12-10,1973-02-02,Standard
C000221,Tanya,Gray,United Kingdom,2024-07-30,1995-03-31,Standard
C000222,Beth,Snyder,Pakistan,2025-06-18,2005-03-31,VIP
C000223,Amy,Keller,Saudi Arabia,2023-01-11,1990-03-27,Standard
C000224,Julie,Davis,United Arab Emirates,2023-01-26,2004-10-31,Premium
C000225,Brian,Montoya,Saudi Arabia,2025-08-14,1961-10-04,Standard
C000226,Breanna,Clay,Saudi Arabia,2024-02-25,1992-07-16,Standard
C000227,Wesley,Berger,Other,2026-05-29,1980-09-01,Standard
C000228,Melissa,Fields,United Arab Emirates,2024-05-10,1996-09-05,Premium
C000229,Eric,Smith,Other,2026-06-14,2001-04-09,Standard
C000230,Susan,Thomas,Pakistan,2023-08-25,1997-09-14,Premium
C000231,Christopher,Hernandez,United States,2025-10-05,1962-08-07,Premium
C000232,Jacob,Schmidt,Pakistan,2023-08-07,2000-05-02,Standard
C000233,Brooke,Price,Pakistan,2024-04-05,2005-10-29,Standard
C000234,Emma,Lane,United Arab Emirates,2024-10-24,1986-12-09,Premium
C000235,Joe,Gonzalez,Saudi Arabia,2024-09-26,1995-02-09,Standard
C000236,David,Maldonado,United Kingdom,2026-03-13,2000-03-21,Standard
C000237,Pamela,Stewart,Saudi Arabia,2025-09-16,1977-05-10,Standard
C000238,John,Hudson,Saudi Arabia,2023-07-08,1989-12-30,Premium
C000239,Brooke,Gentry,Pakistan,2023-09-12,1970-04-23,Standard
C000240,Christine,Torres,Saudi Arabia,2023-03-09,1967-09-28,Premium
C000241,Robert,Harding,Other,2024-09-07,1965-08-20,Standard
C000242,Brandy,Graham,Other,2023-12-02,1991-07-16,Standard
C000243,Alexandra,Haas,Other,2024-11-01,1961-12-31,Standard
C000244,Sarah,Cooper,United Arab Emirates,2025-03-31,1965-01-06,Standard
C000245,James,Davis,Saudi Arabia,2025-05-23,1983-07-19,Premium
C000246,Jennifer,Smith,Other,2023-10-27,2002-10-05,Premium
C000247,John,Downs,United Arab Emirates,2023-12-23,1979-08-19,Premium
C000248,Randy,Powell,Other,2023-09-13,1971-06-11,VIP
C000249,Emily,Anderson,Other,2025-10-04,1977-03-31,Standard
C000250,Kevin,Phillips,Other,2023-12-19,1981-06-09,Standard
C000251,Leslie,Wood,Saudi Arabia,2024-06-07,1991-04-27,Standard
C000252,Karen,Dunn,United Arab Emirates,2025-08-07,1973-02-23,Premium
C000253,Charles,Brown,Other,2025-01-25,1978-02-10,Standard
C000254,Stephen,Warner,United Arab Emirates,2023-10-11,1978-07-07,VIP
C000255,Yolanda,Hoover,Saudi Arabia,2023-04-09,1975-03-06,Standard
C000256,Wendy,Howard,Pakistan,2023-07-16,1973-05-15,VIP
C000257,Charles,Callahan,Other,2024-04-26,2003-02-03,Standard
C000258,Jason,Glenn,United Kingdom,2025-05-27,1961-10-28,Standard
C000259,Joseph,Young,Pakistan,2026-06-03,1960-10-03,Premium
C000260,Sarah,Park,Saudi Arabia,2024-09-06,1998-07-03,Premium
C000261,Nicole,Long,Pakistan,2024-09-09,1962-05-31,Standard
C000262,Natasha,Flores,Other,2024-01-03,1965-08-22,Premium
C000263,Mike,Reyes,Saudi Arabia,2024-07-23,2000-03-08,Premium
C000264,Eric,James,Pakistan,2024-08-12,1978-05-08,Standard
C000265,Martha,Gardner,Other,2026-01-03,1985-10-25,Standard
C000266,Jade,Bates,United Kingdom,2025-12-01,2003-05-28,Standard
C000267,Cheryl,Wells,United Kingdom,2024-02-26,1960-06-07,Standard
C000268,Vanessa,Lopez,United Kingdom,2025-04-15,2003-10-18,Premium
C000269,Destiny,Cruz,United Arab Emirates,2026-04-19,1974-04-26,Standard
C000270,Alan,Middleton,Saudi Arabia,2024-06-28,1981-10-13,Standard
C000271,Lisa,Larsen,United States,2023-03-12,1994-05-28,Standard
C000272,Kevin,Moore,United States,2026-02-02,1966-12-01,Standard
C000273,Elizabeth,Bright,Other,2026-05-08,1981-05-13,Standard
C000274,Sheila,Santiago,Other,2026-01-29,1977-12-31,Standard
C000275,Dennis,Taylor,Pakistan,2025-02-06,1983-11-29,Standard
C000276,Darrell,Jones,Pakistan,2023-11-03,1979-11-14,Standard
C000277,Daniel,Smith,United States,2024-01-12,1968-12-27,VIP
C000278,Angela,Griffith,Pakistan,2024-10-16,2003-07-23,Standard
C000279,Joseph,Tucker,United Kingdom,2024-11-08,1992-04-24,Standard
C000280,Cassandra,Kim,United States,2024-02-03,1981-08-14,Standard
C000281,Jennifer,Branch,Other,2023-08-09,1997-01-12,Standard
C000282,James,Miller,United Arab Emirates,2023-07-01,1990-11-17,Standard
C000283,Cynthia,May,United Arab Emirates,2023-11-03,1996-04-03,Premium
C000284,Joseph,Perry,Saudi Arabia,2024-06-05,1967-01-14,Standard
C000285,Tracy,Bryant,Pakistan,2025-10-10,1960-11-20,VIP
C000286,Rebecca,Mccormick,Saudi Arabia,2023-01-04,1986-08-13,Standard
C000287,Meghan,Munoz,United Arab Emirates,2025-05-12,1975-06-16,Premium
C000288,Christopher,Simmons,Pakistan,2025-04-27,1999-06-09,Premium
C000289,Rodney,White,Saudi Arabia,2025-03-14,1972-04-13,Standard
C000290,Joshua,Hicks,Pakistan,2023-08-03,1966-08-27,Standard
C000291,Adam,Arnold,Saudi Arabia,2025-08-29,1996-01-08,Standard
C000292,Kellie,Cole,Saudi Arabia,2023-04-11,1961-07-21,Standard
C000293,Dana,Kelly,United States,2025-08-20,1965-12-19,Premium
C000294,Jose,Lopez,United Arab Emirates,2024-07-26,1965-07-12,Standard
C000295,Joyce,Jacobs,Saudi Arabia,2024-10-19,2003-08-02,Standard
C000296,Andrea,Lane,Pakistan,2025-07-27,1970-09-14,Premium
C000297,Ronald,Bradford,United States,2025-12-22,1981-12-11,VIP
C000298,Alec,Young,Saudi Arabia,2023-08-14,1969-05-13,Standard
C000299,Charles,Shaw,Pakistan,2023-04-15,2000-10-02,Premium
C000300,Nicole,Jenkins,Saudi Arabia,2025-02-10,2005-10-31,Standard
C000301,Rebecca,Payne,Saudi Arabia,2024-03-04,1980-06-29,Standard
C000302,Amy,Richardson,Pakistan,2024-03-09,1971-04-24,Standard
C000303,Mary,Good,Pakistan,2026-05-15,1989-03-01,Premium
C000304,Brandi,Carroll,Pakistan,2025-11-17,1999-05-15,Standard
C000305,Earl,Bush,United Kingdom,2024-11-12,2000-10-20,Standard
C000306,David,Wilson,Other,2024-08-10,2003-07-27,Standard
C000307,Kyle,Olson,Pakistan,2025-12-28,1985-12-05,Standard
C000308,Rachel,Vaughn,United Arab Emirates,2025-05-15,1991-08-06,Standard
C000309,Laura,Thomas,United States,2025-01-15,1972-08-02,Premium
C000310,Michelle,Simon,Saudi Arabia,2026-04-05,1972-06-02,Standard
C000311,Rachel,Terrell,United Arab Emirates,2025-05-13,2005-09-30,Standard
C000312,Jason,Terrell,Saudi Arabia,2024-01-03,1987-04-06,Premium
C000313,John,Maxwell,Saudi Arabia,2023-09-08,1971-05-25,Premium
C000314,Curtis,Marshall,Other,2025-05-08,1960-10-30,Standard
C000315,Kimberly,Miller,United States,2025-05-05,1973-11-15,Standard
C000316,Nicole,Wu,United Kingdom,2026-04-08,1973-10-03,Premium
C000317,Richard,Davis,United Arab Emirates,2026-01-18,1981-02-14,Premium
C000318,Christine,Kennedy,Saudi Arabia,2024-07-14,1990-09-26,Standard
C000319,Eric,Harmon,Saudi Arabia,2023-10-21,1967-03-16,Standard
C000320,Sarah,Horne,Saudi Arabia,2025-07-07,1996-09-20,Standard
C000321,Michelle,Miller,Pakistan,2026-03-19,2001-03-03,Standard
C000322,Theresa,Schultz,United Kingdom,2026-03-01,1991-11-21,Standard
C000323,Lisa,Yates,United Kingdom,2024-03-08,1994-05-31,Standard
C000324,Nicole,Edwards,Saudi Arabia,2023-02-28,1966-06-27,Standard
C000325,Angel,Brown,Other,2025-08-26,1991-12-03,Premium
C000326,Jill,Cooper,United Kingdom,2025-04-15,1961-06-12,Standard
C000327,Martin,Osborne,Pakistan,2023-07-18,1988-10-02,Standard
C000328,Sarah,Harrison,Pakistan,2023-08-03,1972-10-19,VIP
C000329,Leah,Hunt,United Arab Emirates,2025-06-16,1966-05-30,Standard
C000330,Michelle,Harrison,Saudi Arabia,2024-04-16,1998-02-09,Standard
C000331,Lisa,Gross,United Arab Emirates,2023-09-04,2000-04-30,Premium
C000332,Joseph,Fisher,United States,2024-01-17,2001-10-08,Standard
C000333,Kristin,Yu,Saudi Arabia,2025-09-17,1973-06-06,Premium
C000334,Daniel,Yates,Saudi Arabia,2026-06-16,2002-07-18,Standard
C000335,Monica,Roberts,Saudi Arabia,2025-07-15,2001-10-07,Standard
C000336,Michele,Johnson,Saudi Arabia,2026-04-06,1984-04-28,Premium
C000337,Jeffrey,Livingston,Other,2024-07-13,1985-01-12,Standard
C000338,Lisa,Curry,United Kingdom,2025-12-10,1976-04-16,Premium
C000339,Steven,Acosta,United Arab Emirates,2024-11-19,1963-09-22,Standard
C000340,Kevin,Elliott,Saudi Arabia,2024-01-15,1974-01-14,Standard
C000341,Laura,Brown,United Arab Emirates,2024-04-18,1999-01-08,Premium
C000342,Jeremy,Kennedy,United Arab Emirates,2026-01-08,1983-11-26,Standard
C000343,Andrew,Jackson,Saudi Arabia,2024-11-27,1970-09-30,Standard
C000344,James,Williams,United Arab Emirates,2025-06-29,1983-03-04,Standard
C000345,Mark,Mooney,United Arab Emirates,2025-08-17,1963-05-27,Standard
C000346,Michelle,Lamb,Pakistan,2024-04-22,1984-01-19,Premium
C000347,Tammy,Weber,Pakistan,2025-09-30,1986-10-28,Premium
C000348,Joshua,Mitchell,Saudi Arabia,2025-07-14,1977-07-16,Standard
C000349,Darlene,Miller,United Arab Emirates,2024-12-07,1998-03-27,Standard
C000350,Ricardo,Wagner,Pakistan,2026-05-22,1997-08-07,Standard
C000351,Tina,York,Pakistan,2025-05-03,1969-12-05,Standard
C000352,Amanda,Ramirez,Other,2026-02-11,1987-08-01,Premium
C000353,Sheila,Anderson,United Kingdom,2025-10-13,2005-05-12,Standard
C000354,Darrell,Campbell,Saudi Arabia,2025-01-23,1981-12-27,Standard
C000355,Tara,Hodge,Saudi Arabia,2024-05-17,1968-09-23,Premium
C000356,Gregory,Smith,Pakistan,2025-03-27,1968-01-24,Standard
C000357,Sydney,Rodriguez,Saudi Arabia,2024-08-10,1978-07-10,Standard
C000358,Joseph,Thompson,Pakistan,2024-12-08,1989-08-03,Standard
C000359,Daniel,Vargas,Other,2025-12-03,1987-12-09,Premium
C000360,Ryan,Hernandez,Pakistan,2026-06-23,1985-08-09,Standard
C000361,Jessica,Griffin,United Arab Emirates,2026-01-12,1972-08-04,Standard
C000362,Lee,Morton,Pakistan,2023-07-26,1971-10-23,VIP
C000363,Catherine,Green,United Arab Emirates,2023-05-31,1966-01-27,Premium
C000364,William,Haynes,Pakistan,2024-10-29,1997-09-29,Premium
C000365,Paul,Washington,Other,2024-06-11,1960-02-26,Standard
C000366,Barbara,Lloyd,United Arab Emirates,2023-06-14,1994-04-25,Standard
C000367,Jonathan,Atkins,Other,2025-07-05,1960-05-23,Standard
C000368,Jeanne,Cooper,Other,2026-03-14,1979-10-06,Standard
C000369,Aaron,Miller,Saudi Arabia,2025-10-06,1983-06-08,Standard
C000370,Sara,Thomas,Saudi Arabia,2023-02-06,1961-09-07,Standard
C000371,Amanda,Peck,Saudi Arabia,2023-11-29,1982-01-27,Standard
C000372,Jennifer,Moore,Saudi Arabia,2024-02-07,1991-07-17,Standard
C000373,Judy,Crawford,Saudi Arabia,2024-02-18,1976-05-13,Premium
C000374,Emily,Chaney,United Kingdom,2023-02-14,1991-04-07,Standard
C000375,Michael,Townsend,Saudi Arabia,2023-07-25,1986-10-11,Standard
C000376,Chad,Young,United Arab Emirates,2023-03-03,1989-03-30,Standard
C000377,Elizabeth,Alexander,United States,2024-02-24,1979-02-14,Standard
C000378,Mark,Walsh,Saudi Arabia,2025-05-17,1973-08-11,Standard
C000379,Lee,Clark,United States,2025-03-30,1962-08-02,Standard
C000380,Melanie,Navarro,Saudi Arabia,2023-01-19,1984-12-14,Premium
C000381,Jennifer,Reed,Saudi Arabia,2023-12-31,1979-05-19,Premium
C000382,Kevin,May,United Kingdom,2025-10-27,1993-09-16,Standard
C000383,Kyle,Campos,Pakistan,2024-03-03,1975-11-01,Premium
C000384,Ricky,Wilson,Other,2026-02-14,1986-09-12,Standard
C000385,Richard,Jackson,United Kingdom,2024-08-02,1978-11-29,Premium
C000386,Kenneth,Ross,United States,2024-06-29,1968-02-05,Standard
C000387,David,Turner,Saudi Arabia,2023-11-21,1976-07-22,Standard
C000388,Robert,Reese,Saudi Arabia,2023-02-24,1977-02-09,Premium
C000389,Shelby,Goodwin,United States,2025-02-16,2004-10-03,Standard
C000390,Erica,Patel,United States,2025-09-18,1970-04-17,Standard
C000391,Raven,James,Other,2023-02-11,1971-09-03,Premium
C000392,Christina,Thornton,United Arab Emirates,2023-08-19,1988-02-24,Premium
C000393,Kevin,Wells,United Arab Emirates,2024-03-28,1965-03-17,Standard
C000394,Amy,Thomas,United States,2024-01-29,1967-01-11,Standard
C000395,Aaron,Berg,United Arab Emirates,2026-02-25,1987-11-25,Premium
C000396,Justin,Smith,Other,2024-11-21,1982-02-09,VIP
C000397,Russell,Ho,Other,2024-01-27,1968-03-13,Standard
C000398,Bethany,Cole,United Arab Emirates,2026-05-01,1974-04-26,Premium
C000399,Diana,Gregory,United States,2024-08-26,1965-07-03,Premium
C000400,Steven,Nixon,United States,2025-05-30,1980-03-13,Standard
C000401,Scott,Vega,Saudi Arabia,2026-01-06,1995-09-10,Premium
C000402,Jason,Williams,Other,2023-03-26,1960-02-18,Standard
C000403,Thomas,Hardin,Pakistan,2025-11-19,1971-07-12,Standard
C000404,Rachel,Walsh,United States,2023-02-18,2000-08-16,Standard
C000405,Laura,Blanchard,United Arab Emirates,2026-03-14,2003-11-29,Standard
C000406,Gene,Reynolds,Other,2023-03-10,1981-07-27,Premium
C000407,Christopher,Hull,United Arab Emirates,2025-12-17,2005-01-18,Standard
C000408,Zachary,Garrison,Saudi Arabia,2024-11-27,2002-01-07,Premium
C000409,Cynthia,Rogers,Other,2024-04-23,1981-07-28,Premium
C000410,Matthew,Adams,Saudi Arabia,2025-03-30,1996-04-15,Premium
C000411,Loretta,Garcia,United Arab Emirates,2026-04-09,1980-03-16,Standard
C000412,Karen,Pena,Other,2023-05-27,1966-02-06,Standard
C000413,Emily,Myers,Other,2025-10-12,1986-11-14,Standard
C000414,Jeffrey,Mejia,Pakistan,2024-08-31,1984-05-02,Premium
C000415,James,Curry,Pakistan,2024-03-21,1977-07-01,Standard
C000416,Andrew,Navarro,United Arab Emirates,2023-08-09,1985-10-25,VIP
C000417,John,Chapman,Saudi Arabia,2023-04-05,1961-09-29,Premium
C000418,Thomas,Lee,United Arab Emirates,2023-09-19,1987-08-23,Premium
C000419,Melissa,Rogers,United Kingdom,2025-06-15,1969-10-27,Standard
C000420,Charles,Vaughn,United States,2025-12-30,1963-01-16,Standard
C000421,Robert,White,United States,2023-08-07,1982-11-28,Premium
C000422,Crystal,Kelley,United States,2023-04-02,1961-12-23,Standard
C000423,James,Chambers,Saudi Arabia,2023-05-07,1973-04-28,Premium
C000424,Heather,Decker,United Arab Emirates,2023-03-21,1987-10-05,Standard
C000425,Troy,Smith,Saudi Arabia,2026-06-15,1965-10-29,Premium
C000426,John,Davis,Pakistan,2025-09-09,1984-12-18,Premium
C000427,Diana,Garcia,United Arab Emirates,2025-07-04,1966-11-22,Standard
C000428,Adam,Griffin,Other,2024-04-30,1998-12-15,Standard
C000429,Karen,Robinson,United Arab Emirates,2024-11-24,1998-10-27,Premium
C000430,Kayla,Campbell,Saudi Arabia,2023-01-25,1986-06-28,Standard
C000431,Daniel,Lee,Saudi Arabia,2023-06-05,1960-11-05,Standard
C000432,Ronald,Johnson,United States,2024-09-23,1970-10-27,Standard
C000433,Gregory,Davis,Pakistan,2025-12-16,1997-12-23,Standard
C000434,Susan,Mays,Saudi Arabia,2023-01-19,1986-07-15,Standard
C000435,April,Douglas,Saudi Arabia,2026-05-01,1960-01-16,Premium
C000436,Brent,Houston,United Kingdom,2023-08-25,2003-10-27,Standard
C000437,John,Sampson,Saudi Arabia,2023-10-04,1999-02-03,Standard
C000438,Melinda,Little,United States,2026-06-04,2000-07-26,Premium
C000439,Stephen,Erickson,United Kingdom,2025-01-14,1986-09-20,Standard
C000440,Laurie,Wilson,Saudi Arabia,2024-07-05,2002-11-20,Standard
C000441,Elizabeth,Gates,Saudi Arabia,2026-03-22,1977-07-22,Premium
C000442,Vanessa,Anderson,Other,2024-09-30,1987-12-01,Premium
C000443,Caitlin,Douglas,United Arab Emirates,2023-08-25,1983-04-17,Standard
C000444,Stephanie,Yoder,United Arab Emirates,2025-09-24,1973-03-13,VIP
C000445,Patricia,Knight,United States,2023-02-24,1981-06-14,Premium
C000446,Cheyenne,Coffey,Other,2024-11-14,1965-01-23,Standard
C000447,Jennifer,Kemp,Other,2023-04-19,1997-03-14,Standard
C000448,William,Dominguez,United States,2026-04-22,1965-05-07,Premium
C000449,Maria,King,United Arab Emirates,2026-05-06,1994-11-09,Standard
C000450,Amy,Owens,Saudi Arabia,2024-01-08,1978-09-23,Standard
C000451,Phyllis,Mayer,United States,2025-08-30,1973-11-14,Premium
C000452,Julia,Fowler,Pakistan,2023-07-20,1966-08-12,Standard
C000453,Thomas,Livingston,United Arab Emirates,2025-04-28,1966-07-17,Standard
C000454,Jonathon,Hill,Other,2024-05-23,2004-05-20,Standard
C000455,John,Simmons,Saudi Arabia,2023-10-02,1962-02-02,Standard
C000456,Dana,Berger,United Arab Emirates,2023-07-30,1977-02-15,Standard
C000457,Katie,Carrillo,Saudi Arabia,2024-05-18,1979-08-22,Standard
C000458,Adrienne,Morris,United Arab Emirates,2026-02-15,1988-10-18,Standard
C000459,Courtney,Martin,Saudi Arabia,2024-12-03,1988-01-26,Standard
C000460,Joshua,Jones,Saudi Arabia,2023-02-11,1994-01-29,Premium
C000461,Chris,Waters,Saudi Arabia,2023-11-11,2001-04-24,Premium
C000462,Justin,Reyes,Pakistan,2025-02-26,1985-09-21,Standard
C000463,Joseph,Cook,United Kingdom,2023-11-25,1993-01-14,Premium
C000464,Luis,Brown,Pakistan,2025-11-06,1974-06-23,Premium
C000465,Amber,Sosa,Other,2023-10-10,1996-11-08,Premium
C000466,Devon,Baker,United Arab Emirates,2025-07-31,1996-09-10,Standard
C000467,Jesse,Alexander,Saudi Arabia,2023-09-15,1980-05-08,Standard
C000468,Heather,Vasquez,Other,2024-07-28,1990-11-23,Premium
C000469,Jasmine,Mcfarland,Saudi Arabia,2024-07-27,1973-03-19,Standard
C000470,Caleb,Bishop,Other,2024-09-03,1970-01-12,Standard
C000471,Rick,White,Saudi Arabia,2025-11-08,1988-10-28,Standard
C000472,Amy,Vasquez,Other,2025-04-16,1961-05-12,VIP
C000473,Robert,Thomas,Saudi Arabia,2024-02-27,1980-12-02,Standard
C000474,Jamie,Mack,Other,2025-01-27,1972-09-17,Standard
C000475,Robert,Robinson,Pakistan,2025-02-01,1973-11-04,Standard
C000476,Rebecca,Schneider,Other,2026-01-09,1960-05-11,Premium
C000477,Brandy,Gaines,Saudi Arabia,2024-02-28,1974-11-26,Standard
C000478,Heather,Baldwin,Pakistan,2024-03-04,1996-10-21,Standard
C000479,Melissa,Garcia,Other,2023-07-23,1983-11-08,Standard
C000480,Kathy,Jones,Pakistan,2023-07-15,1982-07-05,Standard
C000481,Omar,Duncan,Pakistan,2024-12-28,2002-11-16,Standard
C000482,Adam,King,United Kingdom,2023-10-12,1976-10-30,Standard
C000483,Michael,Griffin,United Arab Emirates,2023-07-15,1991-09-23,Standard
C000484,Karen,Mosley,Pakistan,2023-11-03,1972-08-09,Standard
C000485,Melissa,Hernandez,Pakistan,2023-01-14,1985-11-17,Premium
C000486,Stephanie,Bowman,Other,2026-03-15,2004-11-24,Standard
C000487,Robert,Fitzpatrick,Saudi Arabia,2025-12-16,1969-11-14,Standard
C000488,Julie,Ortega,Saudi Arabia,2024-12-23,1996-05-15,Standard
C000489,Amy,Adams,Other,2025-02-18,1964-05-26,Standard
C000490,Carrie,Graves,Other,2026-05-18,1992-01-22,Standard
C000491,Jeffrey,Conway,United Arab Emirates,2024-06-12,1965-07-09,Standard
C000492,Jeffrey,Andrews,Pakistan,2025-03-08,1969-10-14,Premium
C000493,Ryan,Robertson,Saudi Arabia,2023-12-10,1997-01-27,Standard
C000494,Anthony,Case,Saudi Arabia,2023-07-28,1979-12-01,Standard
C000495,Matthew,Henry,United Arab Emirates,2024-10-02,1987-03-15,Standard
C000496,Erin,Graham,United Arab Emirates,2023-09-09,2003-02-12,Standard
C000497,Richard,Anthony,Pakistan,2023-09-28,1977-07-16,Standard
C000498,Frederick,Norman,Saudi Arabia,2025-07-08,1992-05-18,Standard
C000499,Tanner,Floyd,Other,2024-02-23,1963-09-23,Standard
C000500,David,Fernandez,Other,2025-03-05,1972-03-31,Standard
C000501,Cindy,Smith,United Kingdom,2026-05-19,1980-01-15,Standard
C000502,Anthony,Finley,Pakistan,2026-01-04,1983-09-24,Standard
C000503,Phillip,Meyers,United Arab Emirates,2024-12-25,1985-12-16,Standard
C000504,Anne,Olson,United States,2024-03-08,1983-04-30,Standard
C000505,Anthony,Bradley,United Kingdom,2023-04-19,1969-09-06,Standard
C000506,Dawn,Donovan,Saudi Arabia,2024-10-02,1964-11-08,Standard
C000507,Derek,Howard,Other,2025-12-06,1988-01-29,Standard
C000508,Steven,Maldonado,United States,2024-01-14,1967-01-02,Standard
C000509,Brent,Morales,Other,2026-01-24,1973-11-27,Standard
C000510,Nicholas,Chen,United Kingdom,2025-08-15,1999-04-07,Standard
C000511,Jason,Benjamin,Pakistan,2023-04-13,1987-04-30,Standard
C000512,Mark,Davis,United Arab Emirates,2025-06-10,1969-08-25,Standard
C000513,Kathleen,Nichols,Other,2025-05-03,1984-08-20,Standard
C000514,Nicholas,Woodward,Other,2026-03-15,1997-07-02,Premium
C000515,Karen,Miller,Saudi Arabia,2025-11-16,1997-04-02,Premium
C000516,Marie,Stevens,Saudi Arabia,2024-06-13,1996-10-07,Standard
C000517,Johnny,Miranda,United Arab Emirates,2024-11-09,2003-11-30,Premium
C000518,Christopher,Holland,United States,2025-09-15,1979-07-20,Standard
C000519,Andrew,Thompson,Other,2026-01-10,1984-01-20,Standard
C000520,Amber,Williams,Saudi Arabia,2024-03-03,2000-10-18,VIP
C000521,Zoe,Cruz,Pakistan,2025-04-01,1968-12-24,Premium
C000522,Michael,Lee,United Arab Emirates,2026-03-31,1966-01-21,VIP
C000523,Debra,Dominguez,Other,2025-07-20,2001-08-26,Standard
C000524,Kimberly,Mosley,United States,2025-11-27,1982-02-12,Standard
C000525,Denise,Mccoy,United States,2024-05-25,2003-08-19,Standard
C000526,Karen,Howard,United Arab Emirates,2024-01-28,1999-01-30,Standard
C000527,Stefanie,Miller,United Arab Emirates,2024-12-13,1962-05-18,Standard
C000528,James,Chen,Saudi Arabia,2024-05-08,2003-12-03,Premium
C000529,Andrew,Moss,Saudi Arabia,2026-05-08,2002-03-08,Standard
C000530,Elijah,Taylor,Other,2026-04-17,2004-07-02,Standard
C000531,David,Lee,United States,2024-06-30,1964-10-10,Standard
C000532,Elizabeth,Cortez,Other,2024-08-16,1966-03-06,Standard
C000533,Anne,Watkins,Other,2024-01-24,1992-06-20,Standard
C000534,Jeffery,Burns,Pakistan,2023-06-07,1974-11-06,VIP
C000535,Holly,Brown,United States,2025-10-24,1973-12-07,Standard
C000536,Katie,Fernandez,Other,2023-06-16,1978-02-03,Standard
C000537,Gary,Parker,United States,2025-08-17,1986-08-09,Premium
C000538,Catherine,Ferguson,Saudi Arabia,2024-02-13,1973-05-08,VIP
C000539,Julie,Flowers,United Arab Emirates,2026-05-12,1968-03-26,Premium
C000540,Danny,Cole,Saudi Arabia,2023-07-13,1999-03-22,Premium
C000541,Lori,Forbes,Other,2023-08-23,1968-07-21,Standard
C000542,Tami,Johnson,Pakistan,2024-12-18,1964-10-19,Premium
C000543,Daniel,Brown,Saudi Arabia,2026-03-19,1968-12-19,Standard
C000544,Anthony,French,United Kingdom,2026-03-28,1983-12-13,Premium
C000545,Larry,Williams,Pakistan,2025-03-26,1994-01-25,Standard
C000546,Erica,Wilson,United Arab Emirates,2024-02-08,1962-04-04,Standard
C000547,Susan,Roman,Saudi Arabia,2025-06-11,1998-01-01,Standard
C000548,Randy,Contreras,United Kingdom,2024-11-08,1990-03-25,Standard
C000549,Jennifer,Ellis,Pakistan,2023-03-09,1962-12-17,Standard
C000550,Charles,Gregory,United States,2023-03-29,1991-07-14,Standard
C000551,Hannah,Sawyer,Pakistan,2023-08-05,1973-01-16,Premium
C000552,Courtney,Hernandez,Other,2023-01-01,1982-08-19,Standard
C000553,Curtis,Riley,Pakistan,2026-03-04,1990-08-14,Standard
C000554,Kendra,Buckley,Pakistan,2023-05-20,2005-10-03,Premium
C000555,Melissa,Johnson,Other,2024-09-09,1995-04-04,Standard
C000556,Caroline,Thomas,United Arab Emirates,2023-05-13,1987-05-01,Standard
C000557,David,Valdez,Saudi Arabia,2023-06-27,1984-07-21,Standard
C000558,Tonya,Ruiz,Saudi Arabia,2025-03-20,2000-01-30,Standard
C000559,Kimberly,Hardin,United States,2024-01-15,1972-10-18,VIP
C000560,Michael,Williams,Pakistan,2025-06-26,1971-10-26,Premium
C000561,Ross,Haynes,United Kingdom,2024-10-19,2001-12-05,Premium
C000562,Mitchell,Anderson,Saudi Arabia,2024-03-25,1986-07-18,Standard
C000563,William,Jackson,Saudi Arabia,2024-08-08,2003-04-19,Standard
C000564,Matthew,Williams,Saudi Arabia,2024-04-07,1982-12-10,Standard
C000565,Melissa,Parker,United Arab Emirates,2025-09-16,1963-04-29,Standard
C000566,Lynn,Leon,Pakistan,2026-02-05,1991-11-12,Standard
C000567,Daniel,Bryant,United Arab Emirates,2023-05-02,1989-05-01,Standard
C000568,Susan,Jackson,United Arab Emirates,2023-01-17,2003-09-29,Standard
C000569,Cynthia,Garza,Other,2026-05-04,1993-01-18,Standard
C000570,Maria,Meyers,United Arab Emirates,2023-11-23,1968-08-02,Standard
C000571,Jasmine,Rodriguez,Pakistan,2023-11-14,1978-02-13,Premium
C000572,Ryan,Crawford,United States,2025-03-19,1974-06-01,Standard
C000573,Jessica,Lloyd,United Arab Emirates,2026-06-29,1981-10-22,Premium
C000574,Tammy,Walker,Pakistan,2024-05-17,1986-04-11,Premium
C000575,Joseph,Brock,Other,2023-04-29,1983-11-04,Standard
C000576,Lindsey,Simmons,Other,2024-12-10,1977-12-26,Standard
C000577,Amanda,Cain,Saudi Arabia,2023-02-14,1974-04-10,Standard
C000578,Timothy,Hendrix,Other,2023-11-10,1992-07-12,Standard
C000579,Ryan,Gregory,United Arab Emirates,2026-04-17,1971-07-30,Standard
C000580,Jessica,Nguyen,Saudi Arabia,2024-02-22,1972-01-27,Premium
C000581,Joseph,Daugherty,United Arab Emirates,2024-07-09,1961-08-13,VIP
C000582,Melissa,Johnston,Other,2026-01-06,1967-06-01,Standard
C000583,Mariah,Taylor,United Arab Emirates,2023-11-22,1976-05-17,VIP
C000584,Christopher,Copeland,United Arab Emirates,2024-05-29,1993-06-17,Standard
C000585,Nicole,Mcguire,Pakistan,2023-08-02,1997-09-28,Premium
C000586,John,Duran,Saudi Arabia,2023-03-15,1977-12-10,Standard
C000587,Steven,Watkins,Saudi Arabia,2024-05-23,1963-10-11,Standard
C000588,Cheryl,Rogers,Saudi Arabia,2023-11-28,1980-02-25,Standard
C000589,Nicholas,Martinez,Saudi Arabia,2026-01-21,1970-04-28,Premium
C000590,Anthony,Thomas,Saudi Arabia,2024-11-18,1999-07-24,Standard
C000591,Melissa,Perry,Saudi Arabia,2024-10-18,1984-11-18,Standard
C000592,Hunter,Horton,Pakistan,2025-10-24,1964-03-26,Premium
C000593,Jason,Tran,Saudi Arabia,2026-03-07,1976-12-30,Premium
C000594,Lauren,Gonzales,United Arab Emirates,2026-06-08,2004-10-06,Standard
C000595,Matthew,Frost,Other,2024-08-22,1984-04-19,Premium
C000596,Nicole,Williams,United Arab Emirates,2025-12-11,1963-07-19,Standard
C000597,Jacqueline,Garcia,United Kingdom,2023-11-21,2003-06-05,Standard
C000598,Joshua,Boone,Saudi Arabia,2025-09-18,1998-04-04,Standard
C000599,Alejandro,Salazar,Saudi Arabia,2024-12-17,1999-08-25,Standard
C000600,Stacy,Strickland,Saudi Arabia,2024-12-23,1968-12-24,Standard
C000601,Christopher,Smith,Saudi Arabia,2023-10-04,1997-03-24,Standard
C000602,Jennifer,Tucker,Saudi Arabia,2024-06-19,1967-08-18,Standard
C000603,Tracy,Smith,Saudi Arabia,2023-06-01,1966-02-11,Premium
C000604,Katherine,White,Saudi Arabia,2025-08-12,1964-06-08,Premium
C000605,Hannah,Davis,Saudi Arabia,2023-09-16,1969-09-05,Standard
C000606,Debbie,Pearson,United Arab Emirates,2023-11-20,1967-11-22,Standard
C000607,Travis,Eaton,Saudi Arabia,2025-10-13,2005-04-28,Standard
C000608,Laura,Butler,United Arab Emirates,2025-05-18,1986-09-06,Premium
C000609,Christopher,Aguirre,Pakistan,2026-04-06,1970-09-02,Standard
C000610,Jeffrey,Barton,United Kingdom,2024-11-18,2003-06-05,Standard
C000611,Heather,Schwartz,Saudi Arabia,2023-11-06,1967-10-08,Standard
C000612,Kevin,Harris,United States,2025-03-13,1983-07-18,Standard
C000613,Bonnie,Bowman,Pakistan,2025-12-15,2003-07-25,Standard
C000614,Thomas,Mills,Saudi Arabia,2024-09-11,1978-05-27,Premium
C000615,Alyssa,Jenkins,Other,2024-04-17,1975-01-09,Standard
C000616,Ronald,Hurley,Other,2024-04-05,2001-05-26,Standard
C000617,Julie,Bishop,Saudi Arabia,2025-03-24,1960-08-24,Standard
C000618,Mark,Johnson,Saudi Arabia,2025-04-25,1991-11-03,Premium
C000619,Jacqueline,White,United States,2026-03-10,1991-08-15,Standard
C000620,Joseph,Porter,United Kingdom,2024-10-28,1966-08-20,Standard
C000621,John,Clements,Saudi Arabia,2023-09-19,1995-05-03,Standard
C000622,David,Burton,Saudi Arabia,2026-06-18,2001-01-13,Premium
C000623,James,Patton,United Arab Emirates,2023-12-21,1962-10-29,Standard
C000624,David,Bailey,United Arab Emirates,2025-02-08,1977-05-10,Standard
C000625,Amanda,Smith,Pakistan,2023-06-29,1968-01-19,Premium
C000626,Kathleen,Young,United Arab Emirates,2023-03-07,1993-07-28,VIP
C000627,Jacob,Wilson,United Arab Emirates,2025-03-30,1991-11-26,Standard
C000628,Javier,Moreno,United Kingdom,2023-06-20,1973-07-13,VIP
C000629,Todd,Davis,Saudi Arabia,2024-04-18,1979-01-22,Standard
C000630,Jenny,Cox,Saudi Arabia,2024-06-17,1981-03-01,Standard
C000631,Tiffany,Juarez,United Kingdom,2026-02-04,1961-09-25,Standard
C000632,Alicia,Fernandez,Other,2024-03-14,1978-09-05,Standard
C000633,Justin,Robinson,Pakistan,2025-04-14,1977-10-05,Standard
C000634,Craig,Townsend,Pakistan,2023-08-15,2001-06-05,Standard
C000635,James,Hopkins,Saudi Arabia,2024-03-17,1975-09-17,Premium
C000636,Jeremy,Hill,United Arab Emirates,2024-01-31,1968-06-25,Premium
C000637,Harry,Lee,Pakistan,2024-12-28,1982-03-03,Standard
C000638,Alexis,Hogan,Saudi Arabia,2023-03-25,1995-12-19,Standard
C000639,Amanda,Jennings,Saudi Arabia,2025-11-02,1974-12-29,Standard
C000640,Joshua,Schmitt,United Arab Emirates,2024-11-23,1982-08-06,Standard
C000641,Terri,Wells,Saudi Arabia,2024-05-07,1973-05-19,Standard
C000642,Angela,Thompson,United Arab Emirates,2026-02-17,1991-11-17,Standard
C000643,Heidi,Santiago,Saudi Arabia,2025-08-27,1985-12-27,Standard
C000644,David,Williams,United Arab Emirates,2023-12-19,1967-04-07,Standard
C000645,Miranda,Newman,Saudi Arabia,2025-12-16,1963-12-25,Premium
C000646,Travis,Mitchell,Other,2023-02-09,1975-11-25,Premium
C000647,Monique,Hamilton,Pakistan,2024-10-01,1968-09-27,Standard
C000648,Audrey,Cook,United Kingdom,2023-06-22,1995-01-29,Standard
C000649,Taylor,Trujillo,United States,2023-09-16,2003-03-11,Standard
C000650,Scott,Chang,United Arab Emirates,2024-05-31,1988-06-24,Standard
C000651,Jack,Williams,Saudi Arabia,2024-12-30,1995-10-18,Standard
C000652,Brett,Yang,Pakistan,2024-06-06,2001-09-27,Standard
C000653,Shelley,Buckley,Pakistan,2025-04-18,1970-04-17,Standard
C000654,Tim,Thompson,United Kingdom,2023-04-27,2002-12-09,Standard
C000655,Lynn,Floyd,United Arab Emirates,2023-07-03,1994-02-11,Standard
C000656,Richard,Washington,Saudi Arabia,2026-02-13,2005-01-11,Standard
C000657,Charles,Wilson,Saudi Arabia,2023-06-11,2002-04-30,Standard
C000658,Crystal,Jacobson,United Arab Emirates,2024-06-26,1986-11-14,VIP
C000659,Brian,Griffith,Pakistan,2026-06-14,1998-01-11,Premium
C000660,Edward,Watkins,Pakistan,2025-04-18,1964-10-06,Standard
C000661,Anna,Nguyen,United Arab Emirates,2025-12-25,1990-09-18,Standard
C000662,Kevin,Gonzalez,Other,2025-12-29,1976-07-30,Premium
C000663,Victoria,Rhodes,Pakistan,2024-03-22,1965-05-08,Standard
C000664,David,Nguyen,Saudi Arabia,2024-02-20,2005-08-15,Premium
C000665,Kathy,Maxwell,Saudi Arabia,2024-06-15,1985-04-11,Standard
C000666,Catherine,Nguyen,Saudi Arabia,2024-03-16,1977-08-18,Premium
C000667,Krystal,Garcia,Saudi Arabia,2025-01-07,1962-08-19,Premium
C000668,Jeremiah,Rojas,Saudi Arabia,2024-04-08,1976-06-12,Standard
C000669,Alexandra,Kane,Saudi Arabia,2024-01-31,1965-09-07,Standard
C000670,Shannon,Bennett,Saudi Arabia,2024-12-11,1976-12-18,Standard
C000671,Scott,Walker,Saudi Arabia,2024-01-30,2004-08-09,Standard
C000672,Michelle,Ruiz,Other,2023-11-22,1988-03-29,Standard
C000673,Veronica,Washington,Saudi Arabia,2026-01-19,1992-04-07,Standard
C000674,Kevin,Zamora,Pakistan,2025-01-19,1982-04-17,Standard
C000675,Christine,Thomas,United Arab Emirates,2025-12-29,1977-02-20,Standard
C000676,Chelsea,Reilly,Other,2026-04-04,2002-07-13,Premium
C000677,Jody,Gibson,Saudi Arabia,2024-10-03,1973-04-03,Standard
C000678,Stacey,Hughes,United Arab Emirates,2023-08-02,1996-08-23,Standard
C000679,Jared,Taylor,Other,2024-01-04,1965-04-06,Standard
C000680,Jason,Cortez,Other,2023-02-18,1992-10-30,Standard
C000681,Donna,Chen,United States,2025-12-11,1976-09-14,Standard
C000682,Eric,Cantrell,Saudi Arabia,2026-06-16,1966-10-09,VIP
C000683,Glenn,Harris,Saudi Arabia,2023-05-13,1982-03-14,Standard
C000684,Charles,Martinez,United Kingdom,2025-09-25,2002-04-20,Standard
C000685,Aaron,Schwartz,Other,2025-02-24,1987-07-01,Standard
C000686,Shannon,Brown,Pakistan,2026-04-04,2004-05-19,Standard
C000687,Brittney,Taylor,Pakistan,2024-01-08,1972-06-15,Premium
C000688,Kelly,York,Saudi Arabia,2024-04-23,1961-08-17,Standard
C000689,Jesse,Ellis,United States,2025-04-11,1973-05-21,Standard
C000690,Jasmine,Jackson,Saudi Arabia,2024-10-11,1982-06-26,Standard
C000691,Jacqueline,Cooper,United Arab Emirates,2024-11-12,1968-10-06,VIP
C000692,Shawn,Tanner,United Arab Emirates,2024-11-18,1981-07-03,Standard
C000693,Grace,Munoz,Pakistan,2023-03-23,1978-07-08,Premium
C000694,Sandra,Clarke,Saudi Arabia,2023-03-28,1989-03-02,Standard
C000695,Kristin,Little,Saudi Arabia,2023-08-13,1974-03-18,Standard
C000696,Colleen,Carr,Pakistan,2023-01-16,1997-07-20,Standard
C000697,Donna,Jackson,Saudi Arabia,2025-04-01,1975-07-22,Standard
C000698,Sarah,Cordova,Pakistan,2023-06-12,1970-01-26,Standard
C000699,Ronald,Wyatt,Saudi Arabia,2024-05-28,1998-08-11,Standard
C000700,Amy,Miller,United Arab Emirates,2023-12-16,2005-10-11,Standard
C000701,Deborah,Vincent,Pakistan,2024-11-11,1964-07-25,Premium
C000702,Rebekah,Burns,Saudi Arabia,2026-01-20,1982-06-18,Standard
C000703,Margaret,Forbes,United Arab Emirates,2023-06-30,1974-01-09,Standard
C000704,Charles,Vargas,Saudi Arabia,2025-01-12,1990-09-17,Standard
C000705,Gabriel,Hood,Saudi Arabia,2024-10-21,2002-08-31,Standard
C000706,Kyle,Ramirez,Other,2026-04-27,1962-08-31,Standard
C000707,Kaitlyn,Blair,United Arab Emirates,2024-05-07,1963-11-09,Standard
C000708,Ashley,Fitzgerald,United States,2025-07-11,1987-10-01,Standard
C000709,Keith,Wright,Saudi Arabia,2023-05-08,1983-12-04,Standard
C000710,David,Murphy,United Kingdom,2024-07-18,1999-04-15,Standard
C000711,Haley,Riley,United States,2026-04-25,1963-05-03,Premium
C000712,Holly,Snow,Pakistan,2024-07-03,1969-03-31,Standard
C000713,Sherri,Vargas,United Arab Emirates,2024-03-28,1990-01-07,Standard
C000714,Vincent,Hernandez,United Arab Emirates,2024-04-15,1971-03-22,Premium
C000715,Troy,Berry,United Arab Emirates,2025-09-14,1980-11-10,Standard
C000716,Christopher,Smith,Other,2025-01-07,1992-09-08,Standard
C000717,Bill,Baird,United States,2023-08-12,1977-12-17,Standard
C000718,Ryan,Williams,Other,2023-06-03,1975-02-01,Premium
C000719,Marcus,Ruiz,Saudi Arabia,2024-07-13,1969-06-06,VIP
C000720,John,Mack,United Kingdom,2023-12-17,1980-08-26,Premium
C000721,Christopher,Johnson,Other,2026-03-16,1994-01-11,Standard
C000722,Suzanne,Schmidt,Saudi Arabia,2023-12-15,1979-11-10,Standard
C000723,Mary,Mendoza,Saudi Arabia,2023-07-01,1997-09-18,Standard
C000724,Barbara,Yates,United Kingdom,2024-09-28,1960-02-15,Standard
C000725,Stephanie,Nicholson,Pakistan,2025-10-14,2002-09-14,VIP
C000726,Yvonne,Chavez,United States,2023-06-28,1965-08-19,Standard
C000727,Emily,Allen,Saudi Arabia,2025-11-28,1961-10-25,Standard
C000728,Joseph,Hansen,United States,2025-02-10,1972-10-12,Premium
C000729,Billy,Smith,Saudi Arabia,2025-06-12,1975-08-27,Premium
C000730,Katelyn,Dennis,Saudi Arabia,2025-10-23,1967-05-20,Standard
C000731,Thomas,Dodson,Saudi Arabia,2025-10-12,1996-02-21,Standard
C000732,Denise,Anderson,United States,2023-03-05,2004-01-31,Standard
C000733,Sabrina,Phillips,United Kingdom,2023-01-29,1984-03-06,Standard
C000734,Howard,Holland,Pakistan,2024-01-07,1973-09-13,Standard
C000735,Brenda,Davis,United Arab Emirates,2023-04-07,1996-01-08,Standard
C000736,Cynthia,Castillo,Other,2026-05-11,1972-01-20,VIP
C000737,Travis,Torres,United Arab Emirates,2025-09-19,1989-07-14,Standard
C000738,Christopher,Warner,United States,2023-01-21,2000-02-22,Standard
C000739,Michael,Hodge,United Arab Emirates,2025-01-04,1976-03-09,Standard
C000740,Mathew,Burgess,United Arab Emirates,2026-01-30,1961-01-29,Standard
C000741,Elizabeth,Johnson,United Arab Emirates,2025-12-05,2000-01-26,Standard
C000742,Mia,Gibson,United Arab Emirates,2023-03-07,1969-11-06,Premium
C000743,Mark,Ingram,United Kingdom,2024-08-25,1988-10-24,Premium
C000744,Heather,Sawyer,Pakistan,2026-04-02,1960-11-25,Standard
C000745,Keith,Sullivan,Saudi Arabia,2026-02-08,1964-07-03,Premium
C000746,Sierra,Clarke,Other,2023-12-04,1986-11-15,Standard
C000747,Lisa,Wood,United Arab Emirates,2023-05-03,1965-01-22,Standard
C000748,Andrea,Marshall,Pakistan,2024-03-22,1964-04-10,Standard
C000749,Shawn,Schultz,Other,2024-09-02,1962-02-12,Premium
C000750,Leonard,Dalton,Pakistan,2024-11-01,1980-01-07,Standard
C000751,Marcus,Jones,Saudi Arabia,2024-09-06,2001-08-16,Standard
C000752,Tara,Barry,Other,2025-06-15,1985-06-08,Premium
C000753,Richard,Cook,Pakistan,2023-10-08,1965-08-12,Standard
C000754,Xavier,Johnson,United Arab Emirates,2025-12-02,1970-11-17,Standard
C000755,Vanessa,Simmons,Saudi Arabia,2024-08-18,1964-06-03,Standard
C000756,Diane,Nelson,United States,2024-12-03,1999-11-02,Standard
C000757,Amy,Shah,Pakistan,2025-12-10,1988-09-24,Standard
C000758,Robert,Daniels,Pakistan,2023-07-29,1975-01-28,Standard
C000759,Jacob,Norton,Other,2023-05-06,1995-09-28,Premium
C000760,Michael,French,United States,2024-05-06,1997-12-13,Standard
C000761,Katherine,Miller,Saudi Arabia,2025-08-17,1991-09-22,Standard
C000762,Colleen,Gilmore,United Arab Emirates,2025-08-27,1997-01-01,Standard
C000763,Kathleen,Fitzgerald,Saudi Arabia,2024-08-03,1976-01-11,Premium
C000764,James,Brown,United Kingdom,2025-02-15,2005-06-13,VIP
C000765,Andrea,Dougherty,Saudi Arabia,2023-09-15,1970-05-02,Standard
C000766,Sara,Leonard,Pakistan,2026-04-26,1973-06-28,Standard
C000767,Samuel,Barron,United States,2023-08-18,1972-02-16,Premium
C000768,Helen,Rodriguez,Other,2023-07-08,1972-08-11,Premium
C000769,David,Diaz,United Arab Emirates,2023-01-10,1972-04-05,Standard
C000770,Teresa,Harvey,United States,2026-02-11,2004-01-06,Standard
C000771,Chelsea,Diaz,Saudi Arabia,2026-01-04,1980-03-02,Standard
C000772,John,Thompson,United States,2024-11-06,1972-02-14,Standard
C000773,Eric,Hansen,Saudi Arabia,2024-05-16,1996-11-23,Premium
C000774,Andrea,Jones,United Arab Emirates,2023-03-26,1974-09-05,Standard
C000775,Andrea,Fletcher,United States,2023-02-18,1961-10-03,Standard
C000776,Christopher,Harris,Saudi Arabia,2025-04-17,1987-08-12,Standard
C000777,Victoria,Zavala,Saudi Arabia,2025-10-04,1971-02-02,Standard
C000778,Robin,Allen,United Kingdom,2024-11-19,1972-06-19,Standard
C000779,Steven,Wilson,United Kingdom,2024-01-22,1969-02-25,Standard
C000780,David,Mendoza,Pakistan,2025-08-27,1965-08-18,Standard
C000781,Marilyn,Crosby,United Kingdom,2025-10-02,1985-10-12,Standard
C000782,Tyrone,Carpenter,Pakistan,2023-08-06,1979-10-14,Standard
C000783,Jennifer,Haley,Saudi Arabia,2025-10-01,1962-06-05,Premium
C000784,William,Clark,United Arab Emirates,2026-06-07,1983-07-03,VIP
C000785,Joshua,Mcgee,Saudi Arabia,2023-09-12,1991-07-27,Standard
C000786,Mary,Perez,Other,2023-08-24,1969-10-31,Premium
C000787,Tina,Gomez,Pakistan,2025-11-15,2005-10-29,Standard
C000788,John,Adams,United Arab Emirates,2023-09-28,1967-03-16,Standard
C000789,Andrea,Frazier,United Arab Emirates,2023-05-03,1991-02-17,VIP
C000790,Patrick,Ramirez,Other,2024-10-17,1967-05-03,Standard
C000791,Sandra,Brown,Saudi Arabia,2023-09-16,1972-02-09,Standard
C000792,William,Reed,Pakistan,2025-08-05,1980-06-07,VIP
C000793,Natasha,Tucker,Pakistan,2023-02-16,1986-04-27,Premium
C000794,Michelle,Rose,Pakistan,2025-05-12,1964-11-15,Standard
C000795,Joshua,Martinez,Saudi Arabia,2024-06-08,1985-10-20,VIP
C000796,Kristy,Mckinney,Other,2025-06-06,1977-12-28,Standard
C000797,Robert,Gregory,Other,2023-07-27,1962-04-05,Standard
C000798,Sarah,Patel,Pakistan,2025-01-16,1990-07-17,Standard
C000799,William,Carter,United Kingdom,2023-05-29,1966-07-23,Standard
C000800,Lori,Oliver,Other,2024-03-13,1971-05-08,Standard
C000801,Justin,Marsh,United Kingdom,2023-06-04,2003-03-15,Standard
C000802,Kenneth,Dougherty,Saudi Arabia,2026-01-18,1975-01-14,Standard
C000803,Brenda,Lamb,Pakistan,2023-12-24,1979-06-21,Standard
C000804,Yolanda,Everett,Pakistan,2026-04-12,1995-10-31,Standard
C000805,Tracy,Jones,United Arab Emirates,2026-05-25,1987-05-03,Standard
C000806,Edgar,Mcclain,United Kingdom,2024-03-31,1978-08-06,VIP
C000807,Amanda,Ellis,Other,2025-02-14,1981-02-10,Standard
C000808,Michael,Miller,Other,2024-09-20,1964-04-14,Standard
C000809,Andrea,Hurst,United Arab Emirates,2026-05-07,1970-01-15,Standard
C000810,Amy,Roberts,Saudi Arabia,2025-04-11,1977-09-07,Premium
C000811,Stanley,Frye,Other,2024-04-30,1971-03-20,Standard
C000812,Marc,Rodriguez,United States,2024-06-16,1962-10-16,Standard
C000813,Jacob,Hill,Saudi Arabia,2023-07-19,1985-12-11,Standard
C000814,Heidi,Terry,Other,2024-01-06,1982-08-07,Standard
C000815,Ashley,Crawford,Other,2025-10-10,1991-09-19,Standard
C000816,Jesus,Golden,Pakistan,2025-05-02,1976-05-01,Standard
C000817,Kimberly,Meyer,Pakistan,2023-09-05,1991-05-22,Premium
C000818,Bradley,Burton,United Arab Emirates,2025-02-26,1994-01-21,Standard
C000819,Julie,Carter,Saudi Arabia,2023-09-21,1972-12-04,Premium
C000820,Janet,Montes,United Arab Emirates,2025-12-17,1983-01-08,Premium
C000821,Lisa,Weaver,United States,2023-01-31,1960-07-14,Premium
C000822,Paul,Anderson,Saudi Arabia,2026-06-26,1968-12-17,VIP
C000823,Elizabeth,Reed,United Arab Emirates,2024-08-27,2001-12-21,Premium
C000824,Lori,Wallace,United Arab Emirates,2024-05-16,1989-10-21,Standard
C000825,Tina,Newman,Pakistan,2026-01-12,1968-10-17,Standard
C000826,Tyler,Carter,Other,2025-06-04,1967-07-18,Standard
C000827,Benjamin,Brown,United Arab Emirates,2024-07-02,1962-12-16,Premium
C000828,Wayne,Wiggins,United Arab Emirates,2025-04-18,2002-06-10,Standard
C000829,Brittany,Hall,United Kingdom,2026-01-21,1998-06-17,Standard
C000830,Molly,Meza,United Arab Emirates,2025-04-27,1961-10-01,Standard
C000831,Morgan,Newman,Saudi Arabia,2024-09-05,1994-03-25,Premium
C000832,Scott,Jenkins,United Arab Emirates,2024-02-16,1974-03-18,Premium
C000833,Alicia,Cooper,Saudi Arabia,2024-03-07,1970-03-25,Standard
C000834,Stephen,Lucas,Saudi Arabia,2024-11-08,2005-02-06,Standard
C000835,Jennifer,Nguyen,United Arab Emirates,2023-06-08,1963-06-05,Standard
C000836,Robert,Watkins,United Arab Emirates,2023-01-14,1985-06-12,Standard
C000837,Diana,Terry,Other,2024-01-08,2005-10-23,Standard
C000838,Eric,Wilkinson,United Arab Emirates,2023-08-13,1971-02-04,Standard
C000839,Terrance,Wallace,Pakistan,2026-01-01,1960-09-28,VIP
C000840,Tanya,Torres,Pakistan,2026-06-26,1992-01-11,Standard
C000841,Matthew,Anderson,Saudi Arabia,2024-05-25,2003-07-03,Standard
C000842,Heather,Clarke,United Kingdom,2024-08-25,1986-06-10,Premium
C000843,Debra,Jackson,Saudi Arabia,2023-08-04,1985-09-13,Standard
C000844,Melissa,Green,Other,2025-09-14,2004-11-01,Standard
C000845,Melissa,Washington,Saudi Arabia,2026-05-28,1990-11-18,Standard
C000846,Michele,Arellano,United Arab Emirates,2025-04-19,1992-11-23,Premium
C000847,Norman,Carrillo,Saudi Arabia,2024-12-27,1979-04-12,Standard
C000848,Levi,Williams,Other,2026-05-29,1983-11-04,Standard
C000849,Jennifer,Gomez,Pakistan,2024-07-07,1989-09-22,VIP
C000850,Katherine,Bryant,Pakistan,2025-12-01,1985-12-28,Premium
C000851,Monique,Jackson,Saudi Arabia,2024-11-06,1982-01-17,Standard
C000852,Barry,Glass,United Kingdom,2025-05-22,1997-03-07,Premium
C000853,Casey,Joseph,Saudi Arabia,2023-10-10,1987-12-21,Premium
C000854,Crystal,Mitchell,Other,2025-12-17,1977-01-20,VIP
C000855,Samantha,Mcpherson,Saudi Arabia,2025-04-13,1996-07-13,VIP
C000856,Wendy,Franco,Saudi Arabia,2024-06-20,1965-09-29,Standard
C000857,Julie,Schwartz,Saudi Arabia,2026-01-01,2002-04-08,Standard
C000858,Ryan,Estrada,United Arab Emirates,2025-07-11,1981-07-14,Standard
C000859,Corey,Hernandez,Pakistan,2026-02-26,2005-05-01,Standard
C000860,Cynthia,Young,Saudi Arabia,2025-04-21,1993-06-07,Premium
C000861,Monique,Williams,United States,2025-08-05,1961-05-15,Premium
C000862,Scott,Stewart,United Arab Emirates,2024-10-26,1969-12-25,Standard
C000863,Heather,Martinez,Pakistan,2026-02-22,1987-07-06,Standard
C000864,Rebecca,Green,United Arab Emirates,2023-03-08,1991-01-22,Standard
C000865,Brandon,Lopez,United Arab Emirates,2023-01-06,1987-02-18,Standard
C000866,Laura,Hart,Pakistan,2024-09-28,1964-11-13,Premium
C000867,Kelly,Johnson,Saudi Arabia,2023-11-10,1995-07-20,Standard
C000868,Nicholas,Stewart,Saudi Arabia,2024-07-18,1974-03-18,Standard
C000869,Dustin,Cooper,Other,2025-04-05,2001-11-25,Standard
C000870,Amanda,Watson,Other,2024-05-20,1979-02-27,Standard
C000871,Ashlee,Fernandez,United Arab Emirates,2026-01-10,1992-11-28,VIP
C000872,Laura,Martin,Saudi Arabia,2025-10-22,1972-12-30,Standard
C000873,George,Turner,Pakistan,2023-07-23,1985-06-04,Premium
C000874,Christian,Knapp,United Arab Emirates,2024-10-23,1960-02-15,Standard
C000875,Monica,Sullivan,Saudi Arabia,2025-03-15,1981-03-29,Standard
C000876,Christine,Porter,Saudi Arabia,2024-02-08,1961-03-31,Standard
C000877,John,Thomas,United Kingdom,2026-01-31,1986-12-24,Premium
C000878,Roberta,Ellis,United Kingdom,2024-06-19,1964-03-08,Standard
C000879,Douglas,Flores,Saudi Arabia,2026-05-20,1968-02-24,Standard
C000880,Steven,Smith,Saudi Arabia,2024-07-30,1996-05-19,Standard
C000881,Jonathan,Rodgers,Saudi Arabia,2026-05-17,1977-06-27,Standard
C000882,Jonathan,Cantrell,United Kingdom,2025-02-01,1966-11-26,Standard
C000883,Albert,Rivera,Saudi Arabia,2023-04-27,1977-11-12,Standard
C000884,Linda,Thornton,Saudi Arabia,2024-09-19,1963-01-31,Standard
C000885,Rachel,Wells,United States,2025-01-18,1996-07-18,Standard
C000886,Erica,Roberts,Saudi Arabia,2023-04-15,1981-02-15,Standard
C000887,Eric,Raymond,United Kingdom,2024-05-09,2004-02-01,Standard
C000888,Scott,Hooper,Saudi Arabia,2023-02-15,1969-04-27,VIP
C000889,Michael,Berry,Saudi Arabia,2025-04-02,1972-04-19,Standard
C000890,Briana,Thomas,Saudi Arabia,2026-05-24,1966-06-01,Premium
C000891,Danielle,Cunningham,United Kingdom,2025-09-08,1960-04-16,Standard
C000892,Roger,Meadows,Other,2025-08-17,2001-08-08,Premium
C000893,John,Ramos,United States,2025-04-24,1996-04-02,Standard
C000894,Megan,Norris,United Arab Emirates,2024-03-24,1994-06-06,Standard
C000895,James,Dennis,United Kingdom,2024-06-19,1973-02-22,Premium
C000896,Paul,Mccullough,Saudi Arabia,2024-05-25,1975-04-12,Premium
C000897,Timothy,Taylor,Saudi Arabia,2024-06-23,2005-06-11,Premium
C000898,John,Pierce,Other,2023-01-16,1974-10-14,Premium
C000899,Ashley,Parker,Saudi Arabia,2023-08-31,1978-10-28,Standard
C000900,Bailey,Morales,Saudi Arabia,2026-05-15,1983-09-13,Standard
C000901,Victoria,Randall,Saudi Arabia,2025-06-30,1977-02-07,Standard
C000902,Kenneth,Griffin,Saudi Arabia,2025-01-30,1976-11-29,Premium
C000903,Tiffany,Davis,Saudi Arabia,2024-12-05,1979-11-26,Standard
C000904,Dominique,Brown,Pakistan,2023-04-25,2000-12-30,Premium
C000905,Joshua,Davidson,United Arab Emirates,2024-02-01,1998-06-07,Standard
C000906,Ashlee,Silva,Other,2024-01-29,2004-04-06,Standard
C000907,Gina,Walker,United States,2026-01-03,1988-06-02,Standard
C000908,Julie,Walls,United Arab Emirates,2025-09-04,1978-02-12,Standard
C000909,Brandon,Ramirez,Saudi Arabia,2026-01-31,1960-10-30,Premium
C000910,Catherine,Johnson,United Arab Emirates,2023-10-24,1994-09-22,Standard
C000911,Tyler,Ryan,Pakistan,2025-09-28,2005-10-08,Premium
C000912,Rebecca,Griffin,Saudi Arabia,2023-06-27,1990-03-09,Premium
C000913,Justin,Powers,Pakistan,2026-05-23,1972-06-27,Standard
C000914,Lauren,Miller,United Arab Emirates,2025-08-24,1960-03-20,Premium
C000915,Catherine,Hunt,Pakistan,2023-11-11,1970-04-21,Standard
C000916,Michael,Lee,United Arab Emirates,2025-11-28,1987-11-04,Standard
C000917,Dana,Stewart,Saudi Arabia,2023-09-16,1970-11-20,Standard
C000918,Christine,Jacobs,Other,2023-01-07,1965-10-25,Standard
C000919,Erica,Harding,United States,2023-02-18,1978-03-19,Standard
C000920,Jennifer,Kerr,Saudi Arabia,2023-06-10,1974-06-19,Premium
C000921,Donna,Ward,Other,2023-06-25,1979-08-25,Standard
C000922,Mary,Hernandez,United Arab Emirates,2025-10-22,1993-12-22,Standard
C000923,Courtney,Nash,Other,2025-09-27,1993-09-23,Standard
C000924,Rebecca,Wood,United States,2024-03-30,1962-09-24,Standard
C000925,Debbie,Watson,United Arab Emirates,2023-10-03,1990-02-13,Premium
C000926,Kyle,Mitchell,Saudi Arabia,2024-05-12,1972-10-08,Premium
C000927,Scott,Bell,Saudi Arabia,2024-11-06,1995-11-30,Standard
C000928,Bethany,Madden,Pakistan,2025-11-17,1990-10-01,Premium
C000929,Jessica,Sawyer,Pakistan,2025-10-21,1980-05-15,Standard
C000930,Christopher,Miller,Saudi Arabia,2026-04-26,1990-09-18,Standard
C000931,Kenneth,Luna,Saudi Arabia,2023-02-25,2002-09-25,Standard
C000932,Julie,Wallace,United States,2024-06-30,1971-03-14,Standard
C000933,Gregory,Riddle,Other,2026-02-09,1980-06-15,Premium
C000934,David,Lara,Pakistan,2023-02-05,1970-04-01,Standard
C000935,Amber,Roberts,Saudi Arabia,2024-03-14,1987-12-01,Standard
C000936,Teresa,Shaffer,Saudi Arabia,2024-08-17,1979-03-10,Standard
C000937,Alyssa,Waller,Saudi Arabia,2023-11-03,1969-02-06,Standard
C000938,Robin,Coleman,Other,2024-09-10,1983-08-20,Standard
C000939,Maria,Mosley,Saudi Arabia,2026-02-06,1960-08-14,Standard
C000940,Jonathan,Taylor,Pakistan,2023-12-23,2000-09-10,Premium
C000941,Makayla,Matthews,Saudi Arabia,2023-06-30,2003-11-18,Premium
C000942,Timothy,Miller,Pakistan,2023-03-09,1972-12-01,Standard
C000943,Lindsay,Clark,United Kingdom,2023-10-19,1975-07-13,Premium
C000944,Julie,Wells,United States,2024-11-22,2001-10-14,Standard
C000945,Matthew,Dillon,Saudi Arabia,2023-06-30,1968-10-04,Standard
C000946,Darius,Hatfield,Saudi Arabia,2024-03-09,1974-06-06,Standard
C000947,Sydney,Jones,Saudi Arabia,2025-07-02,1994-11-28,Standard
C000948,Donald,Choi,Other,2023-03-07,1981-08-15,Premium
C000949,Tammy,Avila,Other,2025-11-10,1983-09-21,Standard
C000950,Michelle,Davis,Pakistan,2024-01-19,2000-10-09,Premium
C000951,Jennifer,Ortiz,Pakistan,2023-02-08,1982-08-24,Standard
C000952,Tina,Rocha,United Kingdom,2025-04-01,1974-02-14,Standard
C000953,Tammy,Perry,Saudi Arabia,2024-08-24,1995-03-02,Premium
C000954,Linda,Peters,Other,2025-02-23,1961-08-12,Standard
C000955,Michael,Page,United Arab Emirates,2026-04-26,1986-02-25,Standard
C000956,Krystal,Fischer,United Arab Emirates,2024-11-01,2004-07-15,Standard
C000957,Alexander,Taylor,Pakistan,2026-06-20,2004-03-29,Standard
C000958,Amanda,Lopez,Saudi Arabia,2026-01-01,1999-01-19,Premium
C000959,Shawn,James,Saudi Arabia,2024-04-23,1974-10-13,Standard
C000960,Emily,Spencer,United Kingdom,2024-07-14,1983-04-13,Standard
C000961,Emily,Williams,Saudi Arabia,2023-04-11,1962-12-12,Premium
C000962,Brenda,Mckenzie,Pakistan,2024-05-28,1979-10-23,Standard
C000963,Lynn,Davenport,Saudi Arabia,2023-06-25,2004-12-12,Standard
C000964,Shelby,Torres,United Arab Emirates,2023-08-26,1965-01-15,Standard
C000965,Daniel,Hansen,Saudi Arabia,2025-06-28,1972-04-08,Standard
C000966,Jesus,Ford,United Arab Emirates,2025-12-18,1963-02-08,Standard
C000967,Angel,Johnson,United Kingdom,2026-01-27,1995-12-22,Standard
C000968,Nicole,Smith,Saudi Arabia,2025-05-20,1981-04-11,Premium
C000969,Anna,Baker,Pakistan,2024-05-09,1983-06-16,Standard
C000970,Rose,Blanchard,United Arab Emirates,2025-08-04,1984-05-29,Standard
C000971,Jeffrey,Flowers,United Kingdom,2025-01-24,1998-01-19,Standard
C000972,Bryan,Kennedy,Other,2023-07-30,1965-03-28,Standard
C000973,Madison,Valdez,United Kingdom,2026-02-20,1971-10-07,Premium
C000974,Regina,Stafford,Saudi Arabia,2026-06-06,1965-04-26,Standard
C000975,Kevin,Butler,Saudi Arabia,2023-05-20,1960-12-03,Standard
C000976,Ricky,Vasquez,Saudi Arabia,2024-06-24,1999-01-12,Standard
C000977,Donald,Watts,Pakistan,2023-09-27,1987-07-15,Standard
C000978,Sophia,Sanchez,Saudi Arabia,2025-11-01,1984-08-05,Standard
C000979,Kevin,Wilson,United Arab Emirates,2024-05-20,2004-07-31,Standard
C000980,Travis,Ramirez,Pakistan,2026-02-03,1970-02-17,Standard
C000981,Colton,Gamble,United Arab Emirates,2023-02-01,1993-04-02,Standard
C000982,Paige,Jones,United States,2026-01-02,1976-10-01,Standard
C000983,Derek,Reese,Saudi Arabia,2026-04-09,1967-04-27,Standard
C000984,Shawn,Perkins,Saudi Arabia,2025-12-28,1965-10-23,Standard
C000985,Ellen,Cunningham,United Kingdom,2025-03-23,1992-10-16,Premium
C000986,Julia,Oneill,United Arab Emirates,2023-12-28,1982-08-03,Standard
C000987,Sonya,Burton,United Kingdom,2025-07-17,1970-02-05,Premium
C000988,Robert,Alvarez,United Arab Emirates,2023-04-10,1970-04-06,Standard
C000989,Julia,Benson,Saudi Arabia,2023-01-09,1977-05-13,Premium
C000990,Eric,Wilson,United States,2024-11-27,2004-07-23,Standard
C000991,Robert,Hunt,United States,2025-11-18,1997-05-31,Standard
C000992,Corey,Johnston,United Kingdom,2026-02-11,1971-04-23,Standard
C000993,Tracy,Bruce,Saudi Arabia,2024-04-06,1968-04-17,Standard
C000994,Ricky,Martin,Pakistan,2025-07-09,1996-02-03,Standard
C000995,Stephanie,Brown,United Arab Emirates,2026-03-12,1971-01-18,Standard
C000996,Antonio,Flores,Saudi Arabia,2024-01-25,2001-06-01,Standard
C000997,Mitchell,Johns,Other,2024-09-23,1967-12-09,Standard
C000998,Scott,Taylor,Saudi Arabia,2024-11-12,1986-05-22,Standard
C000999,Stephanie,Martin,Other,2023-06-06,1996-03-14,Standard
C001000,Melissa,Nelson,United Arab Emirates,2023-12-01,1971-08-13,Standard
C001001,Cory,Barnes,Saudi Arabia,2023-09-17,1963-12-10,Standard
C001002,Gina,Barr,Pakistan,2023-03-23,1975-05-15,Standard
C001003,Amy,Kelly,Other,2025-01-23,1974-09-19,Standard
C001004,Tiffany,Roberts,United Kingdom,2026-04-10,1984-04-21,Standard
C001005,Michael,Moreno,United States,2026-06-08,1966-10-02,Standard
C001006,Raymond,Mayer,United Kingdom,2024-12-20,1981-06-03,Premium
C001007,James,Palmer,United Kingdom,2023-03-16,1993-10-03,Standard
C001008,David,Miranda,United States,2024-09-17,1991-11-04,Premium
C001009,Melanie,White,Saudi Arabia,2023-03-03,1998-11-20,Standard
C001010,Shawn,Davis,United Arab Emirates,2025-05-23,1978-12-20,Premium
C001011,Elizabeth,Goodwin,Saudi Arabia,2023-11-16,1984-12-11,Premium
C001012,Darlene,Stephens,Other,2023-04-12,1982-03-26,Standard
C001013,Carla,Brennan,Other,2025-05-23,1990-04-17,Standard
C001014,Andrew,Serrano,Saudi Arabia,2025-08-11,1985-09-30,Standard
C001015,Kristin,Cohen,United Kingdom,2023-09-12,1962-05-21,Standard
C001016,John,Turner,Other,2024-07-23,1994-06-13,VIP
C001017,David,Jennings,Saudi Arabia,2023-04-22,1962-05-13,VIP
C001018,Anne,Barker,Pakistan,2025-09-11,2000-09-30,Premium
C001019,Casey,Davis,Other,2025-09-24,1993-04-02,Premium
C001020,Kathy,Carpenter,Saudi Arabia,2024-04-05,1968-05-13,Premium
C001021,Jamie,Morrow,United Kingdom,2024-12-08,1993-05-13,Standard
C001022,Jason,Smith,Saudi Arabia,2025-06-05,1967-05-06,Standard
C001023,Molly,Holmes,Other,2026-01-20,1995-04-09,Standard
C001024,Mark,Watson,Other,2025-12-11,1974-06-14,Standard
C001025,Dylan,Washington,Other,2024-06-03,1997-10-18,Standard
C001026,Rachel,Peterson,United Arab Emirates,2025-03-22,1965-02-15,Standard
C001027,Aaron,Bartlett,Other,2026-01-26,1991-01-24,Standard
C001028,Michele,Garcia,United States,2023-08-24,1981-02-22,Standard
C001029,Duane,Moore,United Arab Emirates,2025-07-15,1997-12-23,Premium
C001030,David,Walker,United States,2024-07-10,2003-08-29,Standard
C001031,John,Lopez,Saudi Arabia,2024-10-10,1979-09-07,Standard
C001032,Greg,Prince,Pakistan,2023-08-22,1994-11-30,Premium
C001033,Donna,Austin,Saudi Arabia,2025-11-21,1991-08-31,Standard
C001034,Anthony,Guerra,Saudi Arabia,2024-08-01,1979-01-03,Standard
C001035,Alexis,Fox,Saudi Arabia,2024-06-25,2000-04-30,Standard
C001036,Kristy,Patel,United Kingdom,2023-04-24,1991-03-02,Standard
C001037,John,Arnold,United Arab Emirates,2023-07-23,1960-09-01,Premium
C001038,Mario,Avila,United Kingdom,2025-11-18,1960-01-21,Standard
C001039,Grant,Wilson,Saudi Arabia,2024-10-04,1998-02-07,Standard
C001040,Brian,Stevens,United Arab Emirates,2024-04-18,1997-07-26,Standard
C001041,Judy,Jones,Pakistan,2024-11-27,1975-10-16,Premium
C001042,Alicia,Fuentes,United States,2023-09-10,1988-01-21,Standard
C001043,Julie,Mclean,United Arab Emirates,2025-06-23,1969-08-16,Premium
C001044,Thomas,Mendoza,Pakistan,2024-01-21,1965-03-25,Standard
C001045,Kimberly,Collins,Other,2023-03-03,1989-06-07,Premium
C001046,William,Cox,Pakistan,2024-05-29,1982-02-10,Premium
C001047,Daniel,Montoya,Saudi Arabia,2024-03-05,2001-03-17,Premium
C001048,William,Preston,Saudi Arabia,2024-08-02,1971-10-24,Standard
C001049,Sonia,Harper,Other,2026-03-10,1966-09-19,Premium
C001050,Bradley,Gallagher,Saudi Arabia,2025-01-12,1965-07-08,Standard
C001051,Krista,Peterson,Other,2024-11-05,1988-01-10,Premium
C001052,Michelle,Mckinney,Pakistan,2023-11-07,1967-09-01,Standard
C001053,Adrienne,Johnson,Other,2024-04-15,1984-09-14,Standard
C001054,Stephen,Olsen,United States,2025-03-19,1992-07-15,Standard
C001055,Tamara,Walker,Other,2023-06-21,2004-10-08,Standard
C001056,Bruce,Vincent,United Arab Emirates,2024-07-29,1995-04-09,Standard
C001057,Timothy,Thomas,United States,2023-01-31,1988-04-29,Standard
C001058,Richard,Perez,United Arab Emirates,2023-02-16,1998-06-05,Standard
C001059,Gina,Martinez,United Arab Emirates,2023-05-10,2004-02-07,Premium
C001060,Tracy,Anderson,Pakistan,2023-12-18,1967-10-24,Standard
C001061,Renee,Miller,Other,2025-09-04,1971-06-08,Standard
C001062,Charles,Vazquez,Other,2023-02-27,1965-11-25,Premium
C001063,Christopher,Bowers,United States,2026-02-03,1978-09-12,Standard
C001064,Charlene,Jones,United Arab Emirates,2025-03-22,1965-03-01,Standard
C001065,Cameron,Hampton,United Arab Emirates,2025-02-06,1977-09-19,Standard
C001066,Joshua,Todd,United Kingdom,2024-11-13,1994-06-20,Standard
C001067,Cynthia,Williams,Saudi Arabia,2026-03-31,1982-12-22,Standard
C001068,Amy,Rodriguez,Saudi Arabia,2025-09-23,1996-07-20,Standard
C001069,Mark,Mcguire,United Arab Emirates,2023-10-13,1981-08-17,VIP
C001070,Virginia,Palmer,Saudi Arabia,2025-12-30,1960-11-02,Standard
C001071,Alyssa,Brown,Saudi Arabia,2025-06-04,1968-06-02,Standard
C001072,Shawn,Wilson,Saudi Arabia,2024-02-01,1979-11-01,Premium
C001073,Catherine,King,Saudi Arabia,2023-01-26,1978-02-06,Standard
C001074,Cory,Jones,Saudi Arabia,2023-11-09,1998-09-12,Standard
C001075,Jacqueline,Contreras,Other,2023-05-06,1960-10-02,Premium
C001076,Melissa,Webster,United Arab Emirates,2026-05-06,1974-06-07,Standard
C001077,Debra,Patton,United Arab Emirates,2025-03-21,1980-01-27,Premium
C001078,Kayla,Mora,United Kingdom,2023-07-07,1991-08-19,Standard
C001079,Jennifer,Harris,Saudi Arabia,2024-11-28,1991-09-08,Premium
C001080,Jason,Santana,Other,2025-03-20,1987-07-30,Standard
C001081,Shannon,Lopez,United States,2024-12-16,2003-11-08,Standard
C001082,Jeremy,Bell,Saudi Arabia,2024-03-25,2005-01-19,Standard
C001083,Matthew,Davis,United Arab Emirates,2024-06-06,1980-03-22,VIP
C001084,Shawn,Singleton,Other,2025-09-12,1978-10-15,Premium
C001085,Robert,Mcmahon,Other,2024-10-19,1980-02-05,Standard
C001086,Cody,Rush,United Arab Emirates,2024-08-19,1985-12-22,VIP
C001087,Ronald,Bailey,Pakistan,2023-04-10,2001-03-27,Standard
C001088,Elizabeth,Martin,Saudi Arabia,2024-09-07,1980-11-26,Standard
C001089,Nicholas,Mason,Other,2025-08-05,1999-12-26,Standard
C001090,Elijah,Chandler,Saudi Arabia,2024-07-09,1968-04-30,Premium
C001091,Sandra,Allen,Other,2023-10-05,1988-06-08,Premium
C001092,Carlos,Hudson,Pakistan,2024-05-05,1992-01-05,Standard
C001093,Marie,Garcia,Pakistan,2023-09-12,2001-09-07,Premium
C001094,Christopher,Lane,Pakistan,2024-01-16,2005-09-14,Standard
C001095,Colin,Smith,Saudi Arabia,2025-06-10,1978-03-28,Standard
C001096,Joanne,Robinson,Saudi Arabia,2024-06-25,1988-01-27,Standard
C001097,Lisa,Lee,Saudi Arabia,2025-04-04,1992-09-06,Premium
C001098,Angela,Campbell,Saudi Arabia,2025-05-28,1962-03-05,Standard
C001099,Brenda,Winters,United States,2026-02-12,1999-12-20,Standard
C001100,Anna,Medina,United Arab Emirates,2023-10-08,1978-07-31,Standard
C001101,Mark,Beltran,Saudi Arabia,2025-02-11,1970-12-28,Standard
C001102,David,Garcia,Other,2025-04-22,1980-03-28,Standard
C001103,Michael,Lewis,Other,2024-12-19,1994-05-07,Standard
C001104,Elizabeth,Gordon,Other,2023-11-24,1974-08-28,Premium
C001105,Karen,Zimmerman,Other,2023-07-30,1969-04-30,Standard
C001106,Miranda,Richardson,Saudi Arabia,2024-12-27,2003-12-14,Standard
C001107,Jennifer,Lawrence,United Arab Emirates,2025-07-11,1996-02-10,Premium
C001108,Tanya,Gonzales,United States,2024-07-05,1990-09-13,Standard
C001109,Caroline,Rosario,United Kingdom,2023-01-26,1979-11-05,Premium
C001110,Michael,White,Saudi Arabia,2023-01-27,1971-12-18,Standard
C001111,Becky,Kelly,United States,2024-12-02,1982-01-15,Standard
C001112,Jason,Gray,Saudi Arabia,2026-01-11,1974-10-29,Standard
C001113,Diane,Lewis,Saudi Arabia,2024-11-12,2002-02-27,Premium
C001114,Jeffrey,Perez,Pakistan,2024-02-17,1982-03-21,VIP
C001115,Daniel,Rodriguez,Pakistan,2023-06-16,1960-10-14,Standard
C001116,Megan,Rollins,Pakistan,2023-06-18,1968-09-30,Standard
C001117,Michael,Martinez,Saudi Arabia,2023-08-17,1980-05-25,Standard
C001118,Kathryn,Rodriguez,Other,2024-01-02,1968-01-04,Standard
C001119,Audrey,Taylor,Saudi Arabia,2024-06-11,1999-09-28,Standard
C001120,Lindsay,Farmer,Saudi Arabia,2025-03-01,1974-07-16,Standard
C001121,Megan,Bush,Other,2024-06-07,1992-03-13,Standard
C001122,Terri,Hawkins,Other,2025-12-31,2000-10-13,Standard
C001123,Loretta,Williams,Other,2023-04-16,1989-07-01,Premium
C001124,Christina,Murphy,United States,2025-01-01,2002-04-27,Standard
C001125,Dawn,Wilson,United Kingdom,2025-08-22,1986-02-16,Standard
C001126,Anthony,Campbell,Pakistan,2023-05-13,1970-11-24,Standard
C001127,Sarah,Burke,Saudi Arabia,2024-06-17,1991-09-11,Standard
C001128,Maria,Collins,United Arab Emirates,2025-09-01,1969-05-06,Premium
C001129,Joseph,Cherry,United Arab Emirates,2023-09-26,1961-05-09,Standard
C001130,Henry,Wallace,Saudi Arabia,2024-11-03,1962-08-05,Standard
C001131,Jacqueline,Spencer,United Kingdom,2025-03-01,1960-01-23,Standard
C001132,Kyle,Roberts,United Arab Emirates,2023-01-18,1963-02-02,Premium
C001133,Matthew,Wyatt,Saudi Arabia,2023-04-27,1998-04-17,Standard
C001134,Adam,Lopez,Saudi Arabia,2025-03-08,2004-03-31,Standard
C001135,Molly,Jones,United Kingdom,2026-03-13,2004-03-30,Standard
C001136,Ashley,Randall,Saudi Arabia,2024-07-04,1986-11-08,Standard
C001137,Richard,Alvarez,Other,2025-07-17,1979-02-28,Standard
C001138,Donald,Shelton,United Arab Emirates,2025-01-22,1979-08-31,Standard
C001139,Cynthia,White,United Arab Emirates,2024-02-26,1984-08-20,Premium
C001140,Anthony,Lutz,Pakistan,2024-10-07,1969-01-25,Premium
C001141,Julie,Vasquez,United States,2024-07-11,1996-06-29,Standard
C001142,Jason,Garcia,United Arab Emirates,2023-02-19,2003-04-07,Standard
C001143,Robert,Kim,United Kingdom,2024-11-08,1990-07-29,Standard
C001144,Matthew,Barrett,Pakistan,2023-04-16,1966-05-13,Standard
C001145,Mitchell,Miller,Saudi Arabia,2026-05-24,1986-05-23,Standard
C001146,Jennifer,Thomas,Other,2024-10-19,1996-07-08,Standard
C001147,Kimberly,Morales,United States,2025-12-31,1989-06-10,Standard
C001148,Ashley,Garza,United Kingdom,2025-09-14,1976-05-20,Standard
C001149,Christopher,Garcia,Other,2025-04-21,2001-06-16,Standard
C001150,Brian,Schaefer,Other,2024-03-21,1990-04-16,Standard
C001151,Eric,Levine,United Kingdom,2026-04-24,1960-12-28,Standard
C001152,Christine,Brown,United States,2023-03-11,1969-06-16,Premium
C001153,Emily,Hester,United Kingdom,2023-05-30,1968-11-29,Standard
C001154,Joseph,Morgan,United Kingdom,2026-06-23,1974-08-24,Premium
C001155,Ebony,Larson,Pakistan,2025-02-12,1979-09-13,Standard
C001156,Todd,Ewing,United States,2026-01-27,1987-07-05,Premium
C001157,Scott,Martinez,Saudi Arabia,2025-08-01,1981-03-21,Standard
C001158,Joshua,Massey,Other,2024-03-30,1985-09-25,Premium
C001159,Kari,Hardy,Other,2026-02-01,1997-06-21,Standard
C001160,Daniel,Ramirez,Saudi Arabia,2025-08-03,1981-12-31,Standard
C001161,Russell,Reeves,United States,2024-08-23,1964-02-16,Standard
C001162,Justin,Perkins,Saudi Arabia,2024-10-14,2000-06-15,Standard
C001163,Erika,Nelson,United Arab Emirates,2024-12-25,1978-01-09,Standard
C001164,Tommy,Clarke,United Kingdom,2023-08-21,1970-10-02,Standard
C001165,Elizabeth,Schneider,Saudi Arabia,2023-09-08,2003-04-02,Standard
C001166,Brandon,Ross,United States,2023-03-20,1971-08-02,Standard
C001167,Randall,Alvarez,United States,2025-12-11,1974-07-08,Standard
C001168,Carol,Morrison,Pakistan,2025-06-16,1974-06-27,Standard
C001169,Adrian,Sullivan,Saudi Arabia,2025-07-09,1962-06-27,Standard
C001170,Kevin,Washington,Saudi Arabia,2025-02-19,2001-05-28,Premium
C001171,Jason,Ramirez,Pakistan,2023-08-14,1995-04-04,VIP
C001172,Derrick,Tate,Other,2025-12-10,1998-12-26,Premium
C001173,Jonathan,Rodriguez,Pakistan,2026-04-24,1967-01-30,Premium
C001174,Mark,King,Saudi Arabia,2025-11-23,1985-07-23,Standard
C001175,Adrian,Crawford,Pakistan,2025-03-13,2002-10-27,VIP
C001176,Julie,Fuller,Pakistan,2025-01-11,1988-11-03,Standard
C001177,Gregory,Taylor,United States,2023-05-11,1964-12-11,Standard
C001178,Omar,Garcia,Saudi Arabia,2025-10-19,1988-03-06,Premium
C001179,Jane,Brown,United States,2024-09-23,1990-01-10,Standard
C001180,Vincent,Jones,Pakistan,2025-04-17,2005-01-19,Standard
C001181,Martha,Gregory,Other,2025-01-28,1960-01-28,Standard
C001182,Linda,Stanton,United Arab Emirates,2024-12-04,1983-09-17,Standard
C001183,Charles,Reyes,Pakistan,2024-05-11,1979-04-26,Standard
C001184,Michelle,Shelton,Other,2023-11-19,1986-04-30,Standard
C001185,Bobby,Hernandez,Saudi Arabia,2026-05-18,1988-08-01,Standard
C001186,Andrew,Howell,Other,2024-09-06,1970-06-29,Standard
C001187,Samantha,Davis,United Kingdom,2023-11-25,2003-09-22,Standard
C001188,Michelle,Jones,Saudi Arabia,2023-05-13,1995-11-20,Standard
C001189,Barbara,Walton,United Arab Emirates,2025-04-14,1997-09-20,Premium
C001190,Ashley,Saunders,United Kingdom,2024-10-12,2003-09-06,Standard
C001191,Jenna,Sparks,Saudi Arabia,2023-05-01,1981-10-14,Premium
C001192,Robert,Harris,Pakistan,2024-08-28,1994-09-05,Standard
C001193,Darius,Bates,United Arab Emirates,2025-08-22,1987-09-06,Standard
C001194,Andrew,Henry,Pakistan,2023-05-09,1980-02-09,Standard
C001195,Mark,Green,Saudi Arabia,2026-01-19,2005-01-26,Standard
C001196,Laurie,Cooper,Other,2023-01-29,1997-07-01,Standard
C001197,Christine,Heath,Other,2024-12-22,1962-10-28,Standard
C001198,Marilyn,Payne,Other,2023-11-29,2001-04-25,Standard
C001199,Samantha,Cisneros,United Kingdom,2026-02-27,2003-04-21,Standard
C001200,Christopher,Johnson,Saudi Arabia,2026-04-11,1988-07-29,Standard
C001201,Megan,Jordan,United States,2025-08-01,2002-04-23,VIP
C001202,John,Melendez,Saudi Arabia,2025-11-13,1999-01-14,Standard
C001203,Brianna,Reyes,Saudi Arabia,2026-01-27,1964-03-30,Premium
C001204,Alexandria,Edwards,United Arab Emirates,2023-12-22,1995-07-13,Premium
C001205,Randy,Bennett,United Arab Emirates,2023-05-19,1972-10-26,Standard
C001206,Kyle,Stevens,United States,2026-04-12,1999-07-14,Premium
C001207,Matthew,Johnson,United Kingdom,2023-01-29,1970-04-09,VIP
C001208,Mason,Hawkins,United Arab Emirates,2025-07-19,1995-05-11,Standard
C001209,Gary,Dalton,Saudi Arabia,2024-05-10,1987-12-28,Standard
C001210,William,Turner,Other,2025-10-10,2002-02-27,Standard
C001211,Daniel,Mccarthy,United Arab Emirates,2024-10-16,1978-01-27,Standard
C001212,William,Henry,United Arab Emirates,2025-04-07,1970-07-23,Standard
C001213,Rebecca,Taylor,Saudi Arabia,2023-12-17,1994-08-31,Premium
C001214,Michael,Baldwin,United States,2024-07-07,2002-09-08,Premium
C001215,Jessica,Freeman,United Kingdom,2023-10-26,1976-12-04,Standard
C001216,Lori,Rodriguez,Saudi Arabia,2026-04-30,1981-10-27,Standard
C001217,Lisa,Leonard,Saudi Arabia,2023-03-05,2001-06-28,Premium
C001218,Joel,Keller,United Kingdom,2025-01-24,1965-09-25,Standard
C001219,Dwayne,Jennings,United Kingdom,2025-02-08,1993-02-11,Standard
C001220,James,Armstrong,Saudi Arabia,2026-05-23,1997-06-07,Standard
C001221,Carrie,Alvarez,Other,2025-04-13,1998-12-15,Standard
C001222,Kathleen,Dickerson,Saudi Arabia,2023-06-15,1983-06-08,Standard
C001223,Diana,Hunter,United Arab Emirates,2026-06-09,1960-03-05,Standard
C001224,Gregory,Myers,Other,2026-05-03,1969-01-12,Standard
C001225,Kendra,Simpson,United Arab Emirates,2024-05-20,1973-04-11,Standard
C001226,Troy,Arellano,Pakistan,2025-03-03,1975-06-10,Standard
C001227,Karen,Jensen,United Arab Emirates,2025-04-12,1990-04-08,Standard
C001228,Kathleen,Gomez,Saudi Arabia,2025-05-07,1989-10-01,Premium
C001229,Shane,Levine,Other,2025-03-16,1970-08-25,Standard
C001230,Sandra,Flores,United Arab Emirates,2026-03-18,2002-04-28,Standard
C001231,Anne,Johnson,Other,2025-01-30,1961-03-28,Standard
C001232,Cynthia,Williams,Saudi Arabia,2025-04-12,1990-02-07,Standard
C001233,Claudia,Hood,Saudi Arabia,2023-10-10,1967-03-16,VIP
C001234,Michelle,Bailey,Saudi Arabia,2024-01-14,1965-12-26,Standard
C001235,Courtney,Harmon,United Kingdom,2023-07-17,1976-05-03,Standard
C001236,Edward,Johnson,United Arab Emirates,2025-10-11,1971-11-27,Premium
C001237,Carlos,Vance,Other,2025-10-20,1963-12-30,Standard
C001238,Scott,Peterson,United Arab Emirates,2024-07-09,1965-04-26,Standard
C001239,Kevin,Davis,Other,2023-12-22,2000-10-13,Standard
C001240,Joshua,Reed,Saudi Arabia,2025-11-06,1999-06-12,Premium
C001241,Brian,Howard,Other,2024-09-30,2002-10-09,Standard
C001242,William,Bell,United States,2024-01-14,1999-11-09,Premium
C001243,Lance,Stanley,United States,2024-11-10,2005-01-09,Standard
C001244,Shannon,Wright,United States,2024-05-20,1995-11-06,Standard
C001245,Brian,Wong,United States,2025-06-17,1967-08-20,VIP
C001246,Marie,Watkins,Pakistan,2023-03-17,1988-06-22,Standard
C001247,Chase,Lozano,Saudi Arabia,2023-08-19,2005-02-22,Premium
C001248,Michelle,Jones,Saudi Arabia,2025-08-19,1970-09-30,Premium
C001249,Melissa,Torres,Other,2026-06-25,1999-11-20,Premium
C001250,Christina,Morgan,Pakistan,2023-10-29,1994-08-26,Standard
C001251,William,Smith,United States,2024-12-26,1985-12-01,Standard
C001252,Steven,Nguyen,United Arab Emirates,2023-08-03,1970-09-09,Premium
C001253,Angela,Murray,Saudi Arabia,2026-03-27,2002-05-07,Standard
C001254,Latoya,Boyer,Saudi Arabia,2023-03-10,1988-07-11,Standard
C001255,Paula,Bradley,United Kingdom,2024-01-28,2005-08-28,Standard
C001256,Shannon,Valenzuela,United Arab Emirates,2026-01-13,1988-07-06,Standard
C001257,Lisa,Adams,Saudi Arabia,2023-09-24,1993-04-22,Standard
C001258,Denise,Dominguez,United Arab Emirates,2025-12-28,1989-04-01,Standard
C001259,Marc,Chapman,Saudi Arabia,2024-09-02,2002-04-12,Standard
C001260,Thomas,Odom,Pakistan,2025-10-05,1973-04-22,Standard
C001261,Edward,Gray,Saudi Arabia,2025-08-19,1970-03-18,Standard
C001262,Bryan,Myers,United States,2024-12-28,1999-06-05,Premium
C001263,Dale,Armstrong,United Arab Emirates,2024-11-03,1983-08-07,Premium
C001264,Rachel,Stokes,United Arab Emirates,2024-02-27,1990-07-26,Standard
C001265,Matthew,Garcia,Saudi Arabia,2026-04-12,1976-09-23,Standard
C001266,Jennifer,Leonard,Saudi Arabia,2023-04-25,1979-01-16,Standard
C001267,William,Rogers,United Arab Emirates,2023-08-08,1960-04-16,Standard
C001268,Gerald,Shaw,United Arab Emirates,2023-01-31,1973-01-06,Premium
C001269,John,Hubbard,Pakistan,2026-02-27,1991-07-22,Premium
C001270,Samuel,Morgan,Saudi Arabia,2024-09-08,1977-07-18,Premium
C001271,Scott,Mendez,United Kingdom,2024-06-22,1980-11-26,Standard
C001272,Alexandra,Cox,Other,2025-01-08,1963-05-10,Standard
C001273,Erik,Graham,United States,2025-10-22,1993-05-23,Standard
C001274,Nathan,Crawford,Saudi Arabia,2025-05-20,1971-08-21,Standard
C001275,Justin,Boone,United Arab Emirates,2023-04-11,2002-02-01,Standard
C001276,Riley,Cobb,Saudi Arabia,2025-12-17,1993-02-13,Standard
C001277,Matthew,Pittman,Saudi Arabia,2024-11-22,1993-01-02,Standard
C001278,Carla,Herrera,Other,2025-07-29,1974-11-02,Standard
C001279,Kristina,Mitchell,Saudi Arabia,2023-12-07,2003-01-08,Standard
C001280,Deborah,Williams,United Arab Emirates,2025-05-10,1992-04-06,Standard
C001281,Cameron,Davies,Pakistan,2025-11-09,1966-08-30,VIP
C001282,Cody,Morales,United Kingdom,2023-02-07,1990-02-10,Standard
C001283,Erika,Perez,Pakistan,2024-10-21,1991-09-10,Standard
C001284,Justin,Newton,Saudi Arabia,2025-07-16,1963-07-25,Standard
C001285,Jennifer,Davis,United Arab Emirates,2025-11-15,1978-10-11,Premium
C001286,Diane,Richard,Pakistan,2024-03-29,1984-07-03,Standard
C001287,Rebecca,Davis,Saudi Arabia,2025-01-06,1984-06-21,Premium
C001288,Morgan,Rogers,United Arab Emirates,2025-03-29,1975-06-15,Standard
C001289,Mathew,Jones,Saudi Arabia,2025-02-11,1990-05-01,Premium
C001290,Brandi,Solis,Saudi Arabia,2023-01-13,1985-05-09,Standard
C001291,Donald,Alvarez,United Arab Emirates,2025-07-03,2000-03-21,Standard
C001292,Michael,Clark,Saudi Arabia,2025-07-09,1969-01-20,Standard
C001293,Tammy,Flynn,Pakistan,2025-04-04,2005-02-21,Standard
C001294,Holly,Pearson,United Kingdom,2024-01-06,1961-01-30,Premium
C001295,Philip,Turner,United States,2023-11-28,1989-09-10,Standard
C001296,Brooke,Brock,Saudi Arabia,2023-09-18,1969-01-04,Standard
C001297,Sharon,Reynolds,Saudi Arabia,2026-05-13,1995-12-21,VIP
C001298,Kyle,Fernandez,Saudi Arabia,2024-11-27,1972-06-03,Standard
C001299,Nicholas,Gonzalez,Pakistan,2024-11-17,1986-12-30,VIP
C001300,Latasha,Morales,United Kingdom,2025-08-07,1978-02-13,Standard
C001301,Lisa,Weber,Saudi Arabia,2024-01-22,1972-12-06,Premium
C001302,Elizabeth,Chavez,Other,2025-03-31,2000-08-15,Standard
C001303,Maria,Hines,Saudi Arabia,2024-04-12,1983-05-19,Standard
C001304,Joanne,White,Pakistan,2023-03-10,1963-06-17,Standard
C001305,Gina,Smith,United Kingdom,2026-02-01,1996-06-05,Standard
C001306,Alicia,Warner,Other,2026-03-30,1989-12-08,Standard
C001307,Debbie,Huffman,United Kingdom,2023-07-19,1988-02-08,Standard
C001308,Rodney,Ray,United States,2023-08-04,2004-09-25,VIP
C001309,Michael,Lewis,United Arab Emirates,2023-07-31,1963-09-13,VIP
C001310,Michael,Hayden,United States,2024-05-22,1979-09-08,VIP
C001311,Henry,Harmon,Saudi Arabia,2023-01-16,2005-08-02,VIP
C001312,Jason,Mcdonald,Other,2025-06-02,1989-10-20,Premium
C001313,Stacey,Giles,Pakistan,2023-11-28,1980-05-09,VIP
C001314,Tom,Patel,United States,2024-12-17,1962-10-19,Premium
C001315,Jeremy,Mendez,United Arab Emirates,2024-07-04,1965-07-30,Standard
C001316,Devin,Hammond,Pakistan,2025-07-30,1983-12-22,Premium
C001317,Chris,Hamilton,Pakistan,2023-09-13,1997-02-13,Premium
C001318,Megan,Knight,United Kingdom,2025-09-18,1963-11-25,Premium
C001319,Craig,Sims,Saudi Arabia,2024-12-28,1971-04-16,Standard
C001320,Kelli,Boyd,Saudi Arabia,2025-05-29,2005-06-16,Standard
C001321,Mary,Diaz,Saudi Arabia,2025-03-25,1961-02-09,Premium
C001322,Nicole,Hernandez,Saudi Arabia,2026-04-10,1986-11-29,VIP
C001323,Benjamin,Hernandez,Other,2024-10-10,1987-03-31,Standard
C001324,Matthew,Jennings,Saudi Arabia,2025-09-26,1984-08-05,Standard
C001325,Katie,Evans,Other,2024-04-15,1992-12-03,Standard
C001326,David,Graham,United Arab Emirates,2024-11-20,1973-06-30,Standard
C001327,Nicholas,Flores,Saudi Arabia,2024-11-30,1986-01-26,Standard
C001328,Francis,Greer,United States,2024-05-21,1994-08-08,Standard
C001329,Marie,Brown,United Kingdom,2025-09-18,1983-10-29,VIP
C001330,Kellie,Harris,United Arab Emirates,2025-10-06,1989-06-21,Standard
C001331,Lisa,Gutierrez,Pakistan,2025-03-14,1993-03-09,Standard
C001332,Gabriel,Colon,United Kingdom,2025-04-10,1998-12-06,Premium
C001333,Samuel,Lucas,Saudi Arabia,2023-08-02,1964-06-05,Standard
C001334,Robert,Scott,Other,2026-05-16,1988-01-22,Standard
C001335,Erica,Burke,Other,2023-06-18,1964-05-02,Standard
C001336,John,Sullivan,United Kingdom,2025-09-04,1978-05-10,Standard
C001337,Sean,Wilson,Saudi Arabia,2023-05-26,1981-11-14,Premium
C001338,Justin,Lee,United Kingdom,2024-05-30,1987-04-02,Premium
C001339,Kaitlyn,Sanchez,Saudi Arabia,2026-01-18,1967-02-26,Standard
C001340,Shane,Wilcox,Saudi Arabia,2024-03-28,1970-08-28,Standard
C001341,Amanda,Marshall,Saudi Arabia,2023-03-01,1993-10-10,Standard
C001342,Kyle,Castro,United Arab Emirates,2024-06-11,1978-06-08,Premium
C001343,Lindsey,Graham,Other,2026-06-04,1972-02-18,Premium
C001344,Taylor,Lucas,United Kingdom,2025-10-20,1969-08-16,Standard
C001345,Mary,Johnson,United Kingdom,2024-04-18,1972-03-12,Standard
C001346,Micheal,Moore,United Arab Emirates,2025-01-26,1981-04-09,VIP
C001347,Stacey,Taylor,United Arab Emirates,2025-02-20,1982-12-15,Premium
C001348,Tracey,Green,United Arab Emirates,2026-01-07,1997-08-01,Standard
C001349,Steven,Lara,Other,2024-03-08,1969-09-04,Premium
C001350,Juan,Hopkins,Saudi Arabia,2026-03-22,1962-01-25,Standard
C001351,Patrick,Thompson,Other,2024-02-05,1982-09-24,Standard
C001352,Allison,Phelps,Pakistan,2023-02-26,1995-05-04,Standard
C001353,Tammy,Stuart,United Arab Emirates,2025-09-29,1984-08-06,Standard
C001354,Lisa,Tucker,United Kingdom,2023-07-05,1999-05-21,Standard
C001355,Laurie,Smith,United Arab Emirates,2024-02-02,1979-08-30,Standard
C001356,Devon,Heath,Other,2024-08-27,1996-10-23,Standard
C001357,John,Miller,Other,2025-02-26,1995-04-02,Standard
C001358,Danielle,Guzman,United Arab Emirates,2023-06-07,1969-05-07,Standard
C001359,Morgan,Camacho,Saudi Arabia,2024-08-11,2001-01-30,Standard
C001360,Angela,Lester,Pakistan,2024-04-10,1986-01-05,Premium
C001361,Curtis,Russell,Other,2024-03-21,1999-01-01,Standard
C001362,Meghan,Cox,Saudi Arabia,2025-03-11,1977-09-05,Standard
C001363,Melissa,Sandoval,Pakistan,2026-01-01,1978-06-24,VIP
C001364,Justin,Davis,Pakistan,2025-07-17,1960-10-23,Standard
C001365,Kathryn,Hahn,United Kingdom,2023-01-17,1986-11-21,Standard
C001366,Joshua,Ramsey,Saudi Arabia,2024-12-31,1974-06-19,Standard
C001367,Rebecca,Taylor,United Kingdom,2023-11-22,1995-12-02,Premium
C001368,Dylan,Rodriguez,Other,2025-09-21,1980-12-25,Premium
C001369,Samuel,Navarro,Saudi Arabia,2024-09-04,1980-07-25,Standard
C001370,Stacey,Fitzpatrick,Saudi Arabia,2024-06-29,1974-12-18,Standard
C001371,Jeffrey,Boyd,Other,2024-08-18,1994-05-19,Standard
C001372,Shannon,Calderon,Saudi Arabia,2025-07-09,1971-12-31,VIP
C001373,Michael,Herring,Other,2025-04-21,2005-01-13,Standard
C001374,Anthony,Huynh,United Arab Emirates,2026-05-10,1985-10-04,Premium
C001375,Brian,King,Saudi Arabia,2023-12-10,1997-06-25,Standard
C001376,Wayne,Wilkerson,Other,2025-05-08,1973-11-17,Standard
C001377,Joe,Young,United Arab Emirates,2026-05-26,1991-12-16,VIP
C001378,Virginia,Martinez,Pakistan,2024-03-20,1981-02-03,Premium
C001379,Nicholas,Roman,United Arab Emirates,2023-08-10,1981-11-01,Standard
C001380,Anthony,Murphy,Pakistan,2024-08-14,1993-01-16,Standard
C001381,Sarah,Silva,Saudi Arabia,2025-10-27,1977-12-22,Standard
C001382,Mary,Price,United Arab Emirates,2025-10-14,1973-05-02,Standard
C001383,Debra,Goodman,Other,2023-01-16,1984-12-17,Standard
C001384,Lacey,Young,Saudi Arabia,2024-06-07,1965-04-22,Standard
C001385,Devin,Henderson,United Kingdom,2025-03-13,1991-08-20,Standard
C001386,Justin,Thomas,United Arab Emirates,2023-01-21,1968-11-06,Standard
C001387,Maria,Thompson,United States,2023-08-16,1969-06-27,Standard
C001388,Heather,Booker,Saudi Arabia,2025-10-04,1961-03-16,Standard
C001389,Dominic,Gonzales,Other,2025-03-19,1974-10-27,Standard
C001390,Janice,King,United Arab Emirates,2026-03-03,1991-12-07,Premium
C001391,Shane,Lawrence,Saudi Arabia,2024-02-08,1975-10-04,Standard
C001392,Adam,Henry,Saudi Arabia,2025-12-25,1973-09-21,Standard
C001393,Christian,Brooks,Saudi Arabia,2024-03-12,2004-02-25,Standard
C001394,Jonathan,Fry,Pakistan,2025-04-08,1978-06-27,Standard
C001395,Mary,Stewart,United Arab Emirates,2025-07-22,1960-01-06,Standard
C001396,Ana,Coleman,United States,2023-09-16,1973-01-28,Standard
C001397,Jessica,Vega,United Arab Emirates,2023-04-13,1979-04-09,Standard
C001398,Allison,Richmond,Saudi Arabia,2025-09-19,1977-07-24,Premium
C001399,Daniel,Suarez,Pakistan,2025-02-07,1970-11-14,VIP
C001400,Keith,Giles,United Kingdom,2026-01-29,1990-04-03,Standard
C001401,Kevin,Cox,Saudi Arabia,2026-05-06,1967-02-19,Standard
C001402,Brandon,Baldwin,Saudi Arabia,2025-03-23,2005-02-15,Standard
C001403,Robert,Underwood,Saudi Arabia,2023-08-14,1961-06-09,Standard
C001404,Laura,Smith,United Kingdom,2025-07-31,1977-05-08,Standard
C001405,Stephen,Rasmussen,United Kingdom,2024-04-07,1963-03-26,Standard
C001406,Daniel,Obrien,United Arab Emirates,2023-08-25,1995-10-01,Standard
C001407,Rebecca,Skinner,United States,2025-11-15,1976-03-19,Premium
C001408,Candice,Bates,United States,2026-02-18,1968-05-29,Standard
C001409,Allen,Everett,Pakistan,2024-05-20,1967-08-24,Standard
C001410,Zachary,Vazquez,Other,2026-04-20,1997-11-26,Premium
C001411,John,Mccormick,Saudi Arabia,2025-03-24,1960-01-15,Standard
C001412,Douglas,Allen,Saudi Arabia,2025-02-05,1967-05-09,Standard
C001413,Ruben,Tran,Saudi Arabia,2024-09-25,2004-05-21,Standard
C001414,Christina,Parker,Saudi Arabia,2025-09-17,1985-10-24,Standard
C001415,John,Mullen,Pakistan,2024-09-09,1982-05-04,Standard
C001416,Robert,Cox,Other,2023-09-30,1971-03-24,Standard
C001417,Elizabeth,Burnett,Saudi Arabia,2023-08-20,1977-06-14,Standard
C001418,Christopher,Martinez,Saudi Arabia,2025-02-06,1976-06-09,Standard
C001419,Theresa,Camacho,United Arab Emirates,2024-05-10,1975-02-12,VIP
C001420,Carlos,Mathews,Other,2025-11-13,1991-03-31,Standard
C001421,Alicia,Price,United Arab Emirates,2026-02-06,1992-03-08,Standard
C001422,William,Browning,Pakistan,2024-05-16,1970-08-26,VIP
C001423,Vanessa,Long,Saudi Arabia,2023-01-25,1985-03-01,Standard
C001424,Angela,Spence,Saudi Arabia,2026-04-25,1960-05-31,Standard
C001425,Peter,Scott,Other,2023-10-15,1997-12-13,Standard
C001426,Theodore,Davis,Other,2023-12-04,2001-02-26,Standard
C001427,Cynthia,Carson,Saudi Arabia,2025-11-26,1972-08-04,Standard
C001428,Tina,Young,Other,2023-05-17,1993-08-09,Standard
C001429,Jon,Clark,Pakistan,2024-05-22,1993-06-14,VIP
C001430,Allen,Zamora,Other,2023-08-15,1968-02-25,Standard
C001431,Kristina,Moon,United Arab Emirates,2023-11-16,1970-05-21,Standard
C001432,Michael,Welch,Pakistan,2025-07-04,1964-07-17,Standard
C001433,Jessica,Suarez,United Arab Emirates,2026-04-20,1974-02-18,Standard
C001434,Courtney,Wang,United Kingdom,2023-03-27,1989-04-23,Standard
C001435,Kelsey,Sullivan,Saudi Arabia,2025-07-14,2003-12-01,Standard
C001436,Jill,Johnson,Saudi Arabia,2023-02-22,1971-09-10,Standard
C001437,Marvin,Delacruz,United Arab Emirates,2025-05-09,1996-05-17,Standard
C001438,Bradley,Morrow,United Kingdom,2025-05-16,1969-11-12,VIP
C001439,Amy,Shepard,Saudi Arabia,2026-06-12,1997-09-15,Premium
C001440,Lisa,Ruiz,United Kingdom,2024-03-08,1966-04-10,Standard
C001441,Gregory,Gutierrez,Other,2025-09-25,1995-12-06,Premium
C001442,Kimberly,Randall,Saudi Arabia,2023-04-10,1970-06-08,Standard
C001443,Steven,Love,United Kingdom,2025-09-16,1996-07-17,Premium
C001444,Heather,Mcdowell,United Arab Emirates,2024-08-21,1997-12-03,Standard
C001445,Crystal,Wilkins,Other,2024-02-07,2002-06-22,Standard
C001446,Lisa,Holloway,Saudi Arabia,2024-01-31,1974-01-29,Premium
C001447,Bryan,Hale,United Kingdom,2024-02-19,1993-05-21,Standard
C001448,Kimberly,Hunter,United States,2025-07-27,1980-08-09,Premium
C001449,Stephen,Bell,Other,2024-11-07,1996-12-30,Standard
C001450,Kelly,Guzman,United Kingdom,2024-04-07,1993-01-31,Standard
C001451,Bradley,Li,United Arab Emirates,2024-06-24,1996-07-19,Standard
C001452,James,Rojas,Pakistan,2026-02-27,2001-04-03,Premium
C001453,Bobby,Chavez,Other,2023-03-25,1972-07-31,Standard
C001454,Sarah,Johnson,Pakistan,2023-09-28,2002-03-03,Standard
C001455,Zachary,Williams,Saudi Arabia,2023-09-01,1987-04-04,Premium
C001456,Veronica,May,Other,2024-01-23,1998-04-27,Premium
C001457,Amy,Mccoy,United Kingdom,2023-08-02,1963-03-31,Premium
C001458,Jon,Gibbs,United Kingdom,2025-03-28,1968-12-29,Standard
C001459,Karen,Taylor,Saudi Arabia,2026-04-04,1969-06-09,Premium
C001460,James,Morales,United Kingdom,2023-02-28,1989-03-11,Premium
C001461,Michael,Fuller,United Arab Emirates,2025-06-01,1973-05-31,Premium
C001462,Kimberly,Edwards,United Kingdom,2025-04-22,2003-12-21,Standard
C001463,Michelle,Miller,Saudi Arabia,2025-07-12,1965-04-19,Standard
C001464,Martin,Moore,United Kingdom,2023-05-03,1985-11-10,Standard
C001465,David,Black,Other,2026-03-08,1985-05-23,Standard
C001466,Micheal,Booker,Saudi Arabia,2026-06-06,1988-04-18,Standard
C001467,Pamela,Rivas,Other,2024-03-14,1983-05-25,Standard
C001468,Julia,Hines,United Arab Emirates,2025-10-18,1980-06-23,Standard
C001469,Patricia,Bradford,Other,2024-07-15,1974-05-22,Standard
C001470,Paul,Jennings,United States,2023-04-28,1973-11-10,Standard
C001471,Terri,Sparks,Pakistan,2025-06-23,1979-05-07,Standard
C001472,Tyler,Flores,United Kingdom,2024-01-30,1989-04-30,Premium
C001473,Tyler,Mendoza,Other,2025-05-25,2003-10-13,Standard
C001474,Sandra,Moss,United Arab Emirates,2025-07-23,1968-04-10,Standard
C001475,April,Green,United Arab Emirates,2026-01-06,1964-03-27,Standard
C001476,Laurie,Mcdaniel,United Kingdom,2025-08-09,1993-06-06,Standard
C001477,Jessica,Serrano,United States,2023-03-16,1971-07-06,Premium
C001478,Christian,Marsh,United States,2023-10-22,1980-10-12,Standard
C001479,Carrie,Gonzalez,United States,2023-01-21,1963-09-30,Standard
C001480,Lynn,Perry,United Arab Emirates,2026-04-09,1991-07-26,Standard
C001481,Amy,White,United States,2025-11-04,2003-08-28,Premium
C001482,Manuel,Walter,Saudi Arabia,2026-05-19,1986-08-01,Standard
C001483,Christopher,Duffy,Pakistan,2024-07-13,1997-05-10,Standard
C001484,Donna,Wilkerson,Saudi Arabia,2026-01-14,1973-06-18,Standard
C001485,Kirk,Walker,United Arab Emirates,2026-03-18,1992-07-08,Standard
C001486,Carrie,Vaughan,United Arab Emirates,2024-01-07,1996-03-16,Standard
C001487,Ronald,Leblanc,United Arab Emirates,2025-03-28,1968-05-10,Standard
C001488,Hannah,Holland,United Kingdom,2026-03-20,1982-12-13,Standard
C001489,Michael,Sims,United Arab Emirates,2026-03-10,1979-10-28,Standard
C001490,Bobby,Meadows,United Arab Emirates,2025-12-28,1968-11-12,Standard
C001491,Molly,Mccann,Saudi Arabia,2025-04-25,1988-06-29,Standard
C001492,Michael,Gonzalez,United Arab Emirates,2024-06-04,1961-07-19,Standard
C001493,Whitney,Haynes,Saudi Arabia,2024-01-06,1975-03-21,Standard
C001494,Joshua,Jackson,Saudi Arabia,2023-04-11,2004-10-31,Standard
C001495,Tina,Morales,Pakistan,2024-10-22,1990-05-26,Premium
C001496,Stacy,Patterson,United Kingdom,2025-08-25,2001-07-18,Standard
C001497,Charles,Green,Pakistan,2023-08-31,1983-11-18,Standard
C001498,Dana,Davis,United Arab Emirates,2025-01-22,1983-12-19,Standard
C001499,Michael,Richardson,United Arab Emirates,2024-05-26,1975-05-31,Standard
C001500,Laurie,Valentine,Other,2025-04-28,1977-04-19,Standard
C001501,Erin,Wilson,Pakistan,2024-07-08,1960-10-28,Standard
C001502,Stephanie,Higgins,United Arab Emirates,2026-01-23,1980-07-20,Standard
C001503,Douglas,Graham,Saudi Arabia,2023-08-14,1983-10-28,Premium
C001504,Cathy,Mora,United Arab Emirates,2023-08-02,1979-01-23,Standard
C001505,Kimberly,Chavez,United Arab Emirates,2024-12-18,1974-11-12,Standard
C001506,Austin,Nunez,United Arab Emirates,2023-03-08,2003-06-10,Premium
C001507,Carlos,Wilson,Pakistan,2024-01-31,1979-11-05,Standard
C001508,Kimberly,Reeves,Pakistan,2024-09-03,1966-01-12,Premium
C001509,Michael,Lee,Pakistan,2025-11-01,1966-10-15,Standard
C001510,Patrick,Atkins,United States,2026-06-14,1988-06-08,Standard
C001511,Ashley,Casey,United States,2025-02-08,1961-03-10,Standard
C001512,Cassie,Roberts,United Kingdom,2024-02-11,1988-01-04,VIP
C001513,Erika,Snyder,Other,2025-07-13,1964-09-02,Premium
C001514,Stacy,Anderson,Saudi Arabia,2024-10-08,1975-09-04,Standard
C001515,Nathan,Gates,Saudi Arabia,2023-08-10,1970-11-03,Standard
C001516,Kathryn,Greene,Saudi Arabia,2026-03-25,1999-10-04,Standard
C001517,Audrey,Carney,Pakistan,2024-10-15,1990-07-05,Standard
C001518,Alyssa,Campbell,Other,2024-03-03,1978-09-08,Premium
C001519,Raymond,Byrd,Saudi Arabia,2026-03-27,1977-05-18,Standard
C001520,Debra,Barnes,Other,2025-09-03,1995-02-27,Standard
C001521,John,Ortiz,Saudi Arabia,2025-10-02,1967-06-06,VIP
C001522,Daniel,Thomas,Other,2024-01-06,1991-08-27,Premium
C001523,Jill,Roberts,United Arab Emirates,2025-04-29,1995-01-04,Standard
C001524,Victor,Green,Saudi Arabia,2025-05-05,1977-10-30,Standard
C001525,Paul,Williamson,United Arab Emirates,2023-08-17,1989-01-04,VIP
C001526,Anna,Solomon,Saudi Arabia,2023-10-07,2001-07-26,Standard
C001527,Jose,Wood,Saudi Arabia,2025-12-06,1968-10-26,Standard
C001528,Jorge,Sutton,United Arab Emirates,2025-09-01,1962-12-18,Standard
C001529,Sean,Ellis,United States,2026-05-22,1983-08-25,Premium
C001530,Wendy,Smith,Pakistan,2025-01-27,1995-12-06,Standard
C001531,Justin,Anderson,United Arab Emirates,2025-11-13,1995-09-16,Standard
C001532,Sabrina,Morris,Pakistan,2023-11-17,1998-09-11,Standard
C001533,Travis,Steele,United Kingdom,2023-10-01,1975-05-10,Premium
C001534,David,Mcdaniel,Saudi Arabia,2024-07-09,1975-02-17,Premium
C001535,Melissa,Reeves,United Arab Emirates,2025-04-23,1977-09-20,Premium
C001536,Shannon,Erickson,Saudi Arabia,2024-10-29,1967-08-07,Standard
C001537,Rachel,Fitzgerald,Saudi Arabia,2025-09-26,2003-05-03,Premium
C001538,Sean,Scott,United Kingdom,2024-01-15,1992-11-16,Premium
C001539,Christopher,Davis,Saudi Arabia,2024-12-11,2001-03-21,Premium
C001540,Evelyn,Brown,Pakistan,2025-01-15,1974-01-05,VIP
C001541,Megan,Cook,United Kingdom,2024-11-05,1981-10-17,Standard
C001542,Luis,Young,Saudi Arabia,2023-04-26,1994-02-15,Standard
C001543,Michael,Odonnell,Pakistan,2024-08-27,1980-10-18,Premium
C001544,Calvin,Barajas,Saudi Arabia,2025-12-01,1979-10-28,Premium
C001545,Amber,Crosby,Other,2024-01-14,1973-07-13,Standard
C001546,Patricia,Coffey,United Arab Emirates,2026-05-14,1997-01-22,Standard
C001547,Melissa,George,United States,2024-04-10,1964-05-19,Standard
C001548,Jennifer,Goodman,Pakistan,2023-10-07,1975-08-10,Standard
C001549,Sara,Williams,Saudi Arabia,2024-09-09,1976-08-15,Standard
C001550,Dana,King,Pakistan,2023-04-28,1988-01-22,Premium
C001551,Laura,Harvey,Other,2026-06-14,1994-04-15,Standard
C001552,William,Turner,Pakistan,2023-11-05,1990-03-31,Standard
C001553,David,Foster,United States,2023-04-10,1975-10-14,Standard
C001554,James,Wood,Other,2023-09-18,1960-01-27,Standard
C001555,Dominic,Donaldson,Saudi Arabia,2025-09-19,1978-04-29,Standard
C001556,Kristy,Hansen,Saudi Arabia,2023-10-13,1978-02-04,Standard
C001557,Anthony,Carpenter,Pakistan,2023-11-24,1985-07-02,Standard
C001558,Angela,Green,United Arab Emirates,2026-01-31,2004-07-06,Standard
C001559,Miguel,Gordon,United States,2023-03-04,1974-07-15,Standard
C001560,Linda,Conrad,Other,2024-11-17,1960-01-12,Standard
C001561,Andrea,Humphrey,United Arab Emirates,2025-01-07,2002-02-18,Standard
C001562,Cheryl,Anderson,Saudi Arabia,2025-10-27,1997-06-06,Standard
C001563,Christopher,Stewart,United States,2024-09-30,1975-10-23,Premium
C001564,Kyle,Moreno,Saudi Arabia,2025-07-24,2005-05-07,Standard
C001565,Yvonne,Thomas,United States,2026-01-20,1962-03-07,Premium
C001566,Jennifer,Wilson,United Arab Emirates,2026-04-28,1979-12-06,Standard
C001567,Alicia,Williams,United Kingdom,2024-04-20,1979-09-06,Premium
C001568,Kayla,Anderson,Saudi Arabia,2023-02-22,1965-07-17,Standard
C001569,Madeline,Savage,Pakistan,2025-01-23,1980-12-27,Standard
C001570,Charles,Davenport,United Arab Emirates,2024-04-30,1968-10-22,Standard
C001571,Teresa,Adkins,Pakistan,2026-02-09,1978-01-10,Standard
C001572,Dawn,Howe,Saudi Arabia,2024-02-13,1974-06-21,Standard
C001573,Shannon,Campbell,United Kingdom,2025-10-27,1980-03-06,Standard
C001574,Erin,Mcdowell,Other,2024-10-29,1978-10-09,Premium
C001575,Melvin,Austin,Saudi Arabia,2026-05-05,1966-08-29,Standard
C001576,Natalie,Juarez,Saudi Arabia,2025-04-14,1973-04-28,Standard
C001577,Kimberly,Baker,Saudi Arabia,2025-05-25,1997-02-21,Standard
C001578,Danielle,Edwards,Pakistan,2024-01-02,1973-11-02,Premium
C001579,Hunter,Stafford,Pakistan,2025-09-28,1984-12-08,Standard
C001580,Tammy,Stewart,Pakistan,2023-09-07,1964-11-16,Standard
C001581,Ryan,Vang,Saudi Arabia,2026-06-17,1990-04-15,Standard
C001582,Renee,Gallagher,United Arab Emirates,2024-01-15,1992-03-27,Standard
C001583,Brian,Hernandez,Pakistan,2025-05-21,2003-09-10,Premium
C001584,David,Farrell,United Arab Emirates,2025-04-14,1986-05-22,Premium
C001585,Eric,Sandoval,Other,2025-02-13,1963-10-11,Standard
C001586,Fred,Yates,Saudi Arabia,2025-07-07,1986-06-28,Standard
C001587,Marcus,Brown,United Kingdom,2024-03-30,1988-02-09,Standard
C001588,Jenna,Hernandez,United Arab Emirates,2024-01-01,2001-08-08,Standard
C001589,Michael,Hall,United Arab Emirates,2024-02-07,1989-12-03,Standard
C001590,Shelley,Johnson,United Kingdom,2023-02-27,1974-06-03,Standard
C001591,Patty,Green,United Kingdom,2024-06-04,1968-12-01,Standard
C001592,Meghan,Mccarthy,Other,2026-02-12,1993-01-16,Premium
C001593,John,Graham,Saudi Arabia,2023-07-29,1962-09-08,Standard
C001594,Cynthia,Carney,Saudi Arabia,2025-11-30,1989-03-17,VIP
C001595,Andrea,Ho,United Kingdom,2025-03-26,1991-11-30,Premium
C001596,David,Williams,Pakistan,2023-06-22,1982-01-28,Premium
C001597,Kevin,Kelly,Saudi Arabia,2023-08-22,1986-06-18,Standard
C001598,Amanda,Fletcher,Saudi Arabia,2025-03-03,1977-08-16,Premium
C001599,Wayne,Washington,Saudi Arabia,2025-03-03,1988-05-28,Premium
C001600,Gary,Vasquez,Other,2025-11-28,1967-11-01,Standard
C001601,Shelly,Singleton,Saudi Arabia,2023-04-29,1995-02-28,Standard
C001602,Eric,Camacho,United Arab Emirates,2023-12-01,1977-01-18,Standard
C001603,Donna,Martinez,Saudi Arabia,2026-01-02,1991-04-12,VIP
C001604,Jennifer,Davis,United Arab Emirates,2026-04-29,1986-05-27,Premium
C001605,Cassie,Oneill,Saudi Arabia,2023-11-20,1988-03-24,Premium
C001606,Megan,White,Pakistan,2025-10-07,2001-09-15,Premium
C001607,Anne,Jackson,Saudi Arabia,2026-03-16,1996-02-21,Standard
C001608,Marcia,Hicks,United States,2023-10-11,1988-11-01,Standard
C001609,Anthony,Nelson,Saudi Arabia,2023-08-01,1986-07-03,Standard
C001610,Brandon,Macdonald,Pakistan,2025-07-17,1989-01-27,Standard
C001611,Darlene,Willis,Other,2025-01-21,1979-07-30,Standard
C001612,Barbara,Silva,United Kingdom,2023-12-05,1964-11-01,Premium
C001613,Debra,Bonilla,Pakistan,2025-11-11,1969-09-19,VIP
C001614,Katie,Fox,United Arab Emirates,2023-04-15,1986-05-18,Standard
C001615,Robert,Duncan,United Arab Emirates,2025-02-08,1965-05-30,Standard
C001616,Danielle,Butler,United Kingdom,2024-12-16,2002-08-08,Standard
C001617,Tyler,Jones,Other,2025-02-01,1993-04-22,Standard
C001618,Courtney,Tate,United Kingdom,2026-05-29,1966-10-26,Standard
C001619,Keith,Rhodes,Pakistan,2024-01-14,1992-11-03,Standard
C001620,Sue,Clay,United Kingdom,2026-05-30,1992-11-27,Premium
C001621,Timothy,Johnson,United Arab Emirates,2024-12-13,1980-04-30,Premium
C001622,Linda,Maldonado,Saudi Arabia,2023-08-13,1995-03-15,Premium
C001623,Gail,Becker,Pakistan,2025-01-07,1983-10-16,Standard
C001624,Kenneth,Long,Other,2023-08-24,1970-11-20,Standard
C001625,Charles,Garza,Saudi Arabia,2023-07-02,1998-11-22,Standard
C001626,Brian,Bean,United Kingdom,2024-12-12,1961-12-05,Premium
C001627,Scott,Hood,Saudi Arabia,2024-03-19,1974-12-05,Premium
C001628,Todd,Hernandez,Pakistan,2024-09-14,1995-03-07,Standard
C001629,James,Miller,Saudi Arabia,2025-10-26,1976-09-07,Premium
C001630,Catherine,Rivas,United Arab Emirates,2026-06-13,1970-01-29,Standard
C001631,Larry,Keller,United States,2026-02-24,1986-03-11,Standard
C001632,Jennifer,Gibson,United Arab Emirates,2026-02-01,1980-07-15,Premium
C001633,Jessica,Moses,United Kingdom,2025-01-18,1965-01-19,Premium
C001634,Michelle,Wheeler,United States,2023-06-04,1977-07-23,Standard
C001635,Theresa,Smith,Other,2023-09-14,1981-11-16,Standard
C001636,David,Booker,Saudi Arabia,2023-08-23,1986-05-12,Standard
C001637,Mitchell,Douglas,United Arab Emirates,2024-05-14,1996-03-22,Standard
C001638,Anna,Tapia,Saudi Arabia,2023-10-16,1964-06-24,Premium
C001639,Luis,Nguyen,Other,2024-05-24,2000-04-07,Standard
C001640,Steven,Dennis,Other,2024-12-09,1975-03-01,Standard
C001641,Joseph,Navarro,Pakistan,2025-02-23,1988-03-31,Standard
C001642,John,Bernard,United States,2025-06-12,1994-02-05,VIP
C001643,Colin,Carroll,Pakistan,2025-02-14,2002-04-19,Premium
C001644,Kelly,Lewis,Pakistan,2023-10-25,1983-02-24,Premium
C001645,Patrick,Williams,Saudi Arabia,2023-05-17,2001-03-25,Standard
C001646,Christina,Schneider,United States,2024-01-11,2002-10-17,Premium
C001647,John,Morris,Saudi Arabia,2023-03-28,1963-07-10,Standard
C001648,Michelle,Brown,United States,2026-05-07,1964-03-09,Standard
C001649,Erik,Jones,United States,2024-03-12,1987-05-19,VIP
C001650,Mark,Crane,United Kingdom,2025-02-02,1978-03-22,Standard
C001651,Becky,James,Saudi Arabia,2024-12-02,1965-02-20,Standard
C001652,Larry,Ross,United Arab Emirates,2025-07-30,1987-03-21,Standard
C001653,Kathryn,Thompson,Saudi Arabia,2023-06-01,1995-09-29,Standard
C001654,Tyrone,Hanna,United Arab Emirates,2025-10-28,2005-02-17,Standard
C001655,Xavier,Glenn,Saudi Arabia,2025-03-17,1968-06-14,Premium
C001656,Victor,Davis,Other,2023-08-23,1975-12-16,Standard
C001657,Kyle,Phelps,Pakistan,2024-11-05,1974-10-20,Standard
C001658,Andrew,Martin,United Arab Emirates,2024-07-14,1991-04-20,Premium
C001659,Sierra,Chan,United Arab Emirates,2023-02-07,1969-07-23,VIP
C001660,William,Mitchell,United Arab Emirates,2026-03-05,1996-07-28,Standard
C001661,Tammy,Goodwin,Pakistan,2025-04-01,1996-07-24,Standard
C001662,Jason,Valdez,Pakistan,2024-02-25,1969-04-15,Standard
C001663,Michael,Martinez,Other,2026-05-27,1966-03-18,Standard
C001664,Brent,Henry,United Arab Emirates,2023-12-14,1975-06-03,Standard
C001665,Troy,Reynolds,Other,2026-01-07,1970-05-11,Standard
C001666,Nicole,Drake,Other,2025-01-17,1999-08-23,Standard
C001667,Destiny,Collins,Saudi Arabia,2023-09-30,2002-02-16,Standard
C001668,Thomas,Cohen,Other,2026-03-30,1976-05-05,Standard
C001669,Amanda,Anderson,Saudi Arabia,2023-11-04,1984-08-03,Standard
C001670,Melanie,Wade,United States,2025-09-02,1984-03-25,Standard
C001671,Ryan,Collier,United Arab Emirates,2025-01-02,2001-07-16,Standard
C001672,Nicole,Hunt,Other,2025-10-29,1970-01-05,Standard
C001673,Jessica,Burns,Other,2024-03-19,1986-03-17,Standard
C001674,Kathryn,Mcclure,United States,2026-02-10,1968-09-17,Standard
C001675,Michael,Alvarez,United States,2026-05-13,1995-07-15,Premium
C001676,Richard,Hart,United Arab Emirates,2024-02-09,1981-07-16,Standard
C001677,Ashley,Henderson,Saudi Arabia,2025-05-02,2001-06-29,Standard
C001678,James,Avila,United Arab Emirates,2026-05-05,1995-08-11,Standard
C001679,Angela,Shepherd,Saudi Arabia,2025-02-16,1971-11-08,Standard
C001680,Charles,Austin,United Kingdom,2023-04-25,1968-06-24,Premium
C001681,William,Hamilton,United Arab Emirates,2026-02-18,1963-11-05,Standard
C001682,Kathy,Simmons,Other,2023-03-06,1973-12-19,Standard
C001683,Joshua,Williams,Pakistan,2025-04-04,1963-10-01,Standard
C001684,Veronica,Peterson,United States,2023-08-27,1978-04-01,VIP
C001685,Erin,Ford,Saudi Arabia,2023-10-29,1967-07-28,Premium
C001686,David,Walker,Other,2025-08-26,1961-12-17,Standard
C001687,Theresa,Parks,Other,2024-01-04,1997-12-02,Standard
C001688,Phillip,Moore,United Arab Emirates,2023-08-21,1964-09-07,VIP
C001689,Laura,Simpson,Pakistan,2023-07-14,1977-02-21,VIP
C001690,Matthew,Soto,United States,2025-06-25,2004-11-17,Standard
C001691,Sheila,Warren,Saudi Arabia,2025-11-01,1976-08-30,Standard
C001692,Kari,Roberts,Pakistan,2025-07-09,1999-04-28,Standard
C001693,James,Kim,United Arab Emirates,2024-11-19,1990-09-23,Standard
C001694,William,Solomon,Saudi Arabia,2023-06-26,2004-05-29,Standard
C001695,Vincent,Woods,United Arab Emirates,2023-08-05,1996-08-31,Standard
C001696,Brandon,Hernandez,Saudi Arabia,2025-10-31,1966-02-24,Premium
C001697,Derrick,Anderson,Saudi Arabia,2024-09-21,1967-09-23,Standard
C001698,Mason,Leach,Saudi Arabia,2023-06-13,2005-09-04,Premium
C001699,Thomas,Skinner,Other,2023-02-22,1986-06-22,Standard
C001700,Stephen,Mills,Pakistan,2023-08-06,1962-12-18,Premium
C001701,Catherine,Phillips,Other,2025-09-25,1990-07-10,Standard
C001702,Zachary,Williams,United Arab Emirates,2025-04-03,1982-05-12,Standard
C001703,Mark,Jones,United Arab Emirates,2024-01-20,1986-03-02,Standard
C001704,Christie,Williams,Pakistan,2023-02-25,1992-02-10,Standard
C001705,Francisco,Rodriguez,United Arab Emirates,2023-04-28,1970-10-26,Premium
C001706,Vicki,Coleman,Saudi Arabia,2025-06-18,2000-03-08,Standard
C001707,Jodi,Davis,Pakistan,2026-06-30,2003-09-21,Standard
C001708,Kevin,Guerrero,Saudi Arabia,2025-03-08,1984-07-20,Standard
C001709,Matthew,Carroll,Pakistan,2025-02-18,1978-07-13,Premium
C001710,Maria,King,United Kingdom,2025-10-12,1998-06-09,Standard
C001711,Amanda,Scott,Saudi Arabia,2025-03-13,1966-04-22,Standard
C001712,Jeanne,Miller,Saudi Arabia,2025-04-24,2001-07-07,Standard
C001713,Kevin,Gordon,United States,2026-04-18,1979-08-06,Standard
C001714,Lisa,Wilson,United Arab Emirates,2026-06-12,2004-02-28,Premium
C001715,Micheal,Stanley,Saudi Arabia,2025-05-04,1986-01-23,Standard
C001716,Emily,White,Other,2024-12-08,1960-09-01,Standard
C001717,Tina,White,Saudi Arabia,2026-01-08,1984-07-01,Standard
C001718,Brandy,Long,United Kingdom,2023-01-22,1984-09-06,Standard
C001719,Laura,Miller,Other,2025-04-22,1990-03-03,Standard
C001720,Jessica,Mcdowell,Saudi Arabia,2026-01-21,1967-08-11,Standard
C001721,Hailey,Evans,Saudi Arabia,2023-07-11,1997-07-28,Standard
C001722,Anthony,Matthews,Saudi Arabia,2025-10-15,1995-01-20,Standard
C001723,Thomas,Gibson,United Arab Emirates,2026-01-31,1997-07-03,Standard
C001724,Tammy,Santiago,Saudi Arabia,2024-01-31,1964-11-27,Standard
C001725,Krista,Hanson,United Kingdom,2025-10-27,2002-02-05,Standard
C001726,Kimberly,Baker,Saudi Arabia,2024-10-01,1995-11-30,Premium
C001727,Becky,Levy,Pakistan,2025-10-15,1979-10-03,Premium
C001728,Jennifer,Savage,Other,2024-07-20,1974-03-16,Standard
C001729,Brandy,Lopez,United States,2023-08-19,2003-11-09,Standard
C001730,George,Lopez,Pakistan,2025-05-23,2000-04-01,Standard
C001731,Cristina,Burgess,United Arab Emirates,2024-07-27,1974-06-17,VIP
C001732,Christine,Munoz,Pakistan,2023-08-28,1962-08-02,Premium
C001733,Maureen,Savage,Pakistan,2023-03-31,1964-02-20,Standard
C001734,Dylan,Rodriguez,United Arab Emirates,2023-08-20,1994-10-27,Standard
C001735,Erin,Ferguson,Saudi Arabia,2024-04-01,1982-11-30,Standard
C001736,Anthony,Smith,Other,2023-08-21,1993-03-08,Standard
C001737,Stacy,Wilson,United Arab Emirates,2023-12-20,1997-07-26,Premium
C001738,Daniel,Jackson,Saudi Arabia,2025-10-01,1967-02-28,Standard
C001739,Andrew,Woods,United Arab Emirates,2024-03-14,2002-10-16,Premium
C001740,Lee,Holt,United Arab Emirates,2023-12-11,1967-10-11,Standard
C001741,Edward,Melton,United States,2024-10-25,1998-06-21,Standard
C001742,Hannah,Church,United Kingdom,2024-10-18,1964-11-09,Standard
C001743,Robert,Guzman,United States,2023-05-10,1996-04-23,Standard
C001744,Kimberly,Tucker,Saudi Arabia,2023-05-21,1970-08-07,Premium
C001745,Samantha,Montgomery,United Arab Emirates,2024-02-19,1982-08-26,Standard
C001746,Monique,Dickson,United Arab Emirates,2026-01-21,1985-10-04,Standard
C001747,Jill,Ward,Saudi Arabia,2024-09-17,1968-12-04,Standard
C001748,Bryan,Nunez,Saudi Arabia,2023-10-11,1968-08-11,Standard
C001749,Devin,Vaughn,United States,2023-08-11,1981-05-12,Standard
C001750,Jared,Foster,Saudi Arabia,2025-01-13,1966-03-13,VIP
C001751,Mark,Turner,Pakistan,2024-04-07,1982-04-30,Standard
C001752,Eileen,Martinez,Saudi Arabia,2026-03-09,1962-07-11,Standard
C001753,Alicia,Smith,Saudi Arabia,2023-12-23,1978-05-01,Premium
C001754,Lee,Rodriguez,Saudi Arabia,2025-11-12,1975-10-07,Standard
C001755,Glen,Smith,Other,2025-05-08,1994-06-07,Standard
C001756,Rhonda,Waller,United States,2024-10-26,1981-05-26,Standard
C001757,Matthew,Trevino,Other,2025-10-11,1980-09-08,Standard
C001758,Michael,Clark,United Arab Emirates,2023-03-26,2004-06-03,VIP
C001759,Kelsey,Wong,Saudi Arabia,2024-09-12,1976-03-27,Standard
C001760,Jennifer,Santos,Pakistan,2025-11-20,1991-11-07,Standard
C001761,Dawn,Graham,United Arab Emirates,2023-08-28,1969-08-13,Standard
C001762,Heather,Garrett,United States,2023-12-29,1976-08-10,Standard
C001763,Chelsea,Tyler,Saudi Arabia,2025-04-01,1996-02-28,Standard
C001764,James,Lee,United Arab Emirates,2024-10-29,1999-03-19,Standard
C001765,John,Turner,Saudi Arabia,2023-04-09,1965-08-22,Premium
C001766,Angela,Ford,United Arab Emirates,2023-02-16,1998-05-14,Standard
C001767,Jeffrey,Wells,United Kingdom,2025-04-18,1966-07-15,Standard
C001768,Teresa,Johnson,United Arab Emirates,2024-02-26,1981-12-27,Standard
C001769,Kenneth,Martin,United Arab Emirates,2023-03-03,1964-12-04,Standard
C001770,Keith,Hernandez,United Arab Emirates,2026-02-06,1967-08-12,Standard
C001771,Jared,Park,United Arab Emirates,2026-02-16,1963-02-01,Standard
C001772,Janet,Maynard,United States,2025-10-06,1980-03-01,Standard
C001773,Logan,Ruiz,Other,2024-08-20,2000-01-26,Standard
C001774,Michael,Heath,Other,2024-01-27,1980-11-02,Standard
C001775,Sarah,Richards,United States,2025-09-03,1994-08-16,Standard
C001776,Laura,Harris,United Arab Emirates,2025-12-11,1980-08-18,Standard
C001777,Joshua,Hudson,United Kingdom,2024-08-25,1999-09-17,Premium
C001778,David,Bass,United Arab Emirates,2023-12-03,1985-08-21,Standard
C001779,Erica,Williams,Saudi Arabia,2025-03-20,1967-09-09,Premium
C001780,Noah,Smith,United States,2026-05-12,1995-09-29,Standard
C001781,Tina,Mccoy,Saudi Arabia,2026-06-15,1971-10-07,Premium
C001782,Loretta,Marquez,Other,2025-01-21,1990-09-09,Standard
C001783,Stephanie,Petty,United Arab Emirates,2026-03-05,1961-03-24,Standard
C001784,Linda,Allison,Pakistan,2025-05-30,1973-09-17,Premium
C001785,Kelly,Mclaughlin,United Kingdom,2024-09-26,1976-06-17,Standard
C001786,Keith,Larson,Other,2023-09-11,1964-06-08,Standard
C001787,Jennifer,Spencer,Pakistan,2026-02-11,1997-03-11,Premium
C001788,Michael,Roberts,Pakistan,2023-01-20,1962-08-06,Standard
C001789,Scott,Freeman,Saudi Arabia,2024-06-11,1985-07-07,Standard
C001790,Jonathan,Tucker,Pakistan,2026-03-14,2005-05-19,Standard
C001791,Timothy,Garza,Saudi Arabia,2026-05-16,1993-05-31,Standard
C001792,James,Carr,United Kingdom,2024-01-11,1992-09-21,Standard
C001793,Amanda,Gregory,Pakistan,2023-06-15,1963-01-09,Premium
C001794,Sarah,Velasquez,United Kingdom,2026-04-19,1961-07-02,Standard
C001795,Heather,Freeman,Saudi Arabia,2025-05-10,1991-11-14,Premium
C001796,Derrick,Klein,Saudi Arabia,2024-09-08,1981-08-21,Standard
C001797,Christina,Rice,United Kingdom,2024-09-03,1989-01-21,Premium
C001798,Brenda,Henderson,Saudi Arabia,2024-05-17,1984-08-12,Standard
C001799,John,Stewart,Saudi Arabia,2025-07-01,1991-05-25,Premium
C001800,Elizabeth,Brown,Saudi Arabia,2023-03-20,1971-08-09,Standard
C001801,Amanda,Orozco,Other,2024-08-07,1971-12-16,Premium
C001802,Dana,Butler,United Kingdom,2024-11-18,1975-06-22,Standard
C001803,Brian,Kennedy,United Arab Emirates,2024-01-31,2004-05-13,Standard
C001804,Robert,Simpson,Saudi Arabia,2026-01-31,1965-09-24,Standard
C001805,Jennifer,Mcmillan,United Arab Emirates,2024-02-06,1970-12-15,Standard
C001806,Craig,Reed,United States,2025-09-01,1981-05-20,Standard
C001807,Kelli,Terry,United Kingdom,2023-08-12,1990-11-11,Standard
C001808,Adam,Smith,Saudi Arabia,2024-06-01,1972-06-20,Standard
C001809,Andrea,Roberts,Saudi Arabia,2024-09-25,1983-10-24,Standard
C001810,Sarah,Lee,Saudi Arabia,2023-08-24,1993-11-14,Standard
C001811,Richard,Cooper,United Kingdom,2023-04-26,1985-04-15,Standard
C001812,Savannah,Hall,United States,2026-04-01,1997-09-12,Premium
C001813,Natalie,Robinson,Saudi Arabia,2023-08-14,1979-05-02,Premium
C001814,Thomas,Stout,Saudi Arabia,2023-08-18,1970-09-07,Standard
C001815,James,Morgan,Saudi Arabia,2023-07-01,1963-09-14,Standard
C001816,Tamara,Guzman,Other,2026-06-26,1964-05-15,Standard
C001817,Manuel,Kirby,Saudi Arabia,2023-07-29,1984-01-02,Premium
C001818,Debbie,Sandoval,United States,2023-04-06,1961-11-10,Standard
C001819,Rebecca,Anderson,Pakistan,2025-06-12,1992-11-28,Standard
C001820,Christopher,Carter,United Arab Emirates,2025-01-25,1993-02-12,Standard
C001821,Audrey,Dawson,Saudi Arabia,2026-01-14,1991-03-04,Premium
C001822,Amanda,Moyer,Saudi Arabia,2024-02-19,1983-04-19,Standard
C001823,Jennifer,Whitaker,Pakistan,2024-01-29,1975-09-13,Standard
C001824,Sharon,Nunez,United States,2024-11-26,2002-12-01,Standard
C001825,Robin,Navarro,Pakistan,2025-04-23,1994-10-02,Standard
C001826,Gregory,Flynn,Pakistan,2024-08-26,1980-04-12,Standard
C001827,Nicole,Marsh,Saudi Arabia,2024-08-04,1992-04-08,Standard
C001828,Gregory,Richard,Other,2023-05-13,1966-12-17,VIP
C001829,Samantha,Howell,United States,2025-03-01,1974-09-10,Standard
C001830,Wendy,Campbell,Saudi Arabia,2024-10-10,1980-04-15,VIP
C001831,Randy,Curry,Other,2023-08-09,1986-12-05,Standard
C001832,Tyler,Estrada,Pakistan,2025-09-02,1997-05-13,Standard
C001833,Sharon,Anderson,Pakistan,2025-12-05,1975-03-04,Premium
C001834,Suzanne,Gonzalez,United Kingdom,2026-04-30,1988-07-25,Standard
C001835,Sara,Obrien,United States,2025-02-26,1988-11-16,Standard
C001836,Nancy,Garcia,United Kingdom,2024-11-21,1986-12-30,Premium
C001837,Albert,Perry,Saudi Arabia,2023-02-08,1989-06-02,Standard
C001838,Ashley,Chaney,United Arab Emirates,2024-11-20,1978-09-01,Standard
C001839,Daniel,Torres,Other,2023-06-11,1998-08-10,Premium
C001840,Tonya,Clark,Saudi Arabia,2026-02-01,1973-10-07,Standard
C001841,Justin,Williams,United Arab Emirates,2023-06-10,2003-04-03,Standard
C001842,Veronica,Smith,United Arab Emirates,2025-12-13,1989-12-28,Premium
C001843,Amy,Ibarra,United Arab Emirates,2025-11-23,1994-12-18,Standard
C001844,Troy,Kelly,Pakistan,2023-08-30,1985-11-03,Standard
C001845,Sheena,Moore,Other,2025-08-24,1979-06-21,Premium
C001846,Melissa,Clayton,Saudi Arabia,2025-06-08,1976-09-26,Standard
C001847,Taylor,Kline,Saudi Arabia,2023-04-23,1967-01-07,Premium
C001848,James,Johnson,Saudi Arabia,2025-10-10,2003-07-03,Premium
C001849,Daniel,Brown,Other,2023-11-14,1983-04-08,Standard
C001850,Francisco,Jordan,Pakistan,2023-01-23,1982-04-06,Standard
C001851,Stephen,Williamson,Saudi Arabia,2025-04-03,1967-05-20,Standard
C001852,Jonathan,Martinez,United States,2026-02-15,1981-02-03,Standard
C001853,Jacob,Walker,Other,2024-12-01,2005-01-06,Premium
C001854,Jill,Scott,United States,2025-10-15,1986-09-26,Standard
C001855,Krystal,Peterson,Other,2026-05-20,1987-05-21,Standard
C001856,Ashley,Kelly,Saudi Arabia,2026-02-10,1991-03-09,Standard
C001857,Katherine,Williams,United States,2025-12-03,1991-12-12,Premium
C001858,Gregory,Rich,United Arab Emirates,2023-05-08,2004-06-22,Standard
C001859,Melissa,Adams,United States,2025-05-25,1978-03-08,Premium
C001860,Penny,Hernandez,United Kingdom,2023-06-07,1962-07-30,Standard
C001861,Margaret,Vaughn,United States,2025-04-06,1995-02-01,Premium
C001862,Zachary,Robertson,United Kingdom,2025-05-01,1977-11-28,Standard
C001863,Christopher,Caldwell,Saudi Arabia,2024-05-26,2002-10-11,Standard
C001864,Elizabeth,Mccarthy,Pakistan,2023-02-14,1987-04-15,Premium
C001865,Jack,House,Other,2026-02-05,1963-11-22,Standard
C001866,Donald,Kim,Other,2023-08-07,1975-10-14,Standard
C001867,Marcus,Bryant,Saudi Arabia,2024-03-18,1970-12-15,Premium
C001868,John,Skinner,Saudi Arabia,2023-11-11,1994-08-17,Standard
C001869,Jose,Rodriguez,Saudi Arabia,2023-06-26,1974-05-15,Standard
C001870,Joe,Rodriguez,United Kingdom,2023-08-16,1973-07-30,Standard
C001871,Karen,Bishop,United States,2023-09-24,1970-08-25,Premium
C001872,Stephanie,Casey,Saudi Arabia,2025-05-19,1963-08-19,Standard
C001873,Kevin,Meza,Pakistan,2025-04-17,1976-02-27,Standard
C001874,Jennifer,Colon,United States,2024-05-03,1969-03-12,Standard
C001875,Alexander,Williams,United Kingdom,2024-12-02,1964-05-04,Standard
C001876,Desiree,Garcia,Pakistan,2024-11-17,1996-12-17,Premium
C001877,Heather,Soto,Pakistan,2025-09-22,1991-08-26,Standard
C001878,Bryan,Pitts,Pakistan,2023-12-23,2005-12-02,Standard
C001879,David,Bartlett,Saudi Arabia,2025-05-21,2003-04-23,Standard
C001880,Kurt,Moore,Pakistan,2023-07-23,1969-02-14,Standard
C001881,Richard,Carter,United Kingdom,2026-05-21,1967-09-21,VIP
C001882,Wayne,Alexander,Other,2024-07-05,2002-05-12,Standard
C001883,Paula,Hunter,Pakistan,2023-11-19,1973-07-30,Standard
C001884,Jade,Oconnor,United States,2024-08-16,1993-11-09,Standard
C001885,Larry,Garcia,Saudi Arabia,2023-06-30,1963-07-25,Premium
C001886,David,Holland,United Arab Emirates,2024-05-13,1988-11-20,Standard
C001887,Sabrina,Cook,Saudi Arabia,2023-03-24,1971-04-05,Standard
C001888,Kenneth,Taylor,Saudi Arabia,2023-10-30,1994-12-11,Premium
C001889,Christina,Allison,United Kingdom,2023-09-19,1992-03-27,Premium
C001890,Jeffrey,Gonzales,Other,2025-02-22,1983-08-08,Premium
C001891,Dennis,Perry,Saudi Arabia,2026-05-08,1979-11-02,Standard
C001892,Eric,Mack,United Arab Emirates,2026-06-17,1992-05-23,Premium
C001893,Julie,Sanchez,United States,2025-07-02,1965-10-06,Standard
C001894,Catherine,Lamb,Saudi Arabia,2024-11-22,1986-09-06,Standard
C001895,Robert,Peterson,Pakistan,2025-08-01,1975-06-01,Standard
C001896,Andrea,Wagner,United Kingdom,2024-11-13,1968-10-11,Standard
C001897,Thomas,Miller,Pakistan,2024-11-19,1967-03-13,Premium
C001898,Amanda,Watson,Saudi Arabia,2024-01-31,1987-07-26,Standard
C001899,Elizabeth,Fischer,United Arab Emirates,2026-03-07,1996-09-02,Premium
C001900,Jeffery,Ward,United States,2025-04-18,1962-12-03,Premium
C001901,John,Ortega,Pakistan,2025-05-27,2001-09-27,Standard
C001902,Karen,Hernandez,Saudi Arabia,2025-04-02,1986-12-29,Premium
C001903,Morgan,Molina,United States,2026-02-26,1978-03-09,Standard
C001904,Christopher,Fisher,Saudi Arabia,2023-02-18,2002-02-06,Standard
C001905,Sean,Perez,United Kingdom,2025-02-27,1971-02-18,Premium
C001906,Jane,Pham,Saudi Arabia,2023-10-20,1962-08-05,Standard
C001907,Christian,Gutierrez,Other,2024-06-19,1963-03-17,Standard
C001908,Anne,Ortiz,United Arab Emirates,2023-11-07,2003-05-06,Standard
C001909,Bryan,Ellis,United Arab Emirates,2024-06-20,1976-09-27,Premium
C001910,Amy,Phelps,Saudi Arabia,2024-09-30,1960-06-20,Standard
C001911,William,Norton,United Arab Emirates,2023-08-22,1995-02-04,Standard
C001912,Ashley,Cox,Other,2026-05-17,1985-07-23,Standard
C001913,Edward,Johnson,Other,2024-08-27,1987-07-09,Premium
C001914,Mark,Thomas,United Arab Emirates,2023-04-04,1976-12-31,Standard
C001915,Abigail,Smith,United Arab Emirates,2023-11-23,1988-06-02,Standard
C001916,Darren,Drake,United Kingdom,2023-08-13,1969-10-17,Standard
C001917,Jamie,Acevedo,Other,2025-08-24,1982-12-11,Standard
C001918,Brandy,Miller,Pakistan,2025-06-08,1971-02-28,Standard
C001919,Christopher,Edwards,United Arab Emirates,2023-01-11,1960-06-06,Standard
C001920,William,Holden,United Arab Emirates,2025-11-01,1981-04-17,Standard
C001921,Lindsey,Martin,United Kingdom,2023-02-04,1983-02-06,Standard
C001922,Shawn,Brown,Saudi Arabia,2024-03-22,1990-05-18,Standard
C001923,William,Malone,Pakistan,2026-05-28,2001-10-31,Standard
C001924,Stephen,Keller,United Arab Emirates,2024-03-16,1979-09-18,Standard
C001925,Brian,May,United States,2024-10-14,2000-08-25,Standard
C001926,Steven,Orr,Saudi Arabia,2024-08-17,1984-10-02,Standard
C001927,Lindsay,Brown,Pakistan,2023-08-17,1964-12-15,Standard
C001928,Jennifer,Welch,United Arab Emirates,2023-12-10,1981-08-13,Standard
C001929,Randy,Reeves,Pakistan,2026-01-08,1979-01-14,Standard
C001930,Lisa,Guerrero,Saudi Arabia,2025-09-15,1977-04-24,Standard
C001931,Julie,Meyer,Pakistan,2026-02-25,1975-05-07,Standard
C001932,Beth,Phillips,Pakistan,2025-06-27,1976-02-17,VIP
C001933,Brandon,Morales,Pakistan,2024-06-10,1968-06-03,Standard
C001934,Melvin,Becker,Pakistan,2023-03-16,1961-09-11,Premium
C001935,Bryce,Spencer,United Kingdom,2023-07-15,1990-05-17,Standard
C001936,Virginia,Torres,United States,2023-01-29,1966-08-04,Standard
C001937,Sarah,Newton,Saudi Arabia,2024-12-06,1994-08-14,Premium
C001938,Cesar,Blankenship,United States,2025-10-17,1968-03-23,Standard
C001939,Sarah,Smith,United Arab Emirates,2023-01-16,1989-03-27,Standard
C001940,Anthony,Ramirez,Saudi Arabia,2025-03-15,1971-01-22,VIP
C001941,Robert,Rose,Saudi Arabia,2025-07-28,1963-07-28,Standard
C001942,Kayla,Knapp,United Arab Emirates,2025-08-24,1975-06-01,Standard
C001943,Katie,Graves,United States,2026-01-05,1979-12-09,Standard
C001944,Tiffany,Griffin,United Kingdom,2023-08-17,1969-01-20,Premium
C001945,Debbie,Harris,United States,2025-08-19,1978-04-01,Premium
C001946,Robert,Stephens,Pakistan,2024-12-15,1971-10-04,Standard
C001947,Victoria,Kramer,United Arab Emirates,2025-09-10,1964-11-22,Standard
C001948,Patrick,Pearson,Saudi Arabia,2024-07-26,1962-12-09,Premium
C001949,Molly,Terry,United Arab Emirates,2024-09-06,1969-11-08,Standard
C001950,Rebecca,Barron,United Arab Emirates,2023-11-22,2002-02-18,Standard
C001951,Nicholas,Harrington,Saudi Arabia,2025-05-24,1991-01-23,Standard
C001952,Felicia,Sullivan,Saudi Arabia,2023-12-25,1993-09-22,Standard
C001953,Dorothy,Gonzalez,Pakistan,2023-11-20,2004-02-06,Standard
C001954,Amber,Turner,United Kingdom,2023-06-14,1968-05-13,Premium
C001955,Desiree,Johnson,Other,2025-03-08,1977-04-21,Premium
C001956,Michael,Cook,Other,2024-03-30,1977-10-31,Standard
C001957,Gregory,Hardy,Pakistan,2026-03-22,1972-09-16,Standard
C001958,Amanda,Singh,United Arab Emirates,2026-02-24,1985-07-09,Standard
C001959,Allison,Martinez,Pakistan,2023-07-12,1999-07-07,Standard
C001960,Jessica,Braun,United States,2024-09-18,1972-03-24,Standard
C001961,Jeffrey,Campbell,Saudi Arabia,2024-06-13,1991-05-16,Standard
C001962,Adam,Davis,United Arab Emirates,2025-10-30,2003-06-23,Standard
C001963,Andrew,Arnold,United States,2023-04-02,1982-09-06,Standard
C001964,Kenneth,Boyd,United Arab Emirates,2023-05-19,1989-06-15,Standard
C001965,Emily,Sherman,Pakistan,2024-04-25,1990-02-03,Standard
C001966,Amy,Moore,Pakistan,2024-03-24,1972-05-08,Standard
C001967,Amanda,Johnson,Saudi Arabia,2025-05-18,1989-07-23,Standard
C001968,Madeline,Hogan,United Arab Emirates,2023-12-06,1970-08-17,Premium
C001969,John,Vargas,United Arab Emirates,2025-12-11,2002-11-24,Premium
C001970,Michael,Allen,Saudi Arabia,2024-04-10,1966-08-10,Standard
C001971,Joshua,Schroeder,Saudi Arabia,2024-12-18,1964-03-24,Standard
C001972,Sharon,Barber,United States,2025-03-09,2003-01-24,Standard
C001973,Jessica,Benitez,Saudi Arabia,2024-04-19,1973-02-05,Standard
C001974,Daniel,Rodriguez,Pakistan,2024-02-05,1975-05-28,Standard
C001975,Lisa,Brown,Saudi Arabia,2024-08-27,1972-05-11,VIP
C001976,Robert,Watson,Other,2025-07-20,1963-02-19,Standard
C001977,Katie,Sims,Saudi Arabia,2025-09-23,1984-12-02,Standard
C001978,Nicole,Gomez,United Arab Emirates,2025-07-10,1991-06-25,Standard
C001979,Alexis,Williams,Other,2025-03-31,1974-12-03,Standard
C001980,Jamie,Curtis,United States,2024-10-18,1972-05-04,Standard
C001981,Craig,Martinez,Saudi Arabia,2024-08-20,1997-01-21,Standard
C001982,Arthur,Evans,United States,2026-03-22,1971-08-19,Standard
C001983,Carla,Doyle,United Arab Emirates,2024-05-28,1997-01-09,Standard
C001984,Jacqueline,Chavez,United Arab Emirates,2025-10-26,1970-12-06,VIP
C001985,Brandon,Bird,Saudi Arabia,2024-05-14,1983-05-02,Standard
C001986,Joy,Trujillo,Saudi Arabia,2024-12-17,1981-12-23,Standard
C001987,Richard,Zhang,United Kingdom,2026-02-15,1992-10-11,Standard
C001988,Jimmy,Cunningham,United Arab Emirates,2024-08-23,2001-11-26,Standard
C001989,Jeff,Kline,United Arab Emirates,2024-10-27,1989-07-20,Standard
C001990,Michelle,Burton,United Kingdom,2024-04-12,1961-06-13,Standard
C001991,Brian,Ferguson,United States,2023-06-10,1972-12-17,Standard
C001992,William,Larson,Saudi Arabia,2023-09-27,1998-01-19,Standard
C001993,Keith,Bell,Pakistan,2025-12-15,1995-07-21,Standard
C001994,Lisa,Mitchell,Saudi Arabia,2023-08-16,1998-04-20,Standard
C001995,Jessica,Glover,United States,2025-04-28,1967-07-05,Standard
C001996,Luis,Espinoza,United Kingdom,2023-05-29,1972-09-09,Standard
C001997,Carla,Chambers,Other,2025-12-05,1972-02-12,Standard
C001998,Emily,Klein,Saudi Arabia,2026-03-13,1983-09-18,Standard
C001999,Malik,Stone,Saudi Arabia,2024-09-23,1970-06-27,Standard
C002000,Kevin,Wright,Saudi Arabia,2024-02-17,1961-06-17,Standard
C002001,Douglas,Murphy,Saudi Arabia,2024-06-03,1999-01-06,VIP
C002002,Donna,Aguilar,Saudi Arabia,2024-01-22,1993-07-13,Standard
C002003,Jeffrey,Carson,Other,2023-10-02,1971-03-11,VIP
C002004,Kevin,Ward,Saudi Arabia,2023-12-19,1984-07-06,Standard
C002005,Bruce,Garcia,Saudi Arabia,2025-12-25,1996-05-24,Standard
C002006,Stacy,Dawson,United States,2026-01-07,1984-11-12,Standard
C002007,Nichole,Poole,United Arab Emirates,2024-08-20,1966-06-13,Standard
C002008,Rhonda,Miller,United States,2026-05-10,1965-05-09,Standard
C002009,Connie,Brown,Saudi Arabia,2024-07-11,1968-02-19,Standard
C002010,Ronald,Beasley,United Arab Emirates,2023-04-23,1975-03-02,VIP
C002011,Tyler,Alvarez,Saudi Arabia,2026-01-19,1980-07-07,Standard
C002012,Teresa,Griffin,Saudi Arabia,2023-05-21,1967-10-07,Standard
C002013,Shelly,Wood,Other,2024-12-30,1973-07-10,Premium
C002014,Emily,Fox,Saudi Arabia,2024-08-11,1969-12-23,Premium
C002015,Kristi,Chapman,Pakistan,2024-02-15,1968-09-01,Standard
C002016,Lucas,Stone,United Arab Emirates,2024-01-12,1986-01-15,Standard
C002017,Robert,Foster,United Arab Emirates,2026-03-21,1960-07-02,Standard
C002018,Edward,Baker,Other,2025-01-20,1985-12-10,Standard
C002019,Nicholas,Porter,Saudi Arabia,2024-09-18,1991-01-10,Standard
C002020,Karen,Henderson,United Kingdom,2025-09-21,2001-07-17,Standard
C002021,Thomas,Alexander,Other,2024-12-03,1987-05-07,Standard
C002022,Melissa,Galvan,Pakistan,2024-04-06,1972-12-05,Premium
C002023,Kevin,Burns,Other,2023-01-12,2001-08-07,Premium
C002024,Jasmine,Mcpherson,Saudi Arabia,2026-03-25,1998-07-12,Standard
C002025,Linda,Colon,United Arab Emirates,2024-04-21,2003-09-28,Standard
C002026,Robin,Thomas,Saudi Arabia,2025-07-27,1976-01-12,Standard
C002027,Anna,Martinez,United Kingdom,2024-02-05,1996-05-25,Standard
C002028,Tammy,Dawson,Other,2025-03-18,1992-12-24,Standard
C002029,Angela,Anderson,Saudi Arabia,2023-06-26,1961-11-07,Premium
C002030,Dennis,Bush,United Kingdom,2023-02-26,1971-03-14,Standard
C002031,John,Boyer,Saudi Arabia,2024-03-23,1994-03-21,Standard
C002032,James,Wilson,Pakistan,2023-07-22,1994-12-25,Standard
C002033,Deborah,Lewis,United Arab Emirates,2025-01-07,1982-12-13,VIP
C002034,Sandra,Kennedy,Other,2023-07-21,2001-01-31,Premium
C002035,Melanie,Francis,Pakistan,2023-12-29,1984-09-25,Premium
C002036,Christopher,Raymond,United Arab Emirates,2025-06-10,1983-05-06,Standard
C002037,Jenny,Wood,Saudi Arabia,2024-03-29,1998-02-20,Standard
C002038,James,Crane,Saudi Arabia,2023-12-22,1963-01-15,Standard
C002039,Joseph,Guzman,Saudi Arabia,2023-08-04,2005-01-09,Standard
C002040,Emily,Ortiz,Saudi Arabia,2025-08-29,1961-01-21,Premium
C002041,Carrie,Martinez,Other,2024-07-08,1995-05-03,Standard
C002042,Morgan,Armstrong,Pakistan,2025-06-05,1964-08-10,Standard
C002043,Jacob,Williams,Pakistan,2023-01-23,2001-02-27,Standard
C002044,Kathleen,Hernandez,Saudi Arabia,2023-06-04,2003-01-03,Standard
C002045,Jennifer,Watson,Other,2026-04-24,1977-04-22,Standard
C002046,Angelica,Ritter,United Kingdom,2023-09-06,1983-10-05,Standard
C002047,Timothy,Turner,Saudi Arabia,2025-01-18,1992-08-24,Standard
C002048,Molly,Tucker,United Kingdom,2025-03-15,1997-02-20,Standard
C002049,Mason,Moody,Pakistan,2023-05-14,1983-11-28,Premium
C002050,Susan,Thomas,Saudi Arabia,2023-11-17,1975-06-02,Standard
C002051,Alexis,Lawrence,United Arab Emirates,2024-01-25,1988-01-26,Standard
C002052,Sharon,Williams,United Arab Emirates,2024-03-09,1994-01-20,Standard
C002053,Suzanne,Shannon,Saudi Arabia,2025-11-11,1974-02-25,Standard
C002054,David,Small,Other,2025-05-22,1978-08-01,Premium
C002055,Yvonne,Lewis,United States,2026-02-22,1974-04-29,Standard
C002056,Timothy,Fuentes,United Kingdom,2026-01-07,1971-09-28,Standard
C002057,John,Burns,United Arab Emirates,2025-05-07,1978-06-09,VIP
C002058,Cassandra,Martinez,United Arab Emirates,2023-02-20,1977-01-31,Premium
C002059,James,Bailey,United Kingdom,2023-06-25,2005-05-25,Standard
C002060,Rose,Harrell,Pakistan,2025-05-19,1981-05-24,Standard
C002061,Andrea,Butler,Saudi Arabia,2023-09-10,1988-06-08,Standard
C002062,Kimberly,Berry,Pakistan,2025-08-23,1981-06-30,Premium
C002063,Oscar,Knight,United States,2026-06-23,1964-05-19,Standard
C002064,Amanda,Mccullough,United Arab Emirates,2025-01-08,1978-10-19,Standard
C002065,Michael,Harrington,Saudi Arabia,2026-02-03,1970-02-09,Standard
C002066,Jose,Alvarez,United States,2026-05-01,1960-11-28,Standard
C002067,William,Cortez,Saudi Arabia,2023-10-29,1997-07-14,Premium
C002068,Tyler,Obrien,Saudi Arabia,2024-07-01,1998-08-18,Premium
C002069,Corey,Gill,Saudi Arabia,2024-12-16,2000-08-25,Standard
C002070,Tina,Wagner,United Arab Emirates,2025-02-17,1999-09-20,Standard
C002071,Terrance,Murray,United States,2023-09-25,1987-04-12,Standard
C002072,Mary,Cole,Pakistan,2026-04-08,1976-09-19,Premium
C002073,Robin,Cole,Saudi Arabia,2025-10-06,1980-01-29,Premium
C002074,Nathan,Cline,Other,2024-07-04,2003-12-19,VIP
C002075,Robert,Nguyen,Other,2026-03-10,1978-03-22,VIP
C002076,Anna,Marsh,Other,2026-03-15,1974-07-14,Standard
C002077,Jeffrey,Beck,Saudi Arabia,2023-11-10,1962-11-30,Premium
C002078,Dustin,Ortiz,United Arab Emirates,2023-07-03,1984-11-10,Standard
C002079,Jose,Hall,Other,2024-12-13,1990-06-07,Standard
C002080,Sarah,Foster,United States,2023-05-08,1978-09-03,Standard
C002081,Beth,Weaver,Saudi Arabia,2026-06-30,1983-04-22,Standard
C002082,Robert,Rubio,Saudi Arabia,2024-11-30,1970-11-01,Premium
C002083,Elijah,Wu,United Arab Emirates,2024-01-21,1979-03-10,Standard
C002084,Mark,Fitzgerald,Other,2026-06-07,2003-12-05,Premium
C002085,Noah,Brewer,Pakistan,2023-09-28,2000-03-18,Standard
C002086,Martha,Cline,United Arab Emirates,2025-03-21,1986-08-03,Standard
C002087,Victor,Mann,Saudi Arabia,2024-02-19,1986-04-11,Standard
C002088,Diamond,Armstrong,United Kingdom,2023-07-17,2001-10-06,Standard
C002089,Gail,Hogan,United States,2025-12-15,2004-11-13,Standard
C002090,Jonathan,Zimmerman,United Arab Emirates,2025-04-10,1999-05-05,Standard
C002091,Lorraine,Hoffman,United States,2026-05-11,1981-10-16,Premium
C002092,Tammy,Martinez,Other,2024-09-19,1978-02-03,Standard
C002093,Darlene,Hansen,Saudi Arabia,2024-08-26,1960-12-13,Standard
C002094,Tracy,Lee,Pakistan,2026-03-07,1993-12-25,Premium
C002095,Gary,Montgomery,Saudi Arabia,2025-12-16,1987-05-24,Standard
C002096,Laura,Ray,United States,2025-10-06,1977-10-18,Standard
C002097,Gary,Brown,Pakistan,2023-03-12,1967-01-18,Standard
C002098,Jennifer,Hudson,Pakistan,2025-06-29,1974-06-08,Standard
C002099,Tracy,Lopez,United States,2024-08-16,2005-04-06,Standard
C002100,Sabrina,Alvarez,United Arab Emirates,2024-08-22,1983-10-21,Standard
C002101,Amber,Prince,Other,2024-05-28,1969-08-22,Standard
C002102,Darlene,Martinez,Pakistan,2023-03-25,1963-07-24,Standard
C002103,Brian,Mayer,Saudi Arabia,2025-09-20,1993-06-21,Standard
C002104,Arthur,White,United Kingdom,2025-12-02,1991-06-08,Standard
C002105,Melanie,Smith,United States,2025-04-18,1992-12-23,VIP
C002106,Sierra,Buchanan,United Arab Emirates,2024-08-28,1972-01-03,Standard
C002107,Elizabeth,Sanchez,Other,2025-03-20,2000-05-25,Standard
C002108,Kathy,Thornton,Other,2023-05-13,1967-09-25,Premium
C002109,Robert,Clay,Saudi Arabia,2025-12-24,1976-04-30,Premium
C002110,Megan,Wallace,Other,2023-10-17,1970-04-25,Premium
C002111,Jesse,Roman,Saudi Arabia,2024-01-11,1997-03-03,VIP
C002112,Jasmine,Lawson,Saudi Arabia,2025-02-07,1993-08-03,Standard
C002113,Albert,Morales,Saudi Arabia,2024-04-11,1981-09-12,Standard
C002114,William,Williams,Other,2026-05-21,1968-07-04,Standard
C002115,Nathaniel,Atkins,United Kingdom,2026-03-17,1983-11-18,Standard
C002116,Christine,Johnson,Saudi Arabia,2024-04-15,1981-08-01,Standard
C002117,Elizabeth,Kim,United Arab Emirates,2023-05-29,1996-10-31,Standard
C002118,Christina,Perry,Pakistan,2023-03-29,1980-11-09,Premium
C002119,Timothy,Heath,Saudi Arabia,2024-01-31,1962-02-21,Standard
C002120,Tony,Stewart,Other,2025-02-28,2000-02-02,Standard
C002121,Adam,Scott,United States,2026-01-10,1981-04-29,Standard
C002122,Andrea,Wilson,Pakistan,2025-05-14,1998-05-03,Standard
C002123,Alexander,Garcia,Other,2023-01-24,1992-10-20,Premium
C002124,Alyssa,Jackson,United Arab Emirates,2025-08-13,1973-09-16,VIP
C002125,Joshua,Thomas,Other,2023-11-07,1980-09-27,Premium
C002126,Tiffany,Scott,United Kingdom,2026-05-16,2004-04-23,Standard
C002127,Andre,Davis,Pakistan,2024-10-25,1990-12-03,Premium
C002128,Lisa,Parker,Saudi Arabia,2024-03-13,1975-06-08,Standard
C002129,Emily,Russell,Other,2024-12-06,1994-12-18,Premium
C002130,Linda,Jackson,United Arab Emirates,2024-02-26,1999-10-25,Standard
C002131,Renee,Mendez,Saudi Arabia,2023-11-17,1989-11-12,Standard
C002132,Daniel,Nguyen,Saudi Arabia,2024-08-09,1994-10-08,VIP
C002133,Cole,Johnson,Pakistan,2025-08-04,1965-02-08,Standard
C002134,Eduardo,Brown,Pakistan,2026-04-01,1963-10-08,Premium
C002135,James,Price,United Kingdom,2026-04-03,1999-01-11,Standard
C002136,Alisha,Flores,Other,2025-04-28,1997-05-13,Premium
C002137,Lisa,Gutierrez,Saudi Arabia,2023-02-11,1974-10-22,VIP
C002138,Joseph,Nguyen,United Kingdom,2025-07-27,1982-05-08,Standard
C002139,Randy,Bennett,Saudi Arabia,2024-01-22,1977-03-15,Standard
C002140,Nathan,Carey,Other,2026-03-07,1965-05-30,Standard
C002141,Richard,Martinez,United States,2026-04-25,1977-08-22,Premium
C002142,Annette,Harris,Pakistan,2025-06-28,1996-06-24,Standard
C002143,Veronica,Goodwin,United Kingdom,2024-12-16,1980-10-17,Standard
C002144,Jeremiah,Willis,United Arab Emirates,2024-03-06,1973-06-21,Standard
C002145,Gabriella,Vasquez,United Arab Emirates,2024-07-07,1974-04-25,Standard
C002146,Melanie,Goodwin,United States,2025-03-10,1992-03-01,Standard
C002147,Desiree,Cruz,United Arab Emirates,2024-03-01,2003-01-10,Standard
C002148,Michele,Wilson,United Arab Emirates,2023-01-26,1999-08-28,Premium
C002149,Katherine,Brown,United Arab Emirates,2024-01-20,1977-08-29,Standard
C002150,Clayton,Marshall,United States,2023-02-25,1960-01-21,Standard
C002151,Nicholas,Russell,United Arab Emirates,2026-06-30,2000-04-17,Standard
C002152,Angela,Washington,Saudi Arabia,2024-09-25,1999-12-02,Standard
C002153,Brian,Russell,United Kingdom,2023-04-16,1987-09-13,Premium
C002154,Albert,Hall,United States,2026-02-27,1986-06-17,Standard
C002155,George,Mercado,Saudi Arabia,2025-04-28,1963-01-04,Standard
C002156,Vincent,Adams,Saudi Arabia,2024-10-31,1967-03-22,Standard
C002157,Ryan,Richmond,Saudi Arabia,2024-01-11,1983-06-30,Premium
C002158,Kristen,Leonard,United Arab Emirates,2025-01-12,1981-03-15,VIP
C002159,Ariel,Sanchez,United Arab Emirates,2025-08-24,1980-06-01,Standard
C002160,Michaela,Peters,United Kingdom,2023-11-04,1989-08-03,Standard
C002161,Cody,Glover,United Kingdom,2023-04-01,1977-07-12,Standard
C002162,Allison,Torres,Pakistan,2025-03-12,1972-05-18,Premium
C002163,Brad,Russell,United Arab Emirates,2023-04-20,2004-11-14,Standard
C002164,Jason,Miller,United States,2024-08-07,1982-12-13,VIP
C002165,Miranda,Fields,United Arab Emirates,2023-12-06,1994-10-01,Premium
C002166,Paige,Harris,Other,2025-09-05,1971-12-02,Premium
C002167,Thomas,Faulkner,Pakistan,2023-12-22,2001-03-31,Standard
C002168,Brandon,Brooks,Saudi Arabia,2023-06-17,1999-06-30,Standard
C002169,Charles,Galloway,United Kingdom,2024-07-10,1995-11-24,Premium
C002170,Sara,Casey,United Arab Emirates,2025-06-23,1981-12-27,Standard
C002171,Rachel,Medina,United Kingdom,2023-04-15,2002-06-19,Standard
C002172,Anna,Henderson,Saudi Arabia,2023-05-30,1973-12-01,Standard
C002173,Antonio,Buck,Saudi Arabia,2023-05-26,1984-02-20,Standard
C002174,Sarah,Hayes,Other,2024-12-16,1993-09-21,Standard
C002175,Leonard,Smith,Saudi Arabia,2025-05-23,1965-12-15,Standard
C002176,Suzanne,Marshall,United States,2023-10-26,1991-01-19,Standard
C002177,Brenda,Calderon,Saudi Arabia,2026-04-05,1965-08-31,Standard
C002178,Karen,Roberts,Pakistan,2024-10-07,1969-03-12,Standard
C002179,Jennifer,Stanton,United Kingdom,2024-12-23,1984-02-12,Standard
C002180,Raymond,Smith,Pakistan,2025-12-07,1971-08-15,Standard
C002181,Chase,Mahoney,United Arab Emirates,2024-09-29,1964-12-16,Premium
C002182,Francisco,Olson,Saudi Arabia,2023-08-27,2005-04-29,Premium
C002183,John,Harper,Saudi Arabia,2025-10-27,1976-03-03,Premium
C002184,Mary,Franco,United Arab Emirates,2024-04-08,1981-11-09,Premium
C002185,Paul,James,United Kingdom,2024-03-28,1971-02-15,Standard
C002186,Peggy,Bell,Other,2025-02-22,1988-08-07,Standard
C002187,Martin,Chen,Other,2025-06-15,1983-09-01,Standard
C002188,Karla,Richards,United States,2024-01-06,1986-04-24,Standard
C002189,Donald,Dixon,United States,2024-05-01,1982-04-17,Standard
C002190,Vanessa,Williams,United Kingdom,2026-05-19,1962-01-23,Standard
C002191,Jennifer,Stevenson,Saudi Arabia,2023-06-14,1991-08-30,Premium
C002192,Vincent,Hart,Other,2026-02-22,1978-10-04,Standard
C002193,Terri,Turner,United Kingdom,2023-07-11,1973-12-22,Standard
C002194,Brian,Foster,Pakistan,2024-12-30,2001-08-03,VIP
C002195,Samuel,Martinez,Saudi Arabia,2023-08-02,1996-09-29,Premium
C002196,Mary,Taylor,United Arab Emirates,2024-07-27,1990-09-02,Standard
C002197,Matthew,Hawkins,United Arab Emirates,2025-08-14,1990-05-26,Premium
C002198,Kayla,Ramirez,Other,2024-01-16,1985-10-13,Standard
C002199,Stephanie,Reynolds,Pakistan,2024-11-03,1982-11-20,Premium
C002200,Randy,Bishop,United Arab Emirates,2025-03-08,1970-02-02,Standard
C002201,Kim,Bernard,Other,2023-08-27,1987-01-08,Standard
C002202,Anthony,Flores,Saudi Arabia,2024-11-30,1973-07-15,Premium
C002203,Joshua,Fleming,United Arab Emirates,2026-01-10,2002-03-11,Standard
C002204,Victoria,Cooper,Saudi Arabia,2024-05-19,2002-05-11,Standard
C002205,Tracy,Green,United Kingdom,2023-07-21,1986-07-01,Standard
C002206,Michael,Mullins,Other,2025-07-08,1983-08-21,Standard
C002207,Shelley,Chavez,Saudi Arabia,2023-02-06,1983-03-03,VIP
C002208,Ryan,Sanchez,Other,2024-10-05,1998-01-09,Standard
C002209,Erin,Bird,Saudi Arabia,2025-02-03,2005-10-18,Standard
C002210,Donna,Peterson,Other,2024-12-06,2004-05-12,Standard
C002211,Christopher,Stevens,United States,2026-04-14,1968-06-08,Standard
C002212,Christine,Greene,United States,2024-06-28,1985-11-14,Standard
C002213,Lauren,Smith,Saudi Arabia,2026-05-09,2002-11-13,Standard
C002214,Jennifer,Holt,Other,2024-06-23,1966-04-10,VIP
C002215,Christopher,Lucas,United Kingdom,2025-10-13,1964-03-12,Standard
C002216,Eric,Smith,United Arab Emirates,2024-01-29,1971-12-11,Standard
C002217,Jennifer,Alvarez,United States,2025-04-12,2003-11-06,Standard
C002218,Cynthia,Valenzuela,Saudi Arabia,2025-12-01,1973-08-28,Standard
C002219,Jodi,Chambers,Other,2024-08-19,1977-05-15,Standard
C002220,Levi,Gutierrez,Saudi Arabia,2024-01-28,1983-01-30,Premium
C002221,Daniel,Woodard,United Kingdom,2024-11-30,2002-12-19,VIP
C002222,Adam,Warner,Pakistan,2024-03-16,1984-12-06,Standard
C002223,Kyle,Farmer,Saudi Arabia,2025-07-06,1963-12-09,Standard
C002224,Michael,Medina,Saudi Arabia,2023-11-16,2000-07-28,VIP
C002225,Joseph,Cobb,Saudi Arabia,2024-07-06,1986-06-05,Standard
C002226,David,Banks,United Arab Emirates,2026-05-23,1977-06-29,Standard
C002227,Jacob,Jones,United Arab Emirates,2025-12-30,1968-06-06,Premium
C002228,Shane,Johnson,Pakistan,2024-07-21,1977-03-27,Premium
C002229,Angela,Collier,Saudi Arabia,2025-07-07,1997-07-08,Standard
C002230,Ricky,Powers,Saudi Arabia,2023-08-24,1983-06-07,Standard
C002231,Anthony,Chambers,United Kingdom,2025-09-13,1970-03-30,Standard
C002232,Michael,Gomez,Saudi Arabia,2026-03-31,1998-01-02,Standard
C002233,Christopher,Hess,Other,2026-04-29,2005-02-02,Premium
C002234,Carly,Carey,Other,2025-10-29,2002-03-15,Standard
C002235,Mark,Howard,United Kingdom,2023-03-01,1999-03-26,Standard
C002236,Paul,Thompson,Pakistan,2025-06-11,2004-11-07,Standard
C002237,Kelly,Tate,Other,2023-08-13,1982-10-15,Standard
C002238,Paul,Terry,Saudi Arabia,2024-11-30,1980-10-10,Standard
C002239,Christopher,Smith,Saudi Arabia,2024-08-04,1962-06-22,Premium
C002240,Rachel,Ford,Saudi Arabia,2025-09-20,1991-11-22,Standard
C002241,Rebecca,Mayer,United States,2023-06-18,1987-04-04,Standard
C002242,Tiffany,Wallace,Saudi Arabia,2025-12-21,1967-09-05,Standard
C002243,Ashley,Walker,Pakistan,2023-01-14,1963-07-08,Premium
C002244,Gavin,Smith,Other,2023-06-13,1961-11-20,Standard
C002245,Oscar,Campbell,Other,2025-01-26,1973-02-03,Standard
C002246,Dominic,Morse,Pakistan,2025-11-17,1972-05-04,Standard
C002247,Kevin,Howard,Saudi Arabia,2024-03-21,1965-06-19,Standard
C002248,Trevor,Davis,United States,2026-05-16,1983-08-19,Premium
C002249,Bryan,Austin,Pakistan,2024-12-16,1972-05-04,Standard
C002250,Ryan,Turner,Saudi Arabia,2025-09-02,1961-06-11,Premium
C002251,Robert,Robbins,Saudi Arabia,2025-03-29,1968-03-15,Premium
C002252,Todd,Young,Other,2023-04-14,1969-06-29,VIP
C002253,Chase,Snyder,United Kingdom,2025-01-11,2000-06-11,Standard
C002254,Johnathan,Cox,United States,2024-03-01,1961-12-04,Standard
C002255,John,Campbell,Other,2026-01-29,1961-10-24,Standard
C002256,Colleen,Conway,Pakistan,2024-09-30,1984-12-14,Standard
C002257,Brittney,Mann,Pakistan,2025-04-29,1977-02-16,Premium
C002258,James,Clark,United Arab Emirates,2026-02-03,1982-11-28,Premium
C002259,Daniel,Gonzalez,United Arab Emirates,2025-02-07,1996-11-07,Standard
C002260,Kevin,Nicholson,United Arab Emirates,2023-10-04,1974-07-03,Standard
C002261,Stacy,Foster,United States,2025-12-24,1983-06-22,Standard
C002262,Martin,Kane,Pakistan,2025-06-18,2002-08-30,Standard
C002263,Christine,Carroll,Other,2023-07-07,1974-09-22,Premium
C002264,Linda,Snyder,United Arab Emirates,2026-03-07,1996-12-17,Standard
C002265,Mark,Arnold,Pakistan,2023-04-15,1960-11-01,Standard
C002266,Matthew,Keller,Pakistan,2024-06-29,1972-11-10,Standard
C002267,Lisa,Knight,Pakistan,2024-01-15,1979-10-10,VIP
C002268,Michele,Fleming,United Kingdom,2023-04-20,1981-09-20,Standard
C002269,Terri,Cunningham,Saudi Arabia,2024-06-28,1991-05-21,Premium
C002270,Derek,Jones,Pakistan,2023-12-20,1961-02-06,Premium
C002271,Malik,Anderson,Saudi Arabia,2025-01-12,1995-04-28,Standard
C002272,Stacey,Brown,United Arab Emirates,2023-11-13,1979-01-01,Standard
C002273,James,Green,United Arab Emirates,2025-12-24,2003-11-13,Standard
C002274,Leon,Hudson,United Kingdom,2023-11-29,1982-03-01,Standard
C002275,Tamara,Perez,Other,2026-03-02,1989-09-07,Premium
C002276,Tanya,Mills,Pakistan,2024-08-14,1972-06-10,Standard
C002277,Kelly,Casey,United Kingdom,2025-02-21,1976-08-18,Standard
C002278,Heather,Lee,Pakistan,2024-06-23,1978-10-03,Standard
C002279,Travis,Gregory,Pakistan,2025-01-04,1962-01-20,Standard
C002280,Barbara,Braun,Saudi Arabia,2024-09-12,1964-06-05,Standard
C002281,John,Steele,Saudi Arabia,2024-09-10,1966-12-05,Standard
C002282,Nicholas,Patel,United Arab Emirates,2025-06-27,1969-02-15,Standard
C002283,Lisa,King,United Arab Emirates,2025-09-18,1979-10-22,Standard
C002284,Phillip,Castro,Saudi Arabia,2023-04-09,1961-05-26,Standard
C002285,Daniel,Gibson,Saudi Arabia,2023-11-13,1999-10-29,Standard
C002286,Anne,Pace,Saudi Arabia,2023-05-03,1973-11-30,Standard
C002287,Brittany,Davidson,Other,2025-03-09,2005-07-19,Premium
C002288,Amy,Hahn,United Arab Emirates,2024-04-01,1984-02-24,Standard
C002289,Erin,Williams,United Arab Emirates,2024-06-05,1969-07-08,Standard
C002290,Andrea,Mcmillan,Saudi Arabia,2024-06-03,1985-02-16,Standard
C002291,Stephanie,Reynolds,Pakistan,2025-07-05,1964-09-21,Standard
C002292,Steven,Carney,Saudi Arabia,2024-12-17,1997-09-08,Standard
C002293,Jeanette,Hill,Saudi Arabia,2023-11-11,1964-08-28,VIP
C002294,Samuel,Frazier,Pakistan,2024-12-09,1983-04-06,Standard
C002295,Kelly,Owens,Saudi Arabia,2024-12-10,1993-08-05,Standard
C002296,Heather,Ward,Saudi Arabia,2025-11-09,1988-09-02,Standard
C002297,Lori,Blake,Saudi Arabia,2024-07-13,1967-09-08,Standard
C002298,Laura,Stephenson,Saudi Arabia,2025-08-26,2002-11-10,Standard
C002299,Robert,Walker,Saudi Arabia,2026-02-27,1990-05-01,Standard
C002300,Victor,Ramirez,United Arab Emirates,2026-03-01,1980-09-24,VIP
C002301,Cynthia,Fisher,United States,2023-12-22,1983-10-25,Standard
C002302,John,Cole,Pakistan,2025-12-13,1973-04-18,Standard
C002303,Donna,Smith,Pakistan,2025-06-08,1978-05-30,Premium
C002304,Jennifer,Lee,Saudi Arabia,2025-03-03,1985-04-24,Premium
C002305,Kristina,Miller,Other,2023-09-22,1989-10-01,VIP
C002306,Charles,Armstrong,United Arab Emirates,2025-09-08,1987-08-23,Standard
C002307,Vicki,Johnson,Saudi Arabia,2026-05-23,1972-07-23,Standard
C002308,Timothy,Mclaughlin,Pakistan,2025-03-12,1973-06-23,Premium
C002309,Richard,Spence,Saudi Arabia,2023-02-12,1973-10-25,Standard
C002310,William,Coleman,United Arab Emirates,2025-05-11,1979-09-21,Standard
C002311,Samantha,Jones,Pakistan,2026-02-27,2002-03-04,Premium
C002312,Heather,Wright,Other,2023-12-16,1986-11-28,Standard
C002313,Amy,Martin,United Arab Emirates,2026-02-03,2003-04-02,Premium
C002314,Krystal,Collins,United Kingdom,2025-06-30,1960-02-08,VIP
C002315,Michael,Garrett,Other,2023-01-01,1977-02-25,Premium
C002316,Paula,Davis,Saudi Arabia,2024-08-06,1978-01-24,Standard
C002317,Amanda,Castillo,Saudi Arabia,2024-03-07,1966-08-12,Standard
C002318,Danielle,Morton,United Arab Emirates,2023-02-22,1999-03-03,Premium
C002319,Christopher,Watkins,United Arab Emirates,2025-07-28,1999-11-29,VIP
C002320,Kayla,Sims,United Arab Emirates,2024-06-03,1992-07-16,Standard
C002321,Diane,Cook,Other,2026-02-11,1991-02-24,Standard
C002322,Michael,Wright,United Kingdom,2023-05-27,1990-04-11,Premium
C002323,Deborah,Rodriguez,Pakistan,2026-04-04,1980-05-18,Standard
C002324,Bradley,Allen,United Arab Emirates,2026-03-08,1972-01-01,Standard
C002325,Tonya,Peterson,United States,2024-09-20,1964-05-12,Standard
C002326,Erica,Brown,Other,2023-10-26,2000-05-28,Standard
C002327,Reginald,Cook,United States,2025-02-27,1979-03-28,Premium
C002328,Karen,Bauer,Saudi Arabia,2025-04-29,1967-02-25,Standard
C002329,Tammy,Harding,Pakistan,2023-06-27,1991-01-07,Standard
C002330,Russell,Parsons,Saudi Arabia,2025-04-21,1965-03-23,Standard
C002331,Alex,Harvey,Saudi Arabia,2026-03-23,1979-01-15,Standard
C002332,Jonathan,Duran,Saudi Arabia,2026-05-09,2001-07-29,Standard
C002333,William,Garrett,Pakistan,2025-05-27,2002-06-05,Premium
C002334,April,Riley,United Kingdom,2026-02-12,1968-01-07,Standard
C002335,Beverly,Miller,Saudi Arabia,2025-01-28,1985-05-29,Standard
C002336,Barbara,Brown,United Arab Emirates,2025-12-27,1981-01-11,Standard
C002337,Sean,Johnson,United Arab Emirates,2024-03-20,1971-04-20,Standard
C002338,Peter,Edwards,United Arab Emirates,2024-12-08,1973-08-03,Standard
C002339,Kelsey,Abbott,Saudi Arabia,2024-08-24,1992-03-14,Standard
C002340,Brianna,Brown,United Arab Emirates,2023-05-25,1997-02-09,Standard
C002341,Vincent,Anderson,United States,2023-10-02,1985-08-14,Standard
C002342,Michael,Ellison,Saudi Arabia,2024-05-23,1962-09-14,Standard
C002343,Angel,Ramos,Saudi Arabia,2026-04-17,1965-05-19,Premium
C002344,Dan,Turner,United Arab Emirates,2025-01-22,1980-01-12,Premium
C002345,Robert,Sims,Other,2024-04-21,1998-06-16,Standard
C002346,Suzanne,Jones,United Kingdom,2026-03-22,1962-05-18,Standard
C002347,Darren,Byrd,United Kingdom,2026-02-01,1971-12-27,Premium
C002348,Shelia,Hansen,United Arab Emirates,2026-01-03,2002-05-03,Standard
C002349,Donald,Phillips,Pakistan,2026-02-25,1996-04-07,Premium
C002350,Larry,James,Saudi Arabia,2024-10-27,1962-12-12,Standard
C002351,Stanley,Davis,Pakistan,2024-07-21,2001-07-13,Standard
C002352,Jamie,Walton,Other,2024-06-14,1977-06-25,Premium
C002353,Timothy,Hall,Pakistan,2023-06-08,1982-07-06,Standard
C002354,Thomas,Greene,Other,2024-11-11,1975-01-02,Standard
C002355,Samuel,Keller,United Kingdom,2023-01-23,1981-04-17,Premium
C002356,Heather,Smith,Saudi Arabia,2025-12-06,1974-09-06,Premium
C002357,Luis,Reyes,Other,2024-06-08,1962-08-08,Standard
C002358,Kevin,Pope,Saudi Arabia,2024-12-29,1982-08-03,Standard
C002359,Lisa,Hobbs,Pakistan,2023-05-24,1967-09-19,Standard
C002360,Darin,Harvey,Saudi Arabia,2024-10-29,1969-11-09,Premium
C002361,Melinda,Morgan,Saudi Arabia,2024-11-11,1991-01-19,VIP
C002362,Deborah,Pace,United Arab Emirates,2025-08-30,2001-03-19,Premium
C002363,Erica,Logan,Saudi Arabia,2025-03-09,1999-03-30,Premium
C002364,Frank,Gibson,United Arab Emirates,2023-03-26,1977-02-15,Standard
C002365,Tonya,Murphy,Pakistan,2024-02-20,1989-11-11,Premium
C002366,John,Lee,Saudi Arabia,2024-11-24,2003-10-29,Premium
C002367,Greg,Garcia,Saudi Arabia,2024-04-26,1998-12-28,Premium
C002368,Ethan,Larson,Pakistan,2024-03-31,1993-02-06,Standard
C002369,Anita,Jones,United Arab Emirates,2025-04-06,1993-09-09,Premium
C002370,Susan,Clarke,United Kingdom,2023-10-24,1995-10-09,Standard
C002371,Jesse,Lee,United Kingdom,2026-02-09,1994-08-17,Standard
C002372,Richard,Berry,United States,2026-06-07,1983-05-03,Standard
C002373,Jack,Walsh,United Kingdom,2026-01-24,1976-07-12,Standard
C002374,Danielle,Scott,United Arab Emirates,2025-08-07,1961-06-11,Standard
C002375,Ryan,Fisher,United Kingdom,2024-11-10,1985-06-08,Premium
C002376,Anthony,Hardy,Saudi Arabia,2024-01-13,1960-07-30,Standard
C002377,Christina,Wallace,United Arab Emirates,2026-03-25,1988-10-22,Standard
C002378,James,Sanchez,United States,2024-02-25,2001-05-20,Standard
C002379,Brittany,Robles,United Arab Emirates,2023-04-15,1974-02-05,Premium
C002380,Paul,Brown,United States,2023-11-26,1985-04-03,Standard
C002381,Janet,Collins,United States,2024-03-14,1997-04-17,Standard
C002382,Jamie,Graham,Other,2026-03-01,1978-09-03,Standard
C002383,Karen,Moyer,Other,2024-01-17,2000-05-31,Standard
C002384,Lindsey,Webster,United Arab Emirates,2023-05-18,1987-06-20,Premium
C002385,Bryan,Collins,United Arab Emirates,2025-07-31,1998-05-03,Premium
C002386,Cristian,Mcclure,Pakistan,2025-04-22,1988-04-13,Premium
C002387,Monica,Rowe,United Arab Emirates,2023-09-27,1994-11-21,Standard
C002388,Jacob,Hernandez,Pakistan,2024-01-31,1986-06-24,Standard
C002389,Mark,Parker,United Kingdom,2025-07-01,1991-09-12,Standard
C002390,Stephen,Cooper,United Kingdom,2024-04-08,2005-06-30,Standard
C002391,Jose,Wood,United Arab Emirates,2024-03-25,1987-12-27,Standard
C002392,Michelle,Smith,Saudi Arabia,2026-06-30,1961-01-21,Standard
C002393,Allison,Willis,United Arab Emirates,2023-01-20,1964-06-22,Standard
C002394,Danielle,Gregory,Saudi Arabia,2023-08-27,1982-03-16,VIP
C002395,Candice,Brown,Other,2024-02-22,1971-04-26,Premium
C002396,Cheryl,Hunter,United Arab Emirates,2025-11-20,1985-09-02,Standard
C002397,Brenda,Conley,Saudi Arabia,2026-02-01,1975-04-13,Standard
C002398,Michael,Trevino,Saudi Arabia,2023-07-05,1965-05-21,VIP
C002399,Megan,Henderson,Pakistan,2026-02-25,1975-10-16,Standard
C002400,Christina,Gonzalez,Pakistan,2026-05-18,1983-12-19,Premium
C002401,Lisa,Gonzalez,United Arab Emirates,2023-09-10,1973-06-02,Standard
C002402,Janice,Kerr,Saudi Arabia,2023-01-19,1987-09-17,Premium
C002403,Kenneth,Glover,United Arab Emirates,2024-12-12,2000-01-24,Premium
C002404,Christina,Peterson,United Arab Emirates,2026-03-05,1989-04-25,Standard
C002405,Christopher,Contreras,United Kingdom,2023-08-11,1993-10-07,Standard
C002406,Dennis,Neal,Pakistan,2023-01-03,1992-09-07,Standard
C002407,David,Holden,United Arab Emirates,2026-06-13,1991-08-14,Premium
C002408,Kevin,Greene,Saudi Arabia,2025-05-03,2001-05-20,Standard
C002409,Isaac,Rivera,Other,2023-08-16,1986-12-13,Standard
C002410,Heather,Lane,United Arab Emirates,2025-07-01,1971-06-09,Standard
C002411,William,Mccarty,United Kingdom,2024-05-13,1979-09-29,Premium
C002412,Robert,Jensen,Saudi Arabia,2024-06-04,1981-07-22,Premium
C002413,Devin,Barnes,United Arab Emirates,2024-12-02,1970-07-08,Standard
C002414,Patrick,Martin,Saudi Arabia,2025-07-05,1977-07-26,Standard
C002415,Jacob,Gibson,Pakistan,2026-03-08,1989-02-10,Standard
C002416,Cynthia,Mccormick,Other,2023-10-18,1973-05-17,Standard
C002417,Heather,Williams,United Arab Emirates,2025-12-12,1961-08-17,Standard
C002418,Deanna,Robinson,Saudi Arabia,2026-02-07,1999-05-29,Standard
C002419,Zoe,Smith,Saudi Arabia,2024-12-15,1967-02-25,VIP
C002420,Angela,Walker,United Arab Emirates,2025-08-05,1993-08-23,Standard
C002421,Tracy,Hall,Saudi Arabia,2024-10-09,1973-04-23,Premium
C002422,Donald,Hanson,Saudi Arabia,2025-10-24,1973-01-18,Standard
C002423,Leonard,Allen,United States,2024-11-14,1969-03-12,Standard
C002424,Shannon,Navarro,United Arab Emirates,2025-05-19,2000-08-24,Standard
C002425,Brian,Cisneros,Saudi Arabia,2025-12-06,1962-07-03,Standard
C002426,Michael,Rivera,Other,2023-04-04,1965-06-18,Standard
C002427,Albert,Singh,Saudi Arabia,2025-07-28,1960-04-04,Premium
C002428,Derrick,Harris,Other,2024-07-13,1983-10-11,Standard
C002429,Lisa,Lopez,United Arab Emirates,2023-08-01,2001-05-05,Standard
C002430,Tamara,Fritz,Other,2024-03-11,1960-05-29,Premium
C002431,William,Cox,Pakistan,2025-05-01,1967-09-04,Standard
C002432,Troy,Jones,United States,2024-05-22,1999-08-10,Standard
C002433,Gail,Johnson,Other,2025-04-15,1979-12-03,Standard
C002434,Robert,Wilson,Saudi Arabia,2024-10-12,1961-07-05,Premium
C002435,Mary,Roberts,Other,2023-07-24,2002-05-20,Premium
C002436,Tracy,Lee,United Arab Emirates,2024-01-16,1983-03-27,Standard
C002437,Christopher,Willis,United Arab Emirates,2026-01-01,1986-09-06,Standard
C002438,Anthony,Cannon,United Arab Emirates,2026-01-04,1982-11-21,Premium
C002439,Kathleen,Williams,Pakistan,2023-03-18,1995-08-02,Premium
C002440,Kelly,Johnson,Saudi Arabia,2025-03-26,1980-01-06,Standard
C002441,Joshua,Gonzalez,Pakistan,2025-02-06,1975-12-05,Premium
C002442,Amanda,Thompson,Pakistan,2024-02-14,1988-12-07,Standard
C002443,Gary,Mcclure,United States,2023-04-16,1982-02-04,Standard
C002444,Stephen,Higgins,United States,2024-07-04,1963-08-13,Standard
C002445,Julia,Morgan,United Arab Emirates,2025-04-05,1976-11-05,Standard
C002446,Katie,Spencer,United Arab Emirates,2023-03-29,1978-01-15,Standard
C002447,Andrea,White,Saudi Arabia,2025-05-30,2002-09-06,Premium
C002448,Daniel,Smith,Saudi Arabia,2026-01-05,1969-11-16,Standard
C002449,Danny,Cameron,Saudi Arabia,2026-01-05,1988-03-31,Standard
C002450,Kimberly,Lozano,United Arab Emirates,2024-06-23,1988-07-24,Standard
C002451,Madeline,Smith,Saudi Arabia,2023-09-02,1961-02-04,Premium
C002452,Michael,Byrd,Other,2024-07-31,2005-11-06,Premium
C002453,Lynn,Gray,Pakistan,2025-09-08,1970-07-18,Standard
C002454,Bobby,Cobb,United Arab Emirates,2024-12-17,1988-09-28,Standard
C002455,Jennifer,Rodriguez,Pakistan,2023-05-22,1960-03-25,Standard
C002456,Amy,Boyle,Saudi Arabia,2025-06-11,1964-12-29,Standard
C002457,Veronica,Torres,United Arab Emirates,2026-01-12,1993-01-24,Standard
C002458,Curtis,Allen,Pakistan,2026-03-12,2003-08-13,Standard
C002459,Maria,Pacheco,United Arab Emirates,2023-12-18,1994-05-11,Premium
C002460,Karen,Guerrero,United Arab Emirates,2024-06-28,1987-09-09,Standard
C002461,Kenneth,Pugh,Other,2025-07-01,2001-06-06,Standard
C002462,Yvonne,Rowland,Other,2023-06-01,1984-02-26,Standard
C002463,Shannon,Cuevas,Pakistan,2026-03-27,1980-04-23,Standard
C002464,Michael,Keith,Pakistan,2024-10-14,1966-06-29,Standard
C002465,Lisa,Johns,Pakistan,2025-08-15,1979-05-09,Standard
C002466,Scott,Jones,Saudi Arabia,2025-02-01,1992-06-20,Premium
C002467,Victoria,Thomas,United Arab Emirates,2024-09-15,1980-06-08,Standard
C002468,Kimberly,Glass,Saudi Arabia,2024-10-17,1997-02-03,Standard
C002469,Joel,Norton,United Arab Emirates,2024-03-25,1979-07-01,Standard
C002470,Lisa,Lee,Pakistan,2024-12-21,1986-12-10,VIP
C002471,Brianna,Gray,Saudi Arabia,2026-06-01,1971-10-22,Standard
C002472,Michael,Brooks,Other,2023-02-12,1981-11-26,Premium
C002473,Jennifer,Greene,Other,2023-09-21,1985-11-26,Standard
C002474,Cynthia,Rowland,United Kingdom,2025-10-23,1960-11-14,Standard
C002475,Gabriel,Sanchez,Pakistan,2024-08-18,2001-12-20,Premium
C002476,Donald,Williams,Other,2025-11-05,2003-03-27,Standard
C002477,Jamie,Jensen,Saudi Arabia,2025-12-18,1999-05-08,Standard
C002478,Jamie,Lopez,United States,2025-10-09,2003-08-18,Standard
C002479,Brian,Nichols,Saudi Arabia,2023-06-26,2002-12-27,Premium
C002480,Michael,Clarke,United States,2023-03-04,1990-10-20,Standard
C002481,Juan,Murphy,Saudi Arabia,2025-08-15,1964-05-21,Standard
C002482,Amber,Brown,Other,2025-09-29,1984-10-08,Standard
C002483,Mario,Flynn,Other,2024-07-14,2001-09-16,Standard
C002484,Jane,Salas,Saudi Arabia,2026-06-23,1980-08-15,Standard
C002485,Keith,York,United Arab Emirates,2025-08-12,1980-03-02,Standard
C002486,Joseph,Schmitt,Other,2025-04-29,1967-04-02,Standard
C002487,Michele,Blackwell,United Arab Emirates,2024-08-26,1978-11-25,Standard
C002488,Tricia,Clark,Other,2024-08-28,1997-10-01,Standard
C002489,Erin,Miller,Pakistan,2025-04-09,1966-10-17,Standard
C002490,Cody,Ruiz,United Arab Emirates,2026-05-07,1964-12-25,Standard
C002491,Sydney,Alvarado,Saudi Arabia,2025-01-15,1988-02-14,VIP
C002492,Kristi,Brown,Saudi Arabia,2024-07-11,1970-02-01,Premium
C002493,Samantha,Romero,United States,2023-03-05,1969-12-30,Standard
C002494,Victoria,Potter,United Arab Emirates,2026-06-07,1988-07-23,Premium
C002495,Michelle,Newman,Pakistan,2025-07-30,1987-09-27,Premium
C002496,David,Hicks,United Arab Emirates,2023-09-06,1973-03-23,Standard
C002497,Michelle,Jimenez,Pakistan,2026-06-23,1980-01-30,Standard
C002498,John,Marshall,Other,2025-07-28,2000-01-10,Standard
C002499,Jennifer,Morris,Other,2023-06-06,1985-06-22,Premium
C002500,Maria,Brooks,United Arab Emirates,2025-01-04,2000-09-26,Standard
C002501,Kathleen,Neal,United States,2025-09-11,1999-12-07,Standard
C002502,Erica,Baldwin,United States,2026-01-16,1960-01-17,Standard
C002503,Tracy,Simpson,Pakistan,2025-12-25,1982-09-30,Premium
C002504,Barbara,Adams,Other,2024-10-23,1977-09-24,Standard
C002505,Joseph,Morales,Saudi Arabia,2025-11-09,1976-04-08,Premium
C002506,Robert,Morse,Saudi Arabia,2023-02-02,1967-05-17,Premium
C002507,Shannon,Silva,Other,2024-07-11,2002-08-10,Standard
C002508,Cynthia,Johnson,United Arab Emirates,2023-03-14,1977-02-19,Standard
C002509,Nicole,Robinson,United States,2025-04-04,2002-08-27,Standard
C002510,Christopher,Harris,Other,2026-03-02,1985-12-03,Premium
C002511,Zachary,Roy,Saudi Arabia,2025-12-14,1973-07-13,Premium
C002512,Joshua,Foster,Other,2023-03-02,2000-02-11,Premium
C002513,Sharon,Torres,United Arab Emirates,2023-09-29,1970-05-16,Standard
C002514,Miguel,Oneal,Pakistan,2023-09-03,1961-01-06,Standard
C002515,Stephanie,Duncan,Pakistan,2026-04-14,1979-06-30,Standard
C002516,Mark,Walls,Other,2024-09-19,1975-08-12,Standard
C002517,Aaron,Brooks,Saudi Arabia,2024-12-05,1982-11-08,Premium
C002518,Kim,Pierce,United Arab Emirates,2024-10-23,1967-04-15,Standard
C002519,Jessica,Taylor,United Kingdom,2026-02-28,1978-03-18,Standard
C002520,Jessica,Miller,United Kingdom,2026-01-30,1973-05-10,Standard
C002521,Stephen,Wallace,United Kingdom,2023-11-06,1995-11-04,Standard
C002522,Elizabeth,Bell,Saudi Arabia,2024-05-09,1971-10-25,Standard
C002523,Michael,Silva,Saudi Arabia,2023-12-04,1987-04-14,Standard
C002524,Bryan,Marshall,United Arab Emirates,2024-08-01,1982-09-30,Premium
C002525,Amanda,Oliver,United States,2023-01-10,1977-09-22,Standard
C002526,Jeffery,Simmons,Saudi Arabia,2023-02-18,1963-10-06,Standard
C002527,Russell,Mcdonald,Saudi Arabia,2024-09-14,1991-03-14,Standard
C002528,Jason,Ortiz,Other,2024-12-31,1980-03-29,Premium
C002529,Joseph,Ballard,Saudi Arabia,2025-03-05,1972-01-21,Standard
C002530,Maria,Stewart,Other,2025-08-28,1969-09-16,Premium
C002531,Matthew,Reyes,United Kingdom,2023-05-13,1970-11-21,Standard
C002532,Becky,White,United States,2023-03-24,1985-09-14,Standard
C002533,Ashlee,Hall,Saudi Arabia,2023-02-26,1984-08-10,Standard
C002534,Todd,Brewer,Saudi Arabia,2024-01-11,1970-08-28,Standard
C002535,Matthew,Howard,United Kingdom,2023-12-15,1998-05-09,Premium
C002536,Felicia,Miller,United States,2023-09-28,1968-11-23,Standard
C002537,Brandon,Kirby,United Kingdom,2023-04-21,1960-04-21,Standard
C002538,Cory,Hunt,Saudi Arabia,2025-05-18,1980-04-05,Standard
C002539,Kristen,Schneider,United States,2025-06-05,1966-07-07,Premium
C002540,Steve,Hartman,United States,2023-03-17,1996-02-01,Premium
C002541,David,House,United Kingdom,2026-03-27,1982-11-13,Standard
C002542,Mia,Garcia,United States,2023-11-25,1983-03-10,Standard
C002543,Scott,Jones,United States,2023-05-02,1986-09-09,Premium
C002544,Aaron,Johnson,Pakistan,2023-02-10,1987-09-03,Premium
C002545,Susan,Gonzalez,Saudi Arabia,2026-04-05,1995-06-08,Standard
C002546,James,Gonzalez,United Arab Emirates,2025-07-10,2005-09-07,Standard
C002547,Haley,Murphy,Saudi Arabia,2024-10-03,1972-05-30,Premium
C002548,David,Turner,United Arab Emirates,2025-11-12,1971-09-21,Standard
C002549,Debra,Ochoa,United Arab Emirates,2023-10-06,1973-01-20,Standard
C002550,Erik,Sutton,Saudi Arabia,2025-02-01,1993-05-25,Premium
C002551,Sarah,Hill,United Arab Emirates,2024-04-13,1979-08-18,Standard
C002552,Joshua,Thornton,Saudi Arabia,2023-01-09,1980-02-26,Premium
C002553,Diamond,Bolton,United States,2023-01-13,1970-06-27,Standard
C002554,John,Murillo,Other,2025-07-12,1967-11-22,Premium
C002555,Nathan,Goodwin,Saudi Arabia,2025-07-11,1962-09-25,Standard
C002556,Rebecca,Singh,Other,2025-12-11,2003-08-25,Premium
C002557,Gabriel,Gaines,Pakistan,2026-05-17,2005-08-20,Standard
C002558,Randy,Smith,Saudi Arabia,2026-04-29,2004-06-24,Standard
C002559,Kevin,Evans,Saudi Arabia,2025-12-10,1968-05-23,Standard
C002560,Holly,Short,Pakistan,2024-10-14,1988-08-28,Premium
C002561,Jim,Logan,United States,2024-09-12,1993-01-23,Standard
C002562,Diana,Powell,United Kingdom,2023-07-15,1966-12-18,Standard
C002563,Jane,Sullivan,Saudi Arabia,2024-02-21,1987-06-21,Standard
C002564,Aaron,Carpenter,Saudi Arabia,2024-10-25,1963-11-02,Standard
C002565,Thomas,Rios,United Arab Emirates,2023-05-28,1972-05-19,Standard
C002566,David,Kennedy,Saudi Arabia,2025-09-27,1966-12-26,VIP
C002567,Jeremy,Hunt,Saudi Arabia,2023-12-30,1973-03-09,Standard
C002568,Erin,Juarez,Saudi Arabia,2024-02-06,1981-01-29,Standard
C002569,Albert,Hernandez,United States,2024-08-28,1967-03-14,VIP
C002570,Heather,Sanders,Other,2023-08-17,1981-01-17,Standard
C002571,Lisa,Perez,United Arab Emirates,2024-06-20,1987-10-22,Standard
C002572,Vanessa,Curry,Other,2023-09-25,1978-09-17,Standard
C002573,Robert,Wells,United Arab Emirates,2025-10-31,1973-04-11,Standard
C002574,David,Black,United Arab Emirates,2023-05-06,2003-03-18,Standard
C002575,Chad,Hartman,Saudi Arabia,2023-11-02,2003-05-02,Standard
C002576,Patrick,Todd,Pakistan,2026-01-17,1985-10-27,Premium
C002577,Jessica,Sharp,Other,2024-09-19,1971-05-13,Standard
C002578,Curtis,Murray,Pakistan,2024-11-19,1990-11-28,Standard
C002579,Lawrence,Conner,United Arab Emirates,2025-11-03,1985-12-31,Premium
C002580,Nicole,Edwards,Pakistan,2026-05-17,1977-09-18,Standard
C002581,Derrick,Lopez,Saudi Arabia,2023-10-08,1996-04-18,Premium
C002582,Kiara,Carrillo,Other,2024-03-18,1970-03-01,Standard
C002583,Karen,Wolfe,Pakistan,2025-04-16,1994-10-30,Standard
C002584,Dean,Clark,United Arab Emirates,2024-01-24,1994-03-18,Standard
C002585,Victoria,Cole,Pakistan,2024-09-08,1994-01-02,Standard
C002586,Douglas,Hansen,Pakistan,2023-05-27,1974-07-21,Standard
C002587,Alyssa,Brooks,Saudi Arabia,2024-06-04,1974-09-25,Standard
C002588,Alan,Ray,United Kingdom,2024-09-21,1986-01-01,Standard
C002589,Debra,Anderson,Saudi Arabia,2024-03-09,1996-12-11,Standard
C002590,Scott,Harding,United Kingdom,2023-05-24,2003-02-16,Standard
C002591,Jennifer,Smith,United States,2023-10-16,1972-08-27,Standard
C002592,Courtney,Cochran,United States,2023-01-14,1971-04-25,Standard
C002593,Edward,Flowers,Pakistan,2023-09-14,1984-03-05,Standard
C002594,Robert,Morgan,Pakistan,2026-05-15,1979-02-25,Standard
C002595,Glenda,Barnes,Saudi Arabia,2025-05-07,1967-04-24,Standard
C002596,Michelle,Jennings,United States,2025-07-31,1985-08-21,Standard
C002597,Christopher,Powell,Saudi Arabia,2026-04-10,1987-06-29,Standard
C002598,Craig,Osborne,United Arab Emirates,2024-04-08,1984-10-15,Standard
C002599,Karen,Medina,Saudi Arabia,2023-09-27,1991-11-11,VIP
C002600,Brittany,Nguyen,Saudi Arabia,2026-05-29,1989-06-14,Standard
C002601,Patrick,Johnson,Pakistan,2026-03-21,1983-03-31,Standard
C002602,Sylvia,Floyd,Saudi Arabia,2024-09-14,1993-10-03,Premium
C002603,Leonard,Weeks,United Kingdom,2026-04-21,1962-02-09,Premium
C002604,Donald,Hernandez,United Arab Emirates,2023-03-13,1970-07-21,Premium
C002605,Joshua,Cisneros,Saudi Arabia,2023-03-15,1968-07-15,Standard
C002606,Christopher,Rivera,Pakistan,2023-12-21,1987-02-09,Standard
C002607,Angela,Soto,Saudi Arabia,2024-05-11,1997-01-08,Premium
C002608,Carol,Morrison,Saudi Arabia,2025-09-14,1960-02-08,Premium
C002609,Cathy,Franklin,United Kingdom,2024-08-02,2003-10-24,Standard
C002610,Kimberly,Camacho,Saudi Arabia,2025-06-28,1973-04-19,Standard
C002611,Hannah,Baird,United States,2024-01-08,2004-08-29,VIP
C002612,Melanie,Harris,Saudi Arabia,2023-12-28,1963-12-07,Standard
C002613,Dominique,Myers,Saudi Arabia,2023-04-03,1981-01-23,Standard
C002614,Kevin,Ferguson,United Kingdom,2023-11-20,1996-03-10,Standard
C002615,April,Lopez,United Arab Emirates,2024-01-19,1971-08-22,Standard
C002616,William,Rodriguez,Saudi Arabia,2024-07-28,1985-06-23,Standard
C002617,Julie,Hudson,United Arab Emirates,2025-01-05,1988-12-29,Standard
C002618,Kenneth,Hayes,Saudi Arabia,2025-01-06,1980-12-23,VIP
C002619,Brian,Kline,United States,2023-12-12,1968-07-20,Standard
C002620,Rachael,Davis,United Arab Emirates,2026-01-31,1971-05-21,Standard
C002621,Stephanie,Garcia,United States,2026-05-23,1983-10-27,Premium
C002622,Troy,Tran,Other,2026-04-30,1988-10-31,Standard
C002623,Daniel,Johnson,United Arab Emirates,2024-12-19,1987-01-18,Standard
C002624,Victor,Barker,Other,2025-02-19,1975-03-06,Standard
C002625,Brittney,Burns,United Arab Emirates,2025-10-16,1998-04-11,Standard
C002626,Allison,Lopez,Other,2026-05-02,2001-06-30,Standard
C002627,Tiffany,Jones,Saudi Arabia,2024-10-25,1986-03-25,Standard
C002628,Valerie,Mccarty,United Kingdom,2024-08-22,1970-09-16,Premium
C002629,Sarah,Campbell,United Arab Emirates,2023-01-11,1997-03-09,Premium
C002630,David,Hall,United Arab Emirates,2023-07-06,1990-06-12,Standard
C002631,Michelle,Keller,Pakistan,2024-12-26,1974-05-02,Standard
C002632,Ashley,Jones,United Kingdom,2025-11-04,1973-02-20,Standard
C002633,Michael,Brown,Saudi Arabia,2025-02-16,1998-12-12,Standard
C002634,Felicia,Stone,Saudi Arabia,2024-02-15,2005-09-30,Standard
C002635,Kathryn,Jackson,United Kingdom,2025-08-13,1970-04-24,Premium
C002636,Stephanie,Heath,United Kingdom,2024-08-07,1971-04-04,Standard
C002637,Kaylee,Jenkins,Other,2025-12-11,1979-03-17,Standard
C002638,Alvin,Moore,United States,2025-11-17,1978-10-09,Standard
C002639,Carlos,Rodriguez,Other,2024-07-30,2005-02-23,Standard
C002640,Jose,Herrera,United Kingdom,2025-11-06,1966-08-23,Premium
C002641,Bill,Mendoza,Saudi Arabia,2026-06-06,1999-09-10,Premium
C002642,Bruce,Jones,Saudi Arabia,2025-09-15,1991-01-14,Standard
C002643,Kristina,Friedman,United States,2026-05-18,1974-07-22,Standard
C002644,William,Glenn,Pakistan,2025-01-12,1974-09-06,VIP
C002645,Courtney,Anderson,Saudi Arabia,2026-02-01,1972-11-06,Premium
C002646,Walter,Harris,United Arab Emirates,2023-07-23,1984-08-12,VIP
C002647,Robert,Reynolds,Other,2025-12-12,2001-06-07,Standard
C002648,Jacqueline,Mckinney,Pakistan,2025-08-31,1998-10-26,Standard
C002649,Christopher,Wells,United Arab Emirates,2025-07-28,1989-02-06,Standard
C002650,Amanda,Munoz,United Arab Emirates,2025-12-13,2000-05-21,Standard
C002651,Christina,Crosby,Saudi Arabia,2025-11-20,1961-03-01,Premium
C002652,Joshua,Matthews,United Arab Emirates,2026-03-04,1968-05-02,Standard
C002653,Kyle,Shaw,United Arab Emirates,2025-12-17,1991-06-07,Standard
C002654,William,Cohen,Saudi Arabia,2023-04-15,1990-05-29,Standard
C002655,James,Hill,United States,2023-09-10,1977-01-20,Premium
C002656,Lindsey,Smith,United Arab Emirates,2023-10-22,1963-05-24,Standard
C002657,Amanda,Thomas,United States,2024-10-29,1977-12-23,Standard
C002658,Peter,Brown,Other,2026-03-27,1971-07-15,Standard
C002659,Cynthia,Ross,Saudi Arabia,2024-07-02,1968-03-25,Standard
C002660,Mary,Aguirre,United Kingdom,2024-09-22,1979-03-27,Standard
C002661,Erin,Fox,United Arab Emirates,2025-12-26,1977-12-15,Standard
C002662,Carl,Kent,Other,2023-10-26,1963-03-30,Premium
C002663,Holly,Suarez,Saudi Arabia,2023-04-11,1999-07-05,Standard
C002664,Jessica,Stevens,United Kingdom,2025-12-15,1982-03-08,Standard
C002665,Meghan,Johnston,Pakistan,2023-11-28,1997-12-21,VIP
C002666,Brian,Mclaughlin,Saudi Arabia,2025-04-15,1979-06-26,VIP
C002667,Christopher,Roberts,Saudi Arabia,2024-01-28,1995-06-03,Standard
C002668,Ryan,Ibarra,United Kingdom,2025-05-23,1972-01-01,Standard
C002669,Shawn,Bryant,United Kingdom,2024-01-16,1972-05-04,Standard
C002670,Chelsea,Graves,United Arab Emirates,2023-04-02,2000-05-05,Standard
C002671,Kyle,Dawson,Pakistan,2024-03-22,2005-03-24,VIP
C002672,Judith,Evans,United Arab Emirates,2023-04-19,1965-07-18,Premium
C002673,Joy,Austin,United Kingdom,2023-11-13,1973-04-16,Standard
C002674,David,Patrick,Saudi Arabia,2026-04-06,1974-09-11,Standard
C002675,Jean,Thompson,Other,2024-03-17,1967-11-30,Standard
C002676,Jacqueline,Wright,Saudi Arabia,2023-08-06,1970-05-01,Standard
C002677,Frank,Yoder,United Arab Emirates,2026-05-30,2003-04-24,Standard
C002678,Stephanie,Quinn,Saudi Arabia,2024-11-03,1964-03-08,Standard
C002679,Alexandra,Ellis,Saudi Arabia,2023-10-05,1992-05-12,Standard
C002680,Krista,Bartlett,Pakistan,2025-10-05,1973-10-28,Standard
C002681,Jennifer,White,Saudi Arabia,2024-07-22,1962-04-28,Standard
C002682,Gary,Carroll,United States,2025-10-06,1987-09-15,Standard
C002683,David,Long,Saudi Arabia,2025-05-24,1988-05-10,Standard
C002684,Kimberly,Bautista,United Arab Emirates,2024-04-10,2004-04-06,Premium
C002685,Joseph,Allen,United Arab Emirates,2025-04-18,1994-03-01,Standard
C002686,Olivia,Harrell,Saudi Arabia,2025-01-23,1965-10-22,Standard
C002687,Kelsey,Hill,Saudi Arabia,2025-04-17,1995-05-07,Standard
C002688,Anthony,Fuller,United Arab Emirates,2023-01-30,1972-10-25,Standard
C002689,Lindsay,Carter,United Arab Emirates,2023-12-25,2000-05-25,Standard
C002690,Joseph,Hendricks,United Arab Emirates,2023-03-27,1961-04-17,Standard
C002691,Caleb,Wolfe,Pakistan,2026-06-11,1960-04-23,Standard
C002692,Jennifer,Bowen,Pakistan,2025-01-16,1997-06-25,Standard
C002693,Barbara,Robinson,Saudi Arabia,2023-11-09,1977-09-21,Standard
C002694,Chris,Snyder,United Arab Emirates,2023-12-31,1983-05-10,Standard
C002695,Spencer,Riddle,Other,2025-06-23,1963-04-11,Premium
C002696,Michael,Tran,Pakistan,2024-11-28,2005-01-26,Standard
C002697,Victor,Carney,United Kingdom,2023-05-11,1976-06-22,Standard
C002698,Ashley,Jones,United Arab Emirates,2025-03-13,1967-04-06,Standard
C002699,Michael,Garcia,United States,2025-02-27,1989-08-28,Standard
C002700,Jonathan,Miranda,United States,2023-12-17,1974-09-29,Standard
C002701,Dakota,Nguyen,Pakistan,2023-06-29,2000-04-08,Standard
C002702,Audrey,Hayes,Other,2026-04-01,1999-11-23,Premium
C002703,Jennifer,King,Saudi Arabia,2026-01-24,1990-02-14,Standard
C002704,Jeremy,Hunter,Saudi Arabia,2025-02-12,1969-04-08,Standard
C002705,William,Murray,United States,2024-05-24,1965-05-19,Standard
C002706,Bradley,Jones,United States,2023-12-31,1966-08-24,Standard
C002707,Michelle,Neal,Saudi Arabia,2025-09-07,1967-10-12,Standard
C002708,John,Brady,Saudi Arabia,2023-12-19,1977-12-20,VIP
C002709,Thomas,James,Saudi Arabia,2025-03-10,1999-05-23,Standard
C002710,Patrick,Reese,Saudi Arabia,2026-01-11,1975-12-28,Premium
C002711,Edward,Foley,United States,2026-06-02,2001-06-28,Standard
C002712,Sarah,Sanders,Pakistan,2024-02-16,1998-08-02,Premium
C002713,Meredith,Smith,United Arab Emirates,2025-01-04,1971-12-01,Premium
C002714,Angela,Wilson,United Arab Emirates,2025-09-07,1960-07-03,Premium
C002715,Robin,Stark,Saudi Arabia,2023-04-28,1988-06-06,Premium
C002716,Joy,Murphy,Saudi Arabia,2024-04-26,1999-03-16,Standard
C002717,Robert,Goodman,Pakistan,2023-07-11,1983-02-06,Standard
C002718,Marc,Washington,Other,2024-08-13,1988-07-18,Standard
C002719,Robert,Jones,United States,2024-08-12,1980-07-18,Standard
C002720,Jennifer,Kelley,Saudi Arabia,2024-10-20,1961-08-23,Premium
C002721,Joseph,Allen,Other,2023-04-17,1981-05-14,Standard
C002722,Christian,Dodson,United States,2024-01-17,1996-04-10,Standard
C002723,Nathan,Taylor,United States,2025-02-21,1975-02-28,Standard
C002724,Wayne,Hoover,United Arab Emirates,2024-01-25,2000-03-16,Premium
C002725,Rachel,Skinner,United Arab Emirates,2023-09-01,1983-11-20,Premium
C002726,Harry,Jackson,United Arab Emirates,2024-08-07,1973-12-02,Standard
C002727,Linda,Smith,Saudi Arabia,2025-05-18,1965-08-04,Standard
C002728,Tina,Garcia,Saudi Arabia,2024-04-12,2005-11-01,Standard
C002729,Stephanie,Phillips,Saudi Arabia,2025-05-15,2005-11-21,Standard
C002730,Casey,Nichols,United Arab Emirates,2025-07-22,1996-07-06,Standard
C002731,Steven,Myers,United Kingdom,2026-05-18,1996-09-22,Standard
C002732,Justin,Jones,United Arab Emirates,2024-08-26,1973-02-18,Standard
C002733,Megan,Gallagher,Saudi Arabia,2025-10-11,1969-01-20,Standard
C002734,Mark,Byrd,Other,2026-01-01,1997-07-26,Standard
C002735,Angela,Hernandez,Other,2025-05-09,1967-02-09,Premium
C002736,Alan,Howard,United States,2026-04-24,1992-04-17,Premium
C002737,James,Robinson,Other,2026-06-30,2001-01-09,Standard
C002738,Anne,Johnson,Pakistan,2023-01-13,1993-03-22,Premium
C002739,Kevin,Leonard,Other,2023-10-26,1989-07-09,Standard
C002740,Cindy,Robinson,Saudi Arabia,2026-01-04,1985-04-13,Standard
C002741,Steven,Horton,United Arab Emirates,2025-12-10,2000-01-09,Standard
C002742,Brittany,Copeland,Saudi Arabia,2025-02-25,1987-06-15,Premium
C002743,Trevor,Cain,Saudi Arabia,2023-05-29,1998-04-17,Standard
C002744,Kendra,Davidson,Saudi Arabia,2023-05-02,1993-12-13,Standard
C002745,James,Moran,Pakistan,2026-05-19,1969-08-27,Standard
C002746,Rachel,Prince,United States,2024-06-21,1991-09-28,Premium
C002747,Kathleen,Myers,Pakistan,2026-03-25,1964-06-10,Premium
C002748,John,Parker,Saudi Arabia,2026-06-15,1975-02-09,Standard
C002749,Adam,Williams,United States,2024-01-11,1967-04-11,Premium
C002750,Robert,Smith,Pakistan,2023-03-23,1983-10-26,Standard
C002751,Jesse,Barton,United Arab Emirates,2024-05-06,1998-03-17,VIP
C002752,Michael,Wang,United Kingdom,2023-12-22,1967-04-10,Premium
C002753,Mary,Mcfarland,Saudi Arabia,2025-07-13,2005-08-25,Standard
C002754,Natalie,Brooks,United Arab Emirates,2025-12-03,1976-01-15,Premium
C002755,Stephanie,Allen,Other,2025-10-01,1988-06-23,Standard
C002756,Aaron,Davis,Saudi Arabia,2023-05-03,1983-12-24,VIP
C002757,Diane,Fisher,United Arab Emirates,2024-12-08,1964-01-13,Premium
C002758,Melinda,Hays,Other,2023-11-26,1996-05-12,Standard
C002759,Jessica,Rogers,United Kingdom,2025-09-17,2003-09-16,Standard
C002760,Dalton,Lee,Saudi Arabia,2023-11-19,1993-01-04,Standard
C002761,Alyssa,Caldwell,Saudi Arabia,2026-02-08,1981-01-03,Premium
C002762,John,Walker,Saudi Arabia,2025-02-08,1999-02-06,Premium
C002763,Travis,Khan,Pakistan,2026-01-17,1968-11-25,Standard
C002764,Brian,Robles,United Arab Emirates,2024-03-08,1973-11-02,Standard
C002765,Wendy,Rivas,Saudi Arabia,2024-12-10,1964-09-12,Standard
C002766,Jennifer,Jackson,Other,2025-03-04,1985-03-14,Standard
C002767,Christopher,Jackson,Pakistan,2024-12-12,1998-08-15,Standard
C002768,Samantha,Perry,Saudi Arabia,2026-01-27,1963-08-03,Standard
C002769,Phyllis,Rodriguez,Pakistan,2024-06-22,2003-06-26,Standard
C002770,April,Murphy,United Kingdom,2024-08-23,1971-08-28,Standard
C002771,Jaclyn,Hart,Saudi Arabia,2026-03-15,2003-05-21,Standard
C002772,Nathan,Lopez,Saudi Arabia,2023-09-14,1988-07-12,Premium
C002773,Terri,Clark,United States,2026-04-27,1995-08-17,Standard
C002774,Christopher,Weaver,United Arab Emirates,2026-06-17,1961-04-13,Standard
C002775,Cody,Mcmillan,Pakistan,2025-05-20,1976-03-02,Standard
C002776,Dennis,Martinez,United Arab Emirates,2025-06-17,1993-09-12,Standard
C002777,Lori,Lewis,Saudi Arabia,2025-03-19,2002-10-21,Standard
C002778,Charles,Kelly,Saudi Arabia,2024-11-07,2000-07-10,Standard
C002779,Ashley,Thompson,United Arab Emirates,2023-09-28,1986-05-12,Standard
C002780,Ryan,Morales,Saudi Arabia,2024-07-03,1983-11-24,Premium
C002781,Tamara,Stewart,Saudi Arabia,2026-02-11,1990-02-17,Standard
C002782,Joel,Price,United States,2024-07-21,1981-08-08,Standard
C002783,Jose,Ellis,Other,2025-09-12,1979-05-18,Standard
C002784,Leslie,Jones,United States,2023-12-25,1965-05-25,Standard
C002785,Lauren,Briggs,Other,2026-04-07,1997-02-23,Premium
C002786,Jaclyn,Santos,Saudi Arabia,2025-03-08,1963-04-06,Premium
C002787,Jill,Wood,Other,2025-06-05,1995-02-06,Standard
C002788,Louis,Jones,Saudi Arabia,2026-05-07,1981-04-05,Standard
C002789,Joseph,Robinson,Other,2023-07-30,1988-01-28,Premium
C002790,Charles,Turner,Other,2023-10-14,1968-05-04,Standard
C002791,James,George,United Kingdom,2025-01-12,1992-03-03,Standard
C002792,Kimberly,Bird,Other,2025-11-12,1994-10-12,Standard
C002793,Brenda,Garcia,Pakistan,2026-02-06,2005-09-09,Standard
C002794,Eric,Herrera,Saudi Arabia,2023-10-23,1982-01-08,Premium
C002795,Frank,Mooney,United Arab Emirates,2023-01-06,1973-06-09,Standard
C002796,Steven,Jefferson,Pakistan,2024-07-03,1989-02-04,Standard
C002797,Richard,Jackson,Saudi Arabia,2024-11-11,1967-09-05,Standard
C002798,Amanda,Haley,Pakistan,2025-03-05,1987-11-11,Premium
C002799,Tami,Greene,Other,2023-07-22,1970-10-11,Standard
C002800,Jared,Jarvis,Saudi Arabia,2023-11-21,1987-01-12,Premium
C002801,Kyle,Horton,United States,2025-04-04,1991-03-09,Standard
C002802,Joseph,Gregory,Other,2023-09-01,1982-11-27,Premium
C002803,David,Compton,Other,2023-11-23,2000-01-05,Standard
C002804,Eric,Benson,Other,2025-09-13,1977-10-24,Standard
C002805,Gina,Rivera,Pakistan,2025-12-06,1984-01-18,Standard
C002806,Margaret,Reid,Other,2025-01-30,1990-08-01,Premium
C002807,Heidi,Henson,United States,2025-11-02,1999-12-31,Standard
C002808,Billy,Stewart,Saudi Arabia,2025-06-25,1980-01-18,Standard
C002809,Mary,York,United Arab Emirates,2023-12-31,1993-05-01,Standard
C002810,Mark,Olson,United Kingdom,2026-05-29,2004-05-17,Standard
C002811,Christopher,Rogers,Saudi Arabia,2023-03-14,1966-08-07,Premium
C002812,John,Franklin,Pakistan,2025-12-05,1997-05-02,Standard
C002813,Michael,Richards,United Kingdom,2023-10-01,1984-09-30,Premium
C002814,William,Reyes,Saudi Arabia,2023-07-27,2001-01-15,Standard
C002815,Erica,Davidson,Pakistan,2023-05-04,1977-08-20,VIP
C002816,Jorge,Hall,United States,2025-10-30,1983-10-12,Standard
C002817,Vicki,Matthews,United Arab Emirates,2026-04-25,1997-09-21,Standard
C002818,Anthony,Mcneil,Saudi Arabia,2024-06-26,1996-02-12,Standard
C002819,Richard,Hall,Saudi Arabia,2023-03-01,1986-08-24,Premium
C002820,Shannon,Jensen,United Arab Emirates,2025-06-17,1970-10-31,Standard
C002821,Kaitlin,Mosley,Other,2025-06-04,1977-12-10,Standard
C002822,John,Parker,Saudi Arabia,2025-02-20,1966-06-23,Premium
C002823,Steven,Rojas,Pakistan,2024-03-17,1978-04-04,Premium
C002824,Linda,Todd,Saudi Arabia,2026-05-25,1973-09-09,Premium
C002825,Donald,Harvey,United Arab Emirates,2025-06-29,1970-01-23,Standard
C002826,Alexander,Brown,United States,2025-10-22,1995-05-04,Standard
C002827,Maria,Brooks,United Kingdom,2025-04-11,2001-06-10,Premium
C002828,Toni,Phillips,Saudi Arabia,2025-10-04,1990-07-17,Standard
C002829,David,Hernandez,United Arab Emirates,2024-09-17,1993-06-15,Standard
C002830,Madison,Harris,Saudi Arabia,2026-04-03,1968-11-21,Standard
C002831,Nathan,Johnson,United Arab Emirates,2025-09-24,1972-02-02,VIP
C002832,Crystal,Mclean,United Kingdom,2025-01-03,1977-09-20,Standard
C002833,Deanna,George,Saudi Arabia,2023-04-01,1973-04-10,Premium
C002834,Brandi,Bautista,Saudi Arabia,2023-06-16,1962-11-03,Standard
C002835,Jonathan,Stevenson,United Arab Emirates,2025-08-16,2002-10-21,Premium
C002836,Lisa,Murphy,Other,2023-07-26,1982-08-15,Standard
C002837,Andrew,Ramirez,Other,2025-12-24,1990-04-19,Standard
C002838,Caleb,Schneider,Saudi Arabia,2024-05-30,2002-08-02,Standard
C002839,Rachel,Hodges,United States,2026-03-26,1979-03-10,Premium
C002840,Scott,Meyer,United Arab Emirates,2025-01-16,2001-10-15,Standard
C002841,David,Madden,United Arab Emirates,2023-11-02,2004-06-16,Premium
C002842,Rebecca,Wong,United States,2024-01-30,1975-06-13,Standard
C002843,Maria,Roberts,Other,2026-01-02,2005-02-22,Standard
C002844,Martin,Johnson,Other,2023-07-06,1999-10-14,Standard
C002845,Brad,Bradford,Pakistan,2024-09-14,1988-06-06,Standard
C002846,Steven,Rivera,United Arab Emirates,2024-12-30,2004-09-22,Premium
C002847,Gary,Allen,United States,2023-08-28,1997-05-27,Standard
C002848,Audrey,Ryan,Saudi Arabia,2024-06-16,1991-12-31,VIP
C002849,Lorraine,Knox,Pakistan,2023-05-21,1996-09-12,VIP
C002850,Randall,Ortega,United Arab Emirates,2023-05-19,1971-12-04,Standard
C002851,Anthony,Wright,United Kingdom,2024-04-03,1962-07-22,Standard
C002852,Felicia,Mcdaniel,Saudi Arabia,2023-03-11,1984-01-01,Standard
C002853,Gerald,Ball,Saudi Arabia,2024-01-20,1976-03-03,VIP
C002854,Jason,Franklin,Other,2024-09-21,1994-06-03,Standard
C002855,Jacob,James,Saudi Arabia,2023-07-17,1993-08-14,Standard
C002856,Joshua,Morris,Pakistan,2023-07-24,1989-05-11,Premium
C002857,Nicole,Ramos,Saudi Arabia,2024-07-21,1989-01-19,Standard
C002858,Austin,Smith,Saudi Arabia,2025-09-08,1982-08-14,Standard
C002859,Christine,Kane,Saudi Arabia,2025-03-15,1972-04-01,Standard
C002860,John,Jones,Saudi Arabia,2025-05-08,2005-07-21,Standard
C002861,Kenneth,Lee,Other,2025-05-31,1973-02-08,Standard
C002862,Robert,Walters,Saudi Arabia,2025-08-31,1997-03-02,Standard
C002863,Andrea,Thomas,Other,2024-10-01,1981-07-11,Premium
C002864,Bruce,Harris,Pakistan,2023-11-21,1989-12-30,Standard
C002865,Joshua,Davis,United Arab Emirates,2024-03-17,1989-03-12,Standard
C002866,Derrick,Watkins,Pakistan,2025-03-14,2004-02-19,Standard
C002867,James,Guerra,Pakistan,2023-10-15,1970-03-31,Standard
C002868,Nicole,Frederick,United States,2023-08-14,1965-07-28,Standard
C002869,Alicia,Young,Saudi Arabia,2025-12-23,1965-05-21,Standard
C002870,Crystal,Miller,United Arab Emirates,2025-08-24,1965-01-26,Standard
C002871,Leah,Hardy,Other,2025-07-26,1988-11-16,Standard
C002872,Laura,Collins,Other,2024-07-13,1978-02-13,Standard
C002873,Veronica,Griffith,Other,2024-12-14,1997-12-11,Standard
C002874,Kimberly,Sanchez,United Arab Emirates,2024-05-12,1982-09-25,Standard
C002875,Michael,Thompson,United States,2025-04-28,1991-01-28,Standard
C002876,Amy,Wright,United Arab Emirates,2025-07-14,2005-05-10,Standard
C002877,Todd,Mitchell,United Arab Emirates,2023-03-01,1960-06-13,Standard
C002878,Roberta,West,Saudi Arabia,2023-09-14,1979-01-19,Standard
C002879,Wayne,Reid,Pakistan,2024-07-30,1965-11-07,Standard
C002880,Paul,Nelson,Saudi Arabia,2023-08-27,1987-12-20,Premium
C002881,Hector,Harrington,United Arab Emirates,2023-02-07,1976-07-08,Standard
C002882,Luis,Miller,Other,2023-01-25,1967-04-19,Standard
C002883,Jeffery,Kaufman,Saudi Arabia,2024-02-14,1995-12-12,Standard
C002884,Paula,Sanders,Saudi Arabia,2024-04-05,1993-03-13,Premium
C002885,Kimberly,Jackson,Saudi Arabia,2025-09-14,1976-12-11,Standard
C002886,Brian,Alexander,Other,2023-12-23,1997-07-13,Premium
C002887,Victoria,Wagner,Pakistan,2024-01-18,1973-12-13,Premium
C002888,Alyssa,Moss,United Arab Emirates,2026-03-27,1999-06-14,Standard
C002889,Katie,Wolf,United States,2024-07-22,1980-10-05,Standard
C002890,Yvonne,Weiss,United States,2025-12-07,1964-06-25,Standard
C002891,Terri,Leon,United Arab Emirates,2024-03-08,2000-03-01,Standard
C002892,Craig,Smith,United Kingdom,2023-02-25,1976-05-02,Standard
C002893,Diane,James,United States,2024-07-30,1972-10-14,Premium
C002894,Joseph,Dickerson,United Kingdom,2023-09-25,1974-03-31,Standard
C002895,Lisa,Blake,Saudi Arabia,2023-03-10,1983-09-26,Standard
C002896,Samantha,Dorsey,Other,2025-06-20,2000-12-24,Premium
C002897,Brian,Larson,Pakistan,2025-03-03,1966-06-24,Standard
C002898,Wendy,Hernandez,Saudi Arabia,2023-09-14,1961-01-01,VIP
C002899,Jeffrey,Barber,United Arab Emirates,2024-11-02,2002-11-03,Standard
C002900,Meghan,Scott,Saudi Arabia,2024-05-04,1987-02-15,Standard
C002901,Laura,Ford,Saudi Arabia,2025-01-15,1978-02-01,Standard
C002902,Michael,Chavez,United States,2023-02-18,1960-01-13,Premium
C002903,Mary,Brooks,Saudi Arabia,2023-11-12,1966-05-06,Standard
C002904,Megan,Obrien,United Arab Emirates,2024-02-17,2002-03-30,Premium
C002905,Gregory,Jones,Pakistan,2024-03-09,1980-06-29,Standard
C002906,Brittany,Taylor,Saudi Arabia,2025-10-22,2005-11-19,Premium
C002907,Linda,Harrison,Other,2026-03-14,1960-09-13,Premium
C002908,Heidi,Moore,Saudi Arabia,2024-02-24,2003-07-17,Premium
C002909,Robin,Lopez,United Arab Emirates,2025-04-23,1968-10-17,Standard
C002910,Anthony,Smith,United Arab Emirates,2025-07-04,1976-11-27,Standard
C002911,Jackie,Mason,Saudi Arabia,2024-03-09,1997-02-26,Standard
C002912,Stacey,Swanson,Saudi Arabia,2024-10-04,2004-01-17,Standard
C002913,Anne,Henry,United Kingdom,2023-02-26,1980-05-21,Standard
C002914,Anna,Frost,Other,2025-08-21,2000-09-24,Premium
C002915,Jacob,Bentley,Saudi Arabia,2025-09-03,1995-06-09,Standard
C002916,Vanessa,Waller,United Kingdom,2026-04-16,1988-03-20,Premium
C002917,Nicole,Brooks,United Kingdom,2023-02-15,1970-12-30,Standard
C002918,Travis,Burns,United States,2026-04-08,1976-03-09,Standard
C002919,Kyle,Davidson,United Arab Emirates,2024-02-21,1961-03-18,Standard
C002920,Tracy,Chapman,United Arab Emirates,2025-04-27,1968-01-23,Premium
C002921,Christopher,Ortiz,United Arab Emirates,2023-05-19,1970-10-11,Standard
C002922,Jesse,Williams,United Kingdom,2023-09-04,1961-02-02,Premium
C002923,Jeffery,Dorsey,United States,2026-03-17,2002-12-22,Standard
C002924,Alisha,Cruz,Saudi Arabia,2023-08-18,1968-03-14,Premium
C002925,Aaron,Cunningham,United Arab Emirates,2025-03-02,1977-04-30,Standard
C002926,Samantha,Lee,Other,2024-09-28,1966-01-25,Standard
C002927,James,Graham,United States,2024-01-09,1991-07-20,Standard
C002928,David,Scott,Other,2026-01-08,1967-01-12,Premium
C002929,Jennifer,Gentry,United States,2025-01-07,1960-06-09,Standard
C002930,Samantha,Bowen,United Arab Emirates,2025-12-24,2002-11-04,Premium
C002931,Megan,Hicks,Pakistan,2023-03-29,1982-02-01,Standard
C002932,Marcus,Burns,United Kingdom,2026-01-16,1970-09-09,Premium
C002933,Andrew,Barker,Saudi Arabia,2024-12-13,1969-10-13,Standard
C002934,Brenda,Horton,Pakistan,2026-05-12,1964-12-30,Standard
C002935,Samantha,Curtis,United Kingdom,2024-08-23,1997-09-29,Standard
C002936,Kim,House,Saudi Arabia,2024-06-22,1986-11-15,Premium
C002937,Meghan,Fitzgerald,United States,2023-08-02,1997-10-07,VIP
C002938,Michelle,Allen,Pakistan,2023-03-15,1963-03-22,Standard
C002939,Susan,Johnson,Other,2023-03-02,1981-05-30,Premium
C002940,Nathaniel,Li,Saudi Arabia,2024-11-28,2005-03-19,Standard
C002941,Sheri,Mccoy,Saudi Arabia,2026-05-27,1964-02-08,Premium
C002942,Randall,Rhodes,Pakistan,2023-01-12,1980-11-17,Standard
C002943,Craig,Terry,Saudi Arabia,2025-03-24,2004-03-07,Standard
C002944,Kevin,Brewer,United Kingdom,2023-02-01,1970-02-25,Standard
C002945,Derek,Green,United States,2026-03-29,1964-11-04,Standard
C002946,Eric,Gibson,Saudi Arabia,2025-09-27,1986-01-14,Standard
C002947,Stacy,Becker,Pakistan,2023-08-25,1998-12-13,Premium
C002948,Latoya,King,Pakistan,2026-04-19,2002-10-21,Standard
C002949,Susan,Guzman,United Arab Emirates,2024-07-11,1978-06-06,Premium
C002950,Debra,Lynn,Other,2026-01-08,1990-01-08,Premium
C002951,Grant,Skinner,United States,2024-10-08,1961-01-10,Standard
C002952,Tanya,Smith,United Kingdom,2025-09-13,2002-06-26,Standard
C002953,Heather,Wise,United Kingdom,2025-03-30,1977-01-09,Standard
C002954,Sarah,Newman,United Arab Emirates,2024-04-17,1983-04-05,Premium
C002955,Kristin,Rangel,Other,2023-04-22,1962-12-21,VIP
C002956,Jeffrey,Sanders,United Kingdom,2024-01-18,1995-10-17,Premium
C002957,Brianna,Willis,United Kingdom,2023-01-17,1991-02-18,Standard
C002958,Gregory,Santana,Other,2024-05-07,1990-09-26,Premium
C002959,Kurt,Stone,Saudi Arabia,2025-07-14,1987-07-04,Standard
C002960,Haley,Lopez,United States,2023-04-27,2005-08-03,Standard
C002961,David,Henderson,Saudi Arabia,2025-05-29,1990-03-25,Standard
C002962,Jessica,Gallegos,United Arab Emirates,2023-04-25,1971-11-28,Premium
C002963,Stacy,King,United Arab Emirates,2025-03-24,1973-08-05,VIP
C002964,Stacy,Turner,Other,2024-10-05,1996-12-09,Standard
C002965,Peter,Ponce,Other,2023-12-02,1996-07-06,Premium
C002966,Virginia,Barrett,United Kingdom,2025-07-10,1994-09-23,Premium
C002967,Tammy,Reyes,United Kingdom,2023-05-27,1978-03-21,Standard
C002968,Antonio,Parker,Pakistan,2023-05-02,1980-02-07,Standard
C002969,Carrie,Jenkins,Other,2023-03-22,1966-06-16,Standard
C002970,Samantha,Walter,United Arab Emirates,2024-11-15,1977-05-31,Standard
C002971,Tammy,Luna,United Arab Emirates,2024-10-23,1970-04-01,Standard
C002972,Jeffrey,Davis,Saudi Arabia,2024-01-10,1979-08-08,Standard
C002973,Ariana,Fields,United States,2023-03-04,1961-06-02,Premium
C002974,Sharon,Frank,United Kingdom,2024-05-18,2005-08-04,Standard
C002975,Donald,Cooper,United Arab Emirates,2024-10-29,1995-05-22,Standard
C002976,Julie,Thomas,Saudi Arabia,2024-03-24,2000-07-19,Standard
C002977,John,Goodman,United States,2025-05-17,2004-06-17,Standard
C002978,Toni,Conrad,Saudi Arabia,2024-11-10,1974-12-28,VIP
C002979,Gary,Sanders,United Kingdom,2026-04-04,1971-06-17,Standard
C002980,Nicole,Parker,Other,2024-04-05,1974-02-17,Standard
C002981,Christopher,Benitez,United Arab Emirates,2024-04-03,1986-03-25,Premium
C002982,Jenna,Velasquez,Saudi Arabia,2026-04-27,1987-01-25,Standard
C002983,Danielle,Smith,United Kingdom,2024-04-08,1991-05-23,Premium
C002984,Olivia,Jones,United States,2025-06-30,1990-09-21,Standard
C002985,Sean,Horton,Pakistan,2024-01-14,1966-05-24,Standard
C002986,Joseph,Warren,Other,2025-10-22,1970-01-22,Premium
C002987,John,Pena,Saudi Arabia,2023-12-30,1972-07-12,Standard
C002988,Carlos,Quinn,Pakistan,2023-03-13,2000-12-28,Standard
C002989,Jonathan,Jackson,United Kingdom,2024-09-29,1961-05-15,Standard
C002990,Daniel,Brooks,Other,2026-04-08,1982-02-17,Standard
C002991,Aaron,Padilla,Saudi Arabia,2026-05-13,1982-09-16,Premium
C002992,Paul,Gonzalez,United States,2023-12-03,2003-01-15,Premium
C002993,Jessica,White,Pakistan,2023-07-14,1975-03-06,Standard
C002994,Tanya,Fry,United Arab Emirates,2025-10-08,1968-12-20,Standard
C002995,Nicole,Hayes,Saudi Arabia,2024-10-14,1978-02-08,Premium
C002996,Trevor,Olsen,Other,2023-01-07,1992-02-11,Premium
C002997,Nicholas,Lopez,Saudi Arabia,2025-06-23,1963-08-20,Standard
C002998,Amy,Brown,United Arab Emirates,2025-09-05,1981-04-12,Premium
C002999,Craig,White,Saudi Arabia,2024-07-19,1989-03-15,Standard
C003000,Timothy,Malone,Other,2024-09-07,2004-08-06,Standard
C003001,Michelle,Green,United Kingdom,2024-07-26,1975-10-18,VIP
C003002,Debra,Barrera,United States,2024-08-21,1997-05-29,Standard
C003003,Gloria,Ortiz,Saudi Arabia,2025-02-08,1976-03-15,Standard
C003004,Francisco,Sims,Pakistan,2026-04-16,1972-06-21,Standard
C003005,Charles,Weber,Pakistan,2023-08-30,1966-07-22,Standard
C003006,Megan,Oneill,United States,2026-05-11,1961-10-28,Standard
C003007,Kenneth,Martin,Other,2026-01-08,1993-10-29,Premium
C003008,Lucas,Carter,Saudi Arabia,2025-02-04,1966-02-12,Standard
C003009,Stephanie,Gray,United Kingdom,2024-01-19,1977-05-06,Standard
C003010,Charles,Hill,Saudi Arabia,2024-01-26,1991-06-30,Standard
C003011,George,Peterson,Pakistan,2025-06-14,1977-05-30,Standard
C003012,Nicholas,Richards,Saudi Arabia,2024-11-18,2005-05-04,Standard
C003013,Jessica,Woods,United Arab Emirates,2026-02-23,1997-12-28,Standard
C003014,Amy,Chambers,United Arab Emirates,2023-02-16,1968-01-07,Standard
C003015,Rachael,Garcia,Pakistan,2024-09-10,1980-11-08,VIP
C003016,Christopher,Brown,United Arab Emirates,2024-04-08,1980-11-05,Standard
C003017,Brooke,Walton,United Kingdom,2023-05-03,1971-09-14,Premium
C003018,Christina,Smith,United Arab Emirates,2023-05-14,1973-08-11,Standard
C003019,Timothy,Aguilar,Saudi Arabia,2025-04-20,1982-12-20,Premium
C003020,Anthony,Huerta,United States,2025-04-28,1966-11-09,Standard
C003021,Sherri,Davis,Saudi Arabia,2024-08-29,1976-06-11,Premium
C003022,Frederick,Boyd,United Arab Emirates,2023-01-23,1981-09-30,Standard
C003023,Pamela,Smith,United Kingdom,2024-07-19,1962-07-12,VIP
C003024,Eric,Morrison,United Arab Emirates,2025-02-04,1988-01-20,Standard
C003025,Craig,Hatfield,Saudi Arabia,2025-08-22,1994-02-26,Premium
C003026,Jamie,Juarez,United Arab Emirates,2023-08-23,1968-06-13,Premium
C003027,James,Frederick,Other,2025-09-22,2000-09-07,Premium
C003028,Heidi,Kennedy,Pakistan,2025-12-18,1980-04-12,Standard
C003029,Jennifer,Rogers,United Kingdom,2026-04-02,1962-02-13,Standard
C003030,Jessica,Jordan,Pakistan,2025-04-05,1983-11-05,Premium
C003031,Joseph,Wood,Saudi Arabia,2023-08-04,2004-08-28,Standard
C003032,Juan,Wu,United Arab Emirates,2026-04-21,1963-09-05,Standard
C003033,John,Key,United States,2024-10-18,1987-10-27,Standard
C003034,Brandon,Montoya,Saudi Arabia,2025-07-23,1991-04-07,Standard
C003035,Ashley,Everett,Saudi Arabia,2026-01-18,1981-05-07,Standard
C003036,Mary,Ortega,Saudi Arabia,2023-11-07,1962-07-23,Standard
C003037,Eric,Gray,United Arab Emirates,2024-07-10,1965-06-09,Standard
C003038,Michael,Brown,Other,2025-08-29,1998-05-17,Standard
C003039,Ronald,Kelly,Saudi Arabia,2023-09-14,1974-12-18,Standard
C003040,Kelly,Rivera,Pakistan,2024-06-16,1987-04-15,Premium
C003041,Ebony,Garcia,Saudi Arabia,2023-02-21,2003-01-16,Standard
C003042,Caroline,Bryant,Other,2026-04-09,1964-02-14,Standard
C003043,James,Hale,Saudi Arabia,2025-12-26,1974-09-07,Standard
C003044,Anthony,Hardy,United Arab Emirates,2023-10-27,2003-08-23,VIP
C003045,George,Barron,United Kingdom,2024-11-02,1989-09-11,Standard
C003046,Kelly,Taylor,United Kingdom,2025-02-16,1962-10-07,Standard
C003047,Christopher,Guzman,United Arab Emirates,2025-04-11,2000-11-10,Standard
C003048,Megan,Melton,United Arab Emirates,2023-08-20,1996-11-29,Standard
C003049,Kyle,Ramirez,United Arab Emirates,2025-09-01,1985-08-26,Standard
C003050,Raymond,Lyons,Saudi Arabia,2025-12-27,1970-07-24,Premium
C003051,Tracy,Briggs,Saudi Arabia,2023-01-28,1987-01-03,Standard
C003052,Donna,Richardson,United Arab Emirates,2025-12-10,1987-09-16,Standard
C003053,Christopher,Montgomery,Saudi Arabia,2024-08-13,1991-02-17,Standard
C003054,Amy,Hopkins,Saudi Arabia,2025-02-23,1966-12-28,Premium
C003055,Jackson,Alvarez,United Kingdom,2024-09-11,2002-05-29,Standard
C003056,Nicole,Gutierrez,Other,2024-08-08,1972-01-07,Standard
C003057,Mike,Lopez,Pakistan,2025-09-28,1990-05-12,Standard
C003058,Sean,Andersen,Saudi Arabia,2023-07-03,1985-04-10,Standard
C003059,Jose,Rosario,Saudi Arabia,2025-11-12,1968-05-09,Premium
C003060,Steven,Hess,Other,2023-05-09,1974-07-28,Standard
C003061,Jeremy,Smith,Saudi Arabia,2023-10-18,1992-04-11,Standard
C003062,Joseph,Ward,Saudi Arabia,2024-05-15,1966-12-30,Standard
C003063,Bryan,Williams,Pakistan,2023-07-05,1994-12-15,Standard
C003064,Karen,Aguirre,Pakistan,2024-04-23,1961-04-03,Standard
C003065,Elizabeth,Nguyen,Pakistan,2024-05-06,2002-12-27,Premium
C003066,Christopher,Wallace,Saudi Arabia,2024-05-27,2003-12-27,Standard
C003067,Maurice,Lawson,Saudi Arabia,2025-12-26,1972-12-04,Standard
C003068,Amber,Ross,Other,2024-04-11,1994-01-28,Standard
C003069,Tara,Salazar,Saudi Arabia,2023-10-12,1977-04-05,Premium
C003070,Brittany,Miller,United Kingdom,2024-08-23,1997-02-20,Standard
C003071,Angela,Patterson,United Kingdom,2026-01-28,1987-12-04,VIP
C003072,Mary,Huynh,Pakistan,2023-07-08,1965-04-04,Standard
C003073,Loretta,Galvan,United Arab Emirates,2025-09-15,1996-03-19,Standard
C003074,Robert,Hatfield,Saudi Arabia,2025-06-08,1981-01-24,Standard
C003075,Amanda,Vincent,Pakistan,2024-01-23,1977-03-30,Standard
C003076,Michelle,Stein,Other,2023-08-29,1978-02-24,Standard
C003077,Thomas,Navarro,Other,2024-02-21,1994-10-28,Standard
C003078,Nicole,Carter,Saudi Arabia,2023-06-25,1974-02-02,Standard
C003079,Thomas,Lee,Saudi Arabia,2024-01-22,1988-03-20,Standard
C003080,Christian,Thomas,Other,2025-05-02,1967-02-02,Standard
C003081,Raven,Meyer,United Kingdom,2026-06-10,1971-10-20,Standard
C003082,Jennifer,Armstrong,Other,2024-10-24,1966-02-19,Premium
C003083,Wayne,Vincent,Saudi Arabia,2024-03-27,1997-03-28,Standard
C003084,Rachel,Wagner,Pakistan,2023-10-04,1981-02-10,Premium
C003085,Lauren,Anderson,United Kingdom,2026-06-06,1962-07-27,Standard
C003086,Erica,Robles,United Kingdom,2026-04-09,1971-10-11,Standard
C003087,Christine,Turner,United Arab Emirates,2023-08-01,1970-11-14,VIP
C003088,David,Nunez,Saudi Arabia,2023-02-10,1970-12-13,Standard
C003089,Katherine,Dunn,Pakistan,2026-02-19,1969-05-01,Standard
C003090,Gerald,Baxter,Saudi Arabia,2026-06-04,1997-10-20,Standard
C003091,Tracey,Jackson,United Arab Emirates,2023-10-21,1984-07-15,Standard
C003092,Teresa,Griffin,Other,2024-08-22,2005-07-15,Premium
C003093,Lindsey,Wilson,United Arab Emirates,2024-06-24,1996-08-24,Premium
C003094,David,Bates,United States,2024-03-26,1976-04-16,Standard
C003095,Rodney,Allen,Saudi Arabia,2025-12-20,1968-01-05,Standard
C003096,Vanessa,Lewis,United Kingdom,2026-03-16,1981-11-01,Premium
C003097,Ryan,Mullins,Other,2025-02-28,1979-01-27,Standard
C003098,Wendy,Keller,Saudi Arabia,2023-11-30,1985-01-02,Standard
C003099,Courtney,Davis,Saudi Arabia,2025-06-09,1978-01-13,Standard
C003100,Mary,Graham,United Arab Emirates,2026-03-11,1973-12-09,Standard
C003101,Jonathan,Baldwin,Saudi Arabia,2023-02-13,1984-08-07,Premium
C003102,Renee,Martin,United Kingdom,2023-05-24,1964-04-10,Standard
C003103,Robin,Hickman,Other,2023-11-29,1983-09-01,Standard
C003104,Carl,Orr,United Arab Emirates,2025-09-24,2000-06-24,Standard
C003105,Paul,Miranda,Saudi Arabia,2023-02-24,1970-01-04,Premium
C003106,Ray,Robinson,United Arab Emirates,2025-05-19,2004-03-09,Standard
C003107,Mark,Scott,United Kingdom,2025-03-07,1960-07-28,Premium
C003108,Joshua,Alvarez,Saudi Arabia,2023-11-21,1973-08-23,Premium
C003109,Stephen,Merritt,Pakistan,2023-03-21,1979-07-21,Standard
C003110,Morgan,Martinez,Pakistan,2025-11-20,1987-09-14,Standard
C003111,Kristin,Taylor,Pakistan,2025-09-11,2004-07-09,Standard
C003112,Cindy,Nichols,Saudi Arabia,2026-02-09,1970-11-10,Premium
C003113,Alexandra,Swanson,United Kingdom,2024-07-11,1987-07-27,Premium
C003114,Robert,Davis,Saudi Arabia,2025-05-14,1984-02-22,Standard
C003115,Robert,Holt,Saudi Arabia,2024-12-17,1989-11-22,Standard
C003116,Eddie,Wiggins,Other,2024-04-16,1986-06-03,Standard
C003117,Brianna,Huynh,United Kingdom,2023-03-15,1963-06-04,Premium
C003118,Katherine,Miranda,Saudi Arabia,2024-08-11,1973-01-10,Standard
C003119,Sheila,Burke,Saudi Arabia,2024-07-17,1971-12-12,Standard
C003120,Sara,Schneider,Saudi Arabia,2024-04-11,1965-12-03,Standard
C003121,Anna,Bennett,Saudi Arabia,2024-08-21,1986-11-15,Standard
C003122,Craig,Love,Saudi Arabia,2025-09-18,1965-01-27,Standard
C003123,Justin,Fitzgerald,Saudi Arabia,2025-01-06,1965-02-11,Standard
C003124,Amanda,James,United Arab Emirates,2025-09-20,2005-05-09,Standard
C003125,Maurice,May,United Kingdom,2023-09-05,2002-08-16,Standard
C003126,Robert,Hoffman,Pakistan,2026-02-17,1984-11-24,Premium
C003127,Patrick,Chase,United Kingdom,2023-03-08,1974-05-05,Standard
C003128,Todd,Stokes,Saudi Arabia,2024-07-26,1979-05-30,Standard
C003129,Chelsea,Walker,Other,2024-12-03,1974-06-16,Standard
C003130,Benjamin,Wilson,United States,2024-04-14,1971-08-15,Standard
C003131,Joshua,Miller,United States,2024-05-07,1965-12-04,Standard
C003132,Douglas,Davis,United States,2024-10-24,2001-06-23,VIP
C003133,Charlotte,Yang,Other,2023-10-13,1998-07-28,Standard
C003134,Heather,Pineda,Pakistan,2023-11-08,1967-09-22,Standard
C003135,Benjamin,Garner,Saudi Arabia,2023-11-05,1988-09-03,Standard
C003136,Pamela,Wilson,Pakistan,2025-02-13,1997-06-21,Standard
C003137,Martin,Richardson,United Kingdom,2026-01-25,1986-09-23,Standard
C003138,John,Castaneda,United Kingdom,2025-08-22,1976-05-05,Premium
C003139,Julie,Finley,Pakistan,2026-02-10,1993-05-05,Standard
C003140,Samantha,Ray,Saudi Arabia,2024-03-31,1976-11-20,Standard
C003141,Penny,Smith,United Arab Emirates,2023-05-12,1998-08-05,VIP
C003142,Andrew,Brown,Other,2025-07-18,1979-09-21,Standard
C003143,Lisa,Nichols,Pakistan,2025-08-22,1969-09-15,Standard
C003144,Kevin,Boone,Pakistan,2025-07-17,1962-05-13,Standard
C003145,Juan,Whitney,Saudi Arabia,2023-05-01,2004-03-18,Standard
C003146,Travis,Flores,United Arab Emirates,2026-05-05,1961-10-15,Standard
C003147,Heather,Diaz,Other,2024-09-25,1982-04-04,Premium
C003148,Corey,Shelton,United Kingdom,2025-06-15,1961-03-19,Premium
C003149,Misty,Hogan,United States,2025-02-10,1973-12-24,Premium
C003150,Dennis,Meyer,United Arab Emirates,2025-11-28,1972-02-23,Standard
C003151,Terri,Guzman,Pakistan,2024-07-19,1985-12-07,Premium
C003152,Scott,Walker,Saudi Arabia,2024-05-26,1968-04-27,Standard
C003153,Margaret,Foster,United Kingdom,2026-03-30,1982-09-13,Standard
C003154,Joseph,Medina,United Arab Emirates,2023-10-16,1988-02-21,Standard
C003155,Robert,Murray,United Arab Emirates,2023-07-19,2004-08-02,Standard
C003156,Debbie,Thomas,Pakistan,2024-06-11,1998-03-06,Premium
C003157,Jacob,Hahn,Other,2025-07-05,1967-06-30,Standard
C003158,Jason,Hood,Saudi Arabia,2026-06-25,1964-05-26,Premium
C003159,Madison,Porter,United States,2026-05-26,1968-02-01,Standard
C003160,Joyce,Bryant,Saudi Arabia,2026-01-15,1993-04-30,Standard
C003161,Katherine,Guzman,United Arab Emirates,2026-01-10,1976-03-30,Standard
C003162,Michelle,Thomas,Saudi Arabia,2025-12-21,1991-03-05,Standard
C003163,Lori,Ortega,United Arab Emirates,2025-03-09,2001-09-03,Premium
C003164,Zachary,Solis,Pakistan,2025-12-01,1972-10-26,Standard
C003165,Erik,Warner,Saudi Arabia,2023-01-12,2000-08-31,VIP
C003166,Larry,George,United Arab Emirates,2025-04-12,1990-11-23,Standard
C003167,William,Parker,Other,2025-04-20,1990-07-16,Standard
C003168,Derek,Mooney,Saudi Arabia,2024-10-04,1984-10-08,Standard
C003169,Melissa,Martinez,United States,2026-02-12,1988-04-21,Premium
C003170,Natasha,Shea,United Arab Emirates,2026-05-26,1999-03-20,Standard
C003171,Anthony,Mccarthy,United Kingdom,2023-04-16,1973-06-26,Standard
C003172,James,Mendoza,Saudi Arabia,2024-11-21,1975-11-01,Standard
C003173,Marissa,Poole,Saudi Arabia,2024-06-11,1993-10-17,Standard
C003174,Mary,Simpson,Saudi Arabia,2025-04-25,1987-02-25,Standard
C003175,John,Padilla,Saudi Arabia,2025-06-11,1987-10-11,Standard
C003176,Stephen,Bennett,Saudi Arabia,2024-01-22,1978-05-29,Standard
C003177,Samantha,Zavala,United Kingdom,2026-06-03,2005-05-12,Standard
C003178,Janet,Cook,Other,2024-04-25,1996-07-19,Standard
C003179,Joshua,Carey,United States,2024-02-12,1962-09-29,Standard
C003180,Madison,Clark,United Kingdom,2025-06-16,1977-02-26,Standard
C003181,William,Oconnor,Saudi Arabia,2024-12-11,1991-01-08,Standard
C003182,Cynthia,Cochran,Saudi Arabia,2024-09-30,2001-01-05,Standard
C003183,David,Graves,United Arab Emirates,2025-11-10,1979-03-19,Standard
C003184,Anthony,Williams,Saudi Arabia,2025-03-25,1983-07-04,Standard
C003185,Nathan,Grimes,Pakistan,2025-07-06,2003-11-02,Standard
C003186,Brooke,White,Pakistan,2023-07-22,1975-02-15,Standard
C003187,Gregory,Freeman,United Arab Emirates,2024-02-21,1974-05-17,Standard
C003188,Monica,Myers,United Arab Emirates,2024-02-20,1980-07-26,Standard
C003189,Brenda,Joyce,United States,2023-03-26,1960-11-15,Premium
C003190,Michael,Hopkins,United States,2023-06-16,1988-07-08,Standard
C003191,Frank,Allison,United Arab Emirates,2024-01-19,1969-11-09,Standard
C003192,Patricia,Ritter,Other,2024-04-12,1974-06-15,Standard
C003193,Kaitlyn,Kelley,Other,2025-12-31,2002-06-03,Standard
C003194,Haley,Rogers,United Arab Emirates,2025-03-20,1993-12-11,Standard
C003195,Justin,Gregory,United Arab Emirates,2025-09-23,1960-10-09,Premium
C003196,Paul,Mooney,Pakistan,2024-04-17,1998-05-31,Standard
C003197,Frank,Todd,Other,2025-09-19,2001-11-23,VIP
C003198,Ashley,Myers,Other,2023-10-02,1974-02-22,Standard
C003199,Tammie,Rose,Saudi Arabia,2025-11-09,1979-07-01,Premium
C003200,Mercedes,Campbell,United Arab Emirates,2024-05-04,2000-03-08,Premium
C003201,Deborah,Horton,Pakistan,2023-11-22,2004-10-29,Standard
C003202,Erica,Lee,Pakistan,2024-06-12,1973-05-28,Standard
C003203,Joseph,Chase,Saudi Arabia,2025-06-10,2005-03-19,Standard
C003204,Robert,Long,Other,2023-03-30,1963-07-17,Premium
C003205,Andrew,Anderson,United Kingdom,2024-04-30,1979-01-18,Standard
C003206,Kimberly,Goodwin,United States,2024-12-08,2005-01-08,Standard
C003207,Katrina,Carpenter,Other,2023-12-16,1986-09-01,Standard
C003208,Alan,Trujillo,United Kingdom,2026-01-12,1994-05-21,Standard
C003209,Rhonda,Horn,United Arab Emirates,2024-01-22,1987-04-22,Premium
C003210,Deborah,Mckinney,Pakistan,2023-03-28,1977-03-08,Standard
C003211,Carolyn,Ellis,Saudi Arabia,2023-11-03,1982-04-27,Standard
C003212,Alan,Martin,United Kingdom,2026-03-23,1981-10-30,Standard
C003213,Johnny,Taylor,Saudi Arabia,2024-03-15,2001-12-24,Standard
C003214,Linda,Dominguez,United Kingdom,2025-01-09,1960-02-07,Premium
C003215,Kevin,Carter,Saudi Arabia,2023-09-21,1976-05-26,Premium
C003216,Tammy,Thomas,Saudi Arabia,2025-09-03,1974-11-21,Standard
C003217,Dawn,Robinson,Saudi Arabia,2025-01-04,2003-01-30,Standard
C003218,Rodney,Goodman,Saudi Arabia,2024-02-25,1989-09-21,Premium
C003219,Nicholas,Moss,United Kingdom,2024-05-07,1961-04-18,Standard
C003220,Michael,Smith,United Kingdom,2024-09-24,1960-02-28,Standard
C003221,Johnathan,Barber,Pakistan,2025-09-19,1967-03-21,Standard
C003222,Steven,Johnston,Saudi Arabia,2024-02-15,2000-08-12,Standard
C003223,Erica,Gregory,Saudi Arabia,2023-06-22,2002-08-25,Standard
C003224,Madison,Hinton,Saudi Arabia,2023-01-04,1979-12-23,VIP
C003225,Randy,Hernandez,Saudi Arabia,2025-05-03,1994-09-09,Standard
C003226,Curtis,Clements,Other,2025-09-12,1986-08-17,Standard
C003227,William,Simmons,Saudi Arabia,2026-02-07,1967-04-28,Standard
C003228,Eileen,Skinner,United Arab Emirates,2025-11-26,2003-04-01,Premium
C003229,Megan,Howe,Saudi Arabia,2024-08-05,1990-04-18,Standard
C003230,Nicholas,Davis,Saudi Arabia,2025-11-20,1990-03-10,Standard
C003231,Deborah,Mccann,Pakistan,2024-01-16,1965-09-07,Standard
C003232,Chelsea,White,Pakistan,2025-10-31,1973-02-08,Premium
C003233,Kenneth,Williams,Saudi Arabia,2023-12-10,1980-07-08,Standard
C003234,Daniel,Baird,Saudi Arabia,2023-06-15,1967-01-25,Standard
C003235,Caleb,Santos,United Arab Emirates,2024-11-30,2002-09-17,Standard
C003236,Vanessa,Watkins,Saudi Arabia,2023-12-08,1999-03-30,Standard
C003237,Danielle,Booker,Saudi Arabia,2025-11-08,1988-06-26,VIP
C003238,Michelle,Sims,Other,2025-09-06,1990-07-28,Standard
C003239,Jose,Powell,Pakistan,2026-04-22,1962-07-21,Standard
C003240,Jennifer,Johnson,Pakistan,2024-06-28,1983-12-14,Standard
C003241,Patricia,Allen,United Arab Emirates,2025-10-30,2002-08-25,Standard
C003242,Kent,Burns,United Arab Emirates,2023-07-11,2001-02-09,Standard
C003243,Edward,Watts,Pakistan,2023-11-16,2004-02-07,Premium
C003244,Kathy,Blevins,United Kingdom,2024-08-02,1963-01-09,Standard
C003245,Rachel,Delgado,United Kingdom,2024-04-19,1995-06-02,Standard
C003246,Linda,Bennett,Saudi Arabia,2024-09-28,1986-04-15,VIP
C003247,Leah,Holt,Pakistan,2024-03-02,1969-12-25,Standard
C003248,Carol,Pope,United Arab Emirates,2025-12-18,2000-12-16,Standard
C003249,Donna,Barrett,Other,2023-04-07,2000-09-25,Standard
C003250,Erin,Strickland,Pakistan,2024-05-10,1985-01-14,Premium
C003251,Jennifer,Hancock,Pakistan,2024-10-22,1967-09-03,Standard
C003252,Diana,Santos,Saudi Arabia,2023-01-09,2004-10-21,Standard
C003253,Whitney,Hill,Pakistan,2024-04-01,1976-09-18,Standard
C003254,Jordan,Delgado,Saudi Arabia,2023-09-30,1967-07-12,Standard
C003255,Robert,Richardson,United Arab Emirates,2025-07-28,1987-11-16,Standard
C003256,Paul,Wilson,Saudi Arabia,2025-10-28,1963-09-23,Standard
C003257,Austin,Miller,United Kingdom,2023-07-27,1970-05-01,Standard
C003258,Jean,Burns,Saudi Arabia,2026-02-20,1996-12-12,Standard
C003259,Ashley,Barnett,United Arab Emirates,2025-11-22,1965-08-26,Premium
C003260,James,Hicks,Other,2023-07-23,1975-05-18,Standard
C003261,Jessica,Johnson,Saudi Arabia,2024-06-01,1981-11-01,Standard
C003262,Jeffrey,Berry,Pakistan,2024-05-31,1990-01-03,Standard
C003263,Amanda,Armstrong,United Arab Emirates,2024-03-18,2001-12-15,Standard
C003264,Kristen,Hill,Saudi Arabia,2024-11-19,1977-02-03,Standard
C003265,Rebecca,Mcgee,United States,2025-04-29,1986-03-05,Standard
C003266,Emily,Bauer,Saudi Arabia,2025-04-12,2000-03-15,Standard
C003267,William,White,United Arab Emirates,2023-12-05,1982-10-22,Standard
C003268,Megan,Washington,Pakistan,2026-03-05,1973-06-24,Standard
C003269,Mary,Newman,Pakistan,2024-01-22,1977-09-15,Standard
C003270,Nancy,Hamilton,United Kingdom,2025-11-14,1976-08-20,Standard
C003271,Howard,Duncan,Saudi Arabia,2024-05-20,1981-11-27,Standard
C003272,Connor,Garcia,Saudi Arabia,2024-11-10,2001-11-24,Standard
C003273,David,Brown,United Kingdom,2024-11-20,2005-01-21,Premium
C003274,Jonathan,Stout,Pakistan,2025-06-03,1983-10-02,Premium
C003275,Lindsey,Pope,United States,2026-01-23,1993-09-07,Standard
C003276,Kathryn,Lopez,United States,2024-09-14,2001-06-02,Standard
C003277,Isaac,Hess,United States,2026-03-15,1978-03-26,Standard
C003278,Erin,Smith,United Arab Emirates,2025-06-11,1974-05-13,Standard
C003279,Matthew,Hawkins,United Arab Emirates,2025-08-10,1979-01-28,VIP
C003280,Christopher,Herrera,United States,2026-06-08,1978-03-28,Standard
C003281,Michael,Burnett,United Arab Emirates,2025-02-22,1993-12-29,Standard
C003282,Julie,Freeman,Saudi Arabia,2024-05-09,1961-05-25,Premium
C003283,Kurt,Stone,Other,2025-11-27,1983-08-02,Standard
C003284,Kristin,Richards,Other,2025-01-16,1966-08-29,Standard
C003285,Mark,Reeves,United Arab Emirates,2024-03-12,1965-03-21,Standard
C003286,Jorge,Tyler,Saudi Arabia,2023-12-11,2002-08-02,Standard
C003287,Kelly,Martinez,United Arab Emirates,2026-03-29,2005-01-12,Standard
C003288,Melissa,Mullins,United States,2024-07-03,1973-06-29,Premium
C003289,Thomas,Sheppard,Other,2025-03-30,1972-11-23,Standard
C003290,Michelle,Merritt,Saudi Arabia,2024-06-24,1991-08-06,Standard
C003291,Brandy,White,Saudi Arabia,2023-05-24,1976-10-07,Premium
C003292,Sheryl,George,Other,2024-08-10,1981-06-16,Standard
C003293,Charles,White,United Arab Emirates,2024-10-18,2002-08-31,Standard
C003294,Pamela,Peters,Pakistan,2023-12-11,1976-09-22,Standard
C003295,Vincent,Mcbride,Other,2024-11-26,1987-02-17,Standard
C003296,Mikayla,Martinez,Saudi Arabia,2023-09-25,1978-03-26,Standard
C003297,Patrick,Anderson,Pakistan,2023-06-18,1963-05-23,Premium
C003298,Kenneth,Harris,Saudi Arabia,2023-02-02,2001-03-30,Standard
C003299,Brian,Martin,United Arab Emirates,2024-01-12,1975-05-22,Standard
C003300,Melissa,Hart,United States,2026-05-22,1964-01-26,Standard
C003301,Derrick,York,United Arab Emirates,2024-01-28,1972-10-25,Premium
C003302,James,Johnson,Other,2024-05-03,1991-06-17,Standard
C003303,Robert,Whitney,Pakistan,2024-12-22,1972-03-28,Premium
C003304,Ashley,Hunter,United Arab Emirates,2025-08-03,1992-02-05,Standard
C003305,Rebecca,Cox,Saudi Arabia,2025-11-18,1998-01-09,Premium
C003306,Stephen,Stephens,United Arab Emirates,2023-02-08,1979-08-26,Premium
C003307,Leslie,Henderson,United Arab Emirates,2026-04-11,1996-02-22,Premium
C003308,Jennifer,Landry,Saudi Arabia,2025-11-06,1974-11-24,Standard
C003309,Kimberly,Smith,United Arab Emirates,2025-12-15,1992-02-01,Standard
C003310,Tony,Turner,United Arab Emirates,2023-08-14,1974-10-11,Standard
C003311,Crystal,Shah,United Kingdom,2023-03-08,1964-06-09,Standard
C003312,Gregory,Stone,United Kingdom,2026-05-05,1971-06-22,Premium
C003313,Cynthia,Patton,United Kingdom,2025-04-14,1973-11-02,Standard
C003314,Adam,Hopkins,Saudi Arabia,2025-11-12,1963-02-04,Standard
C003315,Joshua,Wallace,Saudi Arabia,2025-09-25,1998-07-11,Standard
C003316,Kathleen,Ray,United Kingdom,2023-08-25,1992-09-05,Standard
C003317,Gary,Neal,United Arab Emirates,2025-08-14,1965-10-19,Standard
C003318,Kathy,Mills,Saudi Arabia,2025-07-07,1961-10-25,Standard
C003319,Tracy,Andersen,United States,2026-03-07,2003-01-30,Premium
C003320,Kathryn,Bell,United States,2024-04-17,1986-09-24,Standard
C003321,Christopher,Medina,Pakistan,2024-07-06,1982-01-18,Standard
C003322,Christina,Clark,Saudi Arabia,2024-11-25,1970-07-12,Standard
C003323,Cynthia,Garcia,United States,2026-06-06,1996-12-13,Premium
C003324,Richard,Weiss,Pakistan,2023-11-13,1977-04-02,Standard
C003325,Tammy,Young,United States,2024-08-20,1992-07-16,Standard
C003326,Patrick,Lopez,United States,2025-02-06,2005-02-15,Standard
C003327,Benjamin,Evans,United States,2025-06-04,1966-04-07,Standard
C003328,James,Wall,Pakistan,2024-07-14,1981-05-06,Standard
C003329,Nathan,Bernard,Saudi Arabia,2026-05-09,1979-11-20,Premium
C003330,Alexis,Guzman,United Kingdom,2023-09-15,1994-12-25,Standard
C003331,Marco,Robinson,Pakistan,2026-04-16,1984-01-05,Standard
C003332,Martha,Howard,United Kingdom,2025-01-26,1980-03-21,Standard
C003333,James,Anderson,Saudi Arabia,2023-05-03,2000-09-09,Standard
C003334,Erica,Dean,Saudi Arabia,2023-12-08,1983-03-05,Standard
C003335,Courtney,Jones,Other,2026-04-09,1973-05-13,Premium
C003336,John,Scott,United Kingdom,2025-12-18,2003-11-09,Standard
C003337,Heather,James,Other,2023-09-17,2002-12-17,Standard
C003338,Maxwell,Mckee,United States,2023-04-05,1985-08-24,Standard
C003339,David,Ross,Pakistan,2026-02-22,1961-02-17,Premium
C003340,Patrick,Miller,United Kingdom,2023-02-10,2000-04-14,Standard
C003341,Brianna,King,Other,2023-09-11,1979-07-21,Standard
C003342,Gary,Coleman,Pakistan,2023-01-07,1996-02-03,Standard
C003343,Madison,Neal,Pakistan,2024-12-28,2004-06-03,VIP
C003344,Kenneth,Herrera,Saudi Arabia,2023-03-10,1965-04-30,Standard
C003345,Kelly,Jones,United Arab Emirates,2026-01-09,1960-07-10,Standard
C003346,Jessica,Oconnor,United Kingdom,2024-06-25,2004-12-19,Premium
C003347,Caitlyn,Cowan,Saudi Arabia,2023-03-30,1998-10-23,Standard
C003348,Matthew,Terry,Saudi Arabia,2026-05-16,1987-07-09,Standard
C003349,Pamela,Lee,United Arab Emirates,2023-08-01,1976-02-18,Standard
C003350,Wendy,Watson,Saudi Arabia,2025-04-13,1969-06-11,Standard
C003351,Matthew,Sandoval,Saudi Arabia,2023-09-23,1982-10-19,Standard
C003352,Rachel,Hoover,United Arab Emirates,2025-06-30,1976-03-06,VIP
C003353,Michael,Jacobs,Other,2023-10-20,1993-12-06,Premium
C003354,Jacob,Barnes,Pakistan,2026-05-15,1965-04-25,Premium
C003355,Stacy,Hernandez,Saudi Arabia,2023-11-29,1971-07-23,Standard
C003356,Samantha,Riddle,Saudi Arabia,2026-01-05,1977-11-30,Standard
C003357,Richard,Hamilton,United Kingdom,2025-10-01,1998-05-13,Standard
C003358,Jeremy,Johnson,United Arab Emirates,2023-02-16,1965-10-22,Standard
C003359,Jessica,Munoz,United States,2024-09-13,1992-02-08,Standard
C003360,David,Jones,United Kingdom,2026-05-08,1975-06-27,Standard
C003361,Jessica,Martinez,United States,2024-03-02,1984-07-20,Standard
C003362,Brittany,Rodriguez,Saudi Arabia,2023-07-29,2003-02-28,Standard
C003363,Gary,Kelley,United Kingdom,2025-06-06,2003-06-17,VIP
C003364,Michael,Jones,Saudi Arabia,2023-06-03,1990-05-02,Standard
C003365,Debra,Bowman,Other,2024-02-19,1966-03-21,Standard
C003366,Benjamin,Cox,Pakistan,2026-03-26,1964-05-26,Standard
C003367,Nancy,Cook,United Arab Emirates,2026-01-05,2002-12-05,Standard
C003368,Jonathan,Nelson,Saudi Arabia,2025-02-07,1970-01-13,Standard
C003369,Amanda,Melton,Saudi Arabia,2025-09-09,2004-08-25,Standard
C003370,Brandon,Perez,United Kingdom,2026-02-28,1976-01-09,Standard
C003371,Virginia,Smith,Saudi Arabia,2024-08-01,1974-12-15,Standard
C003372,Ebony,Bennett,Pakistan,2025-01-09,1971-09-10,Premium
C003373,Desiree,Novak,Saudi Arabia,2023-06-12,2002-12-23,Standard
C003374,Andrew,Gray,United Kingdom,2025-11-04,1969-06-24,Standard
C003375,Hannah,Garcia,United States,2026-06-09,2002-05-14,Standard
C003376,Robert,Frost,United States,2023-07-14,1960-12-13,Standard
C003377,Omar,Thompson,United States,2024-06-25,2004-11-09,Premium
C003378,Amy,Chandler,Saudi Arabia,2023-12-25,1960-03-03,Standard
C003379,Thomas,Parker,Saudi Arabia,2025-04-29,1964-11-18,Standard
C003380,Eric,Nicholson,United Kingdom,2024-03-02,1983-01-17,Standard
C003381,Heather,Burns,United Arab Emirates,2024-05-11,1977-12-23,Premium
C003382,Crystal,Rice,United Arab Emirates,2025-04-07,1989-10-07,Standard
C003383,Kevin,Graves,Saudi Arabia,2024-04-30,2001-12-09,Premium
C003384,Dorothy,Grimes,Saudi Arabia,2023-11-26,1963-05-19,Standard
C003385,Elaine,Arnold,Saudi Arabia,2025-06-07,1965-06-07,Premium
C003386,Joseph,Lawson,Other,2025-09-17,1965-05-06,Premium
C003387,Catherine,Mosley,Saudi Arabia,2026-03-16,1969-01-04,Standard
C003388,Derrick,Jackson,Pakistan,2023-09-16,1983-05-28,Standard
C003389,Maria,Potts,Saudi Arabia,2023-10-19,1999-09-17,Standard
C003390,Daniel,Price,United Kingdom,2023-05-23,1992-04-09,Standard
C003391,Jennifer,Reed,United Arab Emirates,2025-01-16,1962-08-26,Standard
C003392,David,Figueroa,Other,2024-09-18,2005-07-08,Standard
C003393,Daniel,Faulkner,Other,2023-03-31,1971-08-05,Standard
C003394,Daniel,Schmidt,United Arab Emirates,2024-12-20,1982-10-30,Standard
C003395,James,Wheeler,Other,2026-04-02,1980-02-14,Standard
C003396,James,Atkinson,Other,2024-04-25,1996-08-07,Standard
C003397,Jose,Woods,United States,2023-03-25,2001-08-14,Standard
C003398,Alexandra,Anderson,United States,2026-01-05,2003-12-31,Premium
C003399,James,Smith,Saudi Arabia,2024-11-03,1983-11-30,Premium
C003400,Jade,Palmer,Pakistan,2024-05-31,1984-04-27,Premium
C003401,Kenneth,Moore,Saudi Arabia,2024-04-29,1962-10-22,Standard
C003402,Benjamin,Martinez,Saudi Arabia,2025-02-20,1993-05-24,Standard
C003403,Tyler,Gray,Other,2023-04-14,1969-03-13,Standard
C003404,Jared,Moss,United Arab Emirates,2023-12-05,1974-05-24,Standard
C003405,Sarah,Brown,United Kingdom,2024-11-17,1968-01-30,Standard
C003406,Mark,Swanson,United States,2025-06-18,1980-03-25,Standard
C003407,Aaron,Villegas,Other,2024-08-29,2000-02-26,Premium
C003408,Emily,Zimmerman,Other,2023-08-11,2000-12-08,Standard
C003409,Rebecca,Wright,Saudi Arabia,2025-10-29,1998-12-14,Standard
C003410,Mary,Franklin,Saudi Arabia,2025-12-12,2002-10-11,Premium
C003411,Elizabeth,Mann,United Arab Emirates,2026-01-05,1964-10-01,Standard
C003412,Edward,White,Saudi Arabia,2024-05-17,1977-06-09,Standard
C003413,Christopher,Andersen,Saudi Arabia,2025-04-01,1979-07-07,Standard
C003414,William,Lindsey,United Arab Emirates,2024-09-15,1967-12-22,Premium
C003415,Jennifer,Shaw,United States,2023-06-14,2002-05-04,Standard
C003416,Craig,Hill,Pakistan,2025-11-16,1994-07-07,Standard
C003417,Jonathan,Patterson,United Arab Emirates,2025-12-29,1963-05-27,Standard
C003418,Jerry,David,United Kingdom,2026-05-26,2002-10-23,Standard
C003419,Vanessa,Keith,Saudi Arabia,2026-02-21,1987-09-04,Standard
C003420,Kenneth,Cervantes,Saudi Arabia,2023-01-19,1982-03-04,Standard
C003421,Steven,Torres,United States,2025-11-11,1969-05-05,Standard
C003422,Cory,Hodge,Pakistan,2025-09-15,1991-11-06,Standard
C003423,Gregg,Meza,United States,2024-03-25,1996-03-23,Standard
C003424,Benjamin,Russell,Saudi Arabia,2024-07-05,2001-07-27,Standard
C003425,Kelly,Edwards,United States,2025-12-07,1979-08-09,Standard
C003426,Laurie,Davis,Pakistan,2024-11-25,1990-06-15,Standard
C003427,Larry,Miller,Pakistan,2024-08-09,1973-07-31,Standard
C003428,Joanna,Blair,Pakistan,2024-12-21,1962-02-27,Standard
C003429,Cody,Duffy,Other,2026-04-21,1996-07-20,Standard
C003430,Katherine,Martin,Pakistan,2023-04-17,1966-09-12,Premium
C003431,Brandon,Brown,Pakistan,2026-04-26,2004-04-22,Premium
C003432,Melissa,Paul,Other,2025-02-14,1983-12-18,Standard
C003433,Elizabeth,Spencer,United States,2026-01-14,1996-10-18,Premium
C003434,George,Vasquez,United Arab Emirates,2026-03-06,1993-02-12,Standard
C003435,Michael,Baxter,United Kingdom,2025-06-16,1977-10-17,Premium
C003436,Samuel,Hayden,United Arab Emirates,2023-12-02,2000-06-06,Standard
C003437,Christy,Coleman,Saudi Arabia,2024-08-29,1991-01-15,Standard
C003438,Natalie,Romero,Pakistan,2025-04-17,2003-04-24,Standard
C003439,Christopher,Cross,Other,2024-08-24,2003-03-20,Standard
C003440,Lisa,Castillo,Other,2024-02-07,1974-07-17,Standard
C003441,Ian,Robertson,United Arab Emirates,2024-06-23,1991-05-10,Standard
C003442,Richard,Cuevas,Pakistan,2025-12-31,1999-11-26,Standard
C003443,Suzanne,Barron,Saudi Arabia,2023-01-24,2003-09-04,Premium
C003444,Joseph,Wolfe,Other,2024-09-15,1966-11-05,Standard
C003445,Paul,Sullivan,Other,2025-12-15,2000-04-18,Standard
C003446,Melissa,Jensen,Pakistan,2025-09-12,1967-09-30,Premium
C003447,Lauren,Bartlett,United States,2023-08-11,1960-02-17,Standard
C003448,Deborah,Reese,United Kingdom,2023-06-28,1966-06-22,Premium
C003449,Laura,Klein,Pakistan,2025-03-10,1995-03-22,Standard
C003450,Daniel,Park,Saudi Arabia,2024-03-09,1982-05-22,Standard
C003451,Heather,Brady,United Arab Emirates,2025-03-03,1996-07-17,Standard
C003452,Brian,Sanchez,United Kingdom,2025-06-02,1981-09-18,Standard
C003453,Sherri,Stevenson,United Kingdom,2024-05-06,1995-02-27,Standard
C003454,Erik,Tapia,United Arab Emirates,2026-04-27,1992-06-05,Standard
C003455,Robert,Morrow,Other,2025-03-20,1983-07-13,Standard
C003456,Brittany,Beard,Saudi Arabia,2025-08-18,1996-09-26,Standard
C003457,Leah,Rice,Pakistan,2024-02-24,1965-09-17,Standard
C003458,Erika,Lynch,United Kingdom,2026-06-26,1988-07-11,Standard
C003459,Howard,Lawson,United Kingdom,2024-10-10,1991-10-07,Premium
C003460,Noah,Oconnell,Pakistan,2026-04-02,1990-08-13,Standard
C003461,Michael,Craig,Saudi Arabia,2024-04-20,1995-02-21,Premium
C003462,Anthony,Macias,Saudi Arabia,2023-06-19,2005-01-10,Standard
C003463,Gabrielle,Mills,Pakistan,2023-06-23,1968-08-19,Premium
C003464,Mary,Walker,Pakistan,2024-04-14,1985-03-10,Standard
C003465,Teresa,Jones,Saudi Arabia,2023-12-11,1987-12-28,Standard
C003466,David,Franco,United Kingdom,2024-03-20,1988-02-16,Standard
C003467,Samantha,Palmer,United Arab Emirates,2025-11-07,1962-01-21,Standard
C003468,Daniel,Farley,United Kingdom,2025-12-29,1984-03-24,Standard
C003469,Robert,Henderson,United States,2024-09-19,2004-05-29,Standard
C003470,Brandon,Gray,Saudi Arabia,2024-08-14,1988-05-01,Standard
C003471,Jose,Brooks,Saudi Arabia,2024-06-10,1976-11-19,Standard
C003472,Leon,Wilson,United States,2024-03-31,1977-06-04,Standard
C003473,Janet,Sloan,Pakistan,2025-03-21,1965-06-06,Standard
C003474,Erica,Wright,United Kingdom,2023-07-07,2000-01-20,Standard
C003475,Katrina,Ryan,United States,2025-10-17,2004-08-05,VIP
C003476,Barbara,Miranda,United States,2024-12-11,1990-11-12,Standard
C003477,Annette,Wilson,Other,2024-06-12,1980-12-09,Standard
C003478,Tiffany,Evans,Pakistan,2024-03-09,1981-08-12,Standard
C003479,Elizabeth,Carter,United Arab Emirates,2023-10-15,1996-06-05,Standard
C003480,Matthew,Lewis,United Arab Emirates,2024-05-13,1995-05-22,Standard
C003481,Alexandra,Rojas,Saudi Arabia,2023-10-30,1988-04-10,Standard
C003482,Jackie,Carroll,Pakistan,2023-03-28,1991-03-30,Premium
C003483,Cody,Robinson,Saudi Arabia,2025-04-09,1978-11-22,Standard
C003484,Dorothy,Torres,Other,2024-03-13,2004-03-07,Standard
C003485,John,Fitzpatrick,Pakistan,2024-06-24,1970-05-28,Standard
C003486,Michael,Day,Pakistan,2025-11-11,1966-10-14,Standard
C003487,Erica,Petersen,United Arab Emirates,2025-04-12,1987-04-16,Standard
C003488,Paul,Johnson,Saudi Arabia,2025-03-07,1987-10-24,Standard
C003489,Mary,Ford,Saudi Arabia,2024-07-13,1979-04-25,Standard
C003490,Angela,Williamson,United Arab Emirates,2025-01-31,1976-08-03,Standard
C003491,Vanessa,Freeman,Saudi Arabia,2024-04-11,1987-04-08,Standard
C003492,Brian,Kelly,Pakistan,2026-01-29,1992-11-15,VIP
C003493,Dawn,Gilbert,Other,2024-11-05,1983-02-02,Standard
C003494,Eric,Murphy,Other,2024-11-15,1976-12-31,Standard
C003495,Melinda,Gomez,United Kingdom,2026-03-10,1979-06-25,Standard
C003496,Melissa,Smith,Saudi Arabia,2023-05-18,1995-10-12,Standard
C003497,Molly,Zamora,Other,2024-07-31,1969-03-22,Premium
C003498,Charles,Lopez,Other,2024-12-10,2004-02-27,Premium
C003499,Travis,Gomez,Saudi Arabia,2023-08-16,1967-09-28,Standard
C003500,John,Garcia,United Kingdom,2023-10-08,2003-10-12,Standard
C003501,Tara,Vasquez,Saudi Arabia,2024-11-14,1966-10-23,Standard
C003502,Brent,Miller,United States,2025-04-07,1996-07-17,Premium
C003503,Jeffrey,Robertson,Other,2024-03-06,2004-07-25,Standard
C003504,Dawn,Hernandez,Saudi Arabia,2025-11-29,1964-07-01,Premium
C003505,Richard,Martinez,Other,2026-05-19,1960-01-20,Standard
C003506,Jimmy,Freeman,Pakistan,2023-10-29,1961-11-06,Standard
C003507,Stephen,Moore,Other,2026-01-14,2005-01-09,Premium
C003508,Laurie,Douglas,United Arab Emirates,2026-06-30,1985-11-22,VIP
C003509,Shane,Perez,United States,2024-06-16,1963-02-28,Standard
C003510,Melissa,Foster,Saudi Arabia,2025-02-07,1986-11-20,Premium
C003511,Sergio,Evans,United Arab Emirates,2024-03-19,1986-11-18,Premium
C003512,David,Patterson,Saudi Arabia,2025-11-22,1970-03-05,Premium
C003513,Tyler,White,Other,2023-09-17,1974-05-09,VIP
C003514,Denise,Cain,United States,2026-06-11,1973-10-01,Standard
C003515,Curtis,Rodriguez,Other,2025-01-08,1964-07-11,Standard
C003516,Robert,Gonzales,Other,2025-03-06,1966-11-07,Premium
C003517,Angela,Franco,Saudi Arabia,2023-03-11,2005-08-17,Standard
C003518,Aaron,Martin,United Arab Emirates,2025-09-09,1998-07-26,Standard
C003519,Christopher,Gomez,Saudi Arabia,2024-04-25,1969-04-26,Standard
C003520,Cassandra,Hamilton,Saudi Arabia,2026-03-13,1963-05-20,Premium
C003521,Christine,Howard,Saudi Arabia,2023-01-24,1996-01-01,Standard
C003522,Kevin,Harrell,United Arab Emirates,2025-08-22,1999-06-01,Standard
C003523,William,Gonzalez,Saudi Arabia,2025-01-15,1999-07-05,Standard
C003524,Jamie,Lopez,Saudi Arabia,2025-04-24,1997-12-16,Standard
C003525,Emily,Williams,Saudi Arabia,2026-04-13,2002-06-15,Standard
C003526,Stephanie,Foster,Saudi Arabia,2023-11-21,1991-07-06,Standard
C003527,Michael,Manning,Other,2025-03-08,1968-09-29,Standard
C003528,Brian,Santana,United States,2023-01-18,1973-02-10,Premium
C003529,Jeffrey,Martin,Other,2023-02-13,1989-02-15,Standard
C003530,Shawn,Gonzalez,United Arab Emirates,2023-06-04,1974-08-25,Premium
C003531,Ann,Mendoza,Saudi Arabia,2025-05-16,1961-06-17,Standard
C003532,Christine,Ortega,United States,2025-07-10,1970-01-11,VIP
C003533,Thomas,Baker,United Arab Emirates,2025-01-12,1960-05-09,Standard
C003534,Diane,Fisher,Saudi Arabia,2023-08-13,1994-05-25,Standard
C003535,Jennifer,Pierce,Saudi Arabia,2023-08-05,1965-02-01,Standard
C003536,Daniel,Marsh,Saudi Arabia,2023-01-31,2003-01-30,Standard
C003537,Katherine,Klein,Saudi Arabia,2025-12-18,1993-10-16,Standard
C003538,Jeffrey,Nguyen,United Arab Emirates,2025-06-16,1969-12-28,Standard
C003539,Matthew,Duran,United Kingdom,2025-07-23,1990-01-21,Premium
C003540,Maria,Macias,Saudi Arabia,2024-03-20,1973-04-22,Standard
C003541,Tamara,Shaw,Saudi Arabia,2026-06-12,1985-10-08,VIP
C003542,Kelly,Mclean,United States,2026-02-04,1984-03-08,Standard
C003543,Alejandra,Cameron,Saudi Arabia,2026-04-29,1998-09-13,VIP
C003544,Jacqueline,Price,United Arab Emirates,2024-06-13,1961-12-24,Standard
C003545,Brandon,Rodriguez,Other,2025-01-07,1962-01-07,Standard
C003546,Frank,Rodriguez,Saudi Arabia,2025-05-23,1997-12-31,Standard
C003547,Donald,Smith,Saudi Arabia,2024-07-19,1963-07-23,Premium
C003548,Jennifer,Moore,United Arab Emirates,2026-06-22,1960-12-05,Standard
C003549,Jennifer,Porter,United Arab Emirates,2023-03-17,1960-06-01,Standard
C003550,Daniel,Saunders,Pakistan,2024-06-30,1986-04-27,Standard
C003551,Cheryl,Young,United States,2023-09-24,1997-08-29,Standard
C003552,Jacob,Gregory,Saudi Arabia,2023-11-13,2003-10-04,Standard
C003553,Sarah,Peterson,Pakistan,2026-02-18,1961-03-02,Standard
C003554,Philip,Bray,Pakistan,2023-01-25,1985-07-15,Premium
C003555,Stephen,Mclaughlin,Saudi Arabia,2023-06-09,1991-07-18,Standard
C003556,Kimberly,Hamilton,Pakistan,2024-08-18,1963-10-05,Premium
C003557,Jennifer,Roberts,Saudi Arabia,2026-02-11,1979-05-23,Standard
C003558,Daniel,Tucker,United Arab Emirates,2025-06-18,1987-02-01,Standard
C003559,Robert,Hodges,Saudi Arabia,2024-05-16,1980-10-15,VIP
C003560,Sara,Wright,United Arab Emirates,2026-04-04,1985-12-30,Standard
C003561,Mary,Hernandez,United Arab Emirates,2025-10-09,2005-11-14,Standard
C003562,Brianna,Dixon,United States,2024-12-03,1981-06-16,Premium
C003563,Kelsey,Wright,Saudi Arabia,2026-04-13,1990-08-03,Standard
C003564,Shannon,Wang,United Arab Emirates,2023-01-01,1988-03-31,Standard
C003565,Dominique,Lin,United Arab Emirates,2025-01-10,1989-12-08,Standard
C003566,Stephanie,Gamble,United Kingdom,2026-01-14,1974-04-27,Standard
C003567,Dennis,Wright,Pakistan,2023-11-16,1997-05-11,Standard
C003568,Victor,Hoover,United Kingdom,2024-01-17,1984-07-07,Standard
C003569,Alyssa,Gonzalez,United States,2026-06-27,1993-07-20,Standard
C003570,Brandon,Mccarthy,Other,2025-06-16,1979-04-28,Premium
C003571,Savannah,Patrick,United Arab Emirates,2024-12-17,1970-04-13,Standard
C003572,Mary,Haynes,Pakistan,2023-11-03,1967-10-17,Standard
C003573,Timothy,Shaw,United States,2026-03-13,1968-02-12,Standard
C003574,William,White,Other,2024-01-26,1984-04-22,Premium
C003575,Samantha,Riddle,Other,2026-04-07,1994-08-18,Premium
C003576,Gregory,Garza,United Arab Emirates,2025-09-16,1967-07-18,Premium
C003577,Beth,Walters,Saudi Arabia,2023-10-25,1977-09-21,Premium
C003578,Jessica,Perez,United Arab Emirates,2023-08-21,1999-11-06,Standard
C003579,David,Anderson,United Kingdom,2023-09-28,1964-08-20,Standard
C003580,Paul,Johnson,United Arab Emirates,2025-12-19,1990-05-07,Standard
C003581,Caroline,Mooney,United Arab Emirates,2026-06-12,1992-11-11,Standard
C003582,Nicole,Hickman,United States,2024-11-07,1967-12-29,Standard
C003583,William,Simmons,United Arab Emirates,2024-12-06,1970-04-14,Standard
C003584,Patrick,Jensen,Other,2023-08-22,1968-12-27,Standard
C003585,Tiffany,Davis,United Arab Emirates,2025-04-24,1972-11-04,Premium
C003586,Ruth,Williams,United Arab Emirates,2026-06-09,1980-02-15,Standard
C003587,Kathryn,Russell,United Arab Emirates,2024-05-05,1968-05-19,Standard
C003588,Joshua,Torres,United States,2024-05-17,1976-03-16,Standard
C003589,Tamara,Schultz,Saudi Arabia,2025-06-08,1987-08-03,Standard
C003590,Tara,Hall,Saudi Arabia,2024-08-14,1986-09-13,Standard
C003591,Shawn,Rogers,Other,2025-01-15,2003-11-03,Standard
C003592,Dennis,Mendoza,Saudi Arabia,2024-03-03,1985-02-13,Standard
C003593,Robert,Hicks,Pakistan,2024-11-27,1981-08-20,Standard
C003594,Holly,Schneider,Pakistan,2024-10-07,1965-08-29,Standard
C003595,Kaitlyn,Torres,United Arab Emirates,2025-01-01,1965-06-02,Standard
C003596,Kent,Adams,Pakistan,2025-03-10,1961-12-01,Standard
C003597,Jacqueline,Ramirez,Saudi Arabia,2023-12-30,1971-01-29,Standard
C003598,Michelle,Bell,Pakistan,2023-07-21,1965-09-04,Standard
C003599,Jennifer,Barnes,United Arab Emirates,2025-05-31,1992-09-14,Premium
C003600,Selena,Flores,United Kingdom,2023-05-26,2005-12-08,Standard
C003601,Cynthia,Williams,Saudi Arabia,2025-04-15,1968-05-06,Premium
C003602,James,Williams,Pakistan,2024-09-30,1961-06-06,VIP
C003603,Claudia,Williams,Saudi Arabia,2023-05-15,1990-05-24,Premium
C003604,Kelly,Garner,Saudi Arabia,2024-09-17,1983-12-07,Premium
C003605,Michael,Lewis,Saudi Arabia,2023-03-05,1994-09-13,Premium
C003606,Emily,Kennedy,Saudi Arabia,2024-05-05,1960-10-12,Standard
C003607,Tina,Kerr,United States,2023-02-10,1992-09-26,Standard
C003608,Debra,Garcia,Saudi Arabia,2025-10-23,1979-06-18,Standard
C003609,Susan,Lopez,Other,2025-07-01,2001-01-15,Standard
C003610,William,Vaughan,Other,2025-09-01,1975-12-25,Standard
C003611,Heather,Cox,Pakistan,2026-02-07,2001-02-26,Standard
C003612,Marcus,Torres,Saudi Arabia,2026-05-29,1964-01-06,VIP
C003613,Darrell,Davis,United Arab Emirates,2024-01-03,1984-12-06,Standard
C003614,Michael,Smith,United States,2025-07-06,1983-03-20,Standard
C003615,Timothy,Arnold,United Arab Emirates,2025-10-24,1988-02-23,Standard
C003616,Ashley,Atkins,Saudi Arabia,2023-09-01,1976-03-29,Standard
C003617,Elizabeth,Rivera,Pakistan,2025-06-20,1987-05-15,Standard
C003618,Robert,Figueroa,United States,2023-06-15,1963-03-24,Standard
C003619,Julie,Ward,United States,2025-11-15,1966-12-26,Standard
C003620,Maureen,Maxwell,Saudi Arabia,2025-11-06,2003-11-16,Standard
C003621,Justin,Rice,United Kingdom,2024-12-28,1986-10-11,Standard
C003622,Melanie,Watson,Saudi Arabia,2026-01-20,1987-10-14,Standard
C003623,Lindsey,Santos,Saudi Arabia,2024-04-27,1987-04-16,Standard
C003624,Alexandra,Clark,Other,2024-06-26,1973-04-24,Standard
C003625,Anthony,Cruz,Saudi Arabia,2026-05-13,1985-02-17,Standard
C003626,Dustin,Eaton,Saudi Arabia,2025-07-19,1976-01-12,Standard
C003627,Ellen,Anderson,Saudi Arabia,2024-02-04,1963-01-24,Standard
C003628,James,Newton,Other,2026-05-15,1970-11-19,Standard
C003629,Karen,Martinez,United States,2024-09-10,1995-05-16,Standard
C003630,Eugene,Willis,Pakistan,2026-03-15,1986-04-16,Premium
C003631,Justin,Barr,United States,2025-05-28,1994-10-04,Standard
C003632,John,Pena,Saudi Arabia,2023-04-11,1963-07-16,Premium
C003633,Mary,Lee,United Arab Emirates,2025-05-29,1985-09-12,Standard
C003634,Hannah,Bush,United Arab Emirates,2025-04-09,1987-10-06,Standard
C003635,Kenneth,Schaefer,Saudi Arabia,2026-06-18,1992-03-25,Premium
C003636,Karen,Jones,United Arab Emirates,2025-01-28,1978-01-16,Premium
C003637,Antonio,Payne,Other,2023-06-12,1998-04-08,Premium
C003638,Lisa,Cooper,Saudi Arabia,2026-04-11,1974-03-04,Standard
C003639,Curtis,Swanson,Saudi Arabia,2024-05-16,1993-12-12,Standard
C003640,Miranda,Mayo,Saudi Arabia,2024-06-30,1978-03-14,Premium
C003641,Jodi,Harris,Saudi Arabia,2024-01-16,1976-06-20,Standard
C003642,Michelle,Le,Other,2025-05-19,2003-05-20,Premium
C003643,Julia,Williams,United Arab Emirates,2025-06-23,1965-08-18,Standard
C003644,Anna,Lee,United Arab Emirates,2026-04-01,1993-05-03,Premium
C003645,John,Pierce,United States,2025-09-28,1987-05-22,Premium
C003646,Kristen,King,Saudi Arabia,2024-08-31,1997-08-21,Standard
C003647,Lauren,Wiley,United Arab Emirates,2023-11-03,1968-07-11,Standard
C003648,Keith,Castaneda,United Arab Emirates,2023-02-24,1996-10-20,Standard
C003649,Elizabeth,Meadows,Pakistan,2025-09-09,1980-03-19,Standard
C003650,Sara,Hester,Other,2023-11-29,1964-06-17,Standard
C003651,Paul,Jacobson,United States,2023-05-07,1969-01-30,Standard
C003652,Sue,West,United Arab Emirates,2024-12-05,1990-10-21,Premium
C003653,Theresa,Love,United States,2023-08-31,1971-04-09,VIP
C003654,Larry,Bartlett,Saudi Arabia,2024-08-22,1986-05-07,Standard
C003655,Andrea,Jones,Saudi Arabia,2024-05-17,1976-10-06,Standard
C003656,Alexander,Barnes,Saudi Arabia,2024-08-26,1968-05-19,Premium
C003657,John,Velazquez,United Arab Emirates,2023-10-30,1982-02-23,Premium
C003658,Christine,Gordon,Pakistan,2023-08-23,1970-03-20,Premium
C003659,Kimberly,Johnson,Pakistan,2025-11-27,1977-04-28,Standard
C003660,Molly,Greene,Other,2023-05-19,2004-10-17,Premium
C003661,Maria,Horton,Pakistan,2023-07-14,2003-07-21,Standard
C003662,Rhonda,Anderson,Pakistan,2024-10-08,1965-08-08,Premium
C003663,Janet,Williams,Saudi Arabia,2023-01-01,1991-01-10,Premium
C003664,Deborah,Knight,Saudi Arabia,2024-07-14,1973-11-12,Premium
C003665,Kari,Bauer,Pakistan,2026-01-24,1985-11-10,Standard
C003666,Amy,Benson,United Arab Emirates,2024-12-13,1961-12-23,Premium
C003667,Carrie,Yang,United States,2024-02-17,1996-05-20,Standard
C003668,Kimberly,Sanders,Saudi Arabia,2024-06-21,2001-08-23,Standard
C003669,Tamara,Cohen,Saudi Arabia,2024-03-04,1980-09-16,Premium
C003670,Kelly,Berg,United Arab Emirates,2023-08-23,1982-08-28,Standard
C003671,Gregory,Mata,Saudi Arabia,2023-12-15,1970-06-16,Standard
C003672,Felicia,Martin,Saudi Arabia,2024-01-31,1969-03-18,Premium
C003673,Jacob,Christensen,United Kingdom,2024-02-20,1971-10-28,Premium
C003674,Glenn,Cruz,Saudi Arabia,2025-07-04,1991-06-06,Premium
C003675,Willie,Chan,Pakistan,2025-12-10,1980-04-03,Standard
C003676,Nicholas,Morales,Saudi Arabia,2023-03-22,1966-09-18,Premium
C003677,Roy,Nelson,Saudi Arabia,2023-02-05,1961-03-01,Standard
C003678,Angela,White,United Arab Emirates,2025-12-26,1997-12-17,Premium
C003679,David,Moore,United States,2024-10-02,1996-12-24,Standard
C003680,Brandy,Robinson,United Arab Emirates,2025-05-31,1984-02-03,Premium
C003681,Jonathan,Horton,United States,2025-01-26,1965-10-25,Standard
C003682,Mark,Suarez,Saudi Arabia,2024-09-14,1973-09-24,VIP
C003683,Jenna,Gibbs,United States,2024-04-12,1983-09-14,Standard
C003684,Eric,Gibson,Saudi Arabia,2026-03-11,1989-05-19,Standard
C003685,Eric,Zimmerman,United Kingdom,2023-12-22,2004-08-25,Standard
C003686,Marcus,Warren,Pakistan,2024-12-09,2000-02-03,Premium
C003687,Brent,Turner,Other,2025-10-16,1970-10-09,Standard
C003688,Sarah,Robinson,United Arab Emirates,2025-06-20,1991-03-28,Standard
C003689,Christina,Erickson,Saudi Arabia,2024-11-03,1982-05-17,Standard
C003690,Dorothy,Arnold,Saudi Arabia,2024-03-14,1962-02-16,Premium
C003691,Tracy,Jackson,United States,2024-06-14,2003-07-19,Standard
C003692,Ashley,Williams,Pakistan,2023-05-07,1966-08-15,Standard
C003693,Michael,Allen,United States,2023-07-24,1994-02-05,Standard
C003694,Kristen,Williams,Saudi Arabia,2023-01-29,1966-09-05,Premium
C003695,Louis,Hernandez,United Arab Emirates,2024-03-20,1981-05-14,Standard
C003696,Jeffrey,Stephenson,Saudi Arabia,2025-08-23,1995-08-28,Premium
C003697,Ivan,Ho,Other,2024-04-08,2000-08-04,Premium
C003698,Carlos,Nelson,United Kingdom,2023-05-31,1996-03-04,Standard
C003699,William,Gibbs,Other,2023-08-28,1965-06-12,Standard
C003700,Robert,Day,Saudi Arabia,2023-09-23,1981-07-17,Premium
C003701,Amanda,Wright,Pakistan,2026-02-02,1985-05-07,VIP
C003702,Christopher,Colon,United Kingdom,2025-07-01,1962-08-02,Premium
C003703,Jeffrey,Nichols,United Arab Emirates,2024-05-11,1974-02-06,Standard
C003704,Jason,Smith,United States,2024-11-15,1990-02-18,Standard
C003705,Martin,Bailey,Other,2023-06-07,1989-03-29,Standard
C003706,Michael,Jacobs,Other,2023-06-21,2001-08-17,Standard
C003707,Jeffery,Wood,United Kingdom,2024-05-08,1964-07-23,Standard
C003708,Karen,Miller,Saudi Arabia,2025-08-27,1995-01-28,Standard
C003709,Alyssa,Thornton,Saudi Arabia,2024-11-06,1984-07-04,Standard
C003710,Wendy,Dunn,Other,2024-10-20,1988-05-02,Standard
C003711,Madison,Bowen,Saudi Arabia,2025-06-21,1986-02-16,Standard
C003712,Tina,Ortiz,United Kingdom,2024-10-27,1985-11-25,Standard
C003713,Alan,Carr,United Kingdom,2024-01-02,1964-11-20,Premium
C003714,Elizabeth,Nguyen,Pakistan,2024-07-03,1976-04-14,Standard
C003715,Sean,Brown,Other,2024-10-04,1999-09-11,Standard
C003716,Rebecca,Cabrera,United Arab Emirates,2023-09-12,1967-03-15,Standard
C003717,Christina,Holloway,United Arab Emirates,2023-07-27,1980-12-21,Standard
C003718,Christine,Robinson,Saudi Arabia,2024-03-25,1960-08-26,Standard
C003719,Susan,Sanford,United Arab Emirates,2023-04-05,1998-01-12,Standard
C003720,Felicia,Thompson,Saudi Arabia,2025-04-18,1985-07-26,Standard
C003721,Manuel,Bonilla,United Arab Emirates,2024-04-22,1986-09-10,Premium
C003722,Ruth,Medina,United States,2024-11-13,1988-05-02,Standard
C003723,Sierra,Irwin,Other,2025-01-31,1997-03-09,Standard
C003724,Paul,Osborne,Saudi Arabia,2023-07-09,1991-11-17,Premium
C003725,Amber,Deleon,United Arab Emirates,2024-12-11,1993-07-11,Standard
C003726,Justin,Rodriguez,Other,2025-01-25,1981-08-17,Premium
C003727,Rhonda,Reese,Saudi Arabia,2025-04-15,1979-07-25,Standard
C003728,Lynn,Reyes,Saudi Arabia,2023-05-13,1976-01-18,Standard
C003729,Nicholas,Valdez,Saudi Arabia,2023-02-24,1995-09-25,Standard
C003730,Leah,Berg,Pakistan,2024-05-24,2005-07-15,VIP
C003731,Sean,Walters,Saudi Arabia,2024-10-31,1993-09-25,Standard
C003732,Bradley,Pierce,Other,2024-02-14,1971-11-02,Standard
C003733,Rachel,Montoya,United Arab Emirates,2026-05-19,1967-10-31,Standard
C003734,James,Walker,Pakistan,2025-09-13,2000-11-05,Standard
C003735,Willie,Adams,Saudi Arabia,2025-01-03,1961-07-23,Premium
C003736,Stacy,Perkins,United Arab Emirates,2026-02-12,1983-01-11,Standard
C003737,Gary,Morton,United Kingdom,2023-09-16,1986-03-31,Premium
C003738,Stephanie,Mullins,United States,2026-02-19,1965-10-23,Standard
C003739,Amanda,Moore,United States,2023-10-26,1999-06-14,Premium
C003740,Adrian,Hall,Pakistan,2024-07-14,1968-06-16,Standard
C003741,Cameron,Barber,Other,2023-10-24,1998-12-29,Premium
C003742,Ellen,Richardson,United States,2023-12-28,1979-09-28,Standard
C003743,Kim,Barrera,United States,2024-08-11,2004-12-28,Premium
C003744,Michelle,Davis,Saudi Arabia,2023-05-07,1961-05-29,Standard
C003745,Roger,White,Saudi Arabia,2023-07-16,1990-01-26,Standard
C003746,Dalton,Lopez,Saudi Arabia,2023-08-09,1990-01-13,Premium
C003747,Amanda,Huffman,United Kingdom,2025-09-21,1989-08-06,Standard
C003748,Jacqueline,Lopez,United Arab Emirates,2023-04-01,1987-06-17,Premium
C003749,Theresa,Henry,United Arab Emirates,2024-02-15,1972-10-15,Standard
C003750,Kimberly,Blair,Other,2023-01-08,1988-08-02,Standard
C003751,Deborah,Holland,Other,2024-06-27,1961-02-18,Premium
C003752,Shelby,Smith,Other,2024-04-12,2001-04-28,Standard
C003753,Julie,Martin,United Arab Emirates,2023-11-16,1966-08-13,Standard
C003754,Eric,Thompson,United Kingdom,2023-09-26,1975-05-13,VIP
C003755,Stephen,Long,Saudi Arabia,2026-04-29,2001-09-13,Standard
C003756,Martin,Franklin,Saudi Arabia,2023-03-02,1982-12-26,Standard
C003757,Christopher,Jones,Saudi Arabia,2025-03-07,1982-08-13,Standard
C003758,Brian,Jones,United Arab Emirates,2026-01-23,1994-08-18,Premium
C003759,Laura,Sanchez,United Arab Emirates,2024-07-06,1996-07-12,VIP
C003760,Angela,Stout,United States,2025-07-14,1998-11-27,VIP
C003761,Bailey,Waller,Saudi Arabia,2024-10-22,1978-09-16,Standard
C003762,Jeremy,Garcia,United Kingdom,2024-12-16,1973-01-04,Standard
C003763,Jonathan,Rose,Pakistan,2025-02-17,1992-10-17,Standard
C003764,Paul,Acosta,Saudi Arabia,2023-07-13,1983-11-23,Standard
C003765,Crystal,Morton,United Arab Emirates,2024-04-26,1973-10-02,Standard
C003766,Ryan,Morrison,Saudi Arabia,2026-05-04,1962-09-09,Standard
C003767,Andre,Gray,Pakistan,2025-05-04,1999-03-02,Premium
C003768,Emily,Smith,United Arab Emirates,2026-06-26,2004-03-16,Premium
C003769,Amanda,Serrano,Saudi Arabia,2024-05-12,1990-09-01,Standard
C003770,Darlene,Hines,Saudi Arabia,2023-07-31,2002-01-25,VIP
C003771,Christine,Newman,Pakistan,2024-10-26,1989-05-21,VIP
C003772,Katelyn,Williams,Other,2024-10-31,1987-09-04,Standard
C003773,Brenda,Wright,United Arab Emirates,2023-08-09,1969-03-14,Standard
C003774,Jaclyn,Miller,United Kingdom,2023-09-30,1986-10-16,Standard
C003775,Charles,Thomas,United Kingdom,2026-03-23,1982-03-18,Standard
C003776,Sarah,Burton,Other,2026-06-26,2003-11-07,Standard
C003777,Daniel,Smith,United States,2023-10-06,1969-12-04,Standard
C003778,Kristin,Burch,Pakistan,2025-03-26,1974-12-22,Premium
C003779,Kevin,Rosario,United Kingdom,2023-10-03,1963-05-08,Standard
C003780,Christopher,Rodriguez,Other,2025-10-01,1979-06-20,Standard
C003781,Kathy,Fitzgerald,United Arab Emirates,2024-05-28,1985-01-26,Standard
C003782,Samuel,Morgan,United Arab Emirates,2026-01-16,1996-04-12,Standard
C003783,Randall,Zimmerman,Saudi Arabia,2025-07-11,1973-09-01,Standard
C003784,Donna,Harris,United States,2024-10-03,1997-05-12,Standard
C003785,Thomas,Castillo,United States,2024-05-19,1992-07-01,VIP
C003786,Amanda,Hart,Saudi Arabia,2024-08-12,1973-02-08,Standard
C003787,Derek,Wallace,Pakistan,2025-02-10,1990-07-02,Premium
C003788,Peter,Martin,United Arab Emirates,2026-06-18,1969-01-12,Standard
C003789,Lauren,Rivera,Saudi Arabia,2025-01-09,1985-08-17,Standard
C003790,Amy,Moore,Other,2024-11-05,1977-08-30,Standard
C003791,Susan,Brown,Saudi Arabia,2026-06-13,1995-06-07,Premium
C003792,Douglas,Holt,Saudi Arabia,2025-10-10,2003-10-15,Premium
C003793,Erica,Burton,Pakistan,2023-05-08,2000-01-11,Standard
C003794,Robin,Martinez,United Kingdom,2024-05-17,1995-10-28,Standard
C003795,Laura,Bryan,Saudi Arabia,2026-05-08,1973-10-06,Standard
C003796,Jessica,Garcia,United Kingdom,2025-06-20,1971-08-31,Premium
C003797,Nathan,Phillips,Pakistan,2024-06-26,1973-03-21,Standard
C003798,Stacy,Hunt,Saudi Arabia,2024-05-06,1984-01-07,Standard
C003799,Angela,Copeland,Saudi Arabia,2025-11-10,1984-09-03,Standard
C003800,Angela,Thomas,Pakistan,2026-06-11,1982-10-07,Standard
C003801,David,Barr,Saudi Arabia,2024-12-14,1999-01-15,Premium
C003802,Adam,Johnson,Other,2025-03-01,1994-08-01,Standard
C003803,Candice,Simmons,United States,2024-02-20,1968-07-20,Standard
C003804,Amanda,Hernandez,Other,2023-05-28,1971-07-26,Standard
C003805,Stacey,Rios,Saudi Arabia,2025-08-27,1990-01-20,Standard
C003806,Kevin,Perez,Other,2023-01-29,1999-12-30,Standard
C003807,Kaitlin,Koch,United Arab Emirates,2023-11-04,1963-04-25,Premium
C003808,Rebecca,Cruz,United Arab Emirates,2023-06-11,1985-03-28,Standard
C003809,Maurice,Henson,Saudi Arabia,2025-05-18,1994-02-04,Standard
C003810,Robert,Carson,Saudi Arabia,2025-05-01,1974-11-12,Standard
C003811,Debbie,Rodriguez,United Kingdom,2023-03-02,2001-08-23,Premium
C003812,William,Jackson,United Arab Emirates,2023-05-05,1983-10-16,Standard
C003813,Eugene,Rodriguez,Saudi Arabia,2025-12-30,1994-10-30,Premium
C003814,Jeffrey,Garcia,Pakistan,2025-04-17,1987-01-24,Standard
C003815,Mary,Sosa,Saudi Arabia,2024-04-10,1982-05-27,Premium
C003816,James,Howard,Pakistan,2023-08-31,1984-05-30,Standard
C003817,Howard,Gilbert,United Arab Emirates,2026-05-29,1961-01-10,Standard
C003818,Lauren,Wilson,United States,2024-04-17,1973-09-21,Standard
C003819,Melissa,Mclean,United States,2025-08-16,2005-07-23,Premium
C003820,Melissa,Gillespie,United Arab Emirates,2024-06-16,1960-02-20,Premium
C003821,Sarah,Huang,United Arab Emirates,2024-05-08,1978-01-16,Premium
C003822,Virginia,Munoz,United Arab Emirates,2025-06-17,1980-05-12,Premium
C003823,Steven,Thompson,United States,2023-03-23,2001-07-06,Standard
C003824,Andrea,Moreno,United Arab Emirates,2025-05-05,1995-11-18,Standard
C003825,Kelly,Greene,Saudi Arabia,2025-05-28,1972-12-14,VIP
C003826,Carlos,Shelton,Saudi Arabia,2025-07-11,1970-08-09,Premium
C003827,Corey,Hernandez,United Arab Emirates,2023-01-12,1991-11-02,Standard
C003828,Jessica,Contreras,United Arab Emirates,2024-03-24,1985-05-13,Standard
C003829,Tony,Turner,United States,2026-04-30,1975-09-27,Standard
C003830,Mark,Roth,Saudi Arabia,2025-01-31,1964-01-16,Standard
C003831,David,Bailey,United Arab Emirates,2026-02-11,1981-12-28,Standard
C003832,Diana,Garcia,United States,2023-01-26,1968-04-08,Standard
C003833,Craig,Hendricks,United States,2024-05-22,1994-09-23,Standard
C003834,Christine,Stanley,United Arab Emirates,2023-03-03,1989-11-26,Premium
C003835,Rachel,Cantu,United Arab Emirates,2023-08-17,2002-02-15,Premium
C003836,Louis,Cochran,United Arab Emirates,2024-08-29,1982-01-31,Premium
C003837,Shannon,Dawson,Other,2025-11-24,1993-02-05,Premium
C003838,Christina,Jones,Saudi Arabia,2025-06-09,1996-09-16,Standard
C003839,Kevin,Smith,Other,2025-01-30,1982-05-12,Premium
C003840,Breanna,Fitzpatrick,United Kingdom,2024-08-17,1995-02-02,Standard
C003841,Ariana,Hernandez,Pakistan,2025-11-14,1966-02-11,VIP
C003842,Michael,Rios,Saudi Arabia,2025-11-21,1982-03-23,Standard
C003843,Leslie,Flores,United Arab Emirates,2025-11-01,1999-11-02,Premium
C003844,Ronnie,Myers,United Arab Emirates,2023-01-01,1977-05-30,Standard
C003845,Adam,Griffith,Saudi Arabia,2026-03-05,1999-04-30,Standard
C003846,John,Floyd,United Kingdom,2026-05-04,1971-06-29,Standard
C003847,Jeffrey,Mendoza,Other,2023-05-13,1988-03-07,Standard
C003848,Jodi,Jones,Pakistan,2023-03-27,1985-07-20,Standard
C003849,Ryan,Lane,United Kingdom,2026-04-18,1961-09-07,Standard
C003850,Mary,Moyer,Saudi Arabia,2024-05-30,1995-03-02,Premium
C003851,Dennis,Ramirez,United Arab Emirates,2023-06-24,1993-12-14,Standard
C003852,Jessica,Davis,Saudi Arabia,2025-02-01,1985-02-06,Standard
C003853,Natalie,Cooley,Pakistan,2025-11-10,1986-01-12,Standard
C003854,Steven,White,Other,2025-09-23,2002-08-02,Standard
C003855,Michael,Cruz,United Kingdom,2026-02-02,1966-05-28,Standard
C003856,Kevin,Flores,Saudi Arabia,2024-07-31,2004-06-24,Standard
C003857,Andrea,Coleman,United Arab Emirates,2023-02-18,1982-03-15,VIP
C003858,Gregory,Steele,Pakistan,2024-06-11,1988-03-02,Standard
C003859,Catherine,Gutierrez,United Arab Emirates,2023-05-25,1996-06-17,Premium
C003860,Meagan,Leon,United States,2025-01-31,2005-11-22,Premium
C003861,Michele,Cook,United States,2026-01-03,1969-06-27,Premium
C003862,Donald,Pham,Pakistan,2025-07-17,1978-08-14,Standard
C003863,Amanda,Valdez,United Arab Emirates,2025-03-04,2005-02-26,Standard
C003864,Jose,Sanchez,Saudi Arabia,2023-11-15,1967-08-03,Standard
C003865,Olivia,Barnes,Saudi Arabia,2026-01-15,1970-08-19,Premium
C003866,Charles,Crawford,United Arab Emirates,2024-11-28,1967-02-13,Standard
C003867,Charles,Ferguson,United Arab Emirates,2025-04-26,1975-02-09,VIP
C003868,Andrew,Patel,United Kingdom,2025-02-21,2005-09-10,Standard
C003869,William,Underwood,United Kingdom,2023-02-11,2003-08-06,Standard
C003870,Anthony,Cruz,Saudi Arabia,2026-01-21,1975-08-11,Standard
C003871,Bonnie,Carpenter,United Arab Emirates,2024-06-12,1962-08-16,Standard
C003872,Richard,Fisher,Saudi Arabia,2023-10-19,1980-10-17,Premium
C003873,Brittany,Lane,Saudi Arabia,2025-08-26,1969-09-08,Standard
C003874,Rebecca,Steele,United States,2023-04-07,1987-05-02,Standard
C003875,Andrea,Goodman,Saudi Arabia,2026-01-23,1967-02-16,Standard
C003876,Amy,Warner,United Arab Emirates,2023-03-15,1996-11-14,Standard
C003877,Yolanda,Young,Saudi Arabia,2025-12-27,1960-07-24,Standard
C003878,Thomas,Smith,Other,2025-01-27,1994-01-24,Standard
C003879,Kimberly,Mcknight,Pakistan,2026-01-05,1975-08-01,Standard
C003880,Michael,Smith,Saudi Arabia,2023-07-27,1976-10-24,Standard
C003881,Jeffrey,Grant,Pakistan,2026-05-29,1978-06-03,Standard
C003882,Kelsey,Rosario,United Kingdom,2024-02-14,1976-07-05,Standard
C003883,Jessica,Mccall,Other,2023-11-27,2005-05-06,Standard
C003884,Kelly,Brown,Saudi Arabia,2023-12-10,1996-08-22,Premium
C003885,Steven,Bailey,Other,2025-09-15,2005-03-01,Premium
C003886,William,Allison,Other,2025-02-09,1984-07-01,Premium
C003887,Randy,Delacruz,Other,2023-03-15,1984-11-18,VIP
C003888,Wayne,Fuentes,Pakistan,2023-09-11,1998-12-01,Standard
C003889,Elaine,Phillips,Pakistan,2025-08-16,1984-07-30,Standard
C003890,Melanie,Thomas,United Arab Emirates,2025-03-30,1964-12-08,Standard
C003891,Lindsay,Castaneda,United States,2025-09-12,2002-02-18,Standard
C003892,Christina,Bonilla,Pakistan,2023-11-28,1993-08-05,Standard
C003893,Gabriel,Durham,United Kingdom,2025-01-16,1964-03-22,Premium
C003894,Willie,Sanchez,United Arab Emirates,2025-04-15,1979-11-16,Standard
C003895,Sean,Carey,United Kingdom,2024-03-30,1993-12-13,Standard
C003896,Harold,Brown,United States,2026-02-12,1994-05-08,Standard
C003897,Stacy,Taylor,Saudi Arabia,2023-11-09,1965-11-24,Standard
C003898,Donna,Hayden,United States,2025-10-14,1984-01-01,Standard
C003899,Tammy,Padilla,Pakistan,2023-08-16,2003-02-13,Premium
C003900,Jill,Bennett,United States,2025-04-13,1990-09-30,Standard
C003901,Timothy,Johnson,United Arab Emirates,2025-05-07,1976-02-28,Premium
C003902,Michael,Hanna,United Arab Emirates,2026-06-22,1963-05-07,VIP
C003903,Jeffery,Watson,Other,2025-03-28,1964-02-10,Standard
C003904,Tony,Miles,Saudi Arabia,2025-10-14,1984-10-11,Standard
C003905,Bryan,Bates,United States,2024-06-11,2004-05-17,Premium
C003906,Mike,Jones,United Arab Emirates,2025-08-07,1969-10-14,Standard
C003907,Brad,Monroe,Pakistan,2024-03-02,1970-03-18,Standard
C003908,Jamie,Harrell,United Arab Emirates,2023-02-11,1990-07-19,Premium
C003909,Rebecca,Johnson,Pakistan,2024-04-09,1980-06-20,Standard
C003910,Michael,Diaz,United Arab Emirates,2023-10-05,2000-12-18,Standard
C003911,Terry,Miller,Saudi Arabia,2025-04-15,1966-11-27,Standard
C003912,Shawn,Jones,Saudi Arabia,2023-01-19,1966-07-19,Standard
C003913,Brandon,Carroll,Saudi Arabia,2023-03-07,1993-01-21,Standard
C003914,Tina,Cervantes,Other,2023-06-16,1992-04-18,Standard
C003915,Mario,Hernandez,Other,2025-10-16,1965-09-09,Standard
C003916,Jane,White,United Arab Emirates,2024-02-07,1993-08-04,Standard
C003917,Adrienne,Manning,United Kingdom,2024-02-13,1999-04-28,VIP
C003918,Maria,Adkins,United Arab Emirates,2023-04-22,1995-06-26,Premium
C003919,Mary,Hale,United Kingdom,2024-08-19,1989-05-03,Standard
C003920,Jose,Evans,United States,2024-10-12,1969-03-24,Standard
C003921,Amy,Jenkins,Other,2025-11-28,1965-03-23,Standard
C003922,Glenn,Rogers,United Arab Emirates,2023-04-15,1971-10-17,Standard
C003923,Desiree,Harrington,United States,2023-11-20,1990-12-06,Premium
C003924,Michael,Dominguez,Saudi Arabia,2025-09-18,1969-10-27,Standard
C003925,Denise,Mitchell,Other,2024-03-04,1993-11-28,Standard
C003926,Mary,Moore,Saudi Arabia,2024-09-26,1966-08-10,Standard
C003927,Zachary,Ibarra,Pakistan,2024-12-30,1989-12-26,Premium
C003928,Nicholas,Johnson,United Kingdom,2025-06-07,1969-06-19,Premium
C003929,Rebecca,Potter,United Kingdom,2025-12-20,1983-03-05,Standard
C003930,Zachary,Gordon,Saudi Arabia,2024-01-28,1963-02-24,Standard
C003931,Michael,Smith,Other,2023-07-23,1999-10-20,Standard
C003932,Mindy,Wall,Saudi Arabia,2023-09-15,1980-05-29,Standard
C003933,Tommy,Frazier,Pakistan,2024-04-30,2000-06-24,Standard
C003934,Timothy,Liu,Saudi Arabia,2024-03-21,1991-09-16,Premium
C003935,Cassandra,Spencer,United Arab Emirates,2026-04-18,1960-01-19,Standard
C003936,Warren,Gallegos,Pakistan,2025-10-20,1986-11-08,Premium
C003937,Don,Ellison,United Arab Emirates,2023-12-08,2004-10-24,VIP
C003938,Gabriel,Shaw,Saudi Arabia,2023-05-13,1975-04-09,Standard
C003939,Chris,Fletcher,Saudi Arabia,2024-03-18,1971-03-05,Standard
C003940,Dawn,Henderson,United Arab Emirates,2023-09-10,1977-09-02,Premium
C003941,Jason,Moore,United States,2023-09-22,1984-06-16,Standard
C003942,Jacob,Dudley,Other,2023-04-03,1967-04-25,Standard
C003943,Michael,Boyd,Saudi Arabia,2023-05-18,1990-01-14,Standard
C003944,Jennifer,Spence,United Arab Emirates,2026-05-16,2000-12-26,Standard
C003945,David,Martinez,Saudi Arabia,2025-09-28,1977-06-27,Standard
C003946,Jerry,Lewis,Saudi Arabia,2023-11-03,1978-09-16,Standard
C003947,Lisa,Montgomery,United Kingdom,2023-09-23,1961-05-29,Standard
C003948,Jennifer,Robinson,Pakistan,2024-10-07,1960-07-25,Standard
C003949,Timothy,White,Saudi Arabia,2023-11-14,1962-08-05,Standard
C003950,Timothy,Reese,Saudi Arabia,2026-02-10,1989-02-10,Standard
C003951,Jason,Hansen,Saudi Arabia,2025-06-19,2002-02-09,Standard
C003952,Evan,Skinner,United States,2024-03-29,1978-10-14,Standard
C003953,Martha,Velasquez,Other,2023-07-10,1976-09-07,Standard
C003954,Andrew,Mcdonald,Saudi Arabia,2026-04-25,1977-05-16,Premium
C003955,Bradley,Edwards,Saudi Arabia,2025-04-10,1998-03-22,Premium
C003956,Ashley,May,Other,2026-01-17,1977-11-19,Premium
C003957,Evan,Wilcox,Other,2023-07-06,1976-04-09,Premium
C003958,Crystal,Martin,United Arab Emirates,2025-03-29,1999-11-21,Standard
C003959,Benjamin,Pratt,Saudi Arabia,2025-10-17,1986-12-18,Standard
C003960,Ashley,Lucas,Saudi Arabia,2023-05-12,1984-01-28,Standard
C003961,Brian,Lee,Pakistan,2025-05-21,1974-11-22,Premium
C003962,Jonathan,Rodriguez,United Arab Emirates,2024-09-26,1963-04-18,Premium
C003963,Hector,Miller,Saudi Arabia,2024-11-21,1986-03-28,Standard
C003964,Susan,Morrison,Pakistan,2024-11-22,1999-06-16,Standard
C003965,Carol,Bradford,Saudi Arabia,2026-01-27,1995-11-30,Standard
C003966,Anne,Johnson,United States,2025-11-23,1980-03-22,Standard
C003967,Andrew,Campbell,United Arab Emirates,2024-08-04,1968-07-28,Standard
C003968,Jennifer,Weaver,Saudi Arabia,2023-06-20,1993-01-25,Premium
C003969,Dorothy,Jones,Pakistan,2025-02-22,1976-12-27,Standard
C003970,Justin,Harper,United Arab Emirates,2025-12-18,1997-12-21,Premium
C003971,Christopher,Avila,Other,2023-06-30,1961-10-20,Standard
C003972,Shane,Parker,Pakistan,2023-01-19,1999-05-18,Standard
C003973,Victoria,Arnold,Saudi Arabia,2026-06-03,1993-03-10,Premium
C003974,Michelle,Little,United Kingdom,2026-01-23,1990-04-12,Standard
C003975,George,Johnson,Saudi Arabia,2025-05-30,1996-07-05,Standard
C003976,Maria,Adams,Other,2023-06-24,1988-07-09,Premium
C003977,Carolyn,Davila,United Arab Emirates,2026-05-30,1990-10-28,Premium
C003978,Laura,Cunningham,Pakistan,2023-02-23,1987-10-05,Standard
C003979,Lori,Elliott,Saudi Arabia,2024-11-25,1986-03-02,Standard
C003980,Hunter,Tyler,United Arab Emirates,2025-05-12,1981-03-06,Standard
C003981,Donna,Williams,United States,2023-12-15,1987-03-27,Premium
C003982,Joseph,Edwards,United States,2024-03-18,2002-07-23,VIP
C003983,Jennifer,Harding,Saudi Arabia,2025-04-12,2000-07-04,Standard
C003984,Matthew,Smith,Saudi Arabia,2024-08-02,1964-04-28,Standard
C003985,Shawn,Kelly,United States,2023-10-09,1990-01-30,Premium
C003986,Brittany,Campbell,Other,2023-12-26,1976-05-28,Standard
C003987,Jerry,Sanders,Saudi Arabia,2025-07-03,1960-02-20,Standard
C003988,Paul,Lee,United Arab Emirates,2025-04-02,1977-08-31,Standard
C003989,Daniel,Walton,United Arab Emirates,2025-06-10,1974-02-09,Standard
C003990,James,Swanson,Other,2025-08-10,2001-12-31,Standard
C003991,Michele,Dickson,Saudi Arabia,2024-10-02,1998-01-21,Standard
C003992,William,Park,Saudi Arabia,2025-10-28,2000-12-26,Standard
C003993,Robert,Davis,United States,2024-07-16,1967-08-19,Premium
C003994,Edward,Russell,Saudi Arabia,2024-05-05,1996-08-20,Standard
C003995,Cole,Figueroa,United Arab Emirates,2023-12-07,2002-09-06,Standard
C003996,Thomas,Garcia,United Arab Emirates,2024-04-16,2003-05-14,Premium
C003997,Christina,Aguirre,United Arab Emirates,2023-09-06,1965-11-25,Premium
C003998,Benjamin,Hernandez,United Arab Emirates,2023-08-23,1979-03-21,Standard
C003999,Kristen,Matthews,Pakistan,2026-01-11,1980-10-29,Standard
C004000,Wesley,Reyes,Saudi Arabia,2026-01-21,1989-12-02,Standard
C004001,David,Willis,Pakistan,2025-04-03,2002-11-13,Standard
C004002,Timothy,Christian,United States,2024-09-23,1983-07-17,Standard
C004003,David,Roberts,United States,2024-06-12,1991-09-06,Standard
C004004,Carrie,Hernandez,Saudi Arabia,2026-06-30,2004-05-15,Standard
C004005,Maria,Ford,Saudi Arabia,2023-05-02,1992-07-18,Premium
C004006,Penny,Mcclure,Saudi Arabia,2025-06-10,2001-02-22,Standard
C004007,Kimberly,Davis,United Arab Emirates,2023-01-10,2003-09-27,Standard
C004008,Debra,Higgins,United Arab Emirates,2025-04-17,1997-11-21,Standard
C004009,Alexa,Wilkerson,United Kingdom,2026-05-18,1998-02-09,Standard
C004010,Mitchell,Aguirre,Saudi Arabia,2025-01-22,1974-10-26,Standard
C004011,Bradley,Pena,Saudi Arabia,2025-06-04,1972-04-26,Premium
C004012,Alyssa,Mack,United Arab Emirates,2024-04-08,1973-06-10,Premium
C004013,Jerome,Martin,United Kingdom,2024-12-12,2002-05-18,Premium
C004014,Leah,Stuart,Saudi Arabia,2024-12-28,1990-05-17,Standard
C004015,Kristine,Black,Pakistan,2024-12-17,1980-12-15,Standard
C004016,Patrick,Chandler,Saudi Arabia,2026-05-24,2003-10-04,Standard
C004017,Brianna,Curtis,Other,2023-03-21,1967-12-30,Standard
C004018,Judith,Conrad,Other,2024-04-24,1975-05-17,Premium
C004019,Kathleen,Peterson,Saudi Arabia,2025-06-20,1971-10-25,Premium
C004020,Heather,Floyd,Saudi Arabia,2025-06-09,1994-02-11,Premium
C004021,Connor,Morgan,United Arab Emirates,2023-01-18,1967-08-15,Premium
C004022,Dennis,Ward,Saudi Arabia,2026-04-03,1986-04-19,VIP
C004023,Thomas,Chase,United Kingdom,2023-07-21,1995-01-06,Standard
C004024,Jesse,Jordan,United States,2025-01-10,1992-06-01,VIP
C004025,Michele,Macdonald,United Kingdom,2023-11-15,1969-02-13,Standard
C004026,Justin,Schroeder,United States,2023-08-05,1967-10-17,Premium
C004027,Nancy,Hughes,United Arab Emirates,2025-11-23,1962-07-18,Standard
C004028,Ricky,Clark,Saudi Arabia,2023-09-23,1973-03-11,Standard
C004029,Jacob,Bishop,United Kingdom,2024-12-24,1966-03-12,Premium
C004030,Jenna,Jones,United Arab Emirates,2025-02-13,1994-12-23,Standard
C004031,Kristine,Hernandez,United Kingdom,2026-01-08,1980-09-01,Premium
C004032,Becky,Burton,Saudi Arabia,2024-02-17,1985-10-05,Standard
C004033,David,Jimenez,Saudi Arabia,2026-06-29,1986-06-09,Standard
C004034,Adrian,Ballard,Other,2025-11-01,1971-06-06,Standard
C004035,Diamond,Thomas,Saudi Arabia,2024-02-05,1973-01-22,Standard
C004036,Gwendolyn,Harrell,Other,2024-12-24,1975-12-21,Standard
C004037,Leslie,Payne,Other,2023-10-09,1965-08-07,Standard
C004038,Michael,Novak,United States,2026-02-09,1962-11-03,Standard
C004039,Eric,Harrington,United Kingdom,2024-12-23,1977-02-02,Standard
C004040,Denise,Miller,Pakistan,2025-01-20,1986-06-04,Standard
C004041,Jon,Davis,Other,2023-09-25,1993-09-25,Standard
C004042,Melissa,Edwards,Saudi Arabia,2023-10-25,1976-11-14,VIP
C004043,Rodney,Villa,United Arab Emirates,2024-07-23,1971-02-25,Standard
C004044,Michael,Martin,Pakistan,2024-05-23,2003-11-26,Standard
C004045,Joshua,Ramirez,United Arab Emirates,2024-06-29,1978-06-07,Standard
C004046,Erin,Cox,United Arab Emirates,2025-02-13,1969-07-19,Standard
C004047,Kari,Davis,United Arab Emirates,2023-12-31,1965-12-24,Standard
C004048,Robert,White,Pakistan,2024-06-30,1998-01-11,Standard
C004049,Kristen,Ingram,Other,2023-09-28,1985-10-13,Standard
C004050,Timothy,Scott,Saudi Arabia,2025-01-08,1975-01-17,Standard
C004051,Mitchell,Kennedy,Other,2024-06-20,2000-06-20,Standard
C004052,Angela,Scott,United Kingdom,2026-06-11,1979-06-07,Premium
C004053,Jon,Mcdowell,United States,2023-02-28,1983-03-10,Standard
C004054,Kristopher,Santos,Pakistan,2026-06-28,1993-12-12,Standard
C004055,Maxwell,Taylor,United States,2023-03-27,2004-05-11,Standard
C004056,Janice,Martinez,Saudi Arabia,2025-02-01,1990-01-28,Standard
C004057,Jill,Carroll,United States,2024-01-25,1978-09-14,Standard
C004058,Melissa,Williams,Saudi Arabia,2026-04-18,2005-12-05,Standard
C004059,Donna,Trevino,Other,2024-12-19,1962-08-26,Standard
C004060,Julie,Morales,Other,2025-05-05,1988-06-04,Standard
C004061,Sean,Vincent,Saudi Arabia,2023-05-29,1974-02-07,Standard
C004062,Holly,Stark,Saudi Arabia,2024-08-05,1989-08-14,Standard
C004063,Evan,Anderson,United States,2023-05-01,1989-07-19,Standard
C004064,Jason,Richardson,Saudi Arabia,2025-02-03,1976-10-08,Standard
C004065,Richard,Kirk,Other,2024-08-27,1971-12-19,Standard
C004066,Matthew,Crane,Saudi Arabia,2023-09-13,1973-03-31,Standard
C004067,Andrea,Brooks,Saudi Arabia,2025-02-04,2004-04-14,Premium
C004068,Heidi,Fleming,Other,2025-05-13,1968-07-31,Premium
C004069,Jasmine,Hunter,United Kingdom,2025-03-10,1994-09-30,Standard
C004070,Eugene,Baker,United States,2023-02-28,1988-07-23,Premium
C004071,Tamara,Hutchinson,United Arab Emirates,2025-10-18,1991-08-22,Standard
C004072,Adam,Fleming,United Kingdom,2025-12-28,1962-11-20,Standard
C004073,Christopher,Oliver,Pakistan,2024-01-23,1967-04-23,Standard
C004074,Dustin,Schneider,Pakistan,2026-01-14,2005-08-11,Standard
C004075,Sara,Figueroa,United Kingdom,2025-02-24,2004-01-11,Standard
C004076,Ryan,Sanchez,Pakistan,2026-06-04,1995-06-04,Standard
C004077,Caleb,Nicholson,United Arab Emirates,2024-08-15,1975-08-27,Standard
C004078,Jeffrey,Smith,Saudi Arabia,2026-04-22,1993-08-17,Premium
C004079,Christopher,Farrell,United States,2025-06-27,2000-10-08,Standard
C004080,Benjamin,Roberts,Saudi Arabia,2024-07-19,1985-06-15,VIP
C004081,Patrick,Moore,United Kingdom,2024-02-03,1998-11-18,Standard
C004082,Tracey,Ross,Saudi Arabia,2025-06-17,2004-08-06,Standard
C004083,Christina,Jones,Pakistan,2023-10-20,1995-03-31,Standard
C004084,Abigail,Price,United Kingdom,2024-04-29,2005-03-17,Standard
C004085,Jennifer,Ford,Saudi Arabia,2025-03-13,1996-10-26,Standard
C004086,Carla,Davis,Saudi Arabia,2025-06-08,2001-08-11,Standard
C004087,Sonya,Owens,Saudi Arabia,2023-09-01,1980-11-13,Standard
C004088,Lori,Day,Pakistan,2025-08-17,1982-02-14,Standard
C004089,Danielle,Mccullough,United States,2026-03-23,1966-07-30,Standard
C004090,Scott,Marshall,Saudi Arabia,2025-03-26,1969-09-26,Standard
C004091,James,Miller,United Kingdom,2023-09-30,1966-01-02,VIP
C004092,Diane,Dennis,United Arab Emirates,2024-06-03,1988-01-13,Standard
C004093,Linda,Lowery,United Arab Emirates,2026-02-25,1983-07-02,Premium
C004094,Justin,Nielsen,Other,2024-07-21,1995-04-02,Standard
C004095,Arthur,Tate,United Arab Emirates,2024-09-29,1989-04-04,Standard
C004096,Carol,Gonzalez,United Arab Emirates,2023-06-08,1963-07-18,Standard
C004097,Zachary,Murphy,Saudi Arabia,2024-10-13,2002-04-18,Standard
C004098,Jesse,Stewart,Saudi Arabia,2023-06-25,1988-05-20,VIP
C004099,Gavin,Davies,Saudi Arabia,2024-09-11,1996-07-07,Standard
C004100,Barry,Tucker,Saudi Arabia,2023-07-30,1978-03-21,Premium
C004101,John,Park,Pakistan,2024-03-22,1994-10-02,Premium
C004102,Aaron,Alvarez,United Arab Emirates,2024-08-08,1985-04-20,Standard
C004103,Eric,Ramirez,Pakistan,2023-06-16,1971-02-27,Standard
C004104,Wendy,Johnson,Saudi Arabia,2024-04-04,1994-08-21,Standard
C004105,Kimberly,Moore,Saudi Arabia,2025-07-04,1985-05-24,Standard
C004106,Michael,Harrison,United Kingdom,2026-06-10,1995-02-24,Standard
C004107,Randall,Bowman,Other,2026-04-20,1964-07-16,Standard
C004108,Brenda,Flores,Saudi Arabia,2025-11-18,1978-12-24,Standard
C004109,April,Johnson,Other,2024-12-14,1999-01-04,Standard
C004110,Jillian,Burke,Pakistan,2026-01-21,1979-01-20,Standard
C004111,Casey,James,Pakistan,2025-04-20,1982-12-13,Premium
C004112,Christopher,Mayer,Pakistan,2025-05-17,2001-01-24,Standard
C004113,Justin,Ward,Saudi Arabia,2024-11-18,1977-06-16,Standard
C004114,Maria,Jordan,Saudi Arabia,2023-11-26,1969-07-08,Standard
C004115,Robyn,Kennedy,Pakistan,2026-04-22,1971-12-15,Premium
C004116,Michael,Brown,United Arab Emirates,2023-04-05,2004-05-15,Standard
C004117,Sylvia,Parrish,Other,2025-02-23,1994-02-09,VIP
C004118,Joshua,Cisneros,United Arab Emirates,2024-10-10,1960-01-28,VIP
C004119,Catherine,Sutton,Saudi Arabia,2023-12-19,1990-07-26,Premium
C004120,James,Nelson,United Kingdom,2025-07-18,1977-12-05,Standard
C004121,Sarah,Reid,Saudi Arabia,2025-07-29,1968-04-12,Standard
C004122,Bailey,Miller,Pakistan,2025-09-10,1963-06-18,Premium
C004123,Jose,Jones,United Kingdom,2025-11-08,1984-10-08,Premium
C004124,Richard,Sullivan,Other,2024-10-07,1993-06-13,Premium
C004125,Daniel,Evans,United States,2024-09-17,1978-01-13,Standard
C004126,Charles,Joseph,United Kingdom,2023-05-19,1978-01-03,Standard
C004127,Kelly,Savage,United Kingdom,2024-12-16,1995-01-13,Standard
C004128,Stacey,Warren,Other,2025-01-31,1970-08-06,Premium
C004129,Leah,Caldwell,Saudi Arabia,2023-09-12,1963-08-19,Premium
C004130,Sue,Green,Saudi Arabia,2026-01-13,1985-03-27,Standard
C004131,Nancy,Rivas,Saudi Arabia,2024-11-06,2005-11-05,Standard
C004132,Lisa,Davis,Saudi Arabia,2023-04-02,1961-08-28,Standard
C004133,Bailey,Valenzuela,United Kingdom,2025-12-28,1995-08-08,Standard
C004134,Heather,Peterson,Pakistan,2023-02-06,1988-09-19,Standard
C004135,Tammy,Mullins,Pakistan,2023-05-20,2005-12-12,Standard
C004136,Anna,Martin,Saudi Arabia,2025-05-16,1996-12-04,Standard
C004137,Kayla,Bailey,United Kingdom,2024-11-10,2000-05-03,Standard
C004138,Katherine,Barnes,United Arab Emirates,2026-04-16,1977-03-06,Premium
C004139,Susan,Alvarez,United Kingdom,2023-05-17,1989-09-09,Premium
C004140,Stephen,Barker,Pakistan,2023-07-09,1996-02-10,Premium
C004141,Steven,Martin,United Arab Emirates,2023-12-08,1990-01-14,Premium
C004142,Brenda,Horton,Saudi Arabia,2025-10-25,1976-05-01,Standard
C004143,Anthony,Gomez,Saudi Arabia,2025-08-29,1994-07-22,Premium
C004144,Darren,Schwartz,United States,2024-10-23,1977-05-19,VIP
C004145,Carlos,Price,Other,2023-08-31,1962-04-03,Standard
C004146,Cynthia,Smith,Pakistan,2024-02-19,1979-05-25,Standard
C004147,Virginia,Logan,Saudi Arabia,2024-12-07,1994-02-06,Premium
C004148,Erica,Harper,United Arab Emirates,2023-12-09,1989-01-15,Premium
C004149,Jerry,Miller,United Kingdom,2024-11-12,1998-12-23,Standard
C004150,Leslie,Contreras,United States,2024-10-14,2004-06-14,Standard
C004151,Stephanie,Jensen,Saudi Arabia,2023-05-26,1989-08-15,Premium
C004152,Zachary,Morris,Saudi Arabia,2023-11-19,1992-10-08,Premium
C004153,Alec,Downs,United Kingdom,2023-05-02,1992-01-13,Standard
C004154,Marilyn,Mcmillan,United Arab Emirates,2026-06-29,1961-06-27,Standard
C004155,John,Newton,Saudi Arabia,2023-11-07,1970-09-05,Standard
C004156,Christopher,Doyle,Saudi Arabia,2024-08-23,1992-09-14,Standard
C004157,Emily,Stewart,Pakistan,2024-04-19,1971-07-26,Premium
C004158,Lori,Hernandez,Other,2024-07-23,1997-09-01,Standard
C004159,Charles,Ellis,Other,2024-07-28,2000-12-05,Standard
C004160,Sarah,Hernandez,Pakistan,2023-12-13,1967-11-06,Premium
C004161,Thomas,Lin,Pakistan,2025-03-30,1982-08-21,Standard
C004162,Michael,Wilson,Saudi Arabia,2024-01-17,1995-01-30,Premium
C004163,Patricia,Cordova,Pakistan,2023-03-13,2005-10-23,Standard
C004164,Joseph,Russell,United Arab Emirates,2024-06-04,1972-08-06,Premium
C004165,Stacey,Meyer,Pakistan,2025-07-21,1995-05-27,VIP
C004166,Felicia,Smith,United Arab Emirates,2026-01-22,1971-11-12,Standard
C004167,Renee,Hayes,Saudi Arabia,2023-12-05,1974-10-13,Premium
C004168,Victor,Wall,Saudi Arabia,2024-10-25,1980-05-11,VIP
C004169,James,Martinez,United Arab Emirates,2023-02-09,2000-12-03,VIP
C004170,Jill,Cole,Saudi Arabia,2024-07-27,1998-03-23,Standard
C004171,Monique,Montes,Saudi Arabia,2025-08-23,1982-02-20,Standard
C004172,Jamie,Davis,Other,2024-08-03,1970-01-30,Standard
C004173,James,Robinson,United Arab Emirates,2023-06-19,1965-01-28,Standard
C004174,John,Werner,Pakistan,2024-12-01,1968-03-04,Standard
C004175,Christine,Fisher,Other,2024-05-25,1989-08-13,Standard
C004176,Eric,Payne,Other,2024-08-06,1980-07-10,Premium
C004177,Daniel,Martin,Pakistan,2025-09-10,1961-07-12,Standard
C004178,Samantha,Gray,United States,2024-04-03,1963-06-08,Premium
C004179,Emma,Bailey,United Arab Emirates,2024-06-12,2002-11-23,Premium
C004180,Elizabeth,Farley,United Arab Emirates,2023-12-07,2004-01-08,Standard
C004181,Christina,Bonilla,United Arab Emirates,2023-02-26,1987-05-25,Standard
C004182,Kathryn,Ray,United Kingdom,2023-08-06,1977-03-15,Premium
C004183,Amber,Smith,United Kingdom,2024-09-10,1984-03-29,Standard
C004184,Bobby,Cervantes,United Arab Emirates,2025-03-26,1993-09-12,Standard
C004185,Timothy,Smith,Saudi Arabia,2024-12-31,1969-02-07,Premium
C004186,Christine,Mosley,Pakistan,2024-04-08,1968-08-09,Standard
C004187,Travis,Shaw,Saudi Arabia,2023-09-04,1968-04-25,Premium
C004188,Tricia,Parrish,Pakistan,2024-12-30,1993-12-30,Premium
C004189,Penny,Lyons,United Kingdom,2024-01-08,1972-10-19,Standard
C004190,Misty,Banks,United Kingdom,2024-02-21,1979-07-28,Premium
C004191,Travis,Bryant,United States,2025-11-20,1980-09-03,Standard
C004192,Tracey,Jenkins,Other,2024-01-03,2005-02-23,Premium
C004193,Sabrina,Bell,United Arab Emirates,2024-07-12,1967-04-22,Premium
C004194,Juan,Daniels,United Kingdom,2023-04-18,2000-10-29,Standard
C004195,Jeffrey,Mills,Pakistan,2024-08-06,1966-02-24,Standard
C004196,Barbara,Hubbard,Saudi Arabia,2025-04-18,1978-03-20,Standard
C004197,Brian,Wilson,Saudi Arabia,2024-02-22,1990-06-25,Standard
C004198,Lauren,Thompson,Saudi Arabia,2025-03-31,1980-12-10,VIP
C004199,Timothy,Patterson,United Arab Emirates,2024-11-13,1983-02-10,Standard
C004200,Amber,Thompson,Pakistan,2026-02-13,1962-06-07,Standard
C004201,Wayne,Larson,United States,2023-09-13,1985-03-25,Standard
C004202,Phillip,Daniels,Saudi Arabia,2026-01-09,1984-01-26,Standard
C004203,Gina,James,Saudi Arabia,2025-02-18,1990-04-28,Premium
C004204,Gregory,Bruce,Other,2026-02-25,2001-08-17,Standard
C004205,Tiffany,Barker,Saudi Arabia,2025-04-17,1987-03-30,Premium
C004206,Helen,Kim,United Arab Emirates,2025-07-03,1974-10-27,Premium
C004207,Steve,Campbell,Pakistan,2023-08-23,1977-11-24,Standard
C004208,Hannah,Oliver,Pakistan,2024-07-06,1969-10-09,Standard
C004209,Alexander,Buckley,Saudi Arabia,2023-06-30,1963-05-27,Standard
C004210,Jason,Vincent,Saudi Arabia,2023-06-06,1971-11-08,Standard
C004211,Bianca,Cowan,Saudi Arabia,2024-07-24,1988-09-17,Standard
C004212,Mark,Shaffer,Pakistan,2025-05-06,1969-04-18,Premium
C004213,Chloe,Garcia,Pakistan,2025-11-13,1982-01-04,VIP
C004214,Jordan,Banks,Saudi Arabia,2025-08-05,1982-06-12,Standard
C004215,Amy,Jensen,Pakistan,2024-08-14,1964-05-05,Standard
C004216,Joel,Jenkins,United States,2023-05-14,1970-06-21,Standard
C004217,Thomas,Crawford,Saudi Arabia,2024-02-25,1969-05-29,Premium
C004218,Christie,Walton,United Arab Emirates,2023-08-01,1982-02-23,Standard
C004219,Michael,Ho,United Kingdom,2025-06-18,2003-12-18,Standard
C004220,Victor,Garcia,Saudi Arabia,2024-04-26,1963-08-03,Standard
C004221,Jason,Wallace,United Arab Emirates,2023-12-14,1986-11-19,Premium
C004222,Jaclyn,Perkins,Pakistan,2023-06-15,2002-05-05,Standard
C004223,Nathan,Johnson,Other,2025-07-25,1996-11-04,Standard
C004224,Melissa,Roberts,United States,2023-12-14,1961-04-22,Standard
C004225,Joshua,Fisher,Pakistan,2025-04-28,1984-05-20,Standard
C004226,Hector,Walker,United Kingdom,2024-02-02,1987-01-07,Premium
C004227,David,Gibson,United Arab Emirates,2024-08-05,1961-05-23,Standard
C004228,Barbara,James,Pakistan,2024-12-26,1980-01-15,Standard
C004229,Jeremy,Gonzalez,United Arab Emirates,2026-05-29,1961-01-16,Premium
C004230,Cory,Harrison,Saudi Arabia,2023-11-04,2001-11-08,Standard
C004231,Joseph,Martinez,United Kingdom,2025-09-17,1965-01-19,Standard
C004232,Joe,Ponce,Pakistan,2025-03-08,1994-05-24,Premium
C004233,Ryan,Sloan,United Arab Emirates,2024-12-19,1987-02-18,Premium
C004234,Oscar,Gutierrez,Other,2024-04-10,1972-09-03,Standard
C004235,Dustin,Hoover,Saudi Arabia,2023-04-09,1975-08-14,Premium
C004236,Susan,Padilla,United Arab Emirates,2026-06-19,1964-11-11,Premium
C004237,Edward,Figueroa,Saudi Arabia,2023-06-07,2002-06-22,Standard
C004238,Linda,Smith,United States,2024-09-01,2001-09-10,Standard
C004239,Gregory,Brooks,United Kingdom,2024-07-07,1963-05-29,Standard
C004240,Victor,Walker,United Arab Emirates,2024-10-12,1963-08-26,VIP
C004241,Wendy,Campbell,United Kingdom,2025-07-08,1970-01-17,VIP
C004242,Melissa,Hobbs,United Arab Emirates,2023-08-15,2002-08-27,Standard
C004243,Zachary,Baker,United States,2024-02-27,1965-04-17,Standard
C004244,Jennifer,Roberson,United Arab Emirates,2025-12-31,1962-01-16,Standard
C004245,Kristen,Pope,United Arab Emirates,2023-08-31,1984-09-23,Standard
C004246,Kevin,Perry,Other,2024-06-13,1978-09-10,Standard
C004247,Anna,Allen,Saudi Arabia,2025-12-04,2004-05-06,Standard
C004248,Ashley,Mccullough,Saudi Arabia,2024-01-06,1962-03-03,Standard
C004249,Raymond,Perry,Pakistan,2024-10-13,1978-12-19,Standard
C004250,Hannah,Smith,Other,2024-11-19,1986-09-03,Premium
C004251,Brian,Hernandez,United Arab Emirates,2025-01-03,1977-06-09,Premium
C004252,Lisa,Brooks,Saudi Arabia,2023-04-02,2000-07-09,Premium
C004253,Thomas,Montoya,United Arab Emirates,2025-11-11,1981-07-23,Standard
C004254,Crystal,Wilkins,Pakistan,2023-06-21,2005-08-28,Premium
C004255,Shannon,Greene,Saudi Arabia,2026-04-30,1978-10-17,Premium
C004256,Matthew,Rogers,United Kingdom,2026-01-05,1971-01-05,Standard
C004257,Michael,Haley,Other,2023-06-28,1990-02-20,Standard
C004258,Ann,Haney,United Arab Emirates,2023-08-26,1993-02-18,VIP
C004259,Sarah,Allen,United Arab Emirates,2026-03-04,2002-01-02,Standard
C004260,Jonathan,Beltran,United Arab Emirates,2025-05-26,1990-06-02,Standard
C004261,Andrew,Lee,Saudi Arabia,2025-06-20,1974-02-27,Standard
C004262,David,Newman,Other,2023-10-07,1986-04-03,Standard
C004263,Michelle,Poole,United Arab Emirates,2025-11-08,1978-05-16,Standard
C004264,Sylvia,Solis,United Arab Emirates,2025-01-09,1974-12-12,Standard
C004265,James,Lane,United Kingdom,2024-01-06,2000-11-23,Standard
C004266,Barbara,Anderson,United Arab Emirates,2026-02-09,1986-09-15,Standard
C004267,Debra,Fields,Pakistan,2025-05-19,1979-04-19,Premium
C004268,Greg,Madden,Saudi Arabia,2025-10-15,1985-12-18,VIP
C004269,Kimberly,Thompson,United States,2023-08-09,1994-01-31,Standard
C004270,Michael,Strong,Other,2025-07-08,2002-01-14,Standard
C004271,Emily,Holmes,Pakistan,2023-10-31,1962-09-05,Standard
C004272,Tony,Kim,Other,2024-03-13,1983-11-05,Standard
C004273,Jill,Garcia,Saudi Arabia,2026-04-08,2003-02-24,VIP
C004274,Pamela,Owen,United Arab Emirates,2024-01-10,1990-03-07,Standard
C004275,Patrick,Gordon,Pakistan,2024-01-16,2005-03-26,Standard
C004276,Justin,Welch,Pakistan,2025-09-12,1990-07-07,Standard
C004277,Crystal,Mueller,United Arab Emirates,2023-01-14,1999-09-04,Standard
C004278,Duane,Cameron,United Arab Emirates,2025-01-12,1980-03-28,Standard
C004279,Gary,Burton,Saudi Arabia,2024-10-30,1991-05-05,Standard
C004280,Lindsey,Green,United Arab Emirates,2024-05-14,1983-07-06,Premium
C004281,Matthew,Tran,Saudi Arabia,2024-07-18,1987-09-25,Standard
C004282,Crystal,Fry,United Kingdom,2024-06-13,1998-01-28,Standard
C004283,Ashley,Harris,Saudi Arabia,2024-05-06,1974-11-11,Standard
C004284,Melinda,Davis,Saudi Arabia,2026-05-04,1967-02-02,Standard
C004285,Charles,Kim,Pakistan,2025-01-24,1968-04-22,Standard
C004286,Fernando,Fuller,Pakistan,2023-10-27,1960-06-18,Standard
C004287,Jeremy,Watkins,Other,2025-03-25,1968-11-13,Premium
C004288,Logan,Johnson,Pakistan,2024-06-30,1969-05-08,Standard
C004289,Kelly,Zimmerman,United Arab Emirates,2024-12-27,1991-03-27,Standard
C004290,Joseph,Knapp,United States,2024-12-31,1969-07-16,Standard
C004291,Deanna,Miller,Pakistan,2025-04-07,2000-11-09,Standard
C004292,Joseph,Reyes,Saudi Arabia,2024-08-24,1978-09-27,Standard
C004293,Sean,Newton,Pakistan,2026-06-29,1970-11-09,Standard
C004294,Michelle,Anderson,Other,2025-10-28,1979-09-02,Standard
C004295,Michael,Chavez,United Arab Emirates,2025-02-06,1974-09-24,Standard
C004296,Brenda,Welch,Saudi Arabia,2025-05-24,2001-11-06,Standard
C004297,Tammy,Howard,Saudi Arabia,2026-05-16,1960-04-21,Standard
C004298,Robert,Allen,Saudi Arabia,2025-07-25,2004-03-13,Standard
C004299,Ivan,Hurst,United Arab Emirates,2023-05-11,1980-04-18,Standard
C004300,Andrew,Phillips,Pakistan,2024-08-30,2000-04-26,Standard
C004301,Jessica,Nichols,Saudi Arabia,2023-01-26,1976-05-19,Standard
C004302,Ebony,Sanchez,Other,2024-09-26,1988-04-04,Standard
C004303,Shelby,Deleon,United States,2026-04-24,1990-04-14,Standard
C004304,Jackie,Hartman,Pakistan,2024-04-28,1969-11-07,Standard
C004305,Christopher,Townsend,United States,2024-11-10,1964-03-06,Premium
C004306,Garrett,Hopkins,Saudi Arabia,2025-12-10,1981-08-27,VIP
C004307,Dakota,Hill,United Arab Emirates,2023-01-05,1965-05-23,Standard
C004308,Caleb,Donovan,Pakistan,2024-08-11,1985-01-12,Standard
C004309,Natasha,Burton,United States,2026-03-29,1991-07-25,Standard
C004310,Amy,Little,United States,2023-07-27,1982-09-23,Standard
C004311,Anthony,Riley,Saudi Arabia,2023-09-14,1966-06-12,Standard
C004312,Randy,Garcia,Other,2026-05-13,1974-07-25,Premium
C004313,Kathy,Stevens,Saudi Arabia,2023-01-11,1960-08-13,Standard
C004314,Christopher,Carlson,Other,2025-08-06,1999-10-03,VIP
C004315,Jose,Rodriguez,Other,2023-01-08,1968-03-30,Standard
C004316,Eric,Campbell,Saudi Arabia,2025-07-24,1971-04-19,Standard
C004317,Diana,Kline,United Kingdom,2023-02-01,1961-09-05,Premium
C004318,Nicole,Davis,Saudi Arabia,2024-06-23,1998-07-22,Premium
C004319,Kyle,Snyder,United Arab Emirates,2025-10-01,2005-02-15,Premium
C004320,John,Ward,Pakistan,2024-01-22,1974-12-11,Premium
C004321,Justin,Massey,Pakistan,2026-06-05,1984-08-24,Standard
C004322,Courtney,Myers,Other,2024-10-01,1967-05-23,Standard
C004323,David,Henry,United Kingdom,2023-07-26,1980-07-31,Standard
C004324,Mary,Johnson,United Arab Emirates,2024-07-10,1962-10-16,Standard
C004325,Anthony,Jones,United States,2023-12-14,2003-07-17,VIP
C004326,Elizabeth,Chung,Other,2025-03-03,1997-07-03,Premium
C004327,Michelle,Jones,Saudi Arabia,2023-08-22,2004-03-20,Premium
C004328,Mark,Mcdaniel,Other,2025-12-03,1975-04-10,Standard
C004329,Thomas,Brooks,Saudi Arabia,2025-10-02,1978-06-04,Standard
C004330,Theresa,Edwards,United States,2025-01-06,1979-01-22,Premium
C004331,Amber,Odonnell,Saudi Arabia,2025-07-30,1990-08-02,Standard
C004332,Joseph,Stokes,Saudi Arabia,2026-03-11,1998-03-09,Standard
C004333,Sean,White,United Arab Emirates,2023-06-25,1965-05-11,Premium
C004334,Tara,Smith,Pakistan,2024-03-24,1996-05-31,Standard
C004335,Heidi,White,United Arab Emirates,2024-08-14,1972-02-28,VIP
C004336,Gregory,Bradley,Saudi Arabia,2023-03-23,1995-08-16,Standard
C004337,Carla,Obrien,Pakistan,2023-05-15,1963-01-06,Standard
C004338,Crystal,Johnson,Other,2025-05-05,1985-04-08,Standard
C004339,Cynthia,Daugherty,United Arab Emirates,2026-04-15,1997-04-11,Standard
C004340,Anne,Chaney,Saudi Arabia,2026-06-20,2000-05-02,Standard
C004341,Alexandra,Webb,United Arab Emirates,2026-03-10,1993-11-09,Standard
C004342,Danielle,Mendez,Saudi Arabia,2024-03-15,1987-04-19,Premium
C004343,Kyle,Payne,United States,2025-12-15,1995-07-28,Premium
C004344,Michael,Moore,United States,2024-11-27,1962-09-08,Standard
C004345,Amber,Harmon,Pakistan,2024-02-23,2004-02-29,Standard
C004346,Linda,House,United Arab Emirates,2023-03-29,1983-06-15,Standard
C004347,Scott,Lee,United States,2024-10-17,1977-05-20,Premium
C004348,Michael,Johnson,Pakistan,2025-10-28,1989-05-16,Standard
C004349,Jordan,Johnson,United States,2023-08-03,1980-08-31,Standard
C004350,Kevin,Hunt,Pakistan,2024-07-05,1969-06-08,Standard
C004351,Aaron,Hernandez,United States,2024-05-17,1995-02-06,Standard
C004352,Lisa,Camacho,Pakistan,2024-11-29,1967-11-12,Standard
C004353,Melanie,Wilson,United Arab Emirates,2023-09-02,1985-08-25,Premium
C004354,Maurice,Robinson,Other,2023-11-05,1963-08-28,VIP
C004355,Taylor,Murphy,Pakistan,2023-08-19,1974-10-27,Standard
C004356,Alan,Robinson,Pakistan,2023-06-04,2005-03-01,Standard
C004357,Sandra,Luna,Saudi Arabia,2026-04-13,1996-10-01,Standard
C004358,Stacey,Case,Pakistan,2025-04-27,1974-06-30,Standard
C004359,Thomas,Adams,Pakistan,2023-04-25,1987-06-25,Standard
C004360,Albert,Olson,Saudi Arabia,2023-11-07,1965-06-10,Standard
C004361,Russell,Ashley,Saudi Arabia,2025-09-19,1973-03-22,Premium
C004362,Kelly,Bailey,Pakistan,2023-10-27,1991-04-22,Standard
C004363,Jerry,Arnold,United States,2025-11-07,1999-10-31,Standard
C004364,Adrian,Phillips,Pakistan,2025-02-22,2005-07-19,Standard
C004365,Nathaniel,Mcgee,Saudi Arabia,2023-01-12,1985-10-24,Standard
C004366,Robert,Simpson,United Kingdom,2023-08-20,1968-08-22,Standard
C004367,Ann,Hunt,Saudi Arabia,2025-08-12,1991-01-06,Standard
C004368,Ralph,Ross,United Arab Emirates,2024-12-30,1969-04-12,Standard
C004369,Frank,Lee,Saudi Arabia,2025-10-14,1985-11-23,Premium
C004370,Jillian,Thompson,Saudi Arabia,2025-09-25,1968-01-24,Standard
C004371,Peter,Mcdaniel,Saudi Arabia,2023-10-30,1985-08-09,Standard
C004372,Nicholas,Clay,United Arab Emirates,2024-06-24,1988-09-16,Standard
C004373,Jose,Campbell,Saudi Arabia,2024-04-14,1983-08-20,Standard
C004374,Robert,Long,United Arab Emirates,2025-03-23,1965-09-23,Standard
C004375,John,Silva,Pakistan,2023-03-18,1970-04-17,Premium
C004376,Kathy,Miranda,United Arab Emirates,2025-10-16,1973-12-30,Standard
C004377,Renee,Collins,United Arab Emirates,2023-01-24,1973-06-05,Standard
C004378,Lindsey,Bauer,United States,2025-11-04,1996-04-19,Standard
C004379,Gail,Mckay,Saudi Arabia,2024-11-06,1963-01-17,Standard
C004380,Justin,Freeman,Pakistan,2024-06-08,1967-08-09,Standard
C004381,Julia,Andrade,Saudi Arabia,2023-12-13,2002-09-04,Premium
C004382,Lisa,Henderson,Saudi Arabia,2023-06-21,1987-06-13,Standard
C004383,Robert,Burgess,Pakistan,2024-12-12,1963-08-07,Premium
C004384,Melissa,Cabrera,Pakistan,2024-05-03,1997-02-17,Standard
C004385,Ian,Dean,Other,2024-01-13,1990-12-13,Standard
C004386,Keith,Lawson,Pakistan,2026-04-02,1979-03-17,Standard
C004387,Dana,Patterson,Other,2024-01-07,1993-03-05,Standard
C004388,Christine,Bradley,Saudi Arabia,2025-09-26,1975-08-20,Standard
C004389,Joseph,Brooks,Saudi Arabia,2025-09-03,1994-06-19,Premium
C004390,Cindy,Chen,Saudi Arabia,2025-01-26,2002-04-06,Standard
C004391,Jacob,Brown,Saudi Arabia,2024-04-21,2001-08-09,Standard
C004392,Andrew,Jackson,Pakistan,2024-01-17,1966-11-11,Premium
C004393,Brandon,Johnson,Pakistan,2023-06-04,1993-01-19,Standard
C004394,Amanda,Dixon,Saudi Arabia,2023-09-14,2004-03-06,Premium
C004395,Jacob,Matthews,Other,2024-11-04,1999-04-09,Standard
C004396,Curtis,Carter,United States,2023-03-09,1975-01-01,Standard
C004397,Joseph,Serrano,Saudi Arabia,2023-12-10,1988-07-26,Standard
C004398,Jennifer,Newman,Saudi Arabia,2024-11-03,1968-06-17,Standard
C004399,Jessica,Sanford,Saudi Arabia,2024-01-26,1977-10-15,Premium
C004400,Jesse,Bell,Saudi Arabia,2023-09-16,2000-03-22,Premium
C004401,Edward,Johnson,Saudi Arabia,2023-11-03,1979-02-23,Standard
C004402,Tristan,White,Pakistan,2026-01-23,1962-08-31,Standard
C004403,Matthew,Morris,Saudi Arabia,2025-08-07,1982-08-10,Standard
C004404,Larry,Gibbs,United Arab Emirates,2025-08-27,1976-09-05,Standard
C004405,Lauren,Howard,Other,2023-09-03,1967-12-16,Standard
C004406,Whitney,Jones,United Kingdom,2025-01-02,1961-07-24,Standard
C004407,Steven,Sandoval,Other,2023-07-06,1993-01-31,Premium
C004408,Lacey,Watson,Saudi Arabia,2025-07-13,1960-11-03,Standard
C004409,Mark,Chan,United Arab Emirates,2025-02-23,1970-03-31,VIP
C004410,Megan,Martinez,Pakistan,2024-02-12,1984-07-27,Standard
C004411,Stephanie,Flores,Saudi Arabia,2026-02-22,1962-02-04,VIP
C004412,Brian,Smith,Saudi Arabia,2023-12-07,1984-07-17,Standard
C004413,Kimberly,Murphy,United Kingdom,2024-07-16,1981-03-06,Standard
C004414,Charles,Marshall,Pakistan,2026-04-16,2004-05-11,Premium
C004415,Theodore,Pope,United Arab Emirates,2024-10-12,1999-07-06,Premium
C004416,James,Roach,United Arab Emirates,2025-08-09,1991-02-24,Premium
C004417,Mckenzie,Hoffman,United Arab Emirates,2026-04-08,1996-05-05,Standard
C004418,Lisa,Cruz,Saudi Arabia,2025-11-28,1999-02-22,Premium
C004419,Maria,Guzman,United Arab Emirates,2023-03-10,1982-01-01,Standard
C004420,David,Rose,Saudi Arabia,2026-06-13,1980-10-18,Standard
C004421,Kayla,Garcia,Saudi Arabia,2024-01-16,1965-08-11,Standard
C004422,John,Ramirez,Other,2023-02-26,1972-10-19,Premium
C004423,Kelsey,Franklin,Pakistan,2025-04-29,1964-07-21,Standard
C004424,Scott,Ware,United Kingdom,2026-01-27,1977-09-24,Standard
C004425,Joan,Heath,United Arab Emirates,2025-07-04,1992-12-06,Standard
C004426,Arthur,Jones,United Arab Emirates,2023-11-21,2001-04-12,Standard
C004427,Steven,Stafford,Saudi Arabia,2024-04-05,1979-07-23,Standard
C004428,Kelli,Fisher,Saudi Arabia,2023-06-28,1965-03-25,Standard
C004429,Adriana,Avila,Saudi Arabia,2025-04-23,1962-01-02,Standard
C004430,Tina,Stewart,United States,2024-07-27,1972-08-14,Standard
C004431,Thomas,Flores,United Kingdom,2023-04-29,1990-06-26,Premium
C004432,Erin,Gonzalez,Pakistan,2024-07-02,1972-03-14,Standard
C004433,Larry,Lang,United Arab Emirates,2024-10-07,1999-09-25,Standard
C004434,Marcus,Jimenez,Other,2023-01-26,1969-02-17,Standard
C004435,Crystal,Mooney,Saudi Arabia,2025-10-28,2002-07-24,Standard
C004436,Bobby,Fisher,Saudi Arabia,2025-08-26,1995-01-31,Standard
C004437,Sharon,Martinez,United Arab Emirates,2024-06-16,1979-04-27,Premium
C004438,Abigail,Jackson,United States,2023-05-29,1967-07-16,Standard
C004439,Jon,Murphy,Other,2025-11-14,1963-10-04,Standard
C004440,Danielle,Reyes,Saudi Arabia,2024-10-16,1998-12-21,Standard
C004441,James,Ray,Other,2025-08-02,1986-05-20,Premium
C004442,Paige,Mitchell,United States,2024-07-08,1969-03-30,Premium
C004443,Michelle,Schneider,Saudi Arabia,2024-02-29,1983-03-22,Standard
C004444,Jeff,Chase,United Arab Emirates,2023-10-20,1988-01-31,Standard
C004445,Daniel,Travis,United Arab Emirates,2026-04-23,2005-01-11,Standard
C004446,Cynthia,Buck,Other,2024-07-07,2005-10-04,Standard
C004447,Mark,Mitchell,Saudi Arabia,2024-03-06,1973-04-20,Standard
C004448,Gary,Skinner,United States,2024-08-26,2005-03-29,Standard
C004449,Joshua,Powell,United Arab Emirates,2023-11-13,1997-04-15,Standard
C004450,David,Huang,United Kingdom,2024-02-02,1972-06-05,Premium
C004451,Kristina,Hull,United Arab Emirates,2024-08-18,1975-04-26,Standard
C004452,Albert,Williams,Pakistan,2024-06-29,1970-09-08,Premium
C004453,Bobby,Newman,United States,2023-03-17,1974-09-08,Standard
C004454,Kristen,Jones,United States,2025-05-14,1961-03-25,Standard
C004455,Thomas,Davis,Other,2025-07-04,1973-02-27,Standard
C004456,Caitlyn,Lang,Saudi Arabia,2024-12-09,1962-05-19,Standard
C004457,Nathan,Cummings,United Kingdom,2024-04-30,1976-08-23,Standard
C004458,Christopher,Hill,Saudi Arabia,2026-01-16,1980-01-03,Standard
C004459,Eric,Molina,United Arab Emirates,2025-01-16,1970-01-07,Standard
C004460,Christopher,Ross,Pakistan,2026-06-09,1969-11-11,Standard
C004461,Christine,Hawkins,United Arab Emirates,2025-10-27,1983-07-03,Premium
C004462,Sarah,Edwards,Pakistan,2024-07-03,1999-05-21,Standard
C004463,Wendy,Salazar,Other,2025-09-02,1990-01-26,Standard
C004464,Colleen,Long,Saudi Arabia,2025-12-11,1974-01-18,Standard
C004465,Brian,Horton,United Kingdom,2025-07-30,1963-09-20,Premium
C004466,Deanna,Gibson,United Arab Emirates,2025-07-07,2005-12-01,Standard
C004467,Jacqueline,Allison,Saudi Arabia,2026-05-29,1997-03-30,Standard
C004468,Lacey,Coffey,Saudi Arabia,2026-03-12,2004-06-24,Standard
C004469,David,Martinez,Other,2023-12-29,1983-02-10,Standard
C004470,Jesse,Brooks,Other,2024-01-17,1987-12-24,Standard
C004471,Tina,Williamson,Other,2023-09-28,1986-08-12,Standard
C004472,Kristina,Johnson,Other,2025-11-03,1986-02-25,Standard
C004473,Katherine,Williams,Saudi Arabia,2023-10-25,1990-12-10,Standard
C004474,Linda,Smith,United Arab Emirates,2025-09-30,1986-01-19,Standard
C004475,Samuel,Garcia,United Kingdom,2023-08-22,1962-06-10,Standard
C004476,James,Morris,United Arab Emirates,2024-07-28,2001-04-20,Standard
C004477,Hannah,Watts,United Arab Emirates,2023-01-27,1971-06-24,Standard
C004478,Michael,Graham,United Arab Emirates,2023-04-03,2004-02-27,Premium
C004479,Dennis,Jackson,Pakistan,2024-09-08,1988-05-15,Standard
C004480,Rachel,Lee,Pakistan,2023-11-05,2005-09-29,Standard
C004481,Todd,Barrera,Saudi Arabia,2023-02-21,1985-02-15,Standard
C004482,Samuel,Wood,United Arab Emirates,2023-11-15,1978-03-11,Standard
C004483,Kenneth,Leach,Pakistan,2023-06-30,1973-02-03,Standard
C004484,Heidi,Mayo,Pakistan,2026-02-17,1987-07-10,Premium
C004485,James,Villa,Saudi Arabia,2025-05-24,1970-09-03,Standard
C004486,Jacob,Parrish,United Kingdom,2025-12-02,1971-05-17,Standard
C004487,Michael,Green,Saudi Arabia,2024-10-08,1967-08-10,Premium
C004488,Jessica,Glover,United Arab Emirates,2023-07-16,1997-10-22,Standard
C004489,Joshua,Rodriguez,United States,2024-10-06,1977-07-19,Premium
C004490,Marie,Valentine,Pakistan,2025-08-28,1994-04-15,Standard
C004491,Robin,Jones,Saudi Arabia,2023-09-12,1971-10-23,Standard
C004492,Angela,Murphy,United Kingdom,2025-01-01,1980-10-30,Standard
C004493,Casey,Salazar,Pakistan,2023-12-02,1997-07-22,Standard
C004494,Eric,Burnett,United States,2025-09-16,1992-06-25,Premium
C004495,Kenneth,Nelson,United Kingdom,2025-06-18,1990-09-14,Premium
C004496,Jose,Jackson,Pakistan,2024-05-28,1995-04-03,Standard
C004497,Michael,Taylor,United Arab Emirates,2023-08-30,1962-07-05,Premium
C004498,Aaron,Murray,Saudi Arabia,2023-05-29,1985-07-13,Standard
C004499,Dana,Martinez,Saudi Arabia,2025-01-26,1970-12-21,Premium
C004500,Nicholas,Atkins,United Arab Emirates,2024-09-11,1969-07-17,Premium
C004501,Jacob,Mullins,Pakistan,2024-03-28,1990-01-04,Standard
C004502,Andrew,Barron,Pakistan,2023-07-31,1992-08-08,Standard
C004503,Melissa,Church,Saudi Arabia,2024-10-29,1969-03-08,Premium
C004504,Kimberly,Gutierrez,Saudi Arabia,2024-08-16,1996-12-26,Standard
C004505,John,Griffin,United Arab Emirates,2023-05-11,1979-06-11,Premium
C004506,Jennifer,Martinez,Saudi Arabia,2024-09-03,1972-12-26,Standard
C004507,Dominique,Rose,United Kingdom,2023-09-13,1984-07-04,Standard
C004508,Amber,Lane,Saudi Arabia,2024-07-14,1979-03-16,Standard
C004509,Paul,Stanley,Pakistan,2023-03-04,1969-05-05,Standard
C004510,Alexandria,Bray,Other,2024-02-11,1985-01-09,Standard
C004511,Tyler,Morris,Saudi Arabia,2025-03-12,1988-02-14,Standard
C004512,Andrea,Simon,United Arab Emirates,2026-02-02,1982-07-03,Standard
C004513,Chloe,Perez,Saudi Arabia,2023-01-15,1979-08-12,Premium
C004514,Marcus,Baker,Pakistan,2023-09-16,1966-10-06,Standard
C004515,Danielle,Phillips,Pakistan,2024-12-23,1989-05-18,Premium
C004516,Daniel,Miller,United Arab Emirates,2024-09-05,2005-04-17,Standard
C004517,Alexandra,Hansen,Pakistan,2025-12-04,1971-04-06,Standard
C004518,Carl,Salas,Other,2025-03-23,1996-09-22,Premium
C004519,Mary,Keller,Saudi Arabia,2023-11-27,1981-03-20,Standard
C004520,David,Moss,Saudi Arabia,2023-06-14,1992-08-14,Premium
C004521,Morgan,Harris,Other,2026-05-01,2001-02-01,Standard
C004522,James,Miller,Pakistan,2025-12-24,1992-08-23,Standard
C004523,Todd,Bonilla,Other,2024-01-22,1995-09-16,Premium
C004524,Corey,Brown,Pakistan,2025-11-19,1996-02-02,Standard
C004525,Ashley,Smith,United States,2023-11-24,1993-03-18,Standard
C004526,Mary,Robinson,United Arab Emirates,2026-05-25,1969-04-28,Standard
C004527,Diane,Cardenas,United Kingdom,2023-11-16,1989-09-27,Premium
C004528,Alicia,Lopez,Other,2024-02-03,2001-10-01,Premium
C004529,Jacqueline,Garcia,Pakistan,2023-04-15,1995-06-05,Standard
C004530,Jonathan,Clark,Saudi Arabia,2024-11-26,1998-03-29,VIP
C004531,Michael,Garza,Saudi Arabia,2025-10-13,1976-01-05,Premium
C004532,Catherine,Rose,Saudi Arabia,2023-11-26,1978-08-31,Premium
C004533,Chad,Garrison,Saudi Arabia,2024-10-21,1976-10-26,Standard
C004534,Sarah,Hodges,United Arab Emirates,2025-12-06,1999-09-22,Standard
C004535,Jason,Collins,Pakistan,2024-08-21,1987-07-16,Premium
C004536,Travis,Gibson,Pakistan,2025-03-31,1982-12-27,Standard
C004537,Pamela,Moore,United Arab Emirates,2024-10-02,1992-03-24,VIP
C004538,Christopher,Wagner,Pakistan,2023-11-10,1974-06-08,Standard
C004539,Laurie,Sloan,Saudi Arabia,2026-03-16,1991-02-13,Standard
C004540,Bruce,Robinson,Saudi Arabia,2024-04-06,2002-03-25,Premium
C004541,Angela,Cox,Saudi Arabia,2024-04-30,1996-10-06,VIP
C004542,Sharon,Hester,Pakistan,2024-02-14,2003-11-15,Standard
C004543,Robert,Parrish,Saudi Arabia,2023-01-27,1970-04-05,Standard
C004544,Miguel,Palmer,Saudi Arabia,2025-11-18,1985-06-15,Premium
C004545,Jeanette,Deleon,United Arab Emirates,2023-09-28,1964-05-26,Premium
C004546,Madison,Lopez,United States,2024-11-16,2005-01-14,Standard
C004547,Joseph,Ramirez,Saudi Arabia,2024-05-15,2002-07-14,Standard
C004548,Billy,Martin,Pakistan,2026-06-30,1980-12-06,Premium
C004549,Chad,Parker,United Kingdom,2024-01-20,1985-12-05,Standard
C004550,Kevin,Kane,United States,2023-03-01,1971-05-21,VIP
C004551,Shirley,Wong,Other,2026-02-04,1984-08-27,Standard
C004552,Susan,Thomas,Saudi Arabia,2023-08-08,2005-12-16,Standard
C004553,Colton,Walter,Saudi Arabia,2025-02-09,1981-09-12,Standard
C004554,Jessica,Mcgee,Other,2024-07-17,1997-05-06,Standard
C004555,Amanda,Allen,United Arab Emirates,2024-06-29,1971-05-29,Premium
C004556,Jake,Shannon,Pakistan,2023-04-06,2001-04-11,VIP
C004557,Alicia,Lopez,United Kingdom,2025-09-15,1985-05-27,Standard
C004558,John,Johnson,United Kingdom,2026-01-17,1962-02-10,Premium
C004559,Colleen,Stanley,Other,2025-04-07,1991-04-28,Standard
C004560,Harold,Chavez,Other,2023-08-19,1982-05-12,Premium
C004561,Kara,Baker,United Kingdom,2025-08-25,1964-04-05,Standard
C004562,Robert,Mcintosh,Saudi Arabia,2023-10-02,1990-07-12,Standard
C004563,Daniel,Miller,Other,2023-09-03,1963-02-25,Standard
C004564,Danielle,Reynolds,Saudi Arabia,2023-04-21,1994-04-26,Standard
C004565,Michael,Hernandez,Saudi Arabia,2023-08-22,1982-01-04,VIP
C004566,Stephen,Shaw,Other,2024-02-21,2000-02-19,Standard
C004567,Elizabeth,Romero,Saudi Arabia,2024-11-08,1977-04-04,Standard
C004568,Nicole,Brown,Saudi Arabia,2026-02-25,1968-02-25,Standard
C004569,Garrett,Nelson,Saudi Arabia,2026-06-14,1994-05-03,Standard
C004570,Henry,Davis,Other,2025-03-13,1961-02-26,Standard
C004571,Richard,Wong,Pakistan,2024-09-10,1992-10-24,Standard
C004572,Matthew,Dennis,United Kingdom,2026-02-25,2005-02-07,Standard
C004573,Eric,Henderson,Saudi Arabia,2024-12-07,1969-03-26,VIP
C004574,Yesenia,Carter,United States,2025-04-30,2004-01-13,Standard
C004575,Scott,Powell,United States,2024-04-19,1965-04-26,Standard
C004576,Michael,Wheeler,United Arab Emirates,2024-10-16,1987-03-30,Premium
C004577,Leslie,Moreno,United Arab Emirates,2024-01-30,2004-07-30,Premium
C004578,Victoria,Snyder,Saudi Arabia,2023-04-21,2005-02-14,Premium
C004579,Mark,Hamilton,Other,2023-03-31,1964-01-19,Standard
C004580,Nathan,Maldonado,Pakistan,2025-02-01,1972-08-31,Standard
C004581,Kathryn,Lucas,Other,2026-06-01,1989-07-04,VIP
C004582,Ryan,Haley,United Arab Emirates,2026-01-29,1974-02-03,Standard
C004583,Jessica,Robinson,United States,2023-05-12,1974-11-26,Standard
C004584,Charlene,Brown,United States,2025-11-02,1960-03-20,Standard
C004585,Anna,Johnson,United Kingdom,2024-04-01,1975-04-09,Standard
C004586,Jason,Adams,Other,2023-04-08,1995-04-28,Premium
C004587,Katie,Jones,United Arab Emirates,2026-02-17,1966-02-01,Standard
C004588,Sara,Garcia,Saudi Arabia,2023-10-20,1967-01-13,Premium
C004589,Jonathan,Perez,United Kingdom,2025-10-21,1987-04-13,Standard
C004590,Suzanne,Oliver,United Kingdom,2024-07-25,1997-09-11,VIP
C004591,Seth,Baldwin,Pakistan,2023-09-07,2004-06-27,Standard
C004592,Randy,Myers,Saudi Arabia,2024-10-13,1967-03-08,Standard
C004593,Jessica,Garcia,Pakistan,2023-05-29,1963-11-04,Standard
C004594,Tonya,Gross,United Arab Emirates,2023-02-13,2005-10-06,Premium
C004595,Caitlin,Suarez,United Arab Emirates,2025-12-03,1980-06-29,Premium
C004596,Zachary,Adams,Pakistan,2026-01-06,1992-04-22,Standard
C004597,Victoria,Harris,United Kingdom,2026-06-03,1995-01-15,Standard
C004598,Kevin,Floyd,Saudi Arabia,2023-06-11,1973-08-20,Premium
C004599,Kevin,Bailey,United Arab Emirates,2023-09-10,1970-08-14,Premium
C004600,Jeffrey,Roberts,Saudi Arabia,2023-05-12,1965-05-03,Standard
C004601,Melissa,Carlson,Saudi Arabia,2024-04-18,1987-04-07,Premium
C004602,Andrew,Gross,United States,2026-02-06,1983-10-24,Standard
C004603,Lynn,Davis,Other,2024-12-06,2002-06-02,Standard
C004604,Hannah,Gordon,United Arab Emirates,2025-11-24,1987-06-21,Standard
C004605,Joshua,Graves,United States,2023-10-02,1986-03-31,VIP
C004606,Angela,Woods,Other,2023-07-06,1960-09-13,Standard
C004607,Angela,Torres,United States,2025-08-06,1964-09-16,Standard
C004608,Sara,Knox,Saudi Arabia,2023-08-31,1996-04-02,Premium
C004609,Eric,Allen,Other,2023-09-21,2004-06-12,Standard
C004610,Benjamin,Edwards,United Arab Emirates,2024-06-05,1979-05-17,Premium
C004611,Michael,Jones,United Arab Emirates,2025-08-20,1962-12-07,Premium
C004612,Devon,Lopez,Saudi Arabia,2025-02-21,1964-06-10,VIP
C004613,Michael,Yoder,United Arab Emirates,2026-01-15,1965-08-28,Standard
C004614,Brandi,Thomas,Saudi Arabia,2024-06-18,1983-08-30,Standard
C004615,Jesse,Smith,Saudi Arabia,2023-07-29,1962-06-16,Premium
C004616,Lisa,Wells,United Arab Emirates,2023-02-15,1982-08-26,Standard
C004617,Christopher,Cook,United States,2023-01-26,1975-10-30,Standard
C004618,Ricardo,Thompson,Other,2023-06-24,1997-04-18,Premium
C004619,Samantha,Baker,United Arab Emirates,2023-11-18,1996-05-15,Standard
C004620,Jessica,Jones,Other,2026-03-04,1988-06-21,Premium
C004621,Jennifer,Shelton,Other,2023-02-24,1987-01-22,Standard
C004622,Laura,Castaneda,United States,2026-03-25,1985-08-28,Standard
C004623,Gerald,Wheeler,Saudi Arabia,2024-10-29,1989-04-25,Standard
C004624,Margaret,Montes,United Kingdom,2023-05-27,1982-02-22,Standard
C004625,Hannah,Aguilar,Other,2024-08-21,1995-12-23,Standard
C004626,Barbara,Freeman,United Kingdom,2023-01-20,1990-05-16,Premium
C004627,Rebecca,Wright,United Arab Emirates,2023-11-29,2005-03-05,Standard
C004628,Caitlin,Rodriguez,Pakistan,2025-06-25,1975-11-03,Standard
C004629,Kevin,Fuentes,Pakistan,2025-08-01,1977-10-25,Premium
C004630,Jessica,Bradley,Pakistan,2025-06-29,1975-12-18,Standard
C004631,Barbara,Mooney,Saudi Arabia,2024-02-05,1972-06-27,Standard
C004632,Christian,Conley,United Arab Emirates,2025-08-07,1999-10-02,VIP
C004633,Brian,Fox,United States,2023-01-28,1961-10-21,Standard
C004634,Kelli,Jackson,Other,2024-04-11,1991-08-01,Premium
C004635,Michael,Thomas,Saudi Arabia,2025-09-08,1998-05-03,Premium
C004636,Lisa,Davis,Other,2023-04-11,1972-10-26,Premium
C004637,Robert,Torres,United Arab Emirates,2024-07-04,2002-12-28,Premium
C004638,Mindy,Fitzgerald,United Kingdom,2025-03-12,1989-12-13,Standard
C004639,Molly,Chavez,United States,2023-12-19,1984-03-01,Premium
C004640,Jeremy,Navarro,United States,2023-10-23,1974-05-16,Premium
C004641,Denise,Fritz,Other,2023-12-19,1994-08-15,Standard
C004642,Carrie,Scott,United Arab Emirates,2025-06-26,1986-08-02,Standard
C004643,Alexander,Tucker,Other,2026-02-27,1984-02-17,Premium
C004644,Kimberly,Diaz,Saudi Arabia,2025-10-15,1994-12-17,Standard
C004645,Patrick,Smith,United Kingdom,2026-03-25,1998-10-09,Premium
C004646,Kevin,Gomez,United Kingdom,2026-01-02,1986-08-21,Standard
C004647,Blake,Mckinney,United Kingdom,2026-01-18,2002-12-06,Standard
C004648,Amber,Vance,Saudi Arabia,2024-03-30,2004-03-17,Standard
C004649,Edward,Hampton,Other,2024-12-12,1988-02-05,Standard
C004650,Wayne,Vincent,Saudi Arabia,2025-09-06,1966-06-23,Standard
C004651,Jeffrey,Barrera,Saudi Arabia,2025-01-08,1996-02-16,Standard
C004652,Brent,Larson,United Kingdom,2025-09-03,1990-03-21,Standard
C004653,Jessica,Rodriguez,United Arab Emirates,2023-08-21,1990-09-30,Premium
C004654,Philip,Jennings,United States,2025-10-20,2002-07-31,Standard
C004655,Sean,Chandler,United Arab Emirates,2023-04-12,1967-06-21,Premium
C004656,Brooke,Smith,Saudi Arabia,2025-08-10,2002-05-17,Standard
C004657,William,Irwin,United States,2024-04-25,1973-07-09,Standard
C004658,Jeffrey,Chase,Pakistan,2026-05-22,1960-05-11,Standard
C004659,Keith,Hopkins,Saudi Arabia,2023-04-18,1960-10-20,Standard
C004660,Phillip,Thomas,United Kingdom,2026-04-03,2000-04-27,Standard
C004661,David,Jimenez,Pakistan,2025-08-30,1988-09-18,Standard
C004662,Christopher,Sanchez,Pakistan,2024-12-04,1978-09-29,Standard
C004663,Ashley,Figueroa,United Arab Emirates,2023-12-01,1980-10-06,Standard
C004664,Brandon,Mcpherson,United States,2023-03-27,2005-08-22,Standard
C004665,Raymond,Howard,United States,2025-01-03,1983-08-29,VIP
C004666,Christopher,Garner,United Kingdom,2025-05-24,1991-04-20,Standard
C004667,Warren,Lee,Saudi Arabia,2023-12-30,1989-10-30,Premium
C004668,Kim,Blevins,United States,2023-03-01,1974-07-09,Standard
C004669,David,Fowler,United Kingdom,2026-06-27,1983-02-13,Standard
C004670,Dennis,Sheppard,United Kingdom,2024-07-13,1986-04-25,Standard
C004671,Anita,Wiley,United Arab Emirates,2023-04-27,1988-10-28,Standard
C004672,Tony,Shelton,Other,2025-05-23,1962-09-26,Premium
C004673,Denise,Nolan,United Kingdom,2025-07-03,1970-04-18,Standard
C004674,James,Cole,Saudi Arabia,2025-08-25,1971-04-09,Standard
C004675,Christina,Mullen,United Arab Emirates,2025-09-25,1972-01-29,Standard
C004676,Jill,Rose,Other,2023-02-13,1988-05-15,Standard
C004677,John,Baker,Saudi Arabia,2024-05-23,1990-06-05,Premium
C004678,Charles,Shelton,Other,2026-04-03,1970-01-31,Standard
C004679,Kimberly,Barron,United Kingdom,2025-04-28,2001-01-07,Standard
C004680,Marcus,Myers,Pakistan,2025-07-05,1965-01-27,Standard
C004681,Sandra,Butler,Saudi Arabia,2025-06-16,1995-10-23,Standard
C004682,Christopher,Mcknight,Saudi Arabia,2025-03-09,1978-11-17,Standard
C004683,Emily,Parker,Other,2025-05-25,1995-06-01,Standard
C004684,Rodney,Williams,Saudi Arabia,2023-10-13,1994-05-14,Standard
C004685,Michael,Meyer,United States,2026-05-12,2003-12-14,Premium
C004686,Malik,Cooper,United Arab Emirates,2024-11-14,1962-05-12,Standard
C004687,Brittney,Salazar,Saudi Arabia,2025-03-29,1972-05-24,Standard
C004688,Andrew,Hamilton,Saudi Arabia,2023-05-01,1993-07-13,Standard
C004689,Kevin,Gibson,Pakistan,2025-08-02,1970-05-23,Standard
C004690,Vanessa,Donaldson,Other,2025-10-14,1995-01-13,Premium
C004691,Christina,Sparks,United Arab Emirates,2026-04-26,1994-11-12,Standard
C004692,Veronica,Roberts,United Arab Emirates,2025-06-25,1961-06-11,Premium
C004693,Scott,Montes,United Arab Emirates,2023-01-13,1968-01-01,Standard
C004694,Dustin,Porter,Pakistan,2024-08-25,1976-01-06,Standard
C004695,Brady,Jennings,United Arab Emirates,2023-07-19,1995-06-22,Standard
C004696,Lisa,Owens,Other,2024-08-08,1979-01-20,Standard
C004697,James,Hernandez,Pakistan,2024-03-23,1968-06-13,Standard
C004698,Nathaniel,Levy,Pakistan,2025-04-20,1987-04-11,Standard
C004699,Katherine,Hanson,Saudi Arabia,2025-12-30,2002-03-20,Standard
C004700,Melissa,Beck,Other,2024-08-12,1969-02-05,Premium
C004701,Daniel,Torres,Saudi Arabia,2026-02-27,1961-03-21,Premium
C004702,Brian,Roberts,Saudi Arabia,2025-06-07,1987-04-12,Standard
C004703,Stacy,Marsh,United Kingdom,2023-02-12,2002-04-07,Standard
C004704,Sara,Smith,Pakistan,2024-06-03,2004-12-06,Standard
C004705,Misty,Williams,United Arab Emirates,2025-11-02,1989-09-12,Premium
C004706,Lori,Campbell,United Arab Emirates,2024-12-25,1968-11-10,Standard
C004707,Alexander,Watkins,United States,2024-09-14,1996-12-04,Standard
C004708,Heather,Brown,Saudi Arabia,2025-09-14,1992-06-09,Standard
C004709,Daniel,Torres,United States,2025-03-13,1996-01-07,Standard
C004710,Shannon,Jordan,Pakistan,2024-06-18,1990-10-25,Premium
C004711,Andrew,Keller,United Arab Emirates,2023-10-29,1965-06-02,Premium
C004712,Jason,Smith,United Arab Emirates,2024-06-10,1984-08-29,Standard
C004713,Amanda,King,Saudi Arabia,2026-02-12,1966-05-15,Standard
C004714,James,Bell,United States,2024-04-04,1966-05-19,Standard
C004715,Alexandra,Campbell,Pakistan,2025-04-11,1962-09-29,Standard
C004716,Jonathan,Trevino,United Arab Emirates,2024-05-19,1986-08-26,Standard
C004717,Timothy,Ortega,Pakistan,2025-07-20,1977-08-27,Standard
C004718,Jessica,Mack,Other,2023-11-21,1978-09-20,Premium
C004719,Donald,Moore,United Arab Emirates,2024-08-01,1993-12-09,Premium
C004720,Holly,Miller,Other,2025-01-30,1980-02-19,Standard
C004721,Andrew,Nelson,United Arab Emirates,2026-04-13,1999-01-07,Standard
C004722,Brandy,Ferrell,Saudi Arabia,2025-04-30,1966-12-04,Standard
C004723,Elizabeth,Gonzalez,Saudi Arabia,2026-04-10,1996-03-01,Premium
C004724,Bradley,Richards,United Arab Emirates,2025-08-17,1970-09-17,Premium
C004725,George,Miller,Saudi Arabia,2024-05-16,1990-12-25,Standard
C004726,Justin,Robinson,Saudi Arabia,2023-11-30,1963-11-22,Premium
C004727,Kristina,Kennedy,Other,2023-10-11,1996-12-27,Premium
C004728,Christine,Gomez,United States,2024-04-19,1990-07-14,Standard
C004729,Brian,Cain,United Kingdom,2025-12-13,1975-05-19,Standard
C004730,Diana,Walsh,Saudi Arabia,2024-09-23,1963-04-10,Standard
C004731,Alan,Henderson,Saudi Arabia,2024-12-03,1977-01-20,Standard
C004732,Paul,Rasmussen,Saudi Arabia,2024-02-13,1974-07-11,Standard
C004733,Joseph,Garcia,United Kingdom,2025-09-08,1982-02-11,Standard
C004734,Melissa,Green,Other,2024-07-12,2003-06-24,Standard
C004735,Donna,Turner,United Arab Emirates,2023-08-10,1985-08-02,Premium
C004736,Michelle,Collins,Saudi Arabia,2023-06-07,1974-03-28,Standard
C004737,Andrew,Elliott,Pakistan,2023-12-14,1987-01-13,Standard
C004738,Michelle,Shelton,United Arab Emirates,2026-03-28,1960-10-21,Standard
C004739,Debra,Morris,United Arab Emirates,2025-06-07,1976-09-10,Standard
C004740,Jerry,Lane,Pakistan,2025-07-10,1977-07-22,Standard
C004741,Oscar,Vega,United Kingdom,2026-06-12,1984-03-11,Standard
C004742,Tiffany,Gonzalez,Saudi Arabia,2024-10-23,1992-05-17,Standard
C004743,Cory,Taylor,Saudi Arabia,2024-02-09,1978-04-14,Premium
C004744,Leslie,Spencer,Other,2024-11-07,2003-01-30,Premium
C004745,Michelle,Turner,Saudi Arabia,2024-08-11,1975-09-22,Premium
C004746,Amanda,Miller,Saudi Arabia,2024-07-11,2005-02-27,Standard
C004747,Jacob,Knight,Saudi Arabia,2025-06-23,1984-01-10,Standard
C004748,Vincent,Fuller,Saudi Arabia,2025-12-06,1991-04-05,Standard
C004749,Stephen,Gardner,United Arab Emirates,2026-05-21,1986-07-01,Premium
C004750,Sara,Bennett,United States,2024-04-23,1973-04-26,Standard
C004751,Andrew,Liu,United Arab Emirates,2024-05-01,1996-11-14,Premium
C004752,John,Kim,United Arab Emirates,2024-07-19,1964-07-06,Standard
C004753,Alyssa,Taylor,United Kingdom,2024-06-07,2002-12-03,Premium
C004754,Matthew,Ramos,Pakistan,2024-12-04,2003-08-01,Premium
C004755,Phillip,Edwards,Other,2025-10-26,1966-07-09,Standard
C004756,Eric,Donovan,Other,2025-03-31,2005-02-22,Premium
C004757,Michael,Marquez,Saudi Arabia,2026-03-13,1992-02-27,Standard
C004758,Michael,Mcdonald,United States,2025-05-07,1975-12-06,VIP
C004759,Colleen,Patterson,United Arab Emirates,2024-08-07,1987-01-25,Premium
C004760,Joel,Fisher,Other,2024-11-16,1961-01-16,VIP
C004761,Tiffany,Jenkins,United Arab Emirates,2023-08-20,1971-12-05,Standard
C004762,Walter,Johnson,Other,2023-09-27,1976-03-15,Standard
C004763,Lisa,Hansen,United States,2025-07-28,1963-08-09,Premium
C004764,Connie,Bernard,Saudi Arabia,2025-05-23,1974-12-07,Premium
C004765,Natasha,Fisher,Pakistan,2026-05-30,1995-11-20,Standard
C004766,Pamela,Campos,Other,2023-02-21,1971-02-26,Standard
C004767,Lisa,Gilbert,Other,2023-04-26,2000-07-20,Standard
C004768,Anthony,Turner,Saudi Arabia,2024-06-21,1980-11-12,Premium
C004769,Angela,Sanchez,United Kingdom,2024-06-24,2004-02-25,Premium
C004770,Joshua,Hunt,United Arab Emirates,2025-11-08,1983-09-11,Standard
C004771,Edward,Martinez,Saudi Arabia,2025-03-25,1995-03-30,Standard
C004772,Penny,Daniels,United Arab Emirates,2025-03-01,2000-12-07,Standard
C004773,Diane,Cunningham,Saudi Arabia,2024-09-09,1982-11-10,Standard
C004774,Christopher,Carter,United States,2024-02-23,1989-11-13,Premium
C004775,Patrick,Campos,United Arab Emirates,2023-11-05,1989-06-17,Standard
C004776,Susan,Long,United States,2025-05-13,1991-09-19,Standard
C004777,Cheyenne,Powell,Saudi Arabia,2023-07-05,1965-10-07,Premium
C004778,Connie,Smith,United Arab Emirates,2023-09-18,1997-06-04,Standard
C004779,Jeremy,Aguirre,Saudi Arabia,2023-06-09,1968-01-17,Standard
C004780,John,Golden,Saudi Arabia,2025-05-19,1966-10-19,Premium
C004781,Eric,Stevens,Saudi Arabia,2025-01-31,1963-10-07,Standard
C004782,Tara,Brown,Saudi Arabia,2023-08-12,1987-06-03,Premium
C004783,Renee,Brown,Pakistan,2023-06-29,2005-07-11,Standard
C004784,Mark,Gallegos,Saudi Arabia,2023-01-20,2001-03-26,Premium
C004785,Amy,Santos,United Arab Emirates,2024-09-23,1989-03-03,Standard
C004786,Jamie,Cook,United Arab Emirates,2026-05-18,1999-01-09,Standard
C004787,Dillon,Davis,Other,2023-02-27,1991-08-31,Standard
C004788,Amber,Roberts,Other,2026-01-21,1960-03-28,VIP
C004789,Lauren,Olson,United Arab Emirates,2026-05-29,1985-10-28,VIP
C004790,Michelle,Rivera,United Arab Emirates,2024-12-23,1983-12-30,Standard
C004791,Kyle,Brown,Saudi Arabia,2026-06-09,1960-06-27,Standard
C004792,Janet,Yang,Other,2024-09-06,2005-04-20,Standard
C004793,Alexandria,Craig,Saudi Arabia,2024-07-15,1967-03-25,Standard
C004794,Derek,Stevenson,Saudi Arabia,2024-01-09,1985-03-07,Premium
C004795,Wendy,Brown,Saudi Arabia,2024-09-13,1966-08-18,Standard
C004796,Theresa,Harris,United Arab Emirates,2023-03-29,1989-12-21,Premium
C004797,Dustin,Thomas,Saudi Arabia,2025-11-09,1963-05-02,Premium
C004798,Sarah,Yang,United States,2025-10-10,1966-10-10,Standard
C004799,Sally,Simpson,Saudi Arabia,2023-01-14,1962-07-18,Premium
C004800,Lonnie,Walker,Pakistan,2023-05-13,1981-10-15,Standard
C004801,Angela,Lowe,Saudi Arabia,2025-11-23,1964-02-11,Standard
C004802,Stacy,Phelps,Saudi Arabia,2025-06-10,1961-02-24,Premium
C004803,David,Turner,Other,2026-05-16,1997-03-07,Standard
C004804,Lonnie,Collins,Saudi Arabia,2026-05-07,2003-05-15,Standard
C004805,Nichole,Hays,United States,2024-08-14,1975-12-18,Premium
C004806,Jessica,Smith,Pakistan,2024-08-05,1975-11-29,Standard
C004807,Kathy,Washington,Saudi Arabia,2026-03-24,1983-08-07,Standard
C004808,Nicole,Watts,Other,2026-01-06,1997-01-13,Premium
C004809,Robert,Wilson,Saudi Arabia,2026-04-10,2004-06-01,Standard
C004810,Robert,Smith,Other,2023-10-16,1960-04-16,VIP
C004811,Scott,Munoz,Saudi Arabia,2025-10-09,1971-02-01,Standard
C004812,Sarah,Martinez,Other,2025-05-28,1982-09-11,Standard
C004813,Patricia,Davis,Saudi Arabia,2023-01-07,1965-03-18,Premium
C004814,Sarah,Harris,Pakistan,2026-03-29,1991-06-20,Standard
C004815,Joshua,Wells,United States,2023-08-28,1974-09-20,Premium
C004816,Kimberly,Wall,Other,2024-06-19,1960-02-12,Premium
C004817,Daniel,Wallace,Other,2023-03-11,1964-04-26,Premium
C004818,Jack,Brown,United States,2023-08-04,1993-11-25,Standard
C004819,Kathryn,Martinez,Other,2026-02-01,1976-02-11,Standard
C004820,Cheryl,Sullivan,Saudi Arabia,2025-12-13,1983-06-25,Premium
C004821,Joseph,Mcgrath,Saudi Arabia,2025-03-16,1995-11-19,Standard
C004822,Ashley,Wilkins,Saudi Arabia,2023-11-26,1991-12-07,Standard
C004823,Jerry,Skinner,United Arab Emirates,2025-04-27,1969-10-17,Standard
C004824,Jesse,Payne,United Arab Emirates,2026-05-11,2004-03-12,Standard
C004825,Grace,Underwood,Pakistan,2023-02-14,1974-05-11,Standard
C004826,Michael,Maldonado,Saudi Arabia,2025-04-08,1965-11-04,VIP
C004827,Hailey,Villarreal,United Kingdom,2023-07-17,1970-08-28,Standard
C004828,Thomas,Williamson,Saudi Arabia,2026-05-24,1971-10-31,Standard
C004829,Wayne,Reynolds,United Arab Emirates,2025-06-14,1975-10-25,Premium
C004830,Cassandra,Fields,Pakistan,2023-11-28,1988-12-23,Standard
C004831,Jennifer,Lopez,United States,2024-11-26,2004-02-18,Premium
C004832,Nathaniel,Cardenas,United Kingdom,2023-01-27,1975-12-16,Standard
C004833,Melissa,Sandoval,Pakistan,2026-04-04,1960-10-22,Premium
C004834,Travis,Jackson,Saudi Arabia,2023-11-14,1961-02-17,Standard
C004835,Devin,Harmon,Pakistan,2023-12-31,1987-11-22,Premium
C004836,James,Payne,Saudi Arabia,2026-01-31,1999-03-13,Standard
C004837,Antonio,Alvarez,United Arab Emirates,2025-08-17,1978-04-04,Standard
C004838,Kathy,Roberts,United Arab Emirates,2024-01-08,2002-01-04,Standard
C004839,Alexis,Contreras,Saudi Arabia,2023-09-02,1982-06-09,Premium
C004840,Joseph,Haley,Saudi Arabia,2026-04-07,2005-05-05,Standard
C004841,Robert,Vasquez,Other,2024-04-22,1971-12-03,Premium
C004842,Julia,Contreras,Other,2023-05-05,1975-01-04,Standard
C004843,Vanessa,Myers,United Arab Emirates,2024-06-20,2004-01-06,Standard
C004844,Katherine,Wolfe,Saudi Arabia,2024-12-06,2002-02-05,Standard
C004845,Carl,Rodriguez,Saudi Arabia,2024-06-14,1968-12-15,Premium
C004846,Sara,Butler,United Arab Emirates,2025-02-24,1989-03-23,Premium
C004847,Valerie,Coleman,Other,2023-09-11,1974-10-06,VIP
C004848,Michelle,Johnson,Saudi Arabia,2023-05-01,2005-08-25,Premium
C004849,Tracy,Bryant,United States,2025-11-21,1999-03-06,Standard
C004850,Mark,Elliott,Saudi Arabia,2024-10-22,2005-12-21,Premium
C004851,Stephen,Smith,Other,2025-11-26,1961-11-24,Standard
C004852,John,Turner,United Arab Emirates,2025-11-02,1963-03-15,Premium
C004853,Richard,Brewer,United States,2026-04-21,1983-08-11,Standard
C004854,Bobby,Barry,United Arab Emirates,2023-03-29,1981-04-22,Premium
C004855,Jill,Harvey,Pakistan,2023-02-15,1997-12-08,Standard
C004856,Omar,Williams,Saudi Arabia,2026-02-16,1985-02-12,Standard
C004857,Lawrence,Meadows,Saudi Arabia,2025-07-21,1991-01-30,Standard
C004858,Cheryl,Estes,Other,2025-01-14,1975-02-21,Standard
C004859,Julia,Mcdonald,Other,2025-08-24,1973-09-01,Standard
C004860,Brittney,Sharp,Other,2025-02-01,1969-01-25,Premium
C004861,Alicia,Hill,Pakistan,2025-01-31,1995-10-09,Premium
C004862,Nancy,Holden,United States,2025-03-04,1971-10-28,Standard
C004863,Kristin,Howard,Saudi Arabia,2025-01-13,1998-06-29,Standard
C004864,Abigail,Foley,United Arab Emirates,2025-12-05,1964-08-15,Standard
C004865,Shannon,Gordon,United Arab Emirates,2024-07-11,1961-04-12,Premium
C004866,Margaret,Bailey,Pakistan,2024-06-09,1986-02-10,Standard
C004867,Bobby,Mccarthy,United Arab Emirates,2024-08-19,1966-08-19,Standard
C004868,Wendy,Myers,Saudi Arabia,2025-04-19,1999-12-26,Standard
C004869,April,Brown,Pakistan,2023-01-03,1972-12-04,Standard
C004870,Randall,Rios,United States,2025-11-17,1985-03-13,Standard
C004871,Jill,Bell,United Arab Emirates,2023-06-06,1980-08-24,Standard
C004872,Angela,Ball,Saudi Arabia,2025-05-04,1987-01-08,Standard
C004873,Zachary,Morgan,Saudi Arabia,2024-05-25,2000-06-24,Standard
C004874,Crystal,Espinoza,Saudi Arabia,2024-11-17,1997-06-14,Standard
C004875,Brandon,Buchanan,Saudi Arabia,2026-02-11,1994-05-04,Standard
C004876,Kelly,Ramirez,Pakistan,2026-06-27,1999-08-05,Standard
C004877,Raymond,Farmer,Pakistan,2024-07-24,1990-03-22,Standard
C004878,Kevin,Turner,United Kingdom,2024-12-15,1993-07-18,Standard
C004879,Maria,Long,United Arab Emirates,2023-08-27,1986-10-01,Premium
C004880,Steven,Hendricks,United States,2026-06-11,1970-04-07,Standard
C004881,Roberto,Brewer,Saudi Arabia,2023-10-30,1992-05-09,Premium
C004882,Christie,Bennett,United Arab Emirates,2024-08-29,1966-11-08,Standard
C004883,Brian,Ruiz,United States,2025-09-17,1981-07-04,Standard
C004884,Zachary,Hopkins,Saudi Arabia,2023-11-30,1996-08-17,Standard
C004885,Douglas,Johnston,Saudi Arabia,2023-04-23,1991-01-07,Standard
C004886,Maria,Pennington,Other,2023-12-28,1990-05-24,Standard
C004887,Shannon,Rowe,United Arab Emirates,2025-03-11,2005-12-13,Premium
C004888,Jennifer,Fox,United Kingdom,2023-04-07,1993-04-06,Premium
C004889,Daniel,Anderson,Saudi Arabia,2023-01-16,2000-01-10,Standard
C004890,Kimberly,Nguyen,United Kingdom,2024-07-09,2001-01-10,Standard
C004891,Sharon,Moses,United Arab Emirates,2024-01-11,2001-02-20,Standard
C004892,Heather,Bailey,Saudi Arabia,2025-01-11,1983-01-28,Standard
C004893,Derek,Williamson,Pakistan,2024-01-25,1984-12-19,Premium
C004894,Robert,Powell,Saudi Arabia,2024-09-11,1971-04-17,Standard
C004895,Shannon,Williams,United Arab Emirates,2026-05-25,2004-10-31,VIP
C004896,Harold,Christian,Saudi Arabia,2025-04-03,1961-03-25,Standard
C004897,Brittany,Moore,Saudi Arabia,2023-11-16,2005-11-23,Standard
C004898,Jennifer,Davis,Saudi Arabia,2023-07-15,2001-02-28,Standard
C004899,James,Rodriguez,Saudi Arabia,2024-02-22,1985-11-07,Standard
C004900,Shawn,Villa,Other,2024-08-29,1994-08-13,Standard
C004901,John,Alvarez,Saudi Arabia,2024-07-21,1966-04-20,Standard
C004902,Heather,Wolf,United Arab Emirates,2024-06-27,1981-02-09,Standard
C004903,Rebecca,Zavala,Saudi Arabia,2023-08-19,1975-11-10,Standard
C004904,Laura,Stokes,United Arab Emirates,2025-06-02,1986-06-12,Standard
C004905,Jennifer,Oconnor,Other,2024-06-04,1979-10-04,Standard
C004906,David,Young,Saudi Arabia,2024-12-03,1992-01-25,Premium
C004907,Danny,Yoder,Other,2026-05-08,1973-06-06,Premium
C004908,Shannon,Thompson,Saudi Arabia,2025-04-25,2003-03-02,Standard
C004909,Michael,Stafford,United Kingdom,2024-11-03,1976-06-04,Standard
C004910,Alexandria,Campos,Pakistan,2023-01-21,1979-12-15,Standard
C004911,Patrick,Fisher,Other,2024-08-10,1990-11-05,Premium
C004912,Kylie,Brown,Pakistan,2025-06-16,2002-09-03,Standard
C004913,William,Salazar,Pakistan,2024-01-06,1964-04-16,Standard
C004914,Stephanie,Wilson,Saudi Arabia,2023-03-19,2001-05-15,Standard
C004915,Nicholas,Bradford,Saudi Arabia,2024-10-09,2004-01-12,Premium
C004916,Oscar,Jones,Other,2023-05-20,1962-12-30,Standard
C004917,Kayla,Hines,United Arab Emirates,2024-07-06,1990-06-27,Standard
C004918,Rhonda,Obrien,United Arab Emirates,2025-09-24,1996-12-25,Standard
C004919,Ariana,Pittman,United States,2023-10-09,1993-10-19,Standard
C004920,Donna,Mclean,United Arab Emirates,2024-03-15,1986-07-07,Premium
C004921,Edward,Morris,Other,2023-09-27,1976-12-13,Standard
C004922,Misty,Hale,United Kingdom,2026-03-03,1982-01-11,Premium
C004923,Harold,Gray,Pakistan,2025-01-15,1973-07-05,Standard
C004924,Jennifer,Zhang,Other,2023-04-14,1998-06-08,Standard
C004925,Robert,Berry,Saudi Arabia,2025-02-04,1963-09-16,Premium
C004926,Kyle,Gonzalez,Saudi Arabia,2023-04-05,1977-09-21,Standard
C004927,Kayla,King,United Arab Emirates,2024-12-29,1995-01-11,Standard
C004928,Sean,Kim,Saudi Arabia,2024-04-24,1968-02-11,Standard
C004929,Courtney,Mitchell,United Kingdom,2025-02-18,1999-09-16,Premium
C004930,David,Harris,Other,2026-06-18,1968-04-30,Standard
C004931,David,Martin,United Arab Emirates,2023-01-13,1979-02-03,Premium
C004932,James,Cervantes,United Arab Emirates,2026-03-16,1979-07-19,Standard
C004933,Cindy,Stokes,Other,2024-08-23,1990-09-26,Premium
C004934,Johnny,Lee,United Arab Emirates,2023-04-05,1978-12-22,Standard
C004935,Stephen,Perkins,United Arab Emirates,2023-10-20,2000-06-01,Standard
C004936,Melissa,Soto,United Arab Emirates,2023-01-25,1974-08-15,Standard
C004937,Amy,Barnett,Other,2026-04-04,1973-12-29,VIP
C004938,Adam,Harris,Pakistan,2025-07-27,1968-06-08,Premium
C004939,Nicole,Patrick,United States,2025-01-31,1981-05-12,Standard
C004940,John,Barry,United States,2026-01-15,1985-11-27,Standard
C004941,Brianna,Ward,United Arab Emirates,2024-10-15,2002-08-28,Standard
C004942,Thomas,Russell,United Arab Emirates,2025-09-11,1981-11-20,Standard
C004943,Robert,Payne,United States,2024-09-29,1969-09-01,Standard
C004944,Christopher,Jones,United Arab Emirates,2024-05-05,1985-07-31,Standard
C004945,Carol,Lopez,United States,2026-03-10,1961-12-17,Standard
C004946,John,Blair,Other,2026-01-31,1977-01-20,Standard
C004947,Amy,Bartlett,Pakistan,2026-06-03,2005-06-01,Premium
C004948,Christine,May,United Kingdom,2024-07-28,1992-11-29,Standard
C004949,Angela,Crawford,United States,2023-10-21,1990-12-10,Standard
C004950,Marcia,Collier,United States,2025-06-14,1971-03-18,Standard
C004951,Brandon,Hudson,United Arab Emirates,2026-04-18,1986-01-28,Standard
C004952,Eddie,Wells,Saudi Arabia,2023-02-09,1987-06-29,Standard
C004953,Denise,Bell,United Arab Emirates,2025-02-14,1982-03-09,Standard
C004954,Benjamin,Montgomery,United Kingdom,2024-06-03,2001-04-25,Standard
C004955,Melissa,Hansen,United Arab Emirates,2024-06-29,2003-07-29,Standard
C004956,Elizabeth,Taylor,United Kingdom,2023-08-24,1983-11-05,Premium
C004957,Mary,Jones,United Arab Emirates,2024-04-07,1963-12-09,Standard
C004958,Kenneth,Patterson,Pakistan,2026-06-05,2001-02-23,Standard
C004959,Samantha,Bennett,Saudi Arabia,2024-04-27,1972-05-14,Premium
C004960,Brandon,Jones,United Kingdom,2024-03-05,1989-11-09,Standard
C004961,Robert,Miller,Pakistan,2025-11-11,1963-05-29,Standard
C004962,Gregory,Patton,Saudi Arabia,2023-12-09,1966-08-13,Standard
C004963,Emily,Evans,Saudi Arabia,2025-11-29,2001-11-14,Standard
C004964,Cheryl,Wilson,United Kingdom,2026-04-11,1977-10-08,Standard
C004965,Heather,Hall,United Arab Emirates,2026-04-17,1991-12-27,Standard
C004966,Brooke,Guzman,Saudi Arabia,2023-05-13,1975-12-27,Premium
C004967,Kristin,Rivera,Other,2023-12-17,2000-08-28,Standard
C004968,Gregory,Walker,United Kingdom,2024-05-20,1993-04-27,Standard
C004969,Stanley,Shepard,Other,2023-03-25,1992-10-06,Standard
C004970,Beth,Nielsen,United Arab Emirates,2025-09-19,1973-09-18,Standard
C004971,Sarah,King,United Arab Emirates,2025-04-09,1999-03-09,Standard
C004972,Christopher,Warner,Other,2025-05-10,1984-06-07,Premium
C004973,Kevin,Jones,Pakistan,2023-12-09,2003-08-04,Premium
C004974,Miguel,Savage,United Kingdom,2025-05-15,1975-08-31,Standard
C004975,Nicholas,Donaldson,Saudi Arabia,2026-04-04,1983-01-23,Standard
C004976,Carlos,Jones,United Arab Emirates,2023-10-20,1973-07-01,Premium
C004977,Ronald,Johnston,Saudi Arabia,2026-06-03,1971-12-02,Standard
C004978,Andrea,Castaneda,Saudi Arabia,2026-04-08,1981-06-11,Standard
C004979,Kelly,Frederick,Saudi Arabia,2024-08-20,2005-12-16,Standard
C004980,Dennis,Porter,Saudi Arabia,2024-10-06,2005-01-12,Premium
C004981,Heather,Ross,Other,2024-03-23,1981-04-10,Standard
C004982,Joshua,Brown,Saudi Arabia,2024-11-20,2005-04-30,Premium
C004983,Alison,Terry,United Kingdom,2025-09-28,2001-04-29,Standard
C004984,Alicia,Rodriguez,United States,2025-05-04,1981-09-22,Standard
C004985,Heather,Ruiz,Pakistan,2024-05-16,1967-04-29,Standard
C004986,Cheryl,Lowery,Saudi Arabia,2025-02-02,1990-10-10,Standard
C004987,Daniel,Baker,United Kingdom,2025-01-04,1970-12-19,Premium
C004988,Jessica,Johnson,Pakistan,2026-05-09,1977-12-01,Standard
C004989,Cristina,Morgan,United Kingdom,2023-09-07,1999-05-24,Standard
C004990,Vanessa,Green,United States,2024-08-23,2000-12-15,Standard
C004991,Timothy,Cook,Other,2023-05-05,1964-08-21,Standard
C004992,Haley,Hubbard,Pakistan,2023-04-23,2000-05-23,Standard
C004993,Sarah,Taylor,United Arab Emirates,2025-09-07,2005-03-31,Standard
C004994,Valerie,Payne,Pakistan,2026-03-06,1976-06-06,Standard
C004995,Justin,Gross,Saudi Arabia,2023-05-30,1978-03-19,Premium
C004996,Chelsea,Glass,Other,2025-05-24,2001-01-10,Standard
C004997,Leslie,Alvarado,Saudi Arabia,2023-12-09,1972-07-17,Premium
C004998,Alicia,Johns,United Arab Emirates,2024-08-02,1973-12-05,Standard
C004999,Wanda,Young,United States,2025-02-21,1963-12-31,Standard
C005000,Michael,Jones,Pakistan,2023-11-17,1970-08-23,Standard
