payment_id,booking_id,attempt_number,payment_method,payment_amount,payment_status,payment_timestamp,failure_reason
P000001,B000001,1,Apple Pay,885.7,Success,2026-06-10 00:33:00,
P000002,B000002,1,Apple Pay,1126.88,Failed,2026-06-27 00:23:00,Payment Timeout
P000003,B000002,2,Bank Transfer,1126.88,Success,2026-06-27 00:28:33,
P000004,B000003,1,Digital Wallet,520.88,Success,2025-09-09 00:07:00,
P000005,B000004,1,Bank Transfer,542.95,Failed,2026-02-25 00:42:00,Insufficient Funds
P000006,B000004,2,Debit Card,542.95,Failed,2026-02-25 00:43:30,Technical Error
P000007,B000004,3,Bank Transfer,542.95,Success,2026-02-25 00:57:01,
P000008,B000005,1,Apple Pay,2211.3,Success,2026-03-11 00:31:00,
P000009,B000006,1,Bank Transfer,4141.24,Success,2025-10-19 00:32:00,
P000010,B000007,1,Apple Pay,3141.52,Success,2025-11-03 00:51:00,
P000011,B000008,1,Credit Card,3357.11,Success,2026-05-03 00:56:00,
P000012,B000009,1,Digital Wallet,2836.62,Success,2025-12-15 00:55:00,
P000013,B000010,1,Bank Transfer,4189.07,Success,2026-11-16 00:22:00,
P000014,B000011,1,Digital Wallet,4461.7,Failed,2026-03-08 00:13:00,Insufficient Funds
P000015,B000011,2,Bank Transfer,4461.7,Success,2026-03-08 00:17:11,
P000016,B000012,1,Bank Transfer,4323.83,Success,2025-10-26 00:11:00,
P000017,B000013,1,Apple Pay,4154.59,Success,2026-03-11 00:51:00,
P000018,B000014,1,Debit Card,1322.21,Failed,2026-06-03 00:44:00,Technical Error
P000019,B000014,2,Debit Card,1322.21,Success,2026-06-03 00:50:15,
P000020,B000015,1,Debit Card,3172.44,Success,2025-09-07 00:33:00,
P000021,B000016,1,Credit Card,3119.73,Failed,2025-12-16 00:40:00,Technical Error
P000022,B000016,2,Debit Card,3119.73,Failed,2025-12-16 00:45:49,Fraud Check
P000023,B000016,3,Debit Card,3119.73,Success,2025-12-16 00:51:45,
P000024,B000017,1,Digital Wallet,2875.75,Failed,2026-05-28 00:49:00,Card Declined
P000025,B000017,2,Credit Card,2875.75,Success,2026-05-28 01:02:24,
P000026,B000018,1,Credit Card,2663.66,Success,2025-10-08 00:13:00,
P000027,B000019,1,Apple Pay,901.27,Success,2026-02-08 00:28:00,
P000028,B000020,1,Apple Pay,959.73,Success,2025-12-08 00:12:00,
P000029,B000021,1,Credit Card,4560.27,Failed,2026-10-02 00:46:00,Insufficient Funds
P000030,B000021,2,Credit Card,4560.27,Success,2026-10-02 00:53:37,
P000031,B000022,1,Credit Card,3335.84,Success,2025-10-17 00:38:00,
P000032,B000023,1,Digital Wallet,1680.43,Success,2025-08-10 00:27:00,
P000033,B000024,1,Apple Pay,1756.85,Success,2026-03-09 00:44:00,
P000034,B000025,1,Digital Wallet,3245.88,Success,2025-08-09 00:39:00,
P000035,B000026,1,Apple Pay,2331.21,Failed,2026-03-09 00:09:00,Insufficient Funds
P000036,B000026,2,Bank Transfer,2331.21,Failed,2026-03-09 00:19:18,Insufficient Funds
P000037,B000026,3,Credit Card,2331.21,Success,2026-03-09 00:22:40,
P000038,B000027,1,Bank Transfer,2485.96,Success,2026-10-12 00:36:00,
P000039,B000028,1,Digital Wallet,772.92,Failed,2025-11-16 00:49:00,Payment Timeout
P000040,B000028,2,Apple Pay,772.92,Success,2025-11-16 01:02:45,
P000041,B000029,1,Debit Card,1124.33,Success,2026-02-26 00:32:00,
P000042,B000030,1,Bank Transfer,2270.08,Success,2026-01-20 00:57:00,
P000043,B000031,1,Debit Card,3648.59,Failed,2025-11-10 00:34:00,Payment Timeout
P000044,B000031,2,Credit Card,3648.59,Success,2025-11-10 00:43:37,
P000045,B000032,1,Credit Card,716.11,Success,2026-03-15 00:31:00,
P000046,B000033,1,Credit Card,2005.51,Failed,2026-03-04 00:43:00,Payment Timeout
P000047,B000033,2,Debit Card,2005.51,Failed,2026-03-04 00:44:46,Payment Timeout
P000048,B000033,3,Apple Pay,2005.51,Success,2026-03-04 00:53:39,
P000049,B000034,1,Credit Card,3627.82,Success,2026-02-17 00:36:00,
P000050,B000035,1,Debit Card,4064.23,Success,2026-05-13 00:53:00,
P000051,B000036,1,Credit Card,1355.99,Failed,2026-08-08 00:06:00,Payment Timeout
P000052,B000036,2,Credit Card,1355.99,Success,2026-08-08 00:07:46,
P000053,B000037,1,Debit Card,3791.69,Success,2026-01-28 00:06:00,
P000054,B000038,1,Digital Wallet,4799.35,Success,2025-09-03 00:27:00,
P000055,B000039,1,Apple Pay,4580.65,Success,2025-09-15 00:05:00,
P000056,B000040,1,Bank Transfer,4052.19,Success,2026-01-11 00:57:00,
P000057,B000041,1,Bank Transfer,3705.47,Success,2026-04-19 00:10:00,
P000058,B000042,1,Apple Pay,1558.12,Success,2026-06-13 01:00:00,
P000059,B000043,1,Digital Wallet,3352.56,Success,2025-11-07 00:42:00,
P000060,B000044,1,Apple Pay,3394.73,Success,2026-07-09 00:10:00,
P000061,B000045,1,Apple Pay,2330.7,Failed,2026-01-14 00:13:00,Technical Error
P000062,B000045,2,Bank Transfer,2330.7,Failed,2026-01-14 00:26:15,Payment Timeout
P000063,B000045,3,Debit Card,2330.7,Success,2026-01-14 00:30:00,
P000064,B000046,1,Bank Transfer,2718.57,Success,2026-07-19 00:23:00,
P000065,B000047,1,Credit Card,3623.13,Success,2026-01-15 00:56:00,
P000066,B000048,1,Debit Card,4784.46,Success,2026-10-21 00:43:00,
P000067,B000049,1,Debit Card,1828.88,Failed,2026-01-13 00:29:00,Insufficient Funds
P000068,B000049,2,Bank Transfer,1828.88,Success,2026-01-13 00:36:44,
P000069,B000050,1,Credit Card,1608.63,Success,2025-10-16 00:52:00,
P000070,B000051,1,Debit Card,3208.13,Success,2026-11-07 00:53:00,
P000071,B000052,1,Apple Pay,1088.6,Failed,2025-10-05 00:09:00,Fraud Check
P000072,B000052,2,Apple Pay,1088.6,Failed,2025-10-05 00:18:18,Payment Timeout
P000073,B000052,3,Bank Transfer,1088.6,Success,2025-10-05 00:22:15,
P000074,B000053,1,Apple Pay,3121.4,Failed,2026-01-28 00:28:00,Technical Error
P000075,B000053,2,Bank Transfer,3121.4,Failed,2026-01-28 00:36:58,Technical Error
P000076,B000053,3,Credit Card,3121.4,Success,2026-01-28 00:51:42,
P000077,B000054,1,Debit Card,899.83,Success,2026-10-12 00:33:00,
P000078,B000055,1,Debit Card,2707.63,Success,2026-07-10 00:22:00,
P000079,B000056,1,Digital Wallet,3291.86,Success,2025-10-30 00:20:00,
P000080,B000057,1,Bank Transfer,815.49,Success,2025-12-29 00:37:00,
P000081,B000058,1,Bank Transfer,1431.29,Success,2026-08-10 00:25:00,
P000082,B000059,1,Apple Pay,2009.18,Success,2026-09-22 00:12:00,
P000083,B000060,1,Bank Transfer,2158.69,Success,2026-06-28 00:37:00,
P000084,B000061,1,Digital Wallet,3542.47,Success,2026-01-11 00:26:00,
P000085,B000062,1,Apple Pay,2880.6,Success,2025-10-18 00:12:00,
P000086,B000063,1,Credit Card,2219.49,Success,2026-02-06 00:25:00,
P000087,B000064,1,Digital Wallet,2528.04,Success,2025-12-02 00:37:00,
P000088,B000065,1,Apple Pay,558.4,Success,2026-03-02 00:52:00,
P000089,B000066,1,Credit Card,3967.36,Success,2026-04-25 00:53:00,
P000090,B000067,1,Apple Pay,684.52,Failed,2026-02-19 00:50:00,Fraud Check
P000091,B000067,2,Digital Wallet,684.52,Success,2026-02-19 00:55:50,
P000092,B000068,1,Apple Pay,4231.93,Success,2026-05-02 00:57:00,
P000093,B000069,1,Apple Pay,2934.48,Failed,2025-10-14 00:25:00,Card Declined
P000094,B000069,2,Debit Card,2934.48,Success,2025-10-14 00:34:27,
P000095,B000070,1,Debit Card,2875.19,Failed,2026-11-04 00:44:00,Insufficient Funds
P000096,B000070,2,Debit Card,2875.19,Success,2026-11-04 00:54:36,
P000097,B000071,1,Credit Card,3670.6,Success,2026-03-09 00:44:00,
P000098,B000072,1,Digital Wallet,4368.02,Success,2026-01-13 00:58:00,
P000099,B000073,1,Apple Pay,4741.91,Success,2026-02-04 00:30:00,
P000100,B000074,1,Digital Wallet,2945.16,Success,2026-07-07 00:28:00,
P000101,B000075,1,Credit Card,1177.96,Success,2026-07-16 00:11:00,
P000102,B000076,1,Credit Card,4453.84,Success,2026-07-01 00:24:00,
P000103,B000077,1,Bank Transfer,683.02,Success,2026-04-05 00:50:00,
P000104,B000078,1,Apple Pay,4133.02,Failed,2026-01-24 00:38:00,Insufficient Funds
P000105,B000078,2,Digital Wallet,4133.02,Success,2026-01-24 00:48:34,
P000106,B000079,1,Debit Card,3561.9,Failed,2025-08-20 00:53:00,Technical Error
P000107,B000079,2,Bank Transfer,3561.9,Failed,2025-08-20 00:59:15,Payment Timeout
P000108,B000079,3,Digital Wallet,3561.9,Success,2025-08-20 01:01:01,
P000109,B000080,1,Digital Wallet,4571.27,Success,2025-11-16 00:48:00,
P000110,B000081,1,Digital Wallet,4538.58,Success,2025-12-22 00:10:00,
P000111,B000082,1,Apple Pay,739.19,Success,2026-03-24 00:34:00,
P000112,B000083,1,Digital Wallet,3242.51,Success,2026-01-09 00:56:00,
P000113,B000084,1,Apple Pay,1061.02,Failed,2026-09-13 00:23:00,Card Declined
P000114,B000084,2,Digital Wallet,1061.02,Failed,2026-09-13 00:33:37,Insufficient Funds
P000115,B000084,3,Credit Card,1061.02,Success,2026-09-13 00:39:12,
P000116,B000085,1,Debit Card,853.11,Success,2026-08-03 00:05:00,
P000117,B000086,1,Digital Wallet,2517.25,Failed,2026-10-02 00:36:00,Card Declined
P000118,B000086,2,Digital Wallet,2517.25,Success,2026-10-02 00:49:10,
P000119,B000087,1,Apple Pay,939.19,Success,2025-11-08 00:59:00,
P000120,B000088,1,Apple Pay,3775.56,Success,2026-10-19 00:20:00,
P000121,B000089,1,Digital Wallet,4860.23,Failed,2026-03-29 00:18:00,Technical Error
P000122,B000089,2,Bank Transfer,4860.23,Success,2026-03-29 00:19:56,
P000123,B000090,1,Debit Card,3063.12,Success,2026-02-18 00:20:00,
P000124,B000091,1,Digital Wallet,1558.26,Failed,2026-05-12 00:40:00,Card Declined
P000125,B000091,2,Digital Wallet,1558.26,Failed,2026-05-12 00:50:32,Insufficient Funds
P000126,B000091,3,Bank Transfer,1558.26,Success,2026-05-12 00:53:17,
P000127,B000092,1,Debit Card,4294.43,Success,2025-11-13 00:23:00,
P000128,B000093,1,Digital Wallet,4338.97,Success,2026-01-31 01:00:00,
P000129,B000094,1,Debit Card,3797.54,Success,2026-08-17 00:20:00,
P000130,B000095,1,Apple Pay,3268.09,Success,2025-09-20 00:36:00,
P000131,B000096,1,Credit Card,4405.07,Failed,2026-01-01 00:39:00,Technical Error
P000132,B000096,2,Apple Pay,4405.07,Success,2026-01-01 00:52:42,
P000133,B000097,1,Debit Card,1234.81,Failed,2026-02-04 00:05:00,Card Declined
P000134,B000097,2,Digital Wallet,1234.81,Success,2026-02-04 00:17:52,
P000135,B000098,1,Debit Card,4692.2,Success,2026-11-01 00:35:00,
P000136,B000099,1,Apple Pay,4762.41,Success,2026-03-25 00:54:00,
P000137,B000100,1,Digital Wallet,4423.97,Success,2026-02-26 00:30:00,
P000138,B000101,1,Credit Card,1627.98,Failed,2026-04-04 00:38:00,Payment Timeout
P000139,B000101,2,Debit Card,1627.98,Success,2026-04-04 00:42:16,
P000140,B000102,1,Apple Pay,4361.8,Success,2026-06-27 00:49:00,
P000141,B000103,1,Credit Card,2739.37,Failed,2026-02-16 00:25:00,Fraud Check
P000142,B000103,2,Credit Card,2739.37,Failed,2026-02-16 00:35:45,Fraud Check
P000143,B000103,3,Credit Card,2739.37,Success,2026-02-16 00:39:18,
P000144,B000104,1,Debit Card,3177.19,Success,2026-05-15 00:40:00,
P000145,B000105,1,Digital Wallet,4282.7,Success,2026-11-12 00:36:00,
P000146,B000106,1,Digital Wallet,633.12,Success,2026-03-29 00:59:00,
P000147,B000107,1,Credit Card,2133.24,Success,2026-01-13 00:39:00,
P000148,B000108,1,Bank Transfer,4170.62,Success,2026-03-14 00:53:00,
P000149,B000109,1,Bank Transfer,4162.8,Failed,2026-01-20 00:23:00,Card Declined
P000150,B000109,2,Credit Card,4162.8,Success,2026-01-20 00:36:21,
P000151,B000110,1,Apple Pay,4319.1,Failed,2026-08-24 00:32:00,Technical Error
P000152,B000110,2,Digital Wallet,4319.1,Success,2026-08-24 00:37:56,
P000153,B000111,1,Bank Transfer,1261.47,Success,2025-12-06 00:29:00,
P000154,B000112,1,Digital Wallet,3676.49,Success,2026-04-03 00:40:00,
P000155,B000113,1,Debit Card,1159.27,Failed,2026-10-05 00:49:00,Fraud Check
P000156,B000113,2,Digital Wallet,1159.27,Failed,2026-10-05 01:03:48,Insufficient Funds
P000157,B000113,3,Digital Wallet,1159.27,Success,2026-10-05 01:11:32,
P000158,B000114,1,Bank Transfer,4032.94,Success,2026-06-26 00:22:00,
P000159,B000115,1,Credit Card,1603.07,Success,2026-09-08 00:48:00,
P000160,B000116,1,Digital Wallet,3820.18,Success,2025-09-21 00:11:00,
P000161,B000117,1,Debit Card,2547.51,Success,2026-07-09 00:13:00,
P000162,B000118,1,Apple Pay,4938.19,Failed,2026-04-17 00:33:00,Fraud Check
P000163,B000118,2,Credit Card,4938.19,Success,2026-04-17 00:46:17,
P000164,B000119,1,Digital Wallet,3109.52,Failed,2026-11-03 00:11:00,Card Declined
P000165,B000119,2,Bank Transfer,3109.52,Success,2026-11-03 00:15:13,
P000166,B000120,1,Apple Pay,3346.61,Success,2026-10-29 00:48:00,
P000167,B000121,1,Apple Pay,2156.74,Success,2026-04-03 00:23:00,
P000168,B000122,1,Bank Transfer,3805.34,Success,2025-09-15 00:54:00,
P000169,B000123,1,Bank Transfer,2726.99,Success,2025-12-21 00:24:00,
P000170,B000124,1,Apple Pay,581.3,Failed,2026-05-04 00:43:00,Card Declined
P000171,B000124,2,Bank Transfer,581.3,Failed,2026-05-04 00:55:22,Card Declined
P000172,B000124,3,Credit Card,581.3,Success,2026-05-04 01:05:20,
P000173,B000125,1,Debit Card,3238.62,Success,2026-02-18 00:10:00,
P000174,B000126,1,Digital Wallet,4237.07,Success,2026-07-24 00:36:00,
P000175,B000127,1,Digital Wallet,1565.61,Success,2026-11-10 00:25:00,
P000176,B000128,1,Bank Transfer,1494.79,Failed,2026-06-04 00:39:00,Payment Timeout
P000177,B000128,2,Credit Card,1494.79,Success,2026-06-04 00:48:27,
P000178,B000129,1,Credit Card,3239.99,Success,2026-02-16 00:35:00,
P000179,B000130,1,Apple Pay,4180.91,Success,2025-11-14 00:58:00,
P000180,B000131,1,Bank Transfer,1623.29,Failed,2026-05-22 00:16:00,Insufficient Funds
P000181,B000131,2,Digital Wallet,1623.29,Success,2026-05-22 00:28:33,
P000182,B000132,1,Bank Transfer,4695.18,Success,2026-03-30 00:32:00,
P000183,B000133,1,Bank Transfer,4673.24,Success,2026-07-22 00:54:00,
P000184,B000134,1,Bank Transfer,1402.42,Success,2026-02-19 00:45:00,
P000185,B000135,1,Credit Card,1687.03,Failed,2025-09-04 00:21:00,Card Declined
P000186,B000135,2,Bank Transfer,1687.03,Success,2025-09-04 00:34:29,
P000187,B000136,1,Apple Pay,3652.69,Success,2026-07-14 00:17:00,
P000188,B000137,1,Debit Card,4782.8,Failed,2025-08-19 00:09:00,Card Declined
P000189,B000137,2,Apple Pay,4782.8,Failed,2025-08-19 00:17:19,Insufficient Funds
P000190,B000137,3,Credit Card,4782.8,Success,2025-08-19 00:23:13,
P000191,B000138,1,Apple Pay,3694.47,Failed,2025-12-06 00:51:00,Card Declined
P000192,B000138,2,Credit Card,3694.47,Success,2025-12-06 01:01:30,
P000193,B000139,1,Debit Card,2502.05,Failed,2026-09-08 00:17:00,Card Declined
P000194,B000139,2,Digital Wallet,2502.05,Failed,2026-09-08 00:20:50,Card Declined
P000195,B000139,3,Bank Transfer,2502.05,Success,2026-09-08 00:28:47,
P000196,B000140,1,Digital Wallet,1260.51,Failed,2026-02-08 00:42:00,Payment Timeout
P000197,B000140,2,Digital Wallet,1260.51,Failed,2026-02-08 00:47:32,Fraud Check
P000198,B000140,3,Apple Pay,1260.51,Success,2026-02-08 00:57:51,
P000199,B000141,1,Credit Card,2574.54,Success,2026-09-17 00:18:00,
P000200,B000142,1,Digital Wallet,3230.46,Success,2026-03-12 00:55:00,
P000201,B000143,1,Credit Card,1989.28,Success,2026-01-03 00:05:00,
P000202,B000144,1,Debit Card,2796.16,Failed,2026-06-05 00:35:00,Insufficient Funds
P000203,B000144,2,Apple Pay,2796.16,Success,2026-06-05 00:41:43,
P000204,B000145,1,Credit Card,1085.96,Success,2026-09-24 00:16:00,
P000205,B000146,1,Apple Pay,2534.85,Success,2025-12-05 00:09:00,
P000206,B000147,1,Digital Wallet,908.49,Success,2026-08-14 00:52:00,
P000207,B000148,1,Apple Pay,720.9,Success,2026-01-27 00:06:00,
P000208,B000149,1,Bank Transfer,4357.58,Success,2026-10-31 00:42:00,
P000209,B000150,1,Apple Pay,1422.87,Failed,2026-08-27 00:22:00,Payment Timeout
P000210,B000150,2,Credit Card,1422.87,Success,2026-08-27 00:26:43,
P000211,B000151,1,Bank Transfer,3088.2,Success,2026-03-26 00:28:00,
P000212,B000152,1,Apple Pay,1170.42,Success,2025-11-02 00:46:00,
P000213,B000153,1,Bank Transfer,1681.37,Success,2026-05-21 00:33:00,
P000214,B000154,1,Debit Card,2126.03,Success,2026-04-13 00:21:00,
P000215,B000155,1,Digital Wallet,1146.54,Failed,2026-07-15 00:09:00,Insufficient Funds
P000216,B000155,2,Apple Pay,1146.54,Success,2026-07-15 00:22:11,
P000217,B000156,1,Apple Pay,706.83,Success,2026-06-26 00:15:00,
P000218,B000157,1,Apple Pay,4447.22,Success,2026-03-26 00:27:00,
P000219,B000158,1,Bank Transfer,553.25,Success,2026-08-10 00:12:00,
P000220,B000159,1,Credit Card,775.94,Success,2026-04-01 01:00:00,
P000221,B000160,1,Digital Wallet,4122.82,Failed,2026-03-10 00:33:00,Insufficient Funds
P000222,B000160,2,Digital Wallet,4122.82,Success,2026-03-10 00:38:28,
P000223,B000161,1,Digital Wallet,1769.04,Success,2026-04-26 00:46:00,
P000224,B000162,1,Credit Card,3752.69,Success,2026-09-23 00:10:00,
P000225,B000163,1,Debit Card,1158.02,Success,2026-06-09 00:16:00,
P000226,B000164,1,Apple Pay,1567.77,Failed,2026-09-13 00:30:00,Fraud Check
P000227,B000164,2,Credit Card,1567.77,Success,2026-09-13 00:40:18,
P000228,B000165,1,Apple Pay,3077.49,Success,2025-12-30 00:26:00,
P000229,B000166,1,Credit Card,4948.86,Failed,2026-08-17 00:30:00,Technical Error
P000230,B000166,2,Apple Pay,4948.86,Success,2026-08-17 00:31:17,
P000231,B000167,1,Debit Card,830.5,Success,2026-03-08 00:19:00,
P000232,B000168,1,Debit Card,2302.5,Failed,2026-05-31 00:06:00,Fraud Check
P000233,B000168,2,Apple Pay,2302.5,Success,2026-05-31 00:17:23,
P000234,B000169,1,Apple Pay,693.86,Success,2025-11-21 00:51:00,
P000235,B000170,1,Debit Card,1396.52,Success,2025-09-09 00:49:00,
P000236,B000171,1,Apple Pay,4583.62,Success,2026-03-29 00:39:00,
P000237,B000172,1,Digital Wallet,934.07,Success,2026-08-24 00:29:00,
P000238,B000173,1,Credit Card,4355.85,Success,2026-07-11 00:43:00,
P000239,B000174,1,Credit Card,1300.11,Failed,2026-05-17 00:48:00,Card Declined
P000240,B000174,2,Credit Card,1300.11,Success,2026-05-17 00:52:22,
P000241,B000175,1,Credit Card,4378.03,Success,2026-09-01 00:07:00,
P000242,B000176,1,Bank Transfer,2921.1,Success,2026-05-22 00:51:00,
P000243,B000177,1,Credit Card,4451.93,Success,2026-03-20 00:38:00,
P000244,B000178,1,Credit Card,1182.67,Success,2025-11-27 00:46:00,
P000245,B000179,1,Debit Card,3929.16,Success,2026-03-09 00:56:00,
P000246,B000180,1,Apple Pay,3563.14,Success,2026-04-21 01:00:00,
P000247,B000181,1,Digital Wallet,2943.2,Failed,2026-11-25 00:37:00,Fraud Check
P000248,B000181,2,Bank Transfer,2943.2,Success,2026-11-25 00:43:15,
P000249,B000182,1,Apple Pay,4147.64,Failed,2026-01-05 00:34:00,Card Declined
P000250,B000182,2,Digital Wallet,4147.64,Success,2026-01-05 00:42:40,
P000251,B000183,1,Bank Transfer,3417.24,Failed,2026-03-16 00:06:00,Technical Error
P000252,B000183,2,Credit Card,3417.24,Success,2026-03-16 00:10:20,
P000253,B000184,1,Apple Pay,4446.71,Success,2026-03-21 00:42:00,
P000254,B000185,1,Apple Pay,2214.78,Failed,2026-10-01 00:15:00,Insufficient Funds
P000255,B000185,2,Debit Card,2214.78,Failed,2026-10-01 00:27:54,Fraud Check
P000256,B000185,3,Bank Transfer,2214.78,Success,2026-10-01 00:31:07,
P000257,B000186,1,Bank Transfer,3154.65,Success,2026-05-15 00:53:00,
P000258,B000187,1,Digital Wallet,4417.7,Success,2026-03-02 00:30:00,
P000259,B000188,1,Digital Wallet,1466.66,Success,2026-08-25 00:40:00,
P000260,B000189,1,Debit Card,2685.84,Success,2025-10-07 00:37:00,
P000261,B000190,1,Debit Card,4823.34,Success,2026-07-26 00:09:00,
P000262,B000191,1,Credit Card,2631.21,Failed,2026-09-07 00:06:00,Technical Error
P000263,B000191,2,Credit Card,2631.21,Success,2026-09-07 00:15:46,
P000264,B000192,1,Apple Pay,1637.73,Success,2026-09-09 00:19:00,
P000265,B000193,1,Digital Wallet,2079.84,Success,2026-11-06 00:53:00,
P000266,B000194,1,Apple Pay,4482.88,Failed,2026-08-03 00:18:00,Fraud Check
P000267,B000194,2,Apple Pay,4482.88,Failed,2026-08-03 00:20:18,Technical Error
P000268,B000194,3,Bank Transfer,4482.88,Success,2026-08-03 00:22:02,
P000269,B000195,1,Bank Transfer,4796.97,Failed,2026-06-10 00:45:00,Fraud Check
P000270,B000195,2,Digital Wallet,4796.97,Success,2026-06-10 00:48:39,
P000271,B000196,1,Apple Pay,4775.48,Success,2026-02-18 00:23:00,
P000272,B000197,1,Credit Card,3645.24,Success,2026-09-09 00:08:00,
P000273,B000198,1,Digital Wallet,2793.21,Failed,2026-03-16 00:44:00,Payment Timeout
P000274,B000198,2,Credit Card,2793.21,Success,2026-03-16 00:45:47,
P000275,B000199,1,Debit Card,1322.1,Success,2026-05-04 00:37:00,
P000276,B000200,1,Apple Pay,1054.49,Success,2026-05-03 00:44:00,
P000277,B000201,1,Apple Pay,768.95,Success,2025-11-11 00:10:00,
P000278,B000202,1,Debit Card,579.72,Success,2026-07-23 00:12:00,
P000279,B000203,1,Digital Wallet,4451.53,Success,2026-07-10 00:19:00,
P000280,B000204,1,Apple Pay,4140.89,Success,2026-04-11 00:34:00,
P000281,B000205,1,Digital Wallet,3055.2,Failed,2025-11-22 00:37:00,Fraud Check
P000282,B000205,2,Credit Card,3055.2,Success,2025-11-22 00:44:36,
P000283,B000206,1,Debit Card,4994.25,Success,2025-10-10 00:26:00,
P000284,B000207,1,Bank Transfer,4788.73,Failed,2026-02-18 00:37:00,Fraud Check
P000285,B000207,2,Digital Wallet,4788.73,Failed,2026-02-18 00:45:54,Technical Error
P000286,B000207,3,Digital Wallet,4788.73,Success,2026-02-18 00:51:11,
P000287,B000208,1,Digital Wallet,3447.99,Success,2026-01-31 00:16:00,
P000288,B000209,1,Apple Pay,2590.59,Success,2026-02-15 00:35:00,
P000289,B000210,1,Debit Card,1184.77,Success,2026-07-20 00:40:00,
P000290,B000211,1,Bank Transfer,2820.17,Success,2026-06-12 00:09:00,
P000291,B000212,1,Debit Card,1209.85,Success,2026-07-26 00:14:00,
P000292,B000213,1,Credit Card,2293.03,Failed,2025-12-15 00:17:00,Insufficient Funds
P000293,B000213,2,Bank Transfer,2293.03,Success,2025-12-15 00:25:42,
P000294,B000214,1,Bank Transfer,4741.92,Success,2026-09-14 00:48:00,
P000295,B000215,1,Credit Card,2038.91,Failed,2026-03-15 00:41:00,Insufficient Funds
P000296,B000215,2,Apple Pay,2038.91,Failed,2026-03-15 00:51:37,Card Declined
P000297,B000215,3,Credit Card,2038.91,Success,2026-03-15 01:06:15,
P000298,B000216,1,Digital Wallet,1187.54,Failed,2025-10-05 00:50:00,Fraud Check
P000299,B000216,2,Bank Transfer,1187.54,Success,2025-10-05 01:04:35,
P000300,B000217,1,Apple Pay,3120.78,Success,2025-11-05 00:05:00,
P000301,B000218,1,Credit Card,3210.64,Success,2026-03-16 00:25:00,
P000302,B000219,1,Bank Transfer,1372.12,Success,2026-04-15 00:14:00,
P000303,B000220,1,Credit Card,1384.64,Failed,2026-08-01 00:39:00,Technical Error
P000304,B000220,2,Debit Card,1384.64,Success,2026-08-01 00:50:35,
P000305,B000221,1,Debit Card,4952.97,Success,2026-06-14 00:31:00,
P000306,B000222,1,Apple Pay,1594.76,Failed,2026-01-29 00:48:00,Payment Timeout
P000307,B000222,2,Bank Transfer,1594.76,Success,2026-01-29 00:57:33,
P000308,B000223,1,Credit Card,4271.86,Success,2025-12-13 00:28:00,
P000309,B000224,1,Debit Card,2616.46,Success,2026-01-16 00:47:00,
P000310,B000225,1,Credit Card,2457.45,Success,2026-08-04 00:25:00,
P000311,B000226,1,Credit Card,1827.33,Success,2026-04-10 00:24:00,
P000312,B000227,1,Bank Transfer,3982.22,Success,2026-01-02 00:58:00,
P000313,B000228,1,Credit Card,4462.97,Success,2026-08-03 00:44:00,
P000314,B000229,1,Digital Wallet,1675.07,Success,2026-10-10 00:36:00,
P000315,B000230,1,Apple Pay,927.94,Success,2026-02-17 00:55:00,
P000316,B000231,1,Credit Card,1116.14,Failed,2026-03-18 00:34:00,Fraud Check
P000317,B000231,2,Apple Pay,1116.14,Success,2026-03-18 00:47:54,
P000318,B000232,1,Apple Pay,4067.62,Success,2026-06-23 00:18:00,
P000319,B000233,1,Bank Transfer,2461.22,Success,2025-10-03 00:06:00,
P000320,B000234,1,Apple Pay,1093.62,Success,2026-01-10 00:34:00,
P000321,B000235,1,Digital Wallet,2031.3,Success,2026-07-28 00:05:00,
P000322,B000236,1,Debit Card,2814.06,Success,2026-02-21 00:07:00,
P000323,B000237,1,Debit Card,4334.23,Success,2025-09-21 00:50:00,
P000324,B000238,1,Bank Transfer,3387.84,Success,2026-03-15 00:27:00,
P000325,B000239,1,Credit Card,1292.15,Failed,2026-03-12 00:12:00,Card Declined
P000326,B000239,2,Digital Wallet,1292.15,Failed,2026-03-12 00:20:12,Payment Timeout
P000327,B000239,3,Credit Card,1292.15,Success,2026-03-12 00:26:29,
P000328,B000240,1,Debit Card,1214.16,Failed,2026-08-29 00:37:00,Technical Error
P000329,B000240,2,Apple Pay,1214.16,Success,2026-08-29 00:45:44,
P000330,B000241,1,Debit Card,2355.5,Failed,2026-10-28 00:58:00,Fraud Check
P000331,B000241,2,Digital Wallet,2355.5,Failed,2026-10-28 01:08:16,Card Declined
P000332,B000241,3,Apple Pay,2355.5,Success,2026-10-28 01:21:44,
P000333,B000242,1,Debit Card,838.37,Success,2026-01-18 00:22:00,
P000334,B000243,1,Debit Card,3900.1,Failed,2026-04-06 00:15:00,Insufficient Funds
P000335,B000243,2,Bank Transfer,3900.1,Success,2026-04-06 00:22:12,
P000336,B000244,1,Debit Card,2306.54,Failed,2025-11-22 00:34:00,Card Declined
P000337,B000244,2,Bank Transfer,2306.54,Success,2025-11-22 00:37:53,
P000338,B000245,1,Apple Pay,2043.61,Failed,2026-07-25 00:21:00,Insufficient Funds
P000339,B000245,2,Debit Card,2043.61,Failed,2026-07-25 00:28:55,Card Declined
P000340,B000245,3,Credit Card,2043.61,Success,2026-07-25 00:43:21,
P000341,B000246,1,Credit Card,2790.99,Success,2026-02-26 00:49:00,
P000342,B000247,1,Apple Pay,3690.31,Success,2026-08-23 00:58:00,
P000343,B000248,1,Debit Card,3062.06,Success,2026-11-21 00:30:00,
P000344,B000249,1,Debit Card,4110.81,Failed,2025-12-29 00:41:00,Payment Timeout
P000345,B000249,2,Bank Transfer,4110.81,Success,2025-12-29 00:51:30,
P000346,B000250,1,Credit Card,3332.13,Success,2026-07-20 00:38:00,
P000347,B000251,1,Debit Card,4045.87,Success,2026-09-28 00:42:00,
P000348,B000252,1,Debit Card,3635.52,Success,2025-11-06 00:57:00,
P000349,B000253,1,Credit Card,1369.05,Success,2026-04-20 00:31:00,
P000350,B000254,1,Debit Card,735.6,Success,2026-06-05 00:31:00,
P000351,B000255,1,Debit Card,4565.29,Success,2026-06-29 00:57:00,
P000352,B000256,1,Debit Card,4755.45,Failed,2026-02-15 00:32:00,Insufficient Funds
P000353,B000256,2,Apple Pay,4755.45,Success,2026-02-15 00:33:52,
P000354,B000257,1,Debit Card,3771.2,Success,2026-01-01 00:55:00,
P000355,B000258,1,Apple Pay,3758.93,Success,2026-07-30 00:15:00,
P000356,B000259,1,Apple Pay,1715.66,Success,2026-05-18 00:53:00,
P000357,B000260,1,Debit Card,2940.99,Success,2026-10-26 00:39:00,
P000358,B000261,1,Digital Wallet,4965.08,Success,2026-03-05 00:28:00,
P000359,B000262,1,Bank Transfer,4352.65,Success,2026-09-23 00:40:00,
P000360,B000263,1,Apple Pay,1869.77,Success,2026-05-30 00:56:00,
P000361,B000264,1,Credit Card,1854.71,Failed,2025-09-26 00:47:00,Insufficient Funds
P000362,B000264,2,Credit Card,1854.71,Failed,2025-09-26 00:49:35,Fraud Check
P000363,B000264,3,Credit Card,1854.71,Success,2025-09-26 00:57:53,
P000364,B000265,1,Debit Card,2676.1,Success,2026-05-15 00:47:00,
P000365,B000266,1,Apple Pay,2320.69,Success,2026-07-16 00:39:00,
P000366,B000267,1,Bank Transfer,2170.19,Success,2026-10-28 00:48:00,
P000367,B000268,1,Digital Wallet,3321.37,Failed,2026-07-08 00:16:00,Payment Timeout
P000368,B000268,2,Apple Pay,3321.37,Success,2026-07-08 00:27:53,
P000369,B000269,1,Bank Transfer,551.72,Failed,2026-01-10 00:59:00,Card Declined
P000370,B000269,2,Digital Wallet,551.72,Failed,2026-01-10 01:07:25,Payment Timeout
P000371,B000269,3,Digital Wallet,551.72,Success,2026-01-10 01:14:51,
P000372,B000270,1,Credit Card,3935.03,Success,2026-09-06 00:10:00,
P000373,B000271,1,Digital Wallet,3830.24,Failed,2026-03-11 00:30:00,Card Declined
P000374,B000271,2,Credit Card,3830.24,Success,2026-03-11 00:40:35,
P000375,B000272,1,Debit Card,4236.47,Success,2026-06-13 00:25:00,
P000376,B000273,1,Digital Wallet,4286.53,Success,2026-06-21 00:19:00,
P000377,B000274,1,Debit Card,3048.8,Success,2026-10-24 00:55:00,
P000378,B000275,1,Debit Card,4010.33,Success,2025-08-03 00:33:00,
P000379,B000276,1,Apple Pay,2715.78,Success,2025-11-13 00:56:00,
P000380,B000277,1,Credit Card,4781.88,Success,2026-11-25 00:46:00,
P000381,B000278,1,Apple Pay,1358.14,Success,2026-01-24 00:28:00,
P000382,B000279,1,Debit Card,4620.28,Success,2026-02-03 00:49:00,
P000383,B000280,1,Credit Card,1663.39,Failed,2026-02-06 00:30:00,Technical Error
P000384,B000280,2,Credit Card,1663.39,Success,2026-02-06 00:43:13,
P000385,B000281,1,Digital Wallet,962.26,Success,2026-06-11 00:37:00,
P000386,B000282,1,Apple Pay,2475.97,Success,2025-12-12 00:06:00,
P000387,B000283,1,Digital Wallet,3267.13,Failed,2026-07-14 00:59:00,Fraud Check
P000388,B000283,2,Apple Pay,3267.13,Success,2026-07-14 01:02:27,
P000389,B000284,1,Digital Wallet,1539.45,Failed,2025-12-05 00:53:00,Fraud Check
P000390,B000284,2,Bank Transfer,1539.45,Success,2025-12-05 01:02:53,
P000391,B000285,1,Digital Wallet,3001.08,Failed,2026-08-17 00:29:00,Technical Error
P000392,B000285,2,Apple Pay,3001.08,Failed,2026-08-17 00:43:10,Card Declined
P000393,B000285,3,Debit Card,3001.08,Success,2026-08-17 00:58:04,
P000394,B000286,1,Credit Card,4135.52,Success,2026-10-24 00:41:00,
P000395,B000287,1,Credit Card,1656.88,Success,2026-04-26 00:57:00,
P000396,B000288,1,Bank Transfer,3111.45,Success,2026-11-26 00:28:00,
P000397,B000289,1,Digital Wallet,2026.91,Success,2026-07-24 00:41:00,
P000398,B000290,1,Apple Pay,2883.96,Success,2026-04-30 00:10:00,
P000399,B000291,1,Bank Transfer,3501.14,Failed,2025-12-27 00:11:00,Technical Error
P000400,B000291,2,Digital Wallet,3501.14,Failed,2025-12-27 00:15:17,Fraud Check
P000401,B000291,3,Debit Card,3501.14,Success,2025-12-27 00:30:11,
P000402,B000292,1,Credit Card,2076.9,Success,2026-01-01 00:30:00,
P000403,B000293,1,Digital Wallet,4975.17,Success,2026-01-21 00:07:00,
P000404,B000294,1,Credit Card,3036.99,Success,2026-03-15 00:51:00,
P000405,B000295,1,Debit Card,4210.08,Success,2026-10-13 00:24:00,
P000406,B000296,1,Apple Pay,3763.11,Success,2026-05-17 00:46:00,
P000407,B000297,1,Apple Pay,4337.62,Failed,2026-03-02 00:28:00,Payment Timeout
P000408,B000297,2,Digital Wallet,4337.62,Success,2026-03-02 00:41:47,
P000409,B000298,1,Bank Transfer,1282.1,Success,2025-10-23 00:13:00,
P000410,B000299,1,Apple Pay,1501.49,Success,2026-04-05 00:38:00,
P000411,B000300,1,Credit Card,2693.35,Failed,2026-03-11 00:32:00,Fraud Check
P000412,B000300,2,Debit Card,2693.35,Success,2026-03-11 00:41:12,
P000413,B000301,1,Digital Wallet,4335.48,Failed,2026-12-07 00:44:00,Card Declined
P000414,B000301,2,Bank Transfer,4335.48,Failed,2026-12-07 00:55:20,Insufficient Funds
P000415,B000301,3,Apple Pay,4335.48,Success,2026-12-07 01:01:44,
P000416,B000302,1,Debit Card,1389.23,Success,2026-01-04 00:30:00,
P000417,B000303,1,Digital Wallet,4869.8,Success,2026-01-19 00:52:00,
P000418,B000304,1,Digital Wallet,1074.21,Failed,2026-08-23 00:54:00,Fraud Check
P000419,B000304,2,Apple Pay,1074.21,Failed,2026-08-23 01:02:12,Insufficient Funds
P000420,B000304,3,Credit Card,1074.21,Success,2026-08-23 01:15:34,
P000421,B000305,1,Credit Card,1287.85,Failed,2026-05-13 00:44:00,Technical Error
P000422,B000305,2,Apple Pay,1287.85,Failed,2026-05-13 00:53:57,Fraud Check
P000423,B000305,3,Digital Wallet,1287.85,Success,2026-05-13 01:03:51,
P000424,B000306,1,Bank Transfer,1252.55,Success,2025-09-08 00:31:00,
P000425,B000307,1,Digital Wallet,3137.03,Success,2026-02-05 00:47:00,
P000426,B000308,1,Debit Card,4628.93,Failed,2026-04-05 00:27:00,Insufficient Funds
P000427,B000308,2,Digital Wallet,4628.93,Success,2026-04-05 00:38:41,
P000428,B000309,1,Debit Card,1648.0,Success,2026-01-09 00:35:00,
P000429,B000310,1,Debit Card,2988.67,Failed,2025-12-19 00:33:00,Technical Error
P000430,B000310,2,Credit Card,2988.67,Failed,2025-12-19 00:46:41,Payment Timeout
P000431,B000310,3,Debit Card,2988.67,Success,2025-12-19 00:48:31,
P000432,B000311,1,Digital Wallet,1290.98,Success,2026-01-09 00:28:00,
P000433,B000312,1,Credit Card,3340.12,Failed,2025-11-03 00:34:00,Insufficient Funds
P000434,B000312,2,Bank Transfer,3340.12,Success,2025-11-03 00:36:41,
P000435,B000313,1,Digital Wallet,1054.61,Success,2026-06-25 00:34:00,
P000436,B000314,1,Bank Transfer,2710.9,Success,2026-01-31 00:08:00,
P000437,B000315,1,Bank Transfer,3448.32,Success,2026-07-23 00:54:00,
P000438,B000316,1,Bank Transfer,3106.08,Success,2026-09-09 00:21:00,
P000439,B000317,1,Credit Card,1130.0,Success,2026-03-31 00:14:00,
P000440,B000318,1,Apple Pay,1226.18,Success,2026-01-18 01:00:00,
P000441,B000319,1,Bank Transfer,3521.26,Failed,2026-10-06 00:51:00,Fraud Check
P000442,B000319,2,Bank Transfer,3521.26,Failed,2026-10-06 01:02:45,Payment Timeout
P000443,B000319,3,Digital Wallet,3521.26,Success,2026-10-06 01:10:06,
P000444,B000320,1,Apple Pay,4140.09,Success,2026-06-15 00:10:00,
P000445,B000321,1,Debit Card,4586.33,Success,2026-06-09 00:27:00,
P000446,B000322,1,Digital Wallet,4161.25,Success,2026-07-05 00:38:00,
P000447,B000323,1,Digital Wallet,4882.66,Failed,2026-02-06 00:45:00,Fraud Check
P000448,B000323,2,Debit Card,4882.66,Success,2026-02-06 00:49:20,
P000449,B000324,1,Apple Pay,2337.13,Failed,2026-03-11 00:15:00,Payment Timeout
P000450,B000324,2,Bank Transfer,2337.13,Success,2026-03-11 00:29:26,
P000451,B000325,1,Digital Wallet,1990.25,Success,2025-09-11 00:33:00,
P000452,B000326,1,Credit Card,626.83,Failed,2025-12-11 00:24:00,Payment Timeout
P000453,B000326,2,Credit Card,626.83,Failed,2025-12-11 00:27:14,Payment Timeout
P000454,B000326,3,Digital Wallet,626.83,Success,2025-12-11 00:30:01,
P000455,B000327,1,Credit Card,2524.53,Success,2026-05-08 00:53:00,
P000456,B000328,1,Bank Transfer,3431.17,Success,2026-09-17 00:22:00,
P000457,B000329,1,Bank Transfer,4169.34,Success,2026-08-10 00:12:00,
P000458,B000330,1,Digital Wallet,1703.55,Success,2026-05-24 00:21:00,
P000459,B000331,1,Bank Transfer,2811.16,Failed,2026-05-26 00:50:00,Insufficient Funds
P000460,B000331,2,Bank Transfer,2811.16,Failed,2026-05-26 00:53:16,Fraud Check
P000461,B000331,3,Debit Card,2811.16,Success,2026-05-26 01:05:49,
P000462,B000332,1,Credit Card,3479.04,Success,2026-03-26 00:50:00,
P000463,B000333,1,Credit Card,2982.21,Success,2026-09-27 00:11:00,
P000464,B000334,1,Bank Transfer,1733.09,Success,2026-03-08 00:24:00,
P000465,B000335,1,Credit Card,4083.27,Success,2026-03-03 00:52:00,
P000466,B000336,1,Digital Wallet,1280.12,Success,2025-12-22 00:26:00,
P000467,B000337,1,Apple Pay,4572.41,Success,2025-10-14 00:28:00,
P000468,B000338,1,Debit Card,4786.69,Failed,2026-04-11 00:25:00,Insufficient Funds
P000469,B000338,2,Apple Pay,4786.69,Success,2026-04-11 00:31:55,
P000470,B000339,1,Bank Transfer,2145.08,Success,2026-01-28 00:37:00,
P000471,B000340,1,Credit Card,2192.82,Failed,2025-12-28 00:26:00,Payment Timeout
P000472,B000340,2,Credit Card,2192.82,Success,2025-12-28 00:38:26,
P000473,B000341,1,Bank Transfer,3844.75,Success,2026-02-21 00:19:00,
P000474,B000342,1,Debit Card,2553.3,Success,2025-09-27 00:14:00,
P000475,B000343,1,Credit Card,628.75,Success,2026-03-06 00:06:00,
P000476,B000344,1,Credit Card,4639.45,Success,2026-03-21 00:17:00,
P000477,B000345,1,Debit Card,2438.38,Failed,2026-08-09 00:43:00,Insufficient Funds
P000478,B000345,2,Debit Card,2438.38,Success,2026-08-09 00:53:55,
P000479,B000346,1,Apple Pay,1415.73,Failed,2026-03-03 00:48:00,Card Declined
P000480,B000346,2,Credit Card,1415.73,Success,2026-03-03 00:59:12,
P000481,B000347,1,Debit Card,3000.49,Failed,2026-01-30 00:36:00,Card Declined
P000482,B000347,2,Debit Card,3000.49,Success,2026-01-30 00:44:21,
P000483,B000348,1,Apple Pay,1485.08,Success,2026-01-25 00:24:00,
P000484,B000349,1,Bank Transfer,1427.1,Success,2025-07-31 00:15:00,
P000485,B000350,1,Debit Card,2955.79,Success,2026-08-21 00:10:00,
P000486,B000351,1,Debit Card,2259.69,Failed,2026-02-15 00:45:00,Technical Error
P000487,B000351,2,Debit Card,2259.69,Success,2026-02-15 00:56:23,
P000488,B000352,1,Bank Transfer,3078.47,Success,2026-05-04 00:27:00,
P000489,B000353,1,Apple Pay,4985.71,Success,2026-05-25 00:49:00,
P000490,B000354,1,Bank Transfer,4365.58,Success,2026-08-22 00:59:00,
P000491,B000355,1,Digital Wallet,534.52,Success,2026-03-23 00:33:00,
P000492,B000356,1,Bank Transfer,727.5,Success,2025-12-02 00:55:00,
P000493,B000357,1,Apple Pay,3245.36,Success,2026-03-25 00:22:00,
P000494,B000358,1,Credit Card,3318.15,Success,2026-07-16 00:36:00,
P000495,B000359,1,Debit Card,4451.86,Success,2026-04-01 00:32:00,
P000496,B000360,1,Credit Card,3330.76,Success,2026-05-17 00:33:00,
P000497,B000361,1,Digital Wallet,1524.72,Failed,2026-07-01 00:25:00,Insufficient Funds
P000498,B000361,2,Digital Wallet,1524.72,Success,2026-07-01 00:29:33,
P000499,B000362,1,Bank Transfer,2608.32,Success,2025-08-16 00:48:00,
P000500,B000363,1,Credit Card,4140.43,Success,2026-01-10 00:54:00,
P000501,B000364,1,Bank Transfer,4652.71,Success,2026-04-22 00:45:00,
P000502,B000365,1,Bank Transfer,1566.12,Success,2026-10-18 00:38:00,
P000503,B000366,1,Apple Pay,2928.22,Failed,2026-06-06 00:10:00,Insufficient Funds
P000504,B000366,2,Debit Card,2928.22,Failed,2026-06-06 00:13:21,Fraud Check
P000505,B000366,3,Credit Card,2928.22,Success,2026-06-06 00:19:10,
P000506,B000367,1,Bank Transfer,1215.17,Success,2026-07-24 00:12:00,
P000507,B000368,1,Digital Wallet,2736.5,Failed,2025-10-25 00:48:00,Insufficient Funds
P000508,B000368,2,Digital Wallet,2736.5,Success,2025-10-25 00:54:14,
P000509,B000369,1,Bank Transfer,905.51,Success,2026-04-05 00:58:00,
P000510,B000370,1,Credit Card,4737.78,Success,2026-07-30 00:18:00,
P000511,B000371,1,Credit Card,3371.25,Success,2025-09-23 00:43:00,
P000512,B000372,1,Debit Card,4343.98,Success,2025-12-03 00:32:00,
P000513,B000373,1,Bank Transfer,4992.33,Failed,2026-04-26 00:05:00,Technical Error
P000514,B000373,2,Apple Pay,4992.33,Success,2026-04-26 00:12:54,
P000515,B000374,1,Digital Wallet,1322.0,Failed,2026-05-31 00:20:00,Insufficient Funds
P000516,B000374,2,Credit Card,1322.0,Success,2026-05-31 00:32:19,
P000517,B000375,1,Apple Pay,3623.65,Success,2026-07-29 00:24:00,
P000518,B000376,1,Bank Transfer,4491.44,Failed,2025-12-20 00:58:00,Technical Error
P000519,B000376,2,Digital Wallet,4491.44,Success,2025-12-20 01:03:52,
P000520,B000377,1,Credit Card,3091.72,Success,2025-12-21 00:53:00,
P000521,B000378,1,Bank Transfer,3378.63,Success,2026-04-12 01:00:00,
P000522,B000379,1,Debit Card,2334.52,Failed,2025-10-29 00:24:00,Insufficient Funds
P000523,B000379,2,Bank Transfer,2334.52,Success,2025-10-29 00:29:18,
P000524,B000380,1,Apple Pay,3536.42,Success,2026-01-28 00:05:00,
P000525,B000381,1,Apple Pay,2280.1,Success,2025-11-15 00:57:00,
P000526,B000382,1,Apple Pay,2644.79,Success,2025-10-09 00:53:00,
P000527,B000383,1,Bank Transfer,963.1,Success,2025-11-29 00:46:00,
P000528,B000384,1,Credit Card,535.14,Failed,2026-03-24 00:47:00,Insufficient Funds
P000529,B000384,2,Apple Pay,535.14,Failed,2026-03-24 01:00:59,Card Declined
P000530,B000384,3,Bank Transfer,535.14,Success,2026-03-24 01:08:58,
P000531,B000385,1,Digital Wallet,748.18,Success,2025-08-26 00:27:00,
P000532,B000386,1,Debit Card,1366.35,Success,2026-05-20 00:54:00,
P000533,B000387,1,Debit Card,2554.72,Success,2025-09-03 00:12:00,
P000534,B000388,1,Digital Wallet,594.47,Success,2026-05-20 00:59:00,
P000535,B000389,1,Debit Card,1201.71,Success,2026-03-29 00:09:00,
P000536,B000390,1,Debit Card,4016.5,Success,2026-01-21 00:59:00,
P000537,B000391,1,Debit Card,3929.75,Success,2026-11-06 00:34:00,
P000538,B000392,1,Credit Card,4053.79,Success,2025-11-20 00:30:00,
P000539,B000393,1,Credit Card,4646.93,Success,2026-01-29 00:12:00,
P000540,B000394,1,Credit Card,1035.82,Success,2026-09-30 00:37:00,
P000541,B000395,1,Digital Wallet,1234.13,Success,2026-07-16 00:20:00,
P000542,B000396,1,Debit Card,2000.99,Success,2026-09-24 00:45:00,
P000543,B000397,1,Debit Card,4618.14,Success,2026-05-04 00:06:00,
P000544,B000398,1,Credit Card,3989.65,Success,2026-03-08 00:13:00,
P000545,B000399,1,Digital Wallet,1958.55,Success,2025-11-09 00:52:00,
P000546,B000400,1,Bank Transfer,894.36,Failed,2025-12-21 00:45:00,Payment Timeout
P000547,B000400,2,Bank Transfer,894.36,Success,2025-12-21 00:58:43,
P000548,B000401,1,Debit Card,3273.71,Success,2025-11-25 00:10:00,
P000549,B000402,1,Apple Pay,1655.69,Failed,2026-03-18 00:23:00,Fraud Check
P000550,B000402,2,Digital Wallet,1655.69,Failed,2026-03-18 00:31:10,Card Declined
P000551,B000402,3,Bank Transfer,1655.69,Success,2026-03-18 00:32:34,
P000552,B000403,1,Digital Wallet,2890.19,Success,2026-06-08 00:19:00,
P000553,B000404,1,Credit Card,4738.12,Success,2025-11-14 00:33:00,
P000554,B000405,1,Credit Card,3076.78,Success,2026-06-21 00:36:00,
P000555,B000406,1,Debit Card,4657.25,Success,2026-05-31 00:42:00,
P000556,B000407,1,Debit Card,2268.67,Success,2026-12-02 00:12:00,
P000557,B000408,1,Debit Card,3350.08,Failed,2026-08-30 00:25:00,Insufficient Funds
P000558,B000408,2,Digital Wallet,3350.08,Success,2026-08-30 00:37:15,
P000559,B000409,1,Digital Wallet,4522.5,Failed,2026-06-07 00:09:00,Insufficient Funds
P000560,B000409,2,Bank Transfer,4522.5,Success,2026-06-07 00:21:24,
P000561,B000410,1,Debit Card,3145.94,Success,2026-08-30 00:52:00,
P000562,B000411,1,Digital Wallet,3267.04,Success,2026-04-13 00:47:00,
P000563,B000412,1,Bank Transfer,3723.39,Failed,2026-04-15 00:20:00,Fraud Check
P000564,B000412,2,Bank Transfer,3723.39,Success,2026-04-15 00:29:24,
P000565,B000413,1,Apple Pay,4469.48,Failed,2026-01-12 00:25:00,Fraud Check
P000566,B000413,2,Digital Wallet,4469.48,Success,2026-01-12 00:39:43,
P000567,B000414,1,Bank Transfer,896.81,Success,2026-01-10 00:57:00,
P000568,B000415,1,Bank Transfer,2015.87,Success,2026-03-03 00:33:00,
P000569,B000416,1,Debit Card,2289.58,Success,2026-03-19 00:20:00,
P000570,B000417,1,Debit Card,4593.69,Success,2026-02-18 00:22:00,
P000571,B000418,1,Debit Card,4802.04,Success,2026-08-24 00:08:00,
P000572,B000419,1,Bank Transfer,1041.71,Success,2025-12-27 00:15:00,
P000573,B000420,1,Credit Card,1035.98,Success,2026-01-03 00:17:00,
P000574,B000421,1,Bank Transfer,4706.88,Success,2026-04-10 00:46:00,
P000575,B000422,1,Credit Card,1830.97,Success,2026-02-04 00:58:00,
P000576,B000423,1,Debit Card,1588.16,Success,2025-12-22 00:49:00,
P000577,B000424,1,Digital Wallet,660.3,Success,2026-07-09 00:17:00,
P000578,B000425,1,Debit Card,1740.18,Failed,2026-05-18 00:13:00,Insufficient Funds
P000579,B000425,2,Credit Card,1740.18,Success,2026-05-18 00:21:51,
P000580,B000426,1,Bank Transfer,3620.87,Success,2026-09-09 00:41:00,
P000581,B000427,1,Bank Transfer,2417.16,Success,2026-08-01 00:23:00,
P000582,B000428,1,Credit Card,2825.92,Success,2025-12-28 00:14:00,
P000583,B000429,1,Debit Card,4627.83,Success,2026-06-12 00:40:00,
P000584,B000430,1,Digital Wallet,1016.1,Success,2026-03-22 00:54:00,
P000585,B000431,1,Bank Transfer,820.58,Success,2026-09-02 00:39:00,
P000586,B000432,1,Apple Pay,4333.69,Failed,2026-08-23 00:21:00,Fraud Check
P000587,B000432,2,Apple Pay,4333.69,Success,2026-08-23 00:28:37,
P000588,B000433,1,Digital Wallet,3986.85,Success,2026-10-07 00:18:00,
P000589,B000434,1,Debit Card,1686.8,Success,2026-03-22 00:29:00,
P000590,B000435,1,Digital Wallet,1959.05,Success,2026-06-27 00:11:00,
P000591,B000436,1,Digital Wallet,1896.25,Success,2026-04-01 00:46:00,
P000592,B000437,1,Apple Pay,3415.14,Success,2025-11-12 00:53:00,
P000593,B000438,1,Debit Card,775.45,Failed,2026-02-10 00:23:00,Technical Error
P000594,B000438,2,Digital Wallet,775.45,Success,2026-02-10 00:33:47,
P000595,B000439,1,Digital Wallet,2702.31,Success,2026-01-13 00:44:00,
P000596,B000440,1,Apple Pay,1102.43,Failed,2025-12-27 00:12:00,Card Declined
P000597,B000440,2,Bank Transfer,1102.43,Success,2025-12-27 00:21:15,
P000598,B000441,1,Bank Transfer,4188.82,Success,2025-12-06 00:06:00,
P000599,B000442,1,Apple Pay,2212.98,Failed,2026-05-09 00:25:00,Insufficient Funds
P000600,B000442,2,Debit Card,2212.98,Success,2026-05-09 00:38:53,
P000601,B000443,1,Debit Card,2874.07,Success,2026-09-16 00:10:00,
P000602,B000444,1,Debit Card,631.93,Failed,2026-11-17 00:21:00,Payment Timeout
P000603,B000444,2,Bank Transfer,631.93,Success,2026-11-17 00:35:32,
P000604,B000445,1,Debit Card,762.19,Success,2026-11-15 00:48:00,
P000605,B000446,1,Debit Card,3537.75,Failed,2026-01-09 00:35:00,Card Declined
P000606,B000446,2,Bank Transfer,3537.75,Success,2026-01-09 00:44:39,
P000607,B000447,1,Bank Transfer,3950.47,Success,2026-01-17 00:16:00,
P000608,B000448,1,Digital Wallet,3695.16,Success,2026-05-19 00:34:00,
P000609,B000449,1,Digital Wallet,3816.58,Success,2026-03-25 00:55:00,
P000610,B000450,1,Bank Transfer,970.79,Success,2025-09-12 01:00:00,
P000611,B000451,1,Digital Wallet,3620.53,Success,2026-02-26 00:34:00,
P000612,B000452,1,Debit Card,1317.86,Success,2026-07-18 00:26:00,
P000613,B000453,1,Bank Transfer,941.07,Failed,2026-07-07 00:57:00,Technical Error
P000614,B000453,2,Credit Card,941.07,Failed,2026-07-07 01:10:43,Technical Error
P000615,B000453,3,Digital Wallet,941.07,Success,2026-07-07 01:13:15,
P000616,B000454,1,Debit Card,3907.22,Success,2026-05-20 00:25:00,
P000617,B000455,1,Bank Transfer,4502.33,Failed,2026-02-28 00:15:00,Payment Timeout
P000618,B000455,2,Bank Transfer,4502.33,Success,2026-02-28 00:25:32,
P000619,B000456,1,Bank Transfer,3725.19,Failed,2026-01-16 00:26:00,Payment Timeout
P000620,B000456,2,Debit Card,3725.19,Success,2026-01-16 00:30:46,
P000621,B000457,1,Debit Card,4125.08,Success,2026-01-27 00:53:00,
P000622,B000458,1,Apple Pay,4959.9,Success,2025-12-03 00:49:00,
P000623,B000459,1,Apple Pay,1106.4,Success,2026-04-09 00:46:00,
P000624,B000460,1,Apple Pay,4843.19,Failed,2026-06-11 00:13:00,Fraud Check
P000625,B000460,2,Debit Card,4843.19,Success,2026-06-11 00:24:11,
P000626,B000461,1,Bank Transfer,3205.39,Success,2026-11-22 00:18:00,
P000627,B000462,1,Credit Card,4159.64,Success,2026-02-03 00:14:00,
P000628,B000463,1,Credit Card,3425.76,Success,2025-10-12 00:58:00,
P000629,B000464,1,Bank Transfer,3065.17,Failed,2026-08-01 00:50:00,Fraud Check
P000630,B000464,2,Credit Card,3065.17,Success,2026-08-01 00:53:12,
P000631,B000465,1,Debit Card,3666.29,Failed,2026-09-08 00:38:00,Fraud Check
P000632,B000465,2,Bank Transfer,3666.29,Success,2026-09-08 00:47:13,
P000633,B000466,1,Bank Transfer,1941.16,Success,2026-03-02 00:16:00,
P000634,B000467,1,Bank Transfer,4659.22,Success,2026-01-22 00:18:00,
P000635,B000468,1,Digital Wallet,1018.82,Success,2025-11-05 00:10:00,
P000636,B000469,1,Bank Transfer,1931.14,Success,2026-05-15 00:06:00,
P000637,B000470,1,Apple Pay,640.23,Success,2026-03-24 00:35:00,
P000638,B000471,1,Debit Card,1720.95,Success,2025-08-30 00:38:00,
P000639,B000472,1,Debit Card,1481.96,Success,2026-07-03 00:15:00,
P000640,B000473,1,Credit Card,723.34,Success,2025-12-11 01:00:00,
P000641,B000474,1,Apple Pay,2712.98,Success,2026-04-08 00:13:00,
P000642,B000475,1,Apple Pay,2608.86,Success,2026-01-08 00:32:00,
P000643,B000476,1,Bank Transfer,849.85,Success,2026-06-16 00:20:00,
P000644,B000477,1,Credit Card,1678.33,Success,2026-03-06 00:08:00,
P000645,B000478,1,Digital Wallet,4789.95,Success,2026-06-10 00:56:00,
P000646,B000479,1,Debit Card,998.31,Success,2026-05-31 00:42:00,
P000647,B000480,1,Digital Wallet,1872.58,Success,2026-07-31 00:56:00,
P000648,B000481,1,Bank Transfer,661.38,Success,2026-06-10 00:31:00,
P000649,B000482,1,Digital Wallet,1169.99,Success,2026-09-22 00:11:00,
P000650,B000483,1,Debit Card,3647.29,Success,2026-04-24 00:09:00,
P000651,B000484,1,Digital Wallet,2150.22,Success,2026-05-12 00:25:00,
P000652,B000485,1,Credit Card,2534.34,Failed,2025-10-03 00:43:00,Fraud Check
P000653,B000485,2,Debit Card,2534.34,Success,2025-10-03 00:48:22,
P000654,B000486,1,Digital Wallet,1206.4,Success,2026-06-06 00:25:00,
P000655,B000487,1,Apple Pay,3569.63,Failed,2026-06-30 00:40:00,Card Declined
P000656,B000487,2,Digital Wallet,3569.63,Failed,2026-06-30 00:52:58,Payment Timeout
P000657,B000487,3,Bank Transfer,3569.63,Success,2026-06-30 01:07:33,
P000658,B000488,1,Credit Card,3881.85,Failed,2026-01-01 00:22:00,Payment Timeout
P000659,B000488,2,Digital Wallet,3881.85,Success,2026-01-01 00:26:38,
P000660,B000489,1,Debit Card,1315.0,Success,2026-03-04 00:25:00,
P000661,B000490,1,Credit Card,702.47,Failed,2026-01-31 00:21:00,Card Declined
P000662,B000490,2,Digital Wallet,702.47,Failed,2026-01-31 00:23:10,Technical Error
P000663,B000490,3,Debit Card,702.47,Success,2026-01-31 00:33:52,
P000664,B000491,1,Digital Wallet,864.24,Success,2025-12-06 00:44:00,
P000665,B000492,1,Credit Card,3456.71,Failed,2026-02-25 00:12:00,Payment Timeout
P000666,B000492,2,Bank Transfer,3456.71,Success,2026-02-25 00:13:24,
P000667,B000493,1,Apple Pay,1109.8,Success,2025-12-12 00:49:00,
P000668,B000494,1,Credit Card,2722.63,Success,2025-10-20 00:48:00,
P000669,B000495,1,Digital Wallet,1186.89,Success,2026-05-23 00:12:00,
P000670,B000496,1,Apple Pay,1265.67,Success,2026-01-20 00:27:00,
P000671,B000497,1,Apple Pay,519.62,Success,2026-07-22 00:55:00,
P000672,B000498,1,Bank Transfer,1943.71,Success,2026-06-29 00:09:00,
P000673,B000499,1,Bank Transfer,904.09,Success,2025-07-27 00:35:00,
P000674,B000500,1,Apple Pay,2272.83,Success,2026-07-25 00:19:00,
P000675,B000501,1,Apple Pay,3190.03,Success,2026-02-05 00:32:00,
P000676,B000502,1,Digital Wallet,2153.89,Success,2026-01-30 00:09:00,
P000677,B000503,1,Debit Card,3672.87,Success,2026-07-10 00:36:00,
P000678,B000504,1,Bank Transfer,3836.53,Success,2026-02-14 00:36:00,
P000679,B000505,1,Credit Card,3634.73,Failed,2026-08-29 00:44:00,Card Declined
P000680,B000505,2,Credit Card,3634.73,Failed,2026-08-29 00:46:11,Payment Timeout
P000681,B000505,3,Bank Transfer,3634.73,Success,2026-08-29 01:00:56,
P000682,B000506,1,Debit Card,4715.21,Failed,2026-07-30 00:59:00,Insufficient Funds
P000683,B000506,2,Bank Transfer,4715.21,Success,2026-07-30 01:03:30,
P000684,B000507,1,Digital Wallet,1567.82,Success,2026-05-15 00:06:00,
P000685,B000508,1,Bank Transfer,1352.55,Success,2026-04-10 00:35:00,
P000686,B000509,1,Credit Card,3243.7,Success,2026-02-01 00:14:00,
P000687,B000510,1,Bank Transfer,3176.95,Failed,2026-02-14 00:29:00,Payment Timeout
P000688,B000510,2,Bank Transfer,3176.95,Success,2026-02-14 00:31:34,
P000689,B000511,1,Bank Transfer,2795.44,Success,2025-09-30 00:25:00,
P000690,B000512,1,Credit Card,519.59,Success,2026-02-05 00:50:00,
P000691,B000513,1,Debit Card,2998.57,Success,2026-04-02 00:39:00,
P000692,B000514,1,Credit Card,4697.59,Failed,2026-02-01 00:53:00,Technical Error
P000693,B000514,2,Digital Wallet,4697.59,Failed,2026-02-01 00:55:56,Fraud Check
P000694,B000514,3,Bank Transfer,4697.59,Success,2026-02-01 01:10:26,
P000695,B000515,1,Apple Pay,2005.6,Success,2026-02-21 00:26:00,
P000696,B000516,1,Digital Wallet,4854.2,Success,2026-01-12 00:32:00,
P000697,B000517,1,Digital Wallet,2105.41,Success,2026-06-18 00:06:00,
P000698,B000518,1,Apple Pay,1129.35,Success,2026-01-22 00:56:00,
P000699,B000519,1,Digital Wallet,2292.82,Failed,2026-10-17 00:27:00,Technical Error
P000700,B000519,2,Digital Wallet,2292.82,Success,2026-10-17 00:38:31,
P000701,B000520,1,Apple Pay,2725.75,Success,2026-02-08 01:00:00,
P000702,B000521,1,Digital Wallet,3332.59,Success,2026-06-24 00:23:00,
P000703,B000522,1,Credit Card,2771.95,Success,2025-11-19 00:48:00,
P000704,B000523,1,Credit Card,2915.23,Failed,2025-12-23 00:46:00,Insufficient Funds
P000705,B000523,2,Apple Pay,2915.23,Success,2025-12-23 00:51:53,
P000706,B000524,1,Debit Card,608.3,Failed,2025-12-19 00:36:00,Insufficient Funds
P000707,B000524,2,Debit Card,608.3,Success,2025-12-19 00:45:52,
P000708,B000525,1,Apple Pay,1641.29,Success,2026-11-18 00:50:00,
P000709,B000526,1,Digital Wallet,1898.13,Success,2026-11-27 00:45:00,
P000710,B000527,1,Debit Card,4941.9,Success,2026-09-21 00:40:00,
P000711,B000528,1,Debit Card,1830.05,Failed,2025-12-14 00:21:00,Card Declined
P000712,B000528,2,Apple Pay,1830.05,Success,2025-12-14 00:32:29,
P000713,B000529,1,Debit Card,4534.6,Failed,2026-07-23 00:23:00,Fraud Check
P000714,B000529,2,Bank Transfer,4534.6,Success,2026-07-23 00:36:13,
P000715,B000530,1,Apple Pay,1871.31,Success,2025-10-12 00:28:00,
P000716,B000531,1,Digital Wallet,932.5,Success,2026-03-23 00:42:00,
P000717,B000532,1,Digital Wallet,1614.28,Success,2026-03-29 00:43:00,
P000718,B000533,1,Bank Transfer,1727.73,Success,2026-02-20 00:50:00,
P000719,B000534,1,Bank Transfer,4902.12,Success,2026-10-28 00:49:00,
P000720,B000535,1,Bank Transfer,3534.31,Success,2026-06-10 00:11:00,
P000721,B000536,1,Digital Wallet,4692.56,Success,2026-04-20 00:07:00,
P000722,B000537,1,Bank Transfer,4257.48,Success,2026-05-02 00:59:00,
P000723,B000538,1,Debit Card,3103.69,Success,2026-08-29 00:28:00,
P000724,B000539,1,Bank Transfer,3539.25,Success,2026-03-01 00:23:00,
P000725,B000540,1,Digital Wallet,3311.77,Failed,2026-02-25 00:50:00,Payment Timeout
P000726,B000540,2,Debit Card,3311.77,Success,2026-02-25 01:04:21,
P000727,B000541,1,Bank Transfer,3498.18,Success,2026-04-19 00:35:00,
P000728,B000542,1,Digital Wallet,1691.48,Success,2026-07-02 00:52:00,
P000729,B000543,1,Credit Card,2336.56,Success,2026-05-05 00:59:00,
P000730,B000544,1,Bank Transfer,3166.77,Success,2025-08-29 00:22:00,
P000731,B000545,1,Apple Pay,661.68,Success,2026-02-22 00:32:00,
P000732,B000546,1,Credit Card,2672.76,Failed,2026-02-09 00:58:00,Fraud Check
P000733,B000546,2,Bank Transfer,2672.76,Failed,2026-02-09 01:04:26,Technical Error
P000734,B000546,3,Bank Transfer,2672.76,Success,2026-02-09 01:16:23,
P000735,B000547,1,Debit Card,4368.77,Success,2026-08-08 00:13:00,
P000736,B000548,1,Digital Wallet,2715.65,Success,2026-06-24 00:56:00,
P000737,B000549,1,Digital Wallet,2985.46,Failed,2025-10-14 00:47:00,Card Declined
P000738,B000549,2,Apple Pay,2985.46,Success,2025-10-14 00:48:15,
P000739,B000550,1,Apple Pay,1408.57,Success,2026-08-25 00:57:00,
P000740,B000551,1,Debit Card,4074.55,Success,2026-04-05 00:50:00,
P000741,B000552,1,Credit Card,2114.95,Failed,2026-01-30 00:41:00,Technical Error
P000742,B000552,2,Bank Transfer,2114.95,Failed,2026-01-30 00:51:30,Fraud Check
P000743,B000552,3,Bank Transfer,2114.95,Success,2026-01-30 01:01:45,
P000744,B000553,1,Debit Card,4804.64,Success,2026-02-17 00:43:00,
P000745,B000554,1,Bank Transfer,4971.72,Failed,2025-10-03 00:40:00,Card Declined
P000746,B000554,2,Bank Transfer,4971.72,Failed,2025-10-03 00:52:53,Card Declined
P000747,B000554,3,Bank Transfer,4971.72,Success,2025-10-03 01:02:26,
P000748,B000555,1,Bank Transfer,4622.0,Success,2026-04-06 00:28:00,
P000749,B000556,1,Bank Transfer,881.95,Success,2025-11-08 00:26:00,
P000750,B000557,1,Bank Transfer,1999.32,Success,2026-07-25 00:59:00,
P000751,B000558,1,Credit Card,4753.12,Failed,2026-06-05 00:20:00,Insufficient Funds
P000752,B000558,2,Credit Card,4753.12,Failed,2026-06-05 00:26:22,Technical Error
P000753,B000558,3,Apple Pay,4753.12,Success,2026-06-05 00:31:16,
P000754,B000559,1,Credit Card,4120.4,Success,2026-03-17 00:47:00,
P000755,B000560,1,Credit Card,4600.33,Success,2026-04-08 00:54:00,
P000756,B000561,1,Apple Pay,3076.49,Failed,2025-12-23 00:19:00,Insufficient Funds
P000757,B000561,2,Digital Wallet,3076.49,Success,2025-12-23 00:27:29,
P000758,B000562,1,Credit Card,2661.79,Success,2026-04-06 00:48:00,
P000759,B000563,1,Debit Card,979.23,Success,2026-03-13 00:25:00,
P000760,B000564,1,Debit Card,4277.62,Success,2026-06-21 00:27:00,
P000761,B000565,1,Apple Pay,3853.14,Success,2025-11-20 00:53:00,
P000762,B000566,1,Bank Transfer,764.94,Success,2026-05-17 00:25:00,
P000763,B000567,1,Credit Card,1442.37,Success,2026-05-02 00:45:00,
P000764,B000568,1,Debit Card,3007.75,Success,2026-01-19 00:08:00,
P000765,B000569,1,Credit Card,3579.81,Success,2026-11-16 00:26:00,
P000766,B000570,1,Bank Transfer,1119.52,Success,2026-10-12 00:38:00,
P000767,B000571,1,Credit Card,1601.71,Success,2026-08-07 00:45:00,
P000768,B000572,1,Debit Card,1369.0,Success,2026-11-18 00:10:00,
P000769,B000573,1,Digital Wallet,1489.99,Success,2026-07-30 00:25:00,
P000770,B000574,1,Debit Card,4643.21,Failed,2026-06-20 00:06:00,Insufficient Funds
P000771,B000574,2,Bank Transfer,4643.21,Failed,2026-06-20 00:09:25,Fraud Check
P000772,B000574,3,Bank Transfer,4643.21,Success,2026-06-20 00:17:58,
P000773,B000575,1,Apple Pay,3721.19,Success,2026-07-29 00:39:00,
P000774,B000576,1,Bank Transfer,3816.98,Failed,2026-06-25 00:11:00,Fraud Check
P000775,B000576,2,Bank Transfer,3816.98,Success,2026-06-25 00:15:35,
P000776,B000577,1,Digital Wallet,4072.98,Success,2026-07-25 01:00:00,
P000777,B000578,1,Bank Transfer,2104.58,Success,2026-09-08 00:56:00,
P000778,B000579,1,Debit Card,3952.33,Success,2025-11-11 00:45:00,
P000779,B000580,1,Apple Pay,4902.86,Failed,2025-11-09 00:06:00,Card Declined
P000780,B000580,2,Credit Card,4902.86,Success,2025-11-09 00:18:17,
P000781,B000581,1,Bank Transfer,3642.77,Success,2026-01-30 00:39:00,
P000782,B000582,1,Apple Pay,2375.39,Success,2026-07-28 00:54:00,
P000783,B000583,1,Debit Card,3723.62,Failed,2025-09-16 01:00:00,Technical Error
P000784,B000583,2,Bank Transfer,3723.62,Failed,2025-09-16 01:08:17,Technical Error
P000785,B000583,3,Digital Wallet,3723.62,Success,2025-09-16 01:13:07,
P000786,B000584,1,Credit Card,4553.58,Success,2025-11-25 00:59:00,
P000787,B000585,1,Debit Card,1079.43,Success,2025-12-03 00:52:00,
P000788,B000586,1,Bank Transfer,1693.83,Success,2026-01-11 00:24:00,
P000789,B000587,1,Apple Pay,4636.83,Success,2026-12-05 00:20:00,
P000790,B000588,1,Debit Card,4758.05,Success,2026-03-05 00:31:00,
P000791,B000589,1,Credit Card,2678.63,Success,2025-08-14 00:42:00,
P000792,B000590,1,Digital Wallet,2185.48,Success,2026-05-14 00:59:00,
P000793,B000591,1,Apple Pay,1772.52,Success,2026-09-13 00:52:00,
P000794,B000592,1,Apple Pay,2744.38,Success,2025-12-13 00:34:00,
P000795,B000593,1,Digital Wallet,4705.39,Failed,2026-04-24 00:50:00,Card Declined
P000796,B000593,2,Debit Card,4705.39,Failed,2026-04-24 01:04:30,Fraud Check
P000797,B000593,3,Debit Card,4705.39,Success,2026-04-24 01:16:43,
P000798,B000594,1,Apple Pay,1174.14,Success,2026-06-05 00:59:00,
P000799,B000595,1,Credit Card,2389.24,Success,2025-11-09 00:07:00,
P000800,B000596,1,Debit Card,4602.24,Success,2026-05-29 00:24:00,
P000801,B000597,1,Apple Pay,2071.04,Success,2026-11-03 00:09:00,
P000802,B000598,1,Credit Card,3956.37,Success,2026-07-27 00:33:00,
P000803,B000599,1,Bank Transfer,2251.67,Failed,2026-03-27 00:23:00,Technical Error
P000804,B000599,2,Bank Transfer,2251.67,Success,2026-03-27 00:25:20,
P000805,B000600,1,Debit Card,4122.17,Success,2025-11-08 00:25:00,
P000806,B000601,1,Digital Wallet,4914.51,Failed,2026-05-17 00:34:00,Insufficient Funds
P000807,B000601,2,Credit Card,4914.51,Failed,2026-05-17 00:42:37,Insufficient Funds
P000808,B000601,3,Bank Transfer,4914.51,Success,2026-05-17 00:46:07,
P000809,B000602,1,Apple Pay,2245.2,Failed,2026-03-08 00:22:00,Insufficient Funds
P000810,B000602,2,Digital Wallet,2245.2,Failed,2026-03-08 00:28:32,Card Declined
P000811,B000602,3,Apple Pay,2245.2,Success,2026-03-08 00:40:25,
P000812,B000603,1,Digital Wallet,4302.94,Success,2026-07-13 00:24:00,
P000813,B000604,1,Apple Pay,4947.88,Success,2025-07-25 00:06:00,
P000814,B000605,1,Credit Card,4927.24,Success,2025-08-09 00:32:00,
P000815,B000606,1,Apple Pay,2451.97,Success,2026-05-23 00:05:00,
P000816,B000607,1,Digital Wallet,2685.93,Success,2026-08-15 00:29:00,
P000817,B000608,1,Digital Wallet,1865.31,Success,2026-09-06 00:57:00,
P000818,B000609,1,Bank Transfer,1913.08,Success,2025-12-10 00:18:00,
P000819,B000610,1,Digital Wallet,2716.12,Failed,2025-09-21 00:39:00,Technical Error
P000820,B000610,2,Credit Card,2716.12,Failed,2025-09-21 00:41:24,Payment Timeout
P000821,B000610,3,Apple Pay,2716.12,Success,2025-09-21 00:52:39,
P000822,B000611,1,Debit Card,1402.33,Success,2026-03-03 00:31:00,
P000823,B000612,1,Bank Transfer,3700.05,Success,2026-07-22 00:42:00,
P000824,B000613,1,Apple Pay,2913.39,Success,2026-05-09 00:39:00,
P000825,B000614,1,Credit Card,4541.31,Failed,2026-09-10 00:24:00,Card Declined
P000826,B000614,2,Debit Card,4541.31,Success,2026-09-10 00:32:49,
P000827,B000615,1,Apple Pay,4147.62,Failed,2026-04-04 00:23:00,Payment Timeout
P000828,B000615,2,Credit Card,4147.62,Success,2026-04-04 00:26:51,
P000829,B000616,1,Apple Pay,1951.12,Failed,2025-12-22 00:18:00,Card Declined
P000830,B000616,2,Digital Wallet,1951.12,Failed,2025-12-22 00:22:28,Fraud Check
P000831,B000616,3,Credit Card,1951.12,Success,2025-12-22 00:31:13,
P000832,B000617,1,Bank Transfer,2776.12,Success,2026-06-19 00:37:00,
P000833,B000618,1,Digital Wallet,3877.32,Success,2026-10-24 00:15:00,
P000834,B000619,1,Credit Card,1369.4,Success,2026-10-15 00:18:00,
P000835,B000620,1,Bank Transfer,642.19,Success,2025-11-12 00:08:00,
P000836,B000621,1,Digital Wallet,4335.37,Failed,2026-02-10 00:50:00,Card Declined
P000837,B000621,2,Bank Transfer,4335.37,Success,2026-02-10 01:04:58,
P000838,B000622,1,Debit Card,1118.98,Success,2026-05-13 00:50:00,
P000839,B000623,1,Digital Wallet,4502.35,Success,2026-03-09 00:25:00,
P000840,B000624,1,Apple Pay,4611.24,Success,2026-01-29 00:41:00,
P000841,B000625,1,Digital Wallet,2573.15,Success,2026-05-28 00:57:00,
P000842,B000626,1,Bank Transfer,4130.52,Success,2026-03-13 00:13:00,
P000843,B000627,1,Digital Wallet,2134.36,Failed,2026-01-27 00:36:00,Card Declined
P000844,B000627,2,Bank Transfer,2134.36,Success,2026-01-27 00:44:32,
P000845,B000628,1,Apple Pay,4362.19,Failed,2026-05-05 00:19:00,Card Declined
P000846,B000628,2,Digital Wallet,4362.19,Success,2026-05-05 00:23:35,
P000847,B000629,1,Apple Pay,4211.07,Success,2026-04-01 00:25:00,
P000848,B000630,1,Apple Pay,853.33,Success,2026-05-30 00:33:00,
P000849,B000631,1,Bank Transfer,3121.71,Success,2026-02-15 00:11:00,
P000850,B000632,1,Bank Transfer,3380.0,Success,2026-07-20 00:26:00,
P000851,B000633,1,Bank Transfer,503.86,Success,2026-05-02 00:26:00,
P000852,B000634,1,Credit Card,4909.63,Failed,2026-06-21 00:59:00,Card Declined
P000853,B000634,2,Credit Card,4909.63,Success,2026-06-21 01:06:17,
P000854,B000635,1,Debit Card,2329.55,Success,2026-12-12 00:16:00,
P000855,B000636,1,Credit Card,2828.04,Failed,2026-06-10 00:46:00,Card Declined
P000856,B000636,2,Credit Card,2828.04,Success,2026-06-10 00:59:38,
P000857,B000637,1,Apple Pay,1376.62,Success,2026-04-28 00:18:00,
P000858,B000638,1,Credit Card,3249.13,Success,2026-04-05 00:24:00,
P000859,B000639,1,Credit Card,4147.79,Success,2025-10-03 00:42:00,
P000860,B000640,1,Apple Pay,3136.52,Success,2026-08-20 00:12:00,
P000861,B000641,1,Digital Wallet,4046.16,Failed,2026-02-21 00:43:00,Fraud Check
P000862,B000641,2,Debit Card,4046.16,Success,2026-02-21 00:57:58,
P000863,B000642,1,Credit Card,3789.99,Success,2026-07-06 00:45:00,
P000864,B000643,1,Apple Pay,1569.46,Failed,2026-05-03 00:21:00,Fraud Check
P000865,B000643,2,Credit Card,1569.46,Success,2026-05-03 00:28:48,
P000866,B000644,1,Apple Pay,2461.16,Success,2025-12-17 00:15:00,
P000867,B000645,1,Digital Wallet,1168.82,Success,2026-01-17 00:50:00,
P000868,B000646,1,Apple Pay,688.71,Success,2026-07-19 00:48:00,
P000869,B000647,1,Digital Wallet,783.81,Success,2026-01-10 00:12:00,
P000870,B000648,1,Digital Wallet,4741.25,Success,2026-11-09 00:16:00,
P000871,B000649,1,Debit Card,4930.42,Success,2026-08-26 00:49:00,
P000872,B000650,1,Apple Pay,927.4,Failed,2026-09-27 00:12:00,Card Declined
P000873,B000650,2,Credit Card,927.4,Failed,2026-09-27 00:19:55,Fraud Check
P000874,B000650,3,Debit Card,927.4,Success,2026-09-27 00:24:51,
P000875,B000651,1,Credit Card,2008.37,Success,2026-01-20 00:08:00,
P000876,B000652,1,Digital Wallet,1014.89,Success,2025-10-03 00:22:00,
P000877,B000653,1,Bank Transfer,4254.03,Success,2026-03-12 00:32:00,
P000878,B000654,1,Debit Card,2733.34,Failed,2026-02-17 00:55:00,Card Declined
P000879,B000654,2,Debit Card,2733.34,Success,2026-02-17 01:04:38,
P000880,B000655,1,Digital Wallet,3295.68,Success,2026-05-24 00:15:00,
P000881,B000656,1,Apple Pay,2929.6,Success,2026-07-27 00:22:00,
P000882,B000657,1,Bank Transfer,3696.14,Failed,2026-11-04 00:32:00,Payment Timeout
P000883,B000657,2,Digital Wallet,3696.14,Success,2026-11-04 00:43:15,
P000884,B000658,1,Credit Card,1936.1,Failed,2026-07-14 00:20:00,Insufficient Funds
P000885,B000658,2,Bank Transfer,1936.1,Success,2026-07-14 00:34:50,
P000886,B000659,1,Digital Wallet,1118.72,Success,2026-05-19 00:05:00,
P000887,B000660,1,Digital Wallet,579.29,Success,2026-11-11 00:41:00,
P000888,B000661,1,Bank Transfer,2505.62,Failed,2026-10-28 00:29:00,Card Declined
P000889,B000661,2,Apple Pay,2505.62,Success,2026-10-28 00:35:30,
P000890,B000662,1,Digital Wallet,4585.25,Success,2026-09-03 00:39:00,
P000891,B000663,1,Debit Card,1873.7,Success,2025-12-31 00:57:00,
P000892,B000664,1,Debit Card,1381.81,Success,2026-07-24 00:48:00,
P000893,B000665,1,Bank Transfer,4667.19,Success,2026-05-28 00:07:00,
P000894,B000666,1,Apple Pay,974.52,Success,2026-01-30 00:45:00,
P000895,B000667,1,Bank Transfer,733.1,Success,2026-01-07 00:58:00,
P000896,B000668,1,Debit Card,4457.36,Success,2026-07-12 00:28:00,
P000897,B000669,1,Bank Transfer,3654.09,Success,2026-04-26 00:41:00,
P000898,B000670,1,Credit Card,2399.31,Success,2026-10-24 00:05:00,
P000899,B000671,1,Debit Card,3885.55,Failed,2025-12-23 00:14:00,Technical Error
P000900,B000671,2,Apple Pay,3885.55,Success,2025-12-23 00:17:37,
P000901,B000672,1,Apple Pay,3836.48,Success,2026-07-08 00:31:00,
P000902,B000673,1,Digital Wallet,680.27,Success,2026-08-05 00:42:00,
P000903,B000674,1,Bank Transfer,3543.11,Success,2026-01-15 00:52:00,
P000904,B000675,1,Credit Card,3383.93,Success,2026-03-24 00:42:00,
P000905,B000676,1,Digital Wallet,4837.01,Success,2026-03-13 00:53:00,
P000906,B000677,1,Apple Pay,4849.8,Failed,2025-10-06 00:28:00,Payment Timeout
P000907,B000677,2,Bank Transfer,4849.8,Success,2025-10-06 00:41:20,
P000908,B000678,1,Apple Pay,2200.1,Success,2026-09-05 00:50:00,
P000909,B000679,1,Apple Pay,3154.29,Success,2026-08-17 00:46:00,
P000910,B000680,1,Digital Wallet,1136.11,Success,2026-02-02 00:19:00,
P000911,B000681,1,Debit Card,799.05,Success,2026-06-14 00:41:00,
P000912,B000682,1,Bank Transfer,2447.51,Success,2026-05-06 00:46:00,
P000913,B000683,1,Bank Transfer,3604.47,Success,2026-01-23 00:27:00,
P000914,B000684,1,Apple Pay,3054.93,Failed,2026-05-23 00:33:00,Fraud Check
P000915,B000684,2,Bank Transfer,3054.93,Success,2026-05-23 00:47:56,
P000916,B000685,1,Bank Transfer,2433.46,Success,2026-07-31 00:36:00,
P000917,B000686,1,Digital Wallet,4181.51,Failed,2025-12-11 00:17:00,Insufficient Funds
P000918,B000686,2,Apple Pay,4181.51,Success,2025-12-11 00:22:31,
P000919,B000687,1,Apple Pay,4074.92,Failed,2025-12-23 00:38:00,Fraud Check
P000920,B000687,2,Bank Transfer,4074.92,Success,2025-12-23 00:43:58,
P000921,B000688,1,Bank Transfer,3793.74,Success,2026-07-28 00:15:00,
P000922,B000689,1,Digital Wallet,846.65,Success,2025-10-12 00:32:00,
P000923,B000690,1,Debit Card,4084.11,Success,2026-01-09 00:51:00,
P000924,B000691,1,Digital Wallet,4637.4,Success,2026-04-12 00:55:00,
P000925,B000692,1,Debit Card,767.49,Failed,2026-07-15 00:44:00,Card Declined
P000926,B000692,2,Bank Transfer,767.49,Failed,2026-07-15 00:49:28,Fraud Check
P000927,B000692,3,Digital Wallet,767.49,Success,2026-07-15 00:50:42,
P000928,B000693,1,Apple Pay,2307.52,Success,2026-09-10 00:23:00,
P000929,B000694,1,Digital Wallet,4947.6,Failed,2026-05-22 00:49:00,Technical Error
P000930,B000694,2,Digital Wallet,4947.6,Failed,2026-05-22 00:56:20,Technical Error
P000931,B000694,3,Bank Transfer,4947.6,Success,2026-05-22 01:04:46,
P000932,B000695,1,Credit Card,3196.57,Success,2026-06-09 00:16:00,
P000933,B000696,1,Bank Transfer,2811.1,Failed,2026-09-26 00:48:00,Technical Error
P000934,B000696,2,Debit Card,2811.1,Success,2026-09-26 00:54:41,
P000935,B000697,1,Credit Card,1298.51,Success,2026-08-13 00:15:00,
P000936,B000698,1,Apple Pay,3044.69,Success,2026-02-27 00:27:00,
P000937,B000699,1,Debit Card,2475.69,Success,2025-11-04 00:55:00,
P000938,B000700,1,Apple Pay,1073.49,Success,2026-08-28 00:57:00,
P000939,B000701,1,Bank Transfer,2589.5,Success,2025-12-10 00:55:00,
P000940,B000702,1,Digital Wallet,1239.8,Failed,2026-04-27 00:13:00,Technical Error
P000941,B000702,2,Credit Card,1239.8,Success,2026-04-27 00:14:26,
P000942,B000703,1,Apple Pay,3787.99,Success,2026-11-09 00:12:00,
P000943,B000704,1,Apple Pay,4881.42,Success,2026-03-28 00:07:00,
P000944,B000705,1,Digital Wallet,2613.1,Success,2025-10-15 00:51:00,
P000945,B000706,1,Apple Pay,3345.66,Failed,2026-02-26 00:36:00,Fraud Check
P000946,B000706,2,Debit Card,3345.66,Success,2026-02-26 00:42:12,
P000947,B000707,1,Bank Transfer,2439.39,Success,2026-05-10 00:25:00,
P000948,B000708,1,Apple Pay,1123.04,Failed,2026-05-06 01:00:00,Card Declined
P000949,B000708,2,Debit Card,1123.04,Success,2026-05-06 01:02:28,
P000950,B000709,1,Credit Card,4867.5,Failed,2026-07-20 00:11:00,Payment Timeout
P000951,B000709,2,Digital Wallet,4867.5,Success,2026-07-20 00:20:45,
P000952,B000710,1,Digital Wallet,1083.1,Success,2026-06-14 00:41:00,
P000953,B000711,1,Bank Transfer,1002.32,Failed,2026-08-08 00:13:00,Card Declined
P000954,B000711,2,Debit Card,1002.32,Failed,2026-08-08 00:15:44,Card Declined
P000955,B000711,3,Bank Transfer,1002.32,Success,2026-08-08 00:30:39,
P000956,B000712,1,Apple Pay,2566.28,Success,2026-01-26 00:42:00,
P000957,B000713,1,Bank Transfer,3464.99,Success,2026-11-15 00:07:00,
P000958,B000714,1,Debit Card,2097.15,Success,2026-03-14 00:36:00,
P000959,B000715,1,Apple Pay,1366.33,Success,2025-11-30 00:23:00,
P000960,B000716,1,Debit Card,4185.34,Failed,2025-12-29 00:21:00,Insufficient Funds
P000961,B000716,2,Bank Transfer,4185.34,Success,2025-12-29 00:27:25,
P000962,B000717,1,Digital Wallet,2133.96,Success,2025-12-25 00:30:00,
P000963,B000718,1,Bank Transfer,1374.44,Success,2026-01-17 00:35:00,
P000964,B000719,1,Digital Wallet,2142.88,Failed,2026-02-01 00:27:00,Payment Timeout
P000965,B000719,2,Credit Card,2142.88,Success,2026-02-01 00:32:48,
P000966,B000720,1,Digital Wallet,1465.49,Success,2026-06-10 00:34:00,
P000967,B000721,1,Digital Wallet,2837.51,Success,2025-10-25 00:23:00,
P000968,B000722,1,Credit Card,3507.3,Success,2026-07-25 00:29:00,
P000969,B000723,1,Debit Card,4098.01,Success,2026-03-10 00:36:00,
P000970,B000724,1,Bank Transfer,1524.03,Success,2025-10-24 00:12:00,
P000971,B000725,1,Debit Card,1251.29,Success,2026-01-27 00:54:00,
P000972,B000726,1,Digital Wallet,588.22,Success,2026-06-11 00:56:00,
P000973,B000727,1,Apple Pay,1526.39,Failed,2026-08-30 00:08:00,Fraud Check
P000974,B000727,2,Debit Card,1526.39,Success,2026-08-30 00:16:32,
P000975,B000728,1,Debit Card,607.57,Success,2026-03-30 00:35:00,
P000976,B000729,1,Apple Pay,2054.63,Success,2026-09-01 00:38:00,
P000977,B000730,1,Credit Card,1155.62,Success,2025-11-21 00:53:00,
P000978,B000731,1,Debit Card,3109.53,Success,2026-02-25 00:33:00,
P000979,B000732,1,Credit Card,2226.77,Success,2025-12-02 00:26:00,
P000980,B000733,1,Credit Card,921.13,Success,2026-06-17 00:54:00,
P000981,B000734,1,Credit Card,2299.4,Success,2026-07-06 00:48:00,
P000982,B000735,1,Apple Pay,1442.07,Success,2026-03-12 00:32:00,
P000983,B000736,1,Debit Card,3560.8,Failed,2026-05-21 00:13:00,Payment Timeout
P000984,B000736,2,Bank Transfer,3560.8,Success,2026-05-21 00:17:53,
P000985,B000737,1,Bank Transfer,2139.96,Failed,2026-01-29 00:23:00,Card Declined
P000986,B000737,2,Debit Card,2139.96,Failed,2026-01-29 00:24:46,Insufficient Funds
P000987,B000737,3,Bank Transfer,2139.96,Success,2026-01-29 00:26:24,
P000988,B000738,1,Debit Card,1161.64,Success,2026-02-18 01:00:00,
P000989,B000739,1,Digital Wallet,2073.21,Success,2026-02-14 00:25:00,
P000990,B000740,1,Apple Pay,1509.7,Failed,2026-08-09 00:28:00,Technical Error
P000991,B000740,2,Credit Card,1509.7,Success,2026-08-09 00:32:26,
P000992,B000741,1,Bank Transfer,4081.01,Success,2026-06-11 00:25:00,
P000993,B000742,1,Digital Wallet,4925.15,Failed,2026-07-19 00:46:00,Card Declined
P000994,B000742,2,Bank Transfer,4925.15,Success,2026-07-19 00:53:57,
P000995,B000743,1,Apple Pay,614.71,Failed,2026-01-06 00:52:00,Insufficient Funds
P000996,B000743,2,Bank Transfer,614.71,Success,2026-01-06 01:01:53,
P000997,B000744,1,Bank Transfer,3605.09,Failed,2026-03-23 00:41:00,Fraud Check
P000998,B000744,2,Credit Card,3605.09,Success,2026-03-23 00:43:40,
P000999,B000745,1,Credit Card,1687.81,Success,2026-05-04 00:15:00,
P001000,B000746,1,Credit Card,798.84,Failed,2025-12-26 00:49:00,Insufficient Funds
P001001,B000746,2,Debit Card,798.84,Failed,2025-12-26 00:57:33,Technical Error
P001002,B000746,3,Bank Transfer,798.84,Success,2025-12-26 01:09:45,
P001003,B000747,1,Credit Card,564.58,Success,2026-01-06 00:32:00,
P001004,B000748,1,Credit Card,4464.54,Failed,2025-10-04 00:39:00,Fraud Check
P001005,B000748,2,Debit Card,4464.54,Success,2025-10-04 00:45:58,
P001006,B000749,1,Digital Wallet,2091.23,Success,2026-01-25 00:51:00,
P001007,B000750,1,Digital Wallet,4975.45,Success,2026-03-13 00:17:00,
P001008,B000751,1,Debit Card,2490.7,Failed,2026-07-23 00:21:00,Technical Error
P001009,B000751,2,Credit Card,2490.7,Failed,2026-07-23 00:30:44,Payment Timeout
P001010,B000751,3,Bank Transfer,2490.7,Success,2026-07-23 00:37:05,
P001011,B000752,1,Credit Card,1344.19,Success,2026-02-22 00:47:00,
P001012,B000753,1,Bank Transfer,3997.15,Failed,2026-11-22 00:42:00,Card Declined
P001013,B000753,2,Bank Transfer,3997.15,Success,2026-11-22 00:43:37,
P001014,B000754,1,Apple Pay,4669.21,Failed,2026-03-12 00:57:00,Insufficient Funds
P001015,B000754,2,Credit Card,4669.21,Success,2026-03-12 01:11:56,
P001016,B000755,1,Digital Wallet,4170.29,Success,2026-01-04 00:10:00,
P001017,B000756,1,Debit Card,3853.4,Success,2026-08-19 00:59:00,
P001018,B000757,1,Apple Pay,2006.15,Success,2025-12-15 00:16:00,
P001019,B000758,1,Bank Transfer,790.21,Success,2026-09-01 00:17:00,
P001020,B000759,1,Credit Card,1405.85,Failed,2025-11-08 00:15:00,Card Declined
P001021,B000759,2,Apple Pay,1405.85,Success,2025-11-08 00:28:17,
P001022,B000760,1,Digital Wallet,2510.65,Success,2026-11-27 00:07:00,
P001023,B000761,1,Debit Card,4802.9,Success,2026-01-14 00:38:00,
P001024,B000762,1,Bank Transfer,3752.84,Success,2026-11-23 00:19:00,
P001025,B000763,1,Bank Transfer,4227.27,Success,2026-04-27 00:30:00,
P001026,B000764,1,Debit Card,1747.82,Failed,2026-02-24 00:09:00,Technical Error
P001027,B000764,2,Credit Card,1747.82,Failed,2026-02-24 00:21:20,Card Declined
P001028,B000764,3,Debit Card,1747.82,Success,2026-02-24 00:33:55,
P001029,B000765,1,Apple Pay,3577.2,Failed,2026-09-11 00:49:00,Payment Timeout
P001030,B000765,2,Bank Transfer,3577.2,Failed,2026-09-11 00:54:22,Technical Error
P001031,B000765,3,Credit Card,3577.2,Success,2026-09-11 01:05:42,
P001032,B000766,1,Bank Transfer,4380.97,Success,2025-12-28 00:56:00,
P001033,B000767,1,Credit Card,2657.35,Success,2026-06-21 00:35:00,
P001034,B000768,1,Credit Card,2434.51,Success,2025-10-21 00:30:00,
P001035,B000769,1,Credit Card,3737.32,Failed,2026-02-18 00:45:00,Payment Timeout
P001036,B000769,2,Apple Pay,3737.32,Success,2026-02-18 00:51:59,
P001037,B000770,1,Debit Card,3019.6,Failed,2026-01-11 00:25:00,Fraud Check
P001038,B000770,2,Digital Wallet,3019.6,Success,2026-01-11 00:35:23,
P001039,B000771,1,Digital Wallet,4969.27,Success,2026-06-21 00:07:00,
P001040,B000772,1,Apple Pay,2412.96,Success,2026-08-04 00:49:00,
P001041,B000773,1,Apple Pay,1291.74,Success,2026-04-09 00:21:00,
P001042,B000774,1,Credit Card,2623.71,Failed,2026-11-04 00:32:00,Technical Error
P001043,B000774,2,Bank Transfer,2623.71,Failed,2026-11-04 00:36:25,Payment Timeout
P001044,B000774,3,Apple Pay,2623.71,Success,2026-11-04 00:45:22,
P001045,B000775,1,Credit Card,1558.42,Failed,2025-12-13 00:15:00,Fraud Check
P001046,B000775,2,Debit Card,1558.42,Success,2025-12-13 00:18:27,
P001047,B000776,1,Apple Pay,3025.64,Failed,2026-01-18 00:55:00,Fraud Check
P001048,B000776,2,Apple Pay,3025.64,Success,2026-01-18 00:56:43,
P001049,B000777,1,Debit Card,1066.09,Success,2026-01-02 00:20:00,
P001050,B000778,1,Credit Card,4774.89,Failed,2026-05-10 00:46:00,Technical Error
P001051,B000778,2,Credit Card,4774.89,Success,2026-05-10 00:53:52,
P001052,B000779,1,Debit Card,4369.2,Success,2025-09-04 00:28:00,
P001053,B000780,1,Debit Card,1200.04,Failed,2026-04-18 00:13:00,Fraud Check
P001054,B000780,2,Bank Transfer,1200.04,Success,2026-04-18 00:18:45,
P001055,B000781,1,Debit Card,1275.77,Failed,2026-03-28 00:47:00,Fraud Check
P001056,B000781,2,Apple Pay,1275.77,Success,2026-03-28 00:49:49,
P001057,B000782,1,Credit Card,2805.97,Success,2026-08-08 00:31:00,
P001058,B000783,1,Digital Wallet,3977.97,Success,2026-10-29 00:48:00,
P001059,B000784,1,Credit Card,1485.86,Success,2026-09-17 00:40:00,
P001060,B000785,1,Apple Pay,774.37,Success,2026-01-09 00:59:00,
P001061,B000786,1,Credit Card,2954.9,Failed,2026-10-04 00:29:00,Fraud Check
P001062,B000786,2,Bank Transfer,2954.9,Success,2026-10-04 00:33:12,
P001063,B000787,1,Debit Card,3612.19,Failed,2026-08-22 00:53:00,Payment Timeout
P001064,B000787,2,Digital Wallet,3612.19,Failed,2026-08-22 00:54:23,Insufficient Funds
P001065,B000787,3,Digital Wallet,3612.19,Success,2026-08-22 00:59:01,
P001066,B000788,1,Credit Card,1599.64,Success,2025-12-25 00:08:00,
P001067,B000789,1,Digital Wallet,3828.96,Success,2026-08-19 00:30:00,
P001068,B000790,1,Credit Card,4777.9,Failed,2025-12-14 00:15:00,Card Declined
P001069,B000790,2,Credit Card,4777.9,Success,2025-12-14 00:25:14,
P001070,B000791,1,Digital Wallet,1116.83,Success,2026-05-05 00:38:00,
P001071,B000792,1,Digital Wallet,2799.63,Success,2026-10-15 00:08:00,
P001072,B000793,1,Apple Pay,755.79,Success,2026-05-11 01:00:00,
P001073,B000794,1,Debit Card,1429.97,Success,2026-07-28 00:16:00,
P001074,B000795,1,Digital Wallet,904.19,Failed,2026-02-15 00:11:00,Insufficient Funds
P001075,B000795,2,Bank Transfer,904.19,Success,2026-02-15 00:25:30,
P001076,B000796,1,Digital Wallet,2318.03,Failed,2025-12-01 00:54:00,Technical Error
P001077,B000796,2,Apple Pay,2318.03,Failed,2025-12-01 01:02:38,Card Declined
P001078,B000796,3,Bank Transfer,2318.03,Success,2025-12-01 01:10:35,
P001079,B000797,1,Bank Transfer,4193.74,Success,2026-06-25 00:31:00,
P001080,B000798,1,Digital Wallet,3097.09,Success,2026-08-26 00:39:00,
P001081,B000799,1,Apple Pay,1501.63,Success,2026-01-01 00:51:00,
P001082,B000800,1,Debit Card,680.5,Failed,2026-07-26 00:38:00,Fraud Check
P001083,B000800,2,Debit Card,680.5,Success,2026-07-26 00:41:13,
P001084,B000801,1,Digital Wallet,2990.29,Failed,2026-08-22 01:00:00,Technical Error
P001085,B000801,2,Digital Wallet,2990.29,Success,2026-08-22 01:14:14,
P001086,B000802,1,Credit Card,1097.59,Failed,2026-01-17 00:58:00,Fraud Check
P001087,B000802,2,Digital Wallet,1097.59,Success,2026-01-17 01:06:19,
P001088,B000803,1,Apple Pay,2042.3,Success,2026-08-29 00:07:00,
P001089,B000804,1,Bank Transfer,2795.87,Success,2026-03-19 00:08:00,
P001090,B000805,1,Bank Transfer,4566.8,Success,2025-12-27 00:55:00,
P001091,B000806,1,Digital Wallet,868.2,Success,2026-08-27 00:09:00,
P001092,B000807,1,Digital Wallet,3508.73,Success,2025-10-20 00:54:00,
P001093,B000808,1,Apple Pay,563.37,Success,2026-04-23 00:31:00,
P001094,B000809,1,Apple Pay,3334.59,Success,2025-12-09 00:52:00,
P001095,B000810,1,Digital Wallet,2981.9,Failed,2026-01-17 00:20:00,Fraud Check
P001096,B000810,2,Apple Pay,2981.9,Success,2026-01-17 00:21:17,
P001097,B000811,1,Debit Card,4153.4,Success,2026-04-24 00:46:00,
P001098,B000812,1,Credit Card,2892.48,Success,2026-08-13 00:38:00,
P001099,B000813,1,Debit Card,2086.77,Success,2026-10-10 00:36:00,
P001100,B000814,1,Bank Transfer,1592.38,Success,2026-02-04 00:21:00,
P001101,B000815,1,Credit Card,883.62,Failed,2026-10-08 00:25:00,Fraud Check
P001102,B000815,2,Apple Pay,883.62,Success,2026-10-08 00:34:10,
P001103,B000816,1,Debit Card,2905.76,Success,2026-03-25 00:45:00,
P001104,B000817,1,Apple Pay,4497.45,Success,2026-11-06 00:36:00,
P001105,B000818,1,Credit Card,2816.35,Failed,2026-08-19 00:43:00,Fraud Check
P001106,B000818,2,Apple Pay,2816.35,Success,2026-08-19 00:45:26,
P001107,B000819,1,Digital Wallet,3825.96,Success,2026-04-10 00:13:00,
P001108,B000820,1,Bank Transfer,1842.96,Success,2026-02-19 00:24:00,
P001109,B000821,1,Credit Card,2516.59,Success,2025-10-10 00:21:00,
P001110,B000822,1,Digital Wallet,1960.71,Success,2025-10-13 00:51:00,
P001111,B000823,1,Bank Transfer,991.7,Failed,2026-04-26 00:07:00,Insufficient Funds
P001112,B000823,2,Debit Card,991.7,Success,2026-04-26 00:11:41,
P001113,B000824,1,Bank Transfer,2376.45,Success,2025-11-22 00:47:00,
P001114,B000825,1,Debit Card,3939.29,Success,2026-03-20 00:18:00,
P001115,B000826,1,Digital Wallet,2277.39,Success,2026-06-03 00:38:00,
P001116,B000827,1,Apple Pay,3425.81,Success,2026-11-16 00:28:00,
P001117,B000828,1,Credit Card,3913.77,Success,2025-10-19 00:10:00,
P001118,B000829,1,Apple Pay,1952.31,Success,2025-11-23 00:44:00,
P001119,B000830,1,Apple Pay,4088.82,Success,2025-10-26 00:09:00,
P001120,B000831,1,Digital Wallet,2025.17,Success,2026-06-14 00:44:00,
P001121,B000832,1,Apple Pay,1652.48,Failed,2026-07-21 00:23:00,Technical Error
P001122,B000832,2,Bank Transfer,1652.48,Failed,2026-07-21 00:33:52,Card Declined
P001123,B000832,3,Bank Transfer,1652.48,Success,2026-07-21 00:38:32,
P001124,B000833,1,Apple Pay,1501.01,Success,2026-01-16 01:00:00,
P001125,B000834,1,Apple Pay,1399.57,Success,2026-05-01 00:12:00,
P001126,B000835,1,Bank Transfer,3817.06,Failed,2026-04-20 00:55:00,Insufficient Funds
P001127,B000835,2,Credit Card,3817.06,Failed,2026-04-20 01:03:25,Technical Error
P001128,B000835,3,Digital Wallet,3817.06,Success,2026-04-20 01:16:23,
P001129,B000836,1,Bank Transfer,4493.79,Success,2025-10-21 00:31:00,
P001130,B000837,1,Digital Wallet,1537.92,Success,2025-11-30 00:37:00,
P001131,B000838,1,Digital Wallet,883.58,Success,2026-01-12 00:18:00,
P001132,B000839,1,Debit Card,1911.95,Success,2026-11-27 00:37:00,
P001133,B000840,1,Digital Wallet,3460.31,Success,2025-09-09 00:23:00,
P001134,B000841,1,Bank Transfer,2158.34,Success,2026-09-19 00:34:00,
P001135,B000842,1,Digital Wallet,2971.29,Failed,2026-03-06 00:11:00,Payment Timeout
P001136,B000842,2,Debit Card,2971.29,Failed,2026-03-06 00:24:29,Insufficient Funds
P001137,B000842,3,Debit Card,2971.29,Success,2026-03-06 00:34:19,
P001138,B000843,1,Credit Card,3849.37,Success,2026-09-15 00:14:00,
P001139,B000844,1,Bank Transfer,2338.15,Success,2025-12-07 00:09:00,
P001140,B000845,1,Debit Card,4998.63,Success,2026-01-06 00:09:00,
P001141,B000846,1,Credit Card,1840.77,Success,2026-10-09 00:45:00,
P001142,B000847,1,Apple Pay,4902.12,Success,2026-08-09 00:16:00,
P001143,B000848,1,Credit Card,1413.63,Success,2026-05-29 00:38:00,
P001144,B000849,1,Bank Transfer,999.19,Success,2026-10-14 00:06:00,
P001145,B000850,1,Debit Card,3878.74,Success,2026-03-28 00:42:00,
P001146,B000851,1,Apple Pay,3660.39,Success,2026-02-06 00:43:00,
P001147,B000852,1,Bank Transfer,4150.26,Success,2026-01-05 00:42:00,
P001148,B000853,1,Bank Transfer,2046.16,Success,2026-05-28 00:58:00,
P001149,B000854,1,Apple Pay,4688.63,Success,2026-06-29 00:24:00,
P001150,B000855,1,Digital Wallet,1037.67,Success,2026-05-07 00:34:00,
P001151,B000856,1,Apple Pay,636.25,Success,2026-08-19 00:07:00,
P001152,B000857,1,Credit Card,1852.54,Success,2026-02-26 00:37:00,
P001153,B000858,1,Digital Wallet,4087.96,Success,2025-11-22 00:06:00,
P001154,B000859,1,Debit Card,3528.42,Success,2026-08-31 00:23:00,
P001155,B000860,1,Apple Pay,2462.94,Success,2026-03-17 00:57:00,
P001156,B000861,1,Digital Wallet,1653.14,Success,2026-01-05 00:52:00,
P001157,B000862,1,Bank Transfer,766.73,Success,2026-07-16 00:26:00,
P001158,B000863,1,Digital Wallet,2018.78,Success,2025-08-28 00:29:00,
P001159,B000864,1,Digital Wallet,2570.09,Success,2026-01-31 00:53:00,
P001160,B000865,1,Credit Card,3591.61,Success,2026-07-20 00:53:00,
P001161,B000866,1,Debit Card,3406.87,Success,2026-01-12 00:05:00,
P001162,B000867,1,Debit Card,4763.05,Success,2026-08-22 00:49:00,
P001163,B000868,1,Credit Card,951.78,Success,2026-01-08 00:10:00,
P001164,B000869,1,Debit Card,2013.53,Success,2026-02-12 00:31:00,
P001165,B000870,1,Credit Card,2667.1,Success,2026-04-05 00:25:00,
P001166,B000871,1,Bank Transfer,3518.13,Success,2026-04-11 00:19:00,
P001167,B000872,1,Apple Pay,2729.53,Success,2026-08-24 00:13:00,
P001168,B000873,1,Bank Transfer,4607.41,Success,2026-06-12 01:00:00,
P001169,B000874,1,Debit Card,3239.03,Success,2026-05-11 00:45:00,
P001170,B000875,1,Credit Card,678.49,Success,2026-11-17 00:49:00,
P001171,B000876,1,Credit Card,1011.45,Failed,2026-09-05 00:56:00,Card Declined
P001172,B000876,2,Apple Pay,1011.45,Success,2026-09-05 01:01:55,
P001173,B000877,1,Apple Pay,3890.73,Success,2025-12-10 00:44:00,
P001174,B000878,1,Debit Card,3721.04,Success,2026-02-24 00:07:00,
P001175,B000879,1,Debit Card,1190.74,Success,2026-11-14 00:20:00,
P001176,B000880,1,Debit Card,765.09,Success,2026-03-07 00:59:00,
P001177,B000881,1,Digital Wallet,3104.23,Failed,2026-10-16 00:40:00,Payment Timeout
P001178,B000881,2,Debit Card,3104.23,Success,2026-10-16 00:43:55,
P001179,B000882,1,Apple Pay,3360.82,Success,2025-11-24 00:59:00,
P001180,B000883,1,Debit Card,1108.85,Success,2026-04-14 00:55:00,
P001181,B000884,1,Apple Pay,2631.29,Success,2026-06-12 00:10:00,
P001182,B000885,1,Bank Transfer,1876.24,Success,2026-02-10 00:53:00,
P001183,B000886,1,Digital Wallet,4690.88,Success,2026-06-30 00:58:00,
P001184,B000887,1,Apple Pay,1486.4,Success,2026-06-30 01:00:00,
P001185,B000888,1,Apple Pay,3799.67,Success,2026-01-26 00:47:00,
P001186,B000889,1,Bank Transfer,2831.6,Success,2026-10-09 00:44:00,
P001187,B000890,1,Digital Wallet,551.84,Success,2026-06-28 00:47:00,
P001188,B000891,1,Debit Card,2826.49,Failed,2026-06-07 00:26:00,Payment Timeout
P001189,B000891,2,Digital Wallet,2826.49,Success,2026-06-07 00:30:22,
P001190,B000892,1,Bank Transfer,947.62,Success,2025-12-18 00:28:00,
P001191,B000893,1,Apple Pay,3465.78,Success,2026-07-14 00:05:00,
P001192,B000894,1,Credit Card,3044.86,Success,2026-09-08 00:54:00,
P001193,B000895,1,Digital Wallet,546.92,Success,2026-04-29 00:42:00,
P001194,B000896,1,Credit Card,1421.12,Success,2026-04-09 00:09:00,
P001195,B000897,1,Debit Card,3993.01,Success,2025-12-11 00:25:00,
P001196,B000898,1,Apple Pay,1740.98,Failed,2026-11-29 00:24:00,Payment Timeout
P001197,B000898,2,Bank Transfer,1740.98,Failed,2026-11-29 00:29:13,Card Declined
P001198,B000898,3,Apple Pay,1740.98,Success,2026-11-29 00:41:34,
P001199,B000899,1,Credit Card,2746.78,Success,2025-10-31 00:27:00,
P001200,B000900,1,Credit Card,1903.99,Success,2026-04-21 00:56:00,
P001201,B000901,1,Bank Transfer,4646.87,Failed,2026-10-13 00:59:00,Fraud Check
P001202,B000901,2,Credit Card,4646.87,Success,2026-10-13 01:09:55,
P001203,B000902,1,Credit Card,2914.6,Success,2025-12-18 00:43:00,
P001204,B000903,1,Apple Pay,3632.78,Success,2026-03-03 00:13:00,
P001205,B000904,1,Debit Card,875.64,Failed,2025-09-16 00:45:00,Fraud Check
P001206,B000904,2,Bank Transfer,875.64,Success,2025-09-16 00:46:32,
P001207,B000905,1,Digital Wallet,681.51,Failed,2026-06-23 00:26:00,Card Declined
P001208,B000905,2,Bank Transfer,681.51,Failed,2026-06-23 00:31:56,Fraud Check
P001209,B000905,3,Digital Wallet,681.51,Success,2026-06-23 00:39:52,
P001210,B000906,1,Digital Wallet,1666.53,Success,2026-04-20 00:44:00,
P001211,B000907,1,Bank Transfer,1891.1,Success,2026-05-13 00:10:00,
P001212,B000908,1,Credit Card,3594.56,Success,2026-06-27 00:26:00,
P001213,B000909,1,Debit Card,3061.09,Success,2026-02-20 00:47:00,
P001214,B000910,1,Apple Pay,2185.61,Failed,2025-12-09 00:51:00,Technical Error
P001215,B000910,2,Credit Card,2185.61,Success,2025-12-09 00:53:45,
P001216,B000911,1,Apple Pay,3443.53,Success,2026-10-27 00:15:00,
P001217,B000912,1,Apple Pay,1236.05,Success,2025-12-10 00:32:00,
P001218,B000913,1,Credit Card,785.7,Success,2026-05-15 00:51:00,
P001219,B000914,1,Apple Pay,4345.27,Success,2026-10-04 00:23:00,
P001220,B000915,1,Debit Card,3037.76,Success,2026-11-01 00:51:00,
P001221,B000916,1,Debit Card,3420.93,Success,2026-10-28 00:54:00,
P001222,B000917,1,Credit Card,1882.59,Success,2026-01-11 00:58:00,
P001223,B000918,1,Digital Wallet,2173.8,Success,2025-12-21 00:52:00,
P001224,B000919,1,Digital Wallet,870.65,Success,2026-06-20 00:57:00,
P001225,B000920,1,Debit Card,4356.45,Success,2025-12-07 00:28:00,
P001226,B000921,1,Digital Wallet,3165.98,Success,2026-02-20 00:17:00,
P001227,B000922,1,Credit Card,876.32,Failed,2025-10-01 00:53:00,Fraud Check
P001228,B000922,2,Credit Card,876.32,Success,2025-10-01 01:07:58,
P001229,B000923,1,Digital Wallet,4120.38,Failed,2026-01-27 00:07:00,Fraud Check
P001230,B000923,2,Bank Transfer,4120.38,Success,2026-01-27 00:17:52,
P001231,B000924,1,Digital Wallet,2498.52,Failed,2026-04-25 00:13:00,Card Declined
P001232,B000924,2,Bank Transfer,2498.52,Failed,2026-04-25 00:22:31,Payment Timeout
P001233,B000924,3,Digital Wallet,2498.52,Success,2026-04-25 00:30:21,
P001234,B000925,1,Credit Card,3942.96,Success,2025-11-25 00:06:00,
P001235,B000926,1,Debit Card,556.79,Failed,2026-10-10 00:57:00,Card Declined
P001236,B000926,2,Bank Transfer,556.79,Success,2026-10-10 00:59:57,
P001237,B000927,1,Bank Transfer,629.33,Success,2026-07-06 00:44:00,
P001238,B000928,1,Debit Card,1268.52,Failed,2026-03-21 00:53:00,Fraud Check
P001239,B000928,2,Digital Wallet,1268.52,Success,2026-03-21 01:06:11,
P001240,B000929,1,Debit Card,1449.12,Failed,2026-02-10 00:33:00,Payment Timeout
P001241,B000929,2,Apple Pay,1449.12,Success,2026-02-10 00:36:38,
P001242,B000930,1,Apple Pay,3937.8,Success,2026-02-03 00:18:00,
P001243,B000931,1,Apple Pay,3680.12,Success,2026-07-20 00:08:00,
P001244,B000932,1,Debit Card,3272.4,Success,2025-11-28 00:15:00,
P001245,B000933,1,Apple Pay,4481.87,Success,2026-05-02 00:36:00,
P001246,B000934,1,Credit Card,1612.17,Success,2026-06-29 00:06:00,
P001247,B000935,1,Bank Transfer,4569.82,Success,2026-07-30 00:35:00,
P001248,B000936,1,Credit Card,4592.62,Success,2026-04-01 01:00:00,
P001249,B000937,1,Debit Card,2454.17,Success,2026-01-17 00:13:00,
P001250,B000938,1,Digital Wallet,924.74,Success,2026-09-24 00:52:00,
P001251,B000939,1,Debit Card,3769.52,Success,2026-03-18 00:36:00,
P001252,B000940,1,Digital Wallet,2016.18,Failed,2025-10-31 00:23:00,Technical Error
P001253,B000940,2,Credit Card,2016.18,Success,2025-10-31 00:35:16,
P001254,B000941,1,Digital Wallet,4077.18,Success,2026-04-30 00:10:00,
P001255,B000942,1,Apple Pay,1236.61,Success,2026-06-21 00:20:00,
P001256,B000943,1,Bank Transfer,2927.82,Success,2025-12-10 00:30:00,
P001257,B000944,1,Debit Card,2786.33,Failed,2026-08-25 00:46:00,Technical Error
P001258,B000944,2,Apple Pay,2786.33,Success,2026-08-25 00:57:22,
P001259,B000945,1,Apple Pay,951.42,Success,2026-01-29 00:49:00,
P001260,B000946,1,Apple Pay,2135.0,Failed,2026-09-29 00:14:00,Technical Error
P001261,B000946,2,Debit Card,2135.0,Failed,2026-09-29 00:15:24,Insufficient Funds
P001262,B000946,3,Apple Pay,2135.0,Success,2026-09-29 00:28:23,
P001263,B000947,1,Credit Card,881.4,Failed,2025-12-08 00:36:00,Card Declined
P001264,B000947,2,Apple Pay,881.4,Success,2025-12-08 00:39:56,
P001265,B000948,1,Digital Wallet,2591.33,Success,2026-03-27 00:05:00,
P001266,B000949,1,Apple Pay,4293.07,Failed,2026-05-27 00:50:00,Fraud Check
P001267,B000949,2,Debit Card,4293.07,Success,2026-05-27 00:57:45,
P001268,B000950,1,Bank Transfer,1715.92,Success,2026-06-13 00:19:00,
P001269,B000951,1,Bank Transfer,3941.88,Success,2025-11-29 00:59:00,
P001270,B000952,1,Credit Card,1325.42,Failed,2025-08-22 00:37:00,Technical Error
P001271,B000952,2,Digital Wallet,1325.42,Failed,2025-08-22 00:43:46,Fraud Check
P001272,B000952,3,Digital Wallet,1325.42,Success,2025-08-22 00:47:27,
P001273,B000953,1,Debit Card,3531.81,Success,2026-03-09 00:50:00,
P001274,B000954,1,Digital Wallet,4619.92,Failed,2025-11-22 00:50:00,Payment Timeout
P001275,B000954,2,Digital Wallet,4619.92,Success,2025-11-22 00:58:16,
P001276,B000955,1,Digital Wallet,1957.68,Failed,2026-04-29 00:15:00,Card Declined
P001277,B000955,2,Bank Transfer,1957.68,Failed,2026-04-29 00:26:47,Technical Error
P001278,B000955,3,Apple Pay,1957.68,Success,2026-04-29 00:40:39,
P001279,B000956,1,Apple Pay,4551.85,Failed,2026-03-14 00:49:00,Payment Timeout
P001280,B000956,2,Credit Card,4551.85,Failed,2026-03-14 01:02:40,Fraud Check
P001281,B000956,3,Apple Pay,4551.85,Success,2026-03-14 01:07:24,
P001282,B000957,1,Apple Pay,2774.39,Success,2026-04-08 00:55:00,
P001283,B000958,1,Digital Wallet,1925.62,Success,2025-10-28 00:52:00,
P001284,B000959,1,Debit Card,4534.29,Success,2026-11-24 00:42:00,
P001285,B000960,1,Apple Pay,644.17,Success,2026-05-09 00:40:00,
P001286,B000961,1,Digital Wallet,626.08,Success,2026-01-28 00:07:00,
P001287,B000962,1,Digital Wallet,3199.23,Failed,2025-07-27 00:29:00,Technical Error
P001288,B000962,2,Apple Pay,3199.23,Success,2025-07-27 00:32:38,
P001289,B000963,1,Credit Card,4085.38,Success,2026-02-26 00:47:00,
P001290,B000964,1,Apple Pay,3881.96,Success,2026-06-19 00:23:00,
P001291,B000965,1,Digital Wallet,857.61,Failed,2026-04-12 00:09:00,Payment Timeout
P001292,B000965,2,Debit Card,857.61,Success,2026-04-12 00:21:30,
P001293,B000966,1,Debit Card,4776.13,Success,2026-04-15 00:53:00,
P001294,B000967,1,Apple Pay,3663.79,Success,2026-04-23 00:29:00,
P001295,B000968,1,Apple Pay,4771.0,Failed,2026-09-03 00:31:00,Insufficient Funds
P001296,B000968,2,Credit Card,4771.0,Failed,2026-09-03 00:43:30,Fraud Check
P001297,B000968,3,Debit Card,4771.0,Success,2026-09-03 00:53:04,
P001298,B000969,1,Bank Transfer,1980.94,Success,2026-08-30 00:05:00,
P001299,B000970,1,Bank Transfer,3622.73,Success,2026-03-04 00:44:00,
P001300,B000971,1,Credit Card,4369.72,Success,2026-04-18 00:54:00,
P001301,B000972,1,Credit Card,2212.09,Failed,2025-11-22 00:24:00,Insufficient Funds
P001302,B000972,2,Bank Transfer,2212.09,Success,2025-11-22 00:36:52,
P001303,B000973,1,Digital Wallet,4841.87,Failed,2026-05-02 01:00:00,Insufficient Funds
P001304,B000973,2,Digital Wallet,4841.87,Success,2026-05-02 01:02:22,
P001305,B000974,1,Apple Pay,1692.47,Failed,2025-11-08 00:58:00,Insufficient Funds
P001306,B000974,2,Apple Pay,1692.47,Success,2025-11-08 01:10:17,
P001307,B000975,1,Digital Wallet,1920.26,Success,2026-05-02 00:12:00,
P001308,B000976,1,Credit Card,4641.48,Success,2026-02-28 00:34:00,
P001309,B000977,1,Apple Pay,4863.47,Success,2025-12-30 00:56:00,
P001310,B000978,1,Apple Pay,1783.38,Success,2026-11-05 00:49:00,
P001311,B000979,1,Apple Pay,1113.76,Failed,2026-06-26 00:57:00,Card Declined
P001312,B000979,2,Debit Card,1113.76,Success,2026-06-26 01:02:29,
P001313,B000980,1,Credit Card,3915.75,Success,2026-03-01 00:35:00,
P001314,B000981,1,Digital Wallet,4683.49,Success,2026-08-02 00:35:00,
P001315,B000982,1,Bank Transfer,3203.21,Success,2025-12-01 00:24:00,
P001316,B000983,1,Bank Transfer,3355.34,Success,2025-11-11 00:59:00,
P001317,B000984,1,Apple Pay,3933.25,Failed,2026-04-26 00:34:00,Fraud Check
P001318,B000984,2,Debit Card,3933.25,Failed,2026-04-26 00:45:55,Insufficient Funds
P001319,B000984,3,Debit Card,3933.25,Success,2026-04-26 00:58:11,
P001320,B000985,1,Debit Card,1188.88,Success,2026-08-03 00:24:00,
P001321,B000986,1,Bank Transfer,4880.61,Success,2026-01-08 00:14:00,
P001322,B000987,1,Apple Pay,2139.48,Success,2026-12-15 00:24:00,
P001323,B000988,1,Apple Pay,3327.08,Failed,2025-12-09 00:12:00,Technical Error
P001324,B000988,2,Digital Wallet,3327.08,Success,2025-12-09 00:20:55,
P001325,B000989,1,Bank Transfer,2608.77,Success,2026-05-07 00:14:00,
P001326,B000990,1,Bank Transfer,2606.81,Success,2026-11-09 00:17:00,
P001327,B000991,1,Bank Transfer,3662.35,Success,2026-05-18 00:26:00,
P001328,B000992,1,Debit Card,4975.98,Success,2025-09-26 00:42:00,
P001329,B000993,1,Debit Card,3465.77,Failed,2026-01-13 00:50:00,Fraud Check
P001330,B000993,2,Bank Transfer,3465.77,Failed,2026-01-13 01:04:49,Payment Timeout
P001331,B000993,3,Credit Card,3465.77,Success,2026-01-13 01:17:46,
P001332,B000994,1,Debit Card,4073.27,Success,2026-10-19 00:35:00,
P001333,B000995,1,Credit Card,624.27,Failed,2026-05-17 01:00:00,Insufficient Funds
P001334,B000995,2,Credit Card,624.27,Success,2026-05-17 01:13:31,
P001335,B000996,1,Bank Transfer,4146.92,Success,2026-05-02 00:55:00,
P001336,B000997,1,Credit Card,1849.89,Failed,2026-07-15 00:19:00,Fraud Check
P001337,B000997,2,Debit Card,1849.89,Failed,2026-07-15 00:28:41,Technical Error
P001338,B000997,3,Debit Card,1849.89,Success,2026-07-15 00:34:17,
P001339,B000998,1,Bank Transfer,1070.16,Success,2025-12-12 00:13:00,
P001340,B000999,1,Bank Transfer,1010.0,Success,2026-06-15 00:23:00,
P001341,B001000,1,Debit Card,3559.44,Success,2025-11-10 00:39:00,
P001342,B001001,1,Bank Transfer,4989.28,Success,2026-01-26 00:43:00,
P001343,B001002,1,Digital Wallet,3497.88,Success,2026-05-17 00:36:00,
P001344,B001003,1,Digital Wallet,1680.57,Failed,2026-08-11 00:10:00,Payment Timeout
P001345,B001003,2,Bank Transfer,1680.57,Failed,2026-08-11 00:24:35,Technical Error
P001346,B001003,3,Credit Card,1680.57,Success,2026-08-11 00:33:23,
P001347,B001004,1,Bank Transfer,1414.88,Success,2026-08-07 00:42:00,
P001348,B001005,1,Bank Transfer,2866.81,Success,2026-02-28 00:07:00,
P001349,B001006,1,Debit Card,792.68,Success,2026-07-10 00:58:00,
P001350,B001007,1,Apple Pay,2296.99,Failed,2025-12-24 00:42:00,Card Declined
P001351,B001007,2,Apple Pay,2296.99,Success,2025-12-24 00:45:19,
P001352,B001008,1,Digital Wallet,3498.06,Success,2025-12-31 00:35:00,
P001353,B001009,1,Digital Wallet,4854.48,Failed,2025-10-21 00:29:00,Card Declined
P001354,B001009,2,Bank Transfer,4854.48,Success,2025-10-21 00:36:29,
P001355,B001010,1,Debit Card,2415.44,Success,2026-03-05 00:46:00,
P001356,B001011,1,Digital Wallet,1401.01,Success,2025-12-12 00:56:00,
P001357,B001012,1,Credit Card,4178.13,Success,2025-10-26 00:40:00,
P001358,B001013,1,Credit Card,3848.9,Success,2026-02-02 00:17:00,
P001359,B001014,1,Debit Card,4368.67,Success,2026-08-17 00:12:00,
P001360,B001015,1,Debit Card,1466.23,Failed,2026-07-27 00:12:00,Payment Timeout
P001361,B001015,2,Digital Wallet,1466.23,Failed,2026-07-27 00:23:56,Fraud Check
P001362,B001015,3,Credit Card,1466.23,Success,2026-07-27 00:36:54,
P001363,B001016,1,Debit Card,2321.74,Success,2025-08-01 00:59:00,
P001364,B001017,1,Debit Card,4916.99,Failed,2026-08-07 00:34:00,Fraud Check
P001365,B001017,2,Debit Card,4916.99,Success,2026-08-07 00:48:38,
P001366,B001018,1,Digital Wallet,1211.19,Success,2026-04-08 00:25:00,
P001367,B001019,1,Apple Pay,3521.53,Success,2026-04-19 00:21:00,
P001368,B001020,1,Bank Transfer,1567.33,Success,2026-02-03 00:13:00,
P001369,B001021,1,Digital Wallet,2750.72,Success,2025-12-23 00:35:00,
P001370,B001022,1,Credit Card,4102.29,Success,2025-12-05 00:56:00,
P001371,B001023,1,Bank Transfer,2698.64,Failed,2026-01-21 00:51:00,Card Declined
P001372,B001023,2,Credit Card,2698.64,Failed,2026-01-21 01:02:44,Insufficient Funds
P001373,B001023,3,Credit Card,2698.64,Success,2026-01-21 01:15:25,
P001374,B001024,1,Bank Transfer,4124.67,Failed,2026-03-07 00:12:00,Payment Timeout
P001375,B001024,2,Apple Pay,4124.67,Failed,2026-03-07 00:23:10,Insufficient Funds
P001376,B001024,3,Apple Pay,4124.67,Success,2026-03-07 00:30:30,
P001377,B001025,1,Debit Card,2418.51,Success,2026-03-13 00:37:00,
P001378,B001026,1,Debit Card,4997.09,Success,2025-10-14 00:25:00,
P001379,B001027,1,Apple Pay,2461.23,Success,2026-05-30 00:49:00,
P001380,B001028,1,Credit Card,1172.21,Success,2026-07-19 00:45:00,
P001381,B001029,1,Credit Card,2308.41,Success,2026-05-14 00:15:00,
P001382,B001030,1,Apple Pay,3841.67,Success,2026-01-03 00:06:00,
P001383,B001031,1,Apple Pay,4315.72,Success,2026-07-10 00:21:00,
P001384,B001032,1,Debit Card,2570.46,Success,2025-08-30 00:32:00,
P001385,B001033,1,Apple Pay,3175.15,Success,2025-12-31 00:41:00,
P001386,B001034,1,Debit Card,4302.01,Success,2026-02-05 00:26:00,
P001387,B001035,1,Debit Card,4160.96,Failed,2025-12-17 00:17:00,Technical Error
P001388,B001035,2,Credit Card,4160.96,Success,2025-12-17 00:18:41,
P001389,B001036,1,Apple Pay,3459.76,Success,2026-01-07 00:50:00,
P001390,B001037,1,Apple Pay,4167.62,Success,2026-06-22 00:39:00,
P001391,B001038,1,Bank Transfer,3091.6,Failed,2026-05-13 00:52:00,Card Declined
P001392,B001038,2,Debit Card,3091.6,Success,2026-05-13 01:00:17,
P001393,B001039,1,Digital Wallet,520.92,Failed,2026-07-03 00:13:00,Technical Error
P001394,B001039,2,Apple Pay,520.92,Success,2026-07-03 00:15:34,
P001395,B001040,1,Debit Card,685.7,Success,2025-11-20 00:58:00,
P001396,B001041,1,Apple Pay,4909.14,Failed,2026-09-26 00:44:00,Insufficient Funds
P001397,B001041,2,Digital Wallet,4909.14,Success,2026-09-26 00:52:12,
P001398,B001042,1,Credit Card,1152.46,Success,2025-08-30 00:31:00,
P001399,B001043,1,Credit Card,2320.32,Success,2026-01-11 00:16:00,
P001400,B001044,1,Debit Card,4702.15,Success,2025-10-09 00:30:00,
P001401,B001045,1,Credit Card,1377.68,Failed,2025-11-01 00:16:00,Technical Error
P001402,B001045,2,Apple Pay,1377.68,Success,2025-11-01 00:18:34,
P001403,B001046,1,Bank Transfer,4297.06,Success,2026-01-11 00:29:00,
P001404,B001047,1,Digital Wallet,4182.2,Failed,2025-11-07 00:37:00,Technical Error
P001405,B001047,2,Debit Card,4182.2,Success,2025-11-07 00:47:24,
P001406,B001048,1,Credit Card,4938.48,Success,2026-04-27 00:19:00,
P001407,B001049,1,Credit Card,1767.57,Success,2026-02-26 00:09:00,
P001408,B001050,1,Bank Transfer,1918.96,Success,2026-06-22 00:48:00,
P001409,B001051,1,Bank Transfer,4562.95,Success,2026-09-30 00:25:00,
P001410,B001052,1,Debit Card,1553.36,Failed,2025-11-17 00:07:00,Insufficient Funds
P001411,B001052,2,Credit Card,1553.36,Success,2025-11-17 00:11:34,
P001412,B001053,1,Digital Wallet,2965.55,Success,2026-06-09 00:15:00,
P001413,B001054,1,Apple Pay,3683.05,Failed,2026-04-11 00:57:00,Fraud Check
P001414,B001054,2,Digital Wallet,3683.05,Success,2026-04-11 01:03:54,
P001415,B001055,1,Debit Card,1723.48,Success,2026-06-12 00:52:00,
P001416,B001056,1,Apple Pay,4722.86,Success,2026-05-21 00:55:00,
P001417,B001057,1,Debit Card,3495.64,Success,2026-02-08 00:16:00,
P001418,B001058,1,Debit Card,712.13,Failed,2026-01-20 00:58:00,Technical Error
P001419,B001058,2,Digital Wallet,712.13,Failed,2026-01-20 01:07:39,Insufficient Funds
P001420,B001058,3,Bank Transfer,712.13,Success,2026-01-20 01:10:35,
P001421,B001059,1,Digital Wallet,1110.82,Success,2025-10-22 00:05:00,
P001422,B001060,1,Credit Card,1358.52,Success,2026-06-24 00:05:00,
P001423,B001061,1,Debit Card,1602.31,Success,2026-04-12 00:58:00,
P001424,B001062,1,Digital Wallet,3788.05,Failed,2026-02-17 00:42:00,Payment Timeout
P001425,B001062,2,Credit Card,3788.05,Failed,2026-02-17 00:50:25,Card Declined
P001426,B001062,3,Credit Card,3788.05,Success,2026-02-17 01:04:00,
P001427,B001063,1,Digital Wallet,900.21,Failed,2026-03-30 00:49:00,Payment Timeout
P001428,B001063,2,Digital Wallet,900.21,Success,2026-03-30 00:55:24,
P001429,B001064,1,Digital Wallet,2077.68,Success,2026-03-26 00:53:00,
P001430,B001065,1,Digital Wallet,4601.22,Success,2026-07-28 00:10:00,
P001431,B001066,1,Debit Card,3005.0,Failed,2025-12-04 00:29:00,Insufficient Funds
P001432,B001066,2,Debit Card,3005.0,Success,2025-12-04 00:34:56,
P001433,B001067,1,Apple Pay,1694.73,Success,2026-09-06 00:10:00,
P001434,B001068,1,Bank Transfer,4806.75,Success,2026-04-13 00:22:00,
P001435,B001069,1,Digital Wallet,1599.42,Success,2026-01-25 00:18:00,
P001436,B001070,1,Apple Pay,4572.95,Success,2026-08-18 00:48:00,
P001437,B001071,1,Apple Pay,3765.96,Failed,2026-04-19 00:39:00,Card Declined
P001438,B001071,2,Bank Transfer,3765.96,Success,2026-04-19 00:43:28,
P001439,B001072,1,Bank Transfer,3832.34,Success,2026-10-22 00:52:00,
P001440,B001073,1,Debit Card,3942.23,Failed,2026-03-31 00:21:00,Payment Timeout
P001441,B001073,2,Bank Transfer,3942.23,Success,2026-03-31 00:24:10,
P001442,B001074,1,Digital Wallet,2779.56,Success,2026-05-14 00:18:00,
P001443,B001075,1,Bank Transfer,4165.6,Success,2026-01-24 00:51:00,
P001444,B001076,1,Bank Transfer,4262.87,Success,2025-10-08 00:20:00,
P001445,B001077,1,Digital Wallet,2122.19,Failed,2026-09-30 00:30:00,Technical Error
P001446,B001077,2,Apple Pay,2122.19,Success,2026-09-30 00:33:11,
P001447,B001078,1,Digital Wallet,2301.55,Success,2026-08-25 00:43:00,
P001448,B001079,1,Debit Card,4499.41,Failed,2026-09-15 00:48:00,Payment Timeout
P001449,B001079,2,Debit Card,4499.41,Success,2026-09-15 00:51:25,
P001450,B001080,1,Digital Wallet,2861.28,Success,2025-08-21 00:54:00,
P001451,B001081,1,Digital Wallet,4401.25,Failed,2026-08-19 00:38:00,Payment Timeout
P001452,B001081,2,Debit Card,4401.25,Success,2026-08-19 00:43:32,
P001453,B001082,1,Bank Transfer,3320.46,Success,2026-06-14 00:48:00,
P001454,B001083,1,Debit Card,3171.05,Failed,2026-03-06 00:46:00,Insufficient Funds
P001455,B001083,2,Digital Wallet,3171.05,Success,2026-03-06 00:55:41,
P001456,B001084,1,Apple Pay,639.41,Failed,2025-12-24 01:00:00,Payment Timeout
P001457,B001084,2,Apple Pay,639.41,Success,2025-12-24 01:11:51,
P001458,B001085,1,Credit Card,1750.52,Failed,2026-05-14 00:08:00,Card Declined
P001459,B001085,2,Credit Card,1750.52,Failed,2026-05-14 00:13:28,Payment Timeout
P001460,B001085,3,Apple Pay,1750.52,Success,2026-05-14 00:19:57,
P001461,B001086,1,Apple Pay,2759.26,Success,2026-07-20 00:46:00,
P001462,B001087,1,Debit Card,3142.93,Failed,2026-06-05 00:18:00,Card Declined
P001463,B001087,2,Credit Card,3142.93,Success,2026-06-05 00:29:58,
P001464,B001088,1,Apple Pay,3336.96,Success,2025-12-17 00:14:00,
P001465,B001089,1,Bank Transfer,3723.0,Failed,2026-03-23 00:56:00,Card Declined
P001466,B001089,2,Credit Card,3723.0,Success,2026-03-23 01:09:43,
P001467,B001090,1,Credit Card,3453.05,Failed,2026-07-16 00:50:00,Insufficient Funds
P001468,B001090,2,Bank Transfer,3453.05,Failed,2026-07-16 01:04:34,Payment Timeout
P001469,B001090,3,Debit Card,3453.05,Success,2026-07-16 01:07:31,
P001470,B001091,1,Digital Wallet,4318.6,Success,2026-01-01 00:15:00,
P001471,B001092,1,Debit Card,1829.62,Failed,2026-05-05 00:59:00,Card Declined
P001472,B001092,2,Debit Card,1829.62,Failed,2026-05-05 01:08:21,Insufficient Funds
P001473,B001092,3,Apple Pay,1829.62,Success,2026-05-05 01:09:41,
P001474,B001093,1,Apple Pay,3387.06,Success,2026-10-01 00:57:00,
P001475,B001094,1,Credit Card,730.22,Success,2026-08-01 00:10:00,
P001476,B001095,1,Bank Transfer,2660.86,Failed,2026-07-23 00:52:00,Insufficient Funds
P001477,B001095,2,Debit Card,2660.86,Success,2026-07-23 00:56:22,
P001478,B001096,1,Apple Pay,1706.15,Success,2026-04-04 00:31:00,
P001479,B001097,1,Bank Transfer,2213.99,Success,2025-12-12 00:12:00,
P001480,B001098,1,Credit Card,2095.98,Success,2025-09-18 00:47:00,
P001481,B001099,1,Bank Transfer,771.94,Success,2026-06-14 00:21:00,
P001482,B001100,1,Bank Transfer,2599.91,Failed,2026-09-21 00:20:00,Technical Error
P001483,B001100,2,Debit Card,2599.91,Failed,2026-09-21 00:32:38,Fraud Check
P001484,B001100,3,Bank Transfer,2599.91,Success,2026-09-21 00:45:54,
P001485,B001101,1,Digital Wallet,4975.83,Success,2026-09-24 00:41:00,
P001486,B001102,1,Bank Transfer,1845.21,Success,2025-12-13 00:40:00,
P001487,B001103,1,Digital Wallet,3812.66,Success,2026-05-07 00:46:00,
P001488,B001104,1,Bank Transfer,2965.05,Failed,2026-02-25 00:56:00,Fraud Check
P001489,B001104,2,Debit Card,2965.05,Failed,2026-02-25 01:02:34,Technical Error
P001490,B001104,3,Digital Wallet,2965.05,Success,2026-02-25 01:05:05,
P001491,B001105,1,Digital Wallet,1963.51,Failed,2026-07-11 00:23:00,Insufficient Funds
P001492,B001105,2,Digital Wallet,1963.51,Success,2026-07-11 00:37:52,
P001493,B001106,1,Bank Transfer,903.23,Success,2026-02-06 00:56:00,
P001494,B001107,1,Apple Pay,1471.36,Success,2026-03-03 00:13:00,
P001495,B001108,1,Bank Transfer,4018.34,Success,2026-03-01 00:10:00,
P001496,B001109,1,Credit Card,1755.59,Success,2026-01-03 00:24:00,
P001497,B001110,1,Debit Card,1149.36,Success,2026-09-13 00:54:00,
P001498,B001111,1,Apple Pay,1990.84,Success,2026-03-06 00:27:00,
P001499,B001112,1,Digital Wallet,3128.19,Success,2026-03-24 00:08:00,
P001500,B001113,1,Bank Transfer,3665.58,Failed,2026-09-02 00:13:00,Insufficient Funds
P001501,B001113,2,Apple Pay,3665.58,Success,2026-09-02 00:23:28,
P001502,B001114,1,Apple Pay,2243.14,Success,2025-12-08 00:35:00,
P001503,B001115,1,Debit Card,2741.66,Failed,2026-07-02 00:56:00,Insufficient Funds
P001504,B001115,2,Digital Wallet,2741.66,Failed,2026-07-02 01:08:11,Card Declined
P001505,B001115,3,Credit Card,2741.66,Success,2026-07-02 01:19:51,
P001506,B001116,1,Bank Transfer,2547.13,Success,2026-04-20 00:25:00,
P001507,B001117,1,Debit Card,540.52,Success,2026-10-27 00:51:00,
P001508,B001118,1,Credit Card,2280.2,Success,2026-10-01 00:21:00,
P001509,B001119,1,Credit Card,3142.94,Success,2025-12-17 00:36:00,
P001510,B001120,1,Debit Card,3064.75,Success,2026-05-14 00:57:00,
P001511,B001121,1,Apple Pay,3873.95,Failed,2025-08-23 00:08:00,Technical Error
P001512,B001121,2,Debit Card,3873.95,Success,2025-08-23 00:19:35,
P001513,B001122,1,Apple Pay,3516.69,Success,2025-12-03 00:49:00,
P001514,B001123,1,Apple Pay,1745.63,Success,2026-05-07 00:46:00,
P001515,B001124,1,Credit Card,1650.4,Success,2026-06-03 00:06:00,
P001516,B001125,1,Bank Transfer,2588.64,Success,2026-07-18 00:58:00,
P001517,B001126,1,Digital Wallet,3798.36,Success,2026-10-25 00:29:00,
P001518,B001127,1,Credit Card,922.22,Success,2026-03-14 00:46:00,
P001519,B001128,1,Debit Card,4767.47,Success,2026-07-28 00:45:00,
P001520,B001129,1,Digital Wallet,2944.19,Success,2026-01-11 00:58:00,
P001521,B001130,1,Debit Card,1878.84,Success,2026-04-14 00:24:00,
P001522,B001131,1,Debit Card,3620.26,Success,2026-04-01 00:45:00,
P001523,B001132,1,Debit Card,701.27,Success,2026-05-29 00:29:00,
P001524,B001133,1,Bank Transfer,2679.79,Success,2025-10-11 00:13:00,
P001525,B001134,1,Credit Card,2686.86,Success,2026-05-15 00:14:00,
P001526,B001135,1,Bank Transfer,1228.89,Success,2026-03-14 00:24:00,
P001527,B001136,1,Debit Card,4268.25,Failed,2026-09-27 00:40:00,Payment Timeout
P001528,B001136,2,Debit Card,4268.25,Success,2026-09-27 00:49:40,
P001529,B001137,1,Digital Wallet,4085.65,Success,2026-07-15 00:16:00,
P001530,B001138,1,Digital Wallet,1187.3,Success,2026-08-19 00:43:00,
P001531,B001139,1,Digital Wallet,2137.22,Success,2026-01-13 00:18:00,
P001532,B001140,1,Debit Card,951.93,Success,2026-01-06 00:18:00,
P001533,B001141,1,Digital Wallet,4318.74,Failed,2025-09-28 01:00:00,Technical Error
P001534,B001141,2,Digital Wallet,4318.74,Success,2025-09-28 01:06:45,
P001535,B001142,1,Bank Transfer,1954.94,Failed,2026-02-06 00:37:00,Fraud Check
P001536,B001142,2,Digital Wallet,1954.94,Failed,2026-02-06 00:39:29,Payment Timeout
P001537,B001142,3,Digital Wallet,1954.94,Success,2026-02-06 00:50:54,
P001538,B001143,1,Apple Pay,2476.92,Success,2026-08-12 00:44:00,
P001539,B001144,1,Bank Transfer,1957.42,Success,2026-10-15 00:35:00,
P001540,B001145,1,Digital Wallet,1895.12,Success,2025-11-22 00:49:00,
P001541,B001146,1,Bank Transfer,3862.86,Success,2026-07-01 00:36:00,
P001542,B001147,1,Digital Wallet,3864.05,Failed,2026-08-17 00:48:00,Insufficient Funds
P001543,B001147,2,Bank Transfer,3864.05,Success,2026-08-17 00:59:54,
P001544,B001148,1,Apple Pay,2830.05,Success,2026-01-30 00:18:00,
P001545,B001149,1,Apple Pay,3459.28,Success,2025-09-29 00:35:00,
P001546,B001150,1,Digital Wallet,2802.48,Success,2026-02-06 00:23:00,
P001547,B001151,1,Credit Card,628.65,Failed,2025-12-05 00:13:00,Fraud Check
P001548,B001151,2,Debit Card,628.65,Success,2025-12-05 00:19:40,
P001549,B001152,1,Credit Card,797.03,Success,2026-09-08 00:31:00,
P001550,B001153,1,Bank Transfer,2226.83,Success,2025-11-03 00:05:00,
P001551,B001154,1,Apple Pay,3873.86,Success,2026-02-06 00:36:00,
P001552,B001155,1,Debit Card,4609.52,Failed,2026-02-05 00:15:00,Fraud Check
P001553,B001155,2,Apple Pay,4609.52,Failed,2026-02-05 00:18:25,Technical Error
P001554,B001155,3,Digital Wallet,4609.52,Success,2026-02-05 00:28:35,
P001555,B001156,1,Debit Card,633.69,Success,2026-09-02 00:21:00,
P001556,B001157,1,Digital Wallet,2156.14,Success,2026-08-23 00:10:00,
P001557,B001158,1,Apple Pay,1507.02,Success,2026-07-08 00:37:00,
P001558,B001159,1,Apple Pay,4168.42,Success,2025-08-02 00:09:00,
P001559,B001160,1,Digital Wallet,4306.86,Success,2026-03-29 00:24:00,
P001560,B001161,1,Bank Transfer,1428.84,Success,2026-03-16 00:43:00,
P001561,B001162,1,Apple Pay,3698.72,Success,2026-09-19 00:23:00,
P001562,B001163,1,Digital Wallet,3792.9,Success,2026-09-12 00:17:00,
P001563,B001164,1,Bank Transfer,1296.76,Success,2026-05-29 00:26:00,
P001564,B001165,1,Digital Wallet,2451.63,Success,2026-03-24 00:57:00,
P001565,B001166,1,Debit Card,3291.52,Failed,2026-07-18 00:56:00,Insufficient Funds
P001566,B001166,2,Debit Card,3291.52,Success,2026-07-18 00:59:57,
P001567,B001167,1,Bank Transfer,617.3,Success,2025-11-30 00:17:00,
P001568,B001168,1,Bank Transfer,2320.66,Failed,2026-01-01 00:52:00,Payment Timeout
P001569,B001168,2,Apple Pay,2320.66,Success,2026-01-01 00:59:24,
P001570,B001169,1,Apple Pay,1197.31,Success,2025-11-14 00:31:00,
P001571,B001170,1,Apple Pay,2938.53,Success,2026-04-26 00:47:00,
P001572,B001171,1,Bank Transfer,4293.13,Success,2026-03-09 00:50:00,
P001573,B001172,1,Bank Transfer,2861.39,Success,2026-02-24 00:46:00,
P001574,B001173,1,Digital Wallet,661.93,Failed,2026-07-09 00:56:00,Payment Timeout
P001575,B001173,2,Debit Card,661.93,Failed,2026-07-09 01:05:13,Technical Error
P001576,B001173,3,Bank Transfer,661.93,Success,2026-07-09 01:20:00,
P001577,B001174,1,Digital Wallet,633.46,Success,2025-12-02 00:57:00,
P001578,B001175,1,Credit Card,3224.76,Success,2026-06-15 00:28:00,
P001579,B001176,1,Bank Transfer,1975.92,Failed,2025-10-21 00:58:00,Card Declined
P001580,B001176,2,Debit Card,1975.92,Failed,2025-10-21 01:09:13,Card Declined
P001581,B001176,3,Credit Card,1975.92,Success,2025-10-21 01:21:33,
P001582,B001177,1,Debit Card,3077.0,Success,2025-08-06 00:27:00,
P001583,B001178,1,Credit Card,1236.37,Success,2026-03-09 00:51:00,
P001584,B001179,1,Digital Wallet,3995.88,Success,2026-07-23 00:58:00,
P001585,B001180,1,Apple Pay,4373.24,Success,2026-02-06 00:40:00,
P001586,B001181,1,Apple Pay,4501.52,Success,2026-12-04 00:21:00,
P001587,B001182,1,Bank Transfer,1868.34,Success,2026-04-19 00:34:00,
P001588,B001183,1,Credit Card,3473.31,Success,2025-11-22 00:19:00,
P001589,B001184,1,Apple Pay,1755.69,Success,2026-01-25 00:46:00,
P001590,B001185,1,Bank Transfer,3932.41,Success,2025-12-27 00:58:00,
P001591,B001186,1,Credit Card,1042.36,Success,2026-06-19 00:27:00,
P001592,B001187,1,Credit Card,3932.44,Failed,2026-07-28 00:22:00,Card Declined
P001593,B001187,2,Credit Card,3932.44,Success,2026-07-28 00:32:19,
P001594,B001188,1,Apple Pay,2478.78,Success,2026-08-28 00:54:00,
P001595,B001189,1,Bank Transfer,4349.97,Success,2026-04-06 00:05:00,
P001596,B001190,1,Bank Transfer,3825.19,Success,2026-03-28 00:38:00,
P001597,B001191,1,Debit Card,2194.34,Success,2026-11-17 00:47:00,
P001598,B001192,1,Debit Card,4565.93,Success,2026-01-08 00:11:00,
P001599,B001193,1,Bank Transfer,1775.02,Failed,2026-03-03 00:28:00,Payment Timeout
P001600,B001193,2,Apple Pay,1775.02,Success,2026-03-03 00:32:59,
P001601,B001194,1,Credit Card,4851.45,Success,2025-12-15 00:36:00,
P001602,B001195,1,Apple Pay,3952.42,Success,2026-01-12 00:33:00,
P001603,B001196,1,Bank Transfer,4958.04,Success,2026-04-17 00:35:00,
P001604,B001197,1,Debit Card,742.57,Success,2026-05-02 00:43:00,
P001605,B001198,1,Bank Transfer,1733.16,Success,2026-07-30 00:45:00,
P001606,B001199,1,Apple Pay,3835.69,Success,2026-10-13 00:26:00,
P001607,B001200,1,Debit Card,4650.12,Failed,2025-12-31 00:40:00,Insufficient Funds
P001608,B001200,2,Debit Card,4650.12,Failed,2025-12-31 00:53:16,Card Declined
P001609,B001200,3,Debit Card,4650.12,Success,2025-12-31 01:00:51,
P001610,B001201,1,Bank Transfer,629.47,Success,2026-09-20 00:10:00,
P001611,B001202,1,Apple Pay,500.04,Success,2026-01-25 00:26:00,
P001612,B001203,1,Digital Wallet,1653.09,Success,2026-11-14 00:35:00,
P001613,B001204,1,Credit Card,4337.5,Success,2026-09-05 00:46:00,
P001614,B001205,1,Apple Pay,3952.19,Success,2025-08-24 00:16:00,
P001615,B001206,1,Digital Wallet,2031.25,Success,2026-04-12 00:58:00,
P001616,B001207,1,Credit Card,509.05,Success,2026-07-09 00:33:00,
P001617,B001208,1,Debit Card,2996.18,Success,2025-12-28 00:57:00,
P001618,B001209,1,Bank Transfer,1570.8,Success,2026-07-11 00:57:00,
P001619,B001210,1,Apple Pay,3855.24,Success,2025-12-10 00:07:00,
P001620,B001211,1,Digital Wallet,2508.57,Success,2026-11-28 00:42:00,
P001621,B001212,1,Apple Pay,3553.71,Failed,2025-10-05 00:35:00,Insufficient Funds
P001622,B001212,2,Bank Transfer,3553.71,Failed,2025-10-05 00:46:13,Insufficient Funds
P001623,B001212,3,Digital Wallet,3553.71,Success,2025-10-05 00:49:11,
P001624,B001213,1,Bank Transfer,4335.39,Success,2026-07-10 00:06:00,
P001625,B001214,1,Digital Wallet,2910.92,Failed,2026-01-15 00:59:00,Card Declined
P001626,B001214,2,Bank Transfer,2910.92,Success,2026-01-15 01:13:25,
P001627,B001215,1,Credit Card,2011.8,Success,2026-03-31 00:55:00,
P001628,B001216,1,Digital Wallet,3962.95,Success,2025-11-22 00:49:00,
P001629,B001217,1,Digital Wallet,1693.34,Success,2026-03-18 00:46:00,
P001630,B001218,1,Apple Pay,4511.83,Success,2026-02-20 00:14:00,
P001631,B001219,1,Digital Wallet,821.42,Success,2026-07-05 00:19:00,
P001632,B001220,1,Apple Pay,4259.61,Success,2026-01-13 00:07:00,
P001633,B001221,1,Apple Pay,912.0,Success,2026-05-28 00:33:00,
P001634,B001222,1,Digital Wallet,752.62,Success,2026-09-14 00:51:00,
P001635,B001223,1,Bank Transfer,2134.66,Failed,2026-06-30 00:12:00,Insufficient Funds
P001636,B001223,2,Digital Wallet,2134.66,Failed,2026-06-30 00:16:56,Payment Timeout
P001637,B001223,3,Digital Wallet,2134.66,Success,2026-06-30 00:30:08,
P001638,B001224,1,Digital Wallet,4804.47,Failed,2026-03-16 00:18:00,Fraud Check
P001639,B001224,2,Debit Card,4804.47,Success,2026-03-16 00:25:16,
P001640,B001225,1,Credit Card,4925.69,Success,2026-06-03 00:28:00,
P001641,B001226,1,Debit Card,1409.32,Success,2026-04-07 00:05:00,
P001642,B001227,1,Credit Card,1168.87,Failed,2026-03-16 01:00:00,Card Declined
P001643,B001227,2,Credit Card,1168.87,Failed,2026-03-16 01:12:59,Card Declined
P001644,B001227,3,Credit Card,1168.87,Success,2026-03-16 01:27:34,
P001645,B001228,1,Apple Pay,2088.29,Success,2026-06-16 00:27:00,
P001646,B001229,1,Apple Pay,2016.89,Success,2026-05-25 00:09:00,
P001647,B001230,1,Apple Pay,3918.17,Success,2025-10-14 00:17:00,
P001648,B001231,1,Apple Pay,2498.0,Success,2026-04-07 00:22:00,
P001649,B001232,1,Apple Pay,4009.48,Success,2026-05-02 00:32:00,
P001650,B001233,1,Credit Card,3869.21,Success,2026-02-18 00:36:00,
P001651,B001234,1,Bank Transfer,3102.4,Success,2025-12-21 00:24:00,
P001652,B001235,1,Credit Card,4250.8,Success,2026-06-04 00:50:00,
P001653,B001236,1,Debit Card,1380.41,Success,2026-10-28 00:07:00,
P001654,B001237,1,Digital Wallet,1228.15,Success,2026-03-09 00:20:00,
P001655,B001238,1,Bank Transfer,3877.93,Success,2025-10-31 00:29:00,
P001656,B001239,1,Debit Card,1601.59,Success,2026-01-18 00:51:00,
P001657,B001240,1,Digital Wallet,512.57,Success,2025-12-02 00:59:00,
P001658,B001241,1,Digital Wallet,4603.82,Success,2026-02-16 00:16:00,
P001659,B001242,1,Apple Pay,3303.22,Success,2025-12-06 00:59:00,
P001660,B001243,1,Bank Transfer,2502.22,Failed,2026-02-04 00:30:00,Fraud Check
P001661,B001243,2,Credit Card,2502.22,Success,2026-02-04 00:39:33,
P001662,B001244,1,Apple Pay,3765.81,Success,2025-10-20 00:59:00,
P001663,B001245,1,Bank Transfer,1999.99,Success,2026-03-22 00:59:00,
P001664,B001246,1,Apple Pay,4791.5,Success,2026-07-16 00:37:00,
P001665,B001247,1,Digital Wallet,808.79,Success,2026-08-13 00:56:00,
P001666,B001248,1,Debit Card,3384.27,Success,2026-12-16 00:41:00,
P001667,B001249,1,Bank Transfer,3997.8,Failed,2026-04-10 00:44:00,Fraud Check
P001668,B001249,2,Apple Pay,3997.8,Success,2026-04-10 00:56:31,
P001669,B001250,1,Bank Transfer,2611.07,Success,2025-11-16 00:50:00,
P001670,B001251,1,Digital Wallet,3897.36,Success,2026-04-01 00:26:00,
P001671,B001252,1,Credit Card,4671.1,Success,2026-03-22 00:25:00,
P001672,B001253,1,Apple Pay,3847.97,Success,2026-05-12 00:10:00,
P001673,B001254,1,Apple Pay,1892.15,Success,2025-10-07 00:47:00,
P001674,B001255,1,Digital Wallet,3028.31,Success,2025-12-10 00:34:00,
P001675,B001256,1,Credit Card,4602.22,Success,2026-04-06 00:27:00,
P001676,B001257,1,Apple Pay,2520.94,Success,2026-06-27 00:43:00,
P001677,B001258,1,Apple Pay,3567.64,Success,2026-07-10 00:22:00,
P001678,B001259,1,Bank Transfer,2594.82,Failed,2026-02-19 00:11:00,Insufficient Funds
P001679,B001259,2,Apple Pay,2594.82,Success,2026-02-19 00:17:36,
P001680,B001260,1,Credit Card,1046.05,Success,2025-09-16 00:49:00,
P001681,B001261,1,Digital Wallet,763.69,Failed,2026-09-15 00:52:00,Fraud Check
P001682,B001261,2,Digital Wallet,763.69,Failed,2026-09-15 00:59:58,Technical Error
P001683,B001261,3,Bank Transfer,763.69,Success,2026-09-15 01:01:35,
P001684,B001262,1,Debit Card,4785.23,Success,2026-02-08 00:29:00,
P001685,B001263,1,Apple Pay,3256.44,Success,2025-12-23 00:10:00,
P001686,B001264,1,Digital Wallet,967.17,Success,2026-02-25 00:42:00,
P001687,B001265,1,Apple Pay,4358.47,Success,2025-12-19 00:06:00,
P001688,B001266,1,Credit Card,2852.12,Success,2026-04-18 00:39:00,
P001689,B001267,1,Credit Card,3973.69,Success,2026-07-19 00:22:00,
P001690,B001268,1,Digital Wallet,1070.4,Success,2026-08-19 00:28:00,
P001691,B001269,1,Bank Transfer,4581.1,Success,2025-10-23 00:05:00,
P001692,B001270,1,Bank Transfer,3157.41,Success,2025-10-13 00:53:00,
P001693,B001271,1,Credit Card,3822.17,Success,2026-05-06 00:38:00,
P001694,B001272,1,Apple Pay,641.21,Success,2026-01-09 00:33:00,
P001695,B001273,1,Credit Card,1918.87,Failed,2025-11-27 00:58:00,Payment Timeout
P001696,B001273,2,Apple Pay,1918.87,Success,2025-11-27 01:08:10,
P001697,B001274,1,Bank Transfer,1703.5,Success,2026-08-18 00:20:00,
P001698,B001275,1,Digital Wallet,4773.18,Failed,2025-08-23 00:29:00,Fraud Check
P001699,B001275,2,Debit Card,4773.18,Success,2025-08-23 00:34:15,
P001700,B001276,1,Apple Pay,1334.02,Success,2025-11-11 00:45:00,
P001701,B001277,1,Debit Card,3681.73,Success,2026-05-24 00:46:00,
P001702,B001278,1,Debit Card,692.39,Success,2026-03-06 00:56:00,
P001703,B001279,1,Digital Wallet,1389.58,Success,2026-03-18 00:56:00,
P001704,B001280,1,Digital Wallet,2023.69,Failed,2026-03-08 00:44:00,Card Declined
P001705,B001280,2,Bank Transfer,2023.69,Success,2026-03-08 00:54:18,
P001706,B001281,1,Apple Pay,4075.28,Success,2026-03-12 00:19:00,
P001707,B001282,1,Digital Wallet,4054.89,Success,2026-02-14 00:09:00,
P001708,B001283,1,Debit Card,4786.71,Success,2026-02-22 00:22:00,
P001709,B001284,1,Digital Wallet,4625.45,Failed,2026-03-03 00:49:00,Insufficient Funds
P001710,B001284,2,Apple Pay,4625.45,Success,2026-03-03 00:58:40,
P001711,B001285,1,Credit Card,866.82,Success,2026-06-07 00:50:00,
P001712,B001286,1,Apple Pay,4234.4,Success,2026-06-16 00:15:00,
P001713,B001287,1,Bank Transfer,2530.28,Failed,2026-03-18 00:40:00,Fraud Check
P001714,B001287,2,Bank Transfer,2530.28,Success,2026-03-18 00:50:46,
P001715,B001288,1,Digital Wallet,4396.49,Failed,2026-08-24 00:06:00,Technical Error
P001716,B001288,2,Apple Pay,4396.49,Failed,2026-08-24 00:19:32,Insufficient Funds
P001717,B001288,3,Credit Card,4396.49,Success,2026-08-24 00:26:46,
P001718,B001289,1,Bank Transfer,901.79,Success,2025-11-09 00:24:00,
P001719,B001290,1,Debit Card,4202.46,Success,2026-02-18 00:49:00,
P001720,B001291,1,Apple Pay,1218.39,Failed,2025-12-29 00:32:00,Insufficient Funds
P001721,B001291,2,Apple Pay,1218.39,Success,2025-12-29 00:34:44,
P001722,B001292,1,Apple Pay,2002.29,Success,2026-04-09 00:09:00,
P001723,B001293,1,Credit Card,629.82,Success,2026-07-30 00:23:00,
P001724,B001294,1,Bank Transfer,1056.78,Success,2025-10-05 00:29:00,
P001725,B001295,1,Bank Transfer,2505.77,Failed,2026-04-23 00:53:00,Payment Timeout
P001726,B001295,2,Credit Card,2505.77,Failed,2026-04-23 01:07:16,Payment Timeout
P001727,B001295,3,Apple Pay,2505.77,Success,2026-04-23 01:13:50,
P001728,B001296,1,Bank Transfer,4182.52,Success,2026-05-16 00:32:00,
P001729,B001297,1,Digital Wallet,3981.51,Success,2026-08-02 00:21:00,
P001730,B001298,1,Credit Card,1558.84,Failed,2026-10-26 00:38:00,Technical Error
P001731,B001298,2,Digital Wallet,1558.84,Failed,2026-10-26 00:46:15,Insufficient Funds
P001732,B001298,3,Credit Card,1558.84,Success,2026-10-26 00:53:49,
P001733,B001299,1,Debit Card,1182.61,Success,2026-11-12 00:15:00,
P001734,B001300,1,Bank Transfer,2251.69,Success,2026-01-22 00:38:00,
P001735,B001301,1,Debit Card,4474.71,Failed,2026-03-02 00:18:00,Payment Timeout
P001736,B001301,2,Apple Pay,4474.71,Failed,2026-03-02 00:23:57,Payment Timeout
P001737,B001301,3,Apple Pay,4474.71,Success,2026-03-02 00:30:26,
P001738,B001302,1,Apple Pay,911.41,Failed,2026-10-16 00:33:00,Technical Error
P001739,B001302,2,Apple Pay,911.41,Failed,2026-10-16 00:39:12,Fraud Check
P001740,B001302,3,Bank Transfer,911.41,Success,2026-10-16 00:50:22,
P001741,B001303,1,Debit Card,2943.11,Success,2026-05-11 00:15:00,
P001742,B001304,1,Bank Transfer,899.63,Success,2026-02-26 00:54:00,
P001743,B001305,1,Apple Pay,2615.95,Success,2026-01-18 00:21:00,
P001744,B001306,1,Apple Pay,1070.56,Failed,2025-11-12 00:07:00,Technical Error
P001745,B001306,2,Credit Card,1070.56,Failed,2025-11-12 00:20:23,Fraud Check
P001746,B001306,3,Debit Card,1070.56,Success,2025-11-12 00:24:56,
P001747,B001307,1,Debit Card,861.52,Success,2026-07-01 00:18:00,
P001748,B001308,1,Apple Pay,1358.82,Success,2026-06-17 00:10:00,
P001749,B001309,1,Apple Pay,1648.65,Success,2026-08-01 00:40:00,
P001750,B001310,1,Credit Card,1743.19,Success,2026-09-28 00:17:00,
P001751,B001311,1,Digital Wallet,3403.71,Success,2026-07-16 00:44:00,
P001752,B001312,1,Bank Transfer,747.42,Success,2025-11-19 00:34:00,
P001753,B001313,1,Debit Card,863.64,Success,2025-12-09 00:05:00,
P001754,B001314,1,Credit Card,1349.18,Success,2026-06-17 00:48:00,
P001755,B001315,1,Digital Wallet,4424.28,Success,2026-02-06 00:22:00,
P001756,B001316,1,Apple Pay,3328.72,Success,2026-09-08 00:29:00,
P001757,B001317,1,Digital Wallet,3786.66,Success,2025-12-09 00:21:00,
P001758,B001318,1,Digital Wallet,2166.63,Success,2026-04-24 01:00:00,
P001759,B001319,1,Apple Pay,1459.49,Success,2026-03-28 00:57:00,
P001760,B001320,1,Credit Card,670.83,Failed,2025-11-29 00:53:00,Payment Timeout
P001761,B001320,2,Bank Transfer,670.83,Failed,2025-11-29 01:03:25,Insufficient Funds
P001762,B001320,3,Debit Card,670.83,Success,2025-11-29 01:10:55,
P001763,B001321,1,Credit Card,2698.41,Success,2026-10-11 00:21:00,
P001764,B001322,1,Apple Pay,3084.26,Success,2026-09-20 00:24:00,
P001765,B001323,1,Credit Card,4536.51,Success,2026-11-09 00:44:00,
P001766,B001324,1,Credit Card,4469.42,Success,2026-05-22 00:06:00,
P001767,B001325,1,Debit Card,2411.08,Success,2025-12-01 00:26:00,
P001768,B001326,1,Apple Pay,2406.1,Success,2026-01-24 00:42:00,
P001769,B001327,1,Credit Card,1225.05,Success,2026-04-21 00:22:00,
P001770,B001328,1,Bank Transfer,1658.52,Success,2026-02-13 00:05:00,
P001771,B001329,1,Apple Pay,4665.49,Success,2025-12-21 00:22:00,
P001772,B001330,1,Credit Card,1134.66,Success,2026-01-18 00:36:00,
P001773,B001331,1,Bank Transfer,4859.15,Success,2026-04-23 00:45:00,
P001774,B001332,1,Debit Card,2771.32,Failed,2026-03-31 00:38:00,Insufficient Funds
P001775,B001332,2,Credit Card,2771.32,Success,2026-03-31 00:46:33,
P001776,B001333,1,Digital Wallet,2554.73,Success,2025-11-07 00:22:00,
P001777,B001334,1,Digital Wallet,1285.87,Success,2026-05-10 00:47:00,
P001778,B001335,1,Debit Card,3476.94,Success,2026-07-07 00:19:00,
P001779,B001336,1,Bank Transfer,2569.3,Failed,2026-04-09 00:38:00,Insufficient Funds
P001780,B001336,2,Debit Card,2569.3,Success,2026-04-09 00:45:12,
P001781,B001337,1,Credit Card,2167.98,Failed,2025-12-25 00:26:00,Insufficient Funds
P001782,B001337,2,Bank Transfer,2167.98,Failed,2025-12-25 00:40:13,Card Declined
P001783,B001337,3,Digital Wallet,2167.98,Success,2025-12-25 00:52:12,
P001784,B001338,1,Credit Card,1690.32,Success,2026-01-30 00:18:00,
P001785,B001339,1,Debit Card,799.19,Success,2026-03-17 00:16:00,
P001786,B001340,1,Bank Transfer,2836.98,Success,2026-01-29 00:55:00,
P001787,B001341,1,Credit Card,1908.09,Failed,2026-05-17 00:05:00,Card Declined
P001788,B001341,2,Apple Pay,1908.09,Success,2026-05-17 00:12:33,
P001789,B001342,1,Bank Transfer,3685.39,Success,2025-09-05 00:59:00,
P001790,B001343,1,Digital Wallet,3755.85,Success,2026-03-29 00:34:00,
P001791,B001344,1,Credit Card,1994.48,Failed,2025-10-20 00:33:00,Payment Timeout
P001792,B001344,2,Debit Card,1994.48,Failed,2025-10-20 00:35:51,Card Declined
P001793,B001344,3,Credit Card,1994.48,Success,2025-10-20 00:42:17,
P001794,B001345,1,Credit Card,3511.04,Failed,2026-06-26 00:07:00,Payment Timeout
P001795,B001345,2,Debit Card,3511.04,Failed,2026-06-26 00:09:53,Payment Timeout
P001796,B001345,3,Digital Wallet,3511.04,Success,2026-06-26 00:14:03,
P001797,B001346,1,Credit Card,1664.04,Success,2025-12-02 00:41:00,
P001798,B001347,1,Apple Pay,3772.28,Failed,2026-04-17 00:57:00,Technical Error
P001799,B001347,2,Bank Transfer,3772.28,Success,2026-04-17 01:07:49,
P001800,B001348,1,Credit Card,572.35,Failed,2026-06-06 00:47:00,Card Declined
P001801,B001348,2,Digital Wallet,572.35,Failed,2026-06-06 00:54:32,Technical Error
P001802,B001348,3,Debit Card,572.35,Success,2026-06-06 01:06:48,
P001803,B001349,1,Apple Pay,1182.24,Success,2026-07-21 00:08:00,
P001804,B001350,1,Digital Wallet,1602.54,Success,2025-11-28 00:54:00,
P001805,B001351,1,Credit Card,3978.21,Success,2026-04-14 00:16:00,
P001806,B001352,1,Digital Wallet,798.69,Success,2026-07-23 00:58:00,
P001807,B001353,1,Debit Card,1346.26,Success,2026-06-17 00:23:00,
P001808,B001354,1,Debit Card,2113.81,Success,2026-05-29 00:37:00,
P001809,B001355,1,Bank Transfer,541.29,Success,2026-04-02 00:19:00,
P001810,B001356,1,Apple Pay,3929.54,Failed,2025-09-22 00:40:00,Fraud Check
P001811,B001356,2,Debit Card,3929.54,Failed,2025-09-22 00:53:14,Insufficient Funds
P001812,B001356,3,Digital Wallet,3929.54,Success,2025-09-22 01:00:56,
P001813,B001357,1,Apple Pay,3020.47,Success,2025-12-04 00:19:00,
P001814,B001358,1,Credit Card,4553.06,Success,2026-09-01 00:38:00,
P001815,B001359,1,Debit Card,639.64,Failed,2026-10-31 00:07:00,Insufficient Funds
P001816,B001359,2,Credit Card,639.64,Failed,2026-10-31 00:14:52,Card Declined
P001817,B001359,3,Debit Card,639.64,Success,2026-10-31 00:19:15,
P001818,B001360,1,Bank Transfer,1721.26,Success,2025-11-14 00:38:00,
P001819,B001361,1,Credit Card,3790.63,Success,2026-11-17 00:21:00,
P001820,B001362,1,Debit Card,3538.17,Success,2026-08-14 00:51:00,
P001821,B001363,1,Credit Card,1593.76,Success,2026-11-25 00:16:00,
P001822,B001364,1,Bank Transfer,3180.59,Success,2026-04-28 00:31:00,
P001823,B001365,1,Apple Pay,4071.91,Success,2025-12-30 00:50:00,
P001824,B001366,1,Digital Wallet,650.21,Failed,2025-08-23 00:40:00,Insufficient Funds
P001825,B001366,2,Bank Transfer,650.21,Success,2025-08-23 00:49:24,
P001826,B001367,1,Credit Card,3729.33,Success,2026-08-16 00:30:00,
P001827,B001368,1,Digital Wallet,1634.44,Failed,2026-01-23 00:52:00,Payment Timeout
P001828,B001368,2,Credit Card,1634.44,Failed,2026-01-23 01:01:47,Fraud Check
P001829,B001368,3,Digital Wallet,1634.44,Success,2026-01-23 01:10:13,
P001830,B001369,1,Bank Transfer,4765.33,Failed,2026-02-11 00:28:00,Card Declined
P001831,B001369,2,Digital Wallet,4765.33,Success,2026-02-11 00:29:26,
P001832,B001370,1,Debit Card,2921.99,Success,2026-10-19 00:34:00,
P001833,B001371,1,Debit Card,650.24,Success,2026-11-27 00:25:00,
P001834,B001372,1,Debit Card,2315.44,Failed,2026-05-23 00:49:00,Card Declined
P001835,B001372,2,Digital Wallet,2315.44,Success,2026-05-23 00:53:51,
P001836,B001373,1,Credit Card,4848.4,Success,2026-06-19 00:21:00,
P001837,B001374,1,Apple Pay,3786.68,Failed,2026-06-23 00:08:00,Insufficient Funds
P001838,B001374,2,Apple Pay,3786.68,Success,2026-06-23 00:16:29,
P001839,B001375,1,Apple Pay,1852.16,Success,2026-08-27 00:17:00,
P001840,B001376,1,Apple Pay,3088.7,Success,2025-11-20 00:41:00,
P001841,B001377,1,Credit Card,3195.96,Success,2026-08-22 00:30:00,
P001842,B001378,1,Bank Transfer,605.07,Success,2025-11-06 00:50:00,
P001843,B001379,1,Digital Wallet,1304.75,Success,2026-03-12 00:36:00,
P001844,B001380,1,Debit Card,2983.0,Success,2025-11-05 00:37:00,
P001845,B001381,1,Credit Card,2312.39,Success,2025-11-18 00:48:00,
P001846,B001382,1,Apple Pay,1355.17,Success,2026-04-14 01:00:00,
P001847,B001383,1,Debit Card,3977.01,Success,2026-05-16 00:59:00,
P001848,B001384,1,Bank Transfer,2700.48,Success,2025-08-15 00:56:00,
P001849,B001385,1,Digital Wallet,1894.88,Failed,2026-06-09 00:50:00,Technical Error
P001850,B001385,2,Credit Card,1894.88,Success,2026-06-09 00:51:10,
P001851,B001386,1,Debit Card,1227.55,Success,2026-04-14 00:20:00,
P001852,B001387,1,Bank Transfer,3250.24,Success,2026-04-18 00:43:00,
P001853,B001388,1,Credit Card,3498.18,Success,2025-12-10 00:24:00,
P001854,B001389,1,Debit Card,3513.19,Success,2025-11-04 00:30:00,
P001855,B001390,1,Debit Card,1491.29,Success,2026-02-05 00:37:00,
P001856,B001391,1,Apple Pay,3179.02,Success,2026-08-17 00:24:00,
P001857,B001392,1,Bank Transfer,4574.33,Failed,2026-01-28 00:15:00,Insufficient Funds
P001858,B001392,2,Debit Card,4574.33,Failed,2026-01-28 00:16:39,Technical Error
P001859,B001392,3,Digital Wallet,4574.33,Success,2026-01-28 00:18:32,
P001860,B001393,1,Bank Transfer,2089.34,Success,2026-04-02 00:38:00,
P001861,B001394,1,Bank Transfer,1448.45,Success,2026-04-07 00:32:00,
P001862,B001395,1,Credit Card,3974.67,Success,2026-07-13 00:46:00,
P001863,B001396,1,Credit Card,1295.97,Success,2025-11-10 00:17:00,
P001864,B001397,1,Apple Pay,1641.87,Failed,2026-07-21 00:24:00,Technical Error
P001865,B001397,2,Bank Transfer,1641.87,Success,2026-07-21 00:27:55,
P001866,B001398,1,Apple Pay,952.9,Success,2026-03-01 00:40:00,
P001867,B001399,1,Digital Wallet,1705.43,Success,2026-07-14 00:50:00,
P001868,B001400,1,Apple Pay,2346.51,Failed,2026-11-17 00:16:00,Technical Error
P001869,B001400,2,Apple Pay,2346.51,Success,2026-11-17 00:21:39,
P001870,B001401,1,Apple Pay,788.71,Success,2026-09-20 00:36:00,
P001871,B001402,1,Digital Wallet,4422.69,Success,2025-11-28 00:31:00,
P001872,B001403,1,Apple Pay,2811.54,Success,2025-10-17 00:52:00,
P001873,B001404,1,Apple Pay,3146.47,Success,2026-09-09 00:19:00,
P001874,B001405,1,Digital Wallet,2170.79,Success,2025-11-16 00:27:00,
P001875,B001406,1,Apple Pay,3514.26,Success,2026-03-24 00:19:00,
P001876,B001407,1,Debit Card,2443.02,Success,2026-12-07 00:21:00,
P001877,B001408,1,Credit Card,3925.91,Success,2025-12-20 00:25:00,
P001878,B001409,1,Debit Card,4196.31,Success,2026-02-02 00:12:00,
P001879,B001410,1,Debit Card,3523.32,Success,2026-02-05 00:39:00,
P001880,B001411,1,Credit Card,2711.01,Failed,2026-10-14 00:50:00,Insufficient Funds
P001881,B001411,2,Credit Card,2711.01,Success,2026-10-14 01:00:19,
P001882,B001412,1,Apple Pay,4020.21,Success,2026-01-12 00:35:00,
P001883,B001413,1,Bank Transfer,2724.28,Success,2026-01-17 00:43:00,
P001884,B001414,1,Debit Card,1001.79,Success,2026-05-03 00:38:00,
P001885,B001415,1,Debit Card,1023.53,Success,2025-09-19 00:08:00,
P001886,B001416,1,Bank Transfer,4768.62,Success,2025-12-13 00:06:00,
P001887,B001417,1,Apple Pay,1461.03,Failed,2026-07-20 00:12:00,Fraud Check
P001888,B001417,2,Bank Transfer,1461.03,Success,2026-07-20 00:21:20,
P001889,B001418,1,Debit Card,4171.66,Success,2025-09-11 00:12:00,
P001890,B001419,1,Bank Transfer,1610.17,Success,2025-10-26 00:57:00,
P001891,B001420,1,Bank Transfer,2438.51,Success,2026-07-14 00:24:00,
P001892,B001421,1,Digital Wallet,3447.27,Success,2025-09-18 00:16:00,
P001893,B001422,1,Debit Card,1214.9,Success,2025-11-16 00:58:00,
P001894,B001423,1,Bank Transfer,3817.61,Success,2026-07-19 00:25:00,
P001895,B001424,1,Bank Transfer,3604.61,Success,2025-10-12 00:43:00,
P001896,B001425,1,Digital Wallet,2943.87,Failed,2026-04-02 00:05:00,Insufficient Funds
P001897,B001425,2,Bank Transfer,2943.87,Success,2026-04-02 00:11:53,
P001898,B001426,1,Apple Pay,3046.5,Failed,2026-01-23 00:10:00,Card Declined
P001899,B001426,2,Apple Pay,3046.5,Success,2026-01-23 00:16:59,
P001900,B001427,1,Digital Wallet,975.97,Success,2026-06-12 00:12:00,
P001901,B001428,1,Credit Card,2461.77,Success,2026-07-01 00:25:00,
P001902,B001429,1,Credit Card,889.57,Success,2026-11-29 00:28:00,
P001903,B001430,1,Bank Transfer,1885.38,Success,2026-09-15 01:00:00,
P001904,B001431,1,Bank Transfer,4551.4,Success,2026-10-03 00:36:00,
P001905,B001432,1,Debit Card,3085.4,Success,2026-07-29 00:31:00,
P001906,B001433,1,Debit Card,3842.17,Success,2025-09-08 00:56:00,
P001907,B001434,1,Credit Card,3082.49,Success,2026-02-15 00:30:00,
P001908,B001435,1,Credit Card,1374.07,Success,2026-08-17 00:38:00,
P001909,B001436,1,Digital Wallet,3176.64,Success,2025-11-29 00:27:00,
P001910,B001437,1,Credit Card,3899.25,Success,2026-06-24 00:11:00,
P001911,B001438,1,Debit Card,1122.82,Failed,2026-05-19 00:37:00,Fraud Check
P001912,B001438,2,Apple Pay,1122.82,Success,2026-05-19 00:40:29,
P001913,B001439,1,Debit Card,4176.08,Success,2025-12-17 00:58:00,
P001914,B001440,1,Digital Wallet,2999.26,Success,2025-11-08 00:28:00,
P001915,B001441,1,Credit Card,519.24,Failed,2026-05-28 00:27:00,Technical Error
P001916,B001441,2,Debit Card,519.24,Success,2026-05-28 00:29:20,
P001917,B001442,1,Digital Wallet,2839.0,Success,2026-08-30 00:37:00,
P001918,B001443,1,Debit Card,2280.52,Success,2026-05-10 00:08:00,
P001919,B001444,1,Apple Pay,1834.01,Success,2026-07-11 00:41:00,
P001920,B001445,1,Credit Card,3970.66,Success,2026-04-12 00:58:00,
P001921,B001446,1,Digital Wallet,4547.75,Success,2026-09-20 00:38:00,
P001922,B001447,1,Credit Card,3931.94,Success,2026-01-24 00:22:00,
P001923,B001448,1,Digital Wallet,4310.48,Success,2026-04-30 00:30:00,
P001924,B001449,1,Debit Card,4589.51,Success,2026-01-14 00:07:00,
P001925,B001450,1,Debit Card,4606.83,Success,2026-01-04 00:16:00,
P001926,B001451,1,Debit Card,1015.87,Success,2026-05-28 00:32:00,
P001927,B001452,1,Bank Transfer,2553.73,Success,2026-07-10 00:26:00,
P001928,B001453,1,Debit Card,501.29,Success,2026-01-11 00:41:00,
P001929,B001454,1,Credit Card,2779.08,Failed,2025-11-28 00:27:00,Technical Error
P001930,B001454,2,Digital Wallet,2779.08,Success,2025-11-28 00:32:41,
P001931,B001455,1,Bank Transfer,4659.1,Success,2026-07-19 00:14:00,
P001932,B001456,1,Debit Card,1395.96,Success,2026-03-24 00:57:00,
P001933,B001457,1,Apple Pay,3379.04,Failed,2025-09-12 00:11:00,Technical Error
P001934,B001457,2,Digital Wallet,3379.04,Success,2025-09-12 00:15:24,
P001935,B001458,1,Apple Pay,3399.71,Success,2026-02-03 00:08:00,
P001936,B001459,1,Digital Wallet,1221.59,Success,2026-05-08 00:41:00,
P001937,B001460,1,Digital Wallet,1573.37,Success,2025-12-26 00:49:00,
P001938,B001461,1,Digital Wallet,2579.1,Success,2026-06-07 00:43:00,
P001939,B001462,1,Digital Wallet,1346.94,Success,2026-02-04 00:20:00,
P001940,B001463,1,Debit Card,3132.47,Failed,2026-04-11 00:35:00,Fraud Check
P001941,B001463,2,Debit Card,3132.47,Failed,2026-04-11 00:47:34,Technical Error
P001942,B001463,3,Bank Transfer,3132.47,Success,2026-04-11 00:49:20,
P001943,B001464,1,Bank Transfer,2680.44,Success,2026-08-31 00:09:00,
P001944,B001465,1,Apple Pay,2836.39,Success,2026-05-03 01:00:00,
P001945,B001466,1,Debit Card,1105.1,Success,2026-01-21 00:50:00,
P001946,B001467,1,Apple Pay,2827.63,Failed,2026-01-27 00:52:00,Insufficient Funds
P001947,B001467,2,Digital Wallet,2827.63,Failed,2026-01-27 00:58:51,Technical Error
P001948,B001467,3,Credit Card,2827.63,Success,2026-01-27 01:06:33,
P001949,B001468,1,Credit Card,722.65,Failed,2025-08-14 00:14:00,Payment Timeout
P001950,B001468,2,Digital Wallet,722.65,Failed,2025-08-14 00:20:24,Fraud Check
P001951,B001468,3,Apple Pay,722.65,Success,2025-08-14 00:26:52,
P001952,B001469,1,Bank Transfer,4466.91,Success,2025-12-22 00:58:00,
P001953,B001470,1,Bank Transfer,2044.62,Failed,2025-12-31 00:40:00,Card Declined
P001954,B001470,2,Digital Wallet,2044.62,Success,2025-12-31 00:44:43,
P001955,B001471,1,Debit Card,4353.52,Success,2025-11-19 00:57:00,
P001956,B001472,1,Debit Card,3657.45,Success,2026-02-22 00:59:00,
P001957,B001473,1,Debit Card,3947.78,Failed,2026-06-22 00:45:00,Fraud Check
P001958,B001473,2,Debit Card,3947.78,Success,2026-06-22 00:57:24,
P001959,B001474,1,Credit Card,1915.45,Failed,2026-08-31 00:38:00,Insufficient Funds
P001960,B001474,2,Credit Card,1915.45,Success,2026-08-31 00:48:48,
P001961,B001475,1,Apple Pay,1524.85,Success,2026-09-11 00:31:00,
P001962,B001476,1,Debit Card,2330.33,Success,2026-08-18 00:58:00,
P001963,B001477,1,Bank Transfer,609.02,Success,2026-06-07 00:42:00,
P001964,B001478,1,Bank Transfer,4634.4,Success,2026-08-08 00:13:00,
P001965,B001479,1,Credit Card,2241.56,Success,2026-01-11 00:06:00,
P001966,B001480,1,Apple Pay,4948.5,Success,2026-03-12 00:59:00,
P001967,B001481,1,Credit Card,3926.52,Success,2026-02-18 00:59:00,
P001968,B001482,1,Credit Card,862.32,Success,2026-07-09 00:20:00,
P001969,B001483,1,Bank Transfer,3470.85,Failed,2026-08-10 00:08:00,Technical Error
P001970,B001483,2,Debit Card,3470.85,Failed,2026-08-10 00:14:12,Card Declined
P001971,B001483,3,Bank Transfer,3470.85,Success,2026-08-10 00:22:11,
P001972,B001484,1,Digital Wallet,1718.78,Success,2026-03-12 00:59:00,
P001973,B001485,1,Bank Transfer,1596.73,Success,2025-11-21 00:35:00,
P001974,B001486,1,Digital Wallet,1654.53,Success,2025-11-26 00:27:00,
P001975,B001487,1,Bank Transfer,4622.34,Success,2026-03-10 00:27:00,
P001976,B001488,1,Credit Card,2749.91,Success,2026-01-27 00:25:00,
P001977,B001489,1,Apple Pay,3512.62,Success,2026-05-08 00:17:00,
P001978,B001490,1,Bank Transfer,1764.27,Success,2025-12-12 00:22:00,
P001979,B001491,1,Apple Pay,2853.3,Success,2026-03-27 00:56:00,
P001980,B001492,1,Credit Card,2075.45,Success,2026-08-03 00:11:00,
P001981,B001493,1,Apple Pay,1945.13,Success,2026-07-25 00:08:00,
P001982,B001494,1,Credit Card,1611.36,Failed,2026-04-12 00:14:00,Insufficient Funds
P001983,B001494,2,Digital Wallet,1611.36,Success,2026-04-12 00:21:22,
P001984,B001495,1,Apple Pay,2340.53,Success,2026-04-07 00:14:00,
P001985,B001496,1,Bank Transfer,3470.14,Failed,2026-08-13 00:12:00,Card Declined
P001986,B001496,2,Digital Wallet,3470.14,Success,2026-08-13 00:19:58,
P001987,B001497,1,Debit Card,1499.2,Failed,2026-08-27 00:21:00,Fraud Check
P001988,B001497,2,Digital Wallet,1499.2,Success,2026-08-27 00:25:40,
P001989,B001498,1,Debit Card,4844.5,Failed,2026-01-27 00:23:00,Technical Error
P001990,B001498,2,Credit Card,4844.5,Success,2026-01-27 00:36:42,
P001991,B001499,1,Credit Card,1060.75,Success,2026-05-17 00:47:00,
P001992,B001500,1,Credit Card,2660.93,Failed,2025-10-03 00:35:00,Card Declined
P001993,B001500,2,Apple Pay,2660.93,Success,2025-10-03 00:45:16,
P001994,B001501,1,Bank Transfer,882.63,Success,2025-12-25 00:20:00,
P001995,B001502,1,Credit Card,601.99,Success,2025-10-30 00:58:00,
P001996,B001503,1,Digital Wallet,4652.05,Failed,2026-06-08 00:22:00,Card Declined
P001997,B001503,2,Credit Card,4652.05,Success,2026-06-08 00:23:28,
P001998,B001504,1,Digital Wallet,4146.73,Success,2026-07-03 00:46:00,
P001999,B001505,1,Apple Pay,3623.7,Success,2025-12-25 00:44:00,
P002000,B001506,1,Digital Wallet,4393.36,Success,2026-08-11 00:49:00,
P002001,B001507,1,Bank Transfer,4112.82,Success,2026-08-14 00:56:00,
P002002,B001508,1,Apple Pay,3412.57,Success,2026-06-14 00:25:00,
P002003,B001509,1,Credit Card,4313.04,Success,2026-02-23 00:53:00,
P002004,B001510,1,Apple Pay,2258.6,Success,2026-03-20 00:06:00,
P002005,B001511,1,Apple Pay,2987.38,Failed,2026-11-10 00:46:00,Insufficient Funds
P002006,B001511,2,Credit Card,2987.38,Success,2026-11-10 00:55:29,
P002007,B001512,1,Bank Transfer,3993.4,Success,2025-12-06 00:06:00,
P002008,B001513,1,Debit Card,881.59,Success,2026-02-01 00:09:00,
P002009,B001514,1,Credit Card,4363.9,Success,2026-03-20 00:11:00,
P002010,B001515,1,Digital Wallet,1205.74,Failed,2026-09-06 00:08:00,Card Declined
P002011,B001515,2,Bank Transfer,1205.74,Success,2026-09-06 00:20:39,
P002012,B001516,1,Bank Transfer,4390.44,Success,2026-10-06 00:13:00,
P002013,B001517,1,Digital Wallet,1901.0,Success,2026-04-26 00:18:00,
P002014,B001518,1,Bank Transfer,1970.52,Success,2026-03-06 00:23:00,
P002015,B001519,1,Apple Pay,832.77,Success,2026-04-06 00:34:00,
P002016,B001520,1,Credit Card,4486.55,Success,2026-05-03 00:21:00,
P002017,B001521,1,Bank Transfer,1285.3,Success,2026-07-18 00:13:00,
P002018,B001522,1,Apple Pay,3335.22,Success,2026-07-02 00:39:00,
P002019,B001523,1,Bank Transfer,3397.85,Success,2026-09-21 00:16:00,
P002020,B001524,1,Digital Wallet,1765.18,Success,2026-08-03 00:53:00,
P002021,B001525,1,Apple Pay,4935.47,Success,2026-04-21 00:51:00,
P002022,B001526,1,Bank Transfer,788.75,Success,2025-12-27 00:43:00,
P002023,B001527,1,Apple Pay,3235.42,Success,2026-09-26 00:52:00,
P002024,B001528,1,Credit Card,2657.95,Success,2025-12-10 00:43:00,
P002025,B001529,1,Debit Card,1604.68,Success,2026-08-29 00:48:00,
P002026,B001530,1,Bank Transfer,1235.98,Success,2025-10-30 00:22:00,
P002027,B001531,1,Apple Pay,3816.88,Success,2026-09-30 00:13:00,
P002028,B001532,1,Apple Pay,4623.42,Success,2025-10-23 00:12:00,
P002029,B001533,1,Bank Transfer,983.96,Failed,2026-05-31 00:32:00,Technical Error
P002030,B001533,2,Bank Transfer,983.96,Success,2026-05-31 00:44:34,
P002031,B001534,1,Bank Transfer,1372.91,Success,2026-01-29 00:18:00,
P002032,B001535,1,Bank Transfer,4938.21,Success,2026-09-27 00:59:00,
P002033,B001536,1,Bank Transfer,567.6,Failed,2026-05-28 00:11:00,Card Declined
P002034,B001536,2,Bank Transfer,567.6,Success,2026-05-28 00:16:51,
P002035,B001537,1,Bank Transfer,2787.13,Success,2026-11-15 00:42:00,
P002036,B001538,1,Debit Card,2822.51,Failed,2026-07-08 00:14:00,Technical Error
P002037,B001538,2,Credit Card,2822.51,Success,2026-07-08 00:18:26,
P002038,B001539,1,Debit Card,1684.23,Success,2026-11-02 00:59:00,
P002039,B001540,1,Digital Wallet,3483.63,Success,2026-04-13 00:42:00,
P002040,B001541,1,Bank Transfer,4752.23,Success,2026-04-30 00:38:00,
P002041,B001542,1,Debit Card,2525.96,Success,2025-12-18 00:10:00,
P002042,B001543,1,Apple Pay,3872.39,Success,2026-07-29 00:36:00,
P002043,B001544,1,Digital Wallet,3407.32,Failed,2026-08-17 00:55:00,Payment Timeout
P002044,B001544,2,Credit Card,3407.32,Success,2026-08-17 01:08:21,
P002045,B001545,1,Debit Card,2628.24,Success,2025-10-07 01:00:00,
P002046,B001546,1,Credit Card,724.16,Success,2026-01-12 00:43:00,
P002047,B001547,1,Digital Wallet,3837.87,Success,2026-08-13 00:23:00,
P002048,B001548,1,Apple Pay,2134.63,Success,2026-01-04 00:13:00,
P002049,B001549,1,Bank Transfer,1510.23,Success,2026-09-16 00:25:00,
P002050,B001550,1,Digital Wallet,4767.21,Failed,2026-01-18 00:08:00,Card Declined
P002051,B001550,2,Apple Pay,4767.21,Success,2026-01-18 00:14:49,
P002052,B001551,1,Credit Card,3980.76,Success,2026-01-28 00:48:00,
P002053,B001552,1,Apple Pay,4830.21,Failed,2026-01-19 00:18:00,Fraud Check
P002054,B001552,2,Credit Card,4830.21,Failed,2026-01-19 00:19:15,Technical Error
P002055,B001552,3,Credit Card,4830.21,Success,2026-01-19 00:20:59,
P002056,B001553,1,Bank Transfer,1652.98,Failed,2025-12-06 00:06:00,Technical Error
P002057,B001553,2,Apple Pay,1652.98,Failed,2025-12-06 00:17:52,Insufficient Funds
P002058,B001553,3,Bank Transfer,1652.98,Success,2025-12-06 00:21:04,
P002059,B001554,1,Digital Wallet,4261.07,Success,2026-10-16 00:28:00,
P002060,B001555,1,Digital Wallet,3234.75,Success,2025-11-11 00:43:00,
P002061,B001556,1,Digital Wallet,4916.77,Success,2025-10-29 00:57:00,
P002062,B001557,1,Debit Card,4758.43,Success,2026-11-02 01:00:00,
P002063,B001558,1,Digital Wallet,4878.36,Success,2025-09-29 00:44:00,
P002064,B001559,1,Digital Wallet,4782.95,Success,2026-03-01 01:00:00,
P002065,B001560,1,Digital Wallet,534.47,Success,2026-06-02 00:11:00,
P002066,B001561,1,Bank Transfer,3834.88,Success,2026-07-22 00:46:00,
P002067,B001562,1,Apple Pay,1723.71,Success,2025-11-23 00:12:00,
P002068,B001563,1,Debit Card,3672.62,Success,2026-07-01 00:49:00,
P002069,B001564,1,Debit Card,4912.75,Failed,2026-01-24 00:24:00,Card Declined
P002070,B001564,2,Bank Transfer,4912.75,Success,2026-01-24 00:33:59,
P002071,B001565,1,Digital Wallet,677.12,Success,2025-11-22 00:21:00,
P002072,B001566,1,Bank Transfer,3051.45,Failed,2025-09-10 00:31:00,Insufficient Funds
P002073,B001566,2,Digital Wallet,3051.45,Failed,2025-09-10 00:43:34,Card Declined
P002074,B001566,3,Credit Card,3051.45,Success,2025-09-10 00:48:51,
P002075,B001567,1,Debit Card,3807.29,Success,2026-08-27 00:26:00,
P002076,B001568,1,Debit Card,1640.11,Success,2026-08-03 00:43:00,
P002077,B001569,1,Digital Wallet,1513.05,Success,2026-07-18 00:57:00,
P002078,B001570,1,Debit Card,771.55,Success,2026-04-04 00:35:00,
P002079,B001571,1,Bank Transfer,922.64,Success,2026-01-11 00:52:00,
P002080,B001572,1,Debit Card,3455.37,Failed,2026-07-16 00:58:00,Payment Timeout
P002081,B001572,2,Digital Wallet,3455.37,Success,2026-07-16 01:00:37,
P002082,B001573,1,Bank Transfer,2773.45,Success,2026-04-13 00:09:00,
P002083,B001574,1,Apple Pay,635.33,Failed,2026-03-21 00:28:00,Fraud Check
P002084,B001574,2,Apple Pay,635.33,Failed,2026-03-21 00:38:39,Fraud Check
P002085,B001574,3,Debit Card,635.33,Success,2026-03-21 00:46:14,
P002086,B001575,1,Debit Card,4863.48,Failed,2026-06-28 00:09:00,Technical Error
P002087,B001575,2,Apple Pay,4863.48,Success,2026-06-28 00:19:24,
P002088,B001576,1,Digital Wallet,3452.21,Success,2025-09-30 00:33:00,
P002089,B001577,1,Bank Transfer,2819.61,Success,2025-11-28 00:43:00,
P002090,B001578,1,Digital Wallet,1727.26,Success,2026-04-04 01:00:00,
P002091,B001579,1,Credit Card,3461.44,Failed,2026-08-27 00:15:00,Payment Timeout
P002092,B001579,2,Debit Card,3461.44,Success,2026-08-27 00:22:30,
P002093,B001580,1,Debit Card,2138.76,Success,2026-09-05 00:15:00,
P002094,B001581,1,Credit Card,3661.22,Failed,2026-03-21 00:39:00,Technical Error
P002095,B001581,2,Bank Transfer,3661.22,Success,2026-03-21 00:50:34,
P002096,B001582,1,Debit Card,3571.57,Success,2026-07-20 00:55:00,
P002097,B001583,1,Credit Card,917.35,Failed,2026-08-18 00:14:00,Fraud Check
P002098,B001583,2,Digital Wallet,917.35,Failed,2026-08-18 00:16:11,Technical Error
P002099,B001583,3,Debit Card,917.35,Success,2026-08-18 00:26:51,
P002100,B001584,1,Digital Wallet,4591.67,Success,2026-04-15 00:58:00,
P002101,B001585,1,Credit Card,2691.38,Success,2025-11-22 00:10:00,
P002102,B001586,1,Digital Wallet,2268.25,Failed,2026-02-26 00:30:00,Fraud Check
P002103,B001586,2,Bank Transfer,2268.25,Success,2026-02-26 00:40:54,
P002104,B001587,1,Apple Pay,4799.58,Success,2026-01-25 00:09:00,
P002105,B001588,1,Digital Wallet,2471.94,Success,2026-01-24 00:20:00,
P002106,B001589,1,Digital Wallet,3745.49,Success,2026-04-24 00:51:00,
P002107,B001590,1,Apple Pay,3448.11,Success,2026-03-03 00:59:00,
P002108,B001591,1,Apple Pay,1243.13,Success,2026-01-19 00:58:00,
P002109,B001592,1,Apple Pay,4960.14,Failed,2026-04-26 00:42:00,Card Declined
P002110,B001592,2,Credit Card,4960.14,Success,2026-04-26 00:50:17,
P002111,B001593,1,Digital Wallet,2586.22,Success,2025-12-26 00:42:00,
P002112,B001594,1,Digital Wallet,2276.52,Success,2026-01-04 00:58:00,
P002113,B001595,1,Credit Card,4638.26,Failed,2026-02-06 00:50:00,Insufficient Funds
P002114,B001595,2,Debit Card,4638.26,Success,2026-02-06 00:59:38,
P002115,B001596,1,Digital Wallet,2881.57,Failed,2025-12-25 00:40:00,Technical Error
P002116,B001596,2,Digital Wallet,2881.57,Failed,2025-12-25 00:46:46,Card Declined
P002117,B001596,3,Bank Transfer,2881.57,Success,2025-12-25 00:53:11,
P002118,B001597,1,Digital Wallet,3672.85,Success,2026-09-27 00:35:00,
P002119,B001598,1,Credit Card,4308.11,Success,2025-09-22 00:13:00,
P002120,B001599,1,Digital Wallet,1559.72,Success,2026-10-13 00:28:00,
P002121,B001600,1,Credit Card,1262.6,Success,2026-04-23 00:55:00,
P002122,B001601,1,Digital Wallet,808.28,Success,2026-01-01 00:32:00,
P002123,B001602,1,Debit Card,4537.1,Success,2026-05-03 00:11:00,
P002124,B001603,1,Debit Card,1401.65,Success,2025-12-14 00:31:00,
P002125,B001604,1,Credit Card,1884.89,Success,2026-02-02 00:29:00,
P002126,B001605,1,Bank Transfer,1786.13,Failed,2026-04-16 00:14:00,Insufficient Funds
P002127,B001605,2,Apple Pay,1786.13,Failed,2026-04-16 00:20:34,Fraud Check
P002128,B001605,3,Debit Card,1786.13,Success,2026-04-16 00:33:49,
P002129,B001606,1,Debit Card,1870.65,Success,2026-03-04 00:06:00,
P002130,B001607,1,Debit Card,3506.28,Success,2026-05-20 00:27:00,
P002131,B001608,1,Bank Transfer,4793.51,Success,2025-12-23 00:41:00,
P002132,B001609,1,Credit Card,1982.54,Failed,2026-08-04 00:05:00,Card Declined
P002133,B001609,2,Bank Transfer,1982.54,Success,2026-08-04 00:10:10,
P002134,B001610,1,Bank Transfer,2334.41,Failed,2026-03-01 00:07:00,Payment Timeout
P002135,B001610,2,Digital Wallet,2334.41,Success,2026-03-01 00:17:54,
P002136,B001611,1,Apple Pay,3970.16,Success,2026-03-06 00:14:00,
P002137,B001612,1,Credit Card,2445.52,Failed,2025-11-09 00:44:00,Payment Timeout
P002138,B001612,2,Debit Card,2445.52,Success,2025-11-09 00:53:24,
P002139,B001613,1,Debit Card,4667.19,Success,2026-12-17 00:19:00,
P002140,B001614,1,Digital Wallet,2764.48,Success,2026-06-17 00:47:00,
P002141,B001615,1,Apple Pay,2064.81,Success,2025-09-20 00:14:00,
P002142,B001616,1,Credit Card,4872.08,Success,2025-11-29 00:43:00,
P002143,B001617,1,Apple Pay,2416.02,Success,2025-11-21 00:27:00,
P002144,B001618,1,Credit Card,1540.29,Success,2025-08-31 00:16:00,
P002145,B001619,1,Credit Card,1299.65,Failed,2025-12-20 00:19:00,Insufficient Funds
P002146,B001619,2,Bank Transfer,1299.65,Success,2025-12-20 00:23:16,
P002147,B001620,1,Bank Transfer,4978.32,Success,2026-03-07 00:40:00,
P002148,B001621,1,Apple Pay,3888.44,Success,2026-02-20 01:00:00,
P002149,B001622,1,Bank Transfer,2338.97,Success,2026-02-08 00:58:00,
P002150,B001623,1,Debit Card,4218.64,Success,2026-09-06 00:29:00,
P002151,B001624,1,Apple Pay,2960.63,Success,2026-01-28 00:09:00,
P002152,B001625,1,Digital Wallet,1928.25,Success,2026-09-28 00:47:00,
P002153,B001626,1,Bank Transfer,3845.24,Success,2025-07-26 00:57:00,
P002154,B001627,1,Bank Transfer,3856.53,Success,2025-10-07 00:40:00,
P002155,B001628,1,Debit Card,2750.76,Failed,2026-08-30 00:45:00,Insufficient Funds
P002156,B001628,2,Bank Transfer,2750.76,Success,2026-08-30 00:49:30,
P002157,B001629,1,Digital Wallet,703.21,Success,2026-07-20 00:43:00,
P002158,B001630,1,Credit Card,846.6,Success,2025-10-22 00:25:00,
P002159,B001631,1,Digital Wallet,4049.37,Failed,2026-03-12 00:13:00,Card Declined
P002160,B001631,2,Apple Pay,4049.37,Success,2026-03-12 00:17:11,
P002161,B001632,1,Debit Card,4205.64,Success,2026-02-24 00:43:00,
P002162,B001633,1,Debit Card,3552.3,Success,2025-12-26 00:24:00,
P002163,B001634,1,Apple Pay,4275.81,Success,2026-01-08 00:23:00,
P002164,B001635,1,Bank Transfer,3737.69,Failed,2026-01-12 00:16:00,Fraud Check
P002165,B001635,2,Credit Card,3737.69,Success,2026-01-12 00:21:44,
P002166,B001636,1,Debit Card,4536.21,Success,2026-08-08 00:36:00,
P002167,B001637,1,Credit Card,1176.79,Failed,2025-09-24 00:46:00,Card Declined
P002168,B001637,2,Debit Card,1176.79,Failed,2025-09-24 00:50:42,Technical Error
P002169,B001637,3,Credit Card,1176.79,Success,2025-09-24 01:05:00,
P002170,B001638,1,Credit Card,2244.84,Success,2026-01-29 00:54:00,
P002171,B001639,1,Debit Card,2588.5,Success,2026-04-04 01:00:00,
P002172,B001640,1,Bank Transfer,1839.49,Success,2025-11-22 00:33:00,
P002173,B001641,1,Bank Transfer,3764.15,Success,2026-04-28 00:53:00,
P002174,B001642,1,Debit Card,4605.97,Failed,2026-10-01 00:07:00,Payment Timeout
P002175,B001642,2,Debit Card,4605.97,Failed,2026-10-01 00:13:51,Fraud Check
P002176,B001642,3,Bank Transfer,4605.97,Success,2026-10-01 00:24:18,
P002177,B001643,1,Bank Transfer,2356.17,Failed,2026-08-23 00:42:00,Fraud Check
P002178,B001643,2,Bank Transfer,2356.17,Failed,2026-08-23 00:43:23,Technical Error
P002179,B001643,3,Bank Transfer,2356.17,Success,2026-08-23 00:52:09,
P002180,B001644,1,Credit Card,4736.94,Failed,2026-09-17 00:09:00,Fraud Check
P002181,B001644,2,Apple Pay,4736.94,Success,2026-09-17 00:10:51,
P002182,B001645,1,Digital Wallet,2825.46,Success,2026-04-01 00:16:00,
P002183,B001646,1,Debit Card,2851.32,Failed,2026-05-10 00:34:00,Card Declined
P002184,B001646,2,Apple Pay,2851.32,Success,2026-05-10 00:48:11,
P002185,B001647,1,Apple Pay,3200.99,Success,2026-09-18 00:29:00,
P002186,B001648,1,Apple Pay,1707.49,Success,2026-05-29 00:48:00,
P002187,B001649,1,Bank Transfer,2225.12,Failed,2025-12-24 00:58:00,Card Declined
P002188,B001649,2,Debit Card,2225.12,Success,2025-12-24 01:10:40,
P002189,B001650,1,Digital Wallet,2989.57,Success,2025-11-17 00:17:00,
P002190,B001651,1,Debit Card,4738.92,Success,2026-08-13 00:48:00,
P002191,B001652,1,Credit Card,3392.12,Success,2025-12-23 00:47:00,
P002192,B001653,1,Digital Wallet,1999.02,Failed,2026-05-03 00:10:00,Payment Timeout
P002193,B001653,2,Credit Card,1999.02,Success,2026-05-03 00:20:12,
P002194,B001654,1,Debit Card,547.11,Failed,2026-06-27 00:47:00,Technical Error
P002195,B001654,2,Bank Transfer,547.11,Success,2026-06-27 00:57:58,
P002196,B001655,1,Apple Pay,4917.5,Success,2026-07-27 00:06:00,
P002197,B001656,1,Debit Card,2718.43,Success,2026-09-24 00:30:00,
P002198,B001657,1,Bank Transfer,4723.23,Success,2026-01-18 00:44:00,
P002199,B001658,1,Digital Wallet,2972.05,Success,2026-01-14 00:26:00,
P002200,B001659,1,Apple Pay,3224.59,Success,2026-10-02 00:54:00,
P002201,B001660,1,Debit Card,3703.61,Success,2026-05-10 00:34:00,
P002202,B001661,1,Apple Pay,1944.39,Success,2026-04-04 00:13:00,
P002203,B001662,1,Apple Pay,3645.43,Failed,2026-05-17 00:09:00,Payment Timeout
P002204,B001662,2,Apple Pay,3645.43,Failed,2026-05-17 00:20:32,Insufficient Funds
P002205,B001662,3,Debit Card,3645.43,Success,2026-05-17 00:23:00,
P002206,B001663,1,Digital Wallet,2870.56,Failed,2025-08-30 00:37:00,Payment Timeout
P002207,B001663,2,Bank Transfer,2870.56,Failed,2025-08-30 00:38:28,Insufficient Funds
P002208,B001663,3,Debit Card,2870.56,Success,2025-08-30 00:43:45,
P002209,B001664,1,Credit Card,3526.16,Success,2026-08-17 00:09:00,
P002210,B001665,1,Digital Wallet,4261.25,Success,2025-12-10 00:26:00,
P002211,B001666,1,Credit Card,1329.03,Success,2026-01-16 00:47:00,
P002212,B001667,1,Digital Wallet,3260.98,Success,2025-11-11 00:54:00,
P002213,B001668,1,Digital Wallet,734.5,Success,2026-03-13 00:20:00,
P002214,B001669,1,Debit Card,959.52,Failed,2026-08-29 00:05:00,Card Declined
P002215,B001669,2,Debit Card,959.52,Success,2026-08-29 00:11:58,
P002216,B001670,1,Debit Card,3535.67,Success,2026-06-01 00:28:00,
P002217,B001671,1,Bank Transfer,819.22,Success,2026-04-25 00:12:00,
P002218,B001672,1,Digital Wallet,3179.11,Success,2026-11-21 00:59:00,
P002219,B001673,1,Debit Card,1490.06,Success,2026-04-07 00:18:00,
P002220,B001674,1,Apple Pay,1868.38,Success,2026-09-20 00:39:00,
P002221,B001675,1,Debit Card,1083.36,Success,2026-09-21 00:11:00,
P002222,B001676,1,Apple Pay,1619.0,Failed,2026-03-17 00:14:00,Fraud Check
P002223,B001676,2,Debit Card,1619.0,Success,2026-03-17 00:18:18,
P002224,B001677,1,Apple Pay,4195.81,Failed,2026-10-26 00:38:00,Payment Timeout
P002225,B001677,2,Credit Card,4195.81,Failed,2026-10-26 00:46:51,Payment Timeout
P002226,B001677,3,Debit Card,4195.81,Success,2026-10-26 00:50:19,
P002227,B001678,1,Apple Pay,3374.95,Failed,2026-02-21 00:09:00,Payment Timeout
P002228,B001678,2,Digital Wallet,3374.95,Success,2026-02-21 00:13:39,
P002229,B001679,1,Bank Transfer,4773.92,Failed,2026-07-15 00:33:00,Insufficient Funds
P002230,B001679,2,Debit Card,4773.92,Success,2026-07-15 00:42:22,
P002231,B001680,1,Apple Pay,719.35,Success,2026-05-15 00:20:00,
P002232,B001681,1,Debit Card,4065.85,Success,2026-03-13 00:15:00,
P002233,B001682,1,Bank Transfer,3645.85,Success,2026-07-14 00:39:00,
P002234,B001683,1,Apple Pay,1674.02,Success,2026-08-17 00:45:00,
P002235,B001684,1,Apple Pay,3781.25,Success,2025-11-27 00:53:00,
P002236,B001685,1,Debit Card,3724.47,Success,2025-12-21 00:27:00,
P002237,B001686,1,Debit Card,2567.05,Success,2026-06-28 00:55:00,
P002238,B001687,1,Digital Wallet,3598.88,Failed,2026-09-04 00:29:00,Card Declined
P002239,B001687,2,Debit Card,3598.88,Success,2026-09-04 00:35:12,
P002240,B001688,1,Credit Card,2500.61,Failed,2026-09-16 00:25:00,Card Declined
P002241,B001688,2,Debit Card,2500.61,Success,2026-09-16 00:36:30,
P002242,B001689,1,Bank Transfer,2009.96,Success,2026-09-12 00:59:00,
P002243,B001690,1,Credit Card,2599.21,Success,2025-12-17 00:49:00,
P002244,B001691,1,Bank Transfer,4528.08,Failed,2026-03-13 00:56:00,Payment Timeout
P002245,B001691,2,Debit Card,4528.08,Success,2026-03-13 01:08:48,
P002246,B001692,1,Digital Wallet,2230.63,Success,2026-03-31 00:26:00,
P002247,B001693,1,Digital Wallet,2316.6,Success,2026-02-21 00:15:00,
P002248,B001694,1,Debit Card,3237.81,Success,2025-11-01 00:53:00,
P002249,B001695,1,Digital Wallet,3888.5,Success,2026-02-11 00:37:00,
P002250,B001696,1,Debit Card,3805.79,Failed,2025-09-30 00:15:00,Card Declined
P002251,B001696,2,Apple Pay,3805.79,Success,2025-09-30 00:24:49,
P002252,B001697,1,Digital Wallet,589.09,Failed,2026-04-29 00:25:00,Insufficient Funds
P002253,B001697,2,Digital Wallet,589.09,Success,2026-04-29 00:30:54,
P002254,B001698,1,Bank Transfer,3593.37,Success,2026-04-23 00:42:00,
P002255,B001699,1,Credit Card,2527.49,Success,2025-10-05 00:06:00,
P002256,B001700,1,Credit Card,2858.4,Failed,2026-03-27 00:07:00,Card Declined
P002257,B001700,2,Apple Pay,2858.4,Success,2026-03-27 00:20:14,
P002258,B001701,1,Credit Card,3027.49,Success,2026-01-15 00:29:00,
P002259,B001702,1,Digital Wallet,3792.74,Failed,2025-10-17 00:09:00,Insufficient Funds
P002260,B001702,2,Apple Pay,3792.74,Success,2025-10-17 00:15:56,
P002261,B001703,1,Digital Wallet,4241.0,Success,2026-03-24 00:24:00,
P002262,B001704,1,Credit Card,3408.17,Success,2026-01-09 00:58:00,
P002263,B001705,1,Bank Transfer,3037.58,Success,2026-06-22 00:54:00,
P002264,B001706,1,Bank Transfer,2181.96,Success,2026-05-03 00:54:00,
P002265,B001707,1,Debit Card,1120.45,Success,2025-10-17 00:49:00,
P002266,B001708,1,Credit Card,4813.6,Failed,2026-04-13 00:36:00,Technical Error
P002267,B001708,2,Debit Card,4813.6,Success,2026-04-13 00:38:49,
P002268,B001709,1,Debit Card,2578.29,Success,2025-11-23 00:36:00,
P002269,B001710,1,Digital Wallet,3047.96,Success,2026-06-05 00:53:00,
P002270,B001711,1,Debit Card,3879.83,Success,2025-10-30 00:45:00,
P002271,B001712,1,Debit Card,807.85,Failed,2026-02-11 00:11:00,Technical Error
P002272,B001712,2,Apple Pay,807.85,Success,2026-02-11 00:23:14,
P002273,B001713,1,Digital Wallet,4347.55,Success,2026-08-25 00:22:00,
P002274,B001714,1,Credit Card,4086.62,Failed,2026-02-08 00:53:00,Card Declined
P002275,B001714,2,Credit Card,4086.62,Success,2026-02-08 00:54:30,
P002276,B001715,1,Digital Wallet,3984.93,Success,2025-11-22 00:18:00,
P002277,B001716,1,Digital Wallet,598.92,Success,2026-05-23 00:23:00,
P002278,B001717,1,Debit Card,2869.33,Success,2026-11-11 00:17:00,
P002279,B001718,1,Credit Card,744.21,Success,2026-06-14 00:50:00,
P002280,B001719,1,Credit Card,2978.93,Failed,2026-05-14 00:37:00,Fraud Check
P002281,B001719,2,Apple Pay,2978.93,Success,2026-05-14 00:48:28,
P002282,B001720,1,Bank Transfer,3733.02,Success,2026-08-09 00:38:00,
P002283,B001721,1,Debit Card,1048.33,Success,2026-07-02 00:14:00,
P002284,B001722,1,Digital Wallet,3626.97,Failed,2026-11-23 00:20:00,Insufficient Funds
P002285,B001722,2,Apple Pay,3626.97,Success,2026-11-23 00:21:39,
P002286,B001723,1,Bank Transfer,2522.9,Success,2026-04-19 00:44:00,
P002287,B001724,1,Debit Card,4151.99,Success,2026-04-22 00:25:00,
P002288,B001725,1,Credit Card,2901.15,Success,2025-11-25 00:52:00,
P002289,B001726,1,Apple Pay,2012.55,Success,2026-01-11 00:10:00,
P002290,B001727,1,Digital Wallet,1993.96,Failed,2026-07-22 00:32:00,Fraud Check
P002291,B001727,2,Bank Transfer,1993.96,Success,2026-07-22 00:35:47,
P002292,B001728,1,Digital Wallet,4538.69,Failed,2026-07-06 00:05:00,Fraud Check
P002293,B001728,2,Debit Card,4538.69,Success,2026-07-06 00:18:43,
P002294,B001729,1,Apple Pay,2537.92,Failed,2026-09-27 00:11:00,Insufficient Funds
P002295,B001729,2,Debit Card,2537.92,Success,2026-09-27 00:24:40,
P002296,B001730,1,Bank Transfer,2325.89,Success,2026-01-08 00:18:00,
P002297,B001731,1,Digital Wallet,679.43,Success,2026-04-16 00:52:00,
P002298,B001732,1,Credit Card,2139.46,Success,2026-05-03 00:31:00,
P002299,B001733,1,Debit Card,4323.32,Success,2026-04-19 00:56:00,
P002300,B001734,1,Debit Card,3924.44,Success,2026-09-11 00:41:00,
P002301,B001735,1,Bank Transfer,1494.11,Success,2026-04-16 00:39:00,
P002302,B001736,1,Apple Pay,2358.75,Success,2026-04-22 00:26:00,
P002303,B001737,1,Apple Pay,1384.61,Success,2026-02-13 00:32:00,
P002304,B001738,1,Credit Card,4793.98,Success,2026-01-18 00:15:00,
P002305,B001739,1,Bank Transfer,3191.53,Failed,2026-05-17 00:27:00,Payment Timeout
P002306,B001739,2,Digital Wallet,3191.53,Success,2026-05-17 00:38:24,
P002307,B001740,1,Debit Card,3894.6,Success,2026-04-26 00:33:00,
P002308,B001741,1,Debit Card,3712.14,Success,2025-12-30 00:48:00,
P002309,B001742,1,Bank Transfer,4431.6,Success,2025-12-29 00:56:00,
P002310,B001743,1,Apple Pay,4771.98,Success,2026-02-08 00:42:00,
P002311,B001744,1,Apple Pay,646.01,Failed,2025-12-29 01:00:00,Insufficient Funds
P002312,B001744,2,Apple Pay,646.01,Success,2025-12-29 01:13:17,
P002313,B001745,1,Apple Pay,4888.86,Failed,2026-10-21 00:54:00,Insufficient Funds
P002314,B001745,2,Apple Pay,4888.86,Success,2026-10-21 00:57:18,
P002315,B001746,1,Apple Pay,4417.44,Success,2026-05-31 00:16:00,
P002316,B001747,1,Bank Transfer,2223.26,Success,2026-01-09 00:18:00,
P002317,B001748,1,Digital Wallet,4266.81,Success,2026-01-20 00:29:00,
P002318,B001749,1,Apple Pay,3814.51,Success,2026-06-13 00:19:00,
P002319,B001750,1,Bank Transfer,4069.01,Success,2026-08-21 00:25:00,
P002320,B001751,1,Digital Wallet,1493.11,Failed,2025-11-20 00:27:00,Fraud Check
P002321,B001751,2,Credit Card,1493.11,Success,2025-11-20 00:39:13,
P002322,B001752,1,Digital Wallet,3418.54,Success,2026-03-11 00:39:00,
P002323,B001753,1,Credit Card,616.67,Success,2026-05-27 00:22:00,
P002324,B001754,1,Credit Card,4317.03,Success,2025-12-02 00:53:00,
P002325,B001755,1,Bank Transfer,4779.69,Failed,2026-06-29 00:26:00,Payment Timeout
P002326,B001755,2,Digital Wallet,4779.69,Success,2026-06-29 00:38:45,
P002327,B001756,1,Digital Wallet,3479.56,Success,2026-02-01 00:19:00,
P002328,B001757,1,Bank Transfer,2807.01,Success,2026-05-08 00:11:00,
P002329,B001758,1,Credit Card,3765.79,Success,2026-04-04 00:34:00,
P002330,B001759,1,Apple Pay,1968.63,Success,2026-05-07 00:10:00,
P002331,B001760,1,Debit Card,3318.75,Success,2026-10-14 00:31:00,
P002332,B001761,1,Debit Card,3735.38,Success,2026-01-29 01:00:00,
P002333,B001762,1,Debit Card,1142.06,Failed,2026-08-11 00:26:00,Card Declined
P002334,B001762,2,Credit Card,1142.06,Success,2026-08-11 00:38:53,
P002335,B001763,1,Debit Card,1130.31,Failed,2026-06-14 00:11:00,Fraud Check
P002336,B001763,2,Debit Card,1130.31,Success,2026-06-14 00:17:20,
P002337,B001764,1,Debit Card,3722.62,Success,2026-07-02 00:33:00,
P002338,B001765,1,Debit Card,2443.02,Success,2026-06-22 00:22:00,
P002339,B001766,1,Digital Wallet,4501.41,Failed,2026-01-09 00:58:00,Fraud Check
P002340,B001766,2,Apple Pay,4501.41,Success,2026-01-09 01:02:17,
P002341,B001767,1,Credit Card,1903.72,Failed,2026-05-23 00:38:00,Insufficient Funds
P002342,B001767,2,Bank Transfer,1903.72,Success,2026-05-23 00:40:46,
P002343,B001768,1,Debit Card,690.94,Failed,2026-01-28 00:18:00,Fraud Check
P002344,B001768,2,Debit Card,690.94,Success,2026-01-28 00:22:47,
P002345,B001769,1,Digital Wallet,3424.44,Failed,2026-10-05 00:11:00,Technical Error
P002346,B001769,2,Debit Card,3424.44,Success,2026-10-05 00:23:12,
P002347,B001770,1,Digital Wallet,3579.08,Failed,2025-12-24 00:15:00,Payment Timeout
P002348,B001770,2,Debit Card,3579.08,Success,2025-12-24 00:29:16,
P002349,B001771,1,Apple Pay,2991.16,Success,2026-01-04 00:13:00,
P002350,B001772,1,Digital Wallet,3575.0,Success,2026-02-04 00:52:00,
P002351,B001773,1,Apple Pay,2856.89,Failed,2026-04-07 00:48:00,Card Declined
P002352,B001773,2,Debit Card,2856.89,Failed,2026-04-07 00:55:48,Payment Timeout
P002353,B001773,3,Apple Pay,2856.89,Success,2026-04-07 00:59:01,
P002354,B001774,1,Apple Pay,3616.85,Success,2026-09-26 00:25:00,
P002355,B001775,1,Apple Pay,697.72,Failed,2026-07-21 00:14:00,Payment Timeout
P002356,B001775,2,Debit Card,697.72,Success,2026-07-21 00:23:46,
P002357,B001776,1,Apple Pay,2157.79,Failed,2025-10-31 00:58:00,Payment Timeout
P002358,B001776,2,Digital Wallet,2157.79,Success,2025-10-31 01:10:49,
P002359,B001777,1,Digital Wallet,1448.68,Failed,2026-08-05 00:51:00,Insufficient Funds
P002360,B001777,2,Debit Card,1448.68,Success,2026-08-05 01:01:42,
P002361,B001778,1,Credit Card,946.97,Failed,2026-06-12 00:58:00,Technical Error
P002362,B001778,2,Digital Wallet,946.97,Failed,2026-06-12 01:04:56,Technical Error
P002363,B001778,3,Credit Card,946.97,Success,2026-06-12 01:16:24,
P002364,B001779,1,Digital Wallet,1553.42,Success,2026-09-15 00:37:00,
P002365,B001780,1,Credit Card,1360.9,Success,2026-09-03 00:12:00,
P002366,B001781,1,Apple Pay,4879.09,Success,2026-03-15 00:13:00,
P002367,B001782,1,Debit Card,1789.46,Failed,2026-10-25 00:58:00,Technical Error
P002368,B001782,2,Debit Card,1789.46,Failed,2026-10-25 01:01:34,Technical Error
P002369,B001782,3,Apple Pay,1789.46,Success,2026-10-25 01:08:29,
P002370,B001783,1,Apple Pay,1539.32,Success,2026-02-08 00:43:00,
P002371,B001784,1,Digital Wallet,4256.94,Success,2026-01-18 00:50:00,
P002372,B001785,1,Debit Card,2386.02,Success,2026-10-28 00:44:00,
P002373,B001786,1,Credit Card,2396.59,Success,2025-12-22 00:48:00,
P002374,B001787,1,Credit Card,2496.16,Failed,2025-10-31 00:58:00,Fraud Check
P002375,B001787,2,Credit Card,2496.16,Success,2025-10-31 01:10:42,
P002376,B001788,1,Debit Card,2374.41,Success,2026-04-07 00:25:00,
P002377,B001789,1,Apple Pay,1969.54,Success,2025-08-25 00:14:00,
P002378,B001790,1,Bank Transfer,1788.53,Success,2026-04-24 00:05:00,
P002379,B001791,1,Debit Card,4468.82,Success,2026-08-18 00:50:00,
P002380,B001792,1,Apple Pay,1227.68,Success,2026-02-10 00:45:00,
P002381,B001793,1,Credit Card,1314.78,Success,2026-02-04 00:14:00,
P002382,B001794,1,Apple Pay,3072.74,Success,2026-02-12 00:29:00,
P002383,B001795,1,Digital Wallet,2046.46,Success,2026-02-07 00:40:00,
P002384,B001796,1,Credit Card,2396.88,Success,2026-09-19 00:43:00,
P002385,B001797,1,Digital Wallet,4129.46,Success,2026-08-07 00:08:00,
P002386,B001798,1,Apple Pay,4566.34,Success,2026-02-06 01:00:00,
P002387,B001799,1,Apple Pay,4057.49,Success,2026-04-08 00:35:00,
P002388,B001800,1,Apple Pay,1557.18,Failed,2026-05-19 00:11:00,Fraud Check
P002389,B001800,2,Apple Pay,1557.18,Failed,2026-05-19 00:21:42,Fraud Check
P002390,B001800,3,Apple Pay,1557.18,Success,2026-05-19 00:34:30,
P002391,B001801,1,Debit Card,4909.87,Success,2026-08-07 00:46:00,
P002392,B001802,1,Debit Card,2134.29,Success,2026-03-18 00:45:00,
P002393,B001803,1,Bank Transfer,1260.8,Failed,2026-04-02 00:40:00,Card Declined
P002394,B001803,2,Digital Wallet,1260.8,Success,2026-04-02 00:42:26,
P002395,B001804,1,Bank Transfer,2747.74,Success,2026-06-18 00:54:00,
P002396,B001805,1,Bank Transfer,3763.79,Failed,2026-08-02 00:44:00,Card Declined
P002397,B001805,2,Digital Wallet,3763.79,Success,2026-08-02 00:56:51,
P002398,B001806,1,Apple Pay,874.72,Success,2026-05-16 00:12:00,
P002399,B001807,1,Digital Wallet,3354.29,Success,2026-10-02 00:59:00,
P002400,B001808,1,Debit Card,4361.35,Success,2025-10-22 00:41:00,
P002401,B001809,1,Credit Card,1678.02,Failed,2026-04-01 00:32:00,Payment Timeout
P002402,B001809,2,Apple Pay,1678.02,Success,2026-04-01 00:39:44,
P002403,B001810,1,Credit Card,3619.05,Failed,2026-04-15 00:59:00,Insufficient Funds
P002404,B001810,2,Credit Card,3619.05,Success,2026-04-15 01:00:36,
P002405,B001811,1,Debit Card,2299.59,Failed,2025-08-12 00:31:00,Technical Error
P002406,B001811,2,Digital Wallet,2299.59,Success,2025-08-12 00:42:58,
P002407,B001812,1,Credit Card,2363.61,Success,2026-02-27 00:20:00,
P002408,B001813,1,Digital Wallet,1763.66,Success,2026-07-28 01:00:00,
P002409,B001814,1,Debit Card,3309.77,Success,2026-09-21 00:40:00,
P002410,B001815,1,Credit Card,2124.5,Success,2026-05-12 00:16:00,
P002411,B001816,1,Debit Card,4239.06,Success,2025-09-16 00:43:00,
P002412,B001817,1,Debit Card,4833.07,Failed,2026-07-03 00:43:00,Insufficient Funds
P002413,B001817,2,Apple Pay,4833.07,Failed,2026-07-03 00:54:53,Technical Error
P002414,B001817,3,Credit Card,4833.07,Success,2026-07-03 01:01:36,
P002415,B001818,1,Credit Card,4707.89,Success,2026-05-20 00:22:00,
P002416,B001819,1,Bank Transfer,1234.08,Success,2026-08-12 00:30:00,
P002417,B001820,1,Debit Card,563.86,Success,2025-10-20 00:47:00,
P002418,B001821,1,Bank Transfer,2473.11,Failed,2025-09-12 00:32:00,Payment Timeout
P002419,B001821,2,Credit Card,2473.11,Success,2025-09-12 00:39:14,
P002420,B001822,1,Bank Transfer,3779.98,Failed,2026-07-27 00:58:00,Payment Timeout
P002421,B001822,2,Debit Card,3779.98,Failed,2026-07-27 01:05:23,Fraud Check
P002422,B001822,3,Credit Card,3779.98,Success,2026-07-27 01:17:06,
P002423,B001823,1,Bank Transfer,4898.55,Success,2025-12-02 00:58:00,
P002424,B001824,1,Digital Wallet,4025.4,Failed,2026-09-13 00:53:00,Card Declined
P002425,B001824,2,Debit Card,4025.4,Failed,2026-09-13 01:04:12,Technical Error
P002426,B001824,3,Bank Transfer,4025.4,Success,2026-09-13 01:17:10,
P002427,B001825,1,Debit Card,3112.47,Failed,2026-05-22 00:39:00,Technical Error
P002428,B001825,2,Apple Pay,3112.47,Failed,2026-05-22 00:51:54,Payment Timeout
P002429,B001825,3,Debit Card,3112.47,Success,2026-05-22 00:56:52,
P002430,B001826,1,Apple Pay,618.59,Success,2026-06-07 00:10:00,
P002431,B001827,1,Debit Card,4214.93,Success,2026-09-12 00:51:00,
P002432,B001828,1,Digital Wallet,1297.15,Failed,2026-03-01 00:44:00,Technical Error
P002433,B001828,2,Apple Pay,1297.15,Success,2026-03-01 00:47:49,
P002434,B001829,1,Apple Pay,750.23,Success,2026-01-01 00:55:00,
P002435,B001830,1,Bank Transfer,4326.61,Failed,2026-08-25 00:52:00,Insufficient Funds
P002436,B001830,2,Credit Card,4326.61,Success,2026-08-25 01:03:57,
P002437,B001831,1,Debit Card,3048.13,Success,2026-05-09 00:49:00,
P002438,B001832,1,Credit Card,1078.48,Success,2025-10-14 00:59:00,
P002439,B001833,1,Digital Wallet,2239.44,Success,2026-04-26 00:25:00,
P002440,B001834,1,Credit Card,884.94,Failed,2026-05-03 00:11:00,Insufficient Funds
P002441,B001834,2,Credit Card,884.94,Success,2026-05-03 00:25:38,
P002442,B001835,1,Apple Pay,3371.05,Failed,2026-06-12 00:13:00,Technical Error
P002443,B001835,2,Credit Card,3371.05,Failed,2026-06-12 00:17:13,Technical Error
P002444,B001835,3,Apple Pay,3371.05,Success,2026-06-12 00:24:35,
P002445,B001836,1,Credit Card,1770.92,Success,2026-03-02 00:43:00,
P002446,B001837,1,Digital Wallet,4397.42,Failed,2025-11-09 00:35:00,Fraud Check
P002447,B001837,2,Apple Pay,4397.42,Failed,2025-11-09 00:37:40,Card Declined
P002448,B001837,3,Bank Transfer,4397.42,Success,2025-11-09 00:45:23,
P002449,B001838,1,Digital Wallet,2110.08,Success,2026-01-26 00:06:00,
P002450,B001839,1,Digital Wallet,2725.85,Success,2026-09-21 00:17:00,
P002451,B001840,1,Digital Wallet,785.86,Failed,2026-05-02 00:23:00,Fraud Check
P002452,B001840,2,Apple Pay,785.86,Success,2026-05-02 00:32:11,
P002453,B001841,1,Apple Pay,1740.17,Failed,2026-06-08 00:11:00,Card Declined
P002454,B001841,2,Digital Wallet,1740.17,Success,2026-06-08 00:22:15,
P002455,B001842,1,Apple Pay,3545.45,Success,2026-05-14 00:06:00,
P002456,B001843,1,Credit Card,3813.18,Success,2026-07-18 00:10:00,
P002457,B001844,1,Credit Card,1592.7,Success,2025-12-20 00:32:00,
P002458,B001845,1,Apple Pay,2767.19,Success,2026-01-18 00:05:00,
P002459,B001846,1,Bank Transfer,4178.89,Success,2025-12-16 00:14:00,
P002460,B001847,1,Credit Card,2209.6,Failed,2026-02-09 00:41:00,Technical Error
P002461,B001847,2,Credit Card,2209.6,Success,2026-02-09 00:43:12,
P002462,B001848,1,Credit Card,1101.97,Success,2026-03-07 00:31:00,
P002463,B001849,1,Bank Transfer,2443.42,Success,2026-01-05 00:33:00,
P002464,B001850,1,Credit Card,3202.83,Failed,2026-02-26 00:26:00,Fraud Check
P002465,B001850,2,Digital Wallet,3202.83,Success,2026-02-26 00:33:11,
P002466,B001851,1,Bank Transfer,533.29,Success,2025-09-29 00:10:00,
P002467,B001852,1,Digital Wallet,2068.55,Success,2026-06-15 00:58:00,
P002468,B001853,1,Bank Transfer,3233.46,Success,2025-11-30 00:30:00,
P002469,B001854,1,Bank Transfer,4783.6,Success,2026-09-26 01:00:00,
P002470,B001855,1,Bank Transfer,2338.47,Success,2026-02-05 00:50:00,
P002471,B001856,1,Apple Pay,1233.38,Success,2025-12-10 00:12:00,
P002472,B001857,1,Debit Card,2903.99,Failed,2025-12-03 00:19:00,Technical Error
P002473,B001857,2,Apple Pay,2903.99,Failed,2025-12-03 00:25:27,Card Declined
P002474,B001857,3,Digital Wallet,2903.99,Success,2025-12-03 00:26:49,
P002475,B001858,1,Credit Card,1785.89,Success,2026-05-21 00:31:00,
P002476,B001859,1,Apple Pay,1466.51,Success,2025-08-22 00:28:00,
P002477,B001860,1,Apple Pay,3156.81,Success,2026-01-05 00:53:00,
P002478,B001861,1,Bank Transfer,4621.48,Success,2026-07-01 00:18:00,
P002479,B001862,1,Apple Pay,4258.51,Success,2026-07-22 00:33:00,
P002480,B001863,1,Digital Wallet,1320.32,Success,2026-08-18 00:53:00,
P002481,B001864,1,Apple Pay,3946.46,Success,2025-12-14 00:24:00,
P002482,B001865,1,Debit Card,1534.41,Success,2026-04-25 00:38:00,
P002483,B001866,1,Bank Transfer,1808.16,Success,2026-07-28 00:10:00,
P002484,B001867,1,Debit Card,4640.23,Failed,2026-05-24 00:27:00,Payment Timeout
P002485,B001867,2,Credit Card,4640.23,Success,2026-05-24 00:32:54,
P002486,B001868,1,Credit Card,4599.73,Success,2026-04-14 00:26:00,
P002487,B001869,1,Debit Card,1258.84,Success,2026-02-10 00:19:00,
P002488,B001870,1,Digital Wallet,788.86,Success,2026-01-15 00:28:00,
P002489,B001871,1,Debit Card,1819.03,Success,2025-12-12 00:39:00,
P002490,B001872,1,Bank Transfer,3117.99,Failed,2026-03-05 00:16:00,Payment Timeout
P002491,B001872,2,Bank Transfer,3117.99,Failed,2026-03-05 00:18:51,Payment Timeout
P002492,B001872,3,Digital Wallet,3117.99,Success,2026-03-05 00:20:31,
P002493,B001873,1,Credit Card,4446.01,Success,2026-05-13 01:00:00,
P002494,B001874,1,Bank Transfer,1034.77,Failed,2025-08-06 00:45:00,Insufficient Funds
P002495,B001874,2,Apple Pay,1034.77,Success,2025-08-06 00:51:11,
P002496,B001875,1,Apple Pay,2367.31,Success,2026-05-21 00:10:00,
P002497,B001876,1,Digital Wallet,1722.87,Success,2026-09-26 00:15:00,
P002498,B001877,1,Debit Card,567.18,Failed,2025-12-02 00:51:00,Card Declined
P002499,B001877,2,Debit Card,567.18,Failed,2025-12-02 00:58:59,Insufficient Funds
P002500,B001877,3,Debit Card,567.18,Success,2025-12-02 01:07:49,
P002501,B001878,1,Apple Pay,4048.01,Success,2026-05-28 00:38:00,
P002502,B001879,1,Debit Card,4159.78,Success,2026-10-15 00:42:00,
P002503,B001880,1,Debit Card,1495.53,Success,2026-01-03 00:05:00,
P002504,B001881,1,Debit Card,1180.58,Success,2025-08-18 00:23:00,
P002505,B001882,1,Digital Wallet,1150.52,Success,2026-06-01 00:27:00,
P002506,B001883,1,Debit Card,2587.76,Failed,2025-12-05 00:26:00,Technical Error
P002507,B001883,2,Credit Card,2587.76,Success,2025-12-05 00:40:10,
P002508,B001884,1,Digital Wallet,1609.23,Success,2026-01-19 00:40:00,
P002509,B001885,1,Digital Wallet,2801.1,Success,2026-11-21 00:35:00,
P002510,B001886,1,Debit Card,2231.83,Success,2025-12-06 00:17:00,
P002511,B001887,1,Credit Card,1449.01,Success,2026-03-21 00:42:00,
P002512,B001888,1,Apple Pay,3880.36,Success,2025-12-29 00:55:00,
P002513,B001889,1,Credit Card,1176.64,Success,2026-08-26 00:41:00,
P002514,B001890,1,Debit Card,4095.06,Success,2026-08-25 00:43:00,
P002515,B001891,1,Apple Pay,3026.51,Success,2026-08-19 00:47:00,
P002516,B001892,1,Bank Transfer,4244.17,Success,2026-09-03 00:46:00,
P002517,B001893,1,Debit Card,521.42,Success,2025-08-16 00:34:00,
P002518,B001894,1,Credit Card,3871.35,Success,2026-06-14 00:55:00,
P002519,B001895,1,Debit Card,731.82,Success,2026-01-20 00:46:00,
P002520,B001896,1,Bank Transfer,4775.44,Success,2026-03-10 01:00:00,
P002521,B001897,1,Debit Card,3662.33,Success,2026-06-29 00:26:00,
P002522,B001898,1,Apple Pay,1940.78,Failed,2026-04-15 00:24:00,Fraud Check
P002523,B001898,2,Bank Transfer,1940.78,Failed,2026-04-15 00:36:45,Fraud Check
P002524,B001898,3,Debit Card,1940.78,Success,2026-04-15 00:46:03,
P002525,B001899,1,Digital Wallet,1939.33,Failed,2026-07-21 00:13:00,Payment Timeout
P002526,B001899,2,Digital Wallet,1939.33,Failed,2026-07-21 00:14:25,Payment Timeout
P002527,B001899,3,Digital Wallet,1939.33,Success,2026-07-21 00:18:13,
P002528,B001900,1,Digital Wallet,4376.72,Success,2025-11-01 00:30:00,
P002529,B001901,1,Bank Transfer,4562.78,Success,2025-12-13 00:06:00,
P002530,B001902,1,Credit Card,4512.08,Success,2026-07-06 00:47:00,
P002531,B001903,1,Bank Transfer,4139.33,Success,2026-06-26 01:00:00,
P002532,B001904,1,Credit Card,4185.64,Success,2026-06-30 00:17:00,
P002533,B001905,1,Debit Card,3077.46,Success,2026-03-02 00:28:00,
P002534,B001906,1,Credit Card,627.04,Success,2026-09-03 00:23:00,
P002535,B001907,1,Digital Wallet,890.48,Success,2026-06-12 00:43:00,
P002536,B001908,1,Digital Wallet,3422.99,Success,2025-11-22 00:46:00,
P002537,B001909,1,Apple Pay,2305.24,Success,2026-07-15 00:51:00,
P002538,B001910,1,Debit Card,3052.89,Success,2026-06-26 00:45:00,
P002539,B001911,1,Bank Transfer,1539.85,Success,2026-06-12 00:45:00,
P002540,B001912,1,Debit Card,3422.38,Success,2026-02-18 00:45:00,
P002541,B001913,1,Apple Pay,1592.73,Failed,2026-08-10 00:53:00,Card Declined
P002542,B001913,2,Debit Card,1592.73,Success,2026-08-10 00:58:15,
P002543,B001914,1,Bank Transfer,2573.66,Failed,2026-09-09 00:18:00,Technical Error
P002544,B001914,2,Bank Transfer,2573.66,Failed,2026-09-09 00:26:24,Insufficient Funds
P002545,B001914,3,Bank Transfer,2573.66,Success,2026-09-09 00:32:21,
P002546,B001915,1,Debit Card,2654.24,Failed,2026-05-28 00:16:00,Payment Timeout
P002547,B001915,2,Debit Card,2654.24,Success,2026-05-28 00:29:46,
P002548,B001916,1,Debit Card,1299.51,Success,2026-09-17 00:43:00,
P002549,B001917,1,Credit Card,4442.93,Success,2026-01-25 00:25:00,
P002550,B001918,1,Debit Card,2866.19,Success,2026-06-12 00:24:00,
P002551,B001919,1,Debit Card,4400.53,Failed,2026-09-23 00:50:00,Card Declined
P002552,B001919,2,Bank Transfer,4400.53,Failed,2026-09-23 01:03:48,Insufficient Funds
P002553,B001919,3,Credit Card,4400.53,Success,2026-09-23 01:16:58,
P002554,B001920,1,Credit Card,1681.41,Success,2026-08-03 00:19:00,
P002555,B001921,1,Digital Wallet,1275.51,Success,2025-11-13 00:27:00,
P002556,B001922,1,Debit Card,581.07,Success,2025-08-21 00:53:00,
P002557,B001923,1,Bank Transfer,922.39,Success,2026-03-29 00:15:00,
P002558,B001924,1,Digital Wallet,1163.62,Success,2026-05-18 00:39:00,
P002559,B001925,1,Credit Card,854.85,Success,2026-04-18 00:35:00,
P002560,B001926,1,Digital Wallet,4535.96,Success,2026-07-11 00:14:00,
P002561,B001927,1,Digital Wallet,4601.47,Success,2025-12-18 00:54:00,
P002562,B001928,1,Credit Card,4718.13,Success,2026-03-20 00:35:00,
P002563,B001929,1,Credit Card,4819.37,Success,2025-11-17 00:52:00,
P002564,B001930,1,Bank Transfer,2713.26,Success,2026-01-25 00:05:00,
P002565,B001931,1,Apple Pay,2885.11,Success,2026-08-03 00:29:00,
P002566,B001932,1,Bank Transfer,1088.74,Success,2026-06-10 00:27:00,
P002567,B001933,1,Debit Card,1116.73,Success,2026-08-15 00:47:00,
P002568,B001934,1,Debit Card,3977.4,Failed,2026-09-29 00:06:00,Insufficient Funds
P002569,B001934,2,Credit Card,3977.4,Success,2026-09-29 00:18:25,
P002570,B001935,1,Debit Card,4350.78,Success,2026-06-23 00:52:00,
P002571,B001936,1,Bank Transfer,4031.21,Success,2025-12-10 00:57:00,
P002572,B001937,1,Apple Pay,4255.59,Failed,2025-09-09 00:54:00,Payment Timeout
P002573,B001937,2,Bank Transfer,4255.59,Failed,2025-09-09 00:59:20,Payment Timeout
P002574,B001937,3,Debit Card,4255.59,Success,2025-09-09 01:04:49,
P002575,B001938,1,Debit Card,1744.57,Success,2026-06-14 00:14:00,
P002576,B001939,1,Apple Pay,2597.3,Success,2026-04-06 00:13:00,
P002577,B001940,1,Debit Card,2566.4,Failed,2026-02-15 00:10:00,Technical Error
P002578,B001940,2,Credit Card,2566.4,Success,2026-02-15 00:17:56,
P002579,B001941,1,Credit Card,4978.78,Success,2025-11-30 00:55:00,
P002580,B001942,1,Apple Pay,4771.3,Success,2026-05-15 00:33:00,
P002581,B001943,1,Apple Pay,3193.19,Success,2025-10-16 00:29:00,
P002582,B001944,1,Credit Card,1120.88,Success,2025-09-09 00:30:00,
P002583,B001945,1,Digital Wallet,1663.68,Failed,2025-12-10 00:45:00,Technical Error
P002584,B001945,2,Debit Card,1663.68,Success,2025-12-10 00:47:34,
P002585,B001946,1,Digital Wallet,2136.93,Success,2025-12-30 00:32:00,
P002586,B001947,1,Digital Wallet,4429.45,Success,2026-07-28 00:17:00,
P002587,B001948,1,Apple Pay,1267.85,Success,2026-08-12 00:38:00,
P002588,B001949,1,Debit Card,1488.86,Success,2026-04-07 00:06:00,
P002589,B001950,1,Credit Card,2072.23,Success,2026-08-04 00:45:00,
P002590,B001951,1,Bank Transfer,4671.1,Success,2025-09-29 00:59:00,
P002591,B001952,1,Apple Pay,2767.15,Success,2026-01-12 00:14:00,
P002592,B001953,1,Debit Card,3410.76,Failed,2026-09-24 00:21:00,Payment Timeout
P002593,B001953,2,Credit Card,3410.76,Success,2026-09-24 00:34:20,
P002594,B001954,1,Credit Card,2242.5,Failed,2026-06-09 00:51:00,Insufficient Funds
P002595,B001954,2,Debit Card,2242.5,Failed,2026-06-09 01:01:40,Insufficient Funds
P002596,B001954,3,Credit Card,2242.5,Success,2026-06-09 01:16:07,
P002597,B001955,1,Bank Transfer,1348.35,Success,2026-04-18 00:23:00,
P002598,B001956,1,Apple Pay,1502.6,Success,2026-01-07 00:07:00,
P002599,B001957,1,Apple Pay,4112.02,Failed,2026-10-06 00:40:00,Card Declined
P002600,B001957,2,Digital Wallet,4112.02,Success,2026-10-06 00:54:18,
P002601,B001958,1,Apple Pay,4520.67,Success,2025-12-16 00:36:00,
P002602,B001959,1,Bank Transfer,2718.84,Failed,2025-11-19 00:50:00,Payment Timeout
P002603,B001959,2,Apple Pay,2718.84,Success,2025-11-19 00:54:17,
P002604,B001960,1,Bank Transfer,2106.48,Success,2026-06-26 00:42:00,
P002605,B001961,1,Bank Transfer,4135.26,Failed,2026-06-25 00:56:00,Technical Error
P002606,B001961,2,Digital Wallet,4135.26,Success,2026-06-25 01:07:13,
P002607,B001962,1,Bank Transfer,3528.93,Success,2025-11-29 00:08:00,
P002608,B001963,1,Debit Card,683.93,Success,2026-08-11 00:52:00,
P002609,B001964,1,Bank Transfer,2078.33,Success,2026-03-16 00:17:00,
P002610,B001965,1,Apple Pay,3569.78,Success,2026-01-20 00:28:00,
P002611,B001966,1,Debit Card,3081.56,Success,2026-04-08 00:17:00,
P002612,B001967,1,Debit Card,4901.3,Success,2026-07-30 00:06:00,
P002613,B001968,1,Digital Wallet,4397.52,Failed,2026-06-18 00:13:00,Card Declined
P002614,B001968,2,Credit Card,4397.52,Success,2026-06-18 00:17:57,
P002615,B001969,1,Debit Card,768.82,Failed,2026-07-31 00:17:00,Payment Timeout
P002616,B001969,2,Bank Transfer,768.82,Success,2026-07-31 00:28:26,
P002617,B001970,1,Bank Transfer,3765.96,Success,2026-10-24 00:16:00,
P002618,B001971,1,Apple Pay,2013.47,Success,2026-05-25 00:20:00,
P002619,B001972,1,Credit Card,3569.37,Success,2026-09-15 00:47:00,
P002620,B001973,1,Apple Pay,3277.51,Success,2025-12-25 00:37:00,
P002621,B001974,1,Digital Wallet,2763.73,Failed,2026-10-02 00:32:00,Card Declined
P002622,B001974,2,Debit Card,2763.73,Failed,2026-10-02 00:39:24,Technical Error
P002623,B001974,3,Credit Card,2763.73,Success,2026-10-02 00:46:19,
P002624,B001975,1,Digital Wallet,4338.27,Success,2026-01-14 00:15:00,
P002625,B001976,1,Bank Transfer,3689.1,Success,2026-03-19 00:29:00,
P002626,B001977,1,Credit Card,4503.0,Failed,2025-12-21 00:06:00,Technical Error
P002627,B001977,2,Credit Card,4503.0,Success,2025-12-21 00:15:17,
P002628,B001978,1,Credit Card,1767.22,Failed,2026-09-22 00:59:00,Fraud Check
P002629,B001978,2,Digital Wallet,1767.22,Success,2026-09-22 01:05:17,
P002630,B001979,1,Bank Transfer,2066.57,Failed,2026-02-27 00:26:00,Payment Timeout
P002631,B001979,2,Debit Card,2066.57,Success,2026-02-27 00:35:27,
P002632,B001980,1,Apple Pay,3298.78,Failed,2025-12-24 00:51:00,Card Declined
P002633,B001980,2,Credit Card,3298.78,Success,2025-12-24 01:02:36,
P002634,B001981,1,Credit Card,4849.09,Success,2025-12-11 00:23:00,
P002635,B001982,1,Apple Pay,2172.12,Success,2026-11-18 00:19:00,
P002636,B001983,1,Digital Wallet,645.32,Failed,2025-11-17 00:34:00,Technical Error
P002637,B001983,2,Debit Card,645.32,Success,2025-11-17 00:43:12,
P002638,B001984,1,Debit Card,2506.5,Success,2025-10-27 00:30:00,
P002639,B001985,1,Credit Card,2947.68,Success,2026-05-15 00:25:00,
P002640,B001986,1,Bank Transfer,4104.44,Failed,2026-09-19 00:56:00,Card Declined
P002641,B001986,2,Apple Pay,4104.44,Success,2026-09-19 00:58:10,
P002642,B001987,1,Bank Transfer,3778.7,Failed,2025-12-11 00:49:00,Payment Timeout
P002643,B001987,2,Credit Card,3778.7,Success,2025-12-11 00:53:55,
P002644,B001988,1,Credit Card,4840.98,Success,2026-04-10 00:55:00,
P002645,B001989,1,Credit Card,4022.07,Success,2026-04-12 00:24:00,
P002646,B001990,1,Bank Transfer,1843.83,Success,2025-11-09 00:15:00,
P002647,B001991,1,Bank Transfer,3386.21,Failed,2026-07-27 00:52:00,Fraud Check
P002648,B001991,2,Credit Card,3386.21,Failed,2026-07-27 01:04:34,Fraud Check
P002649,B001991,3,Debit Card,3386.21,Success,2026-07-27 01:13:54,
P002650,B001992,1,Credit Card,3525.09,Failed,2026-05-20 00:56:00,Card Declined
P002651,B001992,2,Apple Pay,3525.09,Success,2026-05-20 01:05:26,
P002652,B001993,1,Credit Card,4991.09,Failed,2026-07-08 00:39:00,Payment Timeout
P002653,B001993,2,Credit Card,4991.09,Success,2026-07-08 00:41:39,
P002654,B001994,1,Credit Card,1124.32,Success,2025-12-26 00:50:00,
P002655,B001995,1,Debit Card,1360.96,Success,2025-08-27 00:29:00,
P002656,B001996,1,Digital Wallet,1199.81,Success,2025-08-10 00:20:00,
P002657,B001997,1,Apple Pay,3150.77,Success,2026-01-25 00:59:00,
P002658,B001998,1,Apple Pay,1108.85,Success,2026-01-28 00:06:00,
P002659,B001999,1,Bank Transfer,3452.03,Failed,2026-06-02 00:12:00,Technical Error
P002660,B001999,2,Debit Card,3452.03,Success,2026-06-02 00:17:23,
P002661,B002000,1,Credit Card,4116.98,Failed,2026-06-14 00:36:00,Card Declined
P002662,B002000,2,Bank Transfer,4116.98,Success,2026-06-14 00:37:35,
P002663,B002001,1,Bank Transfer,2447.57,Success,2026-08-11 00:06:00,
P002664,B002002,1,Apple Pay,3023.08,Success,2026-08-08 00:49:00,
P002665,B002003,1,Debit Card,4607.25,Success,2026-04-08 00:19:00,
P002666,B002004,1,Bank Transfer,3063.05,Success,2026-10-23 00:13:00,
P002667,B002005,1,Debit Card,1438.72,Failed,2026-04-01 00:35:00,Technical Error
P002668,B002005,2,Digital Wallet,1438.72,Success,2026-04-01 00:49:46,
P002669,B002006,1,Credit Card,2044.37,Success,2026-04-05 00:42:00,
P002670,B002007,1,Debit Card,2884.31,Failed,2026-03-04 00:18:00,Technical Error
P002671,B002007,2,Debit Card,2884.31,Success,2026-03-04 00:25:29,
P002672,B002008,1,Digital Wallet,1197.04,Success,2025-12-19 00:14:00,
P002673,B002009,1,Digital Wallet,3256.34,Success,2026-02-13 00:34:00,
P002674,B002010,1,Bank Transfer,4996.61,Failed,2026-04-27 00:19:00,Fraud Check
P002675,B002010,2,Bank Transfer,4996.61,Success,2026-04-27 00:27:46,
P002676,B002011,1,Bank Transfer,3436.41,Failed,2026-06-28 00:46:00,Fraud Check
P002677,B002011,2,Digital Wallet,3436.41,Success,2026-06-28 00:59:32,
P002678,B002012,1,Apple Pay,2175.85,Success,2026-03-24 00:26:00,
P002679,B002013,1,Credit Card,1992.86,Success,2026-09-25 00:34:00,
P002680,B002014,1,Credit Card,4692.21,Success,2026-03-31 00:53:00,
P002681,B002015,1,Debit Card,4421.81,Success,2025-12-13 00:47:00,
P002682,B002016,1,Debit Card,2625.61,Success,2026-09-02 00:30:00,
P002683,B002017,1,Digital Wallet,2090.37,Failed,2026-03-02 00:35:00,Card Declined
P002684,B002017,2,Credit Card,2090.37,Success,2026-03-02 00:38:12,
P002685,B002018,1,Bank Transfer,3697.09,Success,2026-06-15 00:35:00,
P002686,B002019,1,Digital Wallet,1915.26,Success,2026-06-21 00:39:00,
P002687,B002020,1,Bank Transfer,1037.31,Success,2026-05-13 00:36:00,
P002688,B002021,1,Digital Wallet,1895.68,Success,2026-07-29 00:32:00,
P002689,B002022,1,Apple Pay,2454.33,Failed,2026-01-01 00:18:00,Payment Timeout
P002690,B002022,2,Bank Transfer,2454.33,Success,2026-01-01 00:24:24,
P002691,B002023,1,Debit Card,1649.35,Success,2026-04-02 00:24:00,
P002692,B002024,1,Bank Transfer,1475.66,Success,2026-05-14 00:22:00,
P002693,B002025,1,Credit Card,527.63,Success,2025-11-07 00:55:00,
P002694,B002026,1,Apple Pay,3338.79,Success,2026-01-16 00:57:00,
P002695,B002027,1,Debit Card,3265.02,Success,2026-08-11 00:32:00,
P002696,B002028,1,Apple Pay,1346.11,Success,2025-12-26 00:17:00,
P002697,B002029,1,Apple Pay,4746.43,Failed,2026-02-22 00:31:00,Insufficient Funds
P002698,B002029,2,Digital Wallet,4746.43,Success,2026-02-22 00:41:33,
P002699,B002030,1,Debit Card,2343.07,Failed,2026-07-30 00:48:00,Technical Error
P002700,B002030,2,Bank Transfer,2343.07,Failed,2026-07-30 00:49:38,Technical Error
P002701,B002030,3,Apple Pay,2343.07,Success,2026-07-30 01:03:32,
P002702,B002031,1,Debit Card,614.66,Failed,2025-12-22 00:35:00,Payment Timeout
P002703,B002031,2,Debit Card,614.66,Success,2025-12-22 00:36:34,
P002704,B002032,1,Digital Wallet,1488.97,Failed,2026-05-10 00:22:00,Card Declined
P002705,B002032,2,Apple Pay,1488.97,Success,2026-05-10 00:29:57,
P002706,B002033,1,Digital Wallet,3614.3,Success,2026-04-02 00:45:00,
P002707,B002034,1,Debit Card,1407.29,Failed,2026-02-25 00:54:00,Payment Timeout
P002708,B002034,2,Credit Card,1407.29,Failed,2026-02-25 01:04:48,Card Declined
P002709,B002034,3,Digital Wallet,1407.29,Success,2026-02-25 01:19:16,
P002710,B002035,1,Apple Pay,742.61,Success,2026-04-08 00:11:00,
P002711,B002036,1,Debit Card,3279.68,Success,2026-06-20 00:43:00,
P002712,B002037,1,Digital Wallet,2832.6,Success,2026-03-15 00:52:00,
P002713,B002038,1,Credit Card,3925.7,Success,2026-03-14 00:42:00,
P002714,B002039,1,Digital Wallet,3976.84,Success,2026-07-01 00:15:00,
P002715,B002040,1,Apple Pay,4819.71,Success,2026-06-08 00:56:00,
P002716,B002041,1,Digital Wallet,756.58,Success,2025-12-29 00:19:00,
P002717,B002042,1,Debit Card,675.45,Success,2026-03-11 00:49:00,
P002718,B002043,1,Bank Transfer,4942.39,Failed,2026-05-05 00:13:00,Insufficient Funds
P002719,B002043,2,Apple Pay,4942.39,Failed,2026-05-05 00:27:58,Insufficient Funds
P002720,B002043,3,Digital Wallet,4942.39,Success,2026-05-05 00:29:23,
P002721,B002044,1,Bank Transfer,3401.82,Failed,2026-07-22 00:35:00,Technical Error
P002722,B002044,2,Debit Card,3401.82,Success,2026-07-22 00:41:12,
P002723,B002045,1,Debit Card,3719.17,Failed,2026-01-13 00:18:00,Technical Error
P002724,B002045,2,Apple Pay,3719.17,Failed,2026-01-13 00:29:33,Fraud Check
P002725,B002045,3,Credit Card,3719.17,Success,2026-01-13 00:40:21,
P002726,B002046,1,Debit Card,934.17,Failed,2025-11-15 00:05:00,Payment Timeout
P002727,B002046,2,Debit Card,934.17,Failed,2025-11-15 00:11:55,Payment Timeout
P002728,B002046,3,Debit Card,934.17,Success,2025-11-15 00:16:21,
P002729,B002047,1,Credit Card,814.16,Success,2026-06-02 00:17:00,
P002730,B002048,1,Credit Card,1221.14,Success,2026-02-24 00:10:00,
P002731,B002049,1,Digital Wallet,2422.38,Success,2025-10-05 00:17:00,
P002732,B002050,1,Bank Transfer,995.79,Success,2026-02-28 00:54:00,
P002733,B002051,1,Debit Card,2508.5,Success,2026-06-07 00:51:00,
P002734,B002052,1,Debit Card,3026.91,Success,2026-10-25 00:40:00,
P002735,B002053,1,Debit Card,501.5,Success,2026-04-16 00:46:00,
P002736,B002054,1,Credit Card,1014.11,Failed,2025-12-15 00:17:00,Card Declined
P002737,B002054,2,Credit Card,1014.11,Success,2025-12-15 00:18:56,
P002738,B002055,1,Credit Card,2188.38,Success,2026-04-14 00:32:00,
P002739,B002056,1,Credit Card,739.98,Success,2026-10-21 00:45:00,
P002740,B002057,1,Credit Card,1100.88,Success,2026-02-05 00:12:00,
P002741,B002058,1,Credit Card,1543.08,Failed,2026-01-30 00:09:00,Card Declined
P002742,B002058,2,Debit Card,1543.08,Failed,2026-01-30 00:10:34,Insufficient Funds
P002743,B002058,3,Apple Pay,1543.08,Success,2026-01-30 00:11:46,
P002744,B002059,1,Debit Card,2433.21,Success,2026-08-02 00:33:00,
P002745,B002060,1,Credit Card,3716.77,Success,2025-11-11 01:00:00,
P002746,B002061,1,Digital Wallet,1097.1,Success,2026-07-04 00:40:00,
P002747,B002062,1,Apple Pay,3820.81,Failed,2026-09-15 00:24:00,Insufficient Funds
P002748,B002062,2,Debit Card,3820.81,Success,2026-09-15 00:33:52,
P002749,B002063,1,Credit Card,4347.77,Failed,2026-04-20 00:50:00,Insufficient Funds
P002750,B002063,2,Bank Transfer,4347.77,Success,2026-04-20 01:01:25,
P002751,B002064,1,Debit Card,3431.65,Success,2026-08-11 00:58:00,
P002752,B002065,1,Credit Card,696.77,Success,2026-02-17 00:28:00,
P002753,B002066,1,Credit Card,2482.94,Success,2025-10-18 00:21:00,
P002754,B002067,1,Apple Pay,3470.3,Success,2026-05-17 00:19:00,
P002755,B002068,1,Digital Wallet,4903.31,Success,2025-12-29 00:14:00,
P002756,B002069,1,Bank Transfer,4783.14,Success,2026-07-16 00:31:00,
P002757,B002070,1,Credit Card,2280.66,Success,2026-04-29 00:36:00,
P002758,B002071,1,Digital Wallet,3271.69,Success,2026-01-30 00:39:00,
P002759,B002072,1,Debit Card,4508.67,Success,2025-11-16 00:25:00,
P002760,B002073,1,Apple Pay,4239.71,Failed,2026-06-15 00:56:00,Card Declined
P002761,B002073,2,Credit Card,4239.71,Failed,2026-06-15 01:00:57,Technical Error
P002762,B002073,3,Apple Pay,4239.71,Success,2026-06-15 01:12:51,
P002763,B002074,1,Digital Wallet,2657.4,Success,2026-06-30 00:26:00,
P002764,B002075,1,Apple Pay,1675.59,Success,2026-08-23 00:55:00,
P002765,B002076,1,Apple Pay,1116.95,Success,2026-04-21 00:53:00,
P002766,B002077,1,Digital Wallet,2695.91,Success,2026-07-02 00:20:00,
P002767,B002078,1,Apple Pay,3752.81,Success,2026-04-12 00:40:00,
P002768,B002079,1,Bank Transfer,4863.96,Failed,2026-02-26 00:26:00,Insufficient Funds
P002769,B002079,2,Apple Pay,4863.96,Failed,2026-02-26 00:38:10,Technical Error
P002770,B002079,3,Credit Card,4863.96,Success,2026-02-26 00:40:56,
P002771,B002080,1,Digital Wallet,4378.17,Success,2026-03-18 00:25:00,
P002772,B002081,1,Debit Card,1419.08,Failed,2026-05-05 00:20:00,Payment Timeout
P002773,B002081,2,Apple Pay,1419.08,Success,2026-05-05 00:32:51,
P002774,B002082,1,Credit Card,3739.0,Success,2026-02-05 00:17:00,
P002775,B002083,1,Apple Pay,1800.96,Success,2025-12-04 00:28:00,
P002776,B002084,1,Apple Pay,3575.63,Success,2026-05-12 00:17:00,
P002777,B002085,1,Digital Wallet,3496.12,Success,2025-10-18 00:23:00,
P002778,B002086,1,Debit Card,1725.94,Success,2026-06-12 00:26:00,
P002779,B002087,1,Credit Card,1554.75,Failed,2026-04-14 00:54:00,Payment Timeout
P002780,B002087,2,Credit Card,1554.75,Success,2026-04-14 01:05:23,
P002781,B002088,1,Digital Wallet,967.72,Success,2026-01-30 00:11:00,
P002782,B002089,1,Bank Transfer,727.43,Success,2026-03-30 00:50:00,
P002783,B002090,1,Apple Pay,4363.03,Success,2025-10-12 00:20:00,
P002784,B002091,1,Apple Pay,724.32,Success,2025-10-28 00:30:00,
P002785,B002092,1,Credit Card,899.34,Success,2025-12-07 00:54:00,
P002786,B002093,1,Digital Wallet,1574.83,Success,2025-09-16 00:27:00,
P002787,B002094,1,Apple Pay,4494.46,Success,2026-06-11 00:40:00,
P002788,B002095,1,Bank Transfer,1998.23,Failed,2026-03-24 00:21:00,Insufficient Funds
P002789,B002095,2,Credit Card,1998.23,Success,2026-03-24 00:33:54,
P002790,B002096,1,Bank Transfer,1363.1,Failed,2025-10-07 00:22:00,Payment Timeout
P002791,B002096,2,Credit Card,1363.1,Success,2025-10-07 00:35:12,
P002792,B002097,1,Digital Wallet,3720.0,Success,2026-07-15 00:14:00,
P002793,B002098,1,Digital Wallet,1935.81,Success,2026-01-20 00:32:00,
P002794,B002099,1,Bank Transfer,2000.15,Success,2026-06-24 00:57:00,
P002795,B002100,1,Apple Pay,3825.39,Success,2026-03-22 00:48:00,
P002796,B002101,1,Debit Card,1632.44,Success,2025-08-28 00:46:00,
P002797,B002102,1,Debit Card,4535.42,Success,2025-12-15 00:57:00,
P002798,B002103,1,Credit Card,3026.4,Success,2025-11-10 00:48:00,
P002799,B002104,1,Credit Card,2920.24,Failed,2026-07-10 00:33:00,Card Declined
P002800,B002104,2,Digital Wallet,2920.24,Success,2026-07-10 00:46:45,
P002801,B002105,1,Credit Card,1691.39,Success,2026-01-27 00:08:00,
P002802,B002106,1,Credit Card,4257.92,Success,2026-08-17 00:31:00,
P002803,B002107,1,Digital Wallet,3077.37,Success,2025-10-19 00:07:00,
P002804,B002108,1,Digital Wallet,1199.82,Failed,2025-10-16 00:41:00,Payment Timeout
P002805,B002108,2,Debit Card,1199.82,Success,2025-10-16 00:50:35,
P002806,B002109,1,Apple Pay,1428.34,Success,2026-09-13 00:28:00,
P002807,B002110,1,Bank Transfer,2607.15,Failed,2026-05-14 00:07:00,Card Declined
P002808,B002110,2,Credit Card,2607.15,Failed,2026-05-14 00:21:28,Card Declined
P002809,B002110,3,Credit Card,2607.15,Success,2026-05-14 00:33:51,
P002810,B002111,1,Bank Transfer,4008.39,Success,2025-11-22 00:53:00,
P002811,B002112,1,Credit Card,4726.83,Success,2026-08-21 00:42:00,
P002812,B002113,1,Credit Card,3485.74,Success,2026-05-09 00:09:00,
P002813,B002114,1,Digital Wallet,2777.64,Success,2026-03-04 00:37:00,
P002814,B002115,1,Apple Pay,1628.29,Failed,2026-10-13 00:45:00,Fraud Check
P002815,B002115,2,Debit Card,1628.29,Success,2026-10-13 00:49:59,
P002816,B002116,1,Digital Wallet,3527.91,Success,2026-04-16 00:23:00,
P002817,B002117,1,Debit Card,4920.08,Success,2026-05-07 00:37:00,
P002818,B002118,1,Apple Pay,2643.0,Success,2025-12-26 00:09:00,
P002819,B002119,1,Digital Wallet,1229.64,Failed,2025-09-03 00:26:00,Fraud Check
P002820,B002119,2,Debit Card,1229.64,Failed,2025-09-03 00:40:32,Technical Error
P002821,B002119,3,Digital Wallet,1229.64,Success,2025-09-03 00:49:13,
P002822,B002120,1,Credit Card,965.03,Success,2025-12-22 00:09:00,
P002823,B002121,1,Bank Transfer,1711.65,Success,2026-05-12 00:12:00,
P002824,B002122,1,Credit Card,3062.49,Success,2026-01-28 00:09:00,
P002825,B002123,1,Debit Card,4760.62,Success,2026-01-14 00:42:00,
P002826,B002124,1,Bank Transfer,1846.24,Success,2026-03-13 00:05:00,
P002827,B002125,1,Credit Card,1874.26,Success,2026-08-09 00:30:00,
P002828,B002126,1,Debit Card,2665.31,Failed,2026-05-02 00:25:00,Fraud Check
P002829,B002126,2,Debit Card,2665.31,Failed,2026-05-02 00:27:32,Technical Error
P002830,B002126,3,Debit Card,2665.31,Success,2026-05-02 00:28:53,
P002831,B002127,1,Debit Card,4633.44,Failed,2026-02-19 00:30:00,Card Declined
P002832,B002127,2,Debit Card,4633.44,Success,2026-02-19 00:38:25,
P002833,B002128,1,Debit Card,2385.75,Success,2026-09-07 00:07:00,
P002834,B002129,1,Credit Card,1504.53,Success,2026-06-08 00:28:00,
P002835,B002130,1,Digital Wallet,1234.09,Success,2026-02-22 00:11:00,
P002836,B002131,1,Apple Pay,2556.57,Success,2026-07-03 00:51:00,
P002837,B002132,1,Bank Transfer,4103.05,Success,2026-10-06 00:25:00,
P002838,B002133,1,Credit Card,1811.09,Failed,2025-11-22 00:29:00,Card Declined
P002839,B002133,2,Debit Card,1811.09,Failed,2025-11-22 00:32:11,Technical Error
P002840,B002133,3,Digital Wallet,1811.09,Success,2025-11-22 00:43:01,
P002841,B002134,1,Bank Transfer,2806.35,Success,2025-12-26 00:29:00,
P002842,B002135,1,Debit Card,3213.54,Failed,2026-12-11 00:55:00,Insufficient Funds
P002843,B002135,2,Digital Wallet,3213.54,Failed,2026-12-11 01:03:45,Card Declined
P002844,B002135,3,Credit Card,3213.54,Success,2026-12-11 01:13:39,
P002845,B002136,1,Debit Card,2527.12,Success,2026-01-15 00:08:00,
P002846,B002137,1,Digital Wallet,1362.61,Failed,2025-12-09 00:41:00,Card Declined
P002847,B002137,2,Credit Card,1362.61,Success,2025-12-09 00:52:21,
P002848,B002138,1,Bank Transfer,4647.86,Failed,2026-05-04 00:23:00,Technical Error
P002849,B002138,2,Debit Card,4647.86,Success,2026-05-04 00:24:23,
P002850,B002139,1,Apple Pay,3044.52,Success,2025-10-22 00:08:00,
P002851,B002140,1,Apple Pay,3781.1,Failed,2026-02-03 00:56:00,Card Declined
P002852,B002140,2,Credit Card,3781.1,Success,2026-02-03 01:02:30,
P002853,B002141,1,Credit Card,3362.19,Success,2026-03-28 00:31:00,
P002854,B002142,1,Debit Card,4991.22,Success,2026-08-16 00:49:00,
P002855,B002143,1,Digital Wallet,2553.4,Failed,2026-06-06 00:16:00,Card Declined
P002856,B002143,2,Credit Card,2553.4,Success,2026-06-06 00:18:25,
P002857,B002144,1,Digital Wallet,2412.38,Success,2026-05-10 00:23:00,
P002858,B002145,1,Debit Card,2120.63,Success,2025-11-22 00:29:00,
P002859,B002146,1,Apple Pay,2127.33,Success,2026-01-21 00:44:00,
P002860,B002147,1,Credit Card,1740.97,Success,2026-10-09 00:57:00,
P002861,B002148,1,Apple Pay,4912.84,Failed,2026-09-23 00:43:00,Card Declined
P002862,B002148,2,Bank Transfer,4912.84,Failed,2026-09-23 00:52:57,Payment Timeout
P002863,B002148,3,Credit Card,4912.84,Success,2026-09-23 01:05:35,
P002864,B002149,1,Bank Transfer,4418.52,Failed,2026-04-02 00:17:00,Fraud Check
P002865,B002149,2,Credit Card,4418.52,Failed,2026-04-02 00:20:50,Payment Timeout
P002866,B002149,3,Bank Transfer,4418.52,Success,2026-04-02 00:23:21,
P002867,B002150,1,Debit Card,1925.03,Success,2026-02-19 00:22:00,
P002868,B002151,1,Bank Transfer,1873.53,Success,2026-03-28 00:31:00,
P002869,B002152,1,Debit Card,965.9,Success,2026-08-29 01:00:00,
P002870,B002153,1,Digital Wallet,4446.64,Failed,2025-12-24 00:07:00,Insufficient Funds
P002871,B002153,2,Credit Card,4446.64,Failed,2025-12-24 00:18:32,Insufficient Funds
P002872,B002153,3,Debit Card,4446.64,Success,2025-12-24 00:27:54,
P002873,B002154,1,Digital Wallet,2172.95,Success,2025-11-03 00:41:00,
P002874,B002155,1,Credit Card,3076.77,Failed,2026-01-01 00:58:00,Technical Error
P002875,B002155,2,Debit Card,3076.77,Success,2026-01-01 01:02:18,
P002876,B002156,1,Digital Wallet,4551.7,Failed,2026-06-09 00:26:00,Payment Timeout
P002877,B002156,2,Credit Card,4551.7,Success,2026-06-09 00:37:17,
P002878,B002157,1,Credit Card,2336.45,Failed,2025-10-10 00:17:00,Fraud Check
P002879,B002157,2,Digital Wallet,2336.45,Failed,2025-10-10 00:24:16,Fraud Check
P002880,B002157,3,Credit Card,2336.45,Success,2025-10-10 00:38:42,
P002881,B002158,1,Digital Wallet,4130.91,Success,2026-04-30 00:23:00,
P002882,B002159,1,Digital Wallet,2436.29,Success,2026-09-17 00:20:00,
P002883,B002160,1,Digital Wallet,3654.23,Success,2025-10-21 00:17:00,
P002884,B002161,1,Apple Pay,2440.33,Success,2026-05-23 00:12:00,
P002885,B002162,1,Digital Wallet,2267.42,Failed,2026-07-19 00:14:00,Card Declined
P002886,B002162,2,Credit Card,2267.42,Success,2026-07-19 00:27:14,
P002887,B002163,1,Apple Pay,4958.19,Success,2026-04-20 00:07:00,
P002888,B002164,1,Apple Pay,3255.57,Success,2026-06-08 00:39:00,
P002889,B002165,1,Debit Card,2153.26,Success,2025-12-03 00:43:00,
P002890,B002166,1,Bank Transfer,1660.19,Success,2026-11-01 00:53:00,
P002891,B002167,1,Digital Wallet,678.95,Success,2025-11-14 00:05:00,
P002892,B002168,1,Apple Pay,3679.55,Success,2026-05-23 00:35:00,
P002893,B002169,1,Apple Pay,2174.71,Failed,2026-01-24 00:37:00,Card Declined
P002894,B002169,2,Bank Transfer,2174.71,Success,2026-01-24 00:47:54,
P002895,B002170,1,Credit Card,4195.64,Success,2026-06-22 00:17:00,
P002896,B002171,1,Apple Pay,2137.41,Success,2026-10-16 00:18:00,
P002897,B002172,1,Bank Transfer,2179.98,Success,2026-10-12 00:44:00,
P002898,B002173,1,Apple Pay,4006.31,Failed,2026-10-13 00:58:00,Technical Error
P002899,B002173,2,Digital Wallet,4006.31,Success,2026-10-13 01:07:40,
P002900,B002174,1,Bank Transfer,2702.6,Success,2025-10-14 00:59:00,
P002901,B002175,1,Digital Wallet,4482.03,Success,2026-03-29 00:14:00,
P002902,B002176,1,Debit Card,3155.61,Success,2025-12-31 00:10:00,
P002903,B002177,1,Apple Pay,1582.9,Success,2026-01-16 00:17:00,
P002904,B002178,1,Credit Card,3057.22,Success,2026-01-17 00:23:00,
P002905,B002179,1,Digital Wallet,518.01,Success,2026-08-17 00:26:00,
P002906,B002180,1,Credit Card,1905.79,Failed,2026-04-03 00:59:00,Payment Timeout
P002907,B002180,2,Bank Transfer,1905.79,Success,2026-04-03 01:11:52,
P002908,B002181,1,Digital Wallet,1435.79,Failed,2026-01-26 00:06:00,Fraud Check
P002909,B002181,2,Apple Pay,1435.79,Success,2026-01-26 00:17:35,
P002910,B002182,1,Bank Transfer,3443.85,Success,2026-07-09 00:18:00,
P002911,B002183,1,Apple Pay,1112.17,Success,2026-09-15 00:30:00,
P002912,B002184,1,Debit Card,1805.44,Success,2026-07-04 00:45:00,
P002913,B002185,1,Digital Wallet,1990.89,Success,2025-11-04 00:48:00,
P002914,B002186,1,Bank Transfer,514.82,Success,2026-01-09 00:05:00,
P002915,B002187,1,Bank Transfer,710.45,Success,2025-11-21 00:13:00,
P002916,B002188,1,Credit Card,1900.07,Success,2026-10-23 00:32:00,
P002917,B002189,1,Credit Card,1500.6,Success,2026-03-25 00:50:00,
P002918,B002190,1,Apple Pay,1026.08,Failed,2026-08-05 00:56:00,Fraud Check
P002919,B002190,2,Apple Pay,1026.08,Failed,2026-08-05 00:57:16,Insufficient Funds
P002920,B002190,3,Digital Wallet,1026.08,Success,2026-08-05 01:04:38,
P002921,B002191,1,Apple Pay,1193.73,Failed,2025-10-17 00:09:00,Insufficient Funds
P002922,B002191,2,Digital Wallet,1193.73,Success,2025-10-17 00:12:19,
P002923,B002192,1,Debit Card,4259.92,Failed,2026-10-14 00:17:00,Insufficient Funds
P002924,B002192,2,Credit Card,4259.92,Failed,2026-10-14 00:25:15,Technical Error
P002925,B002192,3,Apple Pay,4259.92,Success,2026-10-14 00:38:08,
P002926,B002193,1,Apple Pay,3574.94,Failed,2026-05-29 00:25:00,Card Declined
P002927,B002193,2,Bank Transfer,3574.94,Success,2026-05-29 00:38:28,
P002928,B002194,1,Credit Card,2678.53,Failed,2026-05-08 00:31:00,Technical Error
P002929,B002194,2,Credit Card,2678.53,Success,2026-05-08 00:43:44,
P002930,B002195,1,Digital Wallet,4589.94,Success,2026-04-13 00:37:00,
P002931,B002196,1,Digital Wallet,632.99,Failed,2026-10-22 00:16:00,Fraud Check
P002932,B002196,2,Bank Transfer,632.99,Success,2026-10-22 00:28:40,
P002933,B002197,1,Credit Card,2052.21,Failed,2026-05-14 00:39:00,Insufficient Funds
P002934,B002197,2,Apple Pay,2052.21,Success,2026-05-14 00:40:48,
P002935,B002198,1,Credit Card,4205.23,Success,2026-07-04 00:37:00,
P002936,B002199,1,Apple Pay,3327.3,Success,2026-11-29 00:41:00,
P002937,B002200,1,Digital Wallet,4917.59,Success,2026-05-28 00:37:00,
P002938,B002201,1,Debit Card,4750.32,Success,2026-08-15 00:36:00,
P002939,B002202,1,Debit Card,1264.74,Success,2026-06-29 00:43:00,
P002940,B002203,1,Bank Transfer,4873.94,Success,2025-12-02 00:39:00,
P002941,B002204,1,Bank Transfer,4754.91,Failed,2026-06-17 00:08:00,Card Declined
P002942,B002204,2,Digital Wallet,4754.91,Success,2026-06-17 00:12:59,
P002943,B002205,1,Apple Pay,2181.25,Success,2026-08-01 00:05:00,
P002944,B002206,1,Credit Card,4922.96,Success,2025-12-31 00:21:00,
P002945,B002207,1,Apple Pay,661.3,Success,2026-06-18 00:17:00,
P002946,B002208,1,Digital Wallet,3473.38,Success,2025-10-23 01:00:00,
P002947,B002209,1,Debit Card,1697.67,Success,2026-05-14 00:55:00,
P002948,B002210,1,Credit Card,1082.58,Success,2026-01-17 00:40:00,
P002949,B002211,1,Bank Transfer,3098.91,Success,2026-04-02 00:45:00,
P002950,B002212,1,Digital Wallet,1878.58,Success,2026-01-28 00:47:00,
P002951,B002213,1,Digital Wallet,3500.71,Success,2025-09-23 00:52:00,
P002952,B002214,1,Apple Pay,2929.91,Success,2026-03-16 00:47:00,
P002953,B002215,1,Debit Card,2266.65,Success,2026-04-26 00:35:00,
P002954,B002216,1,Credit Card,1318.2,Success,2026-03-24 00:48:00,
P002955,B002217,1,Bank Transfer,3205.63,Success,2026-01-06 00:36:00,
P002956,B002218,1,Bank Transfer,4231.54,Success,2026-06-04 00:22:00,
P002957,B002219,1,Debit Card,3200.02,Success,2026-06-01 00:11:00,
P002958,B002220,1,Credit Card,3247.35,Failed,2026-03-18 00:45:00,Payment Timeout
P002959,B002220,2,Digital Wallet,3247.35,Success,2026-03-18 00:59:11,
P002960,B002221,1,Bank Transfer,2803.27,Success,2025-10-03 00:56:00,
P002961,B002222,1,Debit Card,2247.08,Success,2026-08-03 00:10:00,
P002962,B002223,1,Bank Transfer,2558.56,Success,2026-06-19 00:21:00,
P002963,B002224,1,Apple Pay,4952.94,Success,2026-02-10 00:17:00,
P002964,B002225,1,Debit Card,3873.51,Success,2026-10-11 00:47:00,
P002965,B002226,1,Credit Card,2437.52,Success,2026-08-26 00:52:00,
P002966,B002227,1,Apple Pay,2557.83,Success,2026-01-14 00:59:00,
P002967,B002228,1,Apple Pay,2748.34,Success,2025-12-12 00:58:00,
P002968,B002229,1,Digital Wallet,3466.91,Failed,2026-01-16 00:13:00,Technical Error
P002969,B002229,2,Apple Pay,3466.91,Failed,2026-01-16 00:23:44,Card Declined
P002970,B002229,3,Digital Wallet,3466.91,Success,2026-01-16 00:31:12,
P002971,B002230,1,Apple Pay,2596.81,Success,2026-05-22 00:05:00,
P002972,B002231,1,Credit Card,3587.81,Success,2025-09-26 00:20:00,
P002973,B002232,1,Apple Pay,1981.35,Failed,2026-07-20 00:20:00,Payment Timeout
P002974,B002232,2,Credit Card,1981.35,Success,2026-07-20 00:21:12,
P002975,B002233,1,Digital Wallet,2347.88,Success,2026-03-07 00:13:00,
P002976,B002234,1,Apple Pay,4388.24,Success,2026-01-06 00:49:00,
P002977,B002235,1,Credit Card,1980.08,Success,2026-04-10 00:42:00,
P002978,B002236,1,Bank Transfer,4839.97,Success,2026-08-30 00:35:00,
P002979,B002237,1,Bank Transfer,1276.27,Success,2026-02-27 00:21:00,
P002980,B002238,1,Apple Pay,1587.56,Success,2026-04-18 00:54:00,
P002981,B002239,1,Credit Card,2586.56,Success,2026-04-26 00:44:00,
P002982,B002240,1,Digital Wallet,4088.34,Success,2026-05-28 00:40:00,
P002983,B002241,1,Credit Card,3792.09,Success,2026-09-23 01:00:00,
P002984,B002242,1,Digital Wallet,1285.1,Success,2025-12-02 00:17:00,
P002985,B002243,1,Credit Card,1565.08,Failed,2026-01-04 00:28:00,Insufficient Funds
P002986,B002243,2,Credit Card,1565.08,Failed,2026-01-04 00:29:50,Card Declined
P002987,B002243,3,Bank Transfer,1565.08,Success,2026-01-04 00:43:43,
P002988,B002244,1,Apple Pay,3088.68,Success,2025-12-16 00:59:00,
P002989,B002245,1,Apple Pay,1828.24,Success,2026-11-19 00:40:00,
P002990,B002246,1,Apple Pay,2400.46,Success,2026-03-15 00:19:00,
P002991,B002247,1,Apple Pay,2689.67,Failed,2026-02-03 00:35:00,Technical Error
P002992,B002247,2,Bank Transfer,2689.67,Failed,2026-02-03 00:39:16,Fraud Check
P002993,B002247,3,Digital Wallet,2689.67,Success,2026-02-03 00:44:04,
P002994,B002248,1,Digital Wallet,3174.11,Success,2026-06-22 00:59:00,
P002995,B002249,1,Debit Card,1629.73,Success,2026-05-15 00:33:00,
P002996,B002250,1,Digital Wallet,1234.13,Failed,2026-06-07 00:34:00,Payment Timeout
P002997,B002250,2,Apple Pay,1234.13,Success,2026-06-07 00:37:39,
P002998,B002251,1,Digital Wallet,2293.54,Success,2026-03-06 00:11:00,
P002999,B002252,1,Digital Wallet,869.12,Success,2026-01-14 00:13:00,
P003000,B002253,1,Digital Wallet,2870.44,Success,2026-08-07 00:17:00,
P003001,B002254,1,Apple Pay,4278.22,Success,2026-11-16 00:31:00,
P003002,B002255,1,Debit Card,1035.39,Success,2026-09-28 00:24:00,
P003003,B002256,1,Apple Pay,1007.29,Success,2026-07-08 00:33:00,
P003004,B002257,1,Digital Wallet,860.98,Success,2026-05-11 00:12:00,
P003005,B002258,1,Digital Wallet,4315.38,Success,2025-12-12 00:34:00,
P003006,B002259,1,Debit Card,863.17,Success,2026-01-06 00:06:00,
P003007,B002260,1,Apple Pay,4925.58,Success,2026-03-30 00:38:00,
P003008,B002261,1,Credit Card,2112.49,Success,2025-12-04 00:08:00,
P003009,B002262,1,Debit Card,1979.43,Success,2026-01-17 00:29:00,
P003010,B002263,1,Credit Card,912.34,Success,2026-03-06 00:33:00,
P003011,B002264,1,Bank Transfer,3135.39,Failed,2026-11-04 01:00:00,Technical Error
P003012,B002264,2,Apple Pay,3135.39,Success,2026-11-04 01:02:54,
P003013,B002265,1,Bank Transfer,3136.47,Success,2025-10-06 00:18:00,
P003014,B002266,1,Debit Card,2722.13,Failed,2026-09-25 00:48:00,Insufficient Funds
P003015,B002266,2,Debit Card,2722.13,Success,2026-09-25 00:53:53,
P003016,B002267,1,Bank Transfer,1899.59,Success,2025-10-08 00:07:00,
P003017,B002268,1,Bank Transfer,2158.61,Success,2026-08-06 00:45:00,
P003018,B002269,1,Digital Wallet,1942.27,Success,2026-10-23 00:38:00,
P003019,B002270,1,Apple Pay,2417.66,Success,2026-11-25 00:12:00,
P003020,B002271,1,Apple Pay,2038.05,Success,2026-06-21 00:22:00,
P003021,B002272,1,Credit Card,3539.83,Success,2025-08-28 00:33:00,
P003022,B002273,1,Apple Pay,1831.04,Failed,2026-02-05 00:22:00,Insufficient Funds
P003023,B002273,2,Credit Card,1831.04,Success,2026-02-05 00:29:21,
P003024,B002274,1,Debit Card,2078.77,Success,2026-01-23 00:54:00,
P003025,B002275,1,Digital Wallet,2459.57,Success,2026-03-11 00:37:00,
P003026,B002276,1,Credit Card,517.83,Success,2026-11-02 00:39:00,
P003027,B002277,1,Credit Card,2714.37,Failed,2026-04-07 00:23:00,Card Declined
P003028,B002277,2,Digital Wallet,2714.37,Success,2026-04-07 00:35:41,
P003029,B002278,1,Digital Wallet,1651.19,Failed,2026-03-22 00:12:00,Technical Error
P003030,B002278,2,Bank Transfer,1651.19,Success,2026-03-22 00:18:34,
P003031,B002279,1,Digital Wallet,752.68,Failed,2026-07-21 00:08:00,Payment Timeout
P003032,B002279,2,Credit Card,752.68,Success,2026-07-21 00:16:46,
P003033,B002280,1,Credit Card,4599.6,Success,2025-11-04 00:11:00,
P003034,B002281,1,Apple Pay,1950.88,Failed,2026-06-28 00:27:00,Insufficient Funds
P003035,B002281,2,Debit Card,1950.88,Success,2026-06-28 00:28:43,
P003036,B002282,1,Credit Card,2417.38,Success,2026-08-12 00:27:00,
P003037,B002283,1,Bank Transfer,4223.04,Success,2026-03-28 00:38:00,
P003038,B002284,1,Debit Card,1250.55,Success,2026-07-07 00:19:00,
P003039,B002285,1,Apple Pay,4326.39,Success,2026-01-18 00:27:00,
P003040,B002286,1,Debit Card,1587.37,Success,2026-08-02 00:13:00,
P003041,B002287,1,Bank Transfer,3150.67,Success,2026-12-07 00:20:00,
P003042,B002288,1,Debit Card,3585.55,Success,2026-02-12 00:37:00,
P003043,B002289,1,Digital Wallet,4572.56,Success,2026-02-06 00:58:00,
P003044,B002290,1,Debit Card,3234.37,Success,2026-04-15 00:33:00,
P003045,B002291,1,Apple Pay,2539.54,Success,2025-09-16 00:33:00,
P003046,B002292,1,Bank Transfer,3075.21,Success,2026-02-25 00:05:00,
P003047,B002293,1,Apple Pay,1409.37,Failed,2026-02-19 00:18:00,Card Declined
P003048,B002293,2,Apple Pay,1409.37,Failed,2026-02-19 00:30:13,Insufficient Funds
P003049,B002293,3,Debit Card,1409.37,Success,2026-02-19 00:32:58,
P003050,B002294,1,Debit Card,3600.83,Failed,2026-02-03 00:20:00,Payment Timeout
P003051,B002294,2,Bank Transfer,3600.83,Success,2026-02-03 00:34:26,
P003052,B002295,1,Credit Card,1340.96,Success,2026-06-23 00:43:00,
P003053,B002296,1,Credit Card,3007.61,Success,2025-12-16 00:20:00,
P003054,B002297,1,Credit Card,3414.22,Failed,2026-11-21 00:25:00,Payment Timeout
P003055,B002297,2,Apple Pay,3414.22,Failed,2026-11-21 00:34:13,Fraud Check
P003056,B002297,3,Digital Wallet,3414.22,Success,2026-11-21 00:43:48,
P003057,B002298,1,Credit Card,4543.62,Success,2026-02-16 00:38:00,
P003058,B002299,1,Digital Wallet,2525.85,Success,2026-04-08 00:42:00,
P003059,B002300,1,Digital Wallet,3989.0,Success,2025-12-15 00:56:00,
P003060,B002301,1,Digital Wallet,1253.89,Success,2026-05-11 00:13:00,
P003061,B002302,1,Debit Card,1202.88,Success,2026-07-11 00:14:00,
P003062,B002303,1,Debit Card,2861.59,Success,2026-04-16 00:55:00,
P003063,B002304,1,Digital Wallet,3183.53,Success,2026-06-07 00:53:00,
P003064,B002305,1,Apple Pay,3345.53,Success,2026-11-07 01:00:00,
P003065,B002306,1,Apple Pay,3855.53,Success,2026-07-05 00:29:00,
P003066,B002307,1,Apple Pay,1827.19,Success,2025-11-25 00:08:00,
P003067,B002308,1,Debit Card,3301.73,Failed,2026-03-27 00:56:00,Payment Timeout
P003068,B002308,2,Apple Pay,3301.73,Failed,2026-03-27 01:00:43,Payment Timeout
P003069,B002308,3,Credit Card,3301.73,Success,2026-03-27 01:03:11,
P003070,B002309,1,Credit Card,1346.63,Success,2025-11-19 00:45:00,
P003071,B002310,1,Apple Pay,1485.49,Success,2026-01-16 00:43:00,
P003072,B002311,1,Apple Pay,802.89,Success,2025-11-21 00:33:00,
P003073,B002312,1,Debit Card,3861.5,Success,2025-10-16 00:32:00,
P003074,B002313,1,Bank Transfer,2781.47,Success,2026-01-09 00:23:00,
P003075,B002314,1,Apple Pay,1571.84,Failed,2026-08-31 00:37:00,Payment Timeout
P003076,B002314,2,Credit Card,1571.84,Failed,2026-08-31 00:45:30,Card Declined
P003077,B002314,3,Digital Wallet,1571.84,Success,2026-08-31 00:49:22,
P003078,B002315,1,Digital Wallet,3003.07,Failed,2026-06-16 00:37:00,Card Declined
P003079,B002315,2,Credit Card,3003.07,Success,2026-06-16 00:49:19,
P003080,B002316,1,Debit Card,2094.08,Success,2026-08-19 00:22:00,
P003081,B002317,1,Digital Wallet,4267.44,Success,2026-11-25 00:20:00,
P003082,B002318,1,Apple Pay,2876.67,Success,2026-10-13 00:28:00,
P003083,B002319,1,Credit Card,634.15,Success,2026-01-16 00:39:00,
P003084,B002320,1,Credit Card,4932.93,Failed,2026-07-15 00:41:00,Insufficient Funds
P003085,B002320,2,Debit Card,4932.93,Success,2026-07-15 00:50:10,
P003086,B002321,1,Digital Wallet,834.34,Failed,2025-12-08 00:11:00,Fraud Check
P003087,B002321,2,Debit Card,834.34,Failed,2025-12-08 00:12:21,Technical Error
P003088,B002321,3,Debit Card,834.34,Success,2025-12-08 00:16:18,
P003089,B002322,1,Digital Wallet,3631.81,Failed,2025-10-22 00:58:00,Insufficient Funds
P003090,B002322,2,Apple Pay,3631.81,Failed,2025-10-22 00:59:44,Insufficient Funds
P003091,B002322,3,Apple Pay,3631.81,Success,2025-10-22 01:10:18,
P003092,B002323,1,Apple Pay,2467.65,Success,2026-02-02 00:26:00,
P003093,B002324,1,Digital Wallet,1621.93,Success,2026-02-18 00:19:00,
P003094,B002325,1,Digital Wallet,3544.06,Success,2026-10-31 00:33:00,
P003095,B002326,1,Bank Transfer,1066.54,Success,2026-08-07 00:09:00,
P003096,B002327,1,Credit Card,4362.11,Success,2026-12-20 00:39:00,
P003097,B002328,1,Debit Card,1627.75,Success,2025-11-15 01:00:00,
P003098,B002329,1,Digital Wallet,2126.54,Success,2026-10-08 00:58:00,
P003099,B002330,1,Digital Wallet,3346.9,Success,2025-10-21 00:41:00,
P003100,B002331,1,Bank Transfer,504.63,Success,2026-04-12 00:39:00,
P003101,B002332,1,Debit Card,2627.37,Failed,2025-09-25 00:34:00,Insufficient Funds
P003102,B002332,2,Credit Card,2627.37,Failed,2025-09-25 00:35:45,Insufficient Funds
P003103,B002332,3,Credit Card,2627.37,Success,2025-09-25 00:43:34,
P003104,B002333,1,Apple Pay,4524.12,Success,2025-11-19 00:57:00,
P003105,B002334,1,Debit Card,3561.87,Failed,2026-10-24 00:48:00,Payment Timeout
P003106,B002334,2,Bank Transfer,3561.87,Success,2026-10-24 01:00:48,
P003107,B002335,1,Bank Transfer,2245.55,Success,2025-11-11 00:45:00,
P003108,B002336,1,Apple Pay,3471.91,Success,2026-04-17 00:18:00,
P003109,B002337,1,Digital Wallet,4714.56,Success,2026-09-06 00:14:00,
P003110,B002338,1,Debit Card,1345.12,Success,2026-02-04 00:52:00,
P003111,B002339,1,Credit Card,2893.14,Success,2025-10-11 00:35:00,
P003112,B002340,1,Debit Card,1556.32,Success,2025-11-25 00:37:00,
P003113,B002341,1,Apple Pay,4344.01,Success,2026-10-21 00:13:00,
P003114,B002342,1,Apple Pay,3744.73,Success,2025-12-14 00:54:00,
P003115,B002343,1,Bank Transfer,4104.84,Failed,2025-11-15 00:46:00,Fraud Check
P003116,B002343,2,Bank Transfer,4104.84,Success,2025-11-15 00:56:30,
P003117,B002344,1,Digital Wallet,4743.55,Success,2026-10-24 00:32:00,
P003118,B002345,1,Debit Card,1545.39,Success,2026-01-02 00:16:00,
P003119,B002346,1,Debit Card,719.24,Success,2026-09-07 00:44:00,
P003120,B002347,1,Debit Card,1809.07,Success,2025-12-05 00:49:00,
P003121,B002348,1,Digital Wallet,2296.13,Success,2026-08-05 00:26:00,
P003122,B002349,1,Apple Pay,3313.22,Success,2025-08-03 00:48:00,
P003123,B002350,1,Apple Pay,4089.67,Success,2025-12-09 00:35:00,
P003124,B002351,1,Apple Pay,2074.11,Success,2026-07-25 00:46:00,
P003125,B002352,1,Debit Card,2630.74,Success,2025-11-05 00:17:00,
P003126,B002353,1,Apple Pay,4034.6,Success,2025-12-24 00:27:00,
P003127,B002354,1,Bank Transfer,1513.98,Failed,2026-06-10 00:48:00,Payment Timeout
P003128,B002354,2,Digital Wallet,1513.98,Failed,2026-06-10 00:57:48,Card Declined
P003129,B002354,3,Apple Pay,1513.98,Success,2026-06-10 01:03:27,
P003130,B002355,1,Bank Transfer,1477.09,Success,2026-08-03 00:28:00,
P003131,B002356,1,Digital Wallet,3151.55,Success,2025-10-28 00:44:00,
P003132,B002357,1,Bank Transfer,2462.26,Failed,2026-02-07 00:54:00,Fraud Check
P003133,B002357,2,Apple Pay,2462.26,Success,2026-02-07 01:02:17,
P003134,B002358,1,Credit Card,4770.04,Success,2025-11-30 00:25:00,
P003135,B002359,1,Bank Transfer,2106.64,Success,2026-07-27 00:52:00,
P003136,B002360,1,Debit Card,3918.0,Success,2025-12-11 00:20:00,
P003137,B002361,1,Debit Card,3123.92,Failed,2025-12-03 00:51:00,Technical Error
P003138,B002361,2,Bank Transfer,3123.92,Failed,2025-12-03 00:56:53,Payment Timeout
P003139,B002361,3,Credit Card,3123.92,Success,2025-12-03 01:07:11,
P003140,B002362,1,Apple Pay,745.59,Success,2026-03-10 00:10:00,
P003141,B002363,1,Digital Wallet,879.73,Success,2026-01-10 00:57:00,
P003142,B002364,1,Credit Card,1414.2,Success,2026-08-15 00:29:00,
P003143,B002365,1,Digital Wallet,1144.19,Failed,2026-04-01 00:56:00,Fraud Check
P003144,B002365,2,Bank Transfer,1144.19,Success,2026-04-01 00:58:13,
P003145,B002366,1,Credit Card,1982.17,Success,2026-07-25 00:32:00,
P003146,B002367,1,Apple Pay,3105.45,Success,2026-03-18 00:26:00,
P003147,B002368,1,Credit Card,3210.63,Success,2026-04-01 00:56:00,
P003148,B002369,1,Debit Card,3144.96,Success,2026-03-07 00:39:00,
P003149,B002370,1,Apple Pay,1029.24,Success,2026-09-22 00:46:00,
P003150,B002371,1,Apple Pay,3201.01,Success,2026-02-10 00:39:00,
P003151,B002372,1,Apple Pay,2343.86,Success,2026-02-22 00:49:00,
P003152,B002373,1,Bank Transfer,4563.74,Success,2026-11-26 00:53:00,
P003153,B002374,1,Digital Wallet,4603.93,Success,2026-06-25 00:32:00,
P003154,B002375,1,Digital Wallet,3956.78,Success,2025-10-17 00:55:00,
P003155,B002376,1,Apple Pay,3663.98,Success,2026-08-23 00:23:00,
P003156,B002377,1,Apple Pay,1017.29,Success,2026-02-09 00:13:00,
P003157,B002378,1,Apple Pay,881.12,Success,2026-10-22 00:44:00,
P003158,B002379,1,Digital Wallet,4283.75,Success,2025-11-06 00:52:00,
P003159,B002380,1,Digital Wallet,2421.57,Success,2026-03-31 00:46:00,
P003160,B002381,1,Digital Wallet,2531.13,Failed,2026-08-27 00:33:00,Technical Error
P003161,B002381,2,Bank Transfer,2531.13,Success,2026-08-27 00:40:27,
P003162,B002382,1,Bank Transfer,4315.07,Success,2025-12-13 00:05:00,
P003163,B002383,1,Bank Transfer,3296.44,Failed,2026-08-31 00:27:00,Payment Timeout
P003164,B002383,2,Bank Transfer,3296.44,Success,2026-08-31 00:31:35,
P003165,B002384,1,Credit Card,1307.33,Success,2026-07-04 00:47:00,
P003166,B002385,1,Bank Transfer,1449.56,Success,2026-09-01 00:09:00,
P003167,B002386,1,Debit Card,528.7,Success,2026-08-11 00:36:00,
P003168,B002387,1,Apple Pay,3698.02,Success,2026-10-11 00:40:00,
P003169,B002388,1,Credit Card,2685.25,Success,2026-07-31 00:17:00,
P003170,B002389,1,Apple Pay,4774.84,Success,2026-08-01 00:58:00,
P003171,B002390,1,Bank Transfer,3713.06,Success,2026-02-13 00:29:00,
P003172,B002391,1,Bank Transfer,964.19,Success,2025-11-03 00:07:00,
P003173,B002392,1,Bank Transfer,1226.94,Success,2026-09-13 00:31:00,
P003174,B002393,1,Digital Wallet,2757.76,Success,2026-07-08 00:31:00,
P003175,B002394,1,Credit Card,4661.93,Success,2026-07-09 00:32:00,
P003176,B002395,1,Credit Card,1612.63,Success,2026-10-30 00:48:00,
P003177,B002396,1,Credit Card,4215.11,Success,2025-09-30 00:12:00,
P003178,B002397,1,Apple Pay,1905.23,Failed,2026-10-12 00:28:00,Card Declined
P003179,B002397,2,Credit Card,1905.23,Success,2026-10-12 00:37:22,
P003180,B002398,1,Credit Card,1714.54,Success,2026-03-10 00:28:00,
P003181,B002399,1,Digital Wallet,4556.27,Success,2026-09-07 00:33:00,
P003182,B002400,1,Digital Wallet,712.59,Failed,2026-08-31 00:59:00,Payment Timeout
P003183,B002400,2,Apple Pay,712.59,Success,2026-08-31 01:04:39,
P003184,B002401,1,Credit Card,3473.33,Success,2026-01-30 00:55:00,
P003185,B002402,1,Bank Transfer,694.25,Success,2025-10-07 00:20:00,
P003186,B002403,1,Apple Pay,4103.44,Success,2026-04-08 00:44:00,
P003187,B002404,1,Credit Card,4232.32,Success,2026-08-28 00:30:00,
P003188,B002405,1,Digital Wallet,4520.1,Failed,2026-10-15 00:33:00,Fraud Check
P003189,B002405,2,Bank Transfer,4520.1,Success,2026-10-15 00:41:18,
P003190,B002406,1,Digital Wallet,1337.41,Success,2026-01-13 00:48:00,
P003191,B002407,1,Credit Card,1060.24,Success,2026-10-02 00:41:00,
P003192,B002408,1,Bank Transfer,2765.91,Success,2026-01-27 00:16:00,
P003193,B002409,1,Digital Wallet,1722.35,Failed,2025-12-07 00:44:00,Fraud Check
P003194,B002409,2,Bank Transfer,1722.35,Success,2025-12-07 00:45:36,
P003195,B002410,1,Digital Wallet,3228.34,Success,2026-08-11 00:28:00,
P003196,B002411,1,Credit Card,2811.86,Success,2026-08-19 00:05:00,
P003197,B002412,1,Digital Wallet,1151.83,Failed,2026-06-30 00:35:00,Insufficient Funds
P003198,B002412,2,Credit Card,1151.83,Success,2026-06-30 00:48:15,
P003199,B002413,1,Digital Wallet,3826.72,Success,2025-12-13 00:26:00,
P003200,B002414,1,Digital Wallet,4117.03,Failed,2026-02-16 00:15:00,Insufficient Funds
P003201,B002414,2,Digital Wallet,4117.03,Failed,2026-02-16 00:28:53,Card Declined
P003202,B002414,3,Bank Transfer,4117.03,Success,2026-02-16 00:32:20,
P003203,B002415,1,Apple Pay,4833.69,Success,2026-04-02 00:17:00,
P003204,B002416,1,Digital Wallet,2279.92,Success,2026-02-11 00:59:00,
P003205,B002417,1,Debit Card,2019.81,Success,2026-03-20 00:11:00,
P003206,B002418,1,Credit Card,1365.18,Success,2026-04-21 00:12:00,
P003207,B002419,1,Digital Wallet,1313.89,Success,2026-03-30 00:25:00,
P003208,B002420,1,Digital Wallet,1944.74,Success,2026-11-24 00:43:00,
P003209,B002421,1,Credit Card,4918.18,Success,2026-02-07 00:47:00,
P003210,B002422,1,Bank Transfer,915.16,Success,2026-01-30 00:46:00,
P003211,B002423,1,Digital Wallet,1667.15,Success,2026-04-26 00:08:00,
P003212,B002424,1,Credit Card,886.9,Success,2025-12-05 00:16:00,
P003213,B002425,1,Apple Pay,1731.34,Success,2026-05-03 00:09:00,
P003214,B002426,1,Bank Transfer,915.81,Success,2026-03-17 00:40:00,
P003215,B002427,1,Digital Wallet,2787.39,Failed,2026-05-25 00:33:00,Technical Error
P003216,B002427,2,Digital Wallet,2787.39,Failed,2026-05-25 00:44:54,Card Declined
P003217,B002427,3,Debit Card,2787.39,Success,2026-05-25 00:59:18,
P003218,B002428,1,Debit Card,2472.6,Success,2026-08-25 00:19:00,
P003219,B002429,1,Digital Wallet,1283.23,Success,2026-09-04 00:31:00,
P003220,B002430,1,Credit Card,1286.64,Success,2026-04-10 00:56:00,
P003221,B002431,1,Bank Transfer,3317.49,Success,2026-08-20 01:00:00,
P003222,B002432,1,Digital Wallet,2242.05,Success,2026-05-15 00:11:00,
P003223,B002433,1,Bank Transfer,752.88,Failed,2026-08-25 00:15:00,Card Declined
P003224,B002433,2,Debit Card,752.88,Failed,2026-08-25 00:24:25,Technical Error
P003225,B002433,3,Debit Card,752.88,Success,2026-08-25 00:28:20,
P003226,B002434,1,Digital Wallet,4640.87,Success,2026-05-22 00:47:00,
P003227,B002435,1,Credit Card,2322.29,Success,2026-11-02 00:09:00,
P003228,B002436,1,Debit Card,3159.71,Success,2026-05-04 00:30:00,
P003229,B002437,1,Credit Card,4484.35,Failed,2025-12-24 00:35:00,Card Declined
P003230,B002437,2,Credit Card,4484.35,Failed,2025-12-24 00:37:32,Card Declined
P003231,B002437,3,Apple Pay,4484.35,Success,2025-12-24 00:40:46,
P003232,B002438,1,Bank Transfer,2309.72,Success,2026-06-17 00:42:00,
P003233,B002439,1,Apple Pay,4192.97,Success,2026-02-02 00:49:00,
P003234,B002440,1,Digital Wallet,4616.39,Success,2025-12-12 00:15:00,
P003235,B002441,1,Credit Card,1283.3,Success,2026-03-29 00:21:00,
P003236,B002442,1,Digital Wallet,4516.22,Success,2026-08-26 00:30:00,
P003237,B002443,1,Debit Card,1039.25,Success,2026-01-27 00:27:00,
P003238,B002444,1,Credit Card,1738.07,Failed,2026-05-22 00:26:00,Payment Timeout
P003239,B002444,2,Credit Card,1738.07,Success,2026-05-22 00:30:19,
P003240,B002445,1,Digital Wallet,4136.95,Success,2025-12-16 00:57:00,
P003241,B002446,1,Debit Card,4553.08,Failed,2026-09-20 00:18:00,Technical Error
P003242,B002446,2,Digital Wallet,4553.08,Success,2026-09-20 00:31:36,
P003243,B002447,1,Bank Transfer,3578.62,Success,2026-10-16 00:47:00,
P003244,B002448,1,Debit Card,971.72,Success,2026-05-31 00:55:00,
P003245,B002449,1,Digital Wallet,2853.47,Success,2026-09-06 00:38:00,
P003246,B002450,1,Apple Pay,3076.85,Success,2026-04-30 00:30:00,
P003247,B002451,1,Digital Wallet,1768.37,Success,2026-09-10 00:46:00,
P003248,B002452,1,Apple Pay,4960.83,Success,2026-04-26 00:49:00,
P003249,B002453,1,Apple Pay,2010.33,Failed,2025-12-23 00:14:00,Payment Timeout
P003250,B002453,2,Digital Wallet,2010.33,Failed,2025-12-23 00:24:56,Payment Timeout
P003251,B002453,3,Bank Transfer,2010.33,Success,2025-12-23 00:30:37,
P003252,B002454,1,Debit Card,1446.15,Success,2026-08-08 00:53:00,
P003253,B002455,1,Credit Card,995.61,Success,2026-07-16 00:52:00,
P003254,B002456,1,Digital Wallet,2203.26,Success,2026-06-17 00:16:00,
P003255,B002457,1,Debit Card,3616.78,Success,2026-03-08 00:55:00,
P003256,B002458,1,Debit Card,1541.38,Success,2025-12-18 00:18:00,
P003257,B002459,1,Bank Transfer,3962.95,Success,2026-01-12 00:08:00,
P003258,B002460,1,Debit Card,1109.31,Success,2026-03-02 00:20:00,
P003259,B002461,1,Apple Pay,2482.11,Failed,2026-07-10 00:10:00,Payment Timeout
P003260,B002461,2,Debit Card,2482.11,Success,2026-07-10 00:24:17,
P003261,B002462,1,Debit Card,3660.68,Success,2025-11-12 00:33:00,
P003262,B002463,1,Debit Card,1108.89,Failed,2026-02-17 00:14:00,Technical Error
P003263,B002463,2,Apple Pay,1108.89,Failed,2026-02-17 00:21:12,Insufficient Funds
P003264,B002463,3,Bank Transfer,1108.89,Success,2026-02-17 00:22:49,
P003265,B002464,1,Bank Transfer,3190.29,Success,2026-05-15 00:27:00,
P003266,B002465,1,Debit Card,4095.29,Failed,2025-11-25 00:52:00,Card Declined
P003267,B002465,2,Digital Wallet,4095.29,Failed,2025-11-25 00:55:37,Technical Error
P003268,B002465,3,Credit Card,4095.29,Success,2025-11-25 00:58:25,
P003269,B002466,1,Credit Card,3179.97,Success,2026-05-02 00:44:00,
P003270,B002467,1,Debit Card,2801.59,Success,2026-01-15 00:32:00,
P003271,B002468,1,Apple Pay,4272.35,Success,2026-05-20 00:30:00,
P003272,B002469,1,Bank Transfer,4934.39,Success,2025-12-31 00:12:00,
P003273,B002470,1,Bank Transfer,1315.91,Success,2025-12-04 00:21:00,
P003274,B002471,1,Credit Card,3611.06,Success,2026-02-25 00:26:00,
P003275,B002472,1,Digital Wallet,862.96,Success,2026-03-29 00:48:00,
P003276,B002473,1,Digital Wallet,692.78,Failed,2026-07-30 00:26:00,Payment Timeout
P003277,B002473,2,Debit Card,692.78,Failed,2026-07-30 00:38:43,Technical Error
P003278,B002473,3,Apple Pay,692.78,Success,2026-07-30 00:44:40,
P003279,B002474,1,Digital Wallet,1763.69,Failed,2026-06-12 00:37:00,Technical Error
P003280,B002474,2,Bank Transfer,1763.69,Failed,2026-06-12 00:42:37,Card Declined
P003281,B002474,3,Digital Wallet,1763.69,Success,2026-06-12 00:51:03,
P003282,B002475,1,Credit Card,4869.14,Success,2026-01-29 00:48:00,
P003283,B002476,1,Credit Card,2984.88,Failed,2026-03-29 00:55:00,Card Declined
P003284,B002476,2,Bank Transfer,2984.88,Failed,2026-03-29 01:03:33,Insufficient Funds
P003285,B002476,3,Apple Pay,2984.88,Success,2026-03-29 01:16:53,
P003286,B002477,1,Bank Transfer,1707.22,Success,2026-07-12 00:12:00,
P003287,B002478,1,Bank Transfer,1096.64,Success,2026-04-05 00:11:00,
P003288,B002479,1,Digital Wallet,4640.83,Success,2026-03-01 00:47:00,
P003289,B002480,1,Apple Pay,2130.65,Success,2026-01-28 00:32:00,
P003290,B002481,1,Debit Card,1880.14,Success,2025-10-24 00:19:00,
P003291,B002482,1,Credit Card,4360.84,Success,2026-02-22 00:16:00,
P003292,B002483,1,Digital Wallet,3219.81,Success,2026-08-27 00:07:00,
P003293,B002484,1,Apple Pay,1258.86,Success,2026-04-30 00:51:00,
P003294,B002485,1,Credit Card,2396.8,Success,2026-06-20 00:41:00,
P003295,B002486,1,Debit Card,4677.04,Success,2025-12-12 00:31:00,
P003296,B002487,1,Credit Card,4555.42,Success,2026-07-31 00:42:00,
P003297,B002488,1,Digital Wallet,815.49,Success,2025-12-15 00:43:00,
P003298,B002489,1,Apple Pay,1708.76,Failed,2026-04-01 00:56:00,Insufficient Funds
P003299,B002489,2,Credit Card,1708.76,Success,2026-04-01 01:01:31,
P003300,B002490,1,Credit Card,1195.43,Success,2026-01-20 00:25:00,
P003301,B002491,1,Apple Pay,2902.15,Success,2026-06-07 00:25:00,
P003302,B002492,1,Digital Wallet,3874.92,Success,2026-01-30 00:16:00,
P003303,B002493,1,Credit Card,1829.94,Success,2026-09-25 00:09:00,
P003304,B002494,1,Bank Transfer,3910.98,Success,2026-07-24 00:18:00,
P003305,B002495,1,Bank Transfer,3509.22,Success,2025-08-18 00:34:00,
P003306,B002496,1,Digital Wallet,3777.0,Success,2025-12-25 00:57:00,
P003307,B002497,1,Digital Wallet,4767.1,Success,2026-02-17 00:51:00,
P003308,B002498,1,Digital Wallet,2410.75,Success,2026-01-08 00:35:00,
P003309,B002499,1,Credit Card,2041.56,Success,2026-07-08 00:09:00,
P003310,B002500,1,Bank Transfer,3577.31,Success,2026-05-01 00:36:00,
P003311,B002501,1,Debit Card,4134.01,Success,2026-06-04 01:00:00,
P003312,B002502,1,Credit Card,1361.5,Success,2026-08-16 00:22:00,
P003313,B002503,1,Apple Pay,4310.6,Success,2026-08-08 00:33:00,
P003314,B002504,1,Bank Transfer,760.34,Success,2026-04-01 00:10:00,
P003315,B002505,1,Bank Transfer,528.77,Success,2025-08-01 00:58:00,
P003316,B002506,1,Credit Card,1212.92,Success,2026-08-17 00:09:00,
P003317,B002507,1,Digital Wallet,4904.0,Success,2026-05-01 00:20:00,
P003318,B002508,1,Apple Pay,2856.04,Success,2026-06-05 00:11:00,
P003319,B002509,1,Credit Card,709.55,Success,2026-04-23 00:48:00,
P003320,B002510,1,Digital Wallet,4987.29,Success,2026-04-02 00:24:00,
P003321,B002511,1,Digital Wallet,3852.1,Failed,2026-04-21 00:52:00,Payment Timeout
P003322,B002511,2,Debit Card,3852.1,Success,2026-04-21 00:58:33,
P003323,B002512,1,Digital Wallet,4271.02,Success,2026-06-16 00:36:00,
P003324,B002513,1,Credit Card,1458.23,Success,2026-01-13 00:28:00,
P003325,B002514,1,Bank Transfer,974.52,Success,2026-04-08 00:55:00,
P003326,B002515,1,Debit Card,2817.88,Success,2026-11-03 00:42:00,
P003327,B002516,1,Digital Wallet,3974.79,Failed,2026-05-15 00:59:00,Fraud Check
P003328,B002516,2,Digital Wallet,3974.79,Success,2026-05-15 01:13:49,
P003329,B002517,1,Digital Wallet,3370.01,Success,2026-02-10 00:56:00,
P003330,B002518,1,Bank Transfer,3339.77,Failed,2026-01-31 00:29:00,Insufficient Funds
P003331,B002518,2,Apple Pay,3339.77,Success,2026-01-31 00:34:27,
P003332,B002519,1,Digital Wallet,3906.93,Success,2026-06-13 00:36:00,
P003333,B002520,1,Digital Wallet,1521.59,Success,2026-04-01 00:53:00,
P003334,B002521,1,Bank Transfer,3476.84,Success,2025-12-04 00:13:00,
P003335,B002522,1,Digital Wallet,2264.5,Success,2025-12-02 00:12:00,
P003336,B002523,1,Credit Card,813.89,Success,2026-05-05 00:32:00,
P003337,B002524,1,Bank Transfer,1409.64,Success,2026-08-24 00:30:00,
P003338,B002525,1,Digital Wallet,4073.02,Success,2026-06-03 00:18:00,
P003339,B002526,1,Bank Transfer,4531.69,Success,2025-09-08 00:07:00,
P003340,B002527,1,Debit Card,1772.7,Success,2026-01-23 00:27:00,
P003341,B002528,1,Digital Wallet,1356.62,Failed,2026-05-12 00:51:00,Insufficient Funds
P003342,B002528,2,Debit Card,1356.62,Success,2026-05-12 01:02:48,
P003343,B002529,1,Debit Card,620.26,Success,2026-04-17 00:51:00,
P003344,B002530,1,Digital Wallet,4764.64,Failed,2025-12-29 00:18:00,Card Declined
P003345,B002530,2,Credit Card,4764.64,Success,2025-12-29 00:27:51,
P003346,B002531,1,Bank Transfer,3577.35,Failed,2026-04-26 00:48:00,Insufficient Funds
P003347,B002531,2,Bank Transfer,3577.35,Success,2026-04-26 00:52:34,
P003348,B002532,1,Bank Transfer,4806.64,Success,2025-12-06 00:31:00,
P003349,B002533,1,Credit Card,4387.32,Success,2025-12-17 00:13:00,
P003350,B002534,1,Digital Wallet,2032.1,Success,2026-06-28 00:37:00,
P003351,B002535,1,Bank Transfer,1007.07,Failed,2026-02-04 00:17:00,Payment Timeout
P003352,B002535,2,Apple Pay,1007.07,Success,2026-02-04 00:19:29,
P003353,B002536,1,Digital Wallet,2745.76,Success,2025-10-11 00:18:00,
P003354,B002537,1,Debit Card,620.66,Success,2026-06-06 00:45:00,
P003355,B002538,1,Debit Card,1174.62,Success,2026-01-19 00:59:00,
P003356,B002539,1,Credit Card,1550.45,Success,2026-10-31 00:35:00,
P003357,B002540,1,Bank Transfer,3495.41,Success,2026-07-15 00:36:00,
P003358,B002541,1,Bank Transfer,2794.45,Success,2026-03-24 00:23:00,
P003359,B002542,1,Apple Pay,1860.89,Success,2025-12-29 00:35:00,
P003360,B002543,1,Credit Card,3041.46,Success,2026-08-11 00:20:00,
P003361,B002544,1,Debit Card,1063.41,Success,2025-08-20 00:53:00,
P003362,B002545,1,Credit Card,3900.69,Success,2025-12-02 00:10:00,
P003363,B002546,1,Bank Transfer,3704.16,Success,2026-07-21 00:47:00,
P003364,B002547,1,Debit Card,1474.26,Success,2026-10-18 00:43:00,
P003365,B002548,1,Debit Card,3228.76,Success,2025-11-12 00:42:00,
P003366,B002549,1,Digital Wallet,2764.86,Success,2026-06-10 00:44:00,
P003367,B002550,1,Debit Card,773.67,Success,2025-11-18 00:37:00,
P003368,B002551,1,Apple Pay,1751.69,Failed,2026-08-14 00:39:00,Fraud Check
P003369,B002551,2,Bank Transfer,1751.69,Failed,2026-08-14 00:44:31,Fraud Check
P003370,B002551,3,Digital Wallet,1751.69,Success,2026-08-14 00:46:00,
P003371,B002552,1,Digital Wallet,4997.67,Success,2025-08-06 00:38:00,
P003372,B002553,1,Debit Card,947.91,Failed,2026-04-27 00:26:00,Fraud Check
P003373,B002553,2,Bank Transfer,947.91,Success,2026-04-27 00:33:51,
P003374,B002554,1,Apple Pay,2778.85,Success,2025-12-26 00:13:00,
P003375,B002555,1,Credit Card,4322.0,Success,2026-09-25 00:29:00,
P003376,B002556,1,Credit Card,1852.93,Success,2025-08-10 00:25:00,
P003377,B002557,1,Apple Pay,1673.19,Success,2026-06-06 00:42:00,
P003378,B002558,1,Digital Wallet,4508.57,Success,2026-09-08 00:08:00,
P003379,B002559,1,Digital Wallet,1871.73,Success,2026-04-11 00:58:00,
P003380,B002560,1,Bank Transfer,3431.72,Success,2026-08-24 00:45:00,
P003381,B002561,1,Digital Wallet,3831.41,Success,2026-01-08 00:26:00,
P003382,B002562,1,Digital Wallet,4048.78,Success,2025-12-22 00:32:00,
P003383,B002563,1,Apple Pay,4976.42,Failed,2026-06-16 00:20:00,Insufficient Funds
P003384,B002563,2,Bank Transfer,4976.42,Success,2026-06-16 00:32:40,
P003385,B002564,1,Bank Transfer,4114.36,Success,2026-01-22 00:55:00,
P003386,B002565,1,Credit Card,3456.55,Success,2026-01-19 00:57:00,
P003387,B002566,1,Apple Pay,4529.59,Success,2026-09-03 00:33:00,
P003388,B002567,1,Bank Transfer,4575.85,Success,2026-10-04 00:08:00,
P003389,B002568,1,Digital Wallet,4879.25,Success,2025-12-13 00:16:00,
P003390,B002569,1,Digital Wallet,3994.09,Success,2026-02-13 00:21:00,
P003391,B002570,1,Digital Wallet,1377.17,Success,2026-06-06 00:36:00,
P003392,B002571,1,Digital Wallet,3694.13,Success,2026-03-18 00:16:00,
P003393,B002572,1,Debit Card,838.08,Success,2026-08-26 00:19:00,
P003394,B002573,1,Credit Card,1930.83,Success,2026-07-09 00:52:00,
P003395,B002574,1,Apple Pay,1021.13,Success,2026-08-24 00:13:00,
P003396,B002575,1,Credit Card,4774.74,Success,2026-07-25 00:37:00,
P003397,B002576,1,Credit Card,2024.39,Success,2026-04-26 00:37:00,
P003398,B002577,1,Apple Pay,3709.47,Success,2026-09-19 00:31:00,
P003399,B002578,1,Apple Pay,3070.93,Success,2026-01-03 00:34:00,
P003400,B002579,1,Apple Pay,983.8,Success,2026-06-16 00:55:00,
P003401,B002580,1,Debit Card,3026.05,Failed,2026-01-28 00:24:00,Payment Timeout
P003402,B002580,2,Debit Card,3026.05,Success,2026-01-28 00:33:36,
P003403,B002581,1,Digital Wallet,3474.61,Success,2026-08-25 00:42:00,
P003404,B002582,1,Debit Card,4466.83,Success,2026-02-23 00:56:00,
P003405,B002583,1,Credit Card,815.39,Success,2025-12-11 00:23:00,
P003406,B002584,1,Digital Wallet,1830.35,Success,2025-12-05 00:46:00,
P003407,B002585,1,Credit Card,3615.53,Success,2026-01-09 00:58:00,
P003408,B002586,1,Debit Card,654.49,Success,2026-02-01 00:16:00,
P003409,B002587,1,Debit Card,1415.99,Failed,2026-09-18 00:25:00,Insufficient Funds
P003410,B002587,2,Credit Card,1415.99,Success,2026-09-18 00:37:57,
P003411,B002588,1,Digital Wallet,1484.02,Success,2026-01-27 00:30:00,
P003412,B002589,1,Debit Card,3511.97,Success,2025-11-09 00:40:00,
P003413,B002590,1,Apple Pay,1786.82,Success,2026-09-18 00:14:00,
P003414,B002591,1,Credit Card,3198.18,Success,2026-12-03 00:18:00,
P003415,B002592,1,Apple Pay,4844.07,Success,2025-10-15 00:36:00,
P003416,B002593,1,Digital Wallet,4069.59,Failed,2025-10-30 00:32:00,Insufficient Funds
P003417,B002593,2,Debit Card,4069.59,Failed,2025-10-30 00:43:53,Card Declined
P003418,B002593,3,Digital Wallet,4069.59,Success,2025-10-30 00:55:19,
P003419,B002594,1,Apple Pay,1998.06,Success,2026-03-22 00:26:00,
P003420,B002595,1,Debit Card,2625.8,Success,2025-11-23 00:11:00,
P003421,B002596,1,Digital Wallet,1403.03,Failed,2026-02-02 00:37:00,Card Declined
P003422,B002596,2,Debit Card,1403.03,Failed,2026-02-02 00:43:32,Fraud Check
P003423,B002596,3,Debit Card,1403.03,Success,2026-02-02 00:45:16,
P003424,B002597,1,Digital Wallet,570.74,Success,2025-11-17 00:17:00,
P003425,B002598,1,Debit Card,1803.72,Failed,2026-08-17 00:28:00,Technical Error
P003426,B002598,2,Debit Card,1803.72,Success,2026-08-17 00:34:30,
P003427,B002599,1,Digital Wallet,2162.34,Success,2026-01-29 00:51:00,
P003428,B002600,1,Debit Card,3039.65,Failed,2026-06-30 00:27:00,Technical Error
P003429,B002600,2,Apple Pay,3039.65,Success,2026-06-30 00:39:15,
P003430,B002601,1,Debit Card,4748.3,Success,2026-02-16 00:27:00,
P003431,B002602,1,Credit Card,4765.33,Failed,2026-04-08 00:10:00,Fraud Check
P003432,B002602,2,Digital Wallet,4765.33,Failed,2026-04-08 00:22:54,Insufficient Funds
P003433,B002602,3,Apple Pay,4765.33,Success,2026-04-08 00:30:15,
P003434,B002603,1,Bank Transfer,815.44,Success,2026-03-06 00:31:00,
P003435,B002604,1,Digital Wallet,3265.91,Failed,2026-01-07 00:48:00,Insufficient Funds
P003436,B002604,2,Digital Wallet,3265.91,Failed,2026-01-07 01:02:39,Card Declined
P003437,B002604,3,Digital Wallet,3265.91,Success,2026-01-07 01:04:20,
P003438,B002605,1,Apple Pay,690.59,Success,2026-02-11 00:52:00,
P003439,B002606,1,Bank Transfer,3416.36,Success,2026-05-19 00:59:00,
P003440,B002607,1,Digital Wallet,1029.66,Success,2026-02-16 00:08:00,
P003441,B002608,1,Bank Transfer,4758.81,Success,2026-02-16 00:50:00,
P003442,B002609,1,Credit Card,4389.52,Success,2026-04-02 00:32:00,
P003443,B002610,1,Apple Pay,600.48,Failed,2026-04-26 00:52:00,Fraud Check
P003444,B002610,2,Bank Transfer,600.48,Success,2026-04-26 01:00:27,
P003445,B002611,1,Digital Wallet,4019.59,Success,2026-06-08 00:46:00,
P003446,B002612,1,Apple Pay,3361.54,Success,2026-06-08 00:25:00,
P003447,B002613,1,Digital Wallet,2729.16,Success,2025-11-07 00:45:00,
P003448,B002614,1,Credit Card,3211.86,Success,2026-05-20 00:06:00,
P003449,B002615,1,Debit Card,3552.13,Success,2026-09-06 00:38:00,
P003450,B002616,1,Digital Wallet,4480.06,Failed,2026-05-03 00:48:00,Payment Timeout
P003451,B002616,2,Credit Card,4480.06,Success,2026-05-03 00:53:51,
P003452,B002617,1,Debit Card,3953.11,Success,2026-06-07 00:41:00,
P003453,B002618,1,Bank Transfer,3089.2,Failed,2026-06-30 00:23:00,Card Declined
P003454,B002618,2,Debit Card,3089.2,Success,2026-06-30 00:36:44,
P003455,B002619,1,Digital Wallet,4210.77,Failed,2026-07-20 00:05:00,Fraud Check
P003456,B002619,2,Digital Wallet,4210.77,Success,2026-07-20 00:12:45,
P003457,B002620,1,Credit Card,4941.15,Success,2026-04-11 00:47:00,
P003458,B002621,1,Digital Wallet,1850.82,Success,2026-04-13 00:07:00,
P003459,B002622,1,Digital Wallet,1032.89,Success,2026-09-07 00:55:00,
P003460,B002623,1,Credit Card,3791.52,Success,2026-08-09 00:05:00,
P003461,B002624,1,Debit Card,4903.68,Success,2026-04-25 00:58:00,
P003462,B002625,1,Credit Card,1025.18,Success,2026-03-26 00:38:00,
P003463,B002626,1,Digital Wallet,2442.68,Success,2026-06-14 00:55:00,
P003464,B002627,1,Credit Card,780.2,Success,2026-07-05 00:17:00,
P003465,B002628,1,Debit Card,3994.39,Failed,2025-09-28 00:40:00,Technical Error
P003466,B002628,2,Bank Transfer,3994.39,Failed,2025-09-28 00:49:37,Payment Timeout
P003467,B002628,3,Credit Card,3994.39,Success,2025-09-28 00:53:34,
P003468,B002629,1,Bank Transfer,4769.19,Success,2026-01-19 00:19:00,
P003469,B002630,1,Apple Pay,2745.47,Success,2026-07-09 00:52:00,
P003470,B002631,1,Debit Card,2342.85,Success,2026-05-05 00:50:00,
P003471,B002632,1,Apple Pay,4584.74,Success,2026-03-26 00:26:00,
P003472,B002633,1,Digital Wallet,1100.25,Success,2025-12-12 00:58:00,
P003473,B002634,1,Digital Wallet,4512.13,Success,2025-09-30 00:37:00,
P003474,B002635,1,Apple Pay,2264.57,Success,2026-01-28 00:55:00,
P003475,B002636,1,Apple Pay,3017.33,Success,2026-06-12 00:28:00,
P003476,B002637,1,Debit Card,2877.31,Failed,2026-04-02 00:49:00,Technical Error
P003477,B002637,2,Digital Wallet,2877.31,Failed,2026-04-02 00:53:44,Card Declined
P003478,B002637,3,Apple Pay,2877.31,Success,2026-04-02 01:00:29,
P003479,B002638,1,Apple Pay,3271.91,Failed,2026-10-24 00:10:00,Technical Error
P003480,B002638,2,Debit Card,3271.91,Success,2026-10-24 00:19:50,
P003481,B002639,1,Bank Transfer,4739.55,Success,2025-12-11 00:24:00,
P003482,B002640,1,Debit Card,4780.07,Success,2026-03-03 00:07:00,
P003483,B002641,1,Bank Transfer,4240.17,Failed,2026-03-13 00:24:00,Payment Timeout
P003484,B002641,2,Bank Transfer,4240.17,Success,2026-03-13 00:29:36,
P003485,B002642,1,Apple Pay,1361.95,Success,2026-06-19 00:17:00,
P003486,B002643,1,Digital Wallet,2000.82,Success,2025-10-27 00:32:00,
P003487,B002644,1,Bank Transfer,2695.21,Success,2026-04-02 00:35:00,
P003488,B002645,1,Digital Wallet,4574.57,Success,2026-05-25 00:41:00,
P003489,B002646,1,Bank Transfer,2843.89,Success,2026-03-13 00:31:00,
P003490,B002647,1,Bank Transfer,4898.46,Success,2026-03-17 00:35:00,
P003491,B002648,1,Apple Pay,4927.29,Success,2026-02-16 00:34:00,
P003492,B002649,1,Bank Transfer,3193.63,Failed,2026-03-02 00:31:00,Card Declined
P003493,B002649,2,Apple Pay,3193.63,Success,2026-03-02 00:44:32,
P003494,B002650,1,Credit Card,4448.73,Success,2026-06-16 00:19:00,
P003495,B002651,1,Digital Wallet,4996.5,Success,2026-08-26 00:15:00,
P003496,B002652,1,Digital Wallet,4323.72,Failed,2026-02-09 00:54:00,Insufficient Funds
P003497,B002652,2,Digital Wallet,4323.72,Success,2026-02-09 01:01:16,
P003498,B002653,1,Bank Transfer,3456.1,Failed,2026-11-03 00:52:00,Card Declined
P003499,B002653,2,Digital Wallet,3456.1,Failed,2026-11-03 01:05:15,Technical Error
P003500,B002653,3,Credit Card,3456.1,Success,2026-11-03 01:20:12,
P003501,B002654,1,Bank Transfer,4303.1,Failed,2026-05-11 00:33:00,Technical Error
P003502,B002654,2,Digital Wallet,4303.1,Failed,2026-05-11 00:37:51,Insufficient Funds
P003503,B002654,3,Debit Card,4303.1,Success,2026-05-11 00:52:13,
P003504,B002655,1,Credit Card,871.95,Success,2026-07-13 00:20:00,
P003505,B002656,1,Apple Pay,3356.7,Success,2026-03-28 00:10:00,
P003506,B002657,1,Digital Wallet,1474.35,Failed,2026-10-18 00:40:00,Card Declined
P003507,B002657,2,Digital Wallet,1474.35,Success,2026-10-18 00:51:36,
P003508,B002658,1,Debit Card,1022.29,Success,2026-05-02 00:30:00,
P003509,B002659,1,Apple Pay,4517.92,Success,2025-11-14 00:21:00,
P003510,B002660,1,Apple Pay,3378.4,Success,2026-06-12 00:41:00,
P003511,B002661,1,Bank Transfer,1595.96,Success,2025-11-30 00:46:00,
P003512,B002662,1,Credit Card,2240.52,Success,2026-01-14 00:47:00,
P003513,B002663,1,Apple Pay,4879.74,Failed,2026-06-02 00:56:00,Insufficient Funds
P003514,B002663,2,Digital Wallet,4879.74,Success,2026-06-02 00:58:31,
P003515,B002664,1,Credit Card,4379.82,Success,2025-09-30 00:31:00,
P003516,B002665,1,Apple Pay,570.12,Failed,2026-04-01 00:54:00,Card Declined
P003517,B002665,2,Digital Wallet,570.12,Failed,2026-04-01 01:07:36,Card Declined
P003518,B002665,3,Bank Transfer,570.12,Success,2026-04-01 01:20:50,
P003519,B002666,1,Bank Transfer,4909.1,Failed,2026-03-03 00:50:00,Payment Timeout
P003520,B002666,2,Credit Card,4909.1,Success,2026-03-03 01:01:38,
P003521,B002667,1,Debit Card,2158.38,Success,2026-08-19 00:07:00,
P003522,B002668,1,Bank Transfer,3629.38,Success,2025-09-17 00:31:00,
P003523,B002669,1,Apple Pay,3707.04,Failed,2026-07-17 00:58:00,Payment Timeout
P003524,B002669,2,Credit Card,3707.04,Success,2026-07-17 01:06:35,
P003525,B002670,1,Debit Card,4602.58,Success,2025-12-20 00:57:00,
P003526,B002671,1,Debit Card,4482.77,Success,2026-01-28 00:48:00,
P003527,B002672,1,Apple Pay,1767.78,Success,2025-11-26 00:31:00,
P003528,B002673,1,Bank Transfer,3395.91,Success,2026-02-06 00:25:00,
P003529,B002674,1,Debit Card,2271.67,Success,2026-02-15 00:54:00,
P003530,B002675,1,Debit Card,2864.95,Failed,2025-10-30 00:36:00,Technical Error
P003531,B002675,2,Bank Transfer,2864.95,Failed,2025-10-30 00:44:56,Fraud Check
P003532,B002675,3,Bank Transfer,2864.95,Success,2025-10-30 00:55:13,
P003533,B002676,1,Apple Pay,2996.05,Success,2026-07-02 00:50:00,
P003534,B002677,1,Apple Pay,2283.55,Failed,2026-02-13 00:53:00,Payment Timeout
P003535,B002677,2,Credit Card,2283.55,Success,2026-02-13 01:00:18,
P003536,B002678,1,Bank Transfer,2587.52,Success,2026-01-02 00:11:00,
P003537,B002679,1,Debit Card,1437.54,Failed,2026-02-09 00:49:00,Insufficient Funds
P003538,B002679,2,Digital Wallet,1437.54,Failed,2026-02-09 00:54:16,Fraud Check
P003539,B002679,3,Credit Card,1437.54,Success,2026-02-09 01:01:56,
P003540,B002680,1,Credit Card,3234.41,Success,2026-08-27 00:26:00,
P003541,B002681,1,Debit Card,3915.32,Failed,2026-02-16 00:08:00,Payment Timeout
P003542,B002681,2,Apple Pay,3915.32,Success,2026-02-16 00:19:12,
P003543,B002682,1,Debit Card,2433.84,Success,2026-01-29 00:21:00,
P003544,B002683,1,Credit Card,4899.56,Success,2026-03-17 00:34:00,
P003545,B002684,1,Bank Transfer,757.52,Success,2026-04-17 00:57:00,
P003546,B002685,1,Credit Card,3151.22,Success,2026-07-03 00:24:00,
P003547,B002686,1,Digital Wallet,3126.2,Success,2025-09-22 00:11:00,
P003548,B002687,1,Digital Wallet,663.33,Failed,2026-03-28 00:06:00,Fraud Check
P003549,B002687,2,Credit Card,663.33,Success,2026-03-28 00:08:16,
P003550,B002688,1,Debit Card,1510.57,Failed,2026-03-02 00:25:00,Technical Error
P003551,B002688,2,Digital Wallet,1510.57,Success,2026-03-02 00:27:29,
P003552,B002689,1,Digital Wallet,4574.94,Failed,2025-09-01 00:15:00,Card Declined
P003553,B002689,2,Bank Transfer,4574.94,Success,2025-09-01 00:20:31,
P003554,B002690,1,Debit Card,2950.31,Success,2025-11-02 00:58:00,
P003555,B002691,1,Bank Transfer,2463.74,Success,2026-09-22 00:52:00,
P003556,B002692,1,Credit Card,2369.73,Success,2026-05-08 00:48:00,
P003557,B002693,1,Digital Wallet,4496.72,Success,2026-03-11 00:54:00,
P003558,B002694,1,Apple Pay,2151.64,Success,2026-09-14 00:40:00,
P003559,B002695,1,Credit Card,4366.25,Success,2026-07-09 00:14:00,
P003560,B002696,1,Debit Card,1891.37,Failed,2025-09-27 00:37:00,Insufficient Funds
P003561,B002696,2,Bank Transfer,1891.37,Success,2025-09-27 00:42:35,
P003562,B002697,1,Debit Card,2891.77,Success,2026-05-02 00:08:00,
P003563,B002698,1,Bank Transfer,1147.19,Failed,2026-08-03 00:55:00,Fraud Check
P003564,B002698,2,Digital Wallet,1147.19,Failed,2026-08-03 01:08:14,Fraud Check
P003565,B002698,3,Credit Card,1147.19,Success,2026-08-03 01:22:31,
P003566,B002699,1,Apple Pay,4212.64,Success,2025-10-31 00:42:00,
P003567,B002700,1,Credit Card,3811.89,Failed,2026-03-26 00:55:00,Card Declined
P003568,B002700,2,Apple Pay,3811.89,Failed,2026-03-26 01:08:27,Insufficient Funds
P003569,B002700,3,Debit Card,3811.89,Success,2026-03-26 01:21:00,
P003570,B002701,1,Apple Pay,2885.42,Success,2025-12-09 00:52:00,
P003571,B002702,1,Credit Card,616.56,Success,2026-07-28 00:51:00,
P003572,B002703,1,Digital Wallet,2665.66,Success,2025-12-11 00:56:00,
P003573,B002704,1,Digital Wallet,1513.38,Success,2025-12-23 00:24:00,
P003574,B002705,1,Apple Pay,2360.18,Success,2026-06-24 00:32:00,
P003575,B002706,1,Debit Card,4353.92,Success,2026-08-16 00:53:00,
P003576,B002707,1,Digital Wallet,3963.21,Success,2025-10-26 00:58:00,
P003577,B002708,1,Bank Transfer,1588.79,Success,2026-07-09 00:22:00,
P003578,B002709,1,Debit Card,4932.29,Success,2026-09-07 00:50:00,
P003579,B002710,1,Digital Wallet,4564.45,Success,2026-04-06 00:07:00,
P003580,B002711,1,Digital Wallet,2879.03,Success,2026-03-03 00:47:00,
P003581,B002712,1,Credit Card,2885.68,Success,2026-09-11 00:22:00,
P003582,B002713,1,Bank Transfer,4555.7,Success,2026-03-25 00:15:00,
P003583,B002714,1,Debit Card,3362.65,Success,2026-04-06 00:52:00,
P003584,B002715,1,Debit Card,2915.1,Success,2025-12-23 00:56:00,
P003585,B002716,1,Apple Pay,3871.17,Success,2025-12-08 00:51:00,
P003586,B002717,1,Bank Transfer,1557.94,Success,2026-01-12 00:30:00,
P003587,B002718,1,Bank Transfer,4452.7,Success,2026-03-20 00:48:00,
P003588,B002719,1,Debit Card,2891.37,Success,2026-02-04 00:38:00,
P003589,B002720,1,Credit Card,3215.75,Failed,2025-08-29 00:39:00,Payment Timeout
P003590,B002720,2,Credit Card,3215.75,Success,2025-08-29 00:48:20,
P003591,B002721,1,Digital Wallet,904.75,Success,2026-06-03 00:07:00,
P003592,B002722,1,Bank Transfer,1892.79,Success,2026-08-09 00:36:00,
P003593,B002723,1,Bank Transfer,2420.31,Success,2025-11-17 00:22:00,
P003594,B002724,1,Debit Card,2362.59,Success,2025-12-29 00:27:00,
P003595,B002725,1,Apple Pay,4002.28,Success,2026-03-09 00:44:00,
P003596,B002726,1,Apple Pay,1770.45,Success,2026-06-26 00:07:00,
P003597,B002727,1,Debit Card,1319.49,Success,2026-03-12 00:34:00,
P003598,B002728,1,Debit Card,3121.78,Success,2026-01-23 00:37:00,
P003599,B002729,1,Digital Wallet,3267.57,Success,2026-07-14 00:46:00,
P003600,B002730,1,Bank Transfer,1047.12,Failed,2026-01-05 00:24:00,Card Declined
P003601,B002730,2,Bank Transfer,1047.12,Failed,2026-01-05 00:38:30,Payment Timeout
P003602,B002730,3,Debit Card,1047.12,Success,2026-01-05 00:40:05,
P003603,B002731,1,Credit Card,511.11,Failed,2026-10-15 00:19:00,Insufficient Funds
P003604,B002731,2,Debit Card,511.11,Success,2026-10-15 00:26:20,
P003605,B002732,1,Debit Card,4629.42,Success,2026-03-12 00:48:00,
P003606,B002733,1,Debit Card,858.37,Success,2026-05-06 00:21:00,
P003607,B002734,1,Apple Pay,4540.4,Success,2025-10-29 00:25:00,
P003608,B002735,1,Digital Wallet,2296.47,Success,2025-11-26 00:25:00,
P003609,B002736,1,Bank Transfer,3438.75,Failed,2026-03-25 00:28:00,Payment Timeout
P003610,B002736,2,Debit Card,3438.75,Failed,2026-03-25 00:36:31,Fraud Check
P003611,B002736,3,Debit Card,3438.75,Success,2026-03-25 00:44:42,
P003612,B002737,1,Debit Card,1335.27,Success,2026-08-10 00:49:00,
P003613,B002738,1,Apple Pay,4207.63,Success,2026-04-11 00:14:00,
P003614,B002739,1,Bank Transfer,1310.87,Success,2025-12-14 00:13:00,
P003615,B002740,1,Credit Card,2239.29,Failed,2026-06-16 00:38:00,Fraud Check
P003616,B002740,2,Bank Transfer,2239.29,Success,2026-06-16 00:40:14,
P003617,B002741,1,Debit Card,1571.12,Success,2026-10-06 00:43:00,
P003618,B002742,1,Apple Pay,4268.78,Failed,2026-05-14 00:57:00,Technical Error
P003619,B002742,2,Debit Card,4268.78,Success,2026-05-14 00:58:36,
P003620,B002743,1,Credit Card,4362.51,Failed,2026-07-31 00:42:00,Insufficient Funds
P003621,B002743,2,Bank Transfer,4362.51,Success,2026-07-31 00:49:33,
P003622,B002744,1,Apple Pay,2174.13,Success,2025-11-29 00:51:00,
P003623,B002745,1,Digital Wallet,1883.2,Success,2026-04-21 00:17:00,
P003624,B002746,1,Apple Pay,3981.04,Success,2025-09-19 00:39:00,
P003625,B002747,1,Credit Card,4453.3,Success,2026-05-01 00:26:00,
P003626,B002748,1,Apple Pay,3308.09,Success,2025-12-31 00:49:00,
P003627,B002749,1,Digital Wallet,4673.32,Failed,2025-12-17 00:06:00,Payment Timeout
P003628,B002749,2,Apple Pay,4673.32,Success,2025-12-17 00:16:32,
P003629,B002750,1,Debit Card,2223.7,Failed,2026-02-02 00:46:00,Payment Timeout
P003630,B002750,2,Debit Card,2223.7,Failed,2026-02-02 00:54:44,Card Declined
P003631,B002750,3,Debit Card,2223.7,Success,2026-02-02 01:06:55,
P003632,B002751,1,Apple Pay,1183.49,Success,2026-05-05 01:00:00,
P003633,B002752,1,Digital Wallet,1308.39,Success,2026-05-31 00:11:00,
P003634,B002753,1,Credit Card,3514.24,Success,2026-09-07 00:27:00,
P003635,B002754,1,Debit Card,2333.87,Success,2026-06-19 00:50:00,
P003636,B002755,1,Debit Card,1203.42,Success,2025-12-22 00:28:00,
P003637,B002756,1,Bank Transfer,1815.02,Success,2026-05-16 00:57:00,
P003638,B002757,1,Credit Card,2887.72,Failed,2026-02-15 00:10:00,Fraud Check
P003639,B002757,2,Apple Pay,2887.72,Failed,2026-02-15 00:14:19,Payment Timeout
P003640,B002757,3,Credit Card,2887.72,Success,2026-02-15 00:23:09,
P003641,B002758,1,Bank Transfer,1046.5,Success,2026-03-17 00:49:00,
P003642,B002759,1,Digital Wallet,515.49,Success,2025-10-08 00:26:00,
P003643,B002760,1,Digital Wallet,4627.84,Success,2026-04-24 00:10:00,
P003644,B002761,1,Digital Wallet,1871.88,Success,2026-06-16 00:30:00,
P003645,B002762,1,Bank Transfer,1496.74,Success,2026-01-09 00:06:00,
P003646,B002763,1,Bank Transfer,3643.16,Success,2026-06-25 00:11:00,
P003647,B002764,1,Digital Wallet,4340.31,Success,2025-10-19 00:27:00,
P003648,B002765,1,Bank Transfer,3345.25,Success,2026-03-14 00:18:00,
P003649,B002766,1,Debit Card,1645.17,Success,2026-01-13 00:07:00,
P003650,B002767,1,Apple Pay,4377.36,Success,2026-01-06 00:36:00,
P003651,B002768,1,Credit Card,2796.92,Success,2026-05-12 00:28:00,
P003652,B002769,1,Digital Wallet,2215.36,Success,2026-02-13 00:07:00,
P003653,B002770,1,Digital Wallet,3221.27,Success,2026-05-06 00:18:00,
P003654,B002771,1,Bank Transfer,3652.76,Success,2026-08-19 00:55:00,
P003655,B002772,1,Credit Card,3172.23,Success,2026-04-24 00:47:00,
P003656,B002773,1,Bank Transfer,4641.1,Failed,2026-02-02 00:57:00,Technical Error
P003657,B002773,2,Bank Transfer,4641.1,Failed,2026-02-02 01:08:20,Fraud Check
P003658,B002773,3,Debit Card,4641.1,Success,2026-02-02 01:23:18,
P003659,B002774,1,Debit Card,3326.08,Success,2025-12-06 00:50:00,
P003660,B002775,1,Debit Card,4453.61,Success,2026-09-02 00:21:00,
P003661,B002776,1,Digital Wallet,3141.31,Success,2025-10-04 00:41:00,
P003662,B002777,1,Bank Transfer,1983.56,Success,2026-05-09 00:11:00,
P003663,B002778,1,Digital Wallet,2895.34,Success,2026-06-06 00:48:00,
P003664,B002779,1,Digital Wallet,888.52,Success,2025-10-28 00:54:00,
P003665,B002780,1,Debit Card,1535.79,Success,2026-10-11 00:09:00,
P003666,B002781,1,Credit Card,3948.04,Success,2026-10-04 00:44:00,
P003667,B002782,1,Bank Transfer,3476.64,Success,2025-12-31 00:20:00,
P003668,B002783,1,Apple Pay,1249.33,Success,2026-11-01 00:15:00,
P003669,B002784,1,Debit Card,2471.07,Failed,2026-05-29 00:41:00,Payment Timeout
P003670,B002784,2,Apple Pay,2471.07,Success,2026-05-29 00:48:25,
P003671,B002785,1,Bank Transfer,1138.96,Success,2026-12-03 00:07:00,
P003672,B002786,1,Credit Card,4351.18,Success,2026-02-05 00:35:00,
P003673,B002787,1,Credit Card,991.26,Failed,2026-05-30 00:58:00,Fraud Check
P003674,B002787,2,Digital Wallet,991.26,Success,2026-05-30 01:10:16,
P003675,B002788,1,Apple Pay,3444.06,Success,2026-08-07 00:06:00,
P003676,B002789,1,Apple Pay,3231.5,Failed,2026-05-11 00:42:00,Technical Error
P003677,B002789,2,Credit Card,3231.5,Success,2026-05-11 00:56:19,
P003678,B002790,1,Credit Card,2627.49,Success,2026-08-12 00:13:00,
P003679,B002791,1,Credit Card,1752.06,Failed,2026-01-05 00:13:00,Technical Error
P003680,B002791,2,Apple Pay,1752.06,Success,2026-01-05 00:15:24,
P003681,B002792,1,Digital Wallet,2317.8,Success,2026-02-17 00:59:00,
P003682,B002793,1,Apple Pay,4128.76,Failed,2025-11-12 00:54:00,Card Declined
P003683,B002793,2,Digital Wallet,4128.76,Success,2025-11-12 01:03:43,
P003684,B002794,1,Debit Card,3926.98,Success,2025-09-28 00:23:00,
P003685,B002795,1,Bank Transfer,3824.64,Success,2026-04-19 00:43:00,
P003686,B002796,1,Credit Card,3874.21,Success,2026-06-14 00:40:00,
P003687,B002797,1,Credit Card,1147.49,Failed,2025-12-17 00:24:00,Fraud Check
P003688,B002797,2,Bank Transfer,1147.49,Success,2025-12-17 00:26:37,
P003689,B002798,1,Apple Pay,945.93,Success,2025-12-29 00:57:00,
P003690,B002799,1,Credit Card,4376.74,Success,2026-02-27 00:05:00,
P003691,B002800,1,Digital Wallet,4267.29,Success,2025-11-28 00:24:00,
P003692,B002801,1,Digital Wallet,3565.93,Success,2026-04-12 00:36:00,
P003693,B002802,1,Bank Transfer,3226.58,Success,2026-08-13 00:24:00,
P003694,B002803,1,Credit Card,2150.92,Failed,2026-02-11 00:39:00,Technical Error
P003695,B002803,2,Bank Transfer,2150.92,Success,2026-02-11 00:48:23,
P003696,B002804,1,Bank Transfer,1508.37,Success,2026-05-14 00:29:00,
P003697,B002805,1,Debit Card,3504.45,Success,2026-07-20 00:39:00,
P003698,B002806,1,Apple Pay,4608.66,Success,2026-09-14 00:54:00,
P003699,B002807,1,Debit Card,2466.48,Success,2025-10-04 01:00:00,
P003700,B002808,1,Debit Card,1864.46,Success,2025-11-14 00:31:00,
P003701,B002809,1,Debit Card,1718.34,Failed,2025-11-01 00:29:00,Payment Timeout
P003702,B002809,2,Digital Wallet,1718.34,Failed,2025-11-01 00:39:13,Technical Error
P003703,B002809,3,Apple Pay,1718.34,Success,2025-11-01 00:44:32,
P003704,B002810,1,Credit Card,606.67,Failed,2025-10-23 00:48:00,Card Declined
P003705,B002810,2,Credit Card,606.67,Failed,2025-10-23 00:50:57,Technical Error
P003706,B002810,3,Digital Wallet,606.67,Success,2025-10-23 01:01:11,
P003707,B002811,1,Credit Card,2841.43,Success,2026-08-03 00:17:00,
P003708,B002812,1,Debit Card,4947.06,Failed,2026-04-18 00:36:00,Payment Timeout
P003709,B002812,2,Debit Card,4947.06,Success,2026-04-18 00:40:55,
P003710,B002813,1,Bank Transfer,4168.57,Success,2026-11-26 00:16:00,
P003711,B002814,1,Credit Card,4538.64,Success,2026-09-14 00:21:00,
P003712,B002815,1,Credit Card,3295.24,Success,2026-01-27 00:55:00,
P003713,B002816,1,Credit Card,2666.51,Success,2026-04-05 00:11:00,
P003714,B002817,1,Debit Card,4957.06,Failed,2026-01-18 00:11:00,Fraud Check
P003715,B002817,2,Digital Wallet,4957.06,Success,2026-01-18 00:24:17,
P003716,B002818,1,Debit Card,2512.23,Failed,2026-03-04 00:45:00,Technical Error
P003717,B002818,2,Digital Wallet,2512.23,Success,2026-03-04 00:54:48,
P003718,B002819,1,Digital Wallet,4625.74,Success,2025-11-28 00:12:00,
P003719,B002820,1,Bank Transfer,3928.3,Success,2025-10-29 00:47:00,
P003720,B002821,1,Debit Card,1989.4,Success,2026-01-12 00:23:00,
P003721,B002822,1,Credit Card,2763.78,Success,2026-06-01 00:27:00,
P003722,B002823,1,Credit Card,2229.48,Success,2026-10-24 00:15:00,
P003723,B002824,1,Credit Card,1113.0,Success,2026-08-08 00:34:00,
P003724,B002825,1,Apple Pay,2105.45,Failed,2026-06-07 00:26:00,Fraud Check
P003725,B002825,2,Debit Card,2105.45,Success,2026-06-07 00:39:25,
P003726,B002826,1,Digital Wallet,4500.38,Success,2025-08-26 00:43:00,
P003727,B002827,1,Debit Card,3886.86,Success,2026-02-09 01:00:00,
P003728,B002828,1,Debit Card,1749.11,Failed,2026-01-10 00:56:00,Fraud Check
P003729,B002828,2,Bank Transfer,1749.11,Failed,2026-01-10 01:05:38,Insufficient Funds
P003730,B002828,3,Digital Wallet,1749.11,Success,2026-01-10 01:19:28,
P003731,B002829,1,Apple Pay,2155.61,Success,2025-11-23 00:51:00,
P003732,B002830,1,Apple Pay,3273.95,Success,2026-02-25 00:36:00,
P003733,B002831,1,Credit Card,2372.63,Failed,2026-03-27 00:20:00,Technical Error
P003734,B002831,2,Apple Pay,2372.63,Success,2026-03-27 00:26:25,
P003735,B002832,1,Bank Transfer,2763.7,Success,2025-12-16 00:38:00,
P003736,B002833,1,Debit Card,3641.76,Success,2025-11-15 00:19:00,
P003737,B002834,1,Digital Wallet,2602.63,Success,2026-03-04 00:17:00,
P003738,B002835,1,Digital Wallet,1359.36,Success,2025-12-13 00:37:00,
P003739,B002836,1,Apple Pay,2842.58,Success,2026-05-27 00:31:00,
P003740,B002837,1,Credit Card,2102.53,Success,2026-12-11 00:38:00,
P003741,B002838,1,Credit Card,1808.3,Failed,2026-04-29 00:48:00,Card Declined
P003742,B002838,2,Debit Card,1808.3,Failed,2026-04-29 00:50:48,Technical Error
P003743,B002838,3,Digital Wallet,1808.3,Success,2026-04-29 01:00:27,
P003744,B002839,1,Digital Wallet,1976.49,Success,2026-03-16 00:52:00,
P003745,B002840,1,Digital Wallet,2475.51,Success,2026-01-30 00:16:00,
P003746,B002841,1,Bank Transfer,4489.76,Success,2026-05-23 00:28:00,
P003747,B002842,1,Digital Wallet,3803.26,Success,2026-05-31 00:24:00,
P003748,B002843,1,Bank Transfer,3505.47,Success,2026-02-06 00:38:00,
P003749,B002844,1,Debit Card,2620.67,Success,2026-05-26 00:51:00,
P003750,B002845,1,Bank Transfer,508.23,Success,2025-09-26 00:30:00,
P003751,B002846,1,Debit Card,2032.48,Failed,2025-12-14 00:15:00,Insufficient Funds
P003752,B002846,2,Credit Card,2032.48,Success,2025-12-14 00:20:32,
P003753,B002847,1,Debit Card,4159.36,Success,2026-08-19 00:49:00,
P003754,B002848,1,Debit Card,2246.77,Success,2026-04-21 00:10:00,
P003755,B002849,1,Bank Transfer,3037.19,Success,2026-08-02 00:42:00,
P003756,B002850,1,Debit Card,1421.33,Success,2026-09-21 00:49:00,
P003757,B002851,1,Digital Wallet,4621.36,Success,2026-06-01 00:50:00,
P003758,B002852,1,Apple Pay,4654.27,Success,2026-05-14 00:14:00,
P003759,B002853,1,Bank Transfer,1157.32,Failed,2026-03-08 00:45:00,Fraud Check
P003760,B002853,2,Digital Wallet,1157.32,Failed,2026-03-08 00:48:43,Insufficient Funds
P003761,B002853,3,Apple Pay,1157.32,Success,2026-03-08 00:56:14,
P003762,B002854,1,Bank Transfer,3758.72,Success,2026-07-19 00:24:00,
P003763,B002855,1,Apple Pay,838.57,Success,2025-12-02 00:21:00,
P003764,B002856,1,Credit Card,3193.46,Success,2026-07-21 00:39:00,
P003765,B002857,1,Debit Card,1303.94,Success,2025-12-27 00:21:00,
P003766,B002858,1,Bank Transfer,1155.67,Success,2025-12-02 00:10:00,
P003767,B002859,1,Digital Wallet,518.54,Failed,2026-04-21 00:54:00,Card Declined
P003768,B002859,2,Bank Transfer,518.54,Success,2026-04-21 01:01:49,
P003769,B002860,1,Apple Pay,4733.86,Success,2026-10-19 00:52:00,
P003770,B002861,1,Credit Card,4231.64,Success,2026-01-08 00:35:00,
P003771,B002862,1,Apple Pay,848.64,Failed,2025-11-25 00:08:00,Card Declined
P003772,B002862,2,Credit Card,848.64,Success,2025-11-25 00:12:31,
P003773,B002863,1,Digital Wallet,3197.19,Failed,2026-04-19 00:15:00,Payment Timeout
P003774,B002863,2,Debit Card,3197.19,Success,2026-04-19 00:29:30,
P003775,B002864,1,Bank Transfer,1548.04,Success,2026-03-14 00:12:00,
P003776,B002865,1,Apple Pay,1688.07,Success,2026-01-16 00:38:00,
P003777,B002866,1,Digital Wallet,4433.77,Success,2026-03-27 00:45:00,
P003778,B002867,1,Digital Wallet,1014.47,Failed,2026-05-17 00:26:00,Card Declined
P003779,B002867,2,Debit Card,1014.47,Success,2026-05-17 00:37:58,
P003780,B002868,1,Apple Pay,3206.71,Failed,2026-05-09 00:32:00,Payment Timeout
P003781,B002868,2,Bank Transfer,3206.71,Success,2026-05-09 00:33:14,
P003782,B002869,1,Digital Wallet,2305.65,Success,2026-06-24 00:12:00,
P003783,B002870,1,Apple Pay,1358.6,Failed,2025-10-11 00:50:00,Insufficient Funds
P003784,B002870,2,Digital Wallet,1358.6,Success,2025-10-11 00:58:55,
P003785,B002871,1,Apple Pay,2533.63,Success,2026-03-15 00:32:00,
P003786,B002872,1,Digital Wallet,4732.2,Failed,2026-04-20 00:24:00,Payment Timeout
P003787,B002872,2,Debit Card,4732.2,Failed,2026-04-20 00:28:46,Technical Error
P003788,B002872,3,Debit Card,4732.2,Success,2026-04-20 00:43:40,
P003789,B002873,1,Digital Wallet,4017.25,Failed,2025-11-23 00:22:00,Technical Error
P003790,B002873,2,Apple Pay,4017.25,Success,2025-11-23 00:30:59,
P003791,B002874,1,Bank Transfer,1094.5,Success,2026-07-15 00:17:00,
P003792,B002875,1,Digital Wallet,4322.43,Failed,2025-12-30 00:51:00,Payment Timeout
P003793,B002875,2,Bank Transfer,4322.43,Success,2025-12-30 01:01:46,
P003794,B002876,1,Apple Pay,4718.48,Failed,2026-03-07 00:40:00,Insufficient Funds
P003795,B002876,2,Credit Card,4718.48,Success,2026-03-07 00:43:16,
P003796,B002877,1,Debit Card,1746.34,Failed,2026-09-20 00:19:00,Card Declined
P003797,B002877,2,Credit Card,1746.34,Success,2026-09-20 00:22:29,
P003798,B002878,1,Bank Transfer,2000.39,Success,2025-12-16 00:43:00,
P003799,B002879,1,Credit Card,1068.39,Success,2025-10-31 00:48:00,
P003800,B002880,1,Credit Card,2052.23,Failed,2026-02-15 00:14:00,Card Declined
P003801,B002880,2,Debit Card,2052.23,Failed,2026-02-15 00:18:58,Card Declined
P003802,B002880,3,Digital Wallet,2052.23,Success,2026-02-15 00:21:30,
P003803,B002881,1,Bank Transfer,3529.13,Success,2026-11-12 00:58:00,
P003804,B002882,1,Credit Card,1724.7,Success,2026-03-20 00:56:00,
P003805,B002883,1,Credit Card,530.71,Success,2026-09-08 00:38:00,
P003806,B002884,1,Apple Pay,2023.45,Success,2026-07-05 00:49:00,
P003807,B002885,1,Apple Pay,2539.28,Success,2025-09-02 00:19:00,
P003808,B002886,1,Credit Card,3048.6,Success,2026-06-27 00:06:00,
P003809,B002887,1,Apple Pay,3577.21,Success,2026-05-02 00:10:00,
P003810,B002888,1,Bank Transfer,778.03,Success,2026-02-07 00:44:00,
P003811,B002889,1,Apple Pay,2613.88,Success,2025-10-11 00:37:00,
P003812,B002890,1,Debit Card,1698.63,Success,2026-07-08 00:17:00,
P003813,B002891,1,Credit Card,4765.86,Failed,2026-04-03 00:32:00,Insufficient Funds
P003814,B002891,2,Bank Transfer,4765.86,Success,2026-04-03 00:41:45,
P003815,B002892,1,Bank Transfer,2119.54,Success,2025-11-29 00:34:00,
P003816,B002893,1,Debit Card,950.56,Success,2026-05-17 00:35:00,
P003817,B002894,1,Digital Wallet,686.71,Success,2025-11-14 00:12:00,
P003818,B002895,1,Bank Transfer,1694.33,Success,2026-06-17 00:33:00,
P003819,B002896,1,Bank Transfer,1304.95,Failed,2026-04-25 00:31:00,Card Declined
P003820,B002896,2,Digital Wallet,1304.95,Failed,2026-04-25 00:36:13,Insufficient Funds
P003821,B002896,3,Bank Transfer,1304.95,Success,2026-04-25 00:41:00,
P003822,B002897,1,Apple Pay,3424.1,Success,2026-01-24 00:58:00,
P003823,B002898,1,Debit Card,4311.35,Failed,2025-11-25 00:56:00,Fraud Check
P003824,B002898,2,Credit Card,4311.35,Failed,2025-11-25 00:59:21,Payment Timeout
P003825,B002898,3,Debit Card,4311.35,Success,2025-11-25 01:00:45,
P003826,B002899,1,Credit Card,1906.51,Success,2025-11-14 00:26:00,
P003827,B002900,1,Credit Card,3100.06,Success,2025-07-25 00:55:00,
P003828,B002901,1,Apple Pay,3786.37,Success,2026-05-19 00:10:00,
P003829,B002902,1,Debit Card,2293.19,Success,2026-03-24 00:54:00,
P003830,B002903,1,Debit Card,798.47,Success,2026-08-21 00:42:00,
P003831,B002904,1,Debit Card,1531.33,Success,2026-02-06 00:43:00,
P003832,B002905,1,Bank Transfer,4473.8,Success,2026-08-28 00:11:00,
P003833,B002906,1,Bank Transfer,4210.16,Success,2026-03-11 00:51:00,
P003834,B002907,1,Credit Card,889.4,Success,2026-02-15 00:29:00,
P003835,B002908,1,Credit Card,1507.77,Success,2026-03-04 00:25:00,
P003836,B002909,1,Bank Transfer,3961.24,Success,2025-10-04 00:12:00,
P003837,B002910,1,Bank Transfer,2686.54,Success,2026-05-18 00:47:00,
P003838,B002911,1,Apple Pay,3919.85,Success,2026-05-14 00:25:00,
P003839,B002912,1,Debit Card,1449.92,Success,2026-09-11 00:55:00,
P003840,B002913,1,Bank Transfer,4787.14,Success,2026-06-05 00:39:00,
P003841,B002914,1,Apple Pay,4026.23,Failed,2026-07-06 00:56:00,Card Declined
P003842,B002914,2,Digital Wallet,4026.23,Success,2026-07-06 01:03:25,
P003843,B002915,1,Credit Card,1388.54,Success,2026-01-12 00:27:00,
P003844,B002916,1,Debit Card,3013.02,Success,2026-05-26 00:12:00,
P003845,B002917,1,Digital Wallet,1008.94,Failed,2026-05-12 00:33:00,Fraud Check
P003846,B002917,2,Debit Card,1008.94,Failed,2026-05-12 00:34:29,Fraud Check
P003847,B002917,3,Debit Card,1008.94,Success,2026-05-12 00:41:53,
P003848,B002918,1,Digital Wallet,2126.46,Success,2026-09-04 01:00:00,
P003849,B002919,1,Digital Wallet,3468.3,Success,2025-11-21 00:26:00,
P003850,B002920,1,Credit Card,1985.57,Success,2026-04-22 00:45:00,
P003851,B002921,1,Bank Transfer,3455.41,Failed,2026-06-25 00:48:00,Technical Error
P003852,B002921,2,Apple Pay,3455.41,Success,2026-06-25 00:53:30,
P003853,B002922,1,Bank Transfer,1601.51,Success,2025-08-28 00:39:00,
P003854,B002923,1,Digital Wallet,3745.43,Success,2026-05-02 00:23:00,
P003855,B002924,1,Credit Card,2118.15,Success,2025-10-21 00:05:00,
P003856,B002925,1,Debit Card,4057.17,Success,2026-05-04 00:48:00,
P003857,B002926,1,Apple Pay,1115.1,Success,2026-07-21 00:48:00,
P003858,B002927,1,Credit Card,2128.9,Success,2026-09-19 00:10:00,
P003859,B002928,1,Digital Wallet,2587.7,Failed,2026-07-26 00:41:00,Payment Timeout
P003860,B002928,2,Debit Card,2587.7,Success,2026-07-26 00:43:50,
P003861,B002929,1,Digital Wallet,2407.3,Success,2026-05-12 00:28:00,
P003862,B002930,1,Apple Pay,2448.93,Failed,2026-02-01 00:13:00,Insufficient Funds
P003863,B002930,2,Digital Wallet,2448.93,Failed,2026-02-01 00:14:52,Technical Error
P003864,B002930,3,Digital Wallet,2448.93,Success,2026-02-01 00:16:08,
P003865,B002931,1,Digital Wallet,2501.62,Failed,2026-12-19 00:39:00,Technical Error
P003866,B002931,2,Bank Transfer,2501.62,Failed,2026-12-19 00:49:50,Insufficient Funds
P003867,B002931,3,Apple Pay,2501.62,Success,2026-12-19 01:02:29,
P003868,B002932,1,Debit Card,4949.62,Success,2025-12-03 00:09:00,
P003869,B002933,1,Bank Transfer,1369.21,Success,2026-05-24 00:31:00,
P003870,B002934,1,Credit Card,3958.99,Success,2026-01-02 00:56:00,
P003871,B002935,1,Debit Card,2983.05,Failed,2026-07-29 00:32:00,Insufficient Funds
P003872,B002935,2,Credit Card,2983.05,Success,2026-07-29 00:39:24,
P003873,B002936,1,Digital Wallet,2361.33,Success,2026-01-02 00:29:00,
P003874,B002937,1,Apple Pay,3350.88,Failed,2025-09-21 00:10:00,Technical Error
P003875,B002937,2,Digital Wallet,3350.88,Failed,2025-09-21 00:16:40,Payment Timeout
P003876,B002937,3,Debit Card,3350.88,Success,2025-09-21 00:23:01,
P003877,B002938,1,Bank Transfer,4340.89,Failed,2025-12-10 00:21:00,Technical Error
P003878,B002938,2,Apple Pay,4340.89,Failed,2025-12-10 00:27:31,Payment Timeout
P003879,B002938,3,Debit Card,4340.89,Success,2025-12-10 00:34:10,
P003880,B002939,1,Credit Card,2599.87,Success,2026-10-15 00:18:00,
P003881,B002940,1,Bank Transfer,4391.61,Failed,2026-02-28 00:17:00,Insufficient Funds
P003882,B002940,2,Credit Card,4391.61,Success,2026-02-28 00:19:21,
P003883,B002941,1,Debit Card,922.09,Failed,2026-05-29 00:57:00,Payment Timeout
P003884,B002941,2,Digital Wallet,922.09,Success,2026-05-29 01:09:17,
P003885,B002942,1,Digital Wallet,3438.88,Success,2025-11-17 00:27:00,
P003886,B002943,1,Credit Card,1999.31,Success,2026-07-31 00:53:00,
P003887,B002944,1,Credit Card,2240.22,Failed,2025-12-11 00:30:00,Insufficient Funds
P003888,B002944,2,Digital Wallet,2240.22,Failed,2025-12-11 00:39:41,Technical Error
P003889,B002944,3,Bank Transfer,2240.22,Success,2025-12-11 00:54:08,
P003890,B002945,1,Debit Card,3069.59,Success,2026-08-24 00:28:00,
P003891,B002946,1,Credit Card,2659.63,Success,2026-05-21 00:48:00,
P003892,B002947,1,Bank Transfer,2218.01,Success,2026-05-29 00:10:00,
P003893,B002948,1,Debit Card,1887.46,Success,2026-06-02 00:34:00,
P003894,B002949,1,Credit Card,3282.42,Success,2026-01-09 00:34:00,
P003895,B002950,1,Debit Card,2775.11,Success,2025-10-31 00:53:00,
P003896,B002951,1,Bank Transfer,1954.89,Failed,2026-08-22 00:12:00,Insufficient Funds
P003897,B002951,2,Bank Transfer,1954.89,Success,2026-08-22 00:19:10,
P003898,B002952,1,Credit Card,1422.32,Success,2025-11-20 00:44:00,
P003899,B002953,1,Digital Wallet,3985.11,Success,2026-01-02 00:07:00,
P003900,B002954,1,Apple Pay,4098.72,Failed,2026-05-31 00:42:00,Technical Error
P003901,B002954,2,Credit Card,4098.72,Success,2026-05-31 00:45:48,
P003902,B002955,1,Debit Card,1462.05,Success,2026-09-25 00:42:00,
P003903,B002956,1,Digital Wallet,1677.42,Failed,2025-11-03 00:42:00,Technical Error
P003904,B002956,2,Credit Card,1677.42,Success,2025-11-03 00:43:37,
P003905,B002957,1,Apple Pay,1576.14,Success,2026-01-18 00:48:00,
P003906,B002958,1,Debit Card,4480.56,Success,2026-01-16 00:39:00,
P003907,B002959,1,Apple Pay,3983.59,Success,2025-11-07 00:30:00,
P003908,B002960,1,Apple Pay,835.58,Failed,2026-06-29 00:14:00,Card Declined
P003909,B002960,2,Digital Wallet,835.58,Failed,2026-06-29 00:17:30,Fraud Check
P003910,B002960,3,Bank Transfer,835.58,Success,2026-06-29 00:30:00,
P003911,B002961,1,Debit Card,4247.0,Failed,2026-06-18 00:13:00,Fraud Check
P003912,B002961,2,Bank Transfer,4247.0,Failed,2026-06-18 00:21:30,Technical Error
P003913,B002961,3,Apple Pay,4247.0,Success,2026-06-18 00:32:13,
P003914,B002962,1,Credit Card,665.83,Success,2026-04-07 00:28:00,
P003915,B002963,1,Credit Card,1639.4,Failed,2026-08-01 00:55:00,Payment Timeout
P003916,B002963,2,Debit Card,1639.4,Success,2026-08-01 01:06:43,
P003917,B002964,1,Apple Pay,4635.46,Success,2026-03-01 00:26:00,
P003918,B002965,1,Credit Card,4389.49,Success,2026-09-30 00:51:00,
P003919,B002966,1,Bank Transfer,4016.46,Failed,2025-12-08 00:49:00,Card Declined
P003920,B002966,2,Bank Transfer,4016.46,Failed,2025-12-08 00:57:13,Technical Error
P003921,B002966,3,Bank Transfer,4016.46,Success,2025-12-08 01:00:07,
P003922,B002967,1,Bank Transfer,2558.96,Success,2026-06-26 00:19:00,
P003923,B002968,1,Apple Pay,1946.36,Success,2025-11-26 00:39:00,
P003924,B002969,1,Digital Wallet,4466.96,Success,2025-07-25 00:34:00,
P003925,B002970,1,Apple Pay,3456.83,Failed,2026-03-21 00:56:00,Payment Timeout
P003926,B002970,2,Digital Wallet,3456.83,Failed,2026-03-21 00:58:48,Technical Error
P003927,B002970,3,Apple Pay,3456.83,Success,2026-03-21 01:03:01,
P003928,B002971,1,Apple Pay,1829.79,Success,2026-05-02 00:29:00,
P003929,B002972,1,Debit Card,2584.38,Failed,2026-06-12 01:00:00,Payment Timeout
P003930,B002972,2,Digital Wallet,2584.38,Success,2026-06-12 01:04:52,
P003931,B002973,1,Apple Pay,4466.75,Success,2026-04-07 00:42:00,
P003932,B002974,1,Apple Pay,4565.55,Failed,2026-02-09 00:12:00,Payment Timeout
P003933,B002974,2,Credit Card,4565.55,Failed,2026-02-09 00:20:34,Card Declined
P003934,B002974,3,Bank Transfer,4565.55,Success,2026-02-09 00:23:05,
P003935,B002975,1,Debit Card,3466.86,Failed,2026-01-31 00:29:00,Insufficient Funds
P003936,B002975,2,Digital Wallet,3466.86,Failed,2026-01-31 00:43:43,Fraud Check
P003937,B002975,3,Digital Wallet,3466.86,Success,2026-01-31 00:53:30,
P003938,B002976,1,Digital Wallet,3796.5,Success,2026-07-28 00:17:00,
P003939,B002977,1,Apple Pay,676.84,Success,2026-06-08 00:13:00,
P003940,B002978,1,Credit Card,3220.7,Success,2026-07-24 00:51:00,
P003941,B002979,1,Debit Card,3600.47,Success,2026-06-30 00:23:00,
P003942,B002980,1,Credit Card,591.7,Success,2026-09-30 00:51:00,
P003943,B002981,1,Apple Pay,4297.37,Success,2026-02-05 00:55:00,
P003944,B002982,1,Bank Transfer,4677.28,Failed,2026-06-05 00:23:00,Payment Timeout
P003945,B002982,2,Apple Pay,4677.28,Success,2026-06-05 00:24:28,
P003946,B002983,1,Apple Pay,1570.71,Success,2026-02-20 00:59:00,
P003947,B002984,1,Apple Pay,4306.08,Success,2025-11-30 00:53:00,
P003948,B002985,1,Debit Card,3494.81,Success,2026-01-02 00:12:00,
P003949,B002986,1,Apple Pay,3113.13,Failed,2025-09-24 00:22:00,Insufficient Funds
P003950,B002986,2,Digital Wallet,3113.13,Success,2025-09-24 00:26:58,
P003951,B002987,1,Debit Card,4294.07,Success,2026-08-24 00:31:00,
P003952,B002988,1,Apple Pay,1785.25,Success,2025-09-29 00:49:00,
P003953,B002989,1,Credit Card,4058.85,Failed,2026-08-13 00:58:00,Card Declined
P003954,B002989,2,Credit Card,4058.85,Success,2026-08-13 01:10:32,
P003955,B002990,1,Digital Wallet,1915.34,Success,2026-05-29 00:45:00,
P003956,B002991,1,Credit Card,4043.55,Success,2025-10-06 01:00:00,
P003957,B002992,1,Credit Card,2529.74,Success,2026-01-20 00:49:00,
P003958,B002993,1,Bank Transfer,1026.25,Failed,2026-07-10 00:09:00,Card Declined
P003959,B002993,2,Digital Wallet,1026.25,Success,2026-07-10 00:21:15,
P003960,B002994,1,Apple Pay,2216.84,Success,2026-08-05 00:44:00,
P003961,B002995,1,Apple Pay,1550.72,Failed,2026-04-27 00:34:00,Insufficient Funds
P003962,B002995,2,Bank Transfer,1550.72,Success,2026-04-27 00:48:12,
P003963,B002996,1,Digital Wallet,952.39,Success,2026-08-20 00:34:00,
P003964,B002997,1,Debit Card,996.29,Success,2025-11-21 00:42:00,
P003965,B002998,1,Bank Transfer,4010.32,Success,2026-03-11 00:52:00,
P003966,B002999,1,Apple Pay,4466.29,Success,2026-02-20 00:45:00,
P003967,B003000,1,Apple Pay,4672.08,Failed,2026-04-18 00:42:00,Technical Error
P003968,B003000,2,Credit Card,4672.08,Success,2026-04-18 00:46:57,
P003969,B003001,1,Credit Card,4342.76,Failed,2026-03-13 00:07:00,Fraud Check
P003970,B003001,2,Apple Pay,4342.76,Failed,2026-03-13 00:20:28,Technical Error
P003971,B003001,3,Apple Pay,4342.76,Success,2026-03-13 00:32:00,
P003972,B003002,1,Apple Pay,4236.01,Success,2026-08-16 00:16:00,
P003973,B003003,1,Bank Transfer,809.76,Success,2026-03-22 00:37:00,
P003974,B003004,1,Bank Transfer,4055.56,Success,2025-12-05 00:54:00,
P003975,B003005,1,Debit Card,4024.77,Success,2025-12-04 00:35:00,
P003976,B003006,1,Bank Transfer,1090.81,Failed,2026-08-22 00:45:00,Card Declined
P003977,B003006,2,Debit Card,1090.81,Success,2026-08-22 00:58:18,
P003978,B003007,1,Debit Card,3479.04,Success,2026-02-28 00:42:00,
P003979,B003008,1,Apple Pay,2536.28,Success,2026-06-19 00:25:00,
P003980,B003009,1,Credit Card,4550.06,Failed,2026-07-01 00:52:00,Technical Error
P003981,B003009,2,Debit Card,4550.06,Failed,2026-07-01 00:59:53,Card Declined
P003982,B003009,3,Digital Wallet,4550.06,Success,2026-07-01 01:04:19,
P003983,B003010,1,Credit Card,3629.34,Success,2026-03-11 00:48:00,
P003984,B003011,1,Bank Transfer,4779.44,Success,2025-11-22 00:39:00,
P003985,B003012,1,Digital Wallet,972.15,Failed,2026-07-13 00:08:00,Payment Timeout
P003986,B003012,2,Credit Card,972.15,Success,2026-07-13 00:18:44,
P003987,B003013,1,Apple Pay,682.73,Success,2026-11-19 00:17:00,
P003988,B003014,1,Bank Transfer,4881.11,Success,2026-02-15 00:34:00,
P003989,B003015,1,Digital Wallet,860.86,Success,2025-12-19 00:40:00,
P003990,B003016,1,Credit Card,2237.88,Success,2026-06-06 00:13:00,
P003991,B003017,1,Digital Wallet,3424.87,Failed,2026-02-14 00:38:00,Payment Timeout
P003992,B003017,2,Digital Wallet,3424.87,Success,2026-02-14 00:52:40,
P003993,B003018,1,Digital Wallet,4460.26,Failed,2026-05-31 00:13:00,Fraud Check
P003994,B003018,2,Bank Transfer,4460.26,Success,2026-05-31 00:25:52,
P003995,B003019,1,Bank Transfer,1645.6,Success,2026-07-10 00:32:00,
P003996,B003020,1,Debit Card,630.76,Failed,2025-09-28 00:39:00,Technical Error
P003997,B003020,2,Debit Card,630.76,Failed,2025-09-28 00:47:17,Technical Error
P003998,B003020,3,Bank Transfer,630.76,Success,2025-09-28 00:53:43,
P003999,B003021,1,Digital Wallet,2845.79,Success,2025-10-28 00:50:00,
P004000,B003022,1,Bank Transfer,2620.0,Success,2025-12-31 00:06:00,
P004001,B003023,1,Bank Transfer,1881.02,Failed,2026-04-26 00:31:00,Card Declined
P004002,B003023,2,Credit Card,1881.02,Success,2026-04-26 00:42:56,
P004003,B003024,1,Credit Card,4432.55,Success,2025-10-25 00:05:00,
P004004,B003025,1,Bank Transfer,3871.95,Failed,2026-03-06 00:22:00,Card Declined
P004005,B003025,2,Debit Card,3871.95,Success,2026-03-06 00:31:28,
P004006,B003026,1,Debit Card,4361.52,Failed,2026-06-30 00:43:00,Payment Timeout
P004007,B003026,2,Bank Transfer,4361.52,Success,2026-06-30 00:52:56,
P004008,B003027,1,Bank Transfer,1228.14,Success,2026-01-05 00:56:00,
P004009,B003028,1,Debit Card,3615.85,Success,2026-06-08 00:46:00,
P004010,B003029,1,Debit Card,4887.96,Success,2026-06-23 00:50:00,
P004011,B003030,1,Digital Wallet,3253.61,Success,2026-02-22 00:21:00,
P004012,B003031,1,Digital Wallet,1271.14,Success,2026-01-31 00:52:00,
P004013,B003032,1,Debit Card,4981.01,Success,2026-04-30 00:11:00,
P004014,B003033,1,Credit Card,2877.46,Success,2026-08-24 00:13:00,
P004015,B003034,1,Credit Card,4280.27,Success,2025-08-12 00:33:00,
P004016,B003035,1,Bank Transfer,1172.13,Success,2026-06-14 00:47:00,
P004017,B003036,1,Credit Card,3497.43,Failed,2026-05-18 00:43:00,Card Declined
P004018,B003036,2,Credit Card,3497.43,Success,2026-05-18 00:50:22,
P004019,B003037,1,Debit Card,4606.78,Success,2026-03-27 00:26:00,
P004020,B003038,1,Digital Wallet,2894.08,Success,2026-06-18 00:53:00,
P004021,B003039,1,Debit Card,1798.97,Failed,2026-03-21 00:58:00,Technical Error
P004022,B003039,2,Apple Pay,1798.97,Success,2026-03-21 01:00:11,
P004023,B003040,1,Digital Wallet,1073.4,Success,2026-04-10 00:43:00,
P004024,B003041,1,Credit Card,1831.75,Failed,2026-07-17 00:32:00,Technical Error
P004025,B003041,2,Debit Card,1831.75,Failed,2026-07-17 00:42:13,Technical Error
P004026,B003041,3,Credit Card,1831.75,Success,2026-07-17 00:43:25,
P004027,B003042,1,Debit Card,2096.98,Failed,2025-12-04 00:09:00,Payment Timeout
P004028,B003042,2,Debit Card,2096.98,Success,2025-12-04 00:10:44,
P004029,B003043,1,Credit Card,3694.8,Success,2026-06-12 00:31:00,
P004030,B003044,1,Bank Transfer,1303.8,Failed,2026-04-28 00:30:00,Card Declined
P004031,B003044,2,Credit Card,1303.8,Failed,2026-04-28 00:32:13,Insufficient Funds
P004032,B003044,3,Bank Transfer,1303.8,Success,2026-04-28 00:46:04,
P004033,B003045,1,Bank Transfer,977.47,Failed,2026-10-08 00:38:00,Fraud Check
P004034,B003045,2,Credit Card,977.47,Success,2026-10-08 00:46:36,
P004035,B003046,1,Credit Card,2241.23,Success,2025-11-26 00:08:00,
P004036,B003047,1,Bank Transfer,2563.94,Success,2026-02-10 00:38:00,
P004037,B003048,1,Credit Card,3327.73,Success,2026-07-21 00:54:00,
P004038,B003049,1,Bank Transfer,3683.89,Failed,2026-06-28 00:28:00,Payment Timeout
P004039,B003049,2,Digital Wallet,3683.89,Success,2026-06-28 00:33:26,
P004040,B003050,1,Credit Card,4501.75,Success,2026-09-20 00:24:00,
P004041,B003051,1,Digital Wallet,1800.29,Success,2026-10-02 00:12:00,
P004042,B003052,1,Bank Transfer,2878.74,Success,2025-11-13 00:10:00,
P004043,B003053,1,Debit Card,2147.18,Failed,2026-08-24 00:25:00,Card Declined
P004044,B003053,2,Bank Transfer,2147.18,Success,2026-08-24 00:35:19,
P004045,B003054,1,Credit Card,506.4,Success,2026-12-13 00:05:00,
P004046,B003055,1,Digital Wallet,3107.44,Success,2026-01-26 00:57:00,
P004047,B003056,1,Digital Wallet,4171.08,Failed,2025-12-28 00:21:00,Fraud Check
P004048,B003056,2,Digital Wallet,4171.08,Success,2025-12-28 00:29:50,
P004049,B003057,1,Credit Card,663.98,Success,2026-09-02 00:11:00,
P004050,B003058,1,Debit Card,515.71,Success,2025-07-31 00:10:00,
P004051,B003059,1,Credit Card,3775.18,Success,2026-02-03 00:36:00,
P004052,B003060,1,Digital Wallet,3577.37,Success,2026-04-17 00:09:00,
P004053,B003061,1,Digital Wallet,2326.33,Success,2025-12-03 00:39:00,
P004054,B003062,1,Bank Transfer,3477.22,Success,2026-01-23 00:17:00,
P004055,B003063,1,Debit Card,4790.24,Success,2025-11-12 00:35:00,
P004056,B003064,1,Credit Card,1615.38,Success,2026-03-12 00:07:00,
P004057,B003065,1,Debit Card,1606.67,Success,2026-04-20 00:29:00,
P004058,B003066,1,Bank Transfer,1338.04,Success,2026-02-03 00:13:00,
P004059,B003067,1,Digital Wallet,3757.94,Failed,2026-05-07 00:33:00,Card Declined
P004060,B003067,2,Credit Card,3757.94,Failed,2026-05-07 00:41:14,Payment Timeout
P004061,B003067,3,Debit Card,3757.94,Success,2026-05-07 00:43:05,
P004062,B003068,1,Bank Transfer,2089.35,Success,2026-03-25 00:43:00,
P004063,B003069,1,Apple Pay,4949.12,Failed,2025-12-31 00:30:00,Fraud Check
P004064,B003069,2,Debit Card,4949.12,Success,2025-12-31 00:37:19,
P004065,B003070,1,Bank Transfer,3715.92,Success,2026-07-10 00:55:00,
P004066,B003071,1,Debit Card,2153.2,Success,2026-08-26 00:07:00,
P004067,B003072,1,Apple Pay,1171.34,Failed,2025-07-31 00:29:00,Payment Timeout
P004068,B003072,2,Apple Pay,1171.34,Success,2025-07-31 00:34:31,
P004069,B003073,1,Digital Wallet,3164.11,Success,2026-01-19 00:35:00,
P004070,B003074,1,Debit Card,1827.06,Success,2026-06-25 00:24:00,
P004071,B003075,1,Apple Pay,4574.79,Success,2026-03-05 00:22:00,
P004072,B003076,1,Credit Card,2486.32,Failed,2026-07-02 00:20:00,Insufficient Funds
P004073,B003076,2,Apple Pay,2486.32,Success,2026-07-02 00:29:13,
P004074,B003077,1,Digital Wallet,1816.92,Success,2026-02-02 00:42:00,
P004075,B003078,1,Digital Wallet,3148.48,Failed,2025-10-21 00:19:00,Payment Timeout
P004076,B003078,2,Credit Card,3148.48,Success,2025-10-21 00:33:59,
P004077,B003079,1,Digital Wallet,1116.39,Success,2026-05-04 00:18:00,
P004078,B003080,1,Debit Card,3026.97,Failed,2026-02-26 00:44:00,Card Declined
P004079,B003080,2,Digital Wallet,3026.97,Success,2026-02-26 00:47:58,
P004080,B003081,1,Debit Card,752.5,Success,2025-12-15 00:24:00,
P004081,B003082,1,Debit Card,3231.0,Success,2026-06-27 00:51:00,
P004082,B003083,1,Digital Wallet,2885.74,Success,2026-05-04 00:18:00,
P004083,B003084,1,Digital Wallet,2843.45,Success,2026-03-11 00:09:00,
P004084,B003085,1,Bank Transfer,3578.74,Success,2026-06-24 00:53:00,
P004085,B003086,1,Bank Transfer,700.05,Failed,2026-02-08 00:38:00,Card Declined
P004086,B003086,2,Credit Card,700.05,Success,2026-02-08 00:46:34,
P004087,B003087,1,Apple Pay,2568.79,Success,2025-12-09 00:22:00,
P004088,B003088,1,Debit Card,2498.17,Success,2026-07-14 00:36:00,
P004089,B003089,1,Credit Card,2569.02,Success,2025-09-08 00:20:00,
P004090,B003090,1,Apple Pay,4909.51,Failed,2026-07-19 00:09:00,Fraud Check
P004091,B003090,2,Apple Pay,4909.51,Failed,2026-07-19 00:22:28,Technical Error
P004092,B003090,3,Bank Transfer,4909.51,Success,2026-07-19 00:36:43,
P004093,B003091,1,Digital Wallet,1126.75,Success,2026-08-20 00:22:00,
P004094,B003092,1,Bank Transfer,3606.93,Success,2025-10-26 00:42:00,
P004095,B003093,1,Apple Pay,2308.98,Success,2025-11-24 00:48:00,
P004096,B003094,1,Credit Card,2802.77,Success,2026-05-14 00:08:00,
P004097,B003095,1,Apple Pay,3930.77,Failed,2026-06-30 00:49:00,Insufficient Funds
P004098,B003095,2,Credit Card,3930.77,Success,2026-06-30 01:01:33,
P004099,B003096,1,Debit Card,1208.19,Success,2026-02-07 00:14:00,
P004100,B003097,1,Credit Card,3936.13,Success,2026-04-13 00:23:00,
P004101,B003098,1,Bank Transfer,816.49,Success,2026-07-30 00:56:00,
P004102,B003099,1,Digital Wallet,2674.89,Success,2026-01-18 00:08:00,
P004103,B003100,1,Digital Wallet,3839.32,Success,2025-12-02 00:27:00,
P004104,B003101,1,Bank Transfer,1366.48,Failed,2026-03-29 00:15:00,Fraud Check
P004105,B003101,2,Debit Card,1366.48,Success,2026-03-29 00:24:17,
P004106,B003102,1,Debit Card,3969.12,Success,2025-11-21 00:48:00,
P004107,B003103,1,Bank Transfer,1250.66,Success,2025-12-27 00:54:00,
P004108,B003104,1,Debit Card,4096.57,Success,2026-05-18 00:20:00,
P004109,B003105,1,Bank Transfer,2610.21,Success,2026-06-13 00:22:00,
P004110,B003106,1,Credit Card,3580.87,Success,2025-12-19 00:24:00,
P004111,B003107,1,Debit Card,4628.33,Success,2026-05-15 00:27:00,
P004112,B003108,1,Bank Transfer,2337.9,Failed,2026-04-22 00:40:00,Fraud Check
P004113,B003108,2,Apple Pay,2337.9,Success,2026-04-22 00:48:12,
P004114,B003109,1,Debit Card,1548.31,Success,2025-09-01 00:33:00,
P004115,B003110,1,Digital Wallet,4402.24,Failed,2026-01-06 00:46:00,Technical Error
P004116,B003110,2,Credit Card,4402.24,Success,2026-01-06 00:51:51,
P004117,B003111,1,Apple Pay,1227.27,Success,2026-01-19 00:54:00,
P004118,B003112,1,Apple Pay,3341.64,Success,2026-01-31 00:07:00,
P004119,B003113,1,Debit Card,4654.64,Success,2026-06-09 00:39:00,
P004120,B003114,1,Bank Transfer,3534.79,Success,2026-08-29 00:15:00,
P004121,B003115,1,Credit Card,1380.56,Success,2025-12-22 00:36:00,
P004122,B003116,1,Apple Pay,1185.28,Success,2026-05-24 00:29:00,
P004123,B003117,1,Debit Card,1635.37,Failed,2026-03-15 00:09:00,Insufficient Funds
P004124,B003117,2,Debit Card,1635.37,Failed,2026-03-15 00:11:55,Technical Error
P004125,B003117,3,Apple Pay,1635.37,Success,2026-03-15 00:25:22,
P004126,B003118,1,Apple Pay,2261.33,Success,2026-02-15 00:06:00,
P004127,B003119,1,Debit Card,1216.22,Failed,2026-03-18 00:54:00,Technical Error
P004128,B003119,2,Credit Card,1216.22,Success,2026-03-18 01:01:31,
P004129,B003120,1,Debit Card,4090.16,Failed,2026-12-02 00:28:00,Technical Error
P004130,B003120,2,Bank Transfer,4090.16,Success,2026-12-02 00:39:55,
P004131,B003121,1,Debit Card,2106.66,Success,2026-04-18 00:18:00,
P004132,B003122,1,Digital Wallet,4712.39,Success,2025-12-16 00:13:00,
P004133,B003123,1,Apple Pay,4291.21,Failed,2026-04-29 00:34:00,Technical Error
P004134,B003123,2,Digital Wallet,4291.21,Success,2026-04-29 00:39:34,
P004135,B003124,1,Credit Card,4589.68,Success,2026-02-23 00:12:00,
P004136,B003125,1,Apple Pay,1825.22,Success,2025-12-14 00:45:00,
P004137,B003126,1,Apple Pay,3081.79,Success,2026-08-26 00:23:00,
P004138,B003127,1,Credit Card,1946.52,Success,2026-01-25 00:32:00,
P004139,B003128,1,Apple Pay,1656.27,Success,2025-09-13 00:35:00,
P004140,B003129,1,Debit Card,3231.89,Failed,2026-01-07 00:07:00,Payment Timeout
P004141,B003129,2,Bank Transfer,3231.89,Success,2026-01-07 00:18:34,
P004142,B003130,1,Debit Card,4180.98,Success,2026-09-04 00:26:00,
P004143,B003131,1,Debit Card,921.19,Success,2026-09-20 00:43:00,
P004144,B003132,1,Digital Wallet,1740.96,Failed,2025-12-07 00:33:00,Insufficient Funds
P004145,B003132,2,Debit Card,1740.96,Success,2025-12-07 00:40:56,
P004146,B003133,1,Bank Transfer,1423.1,Success,2025-12-30 00:08:00,
P004147,B003134,1,Digital Wallet,4092.58,Success,2025-09-07 00:07:00,
P004148,B003135,1,Credit Card,4700.17,Success,2026-05-03 00:08:00,
P004149,B003136,1,Apple Pay,859.74,Success,2026-05-24 00:37:00,
P004150,B003137,1,Apple Pay,2206.46,Success,2026-09-05 00:05:00,
P004151,B003138,1,Bank Transfer,4615.29,Success,2026-01-10 00:48:00,
P004152,B003139,1,Bank Transfer,2050.87,Failed,2026-08-11 00:26:00,Technical Error
P004153,B003139,2,Debit Card,2050.87,Failed,2026-08-11 00:37:53,Payment Timeout
P004154,B003139,3,Credit Card,2050.87,Success,2026-08-11 00:40:43,
P004155,B003140,1,Credit Card,3706.98,Success,2026-04-05 00:41:00,
P004156,B003141,1,Digital Wallet,953.0,Failed,2026-04-27 00:37:00,Insufficient Funds
P004157,B003141,2,Digital Wallet,953.0,Success,2026-04-27 00:38:38,
P004158,B003142,1,Credit Card,2499.74,Failed,2025-12-20 00:14:00,Technical Error
P004159,B003142,2,Debit Card,2499.74,Failed,2025-12-20 00:22:32,Fraud Check
P004160,B003142,3,Credit Card,2499.74,Success,2025-12-20 00:24:05,
P004161,B003143,1,Digital Wallet,2764.85,Success,2026-01-12 00:26:00,
P004162,B003144,1,Credit Card,3909.49,Success,2026-05-23 00:54:00,
P004163,B003145,1,Debit Card,1799.71,Success,2026-07-03 00:59:00,
P004164,B003146,1,Digital Wallet,1688.85,Success,2026-09-29 00:36:00,
P004165,B003147,1,Bank Transfer,1863.35,Failed,2025-09-25 00:30:00,Insufficient Funds
P004166,B003147,2,Apple Pay,1863.35,Success,2025-09-25 00:34:43,
P004167,B003148,1,Digital Wallet,3000.63,Success,2025-11-27 00:34:00,
P004168,B003149,1,Digital Wallet,4442.02,Failed,2025-09-21 00:17:00,Card Declined
P004169,B003149,2,Digital Wallet,4442.02,Failed,2025-09-21 00:23:32,Technical Error
P004170,B003149,3,Debit Card,4442.02,Success,2025-09-21 00:27:21,
P004171,B003150,1,Credit Card,4239.24,Success,2025-10-19 00:27:00,
P004172,B003151,1,Apple Pay,760.76,Failed,2025-11-28 00:18:00,Payment Timeout
P004173,B003151,2,Apple Pay,760.76,Failed,2025-11-28 00:22:33,Fraud Check
P004174,B003151,3,Bank Transfer,760.76,Success,2025-11-28 00:36:46,
P004175,B003152,1,Credit Card,4455.3,Success,2026-06-04 00:59:00,
P004176,B003153,1,Apple Pay,927.99,Failed,2026-05-25 00:33:00,Payment Timeout
P004177,B003153,2,Debit Card,927.99,Success,2026-05-25 00:45:12,
P004178,B003154,1,Bank Transfer,2369.07,Failed,2026-07-08 00:14:00,Card Declined
P004179,B003154,2,Bank Transfer,2369.07,Success,2026-07-08 00:19:12,
P004180,B003155,1,Bank Transfer,3944.32,Success,2026-02-15 00:17:00,
P004181,B003156,1,Digital Wallet,866.8,Success,2026-10-17 00:20:00,
P004182,B003157,1,Digital Wallet,681.8,Success,2026-04-25 00:40:00,
P004183,B003158,1,Digital Wallet,1984.98,Success,2026-01-29 00:55:00,
P004184,B003159,1,Apple Pay,3784.67,Success,2025-12-17 00:25:00,
P004185,B003160,1,Credit Card,2847.9,Success,2026-02-23 00:10:00,
P004186,B003161,1,Credit Card,2376.51,Success,2026-05-09 00:18:00,
P004187,B003162,1,Bank Transfer,4158.83,Failed,2025-12-06 00:07:00,Insufficient Funds
P004188,B003162,2,Debit Card,4158.83,Success,2025-12-06 00:09:30,
P004189,B003163,1,Bank Transfer,3950.19,Failed,2026-06-18 00:14:00,Insufficient Funds
P004190,B003163,2,Digital Wallet,3950.19,Success,2026-06-18 00:28:58,
P004191,B003164,1,Debit Card,4037.19,Success,2025-09-15 00:53:00,
P004192,B003165,1,Credit Card,2568.77,Success,2025-12-31 00:55:00,
P004193,B003166,1,Apple Pay,587.52,Success,2026-04-10 00:24:00,
P004194,B003167,1,Apple Pay,1274.62,Success,2026-04-11 00:54:00,
P004195,B003168,1,Debit Card,3835.85,Failed,2026-01-31 00:15:00,Fraud Check
P004196,B003168,2,Credit Card,3835.85,Success,2026-01-31 00:19:54,
P004197,B003169,1,Bank Transfer,3889.28,Success,2026-03-19 00:27:00,
P004198,B003170,1,Credit Card,4875.34,Success,2026-03-19 00:14:00,
P004199,B003171,1,Debit Card,1355.84,Success,2025-12-29 00:52:00,
P004200,B003172,1,Debit Card,1053.17,Failed,2026-07-09 00:59:00,Technical Error
P004201,B003172,2,Bank Transfer,1053.17,Failed,2026-07-09 01:09:55,Insufficient Funds
P004202,B003172,3,Digital Wallet,1053.17,Success,2026-07-09 01:21:35,
P004203,B003173,1,Apple Pay,1124.55,Success,2025-10-30 00:18:00,
P004204,B003174,1,Digital Wallet,1331.55,Success,2026-09-05 00:40:00,
P004205,B003175,1,Apple Pay,2878.11,Success,2026-06-23 00:30:00,
P004206,B003176,1,Debit Card,4888.45,Success,2026-08-07 00:34:00,
P004207,B003177,1,Debit Card,3152.44,Success,2025-11-10 00:13:00,
P004208,B003178,1,Bank Transfer,2852.1,Success,2026-01-02 00:48:00,
P004209,B003179,1,Bank Transfer,3530.1,Success,2026-04-12 00:05:00,
P004210,B003180,1,Digital Wallet,832.69,Success,2026-01-06 00:40:00,
P004211,B003181,1,Debit Card,4169.09,Success,2026-08-30 00:54:00,
P004212,B003182,1,Digital Wallet,3410.96,Success,2026-08-11 00:17:00,
P004213,B003183,1,Debit Card,1270.36,Success,2025-11-08 00:26:00,
P004214,B003184,1,Digital Wallet,3338.22,Failed,2025-12-17 00:31:00,Card Declined
P004215,B003184,2,Bank Transfer,3338.22,Failed,2025-12-17 00:37:37,Fraud Check
P004216,B003184,3,Debit Card,3338.22,Success,2025-12-17 00:40:06,
P004217,B003185,1,Digital Wallet,3182.94,Success,2026-06-09 00:27:00,
P004218,B003186,1,Digital Wallet,791.84,Success,2026-08-05 00:21:00,
P004219,B003187,1,Apple Pay,1701.19,Success,2026-11-20 00:35:00,
P004220,B003188,1,Debit Card,2259.24,Success,2026-03-24 00:54:00,
P004221,B003189,1,Digital Wallet,1602.0,Failed,2026-09-17 00:12:00,Insufficient Funds
P004222,B003189,2,Debit Card,1602.0,Failed,2026-09-17 00:15:17,Fraud Check
P004223,B003189,3,Credit Card,1602.0,Success,2026-09-17 00:16:53,
P004224,B003190,1,Apple Pay,1594.23,Success,2026-05-04 00:49:00,
P004225,B003191,1,Apple Pay,3078.27,Success,2026-02-19 00:41:00,
P004226,B003192,1,Apple Pay,2618.87,Success,2026-04-21 00:39:00,
P004227,B003193,1,Bank Transfer,3502.81,Success,2026-04-15 00:13:00,
P004228,B003194,1,Apple Pay,4803.83,Success,2026-08-10 00:32:00,
P004229,B003195,1,Apple Pay,3472.5,Success,2025-11-14 00:42:00,
P004230,B003196,1,Apple Pay,3119.43,Failed,2026-10-05 00:50:00,Card Declined
P004231,B003196,2,Digital Wallet,3119.43,Success,2026-10-05 00:59:56,
P004232,B003197,1,Digital Wallet,4314.02,Success,2026-01-12 00:43:00,
P004233,B003198,1,Apple Pay,3344.33,Success,2026-04-14 00:36:00,
P004234,B003199,1,Apple Pay,1245.03,Failed,2026-05-26 00:55:00,Card Declined
P004235,B003199,2,Bank Transfer,1245.03,Success,2026-05-26 01:06:53,
P004236,B003200,1,Digital Wallet,1916.37,Failed,2026-06-27 00:18:00,Fraud Check
P004237,B003200,2,Apple Pay,1916.37,Success,2026-06-27 00:30:25,
P004238,B003201,1,Apple Pay,3800.12,Success,2025-12-13 00:59:00,
P004239,B003202,1,Debit Card,3822.72,Success,2026-02-11 00:39:00,
P004240,B003203,1,Bank Transfer,4941.54,Success,2026-07-16 00:55:00,
P004241,B003204,1,Debit Card,3321.39,Failed,2025-12-30 00:36:00,Insufficient Funds
P004242,B003204,2,Debit Card,3321.39,Success,2025-12-30 00:40:48,
P004243,B003205,1,Apple Pay,4547.95,Success,2026-04-15 00:56:00,
P004244,B003206,1,Debit Card,745.61,Success,2026-10-31 00:25:00,
P004245,B003207,1,Debit Card,3048.0,Success,2026-08-18 00:47:00,
P004246,B003208,1,Credit Card,4639.32,Success,2025-12-28 00:45:00,
P004247,B003209,1,Credit Card,1792.6,Success,2026-09-07 00:45:00,
P004248,B003210,1,Bank Transfer,1196.94,Success,2026-03-28 00:18:00,
P004249,B003211,1,Apple Pay,2077.3,Success,2026-05-28 00:54:00,
P004250,B003212,1,Credit Card,4065.06,Success,2026-05-03 00:24:00,
P004251,B003213,1,Digital Wallet,881.15,Failed,2026-11-02 00:50:00,Fraud Check
P004252,B003213,2,Debit Card,881.15,Success,2026-11-02 00:58:25,
P004253,B003214,1,Debit Card,3201.52,Success,2025-12-26 00:45:00,
P004254,B003215,1,Digital Wallet,1110.34,Success,2026-05-28 00:56:00,
P004255,B003216,1,Debit Card,2459.9,Success,2025-12-24 00:44:00,
P004256,B003217,1,Credit Card,4846.9,Failed,2026-07-03 00:41:00,Card Declined
P004257,B003217,2,Apple Pay,4846.9,Success,2026-07-03 00:43:43,
P004258,B003218,1,Credit Card,1378.15,Success,2026-05-14 00:07:00,
P004259,B003219,1,Digital Wallet,653.07,Failed,2026-07-13 00:39:00,Card Declined
P004260,B003219,2,Credit Card,653.07,Success,2026-07-13 00:52:13,
P004261,B003220,1,Debit Card,2422.42,Success,2025-11-25 00:54:00,
P004262,B003221,1,Apple Pay,3099.63,Success,2025-12-17 00:22:00,
P004263,B003222,1,Bank Transfer,1838.83,Success,2026-03-15 00:14:00,
P004264,B003223,1,Apple Pay,2937.96,Success,2026-05-20 00:16:00,
P004265,B003224,1,Apple Pay,4790.31,Success,2026-02-03 00:05:00,
P004266,B003225,1,Digital Wallet,1902.97,Failed,2026-02-01 00:57:00,Fraud Check
P004267,B003225,2,Credit Card,1902.97,Success,2026-02-01 01:07:10,
P004268,B003226,1,Bank Transfer,1892.42,Failed,2026-03-25 00:31:00,Technical Error
P004269,B003226,2,Debit Card,1892.42,Success,2026-03-25 00:42:32,
P004270,B003227,1,Apple Pay,2672.46,Failed,2026-05-28 00:51:00,Payment Timeout
P004271,B003227,2,Credit Card,2672.46,Success,2026-05-28 00:54:24,
P004272,B003228,1,Digital Wallet,2818.92,Success,2026-06-26 00:05:00,
P004273,B003229,1,Debit Card,506.15,Success,2026-06-17 00:12:00,
P004274,B003230,1,Debit Card,3271.44,Success,2026-01-01 00:14:00,
P004275,B003231,1,Bank Transfer,4988.11,Success,2026-05-27 00:32:00,
P004276,B003232,1,Apple Pay,1814.04,Success,2026-07-09 00:18:00,
P004277,B003233,1,Debit Card,3338.65,Success,2025-11-15 00:56:00,
P004278,B003234,1,Apple Pay,520.8,Success,2026-01-18 00:06:00,
P004279,B003235,1,Digital Wallet,3219.47,Failed,2026-01-23 00:23:00,Insufficient Funds
P004280,B003235,2,Digital Wallet,3219.47,Success,2026-01-23 00:31:10,
P004281,B003236,1,Debit Card,2511.81,Success,2025-12-02 00:40:00,
P004282,B003237,1,Debit Card,2886.32,Success,2025-12-23 00:16:00,
P004283,B003238,1,Bank Transfer,2947.57,Success,2026-10-04 00:26:00,
P004284,B003239,1,Apple Pay,1296.29,Success,2026-08-06 00:30:00,
P004285,B003240,1,Credit Card,3964.86,Success,2026-07-18 00:49:00,
P004286,B003241,1,Bank Transfer,2999.61,Failed,2026-04-01 00:45:00,Payment Timeout
P004287,B003241,2,Debit Card,2999.61,Success,2026-04-01 00:50:24,
P004288,B003242,1,Credit Card,1715.88,Success,2026-08-15 00:13:00,
P004289,B003243,1,Bank Transfer,4718.22,Success,2025-09-30 00:30:00,
P004290,B003244,1,Credit Card,557.48,Success,2026-01-18 00:18:00,
P004291,B003245,1,Apple Pay,3766.72,Success,2026-07-27 00:49:00,
P004292,B003246,1,Apple Pay,2215.56,Failed,2026-10-03 00:16:00,Fraud Check
P004293,B003246,2,Debit Card,2215.56,Success,2026-10-03 00:21:24,
P004294,B003247,1,Debit Card,2851.45,Success,2026-05-09 00:56:00,
P004295,B003248,1,Credit Card,1811.79,Success,2026-06-30 00:44:00,
P004296,B003249,1,Digital Wallet,1945.63,Success,2026-06-12 00:08:00,
P004297,B003250,1,Credit Card,568.25,Success,2026-04-16 00:24:00,
P004298,B003251,1,Debit Card,3784.3,Failed,2026-10-25 00:29:00,Card Declined
P004299,B003251,2,Digital Wallet,3784.3,Success,2026-10-25 00:33:57,
P004300,B003252,1,Apple Pay,3698.59,Success,2026-07-30 00:26:00,
P004301,B003253,1,Apple Pay,3444.61,Success,2025-11-24 00:43:00,
P004302,B003254,1,Apple Pay,4450.78,Success,2025-10-15 00:28:00,
P004303,B003255,1,Debit Card,4555.7,Failed,2026-01-16 00:07:00,Fraud Check
P004304,B003255,2,Credit Card,4555.7,Success,2026-01-16 00:17:38,
P004305,B003256,1,Bank Transfer,3004.0,Success,2026-07-30 00:44:00,
P004306,B003257,1,Bank Transfer,3581.71,Success,2026-06-11 00:32:00,
P004307,B003258,1,Credit Card,549.49,Failed,2025-09-05 00:56:00,Technical Error
P004308,B003258,2,Debit Card,549.49,Failed,2025-09-05 01:05:41,Technical Error
P004309,B003258,3,Digital Wallet,549.49,Success,2025-09-05 01:07:21,
P004310,B003259,1,Debit Card,4308.54,Success,2026-08-01 00:59:00,
P004311,B003260,1,Apple Pay,4173.86,Success,2026-06-12 00:52:00,
P004312,B003261,1,Bank Transfer,591.12,Success,2026-09-12 00:07:00,
P004313,B003262,1,Bank Transfer,2942.71,Failed,2026-04-18 00:17:00,Insufficient Funds
P004314,B003262,2,Bank Transfer,2942.71,Success,2026-04-18 00:18:54,
P004315,B003263,1,Bank Transfer,4579.95,Success,2026-06-06 00:21:00,
P004316,B003264,1,Digital Wallet,1316.25,Success,2025-12-20 00:50:00,
P004317,B003265,1,Bank Transfer,2086.9,Success,2025-11-26 00:35:00,
P004318,B003266,1,Apple Pay,1989.74,Success,2026-03-26 00:56:00,
P004319,B003267,1,Bank Transfer,2101.73,Success,2026-08-09 00:49:00,
P004320,B003268,1,Digital Wallet,688.49,Success,2026-04-24 00:57:00,
P004321,B003269,1,Digital Wallet,1755.58,Success,2026-10-01 00:54:00,
P004322,B003270,1,Apple Pay,1826.85,Failed,2026-07-11 00:16:00,Fraud Check
P004323,B003270,2,Digital Wallet,1826.85,Success,2026-07-11 00:18:42,
P004324,B003271,1,Bank Transfer,4396.42,Success,2025-11-30 00:47:00,
P004325,B003272,1,Debit Card,2084.52,Success,2026-01-19 00:40:00,
P004326,B003273,1,Apple Pay,2512.48,Failed,2026-03-15 00:45:00,Payment Timeout
P004327,B003273,2,Apple Pay,2512.48,Success,2026-03-15 00:47:11,
P004328,B003274,1,Bank Transfer,2213.32,Success,2026-07-07 00:50:00,
P004329,B003275,1,Bank Transfer,1043.03,Success,2026-05-11 00:11:00,
P004330,B003276,1,Debit Card,4956.61,Failed,2026-03-25 00:40:00,Fraud Check
P004331,B003276,2,Debit Card,4956.61,Failed,2026-03-25 00:41:59,Insufficient Funds
P004332,B003276,3,Credit Card,4956.61,Success,2026-03-25 00:53:48,
P004333,B003277,1,Bank Transfer,4216.21,Success,2026-04-26 00:14:00,
P004334,B003278,1,Debit Card,2934.14,Success,2026-09-04 00:49:00,
P004335,B003279,1,Debit Card,2643.64,Success,2025-12-03 00:55:00,
P004336,B003280,1,Credit Card,3421.65,Failed,2025-12-20 00:24:00,Insufficient Funds
P004337,B003280,2,Debit Card,3421.65,Success,2025-12-20 00:31:45,
P004338,B003281,1,Credit Card,1968.94,Success,2026-01-12 00:16:00,
P004339,B003282,1,Digital Wallet,726.27,Success,2025-07-29 00:29:00,
P004340,B003283,1,Digital Wallet,2319.43,Failed,2025-08-31 00:53:00,Card Declined
P004341,B003283,2,Credit Card,2319.43,Success,2025-08-31 01:00:23,
P004342,B003284,1,Digital Wallet,4927.9,Success,2026-10-29 00:54:00,
P004343,B003285,1,Digital Wallet,1320.56,Success,2025-11-28 00:36:00,
P004344,B003286,1,Digital Wallet,2874.67,Success,2026-03-27 00:23:00,
P004345,B003287,1,Digital Wallet,538.35,Failed,2026-02-14 00:08:00,Payment Timeout
P004346,B003287,2,Credit Card,538.35,Success,2026-02-14 00:11:51,
P004347,B003288,1,Digital Wallet,1049.14,Success,2025-12-16 00:19:00,
P004348,B003289,1,Bank Transfer,3142.36,Failed,2026-03-12 00:21:00,Payment Timeout
P004349,B003289,2,Apple Pay,3142.36,Success,2026-03-12 00:35:12,
P004350,B003290,1,Debit Card,1838.36,Success,2026-08-23 00:33:00,
P004351,B003291,1,Apple Pay,4575.58,Success,2025-12-30 00:58:00,
P004352,B003292,1,Debit Card,2327.76,Success,2025-07-26 00:34:00,
P004353,B003293,1,Bank Transfer,1436.15,Failed,2025-11-12 00:39:00,Insufficient Funds
P004354,B003293,2,Apple Pay,1436.15,Failed,2025-11-12 00:52:23,Technical Error
P004355,B003293,3,Digital Wallet,1436.15,Success,2025-11-12 01:00:56,
P004356,B003294,1,Digital Wallet,2955.16,Failed,2025-11-08 00:19:00,Card Declined
P004357,B003294,2,Debit Card,2955.16,Success,2025-11-08 00:30:13,
P004358,B003295,1,Digital Wallet,4077.38,Success,2026-05-18 00:34:00,
P004359,B003296,1,Credit Card,587.39,Success,2025-08-30 00:44:00,
P004360,B003297,1,Apple Pay,2774.84,Failed,2026-02-22 00:17:00,Technical Error
P004361,B003297,2,Apple Pay,2774.84,Failed,2026-02-22 00:22:18,Payment Timeout
P004362,B003297,3,Apple Pay,2774.84,Success,2026-02-22 00:27:57,
P004363,B003298,1,Apple Pay,3980.42,Failed,2025-11-04 00:41:00,Card Declined
P004364,B003298,2,Debit Card,3980.42,Success,2025-11-04 00:49:31,
P004365,B003299,1,Credit Card,966.15,Success,2026-03-09 00:27:00,
P004366,B003300,1,Debit Card,4562.59,Success,2026-07-21 00:40:00,
P004367,B003301,1,Debit Card,1690.33,Success,2026-06-12 00:17:00,
P004368,B003302,1,Debit Card,1267.72,Failed,2025-12-03 00:40:00,Technical Error
P004369,B003302,2,Apple Pay,1267.72,Success,2025-12-03 00:50:17,
P004370,B003303,1,Credit Card,3151.65,Success,2026-07-20 00:16:00,
P004371,B003304,1,Debit Card,1287.64,Success,2026-06-28 00:49:00,
P004372,B003305,1,Apple Pay,3558.66,Success,2026-09-28 00:36:00,
P004373,B003306,1,Bank Transfer,2705.46,Failed,2026-06-02 00:43:00,Insufficient Funds
P004374,B003306,2,Debit Card,2705.46,Success,2026-06-02 00:55:34,
P004375,B003307,1,Debit Card,994.8,Failed,2026-01-30 00:50:00,Fraud Check
P004376,B003307,2,Digital Wallet,994.8,Success,2026-01-30 00:54:38,
P004377,B003308,1,Credit Card,4606.21,Success,2026-05-30 00:35:00,
P004378,B003309,1,Bank Transfer,3529.42,Failed,2026-01-14 00:19:00,Technical Error
P004379,B003309,2,Bank Transfer,3529.42,Success,2026-01-14 00:24:40,
P004380,B003310,1,Digital Wallet,2956.97,Success,2026-06-22 00:45:00,
P004381,B003311,1,Apple Pay,2184.53,Success,2026-07-09 00:42:00,
P004382,B003312,1,Apple Pay,1106.87,Success,2026-10-24 00:21:00,
P004383,B003313,1,Credit Card,3683.83,Success,2026-04-06 00:18:00,
P004384,B003314,1,Debit Card,4161.45,Failed,2026-09-13 00:21:00,Insufficient Funds
P004385,B003314,2,Credit Card,4161.45,Failed,2026-09-13 00:27:23,Payment Timeout
P004386,B003314,3,Credit Card,4161.45,Success,2026-09-13 00:29:35,
P004387,B003315,1,Debit Card,1066.18,Success,2026-01-13 00:38:00,
P004388,B003316,1,Bank Transfer,2725.55,Success,2025-11-18 00:34:00,
P004389,B003317,1,Debit Card,2681.81,Success,2026-07-20 00:29:00,
P004390,B003318,1,Credit Card,2074.6,Failed,2026-08-21 00:48:00,Insufficient Funds
P004391,B003318,2,Bank Transfer,2074.6,Success,2026-08-21 00:53:46,
P004392,B003319,1,Apple Pay,4052.04,Failed,2026-04-22 00:27:00,Fraud Check
P004393,B003319,2,Apple Pay,4052.04,Failed,2026-04-22 00:34:29,Payment Timeout
P004394,B003319,3,Bank Transfer,4052.04,Success,2026-04-22 00:40:08,
P004395,B003320,1,Debit Card,947.88,Success,2026-08-10 00:11:00,
P004396,B003321,1,Debit Card,1422.59,Success,2025-12-31 00:19:00,
P004397,B003322,1,Debit Card,507.21,Success,2026-05-28 00:08:00,
P004398,B003323,1,Debit Card,2178.43,Success,2026-03-01 00:37:00,
P004399,B003324,1,Credit Card,1810.3,Success,2026-08-24 00:39:00,
P004400,B003325,1,Apple Pay,4401.47,Success,2026-05-30 00:38:00,
P004401,B003326,1,Credit Card,3856.15,Success,2026-05-22 00:37:00,
P004402,B003327,1,Digital Wallet,880.12,Success,2026-04-01 00:38:00,
P004403,B003328,1,Bank Transfer,3834.3,Success,2026-07-15 00:08:00,
P004404,B003329,1,Apple Pay,3539.3,Success,2026-10-31 00:32:00,
P004405,B003330,1,Debit Card,1767.76,Success,2025-12-09 00:56:00,
P004406,B003331,1,Debit Card,569.57,Failed,2026-01-29 00:31:00,Payment Timeout
P004407,B003331,2,Apple Pay,569.57,Success,2026-01-29 00:37:10,
P004408,B003332,1,Digital Wallet,1018.23,Success,2025-12-15 00:24:00,
P004409,B003333,1,Digital Wallet,1624.73,Success,2026-08-17 00:22:00,
P004410,B003334,1,Credit Card,4174.8,Failed,2025-12-27 00:56:00,Fraud Check
P004411,B003334,2,Apple Pay,4174.8,Success,2025-12-27 01:10:22,
P004412,B003335,1,Bank Transfer,2593.91,Failed,2026-01-14 00:42:00,Payment Timeout
P004413,B003335,2,Credit Card,2593.91,Success,2026-01-14 00:50:10,
P004414,B003336,1,Debit Card,4632.78,Success,2026-02-19 00:19:00,
P004415,B003337,1,Credit Card,4051.17,Success,2026-06-23 00:43:00,
P004416,B003338,1,Bank Transfer,1791.99,Success,2026-05-17 00:49:00,
P004417,B003339,1,Debit Card,4304.13,Failed,2026-09-18 00:13:00,Card Declined
P004418,B003339,2,Debit Card,4304.13,Success,2026-09-18 00:19:56,
P004419,B003340,1,Apple Pay,1025.26,Success,2025-12-13 00:49:00,
P004420,B003341,1,Credit Card,662.53,Success,2026-07-07 00:55:00,
P004421,B003342,1,Debit Card,3238.42,Success,2026-06-11 00:21:00,
P004422,B003343,1,Bank Transfer,2037.84,Success,2026-06-17 00:19:00,
P004423,B003344,1,Debit Card,1982.42,Success,2026-09-07 00:09:00,
P004424,B003345,1,Apple Pay,3592.44,Success,2026-08-19 00:52:00,
P004425,B003346,1,Digital Wallet,4325.47,Failed,2026-03-24 00:09:00,Technical Error
P004426,B003346,2,Bank Transfer,4325.47,Success,2026-03-24 00:15:35,
P004427,B003347,1,Credit Card,1949.79,Success,2026-06-07 00:17:00,
P004428,B003348,1,Digital Wallet,1962.56,Failed,2026-05-09 00:48:00,Card Declined
P004429,B003348,2,Bank Transfer,1962.56,Failed,2026-05-09 01:00:33,Card Declined
P004430,B003348,3,Bank Transfer,1962.56,Success,2026-05-09 01:15:30,
P004431,B003349,1,Credit Card,2902.33,Success,2026-09-26 00:53:00,
P004432,B003350,1,Apple Pay,3439.33,Success,2026-04-21 00:23:00,
P004433,B003351,1,Apple Pay,1413.08,Success,2025-09-03 00:48:00,
P004434,B003352,1,Digital Wallet,4607.06,Success,2026-02-06 00:30:00,
P004435,B003353,1,Bank Transfer,3444.87,Success,2025-12-03 00:21:00,
P004436,B003354,1,Digital Wallet,3313.23,Success,2026-04-24 00:27:00,
P004437,B003355,1,Digital Wallet,4568.88,Failed,2025-12-16 00:23:00,Payment Timeout
P004438,B003355,2,Bank Transfer,4568.88,Success,2025-12-16 00:26:45,
P004439,B003356,1,Bank Transfer,4582.69,Failed,2025-12-07 00:50:00,Technical Error
P004440,B003356,2,Debit Card,4582.69,Success,2025-12-07 00:57:17,
P004441,B003357,1,Bank Transfer,1109.98,Success,2025-12-09 00:25:00,
P004442,B003358,1,Bank Transfer,1152.84,Success,2025-12-12 00:52:00,
P004443,B003359,1,Digital Wallet,3928.77,Success,2025-10-07 00:40:00,
P004444,B003360,1,Debit Card,4805.96,Failed,2026-04-02 00:44:00,Insufficient Funds
P004445,B003360,2,Debit Card,4805.96,Success,2026-04-02 00:46:51,
P004446,B003361,1,Digital Wallet,3499.31,Success,2025-11-18 00:30:00,
P004447,B003362,1,Credit Card,2350.93,Failed,2026-06-12 00:29:00,Insufficient Funds
P004448,B003362,2,Apple Pay,2350.93,Success,2026-06-12 00:38:47,
P004449,B003363,1,Digital Wallet,3575.63,Failed,2025-11-21 00:34:00,Card Declined
P004450,B003363,2,Bank Transfer,3575.63,Failed,2025-11-21 00:36:24,Fraud Check
P004451,B003363,3,Credit Card,3575.63,Success,2025-11-21 00:42:44,
P004452,B003364,1,Credit Card,1529.65,Failed,2026-02-02 00:36:00,Fraud Check
P004453,B003364,2,Apple Pay,1529.65,Success,2026-02-02 00:44:41,
P004454,B003365,1,Digital Wallet,4990.85,Success,2025-12-17 00:27:00,
P004455,B003366,1,Debit Card,2439.88,Success,2026-04-30 00:34:00,
P004456,B003367,1,Bank Transfer,4692.59,Failed,2026-10-08 00:41:00,Insufficient Funds
P004457,B003367,2,Bank Transfer,4692.59,Success,2026-10-08 00:48:34,
P004458,B003368,1,Credit Card,2438.59,Success,2025-12-30 00:37:00,
P004459,B003369,1,Debit Card,4676.63,Success,2025-12-11 00:56:00,
P004460,B003370,1,Digital Wallet,2010.58,Success,2026-03-20 00:08:00,
P004461,B003371,1,Apple Pay,3922.44,Success,2026-08-31 00:50:00,
P004462,B003372,1,Credit Card,4779.51,Failed,2026-05-08 00:24:00,Technical Error
P004463,B003372,2,Digital Wallet,4779.51,Failed,2026-05-08 00:26:51,Payment Timeout
P004464,B003372,3,Credit Card,4779.51,Success,2026-05-08 00:30:24,
P004465,B003373,1,Digital Wallet,3406.91,Success,2026-06-15 00:21:00,
P004466,B003374,1,Bank Transfer,3549.04,Success,2026-06-09 00:07:00,
P004467,B003375,1,Apple Pay,962.99,Failed,2025-11-16 00:30:00,Payment Timeout
P004468,B003375,2,Digital Wallet,962.99,Success,2025-11-16 00:35:19,
P004469,B003376,1,Apple Pay,2633.99,Success,2025-10-24 00:46:00,
P004470,B003377,1,Bank Transfer,4490.4,Failed,2026-04-05 00:26:00,Fraud Check
P004471,B003377,2,Bank Transfer,4490.4,Failed,2026-04-05 00:31:38,Payment Timeout
P004472,B003377,3,Debit Card,4490.4,Success,2026-04-05 00:46:24,
P004473,B003378,1,Digital Wallet,1584.09,Success,2026-05-24 00:31:00,
P004474,B003379,1,Digital Wallet,4047.63,Failed,2025-12-22 00:38:00,Fraud Check
P004475,B003379,2,Bank Transfer,4047.63,Success,2025-12-22 00:52:34,
P004476,B003380,1,Debit Card,3540.69,Success,2026-09-10 00:17:00,
P004477,B003381,1,Debit Card,1503.44,Success,2026-03-19 00:18:00,
P004478,B003382,1,Digital Wallet,1772.56,Success,2026-03-21 00:21:00,
P004479,B003383,1,Digital Wallet,2424.02,Success,2026-01-26 00:52:00,
P004480,B003384,1,Debit Card,1063.08,Failed,2026-06-24 00:35:00,Insufficient Funds
P004481,B003384,2,Apple Pay,1063.08,Success,2026-06-24 00:47:31,
P004482,B003385,1,Bank Transfer,4610.17,Success,2026-01-29 00:57:00,
P004483,B003386,1,Apple Pay,3827.11,Success,2026-09-02 00:45:00,
P004484,B003387,1,Digital Wallet,2142.34,Success,2026-03-05 00:48:00,
P004485,B003388,1,Digital Wallet,1848.49,Success,2026-06-17 00:52:00,
P004486,B003389,1,Apple Pay,3603.1,Success,2026-08-13 00:50:00,
P004487,B003390,1,Debit Card,2408.99,Failed,2026-09-04 00:58:00,Fraud Check
P004488,B003390,2,Apple Pay,2408.99,Failed,2026-09-04 01:00:38,Technical Error
P004489,B003390,3,Apple Pay,2408.99,Success,2026-09-04 01:05:52,
P004490,B003391,1,Apple Pay,1532.01,Success,2026-02-27 00:08:00,
P004491,B003392,1,Bank Transfer,2435.68,Success,2026-08-09 00:28:00,
P004492,B003393,1,Debit Card,4420.84,Failed,2026-06-17 00:53:00,Fraud Check
P004493,B003393,2,Debit Card,4420.84,Success,2026-06-17 00:54:58,
P004494,B003394,1,Bank Transfer,808.73,Success,2026-07-10 00:29:00,
P004495,B003395,1,Digital Wallet,2157.61,Failed,2026-06-04 00:06:00,Card Declined
P004496,B003395,2,Digital Wallet,2157.61,Success,2026-06-04 00:19:29,
P004497,B003396,1,Bank Transfer,4830.53,Success,2026-07-25 00:59:00,
P004498,B003397,1,Digital Wallet,566.74,Success,2026-08-07 00:58:00,
P004499,B003398,1,Apple Pay,4507.88,Success,2026-01-04 00:27:00,
P004500,B003399,1,Bank Transfer,2186.75,Success,2026-03-09 00:11:00,
P004501,B003400,1,Digital Wallet,1352.83,Failed,2026-04-07 00:19:00,Insufficient Funds
P004502,B003400,2,Debit Card,1352.83,Success,2026-04-07 00:26:57,
P004503,B003401,1,Apple Pay,567.41,Failed,2026-04-03 00:58:00,Technical Error
P004504,B003401,2,Debit Card,567.41,Success,2026-04-03 00:59:14,
P004505,B003402,1,Debit Card,817.35,Success,2026-11-30 00:45:00,
P004506,B003403,1,Apple Pay,1273.3,Failed,2026-05-15 00:55:00,Fraud Check
P004507,B003403,2,Debit Card,1273.3,Success,2026-05-15 01:01:10,
P004508,B003404,1,Apple Pay,614.34,Failed,2025-10-29 00:47:00,Card Declined
P004509,B003404,2,Debit Card,614.34,Success,2025-10-29 00:57:54,
P004510,B003405,1,Debit Card,2011.32,Success,2025-12-15 00:44:00,
P004511,B003406,1,Digital Wallet,702.02,Success,2026-02-20 00:57:00,
P004512,B003407,1,Apple Pay,3614.97,Success,2026-05-15 00:10:00,
P004513,B003408,1,Apple Pay,4185.08,Success,2026-05-01 00:06:00,
P004514,B003409,1,Credit Card,4493.59,Success,2026-04-06 00:54:00,
P004515,B003410,1,Bank Transfer,2971.08,Success,2026-02-26 00:05:00,
P004516,B003411,1,Apple Pay,4759.29,Success,2026-08-13 00:31:00,
P004517,B003412,1,Debit Card,525.4,Success,2026-05-01 00:07:00,
P004518,B003413,1,Digital Wallet,1103.08,Success,2025-09-29 00:36:00,
P004519,B003414,1,Apple Pay,1819.25,Success,2026-04-10 00:47:00,
P004520,B003415,1,Apple Pay,4050.61,Success,2026-07-10 00:50:00,
P004521,B003416,1,Apple Pay,4484.25,Success,2026-03-21 00:52:00,
P004522,B003417,1,Apple Pay,3281.61,Failed,2025-11-06 00:51:00,Insufficient Funds
P004523,B003417,2,Debit Card,3281.61,Success,2025-11-06 01:05:48,
P004524,B003418,1,Apple Pay,2224.56,Success,2026-06-26 00:50:00,
P004525,B003419,1,Debit Card,3496.31,Success,2026-10-09 00:40:00,
P004526,B003420,1,Debit Card,1314.05,Success,2026-08-28 00:26:00,
P004527,B003421,1,Debit Card,2560.43,Success,2025-12-28 00:39:00,
P004528,B003422,1,Apple Pay,2783.95,Success,2025-12-11 00:55:00,
P004529,B003423,1,Bank Transfer,971.92,Success,2026-10-13 00:47:00,
P004530,B003424,1,Credit Card,652.43,Success,2026-03-05 01:00:00,
P004531,B003425,1,Apple Pay,3875.47,Failed,2026-08-23 00:26:00,Payment Timeout
P004532,B003425,2,Bank Transfer,3875.47,Success,2026-08-23 00:29:18,
P004533,B003426,1,Credit Card,2906.18,Success,2025-11-12 00:54:00,
P004534,B003427,1,Debit Card,1995.07,Success,2026-04-13 00:58:00,
P004535,B003428,1,Debit Card,2467.53,Success,2026-05-21 00:21:00,
P004536,B003429,1,Digital Wallet,4809.67,Success,2025-12-02 00:39:00,
P004537,B003430,1,Digital Wallet,2232.11,Success,2025-10-02 00:37:00,
P004538,B003431,1,Digital Wallet,965.66,Success,2026-07-23 00:57:00,
P004539,B003432,1,Apple Pay,2586.21,Success,2026-05-24 00:10:00,
P004540,B003433,1,Apple Pay,3416.22,Success,2026-03-04 00:59:00,
P004541,B003434,1,Digital Wallet,554.51,Success,2026-04-02 00:23:00,
P004542,B003435,1,Credit Card,1995.53,Success,2026-07-14 00:14:00,
P004543,B003436,1,Digital Wallet,2270.81,Success,2026-01-23 00:35:00,
P004544,B003437,1,Credit Card,2586.72,Success,2025-12-01 00:22:00,
P004545,B003438,1,Apple Pay,1857.58,Success,2026-11-04 00:06:00,
P004546,B003439,1,Bank Transfer,3501.15,Success,2026-07-12 00:38:00,
P004547,B003440,1,Bank Transfer,4751.19,Failed,2026-04-19 00:46:00,Card Declined
P004548,B003440,2,Credit Card,4751.19,Success,2026-04-19 00:50:56,
P004549,B003441,1,Apple Pay,4612.99,Success,2026-06-12 00:14:00,
P004550,B003442,1,Apple Pay,3489.77,Success,2025-12-11 00:50:00,
P004551,B003443,1,Apple Pay,2780.98,Failed,2025-08-01 00:25:00,Card Declined
P004552,B003443,2,Debit Card,2780.98,Success,2025-08-01 00:33:48,
P004553,B003444,1,Digital Wallet,4216.17,Failed,2026-06-25 00:41:00,Payment Timeout
P004554,B003444,2,Debit Card,4216.17,Success,2026-06-25 00:49:33,
P004555,B003445,1,Debit Card,4261.72,Success,2025-12-31 00:14:00,
P004556,B003446,1,Apple Pay,4233.08,Success,2025-11-25 00:42:00,
P004557,B003447,1,Debit Card,1210.31,Success,2025-11-26 00:32:00,
P004558,B003448,1,Debit Card,614.45,Failed,2026-07-07 00:13:00,Fraud Check
P004559,B003448,2,Debit Card,614.45,Success,2026-07-07 00:25:19,
P004560,B003449,1,Credit Card,4924.37,Failed,2026-03-01 00:07:00,Fraud Check
P004561,B003449,2,Credit Card,4924.37,Success,2026-03-01 00:15:58,
P004562,B003450,1,Credit Card,4818.44,Success,2026-04-16 00:10:00,
P004563,B003451,1,Apple Pay,3039.7,Success,2025-12-30 00:11:00,
P004564,B003452,1,Debit Card,4968.79,Success,2026-06-07 00:32:00,
P004565,B003453,1,Debit Card,3967.46,Success,2026-08-04 00:22:00,
P004566,B003454,1,Credit Card,2828.21,Success,2026-04-29 00:54:00,
P004567,B003455,1,Bank Transfer,2251.99,Failed,2026-03-18 00:50:00,Fraud Check
P004568,B003455,2,Digital Wallet,2251.99,Success,2026-03-18 00:56:22,
P004569,B003456,1,Debit Card,3167.88,Success,2026-09-21 00:42:00,
P004570,B003457,1,Credit Card,2821.11,Success,2026-04-12 01:00:00,
P004571,B003458,1,Bank Transfer,4972.11,Success,2026-04-02 00:17:00,
P004572,B003459,1,Credit Card,2707.07,Success,2026-02-18 00:59:00,
P004573,B003460,1,Digital Wallet,4261.64,Success,2026-01-07 00:08:00,
P004574,B003461,1,Apple Pay,4161.31,Failed,2025-11-03 00:41:00,Card Declined
P004575,B003461,2,Digital Wallet,4161.31,Success,2025-11-03 00:42:28,
P004576,B003462,1,Bank Transfer,821.33,Success,2026-04-23 00:59:00,
P004577,B003463,1,Credit Card,891.53,Success,2026-01-12 00:09:00,
P004578,B003464,1,Credit Card,3469.15,Success,2026-06-09 00:53:00,
P004579,B003465,1,Digital Wallet,1665.99,Failed,2025-11-03 00:12:00,Fraud Check
P004580,B003465,2,Credit Card,1665.99,Failed,2025-11-03 00:22:54,Payment Timeout
P004581,B003465,3,Digital Wallet,1665.99,Success,2025-11-03 00:36:48,
P004582,B003466,1,Credit Card,3458.87,Failed,2026-05-12 00:59:00,Fraud Check
P004583,B003466,2,Bank Transfer,3458.87,Success,2026-05-12 01:02:11,
P004584,B003467,1,Debit Card,1150.82,Success,2026-06-12 00:11:00,
P004585,B003468,1,Digital Wallet,2286.81,Failed,2026-01-07 00:13:00,Insufficient Funds
P004586,B003468,2,Debit Card,2286.81,Failed,2026-01-07 00:15:55,Insufficient Funds
P004587,B003468,3,Credit Card,2286.81,Success,2026-01-07 00:30:05,
P004588,B003469,1,Credit Card,961.12,Success,2026-07-01 00:19:00,
P004589,B003470,1,Apple Pay,1769.42,Success,2025-11-19 00:05:00,
P004590,B003471,1,Bank Transfer,897.34,Success,2026-05-02 00:52:00,
P004591,B003472,1,Credit Card,4867.6,Success,2026-07-31 00:21:00,
P004592,B003473,1,Digital Wallet,2277.76,Success,2026-03-20 00:16:00,
P004593,B003474,1,Digital Wallet,4555.35,Failed,2026-04-04 00:58:00,Card Declined
P004594,B003474,2,Bank Transfer,4555.35,Success,2026-04-04 01:10:20,
P004595,B003475,1,Bank Transfer,4870.27,Failed,2026-04-10 00:21:00,Insufficient Funds
P004596,B003475,2,Credit Card,4870.27,Failed,2026-04-10 00:28:19,Technical Error
P004597,B003475,3,Digital Wallet,4870.27,Success,2026-04-10 00:33:09,
P004598,B003476,1,Credit Card,4593.03,Success,2026-02-08 00:10:00,
P004599,B003477,1,Apple Pay,2547.32,Success,2025-12-07 00:05:00,
P004600,B003478,1,Digital Wallet,4005.04,Failed,2026-02-19 00:05:00,Card Declined
P004601,B003478,2,Credit Card,4005.04,Success,2026-02-19 00:19:54,
P004602,B003479,1,Bank Transfer,1191.65,Success,2026-04-29 00:34:00,
P004603,B003480,1,Credit Card,926.75,Success,2026-06-06 00:48:00,
P004604,B003481,1,Bank Transfer,4446.06,Failed,2026-01-30 00:14:00,Payment Timeout
P004605,B003481,2,Credit Card,4446.06,Success,2026-01-30 00:26:38,
P004606,B003482,1,Debit Card,640.04,Success,2026-06-19 00:22:00,
P004607,B003483,1,Debit Card,4875.47,Success,2026-09-02 00:26:00,
P004608,B003484,1,Bank Transfer,3524.6,Success,2026-05-30 00:25:00,
P004609,B003485,1,Credit Card,2388.26,Success,2026-01-31 00:10:00,
P004610,B003486,1,Debit Card,1136.19,Failed,2026-04-02 01:00:00,Payment Timeout
P004611,B003486,2,Bank Transfer,1136.19,Success,2026-04-02 01:03:24,
P004612,B003487,1,Bank Transfer,3754.54,Success,2026-06-21 00:32:00,
P004613,B003488,1,Credit Card,3034.0,Failed,2026-11-18 00:34:00,Payment Timeout
P004614,B003488,2,Digital Wallet,3034.0,Failed,2026-11-18 00:44:52,Insufficient Funds
P004615,B003488,3,Debit Card,3034.0,Success,2026-11-18 00:55:33,
P004616,B003489,1,Credit Card,3700.07,Success,2025-09-13 00:30:00,
P004617,B003490,1,Apple Pay,2380.65,Success,2025-12-15 00:55:00,
P004618,B003491,1,Bank Transfer,798.17,Failed,2026-02-05 00:31:00,Payment Timeout
P004619,B003491,2,Bank Transfer,798.17,Success,2026-02-05 00:42:43,
P004620,B003492,1,Bank Transfer,1917.37,Success,2025-11-23 00:36:00,
P004621,B003493,1,Debit Card,1917.59,Success,2026-01-16 00:12:00,
P004622,B003494,1,Apple Pay,539.06,Failed,2026-03-05 00:41:00,Fraud Check
P004623,B003494,2,Digital Wallet,539.06,Failed,2026-03-05 00:54:32,Insufficient Funds
P004624,B003494,3,Credit Card,539.06,Success,2026-03-05 00:57:04,
P004625,B003495,1,Apple Pay,543.11,Failed,2026-02-08 00:26:00,Technical Error
P004626,B003495,2,Digital Wallet,543.11,Failed,2026-02-08 00:28:32,Fraud Check
P004627,B003495,3,Bank Transfer,543.11,Success,2026-02-08 00:30:04,
P004628,B003496,1,Bank Transfer,1988.41,Success,2026-01-26 00:58:00,
P004629,B003497,1,Bank Transfer,3774.31,Success,2026-01-17 00:55:00,
P004630,B003498,1,Digital Wallet,3308.2,Failed,2026-04-28 00:38:00,Payment Timeout
P004631,B003498,2,Apple Pay,3308.2,Success,2026-04-28 00:43:33,
P004632,B003499,1,Apple Pay,1575.58,Failed,2026-07-24 00:54:00,Card Declined
P004633,B003499,2,Bank Transfer,1575.58,Failed,2026-07-24 00:59:37,Card Declined
P004634,B003499,3,Apple Pay,1575.58,Success,2026-07-24 01:01:55,
P004635,B003500,1,Bank Transfer,3212.43,Failed,2026-01-25 00:46:00,Insufficient Funds
P004636,B003500,2,Debit Card,3212.43,Success,2026-01-25 00:49:11,
P004637,B003501,1,Debit Card,3413.2,Success,2026-07-10 00:12:00,
P004638,B003502,1,Bank Transfer,2851.56,Failed,2025-12-09 00:24:00,Card Declined
P004639,B003502,2,Credit Card,2851.56,Success,2025-12-09 00:26:24,
P004640,B003503,1,Apple Pay,2846.09,Success,2026-02-14 00:49:00,
P004641,B003504,1,Digital Wallet,2163.87,Success,2025-10-30 00:39:00,
P004642,B003505,1,Credit Card,1055.27,Success,2026-10-10 00:52:00,
P004643,B003506,1,Digital Wallet,2234.68,Failed,2026-02-28 00:39:00,Card Declined
P004644,B003506,2,Debit Card,2234.68,Success,2026-02-28 00:46:25,
P004645,B003507,1,Debit Card,2054.0,Success,2026-04-11 00:19:00,
P004646,B003508,1,Bank Transfer,3163.88,Success,2025-08-24 00:53:00,
P004647,B003509,1,Debit Card,4353.17,Failed,2026-10-04 00:24:00,Card Declined
P004648,B003509,2,Credit Card,4353.17,Success,2026-10-04 00:25:52,
P004649,B003510,1,Digital Wallet,2189.19,Success,2026-06-26 00:45:00,
P004650,B003511,1,Credit Card,3693.81,Success,2026-12-02 00:44:00,
P004651,B003512,1,Debit Card,4153.24,Success,2026-09-03 00:18:00,
P004652,B003513,1,Apple Pay,1452.88,Success,2026-02-14 00:21:00,
P004653,B003514,1,Debit Card,4557.43,Success,2026-03-31 00:54:00,
P004654,B003515,1,Digital Wallet,817.0,Failed,2026-09-02 00:55:00,Insufficient Funds
P004655,B003515,2,Digital Wallet,817.0,Success,2026-09-02 01:06:28,
P004656,B003516,1,Bank Transfer,4557.74,Success,2026-05-01 00:23:00,
P004657,B003517,1,Debit Card,1236.35,Success,2026-04-19 00:16:00,
P004658,B003518,1,Apple Pay,2017.26,Success,2026-06-03 00:52:00,
P004659,B003519,1,Digital Wallet,3223.56,Failed,2026-05-13 00:22:00,Fraud Check
P004660,B003519,2,Credit Card,3223.56,Failed,2026-05-13 00:35:38,Fraud Check
P004661,B003519,3,Apple Pay,3223.56,Success,2026-05-13 00:49:11,
P004662,B003520,1,Digital Wallet,4575.58,Success,2026-08-08 00:14:00,
P004663,B003521,1,Debit Card,1650.66,Success,2026-05-19 00:27:00,
P004664,B003522,1,Digital Wallet,3936.08,Failed,2026-06-28 00:11:00,Insufficient Funds
P004665,B003522,2,Debit Card,3936.08,Success,2026-06-28 00:16:29,
P004666,B003523,1,Bank Transfer,3696.96,Success,2025-10-11 00:40:00,
P004667,B003524,1,Digital Wallet,1218.69,Success,2026-01-02 00:54:00,
P004668,B003525,1,Credit Card,2657.59,Failed,2026-04-11 00:27:00,Fraud Check
P004669,B003525,2,Debit Card,2657.59,Success,2026-04-11 00:36:40,
P004670,B003526,1,Bank Transfer,2666.77,Success,2025-11-18 00:51:00,
P004671,B003527,1,Debit Card,1870.75,Success,2026-09-02 01:00:00,
P004672,B003528,1,Bank Transfer,4009.65,Success,2026-04-22 00:40:00,
P004673,B003529,1,Credit Card,4666.7,Failed,2026-06-05 00:24:00,Technical Error
P004674,B003529,2,Debit Card,4666.7,Success,2026-06-05 00:38:24,
P004675,B003530,1,Apple Pay,3724.58,Failed,2026-10-11 00:31:00,Fraud Check
P004676,B003530,2,Debit Card,3724.58,Failed,2026-10-11 00:37:40,Payment Timeout
P004677,B003530,3,Bank Transfer,3724.58,Success,2026-10-11 00:40:50,
P004678,B003531,1,Digital Wallet,4878.3,Failed,2026-02-08 00:34:00,Payment Timeout
P004679,B003531,2,Credit Card,4878.3,Success,2026-02-08 00:36:38,
P004680,B003532,1,Credit Card,727.11,Success,2026-01-19 00:08:00,
P004681,B003533,1,Debit Card,667.5,Success,2026-04-18 00:19:00,
P004682,B003534,1,Debit Card,4522.36,Success,2026-07-02 00:22:00,
P004683,B003535,1,Apple Pay,4540.1,Success,2026-04-14 00:20:00,
P004684,B003536,1,Debit Card,982.04,Success,2026-07-23 00:59:00,
P004685,B003537,1,Debit Card,2108.51,Success,2026-04-20 00:09:00,
P004686,B003538,1,Bank Transfer,4259.28,Failed,2026-08-20 00:38:00,Insufficient Funds
P004687,B003538,2,Bank Transfer,4259.28,Success,2026-08-20 00:47:59,
P004688,B003539,1,Bank Transfer,1078.43,Success,2026-03-10 00:18:00,
P004689,B003540,1,Apple Pay,1703.43,Success,2026-09-18 00:47:00,
P004690,B003541,1,Digital Wallet,3564.48,Success,2026-05-15 00:16:00,
P004691,B003542,1,Apple Pay,4918.55,Success,2026-05-21 00:58:00,
P004692,B003543,1,Apple Pay,4087.12,Failed,2026-06-29 00:55:00,Insufficient Funds
P004693,B003543,2,Credit Card,4087.12,Success,2026-06-29 01:00:39,
P004694,B003544,1,Apple Pay,3997.93,Success,2025-09-28 00:43:00,
P004695,B003545,1,Debit Card,2041.98,Success,2026-03-07 00:57:00,
P004696,B003546,1,Apple Pay,3476.04,Failed,2026-01-26 00:37:00,Fraud Check
P004697,B003546,2,Digital Wallet,3476.04,Success,2026-01-26 00:41:14,
P004698,B003547,1,Digital Wallet,1008.9,Success,2026-05-28 00:35:00,
P004699,B003548,1,Credit Card,4965.2,Success,2026-01-21 00:59:00,
P004700,B003549,1,Digital Wallet,2662.63,Success,2026-03-20 00:45:00,
P004701,B003550,1,Digital Wallet,3374.64,Success,2025-11-24 00:20:00,
P004702,B003551,1,Digital Wallet,4442.77,Success,2025-10-30 00:49:00,
P004703,B003552,1,Bank Transfer,504.34,Success,2026-06-10 00:49:00,
P004704,B003553,1,Apple Pay,4891.92,Success,2026-03-13 00:59:00,
P004705,B003554,1,Bank Transfer,2116.22,Success,2026-08-08 00:58:00,
P004706,B003555,1,Debit Card,2028.16,Success,2025-12-18 00:34:00,
P004707,B003556,1,Digital Wallet,1152.79,Success,2025-10-12 00:33:00,
P004708,B003557,1,Bank Transfer,4361.83,Success,2025-11-14 00:28:00,
P004709,B003558,1,Digital Wallet,4418.78,Success,2026-08-19 00:13:00,
P004710,B003559,1,Debit Card,589.95,Success,2026-09-25 00:24:00,
P004711,B003560,1,Digital Wallet,750.76,Success,2026-02-03 00:15:00,
P004712,B003561,1,Apple Pay,4632.54,Success,2026-02-06 00:15:00,
P004713,B003562,1,Digital Wallet,1052.91,Success,2026-01-05 00:38:00,
P004714,B003563,1,Apple Pay,3294.17,Success,2026-07-05 00:05:00,
P004715,B003564,1,Digital Wallet,3288.43,Failed,2025-09-03 00:34:00,Insufficient Funds
P004716,B003564,2,Credit Card,3288.43,Success,2025-09-03 00:40:58,
P004717,B003565,1,Apple Pay,4413.79,Success,2025-09-24 00:12:00,
P004718,B003566,1,Credit Card,3076.94,Success,2026-01-12 00:33:00,
P004719,B003567,1,Apple Pay,2453.05,Success,2025-12-02 00:17:00,
P004720,B003568,1,Digital Wallet,4884.71,Success,2026-03-17 00:30:00,
P004721,B003569,1,Credit Card,1529.67,Success,2026-01-23 00:52:00,
P004722,B003570,1,Bank Transfer,1682.23,Success,2026-01-13 00:36:00,
P004723,B003571,1,Digital Wallet,881.46,Failed,2025-10-10 00:09:00,Payment Timeout
P004724,B003571,2,Apple Pay,881.46,Success,2025-10-10 00:22:52,
P004725,B003572,1,Debit Card,4888.93,Success,2026-04-01 00:30:00,
P004726,B003573,1,Bank Transfer,3678.62,Success,2026-09-05 00:11:00,
P004727,B003574,1,Apple Pay,554.44,Success,2026-06-26 00:55:00,
P004728,B003575,1,Bank Transfer,3669.41,Success,2026-08-19 00:40:00,
P004729,B003576,1,Credit Card,2318.61,Failed,2026-03-15 00:21:00,Card Declined
P004730,B003576,2,Bank Transfer,2318.61,Success,2026-03-15 00:35:29,
P004731,B003577,1,Credit Card,4853.97,Success,2025-11-23 00:07:00,
P004732,B003578,1,Digital Wallet,1748.24,Success,2026-01-04 00:53:00,
P004733,B003579,1,Bank Transfer,3696.29,Success,2025-10-25 00:05:00,
P004734,B003580,1,Credit Card,3323.45,Success,2025-12-12 00:28:00,
P004735,B003581,1,Debit Card,554.22,Success,2026-08-14 00:58:00,
P004736,B003582,1,Apple Pay,4483.48,Success,2026-03-24 01:00:00,
P004737,B003583,1,Credit Card,1128.26,Success,2026-01-11 00:40:00,
P004738,B003584,1,Credit Card,3486.15,Success,2026-03-11 00:09:00,
P004739,B003585,1,Debit Card,3989.97,Success,2026-05-02 00:23:00,
P004740,B003586,1,Bank Transfer,3339.17,Success,2025-11-17 00:17:00,
P004741,B003587,1,Digital Wallet,937.01,Success,2026-06-02 00:48:00,
P004742,B003588,1,Credit Card,4888.31,Success,2025-09-20 00:35:00,
P004743,B003589,1,Debit Card,1565.68,Failed,2026-01-19 00:45:00,Card Declined
P004744,B003589,2,Bank Transfer,1565.68,Success,2026-01-19 00:47:51,
P004745,B003590,1,Digital Wallet,3325.39,Failed,2026-01-27 00:53:00,Fraud Check
P004746,B003590,2,Digital Wallet,3325.39,Failed,2026-01-27 00:55:33,Insufficient Funds
P004747,B003590,3,Bank Transfer,3325.39,Success,2026-01-27 01:06:22,
P004748,B003591,1,Digital Wallet,4087.3,Success,2025-12-14 01:00:00,
P004749,B003592,1,Debit Card,4726.56,Success,2025-11-16 00:35:00,
P004750,B003593,1,Credit Card,3218.05,Success,2025-12-11 00:55:00,
P004751,B003594,1,Bank Transfer,1665.74,Success,2026-06-03 00:14:00,
P004752,B003595,1,Digital Wallet,4264.88,Success,2026-11-14 00:07:00,
P004753,B003596,1,Bank Transfer,1234.49,Success,2026-04-20 00:33:00,
P004754,B003597,1,Credit Card,600.27,Success,2026-06-20 00:47:00,
P004755,B003598,1,Credit Card,4586.67,Success,2026-05-13 01:00:00,
P004756,B003599,1,Credit Card,3089.25,Success,2026-12-05 00:38:00,
P004757,B003600,1,Bank Transfer,813.39,Success,2026-07-14 00:06:00,
P004758,B003601,1,Digital Wallet,3108.78,Success,2026-06-04 01:00:00,
P004759,B003602,1,Digital Wallet,1152.56,Success,2026-08-18 00:50:00,
P004760,B003603,1,Digital Wallet,641.24,Success,2025-10-26 00:19:00,
P004761,B003604,1,Bank Transfer,1024.36,Success,2026-10-08 00:21:00,
P004762,B003605,1,Bank Transfer,3987.98,Failed,2026-09-19 00:31:00,Technical Error
P004763,B003605,2,Debit Card,3987.98,Success,2026-09-19 00:43:31,
P004764,B003606,1,Debit Card,3900.47,Success,2026-08-21 00:13:00,
P004765,B003607,1,Digital Wallet,3219.43,Success,2026-03-08 00:19:00,
P004766,B003608,1,Credit Card,1441.98,Failed,2026-06-16 00:55:00,Payment Timeout
P004767,B003608,2,Credit Card,1441.98,Failed,2026-06-16 01:06:25,Insufficient Funds
P004768,B003608,3,Debit Card,1441.98,Success,2026-06-16 01:20:44,
P004769,B003609,1,Apple Pay,3825.35,Failed,2026-02-14 00:07:00,Payment Timeout
P004770,B003609,2,Digital Wallet,3825.35,Failed,2026-02-14 00:21:37,Insufficient Funds
P004771,B003609,3,Credit Card,3825.35,Success,2026-02-14 00:28:28,
P004772,B003610,1,Bank Transfer,2336.2,Failed,2026-04-14 00:48:00,Insufficient Funds
P004773,B003610,2,Credit Card,2336.2,Success,2026-04-14 01:01:34,
P004774,B003611,1,Credit Card,2798.39,Success,2025-08-30 00:48:00,
P004775,B003612,1,Digital Wallet,4539.38,Success,2026-07-02 00:07:00,
P004776,B003613,1,Apple Pay,2560.36,Failed,2026-09-22 00:14:00,Insufficient Funds
P004777,B003613,2,Credit Card,2560.36,Failed,2026-09-22 00:17:33,Insufficient Funds
P004778,B003613,3,Bank Transfer,2560.36,Success,2026-09-22 00:20:01,
P004779,B003614,1,Digital Wallet,3318.65,Success,2025-11-05 00:19:00,
P004780,B003615,1,Credit Card,4827.88,Failed,2026-02-04 00:28:00,Fraud Check
P004781,B003615,2,Bank Transfer,4827.88,Failed,2026-02-04 00:29:58,Insufficient Funds
P004782,B003615,3,Credit Card,4827.88,Success,2026-02-04 00:39:08,
P004783,B003616,1,Digital Wallet,2531.25,Success,2026-08-15 00:59:00,
P004784,B003617,1,Digital Wallet,3023.28,Success,2026-07-05 00:21:00,
P004785,B003618,1,Debit Card,3129.87,Success,2025-12-21 00:33:00,
P004786,B003619,1,Bank Transfer,1583.2,Success,2026-09-01 00:33:00,
P004787,B003620,1,Digital Wallet,3816.15,Success,2026-04-10 00:33:00,
P004788,B003621,1,Apple Pay,3769.87,Success,2026-07-18 00:56:00,
P004789,B003622,1,Credit Card,1461.01,Success,2026-01-05 00:05:00,
P004790,B003623,1,Credit Card,560.02,Success,2025-08-15 00:47:00,
P004791,B003624,1,Apple Pay,4995.24,Success,2025-10-20 00:33:00,
P004792,B003625,1,Debit Card,3117.14,Success,2025-12-17 00:54:00,
P004793,B003626,1,Digital Wallet,1314.64,Failed,2025-09-15 00:25:00,Insufficient Funds
P004794,B003626,2,Digital Wallet,1314.64,Failed,2025-09-15 00:32:29,Technical Error
P004795,B003626,3,Credit Card,1314.64,Success,2025-09-15 00:33:59,
P004796,B003627,1,Apple Pay,1776.04,Success,2026-03-24 00:18:00,
P004797,B003628,1,Digital Wallet,3280.06,Success,2026-11-01 00:38:00,
P004798,B003629,1,Digital Wallet,1119.27,Success,2026-11-02 00:57:00,
P004799,B003630,1,Apple Pay,667.76,Success,2026-01-14 00:17:00,
P004800,B003631,1,Apple Pay,4093.16,Success,2026-04-05 00:17:00,
P004801,B003632,1,Apple Pay,3721.31,Success,2026-06-24 00:56:00,
P004802,B003633,1,Credit Card,1893.21,Success,2026-02-21 00:37:00,
P004803,B003634,1,Debit Card,763.21,Success,2026-07-12 00:41:00,
P004804,B003635,1,Apple Pay,2688.22,Failed,2026-01-01 00:28:00,Fraud Check
P004805,B003635,2,Digital Wallet,2688.22,Failed,2026-01-01 00:34:36,Fraud Check
P004806,B003635,3,Bank Transfer,2688.22,Success,2026-01-01 00:42:35,
P004807,B003636,1,Apple Pay,1742.84,Success,2026-01-15 00:41:00,
P004808,B003637,1,Bank Transfer,2290.01,Success,2025-09-16 00:09:00,
P004809,B003638,1,Credit Card,1732.86,Success,2026-02-09 00:14:00,
P004810,B003639,1,Credit Card,1288.7,Success,2026-04-28 00:48:00,
P004811,B003640,1,Bank Transfer,2241.45,Failed,2026-05-04 00:26:00,Insufficient Funds
P004812,B003640,2,Debit Card,2241.45,Success,2026-05-04 00:30:15,
P004813,B003641,1,Apple Pay,4842.02,Success,2025-10-16 00:49:00,
P004814,B003642,1,Bank Transfer,1698.03,Success,2026-11-23 00:35:00,
P004815,B003643,1,Apple Pay,2011.85,Success,2026-03-25 00:32:00,
P004816,B003644,1,Apple Pay,1981.59,Success,2026-07-04 00:31:00,
P004817,B003645,1,Credit Card,2661.3,Success,2026-01-22 00:14:00,
P004818,B003646,1,Bank Transfer,4295.77,Success,2026-05-29 00:13:00,
P004819,B003647,1,Credit Card,2309.55,Success,2026-01-13 00:52:00,
P004820,B003648,1,Bank Transfer,4127.67,Failed,2026-05-07 00:35:00,Insufficient Funds
P004821,B003648,2,Credit Card,4127.67,Success,2026-05-07 00:49:57,
P004822,B003649,1,Apple Pay,1017.55,Failed,2026-07-26 00:53:00,Payment Timeout
P004823,B003649,2,Apple Pay,1017.55,Success,2026-07-26 00:59:15,
P004824,B003650,1,Debit Card,4527.08,Success,2026-11-11 00:21:00,
P004825,B003651,1,Digital Wallet,1333.87,Success,2026-06-17 01:00:00,
P004826,B003652,1,Apple Pay,676.41,Success,2026-01-10 00:55:00,
P004827,B003653,1,Digital Wallet,1212.6,Success,2026-10-13 00:56:00,
P004828,B003654,1,Apple Pay,1358.37,Success,2026-06-12 00:25:00,
P004829,B003655,1,Credit Card,2788.27,Failed,2025-12-05 00:31:00,Card Declined
P004830,B003655,2,Debit Card,2788.27,Success,2025-12-05 00:32:42,
P004831,B003656,1,Bank Transfer,2524.72,Failed,2026-01-10 00:57:00,Card Declined
P004832,B003656,2,Debit Card,2524.72,Success,2026-01-10 00:58:21,
P004833,B003657,1,Debit Card,3721.43,Success,2026-03-08 00:08:00,
P004834,B003658,1,Credit Card,729.28,Failed,2026-03-25 00:13:00,Insufficient Funds
P004835,B003658,2,Apple Pay,729.28,Failed,2026-03-25 00:22:19,Insufficient Funds
P004836,B003658,3,Credit Card,729.28,Success,2026-03-25 00:33:45,
P004837,B003659,1,Bank Transfer,2739.68,Success,2025-12-25 00:59:00,
P004838,B003660,1,Debit Card,1996.12,Failed,2026-06-17 00:54:00,Technical Error
P004839,B003660,2,Apple Pay,1996.12,Success,2026-06-17 01:06:10,
P004840,B003661,1,Credit Card,3338.18,Failed,2026-08-05 00:41:00,Insufficient Funds
P004841,B003661,2,Digital Wallet,3338.18,Success,2026-08-05 00:48:53,
P004842,B003662,1,Credit Card,696.65,Failed,2026-08-20 00:30:00,Technical Error
P004843,B003662,2,Debit Card,696.65,Failed,2026-08-20 00:42:57,Card Declined
P004844,B003662,3,Credit Card,696.65,Success,2026-08-20 00:53:54,
P004845,B003663,1,Apple Pay,657.21,Failed,2025-08-31 00:35:00,Payment Timeout
P004846,B003663,2,Digital Wallet,657.21,Success,2025-08-31 00:41:47,
P004847,B003664,1,Debit Card,2422.63,Failed,2025-11-11 00:18:00,Fraud Check
P004848,B003664,2,Bank Transfer,2422.63,Success,2025-11-11 00:30:32,
P004849,B003665,1,Bank Transfer,4151.03,Success,2025-11-04 00:28:00,
P004850,B003666,1,Credit Card,3519.92,Success,2026-03-12 00:56:00,
P004851,B003667,1,Bank Transfer,575.18,Success,2025-11-17 00:59:00,
P004852,B003668,1,Apple Pay,1303.12,Success,2025-10-21 00:32:00,
P004853,B003669,1,Debit Card,1520.29,Success,2026-11-09 00:48:00,
P004854,B003670,1,Bank Transfer,2403.77,Success,2025-11-13 00:42:00,
P004855,B003671,1,Credit Card,3140.22,Success,2026-06-02 00:16:00,
P004856,B003672,1,Bank Transfer,1474.07,Success,2026-04-05 00:48:00,
P004857,B003673,1,Debit Card,2221.31,Success,2025-12-09 00:57:00,
P004858,B003674,1,Apple Pay,3127.75,Success,2026-08-27 00:17:00,
P004859,B003675,1,Digital Wallet,2225.46,Success,2026-10-03 00:10:00,
P004860,B003676,1,Apple Pay,1144.26,Success,2026-04-29 00:53:00,
P004861,B003677,1,Credit Card,2712.48,Success,2026-09-02 00:19:00,
P004862,B003678,1,Digital Wallet,1957.97,Failed,2026-01-13 00:45:00,Fraud Check
P004863,B003678,2,Debit Card,1957.97,Success,2026-01-13 00:49:27,
P004864,B003679,1,Apple Pay,4388.85,Success,2026-06-10 00:34:00,
P004865,B003680,1,Credit Card,3990.31,Failed,2026-01-10 00:53:00,Card Declined
P004866,B003680,2,Digital Wallet,3990.31,Failed,2026-01-10 01:06:31,Technical Error
P004867,B003680,3,Credit Card,3990.31,Success,2026-01-10 01:13:25,
P004868,B003681,1,Apple Pay,1356.24,Success,2026-07-04 00:08:00,
P004869,B003682,1,Debit Card,1186.86,Success,2026-04-17 00:35:00,
P004870,B003683,1,Apple Pay,2064.55,Success,2026-07-21 00:27:00,
P004871,B003684,1,Debit Card,2354.79,Failed,2026-07-10 00:42:00,Technical Error
P004872,B003684,2,Bank Transfer,2354.79,Success,2026-07-10 00:46:24,
P004873,B003685,1,Credit Card,4694.08,Failed,2026-01-29 00:58:00,Payment Timeout
P004874,B003685,2,Apple Pay,4694.08,Success,2026-01-29 01:00:10,
P004875,B003686,1,Bank Transfer,1857.29,Success,2025-11-14 00:08:00,
P004876,B003687,1,Credit Card,4404.13,Success,2026-06-22 00:36:00,
P004877,B003688,1,Debit Card,2773.89,Failed,2025-10-13 00:56:00,Technical Error
P004878,B003688,2,Apple Pay,2773.89,Success,2025-10-13 00:59:31,
P004879,B003689,1,Credit Card,4485.31,Success,2026-03-05 00:52:00,
P004880,B003690,1,Apple Pay,3658.79,Success,2026-03-14 00:57:00,
P004881,B003691,1,Bank Transfer,3687.75,Success,2026-04-11 00:17:00,
P004882,B003692,1,Digital Wallet,2834.59,Failed,2025-12-01 00:23:00,Technical Error
P004883,B003692,2,Debit Card,2834.59,Success,2025-12-01 00:33:40,
P004884,B003693,1,Apple Pay,4281.37,Failed,2026-08-05 00:22:00,Payment Timeout
P004885,B003693,2,Debit Card,4281.37,Success,2026-08-05 00:24:53,
P004886,B003694,1,Debit Card,1644.91,Success,2026-09-07 00:05:00,
P004887,B003695,1,Credit Card,4583.08,Success,2026-02-18 00:42:00,
P004888,B003696,1,Credit Card,3365.49,Success,2026-01-27 00:11:00,
P004889,B003697,1,Bank Transfer,2474.19,Failed,2026-08-29 00:22:00,Card Declined
P004890,B003697,2,Bank Transfer,2474.19,Success,2026-08-29 00:33:32,
P004891,B003698,1,Bank Transfer,4919.85,Failed,2026-05-26 00:44:00,Fraud Check
P004892,B003698,2,Debit Card,4919.85,Success,2026-05-26 00:53:10,
P004893,B003699,1,Digital Wallet,4379.06,Success,2026-10-31 00:50:00,
P004894,B003700,1,Apple Pay,3974.09,Failed,2026-08-02 00:07:00,Insufficient Funds
P004895,B003700,2,Bank Transfer,3974.09,Success,2026-08-02 00:19:53,
P004896,B003701,1,Digital Wallet,1732.56,Success,2025-10-19 00:40:00,
P004897,B003702,1,Debit Card,4881.83,Success,2025-10-17 00:52:00,
P004898,B003703,1,Credit Card,3843.44,Success,2025-11-03 00:40:00,
P004899,B003704,1,Apple Pay,3223.48,Success,2026-08-02 00:22:00,
P004900,B003705,1,Digital Wallet,4648.1,Success,2026-11-06 00:12:00,
P004901,B003706,1,Credit Card,1229.82,Success,2026-07-17 01:00:00,
P004902,B003707,1,Digital Wallet,1125.57,Failed,2026-07-28 00:54:00,Technical Error
P004903,B003707,2,Debit Card,1125.57,Failed,2026-07-28 00:56:40,Insufficient Funds
P004904,B003707,3,Bank Transfer,1125.57,Success,2026-07-28 01:10:52,
P004905,B003708,1,Debit Card,3036.71,Success,2026-06-29 00:23:00,
P004906,B003709,1,Digital Wallet,755.21,Success,2026-05-11 00:19:00,
P004907,B003710,1,Debit Card,3487.94,Success,2025-10-25 00:07:00,
P004908,B003711,1,Bank Transfer,1583.34,Failed,2026-07-13 00:53:00,Technical Error
P004909,B003711,2,Bank Transfer,1583.34,Success,2026-07-13 01:04:22,
P004910,B003712,1,Digital Wallet,1035.62,Failed,2026-04-14 00:06:00,Card Declined
P004911,B003712,2,Digital Wallet,1035.62,Success,2026-04-14 00:14:49,
P004912,B003713,1,Debit Card,2342.73,Success,2026-07-13 00:08:00,
P004913,B003714,1,Digital Wallet,2596.77,Success,2026-04-29 00:58:00,
P004914,B003715,1,Apple Pay,1267.18,Failed,2026-07-03 00:46:00,Card Declined
P004915,B003715,2,Credit Card,1267.18,Failed,2026-07-03 00:59:16,Fraud Check
P004916,B003715,3,Digital Wallet,1267.18,Success,2026-07-03 01:13:26,
P004917,B003716,1,Credit Card,686.91,Success,2026-04-03 00:50:00,
P004918,B003717,1,Bank Transfer,2363.25,Success,2026-01-09 00:17:00,
P004919,B003718,1,Debit Card,3917.87,Success,2025-12-05 00:40:00,
P004920,B003719,1,Apple Pay,4433.9,Failed,2026-02-03 00:11:00,Insufficient Funds
P004921,B003719,2,Credit Card,4433.9,Success,2026-02-03 00:20:11,
P004922,B003720,1,Debit Card,938.97,Success,2026-07-08 00:56:00,
P004923,B003721,1,Debit Card,2861.04,Failed,2025-10-29 00:16:00,Fraud Check
P004924,B003721,2,Debit Card,2861.04,Success,2025-10-29 00:30:17,
P004925,B003722,1,Credit Card,1685.31,Success,2026-02-12 00:35:00,
P004926,B003723,1,Apple Pay,2185.85,Failed,2026-09-04 00:49:00,Payment Timeout
P004927,B003723,2,Credit Card,2185.85,Failed,2026-09-04 00:57:54,Fraud Check
P004928,B003723,3,Apple Pay,2185.85,Success,2026-09-04 01:05:09,
P004929,B003724,1,Debit Card,4700.49,Success,2026-10-14 00:38:00,
P004930,B003725,1,Credit Card,2084.34,Success,2025-12-31 00:27:00,
P004931,B003726,1,Credit Card,2144.06,Failed,2026-01-09 00:48:00,Fraud Check
P004932,B003726,2,Debit Card,2144.06,Failed,2026-01-09 00:54:40,Insufficient Funds
P004933,B003726,3,Bank Transfer,2144.06,Success,2026-01-09 01:05:16,
P004934,B003727,1,Apple Pay,1442.28,Success,2026-02-28 00:52:00,
P004935,B003728,1,Digital Wallet,4820.08,Success,2026-02-14 00:57:00,
P004936,B003729,1,Debit Card,2554.19,Success,2025-12-06 00:35:00,
P004937,B003730,1,Debit Card,3066.76,Success,2025-12-13 00:17:00,
P004938,B003731,1,Digital Wallet,2539.26,Success,2026-07-25 00:15:00,
P004939,B003732,1,Credit Card,1638.14,Success,2026-01-28 00:28:00,
P004940,B003733,1,Digital Wallet,4146.86,Success,2025-11-28 01:00:00,
P004941,B003734,1,Digital Wallet,628.12,Success,2026-02-06 00:59:00,
P004942,B003735,1,Credit Card,3606.1,Failed,2026-10-25 00:26:00,Card Declined
P004943,B003735,2,Digital Wallet,3606.1,Success,2026-10-25 00:36:49,
P004944,B003736,1,Credit Card,3174.23,Success,2026-05-10 00:33:00,
P004945,B003737,1,Apple Pay,1149.26,Failed,2026-05-28 00:51:00,Payment Timeout
P004946,B003737,2,Digital Wallet,1149.26,Failed,2026-05-28 00:57:18,Technical Error
P004947,B003737,3,Credit Card,1149.26,Success,2026-05-28 00:58:33,
P004948,B003738,1,Debit Card,1246.57,Success,2025-12-13 00:19:00,
P004949,B003739,1,Digital Wallet,3466.52,Success,2026-03-05 00:07:00,
P004950,B003740,1,Bank Transfer,1904.62,Success,2025-12-16 00:53:00,
P004951,B003741,1,Debit Card,1695.82,Success,2026-10-06 00:05:00,
P004952,B003742,1,Bank Transfer,766.2,Success,2026-06-14 00:23:00,
P004953,B003743,1,Digital Wallet,3949.17,Success,2026-02-27 00:47:00,
P004954,B003744,1,Credit Card,4472.02,Success,2026-08-10 00:31:00,
P004955,B003745,1,Debit Card,4189.3,Failed,2026-04-24 00:14:00,Insufficient Funds
P004956,B003745,2,Debit Card,4189.3,Success,2026-04-24 00:17:50,
P004957,B003746,1,Debit Card,2597.15,Failed,2026-02-27 00:25:00,Insufficient Funds
P004958,B003746,2,Credit Card,2597.15,Success,2026-02-27 00:35:59,
P004959,B003747,1,Credit Card,2902.8,Success,2026-01-18 00:23:00,
P004960,B003748,1,Debit Card,1590.24,Success,2025-08-28 00:07:00,
P004961,B003749,1,Bank Transfer,1277.85,Success,2026-04-12 00:27:00,
P004962,B003750,1,Debit Card,4203.51,Success,2026-06-27 00:38:00,
P004963,B003751,1,Credit Card,4092.55,Failed,2026-01-03 00:46:00,Insufficient Funds
P004964,B003751,2,Bank Transfer,4092.55,Success,2026-01-03 00:59:26,
P004965,B003752,1,Apple Pay,3998.12,Failed,2026-06-01 00:13:00,Fraud Check
P004966,B003752,2,Debit Card,3998.12,Failed,2026-06-01 00:27:55,Card Declined
P004967,B003752,3,Apple Pay,3998.12,Success,2026-06-01 00:33:44,
P004968,B003753,1,Credit Card,2585.12,Success,2026-02-13 00:52:00,
P004969,B003754,1,Bank Transfer,4390.28,Success,2025-10-18 00:11:00,
P004970,B003755,1,Apple Pay,4668.04,Success,2026-02-27 00:27:00,
P004971,B003756,1,Bank Transfer,1977.55,Success,2026-08-19 00:42:00,
P004972,B003757,1,Credit Card,1511.13,Failed,2025-12-16 00:54:00,Technical Error
P004973,B003757,2,Apple Pay,1511.13,Success,2025-12-16 01:08:17,
P004974,B003758,1,Credit Card,2589.18,Success,2026-08-14 00:38:00,
P004975,B003759,1,Apple Pay,1306.97,Success,2026-05-26 00:42:00,
P004976,B003760,1,Digital Wallet,4478.01,Success,2026-08-05 00:47:00,
P004977,B003761,1,Bank Transfer,2020.96,Success,2026-08-29 00:50:00,
P004978,B003762,1,Credit Card,3092.77,Success,2025-11-28 00:36:00,
P004979,B003763,1,Apple Pay,3176.24,Success,2026-07-02 00:30:00,
P004980,B003764,1,Debit Card,2817.45,Success,2025-12-01 00:14:00,
P004981,B003765,1,Digital Wallet,1204.37,Success,2025-11-02 00:17:00,
P004982,B003766,1,Digital Wallet,4959.5,Success,2026-06-22 00:57:00,
P004983,B003767,1,Digital Wallet,1276.71,Success,2026-08-02 00:24:00,
P004984,B003768,1,Apple Pay,3881.78,Failed,2026-06-10 00:12:00,Fraud Check
P004985,B003768,2,Debit Card,3881.78,Failed,2026-06-10 00:18:10,Insufficient Funds
P004986,B003768,3,Debit Card,3881.78,Success,2026-06-10 00:21:59,
P004987,B003769,1,Digital Wallet,4061.13,Success,2026-08-22 00:45:00,
P004988,B003770,1,Digital Wallet,1153.24,Failed,2025-11-03 01:00:00,Insufficient Funds
P004989,B003770,2,Credit Card,1153.24,Success,2025-11-03 01:09:19,
P004990,B003771,1,Credit Card,4699.24,Success,2026-08-24 00:26:00,
P004991,B003772,1,Bank Transfer,2694.91,Failed,2025-10-23 00:50:00,Technical Error
P004992,B003772,2,Digital Wallet,2694.91,Success,2025-10-23 00:52:39,
P004993,B003773,1,Bank Transfer,3329.97,Failed,2025-10-16 00:25:00,Fraud Check
P004994,B003773,2,Debit Card,3329.97,Success,2025-10-16 00:39:10,
P004995,B003774,1,Credit Card,3389.84,Success,2026-10-09 00:06:00,
P004996,B003775,1,Debit Card,2772.3,Success,2026-10-19 00:49:00,
P004997,B003776,1,Credit Card,1139.1,Success,2026-01-05 00:46:00,
P004998,B003777,1,Digital Wallet,3882.89,Success,2026-06-11 00:30:00,
P004999,B003778,1,Apple Pay,3118.04,Success,2026-11-02 00:46:00,
P005000,B003779,1,Apple Pay,1034.06,Success,2026-05-16 00:45:00,
P005001,B003780,1,Digital Wallet,3651.45,Success,2026-11-01 00:26:00,
P005002,B003781,1,Debit Card,3662.43,Success,2026-06-13 00:44:00,
P005003,B003782,1,Credit Card,2968.19,Failed,2025-11-18 00:17:00,Fraud Check
P005004,B003782,2,Digital Wallet,2968.19,Success,2025-11-18 00:23:51,
P005005,B003783,1,Credit Card,907.47,Success,2026-08-19 00:13:00,
P005006,B003784,1,Digital Wallet,2086.9,Failed,2025-10-12 00:44:00,Payment Timeout
P005007,B003784,2,Bank Transfer,2086.9,Failed,2025-10-12 00:46:28,Card Declined
P005008,B003784,3,Debit Card,2086.9,Success,2025-10-12 01:00:55,
P005009,B003785,1,Bank Transfer,729.16,Success,2026-04-12 00:57:00,
P005010,B003786,1,Credit Card,2649.18,Success,2026-08-08 00:19:00,
P005011,B003787,1,Debit Card,4579.01,Success,2026-01-29 00:09:00,
P005012,B003788,1,Digital Wallet,510.14,Failed,2026-03-12 00:31:00,Insufficient Funds
P005013,B003788,2,Debit Card,510.14,Success,2026-03-12 00:43:54,
P005014,B003789,1,Digital Wallet,1699.87,Success,2025-10-17 00:08:00,
P005015,B003790,1,Debit Card,4099.37,Success,2026-02-22 00:52:00,
P005016,B003791,1,Bank Transfer,544.37,Failed,2026-09-06 00:33:00,Insufficient Funds
P005017,B003791,2,Debit Card,544.37,Success,2026-09-06 00:42:11,
P005018,B003792,1,Debit Card,545.78,Failed,2026-03-30 00:45:00,Card Declined
P005019,B003792,2,Apple Pay,545.78,Success,2026-03-30 00:58:15,
P005020,B003793,1,Debit Card,3248.68,Failed,2026-08-05 00:22:00,Insufficient Funds
P005021,B003793,2,Bank Transfer,3248.68,Success,2026-08-05 00:33:47,
P005022,B003794,1,Bank Transfer,4051.4,Success,2026-10-03 00:17:00,
P005023,B003795,1,Debit Card,3994.27,Failed,2026-01-05 00:57:00,Insufficient Funds
P005024,B003795,2,Bank Transfer,3994.27,Failed,2026-01-05 01:04:40,Card Declined
P005025,B003795,3,Apple Pay,3994.27,Success,2026-01-05 01:17:34,
P005026,B003796,1,Debit Card,4008.1,Success,2025-12-05 00:21:00,
P005027,B003797,1,Debit Card,2124.53,Success,2026-06-09 00:45:00,
P005028,B003798,1,Bank Transfer,4472.26,Success,2026-02-05 00:35:00,
P005029,B003799,1,Credit Card,557.76,Success,2026-09-06 00:59:00,
P005030,B003800,1,Credit Card,1904.85,Success,2026-09-23 00:38:00,
P005031,B003801,1,Digital Wallet,2017.34,Failed,2025-12-06 00:37:00,Technical Error
P005032,B003801,2,Bank Transfer,2017.34,Success,2025-12-06 00:51:35,
P005033,B003802,1,Digital Wallet,1245.07,Success,2026-04-29 00:05:00,
P005034,B003803,1,Apple Pay,2013.02,Failed,2026-11-10 00:57:00,Payment Timeout
P005035,B003803,2,Credit Card,2013.02,Success,2026-11-10 01:07:14,
P005036,B003804,1,Debit Card,3136.48,Failed,2026-05-11 00:16:00,Fraud Check
P005037,B003804,2,Debit Card,3136.48,Failed,2026-05-11 00:27:13,Payment Timeout
P005038,B003804,3,Bank Transfer,3136.48,Success,2026-05-11 00:40:32,
P005039,B003805,1,Digital Wallet,2841.26,Failed,2026-07-15 00:14:00,Card Declined
P005040,B003805,2,Digital Wallet,2841.26,Success,2026-07-15 00:19:17,
P005041,B003806,1,Digital Wallet,1937.42,Success,2026-08-20 00:37:00,
P005042,B003807,1,Credit Card,3871.97,Success,2026-08-21 00:54:00,
P005043,B003808,1,Debit Card,3716.56,Success,2026-01-06 00:22:00,
P005044,B003809,1,Digital Wallet,1763.13,Success,2026-01-29 00:10:00,
P005045,B003810,1,Bank Transfer,1954.53,Failed,2026-04-17 00:30:00,Fraud Check
P005046,B003810,2,Bank Transfer,1954.53,Success,2026-04-17 00:37:41,
P005047,B003811,1,Digital Wallet,1793.84,Success,2026-02-16 00:47:00,
P005048,B003812,1,Apple Pay,1079.83,Success,2026-05-11 00:43:00,
P005049,B003813,1,Credit Card,3887.52,Success,2026-03-02 00:24:00,
P005050,B003814,1,Apple Pay,708.24,Success,2026-10-10 00:55:00,
P005051,B003815,1,Digital Wallet,1177.61,Success,2026-05-19 00:39:00,
P005052,B003816,1,Debit Card,973.87,Success,2026-07-17 00:21:00,
P005053,B003817,1,Bank Transfer,4214.03,Success,2026-01-08 00:20:00,
P005054,B003818,1,Apple Pay,698.04,Success,2025-10-22 00:32:00,
P005055,B003819,1,Debit Card,3490.82,Success,2026-07-29 00:29:00,
P005056,B003820,1,Credit Card,700.14,Success,2026-04-12 00:57:00,
P005057,B003821,1,Apple Pay,4039.0,Failed,2026-07-21 00:06:00,Payment Timeout
P005058,B003821,2,Apple Pay,4039.0,Success,2026-07-21 00:12:59,
P005059,B003822,1,Apple Pay,4607.21,Failed,2025-12-20 00:50:00,Payment Timeout
P005060,B003822,2,Debit Card,4607.21,Failed,2025-12-20 00:57:18,Fraud Check
P005061,B003822,3,Credit Card,4607.21,Success,2025-12-20 01:03:08,
P005062,B003823,1,Bank Transfer,2690.79,Success,2026-04-15 00:53:00,
P005063,B003824,1,Debit Card,4120.44,Failed,2026-05-20 00:19:00,Payment Timeout
P005064,B003824,2,Bank Transfer,4120.44,Failed,2026-05-20 00:27:50,Payment Timeout
P005065,B003824,3,Digital Wallet,4120.44,Success,2026-05-20 00:30:31,
P005066,B003825,1,Bank Transfer,3678.85,Success,2026-06-10 00:31:00,
P005067,B003826,1,Debit Card,4080.36,Success,2026-08-31 00:48:00,
P005068,B003827,1,Credit Card,3950.49,Failed,2026-05-15 00:24:00,Fraud Check
P005069,B003827,2,Debit Card,3950.49,Success,2026-05-15 00:35:40,
P005070,B003828,1,Apple Pay,1424.16,Failed,2026-06-08 00:32:00,Technical Error
P005071,B003828,2,Digital Wallet,1424.16,Failed,2026-06-08 00:38:19,Insufficient Funds
P005072,B003828,3,Bank Transfer,1424.16,Success,2026-06-08 00:45:37,
P005073,B003829,1,Apple Pay,2748.02,Success,2026-05-13 00:40:00,
P005074,B003830,1,Bank Transfer,4821.86,Success,2025-12-01 00:23:00,
P005075,B003831,1,Debit Card,2045.9,Failed,2026-04-06 00:29:00,Technical Error
P005076,B003831,2,Digital Wallet,2045.9,Success,2026-04-06 00:43:48,
P005077,B003832,1,Debit Card,4867.19,Failed,2025-10-08 00:25:00,Insufficient Funds
P005078,B003832,2,Debit Card,4867.19,Success,2025-10-08 00:27:15,
P005079,B003833,1,Digital Wallet,3124.23,Failed,2025-10-07 00:47:00,Technical Error
P005080,B003833,2,Credit Card,3124.23,Success,2025-10-07 00:54:57,
P005081,B003834,1,Credit Card,2577.25,Failed,2025-11-20 01:00:00,Fraud Check
P005082,B003834,2,Credit Card,2577.25,Success,2025-11-20 01:02:37,
P005083,B003835,1,Apple Pay,3459.91,Success,2026-05-21 00:45:00,
P005084,B003836,1,Bank Transfer,4171.28,Success,2026-11-19 00:36:00,
P005085,B003837,1,Bank Transfer,2273.94,Failed,2026-04-15 01:00:00,Insufficient Funds
P005086,B003837,2,Digital Wallet,2273.94,Success,2026-04-15 01:05:34,
P005087,B003838,1,Credit Card,648.29,Success,2026-01-19 00:15:00,
P005088,B003839,1,Bank Transfer,3689.63,Success,2026-06-14 01:00:00,
P005089,B003840,1,Apple Pay,4802.75,Failed,2026-06-30 00:20:00,Payment Timeout
P005090,B003840,2,Bank Transfer,4802.75,Success,2026-06-30 00:27:20,
P005091,B003841,1,Bank Transfer,3312.44,Failed,2026-03-09 00:07:00,Insufficient Funds
P005092,B003841,2,Digital Wallet,3312.44,Success,2026-03-09 00:11:47,
P005093,B003842,1,Bank Transfer,1347.87,Success,2026-07-23 00:38:00,
P005094,B003843,1,Debit Card,1617.09,Failed,2025-09-29 00:05:00,Technical Error
P005095,B003843,2,Apple Pay,1617.09,Success,2025-09-29 00:14:50,
P005096,B003844,1,Bank Transfer,4593.88,Success,2026-10-24 00:42:00,
P005097,B003845,1,Credit Card,561.03,Failed,2025-12-25 00:35:00,Card Declined
P005098,B003845,2,Apple Pay,561.03,Failed,2025-12-25 00:41:29,Payment Timeout
P005099,B003845,3,Apple Pay,561.03,Success,2025-12-25 00:54:42,
P005100,B003846,1,Credit Card,2969.36,Success,2025-10-27 00:33:00,
P005101,B003847,1,Credit Card,1214.05,Success,2026-09-10 00:42:00,
P005102,B003848,1,Digital Wallet,1772.44,Success,2026-02-17 00:37:00,
P005103,B003849,1,Debit Card,1881.42,Success,2026-03-15 00:07:00,
P005104,B003850,1,Digital Wallet,1486.77,Success,2025-12-31 00:20:00,
P005105,B003851,1,Digital Wallet,4065.58,Success,2026-05-23 00:54:00,
P005106,B003852,1,Credit Card,1994.94,Failed,2025-11-19 00:37:00,Technical Error
P005107,B003852,2,Bank Transfer,1994.94,Success,2025-11-19 00:49:30,
P005108,B003853,1,Credit Card,2054.68,Success,2026-06-05 00:45:00,
P005109,B003854,1,Debit Card,2538.53,Success,2026-04-26 00:40:00,
P005110,B003855,1,Debit Card,4560.33,Success,2025-11-09 00:12:00,
P005111,B003856,1,Bank Transfer,3596.78,Success,2026-03-26 00:44:00,
P005112,B003857,1,Bank Transfer,777.87,Failed,2026-05-28 00:07:00,Fraud Check
P005113,B003857,2,Debit Card,777.87,Success,2026-05-28 00:20:29,
P005114,B003858,1,Digital Wallet,676.68,Success,2026-10-22 00:33:00,
P005115,B003859,1,Apple Pay,3048.75,Success,2026-06-29 00:49:00,
P005116,B003860,1,Bank Transfer,4491.77,Success,2025-10-05 00:06:00,
P005117,B003861,1,Credit Card,1954.63,Success,2026-07-06 00:38:00,
P005118,B003862,1,Digital Wallet,1614.97,Success,2026-02-18 00:32:00,
P005119,B003863,1,Credit Card,3866.86,Success,2026-07-07 00:49:00,
P005120,B003864,1,Digital Wallet,3209.41,Success,2026-09-12 01:00:00,
P005121,B003865,1,Apple Pay,3042.62,Success,2026-06-16 00:52:00,
P005122,B003866,1,Bank Transfer,1171.86,Failed,2026-05-07 00:58:00,Fraud Check
P005123,B003866,2,Debit Card,1171.86,Success,2026-05-07 01:08:23,
P005124,B003867,1,Debit Card,1291.83,Success,2026-05-08 00:48:00,
P005125,B003868,1,Digital Wallet,1768.04,Success,2026-02-20 00:13:00,
P005126,B003869,1,Credit Card,1430.78,Success,2025-11-13 00:57:00,
P005127,B003870,1,Debit Card,4871.5,Success,2026-10-01 00:21:00,
P005128,B003871,1,Credit Card,583.75,Failed,2026-04-29 00:32:00,Fraud Check
P005129,B003871,2,Apple Pay,583.75,Success,2026-04-29 00:34:35,
P005130,B003872,1,Apple Pay,3317.25,Success,2025-11-07 00:38:00,
P005131,B003873,1,Digital Wallet,2829.19,Success,2025-12-27 00:17:00,
P005132,B003874,1,Digital Wallet,1954.63,Success,2026-11-23 01:00:00,
P005133,B003875,1,Debit Card,4494.15,Success,2026-09-10 00:12:00,
P005134,B003876,1,Debit Card,3515.73,Failed,2026-04-26 00:53:00,Insufficient Funds
P005135,B003876,2,Credit Card,3515.73,Success,2026-04-26 00:59:40,
P005136,B003877,1,Bank Transfer,4992.59,Success,2026-06-30 00:41:00,
P005137,B003878,1,Credit Card,1258.95,Success,2025-12-23 00:32:00,
P005138,B003879,1,Debit Card,895.41,Success,2026-01-21 00:10:00,
P005139,B003880,1,Credit Card,1127.29,Success,2026-03-17 00:27:00,
P005140,B003881,1,Apple Pay,1711.81,Success,2026-01-12 00:34:00,
P005141,B003882,1,Digital Wallet,2375.54,Success,2025-09-12 00:56:00,
P005142,B003883,1,Apple Pay,4381.71,Success,2026-02-03 00:42:00,
P005143,B003884,1,Credit Card,1776.16,Failed,2026-06-07 00:22:00,Insufficient Funds
P005144,B003884,2,Digital Wallet,1776.16,Success,2026-06-07 00:27:41,
P005145,B003885,1,Digital Wallet,4618.59,Success,2025-10-09 00:40:00,
P005146,B003886,1,Credit Card,2583.08,Failed,2026-08-16 00:20:00,Card Declined
P005147,B003886,2,Credit Card,2583.08,Failed,2026-08-16 00:23:55,Payment Timeout
P005148,B003886,3,Digital Wallet,2583.08,Success,2026-08-16 00:34:50,
P005149,B003887,1,Debit Card,3411.82,Success,2026-02-14 00:15:00,
P005150,B003888,1,Digital Wallet,1689.83,Success,2026-10-05 00:27:00,
P005151,B003889,1,Credit Card,1202.06,Success,2025-12-31 00:17:00,
P005152,B003890,1,Bank Transfer,4412.56,Failed,2026-07-12 00:42:00,Technical Error
P005153,B003890,2,Bank Transfer,4412.56,Success,2026-07-12 00:50:22,
P005154,B003891,1,Debit Card,992.78,Success,2026-07-11 00:22:00,
P005155,B003892,1,Credit Card,3983.1,Success,2025-09-18 00:55:00,
P005156,B003893,1,Debit Card,3114.43,Success,2026-02-04 00:46:00,
P005157,B003894,1,Apple Pay,4375.12,Success,2025-11-13 00:05:00,
P005158,B003895,1,Digital Wallet,3730.18,Success,2026-09-04 00:43:00,
P005159,B003896,1,Credit Card,1767.49,Failed,2026-01-03 00:38:00,Card Declined
P005160,B003896,2,Digital Wallet,1767.49,Failed,2026-01-03 00:44:51,Fraud Check
P005161,B003896,3,Digital Wallet,1767.49,Success,2026-01-03 00:52:12,
P005162,B003897,1,Debit Card,3084.92,Success,2026-05-22 00:08:00,
P005163,B003898,1,Debit Card,558.83,Failed,2026-08-15 00:31:00,Payment Timeout
P005164,B003898,2,Apple Pay,558.83,Failed,2026-08-15 00:32:22,Technical Error
P005165,B003898,3,Apple Pay,558.83,Success,2026-08-15 00:34:48,
P005166,B003899,1,Debit Card,2638.48,Failed,2025-12-12 00:58:00,Insufficient Funds
P005167,B003899,2,Credit Card,2638.48,Success,2025-12-12 01:05:55,
P005168,B003900,1,Digital Wallet,887.06,Failed,2026-05-04 00:31:00,Card Declined
P005169,B003900,2,Credit Card,887.06,Failed,2026-05-04 00:41:58,Technical Error
P005170,B003900,3,Debit Card,887.06,Success,2026-05-04 00:51:27,
P005171,B003901,1,Bank Transfer,2430.25,Success,2026-02-08 00:19:00,
P005172,B003902,1,Debit Card,993.25,Success,2026-12-02 00:56:00,
P005173,B003903,1,Credit Card,4799.66,Failed,2025-10-31 00:29:00,Technical Error
P005174,B003903,2,Digital Wallet,4799.66,Failed,2025-10-31 00:43:40,Fraud Check
P005175,B003903,3,Debit Card,4799.66,Success,2025-10-31 00:55:37,
P005176,B003904,1,Apple Pay,2853.81,Success,2026-08-14 00:52:00,
P005177,B003905,1,Credit Card,4609.48,Success,2026-06-29 00:23:00,
P005178,B003906,1,Debit Card,600.65,Success,2026-05-03 00:58:00,
P005179,B003907,1,Apple Pay,3369.44,Success,2026-03-08 00:14:00,
P005180,B003908,1,Bank Transfer,1881.3,Success,2026-05-03 00:51:00,
P005181,B003909,1,Bank Transfer,2443.23,Success,2025-08-25 00:33:00,
P005182,B003910,1,Debit Card,4428.89,Success,2026-02-17 00:51:00,
P005183,B003911,1,Apple Pay,4910.09,Success,2026-06-02 00:50:00,
P005184,B003912,1,Bank Transfer,1609.21,Success,2025-12-14 00:59:00,
P005185,B003913,1,Bank Transfer,4767.14,Success,2026-05-21 00:37:00,
P005186,B003914,1,Credit Card,3599.27,Success,2025-11-07 00:50:00,
P005187,B003915,1,Apple Pay,4781.36,Success,2026-09-30 00:27:00,
P005188,B003916,1,Bank Transfer,3030.65,Failed,2026-02-08 00:07:00,Technical Error
P005189,B003916,2,Debit Card,3030.65,Success,2026-02-08 00:08:44,
P005190,B003917,1,Digital Wallet,4823.4,Success,2026-02-10 00:23:00,
P005191,B003918,1,Apple Pay,4516.05,Success,2026-01-26 00:25:00,
P005192,B003919,1,Digital Wallet,1078.66,Success,2026-02-18 00:11:00,
P005193,B003920,1,Credit Card,1898.55,Success,2026-08-28 00:14:00,
P005194,B003921,1,Credit Card,1593.78,Success,2026-03-14 00:45:00,
P005195,B003922,1,Apple Pay,3074.45,Success,2026-04-17 00:44:00,
P005196,B003923,1,Apple Pay,4112.6,Success,2026-08-16 00:40:00,
P005197,B003924,1,Apple Pay,3917.35,Failed,2025-12-29 00:33:00,Insufficient Funds
P005198,B003924,2,Digital Wallet,3917.35,Failed,2025-12-29 00:46:49,Fraud Check
P005199,B003924,3,Digital Wallet,3917.35,Success,2025-12-29 00:58:10,
P005200,B003925,1,Digital Wallet,3770.37,Failed,2026-10-19 00:05:00,Payment Timeout
P005201,B003925,2,Debit Card,3770.37,Success,2026-10-19 00:16:10,
P005202,B003926,1,Apple Pay,2188.69,Success,2026-01-14 00:44:00,
P005203,B003927,1,Bank Transfer,1128.37,Success,2025-11-29 00:48:00,
P005204,B003928,1,Digital Wallet,1447.63,Success,2026-09-09 00:12:00,
P005205,B003929,1,Bank Transfer,3837.55,Success,2026-04-01 00:52:00,
P005206,B003930,1,Debit Card,1163.9,Success,2026-08-09 00:13:00,
P005207,B003931,1,Debit Card,1503.26,Success,2026-10-12 00:18:00,
P005208,B003932,1,Credit Card,2410.49,Success,2026-05-19 00:31:00,
P005209,B003933,1,Apple Pay,824.51,Failed,2026-04-08 00:37:00,Payment Timeout
P005210,B003933,2,Debit Card,824.51,Success,2026-04-08 00:47:57,
P005211,B003934,1,Digital Wallet,1457.11,Success,2026-02-04 00:48:00,
P005212,B003935,1,Bank Transfer,1173.96,Failed,2025-10-31 00:33:00,Fraud Check
P005213,B003935,2,Apple Pay,1173.96,Success,2025-10-31 00:41:35,
P005214,B003936,1,Apple Pay,4780.95,Failed,2026-02-15 00:44:00,Insufficient Funds
P005215,B003936,2,Apple Pay,4780.95,Success,2026-02-15 00:58:10,
P005216,B003937,1,Bank Transfer,1361.87,Success,2026-07-30 00:59:00,
P005217,B003938,1,Digital Wallet,4377.96,Success,2026-04-13 00:45:00,
P005218,B003939,1,Digital Wallet,1016.59,Failed,2026-06-14 00:57:00,Fraud Check
P005219,B003939,2,Apple Pay,1016.59,Success,2026-06-14 01:03:57,
P005220,B003940,1,Debit Card,4413.53,Success,2026-02-03 00:19:00,
P005221,B003941,1,Digital Wallet,3197.45,Success,2026-05-31 00:42:00,
P005222,B003942,1,Bank Transfer,4323.68,Success,2025-10-06 00:41:00,
P005223,B003943,1,Debit Card,4403.07,Failed,2026-07-11 00:27:00,Card Declined
P005224,B003943,2,Debit Card,4403.07,Success,2026-07-11 00:36:47,
P005225,B003944,1,Credit Card,3183.68,Success,2026-06-08 00:47:00,
P005226,B003945,1,Digital Wallet,4629.62,Success,2026-09-20 00:22:00,
P005227,B003946,1,Debit Card,3134.52,Success,2026-05-27 00:31:00,
P005228,B003947,1,Digital Wallet,3706.54,Success,2026-04-27 00:17:00,
P005229,B003948,1,Debit Card,2372.36,Success,2026-08-11 00:17:00,
P005230,B003949,1,Apple Pay,4613.3,Success,2026-05-15 00:53:00,
P005231,B003950,1,Bank Transfer,4208.73,Success,2026-03-23 00:31:00,
P005232,B003951,1,Credit Card,1250.21,Success,2026-07-12 00:33:00,
P005233,B003952,1,Credit Card,3093.75,Failed,2026-04-23 00:45:00,Fraud Check
P005234,B003952,2,Credit Card,3093.75,Failed,2026-04-23 00:53:51,Payment Timeout
P005235,B003952,3,Debit Card,3093.75,Success,2026-04-23 01:03:20,
P005236,B003953,1,Credit Card,4535.72,Success,2026-01-14 00:16:00,
P005237,B003954,1,Apple Pay,4068.79,Success,2026-08-24 00:19:00,
P005238,B003955,1,Digital Wallet,4831.49,Success,2026-08-12 00:09:00,
P005239,B003956,1,Apple Pay,1540.86,Success,2025-12-18 00:39:00,
P005240,B003957,1,Debit Card,2153.57,Success,2026-09-23 00:08:00,
P005241,B003958,1,Digital Wallet,2782.36,Failed,2025-11-01 00:26:00,Card Declined
P005242,B003958,2,Debit Card,2782.36,Success,2025-11-01 00:40:52,
P005243,B003959,1,Debit Card,1547.01,Success,2026-07-20 00:25:00,
P005244,B003960,1,Apple Pay,2273.2,Success,2025-07-31 00:11:00,
P005245,B003961,1,Digital Wallet,2918.93,Failed,2026-11-01 00:05:00,Fraud Check
P005246,B003961,2,Bank Transfer,2918.93,Success,2026-11-01 00:10:12,
P005247,B003962,1,Bank Transfer,1361.03,Success,2025-09-22 00:19:00,
P005248,B003963,1,Bank Transfer,1655.1,Success,2025-08-19 00:07:00,
P005249,B003964,1,Debit Card,1061.79,Failed,2026-05-14 00:14:00,Technical Error
P005250,B003964,2,Debit Card,1061.79,Success,2026-05-14 00:25:12,
P005251,B003965,1,Digital Wallet,3710.22,Success,2025-11-12 00:37:00,
P005252,B003966,1,Debit Card,2126.98,Success,2026-11-23 00:39:00,
P005253,B003967,1,Credit Card,1491.2,Failed,2026-03-22 00:05:00,Fraud Check
P005254,B003967,2,Debit Card,1491.2,Failed,2026-03-22 00:14:51,Payment Timeout
P005255,B003967,3,Digital Wallet,1491.2,Success,2026-03-22 00:17:30,
P005256,B003968,1,Apple Pay,2782.96,Success,2025-10-30 00:23:00,
P005257,B003969,1,Digital Wallet,807.12,Success,2026-07-11 00:30:00,
P005258,B003970,1,Credit Card,4655.33,Success,2026-01-09 00:50:00,
P005259,B003971,1,Credit Card,1825.1,Success,2026-03-18 00:32:00,
P005260,B003972,1,Credit Card,4489.09,Success,2026-06-22 00:09:00,
P005261,B003973,1,Credit Card,2739.29,Success,2026-01-02 00:52:00,
P005262,B003974,1,Debit Card,4325.68,Failed,2026-03-12 00:50:00,Insufficient Funds
P005263,B003974,2,Credit Card,4325.68,Success,2026-03-12 00:51:46,
P005264,B003975,1,Apple Pay,1611.79,Success,2026-03-11 00:29:00,
P005265,B003976,1,Bank Transfer,1288.72,Failed,2026-01-12 00:08:00,Fraud Check
P005266,B003976,2,Digital Wallet,1288.72,Success,2026-01-12 00:15:58,
P005267,B003977,1,Credit Card,4322.35,Success,2026-03-20 00:12:00,
P005268,B003978,1,Credit Card,1458.16,Success,2025-09-30 00:49:00,
P005269,B003979,1,Digital Wallet,3857.88,Success,2026-03-21 00:26:00,
P005270,B003980,1,Credit Card,2050.63,Success,2026-08-28 00:25:00,
P005271,B003981,1,Debit Card,3866.87,Success,2026-02-13 00:54:00,
P005272,B003982,1,Apple Pay,4584.41,Failed,2026-07-25 00:56:00,Fraud Check
P005273,B003982,2,Apple Pay,4584.41,Success,2026-07-25 01:04:59,
P005274,B003983,1,Digital Wallet,4917.37,Success,2026-09-25 00:05:00,
P005275,B003984,1,Digital Wallet,2119.14,Success,2026-04-16 00:06:00,
P005276,B003985,1,Bank Transfer,2153.87,Success,2025-12-23 00:21:00,
P005277,B003986,1,Bank Transfer,4916.24,Success,2026-02-08 00:39:00,
P005278,B003987,1,Credit Card,4376.88,Success,2026-05-17 00:24:00,
P005279,B003988,1,Debit Card,702.91,Failed,2025-12-10 00:34:00,Insufficient Funds
P005280,B003988,2,Digital Wallet,702.91,Failed,2025-12-10 00:46:53,Fraud Check
P005281,B003988,3,Credit Card,702.91,Success,2025-12-10 01:00:06,
P005282,B003989,1,Bank Transfer,3080.52,Success,2026-09-15 00:09:00,
P005283,B003990,1,Apple Pay,1315.6,Failed,2025-08-27 00:43:00,Technical Error
P005284,B003990,2,Digital Wallet,1315.6,Success,2025-08-27 00:55:20,
P005285,B003991,1,Digital Wallet,4973.06,Failed,2026-02-26 00:32:00,Insufficient Funds
P005286,B003991,2,Bank Transfer,4973.06,Success,2026-02-26 00:34:57,
P005287,B003992,1,Apple Pay,1125.15,Success,2026-05-02 00:14:00,
P005288,B003993,1,Digital Wallet,3017.06,Success,2025-09-03 00:27:00,
P005289,B003994,1,Apple Pay,3493.39,Success,2026-05-03 00:14:00,
P005290,B003995,1,Bank Transfer,4716.79,Success,2026-02-18 00:25:00,
P005291,B003996,1,Bank Transfer,4312.66,Success,2026-03-16 00:25:00,
P005292,B003997,1,Credit Card,1605.9,Success,2026-08-22 00:42:00,
P005293,B003998,1,Debit Card,3076.81,Success,2026-07-19 00:49:00,
P005294,B003999,1,Debit Card,4791.08,Success,2026-09-21 00:42:00,
P005295,B004000,1,Apple Pay,3810.73,Success,2026-10-11 00:35:00,
P005296,B004001,1,Bank Transfer,3597.51,Success,2026-04-12 00:51:00,
P005297,B004002,1,Debit Card,3897.05,Success,2026-05-02 00:44:00,
P005298,B004003,1,Digital Wallet,1951.28,Success,2026-03-18 00:19:00,
P005299,B004004,1,Credit Card,3781.64,Success,2026-10-26 00:26:00,
P005300,B004005,1,Credit Card,1547.85,Success,2026-06-12 00:18:00,
P005301,B004006,1,Digital Wallet,2426.46,Success,2026-11-20 00:30:00,
P005302,B004007,1,Bank Transfer,4504.68,Success,2026-06-11 00:20:00,
P005303,B004008,1,Digital Wallet,585.37,Failed,2026-11-10 00:10:00,Insufficient Funds
P005304,B004008,2,Apple Pay,585.37,Failed,2026-11-10 00:19:36,Payment Timeout
P005305,B004008,3,Debit Card,585.37,Success,2026-11-10 00:25:28,
P005306,B004009,1,Apple Pay,2364.43,Success,2026-07-27 01:00:00,
P005307,B004010,1,Debit Card,1700.7,Failed,2026-06-23 00:13:00,Technical Error
P005308,B004010,2,Apple Pay,1700.7,Success,2026-06-23 00:16:18,
P005309,B004011,1,Credit Card,1393.65,Success,2025-10-03 00:23:00,
P005310,B004012,1,Digital Wallet,4273.59,Success,2026-04-12 01:00:00,
P005311,B004013,1,Debit Card,3634.24,Success,2026-02-06 00:21:00,
P005312,B004014,1,Credit Card,1006.85,Success,2026-08-12 00:55:00,
P005313,B004015,1,Digital Wallet,2725.08,Success,2026-01-04 00:14:00,
P005314,B004016,1,Bank Transfer,2601.08,Success,2025-12-04 00:09:00,
P005315,B004017,1,Apple Pay,1141.38,Success,2026-05-23 00:59:00,
P005316,B004018,1,Credit Card,4098.93,Failed,2025-10-30 00:20:00,Fraud Check
P005317,B004018,2,Credit Card,4098.93,Success,2025-10-30 00:25:39,
P005318,B004019,1,Debit Card,2150.03,Failed,2026-03-19 00:44:00,Card Declined
P005319,B004019,2,Bank Transfer,2150.03,Success,2026-03-19 00:51:39,
P005320,B004020,1,Bank Transfer,3928.72,Success,2026-10-06 00:43:00,
P005321,B004021,1,Apple Pay,1364.28,Success,2025-11-15 00:53:00,
P005322,B004022,1,Debit Card,1917.83,Success,2025-11-27 00:30:00,
P005323,B004023,1,Apple Pay,928.27,Success,2026-03-31 00:39:00,
P005324,B004024,1,Bank Transfer,1145.66,Success,2026-01-12 00:37:00,
P005325,B004025,1,Bank Transfer,4474.33,Failed,2026-06-25 00:49:00,Card Declined
P005326,B004025,2,Bank Transfer,4474.33,Failed,2026-06-25 00:56:31,Insufficient Funds
P005327,B004025,3,Apple Pay,4474.33,Success,2026-06-25 01:01:30,
P005328,B004026,1,Apple Pay,991.01,Failed,2026-05-18 00:59:00,Insufficient Funds
P005329,B004026,2,Bank Transfer,991.01,Failed,2026-05-18 01:05:37,Card Declined
P005330,B004026,3,Apple Pay,991.01,Success,2026-05-18 01:20:05,
P005331,B004027,1,Apple Pay,930.79,Success,2026-05-17 00:07:00,
P005332,B004028,1,Digital Wallet,4731.7,Success,2026-08-15 00:15:00,
P005333,B004029,1,Apple Pay,3406.57,Success,2025-09-10 00:53:00,
P005334,B004030,1,Credit Card,954.12,Success,2026-05-15 00:43:00,
P005335,B004031,1,Debit Card,4872.73,Success,2026-02-05 00:38:00,
P005336,B004032,1,Apple Pay,1161.95,Success,2026-01-28 00:26:00,
P005337,B004033,1,Apple Pay,3948.56,Success,2025-09-01 00:35:00,
P005338,B004034,1,Credit Card,656.83,Success,2026-07-21 00:58:00,
P005339,B004035,1,Digital Wallet,3310.44,Failed,2026-05-07 00:14:00,Payment Timeout
P005340,B004035,2,Bank Transfer,3310.44,Failed,2026-05-07 00:21:48,Technical Error
P005341,B004035,3,Bank Transfer,3310.44,Success,2026-05-07 00:28:45,
P005342,B004036,1,Bank Transfer,2960.17,Success,2025-10-19 00:12:00,
P005343,B004037,1,Debit Card,1436.02,Success,2026-05-05 00:23:00,
P005344,B004038,1,Bank Transfer,3394.16,Failed,2026-05-08 00:29:00,Fraud Check
P005345,B004038,2,Bank Transfer,3394.16,Success,2026-05-08 00:37:56,
P005346,B004039,1,Debit Card,3276.74,Success,2026-04-15 00:14:00,
P005347,B004040,1,Debit Card,4092.58,Failed,2025-11-13 00:44:00,Payment Timeout
P005348,B004040,2,Apple Pay,4092.58,Success,2025-11-13 00:45:45,
P005349,B004041,1,Apple Pay,4441.43,Success,2026-05-12 00:47:00,
P005350,B004042,1,Debit Card,2795.47,Success,2026-09-12 00:21:00,
P005351,B004043,1,Digital Wallet,2706.33,Success,2026-02-16 00:26:00,
P005352,B004044,1,Credit Card,3297.18,Success,2025-12-29 00:11:00,
P005353,B004045,1,Apple Pay,3781.43,Success,2026-10-23 00:59:00,
P005354,B004046,1,Debit Card,2102.77,Success,2026-05-07 00:47:00,
P005355,B004047,1,Bank Transfer,2770.89,Success,2026-01-04 00:08:00,
P005356,B004048,1,Credit Card,3132.97,Success,2026-01-27 00:05:00,
P005357,B004049,1,Debit Card,4947.7,Success,2025-09-23 00:38:00,
P005358,B004050,1,Credit Card,3144.7,Success,2025-10-26 00:19:00,
P005359,B004051,1,Credit Card,1508.84,Failed,2025-11-16 00:39:00,Insufficient Funds
P005360,B004051,2,Credit Card,1508.84,Failed,2025-11-16 00:42:23,Insufficient Funds
P005361,B004051,3,Credit Card,1508.84,Success,2025-11-16 00:45:37,
P005362,B004052,1,Debit Card,3145.95,Failed,2025-11-18 00:55:00,Card Declined
P005363,B004052,2,Digital Wallet,3145.95,Success,2025-11-18 00:57:25,
P005364,B004053,1,Apple Pay,4187.75,Success,2026-02-14 00:12:00,
P005365,B004054,1,Credit Card,4358.32,Success,2026-07-15 00:14:00,
P005366,B004055,1,Digital Wallet,4101.13,Success,2026-05-24 00:13:00,
P005367,B004056,1,Apple Pay,4496.94,Success,2026-07-23 00:22:00,
P005368,B004057,1,Bank Transfer,2006.45,Success,2026-10-07 00:23:00,
P005369,B004058,1,Digital Wallet,2784.07,Success,2026-04-05 00:14:00,
P005370,B004059,1,Digital Wallet,4008.16,Success,2026-01-06 00:50:00,
P005371,B004060,1,Apple Pay,1690.02,Success,2026-06-22 00:40:00,
P005372,B004061,1,Apple Pay,2172.12,Failed,2026-03-09 00:17:00,Insufficient Funds
P005373,B004061,2,Bank Transfer,2172.12,Success,2026-03-09 00:22:59,
P005374,B004062,1,Apple Pay,4240.2,Success,2026-05-16 00:05:00,
P005375,B004063,1,Debit Card,3965.39,Failed,2026-05-30 00:37:00,Technical Error
P005376,B004063,2,Bank Transfer,3965.39,Success,2026-05-30 00:51:24,
P005377,B004064,1,Bank Transfer,4870.4,Failed,2026-06-16 01:00:00,Card Declined
P005378,B004064,2,Debit Card,4870.4,Failed,2026-06-16 01:10:33,Technical Error
P005379,B004064,3,Digital Wallet,4870.4,Success,2026-06-16 01:15:16,
P005380,B004065,1,Debit Card,4981.88,Success,2026-03-28 00:19:00,
P005381,B004066,1,Apple Pay,1583.35,Success,2026-01-17 00:26:00,
P005382,B004067,1,Credit Card,4552.02,Success,2026-07-11 01:00:00,
P005383,B004068,1,Bank Transfer,925.32,Success,2026-02-07 00:54:00,
P005384,B004069,1,Credit Card,3694.1,Success,2026-06-20 00:23:00,
P005385,B004070,1,Credit Card,1490.45,Failed,2026-01-22 00:40:00,Insufficient Funds
P005386,B004070,2,Bank Transfer,1490.45,Success,2026-01-22 00:43:41,
P005387,B004071,1,Digital Wallet,1851.4,Success,2026-04-30 00:36:00,
P005388,B004072,1,Digital Wallet,4758.45,Success,2026-01-01 01:00:00,
P005389,B004073,1,Debit Card,1684.18,Success,2026-04-12 00:34:00,
P005390,B004074,1,Bank Transfer,3529.3,Failed,2026-04-23 00:15:00,Payment Timeout
P005391,B004074,2,Apple Pay,3529.3,Failed,2026-04-23 00:24:46,Card Declined
P005392,B004074,3,Digital Wallet,3529.3,Success,2026-04-23 00:32:35,
P005393,B004075,1,Credit Card,1301.58,Success,2026-05-08 00:28:00,
P005394,B004076,1,Apple Pay,920.25,Failed,2026-04-28 00:34:00,Card Declined
P005395,B004076,2,Bank Transfer,920.25,Failed,2026-04-28 00:42:31,Payment Timeout
P005396,B004076,3,Bank Transfer,920.25,Success,2026-04-28 00:50:12,
P005397,B004077,1,Digital Wallet,2026.93,Success,2026-08-19 00:29:00,
P005398,B004078,1,Digital Wallet,3308.88,Success,2026-02-18 00:28:00,
P005399,B004079,1,Credit Card,1615.75,Failed,2026-02-15 00:16:00,Card Declined
P005400,B004079,2,Bank Transfer,1615.75,Success,2026-02-15 00:18:26,
P005401,B004080,1,Apple Pay,1850.76,Success,2026-01-03 00:57:00,
P005402,B004081,1,Bank Transfer,3689.28,Success,2026-02-06 00:29:00,
P005403,B004082,1,Credit Card,962.58,Success,2026-05-11 00:16:00,
P005404,B004083,1,Digital Wallet,2511.07,Success,2025-10-03 00:27:00,
P005405,B004084,1,Credit Card,4737.81,Success,2025-08-28 00:55:00,
P005406,B004085,1,Apple Pay,2286.37,Success,2026-06-18 00:41:00,
P005407,B004086,1,Credit Card,2453.9,Success,2026-09-24 00:13:00,
P005408,B004087,1,Debit Card,3821.92,Success,2025-11-18 00:17:00,
P005409,B004088,1,Digital Wallet,4005.55,Success,2025-09-14 00:25:00,
P005410,B004089,1,Bank Transfer,3963.23,Success,2025-12-29 00:55:00,
P005411,B004090,1,Debit Card,4990.4,Success,2026-07-24 00:44:00,
P005412,B004091,1,Debit Card,821.53,Failed,2026-04-21 00:55:00,Card Declined
P005413,B004091,2,Apple Pay,821.53,Success,2026-04-21 00:58:52,
P005414,B004092,1,Bank Transfer,4920.14,Success,2026-03-07 00:29:00,
P005415,B004093,1,Bank Transfer,4775.85,Success,2026-06-19 00:17:00,
P005416,B004094,1,Digital Wallet,4334.63,Success,2026-07-11 00:46:00,
P005417,B004095,1,Debit Card,2543.57,Success,2026-04-04 00:07:00,
P005418,B004096,1,Apple Pay,4419.06,Success,2026-05-07 00:43:00,
P005419,B004097,1,Apple Pay,1493.75,Failed,2026-04-01 00:25:00,Card Declined
P005420,B004097,2,Bank Transfer,1493.75,Failed,2026-04-01 00:37:32,Fraud Check
P005421,B004097,3,Credit Card,1493.75,Success,2026-04-01 00:42:43,
P005422,B004098,1,Digital Wallet,4062.45,Success,2025-12-07 00:22:00,
P005423,B004099,1,Debit Card,1333.57,Failed,2026-03-11 00:13:00,Fraud Check
P005424,B004099,2,Digital Wallet,1333.57,Success,2026-03-11 00:18:36,
P005425,B004100,1,Digital Wallet,4169.13,Success,2026-05-01 00:51:00,
P005426,B004101,1,Credit Card,3265.38,Success,2026-11-07 00:26:00,
P005427,B004102,1,Debit Card,941.14,Success,2026-01-05 00:28:00,
P005428,B004103,1,Debit Card,4528.94,Success,2025-11-12 00:07:00,
P005429,B004104,1,Digital Wallet,3100.81,Success,2025-12-26 00:06:00,
P005430,B004105,1,Digital Wallet,3453.12,Success,2025-09-30 00:36:00,
P005431,B004106,1,Debit Card,1775.8,Success,2025-10-22 00:38:00,
P005432,B004107,1,Apple Pay,4422.36,Success,2026-03-29 00:27:00,
P005433,B004108,1,Digital Wallet,2953.4,Failed,2025-11-30 00:37:00,Card Declined
P005434,B004108,2,Debit Card,2953.4,Failed,2025-11-30 00:42:49,Technical Error
P005435,B004108,3,Credit Card,2953.4,Success,2025-11-30 00:54:17,
P005436,B004109,1,Debit Card,2395.04,Success,2026-12-11 00:29:00,
P005437,B004110,1,Digital Wallet,2904.27,Failed,2026-02-24 00:52:00,Insufficient Funds
P005438,B004110,2,Apple Pay,2904.27,Success,2026-02-24 00:53:40,
P005439,B004111,1,Credit Card,3664.91,Success,2026-10-29 00:57:00,
P005440,B004112,1,Apple Pay,3627.72,Failed,2026-04-09 00:23:00,Card Declined
P005441,B004112,2,Credit Card,3627.72,Success,2026-04-09 00:32:56,
P005442,B004113,1,Debit Card,2109.1,Failed,2026-06-10 00:54:00,Technical Error
P005443,B004113,2,Bank Transfer,2109.1,Success,2026-06-10 00:56:13,
P005444,B004114,1,Digital Wallet,2233.66,Success,2025-10-16 00:07:00,
P005445,B004115,1,Bank Transfer,3030.07,Failed,2026-07-15 00:58:00,Fraud Check
P005446,B004115,2,Credit Card,3030.07,Success,2026-07-15 01:10:20,
P005447,B004116,1,Bank Transfer,4659.83,Success,2025-12-30 00:58:00,
P005448,B004117,1,Bank Transfer,3854.44,Success,2026-04-30 00:17:00,
P005449,B004118,1,Credit Card,2256.87,Failed,2026-03-08 00:56:00,Fraud Check
P005450,B004118,2,Credit Card,2256.87,Success,2026-03-08 01:10:57,
P005451,B004119,1,Debit Card,2016.65,Success,2025-11-15 00:05:00,
P005452,B004120,1,Credit Card,2856.37,Success,2026-05-13 00:41:00,
P005453,B004121,1,Apple Pay,4414.96,Failed,2026-07-24 00:11:00,Insufficient Funds
P005454,B004121,2,Apple Pay,4414.96,Success,2026-07-24 00:15:46,
P005455,B004122,1,Apple Pay,539.06,Success,2026-03-01 00:28:00,
P005456,B004123,1,Debit Card,3697.19,Success,2026-06-07 00:05:00,
P005457,B004124,1,Debit Card,1825.31,Failed,2026-08-11 00:14:00,Insufficient Funds
P005458,B004124,2,Digital Wallet,1825.31,Failed,2026-08-11 00:20:53,Card Declined
P005459,B004124,3,Credit Card,1825.31,Success,2026-08-11 00:31:44,
P005460,B004125,1,Debit Card,1437.79,Success,2026-04-02 01:00:00,
P005461,B004126,1,Credit Card,554.62,Success,2026-10-15 00:39:00,
P005462,B004127,1,Bank Transfer,4534.66,Failed,2025-10-28 00:50:00,Technical Error
P005463,B004127,2,Bank Transfer,4534.66,Success,2025-10-28 00:56:38,
P005464,B004128,1,Credit Card,4605.12,Success,2026-10-07 00:12:00,
P005465,B004129,1,Debit Card,776.38,Success,2026-04-19 00:22:00,
P005466,B004130,1,Apple Pay,2848.17,Success,2026-07-25 00:18:00,
P005467,B004131,1,Bank Transfer,1186.59,Success,2026-03-28 00:57:00,
P005468,B004132,1,Debit Card,3914.09,Success,2026-10-14 00:36:00,
P005469,B004133,1,Digital Wallet,3494.26,Failed,2026-03-29 00:08:00,Payment Timeout
P005470,B004133,2,Bank Transfer,3494.26,Success,2026-03-29 00:18:49,
P005471,B004134,1,Bank Transfer,1837.09,Success,2026-02-06 00:19:00,
P005472,B004135,1,Credit Card,1026.32,Failed,2026-03-26 00:33:00,Payment Timeout
P005473,B004135,2,Credit Card,1026.32,Failed,2026-03-26 00:42:29,Card Declined
P005474,B004135,3,Debit Card,1026.32,Success,2026-03-26 00:50:09,
P005475,B004136,1,Digital Wallet,4240.49,Failed,2026-01-29 00:56:00,Technical Error
P005476,B004136,2,Debit Card,4240.49,Success,2026-01-29 01:07:56,
P005477,B004137,1,Digital Wallet,3534.14,Success,2026-05-11 00:12:00,
P005478,B004138,1,Bank Transfer,530.69,Failed,2026-10-21 00:35:00,Fraud Check
P005479,B004138,2,Credit Card,530.69,Success,2026-10-21 00:36:11,
P005480,B004139,1,Digital Wallet,3325.42,Success,2026-09-02 00:44:00,
P005481,B004140,1,Bank Transfer,4146.33,Success,2026-04-02 00:36:00,
P005482,B004141,1,Digital Wallet,3158.46,Success,2026-12-09 00:28:00,
P005483,B004142,1,Digital Wallet,2411.21,Success,2026-04-03 00:16:00,
P005484,B004143,1,Apple Pay,3127.63,Success,2026-04-11 00:54:00,
P005485,B004144,1,Digital Wallet,3288.7,Success,2025-12-19 00:21:00,
P005486,B004145,1,Digital Wallet,3380.16,Failed,2026-09-27 00:52:00,Insufficient Funds
P005487,B004145,2,Digital Wallet,3380.16,Failed,2026-09-27 00:59:46,Insufficient Funds
P005488,B004145,3,Digital Wallet,3380.16,Success,2026-09-27 01:14:11,
P005489,B004146,1,Credit Card,4851.7,Success,2026-01-25 00:51:00,
P005490,B004147,1,Bank Transfer,1303.92,Success,2026-08-12 00:59:00,
P005491,B004148,1,Apple Pay,3303.92,Success,2026-08-19 00:41:00,
P005492,B004149,1,Bank Transfer,1345.97,Success,2025-10-18 00:48:00,
P005493,B004150,1,Digital Wallet,1444.81,Failed,2025-10-14 00:48:00,Technical Error
P005494,B004150,2,Apple Pay,1444.81,Failed,2025-10-14 00:58:15,Insufficient Funds
P005495,B004150,3,Apple Pay,1444.81,Success,2025-10-14 01:02:57,
P005496,B004151,1,Debit Card,3511.66,Success,2026-02-14 00:22:00,
P005497,B004152,1,Debit Card,4621.79,Failed,2026-01-29 00:05:00,Insufficient Funds
P005498,B004152,2,Debit Card,4621.79,Success,2026-01-29 00:18:25,
P005499,B004153,1,Bank Transfer,1215.7,Success,2026-09-16 00:56:00,
P005500,B004154,1,Debit Card,4831.09,Success,2026-02-11 00:27:00,
P005501,B004155,1,Credit Card,1937.18,Success,2026-11-03 00:46:00,
P005502,B004156,1,Apple Pay,2260.91,Success,2026-04-26 00:14:00,
P005503,B004157,1,Apple Pay,1191.56,Success,2026-03-24 00:40:00,
P005504,B004158,1,Bank Transfer,3271.26,Failed,2025-12-18 00:50:00,Payment Timeout
P005505,B004158,2,Bank Transfer,3271.26,Failed,2025-12-18 00:55:12,Fraud Check
P005506,B004158,3,Debit Card,3271.26,Success,2025-12-18 01:02:28,
P005507,B004159,1,Credit Card,3183.89,Failed,2026-03-02 00:16:00,Insufficient Funds
P005508,B004159,2,Digital Wallet,3183.89,Success,2026-03-02 00:30:47,
P005509,B004160,1,Credit Card,2490.21,Success,2026-07-30 00:24:00,
P005510,B004161,1,Apple Pay,2642.41,Success,2025-11-13 00:48:00,
P005511,B004162,1,Digital Wallet,3303.39,Failed,2026-04-13 00:49:00,Payment Timeout
P005512,B004162,2,Digital Wallet,3303.39,Success,2026-04-13 00:51:19,
P005513,B004163,1,Digital Wallet,3125.73,Failed,2025-09-24 00:38:00,Fraud Check
P005514,B004163,2,Credit Card,3125.73,Failed,2025-09-24 00:48:57,Insufficient Funds
P005515,B004163,3,Digital Wallet,3125.73,Success,2025-09-24 00:57:43,
P005516,B004164,1,Debit Card,2184.19,Success,2026-06-28 00:29:00,
P005517,B004165,1,Debit Card,4478.51,Success,2026-02-13 00:07:00,
P005518,B004166,1,Debit Card,3504.47,Failed,2025-10-31 00:33:00,Card Declined
P005519,B004166,2,Digital Wallet,3504.47,Success,2025-10-31 00:40:48,
P005520,B004167,1,Debit Card,1424.33,Success,2026-09-21 00:59:00,
P005521,B004168,1,Credit Card,1939.56,Success,2026-02-10 00:22:00,
P005522,B004169,1,Digital Wallet,4045.45,Success,2026-04-05 00:20:00,
P005523,B004170,1,Apple Pay,970.36,Failed,2026-06-10 00:12:00,Fraud Check
P005524,B004170,2,Apple Pay,970.36,Success,2026-06-10 00:20:56,
P005525,B004171,1,Credit Card,3876.04,Success,2026-07-22 01:00:00,
P005526,B004172,1,Debit Card,2114.79,Failed,2026-03-22 00:08:00,Fraud Check
P005527,B004172,2,Digital Wallet,2114.79,Success,2026-03-22 00:15:46,
P005528,B004173,1,Apple Pay,2982.61,Success,2026-07-23 00:58:00,
P005529,B004174,1,Apple Pay,1762.51,Success,2026-06-27 00:41:00,
P005530,B004175,1,Digital Wallet,4939.05,Success,2025-12-20 00:17:00,
P005531,B004176,1,Digital Wallet,4576.28,Success,2026-02-23 00:56:00,
P005532,B004177,1,Credit Card,4678.02,Failed,2026-06-21 00:11:00,Technical Error
P005533,B004177,2,Bank Transfer,4678.02,Success,2026-06-21 00:20:55,
P005534,B004178,1,Apple Pay,1331.49,Success,2026-01-15 00:21:00,
P005535,B004179,1,Digital Wallet,4287.61,Failed,2026-05-05 00:07:00,Payment Timeout
P005536,B004179,2,Debit Card,4287.61,Failed,2026-05-05 00:16:42,Payment Timeout
P005537,B004179,3,Digital Wallet,4287.61,Success,2026-05-05 00:29:24,
P005538,B004180,1,Digital Wallet,2909.29,Success,2026-08-27 00:47:00,
P005539,B004181,1,Digital Wallet,3685.37,Success,2026-01-26 00:13:00,
P005540,B004182,1,Apple Pay,1478.77,Success,2025-12-17 00:56:00,
P005541,B004183,1,Apple Pay,3703.93,Success,2025-09-04 00:25:00,
P005542,B004184,1,Digital Wallet,4614.2,Failed,2026-04-07 00:27:00,Card Declined
P005543,B004184,2,Credit Card,4614.2,Success,2026-04-07 00:30:15,
P005544,B004185,1,Credit Card,1703.67,Failed,2025-10-29 00:28:00,Fraud Check
P005545,B004185,2,Digital Wallet,1703.67,Success,2025-10-29 00:35:19,
P005546,B004186,1,Bank Transfer,1550.12,Success,2026-08-11 00:26:00,
P005547,B004187,1,Apple Pay,969.87,Success,2025-12-26 00:15:00,
P005548,B004188,1,Digital Wallet,1700.63,Success,2026-05-28 00:44:00,
P005549,B004189,1,Debit Card,2911.07,Success,2026-06-29 00:32:00,
P005550,B004190,1,Bank Transfer,4247.22,Success,2026-09-12 00:32:00,
P005551,B004191,1,Digital Wallet,1754.6,Success,2026-03-13 00:16:00,
P005552,B004192,1,Bank Transfer,3295.15,Success,2025-11-30 00:40:00,
P005553,B004193,1,Debit Card,2658.16,Success,2026-09-21 01:00:00,
P005554,B004194,1,Debit Card,1798.61,Failed,2026-05-03 00:21:00,Card Declined
P005555,B004194,2,Bank Transfer,1798.61,Success,2026-05-03 00:26:11,
P005556,B004195,1,Apple Pay,2796.62,Success,2025-12-03 00:34:00,
P005557,B004196,1,Credit Card,1255.83,Failed,2025-10-06 00:06:00,Payment Timeout
P005558,B004196,2,Debit Card,1255.83,Failed,2025-10-06 00:10:57,Fraud Check
P005559,B004196,3,Digital Wallet,1255.83,Success,2025-10-06 00:17:39,
P005560,B004197,1,Apple Pay,3378.1,Success,2026-02-21 00:41:00,
P005561,B004198,1,Apple Pay,1020.48,Success,2026-07-18 00:51:00,
P005562,B004199,1,Digital Wallet,3789.41,Success,2026-02-01 00:54:00,
P005563,B004200,1,Apple Pay,1299.71,Success,2026-02-01 00:26:00,
P005564,B004201,1,Bank Transfer,4991.72,Failed,2026-09-05 00:18:00,Card Declined
P005565,B004201,2,Apple Pay,4991.72,Success,2026-09-05 00:19:40,
P005566,B004202,1,Digital Wallet,4206.53,Success,2026-04-21 00:49:00,
P005567,B004203,1,Apple Pay,2047.28,Success,2026-02-22 00:22:00,
P005568,B004204,1,Credit Card,2417.92,Success,2026-02-23 00:54:00,
P005569,B004205,1,Bank Transfer,1666.36,Success,2025-11-07 00:23:00,
P005570,B004206,1,Digital Wallet,3952.02,Success,2026-07-08 00:21:00,
P005571,B004207,1,Apple Pay,2213.27,Success,2025-12-02 00:32:00,
P005572,B004208,1,Bank Transfer,3898.33,Failed,2026-05-13 00:33:00,Technical Error
P005573,B004208,2,Bank Transfer,3898.33,Success,2026-05-13 00:47:19,
P005574,B004209,1,Credit Card,582.81,Success,2026-04-13 01:00:00,
P005575,B004210,1,Bank Transfer,1110.29,Success,2026-01-28 00:08:00,
P005576,B004211,1,Debit Card,2142.38,Success,2026-02-17 01:00:00,
P005577,B004212,1,Apple Pay,990.09,Failed,2025-11-15 00:36:00,Technical Error
P005578,B004212,2,Digital Wallet,990.09,Success,2025-11-15 00:45:41,
P005579,B004213,1,Credit Card,3205.08,Success,2026-08-21 00:48:00,
P005580,B004214,1,Debit Card,728.74,Failed,2026-03-03 00:16:00,Insufficient Funds
P005581,B004214,2,Digital Wallet,728.74,Success,2026-03-03 00:29:27,
P005582,B004215,1,Credit Card,4368.93,Failed,2025-12-30 00:33:00,Technical Error
P005583,B004215,2,Debit Card,4368.93,Success,2025-12-30 00:40:52,
P005584,B004216,1,Bank Transfer,3925.89,Success,2026-10-30 00:37:00,
P005585,B004217,1,Bank Transfer,1473.15,Success,2026-05-12 00:57:00,
P005586,B004218,1,Debit Card,2677.06,Success,2026-02-22 00:30:00,
P005587,B004219,1,Bank Transfer,2533.16,Success,2026-06-02 00:38:00,
P005588,B004220,1,Credit Card,3761.89,Success,2026-02-25 00:57:00,
P005589,B004221,1,Bank Transfer,2306.79,Success,2026-06-07 00:17:00,
P005590,B004222,1,Digital Wallet,648.21,Success,2026-06-03 00:51:00,
P005591,B004223,1,Bank Transfer,1731.81,Success,2026-07-20 00:27:00,
P005592,B004224,1,Debit Card,2597.88,Success,2025-10-21 00:50:00,
P005593,B004225,1,Bank Transfer,4885.21,Success,2026-09-02 00:34:00,
P005594,B004226,1,Digital Wallet,4465.21,Success,2026-04-13 00:26:00,
P005595,B004227,1,Debit Card,1316.33,Success,2026-08-17 00:18:00,
P005596,B004228,1,Digital Wallet,3754.74,Failed,2026-03-09 00:22:00,Technical Error
P005597,B004228,2,Bank Transfer,3754.74,Success,2026-03-09 00:34:28,
P005598,B004229,1,Credit Card,4715.71,Success,2026-06-24 00:19:00,
P005599,B004230,1,Credit Card,539.57,Failed,2025-09-15 00:24:00,Card Declined
P005600,B004230,2,Debit Card,539.57,Failed,2025-09-15 00:38:14,Fraud Check
P005601,B004230,3,Bank Transfer,539.57,Success,2025-09-15 00:52:02,
P005602,B004231,1,Digital Wallet,3744.26,Success,2026-01-29 00:08:00,
P005603,B004232,1,Digital Wallet,2567.0,Success,2025-12-17 00:25:00,
P005604,B004233,1,Bank Transfer,3561.06,Success,2026-06-09 00:42:00,
P005605,B004234,1,Apple Pay,3225.15,Success,2026-11-11 00:16:00,
P005606,B004235,1,Digital Wallet,4930.99,Success,2026-05-13 00:45:00,
P005607,B004236,1,Apple Pay,1799.67,Failed,2026-09-01 00:41:00,Card Declined
P005608,B004236,2,Credit Card,1799.67,Success,2026-09-01 00:45:30,
P005609,B004237,1,Bank Transfer,4037.64,Failed,2026-07-15 00:12:00,Insufficient Funds
P005610,B004237,2,Bank Transfer,4037.64,Failed,2026-07-15 00:22:43,Fraud Check
P005611,B004237,3,Credit Card,4037.64,Success,2026-07-15 00:36:29,
P005612,B004238,1,Digital Wallet,1555.88,Success,2025-11-08 00:27:00,
P005613,B004239,1,Apple Pay,2460.24,Success,2026-08-15 00:34:00,
P005614,B004240,1,Bank Transfer,4889.21,Success,2026-07-10 00:51:00,
P005615,B004241,1,Digital Wallet,3947.61,Success,2026-05-27 00:15:00,
P005616,B004242,1,Apple Pay,1921.2,Failed,2026-06-17 00:29:00,Card Declined
P005617,B004242,2,Apple Pay,1921.2,Success,2026-06-17 00:41:49,
P005618,B004243,1,Digital Wallet,3287.16,Success,2026-05-30 00:05:00,
P005619,B004244,1,Debit Card,723.61,Success,2026-03-15 00:39:00,
P005620,B004245,1,Debit Card,1698.78,Success,2025-12-31 00:58:00,
P005621,B004246,1,Digital Wallet,3732.76,Success,2025-11-22 00:32:00,
P005622,B004247,1,Bank Transfer,3065.42,Success,2026-07-12 00:40:00,
P005623,B004248,1,Apple Pay,2613.53,Success,2026-10-20 00:27:00,
P005624,B004249,1,Credit Card,3608.94,Success,2026-02-13 00:26:00,
P005625,B004250,1,Bank Transfer,2293.07,Failed,2025-12-19 00:55:00,Payment Timeout
P005626,B004250,2,Credit Card,2293.07,Failed,2025-12-19 01:07:15,Technical Error
P005627,B004250,3,Credit Card,2293.07,Success,2025-12-19 01:18:48,
P005628,B004251,1,Credit Card,617.7,Success,2026-02-21 00:27:00,
P005629,B004252,1,Digital Wallet,2484.62,Success,2026-04-30 00:51:00,
P005630,B004253,1,Debit Card,4559.58,Success,2026-07-21 00:38:00,
P005631,B004254,1,Credit Card,4354.77,Success,2026-05-12 00:56:00,
P005632,B004255,1,Bank Transfer,2340.49,Success,2026-09-04 00:34:00,
P005633,B004256,1,Digital Wallet,600.0,Success,2026-02-07 00:47:00,
P005634,B004257,1,Apple Pay,3363.38,Success,2026-02-27 00:15:00,
P005635,B004258,1,Credit Card,3835.37,Success,2026-08-21 00:14:00,
P005636,B004259,1,Credit Card,1824.1,Failed,2026-04-29 00:28:00,Card Declined
P005637,B004259,2,Debit Card,1824.1,Success,2026-04-29 00:31:52,
P005638,B004260,1,Credit Card,2644.99,Success,2026-07-17 00:39:00,
P005639,B004261,1,Apple Pay,4963.36,Success,2025-11-25 00:07:00,
P005640,B004262,1,Debit Card,3093.54,Success,2025-12-23 00:43:00,
P005641,B004263,1,Apple Pay,2079.84,Success,2025-11-28 00:24:00,
P005642,B004264,1,Bank Transfer,3323.7,Success,2026-05-08 00:59:00,
P005643,B004265,1,Bank Transfer,1310.1,Failed,2026-01-20 00:50:00,Payment Timeout
P005644,B004265,2,Bank Transfer,1310.1,Success,2026-01-20 00:52:17,
P005645,B004266,1,Debit Card,1396.64,Success,2026-01-10 00:07:00,
P005646,B004267,1,Apple Pay,4662.16,Success,2025-11-12 00:05:00,
P005647,B004268,1,Digital Wallet,1576.4,Success,2026-04-09 00:09:00,
P005648,B004269,1,Debit Card,1898.55,Success,2026-06-22 00:28:00,
P005649,B004270,1,Credit Card,2947.0,Failed,2026-05-06 00:13:00,Card Declined
P005650,B004270,2,Bank Transfer,2947.0,Success,2026-05-06 00:20:42,
P005651,B004271,1,Bank Transfer,4548.62,Success,2026-08-28 00:57:00,
P005652,B004272,1,Debit Card,4016.52,Success,2026-01-02 00:59:00,
P005653,B004273,1,Debit Card,697.03,Success,2026-07-23 00:40:00,
P005654,B004274,1,Credit Card,3618.63,Success,2026-03-23 00:20:00,
P005655,B004275,1,Bank Transfer,2768.28,Success,2025-10-23 00:29:00,
P005656,B004276,1,Debit Card,2639.99,Success,2026-06-19 00:24:00,
P005657,B004277,1,Apple Pay,3612.01,Success,2026-06-18 00:40:00,
P005658,B004278,1,Debit Card,1383.04,Success,2026-07-01 00:44:00,
P005659,B004279,1,Debit Card,4916.7,Success,2026-04-13 00:39:00,
P005660,B004280,1,Apple Pay,3403.88,Success,2026-07-01 00:28:00,
P005661,B004281,1,Apple Pay,2145.45,Success,2026-04-08 00:09:00,
P005662,B004282,1,Digital Wallet,3200.91,Failed,2026-07-16 00:39:00,Insufficient Funds
P005663,B004282,2,Digital Wallet,3200.91,Success,2026-07-16 00:42:35,
P005664,B004283,1,Bank Transfer,1474.12,Success,2026-06-01 00:32:00,
P005665,B004284,1,Debit Card,3352.29,Success,2026-06-25 00:15:00,
P005666,B004285,1,Debit Card,626.98,Success,2026-06-08 00:48:00,
P005667,B004286,1,Digital Wallet,2035.32,Success,2026-06-04 00:58:00,
P005668,B004287,1,Digital Wallet,3863.83,Failed,2026-03-14 00:13:00,Fraud Check
P005669,B004287,2,Apple Pay,3863.83,Success,2026-03-14 00:19:19,
P005670,B004288,1,Credit Card,4135.9,Success,2026-02-21 00:50:00,
P005671,B004289,1,Apple Pay,1638.14,Success,2026-07-19 00:46:00,
P005672,B004290,1,Credit Card,2927.34,Success,2026-04-06 00:37:00,
P005673,B004291,1,Debit Card,2878.22,Failed,2026-04-30 00:12:00,Payment Timeout
P005674,B004291,2,Apple Pay,2878.22,Failed,2026-04-30 00:25:16,Fraud Check
P005675,B004291,3,Debit Card,2878.22,Success,2026-04-30 00:36:39,
P005676,B004292,1,Credit Card,2396.55,Success,2026-11-06 00:48:00,
P005677,B004293,1,Digital Wallet,1527.95,Failed,2026-10-06 00:12:00,Card Declined
P005678,B004293,2,Debit Card,1527.95,Success,2026-10-06 00:18:21,
P005679,B004294,1,Credit Card,3664.53,Success,2026-05-16 00:41:00,
P005680,B004295,1,Bank Transfer,1635.63,Failed,2026-09-02 00:30:00,Payment Timeout
P005681,B004295,2,Credit Card,1635.63,Failed,2026-09-02 00:44:50,Card Declined
P005682,B004295,3,Digital Wallet,1635.63,Success,2026-09-02 00:52:32,
P005683,B004296,1,Debit Card,4599.62,Failed,2026-06-10 00:12:00,Fraud Check
P005684,B004296,2,Apple Pay,4599.62,Success,2026-06-10 00:14:54,
P005685,B004297,1,Apple Pay,2878.26,Success,2026-04-22 00:17:00,
P005686,B004298,1,Credit Card,4417.15,Success,2026-07-28 00:54:00,
P005687,B004299,1,Debit Card,1808.34,Failed,2026-06-27 00:40:00,Technical Error
P005688,B004299,2,Digital Wallet,1808.34,Success,2026-06-27 00:51:25,
P005689,B004300,1,Credit Card,4131.86,Success,2026-01-17 00:40:00,
P005690,B004301,1,Bank Transfer,1011.49,Success,2026-02-24 00:23:00,
P005691,B004302,1,Debit Card,3950.74,Success,2026-03-10 00:21:00,
P005692,B004303,1,Credit Card,2241.26,Success,2025-12-27 00:22:00,
P005693,B004304,1,Bank Transfer,2614.96,Success,2026-03-30 00:25:00,
P005694,B004305,1,Digital Wallet,1250.63,Success,2026-05-05 00:26:00,
P005695,B004306,1,Bank Transfer,583.82,Failed,2026-09-21 00:28:00,Fraud Check
P005696,B004306,2,Debit Card,583.82,Failed,2026-09-21 00:34:32,Technical Error
P005697,B004306,3,Digital Wallet,583.82,Success,2026-09-21 00:46:20,
P005698,B004307,1,Credit Card,3497.89,Success,2026-10-15 00:17:00,
P005699,B004308,1,Credit Card,3144.73,Failed,2026-10-28 00:07:00,Card Declined
P005700,B004308,2,Bank Transfer,3144.73,Failed,2026-10-28 00:20:21,Payment Timeout
P005701,B004308,3,Digital Wallet,3144.73,Success,2026-10-28 00:21:41,
P005702,B004309,1,Debit Card,3300.93,Success,2026-01-20 00:18:00,
P005703,B004310,1,Debit Card,1647.51,Success,2026-09-04 00:40:00,
P005704,B004311,1,Credit Card,1576.75,Success,2025-11-20 00:48:00,
P005705,B004312,1,Bank Transfer,4236.33,Failed,2026-05-30 00:28:00,Technical Error
P005706,B004312,2,Apple Pay,4236.33,Failed,2026-05-30 00:36:29,Fraud Check
P005707,B004312,3,Digital Wallet,4236.33,Success,2026-05-30 00:48:13,
P005708,B004313,1,Bank Transfer,3925.64,Success,2026-09-30 00:44:00,
P005709,B004314,1,Digital Wallet,2015.56,Failed,2026-09-03 00:17:00,Card Declined
P005710,B004314,2,Apple Pay,2015.56,Failed,2026-09-03 00:20:54,Insufficient Funds
P005711,B004314,3,Digital Wallet,2015.56,Success,2026-09-03 00:35:36,
P005712,B004315,1,Bank Transfer,3370.13,Failed,2026-07-23 00:21:00,Payment Timeout
P005713,B004315,2,Digital Wallet,3370.13,Success,2026-07-23 00:24:25,
P005714,B004316,1,Digital Wallet,4226.68,Success,2026-04-27 00:37:00,
P005715,B004317,1,Debit Card,4499.73,Success,2026-07-31 00:38:00,
P005716,B004318,1,Apple Pay,526.13,Failed,2026-02-13 00:13:00,Insufficient Funds
P005717,B004318,2,Bank Transfer,526.13,Success,2026-02-13 00:18:45,
P005718,B004319,1,Credit Card,4160.58,Success,2026-03-25 00:14:00,
P005719,B004320,1,Apple Pay,2076.77,Success,2026-10-03 00:34:00,
P005720,B004321,1,Debit Card,3732.7,Success,2026-04-19 00:23:00,
P005721,B004322,1,Apple Pay,2171.31,Success,2026-01-20 00:26:00,
P005722,B004323,1,Bank Transfer,3228.12,Failed,2025-12-17 00:10:00,Card Declined
P005723,B004323,2,Credit Card,3228.12,Success,2025-12-17 00:14:59,
P005724,B004324,1,Apple Pay,3410.52,Failed,2026-06-16 00:35:00,Fraud Check
P005725,B004324,2,Debit Card,3410.52,Failed,2026-06-16 00:46:52,Card Declined
P005726,B004324,3,Credit Card,3410.52,Success,2026-06-16 01:00:47,
P005727,B004325,1,Credit Card,2322.47,Success,2026-12-03 00:27:00,
P005728,B004326,1,Credit Card,2807.53,Failed,2026-07-28 00:26:00,Technical Error
P005729,B004326,2,Bank Transfer,2807.53,Success,2026-07-28 00:30:19,
P005730,B004327,1,Credit Card,3768.41,Failed,2026-04-22 00:33:00,Payment Timeout
P005731,B004327,2,Credit Card,3768.41,Success,2026-04-22 00:37:25,
P005732,B004328,1,Bank Transfer,2643.37,Failed,2026-10-19 00:24:00,Fraud Check
P005733,B004328,2,Debit Card,2643.37,Failed,2026-10-19 00:26:38,Insufficient Funds
P005734,B004328,3,Credit Card,2643.37,Success,2026-10-19 00:39:49,
P005735,B004329,1,Apple Pay,562.91,Success,2026-08-03 00:51:00,
P005736,B004330,1,Credit Card,558.07,Success,2026-09-28 00:08:00,
P005737,B004331,1,Credit Card,3475.9,Success,2026-08-28 00:29:00,
P005738,B004332,1,Credit Card,4312.57,Success,2026-08-06 00:15:00,
P005739,B004333,1,Bank Transfer,4033.73,Success,2026-03-18 00:53:00,
P005740,B004334,1,Apple Pay,1896.8,Success,2026-05-11 00:40:00,
P005741,B004335,1,Bank Transfer,2620.08,Success,2026-04-04 00:10:00,
P005742,B004336,1,Credit Card,1553.72,Success,2026-03-28 00:16:00,
P005743,B004337,1,Credit Card,4951.17,Success,2025-11-30 00:38:00,
P005744,B004338,1,Credit Card,1672.28,Failed,2025-12-29 00:13:00,Insufficient Funds
P005745,B004338,2,Digital Wallet,1672.28,Success,2025-12-29 00:22:12,
P005746,B004339,1,Debit Card,2373.18,Success,2026-06-24 00:44:00,
P005747,B004340,1,Bank Transfer,3565.08,Success,2026-07-06 00:27:00,
P005748,B004341,1,Digital Wallet,4442.08,Success,2026-09-18 00:18:00,
P005749,B004342,1,Apple Pay,731.64,Failed,2026-01-29 00:12:00,Insufficient Funds
P005750,B004342,2,Credit Card,731.64,Success,2026-01-29 00:14:28,
P005751,B004343,1,Digital Wallet,1854.59,Success,2025-09-15 00:58:00,
P005752,B004344,1,Credit Card,3060.44,Success,2026-09-25 00:28:00,
P005753,B004345,1,Debit Card,3282.41,Success,2026-10-21 00:27:00,
P005754,B004346,1,Bank Transfer,815.12,Success,2025-09-22 00:19:00,
P005755,B004347,1,Credit Card,3488.35,Success,2025-12-10 00:40:00,
P005756,B004348,1,Apple Pay,2876.29,Success,2026-02-21 00:05:00,
P005757,B004349,1,Digital Wallet,4224.32,Success,2025-08-29 00:38:00,
P005758,B004350,1,Digital Wallet,1499.85,Success,2026-02-07 00:45:00,
P005759,B004351,1,Digital Wallet,1377.62,Success,2026-07-11 00:44:00,
P005760,B004352,1,Debit Card,4070.02,Success,2025-11-02 00:37:00,
P005761,B004353,1,Apple Pay,3667.41,Success,2026-06-22 00:54:00,
P005762,B004354,1,Credit Card,4062.53,Success,2025-10-26 00:15:00,
P005763,B004355,1,Credit Card,4018.7,Success,2026-05-05 00:36:00,
P005764,B004356,1,Apple Pay,968.0,Success,2026-08-28 00:13:00,
P005765,B004357,1,Digital Wallet,1753.62,Failed,2025-12-07 00:16:00,Fraud Check
P005766,B004357,2,Digital Wallet,1753.62,Failed,2025-12-07 00:17:42,Fraud Check
P005767,B004357,3,Debit Card,1753.62,Success,2025-12-07 00:28:31,
P005768,B004358,1,Digital Wallet,1670.38,Failed,2026-05-25 00:14:00,Card Declined
P005769,B004358,2,Apple Pay,1670.38,Success,2026-05-25 00:20:12,
P005770,B004359,1,Debit Card,4705.64,Success,2026-04-29 00:37:00,
P005771,B004360,1,Credit Card,2693.6,Failed,2026-03-09 00:59:00,Technical Error
P005772,B004360,2,Apple Pay,2693.6,Success,2026-03-09 01:09:16,
P005773,B004361,1,Credit Card,999.76,Success,2025-11-30 00:31:00,
P005774,B004362,1,Apple Pay,1803.1,Success,2026-09-28 00:19:00,
P005775,B004363,1,Bank Transfer,4423.56,Success,2026-03-18 00:19:00,
P005776,B004364,1,Debit Card,4311.8,Success,2026-08-25 00:46:00,
P005777,B004365,1,Apple Pay,4551.53,Success,2025-09-27 00:42:00,
P005778,B004366,1,Digital Wallet,2248.38,Success,2026-09-09 00:34:00,
P005779,B004367,1,Debit Card,3386.03,Success,2026-08-03 00:16:00,
P005780,B004368,1,Bank Transfer,1751.78,Success,2026-06-09 00:48:00,
P005781,B004369,1,Apple Pay,1313.71,Failed,2026-05-30 00:21:00,Card Declined
P005782,B004369,2,Digital Wallet,1313.71,Success,2026-05-30 00:28:47,
P005783,B004370,1,Credit Card,598.55,Success,2026-04-17 00:45:00,
P005784,B004371,1,Apple Pay,1505.48,Success,2026-09-12 00:32:00,
P005785,B004372,1,Bank Transfer,3219.68,Success,2026-07-19 00:50:00,
P005786,B004373,1,Bank Transfer,4568.95,Success,2026-02-14 00:50:00,
P005787,B004374,1,Credit Card,1100.39,Success,2026-01-09 00:49:00,
P005788,B004375,1,Apple Pay,4631.05,Success,2026-02-04 00:33:00,
P005789,B004376,1,Apple Pay,2054.23,Success,2026-01-19 00:06:00,
P005790,B004377,1,Credit Card,2420.73,Success,2026-07-09 00:14:00,
P005791,B004378,1,Debit Card,2142.4,Success,2025-11-03 00:37:00,
P005792,B004379,1,Bank Transfer,2338.74,Failed,2026-01-25 00:46:00,Fraud Check
P005793,B004379,2,Credit Card,2338.74,Success,2026-01-25 00:58:29,
P005794,B004380,1,Credit Card,1666.37,Success,2026-08-13 00:48:00,
P005795,B004381,1,Credit Card,3643.72,Failed,2026-10-28 00:59:00,Insufficient Funds
P005796,B004381,2,Digital Wallet,3643.72,Success,2026-10-28 01:06:26,
P005797,B004382,1,Debit Card,3911.82,Success,2026-05-09 00:14:00,
P005798,B004383,1,Debit Card,4204.01,Success,2026-06-18 00:35:00,
P005799,B004384,1,Apple Pay,2035.8,Success,2026-04-28 00:38:00,
P005800,B004385,1,Bank Transfer,3940.82,Success,2025-12-29 00:32:00,
P005801,B004386,1,Debit Card,3369.54,Failed,2025-09-30 00:54:00,Card Declined
P005802,B004386,2,Debit Card,3369.54,Success,2025-09-30 01:02:11,
P005803,B004387,1,Debit Card,4810.62,Success,2026-04-18 01:00:00,
P005804,B004388,1,Apple Pay,2411.53,Success,2026-09-20 00:55:00,
P005805,B004389,1,Credit Card,4965.39,Success,2026-09-19 00:13:00,
P005806,B004390,1,Digital Wallet,3831.77,Failed,2026-07-08 00:49:00,Fraud Check
P005807,B004390,2,Credit Card,3831.77,Success,2026-07-08 00:50:54,
P005808,B004391,1,Debit Card,3993.25,Success,2026-03-06 00:07:00,
P005809,B004392,1,Debit Card,615.67,Success,2026-02-26 00:44:00,
P005810,B004393,1,Apple Pay,2738.29,Success,2026-05-10 00:27:00,
P005811,B004394,1,Credit Card,2877.52,Success,2026-06-11 01:00:00,
P005812,B004395,1,Credit Card,682.7,Success,2026-03-11 00:51:00,
P005813,B004396,1,Bank Transfer,1904.59,Success,2025-10-12 00:53:00,
P005814,B004397,1,Bank Transfer,4800.4,Success,2026-08-22 00:29:00,
P005815,B004398,1,Credit Card,2417.5,Success,2026-07-05 00:47:00,
P005816,B004399,1,Apple Pay,1340.16,Failed,2026-05-18 00:57:00,Insufficient Funds
P005817,B004399,2,Bank Transfer,1340.16,Failed,2026-05-18 01:01:26,Fraud Check
P005818,B004399,3,Bank Transfer,1340.16,Success,2026-05-18 01:05:25,
P005819,B004400,1,Bank Transfer,2810.02,Success,2026-03-22 00:51:00,
P005820,B004401,1,Bank Transfer,651.95,Failed,2025-12-29 00:15:00,Insufficient Funds
P005821,B004401,2,Debit Card,651.95,Success,2025-12-29 00:22:14,
P005822,B004402,1,Bank Transfer,2821.95,Success,2026-04-26 00:50:00,
P005823,B004403,1,Credit Card,3174.21,Success,2025-09-17 00:39:00,
P005824,B004404,1,Debit Card,2109.62,Success,2026-10-06 00:13:00,
P005825,B004405,1,Digital Wallet,3931.59,Success,2026-02-01 00:10:00,
P005826,B004406,1,Bank Transfer,1110.71,Failed,2026-05-25 00:14:00,Card Declined
P005827,B004406,2,Credit Card,1110.71,Failed,2026-05-25 00:25:21,Fraud Check
P005828,B004406,3,Bank Transfer,1110.71,Success,2026-05-25 00:38:34,
P005829,B004407,1,Debit Card,4451.83,Success,2026-05-02 00:10:00,
P005830,B004408,1,Debit Card,4799.5,Failed,2025-09-22 00:58:00,Technical Error
P005831,B004408,2,Credit Card,4799.5,Success,2025-09-22 01:01:13,
P005832,B004409,1,Apple Pay,505.56,Failed,2026-10-23 00:42:00,Fraud Check
P005833,B004409,2,Credit Card,505.56,Failed,2026-10-23 00:55:44,Insufficient Funds
P005834,B004409,3,Apple Pay,505.56,Success,2026-10-23 01:04:05,
P005835,B004410,1,Bank Transfer,4292.25,Success,2025-11-17 00:18:00,
P005836,B004411,1,Digital Wallet,2777.47,Failed,2025-11-05 00:10:00,Card Declined
P005837,B004411,2,Bank Transfer,2777.47,Failed,2025-11-05 00:19:51,Fraud Check
P005838,B004411,3,Debit Card,2777.47,Success,2025-11-05 00:25:33,
P005839,B004412,1,Debit Card,2576.33,Success,2026-10-07 00:21:00,
P005840,B004413,1,Apple Pay,1574.06,Success,2026-05-03 00:06:00,
P005841,B004414,1,Digital Wallet,2512.96,Success,2026-08-21 00:51:00,
P005842,B004415,1,Apple Pay,4776.92,Success,2025-10-26 00:23:00,
P005843,B004416,1,Debit Card,1448.54,Success,2026-05-20 00:05:00,
P005844,B004417,1,Debit Card,1305.69,Success,2026-04-13 00:06:00,
P005845,B004418,1,Apple Pay,1588.53,Success,2026-04-12 00:14:00,
P005846,B004419,1,Debit Card,2983.25,Success,2026-07-27 00:17:00,
P005847,B004420,1,Debit Card,4686.35,Success,2026-05-14 01:00:00,
P005848,B004421,1,Apple Pay,3082.47,Success,2025-11-12 00:29:00,
P005849,B004422,1,Credit Card,1595.67,Success,2025-11-27 00:25:00,
P005850,B004423,1,Digital Wallet,2482.04,Success,2026-06-25 00:45:00,
P005851,B004424,1,Digital Wallet,2256.8,Failed,2026-05-25 00:39:00,Payment Timeout
P005852,B004424,2,Debit Card,2256.8,Success,2026-05-25 00:49:16,
P005853,B004425,1,Bank Transfer,709.56,Success,2026-08-16 00:32:00,
P005854,B004426,1,Bank Transfer,2797.89,Failed,2026-05-11 00:39:00,Fraud Check
P005855,B004426,2,Debit Card,2797.89,Success,2026-05-11 00:50:22,
P005856,B004427,1,Bank Transfer,1067.03,Failed,2026-04-14 01:00:00,Fraud Check
P005857,B004427,2,Apple Pay,1067.03,Failed,2026-04-14 01:09:13,Fraud Check
P005858,B004427,3,Bank Transfer,1067.03,Success,2026-04-14 01:14:59,
P005859,B004428,1,Apple Pay,4290.1,Success,2026-11-13 00:48:00,
P005860,B004429,1,Credit Card,2970.33,Failed,2026-02-07 00:32:00,Technical Error
P005861,B004429,2,Apple Pay,2970.33,Failed,2026-02-07 00:45:27,Card Declined
P005862,B004429,3,Debit Card,2970.33,Success,2026-02-07 00:55:15,
P005863,B004430,1,Bank Transfer,4300.73,Success,2026-05-16 00:57:00,
P005864,B004431,1,Digital Wallet,4802.2,Success,2026-04-14 00:05:00,
P005865,B004432,1,Apple Pay,4744.35,Failed,2026-07-26 00:47:00,Insufficient Funds
P005866,B004432,2,Bank Transfer,4744.35,Failed,2026-07-26 00:52:18,Technical Error
P005867,B004432,3,Digital Wallet,4744.35,Success,2026-07-26 00:53:56,
P005868,B004433,1,Debit Card,951.93,Success,2026-04-25 00:26:00,
P005869,B004434,1,Bank Transfer,4751.68,Success,2026-04-15 00:56:00,
P005870,B004435,1,Debit Card,4080.86,Success,2026-06-12 00:20:00,
P005871,B004436,1,Apple Pay,3999.46,Success,2025-11-02 00:11:00,
P005872,B004437,1,Credit Card,905.58,Failed,2026-06-19 00:13:00,Card Declined
P005873,B004437,2,Apple Pay,905.58,Success,2026-06-19 00:18:18,
P005874,B004438,1,Debit Card,1307.82,Success,2026-08-22 00:50:00,
P005875,B004439,1,Apple Pay,4888.24,Failed,2026-09-18 00:20:00,Payment Timeout
P005876,B004439,2,Digital Wallet,4888.24,Success,2026-09-18 00:31:40,
P005877,B004440,1,Credit Card,1460.17,Failed,2026-04-28 00:45:00,Payment Timeout
P005878,B004440,2,Debit Card,1460.17,Success,2026-04-28 00:48:26,
P005879,B004441,1,Debit Card,1260.74,Success,2026-05-01 00:10:00,
P005880,B004442,1,Debit Card,2130.58,Success,2026-01-08 00:31:00,
P005881,B004443,1,Credit Card,4610.1,Success,2026-06-06 00:59:00,
P005882,B004444,1,Debit Card,2642.87,Success,2026-09-21 00:55:00,
P005883,B004445,1,Debit Card,4642.63,Success,2026-02-14 00:52:00,
P005884,B004446,1,Apple Pay,2004.52,Success,2026-06-07 00:05:00,
P005885,B004447,1,Apple Pay,1519.38,Success,2026-08-09 00:47:00,
P005886,B004448,1,Bank Transfer,2728.41,Failed,2026-09-17 00:51:00,Fraud Check
P005887,B004448,2,Bank Transfer,2728.41,Success,2026-09-17 00:55:55,
P005888,B004449,1,Bank Transfer,3269.65,Success,2025-11-16 00:38:00,
P005889,B004450,1,Apple Pay,2261.75,Success,2025-12-26 00:38:00,
P005890,B004451,1,Apple Pay,2057.14,Success,2026-06-28 00:34:00,
P005891,B004452,1,Bank Transfer,1481.27,Failed,2026-03-29 00:47:00,Card Declined
P005892,B004452,2,Bank Transfer,1481.27,Success,2026-03-29 00:50:26,
P005893,B004453,1,Debit Card,1737.53,Failed,2026-03-25 00:12:00,Payment Timeout
P005894,B004453,2,Debit Card,1737.53,Failed,2026-03-25 00:17:59,Fraud Check
P005895,B004453,3,Digital Wallet,1737.53,Success,2026-03-25 00:20:39,
P005896,B004454,1,Debit Card,3529.03,Success,2026-08-04 00:18:00,
P005897,B004455,1,Digital Wallet,2164.43,Success,2026-05-31 00:51:00,
P005898,B004456,1,Bank Transfer,858.91,Success,2026-11-10 00:13:00,
P005899,B004457,1,Credit Card,1121.7,Success,2026-08-11 00:19:00,
P005900,B004458,1,Apple Pay,2175.71,Success,2026-03-29 00:40:00,
P005901,B004459,1,Apple Pay,4660.26,Success,2026-08-03 00:07:00,
P005902,B004460,1,Bank Transfer,2205.64,Failed,2026-05-16 00:29:00,Technical Error
P005903,B004460,2,Debit Card,2205.64,Failed,2026-05-16 00:32:20,Card Declined
P005904,B004460,3,Bank Transfer,2205.64,Success,2026-05-16 00:33:53,
P005905,B004461,1,Apple Pay,772.89,Success,2026-01-20 00:11:00,
P005906,B004462,1,Digital Wallet,2380.97,Success,2026-07-01 00:09:00,
P005907,B004463,1,Debit Card,3509.68,Success,2025-08-11 00:58:00,
P005908,B004464,1,Credit Card,3171.18,Success,2026-05-04 00:37:00,
P005909,B004465,1,Debit Card,1754.61,Failed,2026-06-10 00:13:00,Payment Timeout
P005910,B004465,2,Debit Card,1754.61,Failed,2026-06-10 00:20:45,Fraud Check
P005911,B004465,3,Debit Card,1754.61,Success,2026-06-10 00:23:10,
P005912,B004466,1,Bank Transfer,3596.4,Success,2026-08-17 00:31:00,
P005913,B004467,1,Debit Card,3337.81,Success,2026-01-28 01:00:00,
P005914,B004468,1,Debit Card,1274.78,Success,2026-03-12 00:27:00,
P005915,B004469,1,Debit Card,1229.65,Success,2026-03-14 00:56:00,
P005916,B004470,1,Debit Card,2962.32,Failed,2026-01-23 00:07:00,Payment Timeout
P005917,B004470,2,Apple Pay,2962.32,Success,2026-01-23 00:21:40,
P005918,B004471,1,Digital Wallet,3467.47,Success,2026-05-08 00:24:00,
P005919,B004472,1,Apple Pay,4828.6,Success,2026-09-22 00:45:00,
P005920,B004473,1,Bank Transfer,2398.69,Success,2025-11-17 00:59:00,
P005921,B004474,1,Bank Transfer,3942.23,Failed,2026-05-18 00:26:00,Payment Timeout
P005922,B004474,2,Bank Transfer,3942.23,Success,2026-05-18 00:39:27,
P005923,B004475,1,Apple Pay,1024.34,Failed,2026-04-06 00:22:00,Card Declined
P005924,B004475,2,Debit Card,1024.34,Failed,2026-04-06 00:25:51,Card Declined
P005925,B004475,3,Bank Transfer,1024.34,Success,2026-04-06 00:32:24,
P005926,B004476,1,Bank Transfer,4503.24,Success,2025-12-04 00:09:00,
P005927,B004477,1,Bank Transfer,3348.98,Success,2026-06-24 00:58:00,
P005928,B004478,1,Bank Transfer,3330.64,Failed,2025-11-09 00:40:00,Fraud Check
P005929,B004478,2,Credit Card,3330.64,Success,2025-11-09 00:44:19,
P005930,B004479,1,Digital Wallet,1140.99,Success,2026-04-05 00:43:00,
P005931,B004480,1,Digital Wallet,678.13,Failed,2026-06-01 00:21:00,Fraud Check
P005932,B004480,2,Apple Pay,678.13,Success,2026-06-01 00:32:56,
P005933,B004481,1,Digital Wallet,3656.52,Success,2025-10-28 00:57:00,
P005934,B004482,1,Digital Wallet,1026.75,Success,2025-10-17 00:28:00,
P005935,B004483,1,Apple Pay,1071.37,Success,2026-01-15 00:07:00,
P005936,B004484,1,Debit Card,1343.75,Failed,2026-06-12 00:17:00,Card Declined
P005937,B004484,2,Credit Card,1343.75,Success,2026-06-12 00:24:11,
P005938,B004485,1,Digital Wallet,939.86,Failed,2025-11-20 00:23:00,Insufficient Funds
P005939,B004485,2,Digital Wallet,939.86,Success,2025-11-20 00:31:18,
P005940,B004486,1,Credit Card,3314.27,Success,2026-06-22 00:23:00,
P005941,B004487,1,Bank Transfer,2399.02,Success,2026-08-25 00:46:00,
P005942,B004488,1,Credit Card,1697.43,Success,2026-10-14 00:52:00,
P005943,B004489,1,Bank Transfer,2483.37,Success,2026-06-23 00:42:00,
P005944,B004490,1,Bank Transfer,4298.63,Failed,2026-05-06 00:46:00,Payment Timeout
P005945,B004490,2,Bank Transfer,4298.63,Failed,2026-05-06 00:52:36,Insufficient Funds
P005946,B004490,3,Bank Transfer,4298.63,Success,2026-05-06 01:02:53,
P005947,B004491,1,Digital Wallet,4671.86,Success,2026-01-04 00:45:00,
P005948,B004492,1,Apple Pay,2693.64,Success,2026-03-31 00:21:00,
P005949,B004493,1,Apple Pay,3050.39,Success,2026-06-16 00:05:00,
P005950,B004494,1,Credit Card,1657.4,Success,2026-03-05 00:18:00,
P005951,B004495,1,Apple Pay,2811.2,Success,2026-10-17 00:38:00,
P005952,B004496,1,Digital Wallet,3866.54,Success,2026-07-28 00:37:00,
P005953,B004497,1,Digital Wallet,2714.62,Success,2026-04-10 00:23:00,
P005954,B004498,1,Debit Card,1859.33,Success,2026-03-05 00:57:00,
P005955,B004499,1,Bank Transfer,3119.15,Success,2026-02-25 00:34:00,
P005956,B004500,1,Apple Pay,4759.95,Success,2026-07-12 00:13:00,
P005957,B004501,1,Debit Card,4495.93,Success,2026-05-13 00:30:00,
P005958,B004502,1,Bank Transfer,3961.59,Success,2026-02-10 00:22:00,
P005959,B004503,1,Digital Wallet,1742.94,Success,2026-06-09 00:36:00,
P005960,B004504,1,Credit Card,1587.02,Failed,2026-02-26 00:05:00,Technical Error
P005961,B004504,2,Bank Transfer,1587.02,Success,2026-02-26 00:09:59,
P005962,B004505,1,Credit Card,4273.42,Success,2026-05-20 00:40:00,
P005963,B004506,1,Apple Pay,1315.93,Success,2026-05-24 00:32:00,
P005964,B004507,1,Digital Wallet,3225.25,Success,2026-01-19 00:27:00,
P005965,B004508,1,Digital Wallet,2475.18,Success,2025-10-17 00:10:00,
P005966,B004509,1,Digital Wallet,2605.94,Failed,2025-11-05 00:42:00,Fraud Check
P005967,B004509,2,Credit Card,2605.94,Success,2025-11-05 00:55:46,
P005968,B004510,1,Apple Pay,2545.45,Failed,2026-01-04 00:31:00,Fraud Check
P005969,B004510,2,Debit Card,2545.45,Success,2026-01-04 00:35:21,
P005970,B004511,1,Credit Card,4549.78,Success,2025-10-30 00:21:00,
P005971,B004512,1,Credit Card,891.92,Success,2026-01-16 00:22:00,
P005972,B004513,1,Debit Card,4023.06,Success,2026-05-23 00:45:00,
P005973,B004514,1,Digital Wallet,4257.56,Failed,2026-06-26 00:20:00,Fraud Check
P005974,B004514,2,Debit Card,4257.56,Success,2026-06-26 00:30:44,
P005975,B004515,1,Bank Transfer,4742.95,Success,2026-07-12 00:54:00,
P005976,B004516,1,Digital Wallet,2536.7,Failed,2026-07-22 00:17:00,Technical Error
P005977,B004516,2,Credit Card,2536.7,Success,2026-07-22 00:29:42,
P005978,B004517,1,Bank Transfer,2750.29,Failed,2025-12-25 00:44:00,Insufficient Funds
P005979,B004517,2,Bank Transfer,2750.29,Success,2025-12-25 00:56:59,
P005980,B004518,1,Debit Card,4825.83,Failed,2026-04-26 00:06:00,Insufficient Funds
P005981,B004518,2,Bank Transfer,4825.83,Failed,2026-04-26 00:19:39,Fraud Check
P005982,B004518,3,Credit Card,4825.83,Success,2026-04-26 00:32:25,
P005983,B004519,1,Apple Pay,2563.03,Success,2025-12-31 00:31:00,
P005984,B004520,1,Bank Transfer,2765.97,Success,2026-04-13 00:20:00,
P005985,B004521,1,Digital Wallet,1995.14,Success,2025-11-21 00:10:00,
P005986,B004522,1,Digital Wallet,642.32,Success,2026-02-14 00:46:00,
P005987,B004523,1,Bank Transfer,2448.75,Success,2026-02-11 00:41:00,
P005988,B004524,1,Credit Card,3447.91,Success,2025-12-31 00:58:00,
P005989,B004525,1,Credit Card,3604.76,Success,2025-11-13 00:41:00,
P005990,B004526,1,Digital Wallet,529.29,Failed,2025-09-25 00:36:00,Fraud Check
P005991,B004526,2,Digital Wallet,529.29,Failed,2025-09-25 00:39:23,Card Declined
P005992,B004526,3,Bank Transfer,529.29,Success,2025-09-25 00:54:22,
P005993,B004527,1,Apple Pay,4104.74,Failed,2025-08-24 00:07:00,Card Declined
P005994,B004527,2,Apple Pay,4104.74,Success,2025-08-24 00:14:46,
P005995,B004528,1,Digital Wallet,2715.87,Failed,2025-12-10 00:08:00,Insufficient Funds
P005996,B004528,2,Apple Pay,2715.87,Failed,2025-12-10 00:13:40,Insufficient Funds
P005997,B004528,3,Bank Transfer,2715.87,Success,2025-12-10 00:24:11,
P005998,B004529,1,Digital Wallet,2843.35,Failed,2026-04-15 00:29:00,Insufficient Funds
P005999,B004529,2,Credit Card,2843.35,Success,2026-04-15 00:30:55,
P006000,B004530,1,Debit Card,4827.85,Failed,2026-07-20 00:49:00,Fraud Check
P006001,B004530,2,Apple Pay,4827.85,Failed,2026-07-20 00:59:41,Card Declined
P006002,B004530,3,Apple Pay,4827.85,Success,2026-07-20 01:02:08,
P006003,B004531,1,Debit Card,1780.08,Success,2025-12-13 00:09:00,
P006004,B004532,1,Bank Transfer,3927.43,Success,2026-05-08 00:43:00,
P006005,B004533,1,Debit Card,3086.49,Failed,2026-07-03 00:20:00,Technical Error
P006006,B004533,2,Bank Transfer,3086.49,Success,2026-07-03 00:22:15,
P006007,B004534,1,Credit Card,3653.59,Success,2025-11-07 00:55:00,
P006008,B004535,1,Digital Wallet,2380.18,Success,2026-05-01 00:08:00,
P006009,B004536,1,Apple Pay,1756.43,Success,2025-09-03 00:12:00,
P006010,B004537,1,Bank Transfer,2957.57,Success,2025-11-20 00:15:00,
P006011,B004538,1,Debit Card,2187.24,Success,2026-07-22 00:22:00,
P006012,B004539,1,Debit Card,1503.1,Success,2026-06-09 00:20:00,
P006013,B004540,1,Digital Wallet,4276.56,Failed,2026-06-14 00:55:00,Fraud Check
P006014,B004540,2,Debit Card,4276.56,Failed,2026-06-14 01:06:34,Insufficient Funds
P006015,B004540,3,Credit Card,4276.56,Success,2026-06-14 01:18:55,
P006016,B004541,1,Debit Card,2641.24,Success,2025-12-17 00:12:00,
P006017,B004542,1,Debit Card,4312.92,Failed,2026-06-11 00:45:00,Card Declined
P006018,B004542,2,Bank Transfer,4312.92,Success,2026-06-11 00:47:44,
P006019,B004543,1,Apple Pay,2633.14,Success,2025-11-10 00:32:00,
P006020,B004544,1,Debit Card,3005.59,Success,2026-03-18 00:52:00,
P006021,B004545,1,Apple Pay,4978.76,Failed,2026-02-13 01:00:00,Card Declined
P006022,B004545,2,Bank Transfer,4978.76,Success,2026-02-13 01:10:30,
P006023,B004546,1,Apple Pay,4781.77,Success,2026-06-25 00:14:00,
P006024,B004547,1,Digital Wallet,1722.6,Success,2026-07-04 00:37:00,
P006025,B004548,1,Digital Wallet,4408.95,Failed,2026-05-30 00:33:00,Insufficient Funds
P006026,B004548,2,Bank Transfer,4408.95,Failed,2026-05-30 00:38:15,Insufficient Funds
P006027,B004548,3,Apple Pay,4408.95,Success,2026-05-30 00:53:06,
P006028,B004549,1,Apple Pay,2256.82,Success,2026-02-16 00:31:00,
P006029,B004550,1,Apple Pay,820.62,Success,2026-05-21 00:31:00,
P006030,B004551,1,Bank Transfer,3091.01,Success,2026-04-17 00:07:00,
P006031,B004552,1,Credit Card,4896.73,Success,2026-05-25 00:34:00,
P006032,B004553,1,Debit Card,4884.41,Success,2026-08-03 00:57:00,
P006033,B004554,1,Apple Pay,1069.09,Success,2026-03-02 00:12:00,
P006034,B004555,1,Apple Pay,3970.56,Success,2025-09-07 00:59:00,
P006035,B004556,1,Bank Transfer,4112.75,Success,2026-02-09 01:00:00,
P006036,B004557,1,Digital Wallet,2159.35,Failed,2026-03-18 00:56:00,Fraud Check
P006037,B004557,2,Bank Transfer,2159.35,Failed,2026-03-18 01:03:26,Card Declined
P006038,B004557,3,Apple Pay,2159.35,Success,2026-03-18 01:10:24,
P006039,B004558,1,Bank Transfer,3463.68,Success,2026-04-29 01:00:00,
P006040,B004559,1,Credit Card,2696.72,Success,2025-09-04 00:45:00,
P006041,B004560,1,Credit Card,1525.52,Failed,2025-10-04 00:14:00,Payment Timeout
P006042,B004560,2,Digital Wallet,1525.52,Success,2025-10-04 00:27:33,
P006043,B004561,1,Apple Pay,3925.69,Success,2026-06-15 00:31:00,
P006044,B004562,1,Debit Card,1682.39,Success,2026-01-20 00:43:00,
P006045,B004563,1,Credit Card,2032.01,Failed,2026-07-06 00:49:00,Insufficient Funds
P006046,B004563,2,Debit Card,2032.01,Success,2026-07-06 00:52:30,
P006047,B004564,1,Debit Card,1355.08,Success,2026-09-04 00:36:00,
P006048,B004565,1,Debit Card,3736.72,Failed,2025-10-29 00:36:00,Payment Timeout
P006049,B004565,2,Apple Pay,3736.72,Success,2025-10-29 00:38:50,
P006050,B004566,1,Debit Card,2564.26,Success,2026-06-21 00:41:00,
P006051,B004567,1,Apple Pay,2495.18,Success,2026-10-01 00:51:00,
P006052,B004568,1,Digital Wallet,3220.53,Success,2025-11-18 00:09:00,
P006053,B004569,1,Credit Card,1207.69,Success,2026-02-24 01:00:00,
P006054,B004570,1,Bank Transfer,4541.69,Success,2026-01-27 00:56:00,
P006055,B004571,1,Apple Pay,2592.99,Success,2025-08-27 00:46:00,
P006056,B004572,1,Debit Card,2149.37,Failed,2026-11-22 00:31:00,Insufficient Funds
P006057,B004572,2,Digital Wallet,2149.37,Success,2026-11-22 00:44:17,
P006058,B004573,1,Debit Card,1070.11,Success,2026-04-12 00:05:00,
P006059,B004574,1,Bank Transfer,1255.79,Failed,2026-07-05 00:51:00,Technical Error
P006060,B004574,2,Bank Transfer,1255.79,Success,2026-07-05 01:00:26,
P006061,B004575,1,Credit Card,4641.62,Failed,2025-11-04 00:16:00,Technical Error
P006062,B004575,2,Debit Card,4641.62,Failed,2025-11-04 00:21:46,Payment Timeout
P006063,B004575,3,Credit Card,4641.62,Success,2025-11-04 00:32:03,
P006064,B004576,1,Digital Wallet,2554.78,Success,2026-06-28 00:47:00,
P006065,B004577,1,Apple Pay,3749.83,Success,2026-11-18 00:41:00,
P006066,B004578,1,Debit Card,862.32,Success,2026-03-03 00:08:00,
P006067,B004579,1,Credit Card,3395.59,Success,2025-09-07 00:25:00,
P006068,B004580,1,Apple Pay,4646.84,Success,2026-09-04 00:05:00,
P006069,B004581,1,Debit Card,1849.84,Success,2026-04-17 00:11:00,
P006070,B004582,1,Bank Transfer,3106.13,Success,2025-11-03 00:58:00,
P006071,B004583,1,Apple Pay,4730.99,Failed,2025-08-08 00:46:00,Payment Timeout
P006072,B004583,2,Credit Card,4730.99,Success,2025-08-08 00:55:55,
P006073,B004584,1,Bank Transfer,3736.95,Failed,2025-10-06 00:12:00,Payment Timeout
P006074,B004584,2,Bank Transfer,3736.95,Success,2025-10-06 00:19:19,
P006075,B004585,1,Credit Card,780.46,Success,2026-01-08 00:42:00,
P006076,B004586,1,Credit Card,2204.32,Failed,2026-07-12 00:10:00,Card Declined
P006077,B004586,2,Credit Card,2204.32,Failed,2026-07-12 00:18:34,Fraud Check
P006078,B004586,3,Debit Card,2204.32,Success,2026-07-12 00:20:57,
P006079,B004587,1,Debit Card,885.98,Failed,2026-02-04 00:06:00,Technical Error
P006080,B004587,2,Bank Transfer,885.98,Success,2026-02-04 00:13:31,
P006081,B004588,1,Bank Transfer,4375.93,Success,2025-11-13 00:43:00,
P006082,B004589,1,Bank Transfer,3297.48,Success,2025-12-21 00:56:00,
P006083,B004590,1,Bank Transfer,4803.72,Success,2026-01-15 00:30:00,
P006084,B004591,1,Apple Pay,588.9,Success,2026-09-22 00:09:00,
P006085,B004592,1,Credit Card,2403.89,Success,2026-07-10 00:19:00,
P006086,B004593,1,Digital Wallet,969.64,Success,2026-08-30 00:09:00,
P006087,B004594,1,Bank Transfer,2077.2,Success,2026-08-17 00:26:00,
P006088,B004595,1,Digital Wallet,1228.49,Success,2026-04-12 00:55:00,
P006089,B004596,1,Apple Pay,1979.57,Success,2026-08-24 00:32:00,
P006090,B004597,1,Credit Card,4186.68,Success,2026-08-18 00:46:00,
P006091,B004598,1,Bank Transfer,1223.15,Success,2026-01-12 00:21:00,
P006092,B004599,1,Credit Card,2631.49,Failed,2026-10-06 00:44:00,Payment Timeout
P006093,B004599,2,Bank Transfer,2631.49,Failed,2026-10-06 00:47:28,Card Declined
P006094,B004599,3,Debit Card,2631.49,Success,2026-10-06 00:49:08,
P006095,B004600,1,Digital Wallet,4647.12,Failed,2025-09-15 00:57:00,Payment Timeout
P006096,B004600,2,Credit Card,4647.12,Failed,2025-09-15 01:07:35,Insufficient Funds
P006097,B004600,3,Debit Card,4647.12,Success,2025-09-15 01:13:57,
P006098,B004601,1,Apple Pay,4994.51,Success,2026-10-06 00:09:00,
P006099,B004602,1,Apple Pay,1627.89,Failed,2026-11-05 00:34:00,Technical Error
P006100,B004602,2,Digital Wallet,1627.89,Success,2026-11-05 00:41:30,
P006101,B004603,1,Digital Wallet,4710.06,Success,2026-05-11 00:44:00,
P006102,B004604,1,Apple Pay,1676.25,Failed,2026-06-17 00:15:00,Technical Error
P006103,B004604,2,Debit Card,1676.25,Failed,2026-06-17 00:21:18,Insufficient Funds
P006104,B004604,3,Bank Transfer,1676.25,Success,2026-06-17 00:27:14,
P006105,B004605,1,Credit Card,2360.88,Success,2025-10-07 00:36:00,
P006106,B004606,1,Apple Pay,4450.66,Success,2026-05-04 00:37:00,
P006107,B004607,1,Debit Card,4037.79,Success,2025-08-27 00:13:00,
P006108,B004608,1,Debit Card,4358.69,Success,2026-09-08 00:34:00,
P006109,B004609,1,Credit Card,4101.16,Success,2026-07-09 00:43:00,
P006110,B004610,1,Debit Card,1557.77,Success,2026-04-18 00:39:00,
P006111,B004611,1,Debit Card,3014.58,Success,2026-07-20 00:27:00,
P006112,B004612,1,Bank Transfer,2233.63,Success,2026-08-20 00:27:00,
P006113,B004613,1,Digital Wallet,2568.7,Failed,2026-05-30 00:52:00,Fraud Check
P006114,B004613,2,Credit Card,2568.7,Success,2026-05-30 00:55:35,
P006115,B004614,1,Bank Transfer,1192.8,Success,2026-05-30 00:55:00,
P006116,B004615,1,Credit Card,1920.95,Failed,2026-12-01 00:40:00,Technical Error
P006117,B004615,2,Apple Pay,1920.95,Failed,2026-12-01 00:42:17,Fraud Check
P006118,B004615,3,Digital Wallet,1920.95,Success,2026-12-01 00:57:02,
P006119,B004616,1,Bank Transfer,4359.41,Failed,2026-04-14 00:30:00,Card Declined
P006120,B004616,2,Credit Card,4359.41,Success,2026-04-14 00:35:53,
P006121,B004617,1,Debit Card,4539.01,Success,2026-05-27 00:08:00,
P006122,B004618,1,Apple Pay,3245.69,Success,2026-07-14 00:57:00,
P006123,B004619,1,Bank Transfer,2742.2,Success,2025-12-05 00:28:00,
P006124,B004620,1,Credit Card,3707.78,Success,2026-03-05 00:22:00,
P006125,B004621,1,Bank Transfer,3239.84,Success,2026-04-15 00:49:00,
P006126,B004622,1,Credit Card,4926.54,Success,2026-10-14 00:14:00,
P006127,B004623,1,Digital Wallet,1355.4,Success,2026-03-30 00:26:00,
P006128,B004624,1,Bank Transfer,2520.7,Failed,2025-12-24 00:34:00,Technical Error
P006129,B004624,2,Debit Card,2520.7,Success,2025-12-24 00:41:51,
P006130,B004625,1,Bank Transfer,4632.08,Success,2026-05-29 00:58:00,
P006131,B004626,1,Credit Card,4616.32,Success,2026-11-09 00:16:00,
P006132,B004627,1,Apple Pay,2729.06,Success,2026-04-23 00:50:00,
P006133,B004628,1,Apple Pay,1106.64,Success,2025-11-01 00:37:00,
P006134,B004629,1,Apple Pay,4167.31,Success,2026-03-20 00:58:00,
P006135,B004630,1,Bank Transfer,3133.24,Success,2026-03-29 00:25:00,
P006136,B004631,1,Credit Card,3979.25,Failed,2026-02-09 00:30:00,Fraud Check
P006137,B004631,2,Credit Card,3979.25,Success,2026-02-09 00:35:20,
P006138,B004632,1,Debit Card,2581.36,Success,2026-04-29 00:17:00,
P006139,B004633,1,Digital Wallet,1417.48,Success,2026-07-26 00:48:00,
P006140,B004634,1,Bank Transfer,607.95,Success,2026-06-16 00:46:00,
P006141,B004635,1,Apple Pay,3016.12,Success,2026-10-03 00:16:00,
P006142,B004636,1,Debit Card,1224.71,Success,2026-02-12 00:13:00,
P006143,B004637,1,Debit Card,1342.12,Success,2026-08-07 00:19:00,
P006144,B004638,1,Credit Card,2463.38,Success,2026-08-26 00:57:00,
P006145,B004639,1,Bank Transfer,2489.35,Success,2026-03-16 00:58:00,
P006146,B004640,1,Debit Card,1734.74,Success,2026-02-12 00:40:00,
P006147,B004641,1,Bank Transfer,1093.65,Success,2025-11-15 00:50:00,
P006148,B004642,1,Bank Transfer,4752.29,Success,2026-08-24 00:56:00,
P006149,B004643,1,Apple Pay,1092.38,Success,2026-01-22 00:51:00,
P006150,B004644,1,Credit Card,2078.48,Success,2025-09-15 00:22:00,
P006151,B004645,1,Debit Card,1871.91,Failed,2026-07-05 00:17:00,Insufficient Funds
P006152,B004645,2,Digital Wallet,1871.91,Success,2026-07-05 00:28:59,
P006153,B004646,1,Credit Card,4398.52,Success,2026-06-10 00:41:00,
P006154,B004647,1,Credit Card,2345.28,Failed,2025-11-06 00:36:00,Card Declined
P006155,B004647,2,Bank Transfer,2345.28,Failed,2025-11-06 00:40:58,Insufficient Funds
P006156,B004647,3,Apple Pay,2345.28,Success,2025-11-06 00:55:16,
P006157,B004648,1,Credit Card,1058.2,Success,2025-11-01 00:47:00,
P006158,B004649,1,Digital Wallet,546.17,Success,2026-03-23 00:13:00,
P006159,B004650,1,Digital Wallet,3748.77,Success,2026-01-14 00:13:00,
P006160,B004651,1,Digital Wallet,3715.25,Success,2026-02-15 00:28:00,
P006161,B004652,1,Bank Transfer,2380.03,Success,2025-11-05 00:46:00,
P006162,B004653,1,Bank Transfer,1068.39,Success,2026-04-09 00:41:00,
P006163,B004654,1,Debit Card,2172.35,Success,2025-08-26 00:14:00,
P006164,B004655,1,Bank Transfer,3154.47,Failed,2025-11-15 00:32:00,Fraud Check
P006165,B004655,2,Bank Transfer,3154.47,Success,2025-11-15 00:36:15,
P006166,B004656,1,Credit Card,3667.74,Success,2025-12-01 00:15:00,
P006167,B004657,1,Bank Transfer,852.08,Success,2025-12-11 00:19:00,
P006168,B004658,1,Debit Card,3003.38,Success,2025-12-11 00:47:00,
P006169,B004659,1,Apple Pay,1742.56,Failed,2026-06-17 00:14:00,Technical Error
P006170,B004659,2,Digital Wallet,1742.56,Success,2026-06-17 00:17:46,
P006171,B004660,1,Apple Pay,3277.7,Success,2026-02-28 00:48:00,
P006172,B004661,1,Bank Transfer,3416.63,Failed,2026-07-04 00:19:00,Payment Timeout
P006173,B004661,2,Debit Card,3416.63,Success,2026-07-04 00:27:16,
P006174,B004662,1,Bank Transfer,4597.72,Success,2025-10-02 00:55:00,
P006175,B004663,1,Debit Card,2346.7,Failed,2025-11-10 00:55:00,Payment Timeout
P006176,B004663,2,Bank Transfer,2346.7,Success,2025-11-10 01:05:15,
P006177,B004664,1,Debit Card,2919.16,Failed,2026-04-07 00:33:00,Technical Error
P006178,B004664,2,Debit Card,2919.16,Success,2026-04-07 00:44:35,
P006179,B004665,1,Bank Transfer,1706.97,Success,2026-03-04 00:16:00,
P006180,B004666,1,Debit Card,1789.51,Success,2026-08-12 00:25:00,
P006181,B004667,1,Credit Card,707.15,Success,2026-09-03 00:35:00,
P006182,B004668,1,Bank Transfer,1787.31,Success,2026-01-25 00:33:00,
P006183,B004669,1,Debit Card,787.23,Success,2026-02-14 00:12:00,
P006184,B004670,1,Digital Wallet,4837.62,Failed,2026-03-15 00:15:00,Technical Error
P006185,B004670,2,Digital Wallet,4837.62,Success,2026-03-15 00:20:55,
P006186,B004671,1,Credit Card,3309.18,Failed,2025-07-25 00:15:00,Insufficient Funds
P006187,B004671,2,Bank Transfer,3309.18,Success,2025-07-25 00:17:53,
P006188,B004672,1,Credit Card,1279.17,Failed,2025-10-26 00:22:00,Payment Timeout
P006189,B004672,2,Digital Wallet,1279.17,Success,2025-10-26 00:29:22,
P006190,B004673,1,Bank Transfer,1025.45,Success,2026-01-16 00:08:00,
P006191,B004674,1,Bank Transfer,2165.55,Success,2026-10-22 00:17:00,
P006192,B004675,1,Apple Pay,1884.41,Success,2025-11-08 00:18:00,
P006193,B004676,1,Credit Card,1756.65,Failed,2026-02-23 00:40:00,Fraud Check
P006194,B004676,2,Credit Card,1756.65,Failed,2026-02-23 00:46:44,Insufficient Funds
P006195,B004676,3,Bank Transfer,1756.65,Success,2026-02-23 01:01:35,
P006196,B004677,1,Digital Wallet,2606.88,Failed,2026-05-01 00:19:00,Technical Error
P006197,B004677,2,Credit Card,2606.88,Success,2026-05-01 00:29:48,
P006198,B004678,1,Bank Transfer,4607.93,Success,2026-03-29 00:34:00,
P006199,B004679,1,Credit Card,3056.23,Success,2026-08-16 00:46:00,
P006200,B004680,1,Credit Card,2845.54,Success,2026-07-27 00:54:00,
P006201,B004681,1,Credit Card,4129.47,Success,2026-04-25 00:43:00,
P006202,B004682,1,Digital Wallet,518.11,Success,2025-12-23 00:46:00,
P006203,B004683,1,Apple Pay,1388.24,Failed,2026-06-02 00:46:00,Card Declined
P006204,B004683,2,Digital Wallet,1388.24,Failed,2026-06-02 00:48:31,Payment Timeout
P006205,B004683,3,Debit Card,1388.24,Success,2026-06-02 01:00:51,
P006206,B004684,1,Credit Card,2732.84,Success,2026-02-18 00:42:00,
P006207,B004685,1,Debit Card,3673.89,Failed,2026-07-02 00:44:00,Payment Timeout
P006208,B004685,2,Credit Card,3673.89,Success,2026-07-02 00:50:41,
P006209,B004686,1,Debit Card,2682.63,Failed,2026-03-10 00:43:00,Card Declined
P006210,B004686,2,Credit Card,2682.63,Failed,2026-03-10 00:57:20,Fraud Check
P006211,B004686,3,Apple Pay,2682.63,Success,2026-03-10 01:06:36,
P006212,B004687,1,Debit Card,1236.72,Success,2026-05-06 00:52:00,
P006213,B004688,1,Credit Card,4684.92,Success,2026-08-23 00:53:00,
P006214,B004689,1,Bank Transfer,1978.99,Success,2025-08-08 00:18:00,
P006215,B004690,1,Credit Card,4046.97,Success,2025-11-13 00:59:00,
P006216,B004691,1,Digital Wallet,4511.36,Success,2026-07-24 00:40:00,
P006217,B004692,1,Apple Pay,2059.02,Success,2026-04-06 00:32:00,
P006218,B004693,1,Digital Wallet,4303.9,Success,2026-06-26 00:39:00,
P006219,B004694,1,Debit Card,3698.48,Success,2026-05-07 00:25:00,
P006220,B004695,1,Apple Pay,4569.26,Success,2026-03-15 00:59:00,
P006221,B004696,1,Apple Pay,1630.9,Success,2026-01-13 00:46:00,
P006222,B004697,1,Digital Wallet,4690.75,Success,2025-12-02 00:43:00,
P006223,B004698,1,Credit Card,793.88,Success,2026-04-13 00:14:00,
P006224,B004699,1,Bank Transfer,4071.52,Success,2026-04-02 00:48:00,
P006225,B004700,1,Digital Wallet,2460.49,Success,2026-02-21 00:20:00,
P006226,B004701,1,Debit Card,1300.5,Success,2025-12-11 00:36:00,
P006227,B004702,1,Digital Wallet,857.31,Success,2026-01-13 00:29:00,
P006228,B004703,1,Credit Card,2252.96,Failed,2026-11-20 00:16:00,Payment Timeout
P006229,B004703,2,Credit Card,2252.96,Success,2026-11-20 00:24:34,
P006230,B004704,1,Debit Card,2251.96,Failed,2026-09-12 00:48:00,Card Declined
P006231,B004704,2,Debit Card,2251.96,Success,2026-09-12 01:02:26,
P006232,B004705,1,Bank Transfer,1534.81,Success,2026-06-04 00:56:00,
P006233,B004706,1,Credit Card,1469.82,Failed,2026-02-02 00:08:00,Payment Timeout
P006234,B004706,2,Debit Card,1469.82,Success,2026-02-02 00:13:37,
P006235,B004707,1,Bank Transfer,2297.81,Success,2026-05-03 00:58:00,
P006236,B004708,1,Digital Wallet,2345.51,Success,2026-07-16 00:20:00,
P006237,B004709,1,Digital Wallet,2490.64,Success,2026-01-20 00:21:00,
P006238,B004710,1,Apple Pay,4409.42,Success,2026-06-26 00:17:00,
P006239,B004711,1,Debit Card,3250.65,Success,2026-09-17 00:12:00,
P006240,B004712,1,Apple Pay,591.95,Success,2026-07-30 00:08:00,
P006241,B004713,1,Apple Pay,2835.95,Success,2025-12-19 00:39:00,
P006242,B004714,1,Debit Card,3931.03,Failed,2026-03-01 00:55:00,Payment Timeout
P006243,B004714,2,Bank Transfer,3931.03,Failed,2026-03-01 00:57:11,Insufficient Funds
P006244,B004714,3,Debit Card,3931.03,Success,2026-03-01 00:59:03,
P006245,B004715,1,Debit Card,753.86,Failed,2025-09-21 00:20:00,Insufficient Funds
P006246,B004715,2,Bank Transfer,753.86,Failed,2025-09-21 00:22:25,Card Declined
P006247,B004715,3,Debit Card,753.86,Success,2025-09-21 00:27:17,
P006248,B004716,1,Apple Pay,2401.74,Success,2026-09-12 00:15:00,
P006249,B004717,1,Credit Card,2530.45,Success,2026-10-18 00:19:00,
P006250,B004718,1,Bank Transfer,4793.09,Success,2025-12-31 00:52:00,
P006251,B004719,1,Credit Card,2640.58,Failed,2025-09-26 00:12:00,Payment Timeout
P006252,B004719,2,Credit Card,2640.58,Success,2025-09-26 00:14:33,
P006253,B004720,1,Bank Transfer,3874.55,Success,2026-12-02 00:29:00,
P006254,B004721,1,Digital Wallet,1863.06,Success,2026-09-11 00:07:00,
P006255,B004722,1,Credit Card,4006.88,Success,2025-11-07 00:23:00,
P006256,B004723,1,Bank Transfer,1951.98,Success,2026-11-19 00:34:00,
P006257,B004724,1,Digital Wallet,2435.11,Success,2026-05-11 00:20:00,
P006258,B004725,1,Bank Transfer,2657.67,Success,2025-10-19 00:15:00,
P006259,B004726,1,Apple Pay,4668.63,Success,2026-04-13 00:34:00,
P006260,B004727,1,Credit Card,740.54,Failed,2025-12-23 00:08:00,Payment Timeout
P006261,B004727,2,Bank Transfer,740.54,Success,2025-12-23 00:19:41,
P006262,B004728,1,Digital Wallet,1385.9,Success,2026-08-01 00:30:00,
P006263,B004729,1,Bank Transfer,3675.84,Failed,2026-03-20 00:58:00,Card Declined
P006264,B004729,2,Credit Card,3675.84,Success,2026-03-20 01:10:43,
P006265,B004730,1,Bank Transfer,3099.1,Success,2026-06-26 00:33:00,
P006266,B004731,1,Credit Card,1631.89,Success,2026-09-28 00:31:00,
P006267,B004732,1,Debit Card,1801.4,Failed,2026-01-04 00:17:00,Insufficient Funds
P006268,B004732,2,Apple Pay,1801.4,Success,2026-01-04 00:19:59,
P006269,B004733,1,Credit Card,2152.89,Success,2026-01-11 00:08:00,
P006270,B004734,1,Debit Card,2526.56,Success,2026-09-18 00:52:00,
P006271,B004735,1,Apple Pay,4181.12,Success,2026-09-09 00:13:00,
P006272,B004736,1,Apple Pay,562.17,Success,2026-02-23 00:42:00,
P006273,B004737,1,Debit Card,4541.09,Success,2026-10-21 00:47:00,
P006274,B004738,1,Digital Wallet,2358.62,Success,2026-08-21 00:49:00,
P006275,B004739,1,Digital Wallet,1537.24,Failed,2026-08-27 00:55:00,Card Declined
P006276,B004739,2,Credit Card,1537.24,Success,2026-08-27 01:01:26,
P006277,B004740,1,Digital Wallet,2787.86,Success,2026-05-01 00:32:00,
P006278,B004741,1,Digital Wallet,3468.52,Success,2025-12-15 00:05:00,
P006279,B004742,1,Apple Pay,701.38,Success,2025-11-24 00:38:00,
P006280,B004743,1,Debit Card,3721.0,Failed,2026-04-10 00:14:00,Technical Error
P006281,B004743,2,Apple Pay,3721.0,Success,2026-04-10 00:25:48,
P006282,B004744,1,Apple Pay,3923.43,Failed,2026-04-07 00:40:00,Card Declined
P006283,B004744,2,Credit Card,3923.43,Success,2026-04-07 00:47:12,
P006284,B004745,1,Debit Card,1247.82,Success,2025-09-15 00:47:00,
P006285,B004746,1,Digital Wallet,1255.47,Success,2026-03-24 00:50:00,
P006286,B004747,1,Credit Card,1417.03,Success,2025-09-25 00:39:00,
P006287,B004748,1,Debit Card,4084.83,Failed,2026-04-06 00:56:00,Fraud Check
P006288,B004748,2,Debit Card,4084.83,Success,2026-04-06 01:09:39,
P006289,B004749,1,Bank Transfer,1724.01,Success,2025-11-16 00:59:00,
P006290,B004750,1,Debit Card,4081.71,Success,2025-10-08 00:58:00,
P006291,B004751,1,Credit Card,2932.36,Success,2026-01-11 00:05:00,
P006292,B004752,1,Bank Transfer,3952.27,Success,2026-03-09 00:50:00,
P006293,B004753,1,Credit Card,2991.53,Success,2026-10-03 00:32:00,
P006294,B004754,1,Debit Card,2010.96,Success,2025-10-29 00:12:00,
P006295,B004755,1,Digital Wallet,4598.21,Failed,2026-04-01 00:10:00,Fraud Check
P006296,B004755,2,Credit Card,4598.21,Success,2026-04-01 00:19:21,
P006297,B004756,1,Bank Transfer,3718.83,Success,2026-07-04 00:21:00,
P006298,B004757,1,Credit Card,2678.25,Success,2025-12-17 00:18:00,
P006299,B004758,1,Bank Transfer,3368.43,Success,2026-10-06 00:25:00,
P006300,B004759,1,Bank Transfer,3271.3,Success,2026-05-10 00:38:00,
P006301,B004760,1,Bank Transfer,2111.52,Success,2026-08-20 00:12:00,
P006302,B004761,1,Bank Transfer,2406.97,Success,2026-07-18 00:56:00,
P006303,B004762,1,Bank Transfer,1932.16,Failed,2026-03-06 00:36:00,Payment Timeout
P006304,B004762,2,Apple Pay,1932.16,Success,2026-03-06 00:45:50,
P006305,B004763,1,Bank Transfer,4997.83,Success,2026-11-12 00:41:00,
P006306,B004764,1,Debit Card,3110.29,Success,2025-12-21 00:07:00,
P006307,B004765,1,Digital Wallet,914.25,Success,2026-10-04 00:52:00,
P006308,B004766,1,Digital Wallet,2835.98,Success,2026-04-16 00:19:00,
P006309,B004767,1,Apple Pay,724.83,Failed,2025-11-08 00:21:00,Card Declined
P006310,B004767,2,Debit Card,724.83,Success,2025-11-08 00:22:10,
P006311,B004768,1,Credit Card,1798.93,Success,2026-07-29 00:53:00,
P006312,B004769,1,Credit Card,2506.83,Success,2026-06-01 00:18:00,
P006313,B004770,1,Apple Pay,2904.22,Success,2026-06-26 00:21:00,
P006314,B004771,1,Credit Card,4892.82,Success,2026-05-26 00:10:00,
P006315,B004772,1,Debit Card,4920.0,Success,2026-05-14 00:34:00,
P006316,B004773,1,Apple Pay,941.31,Success,2026-03-02 00:53:00,
P006317,B004774,1,Digital Wallet,2921.6,Success,2025-10-04 00:59:00,
P006318,B004775,1,Bank Transfer,4176.99,Success,2026-03-10 00:27:00,
P006319,B004776,1,Debit Card,1569.71,Success,2025-11-30 00:47:00,
P006320,B004777,1,Bank Transfer,3877.53,Success,2026-07-25 00:24:00,
P006321,B004778,1,Credit Card,4453.79,Success,2025-10-22 00:19:00,
P006322,B004779,1,Apple Pay,3481.19,Success,2026-04-07 00:16:00,
P006323,B004780,1,Credit Card,1974.67,Success,2026-02-13 00:47:00,
P006324,B004781,1,Bank Transfer,4654.1,Success,2025-09-02 00:09:00,
P006325,B004782,1,Debit Card,4475.84,Failed,2026-01-19 00:30:00,Technical Error
P006326,B004782,2,Debit Card,4475.84,Success,2026-01-19 00:42:14,
P006327,B004783,1,Bank Transfer,3721.21,Success,2026-01-11 00:21:00,
P006328,B004784,1,Debit Card,2136.51,Success,2026-06-10 00:12:00,
P006329,B004785,1,Digital Wallet,4063.53,Success,2026-07-17 00:42:00,
P006330,B004786,1,Digital Wallet,1922.49,Failed,2026-05-20 00:12:00,Payment Timeout
P006331,B004786,2,Credit Card,1922.49,Success,2026-05-20 00:14:27,
P006332,B004787,1,Digital Wallet,1638.29,Success,2025-12-17 00:49:00,
P006333,B004788,1,Bank Transfer,2817.56,Failed,2026-07-09 01:00:00,Fraud Check
P006334,B004788,2,Apple Pay,2817.56,Success,2026-07-09 01:08:45,
P006335,B004789,1,Debit Card,4987.11,Success,2026-08-21 00:36:00,
P006336,B004790,1,Digital Wallet,4119.45,Success,2026-10-28 00:22:00,
P006337,B004791,1,Debit Card,3784.07,Failed,2026-07-21 00:52:00,Payment Timeout
P006338,B004791,2,Credit Card,3784.07,Failed,2026-07-21 00:59:32,Insufficient Funds
P006339,B004791,3,Bank Transfer,3784.07,Success,2026-07-21 01:01:51,
P006340,B004792,1,Apple Pay,2534.06,Success,2025-09-20 00:30:00,
P006341,B004793,1,Apple Pay,1903.78,Success,2026-09-22 00:28:00,
P006342,B004794,1,Credit Card,4351.55,Success,2026-01-18 00:39:00,
P006343,B004795,1,Debit Card,3054.8,Success,2026-09-05 00:26:00,
P006344,B004796,1,Debit Card,4159.65,Success,2026-02-15 00:13:00,
P006345,B004797,1,Debit Card,2694.89,Success,2026-04-18 00:25:00,
P006346,B004798,1,Bank Transfer,3892.81,Success,2026-11-22 00:11:00,
P006347,B004799,1,Bank Transfer,4404.83,Success,2025-08-30 00:27:00,
P006348,B004800,1,Apple Pay,2261.26,Success,2025-12-10 00:05:00,
P006349,B004801,1,Credit Card,561.06,Success,2026-02-09 00:19:00,
P006350,B004802,1,Digital Wallet,1647.17,Failed,2026-09-30 00:11:00,Technical Error
P006351,B004802,2,Bank Transfer,1647.17,Success,2026-09-30 00:19:59,
P006352,B004803,1,Apple Pay,4617.12,Failed,2026-08-06 00:48:00,Payment Timeout
P006353,B004803,2,Bank Transfer,4617.12,Success,2026-08-06 01:02:14,
P006354,B004804,1,Debit Card,3593.94,Failed,2025-12-08 00:49:00,Insufficient Funds
P006355,B004804,2,Bank Transfer,3593.94,Failed,2025-12-08 01:01:53,Technical Error
P006356,B004804,3,Apple Pay,3593.94,Success,2025-12-08 01:05:34,
P006357,B004805,1,Debit Card,3817.48,Success,2026-09-16 00:10:00,
P006358,B004806,1,Digital Wallet,1963.8,Failed,2025-10-19 00:31:00,Card Declined
P006359,B004806,2,Apple Pay,1963.8,Success,2025-10-19 00:34:23,
P006360,B004807,1,Bank Transfer,3655.73,Success,2025-12-24 00:14:00,
P006361,B004808,1,Credit Card,3408.27,Success,2026-01-12 00:38:00,
P006362,B004809,1,Bank Transfer,1302.68,Success,2025-11-01 00:57:00,
P006363,B004810,1,Digital Wallet,4859.11,Success,2026-06-08 00:42:00,
P006364,B004811,1,Apple Pay,2093.12,Failed,2026-01-26 00:11:00,Card Declined
P006365,B004811,2,Credit Card,2093.12,Failed,2026-01-26 00:18:59,Fraud Check
P006366,B004811,3,Debit Card,2093.12,Success,2026-01-26 00:31:36,
P006367,B004812,1,Debit Card,1981.79,Success,2026-07-13 00:56:00,
P006368,B004813,1,Apple Pay,2161.23,Success,2026-01-11 00:59:00,
P006369,B004814,1,Bank Transfer,912.74,Success,2025-09-29 00:37:00,
P006370,B004815,1,Credit Card,3312.34,Failed,2026-01-23 00:57:00,Insufficient Funds
P006371,B004815,2,Apple Pay,3312.34,Success,2026-01-23 01:01:19,
P006372,B004816,1,Debit Card,1573.81,Failed,2025-09-02 00:37:00,Technical Error
P006373,B004816,2,Bank Transfer,1573.81,Failed,2025-09-02 00:43:24,Technical Error
P006374,B004816,3,Credit Card,1573.81,Success,2025-09-02 00:55:09,
P006375,B004817,1,Debit Card,4114.91,Failed,2025-08-11 00:10:00,Card Declined
P006376,B004817,2,Digital Wallet,4114.91,Success,2025-08-11 00:15:45,
P006377,B004818,1,Debit Card,2273.7,Success,2026-04-02 00:44:00,
P006378,B004819,1,Digital Wallet,2563.51,Failed,2026-06-07 00:32:00,Payment Timeout
P006379,B004819,2,Debit Card,2563.51,Success,2026-06-07 00:33:56,
P006380,B004820,1,Apple Pay,3408.9,Success,2026-02-21 00:10:00,
P006381,B004821,1,Digital Wallet,3928.42,Failed,2026-05-08 00:09:00,Payment Timeout
P006382,B004821,2,Digital Wallet,3928.42,Success,2026-05-08 00:12:13,
P006383,B004822,1,Credit Card,1540.02,Success,2026-07-30 00:58:00,
P006384,B004823,1,Credit Card,4848.32,Success,2025-10-16 00:54:00,
P006385,B004824,1,Bank Transfer,3300.45,Success,2026-06-27 00:34:00,
P006386,B004825,1,Credit Card,525.37,Success,2026-10-02 00:36:00,
P006387,B004826,1,Digital Wallet,2370.3,Success,2026-01-14 00:37:00,
P006388,B004827,1,Credit Card,2465.68,Failed,2026-01-03 01:00:00,Technical Error
P006389,B004827,2,Credit Card,2465.68,Failed,2026-01-03 01:10:53,Payment Timeout
P006390,B004827,3,Apple Pay,2465.68,Success,2026-01-03 01:23:33,
P006391,B004828,1,Digital Wallet,4141.24,Failed,2026-04-14 00:58:00,Technical Error
P006392,B004828,2,Bank Transfer,4141.24,Success,2026-04-14 01:09:43,
P006393,B004829,1,Digital Wallet,1873.13,Success,2025-11-20 00:39:00,
P006394,B004830,1,Digital Wallet,1990.52,Success,2026-03-06 00:16:00,
P006395,B004831,1,Credit Card,817.22,Failed,2025-11-22 00:41:00,Technical Error
P006396,B004831,2,Credit Card,817.22,Success,2025-11-22 00:55:25,
P006397,B004832,1,Digital Wallet,1775.96,Failed,2026-08-23 00:52:00,Technical Error
P006398,B004832,2,Credit Card,1775.96,Success,2026-08-23 01:06:13,
P006399,B004833,1,Credit Card,3726.33,Success,2026-04-15 00:17:00,
P006400,B004834,1,Apple Pay,3356.41,Success,2026-04-15 00:52:00,
P006401,B004835,1,Debit Card,866.27,Failed,2025-12-11 00:22:00,Card Declined
P006402,B004835,2,Apple Pay,866.27,Success,2025-12-11 00:35:18,
P006403,B004836,1,Bank Transfer,1016.12,Success,2026-03-22 00:06:00,
P006404,B004837,1,Apple Pay,2196.17,Failed,2026-02-18 00:35:00,Technical Error
P006405,B004837,2,Apple Pay,2196.17,Failed,2026-02-18 00:39:57,Technical Error
P006406,B004837,3,Bank Transfer,2196.17,Success,2026-02-18 00:43:54,
P006407,B004838,1,Debit Card,3846.91,Success,2026-06-15 00:18:00,
P006408,B004839,1,Apple Pay,4248.13,Success,2026-03-07 00:55:00,
P006409,B004840,1,Credit Card,565.81,Success,2026-05-15 00:47:00,
P006410,B004841,1,Debit Card,1980.55,Success,2026-05-12 00:46:00,
P006411,B004842,1,Apple Pay,2409.18,Success,2026-10-05 00:39:00,
P006412,B004843,1,Bank Transfer,4600.1,Success,2026-08-01 00:33:00,
P006413,B004844,1,Bank Transfer,2756.33,Failed,2026-09-20 00:38:00,Payment Timeout
P006414,B004844,2,Apple Pay,2756.33,Success,2026-09-20 00:49:16,
P006415,B004845,1,Digital Wallet,1713.65,Success,2025-10-13 00:20:00,
P006416,B004846,1,Credit Card,2255.21,Success,2026-10-11 00:34:00,
P006417,B004847,1,Credit Card,2463.95,Success,2026-01-20 00:41:00,
P006418,B004848,1,Credit Card,3514.98,Success,2026-06-30 00:26:00,
P006419,B004849,1,Digital Wallet,684.9,Success,2026-01-21 00:25:00,
P006420,B004850,1,Bank Transfer,2252.53,Failed,2026-01-19 00:42:00,Technical Error
P006421,B004850,2,Apple Pay,2252.53,Failed,2026-01-19 00:53:25,Fraud Check
P006422,B004850,3,Apple Pay,2252.53,Success,2026-01-19 00:59:23,
P006423,B004851,1,Apple Pay,3409.5,Success,2026-01-30 00:51:00,
P006424,B004852,1,Apple Pay,1774.95,Success,2026-04-02 00:43:00,
P006425,B004853,1,Apple Pay,3162.88,Success,2025-10-04 00:58:00,
P006426,B004854,1,Credit Card,2107.76,Success,2026-03-21 00:51:00,
P006427,B004855,1,Debit Card,3914.24,Success,2026-07-31 00:24:00,
P006428,B004856,1,Credit Card,772.69,Success,2026-04-21 00:34:00,
P006429,B004857,1,Apple Pay,4630.83,Success,2026-06-11 00:06:00,
P006430,B004858,1,Credit Card,1272.26,Failed,2026-05-22 00:31:00,Insufficient Funds
P006431,B004858,2,Digital Wallet,1272.26,Success,2026-05-22 00:38:52,
P006432,B004859,1,Apple Pay,1213.46,Success,2026-06-28 00:06:00,
P006433,B004860,1,Debit Card,4282.89,Success,2025-12-17 00:23:00,
P006434,B004861,1,Debit Card,4411.77,Success,2026-12-13 00:42:00,
P006435,B004862,1,Bank Transfer,918.38,Success,2025-12-24 00:10:00,
P006436,B004863,1,Bank Transfer,4589.24,Success,2026-06-09 00:19:00,
P006437,B004864,1,Credit Card,1729.84,Success,2026-07-17 00:12:00,
P006438,B004865,1,Credit Card,3283.8,Failed,2025-12-17 00:55:00,Fraud Check
P006439,B004865,2,Digital Wallet,3283.8,Success,2025-12-17 01:02:45,
P006440,B004866,1,Debit Card,808.67,Success,2026-07-18 00:33:00,
P006441,B004867,1,Debit Card,2212.97,Success,2026-03-19 00:29:00,
P006442,B004868,1,Credit Card,2528.26,Success,2026-05-23 00:22:00,
P006443,B004869,1,Apple Pay,3199.22,Success,2025-11-27 00:16:00,
P006444,B004870,1,Credit Card,2863.72,Failed,2026-02-06 00:41:00,Fraud Check
P006445,B004870,2,Credit Card,2863.72,Success,2026-02-06 00:51:13,
P006446,B004871,1,Apple Pay,2576.72,Failed,2026-03-21 00:16:00,Payment Timeout
P006447,B004871,2,Bank Transfer,2576.72,Success,2026-03-21 00:26:59,
P006448,B004872,1,Bank Transfer,4818.38,Success,2026-01-14 00:07:00,
P006449,B004873,1,Credit Card,1332.6,Success,2025-10-23 00:48:00,
P006450,B004874,1,Debit Card,1210.97,Success,2026-03-24 00:34:00,
P006451,B004875,1,Apple Pay,3710.39,Success,2026-07-16 00:41:00,
P006452,B004876,1,Debit Card,835.48,Success,2025-11-07 00:15:00,
P006453,B004877,1,Digital Wallet,2673.01,Success,2026-06-04 00:36:00,
P006454,B004878,1,Credit Card,2678.24,Success,2026-02-06 00:19:00,
P006455,B004879,1,Apple Pay,1895.11,Failed,2025-12-13 00:59:00,Technical Error
P006456,B004879,2,Debit Card,1895.11,Success,2025-12-13 01:01:59,
P006457,B004880,1,Credit Card,4687.0,Success,2026-07-24 00:17:00,
P006458,B004881,1,Debit Card,1771.45,Success,2026-01-28 00:11:00,
P006459,B004882,1,Apple Pay,1797.99,Success,2025-10-22 00:34:00,
P006460,B004883,1,Credit Card,1554.35,Success,2026-01-12 00:07:00,
P006461,B004884,1,Apple Pay,1156.05,Failed,2025-12-25 00:26:00,Insufficient Funds
P006462,B004884,2,Debit Card,1156.05,Success,2025-12-25 00:35:12,
P006463,B004885,1,Bank Transfer,2138.05,Failed,2025-10-18 00:05:00,Technical Error
P006464,B004885,2,Debit Card,2138.05,Failed,2025-10-18 00:15:37,Payment Timeout
P006465,B004885,3,Apple Pay,2138.05,Success,2025-10-18 00:29:09,
P006466,B004886,1,Bank Transfer,3563.99,Success,2026-03-20 00:21:00,
P006467,B004887,1,Bank Transfer,3839.73,Failed,2026-04-01 00:44:00,Payment Timeout
P006468,B004887,2,Debit Card,3839.73,Success,2026-04-01 00:45:56,
P006469,B004888,1,Apple Pay,4160.39,Success,2026-07-04 00:50:00,
P006470,B004889,1,Digital Wallet,1388.95,Success,2026-04-18 00:11:00,
P006471,B004890,1,Credit Card,660.35,Success,2025-11-04 00:13:00,
P006472,B004891,1,Bank Transfer,4886.09,Success,2026-07-31 00:16:00,
P006473,B004892,1,Apple Pay,564.5,Success,2026-01-02 00:58:00,
P006474,B004893,1,Debit Card,4823.05,Success,2025-12-12 00:11:00,
P006475,B004894,1,Debit Card,4229.66,Success,2026-08-08 00:54:00,
P006476,B004895,1,Digital Wallet,4604.34,Success,2025-12-16 00:56:00,
P006477,B004896,1,Bank Transfer,2242.34,Success,2026-04-29 00:41:00,
P006478,B004897,1,Credit Card,1387.41,Success,2026-02-08 00:46:00,
P006479,B004898,1,Debit Card,3229.09,Success,2026-09-19 00:53:00,
P006480,B004899,1,Debit Card,3835.63,Success,2026-01-23 00:19:00,
P006481,B004900,1,Digital Wallet,1088.87,Success,2026-02-05 00:46:00,
P006482,B004901,1,Debit Card,4089.3,Success,2026-08-12 00:39:00,
P006483,B004902,1,Digital Wallet,1438.67,Success,2026-02-01 00:37:00,
P006484,B004903,1,Bank Transfer,2712.55,Success,2025-11-27 00:48:00,
P006485,B004904,1,Credit Card,4354.17,Success,2026-09-13 00:05:00,
P006486,B004905,1,Apple Pay,1370.41,Success,2026-04-03 00:11:00,
P006487,B004906,1,Debit Card,1588.48,Success,2026-04-04 00:33:00,
P006488,B004907,1,Digital Wallet,782.47,Success,2026-08-16 00:47:00,
P006489,B004908,1,Credit Card,1159.76,Success,2026-08-02 00:12:00,
P006490,B004909,1,Apple Pay,1159.37,Success,2026-07-27 00:44:00,
P006491,B004910,1,Bank Transfer,1415.42,Success,2026-04-12 00:14:00,
P006492,B004911,1,Digital Wallet,1787.9,Success,2026-01-24 00:20:00,
P006493,B004912,1,Credit Card,4167.43,Failed,2026-01-23 00:10:00,Fraud Check
P006494,B004912,2,Credit Card,4167.43,Success,2026-01-23 00:19:51,
P006495,B004913,1,Digital Wallet,4620.94,Success,2025-12-30 00:42:00,
P006496,B004914,1,Bank Transfer,2328.26,Success,2026-07-28 00:54:00,
P006497,B004915,1,Bank Transfer,1076.94,Success,2026-04-02 00:13:00,
P006498,B004916,1,Credit Card,1507.14,Success,2025-10-18 00:39:00,
P006499,B004917,1,Bank Transfer,3812.93,Success,2026-11-04 00:14:00,
P006500,B004918,1,Apple Pay,3548.41,Success,2026-04-13 00:56:00,
P006501,B004919,1,Debit Card,4852.43,Success,2026-09-04 00:10:00,
P006502,B004920,1,Digital Wallet,565.2,Failed,2026-07-25 00:15:00,Card Declined
P006503,B004920,2,Digital Wallet,565.2,Success,2026-07-25 00:25:15,
P006504,B004921,1,Debit Card,3878.41,Success,2025-11-23 00:25:00,
P006505,B004922,1,Bank Transfer,2776.07,Success,2026-09-08 00:07:00,
P006506,B004923,1,Credit Card,4562.12,Success,2026-04-04 00:33:00,
P006507,B004924,1,Debit Card,3092.75,Success,2026-09-14 00:41:00,
P006508,B004925,1,Credit Card,2510.0,Success,2025-11-05 00:30:00,
P006509,B004926,1,Debit Card,3496.33,Failed,2026-08-11 00:18:00,Insufficient Funds
P006510,B004926,2,Digital Wallet,3496.33,Success,2026-08-11 00:23:10,
P006511,B004927,1,Debit Card,4250.86,Failed,2026-10-08 00:32:00,Card Declined
P006512,B004927,2,Digital Wallet,4250.86,Success,2026-10-08 00:39:11,
P006513,B004928,1,Apple Pay,1771.24,Failed,2026-01-24 00:06:00,Card Declined
P006514,B004928,2,Apple Pay,1771.24,Success,2026-01-24 00:15:21,
P006515,B004929,1,Credit Card,983.87,Failed,2026-01-14 00:55:00,Fraud Check
P006516,B004929,2,Bank Transfer,983.87,Failed,2026-01-14 00:56:11,Payment Timeout
P006517,B004929,3,Credit Card,983.87,Success,2026-01-14 01:08:58,
P006518,B004930,1,Debit Card,2448.58,Failed,2026-08-24 00:38:00,Payment Timeout
P006519,B004930,2,Apple Pay,2448.58,Success,2026-08-24 00:51:34,
P006520,B004931,1,Digital Wallet,1465.34,Failed,2026-06-18 00:52:00,Technical Error
P006521,B004931,2,Apple Pay,1465.34,Success,2026-06-18 01:02:20,
P006522,B004932,1,Bank Transfer,2432.94,Success,2026-09-14 00:45:00,
P006523,B004933,1,Bank Transfer,4959.72,Failed,2026-01-11 00:59:00,Fraud Check
P006524,B004933,2,Debit Card,4959.72,Success,2026-01-11 01:01:45,
P006525,B004934,1,Apple Pay,3083.55,Success,2026-05-29 00:16:00,
P006526,B004935,1,Debit Card,3621.2,Success,2026-02-01 00:50:00,
P006527,B004936,1,Digital Wallet,3550.68,Success,2026-04-21 00:48:00,
P006528,B004937,1,Debit Card,4193.15,Success,2026-08-11 00:11:00,
P006529,B004938,1,Apple Pay,4748.58,Success,2026-07-14 00:30:00,
P006530,B004939,1,Apple Pay,3464.68,Success,2026-06-25 00:24:00,
P006531,B004940,1,Credit Card,2642.43,Success,2026-03-07 00:23:00,
P006532,B004941,1,Bank Transfer,1930.24,Success,2026-09-23 00:22:00,
P006533,B004942,1,Debit Card,2121.23,Success,2026-03-03 01:00:00,
P006534,B004943,1,Digital Wallet,2005.16,Failed,2026-09-10 00:27:00,Card Declined
P006535,B004943,2,Debit Card,2005.16,Success,2026-09-10 00:28:29,
P006536,B004944,1,Credit Card,1960.09,Success,2026-06-30 00:14:00,
P006537,B004945,1,Bank Transfer,3625.81,Failed,2026-06-17 00:50:00,Insufficient Funds
P006538,B004945,2,Bank Transfer,3625.81,Success,2026-06-17 00:59:57,
P006539,B004946,1,Apple Pay,3144.69,Success,2025-12-15 00:44:00,
P006540,B004947,1,Debit Card,1408.98,Failed,2026-06-22 00:50:00,Fraud Check
P006541,B004947,2,Apple Pay,1408.98,Success,2026-06-22 01:03:55,
P006542,B004948,1,Bank Transfer,4863.32,Success,2025-11-23 00:12:00,
P006543,B004949,1,Bank Transfer,2424.76,Success,2026-09-19 00:57:00,
P006544,B004950,1,Apple Pay,3047.39,Success,2025-11-13 00:58:00,
P006545,B004951,1,Credit Card,3661.7,Failed,2026-04-07 00:38:00,Insufficient Funds
P006546,B004951,2,Bank Transfer,3661.7,Failed,2026-04-07 00:41:18,Insufficient Funds
P006547,B004951,3,Credit Card,3661.7,Success,2026-04-07 00:47:43,
P006548,B004952,1,Bank Transfer,3261.55,Failed,2026-03-25 00:56:00,Insufficient Funds
P006549,B004952,2,Debit Card,3261.55,Failed,2026-03-25 00:59:45,Card Declined
P006550,B004952,3,Apple Pay,3261.55,Success,2026-03-25 01:11:17,
P006551,B004953,1,Debit Card,1899.73,Failed,2025-12-30 00:54:00,Insufficient Funds
P006552,B004953,2,Credit Card,1899.73,Success,2025-12-30 01:08:41,
P006553,B004954,1,Debit Card,4089.68,Success,2025-10-31 00:18:00,
P006554,B004955,1,Bank Transfer,995.69,Success,2026-09-21 00:48:00,
P006555,B004956,1,Debit Card,3060.48,Success,2026-05-11 00:45:00,
P006556,B004957,1,Digital Wallet,1729.93,Success,2026-07-02 01:00:00,
P006557,B004958,1,Bank Transfer,3270.93,Success,2026-05-23 00:09:00,
P006558,B004959,1,Debit Card,1480.97,Success,2026-02-24 00:54:00,
P006559,B004960,1,Apple Pay,3974.9,Success,2025-11-30 00:17:00,
P006560,B004961,1,Debit Card,1523.91,Failed,2026-06-05 00:48:00,Insufficient Funds
P006561,B004961,2,Bank Transfer,1523.91,Success,2026-06-05 00:50:29,
P006562,B004962,1,Apple Pay,4506.76,Success,2026-03-04 00:21:00,
P006563,B004963,1,Bank Transfer,4377.0,Failed,2025-11-26 00:54:00,Card Declined
P006564,B004963,2,Credit Card,4377.0,Failed,2025-11-26 01:05:50,Technical Error
P006565,B004963,3,Bank Transfer,4377.0,Success,2025-11-26 01:07:16,
P006566,B004964,1,Credit Card,2130.77,Failed,2026-05-12 00:37:00,Payment Timeout
P006567,B004964,2,Digital Wallet,2130.77,Success,2026-05-12 00:46:24,
P006568,B004965,1,Apple Pay,2236.19,Success,2026-07-24 00:49:00,
P006569,B004966,1,Debit Card,3656.77,Success,2026-04-13 00:42:00,
P006570,B004967,1,Digital Wallet,906.68,Success,2026-08-13 00:09:00,
P006571,B004968,1,Digital Wallet,864.14,Success,2026-04-01 00:31:00,
P006572,B004969,1,Debit Card,1113.46,Success,2026-06-14 00:52:00,
P006573,B004970,1,Digital Wallet,3031.14,Success,2026-01-16 00:06:00,
P006574,B004971,1,Debit Card,1170.51,Failed,2026-04-17 00:30:00,Fraud Check
P006575,B004971,2,Apple Pay,1170.51,Success,2026-04-17 00:38:49,
P006576,B004972,1,Credit Card,1749.28,Success,2026-10-27 00:20:00,
P006577,B004973,1,Bank Transfer,3411.1,Failed,2026-03-10 00:55:00,Technical Error
P006578,B004973,2,Credit Card,3411.1,Failed,2026-03-10 01:03:57,Technical Error
P006579,B004973,3,Credit Card,3411.1,Success,2026-03-10 01:11:09,
P006580,B004974,1,Credit Card,570.31,Failed,2026-01-15 00:08:00,Card Declined
P006581,B004974,2,Apple Pay,570.31,Failed,2026-01-15 00:12:10,Payment Timeout
P006582,B004974,3,Debit Card,570.31,Success,2026-01-15 00:24:29,
P006583,B004975,1,Debit Card,1311.06,Success,2025-10-19 00:14:00,
P006584,B004976,1,Debit Card,4684.69,Success,2026-12-01 00:34:00,
P006585,B004977,1,Digital Wallet,3486.1,Success,2026-01-23 00:45:00,
P006586,B004978,1,Digital Wallet,1874.98,Success,2025-07-29 00:09:00,
P006587,B004979,1,Credit Card,703.87,Failed,2026-04-19 00:11:00,Payment Timeout
P006588,B004979,2,Credit Card,703.87,Success,2026-04-19 00:24:31,
P006589,B004980,1,Credit Card,3137.22,Failed,2026-06-17 00:13:00,Fraud Check
P006590,B004980,2,Debit Card,3137.22,Success,2026-06-17 00:25:13,
P006591,B004981,1,Bank Transfer,1502.9,Success,2026-02-12 00:41:00,
P006592,B004982,1,Digital Wallet,4820.79,Failed,2026-03-29 00:29:00,Card Declined
P006593,B004982,2,Debit Card,4820.79,Success,2026-03-29 00:31:27,
P006594,B004983,1,Bank Transfer,3591.32,Success,2026-08-06 00:37:00,
P006595,B004984,1,Apple Pay,4883.56,Success,2026-04-10 00:39:00,
P006596,B004985,1,Credit Card,4320.05,Success,2026-08-23 00:07:00,
P006597,B004986,1,Credit Card,2673.62,Success,2026-01-27 00:14:00,
P006598,B004987,1,Apple Pay,3513.03,Success,2025-11-26 00:49:00,
P006599,B004988,1,Debit Card,4154.48,Failed,2026-08-30 00:17:00,Insufficient Funds
P006600,B004988,2,Apple Pay,4154.48,Success,2026-08-30 00:30:46,
P006601,B004989,1,Bank Transfer,3101.8,Success,2025-11-06 00:48:00,
P006602,B004990,1,Debit Card,776.69,Success,2025-11-19 00:24:00,
P006603,B004991,1,Credit Card,2617.01,Failed,2026-01-24 00:10:00,Fraud Check
P006604,B004991,2,Apple Pay,2617.01,Failed,2026-01-24 00:15:46,Insufficient Funds
P006605,B004991,3,Debit Card,2617.01,Success,2026-01-24 00:18:39,
P006606,B004992,1,Debit Card,1087.58,Success,2026-07-12 00:50:00,
P006607,B004993,1,Apple Pay,3716.81,Success,2026-03-03 00:41:00,
P006608,B004994,1,Digital Wallet,3562.83,Success,2026-06-21 00:18:00,
P006609,B004995,1,Bank Transfer,4968.09,Success,2026-01-22 00:06:00,
P006610,B004996,1,Apple Pay,3329.64,Success,2026-04-06 00:31:00,
P006611,B004997,1,Credit Card,4100.62,Success,2025-12-28 00:52:00,
P006612,B004998,1,Credit Card,1707.3,Success,2026-04-28 00:22:00,
P006613,B004999,1,Bank Transfer,2030.11,Success,2025-08-19 00:29:00,
P006614,B005000,1,Debit Card,4626.61,Success,2026-10-03 00:22:00,
P006615,B005001,1,Credit Card,3898.37,Success,2026-08-11 00:44:00,
P006616,B005002,1,Bank Transfer,3448.71,Failed,2025-12-11 00:36:00,Fraud Check
P006617,B005002,2,Apple Pay,3448.71,Success,2025-12-11 00:45:26,
P006618,B005003,1,Credit Card,1643.12,Success,2026-09-27 00:24:00,
P006619,B005004,1,Digital Wallet,3643.6,Success,2026-03-14 00:53:00,
P006620,B005005,1,Bank Transfer,4490.44,Success,2026-05-02 00:20:00,
P006621,B005006,1,Debit Card,1538.59,Success,2026-04-07 00:07:00,
P006622,B005007,1,Apple Pay,3677.56,Success,2026-10-16 00:33:00,
P006623,B005008,1,Digital Wallet,2271.62,Success,2026-10-02 00:15:00,
P006624,B005009,1,Debit Card,1034.45,Success,2025-11-12 00:36:00,
P006625,B005010,1,Digital Wallet,3935.57,Failed,2026-08-17 00:56:00,Card Declined
P006626,B005010,2,Debit Card,3935.57,Failed,2026-08-17 01:08:49,Fraud Check
P006627,B005010,3,Debit Card,3935.57,Success,2026-08-17 01:18:14,
P006628,B005011,1,Apple Pay,1252.12,Failed,2025-12-18 00:24:00,Insufficient Funds
P006629,B005011,2,Bank Transfer,1252.12,Success,2025-12-18 00:29:58,
P006630,B005012,1,Debit Card,1638.03,Success,2025-07-26 00:40:00,
P006631,B005013,1,Apple Pay,4023.24,Success,2026-08-22 00:57:00,
P006632,B005014,1,Digital Wallet,3839.6,Failed,2026-01-07 00:25:00,Card Declined
P006633,B005014,2,Apple Pay,3839.6,Failed,2026-01-07 00:32:59,Card Declined
P006634,B005014,3,Bank Transfer,3839.6,Success,2026-01-07 00:43:38,
P006635,B005015,1,Digital Wallet,1643.82,Success,2026-08-31 00:07:00,
P006636,B005016,1,Debit Card,4734.34,Success,2026-01-08 00:15:00,
P006637,B005017,1,Credit Card,1468.78,Success,2026-05-01 00:52:00,
P006638,B005018,1,Digital Wallet,4971.3,Failed,2025-12-28 00:41:00,Fraud Check
P006639,B005018,2,Credit Card,4971.3,Success,2025-12-28 00:47:37,
P006640,B005019,1,Bank Transfer,3820.55,Success,2025-12-06 00:49:00,
P006641,B005020,1,Credit Card,2266.28,Success,2026-01-07 00:51:00,
P006642,B005021,1,Credit Card,1086.57,Success,2025-10-11 00:19:00,
P006643,B005022,1,Bank Transfer,1942.29,Success,2026-05-16 00:27:00,
P006644,B005023,1,Bank Transfer,1371.82,Success,2026-08-12 00:12:00,
P006645,B005024,1,Debit Card,3298.28,Failed,2026-04-18 00:37:00,Technical Error
P006646,B005024,2,Apple Pay,3298.28,Success,2026-04-18 00:51:47,
P006647,B005025,1,Bank Transfer,2105.85,Success,2025-11-11 00:32:00,
P006648,B005026,1,Bank Transfer,1827.53,Success,2025-12-29 00:52:00,
P006649,B005027,1,Digital Wallet,3907.1,Success,2026-07-18 00:09:00,
P006650,B005028,1,Digital Wallet,1537.7,Success,2026-10-19 00:11:00,
P006651,B005029,1,Digital Wallet,3141.0,Success,2026-06-30 00:13:00,
P006652,B005030,1,Bank Transfer,1375.68,Success,2025-10-02 00:20:00,
P006653,B005031,1,Apple Pay,3716.59,Success,2026-05-13 00:17:00,
P006654,B005032,1,Bank Transfer,3313.05,Success,2026-05-05 00:14:00,
P006655,B005033,1,Digital Wallet,4091.69,Failed,2026-02-02 00:08:00,Payment Timeout
P006656,B005033,2,Credit Card,4091.69,Success,2026-02-02 00:13:30,
P006657,B005034,1,Bank Transfer,808.24,Success,2026-03-21 00:46:00,
P006658,B005035,1,Apple Pay,1445.47,Failed,2026-05-20 00:35:00,Card Declined
P006659,B005035,2,Credit Card,1445.47,Failed,2026-05-20 00:40:59,Fraud Check
P006660,B005035,3,Credit Card,1445.47,Success,2026-05-20 00:52:40,
P006661,B005036,1,Debit Card,1195.07,Success,2026-01-19 00:39:00,
P006662,B005037,1,Bank Transfer,1357.53,Success,2026-03-27 00:56:00,
P006663,B005038,1,Apple Pay,963.56,Success,2026-03-27 00:51:00,
P006664,B005039,1,Digital Wallet,3029.37,Success,2026-06-06 00:33:00,
P006665,B005040,1,Apple Pay,3170.44,Failed,2025-08-12 00:23:00,Card Declined
P006666,B005040,2,Digital Wallet,3170.44,Success,2025-08-12 00:36:45,
P006667,B005041,1,Debit Card,4295.7,Failed,2026-11-14 00:46:00,Payment Timeout
P006668,B005041,2,Debit Card,4295.7,Success,2026-11-14 00:52:11,
P006669,B005042,1,Digital Wallet,2379.82,Failed,2026-05-14 00:52:00,Insufficient Funds
P006670,B005042,2,Bank Transfer,2379.82,Success,2026-05-14 01:02:42,
P006671,B005043,1,Apple Pay,2895.73,Failed,2026-11-14 00:18:00,Fraud Check
P006672,B005043,2,Credit Card,2895.73,Failed,2026-11-14 00:31:14,Card Declined
P006673,B005043,3,Credit Card,2895.73,Success,2026-11-14 00:36:09,
P006674,B005044,1,Apple Pay,4960.87,Success,2026-06-25 00:21:00,
P006675,B005045,1,Bank Transfer,2893.3,Success,2026-01-12 00:52:00,
P006676,B005046,1,Credit Card,3081.09,Success,2026-10-14 00:39:00,
P006677,B005047,1,Bank Transfer,4981.63,Success,2026-03-05 00:58:00,
P006678,B005048,1,Bank Transfer,4973.58,Success,2025-11-10 00:38:00,
P006679,B005049,1,Apple Pay,2408.14,Success,2026-07-07 00:44:00,
P006680,B005050,1,Debit Card,3357.26,Success,2026-04-17 00:17:00,
P006681,B005051,1,Credit Card,2663.61,Failed,2026-01-15 00:20:00,Card Declined
P006682,B005051,2,Bank Transfer,2663.61,Success,2026-01-15 00:33:56,
P006683,B005052,1,Apple Pay,3743.22,Failed,2026-06-03 00:06:00,Insufficient Funds
P006684,B005052,2,Apple Pay,3743.22,Success,2026-06-03 00:14:38,
P006685,B005053,1,Credit Card,4722.74,Success,2026-10-05 00:08:00,
P006686,B005054,1,Credit Card,1893.47,Success,2026-06-02 01:00:00,
P006687,B005055,1,Debit Card,4184.94,Success,2026-01-29 00:26:00,
P006688,B005056,1,Bank Transfer,3446.82,Failed,2026-03-12 01:00:00,Card Declined
P006689,B005056,2,Debit Card,3446.82,Success,2026-03-12 01:07:59,
P006690,B005057,1,Bank Transfer,1760.83,Success,2026-12-18 00:49:00,
P006691,B005058,1,Digital Wallet,4087.85,Failed,2026-04-11 00:36:00,Fraud Check
P006692,B005058,2,Debit Card,4087.85,Success,2026-04-11 00:39:30,
P006693,B005059,1,Credit Card,2422.1,Success,2026-01-27 00:11:00,
P006694,B005060,1,Bank Transfer,1041.79,Success,2026-06-15 00:14:00,
P006695,B005061,1,Debit Card,4970.37,Success,2025-11-13 00:39:00,
P006696,B005062,1,Digital Wallet,2415.41,Success,2026-03-16 00:24:00,
P006697,B005063,1,Credit Card,2936.99,Success,2026-04-30 00:44:00,
P006698,B005064,1,Bank Transfer,4135.83,Success,2026-05-23 00:20:00,
P006699,B005065,1,Apple Pay,4823.94,Success,2025-12-08 00:32:00,
P006700,B005066,1,Bank Transfer,4428.0,Failed,2026-01-06 00:32:00,Payment Timeout
P006701,B005066,2,Credit Card,4428.0,Failed,2026-01-06 00:39:33,Insufficient Funds
P006702,B005066,3,Digital Wallet,4428.0,Success,2026-01-06 00:42:29,
P006703,B005067,1,Bank Transfer,2862.74,Failed,2026-06-15 00:14:00,Payment Timeout
P006704,B005067,2,Apple Pay,2862.74,Success,2026-06-15 00:28:54,
P006705,B005068,1,Apple Pay,2955.63,Success,2026-08-10 00:25:00,
P006706,B005069,1,Debit Card,1763.99,Success,2026-03-28 00:29:00,
P006707,B005070,1,Digital Wallet,2582.61,Success,2026-07-26 00:09:00,
P006708,B005071,1,Bank Transfer,4760.77,Failed,2025-11-10 00:56:00,Fraud Check
P006709,B005071,2,Credit Card,4760.77,Success,2025-11-10 01:04:21,
P006710,B005072,1,Bank Transfer,3771.23,Success,2026-10-24 00:15:00,
P006711,B005073,1,Apple Pay,553.45,Failed,2026-06-20 00:19:00,Card Declined
P006712,B005073,2,Credit Card,553.45,Success,2026-06-20 00:28:26,
P006713,B005074,1,Credit Card,1024.28,Success,2026-06-18 00:45:00,
P006714,B005075,1,Credit Card,4657.15,Success,2026-06-11 00:27:00,
P006715,B005076,1,Debit Card,4319.24,Failed,2025-09-16 00:46:00,Fraud Check
P006716,B005076,2,Credit Card,4319.24,Failed,2025-09-16 00:49:43,Payment Timeout
P006717,B005076,3,Bank Transfer,4319.24,Success,2025-09-16 00:59:40,
P006718,B005077,1,Digital Wallet,2687.74,Failed,2025-11-06 00:36:00,Card Declined
P006719,B005077,2,Bank Transfer,2687.74,Failed,2025-11-06 00:41:51,Payment Timeout
P006720,B005077,3,Credit Card,2687.74,Success,2025-11-06 00:45:39,
P006721,B005078,1,Debit Card,3276.4,Failed,2026-08-15 00:05:00,Insufficient Funds
P006722,B005078,2,Bank Transfer,3276.4,Failed,2026-08-15 00:18:45,Card Declined
P006723,B005078,3,Bank Transfer,3276.4,Success,2026-08-15 00:22:56,
P006724,B005079,1,Bank Transfer,1803.41,Failed,2025-09-30 00:27:00,Technical Error
P006725,B005079,2,Digital Wallet,1803.41,Failed,2025-09-30 00:30:11,Insufficient Funds
P006726,B005079,3,Bank Transfer,1803.41,Success,2025-09-30 00:38:07,
P006727,B005080,1,Bank Transfer,4067.74,Success,2026-03-26 00:53:00,
P006728,B005081,1,Credit Card,3214.93,Success,2026-07-19 00:27:00,
P006729,B005082,1,Bank Transfer,3626.72,Success,2025-10-11 00:32:00,
P006730,B005083,1,Apple Pay,2187.09,Success,2026-03-16 00:31:00,
P006731,B005084,1,Credit Card,2436.97,Success,2026-01-06 00:58:00,
P006732,B005085,1,Credit Card,1434.57,Success,2026-01-18 00:09:00,
P006733,B005086,1,Debit Card,4766.24,Success,2026-01-08 00:44:00,
P006734,B005087,1,Apple Pay,4759.51,Success,2026-09-25 00:54:00,
P006735,B005088,1,Bank Transfer,4179.88,Success,2026-06-04 00:29:00,
P006736,B005089,1,Credit Card,4710.0,Success,2026-02-19 00:42:00,
P006737,B005090,1,Digital Wallet,3493.98,Success,2025-09-16 00:15:00,
P006738,B005091,1,Apple Pay,1555.93,Success,2026-05-27 00:23:00,
P006739,B005092,1,Apple Pay,3920.95,Success,2026-07-14 00:20:00,
P006740,B005093,1,Debit Card,1963.74,Success,2026-06-23 00:14:00,
P006741,B005094,1,Credit Card,2482.17,Success,2026-05-02 00:27:00,
P006742,B005095,1,Debit Card,1734.58,Success,2026-09-14 00:17:00,
P006743,B005096,1,Digital Wallet,2406.3,Success,2026-09-24 00:44:00,
P006744,B005097,1,Credit Card,3556.93,Success,2025-12-06 00:55:00,
P006745,B005098,1,Digital Wallet,997.75,Failed,2026-02-16 00:46:00,Fraud Check
P006746,B005098,2,Apple Pay,997.75,Success,2026-02-16 00:56:50,
P006747,B005099,1,Credit Card,973.43,Failed,2026-06-10 00:57:00,Technical Error
P006748,B005099,2,Bank Transfer,973.43,Failed,2026-06-10 01:07:46,Card Declined
P006749,B005099,3,Credit Card,973.43,Success,2026-06-10 01:20:06,
P006750,B005100,1,Apple Pay,3576.97,Success,2026-03-09 00:06:00,
P006751,B005101,1,Digital Wallet,4008.12,Success,2026-11-06 00:33:00,
P006752,B005102,1,Bank Transfer,2981.6,Success,2026-01-07 00:23:00,
P006753,B005103,1,Apple Pay,1317.38,Success,2026-01-03 00:30:00,
P006754,B005104,1,Bank Transfer,2438.41,Success,2026-01-12 00:40:00,
P006755,B005105,1,Credit Card,3911.79,Success,2025-10-01 00:06:00,
P006756,B005106,1,Bank Transfer,3585.8,Success,2026-06-19 00:24:00,
P006757,B005107,1,Debit Card,994.39,Success,2025-12-09 00:50:00,
P006758,B005108,1,Debit Card,4861.16,Success,2026-02-27 00:28:00,
P006759,B005109,1,Digital Wallet,1505.14,Success,2026-07-09 00:23:00,
P006760,B005110,1,Bank Transfer,1491.75,Failed,2025-11-23 00:58:00,Technical Error
P006761,B005110,2,Digital Wallet,1491.75,Success,2025-11-23 01:02:53,
P006762,B005111,1,Bank Transfer,2569.36,Success,2026-08-27 00:34:00,
P006763,B005112,1,Apple Pay,1972.59,Success,2025-08-07 00:42:00,
P006764,B005113,1,Debit Card,4927.94,Success,2026-02-23 00:33:00,
P006765,B005114,1,Credit Card,844.2,Success,2025-10-16 00:08:00,
P006766,B005115,1,Bank Transfer,1878.98,Success,2026-10-28 00:54:00,
P006767,B005116,1,Bank Transfer,2222.25,Failed,2025-11-28 00:52:00,Payment Timeout
P006768,B005116,2,Digital Wallet,2222.25,Success,2025-11-28 00:53:10,
P006769,B005117,1,Bank Transfer,2720.57,Success,2026-08-08 00:56:00,
P006770,B005118,1,Apple Pay,573.83,Success,2026-05-15 00:13:00,
P006771,B005119,1,Credit Card,870.63,Success,2026-02-07 00:08:00,
P006772,B005120,1,Credit Card,1660.14,Failed,2026-05-20 00:49:00,Card Declined
P006773,B005120,2,Credit Card,1660.14,Failed,2026-05-20 00:54:59,Technical Error
P006774,B005120,3,Bank Transfer,1660.14,Success,2026-05-20 01:07:14,
P006775,B005121,1,Apple Pay,2993.01,Success,2026-01-25 00:44:00,
P006776,B005122,1,Digital Wallet,3954.97,Success,2026-07-27 00:17:00,
P006777,B005123,1,Digital Wallet,3589.23,Success,2025-12-09 00:20:00,
P006778,B005124,1,Bank Transfer,3051.61,Success,2026-04-13 01:00:00,
P006779,B005125,1,Credit Card,2287.55,Success,2026-06-25 00:35:00,
P006780,B005126,1,Digital Wallet,4418.13,Success,2025-11-01 00:41:00,
P006781,B005127,1,Apple Pay,2568.98,Failed,2026-04-01 00:45:00,Fraud Check
P006782,B005127,2,Debit Card,2568.98,Success,2026-04-01 00:48:49,
P006783,B005128,1,Digital Wallet,1846.64,Success,2026-03-26 00:19:00,
P006784,B005129,1,Digital Wallet,3332.01,Success,2026-04-08 00:24:00,
P006785,B005130,1,Credit Card,3614.52,Success,2026-04-13 00:44:00,
P006786,B005131,1,Credit Card,2293.12,Success,2025-11-22 00:30:00,
P006787,B005132,1,Apple Pay,626.64,Success,2026-01-08 00:38:00,
P006788,B005133,1,Apple Pay,923.59,Failed,2026-08-06 00:06:00,Technical Error
P006789,B005133,2,Credit Card,923.59,Failed,2026-08-06 00:13:15,Payment Timeout
P006790,B005133,3,Digital Wallet,923.59,Success,2026-08-06 00:28:04,
P006791,B005134,1,Bank Transfer,4305.2,Failed,2026-02-10 00:42:00,Technical Error
P006792,B005134,2,Debit Card,4305.2,Success,2026-02-10 00:49:34,
P006793,B005135,1,Debit Card,754.47,Success,2026-06-19 00:09:00,
P006794,B005136,1,Apple Pay,3164.09,Success,2026-07-13 00:37:00,
P006795,B005137,1,Digital Wallet,1326.69,Success,2026-06-24 00:05:00,
P006796,B005138,1,Debit Card,1530.17,Success,2025-11-03 00:45:00,
P006797,B005139,1,Apple Pay,1730.0,Success,2026-04-07 00:44:00,
P006798,B005140,1,Bank Transfer,672.31,Success,2026-05-30 00:12:00,
P006799,B005141,1,Credit Card,1297.56,Failed,2026-12-02 00:49:00,Fraud Check
P006800,B005141,2,Debit Card,1297.56,Success,2026-12-02 01:01:33,
P006801,B005142,1,Digital Wallet,3427.25,Success,2025-12-05 00:34:00,
P006802,B005143,1,Credit Card,2744.23,Failed,2026-01-10 00:42:00,Fraud Check
P006803,B005143,2,Apple Pay,2744.23,Success,2026-01-10 00:43:58,
P006804,B005144,1,Digital Wallet,4087.98,Success,2026-01-23 00:48:00,
P006805,B005145,1,Digital Wallet,775.59,Success,2026-05-29 00:50:00,
P006806,B005146,1,Credit Card,4500.04,Success,2025-11-09 00:08:00,
P006807,B005147,1,Apple Pay,4983.79,Failed,2026-06-07 00:49:00,Technical Error
P006808,B005147,2,Credit Card,4983.79,Failed,2026-06-07 00:53:17,Card Declined
P006809,B005147,3,Bank Transfer,4983.79,Success,2026-06-07 00:58:13,
P006810,B005148,1,Credit Card,570.83,Failed,2026-08-27 00:20:00,Payment Timeout
P006811,B005148,2,Apple Pay,570.83,Success,2026-08-27 00:32:27,
P006812,B005149,1,Apple Pay,4854.38,Success,2026-04-23 00:05:00,
P006813,B005150,1,Digital Wallet,1561.38,Success,2025-09-09 00:05:00,
P006814,B005151,1,Bank Transfer,3616.44,Failed,2025-09-09 00:43:00,Fraud Check
P006815,B005151,2,Credit Card,3616.44,Success,2025-09-09 00:53:40,
P006816,B005152,1,Apple Pay,1816.18,Success,2026-10-03 00:51:00,
P006817,B005153,1,Digital Wallet,2848.16,Success,2026-04-13 00:29:00,
P006818,B005154,1,Apple Pay,2796.88,Success,2026-08-13 00:58:00,
P006819,B005155,1,Bank Transfer,2124.97,Success,2026-01-28 00:32:00,
P006820,B005156,1,Digital Wallet,3728.96,Success,2026-03-31 00:42:00,
P006821,B005157,1,Apple Pay,3198.36,Success,2025-12-17 00:45:00,
P006822,B005158,1,Credit Card,2787.25,Failed,2025-11-12 00:39:00,Technical Error
P006823,B005158,2,Debit Card,2787.25,Success,2025-11-12 00:48:21,
P006824,B005159,1,Credit Card,4922.78,Success,2026-05-01 00:22:00,
P006825,B005160,1,Credit Card,4730.04,Success,2026-02-02 00:35:00,
P006826,B005161,1,Bank Transfer,4799.46,Success,2026-12-01 00:11:00,
P006827,B005162,1,Credit Card,4465.96,Success,2025-11-21 00:47:00,
P006828,B005163,1,Digital Wallet,1648.2,Success,2026-03-28 00:48:00,
P006829,B005164,1,Apple Pay,2074.89,Success,2026-10-01 00:31:00,
P006830,B005165,1,Credit Card,1539.75,Success,2026-11-28 00:33:00,
P006831,B005166,1,Bank Transfer,4937.8,Failed,2026-07-12 00:52:00,Technical Error
P006832,B005166,2,Bank Transfer,4937.8,Success,2026-07-12 00:53:32,
P006833,B005167,1,Bank Transfer,1186.98,Success,2026-05-07 00:36:00,
P006834,B005168,1,Debit Card,2149.3,Success,2026-07-16 00:17:00,
P006835,B005169,1,Credit Card,1395.7,Success,2025-12-16 00:33:00,
P006836,B005170,1,Debit Card,1505.54,Success,2026-01-18 00:17:00,
P006837,B005171,1,Debit Card,1611.9,Success,2026-02-16 00:11:00,
P006838,B005172,1,Bank Transfer,3378.52,Success,2026-04-24 00:59:00,
P006839,B005173,1,Apple Pay,842.22,Success,2026-03-18 00:34:00,
P006840,B005174,1,Credit Card,3076.38,Success,2026-08-10 00:08:00,
P006841,B005175,1,Debit Card,4186.79,Failed,2025-08-28 00:54:00,Fraud Check
P006842,B005175,2,Apple Pay,4186.79,Success,2025-08-28 01:03:21,
P006843,B005176,1,Digital Wallet,3949.36,Success,2026-04-15 00:11:00,
P006844,B005177,1,Digital Wallet,1180.27,Success,2026-09-24 00:29:00,
P006845,B005178,1,Apple Pay,4616.29,Success,2025-12-23 00:49:00,
P006846,B005179,1,Bank Transfer,3965.41,Success,2025-09-05 00:12:00,
P006847,B005180,1,Digital Wallet,523.86,Failed,2025-11-13 00:06:00,Fraud Check
P006848,B005180,2,Apple Pay,523.86,Failed,2025-11-13 00:11:15,Payment Timeout
P006849,B005180,3,Credit Card,523.86,Success,2025-11-13 00:15:07,
P006850,B005181,1,Debit Card,3818.18,Success,2025-12-26 00:47:00,
P006851,B005182,1,Bank Transfer,3818.4,Success,2026-07-15 00:14:00,
P006852,B005183,1,Apple Pay,2735.67,Success,2026-10-04 00:57:00,
P006853,B005184,1,Apple Pay,706.92,Success,2026-02-17 00:37:00,
P006854,B005185,1,Digital Wallet,3109.58,Success,2025-12-30 00:39:00,
P006855,B005186,1,Digital Wallet,3945.86,Failed,2026-04-17 00:21:00,Fraud Check
P006856,B005186,2,Digital Wallet,3945.86,Success,2026-04-17 00:29:33,
P006857,B005187,1,Apple Pay,1718.93,Failed,2026-02-01 00:53:00,Technical Error
P006858,B005187,2,Credit Card,1718.93,Success,2026-02-01 00:56:33,
P006859,B005188,1,Bank Transfer,3501.81,Success,2026-03-17 00:26:00,
P006860,B005189,1,Debit Card,2092.67,Success,2026-09-06 00:10:00,
P006861,B005190,1,Debit Card,3082.35,Success,2026-02-13 00:29:00,
P006862,B005191,1,Digital Wallet,2230.55,Success,2026-01-27 00:30:00,
P006863,B005192,1,Debit Card,1866.93,Success,2026-01-11 00:59:00,
P006864,B005193,1,Apple Pay,4351.62,Success,2026-03-14 00:21:00,
P006865,B005194,1,Bank Transfer,3892.27,Success,2026-08-18 00:12:00,
P006866,B005195,1,Digital Wallet,2054.52,Failed,2026-10-24 00:56:00,Card Declined
P006867,B005195,2,Digital Wallet,2054.52,Failed,2026-10-24 01:07:21,Insufficient Funds
P006868,B005195,3,Digital Wallet,2054.52,Success,2026-10-24 01:11:08,
P006869,B005196,1,Digital Wallet,2455.84,Success,2026-07-17 00:49:00,
P006870,B005197,1,Apple Pay,3612.67,Success,2026-02-18 00:28:00,
P006871,B005198,1,Bank Transfer,4149.85,Failed,2026-05-14 00:38:00,Technical Error
P006872,B005198,2,Credit Card,4149.85,Success,2026-05-14 00:41:21,
P006873,B005199,1,Apple Pay,3579.54,Success,2026-02-12 00:21:00,
P006874,B005200,1,Apple Pay,2934.19,Failed,2026-04-10 00:59:00,Insufficient Funds
P006875,B005200,2,Digital Wallet,2934.19,Success,2026-04-10 01:05:11,
P006876,B005201,1,Credit Card,4794.74,Success,2025-11-28 00:28:00,
P006877,B005202,1,Digital Wallet,3983.65,Failed,2025-12-29 00:45:00,Fraud Check
P006878,B005202,2,Bank Transfer,3983.65,Success,2025-12-29 00:56:34,
P006879,B005203,1,Apple Pay,1020.16,Success,2025-10-17 00:37:00,
P006880,B005204,1,Digital Wallet,3011.63,Success,2026-01-03 00:23:00,
P006881,B005205,1,Apple Pay,2343.0,Success,2026-07-11 00:30:00,
P006882,B005206,1,Digital Wallet,4077.21,Success,2026-07-27 00:07:00,
P006883,B005207,1,Credit Card,700.98,Success,2026-04-12 00:17:00,
P006884,B005208,1,Bank Transfer,2348.26,Success,2026-10-07 00:41:00,
P006885,B005209,1,Apple Pay,1932.24,Failed,2026-08-07 00:17:00,Fraud Check
P006886,B005209,2,Credit Card,1932.24,Success,2026-08-07 00:27:34,
P006887,B005210,1,Bank Transfer,1135.34,Success,2025-11-03 00:53:00,
P006888,B005211,1,Bank Transfer,2204.62,Success,2026-01-04 00:51:00,
P006889,B005212,1,Bank Transfer,3527.6,Success,2026-08-25 00:07:00,
P006890,B005213,1,Digital Wallet,2127.55,Failed,2025-11-18 00:19:00,Payment Timeout
P006891,B005213,2,Bank Transfer,2127.55,Success,2025-11-18 00:31:16,
P006892,B005214,1,Apple Pay,3110.03,Success,2025-09-22 00:58:00,
P006893,B005215,1,Debit Card,3167.65,Success,2026-06-02 00:57:00,
P006894,B005216,1,Digital Wallet,3142.0,Failed,2025-10-10 00:49:00,Payment Timeout
P006895,B005216,2,Digital Wallet,3142.0,Success,2025-10-10 00:50:27,
P006896,B005217,1,Bank Transfer,2882.89,Success,2026-03-17 00:52:00,
P006897,B005218,1,Credit Card,1026.45,Success,2026-05-21 00:52:00,
P006898,B005219,1,Debit Card,1483.05,Success,2026-09-04 00:56:00,
P006899,B005220,1,Bank Transfer,4100.3,Success,2025-11-05 00:44:00,
P006900,B005221,1,Credit Card,2760.64,Success,2026-01-12 00:20:00,
P006901,B005222,1,Bank Transfer,3677.34,Success,2026-03-24 00:55:00,
P006902,B005223,1,Apple Pay,3064.59,Success,2026-06-14 00:17:00,
P006903,B005224,1,Bank Transfer,674.11,Success,2026-05-06 00:52:00,
P006904,B005225,1,Bank Transfer,4082.96,Success,2026-05-16 00:31:00,
P006905,B005226,1,Credit Card,789.46,Failed,2026-06-20 00:21:00,Card Declined
P006906,B005226,2,Bank Transfer,789.46,Success,2026-06-20 00:26:39,
P006907,B005227,1,Credit Card,4744.28,Success,2026-04-15 00:42:00,
P006908,B005228,1,Digital Wallet,1469.2,Success,2026-09-01 00:58:00,
P006909,B005229,1,Bank Transfer,2805.83,Success,2026-04-12 00:28:00,
P006910,B005230,1,Apple Pay,786.15,Success,2026-04-24 00:35:00,
P006911,B005231,1,Bank Transfer,4527.2,Success,2026-08-27 00:30:00,
P006912,B005232,1,Digital Wallet,4909.73,Success,2026-07-14 00:13:00,
P006913,B005233,1,Credit Card,1158.32,Failed,2026-07-27 00:59:00,Technical Error
P006914,B005233,2,Digital Wallet,1158.32,Failed,2026-07-27 01:06:59,Card Declined
P006915,B005233,3,Debit Card,1158.32,Success,2026-07-27 01:19:09,
P006916,B005234,1,Debit Card,1831.04,Failed,2026-04-23 00:11:00,Card Declined
P006917,B005234,2,Bank Transfer,1831.04,Success,2026-04-23 00:20:53,
P006918,B005235,1,Digital Wallet,571.43,Success,2026-01-06 00:39:00,
P006919,B005236,1,Digital Wallet,4041.34,Success,2025-10-24 00:32:00,
P006920,B005237,1,Bank Transfer,1901.59,Success,2026-05-31 00:10:00,
P006921,B005238,1,Digital Wallet,3149.77,Success,2026-11-29 00:59:00,
P006922,B005239,1,Apple Pay,676.48,Success,2026-01-24 00:27:00,
P006923,B005240,1,Bank Transfer,3719.57,Failed,2026-01-11 00:32:00,Technical Error
P006924,B005240,2,Apple Pay,3719.57,Success,2026-01-11 00:45:37,
P006925,B005241,1,Debit Card,2882.32,Success,2026-07-05 00:25:00,
P006926,B005242,1,Credit Card,3762.41,Failed,2026-01-02 00:38:00,Card Declined
P006927,B005242,2,Digital Wallet,3762.41,Success,2026-01-02 00:49:27,
P006928,B005243,1,Bank Transfer,4053.04,Success,2025-12-23 00:20:00,
P006929,B005244,1,Apple Pay,901.59,Failed,2026-01-12 00:42:00,Payment Timeout
P006930,B005244,2,Credit Card,901.59,Success,2026-01-12 00:46:39,
P006931,B005245,1,Apple Pay,3101.41,Success,2026-05-15 00:11:00,
P006932,B005246,1,Debit Card,3424.75,Failed,2026-04-27 00:32:00,Payment Timeout
P006933,B005246,2,Digital Wallet,3424.75,Success,2026-04-27 00:34:38,
P006934,B005247,1,Bank Transfer,2825.23,Success,2026-08-19 00:28:00,
P006935,B005248,1,Debit Card,1320.84,Failed,2026-02-04 00:17:00,Technical Error
P006936,B005248,2,Bank Transfer,1320.84,Success,2026-02-04 00:19:14,
P006937,B005249,1,Apple Pay,4080.19,Success,2026-03-25 00:12:00,
P006938,B005250,1,Credit Card,4988.56,Failed,2025-11-17 00:08:00,Card Declined
P006939,B005250,2,Credit Card,4988.56,Failed,2025-11-17 00:12:58,Fraud Check
P006940,B005250,3,Digital Wallet,4988.56,Success,2025-11-17 00:17:20,
P006941,B005251,1,Debit Card,4861.72,Success,2026-10-29 00:51:00,
P006942,B005252,1,Digital Wallet,3998.88,Failed,2026-05-16 00:15:00,Insufficient Funds
P006943,B005252,2,Credit Card,3998.88,Failed,2026-05-16 00:27:17,Fraud Check
P006944,B005252,3,Credit Card,3998.88,Success,2026-05-16 00:28:56,
P006945,B005253,1,Apple Pay,2381.48,Success,2026-04-17 00:40:00,
P006946,B005254,1,Digital Wallet,2017.85,Failed,2026-01-06 00:47:00,Payment Timeout
P006947,B005254,2,Apple Pay,2017.85,Success,2026-01-06 00:48:51,
P006948,B005255,1,Debit Card,808.46,Success,2026-03-30 00:37:00,
P006949,B005256,1,Apple Pay,2373.29,Success,2026-11-11 00:35:00,
P006950,B005257,1,Apple Pay,1202.22,Failed,2026-01-19 00:58:00,Technical Error
P006951,B005257,2,Debit Card,1202.22,Success,2026-01-19 01:09:25,
P006952,B005258,1,Credit Card,1644.51,Failed,2025-11-06 00:38:00,Technical Error
P006953,B005258,2,Digital Wallet,1644.51,Failed,2025-11-06 00:50:43,Card Declined
P006954,B005258,3,Digital Wallet,1644.51,Success,2025-11-06 00:56:59,
P006955,B005259,1,Apple Pay,4513.49,Success,2025-12-08 00:43:00,
P006956,B005260,1,Credit Card,4858.37,Failed,2026-03-22 00:50:00,Payment Timeout
P006957,B005260,2,Bank Transfer,4858.37,Success,2026-03-22 00:53:42,
P006958,B005261,1,Apple Pay,4768.52,Success,2026-08-30 00:35:00,
P006959,B005262,1,Bank Transfer,1370.1,Failed,2026-06-28 00:20:00,Payment Timeout
P006960,B005262,2,Digital Wallet,1370.1,Failed,2026-06-28 00:29:29,Payment Timeout
P006961,B005262,3,Debit Card,1370.1,Success,2026-06-28 00:42:42,
P006962,B005263,1,Digital Wallet,4554.02,Success,2026-08-05 00:21:00,
P006963,B005264,1,Bank Transfer,1136.77,Success,2025-08-31 00:49:00,
P006964,B005265,1,Apple Pay,2784.47,Success,2026-03-05 00:45:00,
P006965,B005266,1,Digital Wallet,3396.49,Success,2026-05-04 00:35:00,
P006966,B005267,1,Apple Pay,2581.1,Success,2025-09-19 00:41:00,
P006967,B005268,1,Bank Transfer,4783.27,Success,2025-12-04 00:59:00,
P006968,B005269,1,Apple Pay,1999.46,Failed,2026-01-07 00:54:00,Technical Error
P006969,B005269,2,Digital Wallet,1999.46,Failed,2026-01-07 01:06:21,Payment Timeout
P006970,B005269,3,Bank Transfer,1999.46,Success,2026-01-07 01:09:58,
P006971,B005270,1,Apple Pay,2873.2,Success,2026-08-16 00:49:00,
P006972,B005271,1,Credit Card,839.52,Success,2026-02-05 00:12:00,
P006973,B005272,1,Apple Pay,4335.01,Success,2025-12-04 00:54:00,
P006974,B005273,1,Digital Wallet,2360.14,Success,2026-11-01 00:59:00,
P006975,B005274,1,Bank Transfer,3652.39,Success,2026-08-13 00:06:00,
P006976,B005275,1,Digital Wallet,3570.11,Success,2026-09-16 00:52:00,
P006977,B005276,1,Credit Card,3543.18,Success,2026-09-19 00:59:00,
P006978,B005277,1,Apple Pay,2781.22,Success,2026-02-09 00:55:00,
P006979,B005278,1,Digital Wallet,1748.83,Success,2025-08-21 00:51:00,
P006980,B005279,1,Digital Wallet,3312.93,Success,2026-04-26 00:57:00,
P006981,B005280,1,Debit Card,4828.06,Success,2025-12-30 00:31:00,
P006982,B005281,1,Bank Transfer,4252.77,Success,2025-11-12 00:06:00,
P006983,B005282,1,Apple Pay,989.46,Success,2026-02-13 00:34:00,
P006984,B005283,1,Apple Pay,604.34,Success,2026-07-20 00:16:00,
P006985,B005284,1,Apple Pay,2745.37,Failed,2026-03-31 00:27:00,Insufficient Funds
P006986,B005284,2,Apple Pay,2745.37,Failed,2026-03-31 00:41:47,Insufficient Funds
P006987,B005284,3,Apple Pay,2745.37,Success,2026-03-31 00:56:41,
P006988,B005285,1,Debit Card,3991.23,Success,2025-08-23 00:18:00,
P006989,B005286,1,Debit Card,1912.56,Failed,2025-10-01 00:44:00,Payment Timeout
P006990,B005286,2,Bank Transfer,1912.56,Failed,2025-10-01 00:48:27,Technical Error
P006991,B005286,3,Apple Pay,1912.56,Success,2025-10-01 01:02:26,
P006992,B005287,1,Credit Card,3655.57,Success,2026-09-22 00:35:00,
P006993,B005288,1,Apple Pay,4693.65,Failed,2026-01-22 00:17:00,Fraud Check
P006994,B005288,2,Digital Wallet,4693.65,Success,2026-01-22 00:20:38,
P006995,B005289,1,Bank Transfer,2565.43,Success,2026-10-19 00:32:00,
P006996,B005290,1,Debit Card,1598.72,Failed,2026-02-03 00:52:00,Payment Timeout
P006997,B005290,2,Debit Card,1598.72,Success,2026-02-03 00:54:29,
P006998,B005291,1,Credit Card,4629.91,Success,2026-01-24 00:05:00,
P006999,B005292,1,Apple Pay,2625.19,Success,2025-10-23 00:21:00,
P007000,B005293,1,Apple Pay,2335.28,Failed,2026-01-06 00:38:00,Technical Error
P007001,B005293,2,Digital Wallet,2335.28,Failed,2026-01-06 00:49:26,Payment Timeout
P007002,B005293,3,Apple Pay,2335.28,Success,2026-01-06 00:56:14,
P007003,B005294,1,Digital Wallet,2090.13,Success,2026-01-05 00:49:00,
P007004,B005295,1,Apple Pay,2403.58,Success,2026-07-02 00:34:00,
P007005,B005296,1,Digital Wallet,3531.46,Success,2026-05-28 00:51:00,
P007006,B005297,1,Credit Card,2451.74,Failed,2026-08-09 00:40:00,Fraud Check
P007007,B005297,2,Apple Pay,2451.74,Failed,2026-08-09 00:48:32,Payment Timeout
P007008,B005297,3,Credit Card,2451.74,Success,2026-08-09 01:02:28,
P007009,B005298,1,Bank Transfer,1959.01,Success,2026-10-18 00:40:00,
P007010,B005299,1,Debit Card,3846.37,Success,2026-04-23 00:31:00,
P007011,B005300,1,Bank Transfer,1413.37,Success,2026-09-02 00:50:00,
P007012,B005301,1,Apple Pay,1408.7,Success,2025-12-29 00:30:00,
P007013,B005302,1,Bank Transfer,3633.96,Success,2026-01-30 00:11:00,
P007014,B005303,1,Credit Card,4400.18,Failed,2026-12-01 00:58:00,Payment Timeout
P007015,B005303,2,Digital Wallet,4400.18,Failed,2026-12-01 01:09:43,Fraud Check
P007016,B005303,3,Bank Transfer,4400.18,Success,2026-12-01 01:13:41,
P007017,B005304,1,Debit Card,1585.45,Success,2026-02-27 00:25:00,
P007018,B005305,1,Digital Wallet,1360.06,Success,2026-05-26 00:33:00,
P007019,B005306,1,Credit Card,3516.38,Failed,2026-09-15 00:53:00,Fraud Check
P007020,B005306,2,Credit Card,3516.38,Success,2026-09-15 01:02:14,
P007021,B005307,1,Bank Transfer,3293.61,Failed,2026-05-03 00:54:00,Insufficient Funds
P007022,B005307,2,Bank Transfer,3293.61,Failed,2026-05-03 01:08:58,Technical Error
P007023,B005307,3,Digital Wallet,3293.61,Success,2026-05-03 01:15:23,
P007024,B005308,1,Bank Transfer,2512.64,Success,2026-11-12 00:38:00,
P007025,B005309,1,Credit Card,931.37,Success,2026-04-25 00:24:00,
P007026,B005310,1,Digital Wallet,913.03,Failed,2026-04-12 00:23:00,Payment Timeout
P007027,B005310,2,Apple Pay,913.03,Success,2026-04-12 00:29:51,
P007028,B005311,1,Apple Pay,3998.04,Failed,2026-09-18 00:05:00,Insufficient Funds
P007029,B005311,2,Bank Transfer,3998.04,Success,2026-09-18 00:14:45,
P007030,B005312,1,Digital Wallet,2532.96,Success,2025-10-25 00:51:00,
P007031,B005313,1,Digital Wallet,4360.85,Success,2025-12-30 00:26:00,
P007032,B005314,1,Debit Card,3086.3,Success,2026-07-04 00:37:00,
P007033,B005315,1,Digital Wallet,3284.32,Success,2026-04-19 00:21:00,
P007034,B005316,1,Digital Wallet,4703.87,Success,2026-09-01 00:10:00,
P007035,B005317,1,Apple Pay,1240.77,Success,2026-05-03 00:21:00,
P007036,B005318,1,Digital Wallet,2943.61,Success,2025-10-15 00:58:00,
P007037,B005319,1,Apple Pay,761.62,Failed,2026-09-06 00:17:00,Payment Timeout
P007038,B005319,2,Debit Card,761.62,Failed,2026-09-06 00:22:17,Technical Error
P007039,B005319,3,Apple Pay,761.62,Success,2026-09-06 00:28:05,
P007040,B005320,1,Apple Pay,2115.16,Success,2026-04-24 00:15:00,
P007041,B005321,1,Bank Transfer,1166.44,Failed,2026-02-08 00:12:00,Card Declined
P007042,B005321,2,Bank Transfer,1166.44,Success,2026-02-08 00:14:44,
P007043,B005322,1,Credit Card,1345.26,Success,2026-01-24 00:31:00,
P007044,B005323,1,Debit Card,4706.58,Success,2025-11-30 00:34:00,
P007045,B005324,1,Credit Card,3248.07,Success,2025-11-06 00:22:00,
P007046,B005325,1,Bank Transfer,4514.71,Success,2026-01-29 00:06:00,
P007047,B005326,1,Debit Card,2495.84,Failed,2026-08-19 00:14:00,Payment Timeout
P007048,B005326,2,Debit Card,2495.84,Success,2026-08-19 00:28:56,
P007049,B005327,1,Apple Pay,3189.4,Success,2026-05-21 00:15:00,
P007050,B005328,1,Bank Transfer,644.43,Failed,2026-08-20 00:25:00,Fraud Check
P007051,B005328,2,Credit Card,644.43,Success,2026-08-20 00:31:52,
P007052,B005329,1,Digital Wallet,2612.76,Success,2025-11-10 00:26:00,
P007053,B005330,1,Bank Transfer,3038.26,Success,2026-10-17 00:30:00,
P007054,B005331,1,Bank Transfer,575.5,Failed,2026-10-23 00:56:00,Payment Timeout
P007055,B005331,2,Digital Wallet,575.5,Success,2026-10-23 01:03:23,
P007056,B005332,1,Debit Card,4052.7,Success,2026-05-07 00:13:00,
P007057,B005333,1,Credit Card,1829.4,Success,2026-07-27 00:46:00,
P007058,B005334,1,Apple Pay,2536.19,Success,2026-09-14 00:50:00,
P007059,B005335,1,Bank Transfer,2910.34,Success,2025-11-18 00:25:00,
P007060,B005336,1,Digital Wallet,4964.89,Success,2026-01-15 00:05:00,
P007061,B005337,1,Debit Card,946.33,Success,2026-02-17 00:11:00,
P007062,B005338,1,Digital Wallet,2998.76,Success,2026-11-07 00:15:00,
P007063,B005339,1,Credit Card,2887.67,Success,2026-01-29 00:31:00,
P007064,B005340,1,Digital Wallet,810.09,Success,2025-12-12 00:55:00,
P007065,B005341,1,Bank Transfer,3352.72,Success,2026-04-11 00:25:00,
P007066,B005342,1,Apple Pay,1790.84,Success,2026-06-06 00:12:00,
P007067,B005343,1,Bank Transfer,966.96,Success,2026-03-26 00:46:00,
P007068,B005344,1,Digital Wallet,1303.89,Success,2026-06-09 00:15:00,
P007069,B005345,1,Debit Card,4206.21,Success,2026-04-04 00:40:00,
P007070,B005346,1,Debit Card,968.56,Failed,2026-04-01 00:57:00,Technical Error
P007071,B005346,2,Debit Card,968.56,Success,2026-04-01 01:06:31,
P007072,B005347,1,Apple Pay,2601.17,Success,2026-08-01 00:28:00,
P007073,B005348,1,Debit Card,1378.73,Success,2025-10-27 00:23:00,
P007074,B005349,1,Bank Transfer,1230.44,Success,2026-01-03 00:10:00,
P007075,B005350,1,Credit Card,1425.7,Success,2026-10-20 00:17:00,
P007076,B005351,1,Debit Card,2717.52,Success,2026-05-05 00:20:00,
P007077,B005352,1,Apple Pay,1570.05,Success,2026-03-23 00:54:00,
P007078,B005353,1,Digital Wallet,935.3,Success,2026-11-17 00:27:00,
P007079,B005354,1,Debit Card,4106.3,Success,2026-04-06 00:46:00,
P007080,B005355,1,Credit Card,2929.2,Success,2026-08-30 00:58:00,
P007081,B005356,1,Debit Card,1205.84,Success,2026-01-09 00:26:00,
P007082,B005357,1,Credit Card,2621.43,Success,2026-03-22 00:42:00,
P007083,B005358,1,Credit Card,807.63,Success,2026-08-13 00:53:00,
P007084,B005359,1,Bank Transfer,3111.93,Success,2025-11-24 00:35:00,
P007085,B005360,1,Bank Transfer,2031.37,Success,2026-09-02 00:43:00,
P007086,B005361,1,Digital Wallet,965.88,Success,2025-08-22 00:22:00,
P007087,B005362,1,Debit Card,1326.4,Success,2026-07-30 00:29:00,
P007088,B005363,1,Bank Transfer,2055.66,Success,2026-11-04 00:19:00,
P007089,B005364,1,Credit Card,4128.83,Failed,2026-02-17 00:43:00,Insufficient Funds
P007090,B005364,2,Digital Wallet,4128.83,Success,2026-02-17 00:54:31,
P007091,B005365,1,Apple Pay,1281.9,Success,2026-05-05 00:55:00,
P007092,B005366,1,Apple Pay,993.49,Success,2025-12-22 00:11:00,
P007093,B005367,1,Bank Transfer,2821.73,Success,2026-02-24 00:30:00,
P007094,B005368,1,Digital Wallet,3014.14,Success,2026-09-06 00:13:00,
P007095,B005369,1,Credit Card,906.09,Success,2026-04-12 00:14:00,
P007096,B005370,1,Apple Pay,1780.18,Success,2026-01-04 00:59:00,
P007097,B005371,1,Digital Wallet,1682.44,Success,2025-11-04 00:41:00,
P007098,B005372,1,Debit Card,1338.0,Success,2026-06-26 00:48:00,
P007099,B005373,1,Debit Card,1920.37,Success,2026-02-15 00:11:00,
P007100,B005374,1,Bank Transfer,666.99,Failed,2026-08-23 00:07:00,Card Declined
P007101,B005374,2,Apple Pay,666.99,Failed,2026-08-23 00:19:58,Technical Error
P007102,B005374,3,Bank Transfer,666.99,Success,2026-08-23 00:24:48,
P007103,B005375,1,Debit Card,3431.97,Success,2026-06-18 00:27:00,
P007104,B005376,1,Bank Transfer,4948.19,Failed,2026-03-26 00:49:00,Fraud Check
P007105,B005376,2,Bank Transfer,4948.19,Success,2026-03-26 00:51:31,
P007106,B005377,1,Debit Card,3353.21,Success,2026-04-06 00:11:00,
P007107,B005378,1,Digital Wallet,2124.84,Success,2026-02-18 00:19:00,
P007108,B005379,1,Digital Wallet,3505.6,Success,2026-08-10 00:15:00,
P007109,B005380,1,Digital Wallet,3071.82,Success,2026-07-01 00:42:00,
P007110,B005381,1,Bank Transfer,4310.41,Success,2026-06-01 00:47:00,
P007111,B005382,1,Credit Card,3298.44,Success,2025-11-02 00:24:00,
P007112,B005383,1,Bank Transfer,3353.34,Success,2026-08-24 00:27:00,
P007113,B005384,1,Apple Pay,1497.49,Success,2026-05-24 00:31:00,
P007114,B005385,1,Apple Pay,2370.32,Success,2025-09-29 00:26:00,
P007115,B005386,1,Debit Card,2049.87,Success,2026-05-07 00:42:00,
P007116,B005387,1,Bank Transfer,551.41,Success,2026-03-29 00:15:00,
P007117,B005388,1,Apple Pay,1909.76,Success,2026-01-21 00:06:00,
P007118,B005389,1,Credit Card,2687.28,Success,2026-04-03 00:08:00,
P007119,B005390,1,Debit Card,3199.32,Success,2025-12-03 00:51:00,
P007120,B005391,1,Debit Card,4705.56,Failed,2026-09-06 00:27:00,Card Declined
P007121,B005391,2,Debit Card,4705.56,Success,2026-09-06 00:32:56,
P007122,B005392,1,Bank Transfer,1576.01,Failed,2026-04-17 00:42:00,Fraud Check
P007123,B005392,2,Apple Pay,1576.01,Success,2026-04-17 00:46:14,
P007124,B005393,1,Debit Card,1185.93,Success,2026-06-23 00:53:00,
P007125,B005394,1,Bank Transfer,4412.51,Failed,2026-02-17 00:39:00,Insufficient Funds
P007126,B005394,2,Digital Wallet,4412.51,Success,2026-02-17 00:43:17,
P007127,B005395,1,Apple Pay,4738.31,Success,2025-11-21 00:43:00,
P007128,B005396,1,Digital Wallet,2695.79,Failed,2025-11-04 00:14:00,Technical Error
P007129,B005396,2,Apple Pay,2695.79,Failed,2025-11-04 00:28:11,Insufficient Funds
P007130,B005396,3,Apple Pay,2695.79,Success,2025-11-04 00:41:44,
P007131,B005397,1,Digital Wallet,1018.47,Success,2026-06-12 00:52:00,
P007132,B005398,1,Bank Transfer,2684.25,Failed,2026-01-05 01:00:00,Insufficient Funds
P007133,B005398,2,Digital Wallet,2684.25,Success,2026-01-05 01:04:13,
P007134,B005399,1,Debit Card,992.49,Success,2026-03-22 00:08:00,
P007135,B005400,1,Bank Transfer,4474.34,Failed,2025-10-11 00:40:00,Fraud Check
P007136,B005400,2,Debit Card,4474.34,Success,2025-10-11 00:45:13,
P007137,B005401,1,Digital Wallet,3686.68,Success,2026-05-06 00:37:00,
P007138,B005402,1,Bank Transfer,1585.12,Failed,2025-07-30 00:23:00,Payment Timeout
P007139,B005402,2,Credit Card,1585.12,Failed,2025-07-30 00:35:41,Fraud Check
P007140,B005402,3,Digital Wallet,1585.12,Success,2025-07-30 00:48:36,
P007141,B005403,1,Digital Wallet,4490.11,Failed,2026-08-12 00:34:00,Fraud Check
P007142,B005403,2,Digital Wallet,4490.11,Failed,2026-08-12 00:36:39,Insufficient Funds
P007143,B005403,3,Digital Wallet,4490.11,Success,2026-08-12 00:43:49,
P007144,B005404,1,Apple Pay,3370.56,Success,2026-05-05 00:46:00,
P007145,B005405,1,Digital Wallet,4789.69,Success,2026-01-02 00:58:00,
P007146,B005406,1,Bank Transfer,4912.16,Success,2026-09-07 00:10:00,
P007147,B005407,1,Credit Card,514.77,Success,2026-06-12 00:47:00,
P007148,B005408,1,Bank Transfer,1040.96,Success,2026-01-25 00:10:00,
P007149,B005409,1,Debit Card,2961.15,Success,2026-03-08 00:43:00,
P007150,B005410,1,Credit Card,4801.34,Success,2026-12-02 00:31:00,
P007151,B005411,1,Debit Card,4974.05,Success,2026-01-08 00:11:00,
P007152,B005412,1,Bank Transfer,3053.34,Success,2026-03-23 00:49:00,
P007153,B005413,1,Debit Card,1282.11,Failed,2026-05-04 00:36:00,Payment Timeout
P007154,B005413,2,Debit Card,1282.11,Success,2026-05-04 00:38:23,
P007155,B005414,1,Bank Transfer,1233.73,Failed,2026-04-26 00:42:00,Insufficient Funds
P007156,B005414,2,Credit Card,1233.73,Success,2026-04-26 00:49:37,
P007157,B005415,1,Credit Card,3937.36,Success,2026-09-11 00:07:00,
P007158,B005416,1,Digital Wallet,3163.72,Success,2026-09-05 00:46:00,
P007159,B005417,1,Bank Transfer,2969.48,Success,2025-12-19 00:48:00,
P007160,B005418,1,Bank Transfer,2595.94,Success,2025-08-29 00:23:00,
P007161,B005419,1,Debit Card,3763.11,Success,2025-08-20 00:24:00,
P007162,B005420,1,Credit Card,4361.24,Success,2026-04-14 00:52:00,
P007163,B005421,1,Bank Transfer,1863.31,Success,2025-10-06 00:15:00,
P007164,B005422,1,Bank Transfer,1494.13,Failed,2026-06-18 00:42:00,Technical Error
P007165,B005422,2,Digital Wallet,1494.13,Success,2026-06-18 00:53:37,
P007166,B005423,1,Apple Pay,3515.9,Success,2026-02-24 00:31:00,
P007167,B005424,1,Debit Card,4616.3,Success,2026-05-28 00:57:00,
P007168,B005425,1,Digital Wallet,2066.71,Success,2026-10-16 00:46:00,
P007169,B005426,1,Bank Transfer,1726.02,Success,2026-06-02 00:26:00,
P007170,B005427,1,Debit Card,1517.52,Success,2026-02-15 00:18:00,
P007171,B005428,1,Debit Card,1645.21,Success,2026-06-29 00:54:00,
P007172,B005429,1,Credit Card,1107.2,Success,2026-02-09 00:13:00,
P007173,B005430,1,Apple Pay,3185.5,Success,2026-09-14 00:11:00,
P007174,B005431,1,Apple Pay,1763.72,Success,2026-06-09 00:23:00,
P007175,B005432,1,Debit Card,3267.25,Success,2025-12-10 00:33:00,
P007176,B005433,1,Credit Card,873.65,Success,2026-06-14 00:47:00,
P007177,B005434,1,Digital Wallet,1019.56,Success,2025-10-10 00:31:00,
P007178,B005435,1,Digital Wallet,2912.64,Success,2026-05-15 00:29:00,
P007179,B005436,1,Credit Card,2801.89,Failed,2026-02-04 00:48:00,Payment Timeout
P007180,B005436,2,Debit Card,2801.89,Failed,2026-02-04 01:02:48,Technical Error
P007181,B005436,3,Debit Card,2801.89,Success,2026-02-04 01:07:30,
P007182,B005437,1,Debit Card,1721.79,Failed,2026-07-15 00:40:00,Fraud Check
P007183,B005437,2,Apple Pay,1721.79,Success,2026-07-15 00:41:24,
P007184,B005438,1,Apple Pay,4222.09,Failed,2026-08-09 00:19:00,Fraud Check
P007185,B005438,2,Credit Card,4222.09,Success,2026-08-09 00:21:54,
P007186,B005439,1,Credit Card,1341.71,Success,2026-02-15 00:21:00,
P007187,B005440,1,Apple Pay,2122.98,Success,2026-07-30 00:43:00,
P007188,B005441,1,Apple Pay,2999.8,Success,2026-05-18 00:40:00,
P007189,B005442,1,Debit Card,4402.45,Success,2026-05-08 00:53:00,
P007190,B005443,1,Debit Card,2383.48,Success,2025-11-20 00:40:00,
P007191,B005444,1,Bank Transfer,2293.7,Success,2026-09-22 00:11:00,
P007192,B005445,1,Digital Wallet,3107.92,Success,2025-12-20 00:31:00,
P007193,B005446,1,Apple Pay,1925.13,Success,2026-10-16 00:17:00,
P007194,B005447,1,Bank Transfer,3691.28,Failed,2026-10-13 00:50:00,Insufficient Funds
P007195,B005447,2,Apple Pay,3691.28,Success,2026-10-13 00:56:17,
P007196,B005448,1,Apple Pay,1619.13,Failed,2026-01-29 00:42:00,Card Declined
P007197,B005448,2,Apple Pay,1619.13,Success,2026-01-29 00:49:14,
P007198,B005449,1,Digital Wallet,4204.38,Success,2026-10-23 00:35:00,
P007199,B005450,1,Debit Card,1725.59,Success,2026-08-18 00:41:00,
P007200,B005451,1,Digital Wallet,4967.16,Success,2026-02-06 00:39:00,
P007201,B005452,1,Apple Pay,1924.08,Success,2026-07-18 00:40:00,
P007202,B005453,1,Digital Wallet,4454.72,Success,2026-10-28 00:59:00,
P007203,B005454,1,Apple Pay,2288.1,Failed,2026-05-25 00:59:00,Technical Error
P007204,B005454,2,Apple Pay,2288.1,Success,2026-05-25 01:11:14,
P007205,B005455,1,Apple Pay,1607.25,Success,2026-01-26 00:19:00,
P007206,B005456,1,Digital Wallet,1517.73,Success,2026-10-13 00:36:00,
P007207,B005457,1,Apple Pay,4325.86,Success,2025-10-05 00:30:00,
P007208,B005458,1,Credit Card,1889.39,Success,2025-07-30 00:09:00,
P007209,B005459,1,Credit Card,2023.53,Success,2026-11-16 00:58:00,
P007210,B005460,1,Credit Card,1386.47,Success,2026-08-04 00:47:00,
P007211,B005461,1,Bank Transfer,4825.96,Failed,2026-05-17 00:20:00,Card Declined
P007212,B005461,2,Apple Pay,4825.96,Failed,2026-05-17 00:25:13,Insufficient Funds
P007213,B005461,3,Bank Transfer,4825.96,Success,2026-05-17 00:29:55,
P007214,B005462,1,Debit Card,1601.35,Success,2026-05-30 00:35:00,
P007215,B005463,1,Bank Transfer,1613.5,Success,2026-05-27 00:06:00,
P007216,B005464,1,Bank Transfer,4747.54,Success,2026-02-16 00:27:00,
P007217,B005465,1,Apple Pay,4554.04,Success,2026-08-06 00:50:00,
P007218,B005466,1,Apple Pay,1620.1,Failed,2026-08-15 00:28:00,Insufficient Funds
P007219,B005466,2,Credit Card,1620.1,Success,2026-08-15 00:42:16,
P007220,B005467,1,Digital Wallet,4391.27,Failed,2026-01-02 00:19:00,Technical Error
P007221,B005467,2,Digital Wallet,4391.27,Success,2026-01-02 00:26:38,
P007222,B005468,1,Debit Card,1624.2,Failed,2026-03-31 00:05:00,Technical Error
P007223,B005468,2,Credit Card,1624.2,Success,2026-03-31 00:15:47,
P007224,B005469,1,Credit Card,880.09,Success,2026-07-24 00:37:00,
P007225,B005470,1,Bank Transfer,4191.63,Success,2026-02-10 00:13:00,
P007226,B005471,1,Bank Transfer,3972.01,Success,2026-07-10 00:51:00,
P007227,B005472,1,Bank Transfer,1826.0,Success,2025-10-30 00:21:00,
P007228,B005473,1,Apple Pay,905.63,Failed,2026-04-11 00:52:00,Payment Timeout
P007229,B005473,2,Apple Pay,905.63,Success,2026-04-11 00:58:37,
P007230,B005474,1,Digital Wallet,1428.97,Success,2026-06-19 00:50:00,
P007231,B005475,1,Debit Card,3969.75,Success,2026-05-25 00:53:00,
P007232,B005476,1,Bank Transfer,4841.37,Success,2026-02-20 00:15:00,
P007233,B005477,1,Credit Card,1665.51,Failed,2026-06-09 00:36:00,Technical Error
P007234,B005477,2,Bank Transfer,1665.51,Success,2026-06-09 00:40:56,
P007235,B005478,1,Digital Wallet,4182.16,Success,2026-02-22 00:31:00,
P007236,B005479,1,Apple Pay,1525.7,Failed,2026-08-18 00:19:00,Payment Timeout
P007237,B005479,2,Credit Card,1525.7,Success,2026-08-18 00:32:30,
P007238,B005480,1,Credit Card,3558.2,Success,2026-02-01 00:14:00,
P007239,B005481,1,Debit Card,876.26,Failed,2026-08-17 00:12:00,Card Declined
P007240,B005481,2,Bank Transfer,876.26,Failed,2026-08-17 00:19:16,Card Declined
P007241,B005481,3,Debit Card,876.26,Success,2026-08-17 00:23:32,
P007242,B005482,1,Digital Wallet,3133.83,Failed,2025-12-24 00:44:00,Fraud Check
P007243,B005482,2,Credit Card,3133.83,Success,2025-12-24 00:55:58,
P007244,B005483,1,Apple Pay,1711.35,Success,2026-01-11 00:30:00,
P007245,B005484,1,Apple Pay,4666.31,Failed,2026-02-09 00:32:00,Insufficient Funds
P007246,B005484,2,Debit Card,4666.31,Success,2026-02-09 00:40:41,
P007247,B005485,1,Digital Wallet,1803.88,Success,2026-05-02 00:07:00,
P007248,B005486,1,Digital Wallet,2292.98,Success,2026-03-10 00:21:00,
P007249,B005487,1,Credit Card,4283.06,Success,2026-05-23 00:35:00,
P007250,B005488,1,Credit Card,2472.24,Success,2026-07-05 00:17:00,
P007251,B005489,1,Bank Transfer,1572.86,Success,2026-03-08 00:13:00,
P007252,B005490,1,Credit Card,2963.95,Failed,2026-03-01 00:43:00,Fraud Check
P007253,B005490,2,Credit Card,2963.95,Success,2026-03-01 00:53:49,
P007254,B005491,1,Apple Pay,4279.96,Success,2025-12-16 00:34:00,
P007255,B005492,1,Digital Wallet,2449.3,Success,2026-11-20 00:52:00,
P007256,B005493,1,Bank Transfer,1098.0,Success,2026-03-16 00:38:00,
P007257,B005494,1,Digital Wallet,2223.89,Success,2026-09-01 00:14:00,
P007258,B005495,1,Digital Wallet,4795.14,Success,2026-02-04 00:08:00,
P007259,B005496,1,Credit Card,824.1,Success,2026-06-28 00:27:00,
P007260,B005497,1,Credit Card,2338.0,Success,2025-12-29 00:19:00,
P007261,B005498,1,Digital Wallet,3416.13,Failed,2026-02-10 00:27:00,Insufficient Funds
P007262,B005498,2,Bank Transfer,3416.13,Success,2026-02-10 00:29:18,
P007263,B005499,1,Credit Card,853.33,Success,2026-02-01 00:31:00,
P007264,B005500,1,Digital Wallet,2052.29,Success,2026-09-13 00:48:00,
P007265,B005501,1,Apple Pay,4732.6,Failed,2025-11-25 00:07:00,Technical Error
P007266,B005501,2,Apple Pay,4732.6,Success,2025-11-25 00:08:45,
P007267,B005502,1,Debit Card,637.86,Success,2026-05-11 00:48:00,
P007268,B005503,1,Bank Transfer,3882.84,Failed,2026-12-11 00:53:00,Fraud Check
P007269,B005503,2,Bank Transfer,3882.84,Success,2026-12-11 00:54:27,
P007270,B005504,1,Apple Pay,4286.19,Failed,2026-05-26 00:54:00,Card Declined
P007271,B005504,2,Credit Card,4286.19,Failed,2026-05-26 01:01:45,Card Declined
P007272,B005504,3,Credit Card,4286.19,Success,2026-05-26 01:12:01,
P007273,B005505,1,Bank Transfer,1746.77,Success,2026-04-10 00:35:00,
P007274,B005506,1,Debit Card,1466.21,Failed,2026-01-14 00:31:00,Fraud Check
P007275,B005506,2,Bank Transfer,1466.21,Success,2026-01-14 00:36:22,
P007276,B005507,1,Credit Card,4616.69,Success,2026-07-06 00:39:00,
P007277,B005508,1,Digital Wallet,3938.01,Failed,2025-11-24 00:38:00,Technical Error
P007278,B005508,2,Apple Pay,3938.01,Success,2025-11-24 00:52:38,
P007279,B005509,1,Debit Card,1010.21,Success,2026-09-05 00:08:00,
P007280,B005510,1,Digital Wallet,1454.89,Failed,2026-03-19 00:13:00,Technical Error
P007281,B005510,2,Debit Card,1454.89,Failed,2026-03-19 00:25:26,Technical Error
P007282,B005510,3,Bank Transfer,1454.89,Success,2026-03-19 00:30:38,
P007283,B005511,1,Debit Card,3296.1,Success,2026-08-30 00:18:00,
P007284,B005512,1,Bank Transfer,2387.38,Failed,2026-01-12 00:43:00,Insufficient Funds
P007285,B005512,2,Digital Wallet,2387.38,Failed,2026-01-12 00:46:51,Card Declined
P007286,B005512,3,Bank Transfer,2387.38,Success,2026-01-12 00:58:33,
P007287,B005513,1,Debit Card,2768.78,Failed,2025-11-10 00:11:00,Fraud Check
P007288,B005513,2,Credit Card,2768.78,Success,2025-11-10 00:23:25,
P007289,B005514,1,Bank Transfer,4781.94,Success,2026-07-04 00:38:00,
P007290,B005515,1,Bank Transfer,2391.06,Success,2026-06-15 01:00:00,
P007291,B005516,1,Bank Transfer,4467.57,Success,2026-02-16 00:47:00,
P007292,B005517,1,Debit Card,3473.35,Success,2025-11-28 00:13:00,
P007293,B005518,1,Digital Wallet,1047.29,Success,2026-03-15 00:14:00,
P007294,B005519,1,Credit Card,3850.28,Success,2025-10-29 00:27:00,
P007295,B005520,1,Debit Card,2840.94,Failed,2026-10-11 00:55:00,Insufficient Funds
P007296,B005520,2,Debit Card,2840.94,Failed,2026-10-11 00:58:35,Technical Error
P007297,B005520,3,Digital Wallet,2840.94,Success,2026-10-11 00:59:45,
P007298,B005521,1,Digital Wallet,1512.94,Success,2026-09-09 00:30:00,
P007299,B005522,1,Credit Card,1802.97,Success,2026-09-23 00:27:00,
P007300,B005523,1,Digital Wallet,3008.0,Failed,2025-12-17 00:40:00,Card Declined
P007301,B005523,2,Debit Card,3008.0,Success,2025-12-17 00:49:46,
P007302,B005524,1,Debit Card,3207.66,Success,2026-10-11 00:36:00,
P007303,B005525,1,Debit Card,4856.79,Failed,2026-11-19 00:07:00,Fraud Check
P007304,B005525,2,Apple Pay,4856.79,Success,2026-11-19 00:11:41,
P007305,B005526,1,Bank Transfer,4346.24,Success,2026-05-02 00:41:00,
P007306,B005527,1,Bank Transfer,1426.28,Success,2026-08-30 00:32:00,
P007307,B005528,1,Debit Card,3982.96,Success,2026-01-09 00:20:00,
P007308,B005529,1,Digital Wallet,537.31,Failed,2026-05-13 00:12:00,Technical Error
P007309,B005529,2,Debit Card,537.31,Failed,2026-05-13 00:20:43,Fraud Check
P007310,B005529,3,Debit Card,537.31,Success,2026-05-13 00:35:39,
P007311,B005530,1,Bank Transfer,1084.14,Success,2025-11-07 00:07:00,
P007312,B005531,1,Debit Card,1398.65,Success,2026-08-24 00:16:00,
P007313,B005532,1,Credit Card,3187.4,Failed,2025-12-16 01:00:00,Insufficient Funds
P007314,B005532,2,Credit Card,3187.4,Success,2025-12-16 01:08:11,
P007315,B005533,1,Bank Transfer,1376.08,Failed,2026-01-22 00:11:00,Card Declined
P007316,B005533,2,Digital Wallet,1376.08,Success,2026-01-22 00:12:36,
P007317,B005534,1,Apple Pay,2143.73,Failed,2026-02-18 00:45:00,Technical Error
P007318,B005534,2,Bank Transfer,2143.73,Success,2026-02-18 00:58:53,
P007319,B005535,1,Digital Wallet,1592.51,Success,2026-03-14 00:25:00,
P007320,B005536,1,Digital Wallet,2018.37,Success,2026-09-04 00:53:00,
P007321,B005537,1,Bank Transfer,4741.03,Success,2026-04-08 00:35:00,
P007322,B005538,1,Debit Card,4988.19,Success,2026-09-17 00:34:00,
P007323,B005539,1,Credit Card,3585.75,Failed,2026-02-08 00:39:00,Payment Timeout
P007324,B005539,2,Digital Wallet,3585.75,Success,2026-02-08 00:42:48,
P007325,B005540,1,Bank Transfer,3075.39,Success,2026-05-31 00:56:00,
P007326,B005541,1,Apple Pay,3688.02,Success,2026-03-02 00:07:00,
P007327,B005542,1,Debit Card,3972.43,Success,2026-05-12 00:12:00,
P007328,B005543,1,Debit Card,3825.56,Success,2026-01-24 00:27:00,
P007329,B005544,1,Debit Card,868.52,Success,2026-02-13 00:43:00,
P007330,B005545,1,Digital Wallet,1896.32,Success,2026-01-25 00:07:00,
P007331,B005546,1,Bank Transfer,2045.44,Failed,2026-07-12 00:42:00,Fraud Check
P007332,B005546,2,Apple Pay,2045.44,Success,2026-07-12 00:48:44,
P007333,B005547,1,Debit Card,2161.65,Success,2026-07-16 00:51:00,
P007334,B005548,1,Debit Card,2049.41,Success,2026-01-12 00:38:00,
P007335,B005549,1,Bank Transfer,4041.92,Failed,2026-01-30 00:55:00,Insufficient Funds
P007336,B005549,2,Debit Card,4041.92,Success,2026-01-30 01:06:43,
P007337,B005550,1,Bank Transfer,3864.22,Failed,2025-09-09 00:22:00,Fraud Check
P007338,B005550,2,Bank Transfer,3864.22,Failed,2025-09-09 00:24:10,Technical Error
P007339,B005550,3,Apple Pay,3864.22,Success,2025-09-09 00:38:39,
P007340,B005551,1,Debit Card,520.7,Success,2026-08-12 00:14:00,
P007341,B005552,1,Debit Card,1833.72,Success,2026-08-21 00:16:00,
P007342,B005553,1,Apple Pay,3306.49,Success,2026-08-03 00:57:00,
P007343,B005554,1,Bank Transfer,1041.2,Failed,2025-11-12 00:59:00,Payment Timeout
P007344,B005554,2,Digital Wallet,1041.2,Success,2025-11-12 01:13:47,
P007345,B005555,1,Apple Pay,820.39,Failed,2026-01-11 00:50:00,Fraud Check
P007346,B005555,2,Credit Card,820.39,Success,2026-01-11 01:03:50,
P007347,B005556,1,Apple Pay,4227.79,Success,2026-08-03 00:06:00,
P007348,B005557,1,Bank Transfer,2537.08,Success,2025-09-29 00:35:00,
P007349,B005558,1,Digital Wallet,4350.59,Success,2025-11-03 01:00:00,
P007350,B005559,1,Apple Pay,4205.99,Success,2026-02-19 00:17:00,
P007351,B005560,1,Apple Pay,4520.17,Success,2026-09-30 00:40:00,
P007352,B005561,1,Digital Wallet,717.24,Success,2026-04-26 00:55:00,
P007353,B005562,1,Credit Card,1337.59,Success,2026-03-24 00:10:00,
P007354,B005563,1,Digital Wallet,1832.64,Success,2025-11-26 00:16:00,
P007355,B005564,1,Apple Pay,1113.04,Failed,2026-05-25 00:12:00,Card Declined
P007356,B005564,2,Digital Wallet,1113.04,Failed,2026-05-25 00:24:12,Payment Timeout
P007357,B005564,3,Bank Transfer,1113.04,Success,2026-05-25 00:29:47,
P007358,B005565,1,Apple Pay,2684.61,Success,2026-07-06 00:13:00,
P007359,B005566,1,Digital Wallet,4095.4,Success,2025-09-22 00:16:00,
P007360,B005567,1,Debit Card,4780.32,Success,2025-12-23 00:33:00,
P007361,B005568,1,Apple Pay,4503.08,Success,2026-03-21 00:37:00,
P007362,B005569,1,Digital Wallet,2558.02,Success,2026-09-24 00:06:00,
P007363,B005570,1,Apple Pay,3364.21,Success,2026-10-30 00:38:00,
P007364,B005571,1,Bank Transfer,1538.13,Success,2025-10-27 00:47:00,
P007365,B005572,1,Apple Pay,2313.54,Failed,2026-05-21 00:53:00,Payment Timeout
P007366,B005572,2,Bank Transfer,2313.54,Success,2026-05-21 01:06:16,
P007367,B005573,1,Apple Pay,4420.32,Success,2026-02-08 00:27:00,
P007368,B005574,1,Digital Wallet,631.39,Failed,2026-05-16 00:52:00,Technical Error
P007369,B005574,2,Digital Wallet,631.39,Failed,2026-05-16 00:59:38,Insufficient Funds
P007370,B005574,3,Credit Card,631.39,Success,2026-05-16 01:04:19,
P007371,B005575,1,Bank Transfer,2897.42,Success,2025-11-04 00:21:00,
P007372,B005576,1,Debit Card,4427.59,Success,2026-01-10 00:18:00,
P007373,B005577,1,Credit Card,1049.04,Failed,2025-11-02 00:58:00,Fraud Check
P007374,B005577,2,Debit Card,1049.04,Success,2025-11-02 01:04:15,
P007375,B005578,1,Bank Transfer,4921.46,Success,2026-07-30 00:05:00,
P007376,B005579,1,Credit Card,555.76,Success,2025-11-17 00:05:00,
P007377,B005580,1,Debit Card,4487.54,Success,2025-10-30 00:42:00,
P007378,B005581,1,Apple Pay,2091.53,Success,2026-08-21 00:39:00,
P007379,B005582,1,Credit Card,1097.11,Failed,2026-03-25 00:53:00,Fraud Check
P007380,B005582,2,Bank Transfer,1097.11,Failed,2026-03-25 01:07:40,Card Declined
P007381,B005582,3,Debit Card,1097.11,Success,2026-03-25 01:21:16,
P007382,B005583,1,Debit Card,1208.11,Success,2026-03-26 00:23:00,
P007383,B005584,1,Digital Wallet,3655.3,Success,2026-09-19 00:42:00,
P007384,B005585,1,Bank Transfer,4418.24,Success,2025-11-30 00:18:00,
P007385,B005586,1,Bank Transfer,3384.8,Success,2026-04-14 00:09:00,
P007386,B005587,1,Bank Transfer,4679.26,Success,2026-08-27 00:22:00,
P007387,B005588,1,Bank Transfer,4291.15,Success,2026-04-24 00:24:00,
P007388,B005589,1,Digital Wallet,540.64,Success,2025-12-13 00:59:00,
P007389,B005590,1,Debit Card,3512.43,Failed,2026-02-27 00:57:00,Insufficient Funds
P007390,B005590,2,Apple Pay,3512.43,Failed,2026-02-27 01:02:41,Technical Error
P007391,B005590,3,Bank Transfer,3512.43,Success,2026-02-27 01:08:37,
P007392,B005591,1,Apple Pay,1870.86,Failed,2026-09-10 00:18:00,Technical Error
P007393,B005591,2,Credit Card,1870.86,Success,2026-09-10 00:19:40,
P007394,B005592,1,Digital Wallet,2545.25,Success,2026-07-31 00:26:00,
P007395,B005593,1,Credit Card,923.14,Success,2026-06-21 00:41:00,
P007396,B005594,1,Credit Card,1769.45,Success,2025-12-14 00:57:00,
P007397,B005595,1,Bank Transfer,3347.09,Success,2026-06-17 00:17:00,
P007398,B005596,1,Bank Transfer,1482.72,Success,2026-02-14 00:12:00,
P007399,B005597,1,Digital Wallet,3413.92,Success,2025-10-21 00:14:00,
P007400,B005598,1,Credit Card,4653.64,Failed,2026-02-18 00:49:00,Technical Error
P007401,B005598,2,Digital Wallet,4653.64,Success,2026-02-18 01:03:11,
P007402,B005599,1,Bank Transfer,522.23,Failed,2026-03-16 00:16:00,Technical Error
P007403,B005599,2,Digital Wallet,522.23,Success,2026-03-16 00:30:44,
P007404,B005600,1,Digital Wallet,4035.97,Success,2026-05-02 00:06:00,
P007405,B005601,1,Apple Pay,3385.93,Success,2026-08-31 00:19:00,
P007406,B005602,1,Debit Card,709.85,Success,2026-04-02 00:27:00,
P007407,B005603,1,Digital Wallet,4055.75,Failed,2026-06-14 00:28:00,Insufficient Funds
P007408,B005603,2,Debit Card,4055.75,Success,2026-06-14 00:36:34,
P007409,B005604,1,Apple Pay,1510.34,Success,2026-09-05 00:51:00,
P007410,B005605,1,Apple Pay,1696.19,Success,2026-05-02 00:46:00,
P007411,B005606,1,Apple Pay,920.82,Success,2026-01-19 00:36:00,
P007412,B005607,1,Credit Card,2904.71,Success,2026-06-27 00:56:00,
P007413,B005608,1,Apple Pay,2742.01,Success,2025-10-07 00:12:00,
P007414,B005609,1,Credit Card,2062.29,Success,2025-10-26 00:16:00,
P007415,B005610,1,Debit Card,1259.39,Success,2026-03-20 00:29:00,
P007416,B005611,1,Digital Wallet,4270.79,Success,2026-12-05 00:07:00,
P007417,B005612,1,Apple Pay,4443.7,Success,2026-03-28 00:39:00,
P007418,B005613,1,Credit Card,2932.61,Failed,2026-01-27 00:20:00,Technical Error
P007419,B005613,2,Credit Card,2932.61,Success,2026-01-27 00:34:42,
P007420,B005614,1,Digital Wallet,1599.01,Success,2025-09-14 00:45:00,
P007421,B005615,1,Digital Wallet,932.5,Failed,2026-05-22 00:58:00,Card Declined
P007422,B005615,2,Digital Wallet,932.5,Success,2026-05-22 01:05:45,
P007423,B005616,1,Debit Card,4408.45,Success,2026-06-29 00:33:00,
P007424,B005617,1,Debit Card,932.24,Success,2026-08-26 00:41:00,
P007425,B005618,1,Apple Pay,559.31,Success,2025-12-26 00:27:00,
P007426,B005619,1,Credit Card,2612.29,Failed,2026-07-05 00:10:00,Fraud Check
P007427,B005619,2,Credit Card,2612.29,Success,2026-07-05 00:22:17,
P007428,B005620,1,Bank Transfer,3790.72,Success,2026-04-14 00:42:00,
P007429,B005621,1,Digital Wallet,2558.92,Success,2026-02-07 00:06:00,
P007430,B005622,1,Digital Wallet,731.35,Success,2026-08-31 00:08:00,
P007431,B005623,1,Credit Card,3605.13,Success,2026-02-19 00:07:00,
P007432,B005624,1,Digital Wallet,3390.5,Success,2025-12-20 00:15:00,
P007433,B005625,1,Apple Pay,3566.88,Success,2026-08-29 00:12:00,
P007434,B005626,1,Apple Pay,1450.41,Success,2026-05-07 00:11:00,
P007435,B005627,1,Credit Card,4080.64,Success,2026-02-19 00:49:00,
P007436,B005628,1,Apple Pay,2656.26,Failed,2025-12-13 00:19:00,Fraud Check
P007437,B005628,2,Apple Pay,2656.26,Success,2025-12-13 00:20:27,
P007438,B005629,1,Debit Card,2913.59,Success,2025-09-11 00:49:00,
P007439,B005630,1,Apple Pay,2956.24,Success,2026-12-09 00:59:00,
P007440,B005631,1,Credit Card,1790.63,Success,2026-10-30 00:23:00,
P007441,B005632,1,Debit Card,1625.6,Success,2026-02-26 00:09:00,
P007442,B005633,1,Debit Card,521.45,Success,2026-10-01 00:16:00,
P007443,B005634,1,Debit Card,2284.75,Success,2026-03-31 00:15:00,
P007444,B005635,1,Digital Wallet,2682.96,Success,2026-10-13 00:18:00,
P007445,B005636,1,Credit Card,3842.62,Failed,2026-06-17 00:12:00,Insufficient Funds
P007446,B005636,2,Apple Pay,3842.62,Failed,2026-06-17 00:23:14,Technical Error
P007447,B005636,3,Digital Wallet,3842.62,Success,2026-06-17 00:34:11,
P007448,B005637,1,Apple Pay,799.82,Success,2026-04-30 00:10:00,
P007449,B005638,1,Debit Card,4657.95,Success,2025-12-11 00:20:00,
P007450,B005639,1,Debit Card,1687.81,Success,2026-07-09 00:42:00,
P007451,B005640,1,Debit Card,2150.24,Failed,2025-11-26 00:07:00,Insufficient Funds
P007452,B005640,2,Apple Pay,2150.24,Failed,2025-11-26 00:16:24,Insufficient Funds
P007453,B005640,3,Credit Card,2150.24,Success,2025-11-26 00:30:48,
P007454,B005641,1,Apple Pay,717.63,Success,2026-06-06 00:54:00,
P007455,B005642,1,Bank Transfer,3439.11,Failed,2025-12-18 00:18:00,Payment Timeout
P007456,B005642,2,Credit Card,3439.11,Success,2025-12-18 00:23:27,
P007457,B005643,1,Digital Wallet,3690.15,Failed,2026-04-15 00:44:00,Fraud Check
P007458,B005643,2,Credit Card,3690.15,Success,2026-04-15 00:47:37,
P007459,B005644,1,Credit Card,4679.56,Success,2026-08-23 00:54:00,
P007460,B005645,1,Bank Transfer,2015.73,Failed,2026-08-01 00:54:00,Fraud Check
P007461,B005645,2,Apple Pay,2015.73,Failed,2026-08-01 01:02:28,Payment Timeout
P007462,B005645,3,Apple Pay,2015.73,Success,2026-08-01 01:11:56,
P007463,B005646,1,Digital Wallet,1658.16,Success,2026-02-18 00:53:00,
P007464,B005647,1,Apple Pay,3767.39,Success,2026-03-17 00:33:00,
P007465,B005648,1,Bank Transfer,3680.6,Success,2026-01-16 00:08:00,
P007466,B005649,1,Debit Card,4717.06,Success,2025-10-27 00:29:00,
P007467,B005650,1,Apple Pay,1423.93,Success,2026-01-29 00:06:00,
P007468,B005651,1,Bank Transfer,3673.82,Success,2026-04-24 00:59:00,
P007469,B005652,1,Apple Pay,800.91,Failed,2026-03-06 00:41:00,Fraud Check
P007470,B005652,2,Credit Card,800.91,Success,2026-03-06 00:48:14,
P007471,B005653,1,Debit Card,2661.66,Success,2026-08-01 00:47:00,
P007472,B005654,1,Debit Card,1037.26,Failed,2026-06-23 00:21:00,Insufficient Funds
P007473,B005654,2,Apple Pay,1037.26,Failed,2026-06-23 00:25:36,Payment Timeout
P007474,B005654,3,Bank Transfer,1037.26,Success,2026-06-23 00:28:57,
P007475,B005655,1,Bank Transfer,3439.16,Success,2026-05-18 00:49:00,
P007476,B005656,1,Bank Transfer,3206.6,Success,2026-03-08 00:25:00,
P007477,B005657,1,Apple Pay,719.75,Success,2026-03-11 00:11:00,
P007478,B005658,1,Digital Wallet,1938.28,Success,2026-05-20 00:13:00,
P007479,B005659,1,Credit Card,2277.65,Success,2026-08-04 00:31:00,
P007480,B005660,1,Apple Pay,1616.27,Success,2026-03-27 00:49:00,
P007481,B005661,1,Debit Card,674.02,Success,2026-03-31 00:17:00,
P007482,B005662,1,Bank Transfer,1934.7,Success,2026-05-01 00:26:00,
P007483,B005663,1,Apple Pay,4066.81,Success,2026-10-27 00:23:00,
P007484,B005664,1,Digital Wallet,2120.49,Success,2026-05-16 00:41:00,
P007485,B005665,1,Apple Pay,1955.16,Failed,2026-08-24 00:32:00,Insufficient Funds
P007486,B005665,2,Digital Wallet,1955.16,Success,2026-08-24 00:40:48,
P007487,B005666,1,Digital Wallet,4737.89,Failed,2026-08-03 00:20:00,Insufficient Funds
P007488,B005666,2,Credit Card,4737.89,Failed,2026-08-03 00:24:53,Technical Error
P007489,B005666,3,Debit Card,4737.89,Success,2026-08-03 00:37:43,
P007490,B005667,1,Bank Transfer,687.34,Failed,2026-02-13 00:33:00,Card Declined
P007491,B005667,2,Digital Wallet,687.34,Success,2026-02-13 00:44:13,
P007492,B005668,1,Apple Pay,3952.8,Failed,2026-10-23 00:24:00,Card Declined
P007493,B005668,2,Credit Card,3952.8,Success,2026-10-23 00:31:36,
P007494,B005669,1,Apple Pay,2673.92,Failed,2026-03-06 00:07:00,Payment Timeout
P007495,B005669,2,Debit Card,2673.92,Failed,2026-03-06 00:19:55,Technical Error
P007496,B005669,3,Digital Wallet,2673.92,Success,2026-03-06 00:33:08,
P007497,B005670,1,Credit Card,4750.08,Success,2025-10-11 00:26:00,
P007498,B005671,1,Apple Pay,2270.62,Success,2026-04-06 00:21:00,
P007499,B005672,1,Digital Wallet,3686.19,Success,2025-09-28 00:12:00,
P007500,B005673,1,Apple Pay,814.71,Success,2026-07-19 00:38:00,
P007501,B005674,1,Digital Wallet,4679.48,Success,2026-03-07 00:07:00,
P007502,B005675,1,Apple Pay,2050.44,Success,2026-07-19 00:45:00,
P007503,B005676,1,Digital Wallet,2858.02,Failed,2026-09-19 00:39:00,Card Declined
P007504,B005676,2,Credit Card,2858.02,Success,2026-09-19 00:41:32,
P007505,B005677,1,Bank Transfer,1123.17,Success,2025-11-23 00:23:00,
P007506,B005678,1,Credit Card,4755.01,Success,2026-03-16 00:46:00,
P007507,B005679,1,Debit Card,3528.37,Success,2026-10-28 00:44:00,
P007508,B005680,1,Apple Pay,742.76,Success,2026-03-01 00:45:00,
P007509,B005681,1,Credit Card,1198.43,Failed,2026-02-12 00:23:00,Technical Error
P007510,B005681,2,Credit Card,1198.43,Failed,2026-02-12 00:29:54,Insufficient Funds
P007511,B005681,3,Credit Card,1198.43,Success,2026-02-12 00:32:18,
P007512,B005682,1,Credit Card,2299.25,Success,2026-07-11 00:43:00,
P007513,B005683,1,Digital Wallet,1475.47,Success,2026-05-25 00:08:00,
P007514,B005684,1,Debit Card,1870.82,Success,2026-08-15 00:16:00,
P007515,B005685,1,Debit Card,4988.71,Failed,2026-04-21 00:35:00,Fraud Check
P007516,B005685,2,Digital Wallet,4988.71,Failed,2026-04-21 00:38:40,Card Declined
P007517,B005685,3,Digital Wallet,4988.71,Success,2026-04-21 00:47:37,
P007518,B005686,1,Debit Card,3463.92,Success,2026-12-07 00:20:00,
P007519,B005687,1,Debit Card,4649.98,Success,2026-03-08 00:32:00,
P007520,B005688,1,Credit Card,2461.09,Failed,2026-03-17 00:44:00,Fraud Check
P007521,B005688,2,Apple Pay,2461.09,Success,2026-03-17 00:58:20,
P007522,B005689,1,Apple Pay,3696.27,Success,2025-11-09 00:36:00,
P007523,B005690,1,Bank Transfer,2568.61,Success,2026-02-07 00:07:00,
P007524,B005691,1,Bank Transfer,1977.01,Success,2026-09-29 00:34:00,
P007525,B005692,1,Digital Wallet,2836.28,Failed,2026-01-16 00:26:00,Card Declined
P007526,B005692,2,Debit Card,2836.28,Success,2026-01-16 00:33:16,
P007527,B005693,1,Digital Wallet,2422.9,Success,2026-01-20 00:20:00,
P007528,B005694,1,Bank Transfer,4912.43,Success,2026-08-26 00:51:00,
P007529,B005695,1,Bank Transfer,2732.75,Failed,2026-07-23 00:24:00,Technical Error
P007530,B005695,2,Debit Card,2732.75,Failed,2026-07-23 00:38:15,Payment Timeout
P007531,B005695,3,Credit Card,2732.75,Success,2026-07-23 00:41:25,
P007532,B005696,1,Debit Card,4150.01,Failed,2026-12-18 00:58:00,Payment Timeout
P007533,B005696,2,Bank Transfer,4150.01,Success,2026-12-18 01:07:35,
P007534,B005697,1,Credit Card,3500.69,Success,2026-09-09 00:40:00,
P007535,B005698,1,Apple Pay,2658.32,Failed,2026-07-18 00:15:00,Fraud Check
P007536,B005698,2,Digital Wallet,2658.32,Failed,2026-07-18 00:29:33,Technical Error
P007537,B005698,3,Apple Pay,2658.32,Success,2026-07-18 00:37:57,
P007538,B005699,1,Credit Card,2633.68,Failed,2025-09-18 00:46:00,Technical Error
P007539,B005699,2,Digital Wallet,2633.68,Failed,2025-09-18 00:56:56,Technical Error
P007540,B005699,3,Digital Wallet,2633.68,Success,2025-09-18 01:01:20,
P007541,B005700,1,Apple Pay,2038.51,Success,2026-10-18 00:19:00,
P007542,B005701,1,Bank Transfer,981.42,Success,2026-10-29 00:12:00,
P007543,B005702,1,Digital Wallet,3926.61,Failed,2026-01-25 00:13:00,Insufficient Funds
P007544,B005702,2,Credit Card,3926.61,Failed,2026-01-25 00:19:19,Card Declined
P007545,B005702,3,Digital Wallet,3926.61,Success,2026-01-25 00:24:32,
P007546,B005703,1,Credit Card,4631.43,Failed,2026-10-16 00:56:00,Card Declined
P007547,B005703,2,Apple Pay,4631.43,Success,2026-10-16 01:08:59,
P007548,B005704,1,Debit Card,1480.8,Success,2026-01-19 00:52:00,
P007549,B005705,1,Debit Card,4665.53,Failed,2026-02-07 00:37:00,Payment Timeout
P007550,B005705,2,Apple Pay,4665.53,Success,2026-02-07 00:46:54,
P007551,B005706,1,Apple Pay,1545.37,Success,2026-01-13 00:50:00,
P007552,B005707,1,Bank Transfer,2885.36,Success,2025-11-28 00:15:00,
P007553,B005708,1,Apple Pay,2046.3,Success,2026-05-17 00:25:00,
P007554,B005709,1,Apple Pay,1015.29,Success,2026-10-20 00:46:00,
P007555,B005710,1,Credit Card,737.77,Success,2026-07-31 00:49:00,
P007556,B005711,1,Digital Wallet,2144.06,Success,2025-12-04 00:06:00,
P007557,B005712,1,Digital Wallet,713.05,Failed,2026-03-28 00:35:00,Insufficient Funds
P007558,B005712,2,Debit Card,713.05,Success,2026-03-28 00:49:42,
P007559,B005713,1,Apple Pay,968.93,Success,2025-08-28 00:43:00,
P007560,B005714,1,Apple Pay,1140.34,Success,2025-08-08 00:12:00,
P007561,B005715,1,Bank Transfer,508.62,Success,2026-03-17 00:26:00,
P007562,B005716,1,Bank Transfer,1189.63,Success,2026-02-12 00:24:00,
P007563,B005717,1,Debit Card,3097.75,Success,2025-11-15 00:36:00,
P007564,B005718,1,Digital Wallet,4187.85,Success,2026-02-01 00:46:00,
P007565,B005719,1,Digital Wallet,1370.43,Success,2026-03-08 00:49:00,
P007566,B005720,1,Bank Transfer,863.93,Success,2026-09-18 00:21:00,
P007567,B005721,1,Digital Wallet,3782.81,Success,2026-07-04 00:34:00,
P007568,B005722,1,Debit Card,536.73,Success,2026-07-11 00:38:00,
P007569,B005723,1,Apple Pay,3803.73,Success,2026-03-17 00:31:00,
P007570,B005724,1,Bank Transfer,1090.03,Success,2026-09-13 00:55:00,
P007571,B005725,1,Apple Pay,1527.28,Success,2026-06-09 01:00:00,
P007572,B005726,1,Apple Pay,1040.31,Success,2026-10-30 00:19:00,
P007573,B005727,1,Digital Wallet,1613.02,Failed,2025-12-09 00:15:00,Payment Timeout
P007574,B005727,2,Apple Pay,1613.02,Success,2025-12-09 00:22:43,
P007575,B005728,1,Apple Pay,4091.79,Success,2026-05-04 00:48:00,
P007576,B005729,1,Digital Wallet,1096.45,Failed,2026-09-06 00:24:00,Payment Timeout
P007577,B005729,2,Apple Pay,1096.45,Success,2026-09-06 00:29:17,
P007578,B005730,1,Bank Transfer,4973.75,Success,2025-09-07 00:10:00,
P007579,B005731,1,Credit Card,1971.94,Success,2026-04-17 00:16:00,
P007580,B005732,1,Credit Card,4648.86,Success,2026-09-06 00:23:00,
P007581,B005733,1,Debit Card,1355.15,Failed,2026-05-16 00:35:00,Card Declined
P007582,B005733,2,Debit Card,1355.15,Failed,2026-05-16 00:38:39,Insufficient Funds
P007583,B005733,3,Digital Wallet,1355.15,Success,2026-05-16 00:42:59,
P007584,B005734,1,Debit Card,1345.54,Failed,2026-03-22 01:00:00,Insufficient Funds
P007585,B005734,2,Debit Card,1345.54,Success,2026-03-22 01:07:31,
P007586,B005735,1,Digital Wallet,3044.01,Success,2026-02-01 00:11:00,
P007587,B005736,1,Digital Wallet,727.7,Success,2026-03-03 00:42:00,
P007588,B005737,1,Bank Transfer,4104.51,Success,2026-09-08 00:29:00,
P007589,B005738,1,Bank Transfer,2478.27,Success,2026-02-27 00:35:00,
P007590,B005739,1,Credit Card,3646.38,Success,2026-01-14 00:56:00,
P007591,B005740,1,Apple Pay,1285.84,Success,2026-01-25 00:42:00,
P007592,B005741,1,Debit Card,3390.61,Success,2026-01-19 00:41:00,
P007593,B005742,1,Apple Pay,3173.32,Failed,2026-01-29 00:35:00,Insufficient Funds
P007594,B005742,2,Credit Card,3173.32,Success,2026-01-29 00:49:38,
P007595,B005743,1,Bank Transfer,3900.48,Success,2026-05-17 00:09:00,
P007596,B005744,1,Debit Card,1838.31,Failed,2026-07-03 00:17:00,Insufficient Funds
P007597,B005744,2,Apple Pay,1838.31,Success,2026-07-03 00:22:45,
P007598,B005745,1,Apple Pay,4699.25,Success,2025-09-23 01:00:00,
P007599,B005746,1,Digital Wallet,4825.85,Success,2026-10-17 00:18:00,
P007600,B005747,1,Digital Wallet,4406.56,Failed,2026-02-07 00:55:00,Card Declined
P007601,B005747,2,Apple Pay,4406.56,Success,2026-02-07 01:07:36,
P007602,B005748,1,Bank Transfer,3074.15,Success,2026-04-10 00:25:00,
P007603,B005749,1,Debit Card,2391.3,Failed,2026-05-23 00:27:00,Payment Timeout
P007604,B005749,2,Digital Wallet,2391.3,Failed,2026-05-23 00:35:29,Card Declined
P007605,B005749,3,Bank Transfer,2391.3,Success,2026-05-23 00:47:00,
P007606,B005750,1,Digital Wallet,760.97,Success,2026-03-08 00:47:00,
P007607,B005751,1,Digital Wallet,4762.53,Failed,2025-11-13 00:48:00,Payment Timeout
P007608,B005751,2,Bank Transfer,4762.53,Failed,2025-11-13 00:56:56,Insufficient Funds
P007609,B005751,3,Bank Transfer,4762.53,Success,2025-11-13 00:58:44,
P007610,B005752,1,Bank Transfer,4783.02,Failed,2026-01-20 00:51:00,Technical Error
P007611,B005752,2,Credit Card,4783.02,Success,2026-01-20 00:54:12,
P007612,B005753,1,Credit Card,584.1,Success,2025-11-20 00:35:00,
P007613,B005754,1,Bank Transfer,2105.99,Failed,2026-10-21 00:56:00,Insufficient Funds
P007614,B005754,2,Digital Wallet,2105.99,Success,2026-10-21 01:09:28,
P007615,B005755,1,Credit Card,4460.16,Success,2025-12-04 00:40:00,
P007616,B005756,1,Digital Wallet,863.83,Success,2026-04-18 00:53:00,
P007617,B005757,1,Apple Pay,1384.55,Success,2026-06-27 00:59:00,
P007618,B005758,1,Credit Card,4904.05,Failed,2026-08-28 00:47:00,Insufficient Funds
P007619,B005758,2,Apple Pay,4904.05,Success,2026-08-28 01:00:30,
P007620,B005759,1,Credit Card,4312.8,Success,2026-01-11 00:11:00,
P007621,B005760,1,Credit Card,4604.29,Failed,2025-12-27 00:30:00,Technical Error
P007622,B005760,2,Credit Card,4604.29,Failed,2025-12-27 00:38:40,Insufficient Funds
P007623,B005760,3,Debit Card,4604.29,Success,2025-12-27 00:40:36,
P007624,B005761,1,Bank Transfer,1139.69,Success,2026-03-04 00:46:00,
P007625,B005762,1,Digital Wallet,1450.92,Success,2026-04-25 00:21:00,
P007626,B005763,1,Bank Transfer,3224.37,Failed,2026-01-06 00:41:00,Payment Timeout
P007627,B005763,2,Bank Transfer,3224.37,Failed,2026-01-06 00:47:15,Fraud Check
P007628,B005763,3,Apple Pay,3224.37,Success,2026-01-06 00:55:46,
P007629,B005764,1,Apple Pay,2757.82,Failed,2026-05-02 00:24:00,Technical Error
P007630,B005764,2,Bank Transfer,2757.82,Failed,2026-05-02 00:34:48,Insufficient Funds
P007631,B005764,3,Apple Pay,2757.82,Success,2026-05-02 00:38:35,
P007632,B005765,1,Debit Card,1843.27,Success,2026-04-12 00:57:00,
P007633,B005766,1,Digital Wallet,4477.31,Success,2026-08-15 00:36:00,
P007634,B005767,1,Credit Card,4556.25,Success,2025-12-05 00:40:00,
P007635,B005768,1,Debit Card,1812.58,Success,2026-10-10 00:10:00,
P007636,B005769,1,Debit Card,1200.89,Failed,2026-05-10 00:52:00,Technical Error
P007637,B005769,2,Bank Transfer,1200.89,Success,2026-05-10 01:02:34,
P007638,B005770,1,Bank Transfer,1170.92,Failed,2026-11-14 00:07:00,Payment Timeout
P007639,B005770,2,Bank Transfer,1170.92,Success,2026-11-14 00:21:17,
P007640,B005771,1,Bank Transfer,2679.91,Success,2026-07-09 00:32:00,
P007641,B005772,1,Digital Wallet,1098.13,Success,2026-08-18 00:23:00,
P007642,B005773,1,Debit Card,2630.03,Success,2026-07-03 00:09:00,
P007643,B005774,1,Debit Card,2578.7,Success,2026-02-14 00:51:00,
P007644,B005775,1,Credit Card,4478.5,Success,2026-04-11 00:20:00,
P007645,B005776,1,Credit Card,1832.95,Success,2026-03-10 00:07:00,
P007646,B005777,1,Bank Transfer,3022.94,Success,2026-01-30 00:49:00,
P007647,B005778,1,Apple Pay,3845.75,Success,2025-08-01 00:28:00,
P007648,B005779,1,Digital Wallet,3181.62,Success,2026-08-21 00:50:00,
P007649,B005780,1,Debit Card,4793.31,Success,2025-11-04 00:18:00,
P007650,B005781,1,Bank Transfer,3210.25,Success,2026-04-05 00:46:00,
P007651,B005782,1,Digital Wallet,4558.38,Failed,2026-06-19 00:55:00,Card Declined
P007652,B005782,2,Bank Transfer,4558.38,Success,2026-06-19 00:57:25,
P007653,B005783,1,Apple Pay,1602.75,Failed,2026-02-04 00:17:00,Insufficient Funds
P007654,B005783,2,Bank Transfer,1602.75,Success,2026-02-04 00:27:29,
P007655,B005784,1,Apple Pay,3023.39,Failed,2026-01-29 00:40:00,Fraud Check
P007656,B005784,2,Debit Card,3023.39,Success,2026-01-29 00:48:49,
P007657,B005785,1,Credit Card,2944.88,Success,2025-12-22 00:40:00,
P007658,B005786,1,Bank Transfer,4952.53,Success,2026-10-08 00:50:00,
P007659,B005787,1,Credit Card,1420.28,Success,2026-09-17 00:20:00,
P007660,B005788,1,Apple Pay,1134.47,Failed,2026-01-04 00:19:00,Insufficient Funds
P007661,B005788,2,Digital Wallet,1134.47,Failed,2026-01-04 00:28:40,Insufficient Funds
P007662,B005788,3,Bank Transfer,1134.47,Success,2026-01-04 00:32:14,
P007663,B005789,1,Credit Card,3252.52,Success,2026-10-18 00:46:00,
P007664,B005790,1,Digital Wallet,1506.61,Success,2026-06-01 00:22:00,
P007665,B005791,1,Digital Wallet,3376.2,Failed,2026-07-13 00:12:00,Payment Timeout
P007666,B005791,2,Credit Card,3376.2,Failed,2026-07-13 00:22:58,Fraud Check
P007667,B005791,3,Credit Card,3376.2,Success,2026-07-13 00:24:11,
P007668,B005792,1,Debit Card,4876.2,Success,2025-11-14 00:08:00,
P007669,B005793,1,Apple Pay,4759.28,Success,2026-05-23 00:53:00,
P007670,B005794,1,Apple Pay,1539.96,Success,2026-06-23 00:14:00,
P007671,B005795,1,Debit Card,1269.03,Success,2026-02-21 00:09:00,
P007672,B005796,1,Bank Transfer,3023.33,Success,2026-07-03 00:51:00,
P007673,B005797,1,Bank Transfer,3140.5,Success,2026-05-21 00:32:00,
P007674,B005798,1,Debit Card,3480.13,Failed,2026-06-05 00:25:00,Technical Error
P007675,B005798,2,Apple Pay,3480.13,Failed,2026-06-05 00:33:32,Fraud Check
P007676,B005798,3,Digital Wallet,3480.13,Success,2026-06-05 00:39:50,
P007677,B005799,1,Credit Card,3836.71,Success,2026-07-04 00:21:00,
P007678,B005800,1,Credit Card,3204.31,Failed,2026-05-03 00:13:00,Technical Error
P007679,B005800,2,Apple Pay,3204.31,Success,2026-05-03 00:15:41,
P007680,B005801,1,Debit Card,1002.89,Failed,2026-05-09 00:54:00,Insufficient Funds
P007681,B005801,2,Bank Transfer,1002.89,Success,2026-05-09 01:00:54,
P007682,B005802,1,Credit Card,4055.71,Success,2026-06-04 00:41:00,
P007683,B005803,1,Bank Transfer,857.83,Success,2026-06-02 00:52:00,
P007684,B005804,1,Credit Card,589.97,Success,2026-10-14 00:20:00,
P007685,B005805,1,Apple Pay,3963.46,Success,2026-06-16 00:55:00,
P007686,B005806,1,Credit Card,2967.61,Success,2026-08-13 00:15:00,
P007687,B005807,1,Bank Transfer,3643.66,Failed,2026-02-01 00:35:00,Card Declined
P007688,B005807,2,Apple Pay,3643.66,Failed,2026-02-01 00:49:59,Fraud Check
P007689,B005807,3,Bank Transfer,3643.66,Success,2026-02-01 00:54:58,
P007690,B005808,1,Apple Pay,2222.36,Success,2026-07-24 00:42:00,
P007691,B005809,1,Debit Card,549.92,Success,2026-02-02 00:16:00,
P007692,B005810,1,Apple Pay,1989.57,Success,2026-10-12 00:41:00,
P007693,B005811,1,Credit Card,3236.61,Success,2026-03-01 00:23:00,
P007694,B005812,1,Debit Card,1515.66,Success,2026-08-10 00:59:00,
P007695,B005813,1,Credit Card,3595.12,Failed,2025-11-12 01:00:00,Payment Timeout
P007696,B005813,2,Debit Card,3595.12,Success,2025-11-12 01:07:51,
P007697,B005814,1,Apple Pay,4074.8,Failed,2026-01-25 00:25:00,Technical Error
P007698,B005814,2,Credit Card,4074.8,Success,2026-01-25 00:29:21,
P007699,B005815,1,Debit Card,2544.2,Success,2026-01-19 00:45:00,
P007700,B005816,1,Debit Card,4440.75,Success,2026-01-22 01:00:00,
P007701,B005817,1,Digital Wallet,4346.67,Success,2026-06-12 00:48:00,
P007702,B005818,1,Digital Wallet,4451.26,Success,2026-08-06 00:45:00,
P007703,B005819,1,Bank Transfer,3474.67,Success,2025-12-26 00:24:00,
P007704,B005820,1,Digital Wallet,1871.55,Success,2026-09-17 00:05:00,
P007705,B005821,1,Digital Wallet,2665.63,Success,2026-02-16 00:16:00,
P007706,B005822,1,Credit Card,3697.3,Failed,2026-01-02 00:40:00,Insufficient Funds
P007707,B005822,2,Digital Wallet,3697.3,Success,2026-01-02 00:44:40,
P007708,B005823,1,Debit Card,1447.54,Success,2025-08-10 00:39:00,
P007709,B005824,1,Apple Pay,3824.8,Success,2026-08-11 00:58:00,
P007710,B005825,1,Credit Card,2966.4,Failed,2025-12-01 00:53:00,Fraud Check
P007711,B005825,2,Credit Card,2966.4,Success,2025-12-01 00:58:20,
P007712,B005826,1,Apple Pay,932.08,Success,2025-10-30 00:38:00,
P007713,B005827,1,Credit Card,3007.79,Success,2026-06-14 00:46:00,
P007714,B005828,1,Apple Pay,800.49,Success,2026-11-09 00:33:00,
P007715,B005829,1,Credit Card,564.38,Failed,2026-12-06 00:52:00,Technical Error
P007716,B005829,2,Debit Card,564.38,Success,2026-12-06 00:57:26,
P007717,B005830,1,Apple Pay,4503.32,Success,2025-09-03 00:47:00,
P007718,B005831,1,Apple Pay,2704.62,Success,2026-07-21 00:57:00,
P007719,B005832,1,Digital Wallet,2944.8,Success,2026-02-05 00:42:00,
P007720,B005833,1,Debit Card,1759.72,Success,2026-10-08 00:22:00,
P007721,B005834,1,Digital Wallet,2942.35,Failed,2026-05-30 00:05:00,Card Declined
P007722,B005834,2,Debit Card,2942.35,Failed,2026-05-30 00:10:45,Insufficient Funds
P007723,B005834,3,Debit Card,2942.35,Success,2026-05-30 00:22:22,
P007724,B005835,1,Debit Card,1259.91,Success,2026-02-22 00:40:00,
P007725,B005836,1,Credit Card,3855.41,Success,2026-08-10 00:17:00,
P007726,B005837,1,Credit Card,4205.07,Failed,2026-02-23 00:15:00,Technical Error
P007727,B005837,2,Digital Wallet,4205.07,Failed,2026-02-23 00:28:24,Fraud Check
P007728,B005837,3,Credit Card,4205.07,Success,2026-02-23 00:39:52,
P007729,B005838,1,Digital Wallet,4351.44,Success,2026-07-19 00:31:00,
P007730,B005839,1,Credit Card,979.94,Success,2026-01-12 00:16:00,
P007731,B005840,1,Bank Transfer,3009.89,Success,2026-10-16 00:17:00,
P007732,B005841,1,Debit Card,4139.38,Success,2026-01-11 00:31:00,
P007733,B005842,1,Credit Card,1076.97,Success,2025-12-09 00:33:00,
P007734,B005843,1,Digital Wallet,947.85,Success,2026-04-12 00:23:00,
P007735,B005844,1,Apple Pay,4176.24,Success,2026-08-10 00:58:00,
P007736,B005845,1,Digital Wallet,4085.31,Success,2026-06-28 00:52:00,
P007737,B005846,1,Debit Card,2519.12,Success,2026-07-31 00:56:00,
P007738,B005847,1,Digital Wallet,993.7,Success,2025-10-19 00:10:00,
P007739,B005848,1,Debit Card,2822.55,Success,2026-06-28 00:51:00,
P007740,B005849,1,Credit Card,2276.61,Success,2026-01-09 00:23:00,
P007741,B005850,1,Debit Card,2833.46,Success,2025-10-16 00:20:00,
P007742,B005851,1,Apple Pay,2479.53,Success,2026-04-16 00:29:00,
P007743,B005852,1,Credit Card,3058.31,Success,2026-07-22 00:11:00,
P007744,B005853,1,Bank Transfer,3772.08,Success,2026-06-17 00:57:00,
P007745,B005854,1,Apple Pay,3986.87,Success,2025-12-15 00:52:00,
P007746,B005855,1,Debit Card,3420.42,Success,2025-12-28 00:08:00,
P007747,B005856,1,Bank Transfer,1395.23,Success,2026-07-01 00:36:00,
P007748,B005857,1,Credit Card,2287.05,Success,2026-01-27 00:37:00,
P007749,B005858,1,Credit Card,820.51,Success,2026-06-09 00:09:00,
P007750,B005859,1,Bank Transfer,2532.53,Success,2026-05-26 00:45:00,
P007751,B005860,1,Apple Pay,4866.53,Success,2025-12-01 00:35:00,
P007752,B005861,1,Bank Transfer,3387.79,Success,2026-01-29 00:57:00,
P007753,B005862,1,Debit Card,1195.76,Success,2026-05-30 00:05:00,
P007754,B005863,1,Credit Card,1708.6,Success,2026-05-10 00:12:00,
P007755,B005864,1,Apple Pay,790.58,Failed,2026-02-03 00:40:00,Technical Error
P007756,B005864,2,Digital Wallet,790.58,Failed,2026-02-03 00:54:50,Technical Error
P007757,B005864,3,Digital Wallet,790.58,Success,2026-02-03 01:09:37,
P007758,B005865,1,Credit Card,1320.86,Success,2026-10-06 00:59:00,
P007759,B005866,1,Digital Wallet,2695.29,Failed,2026-05-26 00:26:00,Fraud Check
P007760,B005866,2,Apple Pay,2695.29,Success,2026-05-26 00:33:57,
P007761,B005867,1,Digital Wallet,2051.85,Success,2025-09-28 00:39:00,
P007762,B005868,1,Digital Wallet,1417.83,Success,2026-02-02 00:58:00,
P007763,B005869,1,Digital Wallet,1159.69,Failed,2025-12-03 00:58:00,Payment Timeout
P007764,B005869,2,Bank Transfer,1159.69,Success,2025-12-03 01:05:48,
P007765,B005870,1,Bank Transfer,3452.32,Success,2026-11-25 00:49:00,
P007766,B005871,1,Digital Wallet,3011.46,Success,2026-01-18 00:46:00,
P007767,B005872,1,Debit Card,4291.88,Success,2026-03-15 00:32:00,
P007768,B005873,1,Bank Transfer,1324.64,Success,2026-05-28 00:46:00,
P007769,B005874,1,Apple Pay,4315.93,Failed,2025-12-27 00:32:00,Technical Error
P007770,B005874,2,Bank Transfer,4315.93,Success,2025-12-27 00:38:41,
P007771,B005875,1,Credit Card,3100.6,Success,2026-06-05 00:10:00,
P007772,B005876,1,Debit Card,1698.0,Success,2026-03-01 00:35:00,
P007773,B005877,1,Digital Wallet,1730.99,Success,2026-10-23 00:41:00,
P007774,B005878,1,Digital Wallet,2256.71,Failed,2026-02-18 00:45:00,Card Declined
P007775,B005878,2,Credit Card,2256.71,Failed,2026-02-18 00:55:32,Card Declined
P007776,B005878,3,Apple Pay,2256.71,Success,2026-02-18 00:56:54,
P007777,B005879,1,Credit Card,2570.57,Success,2026-01-10 00:05:00,
P007778,B005880,1,Bank Transfer,871.27,Success,2026-09-05 00:22:00,
P007779,B005881,1,Bank Transfer,4289.0,Success,2026-05-22 00:05:00,
P007780,B005882,1,Bank Transfer,1046.93,Success,2025-09-22 00:13:00,
P007781,B005883,1,Apple Pay,2675.57,Success,2026-07-01 00:14:00,
P007782,B005884,1,Credit Card,2223.36,Success,2026-01-12 00:41:00,
P007783,B005885,1,Debit Card,2805.29,Success,2026-07-28 00:16:00,
P007784,B005886,1,Debit Card,4493.67,Success,2026-09-16 00:52:00,
P007785,B005887,1,Debit Card,4950.9,Success,2026-07-24 00:56:00,
P007786,B005888,1,Digital Wallet,591.22,Failed,2026-06-22 00:53:00,Technical Error
P007787,B005888,2,Debit Card,591.22,Failed,2026-06-22 00:57:50,Insufficient Funds
P007788,B005888,3,Credit Card,591.22,Success,2026-06-22 01:03:45,
P007789,B005889,1,Apple Pay,2269.58,Failed,2026-06-03 00:47:00,Technical Error
P007790,B005889,2,Digital Wallet,2269.58,Success,2026-06-03 00:54:11,
P007791,B005890,1,Credit Card,4179.25,Success,2026-05-19 00:09:00,
P007792,B005891,1,Credit Card,1969.71,Success,2026-04-18 00:31:00,
P007793,B005892,1,Digital Wallet,3420.66,Failed,2026-02-17 00:29:00,Payment Timeout
P007794,B005892,2,Debit Card,3420.66,Failed,2026-02-17 00:36:43,Payment Timeout
P007795,B005892,3,Digital Wallet,3420.66,Success,2026-02-17 00:50:30,
P007796,B005893,1,Credit Card,4965.17,Success,2026-08-11 00:40:00,
P007797,B005894,1,Apple Pay,3410.47,Success,2026-03-03 00:37:00,
P007798,B005895,1,Bank Transfer,1000.36,Success,2026-11-07 00:08:00,
P007799,B005896,1,Digital Wallet,4293.19,Success,2025-10-21 00:06:00,
P007800,B005897,1,Bank Transfer,4849.96,Success,2026-05-28 00:24:00,
P007801,B005898,1,Debit Card,3706.29,Success,2026-07-28 00:39:00,
P007802,B005899,1,Credit Card,2385.81,Success,2026-06-08 00:40:00,
P007803,B005900,1,Debit Card,4767.8,Success,2026-07-10 00:33:00,
P007804,B005901,1,Digital Wallet,4858.57,Success,2026-02-10 00:54:00,
P007805,B005902,1,Apple Pay,4708.03,Success,2026-04-02 01:00:00,
P007806,B005903,1,Apple Pay,2353.19,Success,2025-11-15 00:46:00,
P007807,B005904,1,Digital Wallet,4053.68,Success,2025-11-23 00:55:00,
P007808,B005905,1,Apple Pay,3443.81,Success,2025-11-25 00:53:00,
P007809,B005906,1,Credit Card,1308.68,Failed,2026-01-26 00:25:00,Insufficient Funds
P007810,B005906,2,Bank Transfer,1308.68,Success,2026-01-26 00:27:43,
P007811,B005907,1,Digital Wallet,2909.82,Failed,2025-09-16 00:10:00,Insufficient Funds
P007812,B005907,2,Credit Card,2909.82,Success,2025-09-16 00:22:45,
P007813,B005908,1,Credit Card,3864.61,Success,2026-04-04 00:20:00,
P007814,B005909,1,Digital Wallet,4531.61,Failed,2026-06-20 00:56:00,Payment Timeout
P007815,B005909,2,Debit Card,4531.61,Success,2026-06-20 01:09:59,
P007816,B005910,1,Credit Card,4381.69,Success,2026-05-09 01:00:00,
P007817,B005911,1,Debit Card,1195.96,Success,2026-10-25 00:32:00,
P007818,B005912,1,Bank Transfer,2696.15,Success,2026-04-26 01:00:00,
P007819,B005913,1,Debit Card,2652.21,Success,2026-01-15 00:13:00,
P007820,B005914,1,Digital Wallet,4544.32,Success,2025-10-07 00:33:00,
P007821,B005915,1,Apple Pay,508.72,Failed,2026-09-29 00:42:00,Card Declined
P007822,B005915,2,Debit Card,508.72,Failed,2026-09-29 00:47:58,Technical Error
P007823,B005915,3,Debit Card,508.72,Success,2026-09-29 00:53:11,
P007824,B005916,1,Apple Pay,3824.21,Failed,2025-08-07 00:08:00,Fraud Check
P007825,B005916,2,Credit Card,3824.21,Failed,2025-08-07 00:21:41,Technical Error
P007826,B005916,3,Credit Card,3824.21,Success,2025-08-07 00:36:06,
P007827,B005917,1,Credit Card,3283.89,Failed,2025-12-19 00:25:00,Technical Error
P007828,B005917,2,Bank Transfer,3283.89,Success,2025-12-19 00:31:55,
P007829,B005918,1,Bank Transfer,4647.07,Success,2025-09-16 00:34:00,
P007830,B005919,1,Bank Transfer,2556.13,Failed,2026-05-09 00:18:00,Technical Error
P007831,B005919,2,Apple Pay,2556.13,Success,2026-05-09 00:28:47,
P007832,B005920,1,Credit Card,3459.53,Failed,2026-03-16 00:11:00,Fraud Check
P007833,B005920,2,Credit Card,3459.53,Success,2026-03-16 00:18:40,
P007834,B005921,1,Apple Pay,4877.36,Failed,2026-01-01 00:34:00,Technical Error
P007835,B005921,2,Apple Pay,4877.36,Failed,2026-01-01 00:48:36,Payment Timeout
P007836,B005921,3,Digital Wallet,4877.36,Success,2026-01-01 00:56:22,
P007837,B005922,1,Credit Card,3847.57,Success,2026-09-07 00:11:00,
P007838,B005923,1,Credit Card,803.23,Success,2025-12-06 00:12:00,
P007839,B005924,1,Bank Transfer,1253.9,Success,2026-01-07 00:15:00,
P007840,B005925,1,Bank Transfer,4196.53,Success,2026-08-04 00:10:00,
P007841,B005926,1,Digital Wallet,2006.58,Success,2026-08-19 00:48:00,
P007842,B005927,1,Bank Transfer,3676.63,Success,2026-03-23 00:47:00,
P007843,B005928,1,Digital Wallet,3649.21,Failed,2025-08-15 00:19:00,Technical Error
P007844,B005928,2,Debit Card,3649.21,Success,2025-08-15 00:24:34,
P007845,B005929,1,Apple Pay,4971.65,Success,2026-08-19 00:29:00,
P007846,B005930,1,Digital Wallet,2614.43,Success,2025-12-06 00:39:00,
P007847,B005931,1,Apple Pay,3820.25,Failed,2026-04-12 00:59:00,Fraud Check
P007848,B005931,2,Debit Card,3820.25,Success,2026-04-12 01:06:15,
P007849,B005932,1,Apple Pay,719.39,Failed,2026-09-03 00:09:00,Card Declined
P007850,B005932,2,Credit Card,719.39,Success,2026-09-03 00:19:10,
P007851,B005933,1,Credit Card,2581.66,Success,2026-03-01 00:30:00,
P007852,B005934,1,Bank Transfer,1340.07,Success,2026-06-07 00:54:00,
P007853,B005935,1,Credit Card,4282.57,Success,2026-05-14 00:05:00,
P007854,B005936,1,Bank Transfer,4279.59,Success,2025-12-12 00:26:00,
P007855,B005937,1,Bank Transfer,1563.64,Success,2026-01-28 00:25:00,
P007856,B005938,1,Debit Card,1932.28,Failed,2025-08-19 00:05:00,Insufficient Funds
P007857,B005938,2,Bank Transfer,1932.28,Success,2025-08-19 00:12:16,
P007858,B005939,1,Credit Card,3661.15,Success,2026-11-28 00:23:00,
P007859,B005940,1,Debit Card,3822.2,Success,2026-10-03 00:49:00,
P007860,B005941,1,Bank Transfer,3459.34,Success,2025-11-10 00:10:00,
P007861,B005942,1,Apple Pay,4985.13,Success,2026-05-24 00:44:00,
P007862,B005943,1,Digital Wallet,4409.07,Success,2026-06-12 00:58:00,
P007863,B005944,1,Digital Wallet,2376.76,Success,2026-03-01 00:45:00,
P007864,B005945,1,Credit Card,1971.4,Success,2025-10-07 00:45:00,
P007865,B005946,1,Debit Card,3185.82,Failed,2026-05-02 00:58:00,Technical Error
P007866,B005946,2,Debit Card,3185.82,Success,2026-05-02 00:59:46,
P007867,B005947,1,Debit Card,4179.36,Success,2026-07-13 00:37:00,
P007868,B005948,1,Digital Wallet,2639.05,Success,2025-09-05 00:49:00,
P007869,B005949,1,Bank Transfer,3819.62,Success,2026-08-15 00:21:00,
P007870,B005950,1,Bank Transfer,586.22,Success,2026-07-04 00:41:00,
P007871,B005951,1,Bank Transfer,4666.28,Success,2026-11-14 00:14:00,
P007872,B005952,1,Digital Wallet,3982.26,Success,2025-09-25 00:09:00,
P007873,B005953,1,Digital Wallet,2273.86,Success,2026-04-08 00:23:00,
P007874,B005954,1,Digital Wallet,2228.06,Success,2026-11-15 00:11:00,
P007875,B005955,1,Debit Card,962.99,Success,2025-11-13 00:31:00,
P007876,B005956,1,Credit Card,4172.69,Success,2025-10-30 00:06:00,
P007877,B005957,1,Credit Card,3958.83,Success,2026-12-06 00:39:00,
P007878,B005958,1,Credit Card,3336.12,Success,2026-02-16 00:44:00,
P007879,B005959,1,Credit Card,956.55,Success,2026-05-02 00:52:00,
P007880,B005960,1,Bank Transfer,1680.54,Success,2026-02-28 00:27:00,
P007881,B005961,1,Apple Pay,2565.12,Failed,2026-05-16 00:10:00,Fraud Check
P007882,B005961,2,Digital Wallet,2565.12,Success,2026-05-16 00:15:50,
P007883,B005962,1,Credit Card,1696.87,Failed,2026-03-01 00:39:00,Technical Error
P007884,B005962,2,Debit Card,1696.87,Success,2026-03-01 00:51:24,
P007885,B005963,1,Credit Card,2452.88,Success,2026-01-16 00:09:00,
P007886,B005964,1,Credit Card,1516.81,Success,2026-12-01 00:12:00,
P007887,B005965,1,Apple Pay,2073.2,Success,2026-01-12 00:05:00,
P007888,B005966,1,Apple Pay,3435.34,Failed,2026-01-17 00:41:00,Card Declined
P007889,B005966,2,Digital Wallet,3435.34,Failed,2026-01-17 00:47:50,Insufficient Funds
P007890,B005966,3,Apple Pay,3435.34,Success,2026-01-17 01:00:07,
P007891,B005967,1,Digital Wallet,4515.62,Success,2026-04-07 00:31:00,
P007892,B005968,1,Credit Card,2232.64,Success,2026-09-11 00:44:00,
P007893,B005969,1,Bank Transfer,3613.59,Success,2026-01-24 00:17:00,
P007894,B005970,1,Digital Wallet,1106.57,Success,2026-07-17 00:29:00,
P007895,B005971,1,Digital Wallet,2933.68,Success,2025-12-19 00:52:00,
P007896,B005972,1,Credit Card,4647.67,Success,2026-02-20 00:15:00,
P007897,B005973,1,Digital Wallet,625.71,Success,2026-11-08 00:30:00,
P007898,B005974,1,Debit Card,1704.01,Success,2026-10-15 00:08:00,
P007899,B005975,1,Digital Wallet,1096.22,Success,2026-08-01 00:13:00,
P007900,B005976,1,Debit Card,2899.05,Failed,2026-08-27 00:10:00,Payment Timeout
P007901,B005976,2,Apple Pay,2899.05,Success,2026-08-27 00:17:46,
P007902,B005977,1,Apple Pay,3558.39,Success,2026-04-08 00:46:00,
P007903,B005978,1,Credit Card,760.01,Success,2025-10-28 00:12:00,
P007904,B005979,1,Digital Wallet,816.28,Failed,2026-01-28 00:57:00,Fraud Check
P007905,B005979,2,Digital Wallet,816.28,Success,2026-01-28 00:59:59,
P007906,B005980,1,Apple Pay,4413.33,Success,2025-08-10 00:15:00,
P007907,B005981,1,Bank Transfer,2553.05,Failed,2026-03-23 00:48:00,Payment Timeout
P007908,B005981,2,Bank Transfer,2553.05,Failed,2026-03-23 00:52:11,Insufficient Funds
P007909,B005981,3,Debit Card,2553.05,Success,2026-03-23 01:06:41,
P007910,B005982,1,Bank Transfer,2583.28,Success,2026-03-01 00:46:00,
P007911,B005983,1,Bank Transfer,4750.61,Success,2026-07-28 00:47:00,
P007912,B005984,1,Debit Card,1940.94,Success,2026-02-02 00:52:00,
P007913,B005985,1,Credit Card,4536.61,Success,2026-02-06 00:19:00,
P007914,B005986,1,Digital Wallet,4884.15,Success,2026-07-18 00:30:00,
P007915,B005987,1,Bank Transfer,1587.62,Failed,2026-05-29 00:57:00,Technical Error
P007916,B005987,2,Bank Transfer,1587.62,Success,2026-05-29 01:02:36,
P007917,B005988,1,Credit Card,2813.17,Success,2026-02-06 00:11:00,
P007918,B005989,1,Apple Pay,2904.6,Success,2026-08-25 00:11:00,
P007919,B005990,1,Digital Wallet,4397.76,Success,2026-07-24 00:31:00,
P007920,B005991,1,Bank Transfer,1867.59,Success,2026-01-02 00:24:00,
P007921,B005992,1,Apple Pay,4091.19,Success,2026-07-23 00:09:00,
P007922,B005993,1,Bank Transfer,4869.53,Success,2025-12-23 00:07:00,
P007923,B005994,1,Apple Pay,4281.51,Success,2026-02-17 00:19:00,
P007924,B005995,1,Apple Pay,4591.13,Success,2026-06-17 00:08:00,
P007925,B005996,1,Debit Card,3687.59,Success,2026-08-14 00:55:00,
P007926,B005997,1,Apple Pay,4567.8,Success,2026-01-17 00:19:00,
P007927,B005998,1,Apple Pay,1241.83,Success,2025-10-08 00:38:00,
P007928,B005999,1,Bank Transfer,3705.63,Success,2026-10-15 00:44:00,
P007929,B006000,1,Credit Card,3793.45,Success,2026-11-18 00:31:00,
P007930,B006001,1,Bank Transfer,2476.31,Success,2026-01-29 00:57:00,
P007931,B006002,1,Apple Pay,858.82,Success,2026-01-25 00:53:00,
P007932,B006003,1,Debit Card,3301.0,Success,2026-09-11 00:06:00,
P007933,B006004,1,Credit Card,733.46,Success,2025-12-24 00:28:00,
P007934,B006005,1,Bank Transfer,2220.81,Success,2025-09-04 00:46:00,
P007935,B006006,1,Credit Card,2271.52,Success,2025-11-10 00:25:00,
P007936,B006007,1,Bank Transfer,4995.15,Success,2025-12-10 00:06:00,
P007937,B006008,1,Debit Card,1849.11,Success,2026-05-06 00:06:00,
P007938,B006009,1,Debit Card,4192.04,Success,2026-01-15 00:45:00,
P007939,B006010,1,Digital Wallet,739.27,Success,2026-06-25 00:48:00,
P007940,B006011,1,Digital Wallet,2883.95,Failed,2026-06-19 00:56:00,Insufficient Funds
P007941,B006011,2,Credit Card,2883.95,Failed,2026-06-19 01:10:13,Technical Error
P007942,B006011,3,Apple Pay,2883.95,Success,2026-06-19 01:20:53,
P007943,B006012,1,Bank Transfer,2915.11,Failed,2025-09-13 00:35:00,Payment Timeout
P007944,B006012,2,Debit Card,2915.11,Success,2025-09-13 00:48:44,
P007945,B006013,1,Credit Card,3329.37,Failed,2026-02-09 01:00:00,Fraud Check
P007946,B006013,2,Bank Transfer,3329.37,Failed,2026-02-09 01:06:20,Fraud Check
P007947,B006013,3,Credit Card,3329.37,Success,2026-02-09 01:13:32,
P007948,B006014,1,Debit Card,4145.02,Failed,2026-05-01 00:23:00,Payment Timeout
P007949,B006014,2,Digital Wallet,4145.02,Failed,2026-05-01 00:34:22,Card Declined
P007950,B006014,3,Digital Wallet,4145.02,Success,2026-05-01 00:48:05,
P007951,B006015,1,Credit Card,3928.66,Success,2026-01-04 00:55:00,
P007952,B006016,1,Apple Pay,3924.54,Success,2026-08-19 00:32:00,
P007953,B006017,1,Debit Card,2445.32,Success,2026-06-13 00:59:00,
P007954,B006018,1,Digital Wallet,3773.62,Success,2026-04-23 00:52:00,
P007955,B006019,1,Apple Pay,2710.92,Failed,2026-03-21 00:31:00,Card Declined
P007956,B006019,2,Bank Transfer,2710.92,Success,2026-03-21 00:42:39,
P007957,B006020,1,Debit Card,801.28,Failed,2026-05-07 00:44:00,Technical Error
P007958,B006020,2,Credit Card,801.28,Success,2026-05-07 00:49:21,
P007959,B006021,1,Credit Card,4505.82,Success,2026-07-27 00:21:00,
P007960,B006022,1,Digital Wallet,4505.73,Success,2026-06-24 00:18:00,
P007961,B006023,1,Apple Pay,1952.95,Success,2026-12-02 00:30:00,
P007962,B006024,1,Bank Transfer,4612.56,Success,2026-04-23 00:35:00,
P007963,B006025,1,Debit Card,3910.93,Success,2025-11-29 00:54:00,
P007964,B006026,1,Debit Card,2303.61,Success,2026-10-31 00:15:00,
P007965,B006027,1,Debit Card,1991.78,Success,2026-08-08 00:43:00,
P007966,B006028,1,Apple Pay,4888.14,Failed,2025-10-30 00:44:00,Card Declined
P007967,B006028,2,Digital Wallet,4888.14,Success,2025-10-30 00:54:26,
P007968,B006029,1,Bank Transfer,3706.82,Failed,2025-11-11 00:32:00,Insufficient Funds
P007969,B006029,2,Apple Pay,3706.82,Success,2025-11-11 00:38:45,
P007970,B006030,1,Credit Card,2204.64,Success,2026-08-04 00:44:00,
P007971,B006031,1,Credit Card,3388.93,Success,2025-12-05 00:59:00,
P007972,B006032,1,Credit Card,3071.87,Success,2026-08-13 00:38:00,
P007973,B006033,1,Bank Transfer,2860.43,Success,2025-11-01 00:08:00,
P007974,B006034,1,Debit Card,3401.16,Success,2026-02-02 00:15:00,
P007975,B006035,1,Digital Wallet,2919.32,Success,2025-11-01 00:39:00,
P007976,B006036,1,Bank Transfer,3446.56,Success,2026-07-01 00:15:00,
P007977,B006037,1,Apple Pay,4584.06,Failed,2026-04-24 00:08:00,Technical Error
P007978,B006037,2,Apple Pay,4584.06,Success,2026-04-24 00:22:11,
P007979,B006038,1,Bank Transfer,4969.69,Success,2026-01-07 00:25:00,
P007980,B006039,1,Debit Card,3691.79,Success,2026-11-14 00:41:00,
P007981,B006040,1,Apple Pay,4675.19,Success,2025-10-26 00:15:00,
P007982,B006041,1,Apple Pay,4362.85,Failed,2025-11-16 00:41:00,Fraud Check
P007983,B006041,2,Debit Card,4362.85,Success,2025-11-16 00:46:46,
P007984,B006042,1,Apple Pay,1827.67,Success,2026-11-12 00:16:00,
P007985,B006043,1,Apple Pay,4698.09,Success,2025-11-25 00:34:00,
P007986,B006044,1,Bank Transfer,818.64,Success,2026-12-08 00:13:00,
P007987,B006045,1,Apple Pay,1984.65,Success,2026-06-13 00:55:00,
P007988,B006046,1,Apple Pay,3379.75,Success,2026-02-05 00:36:00,
P007989,B006047,1,Credit Card,2871.12,Success,2026-04-06 00:22:00,
P007990,B006048,1,Digital Wallet,2940.86,Failed,2026-08-01 00:15:00,Technical Error
P007991,B006048,2,Debit Card,2940.86,Success,2026-08-01 00:28:13,
P007992,B006049,1,Apple Pay,4077.0,Failed,2026-10-21 00:18:00,Insufficient Funds
P007993,B006049,2,Digital Wallet,4077.0,Failed,2026-10-21 00:28:11,Payment Timeout
P007994,B006049,3,Debit Card,4077.0,Success,2026-10-21 00:39:00,
P007995,B006050,1,Digital Wallet,1376.17,Failed,2026-08-01 00:08:00,Payment Timeout
P007996,B006050,2,Bank Transfer,1376.17,Success,2026-08-01 00:13:57,
P007997,B006051,1,Digital Wallet,4919.34,Success,2026-08-05 01:00:00,
P007998,B006052,1,Bank Transfer,2468.56,Failed,2026-06-19 00:17:00,Fraud Check
P007999,B006052,2,Digital Wallet,2468.56,Success,2026-06-19 00:27:45,
P008000,B006053,1,Credit Card,4774.29,Failed,2026-08-03 00:35:00,Fraud Check
P008001,B006053,2,Apple Pay,4774.29,Success,2026-08-03 00:41:27,
P008002,B006054,1,Bank Transfer,2224.02,Success,2025-10-18 00:43:00,
P008003,B006055,1,Credit Card,3208.04,Success,2026-09-23 00:57:00,
P008004,B006056,1,Bank Transfer,2526.4,Success,2025-12-15 00:18:00,
P008005,B006057,1,Debit Card,3541.71,Success,2026-07-24 00:46:00,
P008006,B006058,1,Digital Wallet,1326.31,Success,2026-11-28 00:42:00,
P008007,B006059,1,Bank Transfer,2302.83,Success,2026-11-12 00:44:00,
P008008,B006060,1,Digital Wallet,807.72,Success,2026-02-09 00:52:00,
P008009,B006061,1,Debit Card,3191.46,Success,2025-12-05 00:30:00,
P008010,B006062,1,Debit Card,4832.07,Success,2025-10-05 00:57:00,
P008011,B006063,1,Debit Card,706.58,Success,2025-11-05 00:59:00,
P008012,B006064,1,Credit Card,3468.34,Failed,2026-06-03 00:24:00,Insufficient Funds
P008013,B006064,2,Credit Card,3468.34,Success,2026-06-03 00:36:51,
P008014,B006065,1,Bank Transfer,3987.94,Success,2026-01-18 00:07:00,
P008015,B006066,1,Debit Card,1458.99,Success,2026-02-02 00:23:00,
P008016,B006067,1,Debit Card,1728.83,Failed,2026-05-03 00:37:00,Technical Error
P008017,B006067,2,Bank Transfer,1728.83,Success,2026-05-03 00:43:48,
P008018,B006068,1,Digital Wallet,1407.11,Success,2026-01-26 00:57:00,
P008019,B006069,1,Digital Wallet,1838.36,Success,2026-02-04 00:35:00,
P008020,B006070,1,Credit Card,995.37,Success,2026-11-02 00:49:00,
P008021,B006071,1,Digital Wallet,2166.57,Success,2026-12-22 00:54:00,
P008022,B006072,1,Credit Card,2160.18,Success,2026-03-11 00:25:00,
P008023,B006073,1,Debit Card,4132.7,Failed,2026-02-27 00:40:00,Payment Timeout
P008024,B006073,2,Digital Wallet,4132.7,Failed,2026-02-27 00:49:22,Technical Error
P008025,B006073,3,Credit Card,4132.7,Success,2026-02-27 00:59:39,
P008026,B006074,1,Credit Card,4104.31,Failed,2026-09-10 00:57:00,Fraud Check
P008027,B006074,2,Digital Wallet,4104.31,Success,2026-09-10 01:09:43,
P008028,B006075,1,Apple Pay,4085.26,Success,2026-02-10 00:39:00,
P008029,B006076,1,Credit Card,3051.66,Success,2026-10-26 00:05:00,
P008030,B006077,1,Digital Wallet,1966.46,Success,2026-01-05 00:05:00,
P008031,B006078,1,Credit Card,2349.34,Success,2026-09-07 00:40:00,
P008032,B006079,1,Digital Wallet,1929.85,Success,2026-03-18 00:58:00,
P008033,B006080,1,Apple Pay,3118.68,Failed,2026-03-16 00:53:00,Fraud Check
P008034,B006080,2,Bank Transfer,3118.68,Success,2026-03-16 01:06:35,
P008035,B006081,1,Digital Wallet,4720.91,Success,2026-06-11 00:50:00,
P008036,B006082,1,Bank Transfer,1780.24,Success,2026-09-29 00:19:00,
P008037,B006083,1,Apple Pay,2564.83,Failed,2025-12-13 00:20:00,Payment Timeout
P008038,B006083,2,Bank Transfer,2564.83,Success,2025-12-13 00:31:48,
P008039,B006084,1,Bank Transfer,3448.03,Success,2025-12-23 00:52:00,
P008040,B006085,1,Credit Card,4301.13,Failed,2026-05-05 00:17:00,Fraud Check
P008041,B006085,2,Apple Pay,4301.13,Success,2026-05-05 00:23:14,
P008042,B006086,1,Digital Wallet,1640.0,Failed,2026-10-18 00:19:00,Card Declined
P008043,B006086,2,Apple Pay,1640.0,Success,2026-10-18 00:22:11,
P008044,B006087,1,Bank Transfer,1761.3,Success,2026-01-28 00:19:00,
P008045,B006088,1,Apple Pay,4483.24,Success,2026-05-31 00:31:00,
P008046,B006089,1,Credit Card,861.16,Success,2026-10-12 00:17:00,
P008047,B006090,1,Digital Wallet,3224.51,Success,2026-09-20 00:43:00,
P008048,B006091,1,Credit Card,4372.05,Success,2026-08-26 00:06:00,
P008049,B006092,1,Apple Pay,4647.84,Failed,2026-03-13 00:13:00,Fraud Check
P008050,B006092,2,Debit Card,4647.84,Success,2026-03-13 00:25:21,
P008051,B006093,1,Credit Card,557.09,Success,2025-08-23 00:32:00,
P008052,B006094,1,Apple Pay,2163.5,Failed,2025-11-09 00:17:00,Insufficient Funds
P008053,B006094,2,Bank Transfer,2163.5,Failed,2025-11-09 00:22:23,Payment Timeout
P008054,B006094,3,Credit Card,2163.5,Success,2025-11-09 00:32:58,
P008055,B006095,1,Credit Card,1657.69,Success,2026-10-17 00:21:00,
P008056,B006096,1,Credit Card,3056.15,Success,2025-12-15 00:58:00,
P008057,B006097,1,Digital Wallet,3347.88,Failed,2026-03-01 00:40:00,Insufficient Funds
P008058,B006097,2,Debit Card,3347.88,Failed,2026-03-01 00:51:18,Technical Error
P008059,B006097,3,Bank Transfer,3347.88,Success,2026-03-01 00:54:02,
P008060,B006098,1,Bank Transfer,4998.99,Success,2026-06-16 00:37:00,
P008061,B006099,1,Debit Card,2807.43,Success,2026-08-09 00:57:00,
P008062,B006100,1,Credit Card,2981.6,Success,2026-01-27 00:47:00,
P008063,B006101,1,Digital Wallet,2364.41,Success,2026-10-30 01:00:00,
P008064,B006102,1,Credit Card,1164.55,Failed,2026-05-27 00:28:00,Insufficient Funds
P008065,B006102,2,Debit Card,1164.55,Success,2026-05-27 00:37:13,
P008066,B006103,1,Digital Wallet,1864.96,Success,2026-05-13 00:42:00,
P008067,B006104,1,Apple Pay,1611.43,Success,2026-03-04 00:46:00,
P008068,B006105,1,Credit Card,4105.49,Success,2026-03-16 00:56:00,
P008069,B006106,1,Credit Card,2956.17,Success,2026-08-29 00:57:00,
P008070,B006107,1,Bank Transfer,1832.87,Success,2026-08-14 00:27:00,
P008071,B006108,1,Digital Wallet,2700.92,Success,2026-05-20 00:25:00,
P008072,B006109,1,Apple Pay,1484.89,Failed,2026-06-06 00:28:00,Insufficient Funds
P008073,B006109,2,Apple Pay,1484.89,Success,2026-06-06 00:38:19,
P008074,B006110,1,Digital Wallet,1333.07,Success,2025-12-16 00:46:00,
P008075,B006111,1,Bank Transfer,4369.74,Failed,2026-03-02 00:25:00,Payment Timeout
P008076,B006111,2,Credit Card,4369.74,Success,2026-03-02 00:30:46,
P008077,B006112,1,Apple Pay,4751.65,Success,2026-01-22 00:59:00,
P008078,B006113,1,Apple Pay,860.07,Success,2025-11-17 00:05:00,
P008079,B006114,1,Bank Transfer,3941.97,Success,2026-03-27 00:39:00,
P008080,B006115,1,Credit Card,2539.9,Failed,2026-05-15 01:00:00,Fraud Check
P008081,B006115,2,Credit Card,2539.9,Failed,2026-05-15 01:06:12,Insufficient Funds
P008082,B006115,3,Bank Transfer,2539.9,Success,2026-05-15 01:16:10,
P008083,B006116,1,Digital Wallet,2250.37,Failed,2026-06-18 00:52:00,Insufficient Funds
P008084,B006116,2,Digital Wallet,2250.37,Failed,2026-06-18 00:56:29,Fraud Check
P008085,B006116,3,Credit Card,2250.37,Success,2026-06-18 01:09:05,
P008086,B006117,1,Digital Wallet,3602.35,Success,2026-03-09 00:56:00,
P008087,B006118,1,Apple Pay,1698.14,Success,2026-04-09 00:36:00,
P008088,B006119,1,Credit Card,592.62,Success,2026-06-10 00:13:00,
P008089,B006120,1,Digital Wallet,1463.01,Success,2026-04-09 00:11:00,
P008090,B006121,1,Debit Card,1332.16,Success,2026-10-09 00:26:00,
P008091,B006122,1,Digital Wallet,653.22,Success,2026-01-17 00:23:00,
P008092,B006123,1,Bank Transfer,1945.92,Success,2026-07-06 00:33:00,
P008093,B006124,1,Debit Card,2635.33,Failed,2026-01-19 00:29:00,Card Declined
P008094,B006124,2,Apple Pay,2635.33,Failed,2026-01-19 00:37:11,Technical Error
P008095,B006124,3,Bank Transfer,2635.33,Success,2026-01-19 00:40:58,
P008096,B006125,1,Bank Transfer,3811.23,Success,2026-05-08 00:51:00,
P008097,B006126,1,Credit Card,1965.48,Failed,2026-05-07 01:00:00,Insufficient Funds
P008098,B006126,2,Debit Card,1965.48,Success,2026-05-07 01:04:59,
P008099,B006127,1,Credit Card,1375.43,Success,2026-07-14 00:18:00,
P008100,B006128,1,Debit Card,1537.79,Success,2026-04-03 00:06:00,
P008101,B006129,1,Credit Card,4510.3,Success,2026-01-27 00:30:00,
P008102,B006130,1,Debit Card,1421.24,Success,2026-08-17 00:08:00,
P008103,B006131,1,Credit Card,4456.58,Failed,2026-08-24 00:20:00,Technical Error
P008104,B006131,2,Digital Wallet,4456.58,Failed,2026-08-24 00:27:32,Fraud Check
P008105,B006131,3,Debit Card,4456.58,Success,2026-08-24 00:37:20,
P008106,B006132,1,Digital Wallet,2511.95,Success,2025-12-22 00:53:00,
P008107,B006133,1,Bank Transfer,4704.8,Success,2026-07-13 00:07:00,
P008108,B006134,1,Apple Pay,2336.41,Success,2026-07-03 00:07:00,
P008109,B006135,1,Bank Transfer,1299.57,Success,2026-02-02 00:45:00,
P008110,B006136,1,Credit Card,2970.63,Success,2026-08-25 00:37:00,
P008111,B006137,1,Debit Card,3144.68,Failed,2026-09-03 00:19:00,Insufficient Funds
P008112,B006137,2,Digital Wallet,3144.68,Failed,2026-09-03 00:27:19,Payment Timeout
P008113,B006137,3,Apple Pay,3144.68,Success,2026-09-03 00:33:06,
P008114,B006138,1,Credit Card,3359.7,Success,2026-05-05 00:48:00,
P008115,B006139,1,Debit Card,2351.74,Success,2026-04-01 00:39:00,
P008116,B006140,1,Credit Card,718.71,Failed,2026-10-21 00:10:00,Insufficient Funds
P008117,B006140,2,Digital Wallet,718.71,Success,2026-10-21 00:18:40,
P008118,B006141,1,Debit Card,3320.24,Success,2026-04-17 00:57:00,
P008119,B006142,1,Bank Transfer,4698.64,Success,2026-02-17 00:18:00,
P008120,B006143,1,Debit Card,4809.01,Success,2026-09-05 00:31:00,
P008121,B006144,1,Bank Transfer,3185.98,Success,2025-11-17 00:24:00,
P008122,B006145,1,Debit Card,589.49,Success,2025-08-17 00:08:00,
P008123,B006146,1,Bank Transfer,977.17,Success,2025-12-15 00:35:00,
P008124,B006147,1,Debit Card,4252.96,Failed,2025-11-10 00:29:00,Payment Timeout
P008125,B006147,2,Credit Card,4252.96,Success,2025-11-10 00:30:59,
P008126,B006148,1,Credit Card,4233.85,Failed,2026-05-22 00:34:00,Card Declined
P008127,B006148,2,Debit Card,4233.85,Success,2026-05-22 00:46:44,
P008128,B006149,1,Bank Transfer,4757.07,Success,2026-01-12 00:52:00,
P008129,B006150,1,Bank Transfer,3036.98,Success,2026-02-28 00:37:00,
P008130,B006151,1,Digital Wallet,4387.17,Success,2025-10-16 00:08:00,
P008131,B006152,1,Bank Transfer,4211.99,Success,2026-09-05 00:50:00,
P008132,B006153,1,Credit Card,3152.39,Success,2026-07-06 00:37:00,
P008133,B006154,1,Credit Card,4026.37,Success,2025-08-31 00:37:00,
P008134,B006155,1,Credit Card,1065.7,Failed,2026-04-22 00:45:00,Card Declined
P008135,B006155,2,Bank Transfer,1065.7,Success,2026-04-22 00:49:15,
P008136,B006156,1,Debit Card,3376.41,Success,2026-03-13 00:25:00,
P008137,B006157,1,Digital Wallet,4790.53,Failed,2026-06-04 00:54:00,Card Declined
P008138,B006157,2,Apple Pay,4790.53,Success,2026-06-04 01:02:27,
P008139,B006158,1,Credit Card,1228.81,Success,2026-05-28 00:08:00,
P008140,B006159,1,Digital Wallet,3848.19,Failed,2026-03-15 00:48:00,Technical Error
P008141,B006159,2,Bank Transfer,3848.19,Failed,2026-03-15 00:53:17,Payment Timeout
P008142,B006159,3,Credit Card,3848.19,Success,2026-03-15 01:02:44,
P008143,B006160,1,Apple Pay,1943.54,Success,2026-01-22 00:51:00,
P008144,B006161,1,Digital Wallet,4176.97,Success,2025-09-26 00:35:00,
P008145,B006162,1,Digital Wallet,3637.45,Success,2026-07-28 00:07:00,
P008146,B006163,1,Credit Card,4667.78,Success,2026-03-29 00:09:00,
P008147,B006164,1,Digital Wallet,3703.71,Success,2026-04-21 00:45:00,
P008148,B006165,1,Digital Wallet,2346.4,Failed,2026-03-14 00:58:00,Payment Timeout
P008149,B006165,2,Credit Card,2346.4,Success,2026-03-14 01:02:44,
P008150,B006166,1,Bank Transfer,549.02,Failed,2025-11-08 00:08:00,Fraud Check
P008151,B006166,2,Bank Transfer,549.02,Success,2025-11-08 00:16:47,
P008152,B006167,1,Digital Wallet,4068.13,Success,2026-10-03 00:12:00,
P008153,B006168,1,Credit Card,2338.09,Success,2026-07-23 00:41:00,
P008154,B006169,1,Apple Pay,3517.85,Failed,2026-10-02 00:10:00,Insufficient Funds
P008155,B006169,2,Credit Card,3517.85,Success,2026-10-02 00:14:16,
P008156,B006170,1,Credit Card,972.8,Success,2026-05-23 00:58:00,
P008157,B006171,1,Credit Card,4509.36,Failed,2026-02-09 00:22:00,Card Declined
P008158,B006171,2,Digital Wallet,4509.36,Success,2026-02-09 00:36:26,
P008159,B006172,1,Apple Pay,2460.46,Success,2026-07-08 00:57:00,
P008160,B006173,1,Digital Wallet,4638.61,Success,2026-03-10 00:05:00,
P008161,B006174,1,Debit Card,3681.58,Success,2026-02-24 00:16:00,
P008162,B006175,1,Debit Card,1046.58,Failed,2025-10-31 00:35:00,Technical Error
P008163,B006175,2,Credit Card,1046.58,Failed,2025-10-31 00:41:21,Card Declined
P008164,B006175,3,Bank Transfer,1046.58,Success,2025-10-31 00:46:33,
P008165,B006176,1,Digital Wallet,3106.38,Success,2026-03-05 00:17:00,
P008166,B006177,1,Debit Card,4594.71,Success,2025-08-22 00:45:00,
P008167,B006178,1,Debit Card,4099.87,Failed,2025-12-09 00:29:00,Fraud Check
P008168,B006178,2,Apple Pay,4099.87,Success,2025-12-09 00:35:13,
P008169,B006179,1,Credit Card,2380.91,Success,2026-08-14 00:40:00,
P008170,B006180,1,Debit Card,4797.79,Failed,2026-11-13 00:27:00,Payment Timeout
P008171,B006180,2,Credit Card,4797.79,Success,2026-11-13 00:41:31,
P008172,B006181,1,Credit Card,1708.59,Success,2026-08-31 00:23:00,
P008173,B006182,1,Digital Wallet,2187.98,Success,2026-11-23 00:56:00,
P008174,B006183,1,Digital Wallet,3873.71,Success,2026-09-18 00:06:00,
P008175,B006184,1,Digital Wallet,1548.07,Success,2026-05-23 00:31:00,
P008176,B006185,1,Debit Card,2819.19,Success,2026-07-18 00:32:00,
P008177,B006186,1,Digital Wallet,3779.55,Success,2026-04-14 00:29:00,
P008178,B006187,1,Apple Pay,3397.85,Success,2026-02-13 00:40:00,
P008179,B006188,1,Debit Card,1199.16,Success,2025-09-04 00:51:00,
P008180,B006189,1,Apple Pay,3333.47,Success,2026-08-02 00:24:00,
P008181,B006190,1,Bank Transfer,3077.2,Success,2026-03-04 00:41:00,
P008182,B006191,1,Debit Card,3010.3,Success,2025-12-24 00:32:00,
P008183,B006192,1,Bank Transfer,4217.21,Success,2026-01-15 00:16:00,
P008184,B006193,1,Bank Transfer,1327.53,Success,2026-10-17 00:33:00,
P008185,B006194,1,Apple Pay,3882.05,Success,2026-03-09 00:27:00,
P008186,B006195,1,Bank Transfer,3924.17,Success,2026-05-19 00:37:00,
P008187,B006196,1,Bank Transfer,3751.9,Success,2026-05-02 00:40:00,
P008188,B006197,1,Debit Card,2776.86,Success,2026-01-07 00:07:00,
P008189,B006198,1,Apple Pay,2279.92,Success,2026-01-01 00:23:00,
P008190,B006199,1,Bank Transfer,2276.05,Success,2026-04-18 00:54:00,
P008191,B006200,1,Credit Card,3802.14,Success,2025-11-03 00:23:00,
P008192,B006201,1,Digital Wallet,2740.54,Success,2026-08-24 00:25:00,
P008193,B006202,1,Digital Wallet,2022.95,Failed,2026-06-02 00:28:00,Fraud Check
P008194,B006202,2,Bank Transfer,2022.95,Failed,2026-06-02 00:41:40,Technical Error
P008195,B006202,3,Bank Transfer,2022.95,Success,2026-06-02 00:47:19,
P008196,B006203,1,Apple Pay,3314.61,Success,2026-09-22 00:20:00,
P008197,B006204,1,Credit Card,4266.55,Success,2026-07-05 00:52:00,
P008198,B006205,1,Debit Card,776.79,Failed,2026-05-05 00:31:00,Technical Error
P008199,B006205,2,Apple Pay,776.79,Success,2026-05-05 00:36:54,
P008200,B006206,1,Credit Card,4874.62,Success,2026-10-14 00:54:00,
P008201,B006207,1,Digital Wallet,934.93,Failed,2026-04-24 00:18:00,Insufficient Funds
P008202,B006207,2,Credit Card,934.93,Success,2026-04-24 00:31:33,
P008203,B006208,1,Digital Wallet,2802.82,Success,2026-06-23 00:46:00,
P008204,B006209,1,Apple Pay,3020.94,Failed,2025-12-11 00:07:00,Fraud Check
P008205,B006209,2,Credit Card,3020.94,Failed,2025-12-11 00:12:55,Technical Error
P008206,B006209,3,Bank Transfer,3020.94,Success,2025-12-11 00:27:53,
P008207,B006210,1,Bank Transfer,1121.95,Success,2026-09-15 00:15:00,
P008208,B006211,1,Bank Transfer,4620.17,Success,2025-11-03 00:31:00,
P008209,B006212,1,Bank Transfer,2621.6,Success,2026-02-12 00:53:00,
P008210,B006213,1,Apple Pay,1144.04,Success,2026-07-15 00:47:00,
P008211,B006214,1,Debit Card,3702.26,Failed,2026-07-11 00:39:00,Fraud Check
P008212,B006214,2,Credit Card,3702.26,Success,2026-07-11 00:46:32,
P008213,B006215,1,Digital Wallet,3485.32,Success,2025-12-01 00:19:00,
P008214,B006216,1,Debit Card,4832.9,Success,2026-07-16 00:16:00,
P008215,B006217,1,Bank Transfer,2486.82,Failed,2026-06-28 00:33:00,Card Declined
P008216,B006217,2,Debit Card,2486.82,Success,2026-06-28 00:40:14,
P008217,B006218,1,Debit Card,1705.08,Success,2026-07-20 00:15:00,
P008218,B006219,1,Apple Pay,769.97,Failed,2026-01-24 00:16:00,Card Declined
P008219,B006219,2,Credit Card,769.97,Success,2026-01-24 00:17:45,
P008220,B006220,1,Digital Wallet,3799.05,Success,2026-08-19 00:41:00,
P008221,B006221,1,Credit Card,3277.75,Success,2026-11-02 00:27:00,
P008222,B006222,1,Debit Card,4876.75,Success,2026-10-04 00:32:00,
P008223,B006223,1,Digital Wallet,3704.74,Failed,2025-09-20 00:41:00,Fraud Check
P008224,B006223,2,Credit Card,3704.74,Failed,2025-09-20 00:48:56,Card Declined
P008225,B006223,3,Debit Card,3704.74,Success,2025-09-20 00:59:24,
P008226,B006224,1,Apple Pay,4699.23,Failed,2026-04-23 00:29:00,Technical Error
P008227,B006224,2,Digital Wallet,4699.23,Success,2026-04-23 00:32:58,
P008228,B006225,1,Digital Wallet,4962.1,Success,2026-03-27 00:19:00,
P008229,B006226,1,Digital Wallet,2427.94,Success,2025-09-29 00:23:00,
P008230,B006227,1,Digital Wallet,1176.33,Success,2026-11-03 00:09:00,
P008231,B006228,1,Digital Wallet,1381.33,Success,2025-08-29 00:53:00,
P008232,B006229,1,Bank Transfer,1932.69,Success,2026-02-21 00:21:00,
P008233,B006230,1,Credit Card,2790.03,Success,2026-02-24 00:10:00,
P008234,B006231,1,Digital Wallet,1050.89,Success,2026-01-06 00:37:00,
P008235,B006232,1,Credit Card,1857.73,Success,2026-04-23 00:53:00,
P008236,B006233,1,Debit Card,1885.07,Success,2026-05-08 00:26:00,
P008237,B006234,1,Credit Card,518.39,Success,2026-05-27 00:41:00,
P008238,B006235,1,Bank Transfer,2093.76,Success,2026-05-27 00:54:00,
P008239,B006236,1,Apple Pay,1022.68,Failed,2026-02-19 00:11:00,Fraud Check
P008240,B006236,2,Bank Transfer,1022.68,Success,2026-02-19 00:23:31,
P008241,B006237,1,Credit Card,2433.7,Success,2026-06-11 00:22:00,
P008242,B006238,1,Digital Wallet,1384.42,Success,2025-09-22 00:59:00,
P008243,B006239,1,Credit Card,4199.51,Failed,2026-09-08 00:17:00,Insufficient Funds
P008244,B006239,2,Apple Pay,4199.51,Failed,2026-09-08 00:20:20,Technical Error
P008245,B006239,3,Bank Transfer,4199.51,Success,2026-09-08 00:35:08,
P008246,B006240,1,Bank Transfer,862.36,Success,2026-07-09 00:41:00,
P008247,B006241,1,Digital Wallet,4395.47,Success,2026-10-16 00:59:00,
P008248,B006242,1,Credit Card,3112.37,Success,2026-05-16 00:59:00,
P008249,B006243,1,Bank Transfer,2563.88,Failed,2026-02-05 00:23:00,Technical Error
P008250,B006243,2,Debit Card,2563.88,Failed,2026-02-05 00:29:12,Technical Error
P008251,B006243,3,Bank Transfer,2563.88,Success,2026-02-05 00:35:03,
P008252,B006244,1,Digital Wallet,2973.84,Success,2026-07-07 00:23:00,
P008253,B006245,1,Apple Pay,2192.49,Success,2026-07-05 00:24:00,
P008254,B006246,1,Bank Transfer,1074.25,Success,2025-08-26 00:55:00,
P008255,B006247,1,Bank Transfer,3946.46,Success,2026-03-13 00:40:00,
P008256,B006248,1,Bank Transfer,4675.6,Success,2026-04-24 00:43:00,
P008257,B006249,1,Credit Card,4775.3,Failed,2026-05-11 00:41:00,Technical Error
P008258,B006249,2,Debit Card,4775.3,Failed,2026-05-11 00:51:30,Insufficient Funds
P008259,B006249,3,Apple Pay,4775.3,Success,2026-05-11 00:58:40,
P008260,B006250,1,Credit Card,3518.2,Success,2026-07-19 00:51:00,
P008261,B006251,1,Apple Pay,2346.56,Success,2026-06-27 00:42:00,
P008262,B006252,1,Apple Pay,2652.62,Success,2026-07-31 00:13:00,
P008263,B006253,1,Credit Card,3456.35,Success,2026-05-20 00:45:00,
P008264,B006254,1,Apple Pay,4203.83,Failed,2025-12-11 00:30:00,Fraud Check
P008265,B006254,2,Credit Card,4203.83,Success,2025-12-11 00:44:58,
P008266,B006255,1,Credit Card,2185.55,Success,2026-10-25 00:19:00,
P008267,B006256,1,Digital Wallet,4625.52,Success,2026-08-04 00:38:00,
P008268,B006257,1,Debit Card,1959.22,Success,2025-11-03 00:59:00,
P008269,B006258,1,Bank Transfer,2888.87,Success,2025-12-17 00:48:00,
P008270,B006259,1,Credit Card,4826.13,Failed,2026-02-14 00:15:00,Insufficient Funds
P008271,B006259,2,Credit Card,4826.13,Success,2026-02-14 00:19:37,
P008272,B006260,1,Bank Transfer,4721.9,Success,2026-07-24 00:11:00,
P008273,B006261,1,Credit Card,3630.85,Success,2025-11-22 00:33:00,
P008274,B006262,1,Credit Card,1960.52,Success,2026-03-03 00:18:00,
P008275,B006263,1,Bank Transfer,1485.66,Success,2025-12-26 00:10:00,
P008276,B006264,1,Bank Transfer,860.65,Success,2025-12-24 00:43:00,
P008277,B006265,1,Apple Pay,3688.94,Success,2026-02-11 00:22:00,
P008278,B006266,1,Digital Wallet,2765.53,Success,2025-12-09 00:11:00,
P008279,B006267,1,Apple Pay,3075.29,Success,2026-08-04 00:52:00,
P008280,B006268,1,Debit Card,2625.76,Success,2026-04-30 00:50:00,
P008281,B006269,1,Digital Wallet,2673.26,Success,2025-11-24 00:54:00,
P008282,B006270,1,Digital Wallet,3070.73,Success,2026-09-25 00:07:00,
P008283,B006271,1,Debit Card,4614.18,Success,2026-01-12 00:55:00,
P008284,B006272,1,Bank Transfer,632.15,Success,2026-01-21 00:56:00,
P008285,B006273,1,Bank Transfer,4107.37,Success,2026-06-28 00:21:00,
P008286,B006274,1,Credit Card,2257.32,Success,2026-04-12 00:31:00,
P008287,B006275,1,Credit Card,3852.16,Success,2026-04-30 00:05:00,
P008288,B006276,1,Debit Card,4768.37,Success,2026-09-19 00:20:00,
P008289,B006277,1,Credit Card,1878.29,Success,2026-01-13 00:26:00,
P008290,B006278,1,Debit Card,903.0,Success,2026-04-04 00:40:00,
P008291,B006279,1,Apple Pay,1545.34,Success,2026-08-24 00:17:00,
P008292,B006280,1,Bank Transfer,1499.42,Success,2026-05-01 00:24:00,
P008293,B006281,1,Apple Pay,3838.32,Success,2026-01-12 00:33:00,
P008294,B006282,1,Credit Card,778.36,Success,2026-04-07 00:47:00,
P008295,B006283,1,Digital Wallet,729.2,Failed,2026-10-03 00:28:00,Card Declined
P008296,B006283,2,Bank Transfer,729.2,Failed,2026-10-03 00:38:22,Fraud Check
P008297,B006283,3,Bank Transfer,729.2,Success,2026-10-03 00:46:39,
P008298,B006284,1,Credit Card,3621.24,Failed,2026-06-17 00:36:00,Insufficient Funds
P008299,B006284,2,Credit Card,3621.24,Failed,2026-06-17 00:46:11,Technical Error
P008300,B006284,3,Debit Card,3621.24,Success,2026-06-17 00:47:58,
P008301,B006285,1,Credit Card,3005.24,Failed,2026-04-01 00:05:00,Fraud Check
P008302,B006285,2,Credit Card,3005.24,Success,2026-04-01 00:16:23,
P008303,B006286,1,Bank Transfer,2379.95,Success,2026-03-05 00:24:00,
P008304,B006287,1,Debit Card,3089.16,Success,2026-05-04 00:57:00,
P008305,B006288,1,Apple Pay,3808.62,Success,2026-05-14 00:13:00,
P008306,B006289,1,Apple Pay,965.62,Success,2026-10-05 00:54:00,
P008307,B006290,1,Debit Card,2989.79,Success,2026-06-18 00:31:00,
P008308,B006291,1,Apple Pay,4209.88,Failed,2025-11-30 00:22:00,Payment Timeout
P008309,B006291,2,Credit Card,4209.88,Success,2025-11-30 00:25:48,
P008310,B006292,1,Digital Wallet,2130.93,Success,2026-06-24 00:06:00,
P008311,B006293,1,Digital Wallet,3933.58,Failed,2025-09-23 00:28:00,Fraud Check
P008312,B006293,2,Credit Card,3933.58,Success,2025-09-23 00:37:30,
P008313,B006294,1,Apple Pay,4304.39,Success,2026-01-09 00:28:00,
P008314,B006295,1,Apple Pay,4194.18,Success,2025-12-28 00:57:00,
P008315,B006296,1,Apple Pay,3426.6,Success,2026-04-11 00:46:00,
P008316,B006297,1,Digital Wallet,3728.05,Failed,2026-02-18 00:13:00,Technical Error
P008317,B006297,2,Digital Wallet,3728.05,Success,2026-02-18 00:19:21,
P008318,B006298,1,Digital Wallet,4044.54,Success,2026-02-13 00:23:00,
P008319,B006299,1,Digital Wallet,3801.69,Success,2026-05-25 00:36:00,
P008320,B006300,1,Digital Wallet,2532.56,Success,2025-12-24 00:10:00,
P008321,B006301,1,Credit Card,1216.04,Success,2025-12-11 00:14:00,
P008322,B006302,1,Bank Transfer,1893.79,Success,2025-11-27 00:46:00,
P008323,B006303,1,Credit Card,1432.61,Success,2026-04-24 00:25:00,
P008324,B006304,1,Digital Wallet,2126.5,Success,2026-06-15 00:56:00,
P008325,B006305,1,Debit Card,2701.99,Failed,2026-06-28 00:05:00,Payment Timeout
P008326,B006305,2,Digital Wallet,2701.99,Success,2026-06-28 00:14:30,
P008327,B006306,1,Digital Wallet,4815.71,Failed,2025-12-01 00:48:00,Fraud Check
P008328,B006306,2,Debit Card,4815.71,Success,2025-12-01 00:58:20,
P008329,B006307,1,Bank Transfer,4817.58,Success,2025-09-16 00:07:00,
P008330,B006308,1,Credit Card,3963.15,Success,2026-03-15 00:34:00,
P008331,B006309,1,Debit Card,4910.63,Success,2026-03-30 00:17:00,
P008332,B006310,1,Bank Transfer,4991.07,Success,2025-12-07 00:23:00,
P008333,B006311,1,Digital Wallet,4483.66,Success,2026-04-11 00:26:00,
P008334,B006312,1,Digital Wallet,857.77,Success,2026-04-12 00:09:00,
P008335,B006313,1,Bank Transfer,2417.2,Success,2026-08-11 00:27:00,
P008336,B006314,1,Apple Pay,2903.54,Failed,2026-01-12 00:20:00,Insufficient Funds
P008337,B006314,2,Digital Wallet,2903.54,Success,2026-01-12 00:25:35,
P008338,B006315,1,Bank Transfer,1058.37,Success,2026-08-12 00:36:00,
P008339,B006316,1,Apple Pay,4138.84,Success,2026-09-05 00:51:00,
P008340,B006317,1,Bank Transfer,1169.08,Success,2025-08-28 00:48:00,
P008341,B006318,1,Apple Pay,2224.98,Success,2026-09-17 00:28:00,
P008342,B006319,1,Digital Wallet,810.1,Success,2026-04-21 00:43:00,
P008343,B006320,1,Bank Transfer,2860.67,Success,2026-08-30 00:19:00,
P008344,B006321,1,Credit Card,3186.69,Success,2025-12-18 00:24:00,
P008345,B006322,1,Debit Card,3808.3,Success,2026-03-28 00:22:00,
P008346,B006323,1,Debit Card,2027.58,Success,2025-09-06 00:53:00,
P008347,B006324,1,Digital Wallet,3157.39,Success,2026-09-28 00:50:00,
P008348,B006325,1,Bank Transfer,3803.66,Success,2026-09-03 00:56:00,
P008349,B006326,1,Apple Pay,3929.16,Failed,2026-07-04 00:36:00,Card Declined
P008350,B006326,2,Credit Card,3929.16,Failed,2026-07-04 00:41:10,Fraud Check
P008351,B006326,3,Digital Wallet,3929.16,Success,2026-07-04 00:50:04,
P008352,B006327,1,Debit Card,1857.39,Success,2026-10-27 00:16:00,
P008353,B006328,1,Credit Card,804.67,Success,2026-06-01 00:20:00,
P008354,B006329,1,Digital Wallet,669.29,Failed,2026-04-21 00:51:00,Technical Error
P008355,B006329,2,Credit Card,669.29,Failed,2026-04-21 01:05:52,Insufficient Funds
P008356,B006329,3,Credit Card,669.29,Success,2026-04-21 01:15:10,
P008357,B006330,1,Debit Card,3956.27,Success,2026-09-30 01:00:00,
P008358,B006331,1,Digital Wallet,2234.48,Failed,2026-08-23 00:28:00,Insufficient Funds
P008359,B006331,2,Digital Wallet,2234.48,Success,2026-08-23 00:42:53,
P008360,B006332,1,Credit Card,1102.74,Success,2026-04-13 00:50:00,
P008361,B006333,1,Credit Card,1330.2,Failed,2026-08-24 00:28:00,Fraud Check
P008362,B006333,2,Apple Pay,1330.2,Success,2026-08-24 00:34:44,
P008363,B006334,1,Digital Wallet,3947.68,Success,2026-06-03 00:58:00,
P008364,B006335,1,Debit Card,3195.06,Failed,2026-04-20 00:06:00,Technical Error
P008365,B006335,2,Bank Transfer,3195.06,Failed,2026-04-20 00:19:51,Technical Error
P008366,B006335,3,Credit Card,3195.06,Success,2026-04-20 00:26:19,
P008367,B006336,1,Apple Pay,2756.31,Success,2026-09-15 00:30:00,
P008368,B006337,1,Debit Card,3303.53,Success,2026-10-05 00:07:00,
P008369,B006338,1,Apple Pay,1118.75,Success,2025-10-22 00:52:00,
P008370,B006339,1,Bank Transfer,1935.69,Success,2026-12-11 00:10:00,
P008371,B006340,1,Apple Pay,2183.29,Success,2026-01-19 00:15:00,
P008372,B006341,1,Credit Card,1915.24,Success,2026-08-11 00:20:00,
P008373,B006342,1,Digital Wallet,4389.87,Success,2026-05-26 00:13:00,
P008374,B006343,1,Credit Card,3116.4,Success,2025-11-24 00:25:00,
P008375,B006344,1,Digital Wallet,3781.95,Failed,2026-07-24 00:57:00,Fraud Check
P008376,B006344,2,Debit Card,3781.95,Success,2026-07-24 01:08:48,
P008377,B006345,1,Bank Transfer,1565.18,Success,2026-04-15 00:37:00,
P008378,B006346,1,Bank Transfer,1688.33,Success,2025-12-19 00:05:00,
P008379,B006347,1,Apple Pay,1514.01,Success,2026-06-10 00:33:00,
P008380,B006348,1,Apple Pay,3595.91,Success,2026-06-26 00:17:00,
P008381,B006349,1,Digital Wallet,2070.68,Failed,2026-04-09 00:19:00,Fraud Check
P008382,B006349,2,Digital Wallet,2070.68,Failed,2026-04-09 00:20:51,Fraud Check
P008383,B006349,3,Bank Transfer,2070.68,Success,2026-04-09 00:25:24,
P008384,B006350,1,Debit Card,2322.88,Success,2026-02-16 00:54:00,
P008385,B006351,1,Digital Wallet,3691.05,Success,2026-05-30 00:33:00,
P008386,B006352,1,Bank Transfer,4873.09,Success,2026-01-13 00:31:00,
P008387,B006353,1,Bank Transfer,1228.44,Success,2026-06-04 00:26:00,
P008388,B006354,1,Debit Card,782.04,Success,2026-08-03 00:07:00,
P008389,B006355,1,Credit Card,1376.81,Failed,2026-06-02 00:17:00,Insufficient Funds
P008390,B006355,2,Debit Card,1376.81,Success,2026-06-02 00:18:30,
P008391,B006356,1,Debit Card,3807.32,Success,2026-07-17 00:50:00,
P008392,B006357,1,Debit Card,1375.82,Success,2026-06-21 00:54:00,
P008393,B006358,1,Digital Wallet,3129.59,Success,2025-09-07 00:22:00,
P008394,B006359,1,Credit Card,3156.42,Failed,2026-04-04 00:29:00,Payment Timeout
P008395,B006359,2,Credit Card,3156.42,Failed,2026-04-04 00:42:48,Card Declined
P008396,B006359,3,Digital Wallet,3156.42,Success,2026-04-04 00:48:39,
P008397,B006360,1,Bank Transfer,1824.9,Success,2026-02-17 00:18:00,
P008398,B006361,1,Apple Pay,809.27,Success,2026-07-08 00:40:00,
P008399,B006362,1,Credit Card,2296.4,Failed,2026-07-31 00:51:00,Technical Error
P008400,B006362,2,Digital Wallet,2296.4,Failed,2026-07-31 01:05:20,Payment Timeout
P008401,B006362,3,Debit Card,2296.4,Success,2026-07-31 01:15:51,
P008402,B006363,1,Bank Transfer,1340.53,Success,2026-04-10 00:07:00,
P008403,B006364,1,Digital Wallet,1330.13,Success,2026-03-27 00:53:00,
P008404,B006365,1,Apple Pay,2851.65,Success,2026-06-19 00:48:00,
P008405,B006366,1,Credit Card,3529.05,Success,2025-10-05 00:23:00,
P008406,B006367,1,Apple Pay,839.37,Failed,2026-05-12 00:39:00,Fraud Check
P008407,B006367,2,Credit Card,839.37,Success,2026-05-12 00:42:15,
P008408,B006368,1,Digital Wallet,3102.45,Success,2026-06-27 00:07:00,
P008409,B006369,1,Digital Wallet,1607.91,Success,2026-08-20 00:18:00,
P008410,B006370,1,Bank Transfer,3529.84,Success,2026-07-24 00:57:00,
P008411,B006371,1,Credit Card,4145.97,Success,2026-05-21 00:11:00,
P008412,B006372,1,Bank Transfer,4131.56,Success,2025-11-02 00:46:00,
P008413,B006373,1,Credit Card,2164.38,Failed,2025-11-07 00:33:00,Payment Timeout
P008414,B006373,2,Digital Wallet,2164.38,Success,2025-11-07 00:36:13,
P008415,B006374,1,Debit Card,3052.71,Success,2026-12-15 00:55:00,
P008416,B006375,1,Digital Wallet,4071.63,Success,2026-03-13 00:12:00,
P008417,B006376,1,Credit Card,773.65,Success,2025-09-12 00:33:00,
P008418,B006377,1,Apple Pay,3225.31,Success,2026-10-21 00:42:00,
P008419,B006378,1,Debit Card,4264.35,Success,2025-11-10 00:46:00,
P008420,B006379,1,Bank Transfer,2175.61,Success,2025-11-26 00:35:00,
P008421,B006380,1,Credit Card,2549.34,Success,2026-04-15 00:44:00,
P008422,B006381,1,Bank Transfer,3644.28,Success,2026-02-19 00:54:00,
P008423,B006382,1,Debit Card,805.48,Success,2026-03-02 00:10:00,
P008424,B006383,1,Credit Card,2235.36,Success,2026-03-31 00:57:00,
P008425,B006384,1,Apple Pay,1830.7,Success,2026-01-13 00:56:00,
P008426,B006385,1,Credit Card,576.47,Success,2026-10-12 00:11:00,
P008427,B006386,1,Debit Card,1381.88,Success,2025-11-29 00:20:00,
P008428,B006387,1,Debit Card,2281.48,Success,2026-10-23 00:24:00,
P008429,B006388,1,Apple Pay,1388.43,Success,2026-09-14 00:46:00,
P008430,B006389,1,Bank Transfer,3210.79,Success,2026-07-27 00:27:00,
P008431,B006390,1,Credit Card,2518.94,Success,2025-10-22 00:15:00,
P008432,B006391,1,Apple Pay,677.67,Success,2026-01-13 00:21:00,
P008433,B006392,1,Digital Wallet,1737.68,Success,2026-08-12 00:42:00,
P008434,B006393,1,Digital Wallet,587.65,Success,2026-09-18 00:57:00,
P008435,B006394,1,Digital Wallet,2111.61,Failed,2026-08-06 00:19:00,Fraud Check
P008436,B006394,2,Digital Wallet,2111.61,Success,2026-08-06 00:30:29,
P008437,B006395,1,Credit Card,1666.0,Success,2026-04-27 00:27:00,
P008438,B006396,1,Apple Pay,3596.84,Failed,2026-07-30 00:14:00,Payment Timeout
P008439,B006396,2,Digital Wallet,3596.84,Success,2026-07-30 00:23:40,
P008440,B006397,1,Digital Wallet,1883.33,Success,2026-03-08 00:11:00,
P008441,B006398,1,Credit Card,2188.21,Failed,2026-06-23 00:38:00,Payment Timeout
P008442,B006398,2,Bank Transfer,2188.21,Success,2026-06-23 00:50:35,
P008443,B006399,1,Apple Pay,3764.0,Success,2026-04-08 00:58:00,
P008444,B006400,1,Debit Card,2664.13,Failed,2026-11-08 00:57:00,Technical Error
P008445,B006400,2,Bank Transfer,2664.13,Failed,2026-11-08 01:04:21,Fraud Check
P008446,B006400,3,Apple Pay,2664.13,Success,2026-11-08 01:18:11,
P008447,B006401,1,Apple Pay,3004.04,Failed,2025-10-24 00:22:00,Card Declined
P008448,B006401,2,Apple Pay,3004.04,Success,2025-10-24 00:27:54,
P008449,B006402,1,Debit Card,4286.06,Failed,2026-05-12 00:13:00,Technical Error
P008450,B006402,2,Debit Card,4286.06,Success,2026-05-12 00:23:36,
P008451,B006403,1,Apple Pay,1431.0,Success,2026-01-14 00:21:00,
P008452,B006404,1,Debit Card,4951.33,Success,2025-12-10 00:47:00,
P008453,B006405,1,Apple Pay,4550.47,Failed,2025-11-04 00:15:00,Insufficient Funds
P008454,B006405,2,Digital Wallet,4550.47,Success,2025-11-04 00:17:18,
P008455,B006406,1,Bank Transfer,1789.49,Failed,2026-03-24 00:17:00,Card Declined
P008456,B006406,2,Bank Transfer,1789.49,Success,2026-03-24 00:22:42,
P008457,B006407,1,Debit Card,4518.22,Success,2026-08-08 00:31:00,
P008458,B006408,1,Debit Card,3892.8,Success,2026-02-13 00:31:00,
P008459,B006409,1,Credit Card,4688.4,Failed,2025-11-08 00:51:00,Technical Error
P008460,B006409,2,Apple Pay,4688.4,Success,2025-11-08 01:04:12,
P008461,B006410,1,Credit Card,3610.11,Success,2025-12-03 00:20:00,
P008462,B006411,1,Credit Card,3535.15,Success,2025-12-20 00:17:00,
P008463,B006412,1,Digital Wallet,515.59,Success,2026-04-16 00:56:00,
P008464,B006413,1,Debit Card,2635.75,Failed,2026-03-15 00:57:00,Payment Timeout
P008465,B006413,2,Credit Card,2635.75,Success,2026-03-15 01:06:17,
P008466,B006414,1,Digital Wallet,1401.21,Failed,2026-10-30 00:06:00,Fraud Check
P008467,B006414,2,Bank Transfer,1401.21,Failed,2026-10-30 00:18:29,Fraud Check
P008468,B006414,3,Apple Pay,1401.21,Success,2026-10-30 00:32:24,
P008469,B006415,1,Digital Wallet,1958.37,Success,2026-01-13 00:58:00,
P008470,B006416,1,Digital Wallet,4904.67,Failed,2026-02-20 00:40:00,Payment Timeout
P008471,B006416,2,Bank Transfer,4904.67,Success,2026-02-20 00:51:49,
P008472,B006417,1,Digital Wallet,884.76,Success,2025-09-22 00:35:00,
P008473,B006418,1,Debit Card,3751.19,Success,2025-09-15 00:07:00,
P008474,B006419,1,Digital Wallet,1278.25,Failed,2026-06-23 00:07:00,Payment Timeout
P008475,B006419,2,Digital Wallet,1278.25,Failed,2026-06-23 00:11:43,Technical Error
P008476,B006419,3,Debit Card,1278.25,Success,2026-06-23 00:13:31,
P008477,B006420,1,Bank Transfer,533.31,Success,2025-10-31 00:15:00,
P008478,B006421,1,Digital Wallet,2756.38,Failed,2025-09-13 00:19:00,Insufficient Funds
P008479,B006421,2,Credit Card,2756.38,Success,2025-09-13 00:22:56,
P008480,B006422,1,Bank Transfer,1225.47,Failed,2026-02-24 00:30:00,Fraud Check
P008481,B006422,2,Bank Transfer,1225.47,Failed,2026-02-24 00:35:35,Card Declined
P008482,B006422,3,Bank Transfer,1225.47,Success,2026-02-24 00:36:49,
P008483,B006423,1,Credit Card,4844.6,Success,2026-01-08 00:17:00,
P008484,B006424,1,Bank Transfer,1416.64,Success,2026-02-19 00:28:00,
P008485,B006425,1,Apple Pay,1364.16,Success,2025-10-17 00:16:00,
P008486,B006426,1,Bank Transfer,644.75,Failed,2026-02-05 00:47:00,Card Declined
P008487,B006426,2,Debit Card,644.75,Success,2026-02-05 00:48:12,
P008488,B006427,1,Bank Transfer,1984.19,Success,2026-06-11 01:00:00,
P008489,B006428,1,Digital Wallet,608.5,Success,2025-12-08 00:28:00,
P008490,B006429,1,Apple Pay,2744.99,Success,2026-01-25 00:10:00,
P008491,B006430,1,Digital Wallet,2775.25,Success,2026-10-17 00:09:00,
P008492,B006431,1,Apple Pay,739.59,Success,2026-02-10 00:37:00,
P008493,B006432,1,Credit Card,1580.28,Success,2026-02-01 00:44:00,
P008494,B006433,1,Apple Pay,4244.48,Success,2025-11-12 00:24:00,
P008495,B006434,1,Apple Pay,2581.45,Success,2026-02-26 00:34:00,
P008496,B006435,1,Debit Card,2455.75,Success,2026-09-05 00:17:00,
P008497,B006436,1,Apple Pay,3644.5,Success,2026-02-04 00:53:00,
P008498,B006437,1,Digital Wallet,3716.97,Success,2026-01-26 00:17:00,
P008499,B006438,1,Credit Card,3928.83,Success,2025-12-11 00:55:00,
P008500,B006439,1,Digital Wallet,4237.17,Success,2026-05-17 00:34:00,
P008501,B006440,1,Credit Card,1545.13,Success,2026-04-04 00:09:00,
P008502,B006441,1,Bank Transfer,798.71,Success,2026-02-17 00:31:00,
P008503,B006442,1,Debit Card,2211.19,Success,2026-05-20 00:55:00,
P008504,B006443,1,Digital Wallet,4347.94,Success,2026-06-23 00:52:00,
P008505,B006444,1,Digital Wallet,851.13,Success,2025-12-19 00:20:00,
P008506,B006445,1,Bank Transfer,3091.79,Success,2026-08-12 00:07:00,
P008507,B006446,1,Bank Transfer,3654.87,Success,2026-05-19 00:25:00,
P008508,B006447,1,Digital Wallet,2666.33,Failed,2026-07-16 00:38:00,Payment Timeout
P008509,B006447,2,Apple Pay,2666.33,Failed,2026-07-16 00:49:12,Insufficient Funds
P008510,B006447,3,Digital Wallet,2666.33,Success,2026-07-16 01:03:38,
P008511,B006448,1,Apple Pay,1648.29,Success,2026-04-15 00:23:00,
P008512,B006449,1,Apple Pay,1968.39,Success,2026-09-20 00:09:00,
P008513,B006450,1,Bank Transfer,822.43,Success,2026-01-09 00:52:00,
P008514,B006451,1,Digital Wallet,1816.63,Success,2026-06-07 00:39:00,
P008515,B006452,1,Apple Pay,699.7,Failed,2026-03-30 00:43:00,Insufficient Funds
P008516,B006452,2,Digital Wallet,699.7,Failed,2026-03-30 00:45:55,Fraud Check
P008517,B006452,3,Debit Card,699.7,Success,2026-03-30 00:57:05,
P008518,B006453,1,Apple Pay,3768.46,Failed,2025-11-07 00:20:00,Insufficient Funds
P008519,B006453,2,Credit Card,3768.46,Failed,2025-11-07 00:29:56,Card Declined
P008520,B006453,3,Apple Pay,3768.46,Success,2025-11-07 00:35:16,
P008521,B006454,1,Bank Transfer,4540.98,Success,2025-12-05 00:22:00,
P008522,B006455,1,Credit Card,3350.81,Success,2025-10-31 00:08:00,
P008523,B006456,1,Credit Card,3455.16,Failed,2026-09-08 00:15:00,Payment Timeout
P008524,B006456,2,Bank Transfer,3455.16,Success,2026-09-08 00:25:24,
P008525,B006457,1,Bank Transfer,2624.64,Success,2026-05-08 00:21:00,
P008526,B006458,1,Apple Pay,1202.16,Success,2026-02-11 00:33:00,
P008527,B006459,1,Debit Card,534.76,Success,2026-07-19 00:33:00,
P008528,B006460,1,Digital Wallet,2047.89,Success,2026-06-06 00:22:00,
P008529,B006461,1,Apple Pay,3881.7,Success,2026-08-09 00:49:00,
P008530,B006462,1,Apple Pay,4821.94,Success,2026-09-19 00:47:00,
P008531,B006463,1,Digital Wallet,2439.88,Failed,2026-01-13 00:36:00,Insufficient Funds
P008532,B006463,2,Digital Wallet,2439.88,Success,2026-01-13 00:44:49,
P008533,B006464,1,Debit Card,2144.26,Failed,2025-12-02 01:00:00,Card Declined
P008534,B006464,2,Digital Wallet,2144.26,Failed,2025-12-02 01:12:26,Insufficient Funds
P008535,B006464,3,Credit Card,2144.26,Success,2025-12-02 01:21:40,
P008536,B006465,1,Digital Wallet,2506.81,Success,2026-09-14 00:26:00,
P008537,B006466,1,Bank Transfer,2424.99,Failed,2025-11-30 00:24:00,Fraud Check
P008538,B006466,2,Credit Card,2424.99,Failed,2025-11-30 00:31:41,Insufficient Funds
P008539,B006466,3,Credit Card,2424.99,Success,2025-11-30 00:44:27,
P008540,B006467,1,Apple Pay,3316.46,Success,2025-11-23 00:27:00,
P008541,B006468,1,Debit Card,3803.66,Failed,2026-03-03 01:00:00,Card Declined
P008542,B006468,2,Debit Card,3803.66,Failed,2026-03-03 01:14:14,Payment Timeout
P008543,B006468,3,Bank Transfer,3803.66,Success,2026-03-03 01:26:44,
P008544,B006469,1,Digital Wallet,4032.31,Failed,2026-04-13 00:31:00,Insufficient Funds
P008545,B006469,2,Bank Transfer,4032.31,Success,2026-04-13 00:44:24,
P008546,B006470,1,Debit Card,3423.22,Failed,2025-11-25 00:13:00,Fraud Check
P008547,B006470,2,Bank Transfer,3423.22,Success,2025-11-25 00:17:19,
P008548,B006471,1,Bank Transfer,2469.76,Success,2026-09-11 00:30:00,
P008549,B006472,1,Debit Card,4775.47,Failed,2026-03-15 00:05:00,Payment Timeout
P008550,B006472,2,Bank Transfer,4775.47,Success,2026-03-15 00:06:26,
P008551,B006473,1,Credit Card,3699.59,Failed,2025-12-20 00:12:00,Payment Timeout
P008552,B006473,2,Bank Transfer,3699.59,Success,2025-12-20 00:20:30,
P008553,B006474,1,Apple Pay,2419.96,Success,2026-03-24 00:36:00,
P008554,B006475,1,Apple Pay,2509.62,Failed,2026-02-01 00:49:00,Card Declined
P008555,B006475,2,Credit Card,2509.62,Success,2026-02-01 01:02:48,
P008556,B006476,1,Bank Transfer,4180.91,Success,2026-05-29 00:07:00,
P008557,B006477,1,Apple Pay,2482.43,Success,2025-10-16 00:08:00,
P008558,B006478,1,Digital Wallet,2823.23,Success,2026-07-27 01:00:00,
P008559,B006479,1,Digital Wallet,1811.99,Success,2026-11-08 00:41:00,
P008560,B006480,1,Credit Card,4275.12,Success,2026-04-30 00:33:00,
P008561,B006481,1,Bank Transfer,2850.28,Success,2026-01-13 00:54:00,
P008562,B006482,1,Credit Card,2986.41,Success,2025-12-10 01:00:00,
P008563,B006483,1,Credit Card,4463.04,Success,2025-12-15 00:21:00,
P008564,B006484,1,Credit Card,4642.33,Success,2025-10-05 00:37:00,
P008565,B006485,1,Credit Card,4208.87,Success,2026-06-20 00:08:00,
P008566,B006486,1,Digital Wallet,794.17,Success,2026-03-29 00:20:00,
P008567,B006487,1,Credit Card,2495.79,Success,2026-09-02 00:25:00,
P008568,B006488,1,Digital Wallet,2044.99,Success,2026-07-07 00:45:00,
P008569,B006489,1,Digital Wallet,1460.82,Success,2025-12-18 00:39:00,
P008570,B006490,1,Credit Card,4590.29,Success,2026-09-03 00:52:00,
P008571,B006491,1,Apple Pay,4505.31,Success,2026-06-06 00:25:00,
P008572,B006492,1,Credit Card,2593.84,Failed,2026-04-03 00:44:00,Insufficient Funds
P008573,B006492,2,Digital Wallet,2593.84,Success,2026-04-03 00:50:56,
P008574,B006493,1,Debit Card,1105.52,Success,2026-05-10 00:26:00,
P008575,B006494,1,Digital Wallet,560.15,Failed,2026-01-24 00:14:00,Fraud Check
P008576,B006494,2,Apple Pay,560.15,Success,2026-01-24 00:21:22,
P008577,B006495,1,Digital Wallet,2473.1,Success,2026-10-31 00:10:00,
P008578,B006496,1,Bank Transfer,679.8,Success,2026-11-20 00:13:00,
P008579,B006497,1,Bank Transfer,3243.0,Success,2026-02-24 00:40:00,
P008580,B006498,1,Apple Pay,3237.84,Failed,2026-03-07 00:58:00,Payment Timeout
P008581,B006498,2,Digital Wallet,3237.84,Success,2026-03-07 00:59:30,
P008582,B006499,1,Bank Transfer,4545.23,Success,2026-04-29 00:48:00,
P008583,B006500,1,Digital Wallet,1355.22,Success,2026-07-16 00:38:00,
P008584,B006501,1,Credit Card,2171.27,Success,2026-01-29 00:13:00,
P008585,B006502,1,Credit Card,4367.95,Success,2026-10-09 00:59:00,
P008586,B006503,1,Digital Wallet,2634.33,Failed,2026-03-03 00:24:00,Payment Timeout
P008587,B006503,2,Apple Pay,2634.33,Success,2026-03-03 00:38:26,
P008588,B006504,1,Debit Card,768.75,Success,2026-08-08 00:33:00,
P008589,B006505,1,Debit Card,998.53,Success,2025-10-25 00:57:00,
P008590,B006506,1,Digital Wallet,4160.55,Success,2026-06-01 00:12:00,
P008591,B006507,1,Debit Card,3846.64,Failed,2026-09-10 00:36:00,Payment Timeout
P008592,B006507,2,Credit Card,3846.64,Success,2026-09-10 00:39:46,
P008593,B006508,1,Credit Card,4441.47,Success,2026-09-03 00:37:00,
P008594,B006509,1,Bank Transfer,1034.88,Failed,2025-12-11 00:10:00,Technical Error
P008595,B006509,2,Bank Transfer,1034.88,Success,2025-12-11 00:23:29,
P008596,B006510,1,Digital Wallet,3921.88,Success,2026-04-01 00:06:00,
P008597,B006511,1,Debit Card,3447.97,Success,2026-01-27 00:08:00,
P008598,B006512,1,Credit Card,1545.32,Success,2026-05-29 00:57:00,
P008599,B006513,1,Debit Card,4882.57,Failed,2026-02-26 00:42:00,Technical Error
P008600,B006513,2,Debit Card,4882.57,Failed,2026-02-26 00:49:22,Payment Timeout
P008601,B006513,3,Bank Transfer,4882.57,Success,2026-02-26 00:58:35,
P008602,B006514,1,Credit Card,3066.6,Success,2025-08-29 00:57:00,
P008603,B006515,1,Bank Transfer,4580.95,Success,2025-12-29 00:14:00,
P008604,B006516,1,Digital Wallet,4365.92,Success,2026-01-02 00:44:00,
P008605,B006517,1,Debit Card,1999.06,Success,2026-03-10 00:11:00,
P008606,B006518,1,Debit Card,2911.81,Success,2026-04-17 00:39:00,
P008607,B006519,1,Bank Transfer,2441.16,Failed,2026-05-13 00:24:00,Insufficient Funds
P008608,B006519,2,Credit Card,2441.16,Success,2026-05-13 00:26:57,
P008609,B006520,1,Credit Card,3690.85,Success,2025-08-24 00:30:00,
P008610,B006521,1,Debit Card,3146.19,Success,2025-12-09 00:47:00,
P008611,B006522,1,Credit Card,4031.84,Success,2026-10-25 00:51:00,
P008612,B006523,1,Bank Transfer,552.89,Success,2025-12-15 00:11:00,
P008613,B006524,1,Apple Pay,3595.07,Success,2026-03-07 00:46:00,
P008614,B006525,1,Apple Pay,1935.79,Success,2026-05-11 00:42:00,
P008615,B006526,1,Apple Pay,1509.0,Success,2026-12-09 00:33:00,
P008616,B006527,1,Digital Wallet,4105.59,Failed,2026-11-26 00:33:00,Insufficient Funds
P008617,B006527,2,Bank Transfer,4105.59,Success,2026-11-26 00:38:54,
P008618,B006528,1,Credit Card,901.5,Success,2026-06-20 00:56:00,
P008619,B006529,1,Bank Transfer,1528.07,Failed,2025-12-24 00:10:00,Fraud Check
P008620,B006529,2,Credit Card,1528.07,Success,2025-12-24 00:15:13,
P008621,B006530,1,Bank Transfer,1416.8,Success,2026-07-28 00:51:00,
P008622,B006531,1,Debit Card,2389.21,Failed,2026-04-25 00:49:00,Payment Timeout
P008623,B006531,2,Debit Card,2389.21,Success,2026-04-25 00:52:24,
P008624,B006532,1,Apple Pay,1950.52,Success,2025-12-07 00:39:00,
P008625,B006533,1,Digital Wallet,3742.11,Success,2026-08-29 00:21:00,
P008626,B006534,1,Apple Pay,3647.16,Success,2026-06-22 00:49:00,
P008627,B006535,1,Bank Transfer,1964.62,Success,2025-11-17 00:14:00,
P008628,B006536,1,Digital Wallet,2466.41,Success,2026-01-17 00:25:00,
P008629,B006537,1,Debit Card,1435.59,Failed,2026-05-08 00:52:00,Payment Timeout
P008630,B006537,2,Apple Pay,1435.59,Success,2026-05-08 01:04:41,
P008631,B006538,1,Bank Transfer,3518.76,Success,2025-12-15 00:52:00,
P008632,B006539,1,Bank Transfer,2283.0,Success,2026-05-21 00:26:00,
P008633,B006540,1,Apple Pay,1097.72,Success,2026-04-20 00:17:00,
P008634,B006541,1,Credit Card,1072.69,Failed,2026-06-07 00:13:00,Technical Error
P008635,B006541,2,Debit Card,1072.69,Success,2026-06-07 00:26:36,
P008636,B006542,1,Apple Pay,1950.44,Failed,2026-01-05 00:20:00,Payment Timeout
P008637,B006542,2,Digital Wallet,1950.44,Success,2026-01-05 00:23:47,
P008638,B006543,1,Debit Card,3862.96,Success,2026-11-04 00:08:00,
P008639,B006544,1,Credit Card,614.77,Success,2026-02-13 00:13:00,
P008640,B006545,1,Debit Card,1659.99,Failed,2026-09-22 00:41:00,Technical Error
P008641,B006545,2,Apple Pay,1659.99,Failed,2026-09-22 00:50:27,Fraud Check
P008642,B006545,3,Credit Card,1659.99,Success,2026-09-22 00:57:11,
P008643,B006546,1,Digital Wallet,1231.19,Success,2025-11-30 00:33:00,
P008644,B006547,1,Apple Pay,4804.15,Failed,2026-07-23 00:11:00,Fraud Check
P008645,B006547,2,Apple Pay,4804.15,Success,2026-07-23 00:12:30,
P008646,B006548,1,Bank Transfer,3673.77,Success,2026-03-08 00:35:00,
P008647,B006549,1,Digital Wallet,1549.55,Success,2026-01-14 00:09:00,
P008648,B006550,1,Debit Card,1433.57,Failed,2026-02-27 00:58:00,Insufficient Funds
P008649,B006550,2,Debit Card,1433.57,Failed,2026-02-27 01:08:49,Payment Timeout
P008650,B006550,3,Bank Transfer,1433.57,Success,2026-02-27 01:20:22,
P008651,B006551,1,Bank Transfer,4361.14,Success,2026-07-14 00:32:00,
P008652,B006552,1,Debit Card,1356.02,Success,2026-11-25 00:13:00,
P008653,B006553,1,Digital Wallet,4986.77,Success,2026-05-04 00:22:00,
P008654,B006554,1,Apple Pay,1770.36,Success,2025-12-01 00:49:00,
P008655,B006555,1,Bank Transfer,879.5,Success,2026-05-04 00:14:00,
P008656,B006556,1,Credit Card,3609.24,Success,2026-01-06 00:57:00,
P008657,B006557,1,Credit Card,3243.39,Success,2026-01-10 00:10:00,
P008658,B006558,1,Bank Transfer,4999.2,Success,2026-10-11 01:00:00,
P008659,B006559,1,Digital Wallet,4109.39,Success,2026-05-24 00:35:00,
P008660,B006560,1,Digital Wallet,2429.76,Success,2025-11-05 00:32:00,
P008661,B006561,1,Credit Card,3544.75,Success,2025-11-07 00:07:00,
P008662,B006562,1,Debit Card,4180.32,Success,2026-06-27 00:06:00,
P008663,B006563,1,Digital Wallet,2811.77,Failed,2026-04-10 00:06:00,Card Declined
P008664,B006563,2,Credit Card,2811.77,Success,2026-04-10 00:18:25,
P008665,B006564,1,Digital Wallet,1727.92,Failed,2025-10-10 00:08:00,Payment Timeout
P008666,B006564,2,Apple Pay,1727.92,Success,2025-10-10 00:10:33,
P008667,B006565,1,Apple Pay,1445.48,Success,2026-01-28 00:06:00,
P008668,B006566,1,Bank Transfer,1828.77,Failed,2026-04-11 00:51:00,Payment Timeout
P008669,B006566,2,Bank Transfer,1828.77,Failed,2026-04-11 00:59:39,Payment Timeout
P008670,B006566,3,Bank Transfer,1828.77,Success,2026-04-11 01:13:17,
P008671,B006567,1,Digital Wallet,4316.31,Success,2026-04-12 00:45:00,
P008672,B006568,1,Digital Wallet,2211.95,Success,2026-06-24 00:27:00,
P008673,B006569,1,Bank Transfer,1789.99,Success,2026-01-08 00:12:00,
P008674,B006570,1,Digital Wallet,4126.49,Failed,2025-11-24 00:38:00,Payment Timeout
P008675,B006570,2,Debit Card,4126.49,Success,2025-11-24 00:48:37,
P008676,B006571,1,Apple Pay,643.64,Success,2025-08-12 00:38:00,
P008677,B006572,1,Bank Transfer,3172.81,Success,2026-06-09 00:56:00,
P008678,B006573,1,Bank Transfer,4431.34,Success,2026-05-29 00:08:00,
P008679,B006574,1,Digital Wallet,2345.38,Success,2026-03-14 00:34:00,
P008680,B006575,1,Debit Card,1711.93,Success,2026-07-22 00:23:00,
P008681,B006576,1,Bank Transfer,2712.69,Success,2026-11-20 00:59:00,
P008682,B006577,1,Debit Card,3728.65,Failed,2026-06-21 00:15:00,Insufficient Funds
P008683,B006577,2,Bank Transfer,3728.65,Success,2026-06-21 00:25:48,
P008684,B006578,1,Apple Pay,2824.73,Success,2026-08-12 00:24:00,
P008685,B006579,1,Credit Card,534.38,Success,2026-08-01 00:17:00,
P008686,B006580,1,Digital Wallet,852.46,Success,2026-02-03 01:00:00,
P008687,B006581,1,Digital Wallet,3745.98,Success,2025-12-13 00:57:00,
P008688,B006582,1,Digital Wallet,2299.78,Success,2026-04-05 00:46:00,
P008689,B006583,1,Bank Transfer,4031.49,Failed,2026-03-28 00:33:00,Fraud Check
P008690,B006583,2,Digital Wallet,4031.49,Success,2026-03-28 00:43:58,
P008691,B006584,1,Digital Wallet,3422.7,Success,2026-07-06 00:48:00,
P008692,B006585,1,Bank Transfer,3116.82,Success,2026-11-02 00:49:00,
P008693,B006586,1,Debit Card,4556.19,Success,2026-07-29 00:17:00,
P008694,B006587,1,Apple Pay,595.95,Failed,2025-12-16 00:45:00,Insufficient Funds
P008695,B006587,2,Apple Pay,595.95,Success,2025-12-16 00:58:38,
P008696,B006588,1,Debit Card,1197.65,Failed,2025-08-17 00:11:00,Fraud Check
P008697,B006588,2,Bank Transfer,1197.65,Success,2025-08-17 00:23:37,
P008698,B006589,1,Digital Wallet,3309.69,Success,2026-04-05 00:15:00,
P008699,B006590,1,Apple Pay,796.23,Success,2026-07-13 00:14:00,
P008700,B006591,1,Credit Card,3402.37,Success,2026-08-23 00:37:00,
P008701,B006592,1,Debit Card,4928.54,Success,2026-01-30 00:47:00,
P008702,B006593,1,Apple Pay,4454.64,Success,2026-04-03 00:45:00,
P008703,B006594,1,Credit Card,3159.13,Success,2025-11-16 00:41:00,
P008704,B006595,1,Debit Card,4522.9,Success,2026-09-22 00:14:00,
P008705,B006596,1,Bank Transfer,1023.21,Success,2025-11-23 00:45:00,
P008706,B006597,1,Credit Card,2546.12,Success,2026-09-04 00:14:00,
P008707,B006598,1,Apple Pay,2429.04,Success,2026-01-21 00:23:00,
P008708,B006599,1,Apple Pay,2014.01,Success,2026-08-03 00:55:00,
P008709,B006600,1,Credit Card,500.91,Success,2026-05-06 00:54:00,
P008710,B006601,1,Apple Pay,4509.63,Failed,2026-03-24 00:55:00,Insufficient Funds
P008711,B006601,2,Credit Card,4509.63,Success,2026-03-24 01:07:20,
P008712,B006602,1,Debit Card,3999.68,Success,2026-01-07 00:28:00,
P008713,B006603,1,Bank Transfer,3437.86,Success,2026-04-20 00:58:00,
P008714,B006604,1,Apple Pay,1080.35,Success,2026-06-04 00:09:00,
P008715,B006605,1,Bank Transfer,2201.92,Success,2026-09-19 00:54:00,
P008716,B006606,1,Credit Card,4659.47,Success,2026-02-03 00:25:00,
P008717,B006607,1,Debit Card,3276.18,Success,2026-01-03 00:19:00,
P008718,B006608,1,Credit Card,3215.35,Success,2026-08-07 00:32:00,
P008719,B006609,1,Credit Card,4609.07,Success,2026-11-03 00:22:00,
P008720,B006610,1,Bank Transfer,3019.25,Failed,2026-09-21 00:48:00,Fraud Check
P008721,B006610,2,Apple Pay,3019.25,Success,2026-09-21 00:52:43,
P008722,B006611,1,Bank Transfer,3189.3,Success,2026-08-16 00:29:00,
P008723,B006612,1,Credit Card,2055.72,Success,2026-08-10 00:29:00,
P008724,B006613,1,Bank Transfer,2171.48,Success,2026-06-23 00:32:00,
P008725,B006614,1,Apple Pay,3585.23,Success,2025-11-09 00:13:00,
P008726,B006615,1,Digital Wallet,1941.96,Success,2026-10-26 00:30:00,
P008727,B006616,1,Debit Card,3015.99,Failed,2026-08-24 00:43:00,Fraud Check
P008728,B006616,2,Digital Wallet,3015.99,Success,2026-08-24 00:54:14,
P008729,B006617,1,Apple Pay,1756.39,Success,2026-08-08 00:49:00,
P008730,B006618,1,Credit Card,1247.56,Success,2026-07-19 00:18:00,
P008731,B006619,1,Debit Card,2544.81,Success,2026-04-28 00:46:00,
P008732,B006620,1,Apple Pay,1478.51,Success,2026-03-04 00:15:00,
P008733,B006621,1,Credit Card,4543.22,Success,2026-01-22 00:58:00,
P008734,B006622,1,Apple Pay,1866.26,Success,2026-02-22 00:51:00,
P008735,B006623,1,Debit Card,3188.31,Success,2026-05-24 00:54:00,
P008736,B006624,1,Bank Transfer,1685.49,Success,2026-10-20 00:53:00,
P008737,B006625,1,Credit Card,1661.09,Success,2026-11-24 00:37:00,
P008738,B006626,1,Credit Card,2077.86,Success,2026-02-18 00:37:00,
P008739,B006627,1,Apple Pay,4621.44,Success,2026-02-03 00:51:00,
P008740,B006628,1,Debit Card,2261.74,Success,2026-08-12 00:55:00,
P008741,B006629,1,Credit Card,4195.7,Success,2026-07-14 00:56:00,
P008742,B006630,1,Bank Transfer,1387.84,Success,2026-04-19 00:59:00,
P008743,B006631,1,Digital Wallet,716.76,Success,2026-05-23 00:21:00,
P008744,B006632,1,Debit Card,4017.55,Failed,2026-05-29 00:19:00,Payment Timeout
P008745,B006632,2,Bank Transfer,4017.55,Failed,2026-05-29 00:33:23,Insufficient Funds
P008746,B006632,3,Bank Transfer,4017.55,Success,2026-05-29 00:36:15,
P008747,B006633,1,Apple Pay,2938.44,Success,2026-04-17 00:08:00,
P008748,B006634,1,Apple Pay,2766.77,Success,2026-08-12 00:22:00,
P008749,B006635,1,Apple Pay,1724.93,Failed,2026-06-02 00:07:00,Card Declined
P008750,B006635,2,Credit Card,1724.93,Failed,2026-06-02 00:10:10,Technical Error
P008751,B006635,3,Bank Transfer,1724.93,Success,2026-06-02 00:23:59,
P008752,B006636,1,Debit Card,825.43,Success,2026-01-25 00:05:00,
P008753,B006637,1,Bank Transfer,2672.87,Success,2026-01-15 00:13:00,
P008754,B006638,1,Digital Wallet,4402.52,Success,2025-12-10 00:46:00,
P008755,B006639,1,Digital Wallet,1040.1,Success,2025-08-31 00:48:00,
P008756,B006640,1,Apple Pay,4681.27,Success,2026-01-21 00:05:00,
P008757,B006641,1,Credit Card,1736.28,Failed,2026-04-10 01:00:00,Technical Error
P008758,B006641,2,Debit Card,1736.28,Failed,2026-04-10 01:04:10,Insufficient Funds
P008759,B006641,3,Debit Card,1736.28,Success,2026-04-10 01:09:36,
P008760,B006642,1,Digital Wallet,2894.84,Failed,2026-02-18 01:00:00,Insufficient Funds
P008761,B006642,2,Apple Pay,2894.84,Failed,2026-02-18 01:05:35,Insufficient Funds
P008762,B006642,3,Bank Transfer,2894.84,Success,2026-02-18 01:09:13,
P008763,B006643,1,Bank Transfer,799.29,Failed,2026-04-05 00:27:00,Card Declined
P008764,B006643,2,Bank Transfer,799.29,Failed,2026-04-05 00:40:37,Fraud Check
P008765,B006643,3,Apple Pay,799.29,Success,2026-04-05 00:50:52,
P008766,B006644,1,Digital Wallet,2412.71,Success,2026-08-30 00:07:00,
P008767,B006645,1,Credit Card,1066.54,Success,2026-08-22 00:10:00,
P008768,B006646,1,Credit Card,715.88,Failed,2026-08-13 00:47:00,Fraud Check
P008769,B006646,2,Digital Wallet,715.88,Failed,2026-08-13 00:52:37,Technical Error
P008770,B006646,3,Digital Wallet,715.88,Success,2026-08-13 00:54:11,
P008771,B006647,1,Debit Card,4849.51,Success,2026-09-08 00:47:00,
P008772,B006648,1,Apple Pay,3785.43,Success,2026-01-22 00:10:00,
P008773,B006649,1,Debit Card,3735.76,Failed,2026-05-21 00:23:00,Card Declined
P008774,B006649,2,Credit Card,3735.76,Success,2026-05-21 00:28:50,
P008775,B006650,1,Bank Transfer,907.47,Failed,2026-10-13 00:39:00,Payment Timeout
P008776,B006650,2,Bank Transfer,907.47,Success,2026-10-13 00:44:33,
P008777,B006651,1,Bank Transfer,4682.08,Failed,2025-12-31 00:07:00,Insufficient Funds
P008778,B006651,2,Digital Wallet,4682.08,Success,2025-12-31 00:13:42,
P008779,B006652,1,Bank Transfer,2612.61,Success,2026-01-27 00:14:00,
P008780,B006653,1,Debit Card,4335.28,Failed,2026-01-19 00:44:00,Insufficient Funds
P008781,B006653,2,Bank Transfer,4335.28,Success,2026-01-19 00:54:59,
P008782,B006654,1,Digital Wallet,556.7,Success,2026-05-25 00:23:00,
P008783,B006655,1,Debit Card,1841.93,Success,2026-11-14 00:44:00,
P008784,B006656,1,Credit Card,4982.21,Success,2026-03-06 00:18:00,
P008785,B006657,1,Credit Card,2425.27,Success,2025-11-12 00:33:00,
P008786,B006658,1,Bank Transfer,4498.22,Success,2026-02-16 00:08:00,
P008787,B006659,1,Apple Pay,1975.99,Success,2025-10-16 00:40:00,
P008788,B006660,1,Debit Card,2863.98,Success,2026-12-01 00:54:00,
P008789,B006661,1,Debit Card,4343.99,Failed,2026-06-03 01:00:00,Insufficient Funds
P008790,B006661,2,Bank Transfer,4343.99,Failed,2026-06-03 01:03:36,Payment Timeout
P008791,B006661,3,Credit Card,4343.99,Success,2026-06-03 01:16:52,
P008792,B006662,1,Apple Pay,3226.19,Success,2026-04-14 00:51:00,
P008793,B006663,1,Bank Transfer,3763.37,Success,2026-02-13 00:05:00,
P008794,B006664,1,Debit Card,1529.75,Success,2026-01-15 00:57:00,
P008795,B006665,1,Debit Card,1201.51,Failed,2025-12-15 00:13:00,Payment Timeout
P008796,B006665,2,Debit Card,1201.51,Failed,2025-12-15 00:26:14,Fraud Check
P008797,B006665,3,Debit Card,1201.51,Success,2025-12-15 00:38:02,
P008798,B006666,1,Bank Transfer,1536.38,Success,2026-05-02 00:15:00,
P008799,B006667,1,Credit Card,2718.72,Success,2026-05-27 00:44:00,
P008800,B006668,1,Apple Pay,4104.34,Success,2026-09-01 00:53:00,
P008801,B006669,1,Debit Card,2092.97,Success,2026-03-09 00:56:00,
P008802,B006670,1,Debit Card,3041.67,Failed,2026-01-25 00:39:00,Payment Timeout
P008803,B006670,2,Credit Card,3041.67,Success,2026-01-25 00:46:22,
P008804,B006671,1,Digital Wallet,4121.66,Success,2026-07-10 01:00:00,
P008805,B006672,1,Apple Pay,1574.49,Success,2026-02-19 00:44:00,
P008806,B006673,1,Debit Card,4473.39,Success,2026-07-30 00:32:00,
P008807,B006674,1,Apple Pay,4788.87,Success,2025-11-19 00:06:00,
P008808,B006675,1,Debit Card,675.37,Success,2026-02-28 00:44:00,
P008809,B006676,1,Debit Card,766.0,Success,2026-01-08 00:42:00,
P008810,B006677,1,Apple Pay,909.32,Success,2025-10-31 00:40:00,
P008811,B006678,1,Digital Wallet,3995.46,Success,2026-01-03 00:52:00,
P008812,B006679,1,Credit Card,1352.02,Success,2026-09-25 01:00:00,
P008813,B006680,1,Apple Pay,3765.63,Success,2026-06-13 00:16:00,
P008814,B006681,1,Bank Transfer,2485.74,Success,2026-07-22 00:50:00,
P008815,B006682,1,Digital Wallet,4263.15,Success,2026-02-04 00:05:00,
P008816,B006683,1,Bank Transfer,4138.5,Failed,2026-10-07 00:26:00,Card Declined
P008817,B006683,2,Debit Card,4138.5,Success,2026-10-07 00:32:28,
P008818,B006684,1,Credit Card,4818.48,Success,2026-04-16 00:55:00,
P008819,B006685,1,Apple Pay,1629.67,Success,2026-08-05 00:32:00,
P008820,B006686,1,Bank Transfer,1531.58,Success,2026-10-29 00:40:00,
P008821,B006687,1,Digital Wallet,641.79,Success,2026-06-28 00:48:00,
P008822,B006688,1,Digital Wallet,2346.87,Failed,2025-12-02 00:47:00,Technical Error
P008823,B006688,2,Apple Pay,2346.87,Failed,2025-12-02 00:49:29,Card Declined
P008824,B006688,3,Bank Transfer,2346.87,Success,2025-12-02 00:55:20,
P008825,B006689,1,Bank Transfer,2565.78,Success,2026-03-08 00:19:00,
P008826,B006690,1,Bank Transfer,4840.31,Success,2026-04-28 00:56:00,
P008827,B006691,1,Credit Card,4238.53,Failed,2026-01-01 00:09:00,Insufficient Funds
P008828,B006691,2,Credit Card,4238.53,Failed,2026-01-01 00:20:47,Insufficient Funds
P008829,B006691,3,Digital Wallet,4238.53,Success,2026-01-01 00:22:21,
P008830,B006692,1,Apple Pay,1250.56,Failed,2026-01-29 00:09:00,Insufficient Funds
P008831,B006692,2,Debit Card,1250.56,Failed,2026-01-29 00:22:26,Payment Timeout
P008832,B006692,3,Credit Card,1250.56,Success,2026-01-29 00:25:39,
P008833,B006693,1,Debit Card,4093.2,Success,2025-12-16 00:40:00,
P008834,B006694,1,Debit Card,1302.35,Success,2025-10-14 00:24:00,
P008835,B006695,1,Bank Transfer,849.94,Success,2026-05-05 00:54:00,
P008836,B006696,1,Apple Pay,4266.87,Success,2025-08-10 00:42:00,
P008837,B006697,1,Apple Pay,4891.82,Success,2026-06-23 00:24:00,
P008838,B006698,1,Credit Card,896.53,Success,2026-02-13 00:51:00,
P008839,B006699,1,Bank Transfer,4162.66,Failed,2026-08-21 00:51:00,Card Declined
P008840,B006699,2,Digital Wallet,4162.66,Success,2026-08-21 01:02:44,
P008841,B006700,1,Debit Card,4366.46,Success,2026-02-25 00:38:00,
P008842,B006701,1,Bank Transfer,1034.4,Failed,2025-11-25 00:59:00,Insufficient Funds
P008843,B006701,2,Apple Pay,1034.4,Success,2025-11-25 01:08:33,
P008844,B006702,1,Credit Card,1774.64,Failed,2025-09-17 00:37:00,Insufficient Funds
P008845,B006702,2,Debit Card,1774.64,Success,2025-09-17 00:44:39,
P008846,B006703,1,Apple Pay,3801.47,Failed,2026-02-07 00:47:00,Technical Error
P008847,B006703,2,Digital Wallet,3801.47,Failed,2026-02-07 00:53:52,Insufficient Funds
P008848,B006703,3,Apple Pay,3801.47,Success,2026-02-07 01:00:24,
P008849,B006704,1,Digital Wallet,4134.79,Success,2026-04-23 00:41:00,
P008850,B006705,1,Apple Pay,2092.88,Failed,2026-01-25 00:16:00,Insufficient Funds
P008851,B006705,2,Apple Pay,2092.88,Success,2026-01-25 00:27:50,
P008852,B006706,1,Credit Card,1219.68,Success,2026-07-04 00:28:00,
P008853,B006707,1,Debit Card,3417.55,Success,2026-04-14 00:12:00,
P008854,B006708,1,Digital Wallet,3658.86,Failed,2026-03-01 00:56:00,Insufficient Funds
P008855,B006708,2,Credit Card,3658.86,Success,2026-03-01 01:02:55,
P008856,B006709,1,Bank Transfer,2766.24,Failed,2025-12-10 00:42:00,Fraud Check
P008857,B006709,2,Apple Pay,2766.24,Success,2025-12-10 00:52:41,
P008858,B006710,1,Bank Transfer,1152.23,Success,2026-03-24 00:18:00,
P008859,B006711,1,Credit Card,4300.19,Success,2026-08-02 00:19:00,
P008860,B006712,1,Debit Card,3403.7,Success,2026-03-05 00:42:00,
P008861,B006713,1,Apple Pay,4411.24,Success,2026-04-19 00:45:00,
P008862,B006714,1,Credit Card,4698.36,Success,2025-12-30 00:56:00,
P008863,B006715,1,Apple Pay,4125.64,Success,2026-08-15 00:56:00,
P008864,B006716,1,Apple Pay,4813.96,Failed,2025-10-20 00:33:00,Card Declined
P008865,B006716,2,Digital Wallet,4813.96,Success,2025-10-20 00:36:24,
P008866,B006717,1,Apple Pay,4794.16,Success,2026-08-11 00:41:00,
P008867,B006718,1,Credit Card,3287.05,Success,2026-09-07 00:21:00,
P008868,B006719,1,Apple Pay,3776.78,Failed,2026-06-27 00:50:00,Technical Error
P008869,B006719,2,Apple Pay,3776.78,Success,2026-06-27 01:01:42,
P008870,B006720,1,Digital Wallet,3647.34,Success,2026-04-21 00:38:00,
P008871,B006721,1,Digital Wallet,3295.11,Success,2026-10-02 00:48:00,
P008872,B006722,1,Apple Pay,587.1,Success,2026-10-11 00:37:00,
P008873,B006723,1,Debit Card,2101.58,Success,2026-08-02 00:36:00,
P008874,B006724,1,Digital Wallet,950.35,Failed,2026-01-19 00:15:00,Card Declined
P008875,B006724,2,Digital Wallet,950.35,Success,2026-01-19 00:16:37,
P008876,B006725,1,Bank Transfer,1851.17,Failed,2026-03-09 00:59:00,Fraud Check
P008877,B006725,2,Digital Wallet,1851.17,Success,2026-03-09 01:06:27,
P008878,B006726,1,Apple Pay,808.54,Success,2026-06-07 00:20:00,
P008879,B006727,1,Apple Pay,4640.14,Success,2025-12-12 00:36:00,
P008880,B006728,1,Credit Card,2530.98,Success,2026-07-24 00:36:00,
P008881,B006729,1,Credit Card,1352.14,Success,2026-08-25 00:57:00,
P008882,B006730,1,Bank Transfer,3131.51,Success,2026-04-13 00:35:00,
P008883,B006731,1,Bank Transfer,1384.03,Failed,2026-02-19 00:29:00,Card Declined
P008884,B006731,2,Digital Wallet,1384.03,Success,2026-02-19 00:43:57,
P008885,B006732,1,Apple Pay,4119.98,Success,2026-11-24 00:33:00,
P008886,B006733,1,Digital Wallet,1876.64,Success,2025-11-27 00:51:00,
P008887,B006734,1,Credit Card,1917.05,Success,2025-11-29 00:38:00,
P008888,B006735,1,Digital Wallet,4414.78,Success,2026-05-19 00:32:00,
P008889,B006736,1,Digital Wallet,3016.41,Success,2026-07-05 00:48:00,
P008890,B006737,1,Bank Transfer,4492.86,Success,2026-01-01 00:08:00,
P008891,B006738,1,Debit Card,2358.0,Success,2026-01-19 00:24:00,
P008892,B006739,1,Digital Wallet,2047.67,Failed,2025-11-15 00:48:00,Insufficient Funds
P008893,B006739,2,Apple Pay,2047.67,Success,2025-11-15 00:57:22,
P008894,B006740,1,Digital Wallet,2777.91,Success,2025-09-05 00:36:00,
P008895,B006741,1,Bank Transfer,776.71,Success,2026-11-18 00:33:00,
P008896,B006742,1,Digital Wallet,1193.9,Success,2026-01-20 00:09:00,
P008897,B006743,1,Credit Card,1487.85,Failed,2025-12-26 00:55:00,Insufficient Funds
P008898,B006743,2,Credit Card,1487.85,Success,2025-12-26 01:01:10,
P008899,B006744,1,Debit Card,4175.05,Failed,2026-01-15 00:10:00,Fraud Check
P008900,B006744,2,Digital Wallet,4175.05,Success,2026-01-15 00:11:46,
P008901,B006745,1,Digital Wallet,3802.09,Success,2025-12-25 00:07:00,
P008902,B006746,1,Digital Wallet,1369.88,Success,2026-06-29 00:59:00,
P008903,B006747,1,Digital Wallet,1745.36,Success,2026-01-22 00:19:00,
P008904,B006748,1,Bank Transfer,4749.18,Success,2026-05-18 00:15:00,
P008905,B006749,1,Apple Pay,886.11,Failed,2026-09-21 00:56:00,Insufficient Funds
P008906,B006749,2,Digital Wallet,886.11,Success,2026-09-21 01:02:39,
P008907,B006750,1,Bank Transfer,2963.55,Success,2026-02-18 00:17:00,
P008908,B006751,1,Apple Pay,2849.03,Success,2026-05-03 00:25:00,
P008909,B006752,1,Digital Wallet,3765.69,Success,2026-01-03 00:56:00,
P008910,B006753,1,Bank Transfer,1676.46,Success,2026-04-05 00:45:00,
P008911,B006754,1,Bank Transfer,4706.48,Success,2025-10-11 00:39:00,
P008912,B006755,1,Credit Card,2347.62,Success,2026-02-10 00:50:00,
P008913,B006756,1,Digital Wallet,1785.74,Failed,2025-12-07 00:13:00,Fraud Check
P008914,B006756,2,Apple Pay,1785.74,Failed,2025-12-07 00:14:13,Card Declined
P008915,B006756,3,Apple Pay,1785.74,Success,2025-12-07 00:27:40,
P008916,B006757,1,Apple Pay,2015.91,Success,2025-12-17 01:00:00,
P008917,B006758,1,Debit Card,2069.25,Failed,2026-09-05 00:34:00,Card Declined
P008918,B006758,2,Debit Card,2069.25,Success,2026-09-05 00:38:16,
P008919,B006759,1,Apple Pay,1395.18,Success,2026-08-12 00:11:00,
P008920,B006760,1,Digital Wallet,4676.24,Success,2026-10-13 00:12:00,
P008921,B006761,1,Bank Transfer,1286.94,Success,2025-09-14 00:26:00,
P008922,B006762,1,Debit Card,4472.75,Success,2026-07-21 00:55:00,
P008923,B006763,1,Debit Card,2322.18,Success,2026-08-10 00:51:00,
P008924,B006764,1,Digital Wallet,1711.74,Success,2026-05-01 00:42:00,
P008925,B006765,1,Debit Card,1393.29,Success,2026-05-25 00:27:00,
P008926,B006766,1,Apple Pay,2769.54,Failed,2026-02-17 00:36:00,Payment Timeout
P008927,B006766,2,Digital Wallet,2769.54,Success,2026-02-17 00:50:23,
P008928,B006767,1,Digital Wallet,3511.66,Success,2025-09-03 00:41:00,
P008929,B006768,1,Apple Pay,4541.99,Success,2026-06-08 00:26:00,
P008930,B006769,1,Apple Pay,3436.01,Success,2026-09-01 00:23:00,
P008931,B006770,1,Bank Transfer,2676.48,Success,2026-02-26 00:09:00,
P008932,B006771,1,Apple Pay,650.64,Success,2026-05-28 00:14:00,
P008933,B006772,1,Credit Card,4619.42,Success,2025-11-29 00:29:00,
P008934,B006773,1,Digital Wallet,4560.66,Success,2025-08-13 00:17:00,
P008935,B006774,1,Apple Pay,2204.23,Success,2025-10-20 00:57:00,
P008936,B006775,1,Apple Pay,630.66,Success,2026-11-06 00:43:00,
P008937,B006776,1,Digital Wallet,3800.16,Success,2026-04-19 00:54:00,
P008938,B006777,1,Debit Card,4062.56,Failed,2026-08-18 00:09:00,Payment Timeout
P008939,B006777,2,Credit Card,4062.56,Success,2026-08-18 00:20:40,
P008940,B006778,1,Credit Card,2941.1,Failed,2025-10-29 00:06:00,Technical Error
P008941,B006778,2,Digital Wallet,2941.1,Success,2025-10-29 00:11:50,
P008942,B006779,1,Bank Transfer,2312.94,Success,2026-07-23 00:18:00,
P008943,B006780,1,Bank Transfer,4330.1,Success,2025-11-15 00:50:00,
P008944,B006781,1,Bank Transfer,1366.32,Success,2026-08-04 00:23:00,
P008945,B006782,1,Credit Card,2478.01,Success,2025-11-16 00:17:00,
P008946,B006783,1,Credit Card,610.19,Success,2026-04-12 00:59:00,
P008947,B006784,1,Digital Wallet,1238.05,Success,2025-09-19 00:12:00,
P008948,B006785,1,Apple Pay,4733.74,Failed,2026-10-22 00:42:00,Insufficient Funds
P008949,B006785,2,Bank Transfer,4733.74,Success,2026-10-22 00:45:45,
P008950,B006786,1,Bank Transfer,3101.37,Success,2026-08-26 00:51:00,
P008951,B006787,1,Apple Pay,4125.17,Success,2025-11-12 00:30:00,
P008952,B006788,1,Digital Wallet,2689.25,Success,2026-08-22 00:48:00,
P008953,B006789,1,Apple Pay,4256.72,Success,2025-11-17 00:55:00,
P008954,B006790,1,Credit Card,2925.28,Success,2026-06-10 00:52:00,
P008955,B006791,1,Bank Transfer,520.42,Success,2026-12-07 00:50:00,
P008956,B006792,1,Apple Pay,4548.65,Failed,2026-08-01 00:56:00,Payment Timeout
P008957,B006792,2,Digital Wallet,4548.65,Failed,2026-08-01 00:57:30,Technical Error
P008958,B006792,3,Debit Card,4548.65,Success,2026-08-01 01:04:45,
P008959,B006793,1,Debit Card,1168.55,Success,2026-10-04 00:29:00,
P008960,B006794,1,Digital Wallet,2527.5,Success,2026-07-15 00:22:00,
P008961,B006795,1,Credit Card,2645.03,Success,2025-12-10 00:27:00,
P008962,B006796,1,Apple Pay,712.56,Success,2026-08-29 00:27:00,
P008963,B006797,1,Credit Card,738.82,Success,2025-09-01 00:28:00,
P008964,B006798,1,Apple Pay,3931.48,Success,2026-08-10 00:54:00,
P008965,B006799,1,Bank Transfer,1852.03,Success,2026-10-06 00:05:00,
P008966,B006800,1,Apple Pay,2343.33,Success,2026-03-30 00:12:00,
P008967,B006801,1,Bank Transfer,3038.51,Success,2026-09-12 00:44:00,
P008968,B006802,1,Apple Pay,2180.24,Failed,2026-02-15 00:31:00,Technical Error
P008969,B006802,2,Debit Card,2180.24,Success,2026-02-15 00:45:32,
P008970,B006803,1,Digital Wallet,3987.67,Success,2026-02-08 00:37:00,
P008971,B006804,1,Bank Transfer,4480.09,Success,2025-09-13 00:56:00,
P008972,B006805,1,Bank Transfer,768.73,Success,2026-10-01 00:20:00,
P008973,B006806,1,Debit Card,3359.32,Success,2026-05-18 00:09:00,
P008974,B006807,1,Digital Wallet,1929.47,Success,2026-05-14 00:29:00,
P008975,B006808,1,Credit Card,3124.74,Success,2026-01-07 00:14:00,
P008976,B006809,1,Apple Pay,2677.58,Failed,2025-11-05 00:31:00,Card Declined
P008977,B006809,2,Bank Transfer,2677.58,Success,2025-11-05 00:35:58,
P008978,B006810,1,Digital Wallet,2001.55,Success,2026-08-22 00:33:00,
P008979,B006811,1,Apple Pay,926.67,Success,2026-06-02 00:35:00,
P008980,B006812,1,Bank Transfer,3017.48,Success,2026-02-21 00:57:00,
P008981,B006813,1,Apple Pay,1007.57,Success,2026-02-18 00:39:00,
P008982,B006814,1,Digital Wallet,1202.54,Success,2026-01-16 00:18:00,
P008983,B006815,1,Bank Transfer,4919.79,Success,2025-12-21 00:51:00,
P008984,B006816,1,Digital Wallet,1925.17,Success,2026-01-03 00:58:00,
P008985,B006817,1,Credit Card,3129.96,Success,2026-01-12 00:51:00,
P008986,B006818,1,Apple Pay,1725.04,Success,2026-10-24 00:05:00,
P008987,B006819,1,Credit Card,4394.79,Success,2026-01-05 00:42:00,
P008988,B006820,1,Debit Card,1775.03,Success,2025-10-26 00:44:00,
P008989,B006821,1,Debit Card,2150.98,Success,2025-12-08 00:35:00,
P008990,B006822,1,Debit Card,3237.74,Success,2026-07-29 00:37:00,
P008991,B006823,1,Credit Card,4414.94,Failed,2026-05-26 00:34:00,Fraud Check
P008992,B006823,2,Debit Card,4414.94,Success,2026-05-26 00:41:25,
P008993,B006824,1,Digital Wallet,4172.96,Success,2026-06-20 00:12:00,
P008994,B006825,1,Digital Wallet,1687.37,Success,2026-04-14 00:42:00,
P008995,B006826,1,Credit Card,4233.0,Success,2026-10-15 00:21:00,
P008996,B006827,1,Bank Transfer,3655.38,Success,2026-01-23 00:42:00,
P008997,B006828,1,Digital Wallet,4954.23,Failed,2026-10-27 00:07:00,Card Declined
P008998,B006828,2,Apple Pay,4954.23,Success,2026-10-27 00:08:37,
P008999,B006829,1,Bank Transfer,4709.51,Failed,2026-09-10 00:22:00,Card Declined
P009000,B006829,2,Digital Wallet,4709.51,Success,2026-09-10 00:32:30,
P009001,B006830,1,Credit Card,2899.12,Success,2026-11-14 00:29:00,
P009002,B006831,1,Apple Pay,3874.68,Success,2026-01-12 00:41:00,
P009003,B006832,1,Credit Card,3065.81,Success,2026-08-16 00:58:00,
P009004,B006833,1,Digital Wallet,3177.48,Failed,2026-08-22 00:24:00,Technical Error
P009005,B006833,2,Debit Card,3177.48,Success,2026-08-22 00:34:59,
P009006,B006834,1,Digital Wallet,956.75,Success,2026-01-12 00:14:00,
P009007,B006835,1,Bank Transfer,510.11,Success,2026-08-16 00:31:00,
P009008,B006836,1,Digital Wallet,716.84,Failed,2026-08-22 00:40:00,Fraud Check
P009009,B006836,2,Credit Card,716.84,Success,2026-08-22 00:48:20,
P009010,B006837,1,Credit Card,4849.84,Success,2025-12-08 00:52:00,
P009011,B006838,1,Credit Card,1068.21,Success,2026-01-19 00:56:00,
P009012,B006839,1,Bank Transfer,699.75,Success,2026-02-14 00:36:00,
P009013,B006840,1,Bank Transfer,1893.4,Success,2026-03-18 00:33:00,
P009014,B006841,1,Apple Pay,3146.81,Success,2025-12-27 00:18:00,
P009015,B006842,1,Debit Card,4768.07,Success,2026-04-09 00:29:00,
P009016,B006843,1,Digital Wallet,3649.49,Success,2026-04-15 00:11:00,
P009017,B006844,1,Bank Transfer,1743.59,Success,2026-07-25 00:06:00,
P009018,B006845,1,Bank Transfer,4725.76,Success,2026-04-10 00:06:00,
P009019,B006846,1,Digital Wallet,662.18,Failed,2026-01-06 00:59:00,Payment Timeout
P009020,B006846,2,Apple Pay,662.18,Failed,2026-01-06 01:00:42,Technical Error
P009021,B006846,3,Bank Transfer,662.18,Success,2026-01-06 01:15:39,
P009022,B006847,1,Digital Wallet,4905.74,Success,2026-06-13 00:36:00,
P009023,B006848,1,Credit Card,763.88,Success,2026-02-12 00:08:00,
P009024,B006849,1,Credit Card,3892.32,Failed,2026-03-25 00:07:00,Technical Error
P009025,B006849,2,Debit Card,3892.32,Success,2026-03-25 00:15:39,
P009026,B006850,1,Apple Pay,703.84,Success,2026-08-02 00:10:00,
P009027,B006851,1,Bank Transfer,4692.03,Success,2026-09-05 00:29:00,
P009028,B006852,1,Bank Transfer,989.0,Success,2026-07-27 00:40:00,
P009029,B006853,1,Digital Wallet,727.16,Failed,2025-10-28 00:05:00,Fraud Check
P009030,B006853,2,Apple Pay,727.16,Failed,2025-10-28 00:15:13,Insufficient Funds
P009031,B006853,3,Credit Card,727.16,Success,2025-10-28 00:26:06,
P009032,B006854,1,Credit Card,4501.69,Success,2026-03-28 00:08:00,
P009033,B006855,1,Debit Card,931.07,Success,2026-11-10 00:06:00,
P009034,B006856,1,Apple Pay,4090.69,Success,2026-04-14 00:07:00,
P009035,B006857,1,Credit Card,3861.66,Success,2026-09-01 00:42:00,
P009036,B006858,1,Debit Card,3194.95,Success,2026-06-16 00:15:00,
P009037,B006859,1,Digital Wallet,2200.83,Failed,2026-04-25 00:52:00,Technical Error
P009038,B006859,2,Bank Transfer,2200.83,Failed,2026-04-25 00:55:38,Fraud Check
P009039,B006859,3,Apple Pay,2200.83,Success,2026-04-25 00:58:08,
P009040,B006860,1,Credit Card,4620.11,Success,2026-01-12 00:47:00,
P009041,B006861,1,Apple Pay,4419.87,Success,2025-12-03 00:35:00,
P009042,B006862,1,Digital Wallet,2418.11,Failed,2025-12-08 00:42:00,Fraud Check
P009043,B006862,2,Debit Card,2418.11,Success,2025-12-08 00:53:48,
P009044,B006863,1,Apple Pay,1542.76,Success,2026-07-21 00:58:00,
P009045,B006864,1,Digital Wallet,1726.57,Success,2026-02-07 00:15:00,
P009046,B006865,1,Bank Transfer,1491.46,Failed,2025-12-15 00:56:00,Fraud Check
P009047,B006865,2,Apple Pay,1491.46,Success,2025-12-15 00:59:18,
P009048,B006866,1,Debit Card,2935.63,Success,2026-08-25 00:11:00,
P009049,B006867,1,Digital Wallet,4408.42,Success,2026-07-28 00:16:00,
P009050,B006868,1,Bank Transfer,3981.25,Success,2026-03-22 00:55:00,
P009051,B006869,1,Digital Wallet,4079.8,Failed,2025-08-16 00:05:00,Technical Error
P009052,B006869,2,Debit Card,4079.8,Success,2025-08-16 00:08:47,
P009053,B006870,1,Apple Pay,2517.3,Success,2026-04-05 00:57:00,
P009054,B006871,1,Digital Wallet,1951.0,Failed,2026-05-05 00:35:00,Fraud Check
P009055,B006871,2,Credit Card,1951.0,Failed,2026-05-05 00:46:36,Card Declined
P009056,B006871,3,Bank Transfer,1951.0,Success,2026-05-05 00:49:22,
P009057,B006872,1,Digital Wallet,3908.1,Success,2026-02-22 00:11:00,
P009058,B006873,1,Apple Pay,4069.84,Success,2026-08-12 00:43:00,
P009059,B006874,1,Apple Pay,3629.09,Success,2025-11-24 00:30:00,
P009060,B006875,1,Apple Pay,644.48,Success,2025-08-17 00:58:00,
P009061,B006876,1,Debit Card,3153.58,Success,2026-06-09 00:39:00,
P009062,B006877,1,Digital Wallet,2061.71,Success,2026-08-09 00:34:00,
P009063,B006878,1,Bank Transfer,1382.87,Failed,2026-02-25 00:13:00,Payment Timeout
P009064,B006878,2,Debit Card,1382.87,Success,2026-02-25 00:16:14,
P009065,B006879,1,Digital Wallet,3624.78,Success,2026-12-07 00:23:00,
P009066,B006880,1,Digital Wallet,1708.37,Success,2026-02-12 01:00:00,
P009067,B006881,1,Digital Wallet,4607.79,Success,2026-11-20 00:31:00,
P009068,B006882,1,Digital Wallet,1841.36,Success,2026-03-15 00:49:00,
P009069,B006883,1,Apple Pay,2998.31,Failed,2026-03-02 00:26:00,Payment Timeout
P009070,B006883,2,Apple Pay,2998.31,Success,2026-03-02 00:33:21,
P009071,B006884,1,Debit Card,4224.93,Success,2026-04-23 00:51:00,
P009072,B006885,1,Debit Card,2309.53,Failed,2026-08-08 00:33:00,Card Declined
P009073,B006885,2,Apple Pay,2309.53,Success,2026-08-08 00:44:46,
P009074,B006886,1,Debit Card,4228.96,Success,2026-03-19 00:29:00,
P009075,B006887,1,Credit Card,3756.63,Failed,2026-03-21 00:12:00,Technical Error
P009076,B006887,2,Digital Wallet,3756.63,Success,2026-03-21 00:18:44,
P009077,B006888,1,Credit Card,4643.9,Success,2026-06-30 01:00:00,
P009078,B006889,1,Debit Card,1966.26,Success,2025-12-27 00:31:00,
P009079,B006890,1,Credit Card,972.63,Success,2025-08-24 00:40:00,
P009080,B006891,1,Digital Wallet,2436.57,Success,2025-09-03 00:41:00,
P009081,B006892,1,Apple Pay,4036.16,Failed,2026-06-10 00:49:00,Payment Timeout
P009082,B006892,2,Bank Transfer,4036.16,Success,2026-06-10 00:50:10,
P009083,B006893,1,Credit Card,2526.96,Failed,2025-10-09 00:48:00,Card Declined
P009084,B006893,2,Debit Card,2526.96,Success,2025-10-09 00:57:34,
P009085,B006894,1,Bank Transfer,1678.95,Failed,2025-12-25 00:52:00,Payment Timeout
P009086,B006894,2,Apple Pay,1678.95,Success,2025-12-25 00:59:59,
P009087,B006895,1,Credit Card,624.21,Failed,2026-07-19 00:59:00,Card Declined
P009088,B006895,2,Bank Transfer,624.21,Failed,2026-07-19 01:10:26,Technical Error
P009089,B006895,3,Debit Card,624.21,Success,2026-07-19 01:19:12,
P009090,B006896,1,Debit Card,1908.61,Success,2025-11-19 00:13:00,
P009091,B006897,1,Debit Card,3710.22,Success,2026-04-28 00:19:00,
P009092,B006898,1,Apple Pay,1164.26,Failed,2026-08-31 00:37:00,Insufficient Funds
P009093,B006898,2,Apple Pay,1164.26,Success,2026-08-31 00:43:51,
P009094,B006899,1,Debit Card,2033.96,Failed,2026-03-06 00:35:00,Payment Timeout
P009095,B006899,2,Apple Pay,2033.96,Failed,2026-03-06 00:43:37,Technical Error
P009096,B006899,3,Apple Pay,2033.96,Success,2026-03-06 00:56:28,
P009097,B006900,1,Apple Pay,591.04,Success,2026-04-06 01:00:00,
P009098,B006901,1,Digital Wallet,3747.9,Success,2026-06-27 00:46:00,
P009099,B006902,1,Debit Card,4463.07,Success,2026-05-05 00:29:00,
P009100,B006903,1,Bank Transfer,3058.38,Success,2025-11-15 00:54:00,
P009101,B006904,1,Bank Transfer,616.42,Failed,2026-06-26 00:07:00,Payment Timeout
P009102,B006904,2,Bank Transfer,616.42,Failed,2026-06-26 00:21:36,Card Declined
P009103,B006904,3,Debit Card,616.42,Success,2026-06-26 00:26:07,
P009104,B006905,1,Bank Transfer,1479.31,Success,2026-02-17 00:13:00,
P009105,B006906,1,Digital Wallet,2473.11,Success,2025-12-29 00:54:00,
P009106,B006907,1,Apple Pay,3144.12,Success,2026-06-24 00:58:00,
P009107,B006908,1,Apple Pay,2733.24,Failed,2025-11-12 00:13:00,Fraud Check
P009108,B006908,2,Apple Pay,2733.24,Success,2025-11-12 00:20:29,
P009109,B006909,1,Bank Transfer,4621.4,Success,2026-07-09 00:40:00,
P009110,B006910,1,Debit Card,4723.86,Failed,2025-12-26 00:29:00,Payment Timeout
P009111,B006910,2,Bank Transfer,4723.86,Success,2025-12-26 00:39:13,
P009112,B006911,1,Apple Pay,982.19,Success,2026-11-26 00:20:00,
P009113,B006912,1,Apple Pay,1122.76,Success,2025-10-30 00:48:00,
P009114,B006913,1,Bank Transfer,2111.25,Failed,2026-02-27 00:38:00,Payment Timeout
P009115,B006913,2,Bank Transfer,2111.25,Success,2026-02-27 00:39:48,
P009116,B006914,1,Debit Card,2395.56,Success,2026-08-11 00:06:00,
P009117,B006915,1,Digital Wallet,3137.3,Success,2025-12-10 00:43:00,
P009118,B006916,1,Debit Card,3979.22,Success,2026-05-30 00:33:00,
P009119,B006917,1,Digital Wallet,1110.95,Success,2026-03-27 00:21:00,
P009120,B006918,1,Apple Pay,4111.88,Success,2025-12-10 00:36:00,
P009121,B006919,1,Credit Card,3245.13,Failed,2026-08-18 00:31:00,Fraud Check
P009122,B006919,2,Bank Transfer,3245.13,Success,2026-08-18 00:39:37,
P009123,B006920,1,Credit Card,4913.98,Success,2026-09-18 00:46:00,
P009124,B006921,1,Credit Card,3430.25,Success,2026-01-29 00:21:00,
P009125,B006922,1,Debit Card,3722.41,Failed,2026-08-17 00:18:00,Insufficient Funds
P009126,B006922,2,Digital Wallet,3722.41,Success,2026-08-17 00:32:23,
P009127,B006923,1,Digital Wallet,1378.44,Success,2026-03-24 00:58:00,
P009128,B006924,1,Digital Wallet,3959.88,Success,2026-10-10 00:19:00,
P009129,B006925,1,Digital Wallet,856.7,Success,2026-07-22 00:34:00,
P009130,B006926,1,Debit Card,3454.39,Success,2026-01-24 00:52:00,
P009131,B006927,1,Credit Card,750.08,Success,2025-12-29 00:49:00,
P009132,B006928,1,Bank Transfer,1018.52,Success,2026-06-19 00:22:00,
P009133,B006929,1,Debit Card,985.4,Success,2026-05-24 00:31:00,
P009134,B006930,1,Debit Card,736.18,Failed,2025-12-27 00:38:00,Card Declined
P009135,B006930,2,Digital Wallet,736.18,Success,2025-12-27 00:44:39,
P009136,B006931,1,Credit Card,1945.13,Success,2026-07-23 00:54:00,
P009137,B006932,1,Credit Card,4974.59,Success,2026-03-16 00:46:00,
P009138,B006933,1,Bank Transfer,2067.01,Failed,2026-08-04 00:30:00,Insufficient Funds
P009139,B006933,2,Bank Transfer,2067.01,Failed,2026-08-04 00:32:35,Technical Error
P009140,B006933,3,Bank Transfer,2067.01,Success,2026-08-04 00:45:49,
P009141,B006934,1,Credit Card,3923.49,Success,2026-01-02 00:26:00,
P009142,B006935,1,Debit Card,1095.43,Success,2026-01-21 00:25:00,
P009143,B006936,1,Digital Wallet,2545.21,Success,2026-06-18 00:09:00,
P009144,B006937,1,Digital Wallet,1333.02,Success,2025-09-08 00:09:00,
P009145,B006938,1,Debit Card,1364.44,Success,2026-01-28 00:26:00,
P009146,B006939,1,Digital Wallet,948.61,Failed,2026-09-12 00:19:00,Payment Timeout
P009147,B006939,2,Apple Pay,948.61,Success,2026-09-12 00:33:57,
P009148,B006940,1,Apple Pay,2444.2,Success,2025-10-06 00:08:00,
P009149,B006941,1,Bank Transfer,839.91,Failed,2026-04-05 00:44:00,Insufficient Funds
P009150,B006941,2,Apple Pay,839.91,Success,2026-04-05 00:53:14,
P009151,B006942,1,Bank Transfer,4594.15,Failed,2026-04-14 00:33:00,Fraud Check
P009152,B006942,2,Debit Card,4594.15,Failed,2026-04-14 00:47:32,Payment Timeout
P009153,B006942,3,Apple Pay,4594.15,Success,2026-04-14 00:59:50,
P009154,B006943,1,Apple Pay,2515.55,Success,2025-10-28 00:10:00,
P009155,B006944,1,Credit Card,4273.55,Success,2026-08-27 00:23:00,
P009156,B006945,1,Digital Wallet,4907.59,Success,2026-03-05 00:26:00,
P009157,B006946,1,Credit Card,3550.01,Success,2026-08-28 00:21:00,
P009158,B006947,1,Credit Card,4556.8,Failed,2026-03-10 00:14:00,Technical Error
P009159,B006947,2,Bank Transfer,4556.8,Success,2026-03-10 00:27:22,
P009160,B006948,1,Debit Card,1109.15,Success,2026-04-20 00:22:00,
P009161,B006949,1,Debit Card,4234.97,Success,2026-01-29 00:07:00,
P009162,B006950,1,Apple Pay,1720.48,Success,2026-04-17 00:13:00,
P009163,B006951,1,Digital Wallet,2626.69,Failed,2026-07-27 00:22:00,Card Declined
P009164,B006951,2,Credit Card,2626.69,Success,2026-07-27 00:29:15,
P009165,B006952,1,Digital Wallet,3409.62,Success,2026-05-28 00:42:00,
P009166,B006953,1,Credit Card,4565.95,Success,2026-01-18 00:33:00,
P009167,B006954,1,Apple Pay,4599.47,Success,2026-10-02 00:42:00,
P009168,B006955,1,Apple Pay,914.46,Failed,2026-04-21 00:20:00,Payment Timeout
P009169,B006955,2,Credit Card,914.46,Failed,2026-04-21 00:30:50,Payment Timeout
P009170,B006955,3,Apple Pay,914.46,Success,2026-04-21 00:45:32,
P009171,B006956,1,Debit Card,2140.5,Failed,2026-01-04 00:59:00,Payment Timeout
P009172,B006956,2,Apple Pay,2140.5,Success,2026-01-04 01:00:26,
P009173,B006957,1,Debit Card,4069.29,Success,2026-08-21 00:28:00,
P009174,B006958,1,Bank Transfer,3664.21,Failed,2025-12-29 00:06:00,Card Declined
P009175,B006958,2,Credit Card,3664.21,Failed,2025-12-29 00:08:50,Payment Timeout
P009176,B006958,3,Apple Pay,3664.21,Success,2025-12-29 00:10:31,
P009177,B006959,1,Apple Pay,618.59,Success,2026-11-10 00:53:00,
P009178,B006960,1,Credit Card,2524.5,Failed,2025-10-09 00:42:00,Payment Timeout
P009179,B006960,2,Apple Pay,2524.5,Failed,2025-10-09 00:43:45,Payment Timeout
P009180,B006960,3,Credit Card,2524.5,Success,2025-10-09 00:48:02,
P009181,B006961,1,Debit Card,4231.64,Success,2026-11-27 00:25:00,
P009182,B006962,1,Apple Pay,3819.58,Failed,2026-05-18 00:45:00,Insufficient Funds
P009183,B006962,2,Bank Transfer,3819.58,Success,2026-05-18 00:47:51,
P009184,B006963,1,Apple Pay,2353.32,Success,2026-02-15 00:45:00,
P009185,B006964,1,Credit Card,3808.23,Success,2026-05-26 00:37:00,
P009186,B006965,1,Digital Wallet,2980.45,Failed,2026-08-27 00:20:00,Insufficient Funds
P009187,B006965,2,Debit Card,2980.45,Success,2026-08-27 00:30:31,
P009188,B006966,1,Debit Card,4606.83,Success,2025-11-14 00:19:00,
P009189,B006967,1,Digital Wallet,3142.07,Success,2026-03-01 00:56:00,
P009190,B006968,1,Credit Card,2303.3,Success,2026-05-17 00:09:00,
P009191,B006969,1,Digital Wallet,4383.14,Failed,2025-11-21 00:27:00,Fraud Check
P009192,B006969,2,Digital Wallet,4383.14,Failed,2025-11-21 00:33:19,Fraud Check
P009193,B006969,3,Credit Card,4383.14,Success,2025-11-21 00:45:00,
P009194,B006970,1,Apple Pay,724.41,Success,2025-12-23 00:19:00,
P009195,B006971,1,Credit Card,4552.3,Failed,2026-09-28 00:19:00,Fraud Check
P009196,B006971,2,Bank Transfer,4552.3,Failed,2026-09-28 00:25:35,Card Declined
P009197,B006971,3,Digital Wallet,4552.3,Success,2026-09-28 00:36:06,
P009198,B006972,1,Debit Card,3633.56,Success,2026-04-13 00:12:00,
P009199,B006973,1,Credit Card,4732.73,Success,2026-10-10 00:32:00,
P009200,B006974,1,Apple Pay,1627.27,Failed,2026-05-08 00:16:00,Fraud Check
P009201,B006974,2,Debit Card,1627.27,Success,2026-05-08 00:30:50,
P009202,B006975,1,Digital Wallet,3627.15,Failed,2026-08-19 00:32:00,Insufficient Funds
P009203,B006975,2,Apple Pay,3627.15,Failed,2026-08-19 00:42:45,Technical Error
P009204,B006975,3,Bank Transfer,3627.15,Success,2026-08-19 00:49:06,
P009205,B006976,1,Bank Transfer,4142.58,Success,2026-11-03 00:44:00,
P009206,B006977,1,Bank Transfer,3659.46,Failed,2026-02-02 00:38:00,Technical Error
P009207,B006977,2,Credit Card,3659.46,Success,2026-02-02 00:41:17,
P009208,B006978,1,Credit Card,1446.5,Failed,2026-12-07 00:34:00,Insufficient Funds
P009209,B006978,2,Bank Transfer,1446.5,Success,2026-12-07 00:45:26,
P009210,B006979,1,Apple Pay,1740.15,Success,2026-06-27 00:40:00,
P009211,B006980,1,Bank Transfer,3050.34,Failed,2026-08-06 00:30:00,Insufficient Funds
P009212,B006980,2,Bank Transfer,3050.34,Success,2026-08-06 00:37:33,
P009213,B006981,1,Apple Pay,2510.38,Success,2026-06-18 00:53:00,
P009214,B006982,1,Credit Card,3808.03,Success,2026-05-17 00:11:00,
P009215,B006983,1,Bank Transfer,2204.05,Success,2026-02-26 00:13:00,
P009216,B006984,1,Apple Pay,4367.66,Success,2026-10-16 00:37:00,
P009217,B006985,1,Bank Transfer,2443.64,Failed,2026-11-08 00:11:00,Card Declined
P009218,B006985,2,Apple Pay,2443.64,Success,2026-11-08 00:15:49,
P009219,B006986,1,Bank Transfer,680.19,Failed,2025-10-08 00:15:00,Payment Timeout
P009220,B006986,2,Digital Wallet,680.19,Success,2025-10-08 00:28:26,
P009221,B006987,1,Debit Card,578.14,Failed,2026-06-20 00:36:00,Insufficient Funds
P009222,B006987,2,Apple Pay,578.14,Success,2026-06-20 00:48:37,
P009223,B006988,1,Bank Transfer,3410.34,Success,2026-02-26 00:41:00,
P009224,B006989,1,Digital Wallet,2932.49,Success,2026-05-01 00:41:00,
P009225,B006990,1,Apple Pay,2942.35,Failed,2026-08-22 00:41:00,Payment Timeout
P009226,B006990,2,Apple Pay,2942.35,Success,2026-08-22 00:49:35,
P009227,B006991,1,Digital Wallet,4055.04,Success,2026-11-11 00:22:00,
P009228,B006992,1,Digital Wallet,2190.74,Success,2026-05-31 00:17:00,
P009229,B006993,1,Debit Card,4979.51,Success,2026-05-15 00:33:00,
P009230,B006994,1,Bank Transfer,4754.89,Success,2026-10-29 00:19:00,
P009231,B006995,1,Debit Card,558.33,Failed,2026-05-31 00:27:00,Fraud Check
P009232,B006995,2,Bank Transfer,558.33,Success,2026-05-31 00:32:35,
P009233,B006996,1,Apple Pay,4530.84,Success,2026-03-09 00:43:00,
P009234,B006997,1,Digital Wallet,3562.47,Success,2025-11-14 00:12:00,
P009235,B006998,1,Credit Card,2759.41,Failed,2025-11-18 00:20:00,Technical Error
P009236,B006998,2,Apple Pay,2759.41,Success,2025-11-18 00:25:57,
P009237,B006999,1,Digital Wallet,3122.36,Success,2026-04-08 00:17:00,
P009238,B007000,1,Digital Wallet,4288.36,Success,2025-11-26 00:21:00,
P009239,B007001,1,Bank Transfer,4779.67,Failed,2026-06-06 00:38:00,Card Declined
P009240,B007001,2,Debit Card,4779.67,Success,2026-06-06 00:47:44,
P009241,B007002,1,Apple Pay,3021.5,Success,2026-09-05 00:30:00,
P009242,B007003,1,Digital Wallet,1315.81,Success,2026-03-24 00:34:00,
P009243,B007004,1,Debit Card,3378.89,Success,2026-10-31 00:35:00,
P009244,B007005,1,Debit Card,842.99,Success,2026-09-19 00:11:00,
P009245,B007006,1,Bank Transfer,3358.12,Failed,2026-02-15 00:42:00,Card Declined
P009246,B007006,2,Apple Pay,3358.12,Success,2026-02-15 00:45:41,
P009247,B007007,1,Debit Card,4138.75,Success,2025-10-02 00:39:00,
P009248,B007008,1,Apple Pay,2089.99,Failed,2026-09-18 00:41:00,Fraud Check
P009249,B007008,2,Apple Pay,2089.99,Success,2026-09-18 00:51:14,
P009250,B007009,1,Apple Pay,820.33,Success,2026-12-08 00:58:00,
P009251,B007010,1,Digital Wallet,3615.02,Success,2026-07-27 00:17:00,
P009252,B007011,1,Digital Wallet,2026.98,Failed,2026-01-24 00:47:00,Card Declined
P009253,B007011,2,Credit Card,2026.98,Failed,2026-01-24 00:49:24,Fraud Check
P009254,B007011,3,Apple Pay,2026.98,Success,2026-01-24 00:57:11,
P009255,B007012,1,Debit Card,1620.93,Success,2026-04-15 00:52:00,
P009256,B007013,1,Digital Wallet,3601.32,Success,2026-02-26 00:21:00,
P009257,B007014,1,Debit Card,4863.14,Success,2026-05-21 00:50:00,
P009258,B007015,1,Digital Wallet,3853.95,Success,2026-08-08 00:13:00,
P009259,B007016,1,Debit Card,2711.08,Failed,2026-07-21 00:06:00,Technical Error
P009260,B007016,2,Credit Card,2711.08,Success,2026-07-21 00:19:23,
P009261,B007017,1,Bank Transfer,3202.3,Success,2026-06-24 00:41:00,
P009262,B007018,1,Digital Wallet,1140.26,Failed,2026-05-27 00:58:00,Card Declined
P009263,B007018,2,Debit Card,1140.26,Success,2026-05-27 01:08:52,
P009264,B007019,1,Debit Card,4159.46,Success,2026-01-18 00:57:00,
P009265,B007020,1,Debit Card,3219.33,Success,2026-04-13 00:11:00,
P009266,B007021,1,Apple Pay,4846.24,Success,2026-07-14 00:20:00,
P009267,B007022,1,Debit Card,4907.68,Failed,2026-05-22 00:45:00,Card Declined
P009268,B007022,2,Digital Wallet,4907.68,Success,2026-05-22 00:47:17,
P009269,B007023,1,Bank Transfer,2095.64,Failed,2026-01-23 00:17:00,Fraud Check
P009270,B007023,2,Debit Card,2095.64,Success,2026-01-23 00:26:40,
P009271,B007024,1,Digital Wallet,4948.46,Success,2026-02-17 00:29:00,
P009272,B007025,1,Credit Card,4805.75,Failed,2026-02-07 00:42:00,Payment Timeout
P009273,B007025,2,Debit Card,4805.75,Success,2026-02-07 00:43:41,
P009274,B007026,1,Credit Card,3379.24,Success,2026-05-21 01:00:00,
P009275,B007027,1,Credit Card,2000.59,Success,2026-06-27 00:59:00,
P009276,B007028,1,Credit Card,3890.03,Success,2026-04-08 00:21:00,
P009277,B007029,1,Apple Pay,1720.57,Failed,2026-03-17 00:06:00,Fraud Check
P009278,B007029,2,Digital Wallet,1720.57,Success,2026-03-17 00:20:29,
P009279,B007030,1,Digital Wallet,3334.3,Success,2026-09-04 00:39:00,
P009280,B007031,1,Debit Card,610.62,Success,2026-01-23 00:50:00,
P009281,B007032,1,Debit Card,3328.62,Failed,2026-05-17 00:43:00,Card Declined
P009282,B007032,2,Debit Card,3328.62,Success,2026-05-17 00:45:21,
P009283,B007033,1,Apple Pay,4782.24,Failed,2026-02-15 00:42:00,Technical Error
P009284,B007033,2,Credit Card,4782.24,Success,2026-02-15 00:46:14,
P009285,B007034,1,Digital Wallet,1558.14,Success,2026-09-14 00:16:00,
P009286,B007035,1,Credit Card,4001.81,Failed,2025-12-20 00:06:00,Technical Error
P009287,B007035,2,Digital Wallet,4001.81,Success,2025-12-20 00:11:54,
P009288,B007036,1,Bank Transfer,1820.41,Success,2025-09-28 00:48:00,
P009289,B007037,1,Debit Card,3685.32,Success,2025-10-27 00:33:00,
P009290,B007038,1,Bank Transfer,3649.88,Success,2026-03-16 00:38:00,
P009291,B007039,1,Credit Card,1331.32,Success,2026-01-20 00:09:00,
P009292,B007040,1,Credit Card,3187.08,Success,2025-12-24 00:36:00,
P009293,B007041,1,Bank Transfer,4366.26,Success,2026-06-20 00:05:00,
P009294,B007042,1,Digital Wallet,2221.4,Success,2026-09-02 00:52:00,
P009295,B007043,1,Credit Card,3696.25,Success,2025-11-27 00:50:00,
P009296,B007044,1,Digital Wallet,3534.94,Failed,2026-05-15 00:59:00,Fraud Check
P009297,B007044,2,Debit Card,3534.94,Success,2026-05-15 01:04:28,
P009298,B007045,1,Apple Pay,1658.81,Success,2025-10-06 00:38:00,
P009299,B007046,1,Bank Transfer,4633.9,Success,2026-06-22 01:00:00,
P009300,B007047,1,Debit Card,3035.8,Success,2026-02-08 00:28:00,
P009301,B007048,1,Digital Wallet,2098.82,Success,2026-03-27 00:51:00,
P009302,B007049,1,Digital Wallet,1239.61,Failed,2025-12-20 00:05:00,Card Declined
P009303,B007049,2,Bank Transfer,1239.61,Success,2025-12-20 00:19:40,
P009304,B007050,1,Apple Pay,2630.56,Failed,2026-06-08 00:24:00,Payment Timeout
P009305,B007050,2,Debit Card,2630.56,Success,2026-06-08 00:38:30,
P009306,B007051,1,Debit Card,3785.51,Success,2026-10-02 00:09:00,
P009307,B007052,1,Digital Wallet,3306.38,Success,2025-11-21 00:55:00,
P009308,B007053,1,Debit Card,3771.74,Success,2026-05-16 00:46:00,
P009309,B007054,1,Apple Pay,4062.92,Failed,2025-11-12 00:18:00,Fraud Check
P009310,B007054,2,Credit Card,4062.92,Failed,2025-11-12 00:29:48,Card Declined
P009311,B007054,3,Bank Transfer,4062.92,Success,2025-11-12 00:39:38,
P009312,B007055,1,Apple Pay,2484.52,Success,2025-12-23 00:14:00,
P009313,B007056,1,Apple Pay,2840.75,Success,2026-01-28 00:47:00,
P009314,B007057,1,Bank Transfer,4938.9,Failed,2025-10-23 00:55:00,Fraud Check
P009315,B007057,2,Credit Card,4938.9,Failed,2025-10-23 01:04:17,Payment Timeout
P009316,B007057,3,Debit Card,4938.9,Success,2025-10-23 01:19:14,
P009317,B007058,1,Debit Card,4856.23,Success,2026-06-26 00:08:00,
P009318,B007059,1,Digital Wallet,2366.68,Success,2025-12-15 00:09:00,
P009319,B007060,1,Digital Wallet,3583.31,Success,2026-04-12 00:31:00,
P009320,B007061,1,Bank Transfer,1704.16,Failed,2026-06-01 00:12:00,Fraud Check
P009321,B007061,2,Debit Card,1704.16,Success,2026-06-01 00:14:15,
P009322,B007062,1,Credit Card,1187.14,Success,2026-05-10 00:34:00,
P009323,B007063,1,Credit Card,3957.81,Success,2026-04-08 00:14:00,
P009324,B007064,1,Bank Transfer,2462.81,Success,2026-03-06 00:53:00,
P009325,B007065,1,Digital Wallet,1296.74,Success,2026-04-25 00:13:00,
P009326,B007066,1,Bank Transfer,3914.82,Success,2025-09-02 00:08:00,
P009327,B007067,1,Digital Wallet,4618.27,Success,2026-06-18 00:14:00,
P009328,B007068,1,Debit Card,4699.73,Success,2026-02-18 00:50:00,
P009329,B007069,1,Debit Card,3183.5,Failed,2026-07-25 00:46:00,Payment Timeout
P009330,B007069,2,Bank Transfer,3183.5,Success,2026-07-25 00:55:11,
P009331,B007070,1,Apple Pay,2658.39,Success,2026-06-14 00:43:00,
P009332,B007071,1,Bank Transfer,1138.4,Success,2026-06-06 00:20:00,
P009333,B007072,1,Digital Wallet,4067.55,Success,2026-05-29 00:30:00,
P009334,B007073,1,Apple Pay,4753.95,Failed,2026-07-26 00:25:00,Technical Error
P009335,B007073,2,Apple Pay,4753.95,Failed,2026-07-26 00:37:18,Insufficient Funds
P009336,B007073,3,Credit Card,4753.95,Success,2026-07-26 00:51:30,
P009337,B007074,1,Apple Pay,4502.57,Success,2026-08-21 00:09:00,
P009338,B007075,1,Debit Card,3883.03,Success,2026-08-03 00:37:00,
P009339,B007076,1,Bank Transfer,520.56,Success,2026-06-10 00:47:00,
P009340,B007077,1,Bank Transfer,2334.88,Success,2026-07-20 00:21:00,
P009341,B007078,1,Debit Card,2348.21,Failed,2026-08-22 01:00:00,Payment Timeout
P009342,B007078,2,Apple Pay,2348.21,Success,2026-08-22 01:12:38,
P009343,B007079,1,Apple Pay,4524.66,Success,2026-05-17 00:44:00,
P009344,B007080,1,Credit Card,795.43,Success,2026-08-15 00:46:00,
P009345,B007081,1,Debit Card,2890.5,Success,2026-05-09 00:42:00,
P009346,B007082,1,Debit Card,1112.6,Success,2025-12-26 00:46:00,
P009347,B007083,1,Credit Card,3480.32,Success,2026-04-07 00:14:00,
P009348,B007084,1,Debit Card,4065.15,Failed,2026-04-26 00:29:00,Payment Timeout
P009349,B007084,2,Credit Card,4065.15,Failed,2026-04-26 00:31:48,Payment Timeout
P009350,B007084,3,Digital Wallet,4065.15,Success,2026-04-26 00:39:16,
P009351,B007085,1,Debit Card,3388.82,Failed,2026-06-28 00:10:00,Technical Error
P009352,B007085,2,Debit Card,3388.82,Success,2026-06-28 00:22:57,
P009353,B007086,1,Digital Wallet,4075.63,Failed,2026-01-01 00:26:00,Payment Timeout
P009354,B007086,2,Bank Transfer,4075.63,Success,2026-01-01 00:27:48,
P009355,B007087,1,Debit Card,3233.73,Success,2026-06-09 00:29:00,
P009356,B007088,1,Credit Card,1354.28,Success,2025-11-11 00:29:00,
P009357,B007089,1,Debit Card,2221.99,Success,2026-03-17 00:29:00,
P009358,B007090,1,Debit Card,4805.91,Success,2026-09-16 00:30:00,
P009359,B007091,1,Digital Wallet,1796.79,Success,2026-07-03 00:17:00,
P009360,B007092,1,Bank Transfer,782.88,Success,2026-06-22 00:19:00,
P009361,B007093,1,Bank Transfer,2231.73,Failed,2025-10-09 00:57:00,Fraud Check
P009362,B007093,2,Apple Pay,2231.73,Success,2025-10-09 01:01:41,
P009363,B007094,1,Bank Transfer,2148.38,Success,2025-11-13 00:49:00,
P009364,B007095,1,Digital Wallet,2616.39,Success,2026-02-04 00:49:00,
P009365,B007096,1,Apple Pay,3021.37,Success,2026-05-09 00:08:00,
P009366,B007097,1,Digital Wallet,4965.9,Success,2026-09-17 00:30:00,
P009367,B007098,1,Credit Card,3903.05,Failed,2026-09-20 00:29:00,Technical Error
P009368,B007098,2,Credit Card,3903.05,Success,2026-09-20 00:40:40,
P009369,B007099,1,Bank Transfer,661.51,Success,2026-04-01 00:49:00,
P009370,B007100,1,Apple Pay,3707.21,Success,2026-02-14 00:27:00,
P009371,B007101,1,Credit Card,4209.04,Success,2026-01-03 00:46:00,
P009372,B007102,1,Bank Transfer,4530.34,Success,2026-02-19 00:05:00,
P009373,B007103,1,Credit Card,2408.03,Failed,2026-04-03 00:59:00,Technical Error
P009374,B007103,2,Apple Pay,2408.03,Success,2026-04-03 01:08:31,
P009375,B007104,1,Debit Card,1911.32,Failed,2025-11-14 00:57:00,Card Declined
P009376,B007104,2,Digital Wallet,1911.32,Failed,2025-11-14 01:03:26,Fraud Check
P009377,B007104,3,Credit Card,1911.32,Success,2025-11-14 01:09:23,
P009378,B007105,1,Credit Card,4276.96,Failed,2026-05-25 00:17:00,Payment Timeout
P009379,B007105,2,Digital Wallet,4276.96,Failed,2026-05-25 00:31:25,Technical Error
P009380,B007105,3,Apple Pay,4276.96,Success,2026-05-25 00:36:45,
P009381,B007106,1,Bank Transfer,3999.27,Failed,2025-12-28 00:21:00,Payment Timeout
P009382,B007106,2,Credit Card,3999.27,Success,2025-12-28 00:32:29,
P009383,B007107,1,Credit Card,2912.19,Success,2026-02-25 00:16:00,
P009384,B007108,1,Credit Card,1030.47,Success,2025-11-11 00:38:00,
P009385,B007109,1,Credit Card,3432.93,Success,2026-07-16 00:54:00,
P009386,B007110,1,Credit Card,795.5,Success,2025-12-18 00:16:00,
P009387,B007111,1,Digital Wallet,951.65,Success,2025-10-07 00:22:00,
P009388,B007112,1,Debit Card,1990.13,Success,2026-03-23 00:25:00,
P009389,B007113,1,Apple Pay,2170.29,Failed,2025-11-06 00:49:00,Fraud Check
P009390,B007113,2,Debit Card,2170.29,Success,2025-11-06 00:59:10,
P009391,B007114,1,Bank Transfer,2578.88,Success,2026-02-25 00:17:00,
P009392,B007115,1,Bank Transfer,2026.14,Success,2025-12-08 00:14:00,
P009393,B007116,1,Bank Transfer,652.05,Success,2026-05-02 00:07:00,
P009394,B007117,1,Apple Pay,1208.37,Success,2026-10-12 00:55:00,
P009395,B007118,1,Digital Wallet,1018.0,Success,2026-06-07 00:54:00,
P009396,B007119,1,Credit Card,2440.33,Success,2025-11-25 00:43:00,
P009397,B007120,1,Digital Wallet,1454.58,Success,2026-04-25 00:16:00,
P009398,B007121,1,Bank Transfer,1820.95,Success,2026-10-19 01:00:00,
P009399,B007122,1,Bank Transfer,2622.05,Success,2025-12-19 00:44:00,
P009400,B007123,1,Credit Card,1560.03,Success,2026-08-19 00:39:00,
P009401,B007124,1,Bank Transfer,1606.68,Success,2026-07-09 00:43:00,
P009402,B007125,1,Digital Wallet,4249.15,Failed,2025-11-28 00:06:00,Technical Error
P009403,B007125,2,Debit Card,4249.15,Success,2025-11-28 00:18:42,
P009404,B007126,1,Credit Card,2966.39,Success,2026-08-21 00:57:00,
P009405,B007127,1,Credit Card,4355.42,Success,2026-07-26 00:55:00,
P009406,B007128,1,Digital Wallet,2815.37,Success,2026-01-01 00:14:00,
P009407,B007129,1,Bank Transfer,4591.69,Failed,2026-09-22 00:49:00,Payment Timeout
P009408,B007129,2,Apple Pay,4591.69,Failed,2026-09-22 01:02:29,Fraud Check
P009409,B007129,3,Apple Pay,4591.69,Success,2026-09-22 01:06:54,
P009410,B007130,1,Digital Wallet,1646.34,Failed,2026-02-09 00:11:00,Technical Error
P009411,B007130,2,Credit Card,1646.34,Failed,2026-02-09 00:20:17,Insufficient Funds
P009412,B007130,3,Apple Pay,1646.34,Success,2026-02-09 00:34:37,
P009413,B007131,1,Credit Card,3275.02,Success,2025-10-07 00:07:00,
P009414,B007132,1,Bank Transfer,2764.54,Failed,2026-03-24 00:46:00,Payment Timeout
P009415,B007132,2,Apple Pay,2764.54,Success,2026-03-24 00:59:55,
P009416,B007133,1,Credit Card,4634.11,Success,2026-02-12 00:28:00,
P009417,B007134,1,Credit Card,2383.16,Success,2026-02-12 00:34:00,
P009418,B007135,1,Bank Transfer,4346.71,Success,2025-11-13 00:59:00,
P009419,B007136,1,Bank Transfer,3037.57,Success,2026-02-28 00:32:00,
P009420,B007137,1,Digital Wallet,3688.44,Success,2026-05-24 00:53:00,
P009421,B007138,1,Digital Wallet,4491.02,Success,2025-08-30 00:22:00,
P009422,B007139,1,Debit Card,4986.08,Success,2026-09-26 00:47:00,
P009423,B007140,1,Credit Card,3790.13,Success,2026-03-02 00:06:00,
P009424,B007141,1,Bank Transfer,1915.35,Failed,2026-03-21 00:29:00,Card Declined
P009425,B007141,2,Debit Card,1915.35,Failed,2026-03-21 00:40:28,Technical Error
P009426,B007141,3,Digital Wallet,1915.35,Success,2026-03-21 00:46:14,
P009427,B007142,1,Bank Transfer,1845.55,Failed,2025-09-23 00:49:00,Payment Timeout
P009428,B007142,2,Digital Wallet,1845.55,Failed,2025-09-23 00:59:47,Technical Error
P009429,B007142,3,Bank Transfer,1845.55,Success,2025-09-23 01:02:46,
P009430,B007143,1,Bank Transfer,1890.97,Success,2026-08-27 00:35:00,
P009431,B007144,1,Apple Pay,940.59,Success,2026-04-20 00:47:00,
P009432,B007145,1,Bank Transfer,741.2,Success,2026-02-16 00:22:00,
P009433,B007146,1,Apple Pay,3113.79,Success,2026-05-31 00:19:00,
P009434,B007147,1,Bank Transfer,4147.65,Success,2026-04-29 00:40:00,
P009435,B007148,1,Apple Pay,662.61,Success,2026-08-10 00:42:00,
P009436,B007149,1,Apple Pay,3049.85,Success,2026-07-01 00:49:00,
P009437,B007150,1,Credit Card,2172.93,Failed,2025-12-06 00:28:00,Fraud Check
P009438,B007150,2,Apple Pay,2172.93,Success,2025-12-06 00:33:51,
P009439,B007151,1,Bank Transfer,4516.18,Failed,2026-07-26 00:33:00,Card Declined
P009440,B007151,2,Debit Card,4516.18,Success,2026-07-26 00:46:24,
P009441,B007152,1,Debit Card,1154.24,Failed,2025-12-31 00:59:00,Card Declined
P009442,B007152,2,Credit Card,1154.24,Success,2025-12-31 01:04:18,
P009443,B007153,1,Digital Wallet,3035.44,Success,2026-03-30 00:44:00,
P009444,B007154,1,Debit Card,4869.14,Failed,2025-11-29 00:21:00,Insufficient Funds
P009445,B007154,2,Digital Wallet,4869.14,Failed,2025-11-29 00:32:46,Card Declined
P009446,B007154,3,Digital Wallet,4869.14,Success,2025-11-29 00:44:14,
P009447,B007155,1,Apple Pay,2052.65,Success,2025-12-27 00:30:00,
P009448,B007156,1,Apple Pay,3838.0,Success,2025-12-24 00:12:00,
P009449,B007157,1,Bank Transfer,4471.03,Success,2026-05-07 00:46:00,
P009450,B007158,1,Bank Transfer,1337.95,Failed,2026-09-03 00:16:00,Technical Error
P009451,B007158,2,Bank Transfer,1337.95,Success,2026-09-03 00:29:56,
P009452,B007159,1,Credit Card,4966.37,Failed,2026-03-19 00:45:00,Technical Error
P009453,B007159,2,Credit Card,4966.37,Success,2026-03-19 00:56:26,
P009454,B007160,1,Credit Card,4142.24,Success,2026-04-09 00:37:00,
P009455,B007161,1,Bank Transfer,1119.04,Success,2025-10-30 00:40:00,
P009456,B007162,1,Apple Pay,1898.98,Success,2026-03-03 00:31:00,
P009457,B007163,1,Digital Wallet,3312.37,Success,2026-06-03 00:21:00,
P009458,B007164,1,Credit Card,4482.13,Success,2026-07-01 00:25:00,
P009459,B007165,1,Credit Card,1376.76,Success,2026-09-07 00:13:00,
P009460,B007166,1,Debit Card,3790.43,Failed,2026-05-25 00:09:00,Technical Error
P009461,B007166,2,Bank Transfer,3790.43,Success,2026-05-25 00:16:57,
P009462,B007167,1,Digital Wallet,1717.92,Success,2026-08-02 00:22:00,
P009463,B007168,1,Debit Card,4124.37,Failed,2026-09-03 00:54:00,Insufficient Funds
P009464,B007168,2,Apple Pay,4124.37,Success,2026-09-03 01:00:22,
P009465,B007169,1,Debit Card,3575.49,Success,2026-07-19 00:24:00,
P009466,B007170,1,Credit Card,2853.09,Failed,2025-11-04 00:42:00,Technical Error
P009467,B007170,2,Digital Wallet,2853.09,Success,2025-11-04 00:49:59,
P009468,B007171,1,Digital Wallet,3424.4,Success,2026-03-02 00:47:00,
P009469,B007172,1,Bank Transfer,4444.0,Failed,2026-04-27 00:22:00,Insufficient Funds
P009470,B007172,2,Apple Pay,4444.0,Failed,2026-04-27 00:35:17,Insufficient Funds
P009471,B007172,3,Digital Wallet,4444.0,Success,2026-04-27 00:49:08,
P009472,B007173,1,Credit Card,2238.92,Success,2026-01-17 00:48:00,
P009473,B007174,1,Bank Transfer,3961.63,Success,2025-12-03 00:29:00,
P009474,B007175,1,Debit Card,1215.07,Success,2026-07-22 00:10:00,
P009475,B007176,1,Digital Wallet,3655.34,Success,2026-07-31 00:22:00,
P009476,B007177,1,Credit Card,3877.96,Success,2025-09-26 00:59:00,
P009477,B007178,1,Credit Card,2493.49,Failed,2026-07-24 00:50:00,Technical Error
P009478,B007178,2,Digital Wallet,2493.49,Success,2026-07-24 00:54:21,
P009479,B007179,1,Bank Transfer,4071.3,Success,2026-10-15 00:50:00,
P009480,B007180,1,Credit Card,3006.97,Success,2026-02-28 00:21:00,
P009481,B007181,1,Digital Wallet,4713.23,Success,2026-07-31 00:28:00,
P009482,B007182,1,Digital Wallet,1006.1,Failed,2026-08-27 00:31:00,Insufficient Funds
P009483,B007182,2,Digital Wallet,1006.1,Failed,2026-08-27 00:32:13,Insufficient Funds
P009484,B007182,3,Bank Transfer,1006.1,Success,2026-08-27 00:41:10,
P009485,B007183,1,Digital Wallet,1088.7,Success,2026-04-08 00:49:00,
P009486,B007184,1,Digital Wallet,4290.92,Success,2026-06-27 00:36:00,
P009487,B007185,1,Credit Card,4290.63,Success,2026-03-10 00:57:00,
P009488,B007186,1,Bank Transfer,2620.51,Success,2025-10-31 00:48:00,
P009489,B007187,1,Debit Card,4837.83,Success,2025-11-08 00:23:00,
P009490,B007188,1,Digital Wallet,3557.25,Success,2025-10-16 00:37:00,
P009491,B007189,1,Debit Card,4922.84,Success,2026-08-04 00:13:00,
P009492,B007190,1,Debit Card,2895.78,Failed,2026-04-17 00:36:00,Technical Error
P009493,B007190,2,Credit Card,2895.78,Success,2026-04-17 00:40:17,
P009494,B007191,1,Apple Pay,1407.26,Failed,2026-06-16 00:17:00,Technical Error
P009495,B007191,2,Digital Wallet,1407.26,Success,2026-06-16 00:25:38,
P009496,B007192,1,Bank Transfer,2499.77,Success,2025-11-07 00:41:00,
P009497,B007193,1,Debit Card,4912.19,Failed,2026-01-10 00:20:00,Payment Timeout
P009498,B007193,2,Credit Card,4912.19,Success,2026-01-10 00:23:20,
P009499,B007194,1,Apple Pay,2166.86,Success,2026-08-13 00:15:00,
P009500,B007195,1,Debit Card,4806.57,Success,2026-03-08 00:58:00,
P009501,B007196,1,Credit Card,4086.6,Success,2025-10-20 00:39:00,
P009502,B007197,1,Digital Wallet,2489.48,Success,2026-08-21 00:59:00,
P009503,B007198,1,Credit Card,2938.42,Success,2026-04-26 00:40:00,
P009504,B007199,1,Digital Wallet,3233.48,Success,2026-07-29 00:44:00,
P009505,B007200,1,Bank Transfer,3495.95,Success,2026-07-07 00:28:00,
P009506,B007201,1,Credit Card,845.15,Failed,2026-04-18 00:34:00,Payment Timeout
P009507,B007201,2,Apple Pay,845.15,Success,2026-04-18 00:46:46,
P009508,B007202,1,Apple Pay,4701.15,Success,2026-04-23 00:39:00,
P009509,B007203,1,Apple Pay,3186.5,Success,2026-02-26 00:51:00,
P009510,B007204,1,Apple Pay,4690.17,Success,2026-09-10 00:25:00,
P009511,B007205,1,Apple Pay,3343.54,Success,2026-07-07 00:42:00,
P009512,B007206,1,Bank Transfer,2439.57,Success,2025-12-25 00:37:00,
P009513,B007207,1,Apple Pay,3051.18,Success,2025-08-18 00:16:00,
P009514,B007208,1,Apple Pay,4232.76,Success,2025-12-01 00:42:00,
P009515,B007209,1,Digital Wallet,1967.57,Failed,2026-07-06 00:59:00,Card Declined
P009516,B007209,2,Credit Card,1967.57,Success,2026-07-06 01:06:24,
P009517,B007210,1,Apple Pay,4804.07,Success,2025-12-20 00:47:00,
P009518,B007211,1,Credit Card,2596.8,Failed,2026-11-29 00:42:00,Payment Timeout
P009519,B007211,2,Credit Card,2596.8,Failed,2026-11-29 00:50:40,Technical Error
P009520,B007211,3,Bank Transfer,2596.8,Success,2026-11-29 01:00:07,
P009521,B007212,1,Digital Wallet,4803.07,Failed,2026-09-04 00:19:00,Fraud Check
P009522,B007212,2,Bank Transfer,4803.07,Success,2026-09-04 00:30:14,
P009523,B007213,1,Digital Wallet,4463.4,Success,2025-12-13 00:54:00,
P009524,B007214,1,Apple Pay,3954.48,Success,2026-04-23 00:24:00,
P009525,B007215,1,Bank Transfer,2603.47,Success,2025-12-17 00:06:00,
P009526,B007216,1,Debit Card,3141.25,Success,2026-03-05 00:22:00,
P009527,B007217,1,Digital Wallet,4271.13,Success,2026-08-15 00:57:00,
P009528,B007218,1,Debit Card,2948.25,Success,2026-01-01 00:56:00,
P009529,B007219,1,Debit Card,3821.85,Success,2025-12-22 00:50:00,
P009530,B007220,1,Debit Card,4057.97,Failed,2025-12-22 00:10:00,Card Declined
P009531,B007220,2,Debit Card,4057.97,Success,2025-12-22 00:22:41,
P009532,B007221,1,Bank Transfer,2808.93,Success,2026-09-29 00:26:00,
P009533,B007222,1,Debit Card,2913.11,Success,2025-12-28 00:33:00,
P009534,B007223,1,Debit Card,1390.26,Success,2026-08-23 00:06:00,
P009535,B007224,1,Credit Card,1601.33,Failed,2026-01-22 00:24:00,Card Declined
P009536,B007224,2,Digital Wallet,1601.33,Success,2026-01-22 00:26:39,
P009537,B007225,1,Apple Pay,4572.24,Success,2026-02-08 00:23:00,
P009538,B007226,1,Credit Card,4281.48,Success,2025-10-06 00:42:00,
P009539,B007227,1,Digital Wallet,545.55,Success,2026-05-28 01:00:00,
P009540,B007228,1,Apple Pay,4412.24,Success,2026-03-13 00:46:00,
P009541,B007229,1,Debit Card,613.56,Success,2025-12-07 00:14:00,
P009542,B007230,1,Digital Wallet,2562.26,Success,2026-09-09 00:41:00,
P009543,B007231,1,Digital Wallet,803.45,Failed,2026-05-26 00:09:00,Technical Error
P009544,B007231,2,Debit Card,803.45,Success,2026-05-26 00:23:51,
P009545,B007232,1,Apple Pay,4859.7,Success,2026-08-15 00:10:00,
P009546,B007233,1,Bank Transfer,4875.44,Failed,2026-07-03 00:39:00,Payment Timeout
P009547,B007233,2,Bank Transfer,4875.44,Success,2026-07-03 00:51:45,
P009548,B007234,1,Apple Pay,3248.92,Success,2026-04-02 00:48:00,
P009549,B007235,1,Digital Wallet,2264.92,Success,2026-05-07 00:10:00,
P009550,B007236,1,Apple Pay,2803.97,Success,2026-06-23 00:06:00,
P009551,B007237,1,Digital Wallet,3930.35,Success,2026-06-05 00:20:00,
P009552,B007238,1,Credit Card,1504.37,Failed,2026-09-22 00:22:00,Fraud Check
P009553,B007238,2,Debit Card,1504.37,Success,2026-09-22 00:26:42,
P009554,B007239,1,Credit Card,2487.75,Success,2026-03-07 00:55:00,
P009555,B007240,1,Debit Card,3817.71,Failed,2026-04-03 00:19:00,Fraud Check
P009556,B007240,2,Bank Transfer,3817.71,Failed,2026-04-03 00:24:20,Insufficient Funds
P009557,B007240,3,Debit Card,3817.71,Success,2026-04-03 00:28:10,
P009558,B007241,1,Digital Wallet,2279.27,Failed,2026-02-20 00:35:00,Technical Error
P009559,B007241,2,Digital Wallet,2279.27,Success,2026-02-20 00:48:13,
P009560,B007242,1,Debit Card,643.98,Success,2026-01-03 00:24:00,
P009561,B007243,1,Credit Card,2783.27,Success,2026-05-15 00:54:00,
P009562,B007244,1,Apple Pay,3818.35,Failed,2025-10-13 00:24:00,Card Declined
P009563,B007244,2,Credit Card,3818.35,Success,2025-10-13 00:35:58,
P009564,B007245,1,Apple Pay,4895.67,Success,2026-02-15 00:16:00,
P009565,B007246,1,Credit Card,666.71,Success,2026-02-12 00:17:00,
P009566,B007247,1,Bank Transfer,2929.64,Success,2025-12-27 00:21:00,
P009567,B007248,1,Apple Pay,2524.72,Success,2026-01-31 00:56:00,
P009568,B007249,1,Digital Wallet,1591.02,Success,2026-02-25 00:58:00,
P009569,B007250,1,Credit Card,3369.93,Failed,2026-02-23 00:53:00,Fraud Check
P009570,B007250,2,Bank Transfer,3369.93,Success,2026-02-23 01:04:41,
P009571,B007251,1,Debit Card,1236.3,Success,2026-01-03 00:11:00,
P009572,B007252,1,Apple Pay,1777.39,Success,2026-02-03 00:43:00,
P009573,B007253,1,Debit Card,4017.91,Success,2025-08-06 00:21:00,
P009574,B007254,1,Debit Card,2571.85,Success,2026-01-18 00:43:00,
P009575,B007255,1,Debit Card,4971.52,Failed,2026-01-04 00:42:00,Card Declined
P009576,B007255,2,Credit Card,4971.52,Success,2026-01-04 00:56:17,
P009577,B007256,1,Debit Card,2239.07,Failed,2026-05-18 00:33:00,Payment Timeout
P009578,B007256,2,Digital Wallet,2239.07,Success,2026-05-18 00:44:47,
P009579,B007257,1,Debit Card,2584.67,Success,2026-04-03 00:08:00,
P009580,B007258,1,Credit Card,1851.16,Success,2026-03-09 00:17:00,
P009581,B007259,1,Debit Card,1563.32,Success,2026-07-09 00:23:00,
P009582,B007260,1,Apple Pay,4650.27,Success,2026-09-22 00:08:00,
P009583,B007261,1,Apple Pay,3869.72,Success,2026-05-09 00:28:00,
P009584,B007262,1,Credit Card,2000.31,Success,2026-03-09 00:32:00,
P009585,B007263,1,Debit Card,3650.7,Failed,2026-01-04 00:06:00,Fraud Check
P009586,B007263,2,Debit Card,3650.7,Success,2026-01-04 00:13:37,
P009587,B007264,1,Apple Pay,4846.03,Failed,2026-01-01 00:45:00,Card Declined
P009588,B007264,2,Bank Transfer,4846.03,Failed,2026-01-01 00:51:48,Payment Timeout
P009589,B007264,3,Debit Card,4846.03,Success,2026-01-01 00:55:06,
P009590,B007265,1,Apple Pay,833.22,Success,2026-01-04 00:43:00,
P009591,B007266,1,Credit Card,1690.27,Success,2026-10-20 00:11:00,
P009592,B007267,1,Credit Card,1402.6,Success,2026-04-08 00:05:00,
P009593,B007268,1,Apple Pay,4414.02,Failed,2026-01-26 00:31:00,Card Declined
P009594,B007268,2,Debit Card,4414.02,Failed,2026-01-26 00:39:11,Fraud Check
P009595,B007268,3,Debit Card,4414.02,Success,2026-01-26 00:43:36,
P009596,B007269,1,Debit Card,1306.36,Success,2026-04-11 00:53:00,
P009597,B007270,1,Digital Wallet,1886.34,Failed,2026-08-03 00:51:00,Insufficient Funds
P009598,B007270,2,Bank Transfer,1886.34,Success,2026-08-03 00:53:53,
P009599,B007271,1,Credit Card,2947.37,Success,2026-07-04 00:33:00,
P009600,B007272,1,Apple Pay,3294.92,Success,2026-09-07 00:51:00,
P009601,B007273,1,Digital Wallet,4136.83,Success,2025-12-11 00:11:00,
P009602,B007274,1,Apple Pay,2332.95,Success,2026-05-29 00:28:00,
P009603,B007275,1,Digital Wallet,2904.1,Success,2026-05-28 00:27:00,
P009604,B007276,1,Credit Card,4844.58,Success,2026-10-26 00:33:00,
P009605,B007277,1,Bank Transfer,1838.13,Success,2026-06-04 00:48:00,
P009606,B007278,1,Debit Card,1616.42,Failed,2026-11-09 00:29:00,Payment Timeout
P009607,B007278,2,Credit Card,1616.42,Failed,2026-11-09 00:38:20,Card Declined
P009608,B007278,3,Debit Card,1616.42,Success,2026-11-09 00:50:52,
P009609,B007279,1,Debit Card,3697.7,Success,2025-09-06 00:18:00,
P009610,B007280,1,Digital Wallet,3970.11,Success,2025-10-02 00:27:00,
P009611,B007281,1,Digital Wallet,2366.51,Success,2025-10-05 00:18:00,
P009612,B007282,1,Debit Card,1458.41,Failed,2026-01-01 00:58:00,Fraud Check
P009613,B007282,2,Bank Transfer,1458.41,Success,2026-01-01 01:04:31,
P009614,B007283,1,Credit Card,4005.15,Success,2026-05-15 00:40:00,
P009615,B007284,1,Digital Wallet,3517.22,Failed,2026-08-04 00:47:00,Technical Error
P009616,B007284,2,Apple Pay,3517.22,Failed,2026-08-04 00:59:40,Insufficient Funds
P009617,B007284,3,Bank Transfer,3517.22,Success,2026-08-04 01:13:56,
P009618,B007285,1,Digital Wallet,4443.03,Success,2026-05-03 00:12:00,
P009619,B007286,1,Bank Transfer,4299.47,Success,2026-09-04 00:44:00,
P009620,B007287,1,Digital Wallet,1423.38,Success,2026-07-27 00:11:00,
P009621,B007288,1,Apple Pay,4245.53,Success,2025-10-03 00:40:00,
P009622,B007289,1,Debit Card,1288.28,Failed,2026-01-11 00:10:00,Technical Error
P009623,B007289,2,Apple Pay,1288.28,Success,2026-01-11 00:12:21,
P009624,B007290,1,Bank Transfer,4386.67,Failed,2026-09-16 00:23:00,Fraud Check
P009625,B007290,2,Credit Card,4386.67,Success,2026-09-16 00:33:40,
P009626,B007291,1,Digital Wallet,3966.44,Success,2025-11-23 00:32:00,
P009627,B007292,1,Debit Card,3064.37,Success,2026-06-10 00:38:00,
P009628,B007293,1,Credit Card,3390.0,Failed,2026-01-13 00:56:00,Card Declined
P009629,B007293,2,Bank Transfer,3390.0,Failed,2026-01-13 01:00:51,Insufficient Funds
P009630,B007293,3,Digital Wallet,3390.0,Success,2026-01-13 01:12:29,
P009631,B007294,1,Bank Transfer,968.36,Success,2026-04-15 00:39:00,
P009632,B007295,1,Apple Pay,679.48,Success,2026-07-03 00:41:00,
P009633,B007296,1,Credit Card,1987.91,Success,2026-02-10 00:41:00,
P009634,B007297,1,Digital Wallet,4196.33,Success,2026-03-18 00:52:00,
P009635,B007298,1,Debit Card,2596.04,Success,2025-12-25 00:43:00,
P009636,B007299,1,Bank Transfer,1505.27,Success,2025-10-30 00:15:00,
P009637,B007300,1,Debit Card,4255.47,Success,2026-10-27 00:54:00,
P009638,B007301,1,Digital Wallet,1528.82,Failed,2026-08-25 00:51:00,Card Declined
P009639,B007301,2,Apple Pay,1528.82,Success,2026-08-25 00:57:32,
P009640,B007302,1,Apple Pay,4169.72,Success,2025-12-17 00:55:00,
P009641,B007303,1,Apple Pay,2538.41,Success,2026-09-17 00:34:00,
P009642,B007304,1,Digital Wallet,2585.73,Success,2026-08-09 00:58:00,
P009643,B007305,1,Apple Pay,1727.24,Failed,2026-04-29 00:42:00,Insufficient Funds
P009644,B007305,2,Apple Pay,1727.24,Success,2026-04-29 00:55:21,
P009645,B007306,1,Debit Card,4550.78,Failed,2026-03-22 00:34:00,Insufficient Funds
P009646,B007306,2,Bank Transfer,4550.78,Success,2026-03-22 00:47:12,
P009647,B007307,1,Bank Transfer,899.53,Success,2026-07-05 00:49:00,
P009648,B007308,1,Apple Pay,1149.83,Success,2026-08-06 00:08:00,
P009649,B007309,1,Apple Pay,3361.48,Success,2026-05-27 00:41:00,
P009650,B007310,1,Digital Wallet,4325.52,Success,2026-03-25 00:09:00,
P009651,B007311,1,Apple Pay,929.53,Success,2026-04-03 00:21:00,
P009652,B007312,1,Debit Card,3801.89,Success,2025-10-02 00:51:00,
P009653,B007313,1,Credit Card,3841.3,Success,2026-11-03 00:47:00,
P009654,B007314,1,Apple Pay,3116.85,Failed,2025-12-23 00:55:00,Technical Error
P009655,B007314,2,Debit Card,3116.85,Success,2025-12-23 00:58:27,
P009656,B007315,1,Debit Card,2690.28,Failed,2026-08-25 00:05:00,Payment Timeout
P009657,B007315,2,Bank Transfer,2690.28,Failed,2026-08-25 00:17:43,Payment Timeout
P009658,B007315,3,Digital Wallet,2690.28,Success,2026-08-25 00:23:09,
P009659,B007316,1,Debit Card,1944.89,Failed,2026-06-24 00:48:00,Insufficient Funds
P009660,B007316,2,Apple Pay,1944.89,Failed,2026-06-24 01:02:47,Insufficient Funds
P009661,B007316,3,Debit Card,1944.89,Success,2026-06-24 01:13:43,
P009662,B007317,1,Apple Pay,2081.58,Success,2025-07-26 00:17:00,
P009663,B007318,1,Apple Pay,3534.95,Success,2026-01-03 00:54:00,
P009664,B007319,1,Digital Wallet,793.79,Success,2026-02-07 00:19:00,
P009665,B007320,1,Apple Pay,3132.21,Success,2026-05-14 00:44:00,
P009666,B007321,1,Credit Card,1754.29,Failed,2026-06-03 00:22:00,Insufficient Funds
P009667,B007321,2,Debit Card,1754.29,Success,2026-06-03 00:27:25,
P009668,B007322,1,Apple Pay,2599.73,Success,2026-09-07 00:47:00,
P009669,B007323,1,Digital Wallet,3015.41,Failed,2025-12-21 00:42:00,Insufficient Funds
P009670,B007323,2,Apple Pay,3015.41,Success,2025-12-21 00:51:13,
P009671,B007324,1,Debit Card,4485.47,Success,2026-08-15 00:37:00,
P009672,B007325,1,Debit Card,3105.84,Failed,2026-03-26 00:28:00,Fraud Check
P009673,B007325,2,Bank Transfer,3105.84,Success,2026-03-26 00:41:48,
P009674,B007326,1,Apple Pay,1522.22,Success,2026-07-04 00:21:00,
P009675,B007327,1,Digital Wallet,857.57,Success,2026-04-18 00:46:00,
P009676,B007328,1,Digital Wallet,3321.45,Success,2026-03-12 00:11:00,
P009677,B007329,1,Bank Transfer,2952.72,Success,2026-03-28 00:34:00,
P009678,B007330,1,Apple Pay,3523.09,Success,2026-08-03 00:13:00,
P009679,B007331,1,Credit Card,2567.28,Success,2026-05-11 00:26:00,
P009680,B007332,1,Bank Transfer,4213.07,Failed,2026-11-07 00:11:00,Fraud Check
P009681,B007332,2,Apple Pay,4213.07,Success,2026-11-07 00:18:37,
P009682,B007333,1,Debit Card,4640.81,Failed,2026-04-04 00:43:00,Insufficient Funds
P009683,B007333,2,Apple Pay,4640.81,Success,2026-04-04 00:56:22,
P009684,B007334,1,Bank Transfer,680.02,Success,2026-10-09 00:34:00,
P009685,B007335,1,Digital Wallet,3848.39,Failed,2026-04-17 00:56:00,Payment Timeout
P009686,B007335,2,Apple Pay,3848.39,Failed,2026-04-17 01:03:11,Insufficient Funds
P009687,B007335,3,Bank Transfer,3848.39,Success,2026-04-17 01:13:42,
P009688,B007336,1,Apple Pay,658.22,Failed,2026-03-25 00:31:00,Technical Error
P009689,B007336,2,Debit Card,658.22,Success,2026-03-25 00:39:26,
P009690,B007337,1,Debit Card,2502.94,Success,2026-04-01 00:48:00,
P009691,B007338,1,Apple Pay,2577.21,Failed,2025-10-22 00:30:00,Insufficient Funds
P009692,B007338,2,Apple Pay,2577.21,Failed,2025-10-22 00:34:43,Insufficient Funds
P009693,B007338,3,Bank Transfer,2577.21,Success,2025-10-22 00:39:13,
P009694,B007339,1,Credit Card,3632.98,Failed,2026-01-15 00:17:00,Fraud Check
P009695,B007339,2,Digital Wallet,3632.98,Success,2026-01-15 00:24:14,
P009696,B007340,1,Debit Card,2085.81,Failed,2025-11-27 00:28:00,Insufficient Funds
P009697,B007340,2,Debit Card,2085.81,Success,2025-11-27 00:37:34,
P009698,B007341,1,Bank Transfer,4194.06,Success,2026-06-27 00:32:00,
P009699,B007342,1,Digital Wallet,2042.89,Failed,2026-09-06 00:55:00,Fraud Check
P009700,B007342,2,Apple Pay,2042.89,Failed,2026-09-06 01:06:59,Insufficient Funds
P009701,B007342,3,Credit Card,2042.89,Success,2026-09-06 01:14:34,
P009702,B007343,1,Bank Transfer,2041.33,Success,2026-04-01 00:31:00,
P009703,B007344,1,Apple Pay,1502.42,Failed,2025-11-17 00:56:00,Card Declined
P009704,B007344,2,Digital Wallet,1502.42,Success,2025-11-17 01:05:31,
P009705,B007345,1,Debit Card,3577.41,Success,2026-02-12 00:14:00,
P009706,B007346,1,Apple Pay,844.64,Failed,2026-09-30 00:06:00,Fraud Check
P009707,B007346,2,Bank Transfer,844.64,Success,2026-09-30 00:17:47,
P009708,B007347,1,Apple Pay,2133.75,Success,2026-02-16 00:57:00,
P009709,B007348,1,Credit Card,1701.01,Success,2026-04-23 00:43:00,
P009710,B007349,1,Credit Card,1532.01,Success,2025-12-31 00:19:00,
P009711,B007350,1,Bank Transfer,774.42,Failed,2026-08-07 00:30:00,Technical Error
P009712,B007350,2,Credit Card,774.42,Success,2026-08-07 00:31:27,
P009713,B007351,1,Digital Wallet,1356.72,Success,2026-09-05 00:05:00,
P009714,B007352,1,Digital Wallet,2508.1,Success,2025-09-08 00:41:00,
P009715,B007353,1,Digital Wallet,2766.84,Success,2026-03-09 00:50:00,
P009716,B007354,1,Digital Wallet,1712.77,Success,2026-04-05 00:55:00,
P009717,B007355,1,Digital Wallet,3426.1,Success,2025-12-01 00:57:00,
P009718,B007356,1,Digital Wallet,2011.07,Failed,2025-08-25 00:28:00,Payment Timeout
P009719,B007356,2,Digital Wallet,2011.07,Success,2025-08-25 00:32:21,
P009720,B007357,1,Digital Wallet,2152.61,Failed,2025-10-23 00:43:00,Payment Timeout
P009721,B007357,2,Bank Transfer,2152.61,Failed,2025-10-23 00:54:34,Technical Error
P009722,B007357,3,Apple Pay,2152.61,Success,2025-10-23 01:01:05,
P009723,B007358,1,Credit Card,4021.81,Failed,2026-05-31 00:12:00,Insufficient Funds
P009724,B007358,2,Digital Wallet,4021.81,Success,2026-05-31 00:14:12,
P009725,B007359,1,Bank Transfer,2983.85,Success,2026-04-03 00:30:00,
P009726,B007360,1,Bank Transfer,4789.29,Success,2026-05-12 00:42:00,
P009727,B007361,1,Digital Wallet,2116.86,Success,2026-02-11 00:57:00,
P009728,B007362,1,Digital Wallet,4225.28,Success,2026-04-23 00:16:00,
P009729,B007363,1,Apple Pay,3822.52,Success,2026-01-26 00:23:00,
P009730,B007364,1,Bank Transfer,4505.85,Success,2026-03-31 00:11:00,
P009731,B007365,1,Digital Wallet,4805.56,Failed,2026-02-15 00:21:00,Payment Timeout
P009732,B007365,2,Apple Pay,4805.56,Success,2026-02-15 00:24:57,
P009733,B007366,1,Bank Transfer,534.54,Success,2026-02-01 00:52:00,
P009734,B007367,1,Digital Wallet,897.34,Success,2026-09-17 00:46:00,
P009735,B007368,1,Bank Transfer,3534.52,Success,2025-12-18 00:53:00,
P009736,B007369,1,Apple Pay,2255.9,Success,2026-02-09 00:21:00,
P009737,B007370,1,Debit Card,4186.06,Failed,2026-02-19 00:56:00,Fraud Check
P009738,B007370,2,Bank Transfer,4186.06,Failed,2026-02-19 01:09:16,Fraud Check
P009739,B007370,3,Debit Card,4186.06,Success,2026-02-19 01:11:45,
P009740,B007371,1,Digital Wallet,553.91,Success,2026-02-26 00:56:00,
P009741,B007372,1,Apple Pay,4131.4,Success,2026-04-18 00:55:00,
P009742,B007373,1,Apple Pay,1108.59,Success,2026-02-17 00:20:00,
P009743,B007374,1,Digital Wallet,1806.12,Success,2026-01-21 00:21:00,
P009744,B007375,1,Bank Transfer,4860.85,Failed,2026-03-16 00:56:00,Card Declined
P009745,B007375,2,Bank Transfer,4860.85,Success,2026-03-16 01:03:39,
P009746,B007376,1,Debit Card,732.19,Success,2026-06-21 00:20:00,
P009747,B007377,1,Credit Card,2070.68,Failed,2026-02-07 00:49:00,Fraud Check
P009748,B007377,2,Digital Wallet,2070.68,Failed,2026-02-07 00:50:58,Payment Timeout
P009749,B007377,3,Apple Pay,2070.68,Success,2026-02-07 00:59:29,
P009750,B007378,1,Bank Transfer,880.38,Success,2026-05-19 00:36:00,
P009751,B007379,1,Credit Card,4341.22,Failed,2026-03-19 00:38:00,Technical Error
P009752,B007379,2,Apple Pay,4341.22,Failed,2026-03-19 00:48:40,Fraud Check
P009753,B007379,3,Bank Transfer,4341.22,Success,2026-03-19 01:02:39,
P009754,B007380,1,Credit Card,3663.57,Success,2026-04-22 00:35:00,
P009755,B007381,1,Bank Transfer,4101.52,Failed,2026-08-05 00:42:00,Payment Timeout
P009756,B007381,2,Debit Card,4101.52,Success,2026-08-05 00:44:25,
P009757,B007382,1,Credit Card,2872.76,Success,2026-10-11 00:14:00,
P009758,B007383,1,Credit Card,2109.74,Success,2026-07-31 00:51:00,
P009759,B007384,1,Debit Card,510.23,Success,2026-03-08 00:20:00,
P009760,B007385,1,Apple Pay,1750.67,Failed,2025-12-25 00:59:00,Insufficient Funds
P009761,B007385,2,Credit Card,1750.67,Failed,2025-12-25 01:09:21,Insufficient Funds
P009762,B007385,3,Debit Card,1750.67,Success,2025-12-25 01:22:46,
P009763,B007386,1,Apple Pay,2815.49,Success,2025-10-01 00:40:00,
P009764,B007387,1,Digital Wallet,3489.63,Failed,2025-12-06 00:34:00,Payment Timeout
P009765,B007387,2,Credit Card,3489.63,Failed,2025-12-06 00:47:23,Payment Timeout
P009766,B007387,3,Credit Card,3489.63,Success,2025-12-06 00:59:42,
P009767,B007388,1,Apple Pay,1530.22,Success,2026-03-22 00:18:00,
P009768,B007389,1,Bank Transfer,1125.05,Success,2026-08-22 00:16:00,
P009769,B007390,1,Apple Pay,1407.27,Failed,2026-09-09 00:53:00,Insufficient Funds
P009770,B007390,2,Bank Transfer,1407.27,Success,2026-09-09 01:05:45,
P009771,B007391,1,Credit Card,2093.34,Success,2025-10-08 00:12:00,
P009772,B007392,1,Credit Card,1167.7,Failed,2025-10-28 00:41:00,Fraud Check
P009773,B007392,2,Debit Card,1167.7,Failed,2025-10-28 00:46:47,Insufficient Funds
P009774,B007392,3,Apple Pay,1167.7,Success,2025-10-28 00:55:01,
P009775,B007393,1,Digital Wallet,1205.68,Success,2026-05-31 00:05:00,
P009776,B007394,1,Apple Pay,696.88,Success,2026-05-18 00:18:00,
P009777,B007395,1,Bank Transfer,4355.26,Failed,2026-07-30 00:07:00,Insufficient Funds
P009778,B007395,2,Credit Card,4355.26,Failed,2026-07-30 00:08:13,Insufficient Funds
P009779,B007395,3,Credit Card,4355.26,Success,2026-07-30 00:10:08,
P009780,B007396,1,Credit Card,1488.91,Failed,2026-12-04 00:42:00,Fraud Check
P009781,B007396,2,Debit Card,1488.91,Failed,2026-12-04 00:45:37,Insufficient Funds
P009782,B007396,3,Credit Card,1488.91,Success,2026-12-04 00:57:15,
P009783,B007397,1,Bank Transfer,4198.56,Failed,2026-02-25 00:44:00,Payment Timeout
P009784,B007397,2,Credit Card,4198.56,Success,2026-02-25 00:52:17,
P009785,B007398,1,Apple Pay,2472.39,Success,2025-11-17 00:51:00,
P009786,B007399,1,Bank Transfer,3345.97,Success,2025-12-05 00:54:00,
P009787,B007400,1,Digital Wallet,840.66,Success,2026-08-12 00:27:00,
P009788,B007401,1,Digital Wallet,3126.11,Success,2026-09-19 00:20:00,
P009789,B007402,1,Apple Pay,1804.98,Success,2026-09-14 00:09:00,
P009790,B007403,1,Apple Pay,928.44,Success,2026-04-21 00:39:00,
P009791,B007404,1,Bank Transfer,4587.05,Failed,2025-12-16 00:55:00,Insufficient Funds
P009792,B007404,2,Credit Card,4587.05,Success,2025-12-16 01:01:38,
P009793,B007405,1,Digital Wallet,3216.33,Success,2026-07-20 00:54:00,
P009794,B007406,1,Debit Card,1587.68,Failed,2025-12-09 00:24:00,Payment Timeout
P009795,B007406,2,Bank Transfer,1587.68,Success,2025-12-09 00:37:36,
P009796,B007407,1,Digital Wallet,2388.42,Success,2026-02-17 00:09:00,
P009797,B007408,1,Apple Pay,2106.05,Success,2026-07-26 00:16:00,
P009798,B007409,1,Digital Wallet,3652.61,Success,2026-05-27 00:37:00,
P009799,B007410,1,Bank Transfer,3233.45,Failed,2026-08-09 00:41:00,Card Declined
P009800,B007410,2,Bank Transfer,3233.45,Success,2026-08-09 00:42:28,
P009801,B007411,1,Bank Transfer,589.02,Success,2026-03-11 00:45:00,
P009802,B007412,1,Apple Pay,1390.22,Success,2025-10-19 00:05:00,
P009803,B007413,1,Bank Transfer,2651.58,Success,2026-07-23 00:26:00,
P009804,B007414,1,Apple Pay,2504.69,Success,2026-01-24 00:29:00,
P009805,B007415,1,Credit Card,2825.04,Success,2026-05-18 00:15:00,
P009806,B007416,1,Debit Card,3716.65,Success,2025-09-17 00:23:00,
P009807,B007417,1,Digital Wallet,3569.04,Failed,2026-04-09 00:11:00,Fraud Check
P009808,B007417,2,Bank Transfer,3569.04,Success,2026-04-09 00:17:16,
P009809,B007418,1,Bank Transfer,2177.66,Success,2026-05-15 00:22:00,
P009810,B007419,1,Apple Pay,4449.12,Success,2026-06-20 00:21:00,
P009811,B007420,1,Credit Card,783.2,Success,2026-03-27 00:56:00,
P009812,B007421,1,Apple Pay,3130.29,Failed,2025-12-21 00:43:00,Technical Error
P009813,B007421,2,Digital Wallet,3130.29,Failed,2025-12-21 00:53:12,Technical Error
P009814,B007421,3,Debit Card,3130.29,Success,2025-12-21 01:01:40,
P009815,B007422,1,Digital Wallet,4773.58,Success,2026-02-20 00:25:00,
P009816,B007423,1,Apple Pay,2970.87,Success,2026-07-17 00:21:00,
P009817,B007424,1,Apple Pay,2547.98,Success,2026-11-20 00:30:00,
P009818,B007425,1,Apple Pay,1102.63,Success,2026-09-12 00:56:00,
P009819,B007426,1,Apple Pay,4145.85,Success,2026-05-16 00:43:00,
P009820,B007427,1,Apple Pay,2182.08,Failed,2026-04-09 00:51:00,Fraud Check
P009821,B007427,2,Digital Wallet,2182.08,Success,2026-04-09 01:02:58,
P009822,B007428,1,Digital Wallet,3655.61,Success,2026-04-17 00:16:00,
P009823,B007429,1,Apple Pay,1388.96,Success,2026-04-26 00:35:00,
P009824,B007430,1,Digital Wallet,688.38,Failed,2026-05-11 00:40:00,Insufficient Funds
P009825,B007430,2,Credit Card,688.38,Failed,2026-05-11 00:54:45,Fraud Check
P009826,B007430,3,Debit Card,688.38,Success,2026-05-11 01:07:21,
P009827,B007431,1,Apple Pay,1874.6,Success,2026-01-07 00:48:00,
P009828,B007432,1,Credit Card,1766.36,Failed,2025-11-25 00:16:00,Insufficient Funds
P009829,B007432,2,Bank Transfer,1766.36,Success,2025-11-25 00:19:27,
P009830,B007433,1,Bank Transfer,4430.64,Success,2025-12-04 00:36:00,
P009831,B007434,1,Credit Card,4391.03,Success,2026-06-25 00:23:00,
P009832,B007435,1,Debit Card,2902.52,Success,2025-12-09 00:26:00,
P009833,B007436,1,Debit Card,585.5,Success,2026-05-01 01:00:00,
P009834,B007437,1,Bank Transfer,1527.46,Success,2026-05-11 00:30:00,
P009835,B007438,1,Credit Card,3375.56,Failed,2026-01-03 00:44:00,Insufficient Funds
P009836,B007438,2,Credit Card,3375.56,Success,2026-01-03 00:55:15,
P009837,B007439,1,Debit Card,956.34,Success,2025-12-23 00:21:00,
P009838,B007440,1,Credit Card,3652.8,Success,2026-10-04 00:50:00,
P009839,B007441,1,Bank Transfer,553.83,Failed,2026-04-12 00:58:00,Fraud Check
P009840,B007441,2,Bank Transfer,553.83,Success,2026-04-12 01:04:56,
P009841,B007442,1,Apple Pay,3571.42,Failed,2026-07-29 00:28:00,Technical Error
P009842,B007442,2,Apple Pay,3571.42,Success,2026-07-29 00:39:41,
P009843,B007443,1,Apple Pay,4300.43,Success,2026-04-26 00:27:00,
P009844,B007444,1,Apple Pay,2611.48,Success,2026-05-17 00:19:00,
P009845,B007445,1,Credit Card,4230.86,Success,2026-06-01 00:38:00,
P009846,B007446,1,Apple Pay,4016.87,Success,2026-02-07 00:23:00,
P009847,B007447,1,Digital Wallet,3521.39,Success,2026-02-08 00:17:00,
P009848,B007448,1,Digital Wallet,2503.17,Success,2026-04-19 00:27:00,
P009849,B007449,1,Bank Transfer,1723.57,Success,2026-09-06 00:06:00,
P009850,B007450,1,Bank Transfer,4373.89,Failed,2026-07-12 00:31:00,Insufficient Funds
P009851,B007450,2,Apple Pay,4373.89,Failed,2026-07-12 00:39:13,Card Declined
P009852,B007450,3,Digital Wallet,4373.89,Success,2026-07-12 00:42:09,
P009853,B007451,1,Apple Pay,3418.66,Success,2026-04-10 00:24:00,
P009854,B007452,1,Bank Transfer,4091.08,Success,2026-01-02 00:27:00,
P009855,B007453,1,Debit Card,2983.85,Success,2026-10-02 00:55:00,
P009856,B007454,1,Apple Pay,1273.4,Success,2026-10-11 00:48:00,
P009857,B007455,1,Credit Card,4907.47,Success,2026-06-16 00:16:00,
P009858,B007456,1,Debit Card,1322.32,Failed,2026-06-09 00:40:00,Card Declined
P009859,B007456,2,Digital Wallet,1322.32,Success,2026-06-09 00:50:31,
P009860,B007457,1,Digital Wallet,4600.59,Success,2026-10-10 00:06:00,
P009861,B007458,1,Debit Card,1436.62,Success,2026-04-20 00:35:00,
P009862,B007459,1,Credit Card,2181.87,Failed,2026-11-25 00:31:00,Card Declined
P009863,B007459,2,Debit Card,2181.87,Failed,2026-11-25 00:36:17,Fraud Check
P009864,B007459,3,Credit Card,2181.87,Success,2026-11-25 00:37:32,
P009865,B007460,1,Digital Wallet,2480.38,Success,2026-02-10 00:47:00,
P009866,B007461,1,Digital Wallet,4646.19,Success,2026-10-23 00:59:00,
P009867,B007462,1,Apple Pay,4496.89,Success,2026-04-05 00:50:00,
P009868,B007463,1,Debit Card,4204.49,Success,2026-07-09 00:14:00,
P009869,B007464,1,Bank Transfer,2195.04,Failed,2025-12-30 00:37:00,Insufficient Funds
P009870,B007464,2,Credit Card,2195.04,Success,2025-12-30 00:49:32,
P009871,B007465,1,Digital Wallet,520.22,Success,2025-10-21 00:08:00,
P009872,B007466,1,Bank Transfer,3567.12,Failed,2025-09-28 00:34:00,Technical Error
P009873,B007466,2,Credit Card,3567.12,Success,2025-09-28 00:42:16,
P009874,B007467,1,Digital Wallet,2349.29,Success,2025-09-06 00:31:00,
P009875,B007468,1,Digital Wallet,3906.76,Failed,2026-07-15 00:11:00,Fraud Check
P009876,B007468,2,Credit Card,3906.76,Failed,2026-07-15 00:13:32,Card Declined
P009877,B007468,3,Digital Wallet,3906.76,Success,2026-07-15 00:27:22,
P009878,B007469,1,Bank Transfer,4076.83,Success,2025-12-16 00:30:00,
P009879,B007470,1,Debit Card,2478.76,Success,2026-09-13 00:22:00,
P009880,B007471,1,Credit Card,3866.46,Failed,2025-12-28 00:28:00,Technical Error
P009881,B007471,2,Credit Card,3866.46,Success,2025-12-28 00:40:51,
P009882,B007472,1,Digital Wallet,4279.72,Failed,2026-02-06 00:17:00,Technical Error
P009883,B007472,2,Digital Wallet,4279.72,Failed,2026-02-06 00:31:26,Card Declined
P009884,B007472,3,Bank Transfer,4279.72,Success,2026-02-06 00:43:05,
P009885,B007473,1,Bank Transfer,4678.14,Failed,2025-12-03 00:24:00,Payment Timeout
P009886,B007473,2,Credit Card,4678.14,Failed,2025-12-03 00:34:44,Payment Timeout
P009887,B007473,3,Digital Wallet,4678.14,Success,2025-12-03 00:48:07,
P009888,B007474,1,Debit Card,3121.05,Success,2025-09-21 00:42:00,
P009889,B007475,1,Digital Wallet,4003.15,Success,2025-12-30 00:31:00,
P009890,B007476,1,Digital Wallet,2725.54,Success,2026-03-10 00:44:00,
P009891,B007477,1,Credit Card,687.48,Success,2026-03-23 00:42:00,
P009892,B007478,1,Bank Transfer,1198.5,Success,2026-03-19 00:47:00,
P009893,B007479,1,Apple Pay,1077.01,Success,2026-01-19 00:50:00,
P009894,B007480,1,Apple Pay,1272.95,Success,2026-02-08 00:06:00,
P009895,B007481,1,Apple Pay,545.96,Failed,2025-12-29 00:57:00,Fraud Check
P009896,B007481,2,Apple Pay,545.96,Failed,2025-12-29 01:00:21,Fraud Check
P009897,B007481,3,Apple Pay,545.96,Success,2025-12-29 01:13:19,
P009898,B007482,1,Debit Card,4364.18,Success,2026-02-25 00:31:00,
P009899,B007483,1,Digital Wallet,3020.67,Success,2026-04-10 00:45:00,
P009900,B007484,1,Apple Pay,2224.18,Success,2026-01-10 00:10:00,
P009901,B007485,1,Credit Card,2344.0,Success,2026-10-20 00:45:00,
P009902,B007486,1,Apple Pay,2585.08,Success,2025-10-31 00:54:00,
P009903,B007487,1,Apple Pay,832.48,Success,2026-06-23 00:35:00,
P009904,B007488,1,Digital Wallet,1735.99,Success,2025-12-11 00:27:00,
P009905,B007489,1,Apple Pay,4332.32,Success,2025-09-17 00:51:00,
P009906,B007490,1,Debit Card,3846.54,Failed,2026-03-07 00:31:00,Fraud Check
P009907,B007490,2,Credit Card,3846.54,Success,2026-03-07 00:44:48,
P009908,B007491,1,Bank Transfer,3035.32,Success,2026-02-28 00:43:00,
P009909,B007492,1,Debit Card,2663.17,Success,2026-02-27 00:49:00,
P009910,B007493,1,Bank Transfer,1665.38,Success,2026-03-14 00:19:00,
P009911,B007494,1,Apple Pay,2620.65,Success,2025-12-06 00:06:00,
P009912,B007495,1,Digital Wallet,3190.35,Success,2026-04-21 00:59:00,
P009913,B007496,1,Digital Wallet,3706.87,Success,2026-04-23 00:44:00,
P009914,B007497,1,Digital Wallet,1249.88,Success,2025-09-08 00:58:00,
P009915,B007498,1,Digital Wallet,4159.0,Success,2026-06-09 00:52:00,
P009916,B007499,1,Credit Card,2056.15,Success,2026-02-13 00:18:00,
P009917,B007500,1,Credit Card,2764.66,Success,2026-03-09 00:55:00,
P009918,B007501,1,Apple Pay,3235.57,Success,2026-03-10 00:49:00,
P009919,B007502,1,Apple Pay,2696.43,Success,2025-09-02 00:37:00,
P009920,B007503,1,Credit Card,3073.81,Success,2026-08-23 00:36:00,
P009921,B007504,1,Digital Wallet,1001.86,Failed,2026-11-08 00:56:00,Payment Timeout
P009922,B007504,2,Apple Pay,1001.86,Success,2026-11-08 00:58:30,
P009923,B007505,1,Credit Card,2444.7,Success,2026-10-01 00:42:00,
P009924,B007506,1,Digital Wallet,1762.1,Success,2026-06-24 00:25:00,
P009925,B007507,1,Apple Pay,887.12,Success,2026-10-02 00:11:00,
P009926,B007508,1,Digital Wallet,1362.42,Success,2026-03-25 00:46:00,
P009927,B007509,1,Bank Transfer,3211.0,Success,2026-09-27 00:09:00,
P009928,B007510,1,Debit Card,1385.09,Success,2026-07-27 00:21:00,
P009929,B007511,1,Debit Card,1314.79,Success,2026-01-06 00:25:00,
P009930,B007512,1,Credit Card,2987.74,Success,2025-10-05 00:08:00,
P009931,B007513,1,Bank Transfer,4571.16,Success,2025-10-29 00:18:00,
P009932,B007514,1,Debit Card,4049.12,Failed,2026-09-11 00:33:00,Insufficient Funds
P009933,B007514,2,Bank Transfer,4049.12,Success,2026-09-11 00:45:39,
P009934,B007515,1,Apple Pay,4572.9,Failed,2026-06-02 00:05:00,Technical Error
P009935,B007515,2,Bank Transfer,4572.9,Failed,2026-06-02 00:09:43,Insufficient Funds
P009936,B007515,3,Debit Card,4572.9,Success,2026-06-02 00:15:42,
P009937,B007516,1,Debit Card,3123.41,Success,2026-07-24 00:29:00,
P009938,B007517,1,Credit Card,2344.68,Failed,2026-05-05 00:41:00,Insufficient Funds
P009939,B007517,2,Bank Transfer,2344.68,Success,2026-05-05 00:55:23,
P009940,B007518,1,Apple Pay,3783.39,Success,2026-05-29 00:38:00,
P009941,B007519,1,Debit Card,1676.14,Failed,2026-06-08 00:59:00,Card Declined
P009942,B007519,2,Digital Wallet,1676.14,Success,2026-06-08 01:01:48,
P009943,B007520,1,Credit Card,851.24,Success,2026-07-05 00:48:00,
P009944,B007521,1,Digital Wallet,2050.77,Success,2026-06-29 00:45:00,
P009945,B007522,1,Credit Card,1846.57,Success,2026-07-19 00:40:00,
P009946,B007523,1,Bank Transfer,3539.93,Success,2026-08-29 00:56:00,
P009947,B007524,1,Bank Transfer,2981.13,Success,2026-08-21 00:06:00,
P009948,B007525,1,Debit Card,1122.18,Success,2026-08-27 00:08:00,
P009949,B007526,1,Debit Card,4588.27,Failed,2026-01-14 00:46:00,Insufficient Funds
P009950,B007526,2,Digital Wallet,4588.27,Success,2026-01-14 00:47:59,
P009951,B007527,1,Apple Pay,3170.03,Success,2026-06-08 00:21:00,
P009952,B007528,1,Bank Transfer,2559.58,Success,2025-12-16 00:47:00,
P009953,B007529,1,Credit Card,4717.38,Success,2025-12-12 00:10:00,
P009954,B007530,1,Debit Card,937.86,Failed,2025-10-05 00:41:00,Payment Timeout
P009955,B007530,2,Apple Pay,937.86,Failed,2025-10-05 00:51:19,Insufficient Funds
P009956,B007530,3,Debit Card,937.86,Success,2025-10-05 00:52:51,
P009957,B007531,1,Credit Card,4053.17,Success,2026-10-11 00:36:00,
P009958,B007532,1,Debit Card,2140.99,Success,2026-03-16 00:33:00,
P009959,B007533,1,Digital Wallet,3629.25,Success,2026-11-20 00:11:00,
P009960,B007534,1,Debit Card,4688.26,Failed,2026-03-11 00:09:00,Card Declined
P009961,B007534,2,Bank Transfer,4688.26,Success,2026-03-11 00:14:54,
P009962,B007535,1,Credit Card,2829.71,Failed,2026-11-30 00:24:00,Payment Timeout
P009963,B007535,2,Debit Card,2829.71,Success,2026-11-30 00:35:37,
P009964,B007536,1,Apple Pay,601.87,Failed,2026-01-17 00:25:00,Fraud Check
P009965,B007536,2,Digital Wallet,601.87,Failed,2026-01-17 00:34:52,Payment Timeout
P009966,B007536,3,Debit Card,601.87,Success,2026-01-17 00:36:42,
P009967,B007537,1,Apple Pay,629.82,Success,2026-02-08 00:44:00,
P009968,B007538,1,Bank Transfer,1987.52,Failed,2026-10-30 00:54:00,Card Declined
P009969,B007538,2,Bank Transfer,1987.52,Success,2026-10-30 01:08:23,
P009970,B007539,1,Bank Transfer,4017.46,Success,2026-03-12 00:47:00,
P009971,B007540,1,Credit Card,1797.18,Success,2026-08-07 00:30:00,
P009972,B007541,1,Digital Wallet,2005.11,Success,2026-10-09 00:46:00,
P009973,B007542,1,Debit Card,4030.07,Success,2026-08-17 00:09:00,
P009974,B007543,1,Debit Card,1022.85,Success,2026-10-08 00:17:00,
P009975,B007544,1,Debit Card,4310.66,Success,2026-02-15 00:56:00,
P009976,B007545,1,Digital Wallet,1696.07,Failed,2025-11-04 00:58:00,Technical Error
P009977,B007545,2,Credit Card,1696.07,Failed,2025-11-04 01:09:32,Payment Timeout
P009978,B007545,3,Debit Card,1696.07,Success,2025-11-04 01:17:20,
P009979,B007546,1,Debit Card,730.5,Success,2026-01-19 00:52:00,
P009980,B007547,1,Apple Pay,1028.04,Success,2026-08-01 00:55:00,
P009981,B007548,1,Bank Transfer,4786.5,Success,2026-08-27 00:58:00,
P009982,B007549,1,Digital Wallet,2530.96,Success,2026-05-30 00:26:00,
P009983,B007550,1,Digital Wallet,1653.97,Success,2026-05-04 00:58:00,
P009984,B007551,1,Bank Transfer,2845.72,Success,2026-01-06 00:24:00,
P009985,B007552,1,Digital Wallet,3570.56,Success,2025-10-31 00:35:00,
P009986,B007553,1,Apple Pay,1934.59,Success,2025-09-22 00:18:00,
P009987,B007554,1,Debit Card,3763.72,Success,2025-11-18 00:28:00,
P009988,B007555,1,Bank Transfer,1635.13,Failed,2026-02-20 00:46:00,Technical Error
P009989,B007555,2,Digital Wallet,1635.13,Success,2026-02-20 00:53:33,
P009990,B007556,1,Debit Card,1005.52,Success,2026-04-21 00:47:00,
P009991,B007557,1,Digital Wallet,2973.69,Success,2026-01-23 01:00:00,
P009992,B007558,1,Debit Card,1180.03,Success,2026-05-31 00:22:00,
P009993,B007559,1,Apple Pay,4732.18,Failed,2026-03-16 00:14:00,Technical Error
P009994,B007559,2,Credit Card,4732.18,Success,2026-03-16 00:20:17,
P009995,B007560,1,Digital Wallet,502.02,Success,2026-09-20 00:29:00,
P009996,B007561,1,Debit Card,3900.63,Failed,2026-07-21 00:24:00,Insufficient Funds
P009997,B007561,2,Digital Wallet,3900.63,Success,2026-07-21 00:32:41,
P009998,B007562,1,Debit Card,1757.63,Failed,2026-04-23 00:21:00,Insufficient Funds
P009999,B007562,2,Bank Transfer,1757.63,Success,2026-04-23 00:34:20,
P010000,B007563,1,Apple Pay,4307.39,Success,2026-01-12 00:07:00,
P010001,B007564,1,Apple Pay,770.68,Success,2025-12-22 00:13:00,
P010002,B007565,1,Bank Transfer,4788.5,Success,2026-08-25 00:58:00,
P010003,B007566,1,Credit Card,956.28,Failed,2026-02-16 00:44:00,Technical Error
P010004,B007566,2,Bank Transfer,956.28,Success,2026-02-16 00:55:46,
P010005,B007567,1,Bank Transfer,4045.47,Success,2026-03-08 00:29:00,
P010006,B007568,1,Digital Wallet,2828.04,Success,2026-07-28 00:13:00,
P010007,B007569,1,Apple Pay,2436.78,Success,2026-03-18 00:26:00,
P010008,B007570,1,Digital Wallet,1760.7,Failed,2026-08-21 00:40:00,Card Declined
P010009,B007570,2,Credit Card,1760.7,Failed,2026-08-21 00:50:37,Payment Timeout
P010010,B007570,3,Bank Transfer,1760.7,Success,2026-08-21 01:03:47,
P010011,B007571,1,Bank Transfer,4286.16,Success,2025-12-07 00:46:00,
P010012,B007572,1,Debit Card,1398.88,Success,2026-02-12 00:56:00,
P010013,B007573,1,Digital Wallet,3745.59,Success,2026-09-20 00:53:00,
P010014,B007574,1,Apple Pay,2506.06,Success,2026-06-16 00:21:00,
P010015,B007575,1,Credit Card,4993.23,Success,2026-05-24 00:27:00,
P010016,B007576,1,Debit Card,3251.3,Failed,2026-05-17 00:05:00,Technical Error
P010017,B007576,2,Debit Card,3251.3,Success,2026-05-17 00:11:16,
P010018,B007577,1,Bank Transfer,968.85,Success,2026-09-20 00:18:00,
P010019,B007578,1,Debit Card,2387.85,Success,2026-04-03 00:35:00,
P010020,B007579,1,Bank Transfer,798.35,Success,2026-07-19 00:30:00,
P010021,B007580,1,Apple Pay,1785.45,Success,2026-10-11 00:17:00,
P010022,B007581,1,Bank Transfer,2044.93,Success,2026-10-30 00:39:00,
P010023,B007582,1,Debit Card,4339.29,Failed,2026-12-01 00:12:00,Fraud Check
P010024,B007582,2,Credit Card,4339.29,Success,2026-12-01 00:23:11,
P010025,B007583,1,Credit Card,4270.94,Success,2026-05-10 00:23:00,
P010026,B007584,1,Credit Card,552.01,Failed,2025-11-15 00:26:00,Technical Error
P010027,B007584,2,Bank Transfer,552.01,Success,2025-11-15 00:34:45,
P010028,B007585,1,Debit Card,2895.25,Success,2026-05-14 00:50:00,
P010029,B007586,1,Digital Wallet,1505.95,Success,2026-06-25 00:27:00,
P010030,B007587,1,Apple Pay,1940.42,Success,2025-11-26 00:50:00,
P010031,B007588,1,Digital Wallet,597.43,Success,2026-05-05 00:49:00,
P010032,B007589,1,Apple Pay,3873.86,Success,2026-01-29 00:18:00,
P010033,B007590,1,Bank Transfer,4777.65,Success,2026-03-22 00:10:00,
P010034,B007591,1,Apple Pay,1486.7,Success,2026-07-06 00:30:00,
P010035,B007592,1,Credit Card,2037.98,Success,2025-12-11 00:41:00,
P010036,B007593,1,Credit Card,1428.95,Success,2026-01-26 00:53:00,
P010037,B007594,1,Debit Card,4685.22,Success,2026-07-15 00:33:00,
P010038,B007595,1,Credit Card,542.1,Success,2026-09-02 00:08:00,
P010039,B007596,1,Apple Pay,3127.38,Success,2025-12-21 00:18:00,
P010040,B007597,1,Bank Transfer,4418.44,Success,2026-08-19 00:57:00,
P010041,B007598,1,Digital Wallet,1338.38,Failed,2025-12-22 00:36:00,Card Declined
P010042,B007598,2,Apple Pay,1338.38,Success,2025-12-22 00:43:37,
P010043,B007599,1,Apple Pay,3154.98,Failed,2026-05-11 00:15:00,Insufficient Funds
P010044,B007599,2,Digital Wallet,3154.98,Success,2026-05-11 00:18:18,
P010045,B007600,1,Debit Card,727.92,Failed,2026-04-26 00:09:00,Fraud Check
P010046,B007600,2,Digital Wallet,727.92,Success,2026-04-26 00:12:47,
P010047,B007601,1,Credit Card,4165.63,Success,2026-03-21 00:35:00,
P010048,B007602,1,Debit Card,1734.93,Failed,2026-03-13 00:59:00,Fraud Check
P010049,B007602,2,Digital Wallet,1734.93,Success,2026-03-13 01:03:12,
P010050,B007603,1,Bank Transfer,4949.39,Success,2026-01-11 00:13:00,
P010051,B007604,1,Debit Card,4649.04,Success,2025-11-19 00:56:00,
P010052,B007605,1,Bank Transfer,3796.32,Success,2026-06-28 00:43:00,
P010053,B007606,1,Bank Transfer,2735.79,Success,2026-06-24 00:44:00,
P010054,B007607,1,Bank Transfer,3949.65,Success,2026-01-11 00:13:00,
P010055,B007608,1,Debit Card,1087.74,Success,2026-03-21 00:25:00,
P010056,B007609,1,Debit Card,1895.9,Failed,2026-05-16 00:43:00,Insufficient Funds
P010057,B007609,2,Debit Card,1895.9,Success,2026-05-16 00:54:53,
P010058,B007610,1,Digital Wallet,621.03,Success,2025-10-09 00:52:00,
P010059,B007611,1,Debit Card,3402.61,Success,2026-01-22 00:09:00,
P010060,B007612,1,Bank Transfer,4124.92,Success,2026-04-25 00:06:00,
P010061,B007613,1,Bank Transfer,4758.28,Success,2025-10-05 00:57:00,
P010062,B007614,1,Debit Card,3589.28,Success,2026-02-08 00:34:00,
P010063,B007615,1,Bank Transfer,3794.41,Success,2026-05-04 00:07:00,
P010064,B007616,1,Credit Card,4529.55,Success,2025-11-03 00:53:00,
P010065,B007617,1,Apple Pay,4713.7,Success,2025-10-19 00:19:00,
P010066,B007618,1,Bank Transfer,2710.84,Success,2026-05-19 00:44:00,
P010067,B007619,1,Digital Wallet,994.04,Success,2026-07-15 00:44:00,
P010068,B007620,1,Credit Card,2598.88,Failed,2026-04-04 00:42:00,Fraud Check
P010069,B007620,2,Credit Card,2598.88,Success,2026-04-04 00:52:21,
P010070,B007621,1,Apple Pay,3002.33,Failed,2026-04-27 00:42:00,Card Declined
P010071,B007621,2,Digital Wallet,3002.33,Failed,2026-04-27 00:53:19,Technical Error
P010072,B007621,3,Bank Transfer,3002.33,Success,2026-04-27 01:02:13,
P010073,B007622,1,Bank Transfer,3341.95,Success,2026-04-25 00:05:00,
P010074,B007623,1,Debit Card,4951.78,Success,2026-05-27 00:13:00,
P010075,B007624,1,Debit Card,4629.03,Success,2025-12-22 00:48:00,
P010076,B007625,1,Credit Card,2283.64,Failed,2025-09-17 00:57:00,Fraud Check
P010077,B007625,2,Debit Card,2283.64,Success,2025-09-17 01:00:15,
P010078,B007626,1,Debit Card,1010.54,Success,2026-02-22 00:19:00,
P010079,B007627,1,Debit Card,1466.56,Failed,2026-02-11 00:45:00,Fraud Check
P010080,B007627,2,Debit Card,1466.56,Failed,2026-02-11 00:49:59,Insufficient Funds
P010081,B007627,3,Digital Wallet,1466.56,Success,2026-02-11 01:03:31,
P010082,B007628,1,Apple Pay,1282.1,Success,2025-09-09 00:26:00,
P010083,B007629,1,Digital Wallet,2102.06,Success,2026-03-22 00:42:00,
P010084,B007630,1,Digital Wallet,4444.2,Success,2026-08-10 00:09:00,
P010085,B007631,1,Credit Card,2470.86,Success,2025-10-27 00:33:00,
P010086,B007632,1,Debit Card,3052.75,Success,2026-05-11 00:54:00,
P010087,B007633,1,Bank Transfer,1306.25,Success,2026-08-23 00:08:00,
P010088,B007634,1,Digital Wallet,2717.82,Failed,2026-02-19 00:24:00,Payment Timeout
P010089,B007634,2,Debit Card,2717.82,Success,2026-02-19 00:26:50,
P010090,B007635,1,Digital Wallet,4431.32,Success,2026-09-08 00:05:00,
P010091,B007636,1,Digital Wallet,3980.58,Failed,2026-02-14 00:06:00,Technical Error
P010092,B007636,2,Debit Card,3980.58,Success,2026-02-14 00:17:26,
P010093,B007637,1,Credit Card,865.36,Success,2026-03-19 00:38:00,
P010094,B007638,1,Debit Card,4379.33,Success,2026-02-27 00:20:00,
P010095,B007639,1,Apple Pay,1732.23,Success,2026-10-23 00:16:00,
P010096,B007640,1,Apple Pay,3495.72,Success,2026-04-17 00:39:00,
P010097,B007641,1,Credit Card,1158.72,Success,2026-10-02 00:53:00,
P010098,B007642,1,Credit Card,3535.9,Success,2026-06-10 00:55:00,
P010099,B007643,1,Credit Card,660.66,Success,2026-01-01 00:55:00,
P010100,B007644,1,Digital Wallet,3202.9,Success,2026-02-12 00:45:00,
P010101,B007645,1,Credit Card,3406.73,Failed,2025-08-28 00:52:00,Payment Timeout
P010102,B007645,2,Digital Wallet,3406.73,Failed,2025-08-28 00:55:21,Technical Error
P010103,B007645,3,Apple Pay,3406.73,Success,2025-08-28 01:06:31,
P010104,B007646,1,Digital Wallet,1600.24,Success,2025-12-21 00:38:00,
P010105,B007647,1,Apple Pay,4716.39,Success,2026-10-20 00:52:00,
P010106,B007648,1,Apple Pay,706.88,Success,2026-04-20 00:32:00,
P010107,B007649,1,Bank Transfer,4512.69,Success,2026-07-16 00:55:00,
P010108,B007650,1,Digital Wallet,2218.54,Failed,2026-07-12 00:11:00,Card Declined
P010109,B007650,2,Debit Card,2218.54,Success,2026-07-12 00:19:10,
P010110,B007651,1,Apple Pay,3712.62,Success,2026-04-22 00:50:00,
P010111,B007652,1,Digital Wallet,3431.97,Failed,2025-09-16 00:57:00,Technical Error
P010112,B007652,2,Debit Card,3431.97,Success,2025-09-16 01:06:26,
P010113,B007653,1,Digital Wallet,1257.11,Failed,2025-12-11 00:52:00,Technical Error
P010114,B007653,2,Credit Card,1257.11,Success,2025-12-11 01:06:51,
P010115,B007654,1,Apple Pay,1935.5,Success,2026-07-06 00:10:00,
P010116,B007655,1,Credit Card,2883.53,Success,2025-11-29 00:45:00,
P010117,B007656,1,Bank Transfer,4309.3,Success,2026-09-21 00:56:00,
P010118,B007657,1,Debit Card,4796.87,Success,2026-01-02 00:58:00,
P010119,B007658,1,Bank Transfer,592.64,Success,2026-09-17 00:55:00,
P010120,B007659,1,Digital Wallet,2086.51,Success,2026-07-01 00:55:00,
P010121,B007660,1,Debit Card,3506.65,Success,2026-06-03 00:08:00,
P010122,B007661,1,Bank Transfer,2874.78,Success,2026-11-05 00:39:00,
P010123,B007662,1,Bank Transfer,4743.6,Success,2026-03-13 00:25:00,
P010124,B007663,1,Apple Pay,576.36,Success,2026-07-23 00:45:00,
P010125,B007664,1,Digital Wallet,2469.83,Success,2026-02-04 00:45:00,
P010126,B007665,1,Credit Card,3509.62,Success,2026-10-31 00:30:00,
P010127,B007666,1,Debit Card,1479.13,Failed,2026-11-02 00:57:00,Technical Error
P010128,B007666,2,Apple Pay,1479.13,Success,2026-11-02 01:00:40,
P010129,B007667,1,Digital Wallet,3766.42,Failed,2026-01-13 00:44:00,Payment Timeout
P010130,B007667,2,Credit Card,3766.42,Failed,2026-01-13 00:47:39,Fraud Check
P010131,B007667,3,Debit Card,3766.42,Success,2026-01-13 01:00:23,
P010132,B007668,1,Digital Wallet,865.53,Failed,2026-04-30 00:23:00,Payment Timeout
P010133,B007668,2,Credit Card,865.53,Success,2026-04-30 00:26:21,
P010134,B007669,1,Digital Wallet,2529.67,Failed,2026-05-21 00:34:00,Insufficient Funds
P010135,B007669,2,Bank Transfer,2529.67,Success,2026-05-21 00:39:46,
P010136,B007670,1,Digital Wallet,3543.06,Failed,2026-01-20 00:20:00,Fraud Check
P010137,B007670,2,Credit Card,3543.06,Success,2026-01-20 00:32:57,
P010138,B007671,1,Apple Pay,1700.41,Success,2026-08-26 00:44:00,
P010139,B007672,1,Apple Pay,832.31,Failed,2026-02-27 00:15:00,Fraud Check
P010140,B007672,2,Credit Card,832.31,Failed,2026-02-27 00:19:33,Card Declined
P010141,B007672,3,Debit Card,832.31,Success,2026-02-27 00:29:50,
P010142,B007673,1,Apple Pay,4806.6,Success,2026-01-25 00:08:00,
P010143,B007674,1,Apple Pay,4612.2,Success,2026-05-06 00:07:00,
P010144,B007675,1,Credit Card,4668.66,Success,2026-06-26 00:43:00,
P010145,B007676,1,Debit Card,4903.26,Success,2025-12-31 00:28:00,
P010146,B007677,1,Digital Wallet,1331.14,Success,2026-02-14 00:31:00,
P010147,B007678,1,Digital Wallet,1209.99,Success,2025-11-18 00:13:00,
P010148,B007679,1,Credit Card,653.97,Success,2026-10-05 01:00:00,
P010149,B007680,1,Bank Transfer,4513.2,Failed,2026-06-22 00:12:00,Technical Error
P010150,B007680,2,Apple Pay,4513.2,Success,2026-06-22 00:18:42,
P010151,B007681,1,Bank Transfer,3887.43,Success,2025-11-11 00:49:00,
P010152,B007682,1,Digital Wallet,3349.68,Failed,2026-05-21 00:28:00,Fraud Check
P010153,B007682,2,Credit Card,3349.68,Success,2026-05-21 00:33:28,
P010154,B007683,1,Digital Wallet,4674.54,Success,2025-11-22 00:24:00,
P010155,B007684,1,Bank Transfer,3087.84,Success,2026-01-05 00:54:00,
P010156,B007685,1,Apple Pay,1083.79,Success,2026-04-21 00:27:00,
P010157,B007686,1,Debit Card,1295.89,Failed,2026-04-30 00:07:00,Insufficient Funds
P010158,B007686,2,Digital Wallet,1295.89,Failed,2026-04-30 00:13:19,Payment Timeout
P010159,B007686,3,Apple Pay,1295.89,Success,2026-04-30 00:14:53,
P010160,B007687,1,Debit Card,1094.83,Success,2026-07-29 00:27:00,
P010161,B007688,1,Bank Transfer,1884.46,Success,2026-04-09 00:56:00,
P010162,B007689,1,Apple Pay,2207.74,Success,2026-01-13 00:28:00,
P010163,B007690,1,Digital Wallet,4085.78,Failed,2026-06-11 00:39:00,Fraud Check
P010164,B007690,2,Digital Wallet,4085.78,Success,2026-06-11 00:43:32,
P010165,B007691,1,Debit Card,1360.64,Success,2026-09-11 00:36:00,
P010166,B007692,1,Digital Wallet,3764.14,Failed,2026-11-12 00:15:00,Payment Timeout
P010167,B007692,2,Credit Card,3764.14,Failed,2026-11-12 00:17:47,Technical Error
P010168,B007692,3,Credit Card,3764.14,Success,2026-11-12 00:27:30,
P010169,B007693,1,Bank Transfer,2710.53,Success,2025-09-21 00:57:00,
P010170,B007694,1,Digital Wallet,4998.47,Success,2026-05-27 00:46:00,
P010171,B007695,1,Apple Pay,3994.62,Success,2025-09-27 00:54:00,
P010172,B007696,1,Credit Card,4860.29,Failed,2025-12-24 00:12:00,Payment Timeout
P010173,B007696,2,Bank Transfer,4860.29,Success,2025-12-24 00:17:12,
P010174,B007697,1,Credit Card,2040.58,Success,2026-10-27 00:58:00,
P010175,B007698,1,Credit Card,1053.73,Failed,2026-09-19 00:58:00,Payment Timeout
P010176,B007698,2,Debit Card,1053.73,Success,2026-09-19 01:00:34,
P010177,B007699,1,Apple Pay,2776.53,Success,2026-03-13 00:48:00,
P010178,B007700,1,Debit Card,1059.08,Success,2026-03-27 00:18:00,
P010179,B007701,1,Credit Card,2716.03,Success,2026-05-07 00:17:00,
P010180,B007702,1,Credit Card,1714.73,Success,2026-01-16 00:18:00,
P010181,B007703,1,Credit Card,2709.71,Success,2026-01-06 00:17:00,
P010182,B007704,1,Digital Wallet,4773.36,Failed,2026-01-20 00:41:00,Card Declined
P010183,B007704,2,Bank Transfer,4773.36,Success,2026-01-20 00:55:55,
P010184,B007705,1,Debit Card,1800.65,Success,2026-01-01 00:21:00,
P010185,B007706,1,Credit Card,4970.45,Success,2026-03-30 00:55:00,
P010186,B007707,1,Apple Pay,1531.98,Success,2025-12-31 00:34:00,
P010187,B007708,1,Bank Transfer,1436.49,Success,2026-11-03 00:13:00,
P010188,B007709,1,Bank Transfer,2951.55,Success,2026-08-17 01:00:00,
P010189,B007710,1,Apple Pay,4289.2,Success,2026-06-16 00:29:00,
P010190,B007711,1,Apple Pay,3872.77,Success,2026-01-07 00:31:00,
P010191,B007712,1,Debit Card,3755.92,Success,2025-12-27 00:49:00,
P010192,B007713,1,Digital Wallet,1771.85,Success,2026-08-12 00:52:00,
P010193,B007714,1,Credit Card,601.33,Success,2026-03-20 00:34:00,
P010194,B007715,1,Bank Transfer,1227.87,Success,2026-11-20 00:15:00,
P010195,B007716,1,Bank Transfer,2072.63,Failed,2026-08-18 00:32:00,Insufficient Funds
P010196,B007716,2,Digital Wallet,2072.63,Failed,2026-08-18 00:45:15,Technical Error
P010197,B007716,3,Credit Card,2072.63,Success,2026-08-18 00:52:58,
P010198,B007717,1,Digital Wallet,4872.58,Failed,2025-12-02 00:05:00,Fraud Check
P010199,B007717,2,Digital Wallet,4872.58,Success,2025-12-02 00:19:26,
P010200,B007718,1,Debit Card,4639.0,Success,2026-03-01 00:31:00,
P010201,B007719,1,Apple Pay,1402.9,Success,2025-11-22 00:48:00,
P010202,B007720,1,Debit Card,3765.3,Success,2026-02-14 00:30:00,
P010203,B007721,1,Apple Pay,3105.58,Failed,2026-08-08 00:07:00,Payment Timeout
P010204,B007721,2,Apple Pay,3105.58,Success,2026-08-08 00:13:57,
P010205,B007722,1,Debit Card,724.29,Success,2025-10-23 00:33:00,
P010206,B007723,1,Apple Pay,2172.68,Success,2026-04-19 00:59:00,
P010207,B007724,1,Digital Wallet,2687.33,Success,2026-05-13 00:23:00,
P010208,B007725,1,Digital Wallet,3504.08,Success,2026-03-21 00:13:00,
P010209,B007726,1,Bank Transfer,1827.07,Success,2026-01-10 00:57:00,
P010210,B007727,1,Digital Wallet,4702.18,Failed,2026-10-13 00:49:00,Payment Timeout
P010211,B007727,2,Credit Card,4702.18,Success,2026-10-13 01:01:54,
P010212,B007728,1,Debit Card,2533.46,Success,2026-05-03 00:56:00,
P010213,B007729,1,Debit Card,1618.38,Success,2026-01-08 00:16:00,
P010214,B007730,1,Apple Pay,1923.93,Success,2026-08-26 00:14:00,
P010215,B007731,1,Credit Card,3883.48,Failed,2026-03-04 00:22:00,Technical Error
P010216,B007731,2,Bank Transfer,3883.48,Success,2026-03-04 00:34:38,
P010217,B007732,1,Apple Pay,3381.28,Success,2026-06-13 00:06:00,
P010218,B007733,1,Debit Card,3839.8,Success,2026-11-03 00:50:00,
P010219,B007734,1,Debit Card,1815.54,Failed,2026-05-11 00:20:00,Fraud Check
P010220,B007734,2,Credit Card,1815.54,Success,2026-05-11 00:32:49,
P010221,B007735,1,Credit Card,1970.82,Failed,2026-07-03 00:55:00,Payment Timeout
P010222,B007735,2,Credit Card,1970.82,Success,2026-07-03 01:08:42,
P010223,B007736,1,Apple Pay,2285.24,Failed,2026-09-12 00:33:00,Fraud Check
P010224,B007736,2,Debit Card,2285.24,Success,2026-09-12 00:47:18,
P010225,B007737,1,Apple Pay,1348.67,Success,2026-03-28 00:59:00,
P010226,B007738,1,Credit Card,3609.7,Success,2026-03-27 00:30:00,
P010227,B007739,1,Debit Card,1982.07,Success,2026-02-28 00:23:00,
P010228,B007740,1,Apple Pay,1968.06,Success,2025-12-19 00:39:00,
P010229,B007741,1,Digital Wallet,1712.14,Failed,2026-08-03 00:18:00,Card Declined
P010230,B007741,2,Digital Wallet,1712.14,Success,2026-08-03 00:20:36,
P010231,B007742,1,Apple Pay,2537.73,Success,2026-01-30 00:34:00,
P010232,B007743,1,Credit Card,3973.89,Success,2026-09-05 00:15:00,
P010233,B007744,1,Debit Card,4260.24,Success,2026-05-22 00:07:00,
P010234,B007745,1,Debit Card,4120.29,Failed,2026-08-17 00:16:00,Card Declined
P010235,B007745,2,Credit Card,4120.29,Success,2026-08-17 00:22:42,
P010236,B007746,1,Apple Pay,3295.37,Success,2025-12-01 00:20:00,
P010237,B007747,1,Apple Pay,1761.92,Success,2026-07-28 00:57:00,
P010238,B007748,1,Bank Transfer,3806.85,Success,2025-12-07 00:30:00,
P010239,B007749,1,Digital Wallet,677.13,Success,2026-05-25 00:59:00,
P010240,B007750,1,Digital Wallet,4091.69,Failed,2026-03-16 00:51:00,Technical Error
P010241,B007750,2,Digital Wallet,4091.69,Success,2026-03-16 00:53:56,
P010242,B007751,1,Debit Card,4011.02,Failed,2026-01-18 00:16:00,Fraud Check
P010243,B007751,2,Debit Card,4011.02,Failed,2026-01-18 00:30:29,Fraud Check
P010244,B007751,3,Apple Pay,4011.02,Success,2026-01-18 00:35:27,
P010245,B007752,1,Credit Card,3515.01,Success,2026-08-15 00:53:00,
P010246,B007753,1,Apple Pay,940.66,Success,2026-06-20 00:22:00,
P010247,B007754,1,Bank Transfer,4988.04,Success,2026-08-25 00:38:00,
P010248,B007755,1,Apple Pay,3903.84,Success,2026-02-07 00:08:00,
P010249,B007756,1,Apple Pay,3806.63,Failed,2026-07-22 00:24:00,Insufficient Funds
P010250,B007756,2,Digital Wallet,3806.63,Success,2026-07-22 00:36:13,
P010251,B007757,1,Bank Transfer,788.04,Failed,2026-04-20 00:25:00,Fraud Check
P010252,B007757,2,Digital Wallet,788.04,Success,2026-04-20 00:39:57,
P010253,B007758,1,Digital Wallet,2294.17,Success,2026-02-28 00:46:00,
P010254,B007759,1,Credit Card,887.78,Success,2026-07-24 00:17:00,
P010255,B007760,1,Credit Card,2124.67,Success,2026-02-17 00:58:00,
P010256,B007761,1,Digital Wallet,3067.18,Success,2026-07-22 00:25:00,
P010257,B007762,1,Digital Wallet,4454.92,Success,2026-02-26 00:20:00,
P010258,B007763,1,Apple Pay,1773.22,Failed,2026-03-07 00:47:00,Insufficient Funds
P010259,B007763,2,Credit Card,1773.22,Failed,2026-03-07 00:55:44,Payment Timeout
P010260,B007763,3,Bank Transfer,1773.22,Success,2026-03-07 01:07:55,
P010261,B007764,1,Digital Wallet,3305.37,Success,2026-05-17 01:00:00,
P010262,B007765,1,Credit Card,1240.93,Success,2026-06-06 00:10:00,
P010263,B007766,1,Bank Transfer,2092.84,Success,2025-09-02 00:37:00,
P010264,B007767,1,Debit Card,4762.57,Success,2025-09-22 00:55:00,
P010265,B007768,1,Debit Card,3864.38,Success,2026-09-11 00:29:00,
P010266,B007769,1,Credit Card,2956.13,Success,2026-07-17 00:42:00,
P010267,B007770,1,Bank Transfer,1632.64,Success,2026-02-22 00:22:00,
P010268,B007771,1,Credit Card,2208.67,Failed,2026-07-20 00:40:00,Payment Timeout
P010269,B007771,2,Credit Card,2208.67,Failed,2026-07-20 00:43:26,Insufficient Funds
P010270,B007771,3,Credit Card,2208.67,Success,2026-07-20 00:49:56,
P010271,B007772,1,Debit Card,1205.12,Success,2026-09-08 00:07:00,
P010272,B007773,1,Bank Transfer,2090.6,Success,2026-09-27 00:49:00,
P010273,B007774,1,Debit Card,1177.85,Success,2026-04-21 00:43:00,
P010274,B007775,1,Apple Pay,4078.88,Success,2026-06-05 00:24:00,
P010275,B007776,1,Credit Card,863.42,Success,2026-08-04 00:54:00,
P010276,B007777,1,Credit Card,1352.32,Success,2025-10-07 00:33:00,
P010277,B007778,1,Apple Pay,3610.25,Failed,2025-12-18 00:16:00,Fraud Check
P010278,B007778,2,Digital Wallet,3610.25,Success,2025-12-18 00:28:49,
P010279,B007779,1,Debit Card,4561.33,Failed,2025-12-20 00:16:00,Technical Error
P010280,B007779,2,Apple Pay,4561.33,Success,2025-12-20 00:22:15,
P010281,B007780,1,Bank Transfer,4840.66,Failed,2026-05-14 00:16:00,Payment Timeout
P010282,B007780,2,Credit Card,4840.66,Success,2026-05-14 00:29:35,
P010283,B007781,1,Digital Wallet,4262.1,Failed,2026-08-28 00:24:00,Payment Timeout
P010284,B007781,2,Bank Transfer,4262.1,Success,2026-08-28 00:35:24,
P010285,B007782,1,Debit Card,1451.62,Success,2026-01-13 00:25:00,
P010286,B007783,1,Apple Pay,1785.7,Success,2026-07-19 00:44:00,
P010287,B007784,1,Debit Card,4418.39,Success,2026-05-02 00:35:00,
P010288,B007785,1,Bank Transfer,4502.0,Success,2026-11-27 00:49:00,
P010289,B007786,1,Apple Pay,3382.94,Success,2025-12-16 00:15:00,
P010290,B007787,1,Bank Transfer,1911.38,Success,2026-06-13 00:31:00,
P010291,B007788,1,Apple Pay,1508.25,Success,2025-11-11 00:46:00,
P010292,B007789,1,Credit Card,4335.27,Success,2025-12-28 00:22:00,
P010293,B007790,1,Bank Transfer,1423.65,Failed,2026-03-15 00:14:00,Insufficient Funds
P010294,B007790,2,Credit Card,1423.65,Success,2026-03-15 00:22:30,
P010295,B007791,1,Debit Card,3478.12,Success,2025-11-15 00:53:00,
P010296,B007792,1,Debit Card,4855.79,Success,2026-08-12 00:54:00,
P010297,B007793,1,Digital Wallet,3673.81,Failed,2026-10-05 01:00:00,Fraud Check
P010298,B007793,2,Credit Card,3673.81,Failed,2026-10-05 01:04:14,Card Declined
P010299,B007793,3,Digital Wallet,3673.81,Success,2026-10-05 01:05:57,
P010300,B007794,1,Apple Pay,1659.52,Success,2026-02-04 00:05:00,
P010301,B007795,1,Bank Transfer,1771.28,Success,2026-03-06 00:10:00,
P010302,B007796,1,Bank Transfer,918.03,Success,2026-05-04 00:46:00,
P010303,B007797,1,Credit Card,3588.07,Success,2025-11-25 00:55:00,
P010304,B007798,1,Debit Card,2832.96,Success,2026-01-17 00:36:00,
P010305,B007799,1,Digital Wallet,1429.12,Success,2026-08-13 00:15:00,
P010306,B007800,1,Debit Card,1524.51,Failed,2025-12-04 00:35:00,Card Declined
P010307,B007800,2,Debit Card,1524.51,Failed,2025-12-04 00:40:24,Payment Timeout
P010308,B007800,3,Digital Wallet,1524.51,Success,2025-12-04 00:49:42,
P010309,B007801,1,Bank Transfer,540.61,Failed,2026-03-01 00:17:00,Payment Timeout
P010310,B007801,2,Apple Pay,540.61,Success,2026-03-01 00:18:14,
P010311,B007802,1,Bank Transfer,4902.89,Failed,2026-01-26 00:59:00,Fraud Check
P010312,B007802,2,Digital Wallet,4902.89,Success,2026-01-26 01:04:51,
P010313,B007803,1,Bank Transfer,4226.08,Success,2026-01-17 00:16:00,
P010314,B007804,1,Debit Card,2273.76,Success,2026-07-18 00:43:00,
P010315,B007805,1,Bank Transfer,4757.4,Success,2026-09-19 00:26:00,
P010316,B007806,1,Digital Wallet,3547.04,Success,2026-08-03 00:22:00,
P010317,B007807,1,Credit Card,3881.58,Failed,2026-08-06 00:54:00,Card Declined
P010318,B007807,2,Apple Pay,3881.58,Success,2026-08-06 01:07:42,
P010319,B007808,1,Credit Card,3559.8,Success,2026-09-02 00:49:00,
P010320,B007809,1,Debit Card,3905.82,Success,2026-03-14 00:52:00,
P010321,B007810,1,Credit Card,1269.23,Success,2026-02-19 00:57:00,
P010322,B007811,1,Digital Wallet,3030.79,Success,2026-03-14 00:22:00,
P010323,B007812,1,Digital Wallet,4322.19,Success,2026-01-06 00:13:00,
P010324,B007813,1,Bank Transfer,587.94,Success,2026-01-26 00:54:00,
P010325,B007814,1,Debit Card,1055.49,Success,2026-01-05 00:17:00,
P010326,B007815,1,Credit Card,1605.38,Success,2026-07-03 00:09:00,
P010327,B007816,1,Bank Transfer,1826.27,Success,2026-09-12 00:55:00,
P010328,B007817,1,Digital Wallet,1322.17,Success,2026-02-26 00:58:00,
P010329,B007818,1,Digital Wallet,3309.49,Success,2026-04-02 00:14:00,
P010330,B007819,1,Credit Card,1823.09,Success,2026-02-16 00:27:00,
P010331,B007820,1,Apple Pay,1211.45,Success,2026-03-29 00:27:00,
P010332,B007821,1,Digital Wallet,4576.22,Success,2026-08-05 00:55:00,
P010333,B007822,1,Digital Wallet,3627.66,Success,2026-01-12 00:31:00,
P010334,B007823,1,Credit Card,1607.26,Failed,2026-08-10 00:37:00,Card Declined
P010335,B007823,2,Credit Card,1607.26,Success,2026-08-10 00:45:23,
P010336,B007824,1,Credit Card,2124.29,Success,2026-07-16 00:42:00,
P010337,B007825,1,Bank Transfer,3833.54,Failed,2026-01-05 00:42:00,Card Declined
P010338,B007825,2,Digital Wallet,3833.54,Success,2026-01-05 00:50:56,
P010339,B007826,1,Debit Card,4059.1,Success,2025-11-02 00:16:00,
P010340,B007827,1,Digital Wallet,1293.96,Failed,2026-06-22 00:54:00,Insufficient Funds
P010341,B007827,2,Credit Card,1293.96,Success,2026-06-22 01:06:30,
P010342,B007828,1,Bank Transfer,4714.59,Success,2026-07-03 00:52:00,
P010343,B007829,1,Bank Transfer,4033.72,Failed,2026-08-30 00:55:00,Card Declined
P010344,B007829,2,Credit Card,4033.72,Success,2026-08-30 01:09:18,
P010345,B007830,1,Apple Pay,4355.66,Failed,2026-07-22 00:33:00,Technical Error
P010346,B007830,2,Debit Card,4355.66,Success,2026-07-22 00:39:30,
P010347,B007831,1,Credit Card,1147.36,Success,2025-10-18 00:48:00,
P010348,B007832,1,Apple Pay,1145.15,Success,2025-08-19 00:45:00,
P010349,B007833,1,Bank Transfer,1874.16,Success,2026-10-23 00:50:00,
P010350,B007834,1,Credit Card,790.91,Success,2026-09-15 00:56:00,
P010351,B007835,1,Apple Pay,909.8,Failed,2026-07-03 00:47:00,Technical Error
P010352,B007835,2,Apple Pay,909.8,Failed,2026-07-03 00:56:44,Insufficient Funds
P010353,B007835,3,Bank Transfer,909.8,Success,2026-07-03 01:08:31,
P010354,B007836,1,Bank Transfer,1144.43,Success,2026-09-25 00:38:00,
P010355,B007837,1,Digital Wallet,3705.93,Success,2026-09-07 00:07:00,
P010356,B007838,1,Bank Transfer,636.04,Failed,2026-07-14 00:09:00,Fraud Check
P010357,B007838,2,Apple Pay,636.04,Success,2026-07-14 00:13:10,
P010358,B007839,1,Debit Card,874.6,Success,2026-08-07 00:33:00,
P010359,B007840,1,Credit Card,4748.83,Success,2026-09-24 00:46:00,
P010360,B007841,1,Apple Pay,876.46,Success,2026-06-21 00:32:00,
P010361,B007842,1,Credit Card,2918.58,Success,2026-09-29 00:09:00,
P010362,B007843,1,Digital Wallet,3391.58,Success,2026-03-22 00:28:00,
P010363,B007844,1,Credit Card,4813.67,Success,2025-10-03 00:48:00,
P010364,B007845,1,Bank Transfer,4549.11,Success,2026-03-20 00:19:00,
P010365,B007846,1,Apple Pay,2483.07,Success,2026-06-10 00:14:00,
P010366,B007847,1,Apple Pay,4739.74,Success,2026-09-01 00:32:00,
P010367,B007848,1,Bank Transfer,2445.2,Success,2026-02-09 00:46:00,
P010368,B007849,1,Digital Wallet,3514.63,Success,2026-09-11 00:08:00,
P010369,B007850,1,Debit Card,1668.24,Success,2026-04-06 00:23:00,
P010370,B007851,1,Credit Card,3364.9,Success,2026-01-30 00:35:00,
P010371,B007852,1,Credit Card,2921.85,Success,2026-10-06 00:33:00,
P010372,B007853,1,Credit Card,3230.74,Success,2025-12-27 00:58:00,
P010373,B007854,1,Credit Card,3571.93,Failed,2026-06-02 00:11:00,Technical Error
P010374,B007854,2,Apple Pay,3571.93,Failed,2026-06-02 00:13:34,Technical Error
P010375,B007854,3,Debit Card,3571.93,Success,2026-06-02 00:22:46,
P010376,B007855,1,Apple Pay,1280.55,Success,2026-01-05 00:55:00,
P010377,B007856,1,Debit Card,1855.68,Success,2026-03-08 00:25:00,
P010378,B007857,1,Credit Card,3813.09,Success,2026-03-19 00:49:00,
P010379,B007858,1,Apple Pay,1237.21,Success,2026-10-08 00:31:00,
P010380,B007859,1,Credit Card,2049.08,Success,2026-04-21 00:44:00,
P010381,B007860,1,Debit Card,3499.15,Success,2026-07-16 00:22:00,
P010382,B007861,1,Apple Pay,4719.43,Success,2025-09-08 00:49:00,
P010383,B007862,1,Apple Pay,838.85,Success,2026-09-08 00:54:00,
P010384,B007863,1,Apple Pay,2824.52,Success,2026-07-12 00:29:00,
P010385,B007864,1,Debit Card,868.57,Success,2026-08-01 00:43:00,
P010386,B007865,1,Debit Card,2206.09,Success,2026-12-02 00:13:00,
P010387,B007866,1,Apple Pay,1289.24,Failed,2026-12-15 00:30:00,Insufficient Funds
P010388,B007866,2,Credit Card,1289.24,Success,2026-12-15 00:43:24,
P010389,B007867,1,Bank Transfer,3422.47,Success,2026-11-08 00:48:00,
P010390,B007868,1,Credit Card,3910.25,Success,2026-07-12 00:51:00,
P010391,B007869,1,Debit Card,1613.04,Success,2026-06-29 00:45:00,
P010392,B007870,1,Debit Card,3707.99,Success,2025-12-20 00:20:00,
P010393,B007871,1,Digital Wallet,2510.69,Failed,2025-09-25 00:49:00,Insufficient Funds
P010394,B007871,2,Apple Pay,2510.69,Failed,2025-09-25 00:57:54,Payment Timeout
P010395,B007871,3,Credit Card,2510.69,Success,2025-09-25 01:08:34,
P010396,B007872,1,Bank Transfer,1776.11,Success,2026-03-24 00:42:00,
P010397,B007873,1,Apple Pay,2855.31,Failed,2026-07-28 00:23:00,Fraud Check
P010398,B007873,2,Bank Transfer,2855.31,Success,2026-07-28 00:34:19,
P010399,B007874,1,Credit Card,2208.43,Failed,2025-09-22 00:38:00,Insufficient Funds
P010400,B007874,2,Debit Card,2208.43,Success,2025-09-22 00:51:24,
P010401,B007875,1,Apple Pay,1534.98,Success,2025-12-31 00:07:00,
P010402,B007876,1,Debit Card,3905.8,Success,2026-03-06 00:39:00,
P010403,B007877,1,Digital Wallet,4088.86,Failed,2026-07-02 00:37:00,Insufficient Funds
P010404,B007877,2,Debit Card,4088.86,Success,2026-07-02 00:46:38,
P010405,B007878,1,Apple Pay,4101.41,Failed,2025-12-26 00:16:00,Payment Timeout
P010406,B007878,2,Debit Card,4101.41,Success,2025-12-26 00:17:28,
P010407,B007879,1,Digital Wallet,2219.64,Success,2025-12-30 00:30:00,
P010408,B007880,1,Bank Transfer,1262.88,Success,2026-06-19 00:26:00,
P010409,B007881,1,Bank Transfer,4281.85,Success,2025-09-15 00:52:00,
P010410,B007882,1,Bank Transfer,1981.69,Success,2026-08-02 00:45:00,
P010411,B007883,1,Apple Pay,3866.3,Success,2026-08-10 00:14:00,
P010412,B007884,1,Credit Card,4178.53,Success,2025-10-19 00:34:00,
P010413,B007885,1,Credit Card,3956.69,Success,2026-08-28 00:59:00,
P010414,B007886,1,Digital Wallet,2254.13,Success,2026-05-29 00:29:00,
P010415,B007887,1,Credit Card,4721.08,Success,2026-06-19 00:06:00,
P010416,B007888,1,Debit Card,3470.73,Success,2026-02-26 00:48:00,
P010417,B007889,1,Credit Card,3090.86,Success,2026-06-25 00:50:00,
P010418,B007890,1,Credit Card,3640.59,Success,2026-01-07 00:21:00,
P010419,B007891,1,Digital Wallet,701.27,Success,2026-04-28 00:34:00,
P010420,B007892,1,Debit Card,2257.32,Success,2026-01-21 00:33:00,
P010421,B007893,1,Apple Pay,4465.48,Failed,2026-07-20 00:16:00,Payment Timeout
P010422,B007893,2,Digital Wallet,4465.48,Success,2026-07-20 00:17:56,
P010423,B007894,1,Apple Pay,1224.86,Success,2026-07-24 00:09:00,
P010424,B007895,1,Bank Transfer,2364.8,Success,2026-02-13 00:58:00,
P010425,B007896,1,Debit Card,2323.62,Success,2026-02-24 00:22:00,
P010426,B007897,1,Bank Transfer,2102.19,Failed,2025-09-18 00:56:00,Card Declined
P010427,B007897,2,Digital Wallet,2102.19,Success,2025-09-18 01:07:16,
P010428,B007898,1,Apple Pay,3030.58,Failed,2026-04-06 00:46:00,Insufficient Funds
P010429,B007898,2,Digital Wallet,3030.58,Success,2026-04-06 00:53:35,
P010430,B007899,1,Apple Pay,4982.89,Success,2026-02-25 00:15:00,
P010431,B007900,1,Debit Card,1651.32,Success,2025-12-09 00:16:00,
P010432,B007901,1,Credit Card,3672.31,Success,2025-12-12 00:30:00,
P010433,B007902,1,Debit Card,3910.98,Success,2025-11-30 00:25:00,
P010434,B007903,1,Digital Wallet,3130.24,Failed,2026-09-21 00:51:00,Card Declined
P010435,B007903,2,Digital Wallet,3130.24,Success,2026-09-21 00:54:22,
P010436,B007904,1,Digital Wallet,938.64,Failed,2025-11-18 00:09:00,Insufficient Funds
P010437,B007904,2,Apple Pay,938.64,Success,2025-11-18 00:10:56,
P010438,B007905,1,Apple Pay,3075.68,Success,2026-06-23 00:23:00,
P010439,B007906,1,Digital Wallet,4790.59,Failed,2026-01-09 00:26:00,Card Declined
P010440,B007906,2,Digital Wallet,4790.59,Failed,2026-01-09 00:29:10,Technical Error
P010441,B007906,3,Apple Pay,4790.59,Success,2026-01-09 00:43:22,
P010442,B007907,1,Credit Card,2039.27,Success,2026-03-22 00:10:00,
P010443,B007908,1,Debit Card,3378.6,Success,2025-10-12 00:47:00,
P010444,B007909,1,Credit Card,4817.29,Success,2026-10-17 00:58:00,
P010445,B007910,1,Debit Card,4090.96,Success,2026-01-29 00:35:00,
P010446,B007911,1,Digital Wallet,3597.38,Success,2025-09-22 00:59:00,
P010447,B007912,1,Credit Card,4870.17,Success,2026-05-17 00:45:00,
P010448,B007913,1,Debit Card,1267.62,Success,2026-04-25 00:47:00,
P010449,B007914,1,Digital Wallet,3977.37,Success,2026-02-13 00:09:00,
P010450,B007915,1,Digital Wallet,2330.76,Success,2025-11-28 00:38:00,
P010451,B007916,1,Credit Card,2121.94,Failed,2026-10-28 00:42:00,Fraud Check
P010452,B007916,2,Apple Pay,2121.94,Success,2026-10-28 00:55:42,
P010453,B007917,1,Debit Card,2843.03,Success,2026-07-19 00:10:00,
P010454,B007918,1,Bank Transfer,651.88,Success,2025-12-23 00:58:00,
P010455,B007919,1,Debit Card,1906.38,Failed,2025-11-29 00:25:00,Card Declined
P010456,B007919,2,Debit Card,1906.38,Failed,2025-11-29 00:36:49,Fraud Check
P010457,B007919,3,Bank Transfer,1906.38,Success,2025-11-29 00:42:42,
P010458,B007920,1,Digital Wallet,1247.97,Success,2026-08-21 00:09:00,
P010459,B007921,1,Credit Card,1124.11,Success,2026-01-30 00:06:00,
P010460,B007922,1,Digital Wallet,2018.03,Success,2026-05-24 00:41:00,
P010461,B007923,1,Digital Wallet,4110.19,Success,2025-12-05 00:36:00,
P010462,B007924,1,Debit Card,1405.0,Success,2025-10-30 00:12:00,
P010463,B007925,1,Bank Transfer,2891.37,Success,2025-11-20 00:15:00,
P010464,B007926,1,Debit Card,3868.95,Success,2025-08-28 00:30:00,
P010465,B007927,1,Bank Transfer,1584.37,Success,2026-01-09 00:32:00,
P010466,B007928,1,Apple Pay,4658.91,Failed,2025-08-20 00:54:00,Insufficient Funds
P010467,B007928,2,Digital Wallet,4658.91,Success,2025-08-20 00:56:55,
P010468,B007929,1,Bank Transfer,4399.24,Success,2026-08-06 00:19:00,
P010469,B007930,1,Credit Card,1630.3,Failed,2026-06-21 00:16:00,Fraud Check
P010470,B007930,2,Bank Transfer,1630.3,Success,2026-06-21 00:24:51,
P010471,B007931,1,Digital Wallet,4953.37,Success,2025-11-30 00:52:00,
P010472,B007932,1,Digital Wallet,3511.27,Failed,2026-04-24 00:58:00,Insufficient Funds
P010473,B007932,2,Digital Wallet,3511.27,Failed,2026-04-24 01:04:47,Technical Error
P010474,B007932,3,Credit Card,3511.27,Success,2026-04-24 01:08:28,
P010475,B007933,1,Digital Wallet,1787.45,Failed,2025-10-11 00:31:00,Card Declined
P010476,B007933,2,Bank Transfer,1787.45,Success,2025-10-11 00:34:52,
P010477,B007934,1,Apple Pay,3564.67,Success,2026-06-12 00:12:00,
P010478,B007935,1,Bank Transfer,3498.12,Success,2026-11-10 00:18:00,
P010479,B007936,1,Debit Card,3227.87,Failed,2026-03-14 00:41:00,Technical Error
P010480,B007936,2,Credit Card,3227.87,Success,2026-03-14 00:54:26,
P010481,B007937,1,Bank Transfer,3702.63,Success,2026-02-13 00:31:00,
P010482,B007938,1,Debit Card,1707.42,Success,2026-05-23 00:16:00,
P010483,B007939,1,Digital Wallet,4905.43,Success,2026-05-28 00:54:00,
P010484,B007940,1,Digital Wallet,4360.53,Success,2026-09-30 00:57:00,
P010485,B007941,1,Debit Card,3855.84,Success,2026-06-14 00:43:00,
P010486,B007942,1,Debit Card,618.37,Success,2026-09-14 00:34:00,
P010487,B007943,1,Credit Card,3156.73,Success,2025-10-01 00:51:00,
P010488,B007944,1,Debit Card,3679.18,Success,2026-02-01 00:31:00,
P010489,B007945,1,Credit Card,4343.45,Success,2025-10-26 00:34:00,
P010490,B007946,1,Credit Card,4757.71,Failed,2026-09-25 00:31:00,Card Declined
P010491,B007946,2,Bank Transfer,4757.71,Success,2026-09-25 00:44:13,
P010492,B007947,1,Bank Transfer,4621.34,Success,2026-11-11 00:32:00,
P010493,B007948,1,Bank Transfer,2327.2,Success,2026-03-05 00:47:00,
P010494,B007949,1,Debit Card,4534.26,Success,2026-07-29 00:07:00,
P010495,B007950,1,Apple Pay,503.37,Success,2026-01-13 00:27:00,
P010496,B007951,1,Credit Card,2081.64,Failed,2025-11-22 00:18:00,Insufficient Funds
P010497,B007951,2,Digital Wallet,2081.64,Success,2025-11-22 00:28:40,
P010498,B007952,1,Credit Card,1012.46,Success,2026-01-27 00:24:00,
P010499,B007953,1,Debit Card,4473.8,Failed,2026-03-30 00:08:00,Technical Error
P010500,B007953,2,Debit Card,4473.8,Success,2026-03-30 00:13:20,
P010501,B007954,1,Bank Transfer,4675.92,Success,2026-08-02 00:26:00,
P010502,B007955,1,Apple Pay,1652.04,Failed,2026-07-13 00:36:00,Technical Error
P010503,B007955,2,Bank Transfer,1652.04,Success,2026-07-13 00:39:48,
P010504,B007956,1,Debit Card,2152.9,Success,2025-11-29 00:23:00,
P010505,B007957,1,Debit Card,4927.45,Success,2025-08-15 00:54:00,
P010506,B007958,1,Digital Wallet,3047.29,Success,2026-02-17 00:51:00,
P010507,B007959,1,Digital Wallet,2736.75,Success,2026-07-18 00:30:00,
P010508,B007960,1,Bank Transfer,2751.96,Failed,2025-08-28 00:42:00,Insufficient Funds
P010509,B007960,2,Digital Wallet,2751.96,Success,2025-08-28 00:56:54,
P010510,B007961,1,Digital Wallet,3632.85,Success,2026-06-04 00:52:00,
P010511,B007962,1,Bank Transfer,4795.44,Success,2025-12-14 00:56:00,
P010512,B007963,1,Credit Card,2149.8,Failed,2026-05-13 00:30:00,Payment Timeout
P010513,B007963,2,Apple Pay,2149.8,Success,2026-05-13 00:38:47,
P010514,B007964,1,Apple Pay,1276.96,Failed,2026-08-06 00:59:00,Technical Error
P010515,B007964,2,Bank Transfer,1276.96,Success,2026-08-06 01:01:31,
P010516,B007965,1,Apple Pay,1332.56,Success,2026-08-25 00:05:00,
P010517,B007966,1,Digital Wallet,591.62,Success,2026-07-05 00:09:00,
P010518,B007967,1,Credit Card,2999.35,Failed,2026-06-26 00:29:00,Insufficient Funds
P010519,B007967,2,Digital Wallet,2999.35,Success,2026-06-26 00:31:40,
P010520,B007968,1,Digital Wallet,4681.03,Failed,2026-06-04 00:45:00,Payment Timeout
P010521,B007968,2,Digital Wallet,4681.03,Success,2026-06-04 00:52:25,
P010522,B007969,1,Debit Card,3708.85,Success,2026-01-24 00:44:00,
P010523,B007970,1,Debit Card,4968.34,Success,2025-08-26 00:38:00,
P010524,B007971,1,Debit Card,4592.87,Success,2025-11-06 00:42:00,
P010525,B007972,1,Apple Pay,2713.36,Success,2025-12-24 00:47:00,
P010526,B007973,1,Bank Transfer,2689.47,Success,2025-10-07 00:10:00,
P010527,B007974,1,Digital Wallet,3327.61,Success,2025-09-14 00:56:00,
P010528,B007975,1,Debit Card,999.21,Success,2026-04-14 00:51:00,
P010529,B007976,1,Bank Transfer,3234.58,Success,2026-07-20 00:42:00,
P010530,B007977,1,Apple Pay,2588.33,Success,2026-05-06 00:31:00,
P010531,B007978,1,Apple Pay,3392.33,Failed,2026-10-09 00:08:00,Fraud Check
P010532,B007978,2,Bank Transfer,3392.33,Success,2026-10-09 00:16:47,
P010533,B007979,1,Debit Card,3043.44,Success,2026-03-18 00:35:00,
P010534,B007980,1,Debit Card,1896.78,Success,2026-09-01 00:14:00,
P010535,B007981,1,Credit Card,3234.93,Success,2026-03-30 00:48:00,
P010536,B007982,1,Apple Pay,2147.06,Success,2026-07-05 00:23:00,
P010537,B007983,1,Bank Transfer,1375.8,Success,2026-09-03 00:16:00,
P010538,B007984,1,Bank Transfer,3537.82,Success,2025-11-29 00:17:00,
P010539,B007985,1,Debit Card,1878.56,Failed,2026-07-02 00:12:00,Insufficient Funds
P010540,B007985,2,Digital Wallet,1878.56,Success,2026-07-02 00:22:18,
P010541,B007986,1,Debit Card,4500.61,Success,2025-11-15 00:52:00,
P010542,B007987,1,Apple Pay,1397.0,Success,2026-03-03 00:58:00,
P010543,B007988,1,Debit Card,3200.65,Success,2026-02-18 00:29:00,
P010544,B007989,1,Apple Pay,3071.97,Success,2026-01-16 00:43:00,
P010545,B007990,1,Digital Wallet,1389.84,Success,2026-03-09 00:05:00,
P010546,B007991,1,Digital Wallet,2479.49,Success,2026-09-09 00:31:00,
P010547,B007992,1,Debit Card,3539.92,Success,2026-10-27 00:58:00,
P010548,B007993,1,Debit Card,1933.37,Success,2026-05-03 00:45:00,
P010549,B007994,1,Bank Transfer,1012.24,Success,2025-11-12 00:30:00,
P010550,B007995,1,Debit Card,3268.58,Success,2026-01-27 00:27:00,
P010551,B007996,1,Debit Card,1508.55,Success,2026-04-23 00:59:00,
P010552,B007997,1,Bank Transfer,3566.64,Success,2026-06-23 00:14:00,
P010553,B007998,1,Credit Card,4277.6,Failed,2026-03-09 00:54:00,Fraud Check
P010554,B007998,2,Apple Pay,4277.6,Failed,2026-03-09 01:00:47,Fraud Check
P010555,B007998,3,Apple Pay,4277.6,Success,2026-03-09 01:04:43,
P010556,B007999,1,Bank Transfer,1055.1,Success,2026-05-01 00:57:00,
P010557,B008000,1,Digital Wallet,2469.24,Success,2026-07-05 00:45:00,
